epoch,eval/knn_probe_top1,eval/linear_probe_top1_epoch,eval/linear_probe_top1_step,eval/linear_probe_top5_epoch,eval/linear_probe_top5_step,fit/inv_epoch,fit/inv_step,fit/loss_epoch,fit/loss_step,fit/sigreg_epoch,fit/sigreg_step,hparams/lr_default_0,hparams/lr_linear_probe,lr-AdamW,lr-AdamW-1,queue/embedding_fill_pct,queue/label_fill_pct,rankme,rankme/condition_number,rankme/entropy,rankme/top_singular_value,step,train/linear_probe_loss_epoch,train/linear_probe_loss_step,validate/inv_epoch,validate/inv_step,validate/loss_epoch,validate/loss_step,validate/sigreg_epoch,validate/sigreg_step
,,,,,,,,,,,,,,1.2780090497737552e-05,0.03,,,,,,,49,,,,,,,,
0,,,,,,,0.004512865096330643,,8.106075286865234,,405.25,1.2959276318724733e-05,0.029999999329447746,,,1.0,1.0,,,,,49,,2.539592742919922,,,,,,
,,,,,,,,,,,,,,2.1739366515837093e-05,0.03,,,,,,,99,,,,,,,,
0,,,,,,,0.3533162772655487,,5.404097557067871,,252.5,2.1918551283306442e-05,0.029999999329447746,,,1.0,1.0,,,,,99,,2.537412643432617,,,,,,
,,,,,,,,,,,,,,3.06986425339366e-05,0.03,,,,,,,149,,,,,,,,
0,,,,,,,0.2935812473297119,,5.356081008911133,,253.125,3.087782897637226e-05,0.029999999329447746,,,1.0,1.0,,,,,149,,2.457124710083008,,,,,,
,,,,,,,,,,,,,,3.9657918552036127e-05,0.03,,,,,,,199,,,,,,,,
0,,,,,,,0.3163391351699829,,4.945245265960693,,231.375,3.983710485044867e-05,0.029999999329447746,,,1.0,1.0,,,,,199,,2.8560657501220703,,,,,,
,,,0.001953125,,0.921875,,,,,,,,,,,1.0,1.0,,,,,0,,,,0.0,,0.0,,0.0
,,,0.005859375,,0.9609375,,,,,,,,,,,1.0,1.0,,,,,1,,,,0.0,,0.0,,0.0
,,,0.001650164951570332,,0.5159516334533691,,,,,,,,,,,1.0,1.0,,,,,2,,,,0.0,,0.0,,0.0
,,,0.0,,0.0703125,,,,,,,,,,,1.0,1.0,,,,,3,,,,0.0,,0.0,,0.0
,,,0.0,,0.0625,,,,,,,,,,,1.0,1.0,,,,,4,,,,0.0,,0.0,,0.0
,,,0.15000000596046448,,0.5240384340286255,,,,,,,,,,,1.0,1.0,,,,,5,,,,0.0,,0.0,,0.0
,,,0.201171875,,0.984375,,,,,,,,,,,1.0,1.0,,,,,6,,,,0.0,,0.0,,0.0
,,,0.15468749403953552,,0.9609375,,,,,,,,,,,1.0,1.0,,,,,7,,,,0.0,,0.0,,0.0
,,,0.1622641533613205,,0.6818181872367859,,,,,,,,,,,1.0,1.0,,,,,8,,,,0.0,,0.0,,0.0
,,,0.0,,0.328125,,,,,,,,,,,1.0,1.0,,,,,9,,,,0.0,,0.0,,0.0
,,,0.0,,0.34375,,,,,,,,,,,1.0,1.0,,,,,10,,,,0.0,,0.0,,0.0
,,,0.0,,0.296875,,,,,,,,,,,1.0,1.0,,,,,11,,,,0.0,,0.0,,0.0
,,,0.16599999368190765,,0.5106666684150696,,,,,,,,,,,1.0,1.0,,,,,12,,,,0.0,,0.0,,0.0
,,,0.166015625,,0.703125,,,,,,,,,,,1.0,1.0,,,,,13,,,,0.0,,0.0,,0.0
,,,0.1901041716337204,,0.6171875,,,,,,,,,,,1.0,1.0,,,,,14,,,,0.0,,0.0,,0.0
,,,0.1111111119389534,,0.34173670411109924,,,,,,,,,,,1.0,1.0,,,,,15,,,,0.0,,0.0,,0.0
,,,0.0,,0.046875,,,,,,,,,,,1.0,1.0,,,,,16,,,,0.0,,0.0,,0.0
,,,0.0,,0.0078125,,,,,,,,,,,1.0,1.0,,,,,17,,,,0.0,,0.0,,0.0
,,,0.0,,0.04653679579496384,,,,,,,,,,,1.0,1.0,,,,,18,,,,0.0,,0.0,,0.0
,,,0.0,,0.0859375,,,,,,,,,,,1.0,1.0,,,,,19,,,,0.0,,0.0,,0.0
,,,0.0,,0.03125,,,,,,,,,,,1.0,1.0,,,,,20,,,,0.0,,0.0,,0.0
,,,0.0,,0.4953922629356384,,,,,,,,,,,1.0,1.0,,,,,21,,,,0.0,,0.0,,0.0
,,,0.001953125,,0.953125,,,,,,,,,,,1.0,1.0,,,,,22,,,,0.0,,0.0,,0.0
,,,0.0015625000232830644,,0.9609375,,,,,,,,,,,1.0,1.0,,,,,23,,,,0.0,,0.0,,0.0
,,,0.0,,0.9455665349960327,,,,,,,,,,,1.0,1.0,,,,,24,,,,0.0,,0.0,,0.0
,,,0.0,,0.9375,,,,,,,,,,,1.0,1.0,,,,,25,,,,0.0,,0.0,,0.0
,,,0.0,,0.953125,,,,,,,,,,,1.0,1.0,,,,,26,,,,0.0,,0.0,,0.0
,,,0.03396226465702057,,0.9061635732650757,,,,,,,,,,,1.0,1.0,,,,,27,,,,0.0,,0.0,,0.0
,,,0.0651041641831398,,0.8828125,,,,,,,,,,,1.0,1.0,,,,,28,,,,0.0,,0.0,,0.0
,,,0.041015625,,0.8828125,,,,,,,,,,,1.0,1.0,,,,,29,,,,0.0,,0.0,,0.0
,,,0.02823529578745365,,0.9296853542327881,,,,,,,,,,,1.0,1.0,,,,,30,,,,0.0,,0.0,,0.0
,,,0.005859375,,0.921875,,,,,,,,,,,1.0,1.0,,,,,31,,,,0.0,,0.0,,0.0
,,,0.005859375,,0.9296875,,,,,,,,,,,1.0,1.0,,,,,32,,,,0.0,,0.0,,0.0
,,,0.0,,0.5256157517433167,,,,,,,,,,,1.0,1.0,,,,,33,,,,0.0,,0.0,,0.0
,,,0.0,,0.0546875,,,,,,,,,,,1.0,1.0,,,,,34,,,,0.0,,0.0,,0.0
,,,0.0,,0.0703125,,,,,,,,,,,1.0,1.0,,,,,35,,,,0.0,,0.0,,0.0
,,,0.16417910158634186,,0.5245901346206665,,,,,,,,,,,1.0,1.0,,,,,36,,,,0.0,,0.0,,0.0
,,,0.189453125,,0.9609375,,,,,,,,,,,1.0,1.0,,,,,37,,,,0.0,,0.0,,0.0
,,,0.2708333432674408,,0.984375,,,,,,,,,,,1.0,1.0,,,,,38,,,,0.0,,0.0,,0.0
,,,0.16190476715564728,,0.692307710647583,,,,,,,,,,,1.0,1.0,,,,,39,,,,0.0,,0.0,,0.0
,,,0.0,,0.3359375,,,,,,,,,,,1.0,1.0,,,,,40,,,,0.0,,0.0,,0.0
,,,0.0,,0.359375,,,,,,,,,,,1.0,1.0,,,,,41,,,,0.0,,0.0,,0.0
,,,0.16875000298023224,,0.49772727489471436,,,,,,,,,,,1.0,1.0,,,,,42,,,,0.0,,0.0,,0.0
,,,0.2109375,,0.6640625,,,,,,,,,,,1.0,1.0,,,,,43,,,,0.0,,0.0,,0.0
,,,0.16015625,,0.6796875,,,,,,,,,,,1.0,1.0,,,,,44,,,,0.0,,0.0,,0.0
,,,0.12127659469842911,,0.3444931209087372,,,,,,,,,,,1.0,1.0,,,,,45,,,,0.0,,0.0,,0.0
,,,0.0,,0.0078125,,,,,,,,,,,1.0,1.0,,,,,46,,,,0.0,,0.0,,0.0
,,,0.0,,0.046875,,,,,,,,,,,1.0,1.0,,,,,47,,,,0.0,,0.0,,0.0
,,,0.0,,0.0234375,,,,,,,,,,,1.0,1.0,,,,,48,,,,0.0,,0.0,,0.0
,,,0.0,,0.023622047156095505,,,,,,,,,,,1.0,1.0,,,,,49,,,,0.0,,0.0,,0.0
,,,0.0,,0.0703125,,,,,,,,,,,1.0,1.0,,,,,50,,,,0.0,,0.0,,0.0
,,,0.0,,0.0390625,,,,,,,,,,,1.0,1.0,,,,,51,,,,0.0,,0.0,,0.0
,,,0.0,,0.4784482717514038,,,,,,,,,,,1.0,1.0,,,,,52,,,,0.0,,0.0,,0.0
,,,0.00390625,,0.9453125,,,,,,,,,,,1.0,1.0,,,,,53,,,,0.0,,0.0,,0.0
,,,0.0,,0.9453125,,,,,,,,,,,1.0,1.0,,,,,54,,,,0.0,,0.0,,0.0
,,,0.0,,0.9666299819946289,,,,,,,,,,,1.0,1.0,,,,,55,,,,0.0,,0.0,,0.0
,,,0.0,,0.9296875,,,,,,,,,,,1.0,1.0,,,,,56,,,,0.0,,0.0,,0.0
,,,0.0,,0.9375,,,,,,,,,,,1.0,1.0,,,,,57,,,,0.0,,0.0,,0.0
,,,0.04374999925494194,,0.875,,,,,,,,,,,1.0,1.0,,,,,58,,,,0.0,,0.0,,0.0
,,,0.0572916679084301,,0.890625,,,,,,,,,,,1.0,1.0,,,,,59,,,,0.0,,0.0,,0.0
,,,0.044921875,,0.90625,,,,,,,,,,,1.0,1.0,,,,,60,,,,0.0,,0.0,,0.0
,,,0.026716500520706177,,0.8997784852981567,,,,,,,,,,,1.0,1.0,,,,,61,,,,0.0,,0.0,,0.0
,,,0.00390625,,0.9375,,,,,,,,,,,1.0,1.0,,,,,62,,,,0.0,,0.0,,0.0
,,,0.005859375,,0.9296875,,,,,,,,,,,1.0,1.0,,,,,63,,,,0.0,,0.0,,0.0
,,,0.0,,0.5442478060722351,,,,,,,,,,,1.0,1.0,,,,,64,,,,0.0,,0.0,,0.0
,,,0.0,,0.046875,,,,,,,,,,,1.0,1.0,,,,,65,,,,0.0,,0.0,,0.0
,,,0.0,,0.0625,,,,,,,,,,,1.0,1.0,,,,,66,,,,0.0,,0.0,,0.0
,,,0.134848490357399,,0.5232323408126831,,,,,,,,,,,1.0,1.0,,,,,67,,,,0.0,,0.0,,0.0
,,,0.1953125,,0.96875,,,,,,,,,,,1.0,1.0,,,,,68,,,,0.0,,0.0,,0.0
,,,0.197265625,,0.984375,,,,,,,,,,,1.0,1.0,,,,,69,,,,0.0,,0.0,,0.0
,,,0.1875,,0.6898148059844971,,,,,,,,,,,1.0,1.0,,,,,70,,,,0.0,,0.0,,0.0
,,,0.0,,0.359375,,,,,,,,,,,1.0,1.0,,,,,71,,,,0.0,,0.0,,0.0
,,,0.0,,0.3125,,,,,,,,,,,1.0,1.0,,,,,72,,,,0.0,,0.0,,0.0
,,,0.16265060007572174,,0.4757697582244873,,,,,,,,,,,1.0,1.0,,,,,73,,,,0.0,,0.0,,0.0
,,,0.2239583283662796,,0.71875,,,,,,,,,,,1.0,1.0,,,,,74,,,,0.0,,0.0,,0.0
,,,0.12031249701976776,,0.6484375,,,,,,,,,,,1.0,1.0,,,,,75,,,,0.0,,0.0,,0.0
,,,0.11372549831867218,,0.3267125189304352,,,,,,,,,,,1.0,1.0,,,,,76,,,,0.0,,0.0,,0.0
,,,0.0,,0.015625,,,,,,,,,,,1.0,1.0,,,,,77,,,,0.0,,0.0,,0.0
,,,0.0,,0.03125,,,,,,,,,,,1.0,1.0,,,,,78,,,,0.0,,0.0,,0.0
,,,0.0,,0.023532669991254807,,,,,,,,,,,1.0,1.0,,,,,79,,,,0.0,,0.0,,0.0
,,,0.0,,0.078125,,,,,,,,,,,1.0,1.0,,,,,80,,,,0.0,,0.0,,0.0
,,,0.0,,0.0390625,,,,,,,,,,,1.0,1.0,,,,,81,,,,0.0,,0.0,,0.0
,,,0.0,,0.5206185579299927,,,,,,,,,,,1.0,1.0,,,,,82,,,,0.0,,0.0,,0.0
,,,0.001953125,,0.9453125,,,,,,,,,,,1.0,1.0,,,,,83,,,,0.0,,0.0,,0.0
,,,0.0031250000465661287,,0.9453125,,,,,,,,,,,1.0,1.0,,,,,84,,,,0.0,,0.0,,0.0
,,,0.0,,0.9464285373687744,,,,,,,,,,,1.0,1.0,,,,,85,,,,0.0,,0.0,,0.0
,,,0.0,,0.953125,,,,,,,,,,,1.0,1.0,,,,,86,,,,0.0,,0.0,,0.0
,,,0.0,,0.953125,,,,,,,,,,,1.0,1.0,,,,,87,,,,0.0,,0.0,,0.0
,,,0.06818182021379471,,0.9529914855957031,,,,,,,,,,,1.0,1.0,,,,,88,,,,0.0,,0.0,,0.0
,,,0.056640625,,0.875,,,,,,,,,,,1.0,1.0,,,,,89,,,,0.0,,0.0,,0.0
,,,0.033203125,,0.875,,,,,,,,,,,1.0,1.0,,,,,90,,,,0.0,,0.0,,0.0
,,,0.04133858159184456,,0.913385808467865,,,,,,,,,,,1.0,1.0,,,,,91,,,,0.0,,0.0,,0.0
0,0.17495045065879822,0.16220726072788239,,0.5847111940383911,,,,,,,,,,,,,,14.173112869262695,740581.375,2.6513466835021973,477.4286804199219,220,,,0.0,,0.0,,0.0,
0,,,,,,0.20350493490695953,,6.098566055297852,,294.7607421875,,,,,,,,,,,,220,2.692789316177368,,,,,,,
,,,,,,,,,,,,,,4.861719457013563e-05,0.03,,,,,,,249,,,,,,,,
1,,,,,,,0.4046704173088074,,4.250373363494873,,192.25,4.879638072452508e-05,0.029999999329447746,,,1.0,1.0,,,,,249,,3.280869483947754,,,,,,
,,,,,,,,,,,,,,5.757647058823518e-05,0.03,,,,,,,299,,,,,,,,
1,,,,,,,0.6313105821609497,,4.17427921295166,,177.125,5.775565659860149e-05,0.029999999329447746,,,1.0,1.0,,,,,299,,2.5297813415527344,,,,,,
,,,,,,,,,,,,,,6.653574660633477e-05,0.03,,,,,,,349,,,,,,,,
1,,,,,,,0.7319805026054382,,3.519089937210083,,139.375,6.67149288346991e-05,0.029999999329447746,,,1.0,1.0,,,,,349,,2.654770851135254,,,,,,
,,,,,,,,,,,,,,7.54950226244342e-05,0.03,,,,,,,399,,,,,,,,
1,,,,,,,0.6879391074180603,,3.193798542022705,,125.3125,7.567420834675431e-05,0.029999999329447746,,,1.0,1.0,,,,,399,,2.454866647720337,,,,,,
,,,0.0,,0.1328125,,,,,,,,,,,1.0,1.0,,,,,92,,,,0.0,,0.0,,0.0
,,,0.0,,0.1171875,,,,,,,,,,,1.0,1.0,,,,,93,,,,0.0,,0.0,,0.0
,,,0.10582010447978973,,0.5434543490409851,,,,,,,,,,,1.0,1.0,,,,,94,,,,0.0,,0.0,,0.0
,,,0.140625,,0.96875,,,,,,,,,,,1.0,1.0,,,,,95,,,,0.0,,0.0,,0.0
,,,0.15234375,,0.921875,,,,,,,,,,,1.0,1.0,,,,,96,,,,0.0,,0.0,,0.0
,,,0.11378204822540283,,0.5176281929016113,,,,,,,,,,,1.0,1.0,,,,,97,,,,0.0,,0.0,,0.0
,,,0.0,,0.1015625,,,,,,,,,,,1.0,1.0,,,,,98,,,,0.0,,0.0,,0.0
,,,0.0,,0.1171875,,,,,,,,,,,1.0,1.0,,,,,99,,,,0.0,,0.0,,0.0
,,,0.012987012974917889,,0.13807889819145203,,,,,,,,,,,1.0,1.0,,,,,100,,,,0.0,,0.0,,0.0
,,,0.02083333395421505,,0.1640625,,,,,,,,,,,1.0,1.0,,,,,101,,,,0.0,,0.0,,0.0
,,,0.02031249925494194,,0.15625,,,,,,,,,,,1.0,1.0,,,,,102,,,,0.0,,0.0,,0.0
,,,0.02604166604578495,,0.21875,,,,,,,,,,,1.0,1.0,,,,,103,,,,0.0,,0.0,,0.0
,,,0.18400000035762787,,0.4480000138282776,,,,,,,,,,,1.0,1.0,,,,,104,,,,0.0,,0.0,,0.0
,,,0.1037946417927742,,0.8359375,,,,,,,,,,,1.0,1.0,,,,,105,,,,0.0,,0.0,,0.0
,,,0.0892857164144516,,0.8203125,,,,,,,,,,,1.0,1.0,,,,,106,,,,0.0,,0.0,,0.0
,,,0.095238097012043,,0.5821661949157715,,,,,,,,,,,1.0,1.0,,,,,107,,,,0.0,,0.0,,0.0
,,,0.0,,0.5234375,,,,,,,,,,,1.0,1.0,,,,,108,,,,0.0,,0.0,,0.0
,,,0.0,,0.421875,,,,,,,,,,,1.0,1.0,,,,,109,,,,0.0,,0.0,,0.0
,,,0.003401360707357526,,0.6915584206581116,,,,,,,,,,,1.0,1.0,,,,,110,,,,0.0,,0.0,,0.0
,,,0.0026041667442768812,,0.8984375,,,,,,,,,,,1.0,1.0,,,,,111,,,,0.0,,0.0,,0.0
,,,0.0026041667442768812,,0.9453125,,,,,,,,,,,1.0,1.0,,,,,112,,,,0.0,,0.0,,0.0
,,,0.0,,0.9566625356674194,,,,,,,,,,,1.0,1.0,,,,,113,,,,0.0,,0.0,,0.0
,,,0.0,,0.9453125,,,,,,,,,,,1.0,1.0,,,,,114,,,,0.0,,0.0,,0.0
,,,0.0,,0.9375,,,,,,,,,,,1.0,1.0,,,,,115,,,,0.0,,0.0,,0.0
,,,0.11157635599374771,,0.9426108598709106,,,,,,,,,,,1.0,1.0,,,,,116,,,,0.0,,0.0,,0.0
,,,0.12031249701976776,,0.953125,,,,,,,,,,,1.0,1.0,,,,,117,,,,0.0,,0.0,,0.0
,,,0.1328125,,0.9609375,,,,,,,,,,,1.0,1.0,,,,,118,,,,0.0,,0.0,,0.0
,,,0.10713387280702591,,0.7563521862030029,,,,,,,,,,,1.0,1.0,,,,,119,,,,0.0,,0.0,,0.0
,,,0.0078125,,0.6953125,,,,,,,,,,,1.0,1.0,,,,,120,,,,0.0,,0.0,,0.0
,,,0.0048828125,,0.625,,,,,,,,,,,1.0,1.0,,,,,121,,,,0.0,,0.0,,0.0
,,,0.008403361774981022,,0.3641586899757385,,,,,,,,,,,1.0,1.0,,,,,122,,,,0.0,,0.0,,0.0
,,,0.0,,0.125,,,,,,,,,,,1.0,1.0,,,,,123,,,,0.0,,0.0,,0.0
,,,0.0,,0.140625,,,,,,,,,,,1.0,1.0,,,,,124,,,,0.0,,0.0,,0.0
,,,0.12142857164144516,,0.5921182036399841,,,,,,,,,,,1.0,1.0,,,,,125,,,,0.0,,0.0,,0.0
,,,0.1328125,,0.9609375,,,,,,,,,,,1.0,1.0,,,,,126,,,,0.0,,0.0,,0.0
,,,0.16015625,,0.921875,,,,,,,,,,,1.0,1.0,,,,,127,,,,0.0,,0.0,,0.0
,,,0.0901639312505722,,0.5276486277580261,,,,,,,,,,,1.0,1.0,,,,,128,,,,0.0,,0.0,,0.0
,,,0.0,,0.078125,,,,,,,,,,,1.0,1.0,,,,,129,,,,0.0,,0.0,,0.0
,,,0.0,,0.1328125,,,,,,,,,,,1.0,1.0,,,,,130,,,,0.0,,0.0,,0.0
,,,0.019780220463871956,,0.14761905372142792,,,,,,,,,,,1.0,1.0,,,,,131,,,,0.0,,0.0,,0.0
,,,0.01822916604578495,,0.1484375,,,,,,,,,,,1.0,1.0,,,,,132,,,,0.0,,0.0,,0.0
,,,0.02083333395421505,,0.1875,,,,,,,,,,,1.0,1.0,,,,,133,,,,0.0,,0.0,,0.0
,,,0.17454546689987183,,0.5647727251052856,,,,,,,,,,,1.0,1.0,,,,,134,,,,0.0,,0.0,,0.0
,,,0.14374999701976776,,0.859375,,,,,,,,,,,1.0,1.0,,,,,135,,,,0.0,,0.0,,0.0
,,,0.0970982164144516,,0.7890625,,,,,,,,,,,1.0,1.0,,,,,136,,,,0.0,,0.0,,0.0
,,,0.09574467688798904,,0.6273466944694519,,,,,,,,,,,1.0,1.0,,,,,137,,,,0.0,,0.0,,0.0
,,,0.0,,0.5,,,,,,,,,,,1.0,1.0,,,,,138,,,,0.0,,0.0,,0.0
,,,0.0,,0.4140625,,,,,,,,,,,1.0,1.0,,,,,139,,,,0.0,,0.0,,0.0
,,,0.0,,0.4296875,,,,,,,,,,,1.0,1.0,,,,,140,,,,0.0,,0.0,,0.0
,,,0.003374578198418021,,0.9645669460296631,,,,,,,,,,,1.0,1.0,,,,,141,,,,0.0,,0.0,,0.0
,,,0.0026041667442768812,,0.9140625,,,,,,,,,,,1.0,1.0,,,,,142,,,,0.0,,0.0,,0.0
,,,0.0013020833721384406,,0.9453125,,,,,,,,,,,1.0,1.0,,,,,143,,,,0.0,,0.0,,0.0
,,,0.0,,0.9655172824859619,,,,,,,,,,,1.0,1.0,,,,,144,,,,0.0,,0.0,,0.0
,,,0.0,,0.9453125,,,,,,,,,,,1.0,1.0,,,,,145,,,,0.0,,0.0,,0.0
,,,0.0,,0.9453125,,,,,,,,,,,1.0,1.0,,,,,146,,,,0.0,,0.0,,0.0
,,,0.11013323068618774,,0.9468280076980591,,,,,,,,,,,1.0,1.0,,,,,147,,,,0.0,,0.0,,0.0
,,,0.12812499701976776,,0.9609375,,,,,,,,,,,1.0,1.0,,,,,148,,,,0.0,,0.0,,0.0
,,,0.109375,,0.9609375,,,,,,,,,,,1.0,1.0,,,,,149,,,,0.0,,0.0,,0.0
,,,0.1026785746216774,,0.765625,,,,,,,,,,,1.0,1.0,,,,,150,,,,0.0,,0.0,,0.0
,,,0.005580357275903225,,0.703125,,,,,,,,,,,1.0,1.0,,,,,151,,,,0.0,,0.0,,0.0
,,,0.0078125,,0.6640625,,,,,,,,,,,1.0,1.0,,,,,152,,,,0.0,,0.0,,0.0
,,,0.006802721414715052,,0.32004430890083313,,,,,,,,,,,1.0,1.0,,,,,153,,,,0.0,,0.0,,0.0
,,,0.0,,0.1171875,,,,,,,,,,,1.0,1.0,,,,,154,,,,0.0,,0.0,,0.0
,,,0.0,,0.2109375,,,,,,,,,,,1.0,1.0,,,,,155,,,,0.0,,0.0,,0.0
,,,0.12094395607709885,,0.47345131635665894,,,,,,,,,,,1.0,1.0,,,,,156,,,,0.0,,0.0,,0.0
,,,0.16015625,,0.9609375,,,,,,,,,,,1.0,1.0,,,,,157,,,,0.0,,0.0,,0.0
,,,0.166015625,,0.9296875,,,,,,,,,,,1.0,1.0,,,,,158,,,,0.0,,0.0,,0.0
,,,0.0902777761220932,,0.5267676711082458,,,,,,,,,,,1.0,1.0,,,,,159,,,,0.0,,0.0,,0.0
,,,0.0,,0.078125,,,,,,,,,,,1.0,1.0,,,,,160,,,,0.0,,0.0,,0.0
,,,0.0,,0.1015625,,,,,,,,,,,1.0,1.0,,,,,161,,,,0.0,,0.0,,0.0
,,,0.018518518656492233,,0.21759259700775146,,,,,,,,,,,1.0,1.0,,,,,162,,,,0.0,,0.0,,0.0
,,,0.02500000037252903,,0.1640625,,,,,,,,,,,1.0,1.0,,,,,163,,,,0.0,,0.0,,0.0
,,,0.01822916604578495,,0.1796875,,,,,,,,,,,1.0,1.0,,,,,164,,,,0.0,,0.0,,0.0
,,,0.22516733407974243,,0.5568942427635193,,,,,,,,,,,1.0,1.0,,,,,165,,,,0.0,,0.0,,0.0
,,,0.1236979141831398,,0.859375,,,,,,,,,,,1.0,1.0,,,,,166,,,,0.0,,0.0,,0.0
,,,0.0948660746216774,,0.8125,,,,,,,,,,,1.0,1.0,,,,,167,,,,0.0,,0.0,,0.0
,,,0.08683473616838455,,0.6065698862075806,,,,,,,,,,,1.0,1.0,,,,,168,,,,0.0,,0.0,,0.0
,,,0.0,,0.5390625,,,,,,,,,,,1.0,1.0,,,,,169,,,,0.0,,0.0,,0.0
,,,0.0,,0.4296875,,,,,,,,,,,1.0,1.0,,,,,170,,,,0.0,,0.0,,0.0
,,,0.006802721414715052,,0.6503322124481201,,,,,,,,,,,1.0,1.0,,,,,171,,,,0.0,,0.0,,0.0
,,,0.0026041667442768812,,0.921875,,,,,,,,,,,1.0,1.0,,,,,172,,,,0.0,,0.0,,0.0
,,,0.0013020833721384406,,0.921875,,,,,,,,,,,1.0,1.0,,,,,173,,,,0.0,,0.0,,0.0
,,,0.0014727540547028184,,0.9793814420700073,,,,,,,,,,,1.0,1.0,,,,,174,,,,0.0,,0.0,,0.0
,,,0.0,,0.9140625,,,,,,,,,,,1.0,1.0,,,,,175,,,,0.0,,0.0,,0.0
,,,0.0,,0.9375,,,,,,,,,,,1.0,1.0,,,,,176,,,,0.0,,0.0,,0.0
,,,0.09056122601032257,,0.9821428656578064,,,,,,,,,,,1.0,1.0,,,,,177,,,,0.0,,0.0,,0.0
,,,0.1171875,,0.921875,,,,,,,,,,,1.0,1.0,,,,,178,,,,0.0,,0.0,,0.0
,,,0.173828125,,0.96875,,,,,,,,,,,1.0,1.0,,,,,179,,,,0.0,,0.0,,0.0
,,,0.1515151560306549,,0.7925407886505127,,,,,,,,,,,1.0,1.0,,,,,180,,,,0.0,,0.0,,0.0
,,,0.0078125,,0.6484375,,,,,,,,,,,1.0,1.0,,,,,181,,,,0.0,,0.0,,0.0
,,,0.004464285913854837,,0.625,,,,,,,,,,,1.0,1.0,,,,,182,,,,0.0,,0.0,,0.0
,,,0.009186351671814919,,0.6850393414497375,,,,,,,,,,,1.0,1.0,,,,,183,,,,0.0,,0.0,,0.0
1,0.195419579744339,0.22084814310073853,,0.6137454509735107,,,,,,,,,,,,,,10.653339385986328,812334.1875,2.365873336791992,589.0838623046875,441,,,0.0,,0.0,,0.0,
1,,,,,,0.5528032183647156,,3.642319679260254,,154.47850036621094,,,,,,,,,,,,441,2.685744285583496,,,,,,,
,,,,,,,,,,,,,,8.445429864253375e-05,0.03,,,,,,,449,,,,,,,,
2,,,,,,,0.6370999813079834,,3.0492093563079834,,120.5625,8.463348058285192e-05,0.029999999329447746,,,1.0,1.0,,,,,449,,2.331266164779663,,,,,,
,,,,,,,,,,,,,,9.341357466063334e-05,0.03,,,,,,,499,,,,,,,,
2,,,,,,,0.5760213136672974,,3.122896194458008,,127.3125,9.359276009490713e-05,0.029999999329447746,,,1.0,1.0,,,,,499,,2.26943302154541,,,,,,
,,,,,,,,,,,,,,0.00010237285067873297,0.03,,,,,,,549,,,,,,,,
2,,,,,,,0.5919457674026489,,3.2442893981933594,,132.625,0.00010255203960696235,0.029999999329447746,,,1.0,1.0,,,,,549,,2.3534555435180664,,,,,,
,,,,,,,,,,,,,,0.00011133212669683259,0.03,,,,,,,599,,,,,,,,
2,,,,,,,0.5950467586517334,,3.0169217586517334,,121.0625,0.00011151131184305996,0.029999999329447746,,,1.0,1.0,,,,,599,,2.2663097381591797,,,,,,
,,,,,,,,,,,,,,0.00012029140271493208,0.03,,,,,,,649,,,,,,,,
2,,,,,,,0.5648573637008667,,2.9906387329101562,,121.25,0.00012047059135511518,0.029999999329447746,,,1.0,1.0,,,,,649,,2.461233139038086,,,,,,
,,,0.0,,0.4765625,,,,,,,,,,,1.0,1.0,,,,,184,,,,0.0,,0.0,,0.0
,,,0.0,,0.546875,,,,,,,,,,,1.0,1.0,,,,,185,,,,0.0,,0.0,,0.0
,,,0.1111111119389534,,0.7339567542076111,,,,,,,,,,,1.0,1.0,,,,,186,,,,0.0,,0.0,,0.0
,,,0.1328125,,0.96875,,,,,,,,,,,1.0,1.0,,,,,187,,,,0.0,,0.0,,0.0
,,,0.171875,,0.9453125,,,,,,,,,,,1.0,1.0,,,,,188,,,,0.0,,0.0,,0.0
,,,0.13846154510974884,,0.4759615361690521,,,,,,,,,,,1.0,1.0,,,,,189,,,,0.0,,0.0,,0.0
,,,0.0066964286379516125,,0.0703125,,,,,,,,,,,1.0,1.0,,,,,190,,,,0.0,,0.0,,0.0
,,,0.0066964286379516125,,0.0859375,,,,,,,,,,,1.0,1.0,,,,,191,,,,0.0,,0.0,,0.0
,,,0.008254717104136944,,0.35591766238212585,,,,,,,,,,,1.0,1.0,,,,,192,,,,0.0,,0.0,,0.0
,,,0.0,,0.6953125,,,,,,,,,,,1.0,1.0,,,,,193,,,,0.0,,0.0,,0.0
,,,0.0,,0.6328125,,,,,,,,,,,1.0,1.0,,,,,194,,,,0.0,,0.0,,0.0
,,,0.0,,0.671875,,,,,,,,,,,1.0,1.0,,,,,195,,,,0.0,,0.0,,0.0
,,,0.0860000029206276,,0.5746666789054871,,,,,,,,,,,1.0,1.0,,,,,196,,,,0.0,,0.0,,0.0
,,,0.1028645858168602,,0.734375,,,,,,,,,,,1.0,1.0,,,,,197,,,,0.0,,0.0,,0.0
,,,0.08984375,,0.640625,,,,,,,,,,,1.0,1.0,,,,,198,,,,0.0,,0.0,,0.0
,,,0.11564625799655914,,0.7577030658721924,,,,,,,,,,,1.0,1.0,,,,,199,,,,0.0,,0.0,,0.0
,,,0.02968749962747097,,0.8203125,,,,,,,,,,,1.0,1.0,,,,,200,,,,0.0,,0.0,,0.0
,,,0.0364583320915699,,0.859375,,,,,,,,,,,1.0,1.0,,,,,201,,,,0.0,,0.0,,0.0
,,,0.014204545877873898,,0.689393937587738,,,,,,,,,,,1.0,1.0,,,,,202,,,,0.0,,0.0,,0.0
,,,0.0,,0.59375,,,,,,,,,,,1.0,1.0,,,,,203,,,,0.0,,0.0,,0.0
,,,0.0,,0.59375,,,,,,,,,,,1.0,1.0,,,,,204,,,,0.0,,0.0,,0.0
,,,0.0,,0.7884184122085571,,,,,,,,,,,1.0,1.0,,,,,205,,,,0.0,,0.0,,0.0
,,,0.0009765625,,0.890625,,,,,,,,,,,1.0,1.0,,,,,206,,,,0.0,,0.0,,0.0
,,,0.0009765625,,0.90625,,,,,,,,,,,1.0,1.0,,,,,207,,,,0.0,,0.0,,0.0
,,,0.002463054144755006,,0.5133004784584045,,,,,,,,,,,1.0,1.0,,,,,208,,,,0.0,,0.0,,0.0
,,,0.0,,0.109375,,,,,,,,,,,1.0,1.0,,,,,209,,,,0.0,,0.0,,0.0
,,,0.0026041667442768812,,0.171875,,,,,,,,,,,1.0,1.0,,,,,210,,,,0.0,,0.0,,0.0
,,,0.05042228475213051,,0.5183647871017456,,,,,,,,,,,1.0,1.0,,,,,211,,,,0.0,,0.0,,0.0
,,,0.0859375,,0.9375,,,,,,,,,,,1.0,1.0,,,,,212,,,,0.0,,0.0,,0.0
,,,0.05859375,,0.9296875,,,,,,,,,,,1.0,1.0,,,,,213,,,,0.0,,0.0,,0.0
,,,0.04264706000685692,,0.726675808429718,,,,,,,,,,,1.0,1.0,,,,,214,,,,0.0,,0.0,,0.0
,,,0.0,,0.5625,,,,,,,,,,,1.0,1.0,,,,,215,,,,0.0,,0.0,,0.0
,,,0.0,,0.4765625,,,,,,,,,,,1.0,1.0,,,,,216,,,,0.0,,0.0,,0.0
,,,0.10952381044626236,,0.7083743810653687,,,,,,,,,,,1.0,1.0,,,,,217,,,,0.0,,0.0,,0.0
,,,0.13124999403953552,,0.953125,,,,,,,,,,,1.0,1.0,,,,,218,,,,0.0,,0.0,,0.0
,,,0.181640625,,0.953125,,,,,,,,,,,1.0,1.0,,,,,219,,,,0.0,,0.0,,0.0
,,,0.13056030869483948,,0.5052605867385864,,,,,,,,,,,1.0,1.0,,,,,220,,,,0.0,,0.0,,0.0
,,,0.005580357275903225,,0.0546875,,,,,,,,,,,1.0,1.0,,,,,221,,,,0.0,,0.0,,0.0
,,,0.010044642724096775,,0.1171875,,,,,,,,,,,1.0,1.0,,,,,222,,,,0.0,,0.0,,0.0
,,,0.0059523810632526875,,0.3622710704803467,,,,,,,,,,,1.0,1.0,,,,,223,,,,0.0,,0.0,,0.0
,,,0.0,,0.7109375,,,,,,,,,,,1.0,1.0,,,,,224,,,,0.0,,0.0,,0.0
,,,0.0,,0.6015625,,,,,,,,,,,1.0,1.0,,,,,225,,,,0.0,,0.0,,0.0
,,,0.10357142984867096,,0.7647727131843567,,,,,,,,,,,1.0,1.0,,,,,226,,,,0.0,,0.0,,0.0
,,,0.0881696417927742,,0.765625,,,,,,,,,,,1.0,1.0,,,,,227,,,,0.0,,0.0,,0.0
,,,0.0989583358168602,,0.6953125,,,,,,,,,,,1.0,1.0,,,,,228,,,,0.0,,0.0,,0.0
,,,0.10727695375680923,,0.7709636688232422,,,,,,,,,,,1.0,1.0,,,,,229,,,,0.0,,0.0,,0.0
,,,0.0126953125,,0.8125,,,,,,,,,,,1.0,1.0,,,,,230,,,,0.0,,0.0,,0.0
,,,0.03750000149011612,,0.8359375,,,,,,,,,,,1.0,1.0,,,,,231,,,,0.0,,0.0,,0.0
,,,0.02901785634458065,,0.84375,,,,,,,,,,,1.0,1.0,,,,,232,,,,0.0,,0.0,,0.0
,,,0.0,,0.7913385629653931,,,,,,,,,,,1.0,1.0,,,,,233,,,,0.0,,0.0,,0.0
,,,0.0,,0.5859375,,,,,,,,,,,1.0,1.0,,,,,234,,,,0.0,,0.0,,0.0
,,,0.0,,0.6171875,,,,,,,,,,,1.0,1.0,,,,,235,,,,0.0,,0.0,,0.0
,,,0.0,,0.7902299165725708,,,,,,,,,,,1.0,1.0,,,,,236,,,,0.0,,0.0,,0.0
,,,0.001953125,,0.890625,,,,,,,,,,,1.0,1.0,,,,,237,,,,0.0,,0.0,,0.0
,,,0.0,,0.8671875,,,,,,,,,,,1.0,1.0,,,,,238,,,,0.0,,0.0,,0.0
,,,0.0014144271844998002,,0.550788402557373,,,,,,,,,,,1.0,1.0,,,,,239,,,,0.0,,0.0,,0.0
,,,0.0,,0.1328125,,,,,,,,,,,1.0,1.0,,,,,240,,,,0.0,,0.0,,0.0
,,,0.0026041667442768812,,0.1484375,,,,,,,,,,,1.0,1.0,,,,,241,,,,0.0,,0.0,,0.0
,,,0.0595238097012043,,0.5052083730697632,,,,,,,,,,,1.0,1.0,,,,,242,,,,0.0,,0.0,,0.0
,,,0.0677083358168602,,0.9296875,,,,,,,,,,,1.0,1.0,,,,,243,,,,0.0,,0.0,,0.0
,,,0.0703125,,0.953125,,,,,,,,,,,1.0,1.0,,,,,244,,,,0.0,,0.0,,0.0
,,,0.0416666679084301,,0.7206533551216125,,,,,,,,,,,1.0,1.0,,,,,245,,,,0.0,,0.0,,0.0
,,,0.0,,0.5390625,,,,,,,,,,,1.0,1.0,,,,,246,,,,0.0,,0.0,,0.0
,,,0.0,,0.4765625,,,,,,,,,,,1.0,1.0,,,,,247,,,,0.0,,0.0,,0.0
,,,0.11061946302652359,,0.786725640296936,,,,,,,,,,,1.0,1.0,,,,,248,,,,0.0,,0.0,,0.0
,,,0.13437500596046448,,0.953125,,,,,,,,,,,1.0,1.0,,,,,249,,,,0.0,,0.0,,0.0
,,,0.13750000298023224,,0.953125,,,,,,,,,,,1.0,1.0,,,,,250,,,,0.0,,0.0,,0.0
,,,0.12491582334041595,,0.4994949400424957,,,,,,,,,,,1.0,1.0,,,,,251,,,,0.0,,0.0,,0.0
,,,0.0078125,,0.078125,,,,,,,,,,,1.0,1.0,,,,,252,,,,0.0,,0.0,,0.0
,,,0.010416666977107525,,0.09375,,,,,,,,,,,1.0,1.0,,,,,253,,,,0.0,,0.0,,0.0
,,,0.0071428571827709675,,0.35370370745658875,,,,,,,,,,,1.0,1.0,,,,,254,,,,0.0,,0.0,,0.0
,,,0.0,,0.6953125,,,,,,,,,,,1.0,1.0,,,,,255,,,,0.0,,0.0,,0.0
,,,0.0,,0.6171875,,,,,,,,,,,1.0,1.0,,,,,256,,,,0.0,,0.0,,0.0
,,,0.09638553857803345,,0.7642570734024048,,,,,,,,,,,1.0,1.0,,,,,257,,,,0.0,,0.0,,0.0
,,,0.1080729141831398,,0.765625,,,,,,,,,,,1.0,1.0,,,,,258,,,,0.0,,0.0,,0.0
,,,0.09375,,0.6875,,,,,,,,,,,1.0,1.0,,,,,259,,,,0.0,,0.0,,0.0
,,,0.09789370745420456,,0.7226890921592712,,,,,,,,,,,1.0,1.0,,,,,260,,,,0.0,,0.0,,0.0
,,,0.01953125,,0.8203125,,,,,,,,,,,1.0,1.0,,,,,261,,,,0.0,,0.0,,0.0
,,,0.02864583395421505,,0.828125,,,,,,,,,,,1.0,1.0,,,,,262,,,,0.0,,0.0,,0.0
,,,0.02616279013454914,,0.6924141645431519,,,,,,,,,,,1.0,1.0,,,,,263,,,,0.0,,0.0,,0.0
,,,0.0,,0.609375,,,,,,,,,,,1.0,1.0,,,,,264,,,,0.0,,0.0,,0.0
,,,0.0,,0.5859375,,,,,,,,,,,1.0,1.0,,,,,265,,,,0.0,,0.0,,0.0
,,,0.0,,0.7983039617538452,,,,,,,,,,,1.0,1.0,,,,,266,,,,0.0,,0.0,,0.0
,,,0.0,,0.8671875,,,,,,,,,,,1.0,1.0,,,,,267,,,,0.0,,0.0,,0.0
,,,0.0017361111240461469,,0.9140625,,,,,,,,,,,1.0,1.0,,,,,268,,,,0.0,,0.0,,0.0
,,,0.0,,0.46875,,,,,,,,,,,1.0,1.0,,,,,269,,,,0.0,,0.0,,0.0
,,,0.0013020833721384406,,0.140625,,,,,,,,,,,1.0,1.0,,,,,270,,,,0.0,,0.0,,0.0
,,,0.0026041667442768812,,0.15625,,,,,,,,,,,1.0,1.0,,,,,271,,,,0.0,,0.0,,0.0
,,,0.06203056499361992,,0.5555555820465088,,,,,,,,,,,1.0,1.0,,,,,272,,,,0.0,,0.0,,0.0
,,,0.0580357126891613,,0.9375,,,,,,,,,,,1.0,1.0,,,,,273,,,,0.0,,0.0,,0.0
,,,0.0572916679084301,,0.921875,,,,,,,,,,,1.0,1.0,,,,,274,,,,0.0,,0.0,,0.0
,,,0.06561679393053055,,0.9763779640197754,,,,,,,,,,,1.0,1.0,,,,,275,,,,0.0,,0.0,,0.0
2,0.20063909888267517,0.189305379986763,,0.6335567235946655,,,,,,,,,,,,,,9.806173324584961,1027168.3125,2.2830121517181396,595.6744384765625,662,,,0.0,,0.0,,0.0,
2,,,,,,0.6172934174537659,,3.1695680618286133,,127.61820983886719,,,,,,,,,,,,662,2.3620705604553223,,,,,,,
,,,,,,,,,,,,,,0.0001292506787330315,0.03,,,,,,,699,,,,,,,,
3,,,,,,,0.576570987701416,,3.090242862701416,,125.6875,0.0001294298708671704,0.029999999329447746,,,1.0,1.0,,,,,699,,2.5817251205444336,,,,,,
,,,,,,,,,,,,,,0.00013820995475113102,0.03,,,,,,,749,,,,,,,,
3,,,,,,,0.6910891532897949,,3.054370403289795,,118.1875,0.00013838913582731038,0.029999999329447746,,,1.0,1.0,,,,,749,,2.3898887634277344,,,,,,
,,,,,,,,,,,,,,0.00014716923076923066,0.03,,,,,,,799,,,,,,,,
3,,,,,,,0.6641793847084045,,2.8067574501037598,,107.125,0.0001473484153393656,0.029999999329447746,,,1.0,1.0,,,,,799,,2.4567441940307617,,,,,,
,,,,,,,,,,,,,,0.0001561285067873302,0.03,,,,,,,849,,,,,,,,
3,,,,,,,0.5782012939453125,,2.6270294189453125,,102.4375,0.00015630769485142082,0.029999999329447746,,,1.0,1.0,,,,,849,,2.4982786178588867,,,,,,
,,,0.0364583320915699,,0.609375,,,,,,,,,,,1.0,1.0,,,,,276,,,,0.0,,0.0,,0.0
,,,0.04296875,,0.5625,,,,,,,,,,,1.0,1.0,,,,,277,,,,0.0,,0.0,,0.0
,,,0.04343397170305252,,0.7180051803588867,,,,,,,,,,,1.0,1.0,,,,,278,,,,0.0,,0.0,,0.0
,,,0.01875000074505806,,0.8515625,,,,,,,,,,,1.0,1.0,,,,,279,,,,0.0,,0.0,,0.0
,,,0.0185546875,,0.8359375,,,,,,,,,,,1.0,1.0,,,,,280,,,,0.0,,0.0,,0.0
,,,0.009615384973585606,,0.625,,,,,,,,,,,1.0,1.0,,,,,281,,,,0.0,,0.0,,0.0
,,,0.0,,0.3046875,,,,,,,,,,,1.0,1.0,,,,,282,,,,0.0,,0.0,,0.0
,,,0.0,,0.3828125,,,,,,,,,,,1.0,1.0,,,,,283,,,,0.0,,0.0,,0.0
,,,0.0,,0.43310463428497314,,,,,,,,,,,1.0,1.0,,,,,284,,,,0.0,,0.0,,0.0
,,,0.0029296875,,0.703125,,,,,,,,,,,1.0,1.0,,,,,285,,,,0.0,,0.0,,0.0
,,,0.0,,0.6953125,,,,,,,,,,,1.0,1.0,,,,,286,,,,0.0,,0.0,,0.0
,,,0.0069444444961845875,,0.6484375,,,,,,,,,,,1.0,1.0,,,,,287,,,,0.0,,0.0,,0.0
,,,0.11619047820568085,,0.6813333034515381,,,,,,,,,,,1.0,1.0,,,,,288,,,,0.0,,0.0,,0.0
,,,0.0416666679084301,,0.71875,,,,,,,,,,,1.0,1.0,,,,,289,,,,0.0,,0.0,,0.0
,,,0.0442708320915699,,0.5859375,,,,,,,,,,,1.0,1.0,,,,,290,,,,0.0,,0.0,,0.0
,,,0.050316423177719116,,0.6433240175247192,,,,,,,,,,,1.0,1.0,,,,,291,,,,0.0,,0.0,,0.0
,,,0.0008680555620230734,,0.8203125,,,,,,,,,,,1.0,1.0,,,,,292,,,,0.0,,0.0,,0.0
,,,0.0009765625,,0.8515625,,,,,,,,,,,1.0,1.0,,,,,293,,,,0.0,,0.0,,0.0
,,,0.019600769504904747,,0.6801947951316833,,,,,,,,,,,1.0,1.0,,,,,294,,,,0.0,,0.0,,0.0
,,,0.0086805559694767,,0.4765625,,,,,,,,,,,1.0,1.0,,,,,295,,,,0.0,,0.0,,0.0
,,,0.01215277798473835,,0.4765625,,,,,,,,,,,1.0,1.0,,,,,296,,,,0.0,,0.0,,0.0
,,,0.021225957199931145,,0.5560398697853088,,,,,,,,,,,1.0,1.0,,,,,297,,,,0.0,,0.0,,0.0
,,,0.0034722222480922937,,0.4921875,,,,,,,,,,,1.0,1.0,,,,,298,,,,0.0,,0.0,,0.0
,,,0.005859375,,0.4765625,,,,,,,,,,,1.0,1.0,,,,,299,,,,0.0,,0.0,,0.0
,,,0.03732895478606224,,0.5945812463760376,,,,,,,,,,,1.0,1.0,,,,,300,,,,0.0,,0.0,,0.0
,,,0.0486111119389534,,0.6484375,,,,,,,,,,,1.0,1.0,,,,,301,,,,0.0,,0.0,,0.0
,,,0.0591517873108387,,0.6796875,,,,,,,,,,,1.0,1.0,,,,,302,,,,0.0,,0.0,,0.0
,,,0.11169810593128204,,0.6607546806335449,,,,,,,,,,,1.0,1.0,,,,,303,,,,0.0,,0.0,,0.0
,,,0.0602678582072258,,0.8046875,,,,,,,,,,,1.0,1.0,,,,,304,,,,0.0,,0.0,,0.0
,,,0.0381944440305233,,0.6328125,,,,,,,,,,,1.0,1.0,,,,,305,,,,0.0,,0.0,,0.0
,,,0.08834169805049896,,0.7544459700584412,,,,,,,,,,,1.0,1.0,,,,,306,,,,0.0,,0.0,,0.0
,,,0.0347222238779068,,0.5546875,,,,,,,,,,,1.0,1.0,,,,,307,,,,0.0,,0.0,,0.0
,,,0.0399305559694767,,0.578125,,,,,,,,,,,1.0,1.0,,,,,308,,,,0.0,,0.0,,0.0
,,,0.05412561446428299,,0.6972906589508057,,,,,,,,,,,1.0,1.0,,,,,309,,,,0.0,,0.0,,0.0
,,,0.021484375,,0.8046875,,,,,,,,,,,1.0,1.0,,,,,310,,,,0.0,,0.0,,0.0
,,,0.015625,,0.8671875,,,,,,,,,,,1.0,1.0,,,,,311,,,,0.0,,0.0,,0.0
,,,0.009836065582931042,,0.574749231338501,,,,,,,,,,,1.0,1.0,,,,,312,,,,0.0,,0.0,,0.0
,,,0.0007812500116415322,,0.3515625,,,,,,,,,,,1.0,1.0,,,,,313,,,,0.0,,0.0,,0.0
,,,0.0,,0.3359375,,,,,,,,,,,1.0,1.0,,,,,314,,,,0.0,,0.0,,0.0
,,,0.0,,0.4743589758872986,,,,,,,,,,,1.0,1.0,,,,,315,,,,0.0,,0.0,,0.0
,,,0.001953125,,0.703125,,,,,,,,,,,1.0,1.0,,,,,316,,,,0.0,,0.0,,0.0
,,,0.0034722222480922937,,0.6953125,,,,,,,,,,,1.0,1.0,,,,,317,,,,0.0,,0.0,,0.0
,,,0.056313127279281616,,0.6852272748947144,,,,,,,,,,,1.0,1.0,,,,,318,,,,0.0,,0.0,,0.0
,,,0.046875,,0.6953125,,,,,,,,,,,1.0,1.0,,,,,319,,,,0.0,,0.0,,0.0
,,,0.048828125,,0.65625,,,,,,,,,,,1.0,1.0,,,,,320,,,,0.0,,0.0,,0.0
,,,0.04964539036154747,,0.6667709350585938,,,,,,,,,,,1.0,1.0,,,,,321,,,,0.0,,0.0,,0.0
,,,0.0009765625,,0.765625,,,,,,,,,,,1.0,1.0,,,,,322,,,,0.0,,0.0,,0.0
,,,0.0008680555620230734,,0.828125,,,,,,,,,,,1.0,1.0,,,,,323,,,,0.0,,0.0,,0.0
,,,0.0026041667442768812,,0.8515625,,,,,,,,,,,1.0,1.0,,,,,324,,,,0.0,,0.0,,0.0
,,,0.010498687624931335,,0.7283464670181274,,,,,,,,,,,1.0,1.0,,,,,325,,,,0.0,,0.0,,0.0
,,,0.009765625,,0.4765625,,,,,,,,,,,1.0,1.0,,,,,326,,,,0.0,,0.0,,0.0
,,,0.012500000186264515,,0.421875,,,,,,,,,,,1.0,1.0,,,,,327,,,,0.0,,0.0,,0.0
,,,0.02234993688762188,,0.5431034564971924,,,,,,,,,,,1.0,1.0,,,,,328,,,,0.0,,0.0,,0.0
,,,0.0048828125,,0.5078125,,,,,,,,,,,1.0,1.0,,,,,329,,,,0.0,,0.0,,0.0
,,,0.00390625,,0.4765625,,,,,,,,,,,1.0,1.0,,,,,330,,,,0.0,,0.0,,0.0
,,,0.04673429951071739,,0.6501650214195251,,,,,,,,,,,1.0,1.0,,,,,331,,,,0.0,,0.0,,0.0
,,,0.0647321417927742,,0.6953125,,,,,,,,,,,1.0,1.0,,,,,332,,,,0.0,,0.0,,0.0
,,,0.0558035708963871,,0.6171875,,,,,,,,,,,1.0,1.0,,,,,333,,,,0.0,,0.0,,0.0
,,,0.1319444477558136,,0.7552083730697632,,,,,,,,,,,1.0,1.0,,,,,334,,,,0.0,,0.0,,0.0
,,,0.0558035708963871,,0.7578125,,,,,,,,,,,1.0,1.0,,,,,335,,,,0.0,,0.0,,0.0
,,,0.0390625,,0.6796875,,,,,,,,,,,1.0,1.0,,,,,336,,,,0.0,,0.0,,0.0
,,,0.06821705400943756,,0.6652823686599731,,,,,,,,,,,1.0,1.0,,,,,337,,,,0.0,,0.0,,0.0
,,,0.03203124925494194,,0.578125,,,,,,,,,,,1.0,1.0,,,,,338,,,,0.0,,0.0,,0.0
,,,0.0400390625,,0.5625,,,,,,,,,,,1.0,1.0,,,,,339,,,,0.0,,0.0,,0.0
,,,0.11226296424865723,,0.762536883354187,,,,,,,,,,,1.0,1.0,,,,,340,,,,0.0,,0.0,,0.0
,,,0.015625,,0.796875,,,,,,,,,,,1.0,1.0,,,,,341,,,,0.0,,0.0,,0.0
,,,0.013671875,,0.890625,,,,,,,,,,,1.0,1.0,,,,,342,,,,0.0,,0.0,,0.0
,,,0.012020202353596687,,0.5202020406723022,,,,,,,,,,,1.0,1.0,,,,,343,,,,0.0,,0.0,,0.0
,,,0.0008680555620230734,,0.3359375,,,,,,,,,,,1.0,1.0,,,,,344,,,,0.0,,0.0,,0.0
,,,0.0,,0.3359375,,,,,,,,,,,1.0,1.0,,,,,345,,,,0.0,,0.0,,0.0
,,,0.0,,0.4333333373069763,,,,,,,,,,,1.0,1.0,,,,,346,,,,0.0,,0.0,,0.0
,,,0.001953125,,0.6796875,,,,,,,,,,,1.0,1.0,,,,,347,,,,0.0,,0.0,,0.0
,,,0.0068359375,,0.71875,,,,,,,,,,,1.0,1.0,,,,,348,,,,0.0,,0.0,,0.0
,,,0.06250186264514923,,0.6554217338562012,,,,,,,,,,,1.0,1.0,,,,,349,,,,0.0,,0.0,,0.0
,,,0.0407986119389534,,0.71875,,,,,,,,,,,1.0,1.0,,,,,350,,,,0.0,,0.0,,0.0
,,,0.0537109375,,0.65625,,,,,,,,,,,1.0,1.0,,,,,351,,,,0.0,,0.0,,0.0
,,,0.04139433801174164,,0.6153552532196045,,,,,,,,,,,1.0,1.0,,,,,352,,,,0.0,,0.0,,0.0
,,,0.0009765625,,0.7890625,,,,,,,,,,,1.0,1.0,,,,,353,,,,0.0,,0.0,,0.0
,,,0.0008680555620230734,,0.84375,,,,,,,,,,,1.0,1.0,,,,,354,,,,0.0,,0.0,,0.0
,,,0.010631229728460312,,0.5908083915710449,,,,,,,,,,,1.0,1.0,,,,,355,,,,0.0,,0.0,,0.0
,,,0.013020833022892475,,0.515625,,,,,,,,,,,1.0,1.0,,,,,356,,,,0.0,,0.0,,0.0
,,,0.0126953125,,0.46875,,,,,,,,,,,1.0,1.0,,,,,357,,,,0.0,,0.0,,0.0
,,,0.011340206488966942,,0.5016627907752991,,,,,,,,,,,1.0,1.0,,,,,358,,,,0.0,,0.0,,0.0
,,,0.00434027798473835,,0.5546875,,,,,,,,,,,1.0,1.0,,,,,359,,,,0.0,,0.0,,0.0
,,,0.005859375,,0.5,,,,,,,,,,,1.0,1.0,,,,,360,,,,0.0,,0.0,,0.0
,,,0.0446428582072258,,0.6071428656578064,,,,,,,,,,,1.0,1.0,,,,,361,,,,0.0,,0.0,,0.0
,,,0.0451388880610466,,0.65625,,,,,,,,,,,1.0,1.0,,,,,362,,,,0.0,,0.0,,0.0
,,,0.0638020858168602,,0.6328125,,,,,,,,,,,1.0,1.0,,,,,363,,,,0.0,,0.0,,0.0
,,,0.11055611073970795,,0.696969747543335,,,,,,,,,,,1.0,1.0,,,,,364,,,,0.0,,0.0,,0.0
,,,0.0546875,,0.75,,,,,,,,,,,1.0,1.0,,,,,365,,,,0.0,,0.0,,0.0
,,,0.0355902761220932,,0.6484375,,,,,,,,,,,1.0,1.0,,,,,366,,,,0.0,,0.0,,0.0
,,,0.044619422405958176,,0.7637795209884644,,,,,,,,,,,1.0,1.0,,,,,367,,,,0.0,,0.0,,0.0
3,0.19649529457092285,0.18547342717647552,,0.6285085082054138,,,,,,,,,,,,,,13.517602920532227,464538.71875,2.6039927005767822,582.178466796875,883,,,0.0,,0.0,,0.0,
3,,,,,,0.6350690722465515,,2.904874563217163,,113.4917984008789,,,,,,,,,,,,883,2.414651870727539,,,,,,,
,,,,,,,,,,,,,,0.00016508778280542984,0.03,,,,,,,899,,,,,,,,
4,,,,,,,0.7417240142822266,,2.6020755767822266,,93.0,0.00016526697436347604,0.029999999329447746,,,1.0,1.0,,,,,899,,2.561131715774536,,,,,,
,,,,,,,,,,,,,,0.0001740470588235294,0.03,,,,,,,949,,,,,,,,
4,,,,,,,0.7859683036804199,,2.53108549118042,,87.25,0.00017422623932361603,0.029999999329447746,,,1.0,1.0,,,,,949,,2.4784045219421387,,,,,,
,,,,,,,,,,,,,,0.00018300633484162905,0.03,,,,,,,999,,,,,,,,
4,,,,,,,0.6814076900482178,,2.4060170650482178,,86.25,0.00018318551883567125,0.029999999329447746,,,1.0,1.0,,,,,999,,2.283416509628296,,,,,,
,,,,,,,,,,,,,,0.00019196561085972868,0.03,,,,,,,1049,,,,,,,,
4,,,,,,,0.678119421005249,,2.382220983505249,,85.1875,0.00019214479834772646,0.029999999329447746,,,1.0,1.0,,,,,1049,,2.375488519668579,,,,,,
,,,,,,,,,,,,,,0.00020092488687782826,0.03,,,,,,,1099,,,,,,,,
4,,,,,,,0.704121470451355,,2.2754106521606445,,78.5625,0.00020110407785978168,0.029999999329447746,,,1.0,1.0,,,,,1099,,2.4117484092712402,,,,,,
,,,0.01909722201526165,,0.4296875,,,,,,,,,,,1.0,1.0,,,,,368,,,,0.0,,0.0,,0.0
,,,0.017578125,,0.3984375,,,,,,,,,,,1.0,1.0,,,,,369,,,,0.0,,0.0,,0.0
,,,0.04420812427997589,,0.6894022822380066,,,,,,,,,,,1.0,1.0,,,,,370,,,,0.0,,0.0,,0.0
,,,0.02864583395421505,,0.875,,,,,,,,,,,1.0,1.0,,,,,371,,,,0.0,,0.0,,0.0
,,,0.0243055559694767,,0.828125,,,,,,,,,,,1.0,1.0,,,,,372,,,,0.0,,0.0,,0.0
,,,0.03806089609861374,,0.5480769276618958,,,,,,,,,,,1.0,1.0,,,,,373,,,,0.0,,0.0,,0.0
,,,0.0029296875,,0.203125,,,,,,,,,,,1.0,1.0,,,,,374,,,,0.0,,0.0,,0.0
,,,0.00434027798473835,,0.21875,,,,,,,,,,,1.0,1.0,,,,,375,,,,0.0,,0.0,,0.0
,,,0.009243376553058624,,0.3679245114326477,,,,,,,,,,,1.0,1.0,,,,,376,,,,0.0,,0.0,,0.0
,,,0.0008680555620230734,,0.5390625,,,,,,,,,,,1.0,1.0,,,,,377,,,,0.0,,0.0,,0.0
,,,0.00434027798473835,,0.5,,,,,,,,,,,1.0,1.0,,,,,378,,,,0.0,,0.0,,0.0
,,,0.00434027798473835,,0.546875,,,,,,,,,,,1.0,1.0,,,,,379,,,,0.0,,0.0,,0.0
,,,0.051428575068712234,,0.8880000114440918,,,,,,,,,,,1.0,1.0,,,,,380,,,,0.0,,0.0,,0.0
,,,0.0595703125,,0.75,,,,,,,,,,,1.0,1.0,,,,,381,,,,0.0,,0.0,,0.0
,,,0.041015625,,0.7109375,,,,,,,,,,,1.0,1.0,,,,,382,,,,0.0,,0.0,,0.0
,,,0.03402842581272125,,0.6610644459724426,,,,,,,,,,,1.0,1.0,,,,,383,,,,0.0,,0.0,,0.0
,,,0.01171875,,0.7734375,,,,,,,,,,,1.0,1.0,,,,,384,,,,0.0,,0.0,,0.0
,,,0.013671875,,0.765625,,,,,,,,,,,1.0,1.0,,,,,385,,,,0.0,,0.0,,0.0
,,,0.018804112449288368,,0.7813853025436401,,,,,,,,,,,1.0,1.0,,,,,386,,,,0.0,,0.0,,0.0
,,,0.0034722222480922937,,0.9453125,,,,,,,,,,,1.0,1.0,,,,,387,,,,0.0,,0.0,,0.0
,,,0.001953125,,0.921875,,,,,,,,,,,1.0,1.0,,,,,388,,,,0.0,,0.0,,0.0
,,,0.05731285363435745,,0.8929016590118408,,,,,,,,,,,1.0,1.0,,,,,389,,,,0.0,,0.0,,0.0
,,,0.048828125,,0.7109375,,,,,,,,,,,1.0,1.0,,,,,390,,,,0.0,,0.0,,0.0
,,,0.0556640625,,0.671875,,,,,,,,,,,1.0,1.0,,,,,391,,,,0.0,,0.0,,0.0
,,,0.052364531904459,,0.7566502690315247,,,,,,,,,,,1.0,1.0,,,,,392,,,,0.0,,0.0,,0.0
,,,0.02566964365541935,,0.7734375,,,,,,,,,,,1.0,1.0,,,,,393,,,,0.0,,0.0,,0.0
,,,0.0244140625,,0.8203125,,,,,,,,,,,1.0,1.0,,,,,394,,,,0.0,,0.0,,0.0
,,,0.019999999552965164,,0.7451572418212891,,,,,,,,,,,1.0,1.0,,,,,395,,,,0.0,,0.0,,0.0
,,,0.0,,0.75,,,,,,,,,,,1.0,1.0,,,,,396,,,,0.0,,0.0,,0.0
,,,0.0,,0.6640625,,,,,,,,,,,1.0,1.0,,,,,397,,,,0.0,,0.0,,0.0
,,,0.018087856471538544,,0.5213406085968018,,,,,,,,,,,1.0,1.0,,,,,398,,,,0.0,,0.0,,0.0
,,,0.0205078125,,0.4765625,,,,,,,,,,,1.0,1.0,,,,,399,,,,0.0,,0.0,,0.0
,,,0.0205078125,,0.375,,,,,,,,,,,1.0,1.0,,,,,400,,,,0.0,,0.0,,0.0
,,,0.04165298491716385,,0.6640394330024719,,,,,,,,,,,1.0,1.0,,,,,401,,,,0.0,,0.0,,0.0
,,,0.0295138880610466,,0.84375,,,,,,,,,,,1.0,1.0,,,,,402,,,,0.0,,0.0,,0.0
,,,0.01909722201526165,,0.84375,,,,,,,,,,,1.0,1.0,,,,,403,,,,0.0,,0.0,,0.0
,,,0.03856740891933441,,0.5307071208953857,,,,,,,,,,,1.0,1.0,,,,,404,,,,0.0,,0.0,,0.0
,,,0.0033482143189758062,,0.1875,,,,,,,,,,,1.0,1.0,,,,,405,,,,0.0,,0.0,,0.0
,,,0.0052083334885537624,,0.2421875,,,,,,,,,,,1.0,1.0,,,,,406,,,,0.0,,0.0,,0.0
,,,0.009798535145819187,,0.3731379806995392,,,,,,,,,,,1.0,1.0,,,,,407,,,,0.0,,0.0,,0.0
,,,0.0026041667442768812,,0.53125,,,,,,,,,,,1.0,1.0,,,,,408,,,,0.0,,0.0,,0.0
,,,0.0029296875,,0.5078125,,,,,,,,,,,1.0,1.0,,,,,409,,,,0.0,,0.0,,0.0
,,,0.05656565725803375,,0.7022727131843567,,,,,,,,,,,1.0,1.0,,,,,410,,,,0.0,,0.0,,0.0
,,,0.0419921875,,0.734375,,,,,,,,,,,1.0,1.0,,,,,411,,,,0.0,,0.0,,0.0
,,,0.052734375,,0.71875,,,,,,,,,,,1.0,1.0,,,,,412,,,,0.0,,0.0,,0.0
,,,0.05256570503115654,,0.7453066110610962,,,,,,,,,,,1.0,1.0,,,,,413,,,,0.0,,0.0,,0.0
,,,0.01171875,,0.6796875,,,,,,,,,,,1.0,1.0,,,,,414,,,,0.0,,0.0,,0.0
,,,0.0126953125,,0.78125,,,,,,,,,,,1.0,1.0,,,,,415,,,,0.0,,0.0,,0.0
,,,0.013392857275903225,,0.71875,,,,,,,,,,,1.0,1.0,,,,,416,,,,0.0,,0.0,,0.0
,,,0.005905511789023876,,0.9527559280395508,,,,,,,,,,,1.0,1.0,,,,,417,,,,0.0,,0.0,,0.0
,,,0.00434027798473835,,0.921875,,,,,,,,,,,1.0,1.0,,,,,418,,,,0.0,,0.0,,0.0
,,,0.0029296875,,0.921875,,,,,,,,,,,1.0,1.0,,,,,419,,,,0.0,,0.0,,0.0
,,,0.04406130313873291,,0.892241358757019,,,,,,,,,,,1.0,1.0,,,,,420,,,,0.0,,0.0,,0.0
,,,0.0546875,,0.75,,,,,,,,,,,1.0,1.0,,,,,421,,,,0.0,,0.0,,0.0
,,,0.0494791679084301,,0.671875,,,,,,,,,,,1.0,1.0,,,,,422,,,,0.0,,0.0,,0.0
,,,0.06095424294471741,,0.6923359036445618,,,,,,,,,,,1.0,1.0,,,,,423,,,,0.0,,0.0,,0.0
,,,0.02678571455180645,,0.8046875,,,,,,,,,,,1.0,1.0,,,,,424,,,,0.0,,0.0,,0.0
,,,0.0234375,,0.8046875,,,,,,,,,,,1.0,1.0,,,,,425,,,,0.0,,0.0,,0.0
,,,0.012500000186264515,,0.7447916269302368,,,,,,,,,,,1.0,1.0,,,,,426,,,,0.0,,0.0,,0.0
,,,0.0,,0.734375,,,,,,,,,,,1.0,1.0,,,,,427,,,,0.0,,0.0,,0.0
,,,0.0,,0.6796875,,,,,,,,,,,1.0,1.0,,,,,428,,,,0.0,,0.0,,0.0
,,,0.021802324801683426,,0.513012170791626,,,,,,,,,,,1.0,1.0,,,,,429,,,,0.0,,0.0,,0.0
,,,0.01953125,,0.4296875,,,,,,,,,,,1.0,1.0,,,,,430,,,,0.0,,0.0,,0.0
,,,0.013020833022892475,,0.390625,,,,,,,,,,,1.0,1.0,,,,,431,,,,0.0,,0.0,,0.0
,,,0.05270402878522873,,0.7890855669975281,,,,,,,,,,,1.0,1.0,,,,,432,,,,0.0,,0.0,,0.0
,,,0.02690972201526165,,0.828125,,,,,,,,,,,1.0,1.0,,,,,433,,,,0.0,,0.0,,0.0
,,,0.0225694440305233,,0.84375,,,,,,,,,,,1.0,1.0,,,,,434,,,,0.0,,0.0,,0.0
,,,0.03926767781376839,,0.5257575511932373,,,,,,,,,,,1.0,1.0,,,,,435,,,,0.0,,0.0,,0.0
,,,0.0048828125,,0.1953125,,,,,,,,,,,1.0,1.0,,,,,436,,,,0.0,,0.0,,0.0
,,,0.001953125,,0.2265625,,,,,,,,,,,1.0,1.0,,,,,437,,,,0.0,,0.0,,0.0
,,,0.01872428134083748,,0.42500001192092896,,,,,,,,,,,1.0,1.0,,,,,438,,,,0.0,,0.0,,0.0
,,,0.00434027798473835,,0.546875,,,,,,,,,,,1.0,1.0,,,,,439,,,,0.0,,0.0,,0.0
,,,0.0008680555620230734,,0.515625,,,,,,,,,,,1.0,1.0,,,,,440,,,,0.0,,0.0,,0.0
,,,0.05351405590772629,,0.6744310855865479,,,,,,,,,,,1.0,1.0,,,,,441,,,,0.0,,0.0,,0.0
,,,0.056640625,,0.7734375,,,,,,,,,,,1.0,1.0,,,,,442,,,,0.0,,0.0,,0.0
,,,0.0439453125,,0.7109375,,,,,,,,,,,1.0,1.0,,,,,443,,,,0.0,,0.0,,0.0
,,,0.04787369817495346,,0.6841100454330444,,,,,,,,,,,1.0,1.0,,,,,444,,,,0.0,,0.0,,0.0
,,,0.0126953125,,0.7421875,,,,,,,,,,,1.0,1.0,,,,,445,,,,0.0,,0.0,,0.0
,,,0.0107421875,,0.7578125,,,,,,,,,,,1.0,1.0,,,,,446,,,,0.0,,0.0,,0.0
,,,0.024986157193779945,,0.7890365123748779,,,,,,,,,,,1.0,1.0,,,,,447,,,,0.0,,0.0,,0.0
,,,0.00390625,,0.9453125,,,,,,,,,,,1.0,1.0,,,,,448,,,,0.0,,0.0,,0.0
,,,0.0034722222480922937,,0.90625,,,,,,,,,,,1.0,1.0,,,,,449,,,,0.0,,0.0,,0.0
,,,0.06434984505176544,,0.9103757739067078,,,,,,,,,,,1.0,1.0,,,,,450,,,,0.0,,0.0,,0.0
,,,0.046875,,0.765625,,,,,,,,,,,1.0,1.0,,,,,451,,,,0.0,,0.0,,0.0
,,,0.056640625,,0.6875,,,,,,,,,,,1.0,1.0,,,,,452,,,,0.0,,0.0,,0.0
,,,0.0615079365670681,,0.7410714626312256,,,,,,,,,,,1.0,1.0,,,,,453,,,,0.0,,0.0,,0.0
,,,0.0217013880610466,,0.78125,,,,,,,,,,,1.0,1.0,,,,,454,,,,0.0,,0.0,,0.0
,,,0.01953125,,0.796875,,,,,,,,,,,1.0,1.0,,,,,455,,,,0.0,,0.0,,0.0
,,,0.02350427396595478,,0.8193473219871521,,,,,,,,,,,1.0,1.0,,,,,456,,,,0.0,,0.0,,0.0
,,,0.0,,0.7109375,,,,,,,,,,,1.0,1.0,,,,,457,,,,0.0,,0.0,,0.0
,,,0.0,,0.6875,,,,,,,,,,,1.0,1.0,,,,,458,,,,0.0,,0.0,,0.0
,,,0.0,,0.7007874250411987,,,,,,,,,,,1.0,1.0,,,,,459,,,,0.0,,0.0,,0.0
4,0.20109397172927856,0.1571260690689087,,0.6637492179870605,,,,,,,,,,,,,,13.863941192626953,524721.4375,2.629291296005249,449.84466552734375,1104,,,0.0,,0.0,,0.0,
4,,,,,,0.6488956212997437,,2.5529801845550537,,95.20305633544922,,,,,,,,,,,,1104,2.4363129138946533,,,,,,,
,,,,,,,,,,,,,,0.0002098841628959279,0.03,,,,,,,1149,,,,,,,,
5,,,,,,,0.7513027191162109,,2.132162094116211,,69.0625,0.00021006334281992167,0.029999999329447746,,,1.0,1.0,,,,,1149,,2.4116063117980957,,,,,,
,,,,,,,,,,,,,,0.0002188434389140275,0.03,,,,,,,1199,,,,,,,,
5,,,,,,,0.665865421295166,,2.012545108795166,,67.3125,0.0002190226223319769,0.029999999329447746,,,1.0,1.0,,,,,1199,,2.291954517364502,,,,,,
,,,,,,,,,,,,,,0.000227802714932127,0.03,,,,,,,1249,,,,,,,,
5,,,,,,,0.6651285886764526,,2.066495895385742,,70.0625,0.0002279819018440321,0.029999999329447746,,,1.0,1.0,,,,,1249,,2.5604233741760254,,,,,,
,,,,,,,,,,,,,,0.0002367619909502264,0.03,,,,,,,1299,,,,,,,,
5,,,,,,,0.7245893478393555,,1.9628705978393555,,61.9375,0.00023694118135608733,0.029999999329447746,,,1.0,1.0,,,,,1299,,2.4465134143829346,,,,,,
,,,0.0008680555620230734,,0.7578125,,,,,,,,,,,1.0,1.0,,,,,460,,,,0.0,,0.0,,0.0
,,,0.0026041667442768812,,0.734375,,,,,,,,,,,1.0,1.0,,,,,461,,,,0.0,,0.0,,0.0
,,,0.049667928367853165,,0.7724605798721313,,,,,,,,,,,1.0,1.0,,,,,462,,,,0.0,,0.0,,0.0
,,,0.0658482164144516,,0.84375,,,,,,,,,,,1.0,1.0,,,,,463,,,,0.0,,0.0,,0.0
,,,0.0546875,,0.765625,,,,,,,,,,,1.0,1.0,,,,,464,,,,0.0,,0.0,,0.0
,,,0.11172160506248474,,0.7692307829856873,,,,,,,,,,,1.0,1.0,,,,,465,,,,0.0,,0.0,,0.0
,,,0.033203125,,0.703125,,,,,,,,,,,1.0,1.0,,,,,466,,,,0.0,,0.0,,0.0
,,,0.0368303582072258,,0.7109375,,,,,,,,,,,1.0,1.0,,,,,467,,,,0.0,,0.0,,0.0
,,,0.048885077238082886,,0.619210958480835,,,,,,,,,,,1.0,1.0,,,,,468,,,,0.0,,0.0,,0.0
,,,0.0029296875,,0.5390625,,,,,,,,,,,1.0,1.0,,,,,469,,,,0.0,,0.0,,0.0
,,,0.0008680555620230734,,0.5859375,,,,,,,,,,,1.0,1.0,,,,,470,,,,0.0,,0.0,,0.0
,,,0.00390625,,0.5859375,,,,,,,,,,,1.0,1.0,,,,,471,,,,0.0,,0.0,,0.0
,,,0.0989999994635582,,0.7693333625793457,,,,,,,,,,,1.0,1.0,,,,,472,,,,0.0,,0.0,,0.0
,,,0.1223958358168602,,0.8046875,,,,,,,,,,,1.0,1.0,,,,,473,,,,0.0,,0.0,,0.0
,,,0.087890625,,0.7734375,,,,,,,,,,,1.0,1.0,,,,,474,,,,0.0,,0.0,,0.0
,,,0.0982726439833641,,0.6241829991340637,,,,,,,,,,,1.0,1.0,,,,,475,,,,0.0,,0.0,,0.0
,,,0.005859375,,0.5625,,,,,,,,,,,1.0,1.0,,,,,476,,,,0.0,,0.0,,0.0
,,,0.0029296875,,0.6484375,,,,,,,,,,,1.0,1.0,,,,,477,,,,0.0,,0.0,,0.0
,,,0.010146103799343109,,0.5871211886405945,,,,,,,,,,,1.0,1.0,,,,,478,,,,0.0,,0.0,,0.0
,,,0.006076388992369175,,0.640625,,,,,,,,,,,1.0,1.0,,,,,479,,,,0.0,,0.0,,0.0
,,,0.007031249813735485,,0.6015625,,,,,,,,,,,1.0,1.0,,,,,480,,,,0.0,,0.0,,0.0
,,,0.007272726856172085,,0.5513075590133667,,,,,,,,,,,1.0,1.0,,,,,481,,,,0.0,,0.0,,0.0
,,,0.0,,0.5703125,,,,,,,,,,,1.0,1.0,,,,,482,,,,0.0,,0.0,,0.0
,,,0.0,,0.5546875,,,,,,,,,,,1.0,1.0,,,,,483,,,,0.0,,0.0,,0.0
,,,0.035911329090595245,,0.5977832078933716,,,,,,,,,,,1.0,1.0,,,,,484,,,,0.0,,0.0,,0.0
,,,0.0303819440305233,,0.6640625,,,,,,,,,,,1.0,1.0,,,,,485,,,,0.0,,0.0,,0.0
,,,0.0251736119389534,,0.75,,,,,,,,,,,1.0,1.0,,,,,486,,,,0.0,,0.0,,0.0
,,,0.05861635506153107,,0.6391195058822632,,,,,,,,,,,1.0,1.0,,,,,487,,,,0.0,,0.0,,0.0
,,,0.0334821417927742,,0.71875,,,,,,,,,,,1.0,1.0,,,,,488,,,,0.0,,0.0,,0.0
,,,0.01909722201526165,,0.625,,,,,,,,,,,1.0,1.0,,,,,489,,,,0.0,,0.0,,0.0
,,,0.01764705963432789,,0.7306429743766785,,,,,,,,,,,1.0,1.0,,,,,490,,,,0.0,,0.0,,0.0
,,,0.0034722222480922937,,0.7578125,,,,,,,,,,,1.0,1.0,,,,,491,,,,0.0,,0.0,,0.0
,,,0.0017361111240461469,,0.703125,,,,,,,,,,,1.0,1.0,,,,,492,,,,0.0,,0.0,,0.0
,,,0.047016970813274384,,0.7519704103469849,,,,,,,,,,,1.0,1.0,,,,,493,,,,0.0,,0.0,,0.0
,,,0.068359375,,0.8359375,,,,,,,,,,,1.0,1.0,,,,,494,,,,0.0,,0.0,,0.0
,,,0.0580357126891613,,0.765625,,,,,,,,,,,1.0,1.0,,,,,495,,,,0.0,,0.0,,0.0
,,,0.10650494694709778,,0.7822363376617432,,,,,,,,,,,1.0,1.0,,,,,496,,,,0.0,,0.0,,0.0
,,,0.0412946417927742,,0.7265625,,,,,,,,,,,1.0,1.0,,,,,497,,,,0.0,,0.0,,0.0
,,,0.0302734375,,0.6171875,,,,,,,,,,,1.0,1.0,,,,,498,,,,0.0,,0.0,,0.0
,,,0.043406594544649124,,0.5857143402099609,,,,,,,,,,,1.0,1.0,,,,,499,,,,0.0,,0.0,,0.0
,,,0.0026041667442768812,,0.5625,,,,,,,,,,,1.0,1.0,,,,,500,,,,0.0,,0.0,,0.0
,,,0.0,,0.578125,,,,,,,,,,,1.0,1.0,,,,,501,,,,0.0,,0.0,,0.0
,,,0.11051137000322342,,0.7397726774215698,,,,,,,,,,,1.0,1.0,,,,,502,,,,0.0,,0.0,,0.0
,,,0.0947265625,,0.828125,,,,,,,,,,,1.0,1.0,,,,,503,,,,0.0,,0.0,,0.0
,,,0.0859375,,0.765625,,,,,,,,,,,1.0,1.0,,,,,504,,,,0.0,,0.0,,0.0
,,,0.10638297349214554,,0.6448686122894287,,,,,,,,,,,1.0,1.0,,,,,505,,,,0.0,,0.0,,0.0
,,,0.00390625,,0.5390625,,,,,,,,,,,1.0,1.0,,,,,506,,,,0.0,,0.0,,0.0
,,,0.0029296875,,0.5390625,,,,,,,,,,,1.0,1.0,,,,,507,,,,0.0,,0.0,,0.0
,,,0.00390625,,0.640625,,,,,,,,,,,1.0,1.0,,,,,508,,,,0.0,,0.0,,0.0
,,,0.005905511789023876,,0.8070865869522095,,,,,,,,,,,1.0,1.0,,,,,509,,,,0.0,,0.0,,0.0
,,,0.0052083334885537624,,0.5859375,,,,,,,,,,,1.0,1.0,,,,,510,,,,0.0,,0.0,,0.0
,,,0.008593750186264515,,0.609375,,,,,,,,,,,1.0,1.0,,,,,511,,,,0.0,,0.0,,0.0
,,,0.008333333767950535,,0.44252872467041016,,,,,,,,,,,1.0,1.0,,,,,512,,,,0.0,,0.0,,0.0
,,,0.0,,0.59375,,,,,,,,,,,1.0,1.0,,,,,513,,,,0.0,,0.0,,0.0
,,,0.0,,0.4921875,,,,,,,,,,,1.0,1.0,,,,,514,,,,0.0,,0.0,,0.0
,,,0.03340667486190796,,0.6292629241943359,,,,,,,,,,,1.0,1.0,,,,,515,,,,0.0,,0.0,,0.0
,,,0.0251736119389534,,0.7109375,,,,,,,,,,,1.0,1.0,,,,,516,,,,0.0,,0.0,,0.0
,,,0.0364583320915699,,0.734375,,,,,,,,,,,1.0,1.0,,,,,517,,,,0.0,,0.0,,0.0
,,,0.054398149251937866,,0.6145833730697632,,,,,,,,,,,1.0,1.0,,,,,518,,,,0.0,,0.0,,0.0
,,,0.0217013880610466,,0.6875,,,,,,,,,,,1.0,1.0,,,,,519,,,,0.0,,0.0,,0.0
,,,0.0223214291036129,,0.625,,,,,,,,,,,1.0,1.0,,,,,520,,,,0.0,,0.0,,0.0
,,,0.018518518656492233,,0.7286821603775024,,,,,,,,,,,1.0,1.0,,,,,521,,,,0.0,,0.0,,0.0
,,,0.0034722222480922937,,0.734375,,,,,,,,,,,1.0,1.0,,,,,522,,,,0.0,,0.0,,0.0
,,,0.0034722222480922937,,0.671875,,,,,,,,,,,1.0,1.0,,,,,523,,,,0.0,,0.0,,0.0
,,,0.07399915903806686,,0.8159291744232178,,,,,,,,,,,1.0,1.0,,,,,524,,,,0.0,,0.0,,0.0
,,,0.0576171875,,0.78125,,,,,,,,,,,1.0,1.0,,,,,525,,,,0.0,,0.0,,0.0
,,,0.0669642835855484,,0.7890625,,,,,,,,,,,1.0,1.0,,,,,526,,,,0.0,,0.0,,0.0
,,,0.0998557060956955,,0.7803030014038086,,,,,,,,,,,1.0,1.0,,,,,527,,,,0.0,,0.0,,0.0
,,,0.0424107126891613,,0.7265625,,,,,,,,,,,1.0,1.0,,,,,528,,,,0.0,,0.0,,0.0
,,,0.0322265625,,0.578125,,,,,,,,,,,1.0,1.0,,,,,529,,,,0.0,,0.0,,0.0
,,,0.020899470895528793,,0.5731481313705444,,,,,,,,,,,1.0,1.0,,,,,530,,,,0.0,,0.0,,0.0
,,,0.0017361111240461469,,0.609375,,,,,,,,,,,1.0,1.0,,,,,531,,,,0.0,,0.0,,0.0
,,,0.0009765625,,0.546875,,,,,,,,,,,1.0,1.0,,,,,532,,,,0.0,,0.0,,0.0
,,,0.09329169243574142,,0.7619812488555908,,,,,,,,,,,1.0,1.0,,,,,533,,,,0.0,,0.0,,0.0
,,,0.125,,0.8203125,,,,,,,,,,,1.0,1.0,,,,,534,,,,0.0,,0.0,,0.0
,,,0.0807291641831398,,0.7734375,,,,,,,,,,,1.0,1.0,,,,,535,,,,0.0,,0.0,,0.0
,,,0.0833333358168602,,0.6389101147651672,,,,,,,,,,,1.0,1.0,,,,,536,,,,0.0,,0.0,,0.0
,,,0.00390625,,0.5546875,,,,,,,,,,,1.0,1.0,,,,,537,,,,0.0,,0.0,,0.0
,,,0.0026041667442768812,,0.578125,,,,,,,,,,,1.0,1.0,,,,,538,,,,0.0,,0.0,,0.0
,,,0.004360465332865715,,0.6533776521682739,,,,,,,,,,,1.0,1.0,,,,,539,,,,0.0,,0.0,,0.0
,,,0.0078125,,0.6015625,,,,,,,,,,,1.0,1.0,,,,,540,,,,0.0,,0.0,,0.0
,,,0.0052083334885537624,,0.5703125,,,,,,,,,,,1.0,1.0,,,,,541,,,,0.0,,0.0,,0.0
,,,0.00927835050970316,,0.5789823532104492,,,,,,,,,,,1.0,1.0,,,,,542,,,,0.0,,0.0,,0.0
,,,0.0,,0.59375,,,,,,,,,,,1.0,1.0,,,,,543,,,,0.0,,0.0,,0.0
,,,0.0,,0.578125,,,,,,,,,,,1.0,1.0,,,,,544,,,,0.0,,0.0,,0.0
,,,0.02777777798473835,,0.7053571343421936,,,,,,,,,,,1.0,1.0,,,,,545,,,,0.0,,0.0,,0.0
,,,0.03125,,0.6484375,,,,,,,,,,,1.0,1.0,,,,,546,,,,0.0,,0.0,,0.0
,,,0.029296875,,0.75,,,,,,,,,,,1.0,1.0,,,,,547,,,,0.0,,0.0,,0.0
,,,0.07649141550064087,,0.618881106376648,,,,,,,,,,,1.0,1.0,,,,,548,,,,0.0,,0.0,,0.0
,,,0.0263671875,,0.703125,,,,,,,,,,,1.0,1.0,,,,,549,,,,0.0,,0.0,,0.0
,,,0.0224609375,,0.625,,,,,,,,,,,1.0,1.0,,,,,550,,,,0.0,,0.0,,0.0
,,,0.023622047156095505,,0.6614173054695129,,,,,,,,,,,1.0,1.0,,,,,551,,,,0.0,,0.0,,0.0
5,0.23489147424697876,0.20705804228782654,,0.667087972164154,,,,,,,,,,,,,,16.169790267944336,445700.78125,2.78314471244812,509.388916015625,1325,,,0.0,,0.0,,0.0,
5,,,,,,0.6948692798614502,,2.0904386043548584,,69.77983856201172,,,,,,,,,,,,1325,2.497220516204834,,,,,,,
,,,,,,,,,,,,,,0.0002457212669683259,0.03,,,,,,,1349,,,,,,,,
6,,,,,,,0.6686907410621643,,1.9929094314575195,,66.1875,0.0002459004463162273,0.029999999329447746,,,1.0,1.0,,,,,1349,,2.489008665084839,,,,,,
,,,,,,,,,,,,,,0.00025468054298642554,0.03,,,,,,,1399,,,,,,,,
6,,,,,,,0.6779378056526184,,2.0880939960479736,,70.5,0.00025485974038019776,0.029999999329447746,,,1.0,1.0,,,,,1399,,2.4176979064941406,,,,,,
,,,,,,,,,,,,,,0.00026363981900452514,0.03,,,,,,,1449,,,,,,,,
6,,,,,,,0.7090296745300293,,2.0176234245300293,,65.4375,0.00026381900534033775,0.029999999329447746,,,1.0,1.0,,,,,1449,,2.265341281890869,,,,,,
,,,,,,,,,,,,,,0.00027259909502262486,0.03,,,,,,,1499,,,,,,,,
6,,,,,,,0.6697438359260559,,1.8963062763214111,,61.3125,0.00027277827030047774,0.029999999329447746,,,1.0,1.0,,,,,1499,,2.43686580657959,,,,,,
,,,0.01822916604578495,,0.7890625,,,,,,,,,,,1.0,1.0,,,,,552,,,,0.0,,0.0,,0.0
,,,0.0234375,,0.7578125,,,,,,,,,,,1.0,1.0,,,,,553,,,,0.0,,0.0,,0.0
,,,0.021782178431749344,,0.7515584826469421,,,,,,,,,,,1.0,1.0,,,,,554,,,,0.0,,0.0,,0.0
,,,0.0,,0.796875,,,,,,,,,,,1.0,1.0,,,,,555,,,,0.0,,0.0,,0.0
,,,0.0008680555620230734,,0.765625,,,,,,,,,,,1.0,1.0,,,,,556,,,,0.0,,0.0,,0.0
,,,0.006089744158089161,,0.7323718070983887,,,,,,,,,,,1.0,1.0,,,,,557,,,,0.0,,0.0,,0.0
,,,0.015625,,0.7734375,,,,,,,,,,,1.0,1.0,,,,,558,,,,0.0,,0.0,,0.0
,,,0.01406249962747097,,0.6953125,,,,,,,,,,,1.0,1.0,,,,,559,,,,0.0,,0.0,,0.0
,,,0.012578616850078106,,0.6312178373336792,,,,,,,,,,,1.0,1.0,,,,,560,,,,0.0,,0.0,,0.0
,,,0.0086805559694767,,0.5078125,,,,,,,,,,,1.0,1.0,,,,,561,,,,0.0,,0.0,,0.0
,,,0.004687500186264515,,0.5625,,,,,,,,,,,1.0,1.0,,,,,562,,,,0.0,,0.0,,0.0
,,,0.0078125,,0.5546875,,,,,,,,,,,1.0,1.0,,,,,563,,,,0.0,,0.0,,0.0
,,,0.07500000298023224,,0.41999998688697815,,,,,,,,,,,1.0,1.0,,,,,564,,,,0.0,,0.0,,0.0
,,,0.05937499925494194,,0.7734375,,,,,,,,,,,1.0,1.0,,,,,565,,,,0.0,,0.0,,0.0
,,,0.0598958320915699,,0.7109375,,,,,,,,,,,1.0,1.0,,,,,566,,,,0.0,,0.0,,0.0
,,,0.10725957155227661,,0.6820728778839111,,,,,,,,,,,1.0,1.0,,,,,567,,,,0.0,,0.0,,0.0
,,,0.0355902761220932,,0.71875,,,,,,,,,,,1.0,1.0,,,,,568,,,,0.0,,0.0,,0.0
,,,0.0390625,,0.734375,,,,,,,,,,,1.0,1.0,,,,,569,,,,0.0,,0.0,,0.0
,,,0.043290041387081146,,0.6872293949127197,,,,,,,,,,,1.0,1.0,,,,,570,,,,0.0,,0.0,,0.0
,,,0.0052083334885537624,,0.78125,,,,,,,,,,,1.0,1.0,,,,,571,,,,0.0,,0.0,,0.0
,,,0.0026041667442768812,,0.703125,,,,,,,,,,,1.0,1.0,,,,,572,,,,0.0,,0.0,,0.0
,,,0.011650754138827324,,0.630635142326355,,,,,,,,,,,1.0,1.0,,,,,573,,,,0.0,,0.0,,0.0
,,,0.010416666977107525,,0.421875,,,,,,,,,,,1.0,1.0,,,,,574,,,,0.0,,0.0,,0.0
,,,0.0086805559694767,,0.4453125,,,,,,,,,,,1.0,1.0,,,,,575,,,,0.0,,0.0,,0.0
,,,0.03316912800073624,,0.5889162421226501,,,,,,,,,,,1.0,1.0,,,,,576,,,,0.0,,0.0,,0.0
,,,0.0434027761220932,,0.6640625,,,,,,,,,,,1.0,1.0,,,,,577,,,,0.0,,0.0,,0.0
,,,0.0494791679084301,,0.6484375,,,,,,,,,,,1.0,1.0,,,,,578,,,,0.0,,0.0,,0.0
,,,0.08709992468357086,,0.79509437084198,,,,,,,,,,,1.0,1.0,,,,,579,,,,0.0,,0.0,,0.0
,,,0.04296875,,0.7734375,,,,,,,,,,,1.0,1.0,,,,,580,,,,0.0,,0.0,,0.0
,,,0.0477430559694767,,0.734375,,,,,,,,,,,1.0,1.0,,,,,581,,,,0.0,,0.0,,0.0
,,,0.05471956357359886,,0.7544459700584412,,,,,,,,,,,1.0,1.0,,,,,582,,,,0.0,,0.0,,0.0
,,,0.025390625,,0.828125,,,,,,,,,,,1.0,1.0,,,,,583,,,,0.0,,0.0,,0.0
,,,0.0224609375,,0.7265625,,,,,,,,,,,1.0,1.0,,,,,584,,,,0.0,,0.0,,0.0
,,,0.03017241321504116,,0.7879310846328735,,,,,,,,,,,1.0,1.0,,,,,585,,,,0.0,,0.0,,0.0
,,,0.0,,0.765625,,,,,,,,,,,1.0,1.0,,,,,586,,,,0.0,,0.0,,0.0
,,,0.0008680555620230734,,0.7890625,,,,,,,,,,,1.0,1.0,,,,,587,,,,0.0,,0.0,,0.0
,,,0.013726449571549892,,0.7605823278427124,,,,,,,,,,,1.0,1.0,,,,,588,,,,0.0,,0.0,,0.0
,,,0.01328125037252903,,0.7421875,,,,,,,,,,,1.0,1.0,,,,,589,,,,0.0,,0.0,,0.0
,,,0.017578125,,0.75,,,,,,,,,,,1.0,1.0,,,,,590,,,,0.0,,0.0,,0.0
,,,0.020892687141895294,,0.6030524969100952,,,,,,,,,,,1.0,1.0,,,,,591,,,,0.0,,0.0,,0.0
,,,0.0069444444961845875,,0.5234375,,,,,,,,,,,1.0,1.0,,,,,592,,,,0.0,,0.0,,0.0
,,,0.0062500000931322575,,0.5703125,,,,,,,,,,,1.0,1.0,,,,,593,,,,0.0,,0.0,,0.0
,,,0.07575757801532745,,0.7113636136054993,,,,,,,,,,,1.0,1.0,,,,,594,,,,0.0,,0.0,,0.0
,,,0.0642361119389534,,0.7890625,,,,,,,,,,,1.0,1.0,,,,,595,,,,0.0,,0.0,,0.0
,,,0.05624999850988388,,0.7265625,,,,,,,,,,,1.0,1.0,,,,,596,,,,0.0,,0.0,,0.0
,,,0.12828534841537476,,0.7747184038162231,,,,,,,,,,,1.0,1.0,,,,,597,,,,0.0,,0.0,,0.0
,,,0.0361328125,,0.6171875,,,,,,,,,,,1.0,1.0,,,,,598,,,,0.0,,0.0,,0.0
,,,0.0321180559694767,,0.78125,,,,,,,,,,,1.0,1.0,,,,,599,,,,0.0,,0.0,,0.0
,,,0.03750000149011612,,0.6953125,,,,,,,,,,,1.0,1.0,,,,,600,,,,0.0,,0.0,,0.0
,,,0.006124234292656183,,0.3858267664909363,,,,,,,,,,,1.0,1.0,,,,,601,,,,0.0,,0.0,,0.0
,,,0.0068359375,,0.7265625,,,,,,,,,,,1.0,1.0,,,,,602,,,,0.0,,0.0,,0.0
,,,0.0017361111240461469,,0.7265625,,,,,,,,,,,1.0,1.0,,,,,603,,,,0.0,,0.0,,0.0
,,,0.018837803974747658,,0.6163793206214905,,,,,,,,,,,1.0,1.0,,,,,604,,,,0.0,,0.0,,0.0
,,,0.009548611007630825,,0.3984375,,,,,,,,,,,1.0,1.0,,,,,605,,,,0.0,,0.0,,0.0
,,,0.006076388992369175,,0.4609375,,,,,,,,,,,1.0,1.0,,,,,606,,,,0.0,,0.0,,0.0
,,,0.04534897953271866,,0.6650165319442749,,,,,,,,,,,1.0,1.0,,,,,607,,,,0.0,,0.0,,0.0
,,,0.0399305559694767,,0.640625,,,,,,,,,,,1.0,1.0,,,,,608,,,,0.0,,0.0,,0.0
,,,0.0361328125,,0.6796875,,,,,,,,,,,1.0,1.0,,,,,609,,,,0.0,,0.0,,0.0
,,,0.08564814925193787,,0.8020833730697632,,,,,,,,,,,1.0,1.0,,,,,610,,,,0.0,,0.0,,0.0
,,,0.04374999925494194,,0.765625,,,,,,,,,,,1.0,1.0,,,,,611,,,,0.0,,0.0,,0.0
,,,0.0460069440305233,,0.765625,,,,,,,,,,,1.0,1.0,,,,,612,,,,0.0,,0.0,,0.0
,,,0.05383290350437164,,0.7763012647628784,,,,,,,,,,,1.0,1.0,,,,,613,,,,0.0,,0.0,,0.0
,,,0.0244140625,,0.78125,,,,,,,,,,,1.0,1.0,,,,,614,,,,0.0,,0.0,,0.0
,,,0.025390625,,0.75,,,,,,,,,,,1.0,1.0,,,,,615,,,,0.0,,0.0,,0.0
,,,0.0416666679084301,,0.8026548624038696,,,,,,,,,,,1.0,1.0,,,,,616,,,,0.0,,0.0,,0.0
,,,0.0,,0.7421875,,,,,,,,,,,1.0,1.0,,,,,617,,,,0.0,,0.0,,0.0
,,,0.0026041667442768812,,0.828125,,,,,,,,,,,1.0,1.0,,,,,618,,,,0.0,,0.0,,0.0
,,,0.011818181723356247,,0.7383838295936584,,,,,,,,,,,1.0,1.0,,,,,619,,,,0.0,,0.0,,0.0
,,,0.012500000186264515,,0.7421875,,,,,,,,,,,1.0,1.0,,,,,620,,,,0.0,,0.0,,0.0
,,,0.0185546875,,0.6953125,,,,,,,,,,,1.0,1.0,,,,,621,,,,0.0,,0.0,,0.0
,,,0.013333333656191826,,0.6685185432434082,,,,,,,,,,,1.0,1.0,,,,,622,,,,0.0,,0.0,,0.0
,,,0.0054687499068677425,,0.5078125,,,,,,,,,,,1.0,1.0,,,,,623,,,,0.0,,0.0,,0.0
,,,0.006076388992369175,,0.59375,,,,,,,,,,,1.0,1.0,,,,,624,,,,0.0,,0.0,,0.0
,,,0.0808270126581192,,0.6601070761680603,,,,,,,,,,,1.0,1.0,,,,,625,,,,0.0,,0.0,,0.0
,,,0.0642361119389534,,0.8203125,,,,,,,,,,,1.0,1.0,,,,,626,,,,0.0,,0.0,,0.0
,,,0.0703125,,0.7109375,,,,,,,,,,,1.0,1.0,,,,,627,,,,0.0,,0.0,,0.0
,,,0.09778457134962082,,0.7165775299072266,,,,,,,,,,,1.0,1.0,,,,,628,,,,0.0,,0.0,,0.0
,,,0.0390625,,0.6484375,,,,,,,,,,,1.0,1.0,,,,,629,,,,0.0,,0.0,,0.0
,,,0.03125,,0.7734375,,,,,,,,,,,1.0,1.0,,,,,630,,,,0.0,,0.0,,0.0
,,,0.046696197241544724,,0.7004429697990417,,,,,,,,,,,1.0,1.0,,,,,631,,,,0.0,,0.0,,0.0
,,,0.0052083334885537624,,0.75,,,,,,,,,,,1.0,1.0,,,,,632,,,,0.0,,0.0,,0.0
,,,0.0052083334885537624,,0.7109375,,,,,,,,,,,1.0,1.0,,,,,633,,,,0.0,,0.0,,0.0
,,,0.013043638318777084,,0.6233787536621094,,,,,,,,,,,1.0,1.0,,,,,634,,,,0.0,,0.0,,0.0
,,,0.009548611007630825,,0.453125,,,,,,,,,,,1.0,1.0,,,,,635,,,,0.0,,0.0,,0.0
,,,0.009548611007630825,,0.453125,,,,,,,,,,,1.0,1.0,,,,,636,,,,0.0,,0.0,,0.0
,,,0.01984127052128315,,0.4866071343421936,,,,,,,,,,,1.0,1.0,,,,,637,,,,0.0,,0.0,,0.0
,,,0.0458984375,,0.703125,,,,,,,,,,,1.0,1.0,,,,,638,,,,0.0,,0.0,,0.0
,,,0.0435267873108387,,0.5859375,,,,,,,,,,,1.0,1.0,,,,,639,,,,0.0,,0.0,,0.0
,,,0.09479409456253052,,0.8348873853683472,,,,,,,,,,,1.0,1.0,,,,,640,,,,0.0,,0.0,,0.0
,,,0.0451388880610466,,0.765625,,,,,,,,,,,1.0,1.0,,,,,641,,,,0.0,,0.0,,0.0
,,,0.0494791679084301,,0.71875,,,,,,,,,,,1.0,1.0,,,,,642,,,,0.0,,0.0,,0.0
,,,0.04286964237689972,,0.8031495809555054,,,,,,,,,,,1.0,1.0,,,,,643,,,,0.0,,0.0,,0.0
6,0.2410915195941925,0.21536415815353394,,0.6947391629219055,,,,,,,,,,,,,,18.069562911987305,347833.65625,2.894228935241699,488.5003967285156,1546,,,0.0,,0.0,,0.0,
6,,,,,,0.6979393362998962,,1.9829628467559814,,64.25127410888672,,,,,,,,,,,,1546,2.3848862648010254,,,,,,,
,,,,,,,,,,,,,,0.0002815583710407244,0.03,,,,,,,1549,,,,,,,,
7,,,,,,,0.7098929286003113,,1.830010175704956,,56.0,0.0002817375643644482,0.029999999329447746,,,1.0,1.0,,,,,1549,,2.4007906913757324,,,,,,
,,,,,,,,,,,,,,0.000290517647058824,0.03,,,,,,,1599,,,,,,,,
7,,,,,,,0.7597454190254211,,1.8476359844207764,,54.375,0.0002906968293245882,0.029999999329447746,,,1.0,1.0,,,,,1599,,2.362426996231079,,,,,,
,,,,,,,,,,,,,,0.00029947692307692383,0.03,,,,,,,1649,,,,,,,,
7,,,,,,,0.7229692339897156,,1.8977739810943604,,58.75,0.00029965609428472817,0.029999999329447746,,,1.0,1.0,,,,,1649,,2.3218724727630615,,,,,,
,,,,,,,,,,,,,,0.0003084361990950235,0.03,,,,,,,1699,,,,,,,,
7,,,,,,,0.7198783159255981,,1.7618705034255981,,52.09375,0.0003086153883486986,0.029999999329447746,,,1.0,1.0,,,,,1699,,2.3028619289398193,,,,,,
,,,,,,,,,,,,,,0.0003173954751131231,0.03,,,,,,,1749,,,,,,,,
7,,,,,,,0.718176543712616,,1.8168094158172607,,54.9375,0.0003175746533088386,0.029999999329447746,,,1.0,1.0,,,,,1749,,2.50299072265625,,,,,,
,,,0.0390625,,0.7578125,,,,,,,,,,,1.0,1.0,,,,,644,,,,0.0,,0.0,,0.0
,,,0.0460069440305233,,0.7109375,,,,,,,,,,,1.0,1.0,,,,,645,,,,0.0,,0.0,,0.0
,,,0.045287858694791794,,0.5194352865219116,,,,,,,,,,,1.0,1.0,,,,,646,,,,0.0,,0.0,,0.0
,,,0.01227678544819355,,0.3046875,,,,,,,,,,,1.0,1.0,,,,,647,,,,0.0,,0.0,,0.0
,,,0.013671875,,0.359375,,,,,,,,,,,1.0,1.0,,,,,648,,,,0.0,,0.0,,0.0
,,,0.016737893223762512,,0.5705128312110901,,,,,,,,,,,1.0,1.0,,,,,649,,,,0.0,,0.0,,0.0
,,,0.0007812500116415322,,0.59375,,,,,,,,,,,1.0,1.0,,,,,650,,,,0.0,,0.0,,0.0
,,,0.0052083334885537624,,0.6640625,,,,,,,,,,,1.0,1.0,,,,,651,,,,0.0,,0.0,,0.0
,,,0.03464836999773979,,0.7126929759979248,,,,,,,,,,,1.0,1.0,,,,,652,,,,0.0,,0.0,,0.0
,,,0.04218750074505806,,0.6875,,,,,,,,,,,1.0,1.0,,,,,653,,,,0.0,,0.0,,0.0
,,,0.03203124925494194,,0.6171875,,,,,,,,,,,1.0,1.0,,,,,654,,,,0.0,,0.0,,0.0
,,,0.0390625,,0.6640625,,,,,,,,,,,1.0,1.0,,,,,655,,,,0.0,,0.0,,0.0
,,,0.10281481593847275,,0.5546666979789734,,,,,,,,,,,1.0,1.0,,,,,656,,,,0.0,,0.0,,0.0
,,,0.05703125149011612,,0.7421875,,,,,,,,,,,1.0,1.0,,,,,657,,,,0.0,,0.0,,0.0
,,,0.0572916679084301,,0.6953125,,,,,,,,,,,1.0,1.0,,,,,658,,,,0.0,,0.0,,0.0
,,,0.10208527743816376,,0.8123249411582947,,,,,,,,,,,1.0,1.0,,,,,659,,,,0.0,,0.0,,0.0
,,,0.02500000037252903,,0.9453125,,,,,,,,,,,1.0,1.0,,,,,660,,,,0.0,,0.0,,0.0
,,,0.0341796875,,0.96875,,,,,,,,,,,1.0,1.0,,,,,661,,,,0.0,,0.0,,0.0
,,,0.018290042877197266,,0.6022727489471436,,,,,,,,,,,1.0,1.0,,,,,662,,,,0.0,,0.0,,0.0
,,,0.00390625,,0.296875,,,,,,,,,,,1.0,1.0,,,,,663,,,,0.0,,0.0,,0.0
,,,0.0031250000465661287,,0.28125,,,,,,,,,,,1.0,1.0,,,,,664,,,,0.0,,0.0,,0.0
,,,0.013225404545664787,,0.5586550235748291,,,,,,,,,,,1.0,1.0,,,,,665,,,,0.0,,0.0,,0.0
,,,0.008593750186264515,,0.7890625,,,,,,,,,,,1.0,1.0,,,,,666,,,,0.0,,0.0,,0.0
,,,0.008593750186264515,,0.8515625,,,,,,,,,,,1.0,1.0,,,,,667,,,,0.0,,0.0,,0.0
,,,0.037536945194005966,,0.7780787944793701,,,,,,,,,,,1.0,1.0,,,,,668,,,,0.0,,0.0,,0.0
,,,0.0147569440305233,,0.7734375,,,,,,,,,,,1.0,1.0,,,,,669,,,,0.0,,0.0,,0.0
,,,0.0205078125,,0.7109375,,,,,,,,,,,1.0,1.0,,,,,670,,,,0.0,,0.0,,0.0
,,,0.05403214693069458,,0.8178616762161255,,,,,,,,,,,1.0,1.0,,,,,671,,,,0.0,,0.0,,0.0
,,,0.03515625,,0.859375,,,,,,,,,,,1.0,1.0,,,,,672,,,,0.0,,0.0,,0.0
,,,0.0234375,,0.828125,,,,,,,,,,,1.0,1.0,,,,,673,,,,0.0,,0.0,,0.0
,,,0.07942543923854828,,0.7489740252494812,,,,,,,,,,,1.0,1.0,,,,,674,,,,0.0,,0.0,,0.0
,,,0.04062499850988388,,0.7890625,,,,,,,,,,,1.0,1.0,,,,,675,,,,0.0,,0.0,,0.0
,,,0.03750000149011612,,0.6875,,,,,,,,,,,1.0,1.0,,,,,676,,,,0.0,,0.0,,0.0
,,,0.05197044461965561,,0.5165024995803833,,,,,,,,,,,1.0,1.0,,,,,677,,,,0.0,,0.0,,0.0
,,,0.01116071455180645,,0.359375,,,,,,,,,,,1.0,1.0,,,,,678,,,,0.0,,0.0,,0.0
,,,0.0126953125,,0.296875,,,,,,,,,,,1.0,1.0,,,,,679,,,,0.0,,0.0,,0.0
,,,0.014245712198317051,,0.49376070499420166,,,,,,,,,,,1.0,1.0,,,,,680,,,,0.0,,0.0,,0.0
,,,0.0031250000465661287,,0.6796875,,,,,,,,,,,1.0,1.0,,,,,681,,,,0.0,,0.0,,0.0
,,,0.0023437500931322575,,0.65625,,,,,,,,,,,1.0,1.0,,,,,682,,,,0.0,,0.0,,0.0
,,,0.03855922073125839,,0.6643468141555786,,,,,,,,,,,1.0,1.0,,,,,683,,,,0.0,,0.0,,0.0
,,,0.04218750074505806,,0.6953125,,,,,,,,,,,1.0,1.0,,,,,684,,,,0.0,,0.0,,0.0
,,,0.03359375149011612,,0.609375,,,,,,,,,,,1.0,1.0,,,,,685,,,,0.0,,0.0,,0.0
,,,0.1013636365532875,,0.7295454740524292,,,,,,,,,,,1.0,1.0,,,,,686,,,,0.0,,0.0,,0.0
,,,0.0616319440305233,,0.734375,,,,,,,,,,,1.0,1.0,,,,,687,,,,0.0,,0.0,,0.0
,,,0.0581597238779068,,0.71875,,,,,,,,,,,1.0,1.0,,,,,688,,,,0.0,,0.0,,0.0
,,,0.11123278737068176,,0.852315366268158,,,,,,,,,,,1.0,1.0,,,,,689,,,,0.0,,0.0,,0.0
,,,0.02578124962747097,,0.9375,,,,,,,,,,,1.0,1.0,,,,,690,,,,0.0,,0.0,,0.0
,,,0.02187499962747097,,0.9609375,,,,,,,,,,,1.0,1.0,,,,,691,,,,0.0,,0.0,,0.0
,,,0.0322265625,,0.96875,,,,,,,,,,,1.0,1.0,,,,,692,,,,0.0,,0.0,,0.0
,,,0.0031496062874794006,,0.6377952694892883,,,,,,,,,,,1.0,1.0,,,,,693,,,,0.0,,0.0,,0.0
,,,0.00434027798473835,,0.2734375,,,,,,,,,,,1.0,1.0,,,,,694,,,,0.0,,0.0,,0.0
,,,0.0023437500931322575,,0.265625,,,,,,,,,,,1.0,1.0,,,,,695,,,,0.0,,0.0,,0.0
,,,0.016954023391008377,,0.6005747318267822,,,,,,,,,,,1.0,1.0,,,,,696,,,,0.0,,0.0,,0.0
,,,0.008593750186264515,,0.8203125,,,,,,,,,,,1.0,1.0,,,,,697,,,,0.0,,0.0,,0.0
,,,0.01171875,,0.8203125,,,,,,,,,,,1.0,1.0,,,,,698,,,,0.0,,0.0,,0.0
,,,0.03535020351409912,,0.7627429366111755,,,,,,,,,,,1.0,1.0,,,,,699,,,,0.0,,0.0,,0.0
,,,0.01909722201526165,,0.7578125,,,,,,,,,,,1.0,1.0,,,,,700,,,,0.0,,0.0,,0.0
,,,0.0185546875,,0.734375,,,,,,,,,,,1.0,1.0,,,,,701,,,,0.0,,0.0,,0.0
,,,0.049768514931201935,,0.8333333730697632,,,,,,,,,,,1.0,1.0,,,,,702,,,,0.0,,0.0,,0.0
,,,0.02578124962747097,,0.8359375,,,,,,,,,,,1.0,1.0,,,,,703,,,,0.0,,0.0,,0.0
,,,0.02777777798473835,,0.8359375,,,,,,,,,,,1.0,1.0,,,,,704,,,,0.0,,0.0,,0.0
,,,0.06921373307704926,,0.7826688885688782,,,,,,,,,,,1.0,1.0,,,,,705,,,,0.0,,0.0,,0.0
,,,0.0451388880610466,,0.7421875,,,,,,,,,,,1.0,1.0,,,,,706,,,,0.0,,0.0,,0.0
,,,0.03750000149011612,,0.6875,,,,,,,,,,,1.0,1.0,,,,,707,,,,0.0,,0.0,,0.0
,,,0.08390691876411438,,0.5616519451141357,,,,,,,,,,,1.0,1.0,,,,,708,,,,0.0,,0.0,,0.0
,,,0.013392857275903225,,0.3671875,,,,,,,,,,,1.0,1.0,,,,,709,,,,0.0,,0.0,,0.0
,,,0.0069444444961845875,,0.3046875,,,,,,,,,,,1.0,1.0,,,,,710,,,,0.0,,0.0,,0.0
,,,0.02053872123360634,,0.5727272629737854,,,,,,,,,,,1.0,1.0,,,,,711,,,,0.0,,0.0,,0.0
,,,0.0031250000465661287,,0.65625,,,,,,,,,,,1.0,1.0,,,,,712,,,,0.0,,0.0,,0.0
,,,0.0031250000465661287,,0.7109375,,,,,,,,,,,1.0,1.0,,,,,713,,,,0.0,,0.0,,0.0
,,,0.05390946567058563,,0.6157407760620117,,,,,,,,,,,1.0,1.0,,,,,714,,,,0.0,,0.0,,0.0
,,,0.0381944440305233,,0.6328125,,,,,,,,,,,1.0,1.0,,,,,715,,,,0.0,,0.0,,0.0
,,,0.03515625,,0.625,,,,,,,,,,,1.0,1.0,,,,,716,,,,0.0,,0.0,,0.0
,,,0.11405622959136963,,0.7128514051437378,,,,,,,,,,,1.0,1.0,,,,,717,,,,0.0,,0.0,,0.0
,,,0.05781250074505806,,0.7734375,,,,,,,,,,,1.0,1.0,,,,,718,,,,0.0,,0.0,,0.0
,,,0.0572916679084301,,0.7109375,,,,,,,,,,,1.0,1.0,,,,,719,,,,0.0,,0.0,,0.0
,,,0.09274820983409882,,0.8073593378067017,,,,,,,,,,,1.0,1.0,,,,,720,,,,0.0,,0.0,,0.0
,,,0.02734375,,0.953125,,,,,,,,,,,1.0,1.0,,,,,721,,,,0.0,,0.0,,0.0
,,,0.029296875,,0.96875,,,,,,,,,,,1.0,1.0,,,,,722,,,,0.0,,0.0,,0.0
,,,0.02067183516919613,,0.607696533203125,,,,,,,,,,,1.0,1.0,,,,,723,,,,0.0,,0.0,,0.0
,,,0.004687500186264515,,0.296875,,,,,,,,,,,1.0,1.0,,,,,724,,,,0.0,,0.0,,0.0
,,,0.0023437500931322575,,0.2421875,,,,,,,,,,,1.0,1.0,,,,,725,,,,0.0,,0.0,,0.0
,,,0.018918819725513458,,0.6217159628868103,,,,,,,,,,,1.0,1.0,,,,,726,,,,0.0,,0.0,,0.0
,,,0.00937500037252903,,0.78125,,,,,,,,,,,1.0,1.0,,,,,727,,,,0.0,,0.0,,0.0
,,,0.0078125,,0.84375,,,,,,,,,,,1.0,1.0,,,,,728,,,,0.0,,0.0,,0.0
,,,0.03214285522699356,,0.7857142686843872,,,,,,,,,,,1.0,1.0,,,,,729,,,,0.0,,0.0,,0.0
,,,0.015625,,0.7890625,,,,,,,,,,,1.0,1.0,,,,,730,,,,0.0,,0.0,,0.0
,,,0.02083333395421505,,0.71875,,,,,,,,,,,1.0,1.0,,,,,731,,,,0.0,,0.0,,0.0
,,,0.059129759669303894,,0.8477078676223755,,,,,,,,,,,1.0,1.0,,,,,732,,,,0.0,,0.0,,0.0
,,,0.0321180559694767,,0.8359375,,,,,,,,,,,1.0,1.0,,,,,733,,,,0.0,,0.0,,0.0
,,,0.0243055559694767,,0.8046875,,,,,,,,,,,1.0,1.0,,,,,734,,,,0.0,,0.0,,0.0
,,,0.03062117099761963,,0.8661417365074158,,,,,,,,,,,1.0,1.0,,,,,735,,,,0.0,,0.0,,0.0
7,0.24608057737350464,0.22750477492809296,,0.675830602645874,,,,,,,,,,,,,,20.077253341674805,176427.8125,2.9995875358581543,456.5208435058594,1767,,,0.0,,0.0,,0.0,
7,,,,,,0.7075016498565674,,1.8204652070999146,,55.649322509765625,,,,,,,,,,,,1767,2.3908193111419678,,,,,,,
,,,,,,,,,,,,,,0.000326354751131223,0.03,,,,,,,1799,,,,,,,,
8,,,,,,,0.6814176440238953,,1.59889817237854,,45.875,0.00032653394737280905,0.029999999329447746,,,1.0,1.0,,,,,1799,,2.336094856262207,,,,,,
,,,,,,,,,,,,,,0.0003353140271493229,0.03,,,,,,,1849,,,,,,,,
8,,,,,,,0.7012215852737427,,1.5625497102737427,,43.0625,0.00033549321233294904,0.029999999329447746,,,1.0,1.0,,,,,1849,,2.2338366508483887,,,,,,
,,,,,,,,,,,,,,0.0003442733031674226,0.03,,,,,,,1899,,,,,,,,
8,,,,,,,0.7412070035934448,,1.6572226285934448,,45.8125,0.00034445247729308903,0.029999999329447746,,,1.0,1.0,,,,,1899,,2.4422903060913086,,,,,,
,,,,,,,,,,,,,,0.0003532325791855225,0.03,,,,,,,1949,,,,,,,,
8,,,,,,,0.7144092321395874,,1.6226123571395874,,45.40625,0.0003534117713570595,0.029999999329447746,,,1.0,1.0,,,,,1949,,2.3307037353515625,,,,,,
,,,0.0048828125,,0.25,,,,,,,,,,,1.0,1.0,,,,,736,,,,0.0,,0.0,,0.0
,,,0.0023437500931322575,,0.1953125,,,,,,,,,,,1.0,1.0,,,,,737,,,,0.0,,0.0,,0.0
,,,0.04371103644371033,,0.5632563233375549,,,,,,,,,,,1.0,1.0,,,,,738,,,,0.0,,0.0,,0.0
,,,0.0329861119389534,,0.8671875,,,,,,,,,,,1.0,1.0,,,,,739,,,,0.0,,0.0,,0.0
,,,0.0380859375,,0.8046875,,,,,,,,,,,1.0,1.0,,,,,740,,,,0.0,,0.0,,0.0
,,,0.08076923340559006,,0.8493589758872986,,,,,,,,,,,1.0,1.0,,,,,741,,,,0.0,,0.0,,0.0
,,,0.0439453125,,0.8046875,,,,,,,,,,,1.0,1.0,,,,,742,,,,0.0,,0.0,,0.0
,,,0.03203124925494194,,0.6953125,,,,,,,,,,,1.0,1.0,,,,,743,,,,0.0,,0.0,,0.0
,,,0.048542022705078125,,0.808319091796875,,,,,,,,,,,1.0,1.0,,,,,744,,,,0.0,,0.0,,0.0
,,,0.01406249962747097,,0.75,,,,,,,,,,,1.0,1.0,,,,,745,,,,0.0,,0.0,,0.0
,,,0.008593750186264515,,0.796875,,,,,,,,,,,1.0,1.0,,,,,746,,,,0.0,,0.0,,0.0
,,,0.010937499813735485,,0.84375,,,,,,,,,,,1.0,1.0,,,,,747,,,,0.0,,0.0,,0.0
,,,0.08622222393751144,,0.9520000219345093,,,,,,,,,,,1.0,1.0,,,,,748,,,,0.0,,0.0,,0.0
,,,0.08984375,,0.8671875,,,,,,,,,,,1.0,1.0,,,,,749,,,,0.0,,0.0,,0.0
,,,0.0888671875,,0.8671875,,,,,,,,,,,1.0,1.0,,,,,750,,,,0.0,,0.0,,0.0
,,,0.07687519490718842,,0.6619981527328491,,,,,,,,,,,1.0,1.0,,,,,751,,,,0.0,,0.0,,0.0
,,,0.0,,0.671875,,,,,,,,,,,1.0,1.0,,,,,752,,,,0.0,,0.0,,0.0
,,,0.0017361111240461469,,0.5859375,,,,,,,,,,,1.0,1.0,,,,,753,,,,0.0,,0.0,,0.0
,,,0.062364719808101654,,0.7245670557022095,,,,,,,,,,,1.0,1.0,,,,,754,,,,0.0,,0.0,,0.0
,,,0.04140625149011612,,0.890625,,,,,,,,,,,1.0,1.0,,,,,755,,,,0.0,,0.0,,0.0
,,,0.0407986119389534,,0.84375,,,,,,,,,,,1.0,1.0,,,,,756,,,,0.0,,0.0,,0.0
,,,0.07887089997529984,,0.7582814693450928,,,,,,,,,,,1.0,1.0,,,,,757,,,,0.0,,0.0,,0.0
,,,0.010937499813735485,,0.671875,,,,,,,,,,,1.0,1.0,,,,,758,,,,0.0,,0.0,,0.0
,,,0.00937500037252903,,0.6171875,,,,,,,,,,,1.0,1.0,,,,,759,,,,0.0,,0.0,,0.0
,,,0.04044882208108902,,0.6864532232284546,,,,,,,,,,,1.0,1.0,,,,,760,,,,0.0,,0.0,,0.0
,,,0.01909722201526165,,0.75,,,,,,,,,,,1.0,1.0,,,,,761,,,,0.0,,0.0,,0.0
,,,0.01996527798473835,,0.78125,,,,,,,,,,,1.0,1.0,,,,,762,,,,0.0,,0.0,,0.0
,,,0.02999301254749298,,0.5831446647644043,,,,,,,,,,,1.0,1.0,,,,,763,,,,0.0,,0.0,,0.0
,,,0.006076388992369175,,0.3671875,,,,,,,,,,,1.0,1.0,,,,,764,,,,0.0,,0.0,,0.0
,,,0.009548611007630825,,0.421875,,,,,,,,,,,1.0,1.0,,,,,765,,,,0.0,,0.0,,0.0
,,,0.008207933977246284,,0.3575923442840576,,,,,,,,,,,1.0,1.0,,,,,766,,,,0.0,,0.0,,0.0
,,,0.0034722222480922937,,0.234375,,,,,,,,,,,1.0,1.0,,,,,767,,,,0.0,,0.0,,0.0
,,,0.0026041667442768812,,0.203125,,,,,,,,,,,1.0,1.0,,,,,768,,,,0.0,,0.0,,0.0
,,,0.04088670015335083,,0.573645293712616,,,,,,,,,,,1.0,1.0,,,,,769,,,,0.0,,0.0,,0.0
,,,0.0341796875,,0.859375,,,,,,,,,,,1.0,1.0,,,,,770,,,,0.0,,0.0,,0.0
,,,0.0400390625,,0.8203125,,,,,,,,,,,1.0,1.0,,,,,771,,,,0.0,,0.0,,0.0
,,,0.06831416487693787,,0.8299486041069031,,,,,,,,,,,1.0,1.0,,,,,772,,,,0.0,,0.0,,0.0
,,,0.04296875,,0.796875,,,,,,,,,,,1.0,1.0,,,,,773,,,,0.0,,0.0,,0.0
,,,0.0321180559694767,,0.6953125,,,,,,,,,,,1.0,1.0,,,,,774,,,,0.0,,0.0,,0.0
,,,0.05516483634710312,,0.7492063641548157,,,,,,,,,,,1.0,1.0,,,,,775,,,,0.0,,0.0,,0.0
,,,0.01328125037252903,,0.765625,,,,,,,,,,,1.0,1.0,,,,,776,,,,0.0,,0.0,,0.0
,,,0.007031249813735485,,0.796875,,,,,,,,,,,1.0,1.0,,,,,777,,,,0.0,,0.0,,0.0
,,,0.09477272629737854,,0.875,,,,,,,,,,,1.0,1.0,,,,,778,,,,0.0,,0.0,,0.0
,,,0.0833333358168602,,0.875,,,,,,,,,,,1.0,1.0,,,,,779,,,,0.0,,0.0,,0.0
,,,0.0869140625,,0.8828125,,,,,,,,,,,1.0,1.0,,,,,780,,,,0.0,,0.0,,0.0
,,,0.08156028389930725,,0.6955569982528687,,,,,,,,,,,1.0,1.0,,,,,781,,,,0.0,,0.0,,0.0
,,,0.0026041667442768812,,0.625,,,,,,,,,,,1.0,1.0,,,,,782,,,,0.0,,0.0,,0.0
,,,0.0017361111240461469,,0.640625,,,,,,,,,,,1.0,1.0,,,,,783,,,,0.0,,0.0,,0.0
,,,0.001953125,,0.5546875,,,,,,,,,,,1.0,1.0,,,,,784,,,,0.0,,0.0,,0.0
,,,0.04409448802471161,,0.9330708980560303,,,,,,,,,,,1.0,1.0,,,,,785,,,,0.0,,0.0,,0.0
,,,0.046875,,0.875,,,,,,,,,,,1.0,1.0,,,,,786,,,,0.0,,0.0,,0.0
,,,0.0442708320915699,,0.8671875,,,,,,,,,,,1.0,1.0,,,,,787,,,,0.0,,0.0,,0.0
,,,0.08397190272808075,,0.7356321811676025,,,,,,,,,,,1.0,1.0,,,,,788,,,,0.0,,0.0,,0.0
,,,0.007031249813735485,,0.640625,,,,,,,,,,,1.0,1.0,,,,,789,,,,0.0,,0.0,,0.0
,,,0.008593750186264515,,0.59375,,,,,,,,,,,1.0,1.0,,,,,790,,,,0.0,,0.0,,0.0
,,,0.06755490601062775,,0.7231389880180359,,,,,,,,,,,1.0,1.0,,,,,791,,,,0.0,,0.0,,0.0
,,,0.01909722201526165,,0.7734375,,,,,,,,,,,1.0,1.0,,,,,792,,,,0.0,,0.0,,0.0
,,,0.0205078125,,0.8046875,,,,,,,,,,,1.0,1.0,,,,,793,,,,0.0,,0.0,,0.0
,,,0.02708333358168602,,0.5833333134651184,,,,,,,,,,,1.0,1.0,,,,,794,,,,0.0,,0.0,,0.0
,,,0.006076388992369175,,0.34375,,,,,,,,,,,1.0,1.0,,,,,795,,,,0.0,,0.0,,0.0
,,,0.0086805559694767,,0.453125,,,,,,,,,,,1.0,1.0,,,,,796,,,,0.0,,0.0,,0.0
,,,0.011794020421802998,,0.39008858799934387,,,,,,,,,,,1.0,1.0,,,,,797,,,,0.0,,0.0,,0.0
,,,0.0008680555620230734,,0.2109375,,,,,,,,,,,1.0,1.0,,,,,798,,,,0.0,,0.0,,0.0
,,,0.0052083334885537624,,0.265625,,,,,,,,,,,1.0,1.0,,,,,799,,,,0.0,,0.0,,0.0
,,,0.03362831845879555,,0.5091445446014404,,,,,,,,,,,1.0,1.0,,,,,800,,,,0.0,,0.0,,0.0
,,,0.033203125,,0.8046875,,,,,,,,,,,1.0,1.0,,,,,801,,,,0.0,,0.0,,0.0
,,,0.0373263880610466,,0.875,,,,,,,,,,,1.0,1.0,,,,,802,,,,0.0,,0.0,,0.0
,,,0.06509539484977722,,0.7888889312744141,,,,,,,,,,,1.0,1.0,,,,,803,,,,0.0,,0.0,,0.0
,,,0.0373263880610466,,0.7421875,,,,,,,,,,,1.0,1.0,,,,,804,,,,0.0,,0.0,,0.0
,,,0.03437500074505806,,0.71875,,,,,,,,,,,1.0,1.0,,,,,805,,,,0.0,,0.0,,0.0
,,,0.045185185968875885,,0.6657407283782959,,,,,,,,,,,1.0,1.0,,,,,806,,,,0.0,,0.0,,0.0
,,,0.01328125037252903,,0.8203125,,,,,,,,,,,1.0,1.0,,,,,807,,,,0.0,,0.0,,0.0
,,,0.00937500037252903,,0.8203125,,,,,,,,,,,1.0,1.0,,,,,808,,,,0.0,,0.0,,0.0
,,,0.09266398102045059,,0.8953145742416382,,,,,,,,,,,1.0,1.0,,,,,809,,,,0.0,,0.0,,0.0
,,,0.0842013880610466,,0.8828125,,,,,,,,,,,1.0,1.0,,,,,810,,,,0.0,,0.0,,0.0
,,,0.0888671875,,0.8828125,,,,,,,,,,,1.0,1.0,,,,,811,,,,0.0,,0.0,,0.0
,,,0.07840307801961899,,0.6715049743652344,,,,,,,,,,,1.0,1.0,,,,,812,,,,0.0,,0.0,,0.0
,,,0.0,,0.640625,,,,,,,,,,,1.0,1.0,,,,,813,,,,0.0,,0.0,,0.0
,,,0.0017361111240461469,,0.640625,,,,,,,,,,,1.0,1.0,,,,,814,,,,0.0,,0.0,,0.0
,,,0.062430787831544876,,0.7134551405906677,,,,,,,,,,,1.0,1.0,,,,,815,,,,0.0,,0.0,,0.0
,,,0.04218750074505806,,0.8828125,,,,,,,,,,,1.0,1.0,,,,,816,,,,0.0,,0.0,,0.0
,,,0.0517578125,,0.859375,,,,,,,,,,,1.0,1.0,,,,,817,,,,0.0,,0.0,,0.0
,,,0.07549051940441132,,0.7607249617576599,,,,,,,,,,,1.0,1.0,,,,,818,,,,0.0,,0.0,,0.0
,,,0.015625,,0.6640625,,,,,,,,,,,1.0,1.0,,,,,819,,,,0.0,,0.0,,0.0
,,,0.008593750186264515,,0.640625,,,,,,,,,,,1.0,1.0,,,,,820,,,,0.0,,0.0,,0.0
,,,0.0367063507437706,,0.7366071343421936,,,,,,,,,,,1.0,1.0,,,,,821,,,,0.0,,0.0,,0.0
,,,0.029296875,,0.71875,,,,,,,,,,,1.0,1.0,,,,,822,,,,0.0,,0.0,,0.0
,,,0.01909722201526165,,0.78125,,,,,,,,,,,1.0,1.0,,,,,823,,,,0.0,,0.0,,0.0
,,,0.01794871874153614,,0.4968920052051544,,,,,,,,,,,1.0,1.0,,,,,824,,,,0.0,,0.0,,0.0
,,,0.0054687499068677425,,0.421875,,,,,,,,,,,1.0,1.0,,,,,825,,,,0.0,,0.0,,0.0
,,,0.009548611007630825,,0.3671875,,,,,,,,,,,1.0,1.0,,,,,826,,,,0.0,,0.0,,0.0
,,,0.004724409431219101,,0.4645669162273407,,,,,,,,,,,1.0,1.0,,,,,827,,,,0.0,,0.0,,0.0
8,0.23666933178901672,0.23607492446899414,,0.6795897483825684,,,,,,,,,,,,,,18.635021209716797,176386.734375,2.9250426292419434,459.3377685546875,1988,,,0.0,,0.0,,0.0,
8,,,,,,0.7271256446838379,,1.6853517293930054,,47.9106330871582,,,,,,,,,,,,1988,2.358379364013672,,,,,,,
,,,,,,,,,,,,,,0.00036219185520362237,0.03,,,,,,,1999,,,,,,,,
9,,,,,,,0.721540093421936,,1.649274468421936,,46.375,0.00036237103631719947,0.029999999329447746,,,1.0,1.0,,,,,1999,,2.4007651805877686,,,,,,
,,,,,,,,,,,,,,0.0003711511312217221,0.03,,,,,,,2049,,,,,,,,
9,,,,,,,0.7701690196990967,,1.6070830821990967,,41.84375,0.0003713303303811699,0.029999999329447746,,,1.0,1.0,,,,,2049,,2.3082804679870605,,,,,,
,,,,,,,,,,,,,,0.0003801104072398215,0.03,,,,,,,2099,,,,,,,,
9,,,,,,,0.6987543106079102,,1.6850824356079102,,49.3125,0.0003802895953413099,0.029999999329447746,,,1.0,1.0,,,,,2099,,2.4189701080322266,,,,,,
,,,,,,,,,,,,,,0.00038906968325792113,0.03,,,,,,,2149,,,,,,,,
9,,,,,,,0.7453993558883667,,1.7024306058883667,,47.84375,0.0003892488603014499,0.029999999329447746,,,1.0,1.0,,,,,2149,,2.4651355743408203,,,,,,
,,,,,,,,,,,,,,0.00039802895927602085,0.03,,,,,,,2199,,,,,,,,
9,,,,,,,0.7334860563278198,,1.5503805875778198,,40.84375,0.00039820815436542034,0.029999999329447746,,,1.0,1.0,,,,,2199,,2.3832600116729736,,,,,,
,,,0.0322265625,,0.8984375,,,,,,,,,,,1.0,1.0,,,,,828,,,,0.0,,0.0,,0.0
,,,0.0400390625,,0.890625,,,,,,,,,,,1.0,1.0,,,,,829,,,,0.0,,0.0,,0.0
,,,0.09392189234495163,,0.9035570025444031,,,,,,,,,,,1.0,1.0,,,,,830,,,,0.0,,0.0,,0.0
,,,0.08437500149011612,,0.9375,,,,,,,,,,,1.0,1.0,,,,,831,,,,0.0,,0.0,,0.0
,,,0.0416666679084301,,0.9140625,,,,,,,,,,,1.0,1.0,,,,,832,,,,0.0,,0.0,,0.0
,,,0.05649038404226303,,0.4663461446762085,,,,,,,,,,,1.0,1.0,,,,,833,,,,0.0,,0.0,,0.0
,,,0.0,,0.0,,,,,,,,,,,1.0,1.0,,,,,834,,,,0.0,,0.0,,0.0
,,,0.0,,0.0390625,,,,,,,,,,,1.0,1.0,,,,,835,,,,0.0,,0.0,,0.0
,,,0.0,,0.38250428438186646,,,,,,,,,,,1.0,1.0,,,,,836,,,,0.0,,0.0,,0.0
,,,0.00390625,,0.734375,,,,,,,,,,,1.0,1.0,,,,,837,,,,0.0,,0.0,,0.0
,,,0.0017361111240461469,,0.7734375,,,,,,,,,,,1.0,1.0,,,,,838,,,,0.0,,0.0,,0.0
,,,0.0052083334885537624,,0.8046875,,,,,,,,,,,1.0,1.0,,,,,839,,,,0.0,,0.0,,0.0
,,,0.09000000357627869,,0.6026666760444641,,,,,,,,,,,1.0,1.0,,,,,840,,,,0.0,,0.0,,0.0
,,,0.1119791641831398,,0.84375,,,,,,,,,,,1.0,1.0,,,,,841,,,,0.0,,0.0,,0.0
,,,0.0892857164144516,,0.875,,,,,,,,,,,1.0,1.0,,,,,842,,,,0.0,,0.0,,0.0
,,,0.07407407462596893,,0.5611578226089478,,,,,,,,,,,1.0,1.0,,,,,843,,,,0.0,,0.0,,0.0
,,,0.0008680555620230734,,0.453125,,,,,,,,,,,1.0,1.0,,,,,844,,,,0.0,,0.0,,0.0
,,,0.0,,0.40625,,,,,,,,,,,1.0,1.0,,,,,845,,,,0.0,,0.0,,0.0
,,,0.046296294778585434,,0.6093073487281799,,,,,,,,,,,1.0,1.0,,,,,846,,,,0.0,,0.0,,0.0
,,,0.052734375,,0.765625,,,,,,,,,,,1.0,1.0,,,,,847,,,,0.0,,0.0,,0.0
,,,0.044921875,,0.78125,,,,,,,,,,,1.0,1.0,,,,,848,,,,0.0,,0.0,,0.0
,,,0.0464923195540905,,0.7856787443161011,,,,,,,,,,,1.0,1.0,,,,,849,,,,0.0,,0.0,,0.0
,,,0.00434027798473835,,0.6328125,,,,,,,,,,,1.0,1.0,,,,,850,,,,0.0,,0.0,,0.0
,,,0.0052083334885537624,,0.625,,,,,,,,,,,1.0,1.0,,,,,851,,,,0.0,,0.0,,0.0
,,,0.07358374446630478,,0.7682266235351562,,,,,,,,,,,1.0,1.0,,,,,852,,,,0.0,,0.0,,0.0
,,,0.0503472238779068,,0.8515625,,,,,,,,,,,1.0,1.0,,,,,853,,,,0.0,,0.0,,0.0
,,,0.052734375,,0.890625,,,,,,,,,,,1.0,1.0,,,,,854,,,,0.0,,0.0,,0.0
,,,0.10147798806428909,,0.8123270273208618,,,,,,,,,,,1.0,1.0,,,,,855,,,,0.0,,0.0,,0.0
,,,0.0407986119389534,,0.84375,,,,,,,,,,,1.0,1.0,,,,,856,,,,0.0,,0.0,,0.0
,,,0.0419921875,,0.7734375,,,,,,,,,,,1.0,1.0,,,,,857,,,,0.0,,0.0,,0.0
,,,0.09220246225595474,,0.8593707084655762,,,,,,,,,,,1.0,1.0,,,,,858,,,,0.0,,0.0,,0.0
,,,0.0361328125,,0.875,,,,,,,,,,,1.0,1.0,,,,,859,,,,0.0,,0.0,,0.0
,,,0.0361328125,,0.890625,,,,,,,,,,,1.0,1.0,,,,,860,,,,0.0,,0.0,,0.0
,,,0.08983990550041199,,0.9268472790718079,,,,,,,,,,,1.0,1.0,,,,,861,,,,0.0,,0.0,,0.0
,,,0.0729166641831398,,0.9296875,,,,,,,,,,,1.0,1.0,,,,,862,,,,0.0,,0.0,,0.0
,,,0.0416666679084301,,0.921875,,,,,,,,,,,1.0,1.0,,,,,863,,,,0.0,,0.0,,0.0
,,,0.05942622944712639,,0.4508196711540222,,,,,,,,,,,1.0,1.0,,,,,864,,,,0.0,,0.0,,0.0
,,,0.0,,0.0078125,,,,,,,,,,,1.0,1.0,,,,,865,,,,0.0,,0.0,,0.0
,,,0.0,,0.0390625,,,,,,,,,,,1.0,1.0,,,,,866,,,,0.0,,0.0,,0.0
,,,0.0,,0.3540903627872467,,,,,,,,,,,1.0,1.0,,,,,867,,,,0.0,,0.0,,0.0
,,,0.00390625,,0.8046875,,,,,,,,,,,1.0,1.0,,,,,868,,,,0.0,,0.0,,0.0
,,,0.0026041667442768812,,0.734375,,,,,,,,,,,1.0,1.0,,,,,869,,,,0.0,,0.0,,0.0
,,,0.0952020213007927,,0.8772727251052856,,,,,,,,,,,1.0,1.0,,,,,870,,,,0.0,,0.0,,0.0
,,,0.109375,,0.8046875,,,,,,,,,,,1.0,1.0,,,,,871,,,,0.0,,0.0,,0.0
,,,0.1080729141831398,,0.8671875,,,,,,,,,,,1.0,1.0,,,,,872,,,,0.0,,0.0,,0.0
,,,0.08377659320831299,,0.5203379392623901,,,,,,,,,,,1.0,1.0,,,,,873,,,,0.0,,0.0,,0.0
,,,0.0,,0.46875,,,,,,,,,,,1.0,1.0,,,,,874,,,,0.0,,0.0,,0.0
,,,0.0008680555620230734,,0.4140625,,,,,,,,,,,1.0,1.0,,,,,875,,,,0.0,,0.0,,0.0
,,,0.0,,0.390625,,,,,,,,,,,1.0,1.0,,,,,876,,,,0.0,,0.0,,0.0
,,,0.044619422405958176,,0.8976377844810486,,,,,,,,,,,1.0,1.0,,,,,877,,,,0.0,,0.0,,0.0
,,,0.0478515625,,0.7578125,,,,,,,,,,,1.0,1.0,,,,,878,,,,0.0,,0.0,,0.0
,,,0.0498046875,,0.8125,,,,,,,,,,,1.0,1.0,,,,,879,,,,0.0,,0.0,,0.0
,,,0.023307790979743004,,0.8031609058380127,,,,,,,,,,,1.0,1.0,,,,,880,,,,0.0,,0.0,,0.0
,,,0.00434027798473835,,0.5859375,,,,,,,,,,,1.0,1.0,,,,,881,,,,0.0,,0.0,,0.0
,,,0.0069444444961845875,,0.6640625,,,,,,,,,,,1.0,1.0,,,,,882,,,,0.0,,0.0,,0.0
,,,0.07361570000648499,,0.778877854347229,,,,,,,,,,,1.0,1.0,,,,,883,,,,0.0,,0.0,,0.0
,,,0.0538194440305233,,0.8515625,,,,,,,,,,,1.0,1.0,,,,,884,,,,0.0,,0.0,,0.0
,,,0.0498046875,,0.8984375,,,,,,,,,,,1.0,1.0,,,,,885,,,,0.0,,0.0,,0.0
,,,0.1015625,,0.7760416269302368,,,,,,,,,,,1.0,1.0,,,,,886,,,,0.0,,0.0,,0.0
,,,0.0347222238779068,,0.8515625,,,,,,,,,,,1.0,1.0,,,,,887,,,,0.0,,0.0,,0.0
,,,0.0569196417927742,,0.78125,,,,,,,,,,,1.0,1.0,,,,,888,,,,0.0,,0.0,,0.0
,,,0.07807309180498123,,0.8463455438613892,,,,,,,,,,,1.0,1.0,,,,,889,,,,0.0,,0.0,,0.0
,,,0.037109375,,0.8671875,,,,,,,,,,,1.0,1.0,,,,,890,,,,0.0,,0.0,,0.0
,,,0.0361328125,,0.90625,,,,,,,,,,,1.0,1.0,,,,,891,,,,0.0,,0.0,,0.0
,,,0.11083017289638519,,0.9112094640731812,,,,,,,,,,,1.0,1.0,,,,,892,,,,0.0,,0.0,,0.0
,,,0.0677083358168602,,0.8984375,,,,,,,,,,,1.0,1.0,,,,,893,,,,0.0,,0.0,,0.0
,,,0.0486111119389534,,0.9453125,,,,,,,,,,,1.0,1.0,,,,,894,,,,0.0,,0.0,,0.0
,,,0.0396825410425663,,0.4166666567325592,,,,,,,,,,,1.0,1.0,,,,,895,,,,0.0,,0.0,,0.0
,,,0.0,,0.015625,,,,,,,,,,,1.0,1.0,,,,,896,,,,0.0,,0.0,,0.0
,,,0.0,,0.03125,,,,,,,,,,,1.0,1.0,,,,,897,,,,0.0,,0.0,,0.0
,,,0.0018518518190830946,,0.3861111104488373,,,,,,,,,,,1.0,1.0,,,,,898,,,,0.0,,0.0,,0.0
,,,0.0031250000465661287,,0.8046875,,,,,,,,,,,1.0,1.0,,,,,899,,,,0.0,,0.0,,0.0
,,,0.0034722222480922937,,0.765625,,,,,,,,,,,1.0,1.0,,,,,900,,,,0.0,,0.0,,0.0
,,,0.08659824728965759,,0.8619812726974487,,,,,,,,,,,1.0,1.0,,,,,901,,,,0.0,,0.0,,0.0
,,,0.1145833358168602,,0.8515625,,,,,,,,,,,1.0,1.0,,,,,902,,,,0.0,,0.0,,0.0
,,,0.1041666641831398,,0.8671875,,,,,,,,,,,1.0,1.0,,,,,903,,,,0.0,,0.0,,0.0
,,,0.062745101749897,,0.5677362084388733,,,,,,,,,,,1.0,1.0,,,,,904,,,,0.0,,0.0,,0.0
,,,0.0009765625,,0.4765625,,,,,,,,,,,1.0,1.0,,,,,905,,,,0.0,,0.0,,0.0
,,,0.0,,0.375,,,,,,,,,,,1.0,1.0,,,,,906,,,,0.0,,0.0,,0.0
,,,0.0565476194024086,,0.6317829489707947,,,,,,,,,,,1.0,1.0,,,,,907,,,,0.0,,0.0,,0.0
,,,0.052734375,,0.796875,,,,,,,,,,,1.0,1.0,,,,,908,,,,0.0,,0.0,,0.0
,,,0.0535714291036129,,0.7734375,,,,,,,,,,,1.0,1.0,,,,,909,,,,0.0,,0.0,,0.0
,,,0.04253039136528969,,0.7840039730072021,,,,,,,,,,,1.0,1.0,,,,,910,,,,0.0,,0.0,,0.0
,,,0.0052083334885537624,,0.65625,,,,,,,,,,,1.0,1.0,,,,,911,,,,0.0,,0.0,,0.0
,,,0.0068359375,,0.5859375,,,,,,,,,,,1.0,1.0,,,,,912,,,,0.0,,0.0,,0.0
,,,0.075396828353405,,0.84375,,,,,,,,,,,1.0,1.0,,,,,913,,,,0.0,,0.0,,0.0
,,,0.0494791679084301,,0.84375,,,,,,,,,,,1.0,1.0,,,,,914,,,,0.0,,0.0,,0.0
,,,0.060546875,,0.8828125,,,,,,,,,,,1.0,1.0,,,,,915,,,,0.0,,0.0,,0.0
,,,0.08693775534629822,,0.881895899772644,,,,,,,,,,,1.0,1.0,,,,,916,,,,0.0,,0.0,,0.0
,,,0.046875,,0.8125,,,,,,,,,,,1.0,1.0,,,,,917,,,,0.0,,0.0,,0.0
,,,0.0338541679084301,,0.8125,,,,,,,,,,,1.0,1.0,,,,,918,,,,0.0,,0.0,,0.0
,,,0.0596175491809845,,0.7952755689620972,,,,,,,,,,,1.0,1.0,,,,,919,,,,0.0,,0.0,,0.0
9,0.2648693323135376,0.267973929643631,,0.6987440586090088,,,,,,,,,,,,,,21.401220321655273,132793.09375,3.063447952270508,441.2613525390625,2209,,,0.0,,0.0,,0.0,
9,,,,,,0.7338038086891174,,1.623138427734375,,44.466064453125,,,,,,,,,,,,2209,2.3906595706939697,,,,,,,
,,,,,,,,,,,,,,0.0003999962092642757,0.03,,,,,,,2249,,,,,,,,
10,,,,,,,0.7354689836502075,,1.4830275774002075,,37.375,0.0003999960026703775,0.029999999329447746,,,1.0,1.0,,,,,2249,,2.3873672485351562,,,,,,
,,,,,,,,,,,,,,0.0003999802590281656,0.03,,,,,,,2299,,,,,,,,
10,,,,,,,0.762687087059021,,1.592765212059021,,41.5,0.00039997982094064355,0.029999999329447746,,,1.0,1.0,,,,,2299,,2.35270094871521,,,,,,
,,,,,,,,,,,,,,0.00039995184872147294,0.03,,,,,,,2349,,,,,,,,
10,,,,,,,0.7419955134391785,,1.5164096355438232,,38.71875,0.00039995115366764367,0.029999999329447746,,,1.0,1.0,,,,,2349,,2.3700780868530273,,,,,,
,,,,,,,,,,,,,,0.00039991098011611664,0.03,,,,,,,2399,,,,,,,,
10,,,,,,,0.7198886275291443,,1.605630874633789,,44.28125,0.0003999100299552083,0.029999999329447746,,,1.0,1.0,,,,,2399,,2.307481527328491,,,,,,
,,,0.02812499925494194,,0.9140625,,,,,,,,,,,1.0,1.0,,,,,920,,,,0.0,,0.0,,0.0
,,,0.0338541679084301,,0.9296875,,,,,,,,,,,1.0,1.0,,,,,921,,,,0.0,,0.0,,0.0
,,,0.08320091664791107,,0.9233590364456177,,,,,,,,,,,1.0,1.0,,,,,922,,,,0.0,,0.0,,0.0
,,,0.0512152761220932,,0.90625,,,,,,,,,,,1.0,1.0,,,,,923,,,,0.0,,0.0,,0.0
,,,0.0477430559694767,,0.9609375,,,,,,,,,,,1.0,1.0,,,,,924,,,,0.0,,0.0,,0.0
,,,0.05128205195069313,,0.6378205418586731,,,,,,,,,,,1.0,1.0,,,,,925,,,,0.0,,0.0,,0.0
,,,0.0007812500116415322,,0.484375,,,,,,,,,,,1.0,1.0,,,,,926,,,,0.0,,0.0,,0.0
,,,0.0007812500116415322,,0.5,,,,,,,,,,,1.0,1.0,,,,,927,,,,0.0,,0.0,,0.0
,,,0.028216123580932617,,0.5030016899108887,,,,,,,,,,,1.0,1.0,,,,,928,,,,0.0,,0.0,,0.0
,,,0.01640624925494194,,0.7421875,,,,,,,,,,,1.0,1.0,,,,,929,,,,0.0,,0.0,,0.0
,,,0.009548611007630825,,0.75,,,,,,,,,,,1.0,1.0,,,,,930,,,,0.0,,0.0,,0.0
,,,0.0217013880610466,,0.7578125,,,,,,,,,,,1.0,1.0,,,,,931,,,,0.0,,0.0,,0.0
,,,0.10300000011920929,,0.5986666679382324,,,,,,,,,,,1.0,1.0,,,,,932,,,,0.0,,0.0,,0.0
,,,0.0842013880610466,,0.8359375,,,,,,,,,,,1.0,1.0,,,,,933,,,,0.0,,0.0,,0.0
,,,0.0842013880610466,,0.84375,,,,,,,,,,,1.0,1.0,,,,,934,,,,0.0,,0.0,,0.0
,,,0.07594148814678192,,0.7124183177947998,,,,,,,,,,,1.0,1.0,,,,,935,,,,0.0,,0.0,,0.0
,,,0.0026041667442768812,,0.7421875,,,,,,,,,,,1.0,1.0,,,,,936,,,,0.0,,0.0,,0.0
,,,0.00434027798473835,,0.796875,,,,,,,,,,,1.0,1.0,,,,,937,,,,0.0,,0.0,,0.0
,,,0.002272727433592081,,0.4188311696052551,,,,,,,,,,,1.0,1.0,,,,,938,,,,0.0,,0.0,,0.0
,,,0.0,,0.3125,,,,,,,,,,,1.0,1.0,,,,,939,,,,0.0,,0.0,,0.0
,,,0.0,,0.2421875,,,,,,,,,,,1.0,1.0,,,,,940,,,,0.0,,0.0,,0.0
,,,0.030821917578577995,,0.4148194193840027,,,,,,,,,,,1.0,1.0,,,,,941,,,,0.0,,0.0,,0.0
,,,0.029296875,,0.4609375,,,,,,,,,,,1.0,1.0,,,,,942,,,,0.0,,0.0,,0.0
,,,0.0263671875,,0.4609375,,,,,,,,,,,1.0,1.0,,,,,943,,,,0.0,,0.0,,0.0
,,,0.09932266175746918,,0.6596059203147888,,,,,,,,,,,1.0,1.0,,,,,944,,,,0.0,,0.0,,0.0
,,,0.06640625,,0.8359375,,,,,,,,,,,1.0,1.0,,,,,945,,,,0.0,,0.0,,0.0
,,,0.0654296875,,0.84375,,,,,,,,,,,1.0,1.0,,,,,946,,,,0.0,,0.0,,0.0
,,,0.06442767381668091,,0.8617609739303589,,,,,,,,,,,1.0,1.0,,,,,947,,,,0.0,,0.0,,0.0
,,,0.014843749813735485,,0.7734375,,,,,,,,,,,1.0,1.0,,,,,948,,,,0.0,,0.0,,0.0
,,,0.009548611007630825,,0.7734375,,,,,,,,,,,1.0,1.0,,,,,949,,,,0.0,,0.0,,0.0
,,,0.038522571325302124,,0.8414500951766968,,,,,,,,,,,1.0,1.0,,,,,950,,,,0.0,,0.0,,0.0
,,,0.0321180559694767,,0.90625,,,,,,,,,,,1.0,1.0,,,,,951,,,,0.0,,0.0,,0.0
,,,0.0321180559694767,,0.9296875,,,,,,,,,,,1.0,1.0,,,,,952,,,,0.0,,0.0,,0.0
,,,0.09125615656375885,,0.9354679584503174,,,,,,,,,,,1.0,1.0,,,,,953,,,,0.0,,0.0,,0.0
,,,0.0486111119389534,,0.8984375,,,,,,,,,,,1.0,1.0,,,,,954,,,,0.0,,0.0,,0.0
,,,0.0520833320915699,,0.9609375,,,,,,,,,,,1.0,1.0,,,,,955,,,,0.0,,0.0,,0.0
,,,0.052660197019577026,,0.7134817838668823,,,,,,,,,,,1.0,1.0,,,,,956,,,,0.0,,0.0,,0.0
,,,0.0,,0.4296875,,,,,,,,,,,1.0,1.0,,,,,957,,,,0.0,,0.0,,0.0
,,,0.0007812500116415322,,0.5390625,,,,,,,,,,,1.0,1.0,,,,,958,,,,0.0,,0.0,,0.0
,,,0.016923077404499054,,0.4743589758872986,,,,,,,,,,,1.0,1.0,,,,,959,,,,0.0,,0.0,,0.0
,,,0.01822916604578495,,0.765625,,,,,,,,,,,1.0,1.0,,,,,960,,,,0.0,,0.0,,0.0
,,,0.0086805559694767,,0.75,,,,,,,,,,,1.0,1.0,,,,,961,,,,0.0,,0.0,,0.0
,,,0.11565656960010529,,0.8306818008422852,,,,,,,,,,,1.0,1.0,,,,,962,,,,0.0,,0.0,,0.0
,,,0.0876736119389534,,0.828125,,,,,,,,,,,1.0,1.0,,,,,963,,,,0.0,,0.0,,0.0
,,,0.0850694477558136,,0.8359375,,,,,,,,,,,1.0,1.0,,,,,964,,,,0.0,,0.0,,0.0
,,,0.08719232678413391,,0.7984981536865234,,,,,,,,,,,1.0,1.0,,,,,965,,,,0.0,,0.0,,0.0
,,,0.0026041667442768812,,0.6796875,,,,,,,,,,,1.0,1.0,,,,,966,,,,0.0,,0.0,,0.0
,,,0.0034722222480922937,,0.75,,,,,,,,,,,1.0,1.0,,,,,967,,,,0.0,,0.0,,0.0
,,,0.0026041667442768812,,0.75,,,,,,,,,,,1.0,1.0,,,,,968,,,,0.0,,0.0,,0.0
,,,0.0,,0.6338582634925842,,,,,,,,,,,1.0,1.0,,,,,969,,,,0.0,,0.0,,0.0
,,,0.0,,0.265625,,,,,,,,,,,1.0,1.0,,,,,970,,,,0.0,,0.0,,0.0
,,,0.0,,0.25,,,,,,,,,,,1.0,1.0,,,,,971,,,,0.0,,0.0,,0.0
,,,0.026819922029972076,,0.45402300357818604,,,,,,,,,,,1.0,1.0,,,,,972,,,,0.0,,0.0,,0.0
,,,0.025390625,,0.4609375,,,,,,,,,,,1.0,1.0,,,,,973,,,,0.0,,0.0,,0.0
,,,0.0283203125,,0.4296875,,,,,,,,,,,1.0,1.0,,,,,974,,,,0.0,,0.0,,0.0
,,,0.10973598062992096,,0.7121378779411316,,,,,,,,,,,1.0,1.0,,,,,975,,,,0.0,,0.0,,0.0
,,,0.06640625,,0.84375,,,,,,,,,,,1.0,1.0,,,,,976,,,,0.0,,0.0,,0.0
,,,0.0546875,,0.8515625,,,,,,,,,,,1.0,1.0,,,,,977,,,,0.0,,0.0,,0.0
,,,0.0694444477558136,,0.859375,,,,,,,,,,,1.0,1.0,,,,,978,,,,0.0,,0.0,,0.0
,,,0.012500000186264515,,0.75,,,,,,,,,,,1.0,1.0,,,,,979,,,,0.0,,0.0,,0.0
,,,0.00937500037252903,,0.765625,,,,,,,,,,,1.0,1.0,,,,,980,,,,0.0,,0.0,,0.0
,,,0.042192693799734116,,0.8457918167114258,,,,,,,,,,,1.0,1.0,,,,,981,,,,0.0,,0.0,,0.0
,,,0.03125,,0.8984375,,,,,,,,,,,1.0,1.0,,,,,982,,,,0.0,,0.0,,0.0
,,,0.02864583395421505,,0.9140625,,,,,,,,,,,1.0,1.0,,,,,983,,,,0.0,,0.0,,0.0
,,,0.09638643264770508,,0.9312684535980225,,,,,,,,,,,1.0,1.0,,,,,984,,,,0.0,,0.0,,0.0
,,,0.0460069440305233,,0.921875,,,,,,,,,,,1.0,1.0,,,,,985,,,,0.0,,0.0,,0.0
,,,0.0555555559694767,,0.96875,,,,,,,,,,,1.0,1.0,,,,,986,,,,0.0,,0.0,,0.0
,,,0.025701459497213364,,0.6212121248245239,,,,,,,,,,,1.0,1.0,,,,,987,,,,0.0,,0.0,,0.0
,,,0.0007812500116415322,,0.515625,,,,,,,,,,,1.0,1.0,,,,,988,,,,0.0,,0.0,,0.0
,,,0.0007812500116415322,,0.4453125,,,,,,,,,,,1.0,1.0,,,,,989,,,,0.0,,0.0,,0.0
,,,0.01944444514811039,,0.5972222089767456,,,,,,,,,,,1.0,1.0,,,,,990,,,,0.0,,0.0,,0.0
,,,0.013888888992369175,,0.734375,,,,,,,,,,,1.0,1.0,,,,,991,,,,0.0,,0.0,,0.0
,,,0.01215277798473835,,0.7734375,,,,,,,,,,,1.0,1.0,,,,,992,,,,0.0,,0.0,,0.0
,,,0.11819128692150116,,0.8054885864257812,,,,,,,,,,,1.0,1.0,,,,,993,,,,0.0,,0.0,,0.0
,,,0.1005859375,,0.859375,,,,,,,,,,,1.0,1.0,,,,,994,,,,0.0,,0.0,,0.0
,,,0.0842013880610466,,0.8359375,,,,,,,,,,,1.0,1.0,,,,,995,,,,0.0,,0.0,,0.0
,,,0.07769572734832764,,0.7624140977859497,,,,,,,,,,,1.0,1.0,,,,,996,,,,0.0,,0.0,,0.0
,,,0.00434027798473835,,0.71875,,,,,,,,,,,1.0,1.0,,,,,997,,,,0.0,,0.0,,0.0
,,,0.0026041667442768812,,0.75,,,,,,,,,,,1.0,1.0,,,,,998,,,,0.0,,0.0,,0.0
,,,0.0034883723128587008,,0.49723145365715027,,,,,,,,,,,1.0,1.0,,,,,999,,,,0.0,,0.0,,0.0
,,,0.0,,0.2578125,,,,,,,,,,,1.0,1.0,,,,,1000,,,,0.0,,0.0,,0.0
,,,0.0,,0.2734375,,,,,,,,,,,1.0,1.0,,,,,1001,,,,0.0,,0.0,,0.0
,,,0.03584229201078415,,0.3869304656982422,,,,,,,,,,,1.0,1.0,,,,,1002,,,,0.0,,0.0,,0.0
,,,0.03125,,0.46875,,,,,,,,,,,1.0,1.0,,,,,1003,,,,0.0,,0.0,,0.0
,,,0.025390625,,0.4921875,,,,,,,,,,,1.0,1.0,,,,,1004,,,,0.0,,0.0,,0.0
,,,0.1082589328289032,,0.6875,,,,,,,,,,,1.0,1.0,,,,,1005,,,,0.0,,0.0,,0.0
,,,0.068359375,,0.8359375,,,,,,,,,,,1.0,1.0,,,,,1006,,,,0.0,,0.0,,0.0
,,,0.064453125,,0.8203125,,,,,,,,,,,1.0,1.0,,,,,1007,,,,0.0,,0.0,,0.0
,,,0.0859362930059433,,0.9444444179534912,,,,,,,,,,,1.0,1.0,,,,,1008,,,,0.0,,0.0,,0.0
,,,0.010416666977107525,,0.7734375,,,,,,,,,,,1.0,1.0,,,,,1009,,,,0.0,,0.0,,0.0
,,,0.00937500037252903,,0.734375,,,,,,,,,,,1.0,1.0,,,,,1010,,,,0.0,,0.0,,0.0
,,,0.0148731404915452,,0.8031495809555054,,,,,,,,,,,1.0,1.0,,,,,1011,,,,0.0,,0.0,,0.0
10,0.2534899413585663,0.2576119303703308,,0.6984186172485352,,,,,,,,,,,,,,23.6581974029541,93361.875,3.1637096405029297,426.0633544921875,2430,,,0.0,,0.0,,0.0,
10,,,,,,0.7402334213256836,,1.5786422491073608,,41.920249938964844,,,,,,,,,,,,2430,2.4005305767059326,,,,,,,
,,,,,,,,,,,,,,0.0003998576557610259,0.03,,,,,,,2449,,,,,,,,
11,,,,,,,0.7097955942153931,,1.544268250465393,,41.71875,0.00039985644980333745,0.029999999329447746,,,1.0,1.0,,,,,2449,,2.2855818271636963,,,,,,
,,,,,,,,,,,,,,0.0003997918789819808,0.03,,,,,,,2499,,,,,,,,
11,,,,,,,0.7154281735420227,,1.532322645187378,,40.84375,0.0003997904423158616,0.029999999329447746,,,1.0,1.0,,,,,2499,,2.215766191482544,,,,,,
,,,,,,,,,,,,,,0.00039971365388140513,0.03,,,,,,,2549,,,,,,,,
11,,,,,,,0.773249626159668,,1.595026969909668,,41.09375,0.00039971194928511977,0.029999999329447746,,,1.0,1.0,,,,,2549,,2.3834080696105957,,,,,,
,,,,,,,,,,,,,,0.00039962298533811105,0.03,,,,,,,2599,,,,,,,,
11,,,,,,,0.7473136782646179,,1.4504387378692627,,35.15625,0.0003996210580226034,0.029999999329447746,,,1.0,1.0,,,,,2599,,2.6827664375305176,,,,,,
,,,,,,,,,,,,,,0.0003995198790069932,0.03,,,,,,,2649,,,,,,,,
11,,,,,,,0.7103258371353149,,1.409056305885315,,34.9375,0.0003995176812168211,0.029999999329447746,,,1.0,1.0,,,,,2649,,2.4918670654296875,,,,,,
,,,0.01128472201526165,,0.6875,,,,,,,,,,,1.0,1.0,,,,,1012,,,,0.0,,0.0,,0.0
,,,0.013671875,,0.65625,,,,,,,,,,,1.0,1.0,,,,,1013,,,,0.0,,0.0,,0.0
,,,0.014594793319702148,,0.8045470714569092,,,,,,,,,,,1.0,1.0,,,,,1014,,,,0.0,,0.0,,0.0
,,,0.0065104165114462376,,0.8984375,,,,,,,,,,,1.0,1.0,,,,,1015,,,,0.0,,0.0,,0.0
,,,0.0078125,,0.90625,,,,,,,,,,,1.0,1.0,,,,,1016,,,,0.0,,0.0,,0.0
,,,0.016025641933083534,,0.8733974695205688,,,,,,,,,,,1.0,1.0,,,,,1017,,,,0.0,,0.0,,0.0
,,,0.0069444444961845875,,0.8125,,,,,,,,,,,1.0,1.0,,,,,1018,,,,0.0,,0.0,,0.0
,,,0.012500000186264515,,0.796875,,,,,,,,,,,1.0,1.0,,,,,1019,,,,0.0,,0.0,,0.0
,,,0.026681914925575256,,0.791166365146637,,,,,,,,,,,1.0,1.0,,,,,1020,,,,0.0,,0.0,,0.0
,,,0.0217013880610466,,0.71875,,,,,,,,,,,1.0,1.0,,,,,1021,,,,0.0,,0.0,,0.0
,,,0.0173611119389534,,0.78125,,,,,,,,,,,1.0,1.0,,,,,1022,,,,0.0,,0.0,,0.0
,,,0.0295138880610466,,0.7890625,,,,,,,,,,,1.0,1.0,,,,,1023,,,,0.0,,0.0,,0.0
,,,0.08373333513736725,,0.5426666736602783,,,,,,,,,,,1.0,1.0,,,,,1024,,,,0.0,,0.0,,0.0
,,,0.0546875,,0.734375,,,,,,,,,,,1.0,1.0,,,,,1025,,,,0.0,,0.0,,0.0
,,,0.05390625074505806,,0.7578125,,,,,,,,,,,1.0,1.0,,,,,1026,,,,0.0,,0.0,,0.0
,,,0.10345472395420074,,0.7577030658721924,,,,,,,,,,,1.0,1.0,,,,,1027,,,,0.0,,0.0,,0.0
,,,0.0546875,,0.8046875,,,,,,,,,,,1.0,1.0,,,,,1028,,,,0.0,,0.0,,0.0
,,,0.064453125,,0.8984375,,,,,,,,,,,1.0,1.0,,,,,1029,,,,0.0,,0.0,,0.0
,,,0.05687830597162247,,0.5800865888595581,,,,,,,,,,,1.0,1.0,,,,,1030,,,,0.0,,0.0,,0.0
,,,0.0034722222480922937,,0.2421875,,,,,,,,,,,1.0,1.0,,,,,1031,,,,0.0,,0.0,,0.0
,,,0.0026041667442768812,,0.2265625,,,,,,,,,,,1.0,1.0,,,,,1032,,,,0.0,,0.0,,0.0
,,,0.0360647551715374,,0.4265255331993103,,,,,,,,,,,1.0,1.0,,,,,1033,,,,0.0,,0.0,,0.0
,,,0.03203124925494194,,0.734375,,,,,,,,,,,1.0,1.0,,,,,1034,,,,0.0,,0.0,,0.0
,,,0.03437500074505806,,0.7578125,,,,,,,,,,,1.0,1.0,,,,,1035,,,,0.0,,0.0,,0.0
,,,0.08226601779460907,,0.761083722114563,,,,,,,,,,,1.0,1.0,,,,,1036,,,,0.0,,0.0,,0.0
,,,0.0625,,0.84375,,,,,,,,,,,1.0,1.0,,,,,1037,,,,0.0,,0.0,,0.0
,,,0.0486111119389534,,0.859375,,,,,,,,,,,1.0,1.0,,,,,1038,,,,0.0,,0.0,,0.0
,,,0.1095283031463623,,0.7152200937271118,,,,,,,,,,,1.0,1.0,,,,,1039,,,,0.0,,0.0,,0.0
,,,0.0460069440305233,,0.6953125,,,,,,,,,,,1.0,1.0,,,,,1040,,,,0.0,,0.0,,0.0
,,,0.046875,,0.609375,,,,,,,,,,,1.0,1.0,,,,,1041,,,,0.0,,0.0,,0.0
,,,0.05091959238052368,,0.6548563838005066,,,,,,,,,,,1.0,1.0,,,,,1042,,,,0.0,,0.0,,0.0
,,,0.0147569440305233,,0.7109375,,,,,,,,,,,1.0,1.0,,,,,1043,,,,0.0,,0.0,,0.0
,,,0.010416666977107525,,0.6328125,,,,,,,,,,,1.0,1.0,,,,,1044,,,,0.0,,0.0,,0.0
,,,0.016059113666415215,,0.786206841468811,,,,,,,,,,,1.0,1.0,,,,,1045,,,,0.0,,0.0,,0.0
,,,0.0052083334885537624,,0.90625,,,,,,,,,,,1.0,1.0,,,,,1046,,,,0.0,,0.0,,0.0
,,,0.005580357275903225,,0.9140625,,,,,,,,,,,1.0,1.0,,,,,1047,,,,0.0,,0.0,,0.0
,,,0.008454992435872555,,0.8470760583877563,,,,,,,,,,,1.0,1.0,,,,,1048,,,,0.0,,0.0,,0.0
,,,0.01015624962747097,,0.8671875,,,,,,,,,,,1.0,1.0,,,,,1049,,,,0.0,,0.0,,0.0
,,,0.010416666977107525,,0.7421875,,,,,,,,,,,1.0,1.0,,,,,1050,,,,0.0,,0.0,,0.0
,,,0.02954823151230812,,0.7658119797706604,,,,,,,,,,,1.0,1.0,,,,,1051,,,,0.0,,0.0,,0.0
,,,0.02734375,,0.71875,,,,,,,,,,,1.0,1.0,,,,,1052,,,,0.0,,0.0,,0.0
,,,0.01909722201526165,,0.765625,,,,,,,,,,,1.0,1.0,,,,,1053,,,,0.0,,0.0,,0.0
,,,0.08686868846416473,,0.8090909123420715,,,,,,,,,,,1.0,1.0,,,,,1054,,,,0.0,,0.0,,0.0
,,,0.05234374850988388,,0.7265625,,,,,,,,,,,1.0,1.0,,,,,1055,,,,0.0,,0.0,,0.0
,,,0.05078125,,0.7265625,,,,,,,,,,,1.0,1.0,,,,,1056,,,,0.0,,0.0,,0.0
,,,0.12133917212486267,,0.8441802263259888,,,,,,,,,,,1.0,1.0,,,,,1057,,,,0.0,,0.0,,0.0
,,,0.04374999925494194,,0.8125,,,,,,,,,,,1.0,1.0,,,,,1058,,,,0.0,,0.0,,0.0
,,,0.0658482164144516,,0.8671875,,,,,,,,,,,1.0,1.0,,,,,1059,,,,0.0,,0.0,,0.0
,,,0.060546875,,0.8828125,,,,,,,,,,,1.0,1.0,,,,,1060,,,,0.0,,0.0,,0.0
,,,0.11373578011989594,,0.6299212574958801,,,,,,,,,,,1.0,1.0,,,,,1061,,,,0.0,,0.0,,0.0
,,,0.0034722222480922937,,0.2421875,,,,,,,,,,,1.0,1.0,,,,,1062,,,,0.0,,0.0,,0.0
,,,0.0017361111240461469,,0.1875,,,,,,,,,,,1.0,1.0,,,,,1063,,,,0.0,,0.0,,0.0
,,,0.03534482792019844,,0.4281609356403351,,,,,,,,,,,1.0,1.0,,,,,1064,,,,0.0,,0.0,,0.0
,,,0.02968749962747097,,0.7578125,,,,,,,,,,,1.0,1.0,,,,,1065,,,,0.0,,0.0,,0.0
,,,0.03593749925494194,,0.6875,,,,,,,,,,,1.0,1.0,,,,,1066,,,,0.0,,0.0,,0.0
,,,0.09196919947862625,,0.8010634183883667,,,,,,,,,,,1.0,1.0,,,,,1067,,,,0.0,,0.0,,0.0
,,,0.0658482164144516,,0.859375,,,,,,,,,,,1.0,1.0,,,,,1068,,,,0.0,,0.0,,0.0
,,,0.04062499850988388,,0.828125,,,,,,,,,,,1.0,1.0,,,,,1069,,,,0.0,,0.0,,0.0
,,,0.1383928656578064,,0.7708333730697632,,,,,,,,,,,1.0,1.0,,,,,1070,,,,0.0,,0.0,,0.0
,,,0.046875,,0.640625,,,,,,,,,,,1.0,1.0,,,,,1071,,,,0.0,,0.0,,0.0
,,,0.046875,,0.625,,,,,,,,,,,1.0,1.0,,,,,1072,,,,0.0,,0.0,,0.0
,,,0.05401747301220894,,0.6525471210479736,,,,,,,,,,,1.0,1.0,,,,,1073,,,,0.0,,0.0,,0.0
,,,0.013020833022892475,,0.671875,,,,,,,,,,,1.0,1.0,,,,,1074,,,,0.0,,0.0,,0.0
,,,0.0078125,,0.671875,,,,,,,,,,,1.0,1.0,,,,,1075,,,,0.0,,0.0,,0.0
,,,0.04568057507276535,,0.8179941177368164,,,,,,,,,,,1.0,1.0,,,,,1076,,,,0.0,,0.0,,0.0
,,,0.00390625,,0.890625,,,,,,,,,,,1.0,1.0,,,,,1077,,,,0.0,,0.0,,0.0
,,,0.0048828125,,0.9375,,,,,,,,,,,1.0,1.0,,,,,1078,,,,0.0,,0.0,,0.0
,,,0.008080807514488697,,0.8535353541374207,,,,,,,,,,,1.0,1.0,,,,,1079,,,,0.0,,0.0,,0.0
,,,0.01015624962747097,,0.8359375,,,,,,,,,,,1.0,1.0,,,,,1080,,,,0.0,,0.0,,0.0
,,,0.013020833022892475,,0.75,,,,,,,,,,,1.0,1.0,,,,,1081,,,,0.0,,0.0,,0.0
,,,0.028600823134183884,,0.7157407402992249,,,,,,,,,,,1.0,1.0,,,,,1082,,,,0.0,,0.0,,0.0
,,,0.025390625,,0.7578125,,,,,,,,,,,1.0,1.0,,,,,1083,,,,0.0,,0.0,,0.0
,,,0.0283203125,,0.7734375,,,,,,,,,,,1.0,1.0,,,,,1084,,,,0.0,,0.0,,0.0
,,,0.08310575783252716,,0.801740288734436,,,,,,,,,,,1.0,1.0,,,,,1085,,,,0.0,,0.0,,0.0
,,,0.05000000074505806,,0.765625,,,,,,,,,,,1.0,1.0,,,,,1086,,,,0.0,,0.0,,0.0
,,,0.05703125149011612,,0.7265625,,,,,,,,,,,1.0,1.0,,,,,1087,,,,0.0,,0.0,,0.0
,,,0.10292844474315643,,0.8076139688491821,,,,,,,,,,,1.0,1.0,,,,,1088,,,,0.0,,0.0,,0.0
,,,0.0537109375,,0.8203125,,,,,,,,,,,1.0,1.0,,,,,1089,,,,0.0,,0.0,,0.0
,,,0.0703125,,0.875,,,,,,,,,,,1.0,1.0,,,,,1090,,,,0.0,,0.0,,0.0
,,,0.05432509258389473,,0.5847176313400269,,,,,,,,,,,1.0,1.0,,,,,1091,,,,0.0,,0.0,,0.0
,,,0.0017361111240461469,,0.2109375,,,,,,,,,,,1.0,1.0,,,,,1092,,,,0.0,,0.0,,0.0
,,,0.0048828125,,0.234375,,,,,,,,,,,1.0,1.0,,,,,1093,,,,0.0,,0.0,,0.0
,,,0.042966410517692566,,0.4469571113586426,,,,,,,,,,,1.0,1.0,,,,,1094,,,,0.0,,0.0,,0.0
,,,0.03437500074505806,,0.6875,,,,,,,,,,,1.0,1.0,,,,,1095,,,,0.0,,0.0,,0.0
,,,0.03125,,0.78125,,,,,,,,,,,1.0,1.0,,,,,1096,,,,0.0,,0.0,,0.0
,,,0.09285713732242584,,0.7767857313156128,,,,,,,,,,,1.0,1.0,,,,,1097,,,,0.0,,0.0,,0.0
,,,0.0647321417927742,,0.8515625,,,,,,,,,,,1.0,1.0,,,,,1098,,,,0.0,,0.0,,0.0
,,,0.0556640625,,0.84375,,,,,,,,,,,1.0,1.0,,,,,1099,,,,0.0,,0.0,,0.0
,,,0.08883708715438843,,0.695804238319397,,,,,,,,,,,1.0,1.0,,,,,1100,,,,0.0,,0.0,,0.0
,,,0.0494791679084301,,0.6640625,,,,,,,,,,,1.0,1.0,,,,,1101,,,,0.0,,0.0,,0.0
,,,0.046875,,0.640625,,,,,,,,,,,1.0,1.0,,,,,1102,,,,0.0,,0.0,,0.0
,,,0.0596175491809845,,0.6220472455024719,,,,,,,,,,,1.0,1.0,,,,,1103,,,,0.0,,0.0,,0.0
11,0.26438015699386597,0.2679020166397095,,0.7181696891784668,,,,,,,,,,,,,,26.405391693115234,81621.765625,3.2735681533813477,396.8616943359375,2651,,,0.0,,0.0,,0.0,
11,,,,,,0.744502604007721,,1.4951261281967163,,37.53054428100586,,,,,,,,,,,,2651,2.3862133026123047,,,,,,,
,,,,,,,,,,,,,,0.00039940434131867847,0.03,,,,,,,2699,,,,,,,,
12,,,,,,,0.7127470970153809,,1.4583525657653809,,37.28125,0.0003994019061792642,0.029999999329447746,,,1.0,1.0,,,,,2699,,2.4440712928771973,,,,,,
,,,,,,,,,,,,,,0.0003992763794791224,0.03,,,,,,,2749,,,,,,,,
12,,,,,,,0.7443915605545044,,1.4191962480545044,,33.75,0.0003992737038061023,0.029999999329447746,,,1.0,1.0,,,,,2749,,2.384737014770508,,,,,,
,,,,,,,,,,,,,,0.0003991360014691612,0.03,,,,,,,2799,,,,,,,,
12,,,,,,,0.7441666126251221,,1.534205675125122,,39.5,0.00039913307409733534,0.029999999329447746,,,1.0,1.0,,,,,2799,,2.181913375854492,,,,,,
,,,,,,,,,,,,,,0.00039898321604401395,0.03,,,,,,,2849,,,,,,,,
12,,,,,,,0.7642195224761963,,1.3975203037261963,,31.65625,0.00039898004615679383,0.029999999329447746,,,1.0,1.0,,,,,2849,,2.4375877380371094,,,,,,
,,,0.03671874850988388,,0.59375,,,,,,,,,,,1.0,1.0,,,,,1104,,,,0.0,,0.0,,0.0
,,,0.0442708320915699,,0.6328125,,,,,,,,,,,1.0,1.0,,,,,1105,,,,0.0,,0.0,,0.0
,,,0.05342867970466614,,0.6872020363807678,,,,,,,,,,,1.0,1.0,,,,,1106,,,,0.0,,0.0,,0.0
,,,0.013888888992369175,,0.8046875,,,,,,,,,,,1.0,1.0,,,,,1107,,,,0.0,,0.0,,0.0
,,,0.010416666977107525,,0.765625,,,,,,,,,,,1.0,1.0,,,,,1108,,,,0.0,,0.0,,0.0
,,,0.053418803960084915,,0.6955127716064453,,,,,,,,,,,1.0,1.0,,,,,1109,,,,0.0,,0.0,,0.0
,,,0.037109375,,0.6484375,,,,,,,,,,,1.0,1.0,,,,,1110,,,,0.0,,0.0,,0.0
,,,0.03125,,0.609375,,,,,,,,,,,1.0,1.0,,,,,1111,,,,0.0,,0.0,,0.0
,,,0.06449399888515472,,0.6646655201911926,,,,,,,,,,,1.0,1.0,,,,,1112,,,,0.0,,0.0,,0.0
,,,0.03671874850988388,,0.765625,,,,,,,,,,,1.0,1.0,,,,,1113,,,,0.0,,0.0,,0.0
,,,0.03671874850988388,,0.75,,,,,,,,,,,1.0,1.0,,,,,1114,,,,0.0,,0.0,,0.0
,,,0.0451388880610466,,0.78125,,,,,,,,,,,1.0,1.0,,,,,1115,,,,0.0,,0.0,,0.0
,,,0.08053334057331085,,0.7253333330154419,,,,,,,,,,,1.0,1.0,,,,,1116,,,,0.0,,0.0,,0.0
,,,0.0347222238779068,,0.734375,,,,,,,,,,,1.0,1.0,,,,,1117,,,,0.0,,0.0,,0.0
,,,0.03984374925494194,,0.703125,,,,,,,,,,,1.0,1.0,,,,,1118,,,,0.0,,0.0,,0.0
,,,0.05723623186349869,,0.5308123230934143,,,,,,,,,,,1.0,1.0,,,,,1119,,,,0.0,,0.0,,0.0
,,,0.0008680555620230734,,0.3828125,,,,,,,,,,,1.0,1.0,,,,,1120,,,,0.0,,0.0,,0.0
,,,0.0007812500116415322,,0.5078125,,,,,,,,,,,1.0,1.0,,,,,1121,,,,0.0,,0.0,,0.0
,,,0.02738095261156559,,0.6163420081138611,,,,,,,,,,,1.0,1.0,,,,,1122,,,,0.0,,0.0,,0.0
,,,0.0225694440305233,,0.796875,,,,,,,,,,,1.0,1.0,,,,,1123,,,,0.0,,0.0,,0.0
,,,0.01215277798473835,,0.828125,,,,,,,,,,,1.0,1.0,,,,,1124,,,,0.0,,0.0,,0.0
,,,0.0420091338455677,,0.817808210849762,,,,,,,,,,,1.0,1.0,,,,,1125,,,,0.0,,0.0,,0.0
,,,0.02187499962747097,,0.8828125,,,,,,,,,,,1.0,1.0,,,,,1126,,,,0.0,,0.0,,0.0
,,,0.01953125,,0.921875,,,,,,,,,,,1.0,1.0,,,,,1127,,,,0.0,,0.0,,0.0
,,,0.060536399483680725,,0.8625615835189819,,,,,,,,,,,1.0,1.0,,,,,1128,,,,0.0,,0.0,,0.0
,,,0.037109375,,0.9453125,,,,,,,,,,,1.0,1.0,,,,,1129,,,,0.0,,0.0,,0.0
,,,0.0373263880610466,,0.8984375,,,,,,,,,,,1.0,1.0,,,,,1130,,,,0.0,,0.0,,0.0
,,,0.07267645001411438,,0.7379873991012573,,,,,,,,,,,1.0,1.0,,,,,1131,,,,0.0,,0.0,,0.0
,,,0.0322265625,,0.7265625,,,,,,,,,,,1.0,1.0,,,,,1132,,,,0.0,,0.0,,0.0
,,,0.0225694440305233,,0.6015625,,,,,,,,,,,1.0,1.0,,,,,1133,,,,0.0,,0.0,,0.0
,,,0.075239397585392,,0.6201094388961792,,,,,,,,,,,1.0,1.0,,,,,1134,,,,0.0,,0.0,,0.0
,,,0.03828125074505806,,0.640625,,,,,,,,,,,1.0,1.0,,,,,1135,,,,0.0,,0.0,,0.0
,,,0.0407986119389534,,0.5859375,,,,,,,,,,,1.0,1.0,,,,,1136,,,,0.0,,0.0,,0.0
,,,0.05394088476896286,,0.7261083722114563,,,,,,,,,,,1.0,1.0,,,,,1137,,,,0.0,,0.0,,0.0
,,,0.009548611007630825,,0.7890625,,,,,,,,,,,1.0,1.0,,,,,1138,,,,0.0,,0.0,,0.0
,,,0.013020833022892475,,0.7578125,,,,,,,,,,,1.0,1.0,,,,,1139,,,,0.0,,0.0,,0.0
,,,0.04939781874418259,,0.669562041759491,,,,,,,,,,,1.0,1.0,,,,,1140,,,,0.0,,0.0,,0.0
,,,0.0347222238779068,,0.6953125,,,,,,,,,,,1.0,1.0,,,,,1141,,,,0.0,,0.0,,0.0
,,,0.02656250074505806,,0.5546875,,,,,,,,,,,1.0,1.0,,,,,1142,,,,0.0,,0.0,,0.0
,,,0.0669841319322586,,0.6859585046768188,,,,,,,,,,,1.0,1.0,,,,,1143,,,,0.0,,0.0,,0.0
,,,0.03750000149011612,,0.765625,,,,,,,,,,,1.0,1.0,,,,,1144,,,,0.0,,0.0,,0.0
,,,0.0373263880610466,,0.734375,,,,,,,,,,,1.0,1.0,,,,,1145,,,,0.0,,0.0,,0.0
,,,0.10025252401828766,,0.8159090876579285,,,,,,,,,,,1.0,1.0,,,,,1146,,,,0.0,,0.0,,0.0
,,,0.04218750074505806,,0.7265625,,,,,,,,,,,1.0,1.0,,,,,1147,,,,0.0,,0.0,,0.0
,,,0.03046875074505806,,0.734375,,,,,,,,,,,1.0,1.0,,,,,1148,,,,0.0,,0.0,,0.0
,,,0.04574467986822128,,0.5675844550132751,,,,,,,,,,,1.0,1.0,,,,,1149,,,,0.0,,0.0,,0.0
,,,0.0017361111240461469,,0.359375,,,,,,,,,,,1.0,1.0,,,,,1150,,,,0.0,,0.0,,0.0
,,,0.0008680555620230734,,0.421875,,,,,,,,,,,1.0,1.0,,,,,1151,,,,0.0,,0.0,,0.0
,,,0.0007812500116415322,,0.46875,,,,,,,,,,,1.0,1.0,,,,,1152,,,,0.0,,0.0,,0.0
,,,0.0297462809830904,,0.4173228442668915,,,,,,,,,,,1.0,1.0,,,,,1153,,,,0.0,,0.0,,0.0
,,,0.0164930559694767,,0.828125,,,,,,,,,,,1.0,1.0,,,,,1154,,,,0.0,,0.0,,0.0
,,,0.0173611119389534,,0.8125,,,,,,,,,,,1.0,1.0,,,,,1155,,,,0.0,,0.0,,0.0
,,,0.030332056805491447,,0.8146551847457886,,,,,,,,,,,1.0,1.0,,,,,1156,,,,0.0,,0.0,,0.0
,,,0.02109375037252903,,0.875,,,,,,,,,,,1.0,1.0,,,,,1157,,,,0.0,,0.0,,0.0
,,,0.0225694440305233,,0.8671875,,,,,,,,,,,1.0,1.0,,,,,1158,,,,0.0,,0.0,,0.0
,,,0.04864930734038353,,0.9283095002174377,,,,,,,,,,,1.0,1.0,,,,,1159,,,,0.0,,0.0,,0.0
,,,0.04296875,,0.9140625,,,,,,,,,,,1.0,1.0,,,,,1160,,,,0.0,,0.0,,0.0
,,,0.03281249850988388,,0.8828125,,,,,,,,,,,1.0,1.0,,,,,1161,,,,0.0,,0.0,,0.0
,,,0.05671296268701553,,0.75,,,,,,,,,,,1.0,1.0,,,,,1162,,,,0.0,,0.0,,0.0
,,,0.0322265625,,0.65625,,,,,,,,,,,1.0,1.0,,,,,1163,,,,0.0,,0.0,,0.0
,,,0.0225694440305233,,0.6328125,,,,,,,,,,,1.0,1.0,,,,,1164,,,,0.0,,0.0,,0.0
,,,0.06256921589374542,,0.6182170510292053,,,,,,,,,,,1.0,1.0,,,,,1165,,,,0.0,,0.0,,0.0
,,,0.0390625,,0.6484375,,,,,,,,,,,1.0,1.0,,,,,1166,,,,0.0,,0.0,,0.0
,,,0.0390625,,0.6171875,,,,,,,,,,,1.0,1.0,,,,,1167,,,,0.0,,0.0,,0.0
,,,0.07597509026527405,,0.735988199710846,,,,,,,,,,,1.0,1.0,,,,,1168,,,,0.0,,0.0,,0.0
,,,0.010416666977107525,,0.75,,,,,,,,,,,1.0,1.0,,,,,1169,,,,0.0,,0.0,,0.0
,,,0.01128472201526165,,0.828125,,,,,,,,,,,1.0,1.0,,,,,1170,,,,0.0,,0.0,,0.0
,,,0.05833333730697632,,0.5823232531547546,,,,,,,,,,,1.0,1.0,,,,,1171,,,,0.0,,0.0,,0.0
,,,0.03281249850988388,,0.640625,,,,,,,,,,,1.0,1.0,,,,,1172,,,,0.0,,0.0,,0.0
,,,0.02578124962747097,,0.5546875,,,,,,,,,,,1.0,1.0,,,,,1173,,,,0.0,,0.0,,0.0
,,,0.06388889253139496,,0.7231481075286865,,,,,,,,,,,1.0,1.0,,,,,1174,,,,0.0,,0.0,,0.0
,,,0.03828125074505806,,0.75,,,,,,,,,,,1.0,1.0,,,,,1175,,,,0.0,,0.0,,0.0
,,,0.0373263880610466,,0.7578125,,,,,,,,,,,1.0,1.0,,,,,1176,,,,0.0,,0.0,,0.0
,,,0.10495315492153168,,0.7915662527084351,,,,,,,,,,,1.0,1.0,,,,,1177,,,,0.0,,0.0,,0.0
,,,0.0390625,,0.7578125,,,,,,,,,,,1.0,1.0,,,,,1178,,,,0.0,,0.0,,0.0
,,,0.03671874850988388,,0.71875,,,,,,,,,,,1.0,1.0,,,,,1179,,,,0.0,,0.0,,0.0
,,,0.03985230624675751,,0.5346320271492004,,,,,,,,,,,1.0,1.0,,,,,1180,,,,0.0,,0.0,,0.0
,,,0.0,,0.3359375,,,,,,,,,,,1.0,1.0,,,,,1181,,,,0.0,,0.0,,0.0
,,,0.0015625000232830644,,0.4765625,,,,,,,,,,,1.0,1.0,,,,,1182,,,,0.0,,0.0,,0.0
,,,0.02619047835469246,,0.643410861492157,,,,,,,,,,,1.0,1.0,,,,,1183,,,,0.0,,0.0,,0.0
,,,0.0234375,,0.828125,,,,,,,,,,,1.0,1.0,,,,,1184,,,,0.0,,0.0,,0.0
,,,0.01953125,,0.84375,,,,,,,,,,,1.0,1.0,,,,,1185,,,,0.0,,0.0,,0.0
,,,0.029228096827864647,,0.8272364139556885,,,,,,,,,,,1.0,1.0,,,,,1186,,,,0.0,,0.0,,0.0
,,,0.02187499962747097,,0.8515625,,,,,,,,,,,1.0,1.0,,,,,1187,,,,0.0,,0.0,,0.0
,,,0.02083333395421505,,0.90625,,,,,,,,,,,1.0,1.0,,,,,1188,,,,0.0,,0.0,,0.0
,,,0.0625,,0.875,,,,,,,,,,,1.0,1.0,,,,,1189,,,,0.0,,0.0,,0.0
,,,0.0373263880610466,,0.9296875,,,,,,,,,,,1.0,1.0,,,,,1190,,,,0.0,,0.0,,0.0
,,,0.0361328125,,0.90625,,,,,,,,,,,1.0,1.0,,,,,1191,,,,0.0,,0.0,,0.0
,,,0.07839074730873108,,0.7128982543945312,,,,,,,,,,,1.0,1.0,,,,,1192,,,,0.0,,0.0,,0.0
,,,0.03125,,0.6875,,,,,,,,,,,1.0,1.0,,,,,1193,,,,0.0,,0.0,,0.0
,,,0.01996527798473835,,0.640625,,,,,,,,,,,1.0,1.0,,,,,1194,,,,0.0,,0.0,,0.0
,,,0.02537182718515396,,0.6456692814826965,,,,,,,,,,,1.0,1.0,,,,,1195,,,,0.0,,0.0,,0.0
12,0.27521657943725586,0.2522983253002167,,0.7190714478492737,,,,,,,,,,,,,,26.5410099029541,81384.9375,3.278691053390503,404.82464599609375,2872,,,0.0,,0.0,,0.0,
12,,,,,,0.7465497851371765,,1.4394725561141968,,34.64564514160156,,,,,,,,,,,,2872,2.386659860610962,,,,,,,
,,,,,,,,,,,,,,0.00039881803273273645,0.03,,,,,,,2899,,,,,,,,
13,,,,,,,0.8375029563903809,,1.5401396751403809,,35.125,0.0003988145908806473,0.029999999329447746,,,1.0,1.0,,,,,2899,,2.4756274223327637,,,,,,
,,,,,,,,,,,,,,0.0003986404618376262,0.03,,,,,,,2949,,,,,,,,
13,,,,,,,0.7417446970939636,,1.4175260066986084,,33.78125,0.0003986367955803871,0.029999999329447746,,,1.0,1.0,,,,,2949,,2.1292591094970703,,,,,,
,,,,,,,,,,,,,,0.000398450514433581,0.03,,,,,,,2999,,,,,,,,
13,,,,,,,0.737179160118103,,1.433468222618103,,34.8125,0.00039844660204835236,0.029999999329447746,,,1.0,1.0,,,,,2999,,2.293462038040161,,,,,,
,,,,,,,,,,,,,,0.0003982482023674068,0.03,,,,,,,3049,,,,,,,,
13,,,,,,,0.7716392278671265,,1.3824790716171265,,30.546875,0.0003982440393883735,0.029999999329447746,,,1.0,1.0,,,,,3049,,2.4797229766845703,,,,,,
,,,0.02500000037252903,,0.6640625,,,,,,,,,,,1.0,1.0,,,,,1196,,,,0.0,,0.0,,0.0
,,,0.02265625074505806,,0.65625,,,,,,,,,,,1.0,1.0,,,,,1197,,,,0.0,,0.0,,0.0
,,,0.08672533929347992,,0.8230656385421753,,,,,,,,,,,1.0,1.0,,,,,1198,,,,0.0,,0.0,,0.0
,,,0.0615234375,,0.8984375,,,,,,,,,,,1.0,1.0,,,,,1199,,,,0.0,,0.0,,0.0
,,,0.0607638880610466,,0.8828125,,,,,,,,,,,1.0,1.0,,,,,1200,,,,0.0,,0.0,,0.0
,,,0.06410256028175354,,0.6233974695205688,,,,,,,,,,,1.0,1.0,,,,,1201,,,,0.0,,0.0,,0.0
,,,0.0015625000232830644,,0.25,,,,,,,,,,,1.0,1.0,,,,,1202,,,,0.0,,0.0,,0.0
,,,0.0031250000465661287,,0.2578125,,,,,,,,,,,1.0,1.0,,,,,1203,,,,0.0,,0.0,,0.0
,,,0.024614065885543823,,0.6320754885673523,,,,,,,,,,,1.0,1.0,,,,,1204,,,,0.0,,0.0,,0.0
,,,0.00937500037252903,,0.875,,,,,,,,,,,1.0,1.0,,,,,1205,,,,0.0,,0.0,,0.0
,,,0.006076388992369175,,0.9296875,,,,,,,,,,,1.0,1.0,,,,,1206,,,,0.0,,0.0,,0.0
,,,0.0054687499068677425,,0.96875,,,,,,,,,,,1.0,1.0,,,,,1207,,,,0.0,,0.0,,0.0
,,,0.11314285546541214,,0.9399999976158142,,,,,,,,,,,1.0,1.0,,,,,1208,,,,0.0,,0.0,,0.0
,,,0.0815972238779068,,0.8359375,,,,,,,,,,,1.0,1.0,,,,,1209,,,,0.0,,0.0,,0.0
,,,0.078125,,0.84375,,,,,,,,,,,1.0,1.0,,,,,1210,,,,0.0,,0.0,,0.0
,,,0.08714596927165985,,0.7091503143310547,,,,,,,,,,,1.0,1.0,,,,,1211,,,,0.0,,0.0,,0.0
,,,0.01640624925494194,,0.5625,,,,,,,,,,,1.0,1.0,,,,,1212,,,,0.0,,0.0,,0.0
,,,0.02578124962747097,,0.6640625,,,,,,,,,,,1.0,1.0,,,,,1213,,,,0.0,,0.0,,0.0
,,,0.0634920597076416,,0.7359306812286377,,,,,,,,,,,1.0,1.0,,,,,1214,,,,0.0,,0.0,,0.0
,,,0.02890625037252903,,0.796875,,,,,,,,,,,1.0,1.0,,,,,1215,,,,0.0,,0.0,,0.0
,,,0.02500000037252903,,0.703125,,,,,,,,,,,1.0,1.0,,,,,1216,,,,0.0,,0.0,,0.0
,,,0.06531064212322235,,0.8382316827774048,,,,,,,,,,,1.0,1.0,,,,,1217,,,,0.0,,0.0,,0.0
,,,0.02656250074505806,,0.75,,,,,,,,,,,1.0,1.0,,,,,1218,,,,0.0,,0.0,,0.0
,,,0.02656250074505806,,0.703125,,,,,,,,,,,1.0,1.0,,,,,1219,,,,0.0,,0.0,,0.0
,,,0.06911329925060272,,0.8298029899597168,,,,,,,,,,,1.0,1.0,,,,,1220,,,,0.0,,0.0,,0.0
,,,0.044921875,,0.921875,,,,,,,,,,,1.0,1.0,,,,,1221,,,,0.0,,0.0,,0.0
,,,0.046875,,0.90625,,,,,,,,,,,1.0,1.0,,,,,1222,,,,0.0,,0.0,,0.0
,,,0.0588679239153862,,0.846792459487915,,,,,,,,,,,1.0,1.0,,,,,1223,,,,0.0,,0.0,,0.0
,,,0.01796874962747097,,0.7109375,,,,,,,,,,,1.0,1.0,,,,,1224,,,,0.0,,0.0,,0.0
,,,0.01128472201526165,,0.6015625,,,,,,,,,,,1.0,1.0,,,,,1225,,,,0.0,,0.0,,0.0
,,,0.04549931734800339,,0.6080711483955383,,,,,,,,,,,1.0,1.0,,,,,1226,,,,0.0,,0.0,,0.0
,,,0.0234375,,0.6875,,,,,,,,,,,1.0,1.0,,,,,1227,,,,0.0,,0.0,,0.0
,,,0.02578124962747097,,0.6484375,,,,,,,,,,,1.0,1.0,,,,,1228,,,,0.0,,0.0,,0.0
,,,0.08270935714244843,,0.8004925847053528,,,,,,,,,,,1.0,1.0,,,,,1229,,,,0.0,,0.0,,0.0
,,,0.0486111119389534,,0.890625,,,,,,,,,,,1.0,1.0,,,,,1230,,,,0.0,,0.0,,0.0
,,,0.0677083358168602,,0.8984375,,,,,,,,,,,1.0,1.0,,,,,1231,,,,0.0,,0.0,,0.0
,,,0.057083435356616974,,0.5702226758003235,,,,,,,,,,,1.0,1.0,,,,,1232,,,,0.0,,0.0,,0.0
,,,0.00390625,,0.28125,,,,,,,,,,,1.0,1.0,,,,,1233,,,,0.0,,0.0,,0.0
,,,0.0015625000232830644,,0.2265625,,,,,,,,,,,1.0,1.0,,,,,1234,,,,0.0,,0.0,,0.0
,,,0.010769231244921684,,0.5813186764717102,,,,,,,,,,,1.0,1.0,,,,,1235,,,,0.0,,0.0,,0.0
,,,0.0078125,,0.921875,,,,,,,,,,,1.0,1.0,,,,,1236,,,,0.0,,0.0,,0.0
,,,0.004687500186264515,,0.9296875,,,,,,,,,,,1.0,1.0,,,,,1237,,,,0.0,,0.0,,0.0
,,,0.08704545348882675,,0.9454545378684998,,,,,,,,,,,1.0,1.0,,,,,1238,,,,0.0,,0.0,,0.0
,,,0.091796875,,0.828125,,,,,,,,,,,1.0,1.0,,,,,1239,,,,0.0,,0.0,,0.0
,,,0.0807291641831398,,0.8671875,,,,,,,,,,,1.0,1.0,,,,,1240,,,,0.0,,0.0,,0.0
,,,0.09018217027187347,,0.6996245384216309,,,,,,,,,,,1.0,1.0,,,,,1241,,,,0.0,,0.0,,0.0
,,,0.0173611119389534,,0.546875,,,,,,,,,,,1.0,1.0,,,,,1242,,,,0.0,,0.0,,0.0
,,,0.01640624925494194,,0.625,,,,,,,,,,,1.0,1.0,,,,,1243,,,,0.0,,0.0,,0.0
,,,0.02890625037252903,,0.640625,,,,,,,,,,,1.0,1.0,,,,,1244,,,,0.0,,0.0,,0.0
,,,0.03324584662914276,,0.921259880065918,,,,,,,,,,,1.0,1.0,,,,,1245,,,,0.0,,0.0,,0.0
,,,0.02734375,,0.765625,,,,,,,,,,,1.0,1.0,,,,,1246,,,,0.0,,0.0,,0.0
,,,0.02656250074505806,,0.765625,,,,,,,,,,,1.0,1.0,,,,,1247,,,,0.0,,0.0,,0.0
,,,0.05491698533296585,,0.8089080452919006,,,,,,,,,,,1.0,1.0,,,,,1248,,,,0.0,,0.0,,0.0
,,,0.02187499962747097,,0.7578125,,,,,,,,,,,1.0,1.0,,,,,1249,,,,0.0,,0.0,,0.0
,,,0.02734375,,0.71875,,,,,,,,,,,1.0,1.0,,,,,1250,,,,0.0,,0.0,,0.0
,,,0.07095709443092346,,0.8171983957290649,,,,,,,,,,,1.0,1.0,,,,,1251,,,,0.0,,0.0,,0.0
,,,0.046875,,0.9140625,,,,,,,,,,,1.0,1.0,,,,,1252,,,,0.0,,0.0,,0.0
,,,0.04218750074505806,,0.9140625,,,,,,,,,,,1.0,1.0,,,,,1253,,,,0.0,,0.0,,0.0
,,,0.05520833283662796,,0.8125,,,,,,,,,,,1.0,1.0,,,,,1254,,,,0.0,,0.0,,0.0
,,,0.01822916604578495,,0.6640625,,,,,,,,,,,1.0,1.0,,,,,1255,,,,0.0,,0.0,,0.0
,,,0.010416666977107525,,0.6328125,,,,,,,,,,,1.0,1.0,,,,,1256,,,,0.0,,0.0,,0.0
,,,0.042248062789440155,,0.6406422853469849,,,,,,,,,,,1.0,1.0,,,,,1257,,,,0.0,,0.0,,0.0
,,,0.02421874925494194,,0.6484375,,,,,,,,,,,1.0,1.0,,,,,1258,,,,0.0,,0.0,,0.0
,,,0.02421874925494194,,0.6796875,,,,,,,,,,,1.0,1.0,,,,,1259,,,,0.0,,0.0,,0.0
,,,0.0980006530880928,,0.8690265417098999,,,,,,,,,,,1.0,1.0,,,,,1260,,,,0.0,,0.0,,0.0
,,,0.0529513880610466,,0.8828125,,,,,,,,,,,1.0,1.0,,,,,1261,,,,0.0,,0.0,,0.0
,,,0.0659722238779068,,0.890625,,,,,,,,,,,1.0,1.0,,,,,1262,,,,0.0,,0.0,,0.0
,,,0.04717171937227249,,0.5671716928482056,,,,,,,,,,,1.0,1.0,,,,,1263,,,,0.0,,0.0,,0.0
,,,0.0031250000465661287,,0.265625,,,,,,,,,,,1.0,1.0,,,,,1264,,,,0.0,,0.0,,0.0
,,,0.0015625000232830644,,0.2734375,,,,,,,,,,,1.0,1.0,,,,,1265,,,,0.0,,0.0,,0.0
,,,0.010185184888541698,,0.5148147940635681,,,,,,,,,,,1.0,1.0,,,,,1266,,,,0.0,,0.0,,0.0
,,,0.0069444444961845875,,0.9140625,,,,,,,,,,,1.0,1.0,,,,,1267,,,,0.0,,0.0,,0.0
,,,0.004687500186264515,,0.9453125,,,,,,,,,,,1.0,1.0,,,,,1268,,,,0.0,,0.0,,0.0
,,,0.10495314747095108,,0.9235609173774719,,,,,,,,,,,1.0,1.0,,,,,1269,,,,0.0,,0.0,,0.0
,,,0.0850694477558136,,0.84375,,,,,,,,,,,1.0,1.0,,,,,1270,,,,0.0,,0.0,,0.0
,,,0.078125,,0.8671875,,,,,,,,,,,1.0,1.0,,,,,1271,,,,0.0,,0.0,,0.0
,,,0.0906827449798584,,0.6778711676597595,,,,,,,,,,,1.0,1.0,,,,,1272,,,,0.0,,0.0,,0.0
,,,0.02083333395421505,,0.5859375,,,,,,,,,,,1.0,1.0,,,,,1273,,,,0.0,,0.0,,0.0
,,,0.01796874962747097,,0.609375,,,,,,,,,,,1.0,1.0,,,,,1274,,,,0.0,,0.0,,0.0
,,,0.06002214923501015,,0.7660576105117798,,,,,,,,,,,1.0,1.0,,,,,1275,,,,0.0,,0.0,,0.0
,,,0.03125,,0.8203125,,,,,,,,,,,1.0,1.0,,,,,1276,,,,0.0,,0.0,,0.0
,,,0.02265625074505806,,0.7421875,,,,,,,,,,,1.0,1.0,,,,,1277,,,,0.0,,0.0,,0.0
,,,0.07080145925283432,,0.8272364139556885,,,,,,,,,,,1.0,1.0,,,,,1278,,,,0.0,,0.0,,0.0
,,,0.02890625037252903,,0.765625,,,,,,,,,,,1.0,1.0,,,,,1279,,,,0.0,,0.0,,0.0
,,,0.02500000037252903,,0.7421875,,,,,,,,,,,1.0,1.0,,,,,1280,,,,0.0,,0.0,,0.0
,,,0.0758928582072258,,0.8571428656578064,,,,,,,,,,,1.0,1.0,,,,,1281,,,,0.0,,0.0,,0.0
,,,0.0399305559694767,,0.9296875,,,,,,,,,,,1.0,1.0,,,,,1282,,,,0.0,,0.0,,0.0
,,,0.05000000074505806,,0.8828125,,,,,,,,,,,1.0,1.0,,,,,1283,,,,0.0,,0.0,,0.0
,,,0.039316240698099136,,0.8706293702125549,,,,,,,,,,,1.0,1.0,,,,,1284,,,,0.0,,0.0,,0.0
,,,0.01718750037252903,,0.6953125,,,,,,,,,,,1.0,1.0,,,,,1285,,,,0.0,,0.0,,0.0
,,,0.0164930559694767,,0.6640625,,,,,,,,,,,1.0,1.0,,,,,1286,,,,0.0,,0.0,,0.0
,,,0.01312335953116417,,0.5905511975288391,,,,,,,,,,,1.0,1.0,,,,,1287,,,,0.0,,0.0,,0.0
13,0.2954776883125305,0.2927224636077881,,0.7320051789283752,,,,,,,,,,,,,,28.707300186157227,67007.015625,3.357151508331299,381.39410400390625,3093,,,0.0,,0.0,,0.0,
13,,,,,,0.7475372552871704,,1.3961889743804932,,32.431915283203125,,,,,,,,,,,,3093,2.3784162998199463,,,,,,,
,,,,,,,,,,,,,,0.0003980335382570804,0.03,,,,,,,3099,,,,,,,,
14,,,,,,,0.7764770984649658,,1.4454224109649658,,33.4375,0.0003980291076004505,0.029999999329447746,,,1.0,1.0,,,,,3099,,2.503448486328125,,,,,,
,,,,,,,,,,,,,,0.0003978065354909618,0.03,,,,,,,3149,,,,,,,,
14,,,,,,,0.7556662559509277,,1.3699240684509277,,30.703125,0.00039780186489224434,0.029999999329447746,,,1.0,1.0,,,,,3149,,2.4284512996673584,,,,,,
,,,,,,,,,,,,,,0.0003975672082269585,0.03,,,,,,,3199,,,,,,,,
14,,,,,,,0.7244593501091003,,1.3245570659637451,,30.015625,0.0003975622821599245,0.029999999329447746,,,1.0,1.0,,,,,3199,,2.2696456909179688,,,,,,
,,,,,,,,,,,,,,0.00039731557139164366,0.03,,,,,,,3249,,,,,,,,
14,,,,,,,0.7258029580116272,,1.3693575859069824,,32.1875,0.00039731041761115193,0.029999999329447746,,,1.0,1.0,,,,,3249,,2.232774496078491,,,,,,
,,,,,,,,,,,,,,0.00039705164067932404,0.03,,,,,,,3299,,,,,,,,
14,,,,,,,0.7127612233161926,,1.3001635074615479,,29.375,0.00039704624214209616,0.029999999329447746,,,1.0,1.0,,,,,3299,,2.3617217540740967,,,,,,
,,,0.013020833022892475,,0.6015625,,,,,,,,,,,1.0,1.0,,,,,1288,,,,0.0,,0.0,,0.0
,,,0.008593750186264515,,0.59375,,,,,,,,,,,1.0,1.0,,,,,1289,,,,0.0,,0.0,,0.0
,,,0.0019801980815827847,,0.6155115365982056,,,,,,,,,,,1.0,1.0,,,,,1290,,,,0.0,,0.0,,0.0
,,,0.0008680555620230734,,0.6171875,,,,,,,,,,,1.0,1.0,,,,,1291,,,,0.0,,0.0,,0.0
,,,0.0009765625,,0.5390625,,,,,,,,,,,1.0,1.0,,,,,1292,,,,0.0,,0.0,,0.0
,,,0.0364583320915699,,0.745192289352417,,,,,,,,,,,1.0,1.0,,,,,1293,,,,0.0,,0.0,,0.0
,,,0.0401785708963871,,0.90625,,,,,,,,,,,1.0,1.0,,,,,1294,,,,0.0,,0.0,,0.0
,,,0.0224609375,,0.859375,,,,,,,,,,,1.0,1.0,,,,,1295,,,,0.0,,0.0,,0.0
,,,0.054520949721336365,,0.8374785780906677,,,,,,,,,,,1.0,1.0,,,,,1296,,,,0.0,,0.0,,0.0
,,,0.0338541679084301,,0.8984375,,,,,,,,,,,1.0,1.0,,,,,1297,,,,0.0,,0.0,,0.0
,,,0.0321180559694767,,0.921875,,,,,,,,,,,1.0,1.0,,,,,1298,,,,0.0,,0.0,,0.0
,,,0.0364583320915699,,0.921875,,,,,,,,,,,1.0,1.0,,,,,1299,,,,0.0,,0.0,,0.0
,,,0.16076190769672394,,0.9600000381469727,,,,,,,,,,,1.0,1.0,,,,,1300,,,,0.0,,0.0,,0.0
,,,0.1049107164144516,,0.859375,,,,,,,,,,,1.0,1.0,,,,,1301,,,,0.0,,0.0,,0.0
,,,0.1060267835855484,,0.875,,,,,,,,,,,1.0,1.0,,,,,1302,,,,0.0,,0.0,,0.0
,,,0.07500778138637543,,0.6914099454879761,,,,,,,,,,,1.0,1.0,,,,,1303,,,,0.0,,0.0,,0.0
,,,0.0009765625,,0.453125,,,,,,,,,,,1.0,1.0,,,,,1304,,,,0.0,,0.0,,0.0
,,,0.0007812500116415322,,0.59375,,,,,,,,,,,1.0,1.0,,,,,1305,,,,0.0,,0.0,,0.0
,,,0.05808080732822418,,0.6899350881576538,,,,,,,,,,,1.0,1.0,,,,,1306,,,,0.0,,0.0,,0.0
,,,0.0625,,0.7890625,,,,,,,,,,,1.0,1.0,,,,,1307,,,,0.0,,0.0,,0.0
,,,0.044921875,,0.796875,,,,,,,,,,,1.0,1.0,,,,,1308,,,,0.0,,0.0,,0.0
,,,0.08104607462882996,,0.7310087084770203,,,,,,,,,,,1.0,1.0,,,,,1309,,,,0.0,,0.0,,0.0
,,,0.03125,,0.6171875,,,,,,,,,,,1.0,1.0,,,,,1310,,,,0.0,,0.0,,0.0
,,,0.0361328125,,0.65625,,,,,,,,,,,1.0,1.0,,,,,1311,,,,0.0,,0.0,,0.0
,,,0.03847838193178177,,0.5502463579177856,,,,,,,,,,,1.0,1.0,,,,,1312,,,,0.0,,0.0,,0.0
,,,0.01171875,,0.671875,,,,,,,,,,,1.0,1.0,,,,,1313,,,,0.0,,0.0,,0.0
,,,0.009765625,,0.625,,,,,,,,,,,1.0,1.0,,,,,1314,,,,0.0,,0.0,,0.0
,,,0.06022012606263161,,0.7661635279655457,,,,,,,,,,,1.0,1.0,,,,,1315,,,,0.0,,0.0,,0.0
,,,0.0576171875,,0.90625,,,,,,,,,,,1.0,1.0,,,,,1316,,,,0.0,,0.0,,0.0
,,,0.0602678582072258,,0.8671875,,,,,,,,,,,1.0,1.0,,,,,1317,,,,0.0,,0.0,,0.0
,,,0.06894665211439133,,0.7554035186767578,,,,,,,,,,,1.0,1.0,,,,,1318,,,,0.0,,0.0,,0.0
,,,0.0146484375,,0.640625,,,,,,,,,,,1.0,1.0,,,,,1319,,,,0.0,,0.0,,0.0
,,,0.0078125,,0.546875,,,,,,,,,,,1.0,1.0,,,,,1320,,,,0.0,,0.0,,0.0
,,,0.0,,0.604433536529541,,,,,,,,,,,1.0,1.0,,,,,1321,,,,0.0,,0.0,,0.0
,,,0.0017361111240461469,,0.5703125,,,,,,,,,,,1.0,1.0,,,,,1322,,,,0.0,,0.0,,0.0
,,,0.0009765625,,0.5546875,,,,,,,,,,,1.0,1.0,,,,,1323,,,,0.0,,0.0,,0.0
,,,0.026119403541088104,,0.7681673765182495,,,,,,,,,,,1.0,1.0,,,,,1324,,,,0.0,,0.0,,0.0
,,,0.03515625,,0.921875,,,,,,,,,,,1.0,1.0,,,,,1325,,,,0.0,,0.0,,0.0
,,,0.01822916604578495,,0.8046875,,,,,,,,,,,1.0,1.0,,,,,1326,,,,0.0,,0.0,,0.0
,,,0.05931352823972702,,0.874969482421875,,,,,,,,,,,1.0,1.0,,,,,1327,,,,0.0,,0.0,,0.0
,,,0.0355902761220932,,0.90625,,,,,,,,,,,1.0,1.0,,,,,1328,,,,0.0,,0.0,,0.0
,,,0.0338541679084301,,0.9296875,,,,,,,,,,,1.0,1.0,,,,,1329,,,,0.0,,0.0,,0.0
,,,0.14744319021701813,,0.9409090876579285,,,,,,,,,,,1.0,1.0,,,,,1330,,,,0.0,,0.0,,0.0
,,,0.0850694477558136,,0.8671875,,,,,,,,,,,1.0,1.0,,,,,1331,,,,0.0,,0.0,,0.0
,,,0.1071428582072258,,0.890625,,,,,,,,,,,1.0,1.0,,,,,1332,,,,0.0,,0.0,,0.0
,,,0.09809137135744095,,0.7596996426582336,,,,,,,,,,,1.0,1.0,,,,,1333,,,,0.0,,0.0,,0.0
,,,0.0,,0.515625,,,,,,,,,,,1.0,1.0,,,,,1334,,,,0.0,,0.0,,0.0
,,,0.001953125,,0.53125,,,,,,,,,,,1.0,1.0,,,,,1335,,,,0.0,,0.0,,0.0
,,,0.0007812500116415322,,0.578125,,,,,,,,,,,1.0,1.0,,,,,1336,,,,0.0,,0.0,,0.0
,,,0.06102362275123596,,0.9094488620758057,,,,,,,,,,,1.0,1.0,,,,,1337,,,,0.0,,0.0,,0.0
,,,0.0591517873108387,,0.828125,,,,,,,,,,,1.0,1.0,,,,,1338,,,,0.0,,0.0,,0.0
,,,0.0690104141831398,,0.8046875,,,,,,,,,,,1.0,1.0,,,,,1339,,,,0.0,,0.0,,0.0
,,,0.07011494040489197,,0.6566091775894165,,,,,,,,,,,1.0,1.0,,,,,1340,,,,0.0,,0.0,,0.0
,,,0.0322265625,,0.578125,,,,,,,,,,,1.0,1.0,,,,,1341,,,,0.0,,0.0,,0.0
,,,0.0341796875,,0.625,,,,,,,,,,,1.0,1.0,,,,,1342,,,,0.0,,0.0,,0.0
,,,0.04832334816455841,,0.626695990562439,,,,,,,,,,,1.0,1.0,,,,,1343,,,,0.0,,0.0,,0.0
,,,0.0086805559694767,,0.671875,,,,,,,,,,,1.0,1.0,,,,,1344,,,,0.0,,0.0,,0.0
,,,0.0078125,,0.625,,,,,,,,,,,1.0,1.0,,,,,1345,,,,0.0,,0.0,,0.0
,,,0.0729166641831398,,0.7916666269302368,,,,,,,,,,,1.0,1.0,,,,,1346,,,,0.0,,0.0,,0.0
,,,0.0478515625,,0.890625,,,,,,,,,,,1.0,1.0,,,,,1347,,,,0.0,,0.0,,0.0
,,,0.0680803582072258,,0.890625,,,,,,,,,,,1.0,1.0,,,,,1348,,,,0.0,,0.0,,0.0
,,,0.051310449838638306,,0.7666112780570984,,,,,,,,,,,1.0,1.0,,,,,1349,,,,0.0,,0.0,,0.0
,,,0.010416666977107525,,0.6015625,,,,,,,,,,,1.0,1.0,,,,,1350,,,,0.0,,0.0,,0.0
,,,0.005859375,,0.5390625,,,,,,,,,,,1.0,1.0,,,,,1351,,,,0.0,,0.0,,0.0
,,,0.0,,0.6519174575805664,,,,,,,,,,,1.0,1.0,,,,,1352,,,,0.0,,0.0,,0.0
,,,0.0026041667442768812,,0.53125,,,,,,,,,,,1.0,1.0,,,,,1353,,,,0.0,,0.0,,0.0
,,,0.0,,0.640625,,,,,,,,,,,1.0,1.0,,,,,1354,,,,0.0,,0.0,,0.0
,,,0.027272727340459824,,0.6535353660583496,,,,,,,,,,,1.0,1.0,,,,,1355,,,,0.0,,0.0,,0.0
,,,0.029296875,,0.8828125,,,,,,,,,,,1.0,1.0,,,,,1356,,,,0.0,,0.0,,0.0
,,,0.0323660708963871,,0.8046875,,,,,,,,,,,1.0,1.0,,,,,1357,,,,0.0,,0.0,,0.0
,,,0.05905349925160408,,0.894444465637207,,,,,,,,,,,1.0,1.0,,,,,1358,,,,0.0,,0.0,,0.0
,,,0.0355902761220932,,0.90625,,,,,,,,,,,1.0,1.0,,,,,1359,,,,0.0,,0.0,,0.0
,,,0.0355902761220932,,0.9140625,,,,,,,,,,,1.0,1.0,,,,,1360,,,,0.0,,0.0,,0.0
,,,0.161484032869339,,0.9416332244873047,,,,,,,,,,,1.0,1.0,,,,,1361,,,,0.0,,0.0,,0.0
,,,0.0947265625,,0.875,,,,,,,,,,,1.0,1.0,,,,,1362,,,,0.0,,0.0,,0.0
,,,0.1082589253783226,,0.8828125,,,,,,,,,,,1.0,1.0,,,,,1363,,,,0.0,,0.0,,0.0
,,,0.07987437397241592,,0.7657244801521301,,,,,,,,,,,1.0,1.0,,,,,1364,,,,0.0,,0.0,,0.0
,,,0.0009765625,,0.4453125,,,,,,,,,,,1.0,1.0,,,,,1365,,,,0.0,,0.0,,0.0
,,,0.0008680555620230734,,0.5546875,,,,,,,,,,,1.0,1.0,,,,,1366,,,,0.0,,0.0,,0.0
,,,0.04878183826804161,,0.6954596042633057,,,,,,,,,,,1.0,1.0,,,,,1367,,,,0.0,,0.0,,0.0
,,,0.0636160746216774,,0.796875,,,,,,,,,,,1.0,1.0,,,,,1368,,,,0.0,,0.0,,0.0
,,,0.0558035708963871,,0.859375,,,,,,,,,,,1.0,1.0,,,,,1369,,,,0.0,,0.0,,0.0
,,,0.0902477502822876,,0.7253075838088989,,,,,,,,,,,1.0,1.0,,,,,1370,,,,0.0,,0.0,,0.0
,,,0.0321180559694767,,0.6171875,,,,,,,,,,,1.0,1.0,,,,,1371,,,,0.0,,0.0,,0.0
,,,0.0379464291036129,,0.640625,,,,,,,,,,,1.0,1.0,,,,,1372,,,,0.0,,0.0,,0.0
,,,0.029761902987957,,0.5714285373687744,,,,,,,,,,,1.0,1.0,,,,,1373,,,,0.0,,0.0,,0.0
,,,0.0166015625,,0.6640625,,,,,,,,,,,1.0,1.0,,,,,1374,,,,0.0,,0.0,,0.0
,,,0.0107421875,,0.6015625,,,,,,,,,,,1.0,1.0,,,,,1375,,,,0.0,,0.0,,0.0
,,,0.051864802837371826,,0.7921522855758667,,,,,,,,,,,1.0,1.0,,,,,1376,,,,0.0,,0.0,,0.0
,,,0.0725446417927742,,0.9140625,,,,,,,,,,,1.0,1.0,,,,,1377,,,,0.0,,0.0,,0.0
,,,0.04296875,,0.875,,,,,,,,,,,1.0,1.0,,,,,1378,,,,0.0,,0.0,,0.0
,,,0.07874015718698502,,0.8976377844810486,,,,,,,,,,,1.0,1.0,,,,,1379,,,,0.0,,0.0,,0.0
14,0.2829553484916687,0.2627384662628174,,0.735743522644043,,,,,,,,,,,,,,29.304676055908203,68125.875,3.377747058868408,379.7534484863281,3314,,,0.0,,0.0,,0.0,
14,,,,,,0.743935763835907,,1.3616915941238403,,30.88779640197754,,,,,,,,,,,,3314,2.387770414352417,,,,,,,
,,,,,,,,,,,,,,0.00039677543255106163,0.03,,,,,,,3349,,,,,,,,
15,,,,,,,0.7450380325317383,,1.3539247512817383,,30.4375,0.00039676978485658765,0.029999999329447746,,,1.0,1.0,,,,,3349,,2.6103439331054688,,,,,,
,,,,,,,,,,,,,,0.00039648696423364826,0.03,,,,,,,3399,,,,,,,,
15,,,,,,,0.7131791710853577,,1.344526767730713,,31.578125,0.00039648107485845685,0.029999999329447746,,,1.0,1.0,,,,,3399,,2.311230182647705,,,,,,
,,,,,,,,,,,,,,0.0003961862537185288,0.03,,,,,,,3449,,,,,,,,
15,,,,,,,0.738193929195404,,1.3270611763000488,,29.453125,0.00039618011214770377,0.029999999329447746,,,1.0,1.0,,,,,3449,,2.2903170585632324,,,,,,
,,,,,,,,,,,,,,0.00039587331976068054,0.03,,,,,,,3499,,,,,,,,
15,,,,,,,0.7457584738731384,,1.3775944709777832,,31.59375,0.00039586692582815886,0.029999999329447746,,,1.0,1.0,,,,,3499,,2.3954358100891113,,,,,,
,,,0.0399305559694767,,0.8203125,,,,,,,,,,,1.0,1.0,,,,,1380,,,,0.0,,0.0,,0.0
,,,0.04296875,,0.8359375,,,,,,,,,,,1.0,1.0,,,,,1381,,,,0.0,,0.0,,0.0
,,,0.12190848588943481,,0.8404840230941772,,,,,,,,,,,1.0,1.0,,,,,1382,,,,0.0,,0.0,,0.0
,,,0.0720486119389534,,0.9453125,,,,,,,,,,,1.0,1.0,,,,,1383,,,,0.0,,0.0,,0.0
,,,0.080078125,,0.953125,,,,,,,,,,,1.0,1.0,,,,,1384,,,,0.0,,0.0,,0.0
,,,0.07621082663536072,,0.6426281929016113,,,,,,,,,,,1.0,1.0,,,,,1385,,,,0.0,,0.0,,0.0
,,,0.009548611007630825,,0.5625,,,,,,,,,,,1.0,1.0,,,,,1386,,,,0.0,,0.0,,0.0
,,,0.0078125,,0.3984375,,,,,,,,,,,1.0,1.0,,,,,1387,,,,0.0,,0.0,,0.0
,,,0.021955404430627823,,0.4974271059036255,,,,,,,,,,,1.0,1.0,,,,,1388,,,,0.0,,0.0,,0.0
,,,0.0062500000931322575,,0.7578125,,,,,,,,,,,1.0,1.0,,,,,1389,,,,0.0,,0.0,,0.0
,,,0.010937499813735485,,0.703125,,,,,,,,,,,1.0,1.0,,,,,1390,,,,0.0,,0.0,,0.0
,,,0.007031249813735485,,0.7421875,,,,,,,,,,,1.0,1.0,,,,,1391,,,,0.0,,0.0,,0.0
,,,0.06844444572925568,,0.7333333492279053,,,,,,,,,,,1.0,1.0,,,,,1392,,,,0.0,,0.0,,0.0
,,,0.0633680522441864,,0.75,,,,,,,,,,,1.0,1.0,,,,,1393,,,,0.0,,0.0,,0.0
,,,0.05234374850988388,,0.734375,,,,,,,,,,,1.0,1.0,,,,,1394,,,,0.0,,0.0,,0.0
,,,0.07152194529771805,,0.7964519262313843,,,,,,,,,,,1.0,1.0,,,,,1395,,,,0.0,,0.0,,0.0
,,,0.012500000186264515,,0.7734375,,,,,,,,,,,1.0,1.0,,,,,1396,,,,0.0,,0.0,,0.0
,,,0.0164930559694767,,0.8515625,,,,,,,,,,,1.0,1.0,,,,,1397,,,,0.0,,0.0,,0.0
,,,0.022835496813058853,,0.4648268520832062,,,,,,,,,,,1.0,1.0,,,,,1398,,,,0.0,,0.0,,0.0
,,,0.004687500186264515,,0.2734375,,,,,,,,,,,1.0,1.0,,,,,1399,,,,0.0,,0.0,,0.0
,,,0.0023437500931322575,,0.2890625,,,,,,,,,,,1.0,1.0,,,,,1400,,,,0.0,,0.0,,0.0
,,,0.042914070188999176,,0.5769613981246948,,,,,,,,,,,1.0,1.0,,,,,1401,,,,0.0,,0.0,,0.0
,,,0.0390625,,0.9140625,,,,,,,,,,,1.0,1.0,,,,,1402,,,,0.0,,0.0,,0.0
,,,0.03984374925494194,,0.8828125,,,,,,,,,,,1.0,1.0,,,,,1403,,,,0.0,,0.0,,0.0
,,,0.10065682232379913,,0.895566463470459,,,,,,,,,,,1.0,1.0,,,,,1404,,,,0.0,,0.0,,0.0
,,,0.0658482164144516,,0.9609375,,,,,,,,,,,1.0,1.0,,,,,1405,,,,0.0,,0.0,,0.0
,,,0.05078125,,0.9375,,,,,,,,,,,1.0,1.0,,,,,1406,,,,0.0,,0.0,,0.0
,,,0.060097835958004,,0.803521990776062,,,,,,,,,,,1.0,1.0,,,,,1407,,,,0.0,,0.0,,0.0
,,,0.015625,,0.625,,,,,,,,,,,1.0,1.0,,,,,1408,,,,0.0,,0.0,,0.0
,,,0.01015624962747097,,0.515625,,,,,,,,,,,1.0,1.0,,,,,1409,,,,0.0,,0.0,,0.0
,,,0.044322844594717026,,0.6484268307685852,,,,,,,,,,,1.0,1.0,,,,,1410,,,,0.0,,0.0,,0.0
,,,0.046875,,0.8515625,,,,,,,,,,,1.0,1.0,,,,,1411,,,,0.0,,0.0,,0.0
,,,0.03828125074505806,,0.84375,,,,,,,,,,,1.0,1.0,,,,,1412,,,,0.0,,0.0,,0.0
,,,0.11707717925310135,,0.8536945581436157,,,,,,,,,,,1.0,1.0,,,,,1413,,,,0.0,,0.0,,0.0
,,,0.0737847238779068,,0.9609375,,,,,,,,,,,1.0,1.0,,,,,1414,,,,0.0,,0.0,,0.0
,,,0.0677083358168602,,0.9453125,,,,,,,,,,,1.0,1.0,,,,,1415,,,,0.0,,0.0,,0.0
,,,0.08115161955356598,,0.6992904543876648,,,,,,,,,,,1.0,1.0,,,,,1416,,,,0.0,,0.0,,0.0
,,,0.009548611007630825,,0.5,,,,,,,,,,,1.0,1.0,,,,,1417,,,,0.0,,0.0,,0.0
,,,0.0054687499068677425,,0.40625,,,,,,,,,,,1.0,1.0,,,,,1418,,,,0.0,,0.0,,0.0
,,,0.01399267464876175,,0.5128205418586731,,,,,,,,,,,1.0,1.0,,,,,1419,,,,0.0,,0.0,,0.0
,,,0.009548611007630825,,0.7421875,,,,,,,,,,,1.0,1.0,,,,,1420,,,,0.0,,0.0,,0.0
,,,0.009548611007630825,,0.7421875,,,,,,,,,,,1.0,1.0,,,,,1421,,,,0.0,,0.0,,0.0
,,,0.07545454800128937,,0.7704545259475708,,,,,,,,,,,1.0,1.0,,,,,1422,,,,0.0,,0.0,,0.0
,,,0.0625,,0.75,,,,,,,,,,,1.0,1.0,,,,,1423,,,,0.0,,0.0,,0.0
,,,0.0572916679084301,,0.7578125,,,,,,,,,,,1.0,1.0,,,,,1424,,,,0.0,,0.0,,0.0
,,,0.0841677114367485,,0.8482478260993958,,,,,,,,,,,1.0,1.0,,,,,1425,,,,0.0,,0.0,,0.0
,,,0.01215277798473835,,0.7578125,,,,,,,,,,,1.0,1.0,,,,,1426,,,,0.0,,0.0,,0.0
,,,0.014843749813735485,,0.828125,,,,,,,,,,,1.0,1.0,,,,,1427,,,,0.0,,0.0,,0.0
,,,0.017578125,,0.7890625,,,,,,,,,,,1.0,1.0,,,,,1428,,,,0.0,,0.0,,0.0
,,,0.10236220806837082,,0.6062992215156555,,,,,,,,,,,1.0,1.0,,,,,1429,,,,0.0,,0.0,,0.0
,,,0.00390625,,0.2890625,,,,,,,,,,,1.0,1.0,,,,,1430,,,,0.0,,0.0,,0.0
,,,0.0023437500931322575,,0.2734375,,,,,,,,,,,1.0,1.0,,,,,1431,,,,0.0,,0.0,,0.0
,,,0.0396551713347435,,0.6393678188323975,,,,,,,,,,,1.0,1.0,,,,,1432,,,,0.0,,0.0,,0.0
,,,0.03593749925494194,,0.8984375,,,,,,,,,,,1.0,1.0,,,,,1433,,,,0.0,,0.0,,0.0
,,,0.03984374925494194,,0.8828125,,,,,,,,,,,1.0,1.0,,,,,1434,,,,0.0,,0.0,,0.0
,,,0.11372387409210205,,0.90117347240448,,,,,,,,,,,1.0,1.0,,,,,1435,,,,0.0,,0.0,,0.0
,,,0.0634765625,,0.9609375,,,,,,,,,,,1.0,1.0,,,,,1436,,,,0.0,,0.0,,0.0
,,,0.04843749850988388,,0.9453125,,,,,,,,,,,1.0,1.0,,,,,1437,,,,0.0,,0.0,,0.0
,,,0.03958333283662796,,0.7604166269302368,,,,,,,,,,,1.0,1.0,,,,,1438,,,,0.0,,0.0,,0.0
,,,0.013888888992369175,,0.6015625,,,,,,,,,,,1.0,1.0,,,,,1439,,,,0.0,,0.0,,0.0
,,,0.010937499813735485,,0.5078125,,,,,,,,,,,1.0,1.0,,,,,1440,,,,0.0,,0.0,,0.0
,,,0.044462900608778,,0.7104097604751587,,,,,,,,,,,1.0,1.0,,,,,1441,,,,0.0,,0.0,,0.0
,,,0.0477430559694767,,0.828125,,,,,,,,,,,1.0,1.0,,,,,1442,,,,0.0,,0.0,,0.0
,,,0.03828125074505806,,0.8125,,,,,,,,,,,1.0,1.0,,,,,1443,,,,0.0,,0.0,,0.0
,,,0.150737464427948,,0.8935103416442871,,,,,,,,,,,1.0,1.0,,,,,1444,,,,0.0,,0.0,,0.0
,,,0.0771484375,,0.9453125,,,,,,,,,,,1.0,1.0,,,,,1445,,,,0.0,,0.0,,0.0
,,,0.06796874850988388,,0.96875,,,,,,,,,,,1.0,1.0,,,,,1446,,,,0.0,,0.0,,0.0
,,,0.05129068344831467,,0.7222222089767456,,,,,,,,,,,1.0,1.0,,,,,1447,,,,0.0,,0.0,,0.0
,,,0.008593750186264515,,0.4453125,,,,,,,,,,,1.0,1.0,,,,,1448,,,,0.0,,0.0,,0.0
,,,0.0031250000465661287,,0.3515625,,,,,,,,,,,1.0,1.0,,,,,1449,,,,0.0,,0.0,,0.0
,,,0.023333333432674408,,0.5907407402992249,,,,,,,,,,,1.0,1.0,,,,,1450,,,,0.0,,0.0,,0.0
,,,0.010416666977107525,,0.7421875,,,,,,,,,,,1.0,1.0,,,,,1451,,,,0.0,,0.0,,0.0
,,,0.0078125,,0.7265625,,,,,,,,,,,1.0,1.0,,,,,1452,,,,0.0,,0.0,,0.0
,,,0.07515394687652588,,0.7480589151382446,,,,,,,,,,,1.0,1.0,,,,,1453,,,,0.0,,0.0,,0.0
,,,0.0625,,0.765625,,,,,,,,,,,1.0,1.0,,,,,1454,,,,0.0,,0.0,,0.0
,,,0.05312500149011612,,0.7421875,,,,,,,,,,,1.0,1.0,,,,,1455,,,,0.0,,0.0,,0.0
,,,0.07758255302906036,,0.8043035268783569,,,,,,,,,,,1.0,1.0,,,,,1456,,,,0.0,,0.0,,0.0
,,,0.01128472201526165,,0.75,,,,,,,,,,,1.0,1.0,,,,,1457,,,,0.0,,0.0,,0.0
,,,0.01328125037252903,,0.828125,,,,,,,,,,,1.0,1.0,,,,,1458,,,,0.0,,0.0,,0.0
,,,0.01982281170785427,,0.4847729802131653,,,,,,,,,,,1.0,1.0,,,,,1459,,,,0.0,,0.0,,0.0
,,,0.0031250000465661287,,0.21875,,,,,,,,,,,1.0,1.0,,,,,1460,,,,0.0,,0.0,,0.0
,,,0.0023437500931322575,,0.2890625,,,,,,,,,,,1.0,1.0,,,,,1461,,,,0.0,,0.0,,0.0
,,,0.05147987976670265,,0.611406683921814,,,,,,,,,,,1.0,1.0,,,,,1462,,,,0.0,,0.0,,0.0
,,,0.0451388880610466,,0.8671875,,,,,,,,,,,1.0,1.0,,,,,1463,,,,0.0,,0.0,,0.0
,,,0.03671874850988388,,0.9296875,,,,,,,,,,,1.0,1.0,,,,,1464,,,,0.0,,0.0,,0.0
,,,0.10178571194410324,,0.9196428656578064,,,,,,,,,,,1.0,1.0,,,,,1465,,,,0.0,,0.0,,0.0
,,,0.0576171875,,0.9453125,,,,,,,,,,,1.0,1.0,,,,,1466,,,,0.0,,0.0,,0.0
,,,0.064453125,,0.9453125,,,,,,,,,,,1.0,1.0,,,,,1467,,,,0.0,,0.0,,0.0
,,,0.05568505451083183,,0.7470862865447998,,,,,,,,,,,1.0,1.0,,,,,1468,,,,0.0,,0.0,,0.0
,,,0.01640624925494194,,0.609375,,,,,,,,,,,1.0,1.0,,,,,1469,,,,0.0,,0.0,,0.0
,,,0.014843749813735485,,0.578125,,,,,,,,,,,1.0,1.0,,,,,1470,,,,0.0,,0.0,,0.0
,,,0.010498687624931335,,0.5118110179901123,,,,,,,,,,,1.0,1.0,,,,,1471,,,,0.0,,0.0,,0.0
15,0.2870181202888489,0.2922654151916504,,0.71623694896698,,,,,,,,,,,,,,31.82418441772461,59575.296875,3.460226535797119,344.2885437011719,3535,,,0.0,,0.0,,0.0,
15,,,,,,0.7334946393966675,,1.3327018022537231,,29.96026611328125,,,,,,,,,,,,3535,2.3490471839904785,,,,,,,
,,,,,,,,,,,,,,0.0003955481818774437,0.03,,,,,,,3549,,,,,,,,
16,,,,,,,0.7698161602020264,,1.3015544414520264,,26.59375,0.00039554154500365257,0.029999999329447746,,,1.0,1.0,,,,,3549,,2.476372241973877,,,,,,
,,,,,,,,,,,,,,0.00039521086034730306,0.03,,,,,,,3599,,,,,,,,
16,,,,,,,0.7536872625350952,,1.3728278875350952,,30.96875,0.0003952039987780154,0.029999999329447746,,,1.0,1.0,,,,,3599,,2.1119320392608643,,,,,,
,,,,,,,,,,,,,,0.00039486137620862354,0.03,,,,,,,3649,,,,,,,,
16,,,,,,,0.7406189441680908,,1.3138611316680908,,28.671875,0.0003948542580474168,0.029999999329447746,,,1.0,1.0,,,,,3649,,2.215519905090332,,,,,,
,,,,,,,,,,,,,,0.0003944997512583391,0.03,,,,,,,3699,,,,,,,,
16,,,,,,,0.7036358118057251,,1.249045968055725,,27.28125,0.0003944923810195178,0.029999999329447746,,,1.0,1.0,,,,,3699,,2.652576446533203,,,,,,
,,,,,,,,,,,,,,0.0003941260080505921,0.03,,,,,,,3749,,,,,,,,
16,,,,,,,0.7232313752174377,,1.274989128112793,,27.578125,0.00039411839679814875,0.029999999329447746,,,1.0,1.0,,,,,3749,,2.4113330841064453,,,,,,
,,,0.0251736119389534,,0.8515625,,,,,,,,,,,1.0,1.0,,,,,1472,,,,0.0,,0.0,,0.0
,,,0.0390625,,0.859375,,,,,,,,,,,1.0,1.0,,,,,1473,,,,0.0,,0.0,,0.0
,,,0.03909057751297951,,0.8615695238113403,,,,,,,,,,,1.0,1.0,,,,,1474,,,,0.0,,0.0,,0.0
,,,0.01215277798473835,,0.8046875,,,,,,,,,,,1.0,1.0,,,,,1475,,,,0.0,,0.0,,0.0
,,,0.013020833022892475,,0.8125,,,,,,,,,,,1.0,1.0,,,,,1476,,,,0.0,,0.0,,0.0
,,,0.02884615585207939,,0.7371795177459717,,,,,,,,,,,1.0,1.0,,,,,1477,,,,0.0,,0.0,,0.0
,,,0.0147569440305233,,0.796875,,,,,,,,,,,1.0,1.0,,,,,1478,,,,0.0,,0.0,,0.0
,,,0.0243055559694767,,0.7109375,,,,,,,,,,,1.0,1.0,,,,,1479,,,,0.0,,0.0,,0.0
,,,0.009433962404727936,,0.4751286506652832,,,,,,,,,,,1.0,1.0,,,,,1480,,,,0.0,,0.0,,0.0
,,,0.0,,0.359375,,,,,,,,,,,1.0,1.0,,,,,1481,,,,0.0,,0.0,,0.0
,,,0.0,,0.3125,,,,,,,,,,,1.0,1.0,,,,,1482,,,,0.0,,0.0,,0.0
,,,0.0015625000232830644,,0.3671875,,,,,,,,,,,1.0,1.0,,,,,1483,,,,0.0,,0.0,,0.0
,,,0.07999999821186066,,0.7933333516120911,,,,,,,,,,,1.0,1.0,,,,,1484,,,,0.0,,0.0,,0.0
,,,0.0842013880610466,,0.8671875,,,,,,,,,,,1.0,1.0,,,,,1485,,,,0.0,,0.0,,0.0
,,,0.0807291641831398,,0.84375,,,,,,,,,,,1.0,1.0,,,,,1486,,,,0.0,,0.0,,0.0
,,,0.12843656539916992,,0.8772175312042236,,,,,,,,,,,1.0,1.0,,,,,1487,,,,0.0,,0.0,,0.0
,,,0.0524553582072258,,0.7734375,,,,,,,,,,,1.0,1.0,,,,,1488,,,,0.0,,0.0,,0.0
,,,0.0390625,,0.8671875,,,,,,,,,,,1.0,1.0,,,,,1489,,,,0.0,,0.0,,0.0
,,,0.11628186702728271,,0.9020562767982483,,,,,,,,,,,1.0,1.0,,,,,1490,,,,0.0,,0.0,,0.0
,,,0.0564236119389534,,0.953125,,,,,,,,,,,1.0,1.0,,,,,1491,,,,0.0,,0.0,,0.0
,,,0.0434027761220932,,0.890625,,,,,,,,,,,1.0,1.0,,,,,1492,,,,0.0,,0.0,,0.0
,,,0.05105853080749512,,0.7785803079605103,,,,,,,,,,,1.0,1.0,,,,,1493,,,,0.0,,0.0,,0.0
,,,0.010416666977107525,,0.5859375,,,,,,,,,,,1.0,1.0,,,,,1494,,,,0.0,,0.0,,0.0
,,,0.01128472201526165,,0.546875,,,,,,,,,,,1.0,1.0,,,,,1495,,,,0.0,,0.0,,0.0
,,,0.07783251255750656,,0.7238916158676147,,,,,,,,,,,1.0,1.0,,,,,1496,,,,0.0,,0.0,,0.0
,,,0.078125,,0.8359375,,,,,,,,,,,1.0,1.0,,,,,1497,,,,0.0,,0.0,,0.0
,,,0.0736607164144516,,0.8671875,,,,,,,,,,,1.0,1.0,,,,,1498,,,,0.0,,0.0,,0.0
,,,0.0818169116973877,,0.894465446472168,,,,,,,,,,,1.0,1.0,,,,,1499,,,,0.0,,0.0,,0.0
,,,0.0329861119389534,,0.8984375,,,,,,,,,,,1.0,1.0,,,,,1500,,,,0.0,,0.0,,0.0
,,,0.02734375,,0.875,,,,,,,,,,,1.0,1.0,,,,,1501,,,,0.0,,0.0,,0.0
,,,0.05154582858085632,,0.93597811460495,,,,,,,,,,,1.0,1.0,,,,,1502,,,,0.0,,0.0,,0.0
,,,0.0295138880610466,,0.859375,,,,,,,,,,,1.0,1.0,,,,,1503,,,,0.0,,0.0,,0.0
,,,0.0364583320915699,,0.828125,,,,,,,,,,,1.0,1.0,,,,,1504,,,,0.0,,0.0,,0.0
,,,0.04176245257258415,,0.8539409041404724,,,,,,,,,,,1.0,1.0,,,,,1505,,,,0.0,,0.0,,0.0
,,,0.013020833022892475,,0.8046875,,,,,,,,,,,1.0,1.0,,,,,1506,,,,0.0,,0.0,,0.0
,,,0.0146484375,,0.828125,,,,,,,,,,,1.0,1.0,,,,,1507,,,,0.0,,0.0,,0.0
,,,0.024685317650437355,,0.7531196475028992,,,,,,,,,,,1.0,1.0,,,,,1508,,,,0.0,,0.0,,0.0
,,,0.0225694440305233,,0.7890625,,,,,,,,,,,1.0,1.0,,,,,1509,,,,0.0,,0.0,,0.0
,,,0.0164930559694767,,0.640625,,,,,,,,,,,1.0,1.0,,,,,1510,,,,0.0,,0.0,,0.0
,,,0.01428571529686451,,0.5100122094154358,,,,,,,,,,,1.0,1.0,,,,,1511,,,,0.0,,0.0,,0.0
,,,0.0007812500116415322,,0.3359375,,,,,,,,,,,1.0,1.0,,,,,1512,,,,0.0,,0.0,,0.0
,,,0.0007812500116415322,,0.359375,,,,,,,,,,,1.0,1.0,,,,,1513,,,,0.0,,0.0,,0.0
,,,0.08749999850988388,,0.6511363387107849,,,,,,,,,,,1.0,1.0,,,,,1514,,,,0.0,,0.0,,0.0
,,,0.0859375,,0.8671875,,,,,,,,,,,1.0,1.0,,,,,1515,,,,0.0,,0.0,,0.0
,,,0.0807291641831398,,0.8671875,,,,,,,,,,,1.0,1.0,,,,,1516,,,,0.0,,0.0,,0.0
,,,0.12550410628318787,,0.8920525312423706,,,,,,,,,,,1.0,1.0,,,,,1517,,,,0.0,,0.0,,0.0
,,,0.046875,,0.8203125,,,,,,,,,,,1.0,1.0,,,,,1518,,,,0.0,,0.0,,0.0
,,,0.0458984375,,0.828125,,,,,,,,,,,1.0,1.0,,,,,1519,,,,0.0,,0.0,,0.0
,,,0.052734375,,0.8515625,,,,,,,,,,,1.0,1.0,,,,,1520,,,,0.0,,0.0,,0.0
,,,0.16972878575325012,,0.9724409580230713,,,,,,,,,,,1.0,1.0,,,,,1521,,,,0.0,,0.0,,0.0
,,,0.0546875,,0.921875,,,,,,,,,,,1.0,1.0,,,,,1522,,,,0.0,,0.0,,0.0
,,,0.0364583320915699,,0.921875,,,,,,,,,,,1.0,1.0,,,,,1523,,,,0.0,,0.0,,0.0
,,,0.057790547609329224,,0.7931034564971924,,,,,,,,,,,1.0,1.0,,,,,1524,,,,0.0,,0.0,,0.0
,,,0.009548611007630825,,0.5546875,,,,,,,,,,,1.0,1.0,,,,,1525,,,,0.0,,0.0,,0.0
,,,0.01215277798473835,,0.5625,,,,,,,,,,,1.0,1.0,,,,,1526,,,,0.0,,0.0,,0.0
,,,0.08782544732093811,,0.7356069087982178,,,,,,,,,,,1.0,1.0,,,,,1527,,,,0.0,,0.0,,0.0
,,,0.0616319440305233,,0.8359375,,,,,,,,,,,1.0,1.0,,,,,1528,,,,0.0,,0.0,,0.0
,,,0.0529513880610466,,0.8828125,,,,,,,,,,,1.0,1.0,,,,,1529,,,,0.0,,0.0,,0.0
,,,0.0729166641831398,,0.859375,,,,,,,,,,,1.0,1.0,,,,,1530,,,,0.0,,0.0,,0.0
,,,0.02864583395421505,,0.9296875,,,,,,,,,,,1.0,1.0,,,,,1531,,,,0.0,,0.0,,0.0
,,,0.03046875074505806,,0.8984375,,,,,,,,,,,1.0,1.0,,,,,1532,,,,0.0,,0.0,,0.0
,,,0.04601328819990158,,0.9360464811325073,,,,,,,,,,,1.0,1.0,,,,,1533,,,,0.0,,0.0,,0.0
,,,0.03125,,0.8515625,,,,,,,,,,,1.0,1.0,,,,,1534,,,,0.0,,0.0,,0.0
,,,0.0355902761220932,,0.8515625,,,,,,,,,,,1.0,1.0,,,,,1535,,,,0.0,,0.0,,0.0
,,,0.046869877725839615,,0.7982300519943237,,,,,,,,,,,1.0,1.0,,,,,1536,,,,0.0,,0.0,,0.0
,,,0.0147569440305233,,0.8125,,,,,,,,,,,1.0,1.0,,,,,1537,,,,0.0,,0.0,,0.0
,,,0.0164930559694767,,0.8359375,,,,,,,,,,,1.0,1.0,,,,,1538,,,,0.0,,0.0,,0.0
,,,0.019304152578115463,,0.7984848022460938,,,,,,,,,,,1.0,1.0,,,,,1539,,,,0.0,,0.0,,0.0
,,,0.0243055559694767,,0.7578125,,,,,,,,,,,1.0,1.0,,,,,1540,,,,0.0,,0.0,,0.0
,,,0.01215277798473835,,0.609375,,,,,,,,,,,1.0,1.0,,,,,1541,,,,0.0,,0.0,,0.0
,,,0.015000000596046448,,0.5462962985038757,,,,,,,,,,,1.0,1.0,,,,,1542,,,,0.0,,0.0,,0.0
,,,0.0,,0.359375,,,,,,,,,,,1.0,1.0,,,,,1543,,,,0.0,,0.0,,0.0
,,,0.0007812500116415322,,0.359375,,,,,,,,,,,1.0,1.0,,,,,1544,,,,0.0,,0.0,,0.0
,,,0.08192770928144455,,0.6244980096817017,,,,,,,,,,,1.0,1.0,,,,,1545,,,,0.0,,0.0,,0.0
,,,0.07890625298023224,,0.890625,,,,,,,,,,,1.0,1.0,,,,,1546,,,,0.0,,0.0,,0.0
,,,0.0807291641831398,,0.8515625,,,,,,,,,,,1.0,1.0,,,,,1547,,,,0.0,,0.0,,0.0
,,,0.12390006333589554,,0.8696205615997314,,,,,,,,,,,1.0,1.0,,,,,1548,,,,0.0,,0.0,,0.0
,,,0.046875,,0.8046875,,,,,,,,,,,1.0,1.0,,,,,1549,,,,0.0,,0.0,,0.0
,,,0.0399305559694767,,0.8515625,,,,,,,,,,,1.0,1.0,,,,,1550,,,,0.0,,0.0,,0.0
,,,0.1112341582775116,,0.9006090760231018,,,,,,,,,,,1.0,1.0,,,,,1551,,,,0.0,,0.0,,0.0
,,,0.05234374850988388,,0.9375,,,,,,,,,,,1.0,1.0,,,,,1552,,,,0.0,,0.0,,0.0
,,,0.0451388880610466,,0.9140625,,,,,,,,,,,1.0,1.0,,,,,1553,,,,0.0,,0.0,,0.0
,,,0.0496988520026207,,0.8239108324050903,,,,,,,,,,,1.0,1.0,,,,,1554,,,,0.0,,0.0,,0.0
,,,0.01128472201526165,,0.5703125,,,,,,,,,,,1.0,1.0,,,,,1555,,,,0.0,,0.0,,0.0
,,,0.01215277798473835,,0.5390625,,,,,,,,,,,1.0,1.0,,,,,1556,,,,0.0,,0.0,,0.0
,,,0.082341268658638,,0.75,,,,,,,,,,,1.0,1.0,,,,,1557,,,,0.0,,0.0,,0.0
,,,0.0758928582072258,,0.8125,,,,,,,,,,,1.0,1.0,,,,,1558,,,,0.0,,0.0,,0.0
,,,0.0590277761220932,,0.84375,,,,,,,,,,,1.0,1.0,,,,,1559,,,,0.0,,0.0,,0.0
,,,0.06138306111097336,,0.94017094373703,,,,,,,,,,,1.0,1.0,,,,,1560,,,,0.0,,0.0,,0.0
,,,0.03593749925494194,,0.9140625,,,,,,,,,,,1.0,1.0,,,,,1561,,,,0.0,,0.0,,0.0
,,,0.0234375,,0.8984375,,,,,,,,,,,1.0,1.0,,,,,1562,,,,0.0,,0.0,,0.0
,,,0.030708661302924156,,0.9448819160461426,,,,,,,,,,,1.0,1.0,,,,,1563,,,,0.0,,0.0,,0.0
16,0.29527032375335693,0.30722224712371826,,0.7722688913345337,,,,,,,,,,,,,,33.88068389892578,53622.81640625,3.5228450298309326,328.2831115722656,3756,,,0.0,,0.0,,0.0,
16,,,,,,0.7249026298522949,,1.294800877571106,,28.49533462524414,,,,,,,,,,,,3756,2.3697071075439453,,,,,,,
,,,,,,,,,,,,,,0.00039374016989532693,0.03,,,,,,,3799,,,,,,,,
17,,,,,,,0.6985248327255249,,1.269325613975525,,28.546875,0.0003937323344871402,0.029999999329447746,,,1.0,1.0,,,,,3799,,2.7197258472442627,,,,,,
,,,,,,,,,,,,,,0.00039334226085683643,0.03,,,,,,,3849,,,,,,,,
17,,,,,,,0.7466013431549072,,1.2329294681549072,,24.3125,0.00039333419408649206,0.029999999329447746,,,1.0,1.0,,,,,3849,,2.2286438941955566,,,,,,
,,,,,,,,,,,,,,0.00039293230575226094,0.03,,,,,,,3899,,,,,,,,
17,,,,,,,0.6526381969451904,,1.1887710094451904,,26.8125,0.0003929239755962044,0.029999999329447746,,,1.0,1.0,,,,,3899,,2.272724151611328,,,,,,
,,,,,,,,,,,,,,0.0003925103301500401,0.03,,,,,,,3949,,,,,,,,
17,,,,,,,0.6884336471557617,,1.1718320846557617,,24.171875,0.00039250176632776856,0.029999999329447746,,,1.0,1.0,,,,,3949,,2.51163387298584,,,,,,
,,,0.02083333395421505,,0.7265625,,,,,,,,,,,1.0,1.0,,,,,1564,,,,0.0,,0.0,,0.0
,,,0.0234375,,0.7109375,,,,,,,,,,,1.0,1.0,,,,,1565,,,,0.0,,0.0,,0.0
,,,0.038177892565727234,,0.7317565083503723,,,,,,,,,,,1.0,1.0,,,,,1566,,,,0.0,,0.0,,0.0
,,,0.0217013880610466,,0.6796875,,,,,,,,,,,1.0,1.0,,,,,1567,,,,0.0,,0.0,,0.0
,,,0.0225694440305233,,0.65625,,,,,,,,,,,1.0,1.0,,,,,1568,,,,0.0,,0.0,,0.0
,,,0.025641027837991714,,0.5080128312110901,,,,,,,,,,,1.0,1.0,,,,,1569,,,,0.0,,0.0,,0.0
,,,0.013888888992369175,,0.6796875,,,,,,,,,,,1.0,1.0,,,,,1570,,,,0.0,,0.0,,0.0
,,,0.01015624962747097,,0.5703125,,,,,,,,,,,1.0,1.0,,,,,1571,,,,0.0,,0.0,,0.0
,,,0.03121783956885338,,0.6144939661026001,,,,,,,,,,,1.0,1.0,,,,,1572,,,,0.0,,0.0,,0.0
,,,0.01718750037252903,,0.703125,,,,,,,,,,,1.0,1.0,,,,,1573,,,,0.0,,0.0,,0.0
,,,0.02083333395421505,,0.6875,,,,,,,,,,,1.0,1.0,,,,,1574,,,,0.0,,0.0,,0.0
,,,0.02812499925494194,,0.796875,,,,,,,,,,,1.0,1.0,,,,,1575,,,,0.0,,0.0,,0.0
,,,0.04480000212788582,,0.5346666574478149,,,,,,,,,,,1.0,1.0,,,,,1576,,,,0.0,,0.0,,0.0
,,,0.0390625,,0.7109375,,,,,,,,,,,1.0,1.0,,,,,1577,,,,0.0,,0.0,,0.0
,,,0.03828125074505806,,0.7265625,,,,,,,,,,,1.0,1.0,,,,,1578,,,,0.0,,0.0,,0.0
,,,0.0738665908575058,,0.761904776096344,,,,,,,,,,,1.0,1.0,,,,,1579,,,,0.0,,0.0,,0.0
,,,0.013020833022892475,,0.765625,,,,,,,,,,,1.0,1.0,,,,,1580,,,,0.0,,0.0,,0.0
,,,0.01996527798473835,,0.828125,,,,,,,,,,,1.0,1.0,,,,,1581,,,,0.0,,0.0,,0.0
,,,0.083814337849617,,0.798701286315918,,,,,,,,,,,1.0,1.0,,,,,1582,,,,0.0,,0.0,,0.0
,,,0.0607638880610466,,0.875,,,,,,,,,,,1.0,1.0,,,,,1583,,,,0.0,,0.0,,0.0
,,,0.0486111119389534,,0.828125,,,,,,,,,,,1.0,1.0,,,,,1584,,,,0.0,,0.0,,0.0
,,,0.10067247599363327,,0.8562889099121094,,,,,,,,,,,1.0,1.0,,,,,1585,,,,0.0,,0.0,,0.0
,,,0.04374999925494194,,0.84375,,,,,,,,,,,1.0,1.0,,,,,1586,,,,0.0,,0.0,,0.0
,,,0.04374999925494194,,0.8203125,,,,,,,,,,,1.0,1.0,,,,,1587,,,,0.0,,0.0,,0.0
,,,0.05724138021469116,,0.8066502809524536,,,,,,,,,,,1.0,1.0,,,,,1588,,,,0.0,,0.0,,0.0
,,,0.021484375,,0.7109375,,,,,,,,,,,1.0,1.0,,,,,1589,,,,0.0,,0.0,,0.0
,,,0.02109375037252903,,0.78125,,,,,,,,,,,1.0,1.0,,,,,1590,,,,0.0,,0.0,,0.0
,,,0.0389937087893486,,0.8638993501663208,,,,,,,,,,,1.0,1.0,,,,,1591,,,,0.0,,0.0,,0.0
,,,0.025390625,,0.875,,,,,,,,,,,1.0,1.0,,,,,1592,,,,0.0,,0.0,,0.0
,,,0.01640624925494194,,0.9296875,,,,,,,,,,,1.0,1.0,,,,,1593,,,,0.0,,0.0,,0.0
,,,0.04684602841734886,,0.837072491645813,,,,,,,,,,,1.0,1.0,,,,,1594,,,,0.0,,0.0,,0.0
,,,0.0225694440305233,,0.765625,,,,,,,,,,,1.0,1.0,,,,,1595,,,,0.0,,0.0,,0.0
,,,0.0217013880610466,,0.671875,,,,,,,,,,,1.0,1.0,,,,,1596,,,,0.0,,0.0,,0.0
,,,0.0397920086979866,,0.7536945939064026,,,,,,,,,,,1.0,1.0,,,,,1597,,,,0.0,,0.0,,0.0
,,,0.02083333395421505,,0.6484375,,,,,,,,,,,1.0,1.0,,,,,1598,,,,0.0,,0.0,,0.0
,,,0.015625,,0.703125,,,,,,,,,,,1.0,1.0,,,,,1599,,,,0.0,,0.0,,0.0
,,,0.0333985798060894,,0.6203817129135132,,,,,,,,,,,1.0,1.0,,,,,1600,,,,0.0,,0.0,,0.0
,,,0.01171875,,0.6484375,,,,,,,,,,,1.0,1.0,,,,,1601,,,,0.0,,0.0,,0.0
,,,0.012500000186264515,,0.6015625,,,,,,,,,,,1.0,1.0,,,,,1602,,,,0.0,,0.0,,0.0
,,,0.02481074631214142,,0.5691086649894714,,,,,,,,,,,1.0,1.0,,,,,1603,,,,0.0,,0.0,,0.0
,,,0.0217013880610466,,0.7421875,,,,,,,,,,,1.0,1.0,,,,,1604,,,,0.0,,0.0,,0.0
,,,0.02031249925494194,,0.7109375,,,,,,,,,,,1.0,1.0,,,,,1605,,,,0.0,,0.0,,0.0
,,,0.06840908527374268,,0.7727272510528564,,,,,,,,,,,1.0,1.0,,,,,1606,,,,0.0,,0.0,,0.0
,,,0.04609375074505806,,0.71875,,,,,,,,,,,1.0,1.0,,,,,1607,,,,0.0,,0.0,,0.0
,,,0.03671874850988388,,0.6953125,,,,,,,,,,,1.0,1.0,,,,,1608,,,,0.0,,0.0,,0.0
,,,0.057259075343608856,,0.8335419297218323,,,,,,,,,,,1.0,1.0,,,,,1609,,,,0.0,,0.0,,0.0
,,,0.01171875,,0.796875,,,,,,,,,,,1.0,1.0,,,,,1610,,,,0.0,,0.0,,0.0
,,,0.0147569440305233,,0.796875,,,,,,,,,,,1.0,1.0,,,,,1611,,,,0.0,,0.0,,0.0
,,,0.0234375,,0.796875,,,,,,,,,,,1.0,1.0,,,,,1612,,,,0.0,,0.0,,0.0
,,,0.062117233872413635,,0.9370079040527344,,,,,,,,,,,1.0,1.0,,,,,1613,,,,0.0,,0.0,,0.0
,,,0.0607638880610466,,0.875,,,,,,,,,,,1.0,1.0,,,,,1614,,,,0.0,,0.0,,0.0
,,,0.0546875,,0.859375,,,,,,,,,,,1.0,1.0,,,,,1615,,,,0.0,,0.0,,0.0
,,,0.07902298867702484,,0.8591954112052917,,,,,,,,,,,1.0,1.0,,,,,1616,,,,0.0,,0.0,,0.0
,,,0.04531250149011612,,0.84375,,,,,,,,,,,1.0,1.0,,,,,1617,,,,0.0,,0.0,,0.0
,,,0.04296875,,0.8203125,,,,,,,,,,,1.0,1.0,,,,,1618,,,,0.0,,0.0,,0.0
,,,0.06127613037824631,,0.7231389880180359,,,,,,,,,,,1.0,1.0,,,,,1619,,,,0.0,,0.0,,0.0
,,,0.0243055559694767,,0.7734375,,,,,,,,,,,1.0,1.0,,,,,1620,,,,0.0,,0.0,,0.0
,,,0.02083333395421505,,0.78125,,,,,,,,,,,1.0,1.0,,,,,1621,,,,0.0,,0.0,,0.0
,,,0.040509261190891266,,0.7760416269302368,,,,,,,,,,,1.0,1.0,,,,,1622,,,,0.0,,0.0,,0.0
,,,0.0205078125,,0.875,,,,,,,,,,,1.0,1.0,,,,,1623,,,,0.0,,0.0,,0.0
,,,0.0225694440305233,,0.9609375,,,,,,,,,,,1.0,1.0,,,,,1624,,,,0.0,,0.0,,0.0
,,,0.03654485195875168,,0.8543742895126343,,,,,,,,,,,1.0,1.0,,,,,1625,,,,0.0,,0.0,,0.0
,,,0.0283203125,,0.7265625,,,,,,,,,,,1.0,1.0,,,,,1626,,,,0.0,,0.0,,0.0
,,,0.0234375,,0.7109375,,,,,,,,,,,1.0,1.0,,,,,1627,,,,0.0,,0.0,,0.0
,,,0.0251065231859684,,0.7828908562660217,,,,,,,,,,,1.0,1.0,,,,,1628,,,,0.0,,0.0,,0.0
,,,0.0217013880610466,,0.640625,,,,,,,,,,,1.0,1.0,,,,,1629,,,,0.0,,0.0,,0.0
,,,0.01953125,,0.7109375,,,,,,,,,,,1.0,1.0,,,,,1630,,,,0.0,,0.0,,0.0
,,,0.030639730393886566,,0.6287878751754761,,,,,,,,,,,1.0,1.0,,,,,1631,,,,0.0,,0.0,,0.0
,,,0.01171875,,0.6328125,,,,,,,,,,,1.0,1.0,,,,,1632,,,,0.0,,0.0,,0.0
,,,0.00937500037252903,,0.515625,,,,,,,,,,,1.0,1.0,,,,,1633,,,,0.0,,0.0,,0.0
,,,0.029444444924592972,,0.7018518447875977,,,,,,,,,,,1.0,1.0,,,,,1634,,,,0.0,,0.0,,0.0
,,,0.0225694440305233,,0.71875,,,,,,,,,,,1.0,1.0,,,,,1635,,,,0.0,,0.0,,0.0
,,,0.02187499962747097,,0.734375,,,,,,,,,,,1.0,1.0,,,,,1636,,,,0.0,,0.0,,0.0
,,,0.07809906452894211,,0.7795180678367615,,,,,,,,,,,1.0,1.0,,,,,1637,,,,0.0,,0.0,,0.0
,,,0.04140625149011612,,0.734375,,,,,,,,,,,1.0,1.0,,,,,1638,,,,0.0,,0.0,,0.0
,,,0.04062499850988388,,0.6953125,,,,,,,,,,,1.0,1.0,,,,,1639,,,,0.0,,0.0,,0.0
,,,0.05508870631456375,,0.7978100776672363,,,,,,,,,,,1.0,1.0,,,,,1640,,,,0.0,,0.0,,0.0
,,,0.01128472201526165,,0.78125,,,,,,,,,,,1.0,1.0,,,,,1641,,,,0.0,,0.0,,0.0
,,,0.0164930559694767,,0.7890625,,,,,,,,,,,1.0,1.0,,,,,1642,,,,0.0,,0.0,,0.0
,,,0.08933186531066895,,0.829734206199646,,,,,,,,,,,1.0,1.0,,,,,1643,,,,0.0,,0.0,,0.0
,,,0.0581597238779068,,0.859375,,,,,,,,,,,1.0,1.0,,,,,1644,,,,0.0,,0.0,,0.0
,,,0.0555555559694767,,0.859375,,,,,,,,,,,1.0,1.0,,,,,1645,,,,0.0,,0.0,,0.0
,,,0.12422865629196167,,0.8516794443130493,,,,,,,,,,,1.0,1.0,,,,,1646,,,,0.0,,0.0,,0.0
,,,0.046875,,0.8046875,,,,,,,,,,,1.0,1.0,,,,,1647,,,,0.0,,0.0,,0.0
,,,0.04765624925494194,,0.8359375,,,,,,,,,,,1.0,1.0,,,,,1648,,,,0.0,,0.0,,0.0
,,,0.07321428507566452,,0.8705357313156128,,,,,,,,,,,1.0,1.0,,,,,1649,,,,0.0,,0.0,,0.0
,,,0.015625,,0.7109375,,,,,,,,,,,1.0,1.0,,,,,1650,,,,0.0,,0.0,,0.0
,,,0.02265625074505806,,0.796875,,,,,,,,,,,1.0,1.0,,,,,1651,,,,0.0,,0.0,,0.0
,,,0.04109470546245575,,0.8675214052200317,,,,,,,,,,,1.0,1.0,,,,,1652,,,,0.0,,0.0,,0.0
,,,0.02901785634458065,,0.8984375,,,,,,,,,,,1.0,1.0,,,,,1653,,,,0.0,,0.0,,0.0
,,,0.01328125037252903,,0.90625,,,,,,,,,,,1.0,1.0,,,,,1654,,,,0.0,,0.0,,0.0
,,,0.023622047156095505,,0.960629940032959,,,,,,,,,,,1.0,1.0,,,,,1655,,,,0.0,,0.0,,0.0
17,0.30502045154571533,0.26054900884628296,,0.7617642283439636,,,,,,,,,,,,,,34.5506591796875,55893.05859375,3.542426586151123,330.8448181152344,3977,,,0.0,,0.0,,0.0,
17,,,,,,0.7120857834815979,,1.2526025772094727,,27.025381088256836,,,,,,,,,,,,3977,2.4425137042999268,,,,,,,
,,,,,,,,,,,,,,0.0003920763603683188,0.03,,,,,,,3999,,,,,,,,
18,,,,,,,0.7227526903152466,,1.2710925340652466,,27.421875,0.00039206756628118455,0.029999999329447746,,,1.0,1.0,,,,,3999,,2.571528911590576,,,,,,
,,,,,,,,,,,,,,0.0003916304234733052,0.03,,,,,,,4049,,,,,,,,
18,,,,,,,0.7249380946159363,,1.250328779220581,,26.265625,0.00039162137545645237,0.029999999329447746,,,1.0,1.0,,,,,4049,,2.3061397075653076,,,,,,
,,,,,,,,,,,,,,0.0003911725472775835,0.03,,,,,,,4099,,,,,,,,
18,,,,,,,0.6627048254013062,,1.2501071691513062,,29.359375,0.0003911632811650634,0.029999999329447746,,,1.0,1.0,,,,,4099,,2.5514063835144043,,,,,,
,,,,,,,,,,,,,,0.0003907027603383777,0.03,,,,,,,4149,,,,,,,,
18,,,,,,,0.7298983931541443,,1.198648452758789,,23.4375,0.00039069325430318713,0.029999999329447746,,,1.0,1.0,,,,,4149,,2.478780746459961,,,,,,
,,,0.05234374850988388,,0.828125,,,,,,,,,,,1.0,1.0,,,,,1656,,,,0.0,,0.0,,0.0
,,,0.0615234375,,0.84375,,,,,,,,,,,1.0,1.0,,,,,1657,,,,0.0,,0.0,,0.0
,,,0.0692661851644516,,0.814631462097168,,,,,,,,,,,1.0,1.0,,,,,1658,,,,0.0,,0.0,,0.0
,,,0.00937500037252903,,0.78125,,,,,,,,,,,1.0,1.0,,,,,1659,,,,0.0,,0.0,,0.0
,,,0.01015624962747097,,0.78125,,,,,,,,,,,1.0,1.0,,,,,1660,,,,0.0,,0.0,,0.0
,,,0.029914528131484985,,0.8012820482254028,,,,,,,,,,,1.0,1.0,,,,,1661,,,,0.0,,0.0,,0.0
,,,0.0078125,,0.6640625,,,,,,,,,,,1.0,1.0,,,,,1662,,,,0.0,,0.0,,0.0
,,,0.01015624962747097,,0.703125,,,,,,,,,,,1.0,1.0,,,,,1663,,,,0.0,,0.0,,0.0
,,,0.012864494696259499,,0.7354202270507812,,,,,,,,,,,1.0,1.0,,,,,1664,,,,0.0,,0.0,,0.0
,,,0.02500000037252903,,0.6484375,,,,,,,,,,,1.0,1.0,,,,,1665,,,,0.0,,0.0,,0.0
,,,0.0217013880610466,,0.703125,,,,,,,,,,,1.0,1.0,,,,,1666,,,,0.0,,0.0,,0.0
,,,0.02777777798473835,,0.734375,,,,,,,,,,,1.0,1.0,,,,,1667,,,,0.0,,0.0,,0.0
,,,0.0560000017285347,,0.9040000438690186,,,,,,,,,,,1.0,1.0,,,,,1668,,,,0.0,,0.0,,0.0
,,,0.044921875,,0.7421875,,,,,,,,,,,1.0,1.0,,,,,1669,,,,0.0,,0.0,,0.0
,,,0.04140625149011612,,0.7421875,,,,,,,,,,,1.0,1.0,,,,,1670,,,,0.0,,0.0,,0.0
,,,0.05247432738542557,,0.7880485653877258,,,,,,,,,,,1.0,1.0,,,,,1671,,,,0.0,,0.0,,0.0
,,,0.03515625,,0.6484375,,,,,,,,,,,1.0,1.0,,,,,1672,,,,0.0,,0.0,,0.0
,,,0.0234375,,0.7265625,,,,,,,,,,,1.0,1.0,,,,,1673,,,,0.0,,0.0,,0.0
,,,0.039201539009809494,,0.572510838508606,,,,,,,,,,,1.0,1.0,,,,,1674,,,,0.0,,0.0,,0.0
,,,0.0078125,,0.515625,,,,,,,,,,,1.0,1.0,,,,,1675,,,,0.0,,0.0,,0.0
,,,0.006076388992369175,,0.4375,,,,,,,,,,,1.0,1.0,,,,,1676,,,,0.0,,0.0,,0.0
,,,0.04196762293577194,,0.6951432228088379,,,,,,,,,,,1.0,1.0,,,,,1677,,,,0.0,,0.0,,0.0
,,,0.03593749925494194,,0.765625,,,,,,,,,,,1.0,1.0,,,,,1678,,,,0.0,,0.0,,0.0
,,,0.0355902761220932,,0.75,,,,,,,,,,,1.0,1.0,,,,,1679,,,,0.0,,0.0,,0.0
,,,0.08916256576776505,,0.8913793563842773,,,,,,,,,,,1.0,1.0,,,,,1680,,,,0.0,,0.0,,0.0
,,,0.0703125,,0.9765625,,,,,,,,,,,1.0,1.0,,,,,1681,,,,0.0,,0.0,,0.0
,,,0.0625,,0.9375,,,,,,,,,,,1.0,1.0,,,,,1682,,,,0.0,,0.0,,0.0
,,,0.07270440459251404,,0.7913207411766052,,,,,,,,,,,1.0,1.0,,,,,1683,,,,0.0,,0.0,,0.0
,,,0.0225694440305233,,0.5859375,,,,,,,,,,,1.0,1.0,,,,,1684,,,,0.0,,0.0,,0.0
,,,0.0173611119389534,,0.578125,,,,,,,,,,,1.0,1.0,,,,,1685,,,,0.0,,0.0,,0.0
,,,0.08806809782981873,,0.7537620067596436,,,,,,,,,,,1.0,1.0,,,,,1686,,,,0.0,,0.0,,0.0
,,,0.0520833320915699,,0.8125,,,,,,,,,,,1.0,1.0,,,,,1687,,,,0.0,,0.0,,0.0
,,,0.0538194440305233,,0.8046875,,,,,,,,,,,1.0,1.0,,,,,1688,,,,0.0,,0.0,,0.0
,,,0.06283525377511978,,0.8568965196609497,,,,,,,,,,,1.0,1.0,,,,,1689,,,,0.0,,0.0,,0.0
,,,0.0078125,,0.7578125,,,,,,,,,,,1.0,1.0,,,,,1690,,,,0.0,,0.0,,0.0
,,,0.013888888992369175,,0.796875,,,,,,,,,,,1.0,1.0,,,,,1691,,,,0.0,,0.0,,0.0
,,,0.026694398373365402,,0.72706139087677,,,,,,,,,,,1.0,1.0,,,,,1692,,,,0.0,,0.0,,0.0
,,,0.008593750186264515,,0.7109375,,,,,,,,,,,1.0,1.0,,,,,1693,,,,0.0,,0.0,,0.0
,,,0.0078125,,0.671875,,,,,,,,,,,1.0,1.0,,,,,1694,,,,0.0,,0.0,,0.0
,,,0.026349205523729324,,0.7268620729446411,,,,,,,,,,,1.0,1.0,,,,,1695,,,,0.0,,0.0,,0.0
,,,0.01953125,,0.6484375,,,,,,,,,,,1.0,1.0,,,,,1696,,,,0.0,,0.0,,0.0
,,,0.0295138880610466,,0.7109375,,,,,,,,,,,1.0,1.0,,,,,1697,,,,0.0,,0.0,,0.0
,,,0.06565656512975693,,0.824999988079071,,,,,,,,,,,1.0,1.0,,,,,1698,,,,0.0,,0.0,,0.0
,,,0.0486111119389534,,0.7421875,,,,,,,,,,,1.0,1.0,,,,,1699,,,,0.0,,0.0,,0.0
,,,0.0390625,,0.7265625,,,,,,,,,,,1.0,1.0,,,,,1700,,,,0.0,,0.0,,0.0
,,,0.06902378797531128,,0.8294743299484253,,,,,,,,,,,1.0,1.0,,,,,1701,,,,0.0,,0.0,,0.0
,,,0.02864583395421505,,0.71875,,,,,,,,,,,1.0,1.0,,,,,1702,,,,0.0,,0.0,,0.0
,,,0.0401785708963871,,0.6953125,,,,,,,,,,,1.0,1.0,,,,,1703,,,,0.0,,0.0,,0.0
,,,0.02578124962747097,,0.6953125,,,,,,,,,,,1.0,1.0,,,,,1704,,,,0.0,,0.0,,0.0
,,,0.11461067199707031,,0.7244094610214233,,,,,,,,,,,1.0,1.0,,,,,1705,,,,0.0,,0.0,,0.0
,,,0.0078125,,0.5078125,,,,,,,,,,,1.0,1.0,,,,,1706,,,,0.0,,0.0,,0.0
,,,0.00390625,,0.4375,,,,,,,,,,,1.0,1.0,,,,,1707,,,,0.0,,0.0,,0.0
,,,0.057758621871471405,,0.7801724076271057,,,,,,,,,,,1.0,1.0,,,,,1708,,,,0.0,,0.0,,0.0
,,,0.03437500074505806,,0.765625,,,,,,,,,,,1.0,1.0,,,,,1709,,,,0.0,,0.0,,0.0
,,,0.02968749962747097,,0.7734375,,,,,,,,,,,1.0,1.0,,,,,1710,,,,0.0,,0.0,,0.0
,,,0.14091885089874268,,0.8789879083633423,,,,,,,,,,,1.0,1.0,,,,,1711,,,,0.0,,0.0,,0.0
,,,0.0659722238779068,,0.96875,,,,,,,,,,,1.0,1.0,,,,,1712,,,,0.0,,0.0,,0.0
,,,0.064453125,,0.9453125,,,,,,,,,,,1.0,1.0,,,,,1713,,,,0.0,,0.0,,0.0
,,,0.0677083358168602,,0.8020833730697632,,,,,,,,,,,1.0,1.0,,,,,1714,,,,0.0,,0.0,,0.0
,,,0.01718750037252903,,0.515625,,,,,,,,,,,1.0,1.0,,,,,1715,,,,0.0,,0.0,,0.0
,,,0.01996527798473835,,0.6484375,,,,,,,,,,,1.0,1.0,,,,,1716,,,,0.0,,0.0,,0.0
,,,0.0665559247136116,,0.7048726677894592,,,,,,,,,,,1.0,1.0,,,,,1717,,,,0.0,,0.0,,0.0
,,,0.0538194440305233,,0.8359375,,,,,,,,,,,1.0,1.0,,,,,1718,,,,0.0,,0.0,,0.0
,,,0.0503472238779068,,0.8359375,,,,,,,,,,,1.0,1.0,,,,,1719,,,,0.0,,0.0,,0.0
,,,0.06973451375961304,,0.9115043878555298,,,,,,,,,,,1.0,1.0,,,,,1720,,,,0.0,,0.0,,0.0
,,,0.0062500000931322575,,0.734375,,,,,,,,,,,1.0,1.0,,,,,1721,,,,0.0,,0.0,,0.0
,,,0.01909722201526165,,0.796875,,,,,,,,,,,1.0,1.0,,,,,1722,,,,0.0,,0.0,,0.0
,,,0.015555555000901222,,0.6924242377281189,,,,,,,,,,,1.0,1.0,,,,,1723,,,,0.0,,0.0,,0.0
,,,0.008593750186264515,,0.671875,,,,,,,,,,,1.0,1.0,,,,,1724,,,,0.0,,0.0,,0.0
,,,0.007031249813735485,,0.703125,,,,,,,,,,,1.0,1.0,,,,,1725,,,,0.0,,0.0,,0.0
,,,0.025370370596647263,,0.6787036657333374,,,,,,,,,,,1.0,1.0,,,,,1726,,,,0.0,,0.0,,0.0
,,,0.0234375,,0.6875,,,,,,,,,,,1.0,1.0,,,,,1727,,,,0.0,,0.0,,0.0
,,,0.0295138880610466,,0.6953125,,,,,,,,,,,1.0,1.0,,,,,1728,,,,0.0,,0.0,,0.0
,,,0.06949278712272644,,0.8601070642471313,,,,,,,,,,,1.0,1.0,,,,,1729,,,,0.0,,0.0,,0.0
,,,0.0364583320915699,,0.7734375,,,,,,,,,,,1.0,1.0,,,,,1730,,,,0.0,,0.0,,0.0
,,,0.0512152761220932,,0.7265625,,,,,,,,,,,1.0,1.0,,,,,1731,,,,0.0,,0.0,,0.0
,,,0.05928189307451248,,0.7783294916152954,,,,,,,,,,,1.0,1.0,,,,,1732,,,,0.0,,0.0,,0.0
,,,0.02690972201526165,,0.6796875,,,,,,,,,,,1.0,1.0,,,,,1733,,,,0.0,,0.0,,0.0
,,,0.0295138880610466,,0.7109375,,,,,,,,,,,1.0,1.0,,,,,1734,,,,0.0,,0.0,,0.0
,,,0.03365325555205345,,0.5512181520462036,,,,,,,,,,,1.0,1.0,,,,,1735,,,,0.0,,0.0,,0.0
,,,0.0052083334885537624,,0.4921875,,,,,,,,,,,1.0,1.0,,,,,1736,,,,0.0,,0.0,,0.0
,,,0.0069444444961845875,,0.4296875,,,,,,,,,,,1.0,1.0,,,,,1737,,,,0.0,,0.0,,0.0
,,,0.04915197566151619,,0.7093448638916016,,,,,,,,,,,1.0,1.0,,,,,1738,,,,0.0,,0.0,,0.0
,,,0.03281249850988388,,0.7734375,,,,,,,,,,,1.0,1.0,,,,,1739,,,,0.0,,0.0,,0.0
,,,0.03437500074505806,,0.7734375,,,,,,,,,,,1.0,1.0,,,,,1740,,,,0.0,,0.0,,0.0
,,,0.10357142984867096,,0.8839285373687744,,,,,,,,,,,1.0,1.0,,,,,1741,,,,0.0,,0.0,,0.0
,,,0.0615234375,,0.9765625,,,,,,,,,,,1.0,1.0,,,,,1742,,,,0.0,,0.0,,0.0
,,,0.0693359375,,0.9453125,,,,,,,,,,,1.0,1.0,,,,,1743,,,,0.0,,0.0,,0.0
,,,0.061728399246931076,,0.8877233862876892,,,,,,,,,,,1.0,1.0,,,,,1744,,,,0.0,,0.0,,0.0
,,,0.02031249925494194,,0.625,,,,,,,,,,,1.0,1.0,,,,,1745,,,,0.0,,0.0,,0.0
,,,0.014843749813735485,,0.5,,,,,,,,,,,1.0,1.0,,,,,1746,,,,0.0,,0.0,,0.0
,,,0.016535433009266853,,0.6535432934761047,,,,,,,,,,,1.0,1.0,,,,,1747,,,,0.0,,0.0,,0.0
18,0.30140894651412964,0.2679083049297333,,0.7315232157707214,,,,,,,,,,,,,,33.64301681518555,59921.73046875,3.51580548286438,353.0831604003906,4198,,,0.0,,0.0,,0.0,
18,,,,,,0.7094061374664307,,1.2356511354446411,,26.31214714050293,,,,,,,,,,,,4198,2.399664878845215,,,,,,,
,,,,,,,,,,,,,,0.00039022109195577254,0.03,,,,,,,4199,,,,,,,,
19,,,,,,,0.74248868227005,,1.2192952632904053,,23.84375,0.0003902113239746541,0.029999999329447746,,,,,,,,,4199,,2.438508987426758,,,,,,
,,,,,,,,,,,,,,0.0003897275721708844,0.03,,,,,,,4249,,,,,,,,
19,,,,,,,0.7352235317230225,,1.2203309535980225,,24.25,0.0003897175774909556,0.029999999329447746,,,1.0,1.0,,,,,4249,,2.3800060749053955,,,,,,
,,,,,,,,,,,,,,0.0003892222317639883,0.03,,,,,,,4299,,,,,,,,
19,,,,,,,0.7025724649429321,,1.2435880899429321,,27.0625,0.00038921201485209167,0.029999999329447746,,,1.0,1.0,,,,,4299,,2.6413044929504395,,,,,,
,,,,,,,,,,,,,,0.00038870510225259874,0.03,,,,,,,4349,,,,,,,,
19,,,,,,,0.7166343331336975,,1.2263998985290527,,25.484375,0.0003886946360580623,0.029999999329447746,,,1.0,1.0,,,,,4349,,2.2971911430358887,,,,,,
,,,,,,,,,,,,,,0.00038817621588950295,0.03,,,,,,,4399,,,,,,,,
19,,,,,,,0.6925056576728821,,1.1988532543182373,,25.328125,0.0003881655284203589,0.029999999329447746,,,1.0,1.0,,,,,4399,,2.2682583332061768,,,,,,
,,,0.01406249962747097,,0.5859375,,,,,,,,,,,1.0,1.0,,,,,1748,,,,0.0,,0.0,,0.0
,,,0.01171875,,0.546875,,,,,,,,,,,1.0,1.0,,,,,1749,,,,0.0,,0.0,,0.0
,,,0.07563256472349167,,0.7401906847953796,,,,,,,,,,,1.0,1.0,,,,,1750,,,,0.0,,0.0,,0.0
,,,0.064453125,,0.9296875,,,,,,,,,,,1.0,1.0,,,,,1751,,,,0.0,,0.0,,0.0
,,,0.0576171875,,0.9453125,,,,,,,,,,,1.0,1.0,,,,,1752,,,,0.0,,0.0,,0.0
,,,0.10398860275745392,,0.9711538553237915,,,,,,,,,,,1.0,1.0,,,,,1753,,,,0.0,,0.0,,0.0
,,,0.03281249850988388,,0.8046875,,,,,,,,,,,1.0,1.0,,,,,1754,,,,0.0,,0.0,,0.0
,,,0.041015625,,0.8046875,,,,,,,,,,,1.0,1.0,,,,,1755,,,,0.0,,0.0,,0.0
,,,0.05650848150253296,,0.8460549116134644,,,,,,,,,,,1.0,1.0,,,,,1756,,,,0.0,,0.0,,0.0
,,,0.0572916679084301,,0.90625,,,,,,,,,,,1.0,1.0,,,,,1757,,,,0.0,,0.0,,0.0
,,,0.0625,,0.890625,,,,,,,,,,,1.0,1.0,,,,,1758,,,,0.0,,0.0,,0.0
,,,0.0546875,,0.953125,,,,,,,,,,,1.0,1.0,,,,,1759,,,,0.0,,0.0,,0.0
,,,0.16433334350585938,,0.9359999895095825,,,,,,,,,,,1.0,1.0,,,,,1760,,,,0.0,,0.0,,0.0
,,,0.0659722238779068,,0.8046875,,,,,,,,,,,1.0,1.0,,,,,1761,,,,0.0,,0.0,,0.0
,,,0.0590277761220932,,0.8359375,,,,,,,,,,,1.0,1.0,,,,,1762,,,,0.0,,0.0,,0.0
,,,0.06918767839670181,,0.5989729166030884,,,,,,,,,,,1.0,1.0,,,,,1763,,,,0.0,,0.0,,0.0
,,,0.0,,0.3671875,,,,,,,,,,,1.0,1.0,,,,,1764,,,,0.0,,0.0,,0.0
,,,0.001953125,,0.4609375,,,,,,,,,,,1.0,1.0,,,,,1765,,,,0.0,,0.0,,0.0
,,,0.024891775101423264,,0.5990259647369385,,,,,,,,,,,1.0,1.0,,,,,1766,,,,0.0,,0.0,,0.0
,,,0.0164930559694767,,0.796875,,,,,,,,,,,1.0,1.0,,,,,1767,,,,0.0,,0.0,,0.0
,,,0.010416666977107525,,0.734375,,,,,,,,,,,1.0,1.0,,,,,1768,,,,0.0,,0.0,,0.0
,,,0.028836308047175407,,0.7469489574432373,,,,,,,,,,,1.0,1.0,,,,,1769,,,,0.0,,0.0,,0.0
,,,0.01718750037252903,,0.625,,,,,,,,,,,1.0,1.0,,,,,1770,,,,0.0,,0.0,,0.0
,,,0.012500000186264515,,0.5546875,,,,,,,,,,,1.0,1.0,,,,,1771,,,,0.0,,0.0,,0.0
,,,0.04428023844957352,,0.7869458198547363,,,,,,,,,,,1.0,1.0,,,,,1772,,,,0.0,,0.0,,0.0
,,,0.03125,,0.953125,,,,,,,,,,,1.0,1.0,,,,,1773,,,,0.0,,0.0,,0.0
,,,0.0355902761220932,,0.9375,,,,,,,,,,,1.0,1.0,,,,,1774,,,,0.0,,0.0,,0.0
,,,0.11277627944946289,,0.9033962488174438,,,,,,,,,,,1.0,1.0,,,,,1775,,,,0.0,,0.0,,0.0
,,,0.0680803582072258,,0.8828125,,,,,,,,,,,1.0,1.0,,,,,1776,,,,0.0,,0.0,,0.0
,,,0.0364583320915699,,0.828125,,,,,,,,,,,1.0,1.0,,,,,1777,,,,0.0,,0.0,,0.0
,,,0.05991792306303978,,0.7373461127281189,,,,,,,,,,,1.0,1.0,,,,,1778,,,,0.0,,0.0,,0.0
,,,0.015625,,0.5703125,,,,,,,,,,,1.0,1.0,,,,,1779,,,,0.0,,0.0,,0.0
,,,0.008593750186264515,,0.5546875,,,,,,,,,,,1.0,1.0,,,,,1780,,,,0.0,,0.0,,0.0
,,,0.07075123488903046,,0.7630541324615479,,,,,,,,,,,1.0,1.0,,,,,1781,,,,0.0,,0.0,,0.0
,,,0.0615234375,,0.921875,,,,,,,,,,,1.0,1.0,,,,,1782,,,,0.0,,0.0,,0.0
,,,0.0680803582072258,,0.96875,,,,,,,,,,,1.0,1.0,,,,,1783,,,,0.0,,0.0,,0.0
,,,0.09327678382396698,,0.8918522000312805,,,,,,,,,,,1.0,1.0,,,,,1784,,,,0.0,,0.0,,0.0
,,,0.0434027761220932,,0.8359375,,,,,,,,,,,1.0,1.0,,,,,1785,,,,0.0,,0.0,,0.0
,,,0.02864583395421505,,0.734375,,,,,,,,,,,1.0,1.0,,,,,1786,,,,0.0,,0.0,,0.0
,,,0.08313661813735962,,0.8824175596237183,,,,,,,,,,,1.0,1.0,,,,,1787,,,,0.0,,0.0,,0.0
,,,0.0581597238779068,,0.8984375,,,,,,,,,,,1.0,1.0,,,,,1788,,,,0.0,,0.0,,0.0
,,,0.0555555559694767,,0.921875,,,,,,,,,,,1.0,1.0,,,,,1789,,,,0.0,,0.0,,0.0
,,,0.1084090918302536,,0.9522727131843567,,,,,,,,,,,1.0,1.0,,,,,1790,,,,0.0,,0.0,,0.0
,,,0.0703125,,0.8203125,,,,,,,,,,,1.0,1.0,,,,,1791,,,,0.0,,0.0,,0.0
,,,0.0633680522441864,,0.8046875,,,,,,,,,,,1.0,1.0,,,,,1792,,,,0.0,,0.0,,0.0
,,,0.06827979534864426,,0.6661452054977417,,,,,,,,,,,1.0,1.0,,,,,1793,,,,0.0,,0.0,,0.0
,,,0.001953125,,0.390625,,,,,,,,,,,1.0,1.0,,,,,1794,,,,0.0,,0.0,,0.0
,,,0.0,,0.3515625,,,,,,,,,,,1.0,1.0,,,,,1795,,,,0.0,,0.0,,0.0
,,,0.00390625,,0.453125,,,,,,,,,,,1.0,1.0,,,,,1796,,,,0.0,,0.0,,0.0
,,,0.019685039296746254,,0.4173228442668915,,,,,,,,,,,1.0,1.0,,,,,1797,,,,0.0,,0.0,,0.0
,,,0.015625,,0.765625,,,,,,,,,,,1.0,1.0,,,,,1798,,,,0.0,,0.0,,0.0
,,,0.01128472201526165,,0.7578125,,,,,,,,,,,1.0,1.0,,,,,1799,,,,0.0,,0.0,,0.0
,,,0.02362707443535328,,0.7399425506591797,,,,,,,,,,,1.0,1.0,,,,,1800,,,,0.0,,0.0,,0.0
,,,0.01328125037252903,,0.578125,,,,,,,,,,,1.0,1.0,,,,,1801,,,,0.0,,0.0,,0.0
,,,0.015625,,0.6171875,,,,,,,,,,,1.0,1.0,,,,,1802,,,,0.0,,0.0,,0.0
,,,0.05995599925518036,,0.7616428136825562,,,,,,,,,,,1.0,1.0,,,,,1803,,,,0.0,,0.0,,0.0
,,,0.03125,,0.96875,,,,,,,,,,,1.0,1.0,,,,,1804,,,,0.0,,0.0,,0.0
,,,0.041015625,,0.9296875,,,,,,,,,,,1.0,1.0,,,,,1805,,,,0.0,,0.0,,0.0
,,,0.1056547611951828,,0.8697916269302368,,,,,,,,,,,1.0,1.0,,,,,1806,,,,0.0,,0.0,,0.0
,,,0.0636160746216774,,0.8515625,,,,,,,,,,,1.0,1.0,,,,,1807,,,,0.0,,0.0,,0.0
,,,0.0381944440305233,,0.859375,,,,,,,,,,,1.0,1.0,,,,,1808,,,,0.0,,0.0,,0.0
,,,0.056601449847221375,,0.707087516784668,,,,,,,,,,,1.0,1.0,,,,,1809,,,,0.0,,0.0,,0.0
,,,0.014843749813735485,,0.59375,,,,,,,,,,,1.0,1.0,,,,,1810,,,,0.0,,0.0,,0.0
,,,0.01128472201526165,,0.53125,,,,,,,,,,,1.0,1.0,,,,,1811,,,,0.0,,0.0,,0.0
,,,0.05801376327872276,,0.7734513282775879,,,,,,,,,,,1.0,1.0,,,,,1812,,,,0.0,,0.0,,0.0
,,,0.0595703125,,0.9296875,,,,,,,,,,,1.0,1.0,,,,,1813,,,,0.0,,0.0,,0.0
,,,0.0654296875,,0.96875,,,,,,,,,,,1.0,1.0,,,,,1814,,,,0.0,,0.0,,0.0
,,,0.06696970015764236,,0.8393939733505249,,,,,,,,,,,1.0,1.0,,,,,1815,,,,0.0,,0.0,,0.0
,,,0.0399305559694767,,0.828125,,,,,,,,,,,1.0,1.0,,,,,1816,,,,0.0,,0.0,,0.0
,,,0.02864583395421505,,0.7421875,,,,,,,,,,,1.0,1.0,,,,,1817,,,,0.0,,0.0,,0.0
,,,0.07510288059711456,,0.8990740776062012,,,,,,,,,,,1.0,1.0,,,,,1818,,,,0.0,,0.0,,0.0
,,,0.0572916679084301,,0.9140625,,,,,,,,,,,1.0,1.0,,,,,1819,,,,0.0,,0.0,,0.0
,,,0.0654296875,,0.921875,,,,,,,,,,,1.0,1.0,,,,,1820,,,,0.0,,0.0,,0.0
,,,0.12042838335037231,,0.9397590160369873,,,,,,,,,,,1.0,1.0,,,,,1821,,,,0.0,,0.0,,0.0
,,,0.0625,,0.828125,,,,,,,,,,,1.0,1.0,,,,,1822,,,,0.0,,0.0,,0.0
,,,0.0633680522441864,,0.8203125,,,,,,,,,,,1.0,1.0,,,,,1823,,,,0.0,,0.0,,0.0
,,,0.05953088402748108,,0.6520244479179382,,,,,,,,,,,1.0,1.0,,,,,1824,,,,0.0,,0.0,,0.0
,,,0.0008680555620230734,,0.3671875,,,,,,,,,,,1.0,1.0,,,,,1825,,,,0.0,,0.0,,0.0
,,,0.0009765625,,0.3671875,,,,,,,,,,,1.0,1.0,,,,,1826,,,,0.0,,0.0,,0.0
,,,0.019748985767364502,,0.6140642166137695,,,,,,,,,,,1.0,1.0,,,,,1827,,,,0.0,,0.0,,0.0
,,,0.0224609375,,0.8125,,,,,,,,,,,1.0,1.0,,,,,1828,,,,0.0,,0.0,,0.0
,,,0.013020833022892475,,0.765625,,,,,,,,,,,1.0,1.0,,,,,1829,,,,0.0,,0.0,,0.0
,,,0.030373571440577507,,0.7949783802032471,,,,,,,,,,,1.0,1.0,,,,,1830,,,,0.0,,0.0,,0.0
,,,0.014843749813735485,,0.6171875,,,,,,,,,,,1.0,1.0,,,,,1831,,,,0.0,,0.0,,0.0
,,,0.01171875,,0.5859375,,,,,,,,,,,1.0,1.0,,,,,1832,,,,0.0,,0.0,,0.0
,,,0.0386904776096344,,0.8080357313156128,,,,,,,,,,,1.0,1.0,,,,,1833,,,,0.0,,0.0,,0.0
,,,0.0403645820915699,,0.9375,,,,,,,,,,,1.0,1.0,,,,,1834,,,,0.0,,0.0,,0.0
,,,0.0373263880610466,,0.9375,,,,,,,,,,,1.0,1.0,,,,,1835,,,,0.0,,0.0,,0.0
,,,0.0971250981092453,,0.8749028444290161,,,,,,,,,,,1.0,1.0,,,,,1836,,,,0.0,,0.0,,0.0
,,,0.0658482164144516,,0.875,,,,,,,,,,,1.0,1.0,,,,,1837,,,,0.0,,0.0,,0.0
,,,0.0425347238779068,,0.8359375,,,,,,,,,,,1.0,1.0,,,,,1838,,,,0.0,,0.0,,0.0
,,,0.04921259731054306,,0.8425197005271912,,,,,,,,,,,1.0,1.0,,,,,1839,,,,0.0,,0.0,,0.0
19,0.3246115446090698,0.3014720678329468,,0.7677187919616699,,,,,,,,,,,,,,33.254669189453125,68130.0234375,3.504195213317871,360.3700866699219,4419,,,0.0,,0.0,,0.0,
19,,,,,,0.7082454562187195,,1.203089952468872,,24.742647171020508,,,,,,,,,,,,4419,2.340132236480713,,,,,,,
,,,,,,,,,,,,,,0.0003876356056607496,0.03,,,,,,,4449,,,,,,,,
20,,,,,,,0.7433969974517822,,1.2106821537017822,,23.359375,0.00038762466283515096,0.029999999329447746,,,1.0,1.0,,,,,4449,,2.296468734741211,,,,,,
,,,,,,,,,,,,,,0.00038708330528359255,0.03,,,,,,,4499,,,,,,,,
20,,,,,,,0.7179348468780518,,1.2281887531280518,,25.515625,0.00038707212661392987,0.029999999329447746,,,1.0,1.0,,,,,4499,,2.09004545211792,,,,,,
,,,,,,,,,,,,,,0.00038651934920438626,0.03,,,,,,,4549,,,,,,,,
20,,,,,,,0.7021865248680115,,1.2014541625976562,,24.96875,0.0003865079488605261,0.029999999329447746,,,1.0,1.0,,,,,4549,,2.4216623306274414,,,,,,
,,,,,,,,,,,,,,0.00038594377259643895,0.03,,,,,,,4599,,,,,,,,
20,,,,,,,0.6564109325408936,,1.1827781200408936,,26.328125,0.0003859321295749396,0.029999999329447746,,,1.0,1.0,,,,,4599,,2.394986152648926,,,,,,
,,,0.02890625037252903,,0.7890625,,,,,,,,,,,1.0,1.0,,,,,1840,,,,0.0,,0.0,,0.0
,,,0.0407986119389534,,0.8125,,,,,,,,,,,1.0,1.0,,,,,1841,,,,0.0,,0.0,,0.0
,,,0.10463269054889679,,0.8417675495147705,,,,,,,,,,,1.0,1.0,,,,,1842,,,,0.0,,0.0,,0.0
,,,0.0538194440305233,,0.875,,,,,,,,,,,1.0,1.0,,,,,1843,,,,0.0,,0.0,,0.0
,,,0.0494791679084301,,0.84375,,,,,,,,,,,1.0,1.0,,,,,1844,,,,0.0,,0.0,,0.0
,,,0.07977207750082016,,0.8285256624221802,,,,,,,,,,,1.0,1.0,,,,,1845,,,,0.0,,0.0,,0.0
,,,0.01128472201526165,,0.6640625,,,,,,,,,,,1.0,1.0,,,,,1846,,,,0.0,,0.0,,0.0
,,,0.01718750037252903,,0.65625,,,,,,,,,,,1.0,1.0,,,,,1847,,,,0.0,,0.0,,0.0
,,,0.03953687846660614,,0.7024013996124268,,,,,,,,,,,1.0,1.0,,,,,1848,,,,0.0,,0.0,,0.0
,,,0.048828125,,0.78125,,,,,,,,,,,1.0,1.0,,,,,1849,,,,0.0,,0.0,,0.0
,,,0.0381944440305233,,0.796875,,,,,,,,,,,1.0,1.0,,,,,1850,,,,0.0,,0.0,,0.0
,,,0.04453124850988388,,0.8125,,,,,,,,,,,1.0,1.0,,,,,1851,,,,0.0,,0.0,,0.0
,,,0.09481481462717056,,0.749333381652832,,,,,,,,,,,1.0,1.0,,,,,1852,,,,0.0,,0.0,,0.0
,,,0.0658482164144516,,0.7421875,,,,,,,,,,,1.0,1.0,,,,,1853,,,,0.0,,0.0,,0.0
,,,0.04062499850988388,,0.6953125,,,,,,,,,,,1.0,1.0,,,,,1854,,,,0.0,,0.0,,0.0
,,,0.08412699401378632,,0.6736694574356079,,,,,,,,,,,1.0,1.0,,,,,1855,,,,0.0,,0.0,,0.0
,,,0.0361328125,,0.7890625,,,,,,,,,,,1.0,1.0,,,,,1856,,,,0.0,,0.0,,0.0
,,,0.0329861119389534,,0.765625,,,,,,,,,,,1.0,1.0,,,,,1857,,,,0.0,,0.0,,0.0
,,,0.040885042399168015,,0.5373376607894897,,,,,,,,,,,1.0,1.0,,,,,1858,,,,0.0,,0.0,,0.0
,,,0.0147569440305233,,0.53125,,,,,,,,,,,1.0,1.0,,,,,1859,,,,0.0,,0.0,,0.0
,,,0.01328125037252903,,0.390625,,,,,,,,,,,1.0,1.0,,,,,1860,,,,0.0,,0.0,,0.0
,,,0.03422166779637337,,0.5630136728286743,,,,,,,,,,,1.0,1.0,,,,,1861,,,,0.0,,0.0,,0.0
,,,0.02734375,,0.6953125,,,,,,,,,,,1.0,1.0,,,,,1862,,,,0.0,,0.0,,0.0
,,,0.02734375,,0.671875,,,,,,,,,,,1.0,1.0,,,,,1863,,,,0.0,,0.0,,0.0
,,,0.05330049246549606,,0.7307882308959961,,,,,,,,,,,1.0,1.0,,,,,1864,,,,0.0,,0.0,,0.0
,,,0.0355902761220932,,0.8046875,,,,,,,,,,,1.0,1.0,,,,,1865,,,,0.0,,0.0,,0.0
,,,0.02890625037252903,,0.7421875,,,,,,,,,,,1.0,1.0,,,,,1866,,,,0.0,,0.0,,0.0
,,,0.061076171696186066,,0.9105660319328308,,,,,,,,,,,1.0,1.0,,,,,1867,,,,0.0,,0.0,,0.0
,,,0.0355902761220932,,0.984375,,,,,,,,,,,1.0,1.0,,,,,1868,,,,0.0,,0.0,,0.0
,,,0.0295138880610466,,0.9765625,,,,,,,,,,,1.0,1.0,,,,,1869,,,,0.0,,0.0,,0.0
,,,0.07143943011760712,,0.8487004041671753,,,,,,,,,,,1.0,1.0,,,,,1870,,,,0.0,,0.0,,0.0
,,,0.03359375149011612,,0.84375,,,,,,,,,,,1.0,1.0,,,,,1871,,,,0.0,,0.0,,0.0
,,,0.0390625,,0.796875,,,,,,,,,,,1.0,1.0,,,,,1872,,,,0.0,,0.0,,0.0
,,,0.09802955389022827,,0.8795566558837891,,,,,,,,,,,1.0,1.0,,,,,1873,,,,0.0,,0.0,,0.0
,,,0.0529513880610466,,0.8203125,,,,,,,,,,,1.0,1.0,,,,,1874,,,,0.0,,0.0,,0.0
,,,0.0538194440305233,,0.8828125,,,,,,,,,,,1.0,1.0,,,,,1875,,,,0.0,,0.0,,0.0
,,,0.06475817412137985,,0.7389283180236816,,,,,,,,,,,1.0,1.0,,,,,1876,,,,0.0,,0.0,,0.0
,,,0.0173611119389534,,0.71875,,,,,,,,,,,1.0,1.0,,,,,1877,,,,0.0,,0.0,,0.0
,,,0.01015624962747097,,0.6171875,,,,,,,,,,,1.0,1.0,,,,,1878,,,,0.0,,0.0,,0.0
,,,0.04971916973590851,,0.6943833827972412,,,,,,,,,,,1.0,1.0,,,,,1879,,,,0.0,,0.0,,0.0
,,,0.048828125,,0.78125,,,,,,,,,,,1.0,1.0,,,,,1880,,,,0.0,,0.0,,0.0
,,,0.03671874850988388,,0.8046875,,,,,,,,,,,1.0,1.0,,,,,1881,,,,0.0,,0.0,,0.0
,,,0.09522727131843567,,0.8352272510528564,,,,,,,,,,,1.0,1.0,,,,,1882,,,,0.0,,0.0,,0.0
,,,0.0615234375,,0.7578125,,,,,,,,,,,1.0,1.0,,,,,1883,,,,0.0,,0.0,,0.0
,,,0.0546875,,0.7421875,,,,,,,,,,,1.0,1.0,,,,,1884,,,,0.0,,0.0,,0.0
,,,0.07622027397155762,,0.719962477684021,,,,,,,,,,,1.0,1.0,,,,,1885,,,,0.0,,0.0,,0.0
,,,0.0364583320915699,,0.703125,,,,,,,,,,,1.0,1.0,,,,,1886,,,,0.0,,0.0,,0.0
,,,0.0303819440305233,,0.7734375,,,,,,,,,,,1.0,1.0,,,,,1887,,,,0.0,,0.0,,0.0
,,,0.0347222238779068,,0.7578125,,,,,,,,,,,1.0,1.0,,,,,1888,,,,0.0,,0.0,,0.0
,,,0.012248468585312366,,0.7204724550247192,,,,,,,,,,,1.0,1.0,,,,,1889,,,,0.0,,0.0,,0.0
,,,0.01406249962747097,,0.4765625,,,,,,,,,,,1.0,1.0,,,,,1890,,,,0.0,,0.0,,0.0
,,,0.0078125,,0.390625,,,,,,,,,,,1.0,1.0,,,,,1891,,,,0.0,,0.0,,0.0
,,,0.027586206793785095,,0.607758641242981,,,,,,,,,,,1.0,1.0,,,,,1892,,,,0.0,,0.0,,0.0
,,,0.02578124962747097,,0.6796875,,,,,,,,,,,1.0,1.0,,,,,1893,,,,0.0,,0.0,,0.0
,,,0.02734375,,0.6875,,,,,,,,,,,1.0,1.0,,,,,1894,,,,0.0,,0.0,,0.0
,,,0.058342501521110535,,0.7244224548339844,,,,,,,,,,,1.0,1.0,,,,,1895,,,,0.0,,0.0,,0.0
,,,0.03046875074505806,,0.7890625,,,,,,,,,,,1.0,1.0,,,,,1896,,,,0.0,,0.0,,0.0
,,,0.0321180559694767,,0.7734375,,,,,,,,,,,1.0,1.0,,,,,1897,,,,0.0,,0.0,,0.0
,,,0.0625,,0.921875,,,,,,,,,,,1.0,1.0,,,,,1898,,,,0.0,,0.0,,0.0
,,,0.0321180559694767,,0.9765625,,,,,,,,,,,1.0,1.0,,,,,1899,,,,0.0,,0.0,,0.0
,,,0.0321180559694767,,0.984375,,,,,,,,,,,1.0,1.0,,,,,1900,,,,0.0,,0.0,,0.0
,,,0.05746278166770935,,0.88344407081604,,,,,,,,,,,1.0,1.0,,,,,1901,,,,0.0,,0.0,,0.0
,,,0.03515625,,0.8125,,,,,,,,,,,1.0,1.0,,,,,1902,,,,0.0,,0.0,,0.0
,,,0.0425347238779068,,0.8203125,,,,,,,,,,,1.0,1.0,,,,,1903,,,,0.0,,0.0,,0.0
,,,0.10593248158693314,,0.9135693311691284,,,,,,,,,,,1.0,1.0,,,,,1904,,,,0.0,,0.0,,0.0
,,,0.0546875,,0.828125,,,,,,,,,,,1.0,1.0,,,,,1905,,,,0.0,,0.0,,0.0
,,,0.0529513880610466,,0.875,,,,,,,,,,,1.0,1.0,,,,,1906,,,,0.0,,0.0,,0.0
,,,0.06565656512975693,,0.7297979593276978,,,,,,,,,,,1.0,1.0,,,,,1907,,,,0.0,,0.0,,0.0
,,,0.0164930559694767,,0.6875,,,,,,,,,,,1.0,1.0,,,,,1908,,,,0.0,,0.0,,0.0
,,,0.01406249962747097,,0.6015625,,,,,,,,,,,1.0,1.0,,,,,1909,,,,0.0,,0.0,,0.0
,,,0.046111106872558594,,0.699999988079071,,,,,,,,,,,1.0,1.0,,,,,1910,,,,0.0,,0.0,,0.0
,,,0.0451388880610466,,0.8046875,,,,,,,,,,,1.0,1.0,,,,,1911,,,,0.0,,0.0,,0.0
,,,0.03984374925494194,,0.7734375,,,,,,,,,,,1.0,1.0,,,,,1912,,,,0.0,,0.0,,0.0
,,,0.10773761570453644,,0.8489959836006165,,,,,,,,,,,1.0,1.0,,,,,1913,,,,0.0,,0.0,,0.0
,,,0.0546875,,0.765625,,,,,,,,,,,1.0,1.0,,,,,1914,,,,0.0,,0.0,,0.0
,,,0.0494791679084301,,0.765625,,,,,,,,,,,1.0,1.0,,,,,1915,,,,0.0,,0.0,,0.0
,,,0.0762414038181305,,0.6578813791275024,,,,,,,,,,,1.0,1.0,,,,,1916,,,,0.0,,0.0,,0.0
,,,0.0338541679084301,,0.765625,,,,,,,,,,,1.0,1.0,,,,,1917,,,,0.0,,0.0,,0.0
,,,0.02690972201526165,,0.7265625,,,,,,,,,,,1.0,1.0,,,,,1918,,,,0.0,,0.0,,0.0
,,,0.05204872786998749,,0.5625692009925842,,,,,,,,,,,1.0,1.0,,,,,1919,,,,0.0,,0.0,,0.0
,,,0.01128472201526165,,0.5,,,,,,,,,,,1.0,1.0,,,,,1920,,,,0.0,,0.0,,0.0
,,,0.01171875,,0.3828125,,,,,,,,,,,1.0,1.0,,,,,1921,,,,0.0,,0.0,,0.0
,,,0.0512138307094574,,0.6461589336395264,,,,,,,,,,,1.0,1.0,,,,,1922,,,,0.0,,0.0,,0.0
,,,0.02734375,,0.6875,,,,,,,,,,,1.0,1.0,,,,,1923,,,,0.0,,0.0,,0.0
,,,0.02578124962747097,,0.6875,,,,,,,,,,,1.0,1.0,,,,,1924,,,,0.0,,0.0,,0.0
,,,0.06428571045398712,,0.6830357313156128,,,,,,,,,,,1.0,1.0,,,,,1925,,,,0.0,,0.0,,0.0
,,,0.03125,,0.8046875,,,,,,,,,,,1.0,1.0,,,,,1926,,,,0.0,,0.0,,0.0
,,,0.02734375,,0.7421875,,,,,,,,,,,1.0,1.0,,,,,1927,,,,0.0,,0.0,,0.0
,,,0.04144004359841347,,0.9230769276618958,,,,,,,,,,,1.0,1.0,,,,,1928,,,,0.0,,0.0,,0.0
,,,0.0355902761220932,,0.984375,,,,,,,,,,,1.0,1.0,,,,,1929,,,,0.0,,0.0,,0.0
,,,0.0295138880610466,,0.984375,,,,,,,,,,,1.0,1.0,,,,,1930,,,,0.0,,0.0,,0.0
,,,0.03412073478102684,,0.9842519760131836,,,,,,,,,,,1.0,1.0,,,,,1931,,,,0.0,,0.0,,0.0
20,0.3121284544467926,0.3086777925491333,,0.7520533800125122,,,,,,,,,,,,,,34.60678482055664,52067.23828125,3.5440497398376465,357.2463684082031,4640,,,0.0,,0.0,,0.0,
20,,,,,,0.703341543674469,,1.1818327903747559,,23.9254093170166,,,,,,,,,,,,4640,2.327821969985962,,,,,,,
,,,,,,,,,,,,,,0.0003853566113578174,0.03,,,,,,,4649,,,,,,,,
21,,,,,,,0.7466728687286377,,1.2010185718536377,,22.71875,0.0003853447560686618,0.029999999329447746,,,1.0,1.0,,,,,4649,,2.2296853065490723,,,,,,
,,,,,,,,,,,,,,0.0003847579021091091,0.03,,,,,,,4699,,,,,,,,
21,,,,,,,0.6933553218841553,,1.1467244625091553,,22.671875,0.00038474579923786223,0.029999999329447746,,,1.0,1.0,,,,,4699,,2.3827872276306152,,,,,,
,,,,,,,,,,,,,,0.00038414768219113875,0.03,,,,,,,4749,,,,,,,,
21,,,,,,,0.7220834493637085,,1.1693490743637085,,22.359375,0.00038413534639403224,0.029999999329447746,,,1.0,1.0,,,,,4749,,2.5054876804351807,,,,,,
,,,,,,,,,,,,,,0.00038352598966263706,0.03,,,,,,,4799,,,,,,,,
21,,,,,,,0.7243256568908691,,1.1681733131408691,,22.1875,0.0003835134266410023,0.029999999329447746,,,1.0,1.0,,,,,4799,,2.2770791053771973,,,,,,
,,,,,,,,,,,,,,0.00038289286329786995,0.03,,,,,,,4849,,,,,,,,
21,,,,,,,0.6834925413131714,,1.1827601194381714,,24.96875,0.0003828800981864333,0.029999999329447746,,,1.0,1.0,,,,,4849,,2.345729112625122,,,,,,
,,,0.03750000149011612,,0.734375,,,,,,,,,,,1.0,1.0,,,,,1932,,,,0.0,,0.0,,0.0
,,,0.0399305559694767,,0.75,,,,,,,,,,,1.0,1.0,,,,,1933,,,,0.0,,0.0,,0.0
,,,0.06812532991170883,,0.6861019134521484,,,,,,,,,,,1.0,1.0,,,,,1934,,,,0.0,,0.0,,0.0
,,,0.013888888992369175,,0.5078125,,,,,,,,,,,1.0,1.0,,,,,1935,,,,0.0,,0.0,,0.0
,,,0.02120535634458065,,0.5,,,,,,,,,,,1.0,1.0,,,,,1936,,,,0.0,,0.0,,0.0
,,,0.03205128014087677,,0.6939102411270142,,,,,,,,,,,1.0,1.0,,,,,1937,,,,0.0,,0.0,,0.0
,,,0.0054687499068677425,,0.6875,,,,,,,,,,,1.0,1.0,,,,,1938,,,,0.0,,0.0,,0.0
,,,0.007031249813735485,,0.6640625,,,,,,,,,,,1.0,1.0,,,,,1939,,,,0.0,,0.0,,0.0
,,,0.04219553992152214,,0.6530874967575073,,,,,,,,,,,1.0,1.0,,,,,1940,,,,0.0,,0.0,,0.0
,,,0.02890625037252903,,0.6484375,,,,,,,,,,,1.0,1.0,,,,,1941,,,,0.0,,0.0,,0.0
,,,0.02864583395421505,,0.7265625,,,,,,,,,,,1.0,1.0,,,,,1942,,,,0.0,,0.0,,0.0
,,,0.02968749962747097,,0.7421875,,,,,,,,,,,1.0,1.0,,,,,1943,,,,0.0,,0.0,,0.0
,,,0.07733333110809326,,0.6226666569709778,,,,,,,,,,,1.0,1.0,,,,,1944,,,,0.0,,0.0,,0.0
,,,0.06640625,,0.8515625,,,,,,,,,,,1.0,1.0,,,,,1945,,,,0.0,,0.0,,0.0
,,,0.0668402761220932,,0.8515625,,,,,,,,,,,1.0,1.0,,,,,1946,,,,0.0,,0.0,,0.0
,,,0.08113912492990494,,0.6965453028678894,,,,,,,,,,,1.0,1.0,,,,,1947,,,,0.0,,0.0,,0.0
,,,0.0008680555620230734,,0.5859375,,,,,,,,,,,1.0,1.0,,,,,1948,,,,0.0,,0.0,,0.0
,,,0.006076388992369175,,0.6640625,,,,,,,,,,,1.0,1.0,,,,,1949,,,,0.0,,0.0,,0.0
,,,0.05930735915899277,,0.7591991424560547,,,,,,,,,,,1.0,1.0,,,,,1950,,,,0.0,,0.0,,0.0
,,,0.0598958320915699,,0.8828125,,,,,,,,,,,1.0,1.0,,,,,1951,,,,0.0,,0.0,,0.0
,,,0.064453125,,0.859375,,,,,,,,,,,1.0,1.0,,,,,1952,,,,0.0,,0.0,,0.0
,,,0.09506018459796906,,0.8312578201293945,,,,,,,,,,,1.0,1.0,,,,,1953,,,,0.0,,0.0,,0.0
,,,0.02864583395421505,,0.828125,,,,,,,,,,,1.0,1.0,,,,,1954,,,,0.0,,0.0,,0.0
,,,0.0295138880610466,,0.7890625,,,,,,,,,,,1.0,1.0,,,,,1955,,,,0.0,,0.0,,0.0
,,,0.10300492495298386,,0.8598521947860718,,,,,,,,,,,1.0,1.0,,,,,1956,,,,0.0,,0.0,,0.0
,,,0.08203125,,0.9296875,,,,,,,,,,,1.0,1.0,,,,,1957,,,,0.0,,0.0,,0.0
,,,0.0763888880610466,,0.9453125,,,,,,,,,,,1.0,1.0,,,,,1958,,,,0.0,,0.0,,0.0
,,,0.08097833395004272,,0.9100629091262817,,,,,,,,,,,1.0,1.0,,,,,1959,,,,0.0,,0.0,,0.0
,,,0.0078125,,0.9140625,,,,,,,,,,,1.0,1.0,,,,,1960,,,,0.0,,0.0,,0.0
,,,0.010937499813735485,,0.8828125,,,,,,,,,,,1.0,1.0,,,,,1961,,,,0.0,,0.0,,0.0
,,,0.05569235607981682,,0.7842681407928467,,,,,,,,,,,1.0,1.0,,,,,1962,,,,0.0,,0.0,,0.0
,,,0.04062499850988388,,0.796875,,,,,,,,,,,1.0,1.0,,,,,1963,,,,0.0,,0.0,,0.0
,,,0.0373263880610466,,0.703125,,,,,,,,,,,1.0,1.0,,,,,1964,,,,0.0,,0.0,,0.0
,,,0.050957851111888885,,0.6293103694915771,,,,,,,,,,,1.0,1.0,,,,,1965,,,,0.0,,0.0,,0.0
,,,0.01215277798473835,,0.53125,,,,,,,,,,,1.0,1.0,,,,,1966,,,,0.0,,0.0,,0.0
,,,0.017578125,,0.4453125,,,,,,,,,,,1.0,1.0,,,,,1967,,,,0.0,,0.0,,0.0
,,,0.03213440999388695,,0.613775372505188,,,,,,,,,,,1.0,1.0,,,,,1968,,,,0.0,,0.0,,0.0
,,,0.00937500037252903,,0.75,,,,,,,,,,,1.0,1.0,,,,,1969,,,,0.0,,0.0,,0.0
,,,0.004687500186264515,,0.625,,,,,,,,,,,1.0,1.0,,,,,1970,,,,0.0,,0.0,,0.0
,,,0.04043956100940704,,0.6809524297714233,,,,,,,,,,,1.0,1.0,,,,,1971,,,,0.0,,0.0,,0.0
,,,0.02890625037252903,,0.71875,,,,,,,,,,,1.0,1.0,,,,,1972,,,,0.0,,0.0,,0.0
,,,0.02656250074505806,,0.7109375,,,,,,,,,,,1.0,1.0,,,,,1973,,,,0.0,,0.0,,0.0
,,,0.10590909421443939,,0.8261363506317139,,,,,,,,,,,1.0,1.0,,,,,1974,,,,0.0,,0.0,,0.0
,,,0.06328125298023224,,0.8515625,,,,,,,,,,,1.0,1.0,,,,,1975,,,,0.0,,0.0,,0.0
,,,0.0881696417927742,,0.875,,,,,,,,,,,1.0,1.0,,,,,1976,,,,0.0,,0.0,,0.0
,,,0.07690863311290741,,0.6955569982528687,,,,,,,,,,,1.0,1.0,,,,,1977,,,,0.0,,0.0,,0.0
,,,0.0034722222480922937,,0.5234375,,,,,,,,,,,1.0,1.0,,,,,1978,,,,0.0,,0.0,,0.0
,,,0.0,,0.6171875,,,,,,,,,,,1.0,1.0,,,,,1979,,,,0.0,,0.0,,0.0
,,,0.0078125,,0.640625,,,,,,,,,,,1.0,1.0,,,,,1980,,,,0.0,,0.0,,0.0
,,,0.05511810630559921,,0.9409449100494385,,,,,,,,,,,1.0,1.0,,,,,1981,,,,0.0,,0.0,,0.0
,,,0.0564236119389534,,0.859375,,,,,,,,,,,1.0,1.0,,,,,1982,,,,0.0,,0.0,,0.0
,,,0.0607638880610466,,0.8828125,,,,,,,,,,,1.0,1.0,,,,,1983,,,,0.0,,0.0,,0.0
,,,0.10919540375471115,,0.8505747318267822,,,,,,,,,,,1.0,1.0,,,,,1984,,,,0.0,,0.0,,0.0
,,,0.02604166604578495,,0.8046875,,,,,,,,,,,1.0,1.0,,,,,1985,,,,0.0,,0.0,,0.0
,,,0.0347222238779068,,0.8125,,,,,,,,,,,1.0,1.0,,,,,1986,,,,0.0,,0.0,,0.0
,,,0.10363036394119263,,0.8122478723526001,,,,,,,,,,,1.0,1.0,,,,,1987,,,,0.0,,0.0,,0.0
,,,0.078125,,0.9609375,,,,,,,,,,,1.0,1.0,,,,,1988,,,,0.0,,0.0,,0.0
,,,0.06875000149011612,,0.9453125,,,,,,,,,,,1.0,1.0,,,,,1989,,,,0.0,,0.0,,0.0
,,,0.07407407462596893,,0.8697916269302368,,,,,,,,,,,1.0,1.0,,,,,1990,,,,0.0,,0.0,,0.0
,,,0.007031249813735485,,0.953125,,,,,,,,,,,1.0,1.0,,,,,1991,,,,0.0,,0.0,,0.0
,,,0.01171875,,0.859375,,,,,,,,,,,1.0,1.0,,,,,1992,,,,0.0,,0.0,,0.0
,,,0.050633691251277924,,0.8125692009925842,,,,,,,,,,,1.0,1.0,,,,,1993,,,,0.0,,0.0,,0.0
,,,0.0399305559694767,,0.7734375,,,,,,,,,,,1.0,1.0,,,,,1994,,,,0.0,,0.0,,0.0
,,,0.0381944440305233,,0.7109375,,,,,,,,,,,1.0,1.0,,,,,1995,,,,0.0,,0.0,,0.0
,,,0.04732874780893326,,0.6943953037261963,,,,,,,,,,,1.0,1.0,,,,,1996,,,,0.0,,0.0,,0.0
,,,0.01215277798473835,,0.484375,,,,,,,,,,,1.0,1.0,,,,,1997,,,,0.0,,0.0,,0.0
,,,0.02083333395421505,,0.53125,,,,,,,,,,,1.0,1.0,,,,,1998,,,,0.0,,0.0,,0.0
,,,0.016565656289458275,,0.539393961429596,,,,,,,,,,,1.0,1.0,,,,,1999,,,,0.0,,0.0,,0.0
,,,0.0078125,,0.6796875,,,,,,,,,,,1.0,1.0,,,,,2000,,,,0.0,,0.0,,0.0
,,,0.008593750186264515,,0.65625,,,,,,,,,,,1.0,1.0,,,,,2001,,,,0.0,,0.0,,0.0
,,,0.04609053209424019,,0.664814829826355,,,,,,,,,,,1.0,1.0,,,,,2002,,,,0.0,,0.0,,0.0
,,,0.03515625,,0.734375,,,,,,,,,,,1.0,1.0,,,,,2003,,,,0.0,,0.0,,0.0
,,,0.02656250074505806,,0.7265625,,,,,,,,,,,1.0,1.0,,,,,2004,,,,0.0,,0.0,,0.0
,,,0.09997322410345078,,0.8356090784072876,,,,,,,,,,,1.0,1.0,,,,,2005,,,,0.0,,0.0,,0.0
,,,0.06640625,,0.8515625,,,,,,,,,,,1.0,1.0,,,,,2006,,,,0.0,,0.0,,0.0
,,,0.0859375,,0.8671875,,,,,,,,,,,1.0,1.0,,,,,2007,,,,0.0,,0.0,,0.0
,,,0.06990069150924683,,0.7072829008102417,,,,,,,,,,,1.0,1.0,,,,,2008,,,,0.0,,0.0,,0.0
,,,0.0026041667442768812,,0.5546875,,,,,,,,,,,1.0,1.0,,,,,2009,,,,0.0,,0.0,,0.0
,,,0.0026041667442768812,,0.609375,,,,,,,,,,,1.0,1.0,,,,,2010,,,,0.0,,0.0,,0.0
,,,0.0641196072101593,,0.7721483707427979,,,,,,,,,,,1.0,1.0,,,,,2011,,,,0.0,,0.0,,0.0
,,,0.0616319440305233,,0.875,,,,,,,,,,,1.0,1.0,,,,,2012,,,,0.0,,0.0,,0.0
,,,0.05859375,,0.8671875,,,,,,,,,,,1.0,1.0,,,,,2013,,,,0.0,,0.0,,0.0
,,,0.09267265349626541,,0.8949118852615356,,,,,,,,,,,1.0,1.0,,,,,2014,,,,0.0,,0.0,,0.0
,,,0.02734375,,0.78125,,,,,,,,,,,1.0,1.0,,,,,2015,,,,0.0,,0.0,,0.0
,,,0.02690972201526165,,0.796875,,,,,,,,,,,1.0,1.0,,,,,2016,,,,0.0,,0.0,,0.0
,,,0.1388888955116272,,0.8973214626312256,,,,,,,,,,,1.0,1.0,,,,,2017,,,,0.0,,0.0,,0.0
,,,0.0703125,,0.9140625,,,,,,,,,,,1.0,1.0,,,,,2018,,,,0.0,,0.0,,0.0
,,,0.0869140625,,0.9453125,,,,,,,,,,,1.0,1.0,,,,,2019,,,,0.0,,0.0,,0.0
,,,0.0783216804265976,,0.883449912071228,,,,,,,,,,,1.0,1.0,,,,,2020,,,,0.0,,0.0,,0.0
,,,0.009548611007630825,,0.8984375,,,,,,,,,,,1.0,1.0,,,,,2021,,,,0.0,,0.0,,0.0
,,,0.008593750186264515,,0.8984375,,,,,,,,,,,1.0,1.0,,,,,2022,,,,0.0,,0.0,,0.0
,,,0.011811023578047752,,0.8661417365074158,,,,,,,,,,,1.0,1.0,,,,,2023,,,,0.0,,0.0,,0.0
21,0.3197798430919647,0.3142450749874115,,0.7606505155563354,,,,,,,,,,,,,,35.557708740234375,54657.88671875,3.5711569786071777,361.3385314941406,4861,,,0.0,,0.0,,0.0,
21,,,,,,0.7044674754142761,,1.167879581451416,,23.170673370361328,,,,,,,,,,,,4861,2.3234479427337646,,,,,,,
,,,,,,,,,,,,,,0.00038224834258421806,0.03,,,,,,,4899,,,,,,,,
22,,,,,,,0.6919674873352051,,1.133617877960205,,22.078125,0.00038223533192649484,0.029999999329447746,,,1.0,1.0,,,,,4899,,2.093301296234131,,,,,,
,,,,,,,,,,,,,,0.00038159246771971527,0.03,,,,,,,4949,,,,,,,,
22,,,,,,,0.6918874979019165,,1.1369558572769165,,22.25,0.0003815792442765087,0.029999999329447746,,,1.0,1.0,,,,,4949,,2.2419917583465576,,,,,,
,,,,,,,,,,,,,,0.0003809252796105409,0.03,,,,,,,4999,,,,,,,,
22,,,,,,,0.6837550401687622,,1.1437159776687622,,23.0,0.00038091183523647487,0.029999999329447746,,,1.0,1.0,,,,,4999,,2.265425205230713,,,,,,
,,,,,,,,,,,,,,0.00038024681986846884,0.03,,,,,,,5049,,,,,,,,
22,,,,,,,0.7334970831871033,,1.166114330291748,,21.625,0.00038023313391022384,0.029999999329447746,,,1.0,1.0,,,,,5049,,2.1408653259277344,,,,,,
,,,0.044921875,,0.8046875,,,,,,,,,,,1.0,1.0,,,,,2024,,,,0.0,,0.0,,0.0
,,,0.05078125,,0.8125,,,,,,,,,,,1.0,1.0,,,,,2025,,,,0.0,,0.0,,0.0
,,,0.10898423194885254,,0.8701870441436768,,,,,,,,,,,1.0,1.0,,,,,2026,,,,0.0,,0.0,,0.0
,,,0.11328125,,0.9765625,,,,,,,,,,,1.0,1.0,,,,,2027,,,,0.0,,0.0,,0.0
,,,0.0904017835855484,,0.9453125,,,,,,,,,,,1.0,1.0,,,,,2028,,,,0.0,,0.0,,0.0
,,,0.11017628014087677,,0.8717948794364929,,,,,,,,,,,1.0,1.0,,,,,2029,,,,0.0,,0.0,,0.0
,,,0.0078125,,0.7734375,,,,,,,,,,,1.0,1.0,,,,,2030,,,,0.0,,0.0,,0.0
,,,0.01822916604578495,,0.78125,,,,,,,,,,,1.0,1.0,,,,,2031,,,,0.0,,0.0,,0.0
,,,0.023156089708209038,,0.6783876419067383,,,,,,,,,,,1.0,1.0,,,,,2032,,,,0.0,,0.0,,0.0
,,,0.009548611007630825,,0.4453125,,,,,,,,,,,1.0,1.0,,,,,2033,,,,0.0,,0.0,,0.0
,,,0.013392857275903225,,0.4375,,,,,,,,,,,1.0,1.0,,,,,2034,,,,0.0,,0.0,,0.0
,,,0.01128472201526165,,0.421875,,,,,,,,,,,1.0,1.0,,,,,2035,,,,0.0,,0.0,,0.0
,,,0.13066667318344116,,0.6106666922569275,,,,,,,,,,,1.0,1.0,,,,,2036,,,,0.0,,0.0,,0.0
,,,0.0703125,,0.8359375,,,,,,,,,,,1.0,1.0,,,,,2037,,,,0.0,,0.0,,0.0
,,,0.0810546875,,0.828125,,,,,,,,,,,1.0,1.0,,,,,2038,,,,0.0,,0.0,,0.0
,,,0.06666667014360428,,0.7217553853988647,,,,,,,,,,,1.0,1.0,,,,,2039,,,,0.0,,0.0,,0.0
,,,0.0,,0.4296875,,,,,,,,,,,1.0,1.0,,,,,2040,,,,0.0,,0.0,,0.0
,,,0.0008680555620230734,,0.5078125,,,,,,,,,,,1.0,1.0,,,,,2041,,,,0.0,,0.0,,0.0
,,,0.0,,0.43560606241226196,,,,,,,,,,,1.0,1.0,,,,,2042,,,,0.0,,0.0,,0.0
,,,0.0026041667442768812,,0.4921875,,,,,,,,,,,1.0,1.0,,,,,2043,,,,0.0,,0.0,,0.0
,,,0.0015625000232830644,,0.4375,,,,,,,,,,,1.0,1.0,,,,,2044,,,,0.0,,0.0,,0.0
,,,0.042092155665159225,,0.6587795615196228,,,,,,,,,,,1.0,1.0,,,,,2045,,,,0.0,,0.0,,0.0
,,,0.0460069440305233,,0.8671875,,,,,,,,,,,1.0,1.0,,,,,2046,,,,0.0,,0.0,,0.0
,,,0.03671874850988388,,0.84375,,,,,,,,,,,1.0,1.0,,,,,2047,,,,0.0,,0.0,,0.0
,,,0.08757525682449341,,0.8625615835189819,,,,,,,,,,,1.0,1.0,,,,,2048,,,,0.0,,0.0,,0.0
,,,0.0625,,0.8984375,,,,,,,,,,,1.0,1.0,,,,,2049,,,,0.0,,0.0,,0.0
,,,0.0595703125,,0.8515625,,,,,,,,,,,1.0,1.0,,,,,2050,,,,0.0,,0.0,,0.0
,,,0.12839622795581818,,0.9533333778381348,,,,,,,,,,,1.0,1.0,,,,,2051,,,,0.0,,0.0,,0.0
,,,0.0598958320915699,,0.9921875,,,,,,,,,,,1.0,1.0,,,,,2052,,,,0.0,,0.0,,0.0
,,,0.0615234375,,0.9765625,,,,,,,,,,,1.0,1.0,,,,,2053,,,,0.0,,0.0,,0.0
,,,0.11703146994113922,,0.8835841417312622,,,,,,,,,,,1.0,1.0,,,,,2054,,,,0.0,,0.0,,0.0
,,,0.0458984375,,0.828125,,,,,,,,,,,1.0,1.0,,,,,2055,,,,0.0,,0.0,,0.0
,,,0.0494791679084301,,0.7890625,,,,,,,,,,,1.0,1.0,,,,,2056,,,,0.0,,0.0,,0.0
,,,0.13201969861984253,,0.8953201770782471,,,,,,,,,,,1.0,1.0,,,,,2057,,,,0.0,,0.0,,0.0
,,,0.1158854141831398,,0.9765625,,,,,,,,,,,1.0,1.0,,,,,2058,,,,0.0,,0.0,,0.0
,,,0.07421875,,0.9609375,,,,,,,,,,,1.0,1.0,,,,,2059,,,,0.0,,0.0,,0.0
,,,0.08463148772716522,,0.8396134376525879,,,,,,,,,,,1.0,1.0,,,,,2060,,,,0.0,,0.0,,0.0
,,,0.01406249962747097,,0.8046875,,,,,,,,,,,1.0,1.0,,,,,2061,,,,0.0,,0.0,,0.0
,,,0.01128472201526165,,0.7734375,,,,,,,,,,,1.0,1.0,,,,,2062,,,,0.0,,0.0,,0.0
,,,0.02747252956032753,,0.6665445566177368,,,,,,,,,,,1.0,1.0,,,,,2063,,,,0.0,,0.0,,0.0
,,,0.013671875,,0.4453125,,,,,,,,,,,1.0,1.0,,,,,2064,,,,0.0,,0.0,,0.0
,,,0.0087890625,,0.3984375,,,,,,,,,,,1.0,1.0,,,,,2065,,,,0.0,,0.0,,0.0
,,,0.09166666120290756,,0.6840909123420715,,,,,,,,,,,1.0,1.0,,,,,2066,,,,0.0,,0.0,,0.0
,,,0.08203125,,0.8515625,,,,,,,,,,,1.0,1.0,,,,,2067,,,,0.0,,0.0,,0.0
,,,0.0703125,,0.84375,,,,,,,,,,,1.0,1.0,,,,,2068,,,,0.0,,0.0,,0.0
,,,0.06914893537759781,,0.7290363311767578,,,,,,,,,,,1.0,1.0,,,,,2069,,,,0.0,,0.0,,0.0
,,,0.0,,0.4921875,,,,,,,,,,,1.0,1.0,,,,,2070,,,,0.0,,0.0,,0.0
,,,0.0,,0.453125,,,,,,,,,,,1.0,1.0,,,,,2071,,,,0.0,,0.0,,0.0
,,,0.0008680555620230734,,0.515625,,,,,,,,,,,1.0,1.0,,,,,2072,,,,0.0,,0.0,,0.0
,,,0.0007874015718698502,,0.7322834730148315,,,,,,,,,,,1.0,1.0,,,,,2073,,,,0.0,,0.0,,0.0
,,,0.0026041667442768812,,0.4296875,,,,,,,,,,,1.0,1.0,,,,,2074,,,,0.0,,0.0,,0.0
,,,0.0031250000465661287,,0.4375,,,,,,,,,,,1.0,1.0,,,,,2075,,,,0.0,,0.0,,0.0
,,,0.04118774086236954,,0.7183908224105835,,,,,,,,,,,1.0,1.0,,,,,2076,,,,0.0,,0.0,,0.0
,,,0.0390625,,0.859375,,,,,,,,,,,1.0,1.0,,,,,2077,,,,0.0,,0.0,,0.0
,,,0.0390625,,0.875,,,,,,,,,,,1.0,1.0,,,,,2078,,,,0.0,,0.0,,0.0
,,,0.10322698950767517,,0.7838283777236938,,,,,,,,,,,1.0,1.0,,,,,2079,,,,0.0,,0.0,,0.0
,,,0.0546875,,0.8828125,,,,,,,,,,,1.0,1.0,,,,,2080,,,,0.0,,0.0,,0.0
,,,0.05859375,,0.875,,,,,,,,,,,1.0,1.0,,,,,2081,,,,0.0,,0.0,,0.0
,,,0.1276041567325592,,0.9322916269302368,,,,,,,,,,,1.0,1.0,,,,,2082,,,,0.0,,0.0,,0.0
,,,0.0581597238779068,,0.984375,,,,,,,,,,,1.0,1.0,,,,,2083,,,,0.0,,0.0,,0.0
,,,0.060546875,,0.9765625,,,,,,,,,,,1.0,1.0,,,,,2084,,,,0.0,,0.0,,0.0
,,,0.12534606456756592,,0.9008859395980835,,,,,,,,,,,1.0,1.0,,,,,2085,,,,0.0,,0.0,,0.0
,,,0.0425347238779068,,0.8046875,,,,,,,,,,,1.0,1.0,,,,,2086,,,,0.0,,0.0,,0.0
,,,0.0451388880610466,,0.828125,,,,,,,,,,,1.0,1.0,,,,,2087,,,,0.0,,0.0,,0.0
,,,0.15701644122600555,,0.8778761029243469,,,,,,,,,,,1.0,1.0,,,,,2088,,,,0.0,,0.0,,0.0
,,,0.1119791641831398,,0.9453125,,,,,,,,,,,1.0,1.0,,,,,2089,,,,0.0,,0.0,,0.0
,,,0.0849609375,,0.984375,,,,,,,,,,,1.0,1.0,,,,,2090,,,,0.0,,0.0,,0.0
,,,0.05353535711765289,,0.7893939018249512,,,,,,,,,,,1.0,1.0,,,,,2091,,,,0.0,,0.0,,0.0
,,,0.0164930559694767,,0.8125,,,,,,,,,,,1.0,1.0,,,,,2092,,,,0.0,,0.0,,0.0
,,,0.01215277798473835,,0.7890625,,,,,,,,,,,1.0,1.0,,,,,2093,,,,0.0,,0.0,,0.0
,,,0.023456789553165436,,0.645370364189148,,,,,,,,,,,1.0,1.0,,,,,2094,,,,0.0,,0.0,,0.0
,,,0.0107421875,,0.40625,,,,,,,,,,,1.0,1.0,,,,,2095,,,,0.0,,0.0,,0.0
,,,0.0107421875,,0.4375,,,,,,,,,,,1.0,1.0,,,,,2096,,,,0.0,,0.0,,0.0
,,,0.09266696125268936,,0.6680053472518921,,,,,,,,,,,1.0,1.0,,,,,2097,,,,0.0,,0.0,,0.0
,,,0.08203125,,0.859375,,,,,,,,,,,1.0,1.0,,,,,2098,,,,0.0,,0.0,,0.0
,,,0.0729166641831398,,0.84375,,,,,,,,,,,1.0,1.0,,,,,2099,,,,0.0,,0.0,,0.0
,,,0.060784317553043365,,0.7201426029205322,,,,,,,,,,,1.0,1.0,,,,,2100,,,,0.0,,0.0,,0.0
,,,0.0,,0.4375,,,,,,,,,,,1.0,1.0,,,,,2101,,,,0.0,,0.0,,0.0
,,,0.0008680555620230734,,0.453125,,,,,,,,,,,1.0,1.0,,,,,2102,,,,0.0,,0.0,,0.0
,,,0.0,,0.4756367802619934,,,,,,,,,,,1.0,1.0,,,,,2103,,,,0.0,,0.0,,0.0
,,,0.0,,0.4765625,,,,,,,,,,,1.0,1.0,,,,,2104,,,,0.0,,0.0,,0.0
,,,0.0023437500931322575,,0.4296875,,,,,,,,,,,1.0,1.0,,,,,2105,,,,0.0,,0.0,,0.0
,,,0.0475926548242569,,0.7209843397140503,,,,,,,,,,,1.0,1.0,,,,,2106,,,,0.0,,0.0,,0.0
,,,0.0390625,,0.84375,,,,,,,,,,,1.0,1.0,,,,,2107,,,,0.0,,0.0,,0.0
,,,0.03437500074505806,,0.8828125,,,,,,,,,,,1.0,1.0,,,,,2108,,,,0.0,,0.0,,0.0
,,,0.092261902987957,,0.8705357313156128,,,,,,,,,,,1.0,1.0,,,,,2109,,,,0.0,,0.0,,0.0
,,,0.0556640625,,0.8828125,,,,,,,,,,,1.0,1.0,,,,,2110,,,,0.0,,0.0,,0.0
,,,0.0546875,,0.8359375,,,,,,,,,,,1.0,1.0,,,,,2111,,,,0.0,,0.0,,0.0
,,,0.13121601939201355,,0.9615384340286255,,,,,,,,,,,1.0,1.0,,,,,2112,,,,0.0,,0.0,,0.0
,,,0.068359375,,0.9921875,,,,,,,,,,,1.0,1.0,,,,,2113,,,,0.0,,0.0,,0.0
,,,0.0520833320915699,,0.9765625,,,,,,,,,,,1.0,1.0,,,,,2114,,,,0.0,,0.0,,0.0
,,,0.06889763474464417,,0.9842519760131836,,,,,,,,,,,1.0,1.0,,,,,2115,,,,0.0,,0.0,,0.0
22,0.33511263132095337,0.33103591203689575,,0.7521955966949463,,,,,,,,,,,,,,36.65169906616211,53444.4375,3.6014597415924072,350.1209716796875,5082,,,0.0,,0.0,,0.0,
22,,,,,,0.7030273079872131,,1.1508543491363525,,22.3911190032959,,,,,,,,,,,,5082,2.265293836593628,,,,,,,
,,,,,,,,,,,,,,0.0003795571308082717,0.03,,,,,,,5099,,,,,,,,
23,,,,,,,0.677660346031189,,1.110521674156189,,21.640625,0.00037954322760924697,0.029999999329447746,,,1.0,1.0,,,,,5099,,2.236408233642578,,,,,,
,,,,,,,,,,,,,,0.0003788562554450825,0.03,,,,,,,5149,,,,,,,,
23,,,,,,,0.7076687812805176,,1.1288113594055176,,21.0625,0.00037884211633354425,0.029999999329447746,,,1.0,1.0,,,,,5149,,2.27836537361145,,,,,,
,,,,,,,,,,,,,,0.000378144237491711,0.03,,,,,,,5199,,,,,,,,
23,,,,,,,0.6939777135848999,,1.1612628698349,,23.359375,0.00037812988739460707,0.029999999329447746,,,1.0,1.0,,,,,5199,,2.3178319931030273,,,,,,
,,,,,,,,,,,,,,0.0003774211213559179,0.03,,,,,,,5249,,,,,,,,
23,,,,,,,0.6748582124710083,,1.1299363374710083,,22.75,0.0003774065407924354,0.029999999329447746,,,1.0,1.0,,,,,5249,,2.2434427738189697,,,,,,
,,,,,,,,,,,,,,0.0003766869521376454,0.03,,,,,,,5299,,,,,,,,
23,,,,,,,0.6895051002502441,,1.1714386940002441,,24.09375,0.00037667216383852065,0.029999999329447746,,,1.0,1.0,,,,,5299,,2.19960355758667,,,,,,
,,,0.03359375149011612,,0.8125,,,,,,,,,,,1.0,1.0,,,,,2116,,,,0.0,,0.0,,0.0
,,,0.044921875,,0.890625,,,,,,,,,,,1.0,1.0,,,,,2117,,,,0.0,,0.0,,0.0
,,,0.09118689596652985,,0.8566190004348755,,,,,,,,,,,1.0,1.0,,,,,2118,,,,0.0,,0.0,,0.0
,,,0.0491071417927742,,0.890625,,,,,,,,,,,1.0,1.0,,,,,2119,,,,0.0,,0.0,,0.0
,,,0.0322265625,,0.8671875,,,,,,,,,,,1.0,1.0,,,,,2120,,,,0.0,,0.0,,0.0
,,,0.04594016820192337,,0.7483974695205688,,,,,,,,,,,1.0,1.0,,,,,2121,,,,0.0,,0.0,,0.0
,,,0.0048828125,,0.4140625,,,,,,,,,,,1.0,1.0,,,,,2122,,,,0.0,,0.0,,0.0
,,,0.013020833022892475,,0.5,,,,,,,,,,,1.0,1.0,,,,,2123,,,,0.0,,0.0,,0.0
,,,0.02753954753279686,,0.5703259110450745,,,,,,,,,,,1.0,1.0,,,,,2124,,,,0.0,,0.0,,0.0
,,,0.03046875074505806,,0.8359375,,,,,,,,,,,1.0,1.0,,,,,2125,,,,0.0,,0.0,,0.0
,,,0.0322265625,,0.875,,,,,,,,,,,1.0,1.0,,,,,2126,,,,0.0,,0.0,,0.0
,,,0.03046875074505806,,0.890625,,,,,,,,,,,1.0,1.0,,,,,2127,,,,0.0,,0.0,,0.0
,,,0.10014814883470535,,0.737333357334137,,,,,,,,,,,1.0,1.0,,,,,2128,,,,0.0,,0.0,,0.0
,,,0.046875,,0.71875,,,,,,,,,,,1.0,1.0,,,,,2129,,,,0.0,,0.0,,0.0
,,,0.0615234375,,0.6875,,,,,,,,,,,1.0,1.0,,,,,2130,,,,0.0,,0.0,,0.0
,,,0.10748003423213959,,0.7703081369400024,,,,,,,,,,,1.0,1.0,,,,,2131,,,,0.0,,0.0,,0.0
,,,0.0572916679084301,,0.9375,,,,,,,,,,,1.0,1.0,,,,,2132,,,,0.0,,0.0,,0.0
,,,0.0598958320915699,,0.953125,,,,,,,,,,,1.0,1.0,,,,,2133,,,,0.0,,0.0,,0.0
,,,0.16465678811073303,,0.9485930800437927,,,,,,,,,,,1.0,1.0,,,,,2134,,,,0.0,,0.0,,0.0
,,,0.056640625,,0.953125,,,,,,,,,,,1.0,1.0,,,,,2135,,,,0.0,,0.0,,0.0
,,,0.046875,,0.9609375,,,,,,,,,,,1.0,1.0,,,,,2136,,,,0.0,,0.0,,0.0
,,,0.09245330095291138,,0.9224159717559814,,,,,,,,,,,1.0,1.0,,,,,2137,,,,0.0,,0.0,,0.0
,,,0.046875,,0.859375,,,,,,,,,,,1.0,1.0,,,,,2138,,,,0.0,,0.0,,0.0
,,,0.0460069440305233,,0.796875,,,,,,,,,,,1.0,1.0,,,,,2139,,,,0.0,,0.0,,0.0
,,,0.03999999910593033,,0.5465517044067383,,,,,,,,,,,1.0,1.0,,,,,2140,,,,0.0,,0.0,,0.0
,,,0.0,,0.28125,,,,,,,,,,,1.0,1.0,,,,,2141,,,,0.0,,0.0,,0.0
,,,0.0017361111240461469,,0.3046875,,,,,,,,,,,1.0,1.0,,,,,2142,,,,0.0,,0.0,,0.0
,,,0.047603074461221695,,0.5723270773887634,,,,,,,,,,,1.0,1.0,,,,,2143,,,,0.0,,0.0,,0.0
,,,0.0537109375,,0.9140625,,,,,,,,,,,1.0,1.0,,,,,2144,,,,0.0,,0.0,,0.0
,,,0.037109375,,0.8203125,,,,,,,,,,,1.0,1.0,,,,,2145,,,,0.0,,0.0,,0.0
,,,0.06555403769016266,,0.807113528251648,,,,,,,,,,,1.0,1.0,,,,,2146,,,,0.0,,0.0,,0.0
,,,0.0425347238779068,,0.859375,,,,,,,,,,,1.0,1.0,,,,,2147,,,,0.0,,0.0,,0.0
,,,0.0399305559694767,,0.84375,,,,,,,,,,,1.0,1.0,,,,,2148,,,,0.0,,0.0,,0.0
,,,0.08596059679985046,,0.8982758522033691,,,,,,,,,,,1.0,1.0,,,,,2149,,,,0.0,,0.0,,0.0
,,,0.046875,,0.8828125,,,,,,,,,,,1.0,1.0,,,,,2150,,,,0.0,,0.0,,0.0
,,,0.0302734375,,0.8984375,,,,,,,,,,,1.0,1.0,,,,,2151,,,,0.0,,0.0,,0.0
,,,0.04140499606728554,,0.6515781879425049,,,,,,,,,,,1.0,1.0,,,,,2152,,,,0.0,,0.0,,0.0
,,,0.009548611007630825,,0.484375,,,,,,,,,,,1.0,1.0,,,,,2153,,,,0.0,,0.0,,0.0
,,,0.010416666977107525,,0.3984375,,,,,,,,,,,1.0,1.0,,,,,2154,,,,0.0,,0.0,,0.0
,,,0.03787817433476448,,0.6371184587478638,,,,,,,,,,,1.0,1.0,,,,,2155,,,,0.0,,0.0,,0.0
,,,0.0303819440305233,,0.8359375,,,,,,,,,,,1.0,1.0,,,,,2156,,,,0.0,,0.0,,0.0
,,,0.02864583395421505,,0.90625,,,,,,,,,,,1.0,1.0,,,,,2157,,,,0.0,,0.0,,0.0
,,,0.08522727340459824,,0.8761363625526428,,,,,,,,,,,1.0,1.0,,,,,2158,,,,0.0,,0.0,,0.0
,,,0.0546875,,0.7265625,,,,,,,,,,,1.0,1.0,,,,,2159,,,,0.0,,0.0,,0.0
,,,0.04531250149011612,,0.6875,,,,,,,,,,,1.0,1.0,,,,,2160,,,,0.0,,0.0,,0.0
,,,0.10276734828948975,,0.8376095294952393,,,,,,,,,,,1.0,1.0,,,,,2161,,,,0.0,,0.0,,0.0
,,,0.04374999925494194,,0.859375,,,,,,,,,,,1.0,1.0,,,,,2162,,,,0.0,,0.0,,0.0
,,,0.0598958320915699,,0.953125,,,,,,,,,,,1.0,1.0,,,,,2163,,,,0.0,,0.0,,0.0
,,,0.0607638880610466,,0.9453125,,,,,,,,,,,1.0,1.0,,,,,2164,,,,0.0,,0.0,,0.0
,,,0.2215973138809204,,0.9921259880065918,,,,,,,,,,,1.0,1.0,,,,,2165,,,,0.0,,0.0,,0.0
,,,0.0576171875,,0.953125,,,,,,,,,,,1.0,1.0,,,,,2166,,,,0.0,,0.0,,0.0
,,,0.0538194440305233,,0.953125,,,,,,,,,,,1.0,1.0,,,,,2167,,,,0.0,,0.0,,0.0
,,,0.07959769666194916,,0.9267241358757019,,,,,,,,,,,1.0,1.0,,,,,2168,,,,0.0,,0.0,,0.0
,,,0.0434027761220932,,0.84375,,,,,,,,,,,1.0,1.0,,,,,2169,,,,0.0,,0.0,,0.0
,,,0.04296875,,0.8046875,,,,,,,,,,,1.0,1.0,,,,,2170,,,,0.0,,0.0,,0.0
,,,0.04444444552063942,,0.570773720741272,,,,,,,,,,,1.0,1.0,,,,,2171,,,,0.0,,0.0,,0.0
,,,0.0008680555620230734,,0.28125,,,,,,,,,,,1.0,1.0,,,,,2172,,,,0.0,,0.0,,0.0
,,,0.0009765625,,0.3046875,,,,,,,,,,,1.0,1.0,,,,,2173,,,,0.0,,0.0,,0.0
,,,0.04479166492819786,,0.59375,,,,,,,,,,,1.0,1.0,,,,,2174,,,,0.0,,0.0,,0.0
,,,0.0524553582072258,,0.875,,,,,,,,,,,1.0,1.0,,,,,2175,,,,0.0,,0.0,,0.0
,,,0.0380859375,,0.828125,,,,,,,,,,,1.0,1.0,,,,,2176,,,,0.0,,0.0,,0.0
,,,0.06843853741884232,,0.8474528789520264,,,,,,,,,,,1.0,1.0,,,,,2177,,,,0.0,,0.0,,0.0
,,,0.0458984375,,0.8515625,,,,,,,,,,,1.0,1.0,,,,,2178,,,,0.0,,0.0,,0.0
,,,0.0434027761220932,,0.8515625,,,,,,,,,,,1.0,1.0,,,,,2179,,,,0.0,,0.0,,0.0
,,,0.11024020612239838,,0.880236029624939,,,,,,,,,,,1.0,1.0,,,,,2180,,,,0.0,,0.0,,0.0
,,,0.0345982126891613,,0.8515625,,,,,,,,,,,1.0,1.0,,,,,2181,,,,0.0,,0.0,,0.0
,,,0.0390625,,0.9296875,,,,,,,,,,,1.0,1.0,,,,,2182,,,,0.0,,0.0,,0.0
,,,0.03459595888853073,,0.6025252342224121,,,,,,,,,,,1.0,1.0,,,,,2183,,,,0.0,,0.0,,0.0
,,,0.010416666977107525,,0.453125,,,,,,,,,,,1.0,1.0,,,,,2184,,,,0.0,,0.0,,0.0
,,,0.010416666977107525,,0.4296875,,,,,,,,,,,1.0,1.0,,,,,2185,,,,0.0,,0.0,,0.0
,,,0.03185185045003891,,0.5759259462356567,,,,,,,,,,,1.0,1.0,,,,,2186,,,,0.0,,0.0,,0.0
,,,0.0390625,,0.8515625,,,,,,,,,,,1.0,1.0,,,,,2187,,,,0.0,,0.0,,0.0
,,,0.02578124962747097,,0.890625,,,,,,,,,,,1.0,1.0,,,,,2188,,,,0.0,,0.0,,0.0
,,,0.09882493317127228,,0.8318607807159424,,,,,,,,,,,1.0,1.0,,,,,2189,,,,0.0,,0.0,,0.0
,,,0.04921875149011612,,0.75,,,,,,,,,,,1.0,1.0,,,,,2190,,,,0.0,,0.0,,0.0
,,,0.0564236119389534,,0.6953125,,,,,,,,,,,1.0,1.0,,,,,2191,,,,0.0,,0.0,,0.0
,,,0.09772798418998718,,0.7813853025436401,,,,,,,,,,,1.0,1.0,,,,,2192,,,,0.0,,0.0,,0.0
,,,0.0555555559694767,,0.8984375,,,,,,,,,,,1.0,1.0,,,,,2193,,,,0.0,,0.0,,0.0
,,,0.064453125,,0.953125,,,,,,,,,,,1.0,1.0,,,,,2194,,,,0.0,,0.0,,0.0
,,,0.13338255882263184,,0.9651162624359131,,,,,,,,,,,1.0,1.0,,,,,2195,,,,0.0,,0.0,,0.0
,,,0.0625,,0.9765625,,,,,,,,,,,1.0,1.0,,,,,2196,,,,0.0,,0.0,,0.0
,,,0.056640625,,0.953125,,,,,,,,,,,1.0,1.0,,,,,2197,,,,0.0,,0.0,,0.0
,,,0.10989172756671906,,0.9632524251937866,,,,,,,,,,,1.0,1.0,,,,,2198,,,,0.0,,0.0,,0.0
,,,0.0434027761220932,,0.8203125,,,,,,,,,,,1.0,1.0,,,,,2199,,,,0.0,,0.0,,0.0
,,,0.0425347238779068,,0.8515625,,,,,,,,,,,1.0,1.0,,,,,2200,,,,0.0,,0.0,,0.0
,,,0.04374999925494194,,0.5803571343421936,,,,,,,,,,,1.0,1.0,,,,,2201,,,,0.0,,0.0,,0.0
,,,0.0,,0.3203125,,,,,,,,,,,1.0,1.0,,,,,2202,,,,0.0,,0.0,,0.0
,,,0.0008680555620230734,,0.28125,,,,,,,,,,,1.0,1.0,,,,,2203,,,,0.0,,0.0,,0.0
,,,0.04759129881858826,,0.5132090449333191,,,,,,,,,,,1.0,1.0,,,,,2204,,,,0.0,,0.0,,0.0
,,,0.0477430559694767,,0.875,,,,,,,,,,,1.0,1.0,,,,,2205,,,,0.0,,0.0,,0.0
,,,0.0390625,,0.8515625,,,,,,,,,,,1.0,1.0,,,,,2206,,,,0.0,,0.0,,0.0
,,,0.040244970470666885,,0.834645688533783,,,,,,,,,,,1.0,1.0,,,,,2207,,,,0.0,,0.0,,0.0
23,0.31542444229125977,0.33103740215301514,,0.7643366456031799,,,,,,,,,,,,,,33.632808685302734,62319.7734375,3.5155019760131836,380.8205261230469,5303,,,0.0,,0.0,,0.0,
23,,,,,,0.7003200650215149,,1.1373281478881836,,21.85053825378418,,,,,,,,,,,,5303,2.289616107940674,,,,,,,
,,,,,,,,,,,,,,0.00037594177562620353,0.03,,,,,,,5349,,,,,,,,
24,,,,,,,0.6982600688934326,,1.1560237407684326,,22.890625,0.0003759267565328628,0.029999999329447746,,,1.0,1.0,,,,,5349,,2.2382407188415527,,,,,,
,,,,,,,,,,,,,,0.0003751856382974157,0.03,,,,,,,5399,,,,,,,,
24,,,,,,,0.7087715864181519,,1.0908516645431519,,19.109375,0.0003751704061869532,0.029999999329447746,,,1.0,1.0,,,,,5399,,1.995072841644287,,,,,,
,,,,,,,,,,,,,,0.00037441858731071797,0.03,,,,,,,5449,,,,,,,,
24,,,,,,,0.6816229820251465,,1.1618475914001465,,24.015625,0.0003744031419046223,0.029999999329447746,,,1.0,1.0,,,,,5449,,1.9948134422302246,,,,,,
,,,,,,,,,,,,,,0.00037364067050622016,0.03,,,,,,,5499,,,,,,,,
24,,,,,,,0.669866144657135,,1.1422781944274902,,23.625,0.00037362499278970063,0.029999999329447746,,,1.0,1.0,,,,,5499,,2.3509225845336914,,,,,,
,,,0.0390625,,0.8046875,,,,,,,,,,,1.0,1.0,,,,,2208,,,,0.0,,0.0,,0.0
,,,0.046875,,0.7734375,,,,,,,,,,,1.0,1.0,,,,,2209,,,,0.0,,0.0,,0.0
,,,0.08955709636211395,,0.8219655752182007,,,,,,,,,,,1.0,1.0,,,,,2210,,,,0.0,,0.0,,0.0
,,,0.0833333358168602,,0.8984375,,,,,,,,,,,1.0,1.0,,,,,2211,,,,0.0,,0.0,,0.0
,,,0.07421875,,0.84375,,,,,,,,,,,1.0,1.0,,,,,2212,,,,0.0,,0.0,,0.0
,,,0.0677083358168602,,0.697115421295166,,,,,,,,,,,1.0,1.0,,,,,2213,,,,0.0,,0.0,,0.0
,,,0.006076388992369175,,0.6953125,,,,,,,,,,,1.0,1.0,,,,,2214,,,,0.0,,0.0,,0.0
,,,0.0052083334885537624,,0.6484375,,,,,,,,,,,1.0,1.0,,,,,2215,,,,0.0,,0.0,,0.0
,,,0.027348961681127548,,0.7375643253326416,,,,,,,,,,,1.0,1.0,,,,,2216,,,,0.0,,0.0,,0.0
,,,0.02083333395421505,,0.8984375,,,,,,,,,,,1.0,1.0,,,,,2217,,,,0.0,,0.0,,0.0
,,,0.015625,,0.9609375,,,,,,,,,,,1.0,1.0,,,,,2218,,,,0.0,,0.0,,0.0
,,,0.025390625,,0.8984375,,,,,,,,,,,1.0,1.0,,,,,2219,,,,0.0,,0.0,,0.0
,,,0.16609524190425873,,0.8880000114440918,,,,,,,,,,,1.0,1.0,,,,,2220,,,,0.0,,0.0,,0.0
,,,0.0546875,,0.71875,,,,,,,,,,,1.0,1.0,,,,,2221,,,,0.0,,0.0,,0.0
,,,0.0529513880610466,,0.7265625,,,,,,,,,,,1.0,1.0,,,,,2222,,,,0.0,,0.0,,0.0
,,,0.056852370500564575,,0.7670401334762573,,,,,,,,,,,1.0,1.0,,,,,2223,,,,0.0,,0.0,,0.0
,,,0.005859375,,0.7734375,,,,,,,,,,,1.0,1.0,,,,,2224,,,,0.0,,0.0,,0.0
,,,0.0078125,,0.7734375,,,,,,,,,,,1.0,1.0,,,,,2225,,,,0.0,,0.0,,0.0
,,,0.020322270691394806,,0.7597402334213257,,,,,,,,,,,1.0,1.0,,,,,2226,,,,0.0,,0.0,,0.0
,,,0.0033482143189758062,,0.6796875,,,,,,,,,,,1.0,1.0,,,,,2227,,,,0.0,,0.0,,0.0
,,,0.0026041667442768812,,0.578125,,,,,,,,,,,1.0,1.0,,,,,2228,,,,0.0,,0.0,,0.0
,,,0.04931506887078285,,0.7723536491394043,,,,,,,,,,,1.0,1.0,,,,,2229,,,,0.0,,0.0,,0.0
,,,0.0556640625,,0.8515625,,,,,,,,,,,1.0,1.0,,,,,2230,,,,0.0,,0.0,,0.0
,,,0.0478515625,,0.796875,,,,,,,,,,,1.0,1.0,,,,,2231,,,,0.0,,0.0,,0.0
,,,0.08773399889469147,,0.8697044253349304,,,,,,,,,,,1.0,1.0,,,,,2232,,,,0.0,,0.0,,0.0
,,,0.0529513880610466,,0.90625,,,,,,,,,,,1.0,1.0,,,,,2233,,,,0.0,,0.0,,0.0
,,,0.05703125149011612,,0.921875,,,,,,,,,,,1.0,1.0,,,,,2234,,,,0.0,,0.0,,0.0
,,,0.13924528658390045,,0.9533333778381348,,,,,,,,,,,1.0,1.0,,,,,2235,,,,0.0,,0.0,,0.0
,,,0.1341145783662796,,0.9921875,,,,,,,,,,,1.0,1.0,,,,,2236,,,,0.0,,0.0,,0.0
,,,0.0869140625,,0.984375,,,,,,,,,,,1.0,1.0,,,,,2237,,,,0.0,,0.0,,0.0
,,,0.113625168800354,,0.8837209343910217,,,,,,,,,,,1.0,1.0,,,,,2238,,,,0.0,,0.0,,0.0
,,,0.0460069440305233,,0.8359375,,,,,,,,,,,1.0,1.0,,,,,2239,,,,0.0,,0.0,,0.0
,,,0.04296875,,0.765625,,,,,,,,,,,1.0,1.0,,,,,2240,,,,0.0,,0.0,,0.0
,,,0.11243842542171478,,0.8394088745117188,,,,,,,,,,,1.0,1.0,,,,,2241,,,,0.0,,0.0,,0.0
,,,0.0794270858168602,,0.8984375,,,,,,,,,,,1.0,1.0,,,,,2242,,,,0.0,,0.0,,0.0
,,,0.0517578125,,0.8671875,,,,,,,,,,,1.0,1.0,,,,,2243,,,,0.0,,0.0,,0.0
,,,0.0652475357055664,,0.7269390821456909,,,,,,,,,,,1.0,1.0,,,,,2244,,,,0.0,,0.0,,0.0
,,,0.0078125,,0.71875,,,,,,,,,,,1.0,1.0,,,,,2245,,,,0.0,,0.0,,0.0
,,,0.0026041667442768812,,0.6328125,,,,,,,,,,,1.0,1.0,,,,,2246,,,,0.0,,0.0,,0.0
,,,0.025061050429940224,,0.7236874103546143,,,,,,,,,,,1.0,1.0,,,,,2247,,,,0.0,,0.0,,0.0
,,,0.01996527798473835,,0.9140625,,,,,,,,,,,1.0,1.0,,,,,2248,,,,0.0,,0.0,,0.0
,,,0.0166015625,,0.9453125,,,,,,,,,,,1.0,1.0,,,,,2249,,,,0.0,,0.0,,0.0
,,,0.08465909212827682,,0.843181848526001,,,,,,,,,,,1.0,1.0,,,,,2250,,,,0.0,,0.0,,0.0
,,,0.0703125,,0.734375,,,,,,,,,,,1.0,1.0,,,,,2251,,,,0.0,,0.0,,0.0
,,,0.0625,,0.703125,,,,,,,,,,,1.0,1.0,,,,,2252,,,,0.0,,0.0,,0.0
,,,0.06209150329232216,,0.8000625967979431,,,,,,,,,,,1.0,1.0,,,,,2253,,,,0.0,,0.0,,0.0
,,,0.0086805559694767,,0.71875,,,,,,,,,,,1.0,1.0,,,,,2254,,,,0.0,,0.0,,0.0
,,,0.0052083334885537624,,0.8203125,,,,,,,,,,,1.0,1.0,,,,,2255,,,,0.0,,0.0,,0.0
,,,0.013671875,,0.8046875,,,,,,,,,,,1.0,1.0,,,,,2256,,,,0.0,,0.0,,0.0
,,,0.002952755894511938,,0.82677161693573,,,,,,,,,,,1.0,1.0,,,,,2257,,,,0.0,,0.0,,0.0
,,,0.0033482143189758062,,0.6640625,,,,,,,,,,,1.0,1.0,,,,,2258,,,,0.0,,0.0,,0.0
,,,0.0007812500116415322,,0.640625,,,,,,,,,,,1.0,1.0,,,,,2259,,,,0.0,,0.0,,0.0
,,,0.056513410061597824,,0.7931034564971924,,,,,,,,,,,1.0,1.0,,,,,2260,,,,0.0,,0.0,,0.0
,,,0.0399305559694767,,0.8359375,,,,,,,,,,,1.0,1.0,,,,,2261,,,,0.0,,0.0,,0.0
,,,0.05078125,,0.8125,,,,,,,,,,,1.0,1.0,,,,,2262,,,,0.0,,0.0,,0.0
,,,0.09222589433193207,,0.8393839597702026,,,,,,,,,,,1.0,1.0,,,,,2263,,,,0.0,,0.0,,0.0
,,,0.0598958320915699,,0.90625,,,,,,,,,,,1.0,1.0,,,,,2264,,,,0.0,,0.0,,0.0
,,,0.05781250074505806,,0.9453125,,,,,,,,,,,1.0,1.0,,,,,2265,,,,0.0,,0.0,,0.0
,,,0.1588541567325592,,0.90625,,,,,,,,,,,1.0,1.0,,,,,2266,,,,0.0,,0.0,,0.0
,,,0.1116071417927742,,0.984375,,,,,,,,,,,1.0,1.0,,,,,2267,,,,0.0,,0.0,,0.0
,,,0.0888671875,,0.984375,,,,,,,,,,,1.0,1.0,,,,,2268,,,,0.0,,0.0,,0.0
,,,0.11096346378326416,,0.895348846912384,,,,,,,,,,,1.0,1.0,,,,,2269,,,,0.0,,0.0,,0.0
,,,0.0486111119389534,,0.7890625,,,,,,,,,,,1.0,1.0,,,,,2270,,,,0.0,,0.0,,0.0
,,,0.0477430559694767,,0.7734375,,,,,,,,,,,1.0,1.0,,,,,2271,,,,0.0,,0.0,,0.0
,,,0.16853490471839905,,0.8513274192810059,,,,,,,,,,,1.0,1.0,,,,,2272,,,,0.0,,0.0,,0.0
,,,0.0768229141831398,,0.8515625,,,,,,,,,,,1.0,1.0,,,,,2273,,,,0.0,,0.0,,0.0
,,,0.0564236119389534,,0.921875,,,,,,,,,,,1.0,1.0,,,,,2274,,,,0.0,,0.0,,0.0
,,,0.038131315261125565,,0.6747474670410156,,,,,,,,,,,1.0,1.0,,,,,2275,,,,0.0,,0.0,,0.0
,,,0.0078125,,0.6875,,,,,,,,,,,1.0,1.0,,,,,2276,,,,0.0,,0.0,,0.0
,,,0.0026041667442768812,,0.546875,,,,,,,,,,,1.0,1.0,,,,,2277,,,,0.0,,0.0,,0.0
,,,0.018518518656492233,,0.7990740537643433,,,,,,,,,,,1.0,1.0,,,,,2278,,,,0.0,,0.0,,0.0
,,,0.0205078125,,0.9375,,,,,,,,,,,1.0,1.0,,,,,2279,,,,0.0,,0.0,,0.0
,,,0.0205078125,,0.921875,,,,,,,,,,,1.0,1.0,,,,,2280,,,,0.0,,0.0,,0.0
,,,0.09832663834095001,,0.8480589389801025,,,,,,,,,,,1.0,1.0,,,,,2281,,,,0.0,,0.0,,0.0
,,,0.0580357126891613,,0.734375,,,,,,,,,,,1.0,1.0,,,,,2282,,,,0.0,,0.0,,0.0
,,,0.06640625,,0.7265625,,,,,,,,,,,1.0,1.0,,,,,2283,,,,0.0,,0.0,,0.0
,,,0.051495347172021866,,0.7686529159545898,,,,,,,,,,,1.0,1.0,,,,,2284,,,,0.0,,0.0,,0.0
,,,0.0087890625,,0.75,,,,,,,,,,,1.0,1.0,,,,,2285,,,,0.0,,0.0,,0.0
,,,0.0034722222480922937,,0.7890625,,,,,,,,,,,1.0,1.0,,,,,2286,,,,0.0,,0.0,,0.0
,,,0.015503876842558384,,0.7284052968025208,,,,,,,,,,,1.0,1.0,,,,,2287,,,,0.0,,0.0,,0.0
,,,0.0048828125,,0.6484375,,,,,,,,,,,1.0,1.0,,,,,2288,,,,0.0,,0.0,,0.0
,,,0.001953125,,0.640625,,,,,,,,,,,1.0,1.0,,,,,2289,,,,0.0,,0.0,,0.0
,,,0.0692458376288414,,0.7976388335227966,,,,,,,,,,,1.0,1.0,,,,,2290,,,,0.0,,0.0,,0.0
,,,0.0520833320915699,,0.8125,,,,,,,,,,,1.0,1.0,,,,,2291,,,,0.0,,0.0,,0.0
,,,0.044921875,,0.84375,,,,,,,,,,,1.0,1.0,,,,,2292,,,,0.0,,0.0,,0.0
,,,0.1339285671710968,,0.8973214626312256,,,,,,,,,,,1.0,1.0,,,,,2293,,,,0.0,,0.0,,0.0
,,,0.056640625,,0.8671875,,,,,,,,,,,1.0,1.0,,,,,2294,,,,0.0,,0.0,,0.0
,,,0.0668402761220932,,0.9296875,,,,,,,,,,,1.0,1.0,,,,,2295,,,,0.0,,0.0,,0.0
,,,0.16249029338359833,,0.9615384340286255,,,,,,,,,,,1.0,1.0,,,,,2296,,,,0.0,,0.0,,0.0
,,,0.0885416641831398,,0.9921875,,,,,,,,,,,1.0,1.0,,,,,2297,,,,0.0,,0.0,,0.0
,,,0.0888671875,,0.984375,,,,,,,,,,,1.0,1.0,,,,,2298,,,,0.0,,0.0,,0.0
,,,0.10461192578077316,,1.0,,,,,,,,,,,1.0,1.0,,,,,2299,,,,0.0,,0.0,,0.0
24,0.3308188319206238,0.33870914578437805,,0.8124058246612549,,,,,,,,,,,,,,36.65985870361328,56957.91015625,3.601682424545288,367.82843017578125,5524,,,0.0,,0.0,,0.0,
24,,,,,,0.6973985433578491,,1.127800703048706,,21.520078659057617,,,,,,,,,,,,5524,2.246001958847046,,,,,,,
,,,,,,,,,,,,,,0.0003728519364017202,0.03,,,,,,,5549,,,,,,,,
25,,,,,,,0.6974517107009888,,1.1759673357009888,,23.921875,0.0003728360461536795,0.029999999329447746,,,1.0,1.0,,,,,5549,,2.3336715698242188,,,,,,
,,,,,,,,,,,,,,0.0003720524341896794,0.03,,,,,,,5599,,,,,,,,
25,,,,,,,0.6878010630607605,,1.0938069820404053,,20.296875,0.00037203633110038936,0.029999999329447746,,,1.0,1.0,,,,,5599,,2.067044496536255,,,,,,
,,,,,,,,,,,,,,0.0003712422137341534,0.03,,,,,,,5649,,,,,,,,
25,,,,,,,0.6864302754402161,,1.0707075595855713,,19.21875,0.00037122590583749115,0.029999999329447746,,,1.0,1.0,,,,,5649,,2.027210235595703,,,,,,
,,,,,,,,,,,,,,0.000370421325567683,0.03,,,,,,,5699,,,,,,,,
25,,,,,,,0.6745945811271667,,1.0884130001068115,,20.6875,0.0003704047994688153,0.029999999329447746,,,1.0,1.0,,,,,5699,,2.014387607574463,,,,,,
,,,0.0419921875,,0.703125,,,,,,,,,,,1.0,1.0,,,,,2300,,,,0.0,,0.0,,0.0
,,,0.0435267873108387,,0.6640625,,,,,,,,,,,1.0,1.0,,,,,2301,,,,0.0,,0.0,,0.0
,,,0.08157111704349518,,0.7959296107292175,,,,,,,,,,,1.0,1.0,,,,,2302,,,,0.0,,0.0,,0.0
,,,0.0457589291036129,,0.8125,,,,,,,,,,,1.0,1.0,,,,,2303,,,,0.0,,0.0,,0.0
,,,0.0368303582072258,,0.7734375,,,,,,,,,,,1.0,1.0,,,,,2304,,,,0.0,,0.0,,0.0
,,,0.030982904136180878,,0.43108972907066345,,,,,,,,,,,1.0,1.0,,,,,2305,,,,0.0,,0.0,,0.0
,,,0.0,,0.1796875,,,,,,,,,,,1.0,1.0,,,,,2306,,,,0.0,,0.0,,0.0
,,,0.0,,0.1796875,,,,,,,,,,,1.0,1.0,,,,,2307,,,,0.0,,0.0,,0.0
,,,0.020202020183205605,,0.38893651962280273,,,,,,,,,,,1.0,1.0,,,,,2308,,,,0.0,,0.0,,0.0
,,,0.02604166604578495,,0.6015625,,,,,,,,,,,1.0,1.0,,,,,2309,,,,0.0,,0.0,,0.0
,,,0.021484375,,0.671875,,,,,,,,,,,1.0,1.0,,,,,2310,,,,0.0,,0.0,,0.0
,,,0.02690972201526165,,0.6875,,,,,,,,,,,1.0,1.0,,,,,2311,,,,0.0,,0.0,,0.0
,,,0.11437036842107773,,0.7733333110809326,,,,,,,,,,,1.0,1.0,,,,,2312,,,,0.0,,0.0,,0.0
,,,0.0751953125,,0.828125,,,,,,,,,,,1.0,1.0,,,,,2313,,,,0.0,,0.0,,0.0
,,,0.072265625,,0.7734375,,,,,,,,,,,1.0,1.0,,,,,2314,,,,0.0,,0.0,,0.0
,,,0.14503580331802368,,0.859477162361145,,,,,,,,,,,1.0,1.0,,,,,2315,,,,0.0,,0.0,,0.0
,,,0.08203125,,0.9453125,,,,,,,,,,,1.0,1.0,,,,,2316,,,,0.0,,0.0,,0.0
,,,0.11328125,,0.9453125,,,,,,,,,,,1.0,1.0,,,,,2317,,,,0.0,,0.0,,0.0
,,,0.07864357531070709,,0.8879870176315308,,,,,,,,,,,1.0,1.0,,,,,2318,,,,0.0,,0.0,,0.0
,,,0.0086805559694767,,0.7734375,,,,,,,,,,,1.0,1.0,,,,,2319,,,,0.0,,0.0,,0.0
,,,0.0086805559694767,,0.7421875,,,,,,,,,,,1.0,1.0,,,,,2320,,,,0.0,,0.0,,0.0
,,,0.056787047535181046,,0.890784502029419,,,,,,,,,,,1.0,1.0,,,,,2321,,,,0.0,,0.0,,0.0
,,,0.0477430559694767,,0.953125,,,,,,,,,,,1.0,1.0,,,,,2322,,,,0.0,,0.0,,0.0
,,,0.0498046875,,0.890625,,,,,,,,,,,1.0,1.0,,,,,2323,,,,0.0,,0.0,,0.0
,,,0.06934866309165955,,0.9226601123809814,,,,,,,,,,,1.0,1.0,,,,,2324,,,,0.0,,0.0,,0.0
,,,0.03125,,0.921875,,,,,,,,,,,1.0,1.0,,,,,2325,,,,0.0,,0.0,,0.0
,,,0.03125,,0.953125,,,,,,,,,,,1.0,1.0,,,,,2326,,,,0.0,,0.0,,0.0
,,,0.09132075309753418,,0.9355974793434143,,,,,,,,,,,1.0,1.0,,,,,2327,,,,0.0,,0.0,,0.0
,,,0.0911458358168602,,0.953125,,,,,,,,,,,1.0,1.0,,,,,2328,,,,0.0,,0.0,,0.0
,,,0.046875,,0.8984375,,,,,,,,,,,1.0,1.0,,,,,2329,,,,0.0,,0.0,,0.0
,,,0.09223666787147522,,0.7436388731002808,,,,,,,,,,,1.0,1.0,,,,,2330,,,,0.0,,0.0,,0.0
,,,0.0419921875,,0.7421875,,,,,,,,,,,1.0,1.0,,,,,2331,,,,0.0,,0.0,,0.0
,,,0.041015625,,0.6796875,,,,,,,,,,,1.0,1.0,,,,,2332,,,,0.0,,0.0,,0.0
,,,0.07807882130146027,,0.7820197343826294,,,,,,,,,,,1.0,1.0,,,,,2333,,,,0.0,,0.0,,0.0
,,,0.0380859375,,0.8046875,,,,,,,,,,,1.0,1.0,,,,,2334,,,,0.0,,0.0,,0.0
,,,0.0263671875,,0.765625,,,,,,,,,,,1.0,1.0,,,,,2335,,,,0.0,,0.0,,0.0
,,,0.032786883413791656,,0.48372888565063477,,,,,,,,,,,1.0,1.0,,,,,2336,,,,0.0,,0.0,,0.0
,,,0.0,,0.140625,,,,,,,,,,,1.0,1.0,,,,,2337,,,,0.0,,0.0,,0.0
,,,0.0,,0.2109375,,,,,,,,,,,1.0,1.0,,,,,2338,,,,0.0,,0.0,,0.0
,,,0.015384616330265999,,0.35555556416511536,,,,,,,,,,,1.0,1.0,,,,,2339,,,,0.0,,0.0,,0.0
,,,0.0322265625,,0.6171875,,,,,,,,,,,1.0,1.0,,,,,2340,,,,0.0,,0.0,,0.0
,,,0.01822916604578495,,0.6875,,,,,,,,,,,1.0,1.0,,,,,2341,,,,0.0,,0.0,,0.0
,,,0.11212120950222015,,0.7965909242630005,,,,,,,,,,,1.0,1.0,,,,,2342,,,,0.0,,0.0,,0.0
,,,0.0771484375,,0.8515625,,,,,,,,,,,1.0,1.0,,,,,2343,,,,0.0,,0.0,,0.0
,,,0.072265625,,0.8125,,,,,,,,,,,1.0,1.0,,,,,2344,,,,0.0,,0.0,,0.0
,,,0.1767052561044693,,0.8735920190811157,,,,,,,,,,,1.0,1.0,,,,,2345,,,,0.0,,0.0,,0.0
,,,0.0751953125,,0.9375,,,,,,,,,,,1.0,1.0,,,,,2346,,,,0.0,,0.0,,0.0
,,,0.08203125,,0.9296875,,,,,,,,,,,1.0,1.0,,,,,2347,,,,0.0,,0.0,,0.0
,,,0.1171875,,0.96875,,,,,,,,,,,1.0,1.0,,,,,2348,,,,0.0,,0.0,,0.0
,,,0.11811023950576782,,0.8937007784843445,,,,,,,,,,,1.0,1.0,,,,,2349,,,,0.0,,0.0,,0.0
,,,0.010416666977107525,,0.796875,,,,,,,,,,,1.0,1.0,,,,,2350,,,,0.0,,0.0,,0.0
,,,0.00434027798473835,,0.7421875,,,,,,,,,,,1.0,1.0,,,,,2351,,,,0.0,,0.0,,0.0
,,,0.06449553370475769,,0.8994252681732178,,,,,,,,,,,1.0,1.0,,,,,2352,,,,0.0,,0.0,,0.0
,,,0.0517578125,,0.921875,,,,,,,,,,,1.0,1.0,,,,,2353,,,,0.0,,0.0,,0.0
,,,0.0442708320915699,,0.90625,,,,,,,,,,,1.0,1.0,,,,,2354,,,,0.0,,0.0,,0.0
,,,0.07815364748239517,,0.9097909927368164,,,,,,,,,,,1.0,1.0,,,,,2355,,,,0.0,,0.0,,0.0
,,,0.0303819440305233,,0.9453125,,,,,,,,,,,1.0,1.0,,,,,2356,,,,0.0,,0.0,,0.0
,,,0.0283203125,,0.953125,,,,,,,,,,,1.0,1.0,,,,,2357,,,,0.0,,0.0,,0.0
,,,0.0885416716337204,,0.9270833730697632,,,,,,,,,,,1.0,1.0,,,,,2358,,,,0.0,,0.0,,0.0
,,,0.0703125,,0.9296875,,,,,,,,,,,1.0,1.0,,,,,2359,,,,0.0,,0.0,,0.0
,,,0.05078125,,0.90625,,,,,,,,,,,1.0,1.0,,,,,2360,,,,0.0,,0.0,,0.0
,,,0.1002907007932663,,0.7893133759498596,,,,,,,,,,,1.0,1.0,,,,,2361,,,,0.0,,0.0,,0.0
,,,0.0380859375,,0.6953125,,,,,,,,,,,1.0,1.0,,,,,2362,,,,0.0,,0.0,,0.0
,,,0.0390625,,0.6953125,,,,,,,,,,,1.0,1.0,,,,,2363,,,,0.0,,0.0,,0.0
,,,0.08487147092819214,,0.7203539609909058,,,,,,,,,,,1.0,1.0,,,,,2364,,,,0.0,,0.0,,0.0
,,,0.0345982126891613,,0.78125,,,,,,,,,,,1.0,1.0,,,,,2365,,,,0.0,,0.0,,0.0
,,,0.03515625,,0.796875,,,,,,,,,,,1.0,1.0,,,,,2366,,,,0.0,,0.0,,0.0
,,,0.018518518656492233,,0.4060606062412262,,,,,,,,,,,1.0,1.0,,,,,2367,,,,0.0,,0.0,,0.0
,,,0.0,,0.1953125,,,,,,,,,,,1.0,1.0,,,,,2368,,,,0.0,,0.0,,0.0
,,,0.0,,0.1640625,,,,,,,,,,,1.0,1.0,,,,,2369,,,,0.0,,0.0,,0.0
,,,0.021604938432574272,,0.36944445967674255,,,,,,,,,,,1.0,1.0,,,,,2370,,,,0.0,,0.0,,0.0
,,,0.02604166604578495,,0.625,,,,,,,,,,,1.0,1.0,,,,,2371,,,,0.0,,0.0,,0.0
,,,0.0234375,,0.703125,,,,,,,,,,,1.0,1.0,,,,,2372,,,,0.0,,0.0,,0.0
,,,0.10593485832214355,,0.76800537109375,,,,,,,,,,,1.0,1.0,,,,,2373,,,,0.0,,0.0,,0.0
,,,0.0791015625,,0.8515625,,,,,,,,,,,1.0,1.0,,,,,2374,,,,0.0,,0.0,,0.0
,,,0.0732421875,,0.796875,,,,,,,,,,,1.0,1.0,,,,,2375,,,,0.0,,0.0,,0.0
,,,0.15956836938858032,,0.8432645797729492,,,,,,,,,,,1.0,1.0,,,,,2376,,,,0.0,,0.0,,0.0
,,,0.0791015625,,0.9296875,,,,,,,,,,,1.0,1.0,,,,,2377,,,,0.0,,0.0,,0.0
,,,0.08203125,,0.9296875,,,,,,,,,,,1.0,1.0,,,,,2378,,,,0.0,,0.0,,0.0
,,,0.08416390419006348,,0.8812292218208313,,,,,,,,,,,1.0,1.0,,,,,2379,,,,0.0,,0.0,,0.0
,,,0.0078125,,0.765625,,,,,,,,,,,1.0,1.0,,,,,2380,,,,0.0,,0.0,,0.0
,,,0.009765625,,0.796875,,,,,,,,,,,1.0,1.0,,,,,2381,,,,0.0,,0.0,,0.0
,,,0.07138898223638535,,0.8550049662590027,,,,,,,,,,,1.0,1.0,,,,,2382,,,,0.0,,0.0,,0.0
,,,0.0434027761220932,,0.9453125,,,,,,,,,,,1.0,1.0,,,,,2383,,,,0.0,,0.0,,0.0
,,,0.0517578125,,0.921875,,,,,,,,,,,1.0,1.0,,,,,2384,,,,0.0,,0.0,,0.0
,,,0.0783730149269104,,0.9464285373687744,,,,,,,,,,,1.0,1.0,,,,,2385,,,,0.0,,0.0,,0.0
,,,0.02734375,,0.9140625,,,,,,,,,,,1.0,1.0,,,,,2386,,,,0.0,,0.0,,0.0
,,,0.0341796875,,0.9453125,,,,,,,,,,,1.0,1.0,,,,,2387,,,,0.0,,0.0,,0.0
,,,0.07424674183130264,,0.9331779479980469,,,,,,,,,,,1.0,1.0,,,,,2388,,,,0.0,,0.0,,0.0
,,,0.0725446417927742,,0.953125,,,,,,,,,,,1.0,1.0,,,,,2389,,,,0.0,,0.0,,0.0
,,,0.052734375,,0.890625,,,,,,,,,,,1.0,1.0,,,,,2390,,,,0.0,,0.0,,0.0
,,,0.05708661302924156,,0.9212598204612732,,,,,,,,,,,1.0,1.0,,,,,2391,,,,0.0,,0.0,,0.0
25,0.3483774662017822,0.32911431789398193,,0.764377236366272,,,,,,,,,,,,,,37.36384201049805,53716.453125,3.6207034587860107,370.85797119140625,5745,,,0.0,,0.0,,0.0,
25,,,,,,0.6964758038520813,,1.1152795553207397,,20.9396915435791,,,,,,,,,,,,5745,2.203356981277466,,,,,,,
,,,,,,,,,,,,,,0.0003695898208881418,0.03,,,,,,,5749,,,,,,,,
26,,,,,,,0.6713138818740845,,1.0787845849990845,,20.375,0.0003695730702020228,0.029999999329447746,,,1.0,1.0,,,,,5749,,2.4145407676696777,,,,,,
,,,,,,,,,,,,,,0.0003687477515555439,0.03,,,,,,,5799,,,,,,,,
26,,,,,,,0.7044589519500732,,1.0797030925750732,,18.765625,0.0003687308053486049,0.029999999329447746,,,1.0,1.0,,,,,5799,,2.1915111541748047,,,,,,
,,,,,,,,,,,,,,0.0003678951700888084,0.03,,,,,,,5849,,,,,,,,
26,,,,,,,0.7127717733383179,,1.1011995077133179,,19.421875,0.0003678780049085617,0.029999999329447746,,,1.0,1.0,,,,,5849,,2.148576259613037,,,,,,
,,,,,,,,,,,,,,0.00036703212966248517,0.03,,,,,,,5899,,,,,,,,
26,,,,,,,0.7030023336410522,,1.0565179586410522,,17.671875,0.00036701475619338453,0.029999999329447746,,,1.0,1.0,,,,,5899,,2.2556562423706055,,,,,,
,,,,,,,,,,,,,,0.00036615868410343655,0.03,,,,,,,5949,,,,,,,,
26,,,,,,,0.6977315545082092,,1.0807881355285645,,19.15625,0.0003661411174107343,0.029999999329447746,,,1.0,1.0,,,,,5949,,2.41400408744812,,,,,,
,,,0.05078125,,0.9453125,,,,,,,,,,,1.0,1.0,,,,,2392,,,,0.0,,0.0,,0.0
,,,0.0576171875,,0.9453125,,,,,,,,,,,1.0,1.0,,,,,2393,,,,0.0,,0.0,,0.0
,,,0.07338140904903412,,0.7530252933502197,,,,,,,,,,,1.0,1.0,,,,,2394,,,,0.0,,0.0,,0.0
,,,0.0173611119389534,,0.5859375,,,,,,,,,,,1.0,1.0,,,,,2395,,,,0.0,,0.0,,0.0
,,,0.013020833022892475,,0.5390625,,,,,,,,,,,1.0,1.0,,,,,2396,,,,0.0,,0.0,,0.0
,,,0.015313390642404556,,0.6650640964508057,,,,,,,,,,,1.0,1.0,,,,,2397,,,,0.0,,0.0,,0.0
,,,0.0031250000465661287,,0.7109375,,,,,,,,,,,1.0,1.0,,,,,2398,,,,0.0,,0.0,,0.0
,,,0.0054687499068677425,,0.65625,,,,,,,,,,,1.0,1.0,,,,,2399,,,,0.0,,0.0,,0.0
,,,0.03387650102376938,,0.7628644704818726,,,,,,,,,,,1.0,1.0,,,,,2400,,,,0.0,,0.0,,0.0
,,,0.033203125,,0.7890625,,,,,,,,,,,1.0,1.0,,,,,2401,,,,0.0,,0.0,,0.0
,,,0.02187499962747097,,0.796875,,,,,,,,,,,1.0,1.0,,,,,2402,,,,0.0,,0.0,,0.0
,,,0.02265625074505806,,0.8671875,,,,,,,,,,,1.0,1.0,,,,,2403,,,,0.0,,0.0,,0.0
,,,0.09813334047794342,,0.7173333168029785,,,,,,,,,,,1.0,1.0,,,,,2404,,,,0.0,,0.0,,0.0
,,,0.05312500149011612,,0.6875,,,,,,,,,,,1.0,1.0,,,,,2405,,,,0.0,,0.0,,0.0
,,,0.0590277761220932,,0.6640625,,,,,,,,,,,1.0,1.0,,,,,2406,,,,0.0,,0.0,,0.0
,,,0.09181450307369232,,0.8636788129806519,,,,,,,,,,,1.0,1.0,,,,,2407,,,,0.0,,0.0,,0.0
,,,0.01128472201526165,,0.875,,,,,,,,,,,1.0,1.0,,,,,2408,,,,0.0,,0.0,,0.0
,,,0.01785714365541935,,0.890625,,,,,,,,,,,1.0,1.0,,,,,2409,,,,0.0,,0.0,,0.0
,,,0.04028379172086716,,0.8771644830703735,,,,,,,,,,,1.0,1.0,,,,,2410,,,,0.0,,0.0,,0.0
,,,0.0263671875,,0.828125,,,,,,,,,,,1.0,1.0,,,,,2411,,,,0.0,,0.0,,0.0
,,,0.01796874962747097,,0.8125,,,,,,,,,,,1.0,1.0,,,,,2412,,,,0.0,,0.0,,0.0
,,,0.062440842390060425,,0.7765878438949585,,,,,,,,,,,1.0,1.0,,,,,2413,,,,0.0,,0.0,,0.0
,,,0.03671874850988388,,0.671875,,,,,,,,,,,1.0,1.0,,,,,2414,,,,0.0,,0.0,,0.0
,,,0.03750000149011612,,0.640625,,,,,,,,,,,1.0,1.0,,,,,2415,,,,0.0,,0.0,,0.0
,,,0.07423645257949829,,0.7697044610977173,,,,,,,,,,,1.0,1.0,,,,,2416,,,,0.0,,0.0,,0.0
,,,0.0595703125,,0.859375,,,,,,,,,,,1.0,1.0,,,,,2417,,,,0.0,,0.0,,0.0
,,,0.0477430559694767,,0.84375,,,,,,,,,,,1.0,1.0,,,,,2418,,,,0.0,,0.0,,0.0
,,,0.11770789325237274,,0.9277987480163574,,,,,,,,,,,1.0,1.0,,,,,2419,,,,0.0,,0.0,,0.0
,,,0.0673828125,,0.9921875,,,,,,,,,,,1.0,1.0,,,,,2420,,,,0.0,,0.0,,0.0
,,,0.05937499925494194,,0.984375,,,,,,,,,,,1.0,1.0,,,,,2421,,,,0.0,,0.0,,0.0
,,,0.1145462840795517,,0.953351616859436,,,,,,,,,,,1.0,1.0,,,,,2422,,,,0.0,,0.0,,0.0
,,,0.056640625,,0.9453125,,,,,,,,,,,1.0,1.0,,,,,2423,,,,0.0,,0.0,,0.0
,,,0.0595703125,,0.953125,,,,,,,,,,,1.0,1.0,,,,,2424,,,,0.0,,0.0,,0.0
,,,0.05993431806564331,,0.7655172348022461,,,,,,,,,,,1.0,1.0,,,,,2425,,,,0.0,,0.0,,0.0
,,,0.0173611119389534,,0.5546875,,,,,,,,,,,1.0,1.0,,,,,2426,,,,0.0,,0.0,,0.0
,,,0.01128472201526165,,0.4765625,,,,,,,,,,,1.0,1.0,,,,,2427,,,,0.0,,0.0,,0.0
,,,0.01987330988049507,,0.7017371654510498,,,,,,,,,,,1.0,1.0,,,,,2428,,,,0.0,,0.0,,0.0
,,,0.004687500186264515,,0.6953125,,,,,,,,,,,1.0,1.0,,,,,2429,,,,0.0,,0.0,,0.0
,,,0.007031249813735485,,0.6796875,,,,,,,,,,,1.0,1.0,,,,,2430,,,,0.0,,0.0,,0.0
,,,0.023174602538347244,,0.7653235793113708,,,,,,,,,,,1.0,1.0,,,,,2431,,,,0.0,,0.0,,0.0
,,,0.0338541679084301,,0.8125,,,,,,,,,,,1.0,1.0,,,,,2432,,,,0.0,,0.0,,0.0
,,,0.0225694440305233,,0.7578125,,,,,,,,,,,1.0,1.0,,,,,2433,,,,0.0,,0.0,,0.0
,,,0.08386363834142685,,0.8613636493682861,,,,,,,,,,,1.0,1.0,,,,,2434,,,,0.0,,0.0,,0.0
,,,0.05937499925494194,,0.6796875,,,,,,,,,,,1.0,1.0,,,,,2435,,,,0.0,,0.0,,0.0
,,,0.05312500149011612,,0.6953125,,,,,,,,,,,1.0,1.0,,,,,2436,,,,0.0,,0.0,,0.0
,,,0.08580169081687927,,0.8376095294952393,,,,,,,,,,,1.0,1.0,,,,,2437,,,,0.0,,0.0,,0.0
,,,0.013671875,,0.9140625,,,,,,,,,,,1.0,1.0,,,,,2438,,,,0.0,,0.0,,0.0
,,,0.01128472201526165,,0.8984375,,,,,,,,,,,1.0,1.0,,,,,2439,,,,0.0,,0.0,,0.0
,,,0.0185546875,,0.8984375,,,,,,,,,,,1.0,1.0,,,,,2440,,,,0.0,,0.0,,0.0
,,,0.022834645584225655,,0.9133858680725098,,,,,,,,,,,1.0,1.0,,,,,2441,,,,0.0,,0.0,,0.0
,,,0.0225694440305233,,0.828125,,,,,,,,,,,1.0,1.0,,,,,2442,,,,0.0,,0.0,,0.0
,,,0.01796874962747097,,0.8125,,,,,,,,,,,1.0,1.0,,,,,2443,,,,0.0,,0.0,,0.0
,,,0.07040230184793472,,0.7945402264595032,,,,,,,,,,,1.0,1.0,,,,,2444,,,,0.0,,0.0,,0.0
,,,0.03437500074505806,,0.6328125,,,,,,,,,,,1.0,1.0,,,,,2445,,,,0.0,,0.0,,0.0
,,,0.03593749925494194,,0.6484375,,,,,,,,,,,1.0,1.0,,,,,2446,,,,0.0,,0.0,,0.0
,,,0.08727539330720901,,0.7504583597183228,,,,,,,,,,,1.0,1.0,,,,,2447,,,,0.0,,0.0,,0.0
,,,0.0512152761220932,,0.875,,,,,,,,,,,1.0,1.0,,,,,2448,,,,0.0,,0.0,,0.0
,,,0.05859375,,0.859375,,,,,,,,,,,1.0,1.0,,,,,2449,,,,0.0,,0.0,,0.0
,,,0.1111111044883728,,0.9375,,,,,,,,,,,1.0,1.0,,,,,2450,,,,0.0,,0.0,,0.0
,,,0.0668402761220932,,0.9921875,,,,,,,,,,,1.0,1.0,,,,,2451,,,,0.0,,0.0,,0.0
,,,0.0677083358168602,,0.9921875,,,,,,,,,,,1.0,1.0,,,,,2452,,,,0.0,,0.0,,0.0
,,,0.12984496355056763,,0.9529346227645874,,,,,,,,,,,1.0,1.0,,,,,2453,,,,0.0,,0.0,,0.0
,,,0.05859375,,0.9296875,,,,,,,,,,,1.0,1.0,,,,,2454,,,,0.0,,0.0,,0.0
,,,0.05859375,,0.9609375,,,,,,,,,,,1.0,1.0,,,,,2455,,,,0.0,,0.0,,0.0
,,,0.06116027757525444,,0.7253687381744385,,,,,,,,,,,1.0,1.0,,,,,2456,,,,0.0,,0.0,,0.0
,,,0.015625,,0.5703125,,,,,,,,,,,1.0,1.0,,,,,2457,,,,0.0,,0.0,,0.0
,,,0.013020833022892475,,0.5078125,,,,,,,,,,,1.0,1.0,,,,,2458,,,,0.0,,0.0,,0.0
,,,0.012020202353596687,,0.6646464467048645,,,,,,,,,,,1.0,1.0,,,,,2459,,,,0.0,,0.0,,0.0
,,,0.0078125,,0.6640625,,,,,,,,,,,1.0,1.0,,,,,2460,,,,0.0,,0.0,,0.0
,,,0.0086805559694767,,0.7109375,,,,,,,,,,,1.0,1.0,,,,,2461,,,,0.0,,0.0,,0.0
,,,0.03185185045003891,,0.7638888955116272,,,,,,,,,,,1.0,1.0,,,,,2462,,,,0.0,,0.0,,0.0
,,,0.0234375,,0.8203125,,,,,,,,,,,1.0,1.0,,,,,2463,,,,0.0,,0.0,,0.0
,,,0.02265625074505806,,0.828125,,,,,,,,,,,1.0,1.0,,,,,2464,,,,0.0,,0.0,,0.0
,,,0.08950468897819519,,0.8309236764907837,,,,,,,,,,,1.0,1.0,,,,,2465,,,,0.0,,0.0,,0.0
,,,0.05624999850988388,,0.7109375,,,,,,,,,,,1.0,1.0,,,,,2466,,,,0.0,,0.0,,0.0
,,,0.05546874925494194,,0.65625,,,,,,,,,,,1.0,1.0,,,,,2467,,,,0.0,,0.0,,0.0
,,,0.07469654828310013,,0.8269671201705933,,,,,,,,,,,1.0,1.0,,,,,2468,,,,0.0,,0.0,,0.0
,,,0.0146484375,,0.890625,,,,,,,,,,,1.0,1.0,,,,,2469,,,,0.0,,0.0,,0.0
,,,0.01128472201526165,,0.8984375,,,,,,,,,,,1.0,1.0,,,,,2470,,,,0.0,,0.0,,0.0
,,,0.04054386913776398,,0.9177740812301636,,,,,,,,,,,1.0,1.0,,,,,2471,,,,0.0,,0.0,,0.0
,,,0.0225694440305233,,0.796875,,,,,,,,,,,1.0,1.0,,,,,2472,,,,0.0,,0.0,,0.0
,,,0.0234375,,0.8046875,,,,,,,,,,,1.0,1.0,,,,,2473,,,,0.0,,0.0,,0.0
,,,0.06358496844768524,,0.7833389043807983,,,,,,,,,,,1.0,1.0,,,,,2474,,,,0.0,,0.0,,0.0
,,,0.03828125074505806,,0.6484375,,,,,,,,,,,1.0,1.0,,,,,2475,,,,0.0,,0.0,,0.0
,,,0.03281249850988388,,0.65625,,,,,,,,,,,1.0,1.0,,,,,2476,,,,0.0,,0.0,,0.0
,,,0.08214285969734192,,0.7544642686843872,,,,,,,,,,,1.0,1.0,,,,,2477,,,,0.0,,0.0,,0.0
,,,0.04453124850988388,,0.859375,,,,,,,,,,,1.0,1.0,,,,,2478,,,,0.0,,0.0,,0.0
,,,0.0494791679084301,,0.8359375,,,,,,,,,,,1.0,1.0,,,,,2479,,,,0.0,,0.0,,0.0
,,,0.09833376854658127,,0.9529914855957031,,,,,,,,,,,1.0,1.0,,,,,2480,,,,0.0,,0.0,,0.0
,,,0.0654296875,,0.9765625,,,,,,,,,,,1.0,1.0,,,,,2481,,,,0.0,,0.0,,0.0
,,,0.05937499925494194,,0.984375,,,,,,,,,,,1.0,1.0,,,,,2482,,,,0.0,,0.0,,0.0
,,,0.08267716318368912,,0.9842519760131836,,,,,,,,,,,1.0,1.0,,,,,2483,,,,0.0,,0.0,,0.0
26,0.3354555368423462,0.3194236755371094,,0.7961933612823486,,,,,,,,,,,,,,37.860450744628906,53082.0546875,3.6339070796966553,360.8638000488281,5966,,,0.0,,0.0,,0.0,
26,,,,,,0.6960626840591431,,1.1014972925186157,,20.271635055541992,,,,,,,,,,,,5966,2.21152663230896,,,,,,,
,,,,,,,,,,,,,,0.00036527488788748246,0.03,,,,,,,5999,,,,,,,,
27,,,,,,,0.7039541006088257,,1.0655263662338257,,18.078125,0.00036525711766444147,0.029999999329447746,,,1.0,1.0,,,,,5999,,2.2733993530273438,,,,,,
,,,,,,,,,,,,,,0.00036438079613600085,0.03,,,,,,,6049,,,,,,,,
27,,,,,,,0.6776084303855896,,1.0801963806152344,,20.125,0.00036436281516216695,0.029999999329447746,,,1.0,1.0,,,,,6049,,2.2979860305786133,,,,,,
,,,,,,,,,,,,,,0.00036347646461249133,0.03,,,,,,,6099,,,,,,,,
27,,,,,,,0.6713361144065857,,1.0844221115112305,,20.65625,0.00036345826811157167,0.029999999329447746,,,1.0,1.0,,,,,6099,,2.1385536193847656,,,,,,
,,,,,,,,,,,,,,0.00036256194971909635,0.03,,,,,,,6149,,,,,,,,
27,,,,,,,0.6973023414611816,,1.1216187477111816,,21.21875,0.000362543563824147,0.029999999329447746,,,1.0,1.0,,,,,6149,,2.2039856910705566,,,,,,
,,,0.0425347238779068,,0.796875,,,,,,,,,,,1.0,1.0,,,,,2484,,,,0.0,,0.0,,0.0
,,,0.0569196417927742,,0.8125,,,,,,,,,,,1.0,1.0,,,,,2485,,,,0.0,,0.0,,0.0
,,,0.0831499844789505,,0.8133479952812195,,,,,,,,,,,1.0,1.0,,,,,2486,,,,0.0,,0.0,,0.0
,,,0.0400390625,,0.8515625,,,,,,,,,,,1.0,1.0,,,,,2487,,,,0.0,,0.0,,0.0
,,,0.02734375,,0.8203125,,,,,,,,,,,1.0,1.0,,,,,2488,,,,0.0,,0.0,,0.0
,,,0.03383190929889679,,0.7035256624221802,,,,,,,,,,,1.0,1.0,,,,,2489,,,,0.0,,0.0,,0.0
,,,0.005859375,,0.46875,,,,,,,,,,,1.0,1.0,,,,,2490,,,,0.0,,0.0,,0.0
,,,0.0068359375,,0.46875,,,,,,,,,,,1.0,1.0,,,,,2491,,,,0.0,,0.0,,0.0
,,,0.058700211346149445,,0.6715266108512878,,,,,,,,,,,1.0,1.0,,,,,2492,,,,0.0,,0.0,,0.0
,,,0.0703125,,0.9609375,,,,,,,,,,,1.0,1.0,,,,,2493,,,,0.0,,0.0,,0.0
,,,0.0625,,0.9765625,,,,,,,,,,,1.0,1.0,,,,,2494,,,,0.0,,0.0,,0.0
,,,0.0810546875,,0.9453125,,,,,,,,,,,1.0,1.0,,,,,2495,,,,0.0,,0.0,,0.0
,,,0.140666663646698,,0.972000002861023,,,,,,,,,,,1.0,1.0,,,,,2496,,,,0.0,,0.0,,0.0
,,,0.0772569477558136,,0.8828125,,,,,,,,,,,1.0,1.0,,,,,2497,,,,0.0,,0.0,,0.0
,,,0.080078125,,0.90625,,,,,,,,,,,1.0,1.0,,,,,2498,,,,0.0,,0.0,,0.0
,,,0.13683992624282837,,0.8772175312042236,,,,,,,,,,,1.0,1.0,,,,,2499,,,,0.0,,0.0,,0.0
,,,0.0595703125,,0.875,,,,,,,,,,,1.0,1.0,,,,,2500,,,,0.0,,0.0,,0.0
,,,0.0703125,,0.9453125,,,,,,,,,,,1.0,1.0,,,,,2501,,,,0.0,,0.0,,0.0
,,,0.11038961261510849,,0.9253246784210205,,,,,,,,,,,1.0,1.0,,,,,2502,,,,0.0,,0.0,,0.0
,,,0.056640625,,0.953125,,,,,,,,,,,1.0,1.0,,,,,2503,,,,0.0,,0.0,,0.0
,,,0.0498046875,,0.9296875,,,,,,,,,,,1.0,1.0,,,,,2504,,,,0.0,,0.0,,0.0
,,,0.11214196681976318,,0.8287671208381653,,,,,,,,,,,1.0,1.0,,,,,2505,,,,0.0,,0.0,,0.0
,,,0.0329861119389534,,0.625,,,,,,,,,,,1.0,1.0,,,,,2506,,,,0.0,,0.0,,0.0
,,,0.0341796875,,0.6328125,,,,,,,,,,,1.0,1.0,,,,,2507,,,,0.0,,0.0,,0.0
,,,0.02698412723839283,,0.6532019376754761,,,,,,,,,,,1.0,1.0,,,,,2508,,,,0.0,,0.0,,0.0
,,,0.0,,0.546875,,,,,,,,,,,1.0,1.0,,,,,2509,,,,0.0,,0.0,,0.0
,,,0.0,,0.59375,,,,,,,,,,,1.0,1.0,,,,,2510,,,,0.0,,0.0,,0.0
,,,0.035024456679821014,,0.7311949729919434,,,,,,,,,,,1.0,1.0,,,,,2511,,,,0.0,,0.0,,0.0
,,,0.0446428582072258,,0.9375,,,,,,,,,,,1.0,1.0,,,,,2512,,,,0.0,,0.0,,0.0
,,,0.03515625,,0.875,,,,,,,,,,,1.0,1.0,,,,,2513,,,,0.0,,0.0,,0.0
,,,0.08912448585033417,,0.8075239658355713,,,,,,,,,,,1.0,1.0,,,,,2514,,,,0.0,,0.0,,0.0
,,,0.0407986119389534,,0.84375,,,,,,,,,,,1.0,1.0,,,,,2515,,,,0.0,,0.0,,0.0
,,,0.0591517873108387,,0.7890625,,,,,,,,,,,1.0,1.0,,,,,2516,,,,0.0,,0.0,,0.0
,,,0.08056923747062683,,0.8366994857788086,,,,,,,,,,,1.0,1.0,,,,,2517,,,,0.0,,0.0,,0.0
,,,0.033203125,,0.8203125,,,,,,,,,,,1.0,1.0,,,,,2518,,,,0.0,,0.0,,0.0
,,,0.0244140625,,0.8359375,,,,,,,,,,,1.0,1.0,,,,,2519,,,,0.0,,0.0,,0.0
,,,0.0342821404337883,,0.6739662289619446,,,,,,,,,,,1.0,1.0,,,,,2520,,,,0.0,,0.0,,0.0
,,,0.0068359375,,0.515625,,,,,,,,,,,1.0,1.0,,,,,2521,,,,0.0,,0.0,,0.0
,,,0.0048828125,,0.421875,,,,,,,,,,,1.0,1.0,,,,,2522,,,,0.0,,0.0,,0.0
,,,0.05822819098830223,,0.7308913469314575,,,,,,,,,,,1.0,1.0,,,,,2523,,,,0.0,,0.0,,0.0
,,,0.0651041641831398,,0.953125,,,,,,,,,,,1.0,1.0,,,,,2524,,,,0.0,,0.0,,0.0
,,,0.076171875,,0.9765625,,,,,,,,,,,1.0,1.0,,,,,2525,,,,0.0,,0.0,,0.0
,,,0.17982953786849976,,0.9465909004211426,,,,,,,,,,,1.0,1.0,,,,,2526,,,,0.0,,0.0,,0.0
,,,0.087890625,,0.9140625,,,,,,,,,,,1.0,1.0,,,,,2527,,,,0.0,,0.0,,0.0
,,,0.0737847238779068,,0.8984375,,,,,,,,,,,1.0,1.0,,,,,2528,,,,0.0,,0.0,,0.0
,,,0.15660199522972107,,0.9227159023284912,,,,,,,,,,,1.0,1.0,,,,,2529,,,,0.0,,0.0,,0.0
,,,0.0512152761220932,,0.8125,,,,,,,,,,,1.0,1.0,,,,,2530,,,,0.0,,0.0,,0.0
,,,0.0658482164144516,,0.921875,,,,,,,,,,,1.0,1.0,,,,,2531,,,,0.0,,0.0,,0.0
,,,0.0680803582072258,,0.9375,,,,,,,,,,,1.0,1.0,,,,,2532,,,,0.0,,0.0,,0.0
,,,0.17913386225700378,,0.9842519760131836,,,,,,,,,,,1.0,1.0,,,,,2533,,,,0.0,,0.0,,0.0
,,,0.0595703125,,0.9453125,,,,,,,,,,,1.0,1.0,,,,,2534,,,,0.0,,0.0,,0.0
,,,0.0537109375,,0.9609375,,,,,,,,,,,1.0,1.0,,,,,2535,,,,0.0,,0.0,,0.0
,,,0.10775861889123917,,0.8146551847457886,,,,,,,,,,,1.0,1.0,,,,,2536,,,,0.0,,0.0,,0.0
,,,0.02777777798473835,,0.65625,,,,,,,,,,,1.0,1.0,,,,,2537,,,,0.0,,0.0,,0.0
,,,0.03515625,,0.6875,,,,,,,,,,,1.0,1.0,,,,,2538,,,,0.0,,0.0,,0.0
,,,0.02880658395588398,,0.6081774830818176,,,,,,,,,,,1.0,1.0,,,,,2539,,,,0.0,,0.0,,0.0
,,,0.0,,0.5703125,,,,,,,,,,,1.0,1.0,,,,,2540,,,,0.0,,0.0,,0.0
,,,0.0008680555620230734,,0.578125,,,,,,,,,,,1.0,1.0,,,,,2541,,,,0.0,,0.0,,0.0
,,,0.03125,,0.7395833730697632,,,,,,,,,,,1.0,1.0,,,,,2542,,,,0.0,,0.0,,0.0
,,,0.04296875,,0.9140625,,,,,,,,,,,1.0,1.0,,,,,2543,,,,0.0,,0.0,,0.0
,,,0.03515625,,0.8984375,,,,,,,,,,,1.0,1.0,,,,,2544,,,,0.0,,0.0,,0.0
,,,0.08527131378650665,,0.8358250260353088,,,,,,,,,,,1.0,1.0,,,,,2545,,,,0.0,,0.0,,0.0
,,,0.0458984375,,0.84375,,,,,,,,,,,1.0,1.0,,,,,2546,,,,0.0,,0.0,,0.0
,,,0.0580357126891613,,0.8046875,,,,,,,,,,,1.0,1.0,,,,,2547,,,,0.0,,0.0,,0.0
,,,0.11039823293685913,,0.7914454340934753,,,,,,,,,,,1.0,1.0,,,,,2548,,,,0.0,,0.0,,0.0
,,,0.0361328125,,0.78125,,,,,,,,,,,1.0,1.0,,,,,2549,,,,0.0,,0.0,,0.0
,,,0.0283203125,,0.890625,,,,,,,,,,,1.0,1.0,,,,,2550,,,,0.0,,0.0,,0.0
,,,0.02651515230536461,,0.6252525448799133,,,,,,,,,,,1.0,1.0,,,,,2551,,,,0.0,,0.0,,0.0
,,,0.0068359375,,0.4765625,,,,,,,,,,,1.0,1.0,,,,,2552,,,,0.0,,0.0,,0.0
,,,0.0048828125,,0.421875,,,,,,,,,,,1.0,1.0,,,,,2553,,,,0.0,,0.0,,0.0
,,,0.05452674999833107,,0.7518518567085266,,,,,,,,,,,1.0,1.0,,,,,2554,,,,0.0,,0.0,,0.0
,,,0.0677083358168602,,0.9609375,,,,,,,,,,,1.0,1.0,,,,,2555,,,,0.0,,0.0,,0.0
,,,0.076171875,,0.9609375,,,,,,,,,,,1.0,1.0,,,,,2556,,,,0.0,,0.0,,0.0
,,,0.18875502049922943,,0.9536813497543335,,,,,,,,,,,1.0,1.0,,,,,2557,,,,0.0,,0.0,,0.0
,,,0.0789930522441864,,0.90625,,,,,,,,,,,1.0,1.0,,,,,2558,,,,0.0,,0.0,,0.0
,,,0.0729166641831398,,0.8984375,,,,,,,,,,,1.0,1.0,,,,,2559,,,,0.0,,0.0,,0.0
,,,0.13035112619400024,,0.8957219123840332,,,,,,,,,,,1.0,1.0,,,,,2560,,,,0.0,,0.0,,0.0
,,,0.0576171875,,0.8359375,,,,,,,,,,,1.0,1.0,,,,,2561,,,,0.0,,0.0,,0.0
,,,0.0647321417927742,,0.921875,,,,,,,,,,,1.0,1.0,,,,,2562,,,,0.0,,0.0,,0.0
,,,0.125,,0.9354928135871887,,,,,,,,,,,1.0,1.0,,,,,2563,,,,0.0,,0.0,,0.0
,,,0.0537109375,,0.9609375,,,,,,,,,,,1.0,1.0,,,,,2564,,,,0.0,,0.0,,0.0
,,,0.0546875,,0.9609375,,,,,,,,,,,1.0,1.0,,,,,2565,,,,0.0,,0.0,,0.0
,,,0.11847355961799622,,0.872298002243042,,,,,,,,,,,1.0,1.0,,,,,2566,,,,0.0,,0.0,,0.0
,,,0.0338541679084301,,0.609375,,,,,,,,,,,1.0,1.0,,,,,2567,,,,0.0,,0.0,,0.0
,,,0.0322265625,,0.6484375,,,,,,,,,,,1.0,1.0,,,,,2568,,,,0.0,,0.0,,0.0
,,,0.029761902987957,,0.6785714626312256,,,,,,,,,,,1.0,1.0,,,,,2569,,,,0.0,,0.0,,0.0
,,,0.0,,0.5390625,,,,,,,,,,,1.0,1.0,,,,,2570,,,,0.0,,0.0,,0.0
,,,0.0,,0.6328125,,,,,,,,,,,1.0,1.0,,,,,2571,,,,0.0,,0.0,,0.0
,,,0.035159286111593246,,0.7167832255363464,,,,,,,,,,,1.0,1.0,,,,,2572,,,,0.0,,0.0,,0.0
,,,0.0435267873108387,,0.9140625,,,,,,,,,,,1.0,1.0,,,,,2573,,,,0.0,,0.0,,0.0
,,,0.0322265625,,0.890625,,,,,,,,,,,1.0,1.0,,,,,2574,,,,0.0,,0.0,,0.0
,,,0.042322833091020584,,0.8818897604942322,,,,,,,,,,,1.0,1.0,,,,,2575,,,,0.0,,0.0,,0.0
27,0.33963531255722046,0.3505863547325134,,0.7971771955490112,,,,,,,,,,,,,,39.10894775390625,49314.046875,3.666351318359375,365.49237060546875,6187,,,0.0,,0.0,,0.0,
27,,,,,,0.6931584477424622,,1.0953187942504883,,20.107677459716797,,,,,,,,,,,,6187,2.1654317378997803,,,,,,,
,,,,,,,,,,,,,,0.00036163730849308307,0.03,,,,,,,6199,,,,,,,,
28,,,,,,,0.6989914178848267,,1.0837570428848267,,19.234375,0.0003616187022998929,0.029999999329447746,,,1.0,1.0,,,,,6199,,2.3240535259246826,,,,,,
,,,,,,,,,,,,,,0.0003607025986032876,0.03,,,,,,,6249,,,,,,,,
28,,,,,,,0.6882882118225098,,1.1445870399475098,,22.8125,0.00036068379995413125,0.029999999329447746,,,1.0,1.0,,,,,6249,,2.5414164066314697,,,,,,
,,,,,,,,,,,,,,0.0003597578783465168,0.03,,,,,,,6299,,,,,,,,
28,,,,,,,0.6794731020927429,,1.1199028491973877,,22.015625,0.00035973888589069247,0.029999999329447746,,,1.0,1.0,,,,,6299,,2.12300443649292,,,,,,
,,,,,,,,,,,,,,0.0003588032066439132,0.03,,,,,,,6349,,,,,,,,
28,,,,,,,0.7069383859634399,,1.14004385471344,,21.65625,0.0003587840183172375,0.029999999329447746,,,1.0,1.0,,,,,6349,,2.312069892883301,,,,,,
,,,,,,,,,,,,,,0.00035783864303727954,0.03,,,,,,,6399,,,,,,,,
28,,,,,,,0.6890676021575928,,1.0711476802825928,,19.109375,0.00035781925544142723,0.029999999329447746,,,1.0,1.0,,,,,6399,,2.174586296081543,,,,,,
,,,0.04921875149011612,,0.7578125,,,,,,,,,,,1.0,1.0,,,,,2576,,,,0.0,,0.0,,0.0
,,,0.0556640625,,0.8203125,,,,,,,,,,,1.0,1.0,,,,,2577,,,,0.0,,0.0,,0.0
,,,0.12549403309822083,,0.8577191233634949,,,,,,,,,,,1.0,1.0,,,,,2578,,,,0.0,,0.0,,0.0
,,,0.0703125,,0.984375,,,,,,,,,,,1.0,1.0,,,,,2579,,,,0.0,,0.0,,0.0
,,,0.06406249850988388,,0.984375,,,,,,,,,,,1.0,1.0,,,,,2580,,,,0.0,,0.0,,0.0
,,,0.11965812742710114,,0.9743589758872986,,,,,,,,,,,1.0,1.0,,,,,2581,,,,0.0,,0.0,,0.0
,,,0.0381944440305233,,0.9375,,,,,,,,,,,1.0,1.0,,,,,2582,,,,0.0,,0.0,,0.0
,,,0.03515625,,0.9140625,,,,,,,,,,,1.0,1.0,,,,,2583,,,,0.0,,0.0,,0.0
,,,0.07204116880893707,,0.8940823078155518,,,,,,,,,,,1.0,1.0,,,,,2584,,,,0.0,,0.0,,0.0
,,,0.04374999925494194,,0.8671875,,,,,,,,,,,1.0,1.0,,,,,2585,,,,0.0,,0.0,,0.0
,,,0.03281249850988388,,0.8984375,,,,,,,,,,,1.0,1.0,,,,,2586,,,,0.0,,0.0,,0.0
,,,0.0520833320915699,,0.8984375,,,,,,,,,,,1.0,1.0,,,,,2587,,,,0.0,,0.0,,0.0
,,,0.12148147821426392,,0.9800000190734863,,,,,,,,,,,1.0,1.0,,,,,2588,,,,0.0,,0.0,,0.0
,,,0.07265625149011612,,0.921875,,,,,,,,,,,1.0,1.0,,,,,2589,,,,0.0,,0.0,,0.0
,,,0.0849609375,,0.9296875,,,,,,,,,,,1.0,1.0,,,,,2590,,,,0.0,,0.0,,0.0
,,,0.09729225188493729,,0.9369747638702393,,,,,,,,,,,1.0,1.0,,,,,2591,,,,0.0,,0.0,,0.0
,,,0.009548611007630825,,0.8984375,,,,,,,,,,,1.0,1.0,,,,,2592,,,,0.0,,0.0,,0.0
,,,0.01128472201526165,,0.8828125,,,,,,,,,,,1.0,1.0,,,,,2593,,,,0.0,,0.0,,0.0
,,,0.026839828118681908,,0.7873376607894897,,,,,,,,,,,1.0,1.0,,,,,2594,,,,0.0,,0.0,,0.0
,,,0.01406249962747097,,0.6640625,,,,,,,,,,,1.0,1.0,,,,,2595,,,,0.0,,0.0,,0.0
,,,0.01953125,,0.5390625,,,,,,,,,,,1.0,1.0,,,,,2596,,,,0.0,,0.0,,0.0
,,,0.03693648800253868,,0.6379826068878174,,,,,,,,,,,1.0,1.0,,,,,2597,,,,0.0,,0.0,,0.0
,,,0.03125,,0.640625,,,,,,,,,,,1.0,1.0,,,,,2598,,,,0.0,,0.0,,0.0
,,,0.02031249925494194,,0.640625,,,,,,,,,,,1.0,1.0,,,,,2599,,,,0.0,,0.0,,0.0
,,,0.06536945700645447,,0.7854679822921753,,,,,,,,,,,1.0,1.0,,,,,2600,,,,0.0,,0.0,,0.0
,,,0.03203124925494194,,0.8515625,,,,,,,,,,,1.0,1.0,,,,,2601,,,,0.0,,0.0,,0.0
,,,0.0442708320915699,,0.8515625,,,,,,,,,,,1.0,1.0,,,,,2602,,,,0.0,,0.0,,0.0
,,,0.07379455119371414,,0.7269182205200195,,,,,,,,,,,1.0,1.0,,,,,2603,,,,0.0,,0.0,,0.0
,,,0.01796874962747097,,0.5234375,,,,,,,,,,,1.0,1.0,,,,,2604,,,,0.0,,0.0,,0.0
,,,0.013671875,,0.4609375,,,,,,,,,,,1.0,1.0,,,,,2605,,,,0.0,,0.0,,0.0
,,,0.07767137885093689,,0.5896033048629761,,,,,,,,,,,1.0,1.0,,,,,2606,,,,0.0,,0.0,,0.0
,,,0.04765624925494194,,0.7734375,,,,,,,,,,,1.0,1.0,,,,,2607,,,,0.0,,0.0,,0.0
,,,0.0486111119389534,,0.8046875,,,,,,,,,,,1.0,1.0,,,,,2608,,,,0.0,,0.0,,0.0
,,,0.11192117631435394,,0.8391625881195068,,,,,,,,,,,1.0,1.0,,,,,2609,,,,0.0,,0.0,,0.0
,,,0.06718750298023224,,0.9921875,,,,,,,,,,,1.0,1.0,,,,,2610,,,,0.0,,0.0,,0.0
,,,0.06640625,,0.984375,,,,,,,,,,,1.0,1.0,,,,,2611,,,,0.0,,0.0,,0.0
,,,0.10183508694171906,,0.9470272064208984,,,,,,,,,,,1.0,1.0,,,,,2612,,,,0.0,,0.0,,0.0
,,,0.0399305559694767,,0.9609375,,,,,,,,,,,1.0,1.0,,,,,2613,,,,0.0,,0.0,,0.0
,,,0.03046875074505806,,0.90625,,,,,,,,,,,1.0,1.0,,,,,2614,,,,0.0,,0.0,,0.0
,,,0.07352869212627411,,0.9382173418998718,,,,,,,,,,,1.0,1.0,,,,,2615,,,,0.0,,0.0,,0.0
,,,0.04062499850988388,,0.8671875,,,,,,,,,,,1.0,1.0,,,,,2616,,,,0.0,,0.0,,0.0
,,,0.03671874850988388,,0.9140625,,,,,,,,,,,1.0,1.0,,,,,2617,,,,0.0,,0.0,,0.0
,,,0.13636364042758942,,0.9181817770004272,,,,,,,,,,,1.0,1.0,,,,,2618,,,,0.0,,0.0,,0.0
,,,0.091796875,,0.953125,,,,,,,,,,,1.0,1.0,,,,,2619,,,,0.0,,0.0,,0.0
,,,0.0703125,,0.9296875,,,,,,,,,,,1.0,1.0,,,,,2620,,,,0.0,,0.0,,0.0
,,,0.08927825838327408,,0.9092615842819214,,,,,,,,,,,1.0,1.0,,,,,2621,,,,0.0,,0.0,,0.0
,,,0.008593750186264515,,0.8984375,,,,,,,,,,,1.0,1.0,,,,,2622,,,,0.0,,0.0,,0.0
,,,0.01128472201526165,,0.859375,,,,,,,,,,,1.0,1.0,,,,,2623,,,,0.0,,0.0,,0.0
,,,0.009548611007630825,,0.90625,,,,,,,,,,,1.0,1.0,,,,,2624,,,,0.0,,0.0,,0.0
,,,0.014173229224979877,,0.8110235929489136,,,,,,,,,,,1.0,1.0,,,,,2625,,,,0.0,,0.0,,0.0
,,,0.01796874962747097,,0.6484375,,,,,,,,,,,1.0,1.0,,,,,2626,,,,0.0,,0.0,,0.0
,,,0.014843749813735485,,0.5390625,,,,,,,,,,,1.0,1.0,,,,,2627,,,,0.0,,0.0,,0.0
,,,0.05012771114706993,,0.5488505959510803,,,,,,,,,,,1.0,1.0,,,,,2628,,,,0.0,,0.0,,0.0
,,,0.02031249925494194,,0.640625,,,,,,,,,,,1.0,1.0,,,,,2629,,,,0.0,,0.0,,0.0
,,,0.0234375,,0.6640625,,,,,,,,,,,1.0,1.0,,,,,2630,,,,0.0,,0.0,,0.0
,,,0.06923358887434006,,0.7319398522377014,,,,,,,,,,,1.0,1.0,,,,,2631,,,,0.0,,0.0,,0.0
,,,0.0390625,,0.859375,,,,,,,,,,,1.0,1.0,,,,,2632,,,,0.0,,0.0,,0.0
,,,0.0399305559694767,,0.90625,,,,,,,,,,,1.0,1.0,,,,,2633,,,,0.0,,0.0,,0.0
,,,0.08101851493120193,,0.6875,,,,,,,,,,,1.0,1.0,,,,,2634,,,,0.0,,0.0,,0.0
,,,0.01328125037252903,,0.4921875,,,,,,,,,,,1.0,1.0,,,,,2635,,,,0.0,,0.0,,0.0
,,,0.010416666977107525,,0.4296875,,,,,,,,,,,1.0,1.0,,,,,2636,,,,0.0,,0.0,,0.0
,,,0.07665805518627167,,0.6337209343910217,,,,,,,,,,,1.0,1.0,,,,,2637,,,,0.0,,0.0,,0.0
,,,0.04531250149011612,,0.8046875,,,,,,,,,,,1.0,1.0,,,,,2638,,,,0.0,,0.0,,0.0
,,,0.05078125,,0.7734375,,,,,,,,,,,1.0,1.0,,,,,2639,,,,0.0,,0.0,,0.0
,,,0.13346444070339203,,0.8533923625946045,,,,,,,,,,,1.0,1.0,,,,,2640,,,,0.0,,0.0,,0.0
,,,0.06562499701976776,,0.9921875,,,,,,,,,,,1.0,1.0,,,,,2641,,,,0.0,,0.0,,0.0
,,,0.0746527761220932,,0.9921875,,,,,,,,,,,1.0,1.0,,,,,2642,,,,0.0,,0.0,,0.0
,,,0.1288439929485321,,0.9636363983154297,,,,,,,,,,,1.0,1.0,,,,,2643,,,,0.0,,0.0,,0.0
,,,0.0347222238779068,,0.9375,,,,,,,,,,,1.0,1.0,,,,,2644,,,,0.0,,0.0,,0.0
,,,0.03437500074505806,,0.9140625,,,,,,,,,,,1.0,1.0,,,,,2645,,,,0.0,,0.0,,0.0
,,,0.06296296417713165,,0.9444444179534912,,,,,,,,,,,1.0,1.0,,,,,2646,,,,0.0,,0.0,,0.0
,,,0.03671874850988388,,0.8984375,,,,,,,,,,,1.0,1.0,,,,,2647,,,,0.0,,0.0,,0.0
,,,0.046875,,0.890625,,,,,,,,,,,1.0,1.0,,,,,2648,,,,0.0,,0.0,,0.0
,,,0.12257027626037598,,0.9374833106994629,,,,,,,,,,,1.0,1.0,,,,,2649,,,,0.0,,0.0,,0.0
,,,0.09375,,0.9453125,,,,,,,,,,,1.0,1.0,,,,,2650,,,,0.0,,0.0,,0.0
,,,0.0763888880610466,,0.921875,,,,,,,,,,,1.0,1.0,,,,,2651,,,,0.0,,0.0,,0.0
,,,0.08782503008842468,,0.8958492279052734,,,,,,,,,,,1.0,1.0,,,,,2652,,,,0.0,,0.0,,0.0
,,,0.010937499813735485,,0.8984375,,,,,,,,,,,1.0,1.0,,,,,2653,,,,0.0,,0.0,,0.0
,,,0.009548611007630825,,0.8671875,,,,,,,,,,,1.0,1.0,,,,,2654,,,,0.0,,0.0,,0.0
,,,0.027131784707307816,,0.810631275177002,,,,,,,,,,,1.0,1.0,,,,,2655,,,,0.0,,0.0,,0.0
,,,0.01328125037252903,,0.59375,,,,,,,,,,,1.0,1.0,,,,,2656,,,,0.0,,0.0,,0.0
,,,0.015625,,0.5859375,,,,,,,,,,,1.0,1.0,,,,,2657,,,,0.0,,0.0,,0.0
,,,0.04655802994966507,,0.6493182182312012,,,,,,,,,,,1.0,1.0,,,,,2658,,,,0.0,,0.0,,0.0
,,,0.03125,,0.6640625,,,,,,,,,,,1.0,1.0,,,,,2659,,,,0.0,,0.0,,0.0
,,,0.02031249925494194,,0.6328125,,,,,,,,,,,1.0,1.0,,,,,2660,,,,0.0,,0.0,,0.0
,,,0.0758928582072258,,0.8258928656578064,,,,,,,,,,,1.0,1.0,,,,,2661,,,,0.0,,0.0,,0.0
,,,0.0416666679084301,,0.84375,,,,,,,,,,,1.0,1.0,,,,,2662,,,,0.0,,0.0,,0.0
,,,0.0390625,,0.8515625,,,,,,,,,,,1.0,1.0,,,,,2663,,,,0.0,,0.0,,0.0
,,,0.06487956643104553,,0.6802641749382019,,,,,,,,,,,1.0,1.0,,,,,2664,,,,0.0,,0.0,,0.0
,,,0.025390625,,0.515625,,,,,,,,,,,1.0,1.0,,,,,2665,,,,0.0,,0.0,,0.0
,,,0.01406249962747097,,0.4921875,,,,,,,,,,,1.0,1.0,,,,,2666,,,,0.0,,0.0,,0.0
,,,0.012248468585312366,,0.4251968562602997,,,,,,,,,,,1.0,1.0,,,,,2667,,,,0.0,,0.0,,0.0
28,0.3586161136627197,0.36357417702674866,,0.8022367358207703,,,,,,,,,,,,,,39.521480560302734,50885.51953125,3.676844358444214,369.0093078613281,6408,,,0.0,,0.0,,0.0,
28,,,,,,0.6914743185043335,,1.0825226306915283,,19.55217742919922,,,,,,,,,,,,6408,2.2190022468566895,,,,,,,
,,,,,,,,,,,,,,0.00035686424768536574,0.03,,,,,,,6449,,,,,,,,
29,,,,,,,0.6982624530792236,,1.0735065937042236,,18.765625,0.0003568446554709226,0.029999999329447746,,,1.0,1.0,,,,,6449,,2.1859517097473145,,,,,,
,,,,,,,,,,,,,,0.00035588008136011633,0.03,,,,,,,6499,,,,,,,,
29,,,,,,,0.7064954042434692,,1.1125012636184692,,20.296875,0.00035586030571721494,0.029999999329447746,,,1.0,1.0,,,,,6499,,2.1732137203216553,,,,,,
,,,,,,,,,,,,,,0.00035488620544288114,0.03,,,,,,,6549,,,,,,,,
29,,,,,,,0.681318998336792,,1.083418607711792,,20.109375,0.00035486623528413475,0.029999999329447746,,,1.0,1.0,,,,,6549,,2.2013020515441895,,,,,,
,,,,,,,,,,,,,,0.0003538826819205853,0.03,,,,,,,6599,,,,,,,,
29,,,,,,,0.6665514707565308,,1.1072252988815308,,22.03125,0.0003538625023793429,0.029999999329447746,,,1.0,1.0,,,,,6599,,2.3542661666870117,,,,,,
,,,0.01640624925494194,,0.59375,,,,,,,,,,,1.0,1.0,,,,,2668,,,,0.0,,0.0,,0.0
,,,0.01953125,,0.671875,,,,,,,,,,,1.0,1.0,,,,,2669,,,,0.0,,0.0,,0.0
,,,0.04671800136566162,,0.7304730415344238,,,,,,,,,,,1.0,1.0,,,,,2670,,,,0.0,,0.0,,0.0
,,,0.02265625074505806,,0.703125,,,,,,,,,,,1.0,1.0,,,,,2671,,,,0.0,,0.0,,0.0
,,,0.0234375,,0.6796875,,,,,,,,,,,1.0,1.0,,,,,2672,,,,0.0,,0.0,,0.0
,,,0.032692305743694305,,0.6730769276618958,,,,,,,,,,,1.0,1.0,,,,,2673,,,,0.0,,0.0,,0.0
,,,0.013888888992369175,,0.78125,,,,,,,,,,,1.0,1.0,,,,,2674,,,,0.0,,0.0,,0.0
,,,0.008593750186264515,,0.8046875,,,,,,,,,,,1.0,1.0,,,,,2675,,,,0.0,,0.0,,0.0
,,,0.022126929834485054,,0.791166365146637,,,,,,,,,,,1.0,1.0,,,,,2676,,,,0.0,,0.0,,0.0
,,,0.01328125037252903,,0.703125,,,,,,,,,,,1.0,1.0,,,,,2677,,,,0.0,,0.0,,0.0
,,,0.01328125037252903,,0.7265625,,,,,,,,,,,1.0,1.0,,,,,2678,,,,0.0,,0.0,,0.0
,,,0.01875000074505806,,0.75,,,,,,,,,,,1.0,1.0,,,,,2679,,,,0.0,,0.0,,0.0
,,,0.1250370442867279,,0.8013333082199097,,,,,,,,,,,1.0,1.0,,,,,2680,,,,0.0,,0.0,,0.0
,,,0.0859375,,0.90625,,,,,,,,,,,1.0,1.0,,,,,2681,,,,0.0,,0.0,,0.0
,,,0.07265625149011612,,0.9140625,,,,,,,,,,,1.0,1.0,,,,,2682,,,,0.0,,0.0,,0.0
,,,0.09122315794229507,,0.8730158805847168,,,,,,,,,,,1.0,1.0,,,,,2683,,,,0.0,,0.0,,0.0
,,,0.01640624925494194,,0.9296875,,,,,,,,,,,1.0,1.0,,,,,2684,,,,0.0,,0.0,,0.0
,,,0.01953125,,0.90625,,,,,,,,,,,1.0,1.0,,,,,2685,,,,0.0,,0.0,,0.0
,,,0.08214285969734192,,0.9242424368858337,,,,,,,,,,,1.0,1.0,,,,,2686,,,,0.0,,0.0,,0.0
,,,0.04765624925494194,,0.859375,,,,,,,,,,,1.0,1.0,,,,,2687,,,,0.0,,0.0,,0.0
,,,0.046875,,0.8671875,,,,,,,,,,,1.0,1.0,,,,,2688,,,,0.0,,0.0,,0.0
,,,0.09411928057670593,,0.8358654975891113,,,,,,,,,,,1.0,1.0,,,,,2689,,,,0.0,,0.0,,0.0
,,,0.03828125074505806,,0.71875,,,,,,,,,,,1.0,1.0,,,,,2690,,,,0.0,,0.0,,0.0
,,,0.02890625037252903,,0.7109375,,,,,,,,,,,1.0,1.0,,,,,2691,,,,0.0,,0.0,,0.0
,,,0.08280788362026215,,0.8497536778450012,,,,,,,,,,,1.0,1.0,,,,,2692,,,,0.0,,0.0,,0.0
,,,0.0407986119389534,,0.8828125,,,,,,,,,,,1.0,1.0,,,,,2693,,,,0.0,,0.0,,0.0
,,,0.04374999925494194,,0.875,,,,,,,,,,,1.0,1.0,,,,,2694,,,,0.0,,0.0,,0.0
,,,0.0863899365067482,,0.9372327327728271,,,,,,,,,,,1.0,1.0,,,,,2695,,,,0.0,,0.0,,0.0
,,,0.05234374850988388,,1.0,,,,,,,,,,,1.0,1.0,,,,,2696,,,,0.0,,0.0,,0.0
,,,0.0572916679084301,,0.984375,,,,,,,,,,,1.0,1.0,,,,,2697,,,,0.0,,0.0,,0.0
,,,0.08207935094833374,,0.7671682834625244,,,,,,,,,,,1.0,1.0,,,,,2698,,,,0.0,,0.0,,0.0
,,,0.015625,,0.6328125,,,,,,,,,,,1.0,1.0,,,,,2699,,,,0.0,,0.0,,0.0
,,,0.0234375,,0.6953125,,,,,,,,,,,1.0,1.0,,,,,2700,,,,0.0,,0.0,,0.0
,,,0.039463602006435394,,0.6847290992736816,,,,,,,,,,,1.0,1.0,,,,,2701,,,,0.0,,0.0,,0.0
,,,0.02265625074505806,,0.6953125,,,,,,,,,,,1.0,1.0,,,,,2702,,,,0.0,,0.0,,0.0
,,,0.01875000074505806,,0.671875,,,,,,,,,,,1.0,1.0,,,,,2703,,,,0.0,,0.0,,0.0
,,,0.03518472984433174,,0.7285294532775879,,,,,,,,,,,1.0,1.0,,,,,2704,,,,0.0,,0.0,,0.0
,,,0.015625,,0.7890625,,,,,,,,,,,1.0,1.0,,,,,2705,,,,0.0,,0.0,,0.0
,,,0.00937500037252903,,0.796875,,,,,,,,,,,1.0,1.0,,,,,2706,,,,0.0,,0.0,,0.0
,,,0.01716727763414383,,0.7350427508354187,,,,,,,,,,,1.0,1.0,,,,,2707,,,,0.0,,0.0,,0.0
,,,0.01640624925494194,,0.734375,,,,,,,,,,,1.0,1.0,,,,,2708,,,,0.0,,0.0,,0.0
,,,0.01328125037252903,,0.7421875,,,,,,,,,,,1.0,1.0,,,,,2709,,,,0.0,,0.0,,0.0
,,,0.09909091144800186,,0.8374999761581421,,,,,,,,,,,1.0,1.0,,,,,2710,,,,0.0,,0.0,,0.0
,,,0.0824652761220932,,0.921875,,,,,,,,,,,1.0,1.0,,,,,2711,,,,0.0,,0.0,,0.0
,,,0.0966796875,,0.875,,,,,,,,,,,1.0,1.0,,,,,2712,,,,0.0,,0.0,,0.0
,,,0.09130162745714188,,0.8998748064041138,,,,,,,,,,,1.0,1.0,,,,,2713,,,,0.0,,0.0,,0.0
,,,0.01328125037252903,,0.890625,,,,,,,,,,,1.0,1.0,,,,,2714,,,,0.0,,0.0,,0.0
,,,0.01640624925494194,,0.875,,,,,,,,,,,1.0,1.0,,,,,2715,,,,0.0,,0.0,,0.0
,,,0.02109375037252903,,0.9296875,,,,,,,,,,,1.0,1.0,,,,,2716,,,,0.0,,0.0,,0.0
,,,0.15118110179901123,,0.9409449100494385,,,,,,,,,,,1.0,1.0,,,,,2717,,,,0.0,,0.0,,0.0
,,,0.05078125,,0.890625,,,,,,,,,,,1.0,1.0,,,,,2718,,,,0.0,,0.0,,0.0
,,,0.04374999925494194,,0.8515625,,,,,,,,,,,1.0,1.0,,,,,2719,,,,0.0,,0.0,,0.0
,,,0.09482758492231369,,0.8376436829566956,,,,,,,,,,,1.0,1.0,,,,,2720,,,,0.0,,0.0,,0.0
,,,0.03359375149011612,,0.7109375,,,,,,,,,,,1.0,1.0,,,,,2721,,,,0.0,,0.0,,0.0
,,,0.03593749925494194,,0.7578125,,,,,,,,,,,1.0,1.0,,,,,2722,,,,0.0,,0.0,,0.0
,,,0.07862119376659393,,0.7973964214324951,,,,,,,,,,,1.0,1.0,,,,,2723,,,,0.0,,0.0,,0.0
,,,0.05078125,,0.9140625,,,,,,,,,,,1.0,1.0,,,,,2724,,,,0.0,,0.0,,0.0
,,,0.03828125074505806,,0.8984375,,,,,,,,,,,1.0,1.0,,,,,2725,,,,0.0,,0.0,,0.0
,,,0.08750000596046448,,0.890625,,,,,,,,,,,1.0,1.0,,,,,2726,,,,0.0,,0.0,,0.0
,,,0.05078125,,0.984375,,,,,,,,,,,1.0,1.0,,,,,2727,,,,0.0,,0.0,,0.0
,,,0.0616319440305233,,0.9921875,,,,,,,,,,,1.0,1.0,,,,,2728,,,,0.0,,0.0,,0.0
,,,0.05326689034700394,,0.7607973217964172,,,,,,,,,,,1.0,1.0,,,,,2729,,,,0.0,,0.0,,0.0
,,,0.01640624925494194,,0.6484375,,,,,,,,,,,1.0,1.0,,,,,2730,,,,0.0,,0.0,,0.0
,,,0.02421874925494194,,0.6953125,,,,,,,,,,,1.0,1.0,,,,,2731,,,,0.0,,0.0,,0.0
,,,0.03858406841754913,,0.6539822816848755,,,,,,,,,,,1.0,1.0,,,,,2732,,,,0.0,,0.0,,0.0
,,,0.02578124962747097,,0.671875,,,,,,,,,,,1.0,1.0,,,,,2733,,,,0.0,,0.0,,0.0
,,,0.01996527798473835,,0.734375,,,,,,,,,,,1.0,1.0,,,,,2734,,,,0.0,,0.0,,0.0
,,,0.034949496388435364,,0.7338383793830872,,,,,,,,,,,1.0,1.0,,,,,2735,,,,0.0,,0.0,,0.0
,,,0.01171875,,0.7890625,,,,,,,,,,,1.0,1.0,,,,,2736,,,,0.0,,0.0,,0.0
,,,0.01015624962747097,,0.765625,,,,,,,,,,,1.0,1.0,,,,,2737,,,,0.0,,0.0,,0.0
,,,0.02388888970017433,,0.7453703880310059,,,,,,,,,,,1.0,1.0,,,,,2738,,,,0.0,,0.0,,0.0
,,,0.014843749813735485,,0.7265625,,,,,,,,,,,1.0,1.0,,,,,2739,,,,0.0,,0.0,,0.0
,,,0.015625,,0.765625,,,,,,,,,,,1.0,1.0,,,,,2740,,,,0.0,,0.0,,0.0
,,,0.1017402932047844,,0.7971887588500977,,,,,,,,,,,1.0,1.0,,,,,2741,,,,0.0,,0.0,,0.0
,,,0.0850694477558136,,0.921875,,,,,,,,,,,1.0,1.0,,,,,2742,,,,0.0,,0.0,,0.0
,,,0.0815972238779068,,0.890625,,,,,,,,,,,1.0,1.0,,,,,2743,,,,0.0,,0.0,,0.0
,,,0.087496817111969,,0.8991596698760986,,,,,,,,,,,1.0,1.0,,,,,2744,,,,0.0,,0.0,,0.0
,,,0.01718750037252903,,0.9140625,,,,,,,,,,,1.0,1.0,,,,,2745,,,,0.0,,0.0,,0.0
,,,0.014843749813735485,,0.8828125,,,,,,,,,,,1.0,1.0,,,,,2746,,,,0.0,,0.0,,0.0
,,,0.08510520309209824,,0.9174972772598267,,,,,,,,,,,1.0,1.0,,,,,2747,,,,0.0,,0.0,,0.0
,,,0.04765624925494194,,0.859375,,,,,,,,,,,1.0,1.0,,,,,2748,,,,0.0,,0.0,,0.0
,,,0.0503472238779068,,0.8828125,,,,,,,,,,,1.0,1.0,,,,,2749,,,,0.0,,0.0,,0.0
,,,0.08729630708694458,,0.863318920135498,,,,,,,,,,,1.0,1.0,,,,,2750,,,,0.0,,0.0,,0.0
,,,0.0434027761220932,,0.7109375,,,,,,,,,,,1.0,1.0,,,,,2751,,,,0.0,,0.0,,0.0
,,,0.02968749962747097,,0.7421875,,,,,,,,,,,1.0,1.0,,,,,2752,,,,0.0,,0.0,,0.0
,,,0.10357142984867096,,0.875,,,,,,,,,,,1.0,1.0,,,,,2753,,,,0.0,,0.0,,0.0
,,,0.03515625,,0.875,,,,,,,,,,,1.0,1.0,,,,,2754,,,,0.0,,0.0,,0.0
,,,0.046875,,0.8984375,,,,,,,,,,,1.0,1.0,,,,,2755,,,,0.0,,0.0,,0.0
,,,0.0947163999080658,,0.9444444179534912,,,,,,,,,,,1.0,1.0,,,,,2756,,,,0.0,,0.0,,0.0
,,,0.04765624925494194,,0.9765625,,,,,,,,,,,1.0,1.0,,,,,2757,,,,0.0,,0.0,,0.0
,,,0.046875,,0.984375,,,,,,,,,,,1.0,1.0,,,,,2758,,,,0.0,,0.0,,0.0
,,,0.06386701762676239,,0.9685039520263672,,,,,,,,,,,1.0,1.0,,,,,2759,,,,0.0,,0.0,,0.0
29,0.3473667502403259,0.3347885310649872,,0.81587815284729,,,,,,,,,,,,,,39.0565071105957,46907.78515625,3.6650094985961914,358.4565734863281,6629,,,0.0,,0.0,,0.0,
29,,,,,,0.6924965977668762,,1.0806193351745605,,19.40625,,,,,,,,,,,,6629,2.17346453666687,,,,,,,
,,,,,,,,,,,,,,0.00035286957338186517,0.03,,,,,,,6649,,,,,,,,
30,,,,,,,0.7117959856987,,1.1004679203033447,,19.4375,0.0003528492234181613,0.029999999329447746,,,1.0,1.0,,,,,6649,,2.0724663734436035,,,,,,
,,,,,,,,,,,,,,0.0003518469430131634,0.03,,,,,,,6699,,,,,,,,
30,,,,,,,0.7207045555114746,,1.0510268211364746,,16.515625,0.0003518263984005898,0.029999999329447746,,,1.0,1.0,,,,,6699,,2.2033615112304688,,,,,,
,,,,,,,,,,,,,,0.00035081485459478846,0.03,,,,,,,6749,,,,,,,,
30,,,,,,,0.7087115049362183,,1.1069048643112183,,19.90625,0.00035079411463811994,0.029999999329447746,,,1.0,1.0,,,,,6749,,2.5378336906433105,,,,,,
,,,,,,,,,,,,,,0.00034977337249693727,0.03,,,,,,,6799,,,,,,,,
30,,,,,,,0.7013877630233765,,1.0885947942733765,,19.359375,0.000349752459442243,0.029999999329447746,,,1.0,1.0,,,,,6799,,2.111027240753174,,,,,,
,,,,,,,,,,,,,,0.0003487225616756795,0.03,,,,,,,6849,,,,,,,,
30,,,,,,,0.7036176919937134,,1.0505415201187134,,17.34375,0.0003487014619167894,0.029999999329447746,,,1.0,1.0,,,,,6849,,2.0995655059814453,,,,,,
,,,0.05781250074505806,,0.9375,,,,,,,,,,,1.0,1.0,,,,,2760,,,,0.0,,0.0,,0.0
,,,0.0685763880610466,,0.953125,,,,,,,,,,,1.0,1.0,,,,,2761,,,,0.0,,0.0,,0.0
,,,0.139265775680542,,0.9283095002174377,,,,,,,,,,,1.0,1.0,,,,,2762,,,,0.0,,0.0,,0.0
,,,0.0837053582072258,,0.9921875,,,,,,,,,,,1.0,1.0,,,,,2763,,,,0.0,,0.0,,0.0
,,,0.0633680522441864,,0.9921875,,,,,,,,,,,1.0,1.0,,,,,2764,,,,0.0,,0.0,,0.0
,,,0.06730768829584122,,0.5945512652397156,,,,,,,,,,,1.0,1.0,,,,,2765,,,,0.0,,0.0,,0.0
,,,0.0034722222480922937,,0.3828125,,,,,,,,,,,1.0,1.0,,,,,2766,,,,0.0,,0.0,,0.0
,,,0.0034722222480922937,,0.4140625,,,,,,,,,,,1.0,1.0,,,,,2767,,,,0.0,,0.0,,0.0
,,,0.0233466736972332,,0.5231560468673706,,,,,,,,,,,1.0,1.0,,,,,2768,,,,0.0,,0.0,,0.0
,,,0.02864583395421505,,0.734375,,,,,,,,,,,1.0,1.0,,,,,2769,,,,0.0,,0.0,,0.0
,,,0.01953125,,0.7734375,,,,,,,,,,,1.0,1.0,,,,,2770,,,,0.0,,0.0,,0.0
,,,0.02812499925494194,,0.8203125,,,,,,,,,,,1.0,1.0,,,,,2771,,,,0.0,,0.0,,0.0
,,,0.18355555832386017,,0.9839999675750732,,,,,,,,,,,1.0,1.0,,,,,2772,,,,0.0,,0.0,,0.0
,,,0.1015625,,0.9453125,,,,,,,,,,,1.0,1.0,,,,,2773,,,,0.0,,0.0,,0.0
,,,0.1015625,,0.9453125,,,,,,,,,,,1.0,1.0,,,,,2774,,,,0.0,,0.0,,0.0
,,,0.09691877663135529,,0.924369752407074,,,,,,,,,,,1.0,1.0,,,,,2775,,,,0.0,,0.0,,0.0
,,,0.03125,,0.7734375,,,,,,,,,,,1.0,1.0,,,,,2776,,,,0.0,,0.0,,0.0
,,,0.02890625037252903,,0.8046875,,,,,,,,,,,1.0,1.0,,,,,2777,,,,0.0,,0.0,,0.0
,,,0.07948532700538635,,0.802489161491394,,,,,,,,,,,1.0,1.0,,,,,2778,,,,0.0,,0.0,,0.0
,,,0.02604166604578495,,0.796875,,,,,,,,,,,1.0,1.0,,,,,2779,,,,0.0,,0.0,,0.0
,,,0.01640624925494194,,0.734375,,,,,,,,,,,1.0,1.0,,,,,2780,,,,0.0,,0.0,,0.0
,,,0.07502421736717224,,0.856537938117981,,,,,,,,,,,1.0,1.0,,,,,2781,,,,0.0,,0.0,,0.0
,,,0.0615234375,,0.859375,,,,,,,,,,,1.0,1.0,,,,,2782,,,,0.0,,0.0,,0.0
,,,0.0598958320915699,,0.8359375,,,,,,,,,,,1.0,1.0,,,,,2783,,,,0.0,,0.0,,0.0
,,,0.0753694623708725,,0.8738915920257568,,,,,,,,,,,1.0,1.0,,,,,2784,,,,0.0,,0.0,,0.0
,,,0.02500000037252903,,0.859375,,,,,,,,,,,1.0,1.0,,,,,2785,,,,0.0,,0.0,,0.0
,,,0.0217013880610466,,0.828125,,,,,,,,,,,1.0,1.0,,,,,2786,,,,0.0,,0.0,,0.0
,,,0.028654087334871292,,0.6680502891540527,,,,,,,,,,,1.0,1.0,,,,,2787,,,,0.0,,0.0,,0.0
,,,0.0062500000931322575,,0.546875,,,,,,,,,,,1.0,1.0,,,,,2788,,,,0.0,,0.0,,0.0
,,,0.00434027798473835,,0.5,,,,,,,,,,,1.0,1.0,,,,,2789,,,,0.0,,0.0,,0.0
,,,0.05816689878702164,,0.7590970993041992,,,,,,,,,,,1.0,1.0,,,,,2790,,,,0.0,,0.0,,0.0
,,,0.0677083358168602,,0.9453125,,,,,,,,,,,1.0,1.0,,,,,2791,,,,0.0,,0.0,,0.0
,,,0.0729166641831398,,0.921875,,,,,,,,,,,1.0,1.0,,,,,2792,,,,0.0,,0.0,,0.0
,,,0.1388067901134491,,0.9655172824859619,,,,,,,,,,,1.0,1.0,,,,,2793,,,,0.0,,0.0,,0.0
,,,0.0712890625,,0.9921875,,,,,,,,,,,1.0,1.0,,,,,2794,,,,0.0,,0.0,,0.0
,,,0.0659722238779068,,0.9921875,,,,,,,,,,,1.0,1.0,,,,,2795,,,,0.0,,0.0,,0.0
,,,0.0688905268907547,,0.6477856636047363,,,,,,,,,,,1.0,1.0,,,,,2796,,,,0.0,,0.0,,0.0
,,,0.0026041667442768812,,0.3984375,,,,,,,,,,,1.0,1.0,,,,,2797,,,,0.0,,0.0,,0.0
,,,0.0052083334885537624,,0.3671875,,,,,,,,,,,1.0,1.0,,,,,2798,,,,0.0,,0.0,,0.0
,,,0.027404693886637688,,0.5200244188308716,,,,,,,,,,,1.0,1.0,,,,,2799,,,,0.0,,0.0,,0.0
,,,0.0217013880610466,,0.734375,,,,,,,,,,,1.0,1.0,,,,,2800,,,,0.0,,0.0,,0.0
,,,0.02578124962747097,,0.8046875,,,,,,,,,,,1.0,1.0,,,,,2801,,,,0.0,,0.0,,0.0
,,,0.12020201981067657,,0.9011363983154297,,,,,,,,,,,1.0,1.0,,,,,2802,,,,0.0,,0.0,,0.0
,,,0.1049107164144516,,0.9609375,,,,,,,,,,,1.0,1.0,,,,,2803,,,,0.0,,0.0,,0.0
,,,0.1158854141831398,,0.9453125,,,,,,,,,,,1.0,1.0,,,,,2804,,,,0.0,,0.0,,0.0
,,,0.1335262805223465,,0.9493116140365601,,,,,,,,,,,1.0,1.0,,,,,2805,,,,0.0,,0.0,,0.0
,,,0.03125,,0.765625,,,,,,,,,,,1.0,1.0,,,,,2806,,,,0.0,,0.0,,0.0
,,,0.03125,,0.84375,,,,,,,,,,,1.0,1.0,,,,,2807,,,,0.0,,0.0,,0.0
,,,0.03671874850988388,,0.7734375,,,,,,,,,,,1.0,1.0,,,,,2808,,,,0.0,,0.0,,0.0
,,,0.13735783100128174,,0.9055117964744568,,,,,,,,,,,1.0,1.0,,,,,2809,,,,0.0,,0.0,,0.0
,,,0.01953125,,0.7890625,,,,,,,,,,,1.0,1.0,,,,,2810,,,,0.0,,0.0,,0.0
,,,0.0173611119389534,,0.7578125,,,,,,,,,,,1.0,1.0,,,,,2811,,,,0.0,,0.0,,0.0
,,,0.06481481343507767,,0.8563218116760254,,,,,,,,,,,1.0,1.0,,,,,2812,,,,0.0,,0.0,,0.0
,,,0.0564236119389534,,0.8515625,,,,,,,,,,,1.0,1.0,,,,,2813,,,,0.0,,0.0,,0.0
,,,0.0598958320915699,,0.8515625,,,,,,,,,,,1.0,1.0,,,,,2814,,,,0.0,,0.0,,0.0
,,,0.07138491421937943,,0.8615695238113403,,,,,,,,,,,1.0,1.0,,,,,2815,,,,0.0,,0.0,,0.0
,,,0.0243055559694767,,0.859375,,,,,,,,,,,1.0,1.0,,,,,2816,,,,0.0,,0.0,,0.0
,,,0.0225694440305233,,0.8125,,,,,,,,,,,1.0,1.0,,,,,2817,,,,0.0,,0.0,,0.0
,,,0.02604166604578495,,0.6770833730697632,,,,,,,,,,,1.0,1.0,,,,,2818,,,,0.0,,0.0,,0.0
,,,0.0054687499068677425,,0.546875,,,,,,,,,,,1.0,1.0,,,,,2819,,,,0.0,,0.0,,0.0
,,,0.0023437500931322575,,0.5,,,,,,,,,,,1.0,1.0,,,,,2820,,,,0.0,,0.0,,0.0
,,,0.06528238952159882,,0.7685492634773254,,,,,,,,,,,1.0,1.0,,,,,2821,,,,0.0,,0.0,,0.0
,,,0.0677083358168602,,0.953125,,,,,,,,,,,1.0,1.0,,,,,2822,,,,0.0,,0.0,,0.0
,,,0.0729166641831398,,0.953125,,,,,,,,,,,1.0,1.0,,,,,2823,,,,0.0,,0.0,,0.0
,,,0.16187316179275513,,0.8911504745483398,,,,,,,,,,,1.0,1.0,,,,,2824,,,,0.0,,0.0,,0.0
,,,0.0616319440305233,,0.9921875,,,,,,,,,,,1.0,1.0,,,,,2825,,,,0.0,,0.0,,0.0
,,,0.0677083358168602,,0.984375,,,,,,,,,,,1.0,1.0,,,,,2826,,,,0.0,,0.0,,0.0
,,,0.06590908765792847,,0.6358585357666016,,,,,,,,,,,1.0,1.0,,,,,2827,,,,0.0,,0.0,,0.0
,,,0.0017361111240461469,,0.4296875,,,,,,,,,,,1.0,1.0,,,,,2828,,,,0.0,,0.0,,0.0
,,,0.0052083334885537624,,0.3046875,,,,,,,,,,,1.0,1.0,,,,,2829,,,,0.0,,0.0,,0.0
,,,0.02469135820865631,,0.574999988079071,,,,,,,,,,,1.0,1.0,,,,,2830,,,,0.0,,0.0,,0.0
,,,0.02690972201526165,,0.765625,,,,,,,,,,,1.0,1.0,,,,,2831,,,,0.0,,0.0,,0.0
,,,0.02734375,,0.8359375,,,,,,,,,,,1.0,1.0,,,,,2832,,,,0.0,,0.0,,0.0
,,,0.12694109976291656,,0.8759036064147949,,,,,,,,,,,1.0,1.0,,,,,2833,,,,0.0,,0.0,,0.0
,,,0.125,,0.9609375,,,,,,,,,,,1.0,1.0,,,,,2834,,,,0.0,,0.0,,0.0
,,,0.1171875,,0.9609375,,,,,,,,,,,1.0,1.0,,,,,2835,,,,0.0,,0.0,,0.0
,,,0.11377076804637909,,0.9121466875076294,,,,,,,,,,,1.0,1.0,,,,,2836,,,,0.0,,0.0,,0.0
,,,0.03125,,0.78125,,,,,,,,,,,1.0,1.0,,,,,2837,,,,0.0,,0.0,,0.0
,,,0.02864583395421505,,0.8046875,,,,,,,,,,,1.0,1.0,,,,,2838,,,,0.0,,0.0,,0.0
,,,0.06450719386339188,,0.7763012647628784,,,,,,,,,,,1.0,1.0,,,,,2839,,,,0.0,,0.0,,0.0
,,,0.0251736119389534,,0.796875,,,,,,,,,,,1.0,1.0,,,,,2840,,,,0.0,,0.0,,0.0
,,,0.014843749813735485,,0.78125,,,,,,,,,,,1.0,1.0,,,,,2841,,,,0.0,,0.0,,0.0
,,,0.09230314195156097,,0.8543398380279541,,,,,,,,,,,1.0,1.0,,,,,2842,,,,0.0,,0.0,,0.0
,,,0.0520833320915699,,0.84375,,,,,,,,,,,1.0,1.0,,,,,2843,,,,0.0,,0.0,,0.0
,,,0.0625,,0.859375,,,,,,,,,,,1.0,1.0,,,,,2844,,,,0.0,,0.0,,0.0
,,,0.0813492089509964,,0.9017857313156128,,,,,,,,,,,1.0,1.0,,,,,2845,,,,0.0,,0.0,,0.0
,,,0.02265625074505806,,0.828125,,,,,,,,,,,1.0,1.0,,,,,2846,,,,0.0,,0.0,,0.0
,,,0.02083333395421505,,0.859375,,,,,,,,,,,1.0,1.0,,,,,2847,,,,0.0,,0.0,,0.0
,,,0.03045843169093132,,0.5963481068611145,,,,,,,,,,,1.0,1.0,,,,,2848,,,,0.0,,0.0,,0.0
,,,0.008593750186264515,,0.5546875,,,,,,,,,,,1.0,1.0,,,,,2849,,,,0.0,,0.0,,0.0
,,,0.0052083334885537624,,0.453125,,,,,,,,,,,1.0,1.0,,,,,2850,,,,0.0,,0.0,,0.0
,,,0.0031496062874794006,,0.5826771855354309,,,,,,,,,,,1.0,1.0,,,,,2851,,,,0.0,,0.0,,0.0
30,0.3535929322242737,0.3502581715583801,,0.7844944000244141,,,,,,,,,,,,,,39.88304138183594,53043.44921875,3.6859512329101562,369.6991271972656,6850,,,0.0,,0.0,,0.0,
30,,,,,,0.6938323378562927,,1.0769089460372925,,19.153776168823242,,,,,,,,,,,,6850,2.161559581756592,,,,,,,
,,,,,,,,,,,,,,0.0003476624876689067,0.03,,,,,,,6899,,,,,,,,
31,,,,,,,0.7059139013290405,,1.0428279638290405,,16.84375,0.00034764118026942015,0.029999999329447746,,,1.0,1.0,,,,,6899,,2.12487530708313,,,,,,
,,,,,,,,,,,,,,0.00034659321659224546,0.03,,,,,,,6949,,,,,,,,
31,,,,,,,0.686130166053772,,1.101657509803772,,20.78125,0.000346571730915457,0.029999999329447746,,,1.0,1.0,,,,,6949,,1.9837043285369873,,,,,,
,,,,,,,,,,,,,,0.0003455148151349329,0.03,,,,,,,6999,,,,,,,,
31,,,,,,,0.6572417616844177,,1.0488433837890625,,19.578125,0.00034549314295873046,0.029999999329447746,,,1.0,1.0,,,,,6999,,2.1018428802490234,,,,,,
,,,,,,,,,,,,,,0.0003444273505556578,0.03,,,,,,,7049,,,,,,,,
31,,,,,,,0.6840951442718506,,1.0490853786468506,,18.25,0.00034440550371073186,0.029999999329447746,,,1.0,1.0,,,,,7049,,2.0524768829345703,,,,,,
,,,0.01128472201526165,,0.7734375,,,,,,,,,,,1.0,1.0,,,,,2852,,,,0.0,,0.0,,0.0
,,,0.009548611007630825,,0.71875,,,,,,,,,,,1.0,1.0,,,,,2853,,,,0.0,,0.0,,0.0
,,,0.07385405153036118,,0.7737440466880798,,,,,,,,,,,1.0,1.0,,,,,2854,,,,0.0,,0.0,,0.0
,,,0.068359375,,0.9375,,,,,,,,,,,1.0,1.0,,,,,2855,,,,0.0,,0.0,,0.0
,,,0.0770089253783226,,0.8671875,,,,,,,,,,,1.0,1.0,,,,,2856,,,,0.0,,0.0,,0.0
,,,0.06339031457901001,,0.7355769276618958,,,,,,,,,,,1.0,1.0,,,,,2857,,,,0.0,,0.0,,0.0
,,,0.0078125,,0.75,,,,,,,,,,,1.0,1.0,,,,,2858,,,,0.0,,0.0,,0.0
,,,0.0086805559694767,,0.7421875,,,,,,,,,,,1.0,1.0,,,,,2859,,,,0.0,,0.0,,0.0
,,,0.04059462249279022,,0.7212692499160767,,,,,,,,,,,1.0,1.0,,,,,2860,,,,0.0,,0.0,,0.0
,,,0.04296875,,0.828125,,,,,,,,,,,1.0,1.0,,,,,2861,,,,0.0,,0.0,,0.0
,,,0.02734375,,0.8828125,,,,,,,,,,,1.0,1.0,,,,,2862,,,,0.0,,0.0,,0.0
,,,0.03437500074505806,,0.9296875,,,,,,,,,,,1.0,1.0,,,,,2863,,,,0.0,,0.0,,0.0
,,,0.1326666623353958,,0.9559999704360962,,,,,,,,,,,1.0,1.0,,,,,2864,,,,0.0,,0.0,,0.0
,,,0.09375,,0.8359375,,,,,,,,,,,1.0,1.0,,,,,2865,,,,0.0,,0.0,,0.0
,,,0.0751953125,,0.8046875,,,,,,,,,,,1.0,1.0,,,,,2866,,,,0.0,,0.0,,0.0
,,,0.08434484899044037,,0.7796452045440674,,,,,,,,,,,1.0,1.0,,,,,2867,,,,0.0,,0.0,,0.0
,,,0.013020833022892475,,0.8125,,,,,,,,,,,1.0,1.0,,,,,2868,,,,0.0,,0.0,,0.0
,,,0.0234375,,0.796875,,,,,,,,,,,1.0,1.0,,,,,2869,,,,0.0,,0.0,,0.0
,,,0.052068304270505905,,0.8089826703071594,,,,,,,,,,,1.0,1.0,,,,,2870,,,,0.0,,0.0,,0.0
,,,0.0355902761220932,,0.8203125,,,,,,,,,,,1.0,1.0,,,,,2871,,,,0.0,,0.0,,0.0
,,,0.02187499962747097,,0.7890625,,,,,,,,,,,1.0,1.0,,,,,2872,,,,0.0,,0.0,,0.0
,,,0.08559568226337433,,0.9204233884811401,,,,,,,,,,,1.0,1.0,,,,,2873,,,,0.0,,0.0,,0.0
,,,0.0538194440305233,,0.9140625,,,,,,,,,,,1.0,1.0,,,,,2874,,,,0.0,,0.0,,0.0
,,,0.0477430559694767,,0.890625,,,,,,,,,,,1.0,1.0,,,,,2875,,,,0.0,,0.0,,0.0
,,,0.11565408110618591,,0.9241379499435425,,,,,,,,,,,1.0,1.0,,,,,2876,,,,0.0,,0.0,,0.0
,,,0.0982142835855484,,0.9375,,,,,,,,,,,1.0,1.0,,,,,2877,,,,0.0,,0.0,,0.0
,,,0.0737847238779068,,0.96875,,,,,,,,,,,1.0,1.0,,,,,2878,,,,0.0,,0.0,,0.0
,,,0.1324528306722641,,0.7280503511428833,,,,,,,,,,,1.0,1.0,,,,,2879,,,,0.0,,0.0,,0.0
,,,0.044921875,,0.6484375,,,,,,,,,,,1.0,1.0,,,,,2880,,,,0.0,,0.0,,0.0
,,,0.02734375,,0.4921875,,,,,,,,,,,1.0,1.0,,,,,2881,,,,0.0,,0.0,,0.0
,,,0.03994528204202652,,0.6313269734382629,,,,,,,,,,,1.0,1.0,,,,,2882,,,,0.0,,0.0,,0.0
,,,0.01215277798473835,,0.796875,,,,,,,,,,,1.0,1.0,,,,,2883,,,,0.0,,0.0,,0.0
,,,0.01215277798473835,,0.765625,,,,,,,,,,,1.0,1.0,,,,,2884,,,,0.0,,0.0,,0.0
,,,0.06778325140476227,,0.7775862216949463,,,,,,,,,,,1.0,1.0,,,,,2885,,,,0.0,,0.0,,0.0
,,,0.0654296875,,0.90625,,,,,,,,,,,1.0,1.0,,,,,2886,,,,0.0,,0.0,,0.0
,,,0.068359375,,0.8828125,,,,,,,,,,,1.0,1.0,,,,,2887,,,,0.0,,0.0,,0.0
,,,0.06989641487598419,,0.7367262244224548,,,,,,,,,,,1.0,1.0,,,,,2888,,,,0.0,,0.0,,0.0
,,,0.0078125,,0.7265625,,,,,,,,,,,1.0,1.0,,,,,2889,,,,0.0,,0.0,,0.0
,,,0.0052083334885537624,,0.765625,,,,,,,,,,,1.0,1.0,,,,,2890,,,,0.0,,0.0,,0.0
,,,0.0377153716981411,,0.7253968715667725,,,,,,,,,,,1.0,1.0,,,,,2891,,,,0.0,,0.0,,0.0
,,,0.044921875,,0.84375,,,,,,,,,,,1.0,1.0,,,,,2892,,,,0.0,,0.0,,0.0
,,,0.02656250074505806,,0.8984375,,,,,,,,,,,1.0,1.0,,,,,2893,,,,0.0,,0.0,,0.0
,,,0.11272726953029633,,0.9340909123420715,,,,,,,,,,,1.0,1.0,,,,,2894,,,,0.0,,0.0,,0.0
,,,0.0948660746216774,,0.859375,,,,,,,,,,,1.0,1.0,,,,,2895,,,,0.0,,0.0,,0.0
,,,0.0892857164144516,,0.8359375,,,,,,,,,,,1.0,1.0,,,,,2896,,,,0.0,,0.0,,0.0
,,,0.08753997832536697,,0.8213391900062561,,,,,,,,,,,1.0,1.0,,,,,2897,,,,0.0,,0.0,,0.0
,,,0.01215277798473835,,0.734375,,,,,,,,,,,1.0,1.0,,,,,2898,,,,0.0,,0.0,,0.0
,,,0.0126953125,,0.84375,,,,,,,,,,,1.0,1.0,,,,,2899,,,,0.0,,0.0,,0.0
,,,0.025390625,,0.8046875,,,,,,,,,,,1.0,1.0,,,,,2900,,,,0.0,,0.0,,0.0
,,,0.031496062874794006,,0.9251968860626221,,,,,,,,,,,1.0,1.0,,,,,2901,,,,0.0,,0.0,,0.0
,,,0.0338541679084301,,0.8046875,,,,,,,,,,,1.0,1.0,,,,,2902,,,,0.0,,0.0,,0.0
,,,0.02500000037252903,,0.8046875,,,,,,,,,,,1.0,1.0,,,,,2903,,,,0.0,,0.0,,0.0
,,,0.08237548172473907,,0.8620689511299133,,,,,,,,,,,1.0,1.0,,,,,2904,,,,0.0,,0.0,,0.0
,,,0.0451388880610466,,0.8671875,,,,,,,,,,,1.0,1.0,,,,,2905,,,,0.0,,0.0,,0.0
,,,0.0503472238779068,,0.9296875,,,,,,,,,,,1.0,1.0,,,,,2906,,,,0.0,,0.0,,0.0
,,,0.12720531225204468,,0.90117347240448,,,,,,,,,,,1.0,1.0,,,,,2907,,,,0.0,,0.0,,0.0
,,,0.078125,,0.9453125,,,,,,,,,,,1.0,1.0,,,,,2908,,,,0.0,,0.0,,0.0
,,,0.0849609375,,0.9765625,,,,,,,,,,,1.0,1.0,,,,,2909,,,,0.0,,0.0,,0.0
,,,0.140625,,0.734375,,,,,,,,,,,1.0,1.0,,,,,2910,,,,0.0,,0.0,,0.0
,,,0.0355902761220932,,0.625,,,,,,,,,,,1.0,1.0,,,,,2911,,,,0.0,,0.0,,0.0
,,,0.0295138880610466,,0.515625,,,,,,,,,,,1.0,1.0,,,,,2912,,,,0.0,,0.0,,0.0
,,,0.04390919208526611,,0.6459025144577026,,,,,,,,,,,1.0,1.0,,,,,2913,,,,0.0,,0.0,,0.0
,,,0.010416666977107525,,0.765625,,,,,,,,,,,1.0,1.0,,,,,2914,,,,0.0,,0.0,,0.0
,,,0.01171875,,0.7421875,,,,,,,,,,,1.0,1.0,,,,,2915,,,,0.0,,0.0,,0.0
,,,0.08220255374908447,,0.8312684297561646,,,,,,,,,,,1.0,1.0,,,,,2916,,,,0.0,,0.0,,0.0
,,,0.0792410746216774,,0.890625,,,,,,,,,,,1.0,1.0,,,,,2917,,,,0.0,,0.0,,0.0
,,,0.0598958320915699,,0.8515625,,,,,,,,,,,1.0,1.0,,,,,2918,,,,0.0,,0.0,,0.0
,,,0.05948372557759285,,0.7202019691467285,,,,,,,,,,,1.0,1.0,,,,,2919,,,,0.0,,0.0,,0.0
,,,0.0078125,,0.734375,,,,,,,,,,,1.0,1.0,,,,,2920,,,,0.0,,0.0,,0.0
,,,0.0052083334885537624,,0.6796875,,,,,,,,,,,1.0,1.0,,,,,2921,,,,0.0,,0.0,,0.0
,,,0.044650204479694366,,0.7574074268341064,,,,,,,,,,,1.0,1.0,,,,,2922,,,,0.0,,0.0,,0.0
,,,0.0347222238779068,,0.875,,,,,,,,,,,1.0,1.0,,,,,2923,,,,0.0,,0.0,,0.0
,,,0.02968749962747097,,0.8984375,,,,,,,,,,,1.0,1.0,,,,,2924,,,,0.0,,0.0,,0.0
,,,0.1225048378109932,,0.9416332244873047,,,,,,,,,,,1.0,1.0,,,,,2925,,,,0.0,,0.0,,0.0
,,,0.0970982164144516,,0.8515625,,,,,,,,,,,1.0,1.0,,,,,2926,,,,0.0,,0.0,,0.0
,,,0.0771484375,,0.828125,,,,,,,,,,,1.0,1.0,,,,,2927,,,,0.0,,0.0,,0.0
,,,0.07908213883638382,,0.7914438247680664,,,,,,,,,,,1.0,1.0,,,,,2928,,,,0.0,,0.0,,0.0
,,,0.0147569440305233,,0.7734375,,,,,,,,,,,1.0,1.0,,,,,2929,,,,0.0,,0.0,,0.0
,,,0.0146484375,,0.8046875,,,,,,,,,,,1.0,1.0,,,,,2930,,,,0.0,,0.0,,0.0
,,,0.053709857165813446,,0.8355481624603271,,,,,,,,,,,1.0,1.0,,,,,2931,,,,0.0,,0.0,,0.0
,,,0.0338541679084301,,0.828125,,,,,,,,,,,1.0,1.0,,,,,2932,,,,0.0,,0.0,,0.0
,,,0.02187499962747097,,0.796875,,,,,,,,,,,1.0,1.0,,,,,2933,,,,0.0,,0.0,,0.0
,,,0.09773491322994232,,0.896242082118988,,,,,,,,,,,1.0,1.0,,,,,2934,,,,0.0,,0.0,,0.0
,,,0.0538194440305233,,0.953125,,,,,,,,,,,1.0,1.0,,,,,2935,,,,0.0,,0.0,,0.0
,,,0.0442708320915699,,0.890625,,,,,,,,,,,1.0,1.0,,,,,2936,,,,0.0,,0.0,,0.0
,,,0.130952388048172,,0.9508928656578064,,,,,,,,,,,1.0,1.0,,,,,2937,,,,0.0,,0.0,,0.0
,,,0.0830078125,,0.9296875,,,,,,,,,,,1.0,1.0,,,,,2938,,,,0.0,,0.0,,0.0
,,,0.0849609375,,0.9609375,,,,,,,,,,,1.0,1.0,,,,,2939,,,,0.0,,0.0,,0.0
,,,0.13199301064014435,,0.7144522070884705,,,,,,,,,,,1.0,1.0,,,,,2940,,,,0.0,,0.0,,0.0
,,,0.0439453125,,0.59375,,,,,,,,,,,1.0,1.0,,,,,2941,,,,0.0,,0.0,,0.0
,,,0.02890625037252903,,0.5234375,,,,,,,,,,,1.0,1.0,,,,,2942,,,,0.0,,0.0,,0.0
,,,0.03499562665820122,,0.5826771855354309,,,,,,,,,,,1.0,1.0,,,,,2943,,,,0.0,,0.0,,0.0
31,0.35959190130233765,0.356265127658844,,0.8119018077850342,,,,,,,,,,,,,,39.669219970703125,46520.0,3.6805756092071533,364.7267150878906,7071,,,0.0,,0.0,,0.0,
31,,,,,,0.6892764568328857,,1.0637418031692505,,18.722991943359375,,,,,,,,,,,,7071,2.1203324794769287,,,,,,,
,,,,,,,,,,,,,,0.00034333089067836557,0.03,,,,,,,7099,,,,,,,,
32,,,,,,,0.6976492404937744,,1.0848562717437744,,19.359375,0.00034330887137912214,0.029999999329447746,,,1.0,1.0,,,,,7099,,2.356290340423584,,,,,,
,,,,,,,,,,,,,,0.00034222550388802867,0.03,,,,,,,7149,,,,,,,,
32,,,,,,,0.6985570192337036,,1.0615941286087036,,18.15625,0.0003422033041715622,0.029999999329447746,,,1.0,1.0,,,,,7149,,2.2751941680908203,,,,,,
,,,,,,,,,,,,,,0.00034111125912638084,0.03,,,,,,,7199,,,,,,,,
32,,,,,,,0.7050759792327881,,1.096433401107788,,19.5625,0.0003410888893995434,0.029999999329447746,,,1.0,1.0,,,,,7199,,2.1619324684143066,,,,,,
,,,,,,,,,,,,,,0.0003399882258876178,0.03,,,,,,,7249,,,,,,,,
32,,,,,,,0.6783760786056519,,1.0523995161056519,,18.703125,0.0003399656852707267,0.029999999329447746,,,1.0,1.0,,,,,7249,,2.19649076461792,,,,,,
,,,0.04062499850988388,,0.7109375,,,,,,,,,,,1.0,1.0,,,,,2944,,,,0.0,,0.0,,0.0
,,,0.0517578125,,0.671875,,,,,,,,,,,1.0,1.0,,,,,2945,,,,0.0,,0.0,,0.0
,,,0.09065721184015274,,0.7638430595397949,,,,,,,,,,,1.0,1.0,,,,,2946,,,,0.0,,0.0,,0.0
,,,0.03125,,0.921875,,,,,,,,,,,1.0,1.0,,,,,2947,,,,0.0,,0.0,,0.0
,,,0.0234375,,0.8359375,,,,,,,,,,,1.0,1.0,,,,,2948,,,,0.0,,0.0,,0.0
,,,0.049145299941301346,,0.9054487347602844,,,,,,,,,,,1.0,1.0,,,,,2949,,,,0.0,,0.0,,0.0
,,,0.0486111119389534,,0.984375,,,,,,,,,,,1.0,1.0,,,,,2950,,,,0.0,,0.0,,0.0
,,,0.0503472238779068,,0.9375,,,,,,,,,,,1.0,1.0,,,,,2951,,,,0.0,,0.0,,0.0
,,,0.10167714953422546,,0.948113203048706,,,,,,,,,,,1.0,1.0,,,,,2952,,,,0.0,,0.0,,0.0
,,,0.07421875,,0.9609375,,,,,,,,,,,1.0,1.0,,,,,2953,,,,0.0,,0.0,,0.0
,,,0.07421875,,0.9921875,,,,,,,,,,,1.0,1.0,,,,,2954,,,,0.0,,0.0,,0.0
,,,0.0737847238779068,,0.984375,,,,,,,,,,,1.0,1.0,,,,,2955,,,,0.0,,0.0,,0.0
,,,0.15533334016799927,,0.9359999895095825,,,,,,,,,,,1.0,1.0,,,,,2956,,,,0.0,,0.0,,0.0
,,,0.0712890625,,0.7734375,,,,,,,,,,,1.0,1.0,,,,,2957,,,,0.0,,0.0,,0.0
,,,0.0703125,,0.796875,,,,,,,,,,,1.0,1.0,,,,,2958,,,,0.0,,0.0,,0.0
,,,0.10582010447978973,,0.8814192414283752,,,,,,,,,,,1.0,1.0,,,,,2959,,,,0.0,,0.0,,0.0
,,,0.0347222238779068,,0.8984375,,,,,,,,,,,1.0,1.0,,,,,2960,,,,0.0,,0.0,,0.0
,,,0.0434027761220932,,0.9140625,,,,,,,,,,,1.0,1.0,,,,,2961,,,,0.0,,0.0,,0.0
,,,0.03667628392577171,,0.5395021438598633,,,,,,,,,,,1.0,1.0,,,,,2962,,,,0.0,,0.0,,0.0
,,,0.0015625000232830644,,0.4140625,,,,,,,,,,,1.0,1.0,,,,,2963,,,,0.0,,0.0,,0.0
,,,0.0031250000465661287,,0.3125,,,,,,,,,,,1.0,1.0,,,,,2964,,,,0.0,,0.0,,0.0
,,,0.0534246563911438,,0.59514319896698,,,,,,,,,,,1.0,1.0,,,,,2965,,,,0.0,,0.0,,0.0
,,,0.0572916679084301,,0.890625,,,,,,,,,,,1.0,1.0,,,,,2966,,,,0.0,,0.0,,0.0
,,,0.0572916679084301,,0.8359375,,,,,,,,,,,1.0,1.0,,,,,2967,,,,0.0,,0.0,,0.0
,,,0.061231523752212524,,0.7906403541564941,,,,,,,,,,,1.0,1.0,,,,,2968,,,,0.0,,0.0,,0.0
,,,0.0341796875,,0.7734375,,,,,,,,,,,1.0,1.0,,,,,2969,,,,0.0,,0.0,,0.0
,,,0.0164930559694767,,0.7421875,,,,,,,,,,,1.0,1.0,,,,,2970,,,,0.0,,0.0,,0.0
,,,0.07217330485582352,,0.8744654655456543,,,,,,,,,,,1.0,1.0,,,,,2971,,,,0.0,,0.0,,0.0
,,,0.0625,,0.984375,,,,,,,,,,,1.0,1.0,,,,,2972,,,,0.0,,0.0,,0.0
,,,0.0425347238779068,,0.953125,,,,,,,,,,,1.0,1.0,,,,,2973,,,,0.0,,0.0,,0.0
,,,0.09244870394468307,,0.8369356989860535,,,,,,,,,,,1.0,1.0,,,,,2974,,,,0.0,,0.0,,0.0
,,,0.048828125,,0.734375,,,,,,,,,,,1.0,1.0,,,,,2975,,,,0.0,,0.0,,0.0
,,,0.0442708320915699,,0.640625,,,,,,,,,,,1.0,1.0,,,,,2976,,,,0.0,,0.0,,0.0
,,,0.09495073556900024,,0.7963054180145264,,,,,,,,,,,1.0,1.0,,,,,2977,,,,0.0,,0.0,,0.0
,,,0.02690972201526165,,0.8671875,,,,,,,,,,,1.0,1.0,,,,,2978,,,,0.0,,0.0,,0.0
,,,0.0225694440305233,,0.859375,,,,,,,,,,,1.0,1.0,,,,,2979,,,,0.0,,0.0,,0.0
,,,0.06663404405117035,,0.9120381474494934,,,,,,,,,,,1.0,1.0,,,,,2980,,,,0.0,,0.0,,0.0
,,,0.05859375,,0.9609375,,,,,,,,,,,1.0,1.0,,,,,2981,,,,0.0,,0.0,,0.0
,,,0.0442708320915699,,0.921875,,,,,,,,,,,1.0,1.0,,,,,2982,,,,0.0,,0.0,,0.0
,,,0.11444851756095886,,0.9526251554489136,,,,,,,,,,,1.0,1.0,,,,,2983,,,,0.0,,0.0,,0.0
,,,0.0633680522441864,,0.9609375,,,,,,,,,,,1.0,1.0,,,,,2984,,,,0.0,,0.0,,0.0
,,,0.080078125,,1.0,,,,,,,,,,,1.0,1.0,,,,,2985,,,,0.0,,0.0,,0.0
,,,0.12979798018932343,,0.9443181753158569,,,,,,,,,,,1.0,1.0,,,,,2986,,,,0.0,,0.0,,0.0
,,,0.0732421875,,0.8203125,,,,,,,,,,,1.0,1.0,,,,,2987,,,,0.0,,0.0,,0.0
,,,0.0673828125,,0.765625,,,,,,,,,,,1.0,1.0,,,,,2988,,,,0.0,,0.0,,0.0
,,,0.14160557091236115,,0.8814142942428589,,,,,,,,,,,1.0,1.0,,,,,2989,,,,0.0,,0.0,,0.0
,,,0.0355902761220932,,0.84375,,,,,,,,,,,1.0,1.0,,,,,2990,,,,0.0,,0.0,,0.0
,,,0.0355902761220932,,0.8984375,,,,,,,,,,,1.0,1.0,,,,,2991,,,,0.0,,0.0,,0.0
,,,0.044921875,,0.8984375,,,,,,,,,,,1.0,1.0,,,,,2992,,,,0.0,,0.0,,0.0
,,,0.0017497813096269965,,0.6417322754859924,,,,,,,,,,,1.0,1.0,,,,,2993,,,,0.0,,0.0,,0.0
,,,0.0007812500116415322,,0.3984375,,,,,,,,,,,1.0,1.0,,,,,2994,,,,0.0,,0.0,,0.0
,,,0.0023437500931322575,,0.28125,,,,,,,,,,,1.0,1.0,,,,,2995,,,,0.0,,0.0,,0.0
,,,0.05086206644773483,,0.6566091775894165,,,,,,,,,,,1.0,1.0,,,,,2996,,,,0.0,,0.0,,0.0
,,,0.046875,,0.84375,,,,,,,,,,,1.0,1.0,,,,,2997,,,,0.0,,0.0,,0.0
,,,0.05156249925494194,,0.8671875,,,,,,,,,,,1.0,1.0,,,,,2998,,,,0.0,,0.0,,0.0
,,,0.06894022226333618,,0.7786945104598999,,,,,,,,,,,1.0,1.0,,,,,2999,,,,0.0,,0.0,,0.0
,,,0.02690972201526165,,0.7890625,,,,,,,,,,,1.0,1.0,,,,,3000,,,,0.0,,0.0,,0.0
,,,0.0234375,,0.75,,,,,,,,,,,1.0,1.0,,,,,3001,,,,0.0,,0.0,,0.0
,,,0.07754629850387573,,0.9114583730697632,,,,,,,,,,,1.0,1.0,,,,,3002,,,,0.0,,0.0,,0.0
,,,0.0512152761220932,,0.9609375,,,,,,,,,,,1.0,1.0,,,,,3003,,,,0.0,,0.0,,0.0
,,,0.0546875,,0.96875,,,,,,,,,,,1.0,1.0,,,,,3004,,,,0.0,,0.0,,0.0
,,,0.07879291474819183,,0.842746376991272,,,,,,,,,,,1.0,1.0,,,,,3005,,,,0.0,,0.0,,0.0
,,,0.0478515625,,0.703125,,,,,,,,,,,1.0,1.0,,,,,3006,,,,0.0,,0.0,,0.0
,,,0.046875,,0.6640625,,,,,,,,,,,1.0,1.0,,,,,3007,,,,0.0,,0.0,,0.0
,,,0.10427729040384293,,0.8312684297561646,,,,,,,,,,,1.0,1.0,,,,,3008,,,,0.0,,0.0,,0.0
,,,0.02777777798473835,,0.8125,,,,,,,,,,,1.0,1.0,,,,,3009,,,,0.0,,0.0,,0.0
,,,0.0234375,,0.8515625,,,,,,,,,,,1.0,1.0,,,,,3010,,,,0.0,,0.0,,0.0
,,,0.05982042849063873,,0.926262617111206,,,,,,,,,,,1.0,1.0,,,,,3011,,,,0.0,,0.0,,0.0
,,,0.0503472238779068,,0.9609375,,,,,,,,,,,1.0,1.0,,,,,3012,,,,0.0,,0.0,,0.0
,,,0.0442708320915699,,0.890625,,,,,,,,,,,1.0,1.0,,,,,3013,,,,0.0,,0.0,,0.0
,,,0.13045267760753632,,0.9611110687255859,,,,,,,,,,,1.0,1.0,,,,,3014,,,,0.0,,0.0,,0.0
,,,0.0659722238779068,,0.9765625,,,,,,,,,,,1.0,1.0,,,,,3015,,,,0.0,,0.0,,0.0
,,,0.0746527761220932,,0.9921875,,,,,,,,,,,1.0,1.0,,,,,3016,,,,0.0,,0.0,,0.0
,,,0.13720065355300903,,0.9457831382751465,,,,,,,,,,,1.0,1.0,,,,,3017,,,,0.0,,0.0,,0.0
,,,0.0703125,,0.828125,,,,,,,,,,,1.0,1.0,,,,,3018,,,,0.0,,0.0,,0.0
,,,0.0814732164144516,,0.7734375,,,,,,,,,,,1.0,1.0,,,,,3019,,,,0.0,,0.0,,0.0
,,,0.11328622698783875,,0.8533231616020203,,,,,,,,,,,1.0,1.0,,,,,3020,,,,0.0,,0.0,,0.0
,,,0.0347222238779068,,0.875,,,,,,,,,,,1.0,1.0,,,,,3021,,,,0.0,,0.0,,0.0
,,,0.0338541679084301,,0.8984375,,,,,,,,,,,1.0,1.0,,,,,3022,,,,0.0,,0.0,,0.0
,,,0.04528116434812546,,0.5431893467903137,,,,,,,,,,,1.0,1.0,,,,,3023,,,,0.0,,0.0,,0.0
,,,0.0017361111240461469,,0.34375,,,,,,,,,,,1.0,1.0,,,,,3024,,,,0.0,,0.0,,0.0
,,,0.0,,0.3359375,,,,,,,,,,,1.0,1.0,,,,,3025,,,,0.0,,0.0,,0.0
,,,0.06760890781879425,,0.6217159628868103,,,,,,,,,,,1.0,1.0,,,,,3026,,,,0.0,,0.0,,0.0
,,,0.046875,,0.875,,,,,,,,,,,1.0,1.0,,,,,3027,,,,0.0,,0.0,,0.0
,,,0.04765624925494194,,0.8828125,,,,,,,,,,,1.0,1.0,,,,,3028,,,,0.0,,0.0,,0.0
,,,0.0714285746216774,,0.7946428656578064,,,,,,,,,,,1.0,1.0,,,,,3029,,,,0.0,,0.0,,0.0
,,,0.029296875,,0.75,,,,,,,,,,,1.0,1.0,,,,,3030,,,,0.0,,0.0,,0.0
,,,0.0225694440305233,,0.7421875,,,,,,,,,,,1.0,1.0,,,,,3031,,,,0.0,,0.0,,0.0
,,,0.03289303183555603,,0.8974359035491943,,,,,,,,,,,1.0,1.0,,,,,3032,,,,0.0,,0.0,,0.0
,,,0.0537109375,,0.9765625,,,,,,,,,,,1.0,1.0,,,,,3033,,,,0.0,,0.0,,0.0
,,,0.0434027761220932,,0.96875,,,,,,,,,,,1.0,1.0,,,,,3034,,,,0.0,,0.0,,0.0
,,,0.05424322187900543,,0.9448819160461426,,,,,,,,,,,1.0,1.0,,,,,3035,,,,0.0,,0.0,,0.0
32,0.3706590235233307,0.37733104825019836,,0.8112205266952515,,,,,,,,,,,,,,39.74991989135742,56969.65234375,3.682607889175415,386.04205322265625,7292,,,0.0,,0.0,,0.0,
32,,,,,,0.6899114847183228,,1.0637890100479126,,18.69365119934082,,,,,,,,,,,,7292,2.128059148788452,,,,,,,
,,,,,,,,,,,,,,0.000338856474214062,0.03,,,,,,,7299,,,,,,,,
33,,,,,,,0.668627142906189,,1.074144721031189,,20.28125,0.00033883374999277294,0.029999999329447746,,,1.0,1.0,,,,,7299,,2.1270453929901123,,,,,,
,,,,,,,,,,,,,,0.00033771607469179556,0.03,,,,,,,7349,,,,,,,,
33,,,,,,,0.6701943278312683,,1.068631887435913,,19.921875,0.00033769317087717354,0.029999999329447746,,,1.0,1.0,,,,,7349,,2.124237537384033,,,,,,
,,,,,,,,,,,,,,0.0003365670984462574,0.03,,,,,,,7399,,,,,,,,
33,,,,,,,0.6732180714607239,,1.009155511856079,,16.796875,0.00033654403523541987,0.029999999329447746,,,1.0,1.0,,,,,7399,,2.0261118412017822,,,,,,
,,,,,,,,,,,,,,0.0003354096171378061,0.03,,,,,,,7449,,,,,,,,
33,,,,,,,0.6772757172584534,,1.0217580795288086,,17.21875,0.00033538637217134237,0.029999999329447746,,,1.0,1.0,,,,,7449,,1.8922584056854248,,,,,,
,,,,,,,,,,,,,,0.0003342437029572523,0.03,,,,,,,7499,,,,,,,,
33,,,,,,,0.7066001892089844,,1.0752525329589844,,18.4375,0.0003342202981002629,0.029999999329447746,,,1.0,1.0,,,,,7499,,2.010284900665283,,,,,,
,,,0.03515625,,0.8125,,,,,,,,,,,1.0,1.0,,,,,3036,,,,0.0,,0.0,,0.0
,,,0.0381944440305233,,0.8203125,,,,,,,,,,,1.0,1.0,,,,,3037,,,,0.0,,0.0,,0.0
,,,0.12023794651031494,,0.8837550282478333,,,,,,,,,,,1.0,1.0,,,,,3038,,,,0.0,,0.0,,0.0
,,,0.1276041716337204,,0.9296875,,,,,,,,,,,1.0,1.0,,,,,3039,,,,0.0,,0.0,,0.0
,,,0.078125,,0.984375,,,,,,,,,,,1.0,1.0,,,,,3040,,,,0.0,,0.0,,0.0
,,,0.11097756773233414,,0.927884578704834,,,,,,,,,,,1.0,1.0,,,,,3041,,,,0.0,,0.0,,0.0
,,,0.0107421875,,0.7578125,,,,,,,,,,,1.0,1.0,,,,,3042,,,,0.0,,0.0,,0.0
,,,0.02777777798473835,,0.7265625,,,,,,,,,,,1.0,1.0,,,,,3043,,,,0.0,,0.0,,0.0
,,,0.08245527744293213,,0.8233276605606079,,,,,,,,,,,1.0,1.0,,,,,3044,,,,0.0,,0.0,,0.0
,,,0.0703125,,0.90625,,,,,,,,,,,1.0,1.0,,,,,3045,,,,0.0,,0.0,,0.0
,,,0.0659722238779068,,0.9453125,,,,,,,,,,,1.0,1.0,,,,,3046,,,,0.0,,0.0,,0.0
,,,0.0625,,0.953125,,,,,,,,,,,1.0,1.0,,,,,3047,,,,0.0,,0.0,,0.0
,,,0.12966667115688324,,0.9440000057220459,,,,,,,,,,,1.0,1.0,,,,,3048,,,,0.0,,0.0,,0.0
,,,0.0849609375,,0.84375,,,,,,,,,,,1.0,1.0,,,,,3049,,,,0.0,,0.0,,0.0
,,,0.0771484375,,0.828125,,,,,,,,,,,1.0,1.0,,,,,3050,,,,0.0,,0.0,,0.0
,,,0.09835045039653778,,0.9024276733398438,,,,,,,,,,,1.0,1.0,,,,,3051,,,,0.0,,0.0,,0.0
,,,0.0243055559694767,,0.8984375,,,,,,,,,,,1.0,1.0,,,,,3052,,,,0.0,,0.0,,0.0
,,,0.021484375,,0.8984375,,,,,,,,,,,1.0,1.0,,,,,3053,,,,0.0,,0.0,,0.0
,,,0.12074829638004303,,0.9366883039474487,,,,,,,,,,,1.0,1.0,,,,,3054,,,,0.0,,0.0,,0.0
,,,0.0703125,,0.953125,,,,,,,,,,,1.0,1.0,,,,,3055,,,,0.0,,0.0,,0.0
,,,0.0615234375,,0.9453125,,,,,,,,,,,1.0,1.0,,,,,3056,,,,0.0,,0.0,,0.0
,,,0.0936211422085762,,0.865379810333252,,,,,,,,,,,1.0,1.0,,,,,3057,,,,0.0,,0.0,,0.0
,,,0.0364583320915699,,0.75,,,,,,,,,,,1.0,1.0,,,,,3058,,,,0.0,,0.0,,0.0
,,,0.0347222238779068,,0.7578125,,,,,,,,,,,1.0,1.0,,,,,3059,,,,0.0,,0.0,,0.0
,,,0.02857143059372902,,0.5507389307022095,,,,,,,,,,,1.0,1.0,,,,,3060,,,,0.0,,0.0,,0.0
,,,0.0,,0.3359375,,,,,,,,,,,1.0,1.0,,,,,3061,,,,0.0,,0.0,,0.0
,,,0.0,,0.3203125,,,,,,,,,,,1.0,1.0,,,,,3062,,,,0.0,,0.0,,0.0
,,,0.01048218086361885,,0.5757232904434204,,,,,,,,,,,1.0,1.0,,,,,3063,,,,0.0,,0.0,,0.0
,,,0.014508928172290325,,0.6640625,,,,,,,,,,,1.0,1.0,,,,,3064,,,,0.0,,0.0,,0.0
,,,0.013671875,,0.6640625,,,,,,,,,,,1.0,1.0,,,,,3065,,,,0.0,,0.0,,0.0
,,,0.0597127228975296,,0.7543091773986816,,,,,,,,,,,1.0,1.0,,,,,3066,,,,0.0,,0.0,,0.0
,,,0.03281249850988388,,0.84375,,,,,,,,,,,1.0,1.0,,,,,3067,,,,0.0,,0.0,,0.0
,,,0.0347222238779068,,0.8046875,,,,,,,,,,,1.0,1.0,,,,,3068,,,,0.0,,0.0,,0.0
,,,0.13306650519371033,,0.8866994976997375,,,,,,,,,,,1.0,1.0,,,,,3069,,,,0.0,,0.0,,0.0
,,,0.1049107164144516,,0.9453125,,,,,,,,,,,1.0,1.0,,,,,3070,,,,0.0,,0.0,,0.0
,,,0.0772569477558136,,0.9765625,,,,,,,,,,,1.0,1.0,,,,,3071,,,,0.0,,0.0,,0.0
,,,0.10732199251651764,,0.8574749231338501,,,,,,,,,,,1.0,1.0,,,,,3072,,,,0.0,,0.0,,0.0
,,,0.01909722201526165,,0.7890625,,,,,,,,,,,1.0,1.0,,,,,3073,,,,0.0,,0.0,,0.0
,,,0.01909722201526165,,0.6953125,,,,,,,,,,,1.0,1.0,,,,,3074,,,,0.0,,0.0,,0.0
,,,0.07176434993743896,,0.850915789604187,,,,,,,,,,,1.0,1.0,,,,,3075,,,,0.0,,0.0,,0.0
,,,0.0703125,,0.921875,,,,,,,,,,,1.0,1.0,,,,,3076,,,,0.0,,0.0,,0.0
,,,0.0732421875,,0.9453125,,,,,,,,,,,1.0,1.0,,,,,3077,,,,0.0,,0.0,,0.0
,,,0.142171710729599,,0.9397727251052856,,,,,,,,,,,1.0,1.0,,,,,3078,,,,0.0,,0.0,,0.0
,,,0.0859375,,0.8515625,,,,,,,,,,,1.0,1.0,,,,,3079,,,,0.0,,0.0,,0.0
,,,0.080078125,,0.8359375,,,,,,,,,,,1.0,1.0,,,,,3080,,,,0.0,,0.0,,0.0
,,,0.11185856908559799,,0.9014393091201782,,,,,,,,,,,1.0,1.0,,,,,3081,,,,0.0,,0.0,,0.0
,,,0.0245535708963871,,0.890625,,,,,,,,,,,1.0,1.0,,,,,3082,,,,0.0,,0.0,,0.0
,,,0.02690972201526165,,0.8671875,,,,,,,,,,,1.0,1.0,,,,,3083,,,,0.0,,0.0,,0.0
,,,0.0243055559694767,,0.90625,,,,,,,,,,,1.0,1.0,,,,,3084,,,,0.0,,0.0,,0.0
,,,0.1909448802471161,,0.9803149700164795,,,,,,,,,,,1.0,1.0,,,,,3085,,,,0.0,,0.0,,0.0
,,,0.06640625,,0.953125,,,,,,,,,,,1.0,1.0,,,,,3086,,,,0.0,,0.0,,0.0
,,,0.05859375,,0.9375,,,,,,,,,,,1.0,1.0,,,,,3087,,,,0.0,,0.0,,0.0
,,,0.0846104770898819,,0.8160919547080994,,,,,,,,,,,1.0,1.0,,,,,3088,,,,0.0,,0.0,,0.0
,,,0.0338541679084301,,0.78125,,,,,,,,,,,1.0,1.0,,,,,3089,,,,0.0,,0.0,,0.0
,,,0.0400390625,,0.796875,,,,,,,,,,,1.0,1.0,,,,,3090,,,,0.0,,0.0,,0.0
,,,0.03292180970311165,,0.5374037623405457,,,,,,,,,,,1.0,1.0,,,,,3091,,,,0.0,,0.0,,0.0
,,,0.0,,0.3046875,,,,,,,,,,,1.0,1.0,,,,,3092,,,,0.0,,0.0,,0.0
,,,0.0,,0.3671875,,,,,,,,,,,1.0,1.0,,,,,3093,,,,0.0,,0.0,,0.0
,,,0.012731481343507767,,0.640625,,,,,,,,,,,1.0,1.0,,,,,3094,,,,0.0,,0.0,,0.0
,,,0.008928571827709675,,0.6640625,,,,,,,,,,,1.0,1.0,,,,,3095,,,,0.0,,0.0,,0.0
,,,0.015625,,0.6875,,,,,,,,,,,1.0,1.0,,,,,3096,,,,0.0,,0.0,,0.0
,,,0.056893687695264816,,0.7583056688308716,,,,,,,,,,,1.0,1.0,,,,,3097,,,,0.0,,0.0,,0.0
,,,0.03203124925494194,,0.859375,,,,,,,,,,,1.0,1.0,,,,,3098,,,,0.0,,0.0,,0.0
,,,0.0347222238779068,,0.8125,,,,,,,,,,,1.0,1.0,,,,,3099,,,,0.0,,0.0,,0.0
,,,0.14108723402023315,,0.8690265417098999,,,,,,,,,,,1.0,1.0,,,,,3100,,,,0.0,,0.0,,0.0
,,,0.1004464253783226,,0.9453125,,,,,,,,,,,1.0,1.0,,,,,3101,,,,0.0,,0.0,,0.0
,,,0.08984375,,0.984375,,,,,,,,,,,1.0,1.0,,,,,3102,,,,0.0,,0.0,,0.0
,,,0.11082251369953156,,0.8772727251052856,,,,,,,,,,,1.0,1.0,,,,,3103,,,,0.0,,0.0,,0.0
,,,0.0217013880610466,,0.75,,,,,,,,,,,1.0,1.0,,,,,3104,,,,0.0,,0.0,,0.0
,,,0.0205078125,,0.75,,,,,,,,,,,1.0,1.0,,,,,3105,,,,0.0,,0.0,,0.0
,,,0.07847222685813904,,0.8537037372589111,,,,,,,,,,,1.0,1.0,,,,,3106,,,,0.0,,0.0,,0.0
,,,0.0771484375,,0.9375,,,,,,,,,,,1.0,1.0,,,,,3107,,,,0.0,,0.0,,0.0
,,,0.0668402761220932,,0.9453125,,,,,,,,,,,1.0,1.0,,,,,3108,,,,0.0,,0.0,,0.0
,,,0.1514725536108017,,0.9286479353904724,,,,,,,,,,,1.0,1.0,,,,,3109,,,,0.0,,0.0,,0.0
,,,0.0982142835855484,,0.859375,,,,,,,,,,,1.0,1.0,,,,,3110,,,,0.0,,0.0,,0.0
,,,0.078125,,0.84375,,,,,,,,,,,1.0,1.0,,,,,3111,,,,0.0,,0.0,,0.0
,,,0.09424780309200287,,0.866310179233551,,,,,,,,,,,1.0,1.0,,,,,3112,,,,0.0,,0.0,,0.0
,,,0.0224609375,,0.90625,,,,,,,,,,,1.0,1.0,,,,,3113,,,,0.0,,0.0,,0.0
,,,0.0234375,,0.875,,,,,,,,,,,1.0,1.0,,,,,3114,,,,0.0,,0.0,,0.0
,,,0.10237480700016022,,0.9357696771621704,,,,,,,,,,,1.0,1.0,,,,,3115,,,,0.0,,0.0,,0.0
,,,0.0691964253783226,,0.9609375,,,,,,,,,,,1.0,1.0,,,,,3116,,,,0.0,,0.0,,0.0
,,,0.0654296875,,0.9453125,,,,,,,,,,,1.0,1.0,,,,,3117,,,,0.0,,0.0,,0.0
,,,0.09699589759111404,,0.8994014263153076,,,,,,,,,,,1.0,1.0,,,,,3118,,,,0.0,,0.0,,0.0
,,,0.0390625,,0.7265625,,,,,,,,,,,1.0,1.0,,,,,3119,,,,0.0,,0.0,,0.0
,,,0.03125,,0.7421875,,,,,,,,,,,1.0,1.0,,,,,3120,,,,0.0,,0.0,,0.0
,,,0.0337301604449749,,0.5,,,,,,,,,,,1.0,1.0,,,,,3121,,,,0.0,,0.0,,0.0
,,,0.0,,0.3125,,,,,,,,,,,1.0,1.0,,,,,3122,,,,0.0,,0.0,,0.0
,,,0.0,,0.2890625,,,,,,,,,,,1.0,1.0,,,,,3123,,,,0.0,,0.0,,0.0
,,,0.0,,0.4949495196342468,,,,,,,,,,,1.0,1.0,,,,,3124,,,,0.0,,0.0,,0.0
,,,0.014508928172290325,,0.6640625,,,,,,,,,,,1.0,1.0,,,,,3125,,,,0.0,,0.0,,0.0
,,,0.0107421875,,0.65625,,,,,,,,,,,1.0,1.0,,,,,3126,,,,0.0,,0.0,,0.0
,,,0.013998250477015972,,0.7165354490280151,,,,,,,,,,,1.0,1.0,,,,,3127,,,,0.0,,0.0,,0.0
33,0.3668515682220459,0.35925260186195374,,0.7965676784515381,,,,,,,,,,,,,,41.813114166259766,41786.88671875,3.7332100868225098,358.197998046875,7513,,,0.0,,0.0,,0.0,
33,,,,,,0.6865856051445007,,1.0565086603164673,,18.495651245117188,,,,,,,,,,,,7513,2.116403102874756,,,,,,,
,,,,,,,,,,,,,,0.0003330694286213554,0.03,,,,,,,7549,,,,,,,,
34,,,,,,,0.6987168788909912,,1.0937364101409912,,19.75,0.0003330458712298423,0.029999999329447746,,,1.0,1.0,,,,,7549,,2.2046737670898438,,,,,,
,,,,,,,,,,,,,,0.00033188686736828797,0.03,,,,,,,7599,,,,,,,,
34,,,,,,,0.7006978988647461,,1.060805320739746,,18.0,0.0003318631206639111,0.029999999329447746,,,1.0,1.0,,,,,7599,,2.185025215148926,,,,,,
,,,,,,,,,,,,,,0.00033069609295306805,0.03,,,,,,,7649,,,,,,,,
34,,,,,,,0.7073890566825867,,1.0223305225372314,,15.75,0.00033067219192162156,0.029999999329447746,,,1.0,1.0,,,,,7649,,2.149264335632324,,,,,,
,,,,,,,,,,,,,,0.00032949717964296033,0.03,,,,,,,7699,,,,,,,,
34,,,,,,,0.6984623074531555,,1.0334231853485107,,16.75,0.00032947311410680413,0.029999999329447746,,,1.0,1.0,,,,,7699,,2.0397353172302246,,,,,,
,,,0.03281249850988388,,0.7109375,,,,,,,,,,,1.0,1.0,,,,,3128,,,,0.0,,0.0,,0.0
,,,0.03750000149011612,,0.7421875,,,,,,,,,,,1.0,1.0,,,,,3129,,,,0.0,,0.0,,0.0
,,,0.08650530874729156,,0.782361626625061,,,,,,,,,,,1.0,1.0,,,,,3130,,,,0.0,,0.0,,0.0
,,,0.0659722238779068,,0.9140625,,,,,,,,,,,1.0,1.0,,,,,3131,,,,0.0,,0.0,,0.0
,,,0.0615234375,,0.8828125,,,,,,,,,,,1.0,1.0,,,,,3132,,,,0.0,,0.0,,0.0
,,,0.07852564752101898,,0.8830127716064453,,,,,,,,,,,1.0,1.0,,,,,3133,,,,0.0,,0.0,,0.0
,,,0.02968749962747097,,0.9453125,,,,,,,,,,,1.0,1.0,,,,,3134,,,,0.0,,0.0,,0.0
,,,0.0355902761220932,,0.9375,,,,,,,,,,,1.0,1.0,,,,,3135,,,,0.0,,0.0,,0.0
,,,0.05060034245252609,,0.8250428438186646,,,,,,,,,,,1.0,1.0,,,,,3136,,,,0.0,,0.0,,0.0
,,,0.0234375,,0.7109375,,,,,,,,,,,1.0,1.0,,,,,3137,,,,0.0,,0.0,,0.0
,,,0.02421874925494194,,0.7265625,,,,,,,,,,,1.0,1.0,,,,,3138,,,,0.0,,0.0,,0.0
,,,0.02812499925494194,,0.703125,,,,,,,,,,,1.0,1.0,,,,,3139,,,,0.0,,0.0,,0.0
,,,0.16876190900802612,,0.9760000109672546,,,,,,,,,,,1.0,1.0,,,,,3140,,,,0.0,,0.0,,0.0
,,,0.1183035746216774,,0.9296875,,,,,,,,,,,1.0,1.0,,,,,3141,,,,0.0,,0.0,,0.0
,,,0.095703125,,0.9453125,,,,,,,,,,,1.0,1.0,,,,,3142,,,,0.0,,0.0,,0.0
,,,0.09206349402666092,,0.8361344337463379,,,,,,,,,,,1.0,1.0,,,,,3143,,,,0.0,,0.0,,0.0
,,,0.01796874962747097,,0.6875,,,,,,,,,,,1.0,1.0,,,,,3144,,,,0.0,,0.0,,0.0
,,,0.01640624925494194,,0.671875,,,,,,,,,,,1.0,1.0,,,,,3145,,,,0.0,,0.0,,0.0
,,,0.0720779225230217,,0.8744588494300842,,,,,,,,,,,1.0,1.0,,,,,3146,,,,0.0,,0.0,,0.0
,,,0.04921875149011612,,0.984375,,,,,,,,,,,1.0,1.0,,,,,3147,,,,0.0,,0.0,,0.0
,,,0.0460069440305233,,0.953125,,,,,,,,,,,1.0,1.0,,,,,3148,,,,0.0,,0.0,,0.0
,,,0.10293897986412048,,0.9520547986030579,,,,,,,,,,,1.0,1.0,,,,,3149,,,,0.0,,0.0,,0.0
,,,0.0503472238779068,,0.921875,,,,,,,,,,,1.0,1.0,,,,,3150,,,,0.0,,0.0,,0.0
,,,0.03828125074505806,,0.859375,,,,,,,,,,,1.0,1.0,,,,,3151,,,,0.0,,0.0,,0.0
,,,0.05950738862156868,,0.8926107883453369,,,,,,,,,,,1.0,1.0,,,,,3152,,,,0.0,,0.0,,0.0
,,,0.01718750037252903,,0.8359375,,,,,,,,,,,1.0,1.0,,,,,3153,,,,0.0,,0.0,,0.0
,,,0.01796874962747097,,0.890625,,,,,,,,,,,1.0,1.0,,,,,3154,,,,0.0,,0.0,,0.0
,,,0.06472955644130707,,0.797358512878418,,,,,,,,,,,1.0,1.0,,,,,3155,,,,0.0,,0.0,,0.0
,,,0.064453125,,0.828125,,,,,,,,,,,1.0,1.0,,,,,3156,,,,0.0,,0.0,,0.0
,,,0.0381944440305233,,0.7421875,,,,,,,,,,,1.0,1.0,,,,,3157,,,,0.0,,0.0,,0.0
,,,0.08076606690883636,,0.7311901450157166,,,,,,,,,,,1.0,1.0,,,,,3158,,,,0.0,,0.0,,0.0
,,,0.03515625,,0.734375,,,,,,,,,,,1.0,1.0,,,,,3159,,,,0.0,,0.0,,0.0
,,,0.03671874850988388,,0.6953125,,,,,,,,,,,1.0,1.0,,,,,3160,,,,0.0,,0.0,,0.0
,,,0.08645320683717728,,0.8293102979660034,,,,,,,,,,,1.0,1.0,,,,,3161,,,,0.0,,0.0,,0.0
,,,0.0642361119389534,,0.890625,,,,,,,,,,,1.0,1.0,,,,,3162,,,,0.0,,0.0,,0.0
,,,0.0546875,,0.8984375,,,,,,,,,,,1.0,1.0,,,,,3163,,,,0.0,,0.0,,0.0
,,,0.0757523849606514,,0.9224370121955872,,,,,,,,,,,1.0,1.0,,,,,3164,,,,0.0,,0.0,,0.0
,,,0.03281249850988388,,0.9453125,,,,,,,,,,,1.0,1.0,,,,,3165,,,,0.0,,0.0,,0.0
,,,0.03203124925494194,,0.9140625,,,,,,,,,,,1.0,1.0,,,,,3166,,,,0.0,,0.0,,0.0
,,,0.04231990501284599,,0.8062270879745483,,,,,,,,,,,1.0,1.0,,,,,3167,,,,0.0,,0.0,,0.0
,,,0.02500000037252903,,0.7109375,,,,,,,,,,,1.0,1.0,,,,,3168,,,,0.0,,0.0,,0.0
,,,0.02578124962747097,,0.7421875,,,,,,,,,,,1.0,1.0,,,,,3169,,,,0.0,,0.0,,0.0
,,,0.11840908229351044,,0.8386363983154297,,,,,,,,,,,1.0,1.0,,,,,3170,,,,0.0,,0.0,,0.0
,,,0.1341145783662796,,0.953125,,,,,,,,,,,1.0,1.0,,,,,3171,,,,0.0,,0.0,,0.0
,,,0.1138392835855484,,0.9140625,,,,,,,,,,,1.0,1.0,,,,,3172,,,,0.0,,0.0,,0.0
,,,0.0926157683134079,,0.8757822513580322,,,,,,,,,,,1.0,1.0,,,,,3173,,,,0.0,,0.0,,0.0
,,,0.014843749813735485,,0.6875,,,,,,,,,,,1.0,1.0,,,,,3174,,,,0.0,,0.0,,0.0
,,,0.01875000074505806,,0.6640625,,,,,,,,,,,1.0,1.0,,,,,3175,,,,0.0,,0.0,,0.0
,,,0.015625,,0.7109375,,,,,,,,,,,1.0,1.0,,,,,3176,,,,0.0,,0.0,,0.0
,,,0.06220472604036331,,0.9881889820098877,,,,,,,,,,,1.0,1.0,,,,,3177,,,,0.0,,0.0,,0.0
,,,0.0494791679084301,,0.9609375,,,,,,,,,,,1.0,1.0,,,,,3178,,,,0.0,,0.0,,0.0
,,,0.0512152761220932,,0.9765625,,,,,,,,,,,1.0,1.0,,,,,3179,,,,0.0,,0.0,,0.0
,,,0.10344827175140381,,0.9568965435028076,,,,,,,,,,,1.0,1.0,,,,,3180,,,,0.0,,0.0,,0.0
,,,0.04062499850988388,,0.859375,,,,,,,,,,,1.0,1.0,,,,,3181,,,,0.0,,0.0,,0.0
,,,0.05000000074505806,,0.8984375,,,,,,,,,,,1.0,1.0,,,,,3182,,,,0.0,,0.0,,0.0
,,,0.05856252461671829,,0.829482913017273,,,,,,,,,,,1.0,1.0,,,,,3183,,,,0.0,,0.0,,0.0
,,,0.01996527798473835,,0.8828125,,,,,,,,,,,1.0,1.0,,,,,3184,,,,0.0,,0.0,,0.0
,,,0.02187499962747097,,0.8671875,,,,,,,,,,,1.0,1.0,,,,,3185,,,,0.0,,0.0,,0.0
,,,0.06666666269302368,,0.8177083730697632,,,,,,,,,,,1.0,1.0,,,,,3186,,,,0.0,,0.0,,0.0
,,,0.0529513880610466,,0.8046875,,,,,,,,,,,1.0,1.0,,,,,3187,,,,0.0,,0.0,,0.0
,,,0.0390625,,0.765625,,,,,,,,,,,1.0,1.0,,,,,3188,,,,0.0,,0.0,,0.0
,,,0.08255814015865326,,0.712070882320404,,,,,,,,,,,1.0,1.0,,,,,3189,,,,0.0,,0.0,,0.0
,,,0.03281249850988388,,0.765625,,,,,,,,,,,1.0,1.0,,,,,3190,,,,0.0,,0.0,,0.0
,,,0.03515625,,0.6875,,,,,,,,,,,1.0,1.0,,,,,3191,,,,0.0,,0.0,,0.0
,,,0.10908554494380951,,0.8601770401000977,,,,,,,,,,,1.0,1.0,,,,,3192,,,,0.0,,0.0,,0.0
,,,0.0616319440305233,,0.84375,,,,,,,,,,,1.0,1.0,,,,,3193,,,,0.0,,0.0,,0.0
,,,0.0477430559694767,,0.9453125,,,,,,,,,,,1.0,1.0,,,,,3194,,,,0.0,,0.0,,0.0
,,,0.07070706784725189,,0.9080808162689209,,,,,,,,,,,1.0,1.0,,,,,3195,,,,0.0,,0.0,,0.0
,,,0.03515625,,0.9375,,,,,,,,,,,1.0,1.0,,,,,3196,,,,0.0,,0.0,,0.0
,,,0.02578124962747097,,0.8671875,,,,,,,,,,,1.0,1.0,,,,,3197,,,,0.0,,0.0,,0.0
,,,0.0394444465637207,,0.8425925970077515,,,,,,,,,,,1.0,1.0,,,,,3198,,,,0.0,,0.0,,0.0
,,,0.02777777798473835,,0.7578125,,,,,,,,,,,1.0,1.0,,,,,3199,,,,0.0,,0.0,,0.0
,,,0.02656250074505806,,0.7265625,,,,,,,,,,,1.0,1.0,,,,,3200,,,,0.0,,0.0,,0.0
,,,0.128484308719635,,0.8425703048706055,,,,,,,,,,,1.0,1.0,,,,,3201,,,,0.0,,0.0,,0.0
,,,0.13671875,,0.9375,,,,,,,,,,,1.0,1.0,,,,,3202,,,,0.0,,0.0,,0.0
,,,0.1116071417927742,,0.9375,,,,,,,,,,,1.0,1.0,,,,,3203,,,,0.0,,0.0,,0.0
,,,0.09075630456209183,,0.8147441148757935,,,,,,,,,,,1.0,1.0,,,,,3204,,,,0.0,,0.0,,0.0
,,,0.01406249962747097,,0.703125,,,,,,,,,,,1.0,1.0,,,,,3205,,,,0.0,,0.0,,0.0
,,,0.015625,,0.6484375,,,,,,,,,,,1.0,1.0,,,,,3206,,,,0.0,,0.0,,0.0
,,,0.07336655259132385,,0.8718161582946777,,,,,,,,,,,1.0,1.0,,,,,3207,,,,0.0,,0.0,,0.0
,,,0.05859375,,0.984375,,,,,,,,,,,1.0,1.0,,,,,3208,,,,0.0,,0.0,,0.0
,,,0.0390625,,0.9609375,,,,,,,,,,,1.0,1.0,,,,,3209,,,,0.0,,0.0,,0.0
,,,0.10006651282310486,,0.9735616445541382,,,,,,,,,,,1.0,1.0,,,,,3210,,,,0.0,,0.0,,0.0
,,,0.04453124850988388,,0.8828125,,,,,,,,,,,1.0,1.0,,,,,3211,,,,0.0,,0.0,,0.0
,,,0.03984374925494194,,0.8828125,,,,,,,,,,,1.0,1.0,,,,,3212,,,,0.0,,0.0,,0.0
,,,0.0669642835855484,,0.9017857313156128,,,,,,,,,,,1.0,1.0,,,,,3213,,,,0.0,,0.0,,0.0
,,,0.014843749813735485,,0.84375,,,,,,,,,,,1.0,1.0,,,,,3214,,,,0.0,,0.0,,0.0
,,,0.0217013880610466,,0.8984375,,,,,,,,,,,1.0,1.0,,,,,3215,,,,0.0,,0.0,,0.0
,,,0.060295261442661285,,0.8407148122787476,,,,,,,,,,,1.0,1.0,,,,,3216,,,,0.0,,0.0,,0.0
,,,0.0512152761220932,,0.8046875,,,,,,,,,,,1.0,1.0,,,,,3217,,,,0.0,,0.0,,0.0
,,,0.0434027761220932,,0.7734375,,,,,,,,,,,1.0,1.0,,,,,3218,,,,0.0,,0.0,,0.0
,,,0.04986876621842384,,0.7716535329818726,,,,,,,,,,,1.0,1.0,,,,,3219,,,,0.0,,0.0,,0.0
34,0.3801831603050232,0.39434170722961426,,0.8410825729370117,,,,,,,,,,,,,,42.487586975097656,42813.25390625,3.7492120265960693,345.23028564453125,7734,,,0.0,,0.0,,0.0,
34,,,,,,0.6875717639923096,,1.0499836206436157,,18.120651245117188,,,,,,,,,,,,7734,2.0902652740478516,,,,,,,
,,,,,,,,,,,,,,0.00032829020221284257,0.03,,,,,,,7749,,,,,,,,
35,,,,,,,0.6728415489196777,,1.0019431114196777,,16.453125,0.0003282659745309502,0.029999999329447746,,,1.0,1.0,,,,,7749,,1.9758267402648926,,,,,,
,,,,,,,,,,,,,,0.0003270752359405422,0.03,,,,,,,7799,,,,,,,,
35,,,,,,,0.6850075125694275,,1.0141091346740723,,16.453125,0.0003270508605055511,0.029999999329447746,,,1.0,1.0,,,,,7799,,2.049450159072876,,,,,,
,,,,,,,,,,,,,,0.0003258523566021427,0.03,,,,,,,7849,,,,,,,,
35,,,,,,,0.682012140750885,,1.0213675498962402,,16.96875,0.0003258278302382678,0.029999999329447746,,,1.0,1.0,,,,,7849,,2.1040587425231934,,,,,,
,,,,,,,,,,,,,,0.00032462164046725587,0.03,,,,,,,7899,,,,,,,,
35,,,,,,,0.7051799297332764,,1.0096232891082764,,15.2265625,0.00032459694193676114,0.029999999329447746,,,1.0,1.0,,,,,7899,,2.0233006477355957,,,,,,
,,,,,,,,,,,,,,0.000323383164294267,0.03,,,,,,,7949,,,,,,,,
35,,,,,,,0.7042094469070435,,1.0455180406570435,,17.0625,0.000323358312016353,0.029999999329447746,,,1.0,1.0,,,,,7949,,2.124072313308716,,,,,,
,,,0.0791015625,,0.921875,,,,,,,,,,,1.0,1.0,,,,,3220,,,,0.0,,0.0,,0.0
,,,0.08203125,,0.9453125,,,,,,,,,,,1.0,1.0,,,,,3221,,,,0.0,,0.0,,0.0
,,,0.11069856584072113,,0.862852931022644,,,,,,,,,,,1.0,1.0,,,,,3222,,,,0.0,,0.0,,0.0
,,,0.0251736119389534,,0.7734375,,,,,,,,,,,1.0,1.0,,,,,3223,,,,0.0,,0.0,,0.0
,,,0.0283203125,,0.7265625,,,,,,,,,,,1.0,1.0,,,,,3224,,,,0.0,,0.0,,0.0
,,,0.050569798797369,,0.8782051205635071,,,,,,,,,,,1.0,1.0,,,,,3225,,,,0.0,,0.0,,0.0
,,,0.0590277761220932,,0.984375,,,,,,,,,,,1.0,1.0,,,,,3226,,,,0.0,,0.0,,0.0
,,,0.0503472238779068,,0.96875,,,,,,,,,,,1.0,1.0,,,,,3227,,,,0.0,,0.0,,0.0
,,,0.06927768141031265,,0.8306175470352173,,,,,,,,,,,1.0,1.0,,,,,3228,,,,0.0,,0.0,,0.0
,,,0.02109375037252903,,0.703125,,,,,,,,,,,1.0,1.0,,,,,3229,,,,0.0,,0.0,,0.0
,,,0.01953125,,0.7265625,,,,,,,,,,,1.0,1.0,,,,,3230,,,,0.0,,0.0,,0.0
,,,0.02812499925494194,,0.78125,,,,,,,,,,,1.0,1.0,,,,,3231,,,,0.0,,0.0,,0.0
,,,0.1285925954580307,,0.7973333597183228,,,,,,,,,,,1.0,1.0,,,,,3232,,,,0.0,,0.0,,0.0
,,,0.0966796875,,0.9140625,,,,,,,,,,,1.0,1.0,,,,,3233,,,,0.0,,0.0,,0.0
,,,0.0789930522441864,,0.8828125,,,,,,,,,,,1.0,1.0,,,,,3234,,,,0.0,,0.0,,0.0
,,,0.14869281649589539,,0.8804855346679688,,,,,,,,,,,1.0,1.0,,,,,3235,,,,0.0,,0.0,,0.0
,,,0.044921875,,0.96875,,,,,,,,,,,1.0,1.0,,,,,3236,,,,0.0,,0.0,,0.0
,,,0.0442708320915699,,0.953125,,,,,,,,,,,1.0,1.0,,,,,3237,,,,0.0,,0.0,,0.0
,,,0.06505531817674637,,0.9107142686843872,,,,,,,,,,,1.0,1.0,,,,,3238,,,,0.0,,0.0,,0.0
,,,0.01640624925494194,,0.8984375,,,,,,,,,,,1.0,1.0,,,,,3239,,,,0.0,,0.0,,0.0
,,,0.015625,,0.8125,,,,,,,,,,,1.0,1.0,,,,,3240,,,,0.0,,0.0,,0.0
,,,0.039651308208703995,,0.7514321208000183,,,,,,,,,,,1.0,1.0,,,,,3241,,,,0.0,,0.0,,0.0
,,,0.02578124962747097,,0.546875,,,,,,,,,,,1.0,1.0,,,,,3242,,,,0.0,,0.0,,0.0
,,,0.02421874925494194,,0.53125,,,,,,,,,,,1.0,1.0,,,,,3243,,,,0.0,,0.0,,0.0
,,,0.06512315571308136,,0.7669950723648071,,,,,,,,,,,1.0,1.0,,,,,3244,,,,0.0,,0.0,,0.0
,,,0.0460069440305233,,0.9453125,,,,,,,,,,,1.0,1.0,,,,,3245,,,,0.0,,0.0,,0.0
,,,0.046875,,0.9765625,,,,,,,,,,,1.0,1.0,,,,,3246,,,,0.0,,0.0,,0.0
,,,0.09255066514015198,,0.8357232809066772,,,,,,,,,,,1.0,1.0,,,,,3247,,,,0.0,,0.0,,0.0
,,,0.0355902761220932,,0.78125,,,,,,,,,,,1.0,1.0,,,,,3248,,,,0.0,,0.0,,0.0
,,,0.02187499962747097,,0.671875,,,,,,,,,,,1.0,1.0,,,,,3249,,,,0.0,,0.0,,0.0
,,,0.10500076413154602,,0.8298221826553345,,,,,,,,,,,1.0,1.0,,,,,3250,,,,0.0,,0.0,,0.0
,,,0.06562499701976776,,0.9296875,,,,,,,,,,,1.0,1.0,,,,,3251,,,,0.0,,0.0,,0.0
,,,0.0791015625,,0.9140625,,,,,,,,,,,1.0,1.0,,,,,3252,,,,0.0,,0.0,,0.0
,,,0.10202518105506897,,0.8613300323486328,,,,,,,,,,,1.0,1.0,,,,,3253,,,,0.0,,0.0,,0.0
,,,0.02109375037252903,,0.7734375,,,,,,,,,,,1.0,1.0,,,,,3254,,,,0.0,,0.0,,0.0
,,,0.01996527798473835,,0.71875,,,,,,,,,,,1.0,1.0,,,,,3255,,,,0.0,,0.0,,0.0
,,,0.06331729143857956,,0.9105701446533203,,,,,,,,,,,1.0,1.0,,,,,3256,,,,0.0,,0.0,,0.0
,,,0.0572916679084301,,0.984375,,,,,,,,,,,1.0,1.0,,,,,3257,,,,0.0,,0.0,,0.0
,,,0.0512152761220932,,0.9453125,,,,,,,,,,,1.0,1.0,,,,,3258,,,,0.0,,0.0,,0.0
,,,0.05824176222085953,,0.8223443031311035,,,,,,,,,,,1.0,1.0,,,,,3259,,,,0.0,,0.0,,0.0
,,,0.0234375,,0.71875,,,,,,,,,,,1.0,1.0,,,,,3260,,,,0.0,,0.0,,0.0
,,,0.0225694440305233,,0.7265625,,,,,,,,,,,1.0,1.0,,,,,3261,,,,0.0,,0.0,,0.0
,,,0.12045454978942871,,0.8727272748947144,,,,,,,,,,,1.0,1.0,,,,,3262,,,,0.0,,0.0,,0.0
,,,0.0842013880610466,,0.90625,,,,,,,,,,,1.0,1.0,,,,,3263,,,,0.0,,0.0,,0.0
,,,0.1071428582072258,,0.8984375,,,,,,,,,,,1.0,1.0,,,,,3264,,,,0.0,,0.0,,0.0
,,,0.14721527695655823,,0.9414893388748169,,,,,,,,,,,1.0,1.0,,,,,3265,,,,0.0,,0.0,,0.0
,,,0.052734375,,0.9609375,,,,,,,,,,,1.0,1.0,,,,,3266,,,,0.0,,0.0,,0.0
,,,0.0458984375,,0.984375,,,,,,,,,,,1.0,1.0,,,,,3267,,,,0.0,,0.0,,0.0
,,,0.0512152761220932,,0.9609375,,,,,,,,,,,1.0,1.0,,,,,3268,,,,0.0,,0.0,,0.0
,,,0.013385826721787453,,0.9291338920593262,,,,,,,,,,,1.0,1.0,,,,,3269,,,,0.0,,0.0,,0.0
,,,0.01796874962747097,,0.8828125,,,,,,,,,,,1.0,1.0,,,,,3270,,,,0.0,,0.0,,0.0
,,,0.01406249962747097,,0.8359375,,,,,,,,,,,1.0,1.0,,,,,3271,,,,0.0,,0.0,,0.0
,,,0.0416666679084301,,0.6681034564971924,,,,,,,,,,,1.0,1.0,,,,,3272,,,,0.0,,0.0,,0.0
,,,0.02187499962747097,,0.5234375,,,,,,,,,,,1.0,1.0,,,,,3273,,,,0.0,,0.0,,0.0
,,,0.02500000037252903,,0.578125,,,,,,,,,,,1.0,1.0,,,,,3274,,,,0.0,,0.0,,0.0
,,,0.06479647755622864,,0.766593337059021,,,,,,,,,,,1.0,1.0,,,,,3275,,,,0.0,,0.0,,0.0
,,,0.046875,,0.9765625,,,,,,,,,,,1.0,1.0,,,,,3276,,,,0.0,,0.0,,0.0
,,,0.0538194440305233,,0.9765625,,,,,,,,,,,1.0,1.0,,,,,3277,,,,0.0,,0.0,,0.0
,,,0.0902777761220932,,0.8125,,,,,,,,,,,1.0,1.0,,,,,3278,,,,0.0,,0.0,,0.0
,,,0.0329861119389534,,0.7734375,,,,,,,,,,,1.0,1.0,,,,,3279,,,,0.0,,0.0,,0.0
,,,0.0225694440305233,,0.703125,,,,,,,,,,,1.0,1.0,,,,,3280,,,,0.0,,0.0,,0.0
,,,0.10944998264312744,,0.8222591876983643,,,,,,,,,,,1.0,1.0,,,,,3281,,,,0.0,,0.0,,0.0
,,,0.0755208358168602,,0.9375,,,,,,,,,,,1.0,1.0,,,,,3282,,,,0.0,,0.0,,0.0
,,,0.080078125,,0.921875,,,,,,,,,,,1.0,1.0,,,,,3283,,,,0.0,,0.0,,0.0
,,,0.10300885140895844,,0.9026548862457275,,,,,,,,,,,1.0,1.0,,,,,3284,,,,0.0,,0.0,,0.0
,,,0.0251736119389534,,0.7265625,,,,,,,,,,,1.0,1.0,,,,,3285,,,,0.0,,0.0,,0.0
,,,0.02083333395421505,,0.78125,,,,,,,,,,,1.0,1.0,,,,,3286,,,,0.0,,0.0,,0.0
,,,0.07878787815570831,,0.9075757265090942,,,,,,,,,,,1.0,1.0,,,,,3287,,,,0.0,,0.0,,0.0
,,,0.0546875,,0.984375,,,,,,,,,,,1.0,1.0,,,,,3288,,,,0.0,,0.0,,0.0
,,,0.0442708320915699,,0.9296875,,,,,,,,,,,1.0,1.0,,,,,3289,,,,0.0,,0.0,,0.0
,,,0.0882716104388237,,0.8564814925193787,,,,,,,,,,,1.0,1.0,,,,,3290,,,,0.0,,0.0,,0.0
,,,0.0234375,,0.703125,,,,,,,,,,,1.0,1.0,,,,,3291,,,,0.0,,0.0,,0.0
,,,0.02109375037252903,,0.7265625,,,,,,,,,,,1.0,1.0,,,,,3292,,,,0.0,,0.0,,0.0
,,,0.1198929026722908,,0.90321284532547,,,,,,,,,,,1.0,1.0,,,,,3293,,,,0.0,,0.0,,0.0
,,,0.09765625,,0.8984375,,,,,,,,,,,1.0,1.0,,,,,3294,,,,0.0,,0.0,,0.0
,,,0.091796875,,0.90625,,,,,,,,,,,1.0,1.0,,,,,3295,,,,0.0,,0.0,,0.0
,,,0.12460742145776749,,0.9150751233100891,,,,,,,,,,,1.0,1.0,,,,,3296,,,,0.0,,0.0,,0.0
,,,0.0558035708963871,,0.9609375,,,,,,,,,,,1.0,1.0,,,,,3297,,,,0.0,,0.0,,0.0
,,,0.046875,,0.9765625,,,,,,,,,,,1.0,1.0,,,,,3298,,,,0.0,,0.0,,0.0
,,,0.06555924564599991,,0.8931339979171753,,,,,,,,,,,1.0,1.0,,,,,3299,,,,0.0,,0.0,,0.0
,,,0.012500000186264515,,0.875,,,,,,,,,,,1.0,1.0,,,,,3300,,,,0.0,,0.0,,0.0
,,,0.014843749813735485,,0.8515625,,,,,,,,,,,1.0,1.0,,,,,3301,,,,0.0,,0.0,,0.0
,,,0.045527100563049316,,0.8259062170982361,,,,,,,,,,,1.0,1.0,,,,,3302,,,,0.0,,0.0,,0.0
,,,0.02421874925494194,,0.546875,,,,,,,,,,,1.0,1.0,,,,,3303,,,,0.0,,0.0,,0.0
,,,0.02421874925494194,,0.515625,,,,,,,,,,,1.0,1.0,,,,,3304,,,,0.0,,0.0,,0.0
,,,0.1071428582072258,,0.7901785373687744,,,,,,,,,,,1.0,1.0,,,,,3305,,,,0.0,,0.0,,0.0
,,,0.0425347238779068,,0.9375,,,,,,,,,,,1.0,1.0,,,,,3306,,,,0.0,,0.0,,0.0
,,,0.0517578125,,0.9765625,,,,,,,,,,,1.0,1.0,,,,,3307,,,,0.0,,0.0,,0.0
,,,0.09643442928791046,,0.7556332349777222,,,,,,,,,,,1.0,1.0,,,,,3308,,,,0.0,,0.0,,0.0
,,,0.0355902761220932,,0.765625,,,,,,,,,,,1.0,1.0,,,,,3309,,,,0.0,,0.0,,0.0
,,,0.02656250074505806,,0.703125,,,,,,,,,,,1.0,1.0,,,,,3310,,,,0.0,,0.0,,0.0
,,,0.03062117099761963,,0.7401574850082397,,,,,,,,,,,1.0,1.0,,,,,3311,,,,0.0,,0.0,,0.0
35,0.3780835270881653,0.384182870388031,,0.8379718065261841,,,,,,,,,,,,,,44.09416961669922,39776.953125,3.786327600479126,359.54071044921875,7955,,,0.0,,0.0,,0.0,
35,,,,,,0.6852129101753235,,1.0414296388626099,,17.810626983642578,,,,,,,,,,,,7955,2.0786190032958984,,,,,,,
,,,,,,,,,,,,,,0.00032213700532554427,0.03,,,,,,,7999,,,,,,,,
36,,,,,,,0.665244996547699,,1.0282821655273438,,18.15625,0.0003221119986847043,0.029999999329447746,,,1.0,1.0,,,,,7999,,1.9476213455200195,,,,,,
,,,,,,,,,,,,,,0.0003208832412826248,0.03,,,,,,,8049,,,,,,,,
36,,,,,,,0.6512962579727173,,1.0365501642227173,,19.265625,0.0003208580892533064,0.029999999329447746,,,1.0,1.0,,,,,8049,,2.103849411010742,,,,,,
,,,,,,,,,,,,,,0.00031962195036136493,0.03,,,,,,,8099,,,,,,,,
36,,,,,,,0.6684912443161011,,0.9973486661911011,,16.4375,0.0003195966419298202,0.029999999329447746,,,1.0,1.0,,,,,8099,,2.1094279289245605,,,,,,
,,,,,,,,,,,,,,0.0003183532112270643,0.03,,,,,,,8149,,,,,,,,
36,,,,,,,0.6907732486724854,,1.0254900455474854,,16.734375,0.0003183277731295675,0.029999999329447746,,,1.0,1.0,,,,,8149,,1.9554717540740967,,,,,,
,,,0.04453124850988388,,0.828125,,,,,,,,,,,1.0,1.0,,,,,3312,,,,0.0,,0.0,,0.0
,,,0.04140625149011612,,0.8984375,,,,,,,,,,,1.0,1.0,,,,,3313,,,,0.0,,0.0,,0.0
,,,0.10627062618732452,,0.9220755100250244,,,,,,,,,,,1.0,1.0,,,,,3314,,,,0.0,,0.0,,0.0
,,,0.0993303582072258,,0.9921875,,,,,,,,,,,1.0,1.0,,,,,3315,,,,0.0,,0.0,,0.0
,,,0.0694444477558136,,0.953125,,,,,,,,,,,1.0,1.0,,,,,3316,,,,0.0,,0.0,,0.0
,,,0.07692307978868484,,0.7836538553237915,,,,,,,,,,,1.0,1.0,,,,,3317,,,,0.0,,0.0,,0.0
,,,0.0031250000465661287,,0.53125,,,,,,,,,,,1.0,1.0,,,,,3318,,,,0.0,,0.0,,0.0
,,,0.0023437500931322575,,0.53125,,,,,,,,,,,1.0,1.0,,,,,3319,,,,0.0,,0.0,,0.0
,,,0.025557462126016617,,0.6496569514274597,,,,,,,,,,,1.0,1.0,,,,,3320,,,,0.0,,0.0,,0.0
,,,0.0263671875,,0.8125,,,,,,,,,,,1.0,1.0,,,,,3321,,,,0.0,,0.0,,0.0
,,,0.0234375,,0.84375,,,,,,,,,,,1.0,1.0,,,,,3322,,,,0.0,,0.0,,0.0
,,,0.02864583395421505,,0.8984375,,,,,,,,,,,1.0,1.0,,,,,3323,,,,0.0,,0.0,,0.0
,,,0.1259259283542633,,0.8013333082199097,,,,,,,,,,,1.0,1.0,,,,,3324,,,,0.0,,0.0,,0.0
,,,0.0798611119389534,,0.8984375,,,,,,,,,,,1.0,1.0,,,,,3325,,,,0.0,,0.0,,0.0
,,,0.0772569477558136,,0.9140625,,,,,,,,,,,1.0,1.0,,,,,3326,,,,0.0,,0.0,,0.0
,,,0.10196079313755035,,0.8940242528915405,,,,,,,,,,,1.0,1.0,,,,,3327,,,,0.0,,0.0,,0.0
,,,0.0390625,,0.828125,,,,,,,,,,,1.0,1.0,,,,,3328,,,,0.0,,0.0,,0.0
,,,0.0494791679084301,,0.8828125,,,,,,,,,,,1.0,1.0,,,,,3329,,,,0.0,,0.0,,0.0
,,,0.0830928385257721,,0.7943723201751709,,,,,,,,,,,1.0,1.0,,,,,3330,,,,0.0,,0.0,,0.0
,,,0.01718750037252903,,0.6875,,,,,,,,,,,1.0,1.0,,,,,3331,,,,0.0,,0.0,,0.0
,,,0.0173611119389534,,0.6015625,,,,,,,,,,,1.0,1.0,,,,,3332,,,,0.0,,0.0,,0.0
,,,0.055209629237651825,,0.7975093126296997,,,,,,,,,,,1.0,1.0,,,,,3333,,,,0.0,,0.0,,0.0
,,,0.03515625,,0.921875,,,,,,,,,,,1.0,1.0,,,,,3334,,,,0.0,,0.0,,0.0
,,,0.0321180559694767,,0.828125,,,,,,,,,,,1.0,1.0,,,,,3335,,,,0.0,,0.0,,0.0
,,,0.08762998878955841,,0.9241379499435425,,,,,,,,,,,1.0,1.0,,,,,3336,,,,0.0,,0.0,,0.0
,,,0.0654296875,,0.890625,,,,,,,,,,,1.0,1.0,,,,,3337,,,,0.0,,0.0,,0.0
,,,0.0607638880610466,,0.9140625,,,,,,,,,,,1.0,1.0,,,,,3338,,,,0.0,,0.0,,0.0
,,,0.08973585069179535,,0.9183647632598877,,,,,,,,,,,1.0,1.0,,,,,3339,,,,0.0,,0.0,,0.0
,,,0.0572916679084301,,0.9609375,,,,,,,,,,,1.0,1.0,,,,,3340,,,,0.0,,0.0,,0.0
,,,0.0477430559694767,,0.8515625,,,,,,,,,,,1.0,1.0,,,,,3341,,,,0.0,,0.0,,0.0
,,,0.1064295545220375,,0.8774281740188599,,,,,,,,,,,1.0,1.0,,,,,3342,,,,0.0,,0.0,,0.0
,,,0.0451388880610466,,0.84375,,,,,,,,,,,1.0,1.0,,,,,3343,,,,0.0,,0.0,,0.0
,,,0.04140625149011612,,0.890625,,,,,,,,,,,1.0,1.0,,,,,3344,,,,0.0,,0.0,,0.0
,,,0.10275861620903015,,0.9583743810653687,,,,,,,,,,,1.0,1.0,,,,,3345,,,,0.0,,0.0,,0.0
,,,0.0948660746216774,,0.9765625,,,,,,,,,,,1.0,1.0,,,,,3346,,,,0.0,,0.0,,0.0
,,,0.06718750298023224,,0.9453125,,,,,,,,,,,1.0,1.0,,,,,3347,,,,0.0,,0.0,,0.0
,,,0.08196721225976944,,0.7507952451705933,,,,,,,,,,,1.0,1.0,,,,,3348,,,,0.0,,0.0,,0.0
,,,0.004687500186264515,,0.53125,,,,,,,,,,,1.0,1.0,,,,,3349,,,,0.0,,0.0,,0.0
,,,0.0015625000232830644,,0.5234375,,,,,,,,,,,1.0,1.0,,,,,3350,,,,0.0,,0.0,,0.0
,,,0.02163614146411419,,0.6537240743637085,,,,,,,,,,,1.0,1.0,,,,,3351,,,,0.0,,0.0,,0.0
,,,0.0251736119389534,,0.8203125,,,,,,,,,,,1.0,1.0,,,,,3352,,,,0.0,,0.0,,0.0
,,,0.0225694440305233,,0.859375,,,,,,,,,,,1.0,1.0,,,,,3353,,,,0.0,,0.0,,0.0
,,,0.12601010501384735,,0.905681848526001,,,,,,,,,,,1.0,1.0,,,,,3354,,,,0.0,,0.0,,0.0
,,,0.1082589253783226,,0.921875,,,,,,,,,,,1.0,1.0,,,,,3355,,,,0.0,,0.0,,0.0
,,,0.0789930522441864,,0.8984375,,,,,,,,,,,1.0,1.0,,,,,3356,,,,0.0,,0.0,,0.0
,,,0.11069391667842865,,0.9333541989326477,,,,,,,,,,,1.0,1.0,,,,,3357,,,,0.0,,0.0,,0.0
,,,0.0364583320915699,,0.859375,,,,,,,,,,,1.0,1.0,,,,,3358,,,,0.0,,0.0,,0.0
,,,0.0425347238779068,,0.8828125,,,,,,,,,,,1.0,1.0,,,,,3359,,,,0.0,,0.0,,0.0
,,,0.0538194440305233,,0.8671875,,,,,,,,,,,1.0,1.0,,,,,3360,,,,0.0,,0.0,,0.0
,,,0.11732283234596252,,0.8346456289291382,,,,,,,,,,,1.0,1.0,,,,,3361,,,,0.0,,0.0,,0.0
,,,0.01796874962747097,,0.6953125,,,,,,,,,,,1.0,1.0,,,,,3362,,,,0.0,,0.0,,0.0
,,,0.015625,,0.6015625,,,,,,,,,,,1.0,1.0,,,,,3363,,,,0.0,,0.0,,0.0
,,,0.0477011501789093,,0.7902299165725708,,,,,,,,,,,1.0,1.0,,,,,3364,,,,0.0,,0.0,,0.0
,,,0.03125,,0.8671875,,,,,,,,,,,1.0,1.0,,,,,3365,,,,0.0,,0.0,,0.0
,,,0.0390625,,0.875,,,,,,,,,,,1.0,1.0,,,,,3366,,,,0.0,,0.0,,0.0
,,,0.0871124193072319,,0.9147415161132812,,,,,,,,,,,1.0,1.0,,,,,3367,,,,0.0,,0.0,,0.0
,,,0.07421875,,0.8828125,,,,,,,,,,,1.0,1.0,,,,,3368,,,,0.0,,0.0,,0.0
,,,0.0555555559694767,,0.9375,,,,,,,,,,,1.0,1.0,,,,,3369,,,,0.0,,0.0,,0.0
,,,0.1111111044883728,,0.875,,,,,,,,,,,1.0,1.0,,,,,3370,,,,0.0,,0.0,,0.0
,,,0.046875,,0.90625,,,,,,,,,,,1.0,1.0,,,,,3371,,,,0.0,,0.0,,0.0
,,,0.0595703125,,0.8984375,,,,,,,,,,,1.0,1.0,,,,,3372,,,,0.0,,0.0,,0.0
,,,0.09651163220405579,,0.8651716709136963,,,,,,,,,,,1.0,1.0,,,,,3373,,,,0.0,,0.0,,0.0
,,,0.03984374925494194,,0.8671875,,,,,,,,,,,1.0,1.0,,,,,3374,,,,0.0,,0.0,,0.0
,,,0.0460069440305233,,0.9140625,,,,,,,,,,,1.0,1.0,,,,,3375,,,,0.0,,0.0,,0.0
,,,0.14240412414073944,,0.9289085865020752,,,,,,,,,,,1.0,1.0,,,,,3376,,,,0.0,,0.0,,0.0
,,,0.0959821417927742,,0.9609375,,,,,,,,,,,1.0,1.0,,,,,3377,,,,0.0,,0.0,,0.0
,,,0.08203125,,0.9296875,,,,,,,,,,,1.0,1.0,,,,,3378,,,,0.0,,0.0,,0.0
,,,0.0884399563074112,,0.7494949102401733,,,,,,,,,,,1.0,1.0,,,,,3379,,,,0.0,,0.0,,0.0
,,,0.00390625,,0.5234375,,,,,,,,,,,1.0,1.0,,,,,3380,,,,0.0,,0.0,,0.0
,,,0.0026041667442768812,,0.4609375,,,,,,,,,,,1.0,1.0,,,,,3381,,,,0.0,,0.0,,0.0
,,,0.021296296268701553,,0.6620370149612427,,,,,,,,,,,1.0,1.0,,,,,3382,,,,0.0,,0.0,,0.0
,,,0.0217013880610466,,0.828125,,,,,,,,,,,1.0,1.0,,,,,3383,,,,0.0,,0.0,,0.0
,,,0.0303819440305233,,0.859375,,,,,,,,,,,1.0,1.0,,,,,3384,,,,0.0,,0.0,,0.0
,,,0.1170608326792717,,0.920348048210144,,,,,,,,,,,1.0,1.0,,,,,3385,,,,0.0,,0.0,,0.0
,,,0.09375,,0.8984375,,,,,,,,,,,1.0,1.0,,,,,3386,,,,0.0,,0.0,,0.0
,,,0.0869140625,,0.921875,,,,,,,,,,,1.0,1.0,,,,,3387,,,,0.0,,0.0,,0.0
,,,0.10941346734762192,,0.908708930015564,,,,,,,,,,,1.0,1.0,,,,,3388,,,,0.0,,0.0,,0.0
,,,0.0381944440305233,,0.828125,,,,,,,,,,,1.0,1.0,,,,,3389,,,,0.0,,0.0,,0.0
,,,0.0442708320915699,,0.8984375,,,,,,,,,,,1.0,1.0,,,,,3390,,,,0.0,,0.0,,0.0
,,,0.08194906264543533,,0.7516611218452454,,,,,,,,,,,1.0,1.0,,,,,3391,,,,0.0,,0.0,,0.0
,,,0.014843749813735485,,0.6640625,,,,,,,,,,,1.0,1.0,,,,,3392,,,,0.0,,0.0,,0.0
,,,0.0164930559694767,,0.6484375,,,,,,,,,,,1.0,1.0,,,,,3393,,,,0.0,,0.0,,0.0
,,,0.05889960378408432,,0.8086131811141968,,,,,,,,,,,1.0,1.0,,,,,3394,,,,0.0,,0.0,,0.0
,,,0.03125,,0.890625,,,,,,,,,,,1.0,1.0,,,,,3395,,,,0.0,,0.0,,0.0
,,,0.02864583395421505,,0.859375,,,,,,,,,,,1.0,1.0,,,,,3396,,,,0.0,,0.0,,0.0
,,,0.1210317462682724,,0.9419642686843872,,,,,,,,,,,1.0,1.0,,,,,3397,,,,0.0,,0.0,,0.0
,,,0.0590277761220932,,0.8984375,,,,,,,,,,,1.0,1.0,,,,,3398,,,,0.0,,0.0,,0.0
,,,0.0581597238779068,,0.8984375,,,,,,,,,,,1.0,1.0,,,,,3399,,,,0.0,,0.0,,0.0
,,,0.09738409519195557,,0.9118103981018066,,,,,,,,,,,1.0,1.0,,,,,3400,,,,0.0,,0.0,,0.0
,,,0.0538194440305233,,0.9609375,,,,,,,,,,,1.0,1.0,,,,,3401,,,,0.0,,0.0,,0.0
,,,0.0460069440305233,,0.8828125,,,,,,,,,,,1.0,1.0,,,,,3402,,,,0.0,,0.0,,0.0
,,,0.05686789005994797,,0.8976377844810486,,,,,,,,,,,1.0,1.0,,,,,3403,,,,0.0,,0.0,,0.0
36,0.38333454728126526,0.39559605717658997,,0.8352969884872437,,,,,,,,,,,,,,43.637088775634766,46195.21484375,3.775907516479492,356.2143249511719,8176,,,0.0,,0.0,,0.0,
36,,,,,,0.6847469806671143,,1.0391486883163452,,17.720340728759766,,,,,,,,,,,,8176,2.087857961654663,,,,,,,
,,,,,,,,,,,,,,0.0003170771030095588,0.03,,,,,,,8199,,,,,,,,
37,,,,,,,0.6928936243057251,,1.013938546180725,,16.046875,0.0003170515119563788,0.029999999329447746,,,1.0,1.0,,,,,8199,,1.9502713680267334,,,,,,
,,,,,,,,,,,,,,0.0003157937052982864,0.03,,,,,,,8249,,,,,,,,
37,,,,,,,0.671371579170227,,1.021957516670227,,17.53125,0.00031576797482557595,0.029999999329447746,,,1.0,1.0,,,,,8249,,1.8341107368469238,,,,,,
,,,,,,,,,,,,,,0.00031450309813732156,0.03,,,,,,,8299,,,,,,,,
37,,,,,,,0.7003953456878662,,1.0150926113128662,,15.734375,0.0003144772199448198,0.029999999329447746,,,1.0,1.0,,,,,8299,,1.8918766975402832,,,,,,
,,,,,,,,,,,,,,0.00031320536202038523,0.03,,,,,,,8349,,,,,,,,
37,,,,,,,0.6739921569824219,,1.0326347351074219,,17.9375,0.00031317933462560177,0.029999999329447746,,,1.0,1.0,,,,,8349,,1.9473909139633179,,,,,,
,,,0.0725446417927742,,0.8828125,,,,,,,,,,,1.0,1.0,,,,,3404,,,,0.0,,0.0,,0.0
,,,0.0595703125,,0.9453125,,,,,,,,,,,1.0,1.0,,,,,3405,,,,0.0,,0.0,,0.0
,,,0.08764210343360901,,0.8764209747314453,,,,,,,,,,,1.0,1.0,,,,,3406,,,,0.0,,0.0,,0.0
,,,0.0458984375,,0.828125,,,,,,,,,,,1.0,1.0,,,,,3407,,,,0.0,,0.0,,0.0
,,,0.0399305559694767,,0.796875,,,,,,,,,,,1.0,1.0,,,,,3408,,,,0.0,,0.0,,0.0
,,,0.08493590354919434,,0.8397436141967773,,,,,,,,,,,1.0,1.0,,,,,3409,,,,0.0,,0.0,,0.0
,,,0.0234375,,0.8359375,,,,,,,,,,,1.0,1.0,,,,,3410,,,,0.0,,0.0,,0.0
,,,0.01640624925494194,,0.84375,,,,,,,,,,,1.0,1.0,,,,,3411,,,,0.0,,0.0,,0.0
,,,0.06526586413383484,,0.860205888748169,,,,,,,,,,,1.0,1.0,,,,,3412,,,,0.0,,0.0,,0.0
,,,0.041015625,,0.8828125,,,,,,,,,,,1.0,1.0,,,,,3413,,,,0.0,,0.0,,0.0
,,,0.044921875,,0.8828125,,,,,,,,,,,1.0,1.0,,,,,3414,,,,0.0,,0.0,,0.0
,,,0.0538194440305233,,0.8828125,,,,,,,,,,,1.0,1.0,,,,,3415,,,,0.0,,0.0,,0.0
,,,0.09413333237171173,,0.765333354473114,,,,,,,,,,,1.0,1.0,,,,,3416,,,,0.0,,0.0,,0.0
,,,0.05624999850988388,,0.8671875,,,,,,,,,,,1.0,1.0,,,,,3417,,,,0.0,,0.0,,0.0
,,,0.05000000074505806,,0.8203125,,,,,,,,,,,1.0,1.0,,,,,3418,,,,0.0,,0.0,,0.0
,,,0.050108931958675385,,0.6998132467269897,,,,,,,,,,,1.0,1.0,,,,,3419,,,,0.0,,0.0,,0.0
,,,0.00937500037252903,,0.5859375,,,,,,,,,,,1.0,1.0,,,,,3420,,,,0.0,,0.0,,0.0
,,,0.010416666977107525,,0.5234375,,,,,,,,,,,1.0,1.0,,,,,3421,,,,0.0,,0.0,,0.0
,,,0.06006493419408798,,0.7207792401313782,,,,,,,,,,,1.0,1.0,,,,,3422,,,,0.0,,0.0,,0.0
,,,0.0538194440305233,,0.9453125,,,,,,,,,,,1.0,1.0,,,,,3423,,,,0.0,,0.0,,0.0
,,,0.04609375074505806,,0.890625,,,,,,,,,,,1.0,1.0,,,,,3424,,,,0.0,,0.0,,0.0
,,,0.08378580212593079,,0.8288916349411011,,,,,,,,,,,1.0,1.0,,,,,3425,,,,0.0,,0.0,,0.0
,,,0.0321180559694767,,0.6796875,,,,,,,,,,,1.0,1.0,,,,,3426,,,,0.0,,0.0,,0.0
,,,0.03281249850988388,,0.6640625,,,,,,,,,,,1.0,1.0,,,,,3427,,,,0.0,,0.0,,0.0
,,,0.1049753725528717,,0.8628078699111938,,,,,,,,,,,1.0,1.0,,,,,3428,,,,0.0,,0.0,,0.0
,,,0.083984375,,0.9609375,,,,,,,,,,,1.0,1.0,,,,,3429,,,,0.0,,0.0,,0.0
,,,0.06875000149011612,,0.984375,,,,,,,,,,,1.0,1.0,,,,,3430,,,,0.0,,0.0,,0.0
,,,0.1466037780046463,,0.8518239259719849,,,,,,,,,,,1.0,1.0,,,,,3431,,,,0.0,,0.0,,0.0
,,,0.0537109375,,0.8515625,,,,,,,,,,,1.0,1.0,,,,,3432,,,,0.0,,0.0,,0.0
,,,0.0442708320915699,,0.7578125,,,,,,,,,,,1.0,1.0,,,,,3433,,,,0.0,,0.0,,0.0
,,,0.12277701497077942,,0.8244869709014893,,,,,,,,,,,1.0,1.0,,,,,3434,,,,0.0,,0.0,,0.0
,,,0.0736607164144516,,0.9140625,,,,,,,,,,,1.0,1.0,,,,,3435,,,,0.0,,0.0,,0.0
,,,0.0615234375,,0.9375,,,,,,,,,,,1.0,1.0,,,,,3436,,,,0.0,,0.0,,0.0
,,,0.07709360122680664,,0.864039421081543,,,,,,,,,,,1.0,1.0,,,,,3437,,,,0.0,,0.0,,0.0
,,,0.048828125,,0.8125,,,,,,,,,,,1.0,1.0,,,,,3438,,,,0.0,,0.0,,0.0
,,,0.0390625,,0.8125,,,,,,,,,,,1.0,1.0,,,,,3439,,,,0.0,,0.0,,0.0
,,,0.061438705772161484,,0.8530707359313965,,,,,,,,,,,1.0,1.0,,,,,3440,,,,0.0,,0.0,,0.0
,,,0.02031249925494194,,0.859375,,,,,,,,,,,1.0,1.0,,,,,3441,,,,0.0,,0.0,,0.0
,,,0.01953125,,0.8203125,,,,,,,,,,,1.0,1.0,,,,,3442,,,,0.0,,0.0,,0.0
,,,0.05140415579080582,,0.8670330047607422,,,,,,,,,,,1.0,1.0,,,,,3443,,,,0.0,,0.0,,0.0
,,,0.0425347238779068,,0.890625,,,,,,,,,,,1.0,1.0,,,,,3444,,,,0.0,,0.0,,0.0
,,,0.046875,,0.8984375,,,,,,,,,,,1.0,1.0,,,,,3445,,,,0.0,,0.0,,0.0
,,,0.12348484992980957,,0.8681818246841431,,,,,,,,,,,1.0,1.0,,,,,3446,,,,0.0,,0.0,,0.0
,,,0.05703125149011612,,0.8515625,,,,,,,,,,,1.0,1.0,,,,,3447,,,,0.0,,0.0,,0.0
,,,0.0590277761220932,,0.8515625,,,,,,,,,,,1.0,1.0,,,,,3448,,,,0.0,,0.0,,0.0
,,,0.06576970964670181,,0.7490613460540771,,,,,,,,,,,1.0,1.0,,,,,3449,,,,0.0,,0.0,,0.0
,,,0.010416666977107525,,0.578125,,,,,,,,,,,1.0,1.0,,,,,3450,,,,0.0,,0.0,,0.0
,,,0.009548611007630825,,0.5546875,,,,,,,,,,,1.0,1.0,,,,,3451,,,,0.0,,0.0,,0.0
,,,0.013888888992369175,,0.5546875,,,,,,,,,,,1.0,1.0,,,,,3452,,,,0.0,,0.0,,0.0
,,,0.04566929116845131,,0.4803149700164795,,,,,,,,,,,1.0,1.0,,,,,3453,,,,0.0,,0.0,,0.0
,,,0.0572916679084301,,0.9296875,,,,,,,,,,,1.0,1.0,,,,,3454,,,,0.0,,0.0,,0.0
,,,0.0486111119389534,,0.875,,,,,,,,,,,1.0,1.0,,,,,3455,,,,0.0,,0.0,,0.0
,,,0.07356321811676025,,0.8491379022598267,,,,,,,,,,,1.0,1.0,,,,,3456,,,,0.0,,0.0,,0.0
,,,0.02890625037252903,,0.65625,,,,,,,,,,,1.0,1.0,,,,,3457,,,,0.0,,0.0,,0.0
,,,0.03515625,,0.7109375,,,,,,,,,,,1.0,1.0,,,,,3458,,,,0.0,,0.0,,0.0
,,,0.10535386949777603,,0.8184818625450134,,,,,,,,,,,1.0,1.0,,,,,3459,,,,0.0,,0.0,,0.0
,,,0.0772569477558136,,0.9765625,,,,,,,,,,,1.0,1.0,,,,,3460,,,,0.0,,0.0,,0.0
,,,0.0789930522441864,,0.984375,,,,,,,,,,,1.0,1.0,,,,,3461,,,,0.0,,0.0,,0.0
,,,0.1284722238779068,,0.8854166269302368,,,,,,,,,,,1.0,1.0,,,,,3462,,,,0.0,,0.0,,0.0
,,,0.0498046875,,0.828125,,,,,,,,,,,1.0,1.0,,,,,3463,,,,0.0,,0.0,,0.0
,,,0.0517578125,,0.8203125,,,,,,,,,,,1.0,1.0,,,,,3464,,,,0.0,,0.0,,0.0
,,,0.12347729504108429,,0.7812845706939697,,,,,,,,,,,1.0,1.0,,,,,3465,,,,0.0,,0.0,,0.0
,,,0.0615234375,,0.9140625,,,,,,,,,,,1.0,1.0,,,,,3466,,,,0.0,,0.0,,0.0
,,,0.0595703125,,0.953125,,,,,,,,,,,1.0,1.0,,,,,3467,,,,0.0,,0.0,,0.0
,,,0.10479351133108139,,0.8737462759017944,,,,,,,,,,,1.0,1.0,,,,,3468,,,,0.0,,0.0,,0.0
,,,0.05078125,,0.8359375,,,,,,,,,,,1.0,1.0,,,,,3469,,,,0.0,,0.0,,0.0
,,,0.03515625,,0.8203125,,,,,,,,,,,1.0,1.0,,,,,3470,,,,0.0,,0.0,,0.0
,,,0.06525252759456635,,0.8904039859771729,,,,,,,,,,,1.0,1.0,,,,,3471,,,,0.0,,0.0,,0.0
,,,0.01796874962747097,,0.8671875,,,,,,,,,,,1.0,1.0,,,,,3472,,,,0.0,,0.0,,0.0
,,,0.02031249925494194,,0.7890625,,,,,,,,,,,1.0,1.0,,,,,3473,,,,0.0,,0.0,,0.0
,,,0.0694444477558136,,0.8898147940635681,,,,,,,,,,,1.0,1.0,,,,,3474,,,,0.0,,0.0,,0.0
,,,0.0442708320915699,,0.8984375,,,,,,,,,,,1.0,1.0,,,,,3475,,,,0.0,,0.0,,0.0
,,,0.0537109375,,0.890625,,,,,,,,,,,1.0,1.0,,,,,3476,,,,0.0,,0.0,,0.0
,,,0.1250632256269455,,0.9013386964797974,,,,,,,,,,,1.0,1.0,,,,,3477,,,,0.0,,0.0,,0.0
,,,0.05859375,,0.859375,,,,,,,,,,,1.0,1.0,,,,,3478,,,,0.0,,0.0,,0.0
,,,0.0598958320915699,,0.8359375,,,,,,,,,,,1.0,1.0,,,,,3479,,,,0.0,,0.0,,0.0
,,,0.05090399831533432,,0.7364400625228882,,,,,,,,,,,1.0,1.0,,,,,3480,,,,0.0,,0.0,,0.0
,,,0.009765625,,0.5703125,,,,,,,,,,,1.0,1.0,,,,,3481,,,,0.0,,0.0,,0.0
,,,0.009548611007630825,,0.5078125,,,,,,,,,,,1.0,1.0,,,,,3482,,,,0.0,,0.0,,0.0
,,,0.06871539354324341,,0.7668881416320801,,,,,,,,,,,1.0,1.0,,,,,3483,,,,0.0,,0.0,,0.0
,,,0.0556640625,,0.9609375,,,,,,,,,,,1.0,1.0,,,,,3484,,,,0.0,,0.0,,0.0
,,,0.0486111119389534,,0.90625,,,,,,,,,,,1.0,1.0,,,,,3485,,,,0.0,,0.0,,0.0
,,,0.09025606513023376,,0.8839374780654907,,,,,,,,,,,1.0,1.0,,,,,3486,,,,0.0,,0.0,,0.0
,,,0.03203124925494194,,0.65625,,,,,,,,,,,1.0,1.0,,,,,3487,,,,0.0,,0.0,,0.0
,,,0.03125,,0.6640625,,,,,,,,,,,1.0,1.0,,,,,3488,,,,0.0,,0.0,,0.0
,,,0.10892857611179352,,0.8526785373687744,,,,,,,,,,,1.0,1.0,,,,,3489,,,,0.0,,0.0,,0.0
,,,0.078125,,0.9609375,,,,,,,,,,,1.0,1.0,,,,,3490,,,,0.0,,0.0,,0.0
,,,0.0720486119389534,,0.984375,,,,,,,,,,,1.0,1.0,,,,,3491,,,,0.0,,0.0,,0.0
,,,0.1340758055448532,,0.7684537768363953,,,,,,,,,,,1.0,1.0,,,,,3492,,,,0.0,,0.0,,0.0
,,,0.0546875,,0.84375,,,,,,,,,,,1.0,1.0,,,,,3493,,,,0.0,,0.0,,0.0
,,,0.0407986119389534,,0.7890625,,,,,,,,,,,1.0,1.0,,,,,3494,,,,0.0,,0.0,,0.0
,,,0.060039371252059937,,0.8267716765403748,,,,,,,,,,,1.0,1.0,,,,,3495,,,,0.0,,0.0,,0.0
37,0.37773093581199646,0.40210312604904175,,0.827843427658081,,,,,,,,,,,,,,45.23557662963867,38609.60546875,3.8118839263916016,360.57421875,8397,,,0.0,,0.0,,0.0,
37,,,,,,0.6807766556739807,,1.0250006914138794,,17.210973739624023,,,,,,,,,,,,8397,2.04668927192688,,,,,,,
,,,,,,,,,,,,,,0.0003119005778858229,0.03,,,,,,,8399,,,,,,,,
38,,,,,,,0.67411208152771,,1.04471755027771,,18.53125,0.0003118744061794132,0.029999999329447746,,,1.0,1.0,,,,,8399,,2.114245653152466,,,,,,
,,,,,,,,,,,,,,0.0003105888271115569,0.03,,,,,,,8449,,,,,,,,
38,,,,,,,0.6576676368713379,,1.008497714996338,,17.546875,0.00031056252191774547,0.029999999329447746,,,1.0,1.0,,,,,8449,,1.924641489982605,,,,,,
,,,,,,,,,,,,,,0.00030927019151001114,0.03,,,,,,,8499,,,,,,,,
38,,,,,,,0.6866547465324402,,1.015512228012085,,16.4375,0.0003092437400482595,0.029999999329447746,,,1.0,1.0,,,,,8499,,2.1241707801818848,,,,,,
,,,,,,,,,,,,,,0.0003079447533230083,0.03,,,,,,,8549,,,,,,,,
38,,,,,,,0.6617329120635986,,1.0020649433135986,,17.015625,0.0003079181769862771,0.029999999329447746,,,1.0,1.0,,,,,8549,,2.22544527053833,,,,,,
,,,,,,,,,,,,,,0.0003066125952166407,0.03,,,,,,,8599,,,,,,,,
38,,,,,,,0.6664903163909912,,1.0568711757659912,,19.515625,0.0003065858909394592,0.029999999329447746,,,1.0,1.0,,,,,8599,,2.185800790786743,,,,,,
,,,0.04531250149011612,,0.8359375,,,,,,,,,,,1.0,1.0,,,,,3496,,,,0.0,,0.0,,0.0
,,,0.0625,,0.8671875,,,,,,,,,,,1.0,1.0,,,,,3497,,,,0.0,,0.0,,0.0
,,,0.10678401589393616,,0.8652365207672119,,,,,,,,,,,1.0,1.0,,,,,3498,,,,0.0,,0.0,,0.0
,,,0.0647321417927742,,0.875,,,,,,,,,,,1.0,1.0,,,,,3499,,,,0.0,,0.0,,0.0
,,,0.0494791679084301,,0.875,,,,,,,,,,,1.0,1.0,,,,,3500,,,,0.0,,0.0,,0.0
,,,0.07532051205635071,,0.9054487347602844,,,,,,,,,,,1.0,1.0,,,,,3501,,,,0.0,,0.0,,0.0
,,,0.078125,,0.9375,,,,,,,,,,,1.0,1.0,,,,,3502,,,,0.0,,0.0,,0.0
,,,0.0625,,0.953125,,,,,,,,,,,1.0,1.0,,,,,3503,,,,0.0,,0.0,,0.0
,,,0.08747856318950653,,0.8713550567626953,,,,,,,,,,,1.0,1.0,,,,,3504,,,,0.0,,0.0,,0.0
,,,0.04296875,,0.78125,,,,,,,,,,,1.0,1.0,,,,,3505,,,,0.0,,0.0,,0.0
,,,0.03828125074505806,,0.78125,,,,,,,,,,,1.0,1.0,,,,,3506,,,,0.0,,0.0,,0.0
,,,0.0503472238779068,,0.7578125,,,,,,,,,,,1.0,1.0,,,,,3507,,,,0.0,,0.0,,0.0
,,,0.1487407386302948,,0.7733333110809326,,,,,,,,,,,1.0,1.0,,,,,3508,,,,0.0,,0.0,,0.0
,,,0.0659722238779068,,0.8359375,,,,,,,,,,,1.0,1.0,,,,,3509,,,,0.0,,0.0,,0.0
,,,0.0732421875,,0.828125,,,,,,,,,,,1.0,1.0,,,,,3510,,,,0.0,,0.0,,0.0
,,,0.08263305574655533,,0.8309990763664246,,,,,,,,,,,1.0,1.0,,,,,3511,,,,0.0,,0.0,,0.0
,,,0.03125,,0.8515625,,,,,,,,,,,1.0,1.0,,,,,3512,,,,0.0,,0.0,,0.0
,,,0.02421874925494194,,0.859375,,,,,,,,,,,1.0,1.0,,,,,3513,,,,0.0,,0.0,,0.0
,,,0.02532467618584633,,0.7408008575439453,,,,,,,,,,,1.0,1.0,,,,,3514,,,,0.0,,0.0,,0.0
,,,0.017578125,,0.609375,,,,,,,,,,,1.0,1.0,,,,,3515,,,,0.0,,0.0,,0.0
,,,0.01171875,,0.5078125,,,,,,,,,,,1.0,1.0,,,,,3516,,,,0.0,,0.0,,0.0
,,,0.05321710184216499,,0.7973847985267639,,,,,,,,,,,1.0,1.0,,,,,3517,,,,0.0,,0.0,,0.0
,,,0.03359375149011612,,0.84375,,,,,,,,,,,1.0,1.0,,,,,3518,,,,0.0,,0.0,,0.0
,,,0.0347222238779068,,0.8203125,,,,,,,,,,,1.0,1.0,,,,,3519,,,,0.0,,0.0,,0.0
,,,0.04556650295853615,,0.848275899887085,,,,,,,,,,,1.0,1.0,,,,,3520,,,,0.0,,0.0,,0.0
,,,0.01996527798473835,,0.890625,,,,,,,,,,,1.0,1.0,,,,,3521,,,,0.0,,0.0,,0.0
,,,0.0295138880610466,,0.890625,,,,,,,,,,,1.0,1.0,,,,,3522,,,,0.0,,0.0,,0.0
,,,0.07216981053352356,,0.8606289625167847,,,,,,,,,,,1.0,1.0,,,,,3523,,,,0.0,,0.0,,0.0
,,,0.02734375,,0.9453125,,,,,,,,,,,1.0,1.0,,,,,3524,,,,0.0,,0.0,,0.0
,,,0.02083333395421505,,0.8828125,,,,,,,,,,,1.0,1.0,,,,,3525,,,,0.0,,0.0,,0.0
,,,0.08949688822031021,,0.8890560865402222,,,,,,,,,,,1.0,1.0,,,,,3526,,,,0.0,,0.0,,0.0
,,,0.04843749850988388,,0.8359375,,,,,,,,,,,1.0,1.0,,,,,3527,,,,0.0,,0.0,,0.0
,,,0.04921875149011612,,0.8671875,,,,,,,,,,,1.0,1.0,,,,,3528,,,,0.0,,0.0,,0.0
,,,0.11078270524740219,,0.8366994857788086,,,,,,,,,,,1.0,1.0,,,,,3529,,,,0.0,,0.0,,0.0
,,,0.0755208358168602,,0.8984375,,,,,,,,,,,1.0,1.0,,,,,3530,,,,0.0,,0.0,,0.0
,,,0.0498046875,,0.8359375,,,,,,,,,,,1.0,1.0,,,,,3531,,,,0.0,,0.0,,0.0
,,,0.08845119178295135,,0.9306337237358093,,,,,,,,,,,1.0,1.0,,,,,3532,,,,0.0,,0.0,,0.0
,,,0.06484375149011612,,0.9453125,,,,,,,,,,,1.0,1.0,,,,,3533,,,,0.0,,0.0,,0.0
,,,0.05781250074505806,,0.9375,,,,,,,,,,,1.0,1.0,,,,,3534,,,,0.0,,0.0,,0.0
,,,0.09882783889770508,,0.8374847173690796,,,,,,,,,,,1.0,1.0,,,,,3535,,,,0.0,,0.0,,0.0
,,,0.04374999925494194,,0.8125,,,,,,,,,,,1.0,1.0,,,,,3536,,,,0.0,,0.0,,0.0
,,,0.0407986119389534,,0.7890625,,,,,,,,,,,1.0,1.0,,,,,3537,,,,0.0,,0.0,,0.0
,,,0.10886363685131073,,0.824999988079071,,,,,,,,,,,1.0,1.0,,,,,3538,,,,0.0,,0.0,,0.0
,,,0.0711805522441864,,0.8515625,,,,,,,,,,,1.0,1.0,,,,,3539,,,,0.0,,0.0,,0.0
,,,0.0642361119389534,,0.8125,,,,,,,,,,,1.0,1.0,,,,,3540,,,,0.0,,0.0,,0.0
,,,0.07954387366771698,,0.8626407980918884,,,,,,,,,,,1.0,1.0,,,,,3541,,,,0.0,,0.0,,0.0
,,,0.02109375037252903,,0.8046875,,,,,,,,,,,1.0,1.0,,,,,3542,,,,0.0,,0.0,,0.0
,,,0.02734375,,0.8203125,,,,,,,,,,,1.0,1.0,,,,,3543,,,,0.0,,0.0,,0.0
,,,0.02578124962747097,,0.875,,,,,,,,,,,1.0,1.0,,,,,3544,,,,0.0,,0.0,,0.0
,,,0.007874015718698502,,0.7952755689620972,,,,,,,,,,,1.0,1.0,,,,,3545,,,,0.0,,0.0,,0.0
,,,0.015625,,0.5703125,,,,,,,,,,,1.0,1.0,,,,,3546,,,,0.0,,0.0,,0.0
,,,0.01171875,,0.5703125,,,,,,,,,,,1.0,1.0,,,,,3547,,,,0.0,,0.0,,0.0
,,,0.05491698533296585,,0.7887930870056152,,,,,,,,,,,1.0,1.0,,,,,3548,,,,0.0,,0.0,,0.0
,,,0.03281249850988388,,0.8046875,,,,,,,,,,,1.0,1.0,,,,,3549,,,,0.0,,0.0,,0.0
,,,0.0347222238779068,,0.8359375,,,,,,,,,,,1.0,1.0,,,,,3550,,,,0.0,,0.0,,0.0
,,,0.04697469621896744,,0.8344334363937378,,,,,,,,,,,1.0,1.0,,,,,3551,,,,0.0,,0.0,,0.0
,,,0.02031249925494194,,0.8828125,,,,,,,,,,,1.0,1.0,,,,,3552,,,,0.0,,0.0,,0.0
,,,0.0322265625,,0.8984375,,,,,,,,,,,1.0,1.0,,,,,3553,,,,0.0,,0.0,,0.0
,,,0.042824070900678635,,0.84375,,,,,,,,,,,1.0,1.0,,,,,3554,,,,0.0,,0.0,,0.0
,,,0.0234375,,0.9296875,,,,,,,,,,,1.0,1.0,,,,,3555,,,,0.0,,0.0,,0.0
,,,0.01996527798473835,,0.8828125,,,,,,,,,,,1.0,1.0,,,,,3556,,,,0.0,,0.0,,0.0
,,,0.07508306205272675,,0.8770763874053955,,,,,,,,,,,1.0,1.0,,,,,3557,,,,0.0,,0.0,,0.0
,,,0.05312500149011612,,0.859375,,,,,,,,,,,1.0,1.0,,,,,3558,,,,0.0,,0.0,,0.0
,,,0.04531250149011612,,0.8515625,,,,,,,,,,,1.0,1.0,,,,,3559,,,,0.0,,0.0,,0.0
,,,0.15145385265350342,,0.9091445207595825,,,,,,,,,,,1.0,1.0,,,,,3560,,,,0.0,,0.0,,0.0
,,,0.08203125,,0.8671875,,,,,,,,,,,1.0,1.0,,,,,3561,,,,0.0,,0.0,,0.0
,,,0.0381944440305233,,0.875,,,,,,,,,,,1.0,1.0,,,,,3562,,,,0.0,,0.0,,0.0
,,,0.11301907896995544,,0.9404040575027466,,,,,,,,,,,1.0,1.0,,,,,3563,,,,0.0,,0.0,,0.0
,,,0.06406249850988388,,0.953125,,,,,,,,,,,1.0,1.0,,,,,3564,,,,0.0,,0.0,,0.0
,,,0.0546875,,0.9140625,,,,,,,,,,,1.0,1.0,,,,,3565,,,,0.0,,0.0,,0.0
,,,0.11666666716337204,,0.8935185074806213,,,,,,,,,,,1.0,1.0,,,,,3566,,,,0.0,,0.0,,0.0
,,,0.03671874850988388,,0.796875,,,,,,,,,,,1.0,1.0,,,,,3567,,,,0.0,,0.0,,0.0
,,,0.0520833320915699,,0.7890625,,,,,,,,,,,1.0,1.0,,,,,3568,,,,0.0,,0.0,,0.0
,,,0.11191432178020477,,0.7842035293579102,,,,,,,,,,,1.0,1.0,,,,,3569,,,,0.0,,0.0,,0.0
,,,0.0703125,,0.859375,,,,,,,,,,,1.0,1.0,,,,,3570,,,,0.0,,0.0,,0.0
,,,0.0712890625,,0.828125,,,,,,,,,,,1.0,1.0,,,,,3571,,,,0.0,,0.0,,0.0
,,,0.08411850035190582,,0.814362108707428,,,,,,,,,,,1.0,1.0,,,,,3572,,,,0.0,,0.0,,0.0
,,,0.02864583395421505,,0.828125,,,,,,,,,,,1.0,1.0,,,,,3573,,,,0.0,,0.0,,0.0
,,,0.02187499962747097,,0.828125,,,,,,,,,,,1.0,1.0,,,,,3574,,,,0.0,,0.0,,0.0
,,,0.033887043595314026,,0.6860464811325073,,,,,,,,,,,1.0,1.0,,,,,3575,,,,0.0,,0.0,,0.0
,,,0.01128472201526165,,0.59375,,,,,,,,,,,1.0,1.0,,,,,3576,,,,0.0,,0.0,,0.0
,,,0.01215277798473835,,0.5546875,,,,,,,,,,,1.0,1.0,,,,,3577,,,,0.0,,0.0,,0.0
,,,0.06062520295381546,,0.766045868396759,,,,,,,,,,,1.0,1.0,,,,,3578,,,,0.0,,0.0,,0.0
,,,0.03281249850988388,,0.796875,,,,,,,,,,,1.0,1.0,,,,,3579,,,,0.0,,0.0,,0.0
,,,0.0364583320915699,,0.8515625,,,,,,,,,,,1.0,1.0,,,,,3580,,,,0.0,,0.0,,0.0
,,,0.0704365074634552,,0.8660714626312256,,,,,,,,,,,1.0,1.0,,,,,3581,,,,0.0,,0.0,,0.0
,,,0.0225694440305233,,0.8671875,,,,,,,,,,,1.0,1.0,,,,,3582,,,,0.0,,0.0,,0.0
,,,0.029296875,,0.8984375,,,,,,,,,,,1.0,1.0,,,,,3583,,,,0.0,,0.0,,0.0
,,,0.03700466454029083,,0.8492618799209595,,,,,,,,,,,1.0,1.0,,,,,3584,,,,0.0,,0.0,,0.0
,,,0.037109375,,0.90625,,,,,,,,,,,1.0,1.0,,,,,3585,,,,0.0,,0.0,,0.0
,,,0.01996527798473835,,0.890625,,,,,,,,,,,1.0,1.0,,,,,3586,,,,0.0,,0.0,,0.0
,,,0.02537182718515396,,0.913385808467865,,,,,,,,,,,1.0,1.0,,,,,3587,,,,0.0,,0.0,,0.0
38,0.3869793713092804,0.3670670688152313,,0.8323233127593994,,,,,,,,,,,,,,44.249244689941406,42482.77734375,3.7898383140563965,355.65087890625,8618,,,0.0,,0.0,,0.0,
38,,,,,,0.6802234649658203,,1.0261532068252563,,17.296451568603516,,,,,,,,,,,,8618,2.0780539512634277,,,,,,,
,,,,,,,,,,,,,,0.0003052738002761147,0.03,,,,,,,8649,,,,,,,,
39,,,,,,,0.694788932800293,,0.996058464050293,,15.0625,0.00030524696921929717,0.029999999329447746,,,1.0,1.0,,,,,8649,,1.942885398864746,,,,,,
,,,,,,,,,,,,,,0.0003039284520005687,0.03,,,,,,,8699,,,,,,,,
39,,,,,,,0.6461544036865234,,1.0113887786865234,,18.265625,0.0003039014700334519,0.029999999329447746,,,1.0,1.0,,,,,8699,,1.9828635454177856,,,,,,
,,,,,,,,,,,,,,0.0003025766342978649,0.03,,,,,,,8749,,,,,,,,
39,,,,,,,0.6666470170021057,,0.9832974076271057,,15.8359375,0.0003025495389010757,0.029999999329447746,,,1.0,1.0,,,,,8749,,2.121580123901367,,,,,,
,,,,,,,,,,,,,,0.0003012184314793566,0.03,,,,,,,8799,,,,,,,,
39,,,,,,,0.6644601821899414,,1.0194406509399414,,17.75,0.00030119120492599905,0.029999999329447746,,,1.0,1.0,,,,,8799,,2.2768192291259766,,,,,,
,,,0.05624999850988388,,0.9765625,,,,,,,,,,,1.0,1.0,,,,,3588,,,,0.0,,0.0,,0.0
,,,0.078125,,0.96875,,,,,,,,,,,1.0,1.0,,,,,3589,,,,0.0,,0.0,,0.0
,,,0.17180050909519196,,0.9666299819946289,,,,,,,,,,,1.0,1.0,,,,,3590,,,,0.0,,0.0,,0.0
,,,0.0888671875,,0.9140625,,,,,,,,,,,1.0,1.0,,,,,3591,,,,0.0,,0.0,,0.0
,,,0.078125,,0.921875,,,,,,,,,,,1.0,1.0,,,,,3592,,,,0.0,,0.0,,0.0
,,,0.12219551205635071,,0.9551281929016113,,,,,,,,,,,1.0,1.0,,,,,3593,,,,0.0,,0.0,,0.0
,,,0.0225694440305233,,0.96875,,,,,,,,,,,1.0,1.0,,,,,3594,,,,0.0,,0.0,,0.0
,,,0.0439453125,,0.9765625,,,,,,,,,,,1.0,1.0,,,,,3595,,,,0.0,,0.0,,0.0
,,,0.03906994313001633,,0.7662950158119202,,,,,,,,,,,1.0,1.0,,,,,3596,,,,0.0,,0.0,,0.0
,,,0.02777777798473835,,0.5625,,,,,,,,,,,1.0,1.0,,,,,3597,,,,0.0,,0.0,,0.0
,,,0.02031249925494194,,0.640625,,,,,,,,,,,1.0,1.0,,,,,3598,,,,0.0,,0.0,,0.0
,,,0.02734375,,0.6875,,,,,,,,,,,1.0,1.0,,,,,3599,,,,0.0,,0.0,,0.0
,,,0.11666667461395264,,0.5986666679382324,,,,,,,,,,,1.0,1.0,,,,,3600,,,,0.0,,0.0,,0.0
,,,0.0581597238779068,,0.8046875,,,,,,,,,,,1.0,1.0,,,,,3601,,,,0.0,,0.0,,0.0
,,,0.0538194440305233,,0.8046875,,,,,,,,,,,1.0,1.0,,,,,3602,,,,0.0,,0.0,,0.0
,,,0.10868348181247711,,0.8552754521369934,,,,,,,,,,,1.0,1.0,,,,,3603,,,,0.0,,0.0,,0.0
,,,0.046875,,0.921875,,,,,,,,,,,1.0,1.0,,,,,3604,,,,0.0,,0.0,,0.0
,,,0.0625,,0.9296875,,,,,,,,,,,1.0,1.0,,,,,3605,,,,0.0,,0.0,,0.0
,,,0.0548701286315918,,0.7705627679824829,,,,,,,,,,,1.0,1.0,,,,,3606,,,,0.0,,0.0,,0.0
,,,0.00434027798473835,,0.65625,,,,,,,,,,,1.0,1.0,,,,,3607,,,,0.0,,0.0,,0.0
,,,0.0031250000465661287,,0.640625,,,,,,,,,,,1.0,1.0,,,,,3608,,,,0.0,,0.0,,0.0
,,,0.03835616260766983,,0.7265255451202393,,,,,,,,,,,1.0,1.0,,,,,3609,,,,0.0,,0.0,,0.0
,,,0.0399305559694767,,0.6640625,,,,,,,,,,,1.0,1.0,,,,,3610,,,,0.0,,0.0,,0.0
,,,0.03281249850988388,,0.6328125,,,,,,,,,,,1.0,1.0,,,,,3611,,,,0.0,,0.0,,0.0
,,,0.07137931138277054,,0.7812807559967041,,,,,,,,,,,1.0,1.0,,,,,3612,,,,0.0,,0.0,,0.0
,,,0.0419921875,,0.921875,,,,,,,,,,,1.0,1.0,,,,,3613,,,,0.0,,0.0,,0.0
,,,0.041015625,,0.953125,,,,,,,,,,,1.0,1.0,,,,,3614,,,,0.0,,0.0,,0.0
,,,0.10610762238502502,,0.9045282602310181,,,,,,,,,,,1.0,1.0,,,,,3615,,,,0.0,,0.0,,0.0
,,,0.0791015625,,0.90625,,,,,,,,,,,1.0,1.0,,,,,3616,,,,0.0,,0.0,,0.0
,,,0.060546875,,0.8125,,,,,,,,,,,1.0,1.0,,,,,3617,,,,0.0,,0.0,,0.0
,,,0.1234230175614357,,0.92366623878479,,,,,,,,,,,1.0,1.0,,,,,3618,,,,0.0,,0.0,,0.0
,,,0.0633680522441864,,0.96875,,,,,,,,,,,1.0,1.0,,,,,3619,,,,0.0,,0.0,,0.0
,,,0.0837053582072258,,0.96875,,,,,,,,,,,1.0,1.0,,,,,3620,,,,0.0,,0.0,,0.0
,,,0.17155171930789948,,0.9485222101211548,,,,,,,,,,,1.0,1.0,,,,,3621,,,,0.0,,0.0,,0.0
,,,0.0815972238779068,,0.9453125,,,,,,,,,,,1.0,1.0,,,,,3622,,,,0.0,,0.0,,0.0
,,,0.078125,,0.90625,,,,,,,,,,,1.0,1.0,,,,,3623,,,,0.0,,0.0,,0.0
,,,0.12503059208393097,,0.9612184762954712,,,,,,,,,,,1.0,1.0,,,,,3624,,,,0.0,,0.0,,0.0
,,,0.04296875,,0.96875,,,,,,,,,,,1.0,1.0,,,,,3625,,,,0.0,,0.0,,0.0
,,,0.0263671875,,0.9375,,,,,,,,,,,1.0,1.0,,,,,3626,,,,0.0,,0.0,,0.0
,,,0.03909645974636078,,0.7372405529022217,,,,,,,,,,,1.0,1.0,,,,,3627,,,,0.0,,0.0,,0.0
,,,0.02777777798473835,,0.6015625,,,,,,,,,,,1.0,1.0,,,,,3628,,,,0.0,,0.0,,0.0
,,,0.0217013880610466,,0.640625,,,,,,,,,,,1.0,1.0,,,,,3629,,,,0.0,,0.0,,0.0
,,,0.08454544842243195,,0.8204545378684998,,,,,,,,,,,1.0,1.0,,,,,3630,,,,0.0,,0.0,,0.0
,,,0.0633680522441864,,0.8046875,,,,,,,,,,,1.0,1.0,,,,,3631,,,,0.0,,0.0,,0.0
,,,0.0546875,,0.78125,,,,,,,,,,,1.0,1.0,,,,,3632,,,,0.0,,0.0,,0.0
,,,0.09755945205688477,,0.9108260273933411,,,,,,,,,,,1.0,1.0,,,,,3633,,,,0.0,,0.0,,0.0
,,,0.04140625149011612,,0.921875,,,,,,,,,,,1.0,1.0,,,,,3634,,,,0.0,,0.0,,0.0
,,,0.046875,,0.9453125,,,,,,,,,,,1.0,1.0,,,,,3635,,,,0.0,,0.0,,0.0
,,,0.0703125,,0.921875,,,,,,,,,,,1.0,1.0,,,,,3636,,,,0.0,,0.0,,0.0
,,,0.006299212574958801,,0.8228346109390259,,,,,,,,,,,1.0,1.0,,,,,3637,,,,0.0,,0.0,,0.0
,,,0.0048828125,,0.671875,,,,,,,,,,,1.0,1.0,,,,,3638,,,,0.0,,0.0,,0.0
,,,0.0023437500931322575,,0.671875,,,,,,,,,,,1.0,1.0,,,,,3639,,,,0.0,,0.0,,0.0
,,,0.03793103247880936,,0.6321839094161987,,,,,,,,,,,1.0,1.0,,,,,3640,,,,0.0,,0.0,,0.0
,,,0.03125,,0.625,,,,,,,,,,,1.0,1.0,,,,,3641,,,,0.0,,0.0,,0.0
,,,0.03593749925494194,,0.671875,,,,,,,,,,,1.0,1.0,,,,,3642,,,,0.0,,0.0,,0.0
,,,0.06923358887434006,,0.7851118445396423,,,,,,,,,,,1.0,1.0,,,,,3643,,,,0.0,,0.0,,0.0
,,,0.0400390625,,0.9296875,,,,,,,,,,,1.0,1.0,,,,,3644,,,,0.0,,0.0,,0.0
,,,0.0451388880610466,,0.9609375,,,,,,,,,,,1.0,1.0,,,,,3645,,,,0.0,,0.0,,0.0
,,,0.10532407462596893,,0.8958333730697632,,,,,,,,,,,1.0,1.0,,,,,3646,,,,0.0,,0.0,,0.0
,,,0.076171875,,0.8515625,,,,,,,,,,,1.0,1.0,,,,,3647,,,,0.0,,0.0,,0.0
,,,0.05859375,,0.8671875,,,,,,,,,,,1.0,1.0,,,,,3648,,,,0.0,,0.0,,0.0
,,,0.1189245730638504,,0.9227575063705444,,,,,,,,,,,1.0,1.0,,,,,3649,,,,0.0,,0.0,,0.0
,,,0.0685763880610466,,0.953125,,,,,,,,,,,1.0,1.0,,,,,3650,,,,0.0,,0.0,,0.0
,,,0.07421875,,0.9765625,,,,,,,,,,,1.0,1.0,,,,,3651,,,,0.0,,0.0,,0.0
,,,0.18237462639808655,,0.9601770043373108,,,,,,,,,,,1.0,1.0,,,,,3652,,,,0.0,,0.0,,0.0
,,,0.0888671875,,0.9296875,,,,,,,,,,,1.0,1.0,,,,,3653,,,,0.0,,0.0,,0.0
,,,0.0824652761220932,,0.9375,,,,,,,,,,,1.0,1.0,,,,,3654,,,,0.0,,0.0,,0.0
,,,0.12803030014038086,,0.9863636493682861,,,,,,,,,,,1.0,1.0,,,,,3655,,,,0.0,,0.0,,0.0
,,,0.044921875,,0.9609375,,,,,,,,,,,1.0,1.0,,,,,3656,,,,0.0,,0.0,,0.0
,,,0.021484375,,0.9140625,,,,,,,,,,,1.0,1.0,,,,,3657,,,,0.0,,0.0,,0.0
,,,0.038148149847984314,,0.7666666507720947,,,,,,,,,,,1.0,1.0,,,,,3658,,,,0.0,,0.0,,0.0
,,,0.02604166604578495,,0.6015625,,,,,,,,,,,1.0,1.0,,,,,3659,,,,0.0,,0.0,,0.0
,,,0.0234375,,0.65625,,,,,,,,,,,1.0,1.0,,,,,3660,,,,0.0,,0.0,,0.0
,,,0.09135207533836365,,0.8064256906509399,,,,,,,,,,,1.0,1.0,,,,,3661,,,,0.0,,0.0,,0.0
,,,0.0607638880610466,,0.8125,,,,,,,,,,,1.0,1.0,,,,,3662,,,,0.0,,0.0,,0.0
,,,0.05078125,,0.796875,,,,,,,,,,,1.0,1.0,,,,,3663,,,,0.0,,0.0,,0.0
,,,0.09773364663124084,,0.8889737725257874,,,,,,,,,,,1.0,1.0,,,,,3664,,,,0.0,,0.0,,0.0
,,,0.03515625,,0.921875,,,,,,,,,,,1.0,1.0,,,,,3665,,,,0.0,,0.0,,0.0
,,,0.0498046875,,0.9296875,,,,,,,,,,,1.0,1.0,,,,,3666,,,,0.0,,0.0,,0.0
,,,0.05830564722418785,,0.7807309031486511,,,,,,,,,,,1.0,1.0,,,,,3667,,,,0.0,,0.0,,0.0
,,,0.0052083334885537624,,0.671875,,,,,,,,,,,1.0,1.0,,,,,3668,,,,0.0,,0.0,,0.0
,,,0.00390625,,0.6328125,,,,,,,,,,,1.0,1.0,,,,,3669,,,,0.0,,0.0,,0.0
,,,0.04825407266616821,,0.7324575781822205,,,,,,,,,,,1.0,1.0,,,,,3670,,,,0.0,,0.0,,0.0
,,,0.0407986119389534,,0.6640625,,,,,,,,,,,1.0,1.0,,,,,3671,,,,0.0,,0.0,,0.0
,,,0.03046875074505806,,0.6328125,,,,,,,,,,,1.0,1.0,,,,,3672,,,,0.0,,0.0,,0.0
,,,0.09553571045398712,,0.8169642686843872,,,,,,,,,,,1.0,1.0,,,,,3673,,,,0.0,,0.0,,0.0
,,,0.04296875,,0.921875,,,,,,,,,,,1.0,1.0,,,,,3674,,,,0.0,,0.0,,0.0
,,,0.0364583320915699,,0.9375,,,,,,,,,,,1.0,1.0,,,,,3675,,,,0.0,,0.0,,0.0
,,,0.12160062789916992,,0.8465423583984375,,,,,,,,,,,1.0,1.0,,,,,3676,,,,0.0,,0.0,,0.0
,,,0.072265625,,0.8828125,,,,,,,,,,,1.0,1.0,,,,,3677,,,,0.0,,0.0,,0.0
,,,0.0751953125,,0.84375,,,,,,,,,,,1.0,1.0,,,,,3678,,,,0.0,,0.0,,0.0
,,,0.060039371252059937,,0.8661417365074158,,,,,,,,,,,1.0,1.0,,,,,3679,,,,0.0,,0.0,,0.0
39,0.39980602264404297,0.4071224331855774,,0.835142970085144,,,,,,,,,,,,,,46.876434326171875,37590.8203125,3.847515106201172,354.11517333984375,8839,,,0.0,,0.0,,0.0,
39,,,,,,0.6796250343322754,,1.0181442499160767,,16.926435470581055,,,,,,,,,,,,8839,2.0663702487945557,,,,,,,
,,,,,,,,,,,,,,0.00029985392825462956,0.03,,,,,,,8849,,,,,,,,
40,,,,,,,0.7031899690628052,,1.0220376253128052,,15.9375,0.0002998265845235437,0.029999999329447746,,,1.0,1.0,,,,,8849,,2.5997629165649414,,,,,,
,,,,,,,,,,,,,,0.0002984832097262187,0.03,,,,,,,8899,,,,,,,,
40,,,,,,,0.6548522710800171,,0.9988464117050171,,17.203125,0.00029845573590137064,0.029999999329447746,,,1.0,1.0,,,,,8899,,2.040275812149048,,,,,,
,,,,,,,,,,,,,,0.00029710636138430063,0.03,,,,,,,8949,,,,,,,,
40,,,,,,,0.6837642788887024,,1.0218989849090576,,16.90625,0.00029707877547480166,0.029999999329447746,,,1.0,1.0,,,,,8949,,1.8742060661315918,,,,,,
,,,,,,,,,,,,,,0.0002957234691013616,0.03,,,,,,,8999,,,,,,,,
40,,,,,,,0.666110098361969,,1.0713834762573242,,20.265625,0.0002956957614514977,0.029999999329447746,,,1.0,1.0,,,,,8999,,2.2278788089752197,,,,,,
,,,,,,,,,,,,,,0.00029433461912684115,0.03,,,,,,,9049,,,,,,,,
40,,,,,,,0.696431577205658,,1.0323691368103027,,16.796875,0.00029430678114295006,0.029999999329447746,,,1.0,1.0,,,,,9049,,1.8313796520233154,,,,,,
,,,0.015625,,0.734375,,,,,,,,,,,1.0,1.0,,,,,3680,,,,0.0,,0.0,,0.0
,,,0.0243055559694767,,0.75,,,,,,,,,,,1.0,1.0,,,,,3681,,,,0.0,,0.0,,0.0
,,,0.11033695936203003,,0.8292995691299438,,,,,,,,,,,1.0,1.0,,,,,3682,,,,0.0,,0.0,,0.0
,,,0.1116071417927742,,0.96875,,,,,,,,,,,1.0,1.0,,,,,3683,,,,0.0,,0.0,,0.0
,,,0.1276041716337204,,0.9375,,,,,,,,,,,1.0,1.0,,,,,3684,,,,0.0,,0.0,,0.0
,,,0.10683760046958923,,0.8926281929016113,,,,,,,,,,,1.0,1.0,,,,,3685,,,,0.0,,0.0,,0.0
,,,0.0054687499068677425,,0.8671875,,,,,,,,,,,1.0,1.0,,,,,3686,,,,0.0,,0.0,,0.0
,,,0.01822916604578495,,0.8515625,,,,,,,,,,,1.0,1.0,,,,,3687,,,,0.0,,0.0,,0.0
,,,0.028559178113937378,,0.7684390544891357,,,,,,,,,,,1.0,1.0,,,,,3688,,,,0.0,,0.0,,0.0
,,,0.01875000074505806,,0.7734375,,,,,,,,,,,1.0,1.0,,,,,3689,,,,0.0,,0.0,,0.0
,,,0.0164930559694767,,0.765625,,,,,,,,,,,1.0,1.0,,,,,3690,,,,0.0,,0.0,,0.0
,,,0.01822916604578495,,0.84375,,,,,,,,,,,1.0,1.0,,,,,3691,,,,0.0,,0.0,,0.0
,,,0.10453332960605621,,0.9520000219345093,,,,,,,,,,,1.0,1.0,,,,,3692,,,,0.0,,0.0,,0.0
,,,0.0970982164144516,,0.8125,,,,,,,,,,,1.0,1.0,,,,,3693,,,,0.0,,0.0,,0.0
,,,0.0720486119389534,,0.8515625,,,,,,,,,,,1.0,1.0,,,,,3694,,,,0.0,,0.0,,0.0
,,,0.08431372791528702,,0.924369752407074,,,,,,,,,,,1.0,1.0,,,,,3695,,,,0.0,,0.0,,0.0
,,,0.01875000074505806,,0.8515625,,,,,,,,,,,1.0,1.0,,,,,3696,,,,0.0,,0.0,,0.0
,,,0.02187499962747097,,0.90625,,,,,,,,,,,1.0,1.0,,,,,3697,,,,0.0,,0.0,,0.0
,,,0.06313131004571915,,0.8955627679824829,,,,,,,,,,,1.0,1.0,,,,,3698,,,,0.0,,0.0,,0.0
,,,0.03671874850988388,,0.890625,,,,,,,,,,,1.0,1.0,,,,,3699,,,,0.0,,0.0,,0.0
,,,0.03437500074505806,,0.84375,,,,,,,,,,,1.0,1.0,,,,,3700,,,,0.0,,0.0,,0.0
,,,0.06971357017755508,,0.9133250117301941,,,,,,,,,,,1.0,1.0,,,,,3701,,,,0.0,,0.0,,0.0
,,,0.03125,,0.8046875,,,,,,,,,,,1.0,1.0,,,,,3702,,,,0.0,,0.0,,0.0
,,,0.02890625037252903,,0.7578125,,,,,,,,,,,1.0,1.0,,,,,3703,,,,0.0,,0.0,,0.0
,,,0.11561576277017593,,0.898522138595581,,,,,,,,,,,1.0,1.0,,,,,3704,,,,0.0,,0.0,,0.0
,,,0.095703125,,0.96875,,,,,,,,,,,1.0,1.0,,,,,3705,,,,0.0,,0.0,,0.0
,,,0.09765625,,0.984375,,,,,,,,,,,1.0,1.0,,,,,3706,,,,0.0,,0.0,,0.0
,,,0.12069880962371826,,0.8950943350791931,,,,,,,,,,,1.0,1.0,,,,,3707,,,,0.0,,0.0,,0.0
,,,0.0458984375,,0.828125,,,,,,,,,,,1.0,1.0,,,,,3708,,,,0.0,,0.0,,0.0
,,,0.03281249850988388,,0.84375,,,,,,,,,,,1.0,1.0,,,,,3709,,,,0.0,,0.0,,0.0
,,,0.055996354669332504,,0.8716826438903809,,,,,,,,,,,1.0,1.0,,,,,3710,,,,0.0,,0.0,,0.0
,,,0.01996527798473835,,0.734375,,,,,,,,,,,1.0,1.0,,,,,3711,,,,0.0,,0.0,,0.0
,,,0.0225694440305233,,0.7265625,,,,,,,,,,,1.0,1.0,,,,,3712,,,,0.0,,0.0,,0.0
,,,0.10454296320676804,,0.8564039468765259,,,,,,,,,,,1.0,1.0,,,,,3713,,,,0.0,,0.0,,0.0
,,,0.1160714253783226,,0.9453125,,,,,,,,,,,1.0,1.0,,,,,3714,,,,0.0,,0.0,,0.0
,,,0.1060267835855484,,0.9453125,,,,,,,,,,,1.0,1.0,,,,,3715,,,,0.0,,0.0,,0.0
,,,0.09613408148288727,,0.8865916132926941,,,,,,,,,,,1.0,1.0,,,,,3716,,,,0.0,,0.0,,0.0
,,,0.01171875,,0.890625,,,,,,,,,,,1.0,1.0,,,,,3717,,,,0.0,,0.0,,0.0
,,,0.013020833022892475,,0.828125,,,,,,,,,,,1.0,1.0,,,,,3718,,,,0.0,,0.0,,0.0
,,,0.03269841521978378,,0.7732601165771484,,,,,,,,,,,1.0,1.0,,,,,3719,,,,0.0,,0.0,,0.0
,,,0.01796874962747097,,0.7734375,,,,,,,,,,,1.0,1.0,,,,,3720,,,,0.0,,0.0,,0.0
,,,0.01822916604578495,,0.78125,,,,,,,,,,,1.0,1.0,,,,,3721,,,,0.0,,0.0,,0.0
,,,0.08318181335926056,,0.8943182229995728,,,,,,,,,,,1.0,1.0,,,,,3722,,,,0.0,,0.0,,0.0
,,,0.0993303582072258,,0.8359375,,,,,,,,,,,1.0,1.0,,,,,3723,,,,0.0,,0.0,,0.0
,,,0.08203125,,0.8515625,,,,,,,,,,,1.0,1.0,,,,,3724,,,,0.0,,0.0,,0.0
,,,0.08385481685400009,,0.8879849910736084,,,,,,,,,,,1.0,1.0,,,,,3725,,,,0.0,,0.0,,0.0
,,,0.01796874962747097,,0.8125,,,,,,,,,,,1.0,1.0,,,,,3726,,,,0.0,,0.0,,0.0
,,,0.01718750037252903,,0.8828125,,,,,,,,,,,1.0,1.0,,,,,3727,,,,0.0,,0.0,,0.0
,,,0.0329861119389534,,0.921875,,,,,,,,,,,1.0,1.0,,,,,3728,,,,0.0,,0.0,,0.0
,,,0.0297462809830904,,0.9527559280395508,,,,,,,,,,,1.0,1.0,,,,,3729,,,,0.0,,0.0,,0.0
,,,0.048828125,,0.8828125,,,,,,,,,,,1.0,1.0,,,,,3730,,,,0.0,,0.0,,0.0
,,,0.0347222238779068,,0.8828125,,,,,,,,,,,1.0,1.0,,,,,3731,,,,0.0,,0.0,,0.0
,,,0.08584770560264587,,0.8850574493408203,,,,,,,,,,,1.0,1.0,,,,,3732,,,,0.0,,0.0,,0.0
,,,0.02500000037252903,,0.7734375,,,,,,,,,,,1.0,1.0,,,,,3733,,,,0.0,,0.0,,0.0
,,,0.03359375149011612,,0.8125,,,,,,,,,,,1.0,1.0,,,,,3734,,,,0.0,,0.0,,0.0
,,,0.13026118278503418,,0.8690869212150574,,,,,,,,,,,1.0,1.0,,,,,3735,,,,0.0,,0.0,,0.0
,,,0.0850694477558136,,0.9921875,,,,,,,,,,,1.0,1.0,,,,,3736,,,,0.0,,0.0,,0.0
,,,0.0986328125,,0.984375,,,,,,,,,,,1.0,1.0,,,,,3737,,,,0.0,,0.0,,0.0
,,,0.12384259700775146,,0.8645833730697632,,,,,,,,,,,1.0,1.0,,,,,3738,,,,0.0,,0.0,,0.0
,,,0.0458984375,,0.828125,,,,,,,,,,,1.0,1.0,,,,,3739,,,,0.0,,0.0,,0.0
,,,0.0355902761220932,,0.875,,,,,,,,,,,1.0,1.0,,,,,3740,,,,0.0,,0.0,,0.0
,,,0.05199335515499115,,0.8247507810592651,,,,,,,,,,,1.0,1.0,,,,,3741,,,,0.0,,0.0,,0.0
,,,0.0164930559694767,,0.7734375,,,,,,,,,,,1.0,1.0,,,,,3742,,,,0.0,,0.0,,0.0
,,,0.0225694440305233,,0.7265625,,,,,,,,,,,1.0,1.0,,,,,3743,,,,0.0,,0.0,,0.0
,,,0.1412241905927658,,0.8533923625946045,,,,,,,,,,,1.0,1.0,,,,,3744,,,,0.0,,0.0,,0.0
,,,0.15625,,0.9453125,,,,,,,,,,,1.0,1.0,,,,,3745,,,,0.0,,0.0,,0.0
,,,0.0986328125,,0.9453125,,,,,,,,,,,1.0,1.0,,,,,3746,,,,0.0,,0.0,,0.0
,,,0.09525252878665924,,0.9272727370262146,,,,,,,,,,,1.0,1.0,,,,,3747,,,,0.0,,0.0,,0.0
,,,0.014843749813735485,,0.875,,,,,,,,,,,1.0,1.0,,,,,3748,,,,0.0,,0.0,,0.0
,,,0.01171875,,0.765625,,,,,,,,,,,1.0,1.0,,,,,3749,,,,0.0,,0.0,,0.0
,,,0.022592592984437943,,0.824999988079071,,,,,,,,,,,1.0,1.0,,,,,3750,,,,0.0,,0.0,,0.0
,,,0.01822916604578495,,0.7890625,,,,,,,,,,,1.0,1.0,,,,,3751,,,,0.0,,0.0,,0.0
,,,0.01909722201526165,,0.796875,,,,,,,,,,,1.0,1.0,,,,,3752,,,,0.0,,0.0,,0.0
,,,0.08765729516744614,,0.8740294575691223,,,,,,,,,,,1.0,1.0,,,,,3753,,,,0.0,,0.0,,0.0
,,,0.1004464253783226,,0.8359375,,,,,,,,,,,1.0,1.0,,,,,3754,,,,0.0,,0.0,,0.0
,,,0.083984375,,0.859375,,,,,,,,,,,1.0,1.0,,,,,3755,,,,0.0,,0.0,,0.0
,,,0.07896614074707031,,0.8827348947525024,,,,,,,,,,,1.0,1.0,,,,,3756,,,,0.0,,0.0,,0.0
,,,0.01875000074505806,,0.828125,,,,,,,,,,,1.0,1.0,,,,,3757,,,,0.0,,0.0,,0.0
,,,0.01640624925494194,,0.875,,,,,,,,,,,1.0,1.0,,,,,3758,,,,0.0,,0.0,,0.0
,,,0.06229236349463463,,0.9055924415588379,,,,,,,,,,,1.0,1.0,,,,,3759,,,,0.0,,0.0,,0.0
,,,0.0380859375,,0.8984375,,,,,,,,,,,1.0,1.0,,,,,3760,,,,0.0,,0.0,,0.0
,,,0.03437500074505806,,0.875,,,,,,,,,,,1.0,1.0,,,,,3761,,,,0.0,,0.0,,0.0
,,,0.0835716649889946,,0.9161955118179321,,,,,,,,,,,1.0,1.0,,,,,3762,,,,0.0,,0.0,,0.0
,,,0.03281249850988388,,0.8046875,,,,,,,,,,,1.0,1.0,,,,,3763,,,,0.0,,0.0,,0.0
,,,0.02734375,,0.7890625,,,,,,,,,,,1.0,1.0,,,,,3764,,,,0.0,,0.0,,0.0
,,,0.144841268658638,,0.8973214626312256,,,,,,,,,,,1.0,1.0,,,,,3765,,,,0.0,,0.0,,0.0
,,,0.07421875,,0.9609375,,,,,,,,,,,1.0,1.0,,,,,3766,,,,0.0,,0.0,,0.0
,,,0.07890625298023224,,1.0,,,,,,,,,,,1.0,1.0,,,,,3767,,,,0.0,,0.0,,0.0
,,,0.09652076661586761,,0.8422688245773315,,,,,,,,,,,1.0,1.0,,,,,3768,,,,0.0,,0.0,,0.0
,,,0.046875,,0.8359375,,,,,,,,,,,1.0,1.0,,,,,3769,,,,0.0,,0.0,,0.0
,,,0.0364583320915699,,0.84375,,,,,,,,,,,1.0,1.0,,,,,3770,,,,0.0,,0.0,,0.0
,,,0.03849519044160843,,0.8897637724876404,,,,,,,,,,,1.0,1.0,,,,,3771,,,,0.0,,0.0,,0.0
40,0.3992897868156433,0.3914661407470703,,0.8579846620559692,,,,,,,,,,,,,,48.46946334838867,36553.40625,3.880934000015259,345.8125305175781,9060,,,0.0,,0.0,,0.0,
40,,,,,,0.6758130192756653,,1.0155794620513916,,16.988157272338867,,,,,,,,,,,,9060,2.0810348987579346,,,,,,,
,,,,,,,,,,,,,,0.0002929398980817538,0.03,,,,,,,9099,,,,,,,,
41,,,,,,,0.6765102744102478,,1.0014615058898926,,16.25,0.00029291195096448064,0.029999999329447746,,,1.0,1.0,,,,,9099,,1.9108996391296387,,,,,,
,,,,,,,,,,,,,,0.00029153939295328666,0.03,,,,,,,9149,,,,,,,,
41,,,,,,,0.671871542930603,,1.005611777305603,,16.6875,0.00029151132912375033,0.029999999329447746,,,1.0,1.0,,,,,9149,,1.7009164094924927,,,,,,
,,,,,,,,,,,,,,0.00029013319108937326,0.03,,,,,,,9199,,,,,,,,
41,,,,,,,0.6473636627197266,,0.9723148345947266,,16.25,0.0002901050029322505,0.029999999329447746,,,1.0,1.0,,,,,9199,,1.8697576522827148,,,,,,
,,,,,,,,,,,,,,0.00028872138019324497,0.03,,,,,,,9249,,,,,,,,
41,,,,,,,0.682819664478302,,1.0685617923736572,,19.28125,0.000288693088805303,0.029999999329447746,,,1.0,1.0,,,,,9249,,1.976958990097046,,,,,,
,,,0.05078125,,0.8125,,,,,,,,,,,1.0,1.0,,,,,3772,,,,0.0,,0.0,,0.0
,,,0.0581597238779068,,0.8515625,,,,,,,,,,,1.0,1.0,,,,,3773,,,,0.0,,0.0,,0.0
,,,0.11543821543455124,,0.8318665027618408,,,,,,,,,,,1.0,1.0,,,,,3774,,,,0.0,,0.0,,0.0
,,,0.05000000074505806,,0.8828125,,,,,,,,,,,1.0,1.0,,,,,3775,,,,0.0,,0.0,,0.0
,,,0.0555555559694767,,0.875,,,,,,,,,,,1.0,1.0,,,,,3776,,,,0.0,,0.0,,0.0
,,,0.07019230723381042,,0.7708333730697632,,,,,,,,,,,1.0,1.0,,,,,3777,,,,0.0,,0.0,,0.0
,,,0.015625,,0.859375,,,,,,,,,,,1.0,1.0,,,,,3778,,,,0.0,,0.0,,0.0
,,,0.012500000186264515,,0.859375,,,,,,,,,,,1.0,1.0,,,,,3779,,,,0.0,,0.0,,0.0
,,,0.04236706718802452,,0.8867924213409424,,,,,,,,,,,1.0,1.0,,,,,3780,,,,0.0,,0.0,,0.0
,,,0.0503472238779068,,0.9375,,,,,,,,,,,1.0,1.0,,,,,3781,,,,0.0,,0.0,,0.0
,,,0.04140625149011612,,0.9453125,,,,,,,,,,,1.0,1.0,,,,,3782,,,,0.0,,0.0,,0.0
,,,0.0520833320915699,,0.9140625,,,,,,,,,,,1.0,1.0,,,,,3783,,,,0.0,,0.0,,0.0
,,,0.19644445180892944,,0.9520000219345093,,,,,,,,,,,1.0,1.0,,,,,3784,,,,0.0,,0.0,,0.0
,,,0.07187499850988388,,0.859375,,,,,,,,,,,1.0,1.0,,,,,3785,,,,0.0,,0.0,,0.0
,,,0.06484375149011612,,0.8359375,,,,,,,,,,,1.0,1.0,,,,,3786,,,,0.0,,0.0,,0.0
,,,0.09775911271572113,,0.9108309745788574,,,,,,,,,,,1.0,1.0,,,,,3787,,,,0.0,,0.0,,0.0
,,,0.03203124925494194,,0.8828125,,,,,,,,,,,1.0,1.0,,,,,3788,,,,0.0,,0.0,,0.0
,,,0.03515625,,0.9140625,,,,,,,,,,,1.0,1.0,,,,,3789,,,,0.0,,0.0,,0.0
,,,0.06114718317985535,,0.7364718914031982,,,,,,,,,,,1.0,1.0,,,,,3790,,,,0.0,,0.0,,0.0
,,,0.02812499925494194,,0.6640625,,,,,,,,,,,1.0,1.0,,,,,3791,,,,0.0,,0.0,,0.0
,,,0.02187499962747097,,0.671875,,,,,,,,,,,1.0,1.0,,,,,3792,,,,0.0,,0.0,,0.0
,,,0.07793275266885757,,0.7585304975509644,,,,,,,,,,,1.0,1.0,,,,,3793,,,,0.0,,0.0,,0.0
,,,0.0460069440305233,,0.765625,,,,,,,,,,,1.0,1.0,,,,,3794,,,,0.0,,0.0,,0.0
,,,0.04453124850988388,,0.78125,,,,,,,,,,,1.0,1.0,,,,,3795,,,,0.0,,0.0,,0.0
,,,0.08714285492897034,,0.8268473148345947,,,,,,,,,,,1.0,1.0,,,,,3796,,,,0.0,,0.0,,0.0
,,,0.0555555559694767,,0.90625,,,,,,,,,,,1.0,1.0,,,,,3797,,,,0.0,,0.0,,0.0
,,,0.04453124850988388,,0.9453125,,,,,,,,,,,1.0,1.0,,,,,3798,,,,0.0,,0.0,,0.0
,,,0.11426414549350739,,0.9572327136993408,,,,,,,,,,,1.0,1.0,,,,,3799,,,,0.0,,0.0,,0.0
,,,0.0703125,,0.984375,,,,,,,,,,,1.0,1.0,,,,,3800,,,,0.0,,0.0,,0.0
,,,0.05624999850988388,,0.9765625,,,,,,,,,,,1.0,1.0,,,,,3801,,,,0.0,,0.0,,0.0
,,,0.11592339724302292,,0.9068399667739868,,,,,,,,,,,1.0,1.0,,,,,3802,,,,0.0,,0.0,,0.0
,,,0.05312500149011612,,0.8046875,,,,,,,,,,,1.0,1.0,,,,,3803,,,,0.0,,0.0,,0.0
,,,0.05000000074505806,,0.859375,,,,,,,,,,,1.0,1.0,,,,,3804,,,,0.0,,0.0,,0.0
,,,0.12003283947706223,,0.8352216482162476,,,,,,,,,,,1.0,1.0,,,,,3805,,,,0.0,,0.0,,0.0
,,,0.05078125,,0.890625,,,,,,,,,,,1.0,1.0,,,,,3806,,,,0.0,,0.0,,0.0
,,,0.05156249925494194,,0.859375,,,,,,,,,,,1.0,1.0,,,,,3807,,,,0.0,,0.0,,0.0
,,,0.07110349833965302,,0.8314167261123657,,,,,,,,,,,1.0,1.0,,,,,3808,,,,0.0,,0.0,,0.0
,,,0.01640624925494194,,0.875,,,,,,,,,,,1.0,1.0,,,,,3809,,,,0.0,,0.0,,0.0
,,,0.014843749813735485,,0.8203125,,,,,,,,,,,1.0,1.0,,,,,3810,,,,0.0,,0.0,,0.0
,,,0.04967033118009567,,0.8583638668060303,,,,,,,,,,,1.0,1.0,,,,,3811,,,,0.0,,0.0,,0.0
,,,0.04609375074505806,,0.9296875,,,,,,,,,,,1.0,1.0,,,,,3812,,,,0.0,,0.0,,0.0
,,,0.04453124850988388,,0.9453125,,,,,,,,,,,1.0,1.0,,,,,3813,,,,0.0,,0.0,,0.0
,,,0.1434343457221985,,0.9352272748947144,,,,,,,,,,,1.0,1.0,,,,,3814,,,,0.0,,0.0,,0.0
,,,0.0798611119389534,,0.859375,,,,,,,,,,,1.0,1.0,,,,,3815,,,,0.0,,0.0,,0.0
,,,0.06718750298023224,,0.8515625,,,,,,,,,,,1.0,1.0,,,,,3816,,,,0.0,,0.0,,0.0
,,,0.10657070577144623,,0.9161452054977417,,,,,,,,,,,1.0,1.0,,,,,3817,,,,0.0,,0.0,,0.0
,,,0.0364583320915699,,0.890625,,,,,,,,,,,1.0,1.0,,,,,3818,,,,0.0,,0.0,,0.0
,,,0.03203124925494194,,0.8984375,,,,,,,,,,,1.0,1.0,,,,,3819,,,,0.0,,0.0,,0.0
,,,0.03437500074505806,,0.890625,,,,,,,,,,,1.0,1.0,,,,,3820,,,,0.0,,0.0,,0.0
,,,0.12283464521169662,,0.8346456289291382,,,,,,,,,,,1.0,1.0,,,,,3821,,,,0.0,,0.0,,0.0
,,,0.02578124962747097,,0.6484375,,,,,,,,,,,1.0,1.0,,,,,3822,,,,0.0,,0.0,,0.0
,,,0.02578124962747097,,0.734375,,,,,,,,,,,1.0,1.0,,,,,3823,,,,0.0,,0.0,,0.0
,,,0.085887610912323,,0.704023003578186,,,,,,,,,,,1.0,1.0,,,,,3824,,,,0.0,,0.0,,0.0
,,,0.0390625,,0.765625,,,,,,,,,,,1.0,1.0,,,,,3825,,,,0.0,,0.0,,0.0
,,,0.04062499850988388,,0.8046875,,,,,,,,,,,1.0,1.0,,,,,3826,,,,0.0,,0.0,,0.0
,,,0.09123578667640686,,0.8307664394378662,,,,,,,,,,,1.0,1.0,,,,,3827,,,,0.0,,0.0,,0.0
,,,0.05312500149011612,,0.9140625,,,,,,,,,,,1.0,1.0,,,,,3828,,,,0.0,,0.0,,0.0
,,,0.0486111119389534,,0.9453125,,,,,,,,,,,1.0,1.0,,,,,3829,,,,0.0,,0.0,,0.0
,,,0.109375,,0.9375,,,,,,,,,,,1.0,1.0,,,,,3830,,,,0.0,,0.0,,0.0
,,,0.0737847238779068,,0.984375,,,,,,,,,,,1.0,1.0,,,,,3831,,,,0.0,,0.0,,0.0
,,,0.06171875074505806,,0.984375,,,,,,,,,,,1.0,1.0,,,,,3832,,,,0.0,,0.0,,0.0
,,,0.11068660020828247,,0.8950719833374023,,,,,,,,,,,1.0,1.0,,,,,3833,,,,0.0,,0.0,,0.0
,,,0.05312500149011612,,0.8203125,,,,,,,,,,,1.0,1.0,,,,,3834,,,,0.0,,0.0,,0.0
,,,0.0564236119389534,,0.828125,,,,,,,,,,,1.0,1.0,,,,,3835,,,,0.0,,0.0,,0.0
,,,0.11628974229097366,,0.9002950191497803,,,,,,,,,,,1.0,1.0,,,,,3836,,,,0.0,,0.0,,0.0
,,,0.05234374850988388,,0.890625,,,,,,,,,,,1.0,1.0,,,,,3837,,,,0.0,,0.0,,0.0
,,,0.05234374850988388,,0.8671875,,,,,,,,,,,1.0,1.0,,,,,3838,,,,0.0,,0.0,,0.0
,,,0.07202020287513733,,0.8813130855560303,,,,,,,,,,,1.0,1.0,,,,,3839,,,,0.0,,0.0,,0.0
,,,0.01718750037252903,,0.875,,,,,,,,,,,1.0,1.0,,,,,3840,,,,0.0,,0.0,,0.0
,,,0.01171875,,0.7734375,,,,,,,,,,,1.0,1.0,,,,,3841,,,,0.0,,0.0,,0.0
,,,0.06388889253139496,,0.9268518686294556,,,,,,,,,,,1.0,1.0,,,,,3842,,,,0.0,,0.0,,0.0
,,,0.04531250149011612,,0.9375,,,,,,,,,,,1.0,1.0,,,,,3843,,,,0.0,,0.0,,0.0
,,,0.0503472238779068,,0.9375,,,,,,,,,,,1.0,1.0,,,,,3844,,,,0.0,,0.0,,0.0
,,,0.13907481729984283,,0.9082998633384705,,,,,,,,,,,1.0,1.0,,,,,3845,,,,0.0,,0.0,,0.0
,,,0.091796875,,0.8515625,,,,,,,,,,,1.0,1.0,,,,,3846,,,,0.0,,0.0,,0.0
,,,0.06562499701976776,,0.859375,,,,,,,,,,,1.0,1.0,,,,,3847,,,,0.0,,0.0,,0.0
,,,0.0978354960680008,,0.8922841548919678,,,,,,,,,,,1.0,1.0,,,,,3848,,,,0.0,,0.0,,0.0
,,,0.0458984375,,0.8828125,,,,,,,,,,,1.0,1.0,,,,,3849,,,,0.0,,0.0,,0.0
,,,0.03125,,0.90625,,,,,,,,,,,1.0,1.0,,,,,3850,,,,0.0,,0.0,,0.0
,,,0.05863787233829498,,0.7336655855178833,,,,,,,,,,,1.0,1.0,,,,,3851,,,,0.0,,0.0,,0.0
,,,0.02777777798473835,,0.6875,,,,,,,,,,,1.0,1.0,,,,,3852,,,,0.0,,0.0,,0.0
,,,0.02109375037252903,,0.6484375,,,,,,,,,,,1.0,1.0,,,,,3853,,,,0.0,,0.0,,0.0
,,,0.07402727007865906,,0.8117725253105164,,,,,,,,,,,1.0,1.0,,,,,3854,,,,0.0,,0.0,,0.0
,,,0.0494791679084301,,0.7265625,,,,,,,,,,,1.0,1.0,,,,,3855,,,,0.0,,0.0,,0.0
,,,0.03828125074505806,,0.7890625,,,,,,,,,,,1.0,1.0,,,,,3856,,,,0.0,,0.0,,0.0
,,,0.12410713732242584,,0.8214285373687744,,,,,,,,,,,1.0,1.0,,,,,3857,,,,0.0,,0.0,,0.0
,,,0.04531250149011612,,0.90625,,,,,,,,,,,1.0,1.0,,,,,3858,,,,0.0,,0.0,,0.0
,,,0.04843749850988388,,0.921875,,,,,,,,,,,1.0,1.0,,,,,3859,,,,0.0,,0.0,,0.0
,,,0.12907925248146057,,0.9743589758872986,,,,,,,,,,,1.0,1.0,,,,,3860,,,,0.0,,0.0,,0.0
,,,0.06562499701976776,,0.984375,,,,,,,,,,,1.0,1.0,,,,,3861,,,,0.0,,0.0,,0.0
,,,0.05937499925494194,,0.984375,,,,,,,,,,,1.0,1.0,,,,,3862,,,,0.0,,0.0,,0.0
,,,0.06535433232784271,,0.9763779640197754,,,,,,,,,,,1.0,1.0,,,,,3863,,,,0.0,,0.0,,0.0
41,0.3980351686477661,0.4468466639518738,,0.8584766983985901,,,,,,,,,,,,,,47.66960525512695,37281.64453125,3.8642940521240234,347.50927734375,9281,,,0.0,,0.0,,0.0,
41,,,,,,0.6752887964248657,,1.0081696510314941,,16.64391326904297,,,,,,,,,,,,9281,2.0107643604278564,,,,,,,
,,,,,,,,,,,,,,0.0002873040483179639,0.03,,,,,,,9299,,,,,,,,
42,,,,,,,0.6878488063812256,,1.0115792751312256,,16.1875,0.0002872756449505687,0.029999999329447746,,,1.0,1.0,,,,,9299,,2.0306241512298584,,,,,,
,,,,,,,,,,,,,,0.0002858812838609284,0.03,,,,,,,9349,,,,,,,,
42,,,,,,,0.6752476692199707,,0.9635777473449707,,14.421875,0.0002858527877833694,0.029999999329447746,,,1.0,1.0,,,,,9349,,1.9101529121398926,,,,,,
,,,,,,,,,,,,,,0.0002844531755583612,0.03,,,,,,,9399,,,,,,,,
42,,,,,,,0.6563992500305176,,0.9977078437805176,,17.0625,0.00028442454640753567,0.029999999329447746,,,1.0,1.0,,,,,9399,,1.9522449970245361,,,,,,
,,,,,,,,,,,,,,0.0002830198124797747,0.03,,,,,,,9449,,,,,,,,
42,,,,,,,0.6740419864654541,,1.033661127090454,,17.984375,0.00028299109544605017,0.029999999329447746,,,1.0,1.0,,,,,9449,,2.031421661376953,,,,,,
,,,,,,,,,,,,,,0.0002815812840224157,0.03,,,,,,,9499,,,,,,,,
42,,,,,,,0.6296104788780212,,0.9653038382530212,,16.78125,0.00028155246400274336,0.029999999329447746,,,1.0,1.0,,,,,9499,,1.831413745880127,,,,,,
,,,0.04296875,,0.828125,,,,,,,,,,,1.0,1.0,,,,,3864,,,,0.0,,0.0,,0.0
,,,0.060546875,,0.875,,,,,,,,,,,1.0,1.0,,,,,3865,,,,0.0,,0.0,,0.0
,,,0.11169783771038055,,0.9171250462532043,,,,,,,,,,,1.0,1.0,,,,,3866,,,,0.0,,0.0,,0.0
,,,0.1060267835855484,,0.9453125,,,,,,,,,,,1.0,1.0,,,,,3867,,,,0.0,,0.0,,0.0
,,,0.0746527761220932,,0.9375,,,,,,,,,,,1.0,1.0,,,,,3868,,,,0.0,,0.0,,0.0
,,,0.08782050758600235,,0.8830127716064453,,,,,,,,,,,1.0,1.0,,,,,3869,,,,0.0,,0.0,,0.0
,,,0.010937499813735485,,0.8046875,,,,,,,,,,,1.0,1.0,,,,,3870,,,,0.0,,0.0,,0.0
,,,0.02656250074505806,,0.8046875,,,,,,,,,,,1.0,1.0,,,,,3871,,,,0.0,,0.0,,0.0
,,,0.027787305414676666,,0.7590051293373108,,,,,,,,,,,1.0,1.0,,,,,3872,,,,0.0,,0.0,,0.0
,,,0.0390625,,0.8125,,,,,,,,,,,1.0,1.0,,,,,3873,,,,0.0,,0.0,,0.0
,,,0.02812499925494194,,0.84375,,,,,,,,,,,1.0,1.0,,,,,3874,,,,0.0,,0.0,,0.0
,,,0.03984374925494194,,0.828125,,,,,,,,,,,1.0,1.0,,,,,3875,,,,0.0,,0.0,,0.0
,,,0.11566667258739471,,0.9559999704360962,,,,,,,,,,,1.0,1.0,,,,,3876,,,,0.0,,0.0,,0.0
,,,0.06640625,,0.8515625,,,,,,,,,,,1.0,1.0,,,,,3877,,,,0.0,,0.0,,0.0
,,,0.05234374850988388,,0.875,,,,,,,,,,,1.0,1.0,,,,,3878,,,,0.0,,0.0,,0.0
,,,0.08496733009815216,,0.831932783126831,,,,,,,,,,,1.0,1.0,,,,,3879,,,,0.0,,0.0,,0.0
,,,0.03125,,0.6796875,,,,,,,,,,,1.0,1.0,,,,,3880,,,,0.0,,0.0,,0.0
,,,0.02265625074505806,,0.5703125,,,,,,,,,,,1.0,1.0,,,,,3881,,,,0.0,,0.0,,0.0
,,,0.0513468012213707,,0.6304112672805786,,,,,,,,,,,1.0,1.0,,,,,3882,,,,0.0,,0.0,,0.0
,,,0.02864583395421505,,0.703125,,,,,,,,,,,1.0,1.0,,,,,3883,,,,0.0,,0.0,,0.0
,,,0.0234375,,0.6796875,,,,,,,,,,,1.0,1.0,,,,,3884,,,,0.0,,0.0,,0.0
,,,0.057907845824956894,,0.765379786491394,,,,,,,,,,,1.0,1.0,,,,,3885,,,,0.0,,0.0,,0.0
,,,0.03437500074505806,,0.7265625,,,,,,,,,,,1.0,1.0,,,,,3886,,,,0.0,,0.0,,0.0
,,,0.02890625037252903,,0.7421875,,,,,,,,,,,1.0,1.0,,,,,3887,,,,0.0,,0.0,,0.0
,,,0.1070060282945633,,0.8613300323486328,,,,,,,,,,,1.0,1.0,,,,,3888,,,,0.0,,0.0,,0.0
,,,0.0572916679084301,,0.9609375,,,,,,,,,,,1.0,1.0,,,,,3889,,,,0.0,,0.0,,0.0
,,,0.04374999925494194,,0.9609375,,,,,,,,,,,1.0,1.0,,,,,3890,,,,0.0,,0.0,,0.0
,,,0.1009364128112793,,0.9638993740081787,,,,,,,,,,,1.0,1.0,,,,,3891,,,,0.0,,0.0,,0.0
,,,0.0590277761220932,,0.9921875,,,,,,,,,,,1.0,1.0,,,,,3892,,,,0.0,,0.0,,0.0
,,,0.04921875149011612,,0.9453125,,,,,,,,,,,1.0,1.0,,,,,3893,,,,0.0,,0.0,,0.0
,,,0.10919593274593353,,0.9068399667739868,,,,,,,,,,,1.0,1.0,,,,,3894,,,,0.0,,0.0,,0.0
,,,0.04453124850988388,,0.828125,,,,,,,,,,,1.0,1.0,,,,,3895,,,,0.0,,0.0,,0.0
,,,0.04609375074505806,,0.8671875,,,,,,,,,,,1.0,1.0,,,,,3896,,,,0.0,,0.0,,0.0
,,,0.11384783685207367,,0.9268472790718079,,,,,,,,,,,1.0,1.0,,,,,3897,,,,0.0,,0.0,,0.0
,,,0.09375,,0.9296875,,,,,,,,,,,1.0,1.0,,,,,3898,,,,0.0,,0.0,,0.0
,,,0.0729166641831398,,0.921875,,,,,,,,,,,1.0,1.0,,,,,3899,,,,0.0,,0.0,,0.0
,,,0.08735013753175735,,0.8940542936325073,,,,,,,,,,,1.0,1.0,,,,,3900,,,,0.0,,0.0,,0.0
,,,0.02031249925494194,,0.8125,,,,,,,,,,,1.0,1.0,,,,,3901,,,,0.0,,0.0,,0.0
,,,0.01875000074505806,,0.7734375,,,,,,,,,,,1.0,1.0,,,,,3902,,,,0.0,,0.0,,0.0
,,,0.03894994035363197,,0.7807081937789917,,,,,,,,,,,1.0,1.0,,,,,3903,,,,0.0,,0.0,,0.0
,,,0.0407986119389534,,0.8359375,,,,,,,,,,,1.0,1.0,,,,,3904,,,,0.0,,0.0,,0.0
,,,0.02890625037252903,,0.8203125,,,,,,,,,,,1.0,1.0,,,,,3905,,,,0.0,,0.0,,0.0
,,,0.09204545617103577,,0.8761363625526428,,,,,,,,,,,1.0,1.0,,,,,3906,,,,0.0,,0.0,,0.0
,,,0.072265625,,0.8828125,,,,,,,,,,,1.0,1.0,,,,,3907,,,,0.0,,0.0,,0.0
,,,0.05234374850988388,,0.8671875,,,,,,,,,,,1.0,1.0,,,,,3908,,,,0.0,,0.0,,0.0
,,,0.1083993911743164,,0.8692115545272827,,,,,,,,,,,1.0,1.0,,,,,3909,,,,0.0,,0.0,,0.0
,,,0.03125,,0.65625,,,,,,,,,,,1.0,1.0,,,,,3910,,,,0.0,,0.0,,0.0
,,,0.02500000037252903,,0.640625,,,,,,,,,,,1.0,1.0,,,,,3911,,,,0.0,,0.0,,0.0
,,,0.02500000037252903,,0.546875,,,,,,,,,,,1.0,1.0,,,,,3912,,,,0.0,,0.0,,0.0
,,,0.1303587108850479,,0.874015748500824,,,,,,,,,,,1.0,1.0,,,,,3913,,,,0.0,,0.0,,0.0
,,,0.0329861119389534,,0.6953125,,,,,,,,,,,1.0,1.0,,,,,3914,,,,0.0,,0.0,,0.0
,,,0.01875000074505806,,0.6953125,,,,,,,,,,,1.0,1.0,,,,,3915,,,,0.0,,0.0,,0.0
,,,0.06637930870056152,,0.7543103694915771,,,,,,,,,,,1.0,1.0,,,,,3916,,,,0.0,,0.0,,0.0
,,,0.02656250074505806,,0.6796875,,,,,,,,,,,1.0,1.0,,,,,3917,,,,0.0,,0.0,,0.0
,,,0.03593749925494194,,0.8046875,,,,,,,,,,,1.0,1.0,,,,,3918,,,,0.0,,0.0,,0.0
,,,0.10687364637851715,,0.8320498466491699,,,,,,,,,,,1.0,1.0,,,,,3919,,,,0.0,,0.0,,0.0
,,,0.04609375074505806,,0.96875,,,,,,,,,,,1.0,1.0,,,,,3920,,,,0.0,,0.0,,0.0
,,,0.05156249925494194,,0.9609375,,,,,,,,,,,1.0,1.0,,,,,3921,,,,0.0,,0.0,,0.0
,,,0.09953703731298447,,0.9270833730697632,,,,,,,,,,,1.0,1.0,,,,,3922,,,,0.0,,0.0,,0.0
,,,0.064453125,,0.96875,,,,,,,,,,,1.0,1.0,,,,,3923,,,,0.0,,0.0,,0.0
,,,0.04765624925494194,,0.96875,,,,,,,,,,,1.0,1.0,,,,,3924,,,,0.0,,0.0,,0.0
,,,0.0976744145154953,,0.9008859395980835,,,,,,,,,,,1.0,1.0,,,,,3925,,,,0.0,,0.0,,0.0
,,,0.0503472238779068,,0.8515625,,,,,,,,,,,1.0,1.0,,,,,3926,,,,0.0,,0.0,,0.0
,,,0.0390625,,0.875,,,,,,,,,,,1.0,1.0,,,,,3927,,,,0.0,,0.0,,0.0
,,,0.1429203599691391,,0.9112094640731812,,,,,,,,,,,1.0,1.0,,,,,3928,,,,0.0,,0.0,,0.0
,,,0.0908203125,,0.921875,,,,,,,,,,,1.0,1.0,,,,,3929,,,,0.0,,0.0,,0.0
,,,0.0729166641831398,,0.9296875,,,,,,,,,,,1.0,1.0,,,,,3930,,,,0.0,,0.0,,0.0
,,,0.08959595859050751,,0.9227272868156433,,,,,,,,,,,1.0,1.0,,,,,3931,,,,0.0,,0.0,,0.0
,,,0.0251736119389534,,0.78125,,,,,,,,,,,1.0,1.0,,,,,3932,,,,0.0,,0.0,,0.0
,,,0.01953125,,0.796875,,,,,,,,,,,1.0,1.0,,,,,3933,,,,0.0,,0.0,,0.0
,,,0.032777778804302216,,0.7277777791023254,,,,,,,,,,,1.0,1.0,,,,,3934,,,,0.0,,0.0,,0.0
,,,0.03515625,,0.8515625,,,,,,,,,,,1.0,1.0,,,,,3935,,,,0.0,,0.0,,0.0
,,,0.03203124925494194,,0.8125,,,,,,,,,,,1.0,1.0,,,,,3936,,,,0.0,,0.0,,0.0
,,,0.10589022934436798,,0.9194109439849854,,,,,,,,,,,1.0,1.0,,,,,3937,,,,0.0,,0.0,,0.0
,,,0.06640625,,0.859375,,,,,,,,,,,1.0,1.0,,,,,3938,,,,0.0,,0.0,,0.0
,,,0.0546875,,0.8828125,,,,,,,,,,,1.0,1.0,,,,,3939,,,,0.0,,0.0,,0.0
,,,0.08148714154958725,,0.8081232309341431,,,,,,,,,,,1.0,1.0,,,,,3940,,,,0.0,,0.0,,0.0
,,,0.0303819440305233,,0.6328125,,,,,,,,,,,1.0,1.0,,,,,3941,,,,0.0,,0.0,,0.0
,,,0.02500000037252903,,0.625,,,,,,,,,,,1.0,1.0,,,,,3942,,,,0.0,,0.0,,0.0
,,,0.043410852551460266,,0.630398690700531,,,,,,,,,,,1.0,1.0,,,,,3943,,,,0.0,,0.0,,0.0
,,,0.0251736119389534,,0.734375,,,,,,,,,,,1.0,1.0,,,,,3944,,,,0.0,,0.0,,0.0
,,,0.0243055559694767,,0.671875,,,,,,,,,,,1.0,1.0,,,,,3945,,,,0.0,,0.0,,0.0
,,,0.07855004817247391,,0.7904888391494751,,,,,,,,,,,1.0,1.0,,,,,3946,,,,0.0,,0.0,,0.0
,,,0.03750000149011612,,0.71875,,,,,,,,,,,1.0,1.0,,,,,3947,,,,0.0,,0.0,,0.0
,,,0.02656250074505806,,0.734375,,,,,,,,,,,1.0,1.0,,,,,3948,,,,0.0,,0.0,,0.0
,,,0.10625000298023224,,0.8794642686843872,,,,,,,,,,,1.0,1.0,,,,,3949,,,,0.0,,0.0,,0.0
,,,0.0572916679084301,,0.9609375,,,,,,,,,,,1.0,1.0,,,,,3950,,,,0.0,,0.0,,0.0
,,,0.04374999925494194,,0.953125,,,,,,,,,,,1.0,1.0,,,,,3951,,,,0.0,,0.0,,0.0
,,,0.08823275566101074,,0.9289044141769409,,,,,,,,,,,1.0,1.0,,,,,3952,,,,0.0,,0.0,,0.0
,,,0.0555555559694767,,0.984375,,,,,,,,,,,1.0,1.0,,,,,3953,,,,0.0,,0.0,,0.0
,,,0.0503472238779068,,0.953125,,,,,,,,,,,1.0,1.0,,,,,3954,,,,0.0,,0.0,,0.0
,,,0.058617670089006424,,0.9763779640197754,,,,,,,,,,,1.0,1.0,,,,,3955,,,,0.0,,0.0,,0.0
42,0.4127102494239807,0.4032920300960541,,0.8317130208015442,,,,,,,,,,,,,,49.10130310058594,40410.2578125,3.893885612487793,354.2768249511719,9502,,,0.0,,0.0,,0.0,
42,,,,,,0.6714817881584167,,1.0049031972885132,,16.67123794555664,,,,,,,,,,,,9502,2.0163707733154297,,,,,,,
,,,,,,,,,,,,,,0.00028013767990569025,0.03,,,,,,,9549,,,,,,,,
43,,,,,,,0.6574994325637817,,1.0315228700637817,,18.703125,0.0002801087684929371,0.029999999329447746,,,1.0,1.0,,,,,9549,,2.185002565383911,,,,,,
,,,,,,,,,,,,,,0.0002786890901655671,0.03,,,,,,,9599,,,,,,,,
43,,,,,,,0.6675633192062378,,1.0015476942062378,,16.703125,0.00027866006712429225,0.029999999329447746,,,1.0,1.0,,,,,9599,,1.8514765501022339,,,,,,
,,,,,,,,,,,,,,0.00027723560514896243,0.03,,,,,,,9649,,,,,,,,
43,,,,,,,0.6847201585769653,,1.0096713304519653,,16.25,0.0002772064763121307,0.029999999329447746,,,1.0,1.0,,,,,9649,,1.928358793258667,,,,,,
,,,,,,,,,,,,,,0.0002757773155081063,0.03,,,,,,,9699,,,,,,,,
43,,,,,,,0.6681561470031738,,1.0040936470031738,,16.796875,0.0002757481124717742,0.029999999329447746,,,1.0,1.0,,,,,9699,,2.126476764678955,,,,,,
,,,0.0633680522441864,,0.9296875,,,,,,,,,,,1.0,1.0,,,,,3956,,,,0.0,,0.0,,0.0
,,,0.0673828125,,0.9296875,,,,,,,,,,,1.0,1.0,,,,,3957,,,,0.0,,0.0,,0.0
,,,0.09963329881429672,,0.8777044415473938,,,,,,,,,,,1.0,1.0,,,,,3958,,,,0.0,,0.0,,0.0
,,,0.060546875,,0.7734375,,,,,,,,,,,1.0,1.0,,,,,3959,,,,0.0,,0.0,,0.0
,,,0.0451388880610466,,0.8125,,,,,,,,,,,1.0,1.0,,,,,3960,,,,0.0,,0.0,,0.0
,,,0.0705128163099289,,0.7467948794364929,,,,,,,,,,,1.0,1.0,,,,,3961,,,,0.0,,0.0,,0.0
,,,0.0147569440305233,,0.8203125,,,,,,,,,,,1.0,1.0,,,,,3962,,,,0.0,,0.0,,0.0
,,,0.01718750037252903,,0.765625,,,,,,,,,,,1.0,1.0,,,,,3963,,,,0.0,,0.0,,0.0
,,,0.04502572864294052,,0.7534304857254028,,,,,,,,,,,1.0,1.0,,,,,3964,,,,0.0,,0.0,,0.0
,,,0.0390625,,0.8828125,,,,,,,,,,,1.0,1.0,,,,,3965,,,,0.0,,0.0,,0.0
,,,0.03671874850988388,,0.8515625,,,,,,,,,,,1.0,1.0,,,,,3966,,,,0.0,,0.0,,0.0
,,,0.0494791679084301,,0.90625,,,,,,,,,,,1.0,1.0,,,,,3967,,,,0.0,,0.0,,0.0
,,,0.10548148304224014,,0.9120000004768372,,,,,,,,,,,1.0,1.0,,,,,3968,,,,0.0,,0.0,,0.0
,,,0.05312500149011612,,0.7734375,,,,,,,,,,,1.0,1.0,,,,,3969,,,,0.0,,0.0,,0.0
,,,0.05078125,,0.734375,,,,,,,,,,,1.0,1.0,,,,,3970,,,,0.0,,0.0,,0.0
,,,0.07675070315599442,,0.6316527128219604,,,,,,,,,,,1.0,1.0,,,,,3971,,,,0.0,,0.0,,0.0
,,,0.015625,,0.6015625,,,,,,,,,,,1.0,1.0,,,,,3972,,,,0.0,,0.0,,0.0
,,,0.013020833022892475,,0.5859375,,,,,,,,,,,1.0,1.0,,,,,3973,,,,0.0,,0.0,,0.0
,,,0.06529581546783447,,0.7711038589477539,,,,,,,,,,,1.0,1.0,,,,,3974,,,,0.0,,0.0,,0.0
,,,0.046875,,0.9140625,,,,,,,,,,,1.0,1.0,,,,,3975,,,,0.0,,0.0,,0.0
,,,0.04140625149011612,,0.8984375,,,,,,,,,,,1.0,1.0,,,,,3976,,,,0.0,,0.0,,0.0
,,,0.08244084566831589,,0.8562889099121094,,,,,,,,,,,1.0,1.0,,,,,3977,,,,0.0,,0.0,,0.0
,,,0.03046875074505806,,0.734375,,,,,,,,,,,1.0,1.0,,,,,3978,,,,0.0,,0.0,,0.0
,,,0.0373263880610466,,0.765625,,,,,,,,,,,1.0,1.0,,,,,3979,,,,0.0,,0.0,,0.0
,,,0.11663930118083954,,0.8913793563842773,,,,,,,,,,,1.0,1.0,,,,,3980,,,,0.0,,0.0,,0.0
,,,0.0737847238779068,,0.9765625,,,,,,,,,,,1.0,1.0,,,,,3981,,,,0.0,,0.0,,0.0
,,,0.07343749701976776,,0.9765625,,,,,,,,,,,1.0,1.0,,,,,3982,,,,0.0,,0.0,,0.0
,,,0.15908804535865784,,0.9489308595657349,,,,,,,,,,,1.0,1.0,,,,,3983,,,,0.0,,0.0,,0.0
,,,0.068359375,,0.953125,,,,,,,,,,,1.0,1.0,,,,,3984,,,,0.0,,0.0,,0.0
,,,0.05078125,,0.9453125,,,,,,,,,,,1.0,1.0,,,,,3985,,,,0.0,,0.0,,0.0
,,,0.13391093909740448,,0.9532147645950317,,,,,,,,,,,1.0,1.0,,,,,3986,,,,0.0,,0.0,,0.0
,,,0.0633680522441864,,0.9375,,,,,,,,,,,1.0,1.0,,,,,3987,,,,0.0,,0.0,,0.0
,,,0.0564236119389534,,0.9296875,,,,,,,,,,,1.0,1.0,,,,,3988,,,,0.0,,0.0,,0.0
,,,0.13325123488903046,,0.8756157159805298,,,,,,,,,,,1.0,1.0,,,,,3989,,,,0.0,,0.0,,0.0
,,,0.0494791679084301,,0.8125,,,,,,,,,,,1.0,1.0,,,,,3990,,,,0.0,,0.0,,0.0
,,,0.0556640625,,0.8125,,,,,,,,,,,1.0,1.0,,,,,3991,,,,0.0,,0.0,,0.0
,,,0.0682380422949791,,0.7665769457817078,,,,,,,,,,,1.0,1.0,,,,,3992,,,,0.0,,0.0,,0.0
,,,0.02031249925494194,,0.8125,,,,,,,,,,,1.0,1.0,,,,,3993,,,,0.0,,0.0,,0.0
,,,0.0147569440305233,,0.71875,,,,,,,,,,,1.0,1.0,,,,,3994,,,,0.0,,0.0,,0.0
,,,0.04197802394628525,,0.7958486080169678,,,,,,,,,,,1.0,1.0,,,,,3995,,,,0.0,,0.0,,0.0
,,,0.04531250149011612,,0.859375,,,,,,,,,,,1.0,1.0,,,,,3996,,,,0.0,,0.0,,0.0
,,,0.0399305559694767,,0.8828125,,,,,,,,,,,1.0,1.0,,,,,3997,,,,0.0,,0.0,,0.0
,,,0.098181813955307,,0.8977272510528564,,,,,,,,,,,1.0,1.0,,,,,3998,,,,0.0,,0.0,,0.0
,,,0.0668402761220932,,0.765625,,,,,,,,,,,1.0,1.0,,,,,3999,,,,0.0,,0.0,,0.0
,,,0.0529513880610466,,0.7734375,,,,,,,,,,,1.0,1.0,,,,,4000,,,,0.0,,0.0,,0.0
,,,0.07133917510509491,,0.7399874925613403,,,,,,,,,,,1.0,1.0,,,,,4001,,,,0.0,,0.0,,0.0
,,,0.010416666977107525,,0.5703125,,,,,,,,,,,1.0,1.0,,,,,4002,,,,0.0,,0.0,,0.0
,,,0.01128472201526165,,0.6015625,,,,,,,,,,,1.0,1.0,,,,,4003,,,,0.0,,0.0,,0.0
,,,0.0173611119389534,,0.6015625,,,,,,,,,,,1.0,1.0,,,,,4004,,,,0.0,,0.0,,0.0
,,,0.04199475049972534,,0.4645669162273407,,,,,,,,,,,1.0,1.0,,,,,4005,,,,0.0,,0.0,,0.0
,,,0.0503472238779068,,0.90625,,,,,,,,,,,1.0,1.0,,,,,4006,,,,0.0,,0.0,,0.0
,,,0.04531250149011612,,0.90625,,,,,,,,,,,1.0,1.0,,,,,4007,,,,0.0,,0.0,,0.0
,,,0.07630906999111176,,0.8333333730697632,,,,,,,,,,,1.0,1.0,,,,,4008,,,,0.0,,0.0,,0.0
,,,0.02968749962747097,,0.7109375,,,,,,,,,,,1.0,1.0,,,,,4009,,,,0.0,,0.0,,0.0
,,,0.0390625,,0.8046875,,,,,,,,,,,1.0,1.0,,,,,4010,,,,0.0,,0.0,,0.0
,,,0.11103777587413788,,0.8925559520721436,,,,,,,,,,,1.0,1.0,,,,,4011,,,,0.0,,0.0,,0.0
,,,0.06875000149011612,,0.984375,,,,,,,,,,,1.0,1.0,,,,,4012,,,,0.0,,0.0,,0.0
,,,0.0908203125,,0.984375,,,,,,,,,,,1.0,1.0,,,,,4013,,,,0.0,,0.0,,0.0
,,,0.14351852238178253,,0.9479166269302368,,,,,,,,,,,1.0,1.0,,,,,4014,,,,0.0,,0.0,,0.0
,,,0.0712890625,,0.9765625,,,,,,,,,,,1.0,1.0,,,,,4015,,,,0.0,,0.0,,0.0
,,,0.05312500149011612,,0.9453125,,,,,,,,,,,1.0,1.0,,,,,4016,,,,0.0,,0.0,,0.0
,,,0.13209056854248047,,0.9413067698478699,,,,,,,,,,,1.0,1.0,,,,,4017,,,,0.0,,0.0,,0.0
,,,0.0607638880610466,,0.9453125,,,,,,,,,,,1.0,1.0,,,,,4018,,,,0.0,,0.0,,0.0
,,,0.0616319440305233,,0.9296875,,,,,,,,,,,1.0,1.0,,,,,4019,,,,0.0,,0.0,,0.0
,,,0.11432317644357681,,0.8938052654266357,,,,,,,,,,,1.0,1.0,,,,,4020,,,,0.0,,0.0,,0.0
,,,0.0512152761220932,,0.8203125,,,,,,,,,,,1.0,1.0,,,,,4021,,,,0.0,,0.0,,0.0
,,,0.0556640625,,0.7890625,,,,,,,,,,,1.0,1.0,,,,,4022,,,,0.0,,0.0,,0.0
,,,0.09438832104206085,,0.8262625932693481,,,,,,,,,,,1.0,1.0,,,,,4023,,,,0.0,,0.0,,0.0
,,,0.01953125,,0.8046875,,,,,,,,,,,1.0,1.0,,,,,4024,,,,0.0,,0.0,,0.0
,,,0.0147569440305233,,0.6953125,,,,,,,,,,,1.0,1.0,,,,,4025,,,,0.0,,0.0,,0.0
,,,0.045185185968875885,,0.8601852059364319,,,,,,,,,,,1.0,1.0,,,,,4026,,,,0.0,,0.0,,0.0
,,,0.04140625149011612,,0.875,,,,,,,,,,,1.0,1.0,,,,,4027,,,,0.0,,0.0,,0.0
,,,0.0460069440305233,,0.8828125,,,,,,,,,,,1.0,1.0,,,,,4028,,,,0.0,,0.0,,0.0
,,,0.10265060514211655,,0.8772423267364502,,,,,,,,,,,1.0,1.0,,,,,4029,,,,0.0,,0.0,,0.0
,,,0.0546875,,0.7890625,,,,,,,,,,,1.0,1.0,,,,,4030,,,,0.0,,0.0,,0.0
,,,0.06640625,,0.7421875,,,,,,,,,,,1.0,1.0,,,,,4031,,,,0.0,,0.0,,0.0
,,,0.06592819094657898,,0.6711230278015137,,,,,,,,,,,1.0,1.0,,,,,4032,,,,0.0,,0.0,,0.0
,,,0.010416666977107525,,0.5859375,,,,,,,,,,,1.0,1.0,,,,,4033,,,,0.0,,0.0,,0.0
,,,0.009548611007630825,,0.5703125,,,,,,,,,,,1.0,1.0,,,,,4034,,,,0.0,,0.0,,0.0
,,,0.06029900163412094,,0.7840531468391418,,,,,,,,,,,1.0,1.0,,,,,4035,,,,0.0,,0.0,,0.0
,,,0.0425347238779068,,0.9296875,,,,,,,,,,,1.0,1.0,,,,,4036,,,,0.0,,0.0,,0.0
,,,0.0460069440305233,,0.90625,,,,,,,,,,,1.0,1.0,,,,,4037,,,,0.0,,0.0,,0.0
,,,0.08832722902297974,,0.86780846118927,,,,,,,,,,,1.0,1.0,,,,,4038,,,,0.0,,0.0,,0.0
,,,0.03359375149011612,,0.7265625,,,,,,,,,,,1.0,1.0,,,,,4039,,,,0.0,,0.0,,0.0
,,,0.0355902761220932,,0.7421875,,,,,,,,,,,1.0,1.0,,,,,4040,,,,0.0,,0.0,,0.0
,,,0.1438492089509964,,0.8973214626312256,,,,,,,,,,,1.0,1.0,,,,,4041,,,,0.0,,0.0,,0.0
,,,0.0711805522441864,,0.96875,,,,,,,,,,,1.0,1.0,,,,,4042,,,,0.0,,0.0,,0.0
,,,0.07109375298023224,,0.984375,,,,,,,,,,,1.0,1.0,,,,,4043,,,,0.0,,0.0,,0.0
,,,0.12302511930465698,,0.8919968605041504,,,,,,,,,,,1.0,1.0,,,,,4044,,,,0.0,,0.0,,0.0
,,,0.0616319440305233,,0.9609375,,,,,,,,,,,1.0,1.0,,,,,4045,,,,0.0,,0.0,,0.0
,,,0.05546874925494194,,0.9609375,,,,,,,,,,,1.0,1.0,,,,,4046,,,,0.0,,0.0,,0.0
,,,0.07578740268945694,,0.9448819160461426,,,,,,,,,,,1.0,1.0,,,,,4047,,,,0.0,,0.0,,0.0
43,0.39769139885902405,0.42618972063064575,,0.8353930115699768,,,,,,,,,,,,,,47.96446990966797,42065.78515625,3.8704605102539062,343.8736267089844,9723,,,0.0,,0.0,,0.0,
43,,,,,,0.6673316359519958,,0.9942523837089539,,16.345836639404297,,,,,,,,,,,,9723,2.005250930786133,,,,,,,
,,,,,,,,,,,,,,0.0002743143121948871,0.03,,,,,,,9749,,,,,,,,
44,,,,,,,0.6674567461013794,,1.0270758867263794,,17.984375,0.0002742850047070533,0.029999999329447746,,,1.0,1.0,,,,,9749,,2.0286660194396973,,,,,,
,,,,,,,,,,,,,,0.00027284668645517974,0.03,,,,,,,9799,,,,,,,,
44,,,,,,,0.6868475675582886,,1.0550116300582886,,18.40625,0.0002728172985371202,0.029999999329447746,,,1.0,1.0,,,,,9799,,2.2478480339050293,,,,,,
,,,,,,,,,,,,,,0.00027137452982315465,0.03,,,,,,,9849,,,,,,,,
44,,,,,,,0.6453878879547119,,1.004762887954712,,17.96875,0.0002713450521696359,0.029999999329447746,,,1.0,1.0,,,,,9849,,1.8420133590698242,,,,,,
,,,,,,,,,,,,,,0.0002698979341155697,0.03,,,,,,,9899,,,,,,,,
44,,,,,,,0.688180685043335,,1.024118185043335,,16.796875,0.0002698683529160917,0.029999999329447746,,,1.0,1.0,,,,,9899,,1.9977173805236816,,,,,,
,,,0.0642361119389534,,0.890625,,,,,,,,,,,1.0,1.0,,,,,4048,,,,0.0,,0.0,,0.0
,,,0.0616319440305233,,0.9296875,,,,,,,,,,,1.0,1.0,,,,,4049,,,,0.0,,0.0,,0.0
,,,0.1513262391090393,,0.9270260334014893,,,,,,,,,,,1.0,1.0,,,,,4050,,,,0.0,,0.0,,0.0
,,,0.0868055522441864,,0.9765625,,,,,,,,,,,1.0,1.0,,,,,4051,,,,0.0,,0.0,,0.0
,,,0.09765625,,0.9375,,,,,,,,,,,1.0,1.0,,,,,4052,,,,0.0,,0.0,,0.0
,,,0.12660256028175354,,0.9294872283935547,,,,,,,,,,,1.0,1.0,,,,,4053,,,,0.0,,0.0,,0.0
,,,0.010937499813735485,,0.8671875,,,,,,,,,,,1.0,1.0,,,,,4054,,,,0.0,,0.0,,0.0
,,,0.02604166604578495,,0.8984375,,,,,,,,,,,1.0,1.0,,,,,4055,,,,0.0,,0.0,,0.0
,,,0.030445970594882965,,0.8194682598114014,,,,,,,,,,,1.0,1.0,,,,,4056,,,,0.0,,0.0,,0.0
,,,0.02500000037252903,,0.8046875,,,,,,,,,,,1.0,1.0,,,,,4057,,,,0.0,,0.0,,0.0
,,,0.02864583395421505,,0.8046875,,,,,,,,,,,1.0,1.0,,,,,4058,,,,0.0,,0.0,,0.0
,,,0.02890625037252903,,0.8203125,,,,,,,,,,,1.0,1.0,,,,,4059,,,,0.0,,0.0,,0.0
,,,0.1487407386302948,,0.7853333353996277,,,,,,,,,,,1.0,1.0,,,,,4060,,,,0.0,,0.0,,0.0
,,,0.06562499701976776,,0.828125,,,,,,,,,,,1.0,1.0,,,,,4061,,,,0.0,,0.0,,0.0
,,,0.06328125298023224,,0.875,,,,,,,,,,,1.0,1.0,,,,,4062,,,,0.0,,0.0,,0.0
,,,0.0706816092133522,,0.7553688287734985,,,,,,,,,,,1.0,1.0,,,,,4063,,,,0.0,,0.0,,0.0
,,,0.01406249962747097,,0.5703125,,,,,,,,,,,1.0,1.0,,,,,4064,,,,0.0,,0.0,,0.0
,,,0.01796874962747097,,0.59375,,,,,,,,,,,1.0,1.0,,,,,4065,,,,0.0,,0.0,,0.0
,,,0.05508657917380333,,0.7602813839912415,,,,,,,,,,,1.0,1.0,,,,,4066,,,,0.0,,0.0,,0.0
,,,0.03515625,,0.8984375,,,,,,,,,,,1.0,1.0,,,,,4067,,,,0.0,,0.0,,0.0
,,,0.02734375,,0.875,,,,,,,,,,,1.0,1.0,,,,,4068,,,,0.0,,0.0,,0.0
,,,0.07424657046794891,,0.9202989339828491,,,,,,,,,,,1.0,1.0,,,,,4069,,,,0.0,,0.0,,0.0
,,,0.03281249850988388,,0.8515625,,,,,,,,,,,1.0,1.0,,,,,4070,,,,0.0,,0.0,,0.0
,,,0.02421874925494194,,0.8046875,,,,,,,,,,,1.0,1.0,,,,,4071,,,,0.0,,0.0,,0.0
,,,0.08113300800323486,,0.8839901685714722,,,,,,,,,,,1.0,1.0,,,,,4072,,,,0.0,,0.0,,0.0
,,,0.0512152761220932,,0.84375,,,,,,,,,,,1.0,1.0,,,,,4073,,,,0.0,,0.0,,0.0
,,,0.05000000074505806,,0.8359375,,,,,,,,,,,1.0,1.0,,,,,4074,,,,0.0,,0.0,,0.0
,,,0.1171572357416153,,0.8794968724250793,,,,,,,,,,,1.0,1.0,,,,,4075,,,,0.0,,0.0,,0.0
,,,0.0659722238779068,,0.9453125,,,,,,,,,,,1.0,1.0,,,,,4076,,,,0.0,,0.0,,0.0
,,,0.04765624925494194,,0.9375,,,,,,,,,,,1.0,1.0,,,,,4077,,,,0.0,,0.0,,0.0
,,,0.11928865313529968,,0.9299589395523071,,,,,,,,,,,1.0,1.0,,,,,4078,,,,0.0,,0.0,,0.0
,,,0.0642361119389534,,0.890625,,,,,,,,,,,1.0,1.0,,,,,4079,,,,0.0,,0.0,,0.0
,,,0.05624999850988388,,0.9453125,,,,,,,,,,,1.0,1.0,,,,,4080,,,,0.0,,0.0,,0.0
,,,0.14734536409378052,,0.9411330223083496,,,,,,,,,,,1.0,1.0,,,,,4081,,,,0.0,,0.0,,0.0
,,,0.0859375,,0.953125,,,,,,,,,,,1.0,1.0,,,,,4082,,,,0.0,,0.0,,0.0
,,,0.1138392835855484,,0.921875,,,,,,,,,,,1.0,1.0,,,,,4083,,,,0.0,,0.0,,0.0
,,,0.10798466205596924,,0.9239050149917603,,,,,,,,,,,1.0,1.0,,,,,4084,,,,0.0,,0.0,,0.0
,,,0.01796874962747097,,0.875,,,,,,,,,,,1.0,1.0,,,,,4085,,,,0.0,,0.0,,0.0
,,,0.0173611119389534,,0.8671875,,,,,,,,,,,1.0,1.0,,,,,4086,,,,0.0,,0.0,,0.0
,,,0.04217338562011719,,0.8052502870559692,,,,,,,,,,,1.0,1.0,,,,,4087,,,,0.0,,0.0,,0.0
,,,0.02864583395421505,,0.8125,,,,,,,,,,,1.0,1.0,,,,,4088,,,,0.0,,0.0,,0.0
,,,0.0303819440305233,,0.8125,,,,,,,,,,,1.0,1.0,,,,,4089,,,,0.0,,0.0,,0.0
,,,0.08954545855522156,,0.8704545497894287,,,,,,,,,,,1.0,1.0,,,,,4090,,,,0.0,,0.0,,0.0
,,,0.06953124701976776,,0.875,,,,,,,,,,,1.0,1.0,,,,,4091,,,,0.0,,0.0,,0.0
,,,0.0625,,0.875,,,,,,,,,,,1.0,1.0,,,,,4092,,,,0.0,,0.0,,0.0
,,,0.07665832340717316,,0.8038172721862793,,,,,,,,,,,1.0,1.0,,,,,4093,,,,0.0,,0.0,,0.0
,,,0.01328125037252903,,0.5859375,,,,,,,,,,,1.0,1.0,,,,,4094,,,,0.0,,0.0,,0.0
,,,0.012500000186264515,,0.5546875,,,,,,,,,,,1.0,1.0,,,,,4095,,,,0.0,,0.0,,0.0
,,,0.02109375037252903,,0.6015625,,,,,,,,,,,1.0,1.0,,,,,4096,,,,0.0,,0.0,,0.0
,,,0.03228346258401871,,0.9685039520263672,,,,,,,,,,,1.0,1.0,,,,,4097,,,,0.0,,0.0,,0.0
,,,0.03671874850988388,,0.9140625,,,,,,,,,,,1.0,1.0,,,,,4098,,,,0.0,,0.0,,0.0
,,,0.03281249850988388,,0.8671875,,,,,,,,,,,1.0,1.0,,,,,4099,,,,0.0,,0.0,,0.0
,,,0.06034483015537262,,0.8692528605461121,,,,,,,,,,,1.0,1.0,,,,,4100,,,,0.0,,0.0,,0.0
,,,0.02656250074505806,,0.8046875,,,,,,,,,,,1.0,1.0,,,,,4101,,,,0.0,,0.0,,0.0
,,,0.02812499925494194,,0.84375,,,,,,,,,,,1.0,1.0,,,,,4102,,,,0.0,,0.0,,0.0
,,,0.09123578667640686,,0.8665199875831604,,,,,,,,,,,1.0,1.0,,,,,4103,,,,0.0,,0.0,,0.0
,,,0.05156249925494194,,0.8515625,,,,,,,,,,,1.0,1.0,,,,,4104,,,,0.0,,0.0,,0.0
,,,0.05078125,,0.84375,,,,,,,,,,,1.0,1.0,,,,,4105,,,,0.0,,0.0,,0.0
,,,0.1145833283662796,,0.890625,,,,,,,,,,,1.0,1.0,,,,,4106,,,,0.0,,0.0,,0.0
,,,0.0633680522441864,,0.9453125,,,,,,,,,,,1.0,1.0,,,,,4107,,,,0.0,,0.0,,0.0
,,,0.0572916679084301,,0.9453125,,,,,,,,,,,1.0,1.0,,,,,4108,,,,0.0,,0.0,,0.0
,,,0.117607980966568,,0.9354928135871887,,,,,,,,,,,1.0,1.0,,,,,4109,,,,0.0,,0.0,,0.0
,,,0.0581597238779068,,0.8828125,,,,,,,,,,,1.0,1.0,,,,,4110,,,,0.0,,0.0,,0.0
,,,0.06015624850988388,,0.9453125,,,,,,,,,,,1.0,1.0,,,,,4111,,,,0.0,,0.0,,0.0
,,,0.13739758729934692,,0.8578171133995056,,,,,,,,,,,1.0,1.0,,,,,4112,,,,0.0,,0.0,,0.0
,,,0.0885416641831398,,0.9453125,,,,,,,,,,,1.0,1.0,,,,,4113,,,,0.0,,0.0,,0.0
,,,0.1380208283662796,,0.921875,,,,,,,,,,,1.0,1.0,,,,,4114,,,,0.0,,0.0,,0.0
,,,0.08585858345031738,,0.9363636374473572,,,,,,,,,,,1.0,1.0,,,,,4115,,,,0.0,,0.0,,0.0
,,,0.02031249925494194,,0.8984375,,,,,,,,,,,1.0,1.0,,,,,4116,,,,0.0,,0.0,,0.0
,,,0.015625,,0.828125,,,,,,,,,,,1.0,1.0,,,,,4117,,,,0.0,,0.0,,0.0
,,,0.04185185208916664,,0.8481481075286865,,,,,,,,,,,1.0,1.0,,,,,4118,,,,0.0,,0.0,,0.0
,,,0.02265625074505806,,0.84375,,,,,,,,,,,1.0,1.0,,,,,4119,,,,0.0,,0.0,,0.0
,,,0.0390625,,0.8046875,,,,,,,,,,,1.0,1.0,,,,,4120,,,,0.0,,0.0,,0.0
,,,0.08423025161027908,,0.8406960964202881,,,,,,,,,,,1.0,1.0,,,,,4121,,,,0.0,,0.0,,0.0
,,,0.06718750298023224,,0.875,,,,,,,,,,,1.0,1.0,,,,,4122,,,,0.0,,0.0,,0.0
,,,0.06484375149011612,,0.8828125,,,,,,,,,,,1.0,1.0,,,,,4123,,,,0.0,,0.0,,0.0
,,,0.07639420032501221,,0.7657244801521301,,,,,,,,,,,1.0,1.0,,,,,4124,,,,0.0,,0.0,,0.0
,,,0.0147569440305233,,0.546875,,,,,,,,,,,1.0,1.0,,,,,4125,,,,0.0,,0.0,,0.0
,,,0.015625,,0.59375,,,,,,,,,,,1.0,1.0,,,,,4126,,,,0.0,,0.0,,0.0
,,,0.06495016813278198,,0.7843300104141235,,,,,,,,,,,1.0,1.0,,,,,4127,,,,0.0,,0.0,,0.0
,,,0.02890625037252903,,0.921875,,,,,,,,,,,1.0,1.0,,,,,4128,,,,0.0,,0.0,,0.0
,,,0.03125,,0.8828125,,,,,,,,,,,1.0,1.0,,,,,4129,,,,0.0,,0.0,,0.0
,,,0.0737612247467041,,0.9220153093338013,,,,,,,,,,,1.0,1.0,,,,,4130,,,,0.0,,0.0,,0.0
,,,0.03437500074505806,,0.8671875,,,,,,,,,,,1.0,1.0,,,,,4131,,,,0.0,,0.0,,0.0
,,,0.02421874925494194,,0.828125,,,,,,,,,,,1.0,1.0,,,,,4132,,,,0.0,,0.0,,0.0
,,,0.10089285671710968,,0.8526785373687744,,,,,,,,,,,1.0,1.0,,,,,4133,,,,0.0,,0.0,,0.0
,,,0.0503472238779068,,0.8671875,,,,,,,,,,,1.0,1.0,,,,,4134,,,,0.0,,0.0,,0.0
,,,0.05156249925494194,,0.828125,,,,,,,,,,,1.0,1.0,,,,,4135,,,,0.0,,0.0,,0.0
,,,0.11748252063989639,,0.8449883460998535,,,,,,,,,,,1.0,1.0,,,,,4136,,,,0.0,,0.0,,0.0
,,,0.06015624850988388,,0.921875,,,,,,,,,,,1.0,1.0,,,,,4137,,,,0.0,,0.0,,0.0
,,,0.05156249925494194,,0.9453125,,,,,,,,,,,1.0,1.0,,,,,4138,,,,0.0,,0.0,,0.0
,,,0.05590550974011421,,0.9448819160461426,,,,,,,,,,,1.0,1.0,,,,,4139,,,,0.0,,0.0,,0.0
44,0.4056035876274109,0.4312419295310974,,0.8556952476501465,,,,,,,,,,,,,,50.258731842041016,38335.21484375,3.917184352874756,344.42059326171875,9944,,,0.0,,0.0,,0.0,
44,,,,,,0.665591299533844,,0.9921148419380188,,16.326322555541992,,,,,,,,,,,,9944,2.031341314315796,,,,,,,
,,,,,,,,,,,,,,0.0002684169914260417,0.03,,,,,,,9949,,,,,,,,
45,,,,,,,0.6970860958099365,,0.9907872676849365,,14.6875,0.0002683873171918094,0.029999999329447746,,,1.0,1.0,,,,,9949,,1.9065190553665161,,,,,,
,,,,,,,,,,,,,,0.00026693179411930464,0.03,,,,,,,9999,,,,,,,,
45,,,,,,,0.6980604529380798,,0.9973768591880798,,14.96875,0.0002669020614121109,0.029999999329447746,,,1.0,1.0,,,,,9999,,2.1327123641967773,,,,,,
,,,,,,,,,,,,,,0.00026544243482544785,0.03,,,,,,,10049,,,,,,,,
45,,,,,,,0.696700930595398,,0.999923586845398,,15.15625,0.00026541261468082666,0.029999999329447746,,,1.0,1.0,,,,,10049,,1.9283020496368408,,,,,,
,,,,,,,,,,,,,,0.0002639490064341394,0.03,,,,,,,10099,,,,,,,,
45,,,,,,,0.639459490776062,,0.977594256401062,,16.90625,0.00026391909341327846,0.029999999329447746,,,1.0,1.0,,,,,10099,,2.022965908050537,,,,,,
,,,,,,,,,,,,,,0.00026245160208883243,0.03,,,,,,,10149,,,,,,,,
45,,,,,,,0.6495256423950195,,0.9317522048950195,,14.1171875,0.00026242161402478814,0.029999999329447746,,,1.0,1.0,,,,,10149,,2.0193209648132324,,,,,,
,,,0.0564236119389534,,0.8125,,,,,,,,,,,1.0,1.0,,,,,4140,,,,0.0,,0.0,,0.0
,,,0.0616319440305233,,0.8125,,,,,,,,,,,1.0,1.0,,,,,4141,,,,0.0,,0.0,,0.0
,,,0.12086541950702667,,0.8083975315093994,,,,,,,,,,,1.0,1.0,,,,,4142,,,,0.0,,0.0,,0.0
,,,0.06640625,,0.8828125,,,,,,,,,,,1.0,1.0,,,,,4143,,,,0.0,,0.0,,0.0
,,,0.0751953125,,0.8125,,,,,,,,,,,1.0,1.0,,,,,4144,,,,0.0,,0.0,,0.0
,,,0.13141025602817535,,0.9262820482254028,,,,,,,,,,,1.0,1.0,,,,,4145,,,,0.0,,0.0,,0.0
,,,0.037109375,,0.9296875,,,,,,,,,,,1.0,1.0,,,,,4146,,,,0.0,,0.0,,0.0
,,,0.03750000149011612,,0.9296875,,,,,,,,,,,1.0,1.0,,,,,4147,,,,0.0,,0.0,,0.0
,,,0.08224700391292572,,0.9253859519958496,,,,,,,,,,,1.0,1.0,,,,,4148,,,,0.0,,0.0,,0.0
,,,0.05859375,,0.9375,,,,,,,,,,,1.0,1.0,,,,,4149,,,,0.0,,0.0,,0.0
,,,0.0546875,,0.921875,,,,,,,,,,,1.0,1.0,,,,,4150,,,,0.0,,0.0,,0.0
,,,0.06093750149011612,,0.9296875,,,,,,,,,,,1.0,1.0,,,,,4151,,,,0.0,,0.0,,0.0
,,,0.1531851887702942,,0.9520000219345093,,,,,,,,,,,1.0,1.0,,,,,4152,,,,0.0,,0.0,,0.0
,,,0.0703125,,0.84375,,,,,,,,,,,1.0,1.0,,,,,4153,,,,0.0,,0.0,,0.0
,,,0.0677083358168602,,0.8125,,,,,,,,,,,1.0,1.0,,,,,4154,,,,0.0,,0.0,,0.0
,,,0.09439776837825775,,0.9066293239593506,,,,,,,,,,,1.0,1.0,,,,,4155,,,,0.0,,0.0,,0.0
,,,0.0478515625,,0.8984375,,,,,,,,,,,1.0,1.0,,,,,4156,,,,0.0,,0.0,,0.0
,,,0.0303819440305233,,0.921875,,,,,,,,,,,1.0,1.0,,,,,4157,,,,0.0,,0.0,,0.0
,,,0.06589706242084503,,0.8728355169296265,,,,,,,,,,,1.0,1.0,,,,,4158,,,,0.0,,0.0,,0.0
,,,0.0347222238779068,,0.890625,,,,,,,,,,,1.0,1.0,,,,,4159,,,,0.0,,0.0,,0.0
,,,0.02109375037252903,,0.8828125,,,,,,,,,,,1.0,1.0,,,,,4160,,,,0.0,,0.0,,0.0
,,,0.059227894991636276,,0.8449563980102539,,,,,,,,,,,1.0,1.0,,,,,4161,,,,0.0,,0.0,,0.0
,,,0.02187499962747097,,0.6796875,,,,,,,,,,,1.0,1.0,,,,,4162,,,,0.0,,0.0,,0.0
,,,0.0234375,,0.734375,,,,,,,,,,,1.0,1.0,,,,,4163,,,,0.0,,0.0,,0.0
,,,0.06108374148607254,,0.8527093529701233,,,,,,,,,,,1.0,1.0,,,,,4164,,,,0.0,,0.0,,0.0
,,,0.03750000149011612,,0.875,,,,,,,,,,,1.0,1.0,,,,,4165,,,,0.0,,0.0,,0.0
,,,0.046875,,0.96875,,,,,,,,,,,1.0,1.0,,,,,4166,,,,0.0,,0.0,,0.0
,,,0.11795946955680847,,0.9017610549926758,,,,,,,,,,,1.0,1.0,,,,,4167,,,,0.0,,0.0,,0.0
,,,0.0634765625,,0.875,,,,,,,,,,,1.0,1.0,,,,,4168,,,,0.0,,0.0,,0.0
,,,0.0451388880610466,,0.8125,,,,,,,,,,,1.0,1.0,,,,,4169,,,,0.0,,0.0,,0.0
,,,0.10872776806354523,,0.8363884687423706,,,,,,,,,,,1.0,1.0,,,,,4170,,,,0.0,,0.0,,0.0
,,,0.0546875,,0.8203125,,,,,,,,,,,1.0,1.0,,,,,4171,,,,0.0,,0.0,,0.0
,,,0.0581597238779068,,0.78125,,,,,,,,,,,1.0,1.0,,,,,4172,,,,0.0,,0.0,,0.0
,,,0.11428570747375488,,0.826600968837738,,,,,,,,,,,1.0,1.0,,,,,4173,,,,0.0,,0.0,,0.0
,,,0.06562499701976776,,0.8515625,,,,,,,,,,,1.0,1.0,,,,,4174,,,,0.0,,0.0,,0.0
,,,0.080078125,,0.8203125,,,,,,,,,,,1.0,1.0,,,,,4175,,,,0.0,,0.0,,0.0
,,,0.13903841376304626,,0.9217029809951782,,,,,,,,,,,1.0,1.0,,,,,4176,,,,0.0,,0.0,,0.0
,,,0.0338541679084301,,0.9296875,,,,,,,,,,,1.0,1.0,,,,,4177,,,,0.0,,0.0,,0.0
,,,0.03750000149011612,,0.9140625,,,,,,,,,,,1.0,1.0,,,,,4178,,,,0.0,,0.0,,0.0
,,,0.09045177698135376,,0.9218559265136719,,,,,,,,,,,1.0,1.0,,,,,4179,,,,0.0,,0.0,,0.0
,,,0.05859375,,0.9296875,,,,,,,,,,,1.0,1.0,,,,,4180,,,,0.0,,0.0,,0.0
,,,0.05703125149011612,,0.9140625,,,,,,,,,,,1.0,1.0,,,,,4181,,,,0.0,,0.0,,0.0
,,,0.14191919565200806,,0.9272726774215698,,,,,,,,,,,1.0,1.0,,,,,4182,,,,0.0,,0.0,,0.0
,,,0.0737847238779068,,0.859375,,,,,,,,,,,1.0,1.0,,,,,4183,,,,0.0,,0.0,,0.0
,,,0.06328125298023224,,0.8359375,,,,,,,,,,,1.0,1.0,,,,,4184,,,,0.0,,0.0,,0.0
,,,0.09806007146835327,,0.8760951161384583,,,,,,,,,,,1.0,1.0,,,,,4185,,,,0.0,,0.0,,0.0
,,,0.0338541679084301,,0.9375,,,,,,,,,,,1.0,1.0,,,,,4186,,,,0.0,,0.0,,0.0
,,,0.0407986119389534,,0.859375,,,,,,,,,,,1.0,1.0,,,,,4187,,,,0.0,,0.0,,0.0
,,,0.03125,,0.9375,,,,,,,,,,,1.0,1.0,,,,,4188,,,,0.0,,0.0,,0.0
,,,0.0297462809830904,,0.9566929340362549,,,,,,,,,,,1.0,1.0,,,,,4189,,,,0.0,,0.0,,0.0
,,,0.02890625037252903,,0.8671875,,,,,,,,,,,1.0,1.0,,,,,4190,,,,0.0,,0.0,,0.0
,,,0.0234375,,0.8671875,,,,,,,,,,,1.0,1.0,,,,,4191,,,,0.0,,0.0,,0.0
,,,0.05919540300965309,,0.8333333730697632,,,,,,,,,,,1.0,1.0,,,,,4192,,,,0.0,,0.0,,0.0
,,,0.02578124962747097,,0.6796875,,,,,,,,,,,1.0,1.0,,,,,4193,,,,0.0,,0.0,,0.0
,,,0.02265625074505806,,0.7578125,,,,,,,,,,,1.0,1.0,,,,,4194,,,,0.0,,0.0,,0.0
,,,0.06109277531504631,,0.7937294244766235,,,,,,,,,,,1.0,1.0,,,,,4195,,,,0.0,,0.0,,0.0
,,,0.0442708320915699,,0.9140625,,,,,,,,,,,1.0,1.0,,,,,4196,,,,0.0,,0.0,,0.0
,,,0.05078125,,0.9453125,,,,,,,,,,,1.0,1.0,,,,,4197,,,,0.0,,0.0,,0.0
,,,0.12268518656492233,,0.8854166269302368,,,,,,,,,,,1.0,1.0,,,,,4198,,,,0.0,,0.0,,0.0
,,,0.0520833320915699,,0.875,,,,,,,,,,,1.0,1.0,,,,,4199,,,,0.0,,0.0,,0.0
,,,0.046875,,0.8359375,,,,,,,,,,,1.0,1.0,,,,,4200,,,,0.0,,0.0,,0.0
,,,0.11627907305955887,,0.8239202499389648,,,,,,,,,,,1.0,1.0,,,,,4201,,,,0.0,,0.0,,0.0
,,,0.05078125,,0.8046875,,,,,,,,,,,1.0,1.0,,,,,4202,,,,0.0,,0.0,,0.0
,,,0.0581597238779068,,0.78125,,,,,,,,,,,1.0,1.0,,,,,4203,,,,0.0,,0.0,,0.0
,,,0.12559816241264343,,0.866961658000946,,,,,,,,,,,1.0,1.0,,,,,4204,,,,0.0,,0.0,,0.0
,,,0.06562499701976776,,0.8359375,,,,,,,,,,,1.0,1.0,,,,,4205,,,,0.0,,0.0,,0.0
,,,0.083984375,,0.859375,,,,,,,,,,,1.0,1.0,,,,,4206,,,,0.0,,0.0,,0.0
,,,0.11975309252738953,,0.9080808162689209,,,,,,,,,,,1.0,1.0,,,,,4207,,,,0.0,,0.0,,0.0
,,,0.0390625,,0.9453125,,,,,,,,,,,1.0,1.0,,,,,4208,,,,0.0,,0.0,,0.0
,,,0.03671874850988388,,0.890625,,,,,,,,,,,1.0,1.0,,,,,4209,,,,0.0,,0.0,,0.0
,,,0.0896296352148056,,0.9472222328186035,,,,,,,,,,,1.0,1.0,,,,,4210,,,,0.0,,0.0,,0.0
,,,0.05781250074505806,,0.9296875,,,,,,,,,,,1.0,1.0,,,,,4211,,,,0.0,,0.0,,0.0
,,,0.05624999850988388,,0.9140625,,,,,,,,,,,1.0,1.0,,,,,4212,,,,0.0,,0.0,,0.0
,,,0.1469879448413849,,0.9295849800109863,,,,,,,,,,,1.0,1.0,,,,,4213,,,,0.0,,0.0,,0.0
,,,0.0729166641831398,,0.8515625,,,,,,,,,,,1.0,1.0,,,,,4214,,,,0.0,,0.0,,0.0
,,,0.0625,,0.8359375,,,,,,,,,,,1.0,1.0,,,,,4215,,,,0.0,,0.0,,0.0
,,,0.08543418347835541,,0.8565062284469604,,,,,,,,,,,1.0,1.0,,,,,4216,,,,0.0,,0.0,,0.0
,,,0.0373263880610466,,0.9140625,,,,,,,,,,,1.0,1.0,,,,,4217,,,,0.0,,0.0,,0.0
,,,0.0364583320915699,,0.8828125,,,,,,,,,,,1.0,1.0,,,,,4218,,,,0.0,,0.0,,0.0
,,,0.07456625998020172,,0.8997784852981567,,,,,,,,,,,1.0,1.0,,,,,4219,,,,0.0,,0.0,,0.0
,,,0.0303819440305233,,0.9140625,,,,,,,,,,,1.0,1.0,,,,,4220,,,,0.0,,0.0,,0.0
,,,0.02265625074505806,,0.859375,,,,,,,,,,,1.0,1.0,,,,,4221,,,,0.0,,0.0,,0.0
,,,0.05906218662858009,,0.8787828683853149,,,,,,,,,,,1.0,1.0,,,,,4222,,,,0.0,,0.0,,0.0
,,,0.0234375,,0.71875,,,,,,,,,,,1.0,1.0,,,,,4223,,,,0.0,,0.0,,0.0
,,,0.02500000037252903,,0.671875,,,,,,,,,,,1.0,1.0,,,,,4224,,,,0.0,,0.0,,0.0
,,,0.07767856866121292,,0.84375,,,,,,,,,,,1.0,1.0,,,,,4225,,,,0.0,,0.0,,0.0
,,,0.0434027761220932,,0.890625,,,,,,,,,,,1.0,1.0,,,,,4226,,,,0.0,,0.0,,0.0
,,,0.0460069440305233,,0.9375,,,,,,,,,,,1.0,1.0,,,,,4227,,,,0.0,,0.0,,0.0
,,,0.10368643701076508,,0.8508158922195435,,,,,,,,,,,1.0,1.0,,,,,4228,,,,0.0,,0.0,,0.0
,,,0.0572916679084301,,0.859375,,,,,,,,,,,1.0,1.0,,,,,4229,,,,0.0,,0.0,,0.0
,,,0.0503472238779068,,0.8359375,,,,,,,,,,,1.0,1.0,,,,,4230,,,,0.0,,0.0,,0.0
,,,0.04645669087767601,,0.8503937125205994,,,,,,,,,,,1.0,1.0,,,,,4231,,,,0.0,,0.0,,0.0
45,0.40789008140563965,0.4476548433303833,,0.8661521673202515,,,,,,,,,,,,,,51.885501861572266,36713.55859375,3.9490394592285156,337.8848571777344,10165,,,0.0,,0.0,,0.0,
45,,,,,,0.6638324856758118,,0.9857270121574402,,16.09473991394043,,,,,,,,,,,,10165,1.9640932083129883,,,,,,,
,,,,,,,,,,,,,,0.0002609503151809553,0.03,,,,,,,10199,,,,,,,,
46,,,,,,,0.6552656888961792,,0.9724043607711792,,15.859375,0.0002609202638268471,0.029999999329447746,,,1.0,1.0,,,,,10199,,2.1876606941223145,,,,,,
,,,,,,,,,,,,,,0.00025944523934408846,0.03,,,,,,,10249,,,,,,,,
46,,,,,,,0.6658191084861755,,0.9478015303611755,,14.1015625,0.0002594151010271162,0.029999999329447746,,,1.0,1.0,,,,,10249,,1.781964898109436,,,,,,
,,,,,,,,,,,,,,0.0002579364684481226,0.03,,,,,,,10299,,,,,,,,
46,,,,,,,0.6375752687454224,,0.9520283937454224,,15.71875,0.0002579062420409173,0.029999999329447746,,,1.0,1.0,,,,,10299,,1.8346140384674072,,,,,,
,,,,,,,,,,,,,,0.0002564240965934056,0.03,,,,,,,10349,,,,,,,,
46,,,,,,,0.6835393309593201,,0.9901799559593201,,15.328125,0.0002563938032835722,0.029999999329447746,,,1.0,1.0,,,,,10349,,2.2704250812530518,,,,,,
,,,0.06484375149011612,,0.9609375,,,,,,,,,,,1.0,1.0,,,,,4232,,,,0.0,,0.0,,0.0
,,,0.0737847238779068,,0.9609375,,,,,,,,,,,1.0,1.0,,,,,4233,,,,0.0,,0.0,,0.0
,,,0.14781811833381653,,0.9382104873657227,,,,,,,,,,,1.0,1.0,,,,,4234,,,,0.0,,0.0,,0.0
,,,0.0842013880610466,,0.921875,,,,,,,,,,,1.0,1.0,,,,,4235,,,,0.0,,0.0,,0.0
,,,0.078125,,0.9375,,,,,,,,,,,1.0,1.0,,,,,4236,,,,0.0,,0.0,,0.0
,,,0.1200142502784729,,0.8717948794364929,,,,,,,,,,,1.0,1.0,,,,,4237,,,,0.0,,0.0,,0.0
,,,0.0173611119389534,,0.8359375,,,,,,,,,,,1.0,1.0,,,,,4238,,,,0.0,,0.0,,0.0
,,,0.02656250074505806,,0.8203125,,,,,,,,,,,1.0,1.0,,,,,4239,,,,0.0,,0.0,,0.0
,,,0.043481990694999695,,0.7958833575248718,,,,,,,,,,,1.0,1.0,,,,,4240,,,,0.0,,0.0,,0.0
,,,0.04453124850988388,,0.8671875,,,,,,,,,,,1.0,1.0,,,,,4241,,,,0.0,,0.0,,0.0
,,,0.02812499925494194,,0.875,,,,,,,,,,,1.0,1.0,,,,,4242,,,,0.0,,0.0,,0.0
,,,0.04062499850988388,,0.9140625,,,,,,,,,,,1.0,1.0,,,,,4243,,,,0.0,,0.0,,0.0
,,,0.1250370442867279,,0.9639999866485596,,,,,,,,,,,1.0,1.0,,,,,4244,,,,0.0,,0.0,,0.0
,,,0.0824652761220932,,0.8828125,,,,,,,,,,,1.0,1.0,,,,,4245,,,,0.0,,0.0,,0.0
,,,0.0746527761220932,,0.90625,,,,,,,,,,,1.0,1.0,,,,,4246,,,,0.0,,0.0,,0.0
,,,0.10322647541761398,,0.7553688287734985,,,,,,,,,,,1.0,1.0,,,,,4247,,,,0.0,,0.0,,0.0
,,,0.015625,,0.609375,,,,,,,,,,,1.0,1.0,,,,,4248,,,,0.0,,0.0,,0.0
,,,0.014843749813735485,,0.5,,,,,,,,,,,1.0,1.0,,,,,4249,,,,0.0,,0.0,,0.0
,,,0.06125541031360626,,0.7548701763153076,,,,,,,,,,,1.0,1.0,,,,,4250,,,,0.0,,0.0,,0.0
,,,0.0598958320915699,,0.9296875,,,,,,,,,,,1.0,1.0,,,,,4251,,,,0.0,,0.0,,0.0
,,,0.04609375074505806,,0.890625,,,,,,,,,,,1.0,1.0,,,,,4252,,,,0.0,,0.0,,0.0
,,,0.08742216229438782,,0.9018679857254028,,,,,,,,,,,1.0,1.0,,,,,4253,,,,0.0,,0.0,,0.0
,,,0.0338541679084301,,0.8125,,,,,,,,,,,1.0,1.0,,,,,4254,,,,0.0,,0.0,,0.0
,,,0.02812499925494194,,0.8125,,,,,,,,,,,1.0,1.0,,,,,4255,,,,0.0,,0.0,,0.0
,,,0.08062396943569183,,0.864039421081543,,,,,,,,,,,1.0,1.0,,,,,4256,,,,0.0,,0.0,,0.0
,,,0.0425347238779068,,0.8828125,,,,,,,,,,,1.0,1.0,,,,,4257,,,,0.0,,0.0,,0.0
,,,0.0486111119389534,,0.90625,,,,,,,,,,,1.0,1.0,,,,,4258,,,,0.0,,0.0,,0.0
,,,0.09489867091178894,,0.8778616189956665,,,,,,,,,,,1.0,1.0,,,,,4259,,,,0.0,,0.0,,0.0
,,,0.0442708320915699,,0.8828125,,,,,,,,,,,1.0,1.0,,,,,4260,,,,0.0,,0.0,,0.0
,,,0.0425347238779068,,0.859375,,,,,,,,,,,1.0,1.0,,,,,4261,,,,0.0,,0.0,,0.0
,,,0.11097127944231033,,0.9414500594139099,,,,,,,,,,,1.0,1.0,,,,,4262,,,,0.0,,0.0,,0.0
,,,0.0625,,0.953125,,,,,,,,,,,1.0,1.0,,,,,4263,,,,0.0,,0.0,,0.0
,,,0.06718750298023224,,0.96875,,,,,,,,,,,1.0,1.0,,,,,4264,,,,0.0,,0.0,,0.0
,,,0.13837438821792603,,0.931280791759491,,,,,,,,,,,1.0,1.0,,,,,4265,,,,0.0,,0.0,,0.0
,,,0.0859375,,0.9375,,,,,,,,,,,1.0,1.0,,,,,4266,,,,0.0,,0.0,,0.0
,,,0.0888671875,,0.9375,,,,,,,,,,,1.0,1.0,,,,,4267,,,,0.0,,0.0,,0.0
,,,0.1058478057384491,,0.8940542936325073,,,,,,,,,,,1.0,1.0,,,,,4268,,,,0.0,,0.0,,0.0
,,,0.0251736119389534,,0.8671875,,,,,,,,,,,1.0,1.0,,,,,4269,,,,0.0,,0.0,,0.0
,,,0.02031249925494194,,0.8125,,,,,,,,,,,1.0,1.0,,,,,4270,,,,0.0,,0.0,,0.0
,,,0.056117214262485504,,0.8275946378707886,,,,,,,,,,,1.0,1.0,,,,,4271,,,,0.0,,0.0,,0.0
,,,0.0477430559694767,,0.8515625,,,,,,,,,,,1.0,1.0,,,,,4272,,,,0.0,,0.0,,0.0
,,,0.03359375149011612,,0.8984375,,,,,,,,,,,1.0,1.0,,,,,4273,,,,0.0,,0.0,,0.0
,,,0.12068182229995728,,0.9045454263687134,,,,,,,,,,,1.0,1.0,,,,,4274,,,,0.0,,0.0,,0.0
,,,0.0850694477558136,,0.921875,,,,,,,,,,,1.0,1.0,,,,,4275,,,,0.0,,0.0,,0.0
,,,0.0807291641831398,,0.8828125,,,,,,,,,,,1.0,1.0,,,,,4276,,,,0.0,,0.0,,0.0
,,,0.10860797762870789,,0.8157071471214294,,,,,,,,,,,1.0,1.0,,,,,4277,,,,0.0,,0.0,,0.0
,,,0.010937499813735485,,0.546875,,,,,,,,,,,1.0,1.0,,,,,4278,,,,0.0,,0.0,,0.0
,,,0.014843749813735485,,0.609375,,,,,,,,,,,1.0,1.0,,,,,4279,,,,0.0,,0.0,,0.0
,,,0.01822916604578495,,0.53125,,,,,,,,,,,1.0,1.0,,,,,4280,,,,0.0,,0.0,,0.0
,,,0.04803149774670601,,0.4763779640197754,,,,,,,,,,,1.0,1.0,,,,,4281,,,,0.0,,0.0,,0.0
,,,0.05078125,,0.9296875,,,,,,,,,,,1.0,1.0,,,,,4282,,,,0.0,,0.0,,0.0
,,,0.0538194440305233,,0.8984375,,,,,,,,,,,1.0,1.0,,,,,4283,,,,0.0,,0.0,,0.0
,,,0.07270114123821259,,0.8218390941619873,,,,,,,,,,,1.0,1.0,,,,,4284,,,,0.0,,0.0,,0.0
,,,0.02812499925494194,,0.8046875,,,,,,,,,,,1.0,1.0,,,,,4285,,,,0.0,,0.0,,0.0
,,,0.03046875074505806,,0.84375,,,,,,,,,,,1.0,1.0,,,,,4286,,,,0.0,,0.0,,0.0
,,,0.06949028372764587,,0.8764209747314453,,,,,,,,,,,1.0,1.0,,,,,4287,,,,0.0,,0.0,,0.0
,,,0.0477430559694767,,0.8984375,,,,,,,,,,,1.0,1.0,,,,,4288,,,,0.0,,0.0,,0.0
,,,0.04609375074505806,,0.9296875,,,,,,,,,,,1.0,1.0,,,,,4289,,,,0.0,,0.0,,0.0
,,,0.08750000596046448,,0.8489583730697632,,,,,,,,,,,1.0,1.0,,,,,4290,,,,0.0,,0.0,,0.0
,,,0.0460069440305233,,0.8828125,,,,,,,,,,,1.0,1.0,,,,,4291,,,,0.0,,0.0,,0.0
,,,0.0390625,,0.8828125,,,,,,,,,,,1.0,1.0,,,,,4292,,,,0.0,,0.0,,0.0
,,,0.11506091058254242,,0.9529346227645874,,,,,,,,,,,1.0,1.0,,,,,4293,,,,0.0,,0.0,,0.0
,,,0.06093750149011612,,0.953125,,,,,,,,,,,1.0,1.0,,,,,4294,,,,0.0,,0.0,,0.0
,,,0.06640625,,0.96875,,,,,,,,,,,1.0,1.0,,,,,4295,,,,0.0,,0.0,,0.0
,,,0.1361061930656433,,0.9268436431884766,,,,,,,,,,,1.0,1.0,,,,,4296,,,,0.0,,0.0,,0.0
,,,0.0859375,,0.9296875,,,,,,,,,,,1.0,1.0,,,,,4297,,,,0.0,,0.0,,0.0
,,,0.0815972238779068,,0.953125,,,,,,,,,,,1.0,1.0,,,,,4298,,,,0.0,,0.0,,0.0
,,,0.1096520721912384,,0.9227272868156433,,,,,,,,,,,1.0,1.0,,,,,4299,,,,0.0,,0.0,,0.0
,,,0.0234375,,0.8203125,,,,,,,,,,,1.0,1.0,,,,,4300,,,,0.0,,0.0,,0.0
,,,0.02109375037252903,,0.7890625,,,,,,,,,,,1.0,1.0,,,,,4301,,,,0.0,,0.0,,0.0
,,,0.06074073910713196,,0.864814817905426,,,,,,,,,,,1.0,1.0,,,,,4302,,,,0.0,,0.0,,0.0
,,,0.03359375149011612,,0.859375,,,,,,,,,,,1.0,1.0,,,,,4303,,,,0.0,,0.0,,0.0
,,,0.0390625,,0.8828125,,,,,,,,,,,1.0,1.0,,,,,4304,,,,0.0,,0.0,,0.0
,,,0.13166740536689758,,0.930522084236145,,,,,,,,,,,1.0,1.0,,,,,4305,,,,0.0,,0.0,,0.0
,,,0.0842013880610466,,0.90625,,,,,,,,,,,1.0,1.0,,,,,4306,,,,0.0,,0.0,,0.0
,,,0.0798611119389534,,0.8828125,,,,,,,,,,,1.0,1.0,,,,,4307,,,,0.0,,0.0,,0.0
,,,0.08810797333717346,,0.7594856023788452,,,,,,,,,,,1.0,1.0,,,,,4308,,,,0.0,,0.0,,0.0
,,,0.010937499813735485,,0.546875,,,,,,,,,,,1.0,1.0,,,,,4309,,,,0.0,,0.0,,0.0
,,,0.01640624925494194,,0.578125,,,,,,,,,,,1.0,1.0,,,,,4310,,,,0.0,,0.0,,0.0
,,,0.07220376282930374,,0.7668881416320801,,,,,,,,,,,1.0,1.0,,,,,4311,,,,0.0,,0.0,,0.0
,,,0.0546875,,0.9453125,,,,,,,,,,,1.0,1.0,,,,,4312,,,,0.0,,0.0,,0.0
,,,0.04218750074505806,,0.9140625,,,,,,,,,,,1.0,1.0,,,,,4313,,,,0.0,,0.0,,0.0
,,,0.10272327065467834,,0.9052211046218872,,,,,,,,,,,1.0,1.0,,,,,4314,,,,0.0,,0.0,,0.0
,,,0.03125,,0.8125,,,,,,,,,,,1.0,1.0,,,,,4315,,,,0.0,,0.0,,0.0
,,,0.02812499925494194,,0.7890625,,,,,,,,,,,1.0,1.0,,,,,4316,,,,0.0,,0.0,,0.0
,,,0.1130952388048172,,0.8883928656578064,,,,,,,,,,,1.0,1.0,,,,,4317,,,,0.0,,0.0,,0.0
,,,0.03593749925494194,,0.875,,,,,,,,,,,1.0,1.0,,,,,4318,,,,0.0,,0.0,,0.0
,,,0.04453124850988388,,0.9375,,,,,,,,,,,1.0,1.0,,,,,4319,,,,0.0,,0.0,,0.0
,,,0.07718207687139511,,0.812354326248169,,,,,,,,,,,1.0,1.0,,,,,4320,,,,0.0,,0.0,,0.0
,,,0.0442708320915699,,0.8671875,,,,,,,,,,,1.0,1.0,,,,,4321,,,,0.0,,0.0,,0.0
,,,0.03593749925494194,,0.8828125,,,,,,,,,,,1.0,1.0,,,,,4322,,,,0.0,,0.0,,0.0
,,,0.05074365437030792,,0.8897637724876404,,,,,,,,,,,1.0,1.0,,,,,4323,,,,0.0,,0.0,,0.0
46,0.4114988446235657,0.45226582884788513,,0.8603583574295044,,,,,,,,,,,,,,51.48810958862305,38776.31640625,3.9413509368896484,342.178955078125,10386,,,0.0,,0.0,,0.0,
46,,,,,,0.6603188514709473,,0.9815801978111267,,16.06313705444336,,,,,,,,,,,,10386,2.002253532409668,,,,,,,
,,,,,,,,,,,,,,0.000254908218104873,0.03,,,,,,,10399,,,,,,,,
47,,,,,,,0.6738265752792358,,0.9877914190292358,,15.703125,0.0002548778720665723,0.029999999329447746,,,1.0,1.0,,,,,10399,,2.004709243774414,,,,,,
,,,,,,,,,,,,,,0.0002533889275261653,0.03,,,,,,,10449,,,,,,,,
47,,,,,,,0.6530361771583557,,1.011434555053711,,17.921875,0.0002533585065975785,0.029999999329447746,,,1.0,1.0,,,,,10449,,2.3079216480255127,,,,,,
,,,,,,,,,,,,,,0.000251866319613731,0.03,,,,,,,10499,,,,,,,,
47,,,,,,,0.6553677320480347,,0.9664028882980347,,15.546875,0.0002518358232919127,0.029999999329447746,,,1.0,1.0,,,,,10499,,1.9470528364181519,,,,,,
,,,,,,,,,,,,,,0.00025034048933091687,0.03,,,,,,,10549,,,,,,,,
47,,,,,,,0.6467729210853577,,0.9790483117103577,,16.609375,0.0002503099385648966,0.029999999329447746,,,1.0,1.0,,,,,10549,,1.8126035928726196,,,,,,
,,,,,,,,,,,,,,0.00024881153184204576,0.03,,,,,,,10599,,,,,,,,
47,,,,,,,0.6573477387428284,,0.9818106293678284,,16.21875,0.00024878091062419116,0.029999999329447746,,,1.0,1.0,,,,,10599,,2.041750907897949,,,,,,
,,,0.09375,,0.9609375,,,,,,,,,,,1.0,1.0,,,,,4324,,,,0.0,,0.0,,0.0
,,,0.0849609375,,0.953125,,,,,,,,,,,1.0,1.0,,,,,4325,,,,0.0,,0.0,,0.0
,,,0.1376359909772873,,0.9097909927368164,,,,,,,,,,,1.0,1.0,,,,,4326,,,,0.0,,0.0,,0.0
,,,0.0673828125,,0.921875,,,,,,,,,,,1.0,1.0,,,,,4327,,,,0.0,,0.0,,0.0
,,,0.0714285746216774,,0.859375,,,,,,,,,,,1.0,1.0,,,,,4328,,,,0.0,,0.0,,0.0
,,,0.06125355884432793,,0.7019230723381042,,,,,,,,,,,1.0,1.0,,,,,4329,,,,0.0,,0.0,,0.0
,,,0.0052083334885537624,,0.4296875,,,,,,,,,,,1.0,1.0,,,,,4330,,,,0.0,,0.0,,0.0
,,,0.0086805559694767,,0.546875,,,,,,,,,,,1.0,1.0,,,,,4331,,,,0.0,,0.0,,0.0
,,,0.04373927786946297,,0.567324161529541,,,,,,,,,,,1.0,1.0,,,,,4332,,,,0.0,,0.0,,0.0
,,,0.0341796875,,0.6796875,,,,,,,,,,,1.0,1.0,,,,,4333,,,,0.0,,0.0,,0.0
,,,0.037109375,,0.7109375,,,,,,,,,,,1.0,1.0,,,,,4334,,,,0.0,,0.0,,0.0
,,,0.0399305559694767,,0.734375,,,,,,,,,,,1.0,1.0,,,,,4335,,,,0.0,,0.0,,0.0
,,,0.11437036842107773,,0.5986666679382324,,,,,,,,,,,1.0,1.0,,,,,4336,,,,0.0,,0.0,,0.0
,,,0.0711805522441864,,0.796875,,,,,,,,,,,1.0,1.0,,,,,4337,,,,0.0,,0.0,,0.0
,,,0.0590277761220932,,0.7265625,,,,,,,,,,,1.0,1.0,,,,,4338,,,,0.0,,0.0,,0.0
,,,0.09859944880008698,,0.8552754521369934,,,,,,,,,,,1.0,1.0,,,,,4339,,,,0.0,,0.0,,0.0
,,,0.0361328125,,0.9140625,,,,,,,,,,,1.0,1.0,,,,,4340,,,,0.0,,0.0,,0.0
,,,0.0302734375,,0.9453125,,,,,,,,,,,1.0,1.0,,,,,4341,,,,0.0,,0.0,,0.0
,,,0.12297077476978302,,0.9653679132461548,,,,,,,,,,,1.0,1.0,,,,,4342,,,,0.0,,0.0,,0.0
,,,0.0791015625,,0.9765625,,,,,,,,,,,1.0,1.0,,,,,4343,,,,0.0,,0.0,,0.0
,,,0.078125,,0.984375,,,,,,,,,,,1.0,1.0,,,,,4344,,,,0.0,,0.0,,0.0
,,,0.0914902463555336,,0.8082191944122314,,,,,,,,,,,1.0,1.0,,,,,4345,,,,0.0,,0.0,,0.0
,,,0.009548611007630825,,0.5,,,,,,,,,,,1.0,1.0,,,,,4346,,,,0.0,,0.0,,0.0
,,,0.0086805559694767,,0.4609375,,,,,,,,,,,1.0,1.0,,,,,4347,,,,0.0,,0.0,,0.0
,,,0.07848932594060898,,0.681280791759491,,,,,,,,,,,1.0,1.0,,,,,4348,,,,0.0,,0.0,,0.0
,,,0.0747767835855484,,0.9140625,,,,,,,,,,,1.0,1.0,,,,,4349,,,,0.0,,0.0,,0.0
,,,0.07421875,,0.9765625,,,,,,,,,,,1.0,1.0,,,,,4350,,,,0.0,,0.0,,0.0
,,,0.14278528094291687,,0.9611320495605469,,,,,,,,,,,1.0,1.0,,,,,4351,,,,0.0,,0.0,,0.0
,,,0.05859375,,0.96875,,,,,,,,,,,1.0,1.0,,,,,4352,,,,0.0,,0.0,,0.0
,,,0.0691964253783226,,0.9609375,,,,,,,,,,,1.0,1.0,,,,,4353,,,,0.0,,0.0,,0.0
,,,0.19676242768764496,,0.9766073822975159,,,,,,,,,,,1.0,1.0,,,,,4354,,,,0.0,,0.0,,0.0
,,,0.08203125,,0.953125,,,,,,,,,,,1.0,1.0,,,,,4355,,,,0.0,,0.0,,0.0
,,,0.0755208358168602,,0.9453125,,,,,,,,,,,1.0,1.0,,,,,4356,,,,0.0,,0.0,,0.0
,,,0.18423646688461304,,0.9169950485229492,,,,,,,,,,,1.0,1.0,,,,,4357,,,,0.0,,0.0,,0.0
,,,0.0693359375,,0.8984375,,,,,,,,,,,1.0,1.0,,,,,4358,,,,0.0,,0.0,,0.0
,,,0.0625,,0.8828125,,,,,,,,,,,1.0,1.0,,,,,4359,,,,0.0,,0.0,,0.0
,,,0.0652475357055664,,0.6828969717025757,,,,,,,,,,,1.0,1.0,,,,,4360,,,,0.0,,0.0,,0.0
,,,0.009548611007630825,,0.5546875,,,,,,,,,,,1.0,1.0,,,,,4361,,,,0.0,,0.0,,0.0
,,,0.00434027798473835,,0.4375,,,,,,,,,,,1.0,1.0,,,,,4362,,,,0.0,,0.0,,0.0
,,,0.039696104824543,,0.5768010020256042,,,,,,,,,,,1.0,1.0,,,,,4363,,,,0.0,,0.0,,0.0
,,,0.0424107126891613,,0.6875,,,,,,,,,,,1.0,1.0,,,,,4364,,,,0.0,,0.0,,0.0
,,,0.0361328125,,0.6953125,,,,,,,,,,,1.0,1.0,,,,,4365,,,,0.0,,0.0,,0.0
,,,0.12070706486701965,,0.8181818127632141,,,,,,,,,,,1.0,1.0,,,,,4366,,,,0.0,,0.0,,0.0
,,,0.080078125,,0.8125,,,,,,,,,,,1.0,1.0,,,,,4367,,,,0.0,,0.0,,0.0
,,,0.0642361119389534,,0.765625,,,,,,,,,,,1.0,1.0,,,,,4368,,,,0.0,,0.0,,0.0
,,,0.10777360200881958,,0.8401126861572266,,,,,,,,,,,1.0,1.0,,,,,4369,,,,0.0,,0.0,,0.0
,,,0.0400390625,,0.953125,,,,,,,,,,,1.0,1.0,,,,,4370,,,,0.0,,0.0,,0.0
,,,0.03125,,0.921875,,,,,,,,,,,1.0,1.0,,,,,4371,,,,0.0,,0.0,,0.0
,,,0.0380859375,,0.953125,,,,,,,,,,,1.0,1.0,,,,,4372,,,,0.0,,0.0,,0.0
,,,0.07775590568780899,,0.9881889820098877,,,,,,,,,,,1.0,1.0,,,,,4373,,,,0.0,,0.0,,0.0
,,,0.0685763880610466,,0.9765625,,,,,,,,,,,1.0,1.0,,,,,4374,,,,0.0,,0.0,,0.0
,,,0.080078125,,0.9765625,,,,,,,,,,,1.0,1.0,,,,,4375,,,,0.0,,0.0,,0.0
,,,0.07630906999111176,,0.7844827175140381,,,,,,,,,,,1.0,1.0,,,,,4376,,,,0.0,,0.0,,0.0
,,,0.010416666977107525,,0.4375,,,,,,,,,,,1.0,1.0,,,,,4377,,,,0.0,,0.0,,0.0
,,,0.0086805559694767,,0.4765625,,,,,,,,,,,1.0,1.0,,,,,4378,,,,0.0,,0.0,,0.0
,,,0.07423705607652664,,0.6925192475318909,,,,,,,,,,,1.0,1.0,,,,,4379,,,,0.0,,0.0,,0.0
,,,0.0712890625,,0.9296875,,,,,,,,,,,1.0,1.0,,,,,4380,,,,0.0,,0.0,,0.0
,,,0.0837053582072258,,0.9765625,,,,,,,,,,,1.0,1.0,,,,,4381,,,,0.0,,0.0,,0.0
,,,0.1263020783662796,,0.9270833730697632,,,,,,,,,,,1.0,1.0,,,,,4382,,,,0.0,,0.0,,0.0
,,,0.0625,,0.9765625,,,,,,,,,,,1.0,1.0,,,,,4383,,,,0.0,,0.0,,0.0
,,,0.0703125,,0.96875,,,,,,,,,,,1.0,1.0,,,,,4384,,,,0.0,,0.0,,0.0
,,,0.19573643803596497,,0.9764673113822937,,,,,,,,,,,1.0,1.0,,,,,4385,,,,0.0,,0.0,,0.0
,,,0.0720486119389534,,0.9453125,,,,,,,,,,,1.0,1.0,,,,,4386,,,,0.0,,0.0,,0.0
,,,0.0859375,,0.9453125,,,,,,,,,,,1.0,1.0,,,,,4387,,,,0.0,,0.0,,0.0
,,,0.15412980318069458,,0.9268436431884766,,,,,,,,,,,1.0,1.0,,,,,4388,,,,0.0,,0.0,,0.0
,,,0.0792410746216774,,0.859375,,,,,,,,,,,1.0,1.0,,,,,4389,,,,0.0,,0.0,,0.0
,,,0.0669642835855484,,0.9140625,,,,,,,,,,,1.0,1.0,,,,,4390,,,,0.0,,0.0,,0.0
,,,0.05959596112370491,,0.7085858583450317,,,,,,,,,,,1.0,1.0,,,,,4391,,,,0.0,,0.0,,0.0
,,,0.010416666977107525,,0.5234375,,,,,,,,,,,1.0,1.0,,,,,4392,,,,0.0,,0.0,,0.0
,,,0.0078125,,0.4375,,,,,,,,,,,1.0,1.0,,,,,4393,,,,0.0,,0.0,,0.0
,,,0.03333333507180214,,0.5972222089767456,,,,,,,,,,,1.0,1.0,,,,,4394,,,,0.0,,0.0,,0.0
,,,0.0435267873108387,,0.671875,,,,,,,,,,,1.0,1.0,,,,,4395,,,,0.0,,0.0,,0.0
,,,0.0399305559694767,,0.7265625,,,,,,,,,,,1.0,1.0,,,,,4396,,,,0.0,,0.0,,0.0
,,,0.11355049908161163,,0.8184739351272583,,,,,,,,,,,1.0,1.0,,,,,4397,,,,0.0,,0.0,,0.0
,,,0.0711805522441864,,0.7890625,,,,,,,,,,,1.0,1.0,,,,,4398,,,,0.0,,0.0,,0.0
,,,0.072265625,,0.765625,,,,,,,,,,,1.0,1.0,,,,,4399,,,,0.0,,0.0,,0.0
,,,0.08477209508419037,,0.8335880041122437,,,,,,,,,,,1.0,1.0,,,,,4400,,,,0.0,,0.0,,0.0
,,,0.0329861119389534,,0.921875,,,,,,,,,,,1.0,1.0,,,,,4401,,,,0.0,,0.0,,0.0
,,,0.0341796875,,0.9453125,,,,,,,,,,,1.0,1.0,,,,,4402,,,,0.0,,0.0,,0.0
,,,0.11024978756904602,,0.9648393988609314,,,,,,,,,,,1.0,1.0,,,,,4403,,,,0.0,,0.0,,0.0
,,,0.0881696417927742,,0.9765625,,,,,,,,,,,1.0,1.0,,,,,4404,,,,0.0,,0.0,,0.0
,,,0.0870535746216774,,0.96875,,,,,,,,,,,1.0,1.0,,,,,4405,,,,0.0,,0.0,,0.0
,,,0.08306543529033661,,0.8174259662628174,,,,,,,,,,,1.0,1.0,,,,,4406,,,,0.0,,0.0,,0.0
,,,0.013020833022892475,,0.53125,,,,,,,,,,,1.0,1.0,,,,,4407,,,,0.0,,0.0,,0.0
,,,0.0069444444961845875,,0.453125,,,,,,,,,,,1.0,1.0,,,,,4408,,,,0.0,,0.0,,0.0
,,,0.1001984104514122,,0.7276785373687744,,,,,,,,,,,1.0,1.0,,,,,4409,,,,0.0,,0.0,,0.0
,,,0.0714285746216774,,0.921875,,,,,,,,,,,1.0,1.0,,,,,4410,,,,0.0,,0.0,,0.0
,,,0.0668402761220932,,0.9609375,,,,,,,,,,,1.0,1.0,,,,,4411,,,,0.0,,0.0,,0.0
,,,0.12198913097381592,,0.9331779479980469,,,,,,,,,,,1.0,1.0,,,,,4412,,,,0.0,,0.0,,0.0
,,,0.060546875,,0.96875,,,,,,,,,,,1.0,1.0,,,,,4413,,,,0.0,,0.0,,0.0
,,,0.0602678582072258,,0.953125,,,,,,,,,,,1.0,1.0,,,,,4414,,,,0.0,,0.0,,0.0
,,,0.07199100404977798,,0.9763779640197754,,,,,,,,,,,1.0,1.0,,,,,4415,,,,0.0,,0.0,,0.0
47,0.40577083826065063,0.42494693398475647,,0.8150324821472168,,,,,,,,,,,,,,53.34699249267578,40715.93359375,3.9768176078796387,337.6099548339844,10607,,,0.0,,0.0,,0.0,
47,,,,,,0.656138002872467,,0.9752210974693298,,15.95379638671875,,,,,,,,,,,,10607,2.003100633621216,,,,,,,
,,,,,,,,,,,,,,0.0002472795425064805,0.03,,,,,,,10649,,,,,,,,
48,,,,,,,0.6467787027359009,,0.9958997964859009,,17.453125,0.0002472488849889487,0.029999999329447746,,,1.0,1.0,,,,,10649,,1.9657480716705322,,,,,,
,,,,,,,,,,,,,,0.0002457446168726769,0.03,,,,,,,10699,,,,,,,,
48,,,,,,,0.6400325298309326,,0.9723079204559326,,16.609375,0.00024571389076299965,0.029999999329447746,,,1.0,1.0,,,,,10699,,2.104456663131714,,,,,,
,,,,,,,,,,,,,,0.0002442068506722246,0.03,,,,,,,10749,,,,,,,,
48,,,,,,,0.6692601442337036,,0.9439183473587036,,13.734375,0.0002441760734654963,0.029999999329447746,,,1.0,1.0,,,,,10749,,2.0766923427581787,,,,,,
,,,,,,,,,,,,,,0.00024266633981387593,0.03,,,,,,,10799,,,,,,,,
48,,,,,,,0.6357823610305786,,0.9775792360305786,,17.09375,0.0002426355058560148,0.029999999329447746,,,1.0,1.0,,,,,10799,,1.9313770532608032,,,,,,
,,,0.046875,,0.7578125,,,,,,,,,,,1.0,1.0,,,,,4416,,,,0.0,,0.0,,0.0
,,,0.0642361119389534,,0.8203125,,,,,,,,,,,1.0,1.0,,,,,4417,,,,0.0,,0.0,,0.0
,,,0.12999632954597473,,0.8837550282478333,,,,,,,,,,,1.0,1.0,,,,,4418,,,,0.0,,0.0,,0.0
,,,0.1302083283662796,,0.9765625,,,,,,,,,,,1.0,1.0,,,,,4419,,,,0.0,,0.0,,0.0
,,,0.091796875,,0.921875,,,,,,,,,,,1.0,1.0,,,,,4420,,,,0.0,,0.0,,0.0
,,,0.09971509873867035,,0.8669872283935547,,,,,,,,,,,1.0,1.0,,,,,4421,,,,0.0,,0.0,,0.0
,,,0.01171875,,0.84375,,,,,,,,,,,1.0,1.0,,,,,4422,,,,0.0,,0.0,,0.0
,,,0.0295138880610466,,0.8359375,,,,,,,,,,,1.0,1.0,,,,,4423,,,,0.0,,0.0,,0.0
,,,0.043481990694999695,,0.6595197319984436,,,,,,,,,,,1.0,1.0,,,,,4424,,,,0.0,,0.0,,0.0
,,,0.0164930559694767,,0.671875,,,,,,,,,,,1.0,1.0,,,,,4425,,,,0.0,,0.0,,0.0
,,,0.01015624962747097,,0.625,,,,,,,,,,,1.0,1.0,,,,,4426,,,,0.0,,0.0,,0.0
,,,0.02109375037252903,,0.6328125,,,,,,,,,,,1.0,1.0,,,,,4427,,,,0.0,,0.0,,0.0
,,,0.09813334047794342,,0.7933333516120911,,,,,,,,,,,1.0,1.0,,,,,4428,,,,0.0,,0.0,,0.0
,,,0.0693359375,,0.84375,,,,,,,,,,,1.0,1.0,,,,,4429,,,,0.0,,0.0,,0.0
,,,0.04921875149011612,,0.8203125,,,,,,,,,,,1.0,1.0,,,,,4430,,,,0.0,,0.0,,0.0
,,,0.07535014301538467,,0.8856209516525269,,,,,,,,,,,1.0,1.0,,,,,4431,,,,0.0,,0.0,,0.0
,,,0.0529513880610466,,0.9375,,,,,,,,,,,1.0,1.0,,,,,4432,,,,0.0,,0.0,,0.0
,,,0.04609375074505806,,0.9453125,,,,,,,,,,,1.0,1.0,,,,,4433,,,,0.0,,0.0,,0.0
,,,0.08430735766887665,,0.9009740352630615,,,,,,,,,,,1.0,1.0,,,,,4434,,,,0.0,,0.0,,0.0
,,,0.03125,,0.8515625,,,,,,,,,,,1.0,1.0,,,,,4435,,,,0.0,,0.0,,0.0
,,,0.0364583320915699,,0.828125,,,,,,,,,,,1.0,1.0,,,,,4436,,,,0.0,,0.0,,0.0
,,,0.08662515878677368,,0.9066002368927002,,,,,,,,,,,1.0,1.0,,,,,4437,,,,0.0,,0.0,,0.0
,,,0.04765624925494194,,0.84375,,,,,,,,,,,1.0,1.0,,,,,4438,,,,0.0,,0.0,,0.0
,,,0.04531250149011612,,0.8671875,,,,,,,,,,,1.0,1.0,,,,,4439,,,,0.0,,0.0,,0.0
,,,0.11943076550960541,,0.9098522067070007,,,,,,,,,,,1.0,1.0,,,,,4440,,,,0.0,,0.0,,0.0
,,,0.0517578125,,0.953125,,,,,,,,,,,1.0,1.0,,,,,4441,,,,0.0,,0.0,,0.0
,,,0.0555555559694767,,0.9375,,,,,,,,,,,1.0,1.0,,,,,4442,,,,0.0,,0.0,,0.0
,,,0.10661076009273529,,0.8939622640609741,,,,,,,,,,,1.0,1.0,,,,,4443,,,,0.0,,0.0,,0.0
,,,0.04296875,,0.9375,,,,,,,,,,,1.0,1.0,,,,,4444,,,,0.0,,0.0,,0.0
,,,0.04218750074505806,,0.921875,,,,,,,,,,,1.0,1.0,,,,,4445,,,,0.0,,0.0,,0.0
,,,0.09360085427761078,,0.8191518783569336,,,,,,,,,,,1.0,1.0,,,,,4446,,,,0.0,,0.0,,0.0
,,,0.04843749850988388,,0.78125,,,,,,,,,,,1.0,1.0,,,,,4447,,,,0.0,,0.0,,0.0
,,,0.0598958320915699,,0.828125,,,,,,,,,,,1.0,1.0,,,,,4448,,,,0.0,,0.0,,0.0
,,,0.13776682317256927,,0.9253695011138916,,,,,,,,,,,1.0,1.0,,,,,4449,,,,0.0,,0.0,,0.0
,,,0.1071428582072258,,0.9453125,,,,,,,,,,,1.0,1.0,,,,,4450,,,,0.0,,0.0,,0.0
,,,0.0908203125,,0.921875,,,,,,,,,,,1.0,1.0,,,,,4451,,,,0.0,,0.0,,0.0
,,,0.0857107937335968,,0.9089796543121338,,,,,,,,,,,1.0,1.0,,,,,4452,,,,0.0,,0.0,,0.0
,,,0.029296875,,0.8359375,,,,,,,,,,,1.0,1.0,,,,,4453,,,,0.0,,0.0,,0.0
,,,0.01640624925494194,,0.7734375,,,,,,,,,,,1.0,1.0,,,,,4454,,,,0.0,,0.0,,0.0
,,,0.05225885659456253,,0.7129426002502441,,,,,,,,,,,1.0,1.0,,,,,4455,,,,0.0,,0.0,,0.0
,,,0.013020833022892475,,0.6640625,,,,,,,,,,,1.0,1.0,,,,,4456,,,,0.0,,0.0,,0.0
,,,0.014843749813735485,,0.5859375,,,,,,,,,,,1.0,1.0,,,,,4457,,,,0.0,,0.0,,0.0
,,,0.0854545384645462,,0.8204545378684998,,,,,,,,,,,1.0,1.0,,,,,4458,,,,0.0,,0.0,,0.0
,,,0.0677083358168602,,0.875,,,,,,,,,,,1.0,1.0,,,,,4459,,,,0.0,,0.0,,0.0
,,,0.05234374850988388,,0.84375,,,,,,,,,,,1.0,1.0,,,,,4460,,,,0.0,,0.0,,0.0
,,,0.11583924293518066,,0.8720275163650513,,,,,,,,,,,1.0,1.0,,,,,4461,,,,0.0,,0.0,,0.0
,,,0.0477430559694767,,0.921875,,,,,,,,,,,1.0,1.0,,,,,4462,,,,0.0,,0.0,,0.0
,,,0.04609375074505806,,0.9140625,,,,,,,,,,,1.0,1.0,,,,,4463,,,,0.0,,0.0,,0.0
,,,0.0538194440305233,,0.9453125,,,,,,,,,,,1.0,1.0,,,,,4464,,,,0.0,,0.0,,0.0
,,,0.027559053152799606,,0.9409449100494385,,,,,,,,,,,1.0,1.0,,,,,4465,,,,0.0,,0.0,,0.0
,,,0.03828125074505806,,0.8359375,,,,,,,,,,,1.0,1.0,,,,,4466,,,,0.0,,0.0,,0.0
,,,0.0303819440305233,,0.828125,,,,,,,,,,,1.0,1.0,,,,,4467,,,,0.0,,0.0,,0.0
,,,0.07844828069210052,,0.8893678188323975,,,,,,,,,,,1.0,1.0,,,,,4468,,,,0.0,,0.0,,0.0
,,,0.04453124850988388,,0.84375,,,,,,,,,,,1.0,1.0,,,,,4469,,,,0.0,,0.0,,0.0
,,,0.05156249925494194,,0.890625,,,,,,,,,,,1.0,1.0,,,,,4470,,,,0.0,,0.0,,0.0
,,,0.11208898574113846,,0.8641364574432373,,,,,,,,,,,1.0,1.0,,,,,4471,,,,0.0,,0.0,,0.0
,,,0.0460069440305233,,0.9609375,,,,,,,,,,,1.0,1.0,,,,,4472,,,,0.0,,0.0,,0.0
,,,0.05312500149011612,,0.9140625,,,,,,,,,,,1.0,1.0,,,,,4473,,,,0.0,,0.0,,0.0
,,,0.08020833134651184,,0.8802083730697632,,,,,,,,,,,1.0,1.0,,,,,4474,,,,0.0,,0.0,,0.0
,,,0.0494791679084301,,0.921875,,,,,,,,,,,1.0,1.0,,,,,4475,,,,0.0,,0.0,,0.0
,,,0.0451388880610466,,0.9375,,,,,,,,,,,1.0,1.0,,,,,4476,,,,0.0,,0.0,,0.0
,,,0.0906423032283783,,0.8241971135139465,,,,,,,,,,,1.0,1.0,,,,,4477,,,,0.0,,0.0,,0.0
,,,0.0555555559694767,,0.7890625,,,,,,,,,,,1.0,1.0,,,,,4478,,,,0.0,,0.0,,0.0
,,,0.0564236119389534,,0.859375,,,,,,,,,,,1.0,1.0,,,,,4479,,,,0.0,,0.0,,0.0
,,,0.16290560364723206,,0.886725664138794,,,,,,,,,,,1.0,1.0,,,,,4480,,,,0.0,,0.0,,0.0
,,,0.1116071417927742,,0.9296875,,,,,,,,,,,1.0,1.0,,,,,4481,,,,0.0,,0.0,,0.0
,,,0.0908203125,,0.9296875,,,,,,,,,,,1.0,1.0,,,,,4482,,,,0.0,,0.0,,0.0
,,,0.08494949340820312,,0.9318181872367859,,,,,,,,,,,1.0,1.0,,,,,4483,,,,0.0,,0.0,,0.0
,,,0.02864583395421505,,0.8046875,,,,,,,,,,,1.0,1.0,,,,,4484,,,,0.0,,0.0,,0.0
,,,0.02031249925494194,,0.78125,,,,,,,,,,,1.0,1.0,,,,,4485,,,,0.0,,0.0,,0.0
,,,0.03621399402618408,,0.739814817905426,,,,,,,,,,,1.0,1.0,,,,,4486,,,,0.0,,0.0,,0.0
,,,0.010937499813735485,,0.6328125,,,,,,,,,,,1.0,1.0,,,,,4487,,,,0.0,,0.0,,0.0
,,,0.01640624925494194,,0.6328125,,,,,,,,,,,1.0,1.0,,,,,4488,,,,0.0,,0.0,,0.0
,,,0.09534136950969696,,0.7971887588500977,,,,,,,,,,,1.0,1.0,,,,,4489,,,,0.0,,0.0,,0.0
,,,0.0712890625,,0.8671875,,,,,,,,,,,1.0,1.0,,,,,4490,,,,0.0,,0.0,,0.0
,,,0.05624999850988388,,0.859375,,,,,,,,,,,1.0,1.0,,,,,4491,,,,0.0,,0.0,,0.0
,,,0.08077412843704224,,0.8598166704177856,,,,,,,,,,,1.0,1.0,,,,,4492,,,,0.0,,0.0,,0.0
,,,0.0512152761220932,,0.90625,,,,,,,,,,,1.0,1.0,,,,,4493,,,,0.0,,0.0,,0.0
,,,0.046875,,0.9609375,,,,,,,,,,,1.0,1.0,,,,,4494,,,,0.0,,0.0,,0.0
,,,0.07862679660320282,,0.8878737688064575,,,,,,,,,,,1.0,1.0,,,,,4495,,,,0.0,,0.0,,0.0
,,,0.0329861119389534,,0.859375,,,,,,,,,,,1.0,1.0,,,,,4496,,,,0.0,,0.0,,0.0
,,,0.03046875074505806,,0.8203125,,,,,,,,,,,1.0,1.0,,,,,4497,,,,0.0,,0.0,,0.0
,,,0.10615231096744537,,0.9278350472450256,,,,,,,,,,,1.0,1.0,,,,,4498,,,,0.0,,0.0,,0.0
,,,0.05000000074505806,,0.828125,,,,,,,,,,,1.0,1.0,,,,,4499,,,,0.0,,0.0,,0.0
,,,0.04374999925494194,,0.859375,,,,,,,,,,,1.0,1.0,,,,,4500,,,,0.0,,0.0,,0.0
,,,0.13214285671710968,,0.90625,,,,,,,,,,,1.0,1.0,,,,,4501,,,,0.0,,0.0,,0.0
,,,0.05859375,,0.953125,,,,,,,,,,,1.0,1.0,,,,,4502,,,,0.0,,0.0,,0.0
,,,0.0512152761220932,,0.953125,,,,,,,,,,,1.0,1.0,,,,,4503,,,,0.0,,0.0,,0.0
,,,0.11771561950445175,,0.8663558959960938,,,,,,,,,,,1.0,1.0,,,,,4504,,,,0.0,,0.0,,0.0
,,,0.04453124850988388,,0.921875,,,,,,,,,,,1.0,1.0,,,,,4505,,,,0.0,,0.0,,0.0
,,,0.04218750074505806,,0.9140625,,,,,,,,,,,1.0,1.0,,,,,4506,,,,0.0,,0.0,,0.0
,,,0.05807086452841759,,0.913385808467865,,,,,,,,,,,1.0,1.0,,,,,4507,,,,0.0,,0.0,,0.0
48,0.42179322242736816,0.435210645198822,,0.8567019701004028,,,,,,,,,,,,,,53.332454681396484,41208.828125,3.9765450954437256,336.14080810546875,10828,,,0.0,,0.0,,0.0,
48,,,,,,0.6518544554710388,,0.9652747511863708,,15.67046070098877,,,,,,,,,,,,10828,1.9918203353881836,,,,,,,
,,,,,,,,,,,,,,0.00024112318037756446,0.03,,,,,,,10849,,,,,,,,
49,,,,,,,0.637516975402832,,0.962224006652832,,16.234375,0.0002410922897979617,0.029999999329447746,,,1.0,1.0,,,,,10849,,2.3310656547546387,,,,,,
,,,,,,,,,,,,,,0.0002395774686084127,0.03,,,,,,,10899,,,,,,,,
49,,,,,,,0.6688752174377441,,0.9659943580627441,,14.8515625,0.00023954652715474367,0.029999999329447746,,,1.0,1.0,,,,,10899,,2.026162624359131,,,,,,
,,,,,,,,,,,,,,0.00023802930091072907,0.03,,,,,,,10949,,,,,,,,
49,,,,,,,0.6769188642501831,,0.9579247236251831,,14.046875,0.00023799831978976727,0.029999999329447746,,,1.0,1.0,,,,,10949,,2.091590404510498,,,,,,
,,,,,,,,,,,,,,0.00023647877384199592,0.03,,,,,,,10999,,,,,,,,
49,,,,,,,0.6503435373306274,,0.9618669748306274,,15.578125,0.00023644774046260864,0.029999999329447746,,,1.0,1.0,,,,,10999,,1.770003318786621,,,,,,
,,,,,,,,,,,,,,0.00023492598410684642,0.03,,,,,,,11049,,,,,,,,
49,,,,,,,0.6393331289291382,,0.9706319570541382,,16.5625,0.0002348949055885896,0.029999999329447746,,,1.0,1.0,,,,,11049,,2.070125102996826,,,,,,
,,,0.0512152761220932,,0.8203125,,,,,,,,,,,1.0,1.0,,,,,4508,,,,0.0,,0.0,,0.0
,,,0.0564236119389534,,0.8203125,,,,,,,,,,,1.0,1.0,,,,,4509,,,,0.0,,0.0,,0.0
,,,0.10630729794502258,,0.7812614440917969,,,,,,,,,,,1.0,1.0,,,,,4510,,,,0.0,,0.0,,0.0
,,,0.0590277761220932,,0.78125,,,,,,,,,,,1.0,1.0,,,,,4511,,,,0.0,,0.0,,0.0
,,,0.0538194440305233,,0.71875,,,,,,,,,,,1.0,1.0,,,,,4512,,,,0.0,,0.0,,0.0
,,,0.09366096556186676,,0.8814102411270142,,,,,,,,,,,1.0,1.0,,,,,4513,,,,0.0,,0.0,,0.0
,,,0.0520833320915699,,0.9609375,,,,,,,,,,,1.0,1.0,,,,,4514,,,,0.0,,0.0,,0.0
,,,0.05234374850988388,,0.921875,,,,,,,,,,,1.0,1.0,,,,,4515,,,,0.0,,0.0,,0.0
,,,0.07692967355251312,,0.8752144575119019,,,,,,,,,,,1.0,1.0,,,,,4516,,,,0.0,,0.0,,0.0
,,,0.0486111119389534,,0.828125,,,,,,,,,,,1.0,1.0,,,,,4517,,,,0.0,,0.0,,0.0
,,,0.03750000149011612,,0.828125,,,,,,,,,,,1.0,1.0,,,,,4518,,,,0.0,,0.0,,0.0
,,,0.04843749850988388,,0.8125,,,,,,,,,,,1.0,1.0,,,,,4519,,,,0.0,,0.0,,0.0
,,,0.13466668128967285,,0.9520000219345093,,,,,,,,,,,1.0,1.0,,,,,4520,,,,0.0,,0.0,,0.0
,,,0.0616319440305233,,0.84375,,,,,,,,,,,1.0,1.0,,,,,4521,,,,0.0,,0.0,,0.0
,,,0.0607638880610466,,0.84375,,,,,,,,,,,1.0,1.0,,,,,4522,,,,0.0,,0.0,,0.0
,,,0.11223156750202179,,0.8636788129806519,,,,,,,,,,,1.0,1.0,,,,,4523,,,,0.0,,0.0,,0.0
,,,0.0451388880610466,,0.9453125,,,,,,,,,,,1.0,1.0,,,,,4524,,,,0.0,,0.0,,0.0
,,,0.04296875,,0.9453125,,,,,,,,,,,1.0,1.0,,,,,4525,,,,0.0,,0.0,,0.0
,,,0.09880952537059784,,0.9247835874557495,,,,,,,,,,,1.0,1.0,,,,,4526,,,,0.0,,0.0,,0.0
,,,0.0442708320915699,,0.9609375,,,,,,,,,,,1.0,1.0,,,,,4527,,,,0.0,,0.0,,0.0
,,,0.04062499850988388,,0.9609375,,,,,,,,,,,1.0,1.0,,,,,4528,,,,0.0,,0.0,,0.0
,,,0.09932751953601837,,0.9224159717559814,,,,,,,,,,,1.0,1.0,,,,,4529,,,,0.0,,0.0,,0.0
,,,0.04765624925494194,,0.8125,,,,,,,,,,,1.0,1.0,,,,,4530,,,,0.0,,0.0,,0.0
,,,0.0390625,,0.828125,,,,,,,,,,,1.0,1.0,,,,,4531,,,,0.0,,0.0,,0.0
,,,0.07103447616100311,,0.9169950485229492,,,,,,,,,,,1.0,1.0,,,,,4532,,,,0.0,,0.0,,0.0
,,,0.03203124925494194,,0.9453125,,,,,,,,,,,1.0,1.0,,,,,4533,,,,0.0,,0.0,,0.0
,,,0.0303819440305233,,0.9140625,,,,,,,,,,,1.0,1.0,,,,,4534,,,,0.0,,0.0,,0.0
,,,0.0804472416639328,,0.8778616189956665,,,,,,,,,,,1.0,1.0,,,,,4535,,,,0.0,,0.0,,0.0
,,,0.0460069440305233,,0.90625,,,,,,,,,,,1.0,1.0,,,,,4536,,,,0.0,,0.0,,0.0
,,,0.03281249850988388,,0.8515625,,,,,,,,,,,1.0,1.0,,,,,4537,,,,0.0,,0.0,,0.0
,,,0.09226326644420624,,0.8596442937850952,,,,,,,,,,,1.0,1.0,,,,,4538,,,,0.0,,0.0,,0.0
,,,0.0590277761220932,,0.8046875,,,,,,,,,,,1.0,1.0,,,,,4539,,,,0.0,,0.0,,0.0
,,,0.0564236119389534,,0.84375,,,,,,,,,,,1.0,1.0,,,,,4540,,,,0.0,,0.0,,0.0
,,,0.11844554543495178,,0.7694581151008606,,,,,,,,,,,1.0,1.0,,,,,4541,,,,0.0,,0.0,,0.0
,,,0.0564236119389534,,0.796875,,,,,,,,,,,1.0,1.0,,,,,4542,,,,0.0,,0.0,,0.0
,,,0.0538194440305233,,0.7265625,,,,,,,,,,,1.0,1.0,,,,,4543,,,,0.0,,0.0,,0.0
,,,0.09559579193592072,,0.9291656017303467,,,,,,,,,,,1.0,1.0,,,,,4544,,,,0.0,,0.0,,0.0
,,,0.0572916679084301,,0.921875,,,,,,,,,,,1.0,1.0,,,,,4545,,,,0.0,,0.0,,0.0
,,,0.0390625,,0.921875,,,,,,,,,,,1.0,1.0,,,,,4546,,,,0.0,,0.0,,0.0
,,,0.08459097146987915,,0.8600732684135437,,,,,,,,,,,1.0,1.0,,,,,4547,,,,0.0,,0.0,,0.0
,,,0.04609375074505806,,0.8671875,,,,,,,,,,,1.0,1.0,,,,,4548,,,,0.0,,0.0,,0.0
,,,0.04140625149011612,,0.8125,,,,,,,,,,,1.0,1.0,,,,,4549,,,,0.0,,0.0,,0.0
,,,0.11136363446712494,,0.8590909242630005,,,,,,,,,,,1.0,1.0,,,,,4550,,,,0.0,,0.0,,0.0
,,,0.0720486119389534,,0.859375,,,,,,,,,,,1.0,1.0,,,,,4551,,,,0.0,,0.0,,0.0
,,,0.0581597238779068,,0.875,,,,,,,,,,,1.0,1.0,,,,,4552,,,,0.0,,0.0,,0.0
,,,0.12124530971050262,,0.9161452054977417,,,,,,,,,,,1.0,1.0,,,,,4553,,,,0.0,,0.0,,0.0
,,,0.0416666679084301,,0.9453125,,,,,,,,,,,1.0,1.0,,,,,4554,,,,0.0,,0.0,,0.0
,,,0.03984374925494194,,0.9296875,,,,,,,,,,,1.0,1.0,,,,,4555,,,,0.0,,0.0,,0.0
,,,0.0529513880610466,,0.9375,,,,,,,,,,,1.0,1.0,,,,,4556,,,,0.0,,0.0,,0.0
,,,0.14566929638385773,,0.9763779640197754,,,,,,,,,,,1.0,1.0,,,,,4557,,,,0.0,,0.0,,0.0
,,,0.0451388880610466,,0.9609375,,,,,,,,,,,1.0,1.0,,,,,4558,,,,0.0,,0.0,,0.0
,,,0.04140625149011612,,0.9609375,,,,,,,,,,,1.0,1.0,,,,,4559,,,,0.0,,0.0,,0.0
,,,0.0833333358168602,,0.9181034564971924,,,,,,,,,,,1.0,1.0,,,,,4560,,,,0.0,,0.0,,0.0
,,,0.04296875,,0.796875,,,,,,,,,,,1.0,1.0,,,,,4561,,,,0.0,,0.0,,0.0
,,,0.0390625,,0.8828125,,,,,,,,,,,1.0,1.0,,,,,4562,,,,0.0,,0.0,,0.0
,,,0.08280161023139954,,0.8876054286956787,,,,,,,,,,,1.0,1.0,,,,,4563,,,,0.0,,0.0,,0.0
,,,0.02890625037252903,,0.921875,,,,,,,,,,,1.0,1.0,,,,,4564,,,,0.0,,0.0,,0.0
,,,0.03593749925494194,,0.9140625,,,,,,,,,,,1.0,1.0,,,,,4565,,,,0.0,,0.0,,0.0
,,,0.07754629850387573,,0.8697916269302368,,,,,,,,,,,1.0,1.0,,,,,4566,,,,0.0,,0.0,,0.0
,,,0.0364583320915699,,0.8828125,,,,,,,,,,,1.0,1.0,,,,,4567,,,,0.0,,0.0,,0.0
,,,0.0434027761220932,,0.859375,,,,,,,,,,,1.0,1.0,,,,,4568,,,,0.0,,0.0,,0.0
,,,0.0914236530661583,,0.8294573426246643,,,,,,,,,,,1.0,1.0,,,,,4569,,,,0.0,,0.0,,0.0
,,,0.0564236119389534,,0.8046875,,,,,,,,,,,1.0,1.0,,,,,4570,,,,0.0,,0.0,,0.0
,,,0.0616319440305233,,0.84375,,,,,,,,,,,1.0,1.0,,,,,4571,,,,0.0,,0.0,,0.0
,,,0.12566372752189636,,0.7761062383651733,,,,,,,,,,,1.0,1.0,,,,,4572,,,,0.0,,0.0,,0.0
,,,0.0572916679084301,,0.78125,,,,,,,,,,,1.0,1.0,,,,,4573,,,,0.0,,0.0,,0.0
,,,0.0625,,0.7890625,,,,,,,,,,,1.0,1.0,,,,,4574,,,,0.0,,0.0,,0.0
,,,0.09454545378684998,,0.9449495077133179,,,,,,,,,,,1.0,1.0,,,,,4575,,,,0.0,,0.0,,0.0
,,,0.0590277761220932,,0.9296875,,,,,,,,,,,1.0,1.0,,,,,4576,,,,0.0,,0.0,,0.0
,,,0.0390625,,0.8828125,,,,,,,,,,,1.0,1.0,,,,,4577,,,,0.0,,0.0,,0.0
,,,0.09296296536922455,,0.9009259343147278,,,,,,,,,,,1.0,1.0,,,,,4578,,,,0.0,,0.0,,0.0
,,,0.04374999925494194,,0.8359375,,,,,,,,,,,1.0,1.0,,,,,4579,,,,0.0,,0.0,,0.0
,,,0.04531250149011612,,0.7890625,,,,,,,,,,,1.0,1.0,,,,,4580,,,,0.0,,0.0,,0.0
,,,0.11635877192020416,,0.8962516784667969,,,,,,,,,,,1.0,1.0,,,,,4581,,,,0.0,,0.0,,0.0
,,,0.0677083358168602,,0.84375,,,,,,,,,,,1.0,1.0,,,,,4582,,,,0.0,,0.0,,0.0
,,,0.068359375,,0.8828125,,,,,,,,,,,1.0,1.0,,,,,4583,,,,0.0,,0.0,,0.0
,,,0.08736950159072876,,0.8857907056808472,,,,,,,,,,,1.0,1.0,,,,,4584,,,,0.0,,0.0,,0.0
,,,0.0477430559694767,,0.9453125,,,,,,,,,,,1.0,1.0,,,,,4585,,,,0.0,,0.0,,0.0
,,,0.03984374925494194,,0.921875,,,,,,,,,,,1.0,1.0,,,,,4586,,,,0.0,,0.0,,0.0
,,,0.09413067996501923,,0.9590254426002502,,,,,,,,,,,1.0,1.0,,,,,4587,,,,0.0,,0.0,,0.0
,,,0.046875,,0.9453125,,,,,,,,,,,1.0,1.0,,,,,4588,,,,0.0,,0.0,,0.0
,,,0.0460069440305233,,0.96875,,,,,,,,,,,1.0,1.0,,,,,4589,,,,0.0,,0.0,,0.0
,,,0.09827069938182831,,0.9471234083175659,,,,,,,,,,,1.0,1.0,,,,,4590,,,,0.0,,0.0,,0.0
,,,0.04843749850988388,,0.8125,,,,,,,,,,,1.0,1.0,,,,,4591,,,,0.0,,0.0,,0.0
,,,0.0390625,,0.8125,,,,,,,,,,,1.0,1.0,,,,,4592,,,,0.0,,0.0,,0.0
,,,0.07857143133878708,,0.9241071343421936,,,,,,,,,,,1.0,1.0,,,,,4593,,,,0.0,,0.0,,0.0
,,,0.03203124925494194,,0.9609375,,,,,,,,,,,1.0,1.0,,,,,4594,,,,0.0,,0.0,,0.0
,,,0.0338541679084301,,0.8984375,,,,,,,,,,,1.0,1.0,,,,,4595,,,,0.0,,0.0,,0.0
,,,0.07964257895946503,,0.8663558959960938,,,,,,,,,,,1.0,1.0,,,,,4596,,,,0.0,,0.0,,0.0
,,,0.046875,,0.90625,,,,,,,,,,,1.0,1.0,,,,,4597,,,,0.0,,0.0,,0.0
,,,0.03125,,0.8359375,,,,,,,,,,,1.0,1.0,,,,,4598,,,,0.0,,0.0,,0.0
,,,0.05118110403418541,,0.8503937125205994,,,,,,,,,,,1.0,1.0,,,,,4599,,,,0.0,,0.0,,0.0
49,0.42013633251190186,0.4483162760734558,,0.8750364184379578,,,,,,,,,,,,,,53.62239074707031,38733.703125,3.981966733932495,330.9295654296875,11049,,,0.0,,0.0,,0.0,
49,,,,,,0.6509801149368286,,0.9682891368865967,,15.865667343139648,,,,,,,,,,,,11049,2.0204355716705322,,,,,,,
,,,,,,,,,,,,,,0.00023337102855103427,0.03,,,,,,,11099,,,,,,,,
50,,,,,,,0.6283366084098816,,0.9117838740348816,,14.171875,0.00023333990247920156,0.029999999329447746,,,1.0,1.0,,,,,11099,,1.958991289138794,,,,,,
,,,,,,,,,,,,,,0.00023181400415539242,0.03,,,,,,,11149,,,,,,,,
50,,,,,,,0.6186028718948364,,0.9835931062698364,,18.25,0.0002317828475497663,0.029999999329447746,,,1.0,1.0,,,,,11149,,1.9638733863830566,,,,,,
,,,,,,,,,,,,,,0.0002302550080297857,0.03,,,,,,,11199,,,,,,,,
50,,,,,,,0.6452460289001465,,0.9599432945251465,,15.734375,0.00023022381355986,0.029999999329447746,,,1.0,1.0,,,,,11199,,2.056384563446045,,,,,,
,,,,,,,,,,,,,,0.00022869413740705266,0.03,,,,,,,11249,,,,,,,,
50,,,,,,,0.6437027454376221,,0.9469254016876221,,15.15625,0.00022866290237288922,0.029999999329447746,,,1.0,1.0,,,,,11249,,2.0127577781677246,,,,,,
,,,0.02968749962747097,,0.6640625,,,,,,,,,,,1.0,1.0,,,,,4600,,,,0.0,,0.0,,0.0
,,,0.0373263880610466,,0.6875,,,,,,,,,,,1.0,1.0,,,,,4601,,,,0.0,,0.0,,0.0
,,,0.09662632644176483,,0.7588925361633301,,,,,,,,,,,1.0,1.0,,,,,4602,,,,0.0,,0.0,,0.0
,,,0.080078125,,0.8046875,,,,,,,,,,,1.0,1.0,,,,,4603,,,,0.0,,0.0,,0.0
,,,0.0712890625,,0.8046875,,,,,,,,,,,1.0,1.0,,,,,4604,,,,0.0,,0.0,,0.0
,,,0.08942307531833649,,0.9054487347602844,,,,,,,,,,,1.0,1.0,,,,,4605,,,,0.0,,0.0,,0.0
,,,0.0338541679084301,,0.921875,,,,,,,,,,,1.0,1.0,,,,,4606,,,,0.0,,0.0,,0.0
,,,0.0416666679084301,,0.921875,,,,,,,,,,,1.0,1.0,,,,,4607,,,,0.0,,0.0,,0.0
,,,0.08719268441200256,,0.9206689596176147,,,,,,,,,,,1.0,1.0,,,,,4608,,,,0.0,,0.0,,0.0
,,,0.04453124850988388,,0.84375,,,,,,,,,,,1.0,1.0,,,,,4609,,,,0.0,,0.0,,0.0
,,,0.04531250149011612,,0.84375,,,,,,,,,,,1.0,1.0,,,,,4610,,,,0.0,,0.0,,0.0
,,,0.04609375074505806,,0.8828125,,,,,,,,,,,1.0,1.0,,,,,4611,,,,0.0,,0.0,,0.0
,,,0.1276666671037674,,0.9320000410079956,,,,,,,,,,,1.0,1.0,,,,,4612,,,,0.0,,0.0,,0.0
,,,0.078125,,0.828125,,,,,,,,,,,1.0,1.0,,,,,4613,,,,0.0,,0.0,,0.0
,,,0.0581597238779068,,0.78125,,,,,,,,,,,1.0,1.0,,,,,4614,,,,0.0,,0.0,,0.0
,,,0.10868348181247711,,0.8720821738243103,,,,,,,,,,,1.0,1.0,,,,,4615,,,,0.0,,0.0,,0.0
,,,0.04765624925494194,,0.96875,,,,,,,,,,,1.0,1.0,,,,,4616,,,,0.0,,0.0,,0.0
,,,0.0529513880610466,,1.0,,,,,,,,,,,1.0,1.0,,,,,4617,,,,0.0,,0.0,,0.0
,,,0.07997835427522659,,0.9534631967544556,,,,,,,,,,,1.0,1.0,,,,,4618,,,,0.0,,0.0,,0.0
,,,0.0381944440305233,,0.9296875,,,,,,,,,,,1.0,1.0,,,,,4619,,,,0.0,,0.0,,0.0
,,,0.0486111119389534,,0.9453125,,,,,,,,,,,1.0,1.0,,,,,4620,,,,0.0,,0.0,,0.0
,,,0.07427148520946503,,0.8448318243026733,,,,,,,,,,,1.0,1.0,,,,,4621,,,,0.0,,0.0,,0.0
,,,0.03437500074505806,,0.703125,,,,,,,,,,,1.0,1.0,,,,,4622,,,,0.0,,0.0,,0.0
,,,0.03750000149011612,,0.734375,,,,,,,,,,,1.0,1.0,,,,,4623,,,,0.0,,0.0,,0.0
,,,0.07911330461502075,,0.8137931227684021,,,,,,,,,,,1.0,1.0,,,,,4624,,,,0.0,,0.0,,0.0
,,,0.04296875,,0.8515625,,,,,,,,,,,1.0,1.0,,,,,4625,,,,0.0,,0.0,,0.0
,,,0.05078125,,0.921875,,,,,,,,,,,1.0,1.0,,,,,4626,,,,0.0,,0.0,,0.0
,,,0.09168413281440735,,0.899496853351593,,,,,,,,,,,1.0,1.0,,,,,4627,,,,0.0,,0.0,,0.0
,,,0.0373263880610466,,0.875,,,,,,,,,,,1.0,1.0,,,,,4628,,,,0.0,,0.0,,0.0
,,,0.02656250074505806,,0.8828125,,,,,,,,,,,1.0,1.0,,,,,4629,,,,0.0,,0.0,,0.0
,,,0.06894665211439133,,0.7785226106643677,,,,,,,,,,,1.0,1.0,,,,,4630,,,,0.0,,0.0,,0.0
,,,0.03203124925494194,,0.6640625,,,,,,,,,,,1.0,1.0,,,,,4631,,,,0.0,,0.0,,0.0
,,,0.03046875074505806,,0.6796875,,,,,,,,,,,1.0,1.0,,,,,4632,,,,0.0,,0.0,,0.0
,,,0.10656814277172089,,0.7391625642776489,,,,,,,,,,,1.0,1.0,,,,,4633,,,,0.0,,0.0,,0.0
,,,0.0810546875,,0.8203125,,,,,,,,,,,1.0,1.0,,,,,4634,,,,0.0,,0.0,,0.0
,,,0.0712890625,,0.8359375,,,,,,,,,,,1.0,1.0,,,,,4635,,,,0.0,,0.0,,0.0
,,,0.09080010652542114,,0.9298996925354004,,,,,,,,,,,1.0,1.0,,,,,4636,,,,0.0,,0.0,,0.0
,,,0.0399305559694767,,0.921875,,,,,,,,,,,1.0,1.0,,,,,4637,,,,0.0,,0.0,,0.0
,,,0.0364583320915699,,0.8984375,,,,,,,,,,,1.0,1.0,,,,,4638,,,,0.0,,0.0,,0.0
,,,0.07506716251373291,,0.8752136826515198,,,,,,,,,,,1.0,1.0,,,,,4639,,,,0.0,,0.0,,0.0
,,,0.046875,,0.859375,,,,,,,,,,,1.0,1.0,,,,,4640,,,,0.0,,0.0,,0.0
,,,0.04531250149011612,,0.8671875,,,,,,,,,,,1.0,1.0,,,,,4641,,,,0.0,,0.0,,0.0
,,,0.11045454442501068,,0.8863636255264282,,,,,,,,,,,1.0,1.0,,,,,4642,,,,0.0,,0.0,,0.0
,,,0.080078125,,0.8359375,,,,,,,,,,,1.0,1.0,,,,,4643,,,,0.0,,0.0,,0.0
,,,0.076171875,,0.828125,,,,,,,,,,,1.0,1.0,,,,,4644,,,,0.0,,0.0,,0.0
,,,0.11848142743110657,,0.8842302560806274,,,,,,,,,,,1.0,1.0,,,,,4645,,,,0.0,,0.0,,0.0
,,,0.0512152761220932,,0.96875,,,,,,,,,,,1.0,1.0,,,,,4646,,,,0.0,,0.0,,0.0
,,,0.04374999925494194,,0.9609375,,,,,,,,,,,1.0,1.0,,,,,4647,,,,0.0,,0.0,,0.0
,,,0.05859375,,0.984375,,,,,,,,,,,1.0,1.0,,,,,4648,,,,0.0,,0.0,,0.0
,,,0.1469816267490387,,0.9763779640197754,,,,,,,,,,,1.0,1.0,,,,,4649,,,,0.0,,0.0,,0.0
,,,0.0486111119389534,,0.9296875,,,,,,,,,,,1.0,1.0,,,,,4650,,,,0.0,,0.0,,0.0
,,,0.03359375149011612,,0.9453125,,,,,,,,,,,1.0,1.0,,,,,4651,,,,0.0,,0.0,,0.0
,,,0.06954023241996765,,0.857758641242981,,,,,,,,,,,1.0,1.0,,,,,4652,,,,0.0,,0.0,,0.0
,,,0.03359375149011612,,0.71875,,,,,,,,,,,1.0,1.0,,,,,4653,,,,0.0,,0.0,,0.0
,,,0.0434027761220932,,0.7734375,,,,,,,,,,,1.0,1.0,,,,,4654,,,,0.0,,0.0,,0.0
,,,0.07590758800506592,,0.8529519438743591,,,,,,,,,,,1.0,1.0,,,,,4655,,,,0.0,,0.0,,0.0
,,,0.03359375149011612,,0.859375,,,,,,,,,,,1.0,1.0,,,,,4656,,,,0.0,,0.0,,0.0
,,,0.0460069440305233,,0.875,,,,,,,,,,,1.0,1.0,,,,,4657,,,,0.0,,0.0,,0.0
,,,0.0729166641831398,,0.8854166269302368,,,,,,,,,,,1.0,1.0,,,,,4658,,,,0.0,,0.0,,0.0
,,,0.0439453125,,0.875,,,,,,,,,,,1.0,1.0,,,,,4659,,,,0.0,,0.0,,0.0
,,,0.02656250074505806,,0.9140625,,,,,,,,,,,1.0,1.0,,,,,4660,,,,0.0,,0.0,,0.0
,,,0.07598129659891129,,0.777962327003479,,,,,,,,,,,1.0,1.0,,,,,4661,,,,0.0,,0.0,,0.0
,,,0.0338541679084301,,0.671875,,,,,,,,,,,1.0,1.0,,,,,4662,,,,0.0,,0.0,,0.0
,,,0.03515625,,0.6953125,,,,,,,,,,,1.0,1.0,,,,,4663,,,,0.0,,0.0,,0.0
,,,0.10783349722623825,,0.7693215608596802,,,,,,,,,,,1.0,1.0,,,,,4664,,,,0.0,,0.0,,0.0
,,,0.0810546875,,0.84375,,,,,,,,,,,1.0,1.0,,,,,4665,,,,0.0,,0.0,,0.0
,,,0.0712890625,,0.8359375,,,,,,,,,,,1.0,1.0,,,,,4666,,,,0.0,,0.0,,0.0
,,,0.09757576137781143,,0.9358586072921753,,,,,,,,,,,1.0,1.0,,,,,4667,,,,0.0,,0.0,,0.0
,,,0.0439453125,,0.9296875,,,,,,,,,,,1.0,1.0,,,,,4668,,,,0.0,,0.0,,0.0
,,,0.03359375149011612,,0.8671875,,,,,,,,,,,1.0,1.0,,,,,4669,,,,0.0,,0.0,,0.0
,,,0.08074073493480682,,0.8805555105209351,,,,,,,,,,,1.0,1.0,,,,,4670,,,,0.0,,0.0,,0.0
,,,0.04843749850988388,,0.875,,,,,,,,,,,1.0,1.0,,,,,4671,,,,0.0,,0.0,,0.0
,,,0.04374999925494194,,0.8515625,,,,,,,,,,,1.0,1.0,,,,,4672,,,,0.0,,0.0,,0.0
,,,0.11635877192020416,,0.8781794309616089,,,,,,,,,,,1.0,1.0,,,,,4673,,,,0.0,,0.0,,0.0
,,,0.0830078125,,0.84375,,,,,,,,,,,1.0,1.0,,,,,4674,,,,0.0,,0.0,,0.0
,,,0.07421875,,0.8125,,,,,,,,,,,1.0,1.0,,,,,4675,,,,0.0,,0.0,,0.0
,,,0.09317545592784882,,0.8595620393753052,,,,,,,,,,,1.0,1.0,,,,,4676,,,,0.0,,0.0,,0.0
,,,0.0512152761220932,,0.9765625,,,,,,,,,,,1.0,1.0,,,,,4677,,,,0.0,,0.0,,0.0
,,,0.04609375074505806,,0.9765625,,,,,,,,,,,1.0,1.0,,,,,4678,,,,0.0,,0.0,,0.0
,,,0.103236123919487,,0.9526578187942505,,,,,,,,,,,1.0,1.0,,,,,4679,,,,0.0,,0.0,,0.0
,,,0.03515625,,0.9453125,,,,,,,,,,,1.0,1.0,,,,,4680,,,,0.0,,0.0,,0.0
,,,0.0498046875,,0.9375,,,,,,,,,,,1.0,1.0,,,,,4681,,,,0.0,,0.0,,0.0
,,,0.09141632169485092,,0.8987362384796143,,,,,,,,,,,1.0,1.0,,,,,4682,,,,0.0,,0.0,,0.0
,,,0.03671874850988388,,0.6796875,,,,,,,,,,,1.0,1.0,,,,,4683,,,,0.0,,0.0,,0.0
,,,0.03203124925494194,,0.71875,,,,,,,,,,,1.0,1.0,,,,,4684,,,,0.0,,0.0,,0.0
,,,0.10625000298023224,,0.8348214626312256,,,,,,,,,,,1.0,1.0,,,,,4685,,,,0.0,,0.0,,0.0
,,,0.0373263880610466,,0.8515625,,,,,,,,,,,1.0,1.0,,,,,4686,,,,0.0,,0.0,,0.0
,,,0.0425347238779068,,0.8984375,,,,,,,,,,,1.0,1.0,,,,,4687,,,,0.0,,0.0,,0.0
,,,0.0777864158153534,,0.8535353541374207,,,,,,,,,,,1.0,1.0,,,,,4688,,,,0.0,,0.0,,0.0
,,,0.03281249850988388,,0.90625,,,,,,,,,,,1.0,1.0,,,,,4689,,,,0.0,,0.0,,0.0
,,,0.03046875074505806,,0.84375,,,,,,,,,,,1.0,1.0,,,,,4690,,,,0.0,,0.0,,0.0
,,,0.04330708831548691,,0.9291338324546814,,,,,,,,,,,1.0,1.0,,,,,4691,,,,0.0,,0.0,,0.0
50,0.4266107678413391,0.42422980070114136,,0.85387122631073,,,,,,,,,,,,,,56.33888244628906,37843.48828125,4.0313849449157715,333.6358337402344,11270,,,0.0,,0.0,,0.0,
50,,,,,,0.6485325694084167,,0.9567186236381531,,15.409184455871582,,,,,,,,,,,,11270,1.9600322246551514,,,,,,,
,,,,,,,,,,,,,,0.00022713148963694285,0.03,,,,,,,11299,,,,,,,,
51,,,,,,,0.6443878412246704,,0.9376007318496704,,14.6640625,0.0002271002158522606,0.029999999329447746,,,1.0,1.0,,,,,11299,,2.070707082748413,,,,,,
,,,,,,,,,,,,,,0.00022556716218004406,0.03,,,,,,,11349,,,,,,,,
51,,,,,,,0.6382240056991577,,0.9514564275741577,,15.6640625,0.0002255358558613807,0.029999999329447746,,,1.0,1.0,,,,,11349,,1.7304408550262451,,,,,,
,,,,,,,,,,,,,,0.00022400125260170454,0.03,,,,,,,11399,,,,,,,,
51,,,,,,,0.6514899134635925,,0.9542242884635925,,15.1328125,0.00022396992426365614,0.029999999329447746,,,1.0,1.0,,,,,11399,,1.8580999374389648,,,,,,
,,,,,,,,,,,,,,0.00022243385856594755,0.03,,,,,,,11449,,,,,,,,
51,,,,,,,0.6487065553665161,,0.9697514772415161,,16.046875,0.00022240249381866306,0.029999999329447746,,,1.0,1.0,,,,,11449,,1.9691154956817627,,,,,,
,,,0.05078125,,0.8046875,,,,,,,,,,,1.0,1.0,,,,,4692,,,,0.0,,0.0,,0.0
,,,0.0642361119389534,,0.8203125,,,,,,,,,,,1.0,1.0,,,,,4693,,,,0.0,,0.0,,0.0
,,,0.14273928105831146,,0.8701870441436768,,,,,,,,,,,1.0,1.0,,,,,4694,,,,0.0,,0.0,,0.0
,,,0.076171875,,0.9609375,,,,,,,,,,,1.0,1.0,,,,,4695,,,,0.0,,0.0,,0.0
,,,0.0564236119389534,,0.9375,,,,,,,,,,,1.0,1.0,,,,,4696,,,,0.0,,0.0,,0.0
,,,0.07083333283662796,,0.9294872283935547,,,,,,,,,,,1.0,1.0,,,,,4697,,,,0.0,,0.0,,0.0
,,,0.044921875,,0.953125,,,,,,,,,,,1.0,1.0,,,,,4698,,,,0.0,,0.0,,0.0
,,,0.0355902761220932,,0.953125,,,,,,,,,,,1.0,1.0,,,,,4699,,,,0.0,,0.0,,0.0
,,,0.06660948693752289,,0.8203258514404297,,,,,,,,,,,1.0,1.0,,,,,4700,,,,0.0,,0.0,,0.0
,,,0.04453124850988388,,0.71875,,,,,,,,,,,1.0,1.0,,,,,4701,,,,0.0,,0.0,,0.0
,,,0.04062499850988388,,0.78125,,,,,,,,,,,1.0,1.0,,,,,4702,,,,0.0,,0.0,,0.0
,,,0.04843749850988388,,0.7890625,,,,,,,,,,,1.0,1.0,,,,,4703,,,,0.0,,0.0,,0.0
,,,0.13306666910648346,,0.7413333654403687,,,,,,,,,,,1.0,1.0,,,,,4704,,,,0.0,,0.0,,0.0
,,,0.0659722238779068,,0.78125,,,,,,,,,,,1.0,1.0,,,,,4705,,,,0.0,,0.0,,0.0
,,,0.0598958320915699,,0.7109375,,,,,,,,,,,1.0,1.0,,,,,4706,,,,0.0,,0.0,,0.0
,,,0.10196079313755035,,0.8510737419128418,,,,,,,,,,,1.0,1.0,,,,,4707,,,,0.0,,0.0,,0.0
,,,0.0478515625,,0.8828125,,,,,,,,,,,1.0,1.0,,,,,4708,,,,0.0,,0.0,,0.0
,,,0.03437500074505806,,0.8984375,,,,,,,,,,,1.0,1.0,,,,,4709,,,,0.0,,0.0,,0.0
,,,0.09599567949771881,,0.9366883039474487,,,,,,,,,,,1.0,1.0,,,,,4710,,,,0.0,,0.0,,0.0
,,,0.0512152761220932,,0.9609375,,,,,,,,,,,1.0,1.0,,,,,4711,,,,0.0,,0.0,,0.0
,,,0.0625,,0.953125,,,,,,,,,,,1.0,1.0,,,,,4712,,,,0.0,,0.0,,0.0
,,,0.08054794371128082,,0.8881694078445435,,,,,,,,,,,1.0,1.0,,,,,4713,,,,0.0,,0.0,,0.0
,,,0.01953125,,0.734375,,,,,,,,,,,1.0,1.0,,,,,4714,,,,0.0,,0.0,,0.0
,,,0.02031249925494194,,0.71875,,,,,,,,,,,1.0,1.0,,,,,4715,,,,0.0,,0.0,,0.0
,,,0.06911329925060272,,0.8298029899597168,,,,,,,,,,,1.0,1.0,,,,,4716,,,,0.0,,0.0,,0.0
,,,0.0494791679084301,,0.8671875,,,,,,,,,,,1.0,1.0,,,,,4717,,,,0.0,,0.0,,0.0
,,,0.04218750074505806,,0.90625,,,,,,,,,,,1.0,1.0,,,,,4718,,,,0.0,,0.0,,0.0
,,,0.10932215303182602,,0.8778616189956665,,,,,,,,,,,1.0,1.0,,,,,4719,,,,0.0,,0.0,,0.0
,,,0.0581597238779068,,0.890625,,,,,,,,,,,1.0,1.0,,,,,4720,,,,0.0,,0.0,,0.0
,,,0.0503472238779068,,0.84375,,,,,,,,,,,1.0,1.0,,,,,4721,,,,0.0,,0.0,,0.0
,,,0.10788874328136444,,0.865663468837738,,,,,,,,,,,1.0,1.0,,,,,4722,,,,0.0,,0.0,,0.0
,,,0.0546875,,0.8125,,,,,,,,,,,1.0,1.0,,,,,4723,,,,0.0,,0.0,,0.0
,,,0.064453125,,0.8515625,,,,,,,,,,,1.0,1.0,,,,,4724,,,,0.0,,0.0,,0.0
,,,0.14107143878936768,,0.909605860710144,,,,,,,,,,,1.0,1.0,,,,,4725,,,,0.0,,0.0,,0.0
,,,0.0642361119389534,,0.9609375,,,,,,,,,,,1.0,1.0,,,,,4726,,,,0.0,,0.0,,0.0
,,,0.0512152761220932,,0.9375,,,,,,,,,,,1.0,1.0,,,,,4727,,,,0.0,,0.0,,0.0
,,,0.09360301494598389,,0.9298996925354004,,,,,,,,,,,1.0,1.0,,,,,4728,,,,0.0,,0.0,,0.0
,,,0.0399305559694767,,0.96875,,,,,,,,,,,1.0,1.0,,,,,4729,,,,0.0,,0.0,,0.0
,,,0.0303819440305233,,0.921875,,,,,,,,,,,1.0,1.0,,,,,4730,,,,0.0,,0.0,,0.0
,,,0.0669841319322586,,0.7980464100837708,,,,,,,,,,,1.0,1.0,,,,,4731,,,,0.0,,0.0,,0.0
,,,0.0520833320915699,,0.75,,,,,,,,,,,1.0,1.0,,,,,4732,,,,0.0,,0.0,,0.0
,,,0.04062499850988388,,0.7734375,,,,,,,,,,,1.0,1.0,,,,,4733,,,,0.0,,0.0,,0.0
,,,0.1211363673210144,,0.8170454502105713,,,,,,,,,,,1.0,1.0,,,,,4734,,,,0.0,,0.0,,0.0
,,,0.0694444477558136,,0.765625,,,,,,,,,,,1.0,1.0,,,,,4735,,,,0.0,,0.0,,0.0
,,,0.0703125,,0.7578125,,,,,,,,,,,1.0,1.0,,,,,4736,,,,0.0,,0.0,,0.0
,,,0.10581977665424347,,0.8335419297218323,,,,,,,,,,,1.0,1.0,,,,,4737,,,,0.0,,0.0,,0.0
,,,0.044921875,,0.8828125,,,,,,,,,,,1.0,1.0,,,,,4738,,,,0.0,,0.0,,0.0
,,,0.03593749925494194,,0.8984375,,,,,,,,,,,1.0,1.0,,,,,4739,,,,0.0,,0.0,,0.0
,,,0.0439453125,,0.9140625,,,,,,,,,,,1.0,1.0,,,,,4740,,,,0.0,,0.0,,0.0
,,,0.15511810779571533,,0.9803149700164795,,,,,,,,,,,1.0,1.0,,,,,4741,,,,0.0,,0.0,,0.0
,,,0.056640625,,0.9453125,,,,,,,,,,,1.0,1.0,,,,,4742,,,,0.0,,0.0,,0.0
,,,0.0642361119389534,,0.9609375,,,,,,,,,,,1.0,1.0,,,,,4743,,,,0.0,,0.0,,0.0
,,,0.06810344755649567,,0.875,,,,,,,,,,,1.0,1.0,,,,,4744,,,,0.0,,0.0,,0.0
,,,0.02031249925494194,,0.7109375,,,,,,,,,,,1.0,1.0,,,,,4745,,,,0.0,,0.0,,0.0
,,,0.02421874925494194,,0.7578125,,,,,,,,,,,1.0,1.0,,,,,4746,,,,0.0,,0.0,,0.0
,,,0.07543087750673294,,0.8357169032096863,,,,,,,,,,,1.0,1.0,,,,,4747,,,,0.0,,0.0,,0.0
,,,0.04531250149011612,,0.8671875,,,,,,,,,,,1.0,1.0,,,,,4748,,,,0.0,,0.0,,0.0
,,,0.04218750074505806,,0.8984375,,,,,,,,,,,1.0,1.0,,,,,4749,,,,0.0,,0.0,,0.0
,,,0.10879629850387573,,0.8645833730697632,,,,,,,,,,,1.0,1.0,,,,,4750,,,,0.0,,0.0,,0.0
,,,0.0615234375,,0.890625,,,,,,,,,,,1.0,1.0,,,,,4751,,,,0.0,,0.0,,0.0
,,,0.05859375,,0.875,,,,,,,,,,,1.0,1.0,,,,,4752,,,,0.0,,0.0,,0.0
,,,0.11634059250354767,,0.8474528789520264,,,,,,,,,,,1.0,1.0,,,,,4753,,,,0.0,,0.0,,0.0
,,,0.0546875,,0.828125,,,,,,,,,,,1.0,1.0,,,,,4754,,,,0.0,,0.0,,0.0
,,,0.0529513880610466,,0.859375,,,,,,,,,,,1.0,1.0,,,,,4755,,,,0.0,,0.0,,0.0
,,,0.11969846487045288,,0.9156342148780823,,,,,,,,,,,1.0,1.0,,,,,4756,,,,0.0,,0.0,,0.0
,,,0.0625,,0.953125,,,,,,,,,,,1.0,1.0,,,,,4757,,,,0.0,,0.0,,0.0
,,,0.04609375074505806,,0.9296875,,,,,,,,,,,1.0,1.0,,,,,4758,,,,0.0,,0.0,,0.0
,,,0.12424242496490479,,0.968181848526001,,,,,,,,,,,1.0,1.0,,,,,4759,,,,0.0,,0.0,,0.0
,,,0.0390625,,0.953125,,,,,,,,,,,1.0,1.0,,,,,4760,,,,0.0,,0.0,,0.0
,,,0.02864583395421505,,0.8828125,,,,,,,,,,,1.0,1.0,,,,,4761,,,,0.0,,0.0,,0.0
,,,0.050740741193294525,,0.8222222328186035,,,,,,,,,,,1.0,1.0,,,,,4762,,,,0.0,,0.0,,0.0
,,,0.0529513880610466,,0.7890625,,,,,,,,,,,1.0,1.0,,,,,4763,,,,0.0,,0.0,,0.0
,,,0.0390625,,0.7734375,,,,,,,,,,,1.0,1.0,,,,,4764,,,,0.0,,0.0,,0.0
,,,0.13210174441337585,,0.8388219475746155,,,,,,,,,,,1.0,1.0,,,,,4765,,,,0.0,,0.0,,0.0
,,,0.0703125,,0.765625,,,,,,,,,,,1.0,1.0,,,,,4766,,,,0.0,,0.0,,0.0
,,,0.0642361119389534,,0.7421875,,,,,,,,,,,1.0,1.0,,,,,4767,,,,0.0,,0.0,,0.0
,,,0.08994143456220627,,0.8204736709594727,,,,,,,,,,,1.0,1.0,,,,,4768,,,,0.0,,0.0,,0.0
,,,0.0458984375,,0.859375,,,,,,,,,,,1.0,1.0,,,,,4769,,,,0.0,,0.0,,0.0
,,,0.03515625,,0.9140625,,,,,,,,,,,1.0,1.0,,,,,4770,,,,0.0,,0.0,,0.0
,,,0.09905869513750076,,0.9415836334228516,,,,,,,,,,,1.0,1.0,,,,,4771,,,,0.0,,0.0,,0.0
,,,0.0572916679084301,,0.953125,,,,,,,,,,,1.0,1.0,,,,,4772,,,,0.0,,0.0,,0.0
,,,0.0634765625,,0.9375,,,,,,,,,,,1.0,1.0,,,,,4773,,,,0.0,,0.0,,0.0
,,,0.08689723908901215,,0.9413036108016968,,,,,,,,,,,1.0,1.0,,,,,4774,,,,0.0,,0.0,,0.0
,,,0.01953125,,0.71875,,,,,,,,,,,1.0,1.0,,,,,4775,,,,0.0,,0.0,,0.0
,,,0.01875000074505806,,0.6953125,,,,,,,,,,,1.0,1.0,,,,,4776,,,,0.0,,0.0,,0.0
,,,0.0848214328289032,,0.8839285373687744,,,,,,,,,,,1.0,1.0,,,,,4777,,,,0.0,,0.0,,0.0
,,,0.0503472238779068,,0.8828125,,,,,,,,,,,1.0,1.0,,,,,4778,,,,0.0,,0.0,,0.0
,,,0.04140625149011612,,0.859375,,,,,,,,,,,1.0,1.0,,,,,4779,,,,0.0,,0.0,,0.0
,,,0.08422689139842987,,0.8749028444290161,,,,,,,,,,,1.0,1.0,,,,,4780,,,,0.0,,0.0,,0.0
,,,0.0564236119389534,,0.90625,,,,,,,,,,,1.0,1.0,,,,,4781,,,,0.0,,0.0,,0.0
,,,0.0529513880610466,,0.8515625,,,,,,,,,,,1.0,1.0,,,,,4782,,,,0.0,,0.0,,0.0
,,,0.06299212574958801,,0.874015748500824,,,,,,,,,,,1.0,1.0,,,,,4783,,,,0.0,,0.0,,0.0
51,0.4305502772331238,0.44764357805252075,,0.8606995344161987,,,,,,,,,,,,,,56.26728439331055,39653.515625,4.030113220214844,321.83587646484375,11491,,,0.0,,0.0,,0.0,
51,,,,,,0.6447001099586487,,0.9533888697624207,,15.434389114379883,,,,,,,,,,,,11491,1.9427120685577393,,,,,,,
,,,,,,,,,,,,,,0.00022086507782938033,0.03,,,,,,,11499,,,,,,,,
52,,,,,,,0.6467788219451904,,0.9663589000701904,,15.9765625,0.00022083369549363852,0.029999999329447746,,,1.0,1.0,,,,,11499,,1.8569657802581787,,,,,,
,,,,,,,,,,,,,,0.00021929500823509722,0.03,,,,,,,11549,,,,,,,,
52,,,,,,,0.6827630400657654,,0.9637688994407654,,14.046875,0.00021926358749624342,0.029999999329447746,,,1.0,1.0,,,,,11549,,2.2129874229431152,,,,,,
,,,,,,,,,,,,,,0.0002177237477065771,0.03,,,,,,,11599,,,,,,,,
52,,,,,,,0.6514819860458374,,0.9686206579208374,,15.8515625,0.00021769231534563005,0.029999999329447746,,,1.0,1.0,,,,,11599,,1.970848798751831,,,,,,
,,,,,,,,,,,,,,0.00021615139424157565,0.03,,,,,,,11649,,,,,,,,
52,,,,,,,0.6554361581802368,,0.9391275644302368,,14.1875,0.00021611993724945933,0.029999999329447746,,,1.0,1.0,,,,,11649,,1.9193171262741089,,,,,,
,,,,,,,,,,,,,,0.0002145780459060145,0.03,,,,,,,11699,,,,,,,,
52,,,,,,,0.6278388500213623,,0.9422919750213623,,15.7265625,0.00021454656962305307,0.029999999329447746,,,1.0,1.0,,,,,11699,,1.9242832660675049,,,,,,
,,,0.04765624925494194,,0.8828125,,,,,,,,,,,1.0,1.0,,,,,4784,,,,0.0,,0.0,,0.0
,,,0.0486111119389534,,0.8984375,,,,,,,,,,,1.0,1.0,,,,,4785,,,,0.0,,0.0,,0.0
,,,0.1298944652080536,,0.8714704513549805,,,,,,,,,,,1.0,1.0,,,,,4786,,,,0.0,,0.0,,0.0
,,,0.0564236119389534,,0.921875,,,,,,,,,,,1.0,1.0,,,,,4787,,,,0.0,,0.0,,0.0
,,,0.0693359375,,0.8828125,,,,,,,,,,,1.0,1.0,,,,,4788,,,,0.0,,0.0,,0.0
,,,0.1510416567325592,,0.9150640964508057,,,,,,,,,,,1.0,1.0,,,,,4789,,,,0.0,,0.0,,0.0
,,,0.06484375149011612,,0.9296875,,,,,,,,,,,1.0,1.0,,,,,4790,,,,0.0,,0.0,,0.0
,,,0.05859375,,0.9375,,,,,,,,,,,1.0,1.0,,,,,4791,,,,0.0,,0.0,,0.0
,,,0.08747856318950653,,0.8477701544761658,,,,,,,,,,,1.0,1.0,,,,,4792,,,,0.0,,0.0,,0.0
,,,0.0338541679084301,,0.8671875,,,,,,,,,,,1.0,1.0,,,,,4793,,,,0.0,,0.0,,0.0
,,,0.02500000037252903,,0.8125,,,,,,,,,,,1.0,1.0,,,,,4794,,,,0.0,,0.0,,0.0
,,,0.02812499925494194,,0.859375,,,,,,,,,,,1.0,1.0,,,,,4795,,,,0.0,,0.0,,0.0
,,,0.11081480979919434,,0.9040000438690186,,,,,,,,,,,1.0,1.0,,,,,4796,,,,0.0,,0.0,,0.0
,,,0.0870535746216774,,0.7734375,,,,,,,,,,,1.0,1.0,,,,,4797,,,,0.0,,0.0,,0.0
,,,0.0616319440305233,,0.7421875,,,,,,,,,,,1.0,1.0,,,,,4798,,,,0.0,,0.0,,0.0
,,,0.062278248369693756,,0.7838468551635742,,,,,,,,,,,1.0,1.0,,,,,4799,,,,0.0,,0.0,,0.0
,,,0.0086805559694767,,0.7421875,,,,,,,,,,,1.0,1.0,,,,,4800,,,,0.0,,0.0,,0.0
,,,0.010416666977107525,,0.765625,,,,,,,,,,,1.0,1.0,,,,,4801,,,,0.0,,0.0,,0.0
,,,0.05681818351149559,,0.8446969985961914,,,,,,,,,,,1.0,1.0,,,,,4802,,,,0.0,,0.0,,0.0
,,,0.0555555559694767,,0.9140625,,,,,,,,,,,1.0,1.0,,,,,4803,,,,0.0,,0.0,,0.0
,,,0.04374999925494194,,0.9453125,,,,,,,,,,,1.0,1.0,,,,,4804,,,,0.0,,0.0,,0.0
,,,0.10709837824106216,,0.9338729381561279,,,,,,,,,,,1.0,1.0,,,,,4805,,,,0.0,,0.0,,0.0
,,,0.04062499850988388,,0.9140625,,,,,,,,,,,1.0,1.0,,,,,4806,,,,0.0,,0.0,,0.0
,,,0.05078125,,0.8671875,,,,,,,,,,,1.0,1.0,,,,,4807,,,,0.0,,0.0,,0.0
,,,0.12586206197738647,,0.8839901685714722,,,,,,,,,,,1.0,1.0,,,,,4808,,,,0.0,,0.0,,0.0
,,,0.0693359375,,0.9609375,,,,,,,,,,,1.0,1.0,,,,,4809,,,,0.0,,0.0,,0.0
,,,0.0616319440305233,,0.9296875,,,,,,,,,,,1.0,1.0,,,,,4810,,,,0.0,,0.0,,0.0
,,,0.10884696245193481,,0.9233962297439575,,,,,,,,,,,1.0,1.0,,,,,4811,,,,0.0,,0.0,,0.0
,,,0.02864583395421505,,0.875,,,,,,,,,,,1.0,1.0,,,,,4812,,,,0.0,,0.0,,0.0
,,,0.0234375,,0.8125,,,,,,,,,,,1.0,1.0,,,,,4813,,,,0.0,,0.0,,0.0
,,,0.07945280522108078,,0.8712722063064575,,,,,,,,,,,1.0,1.0,,,,,4814,,,,0.0,,0.0,,0.0
,,,0.04843749850988388,,0.8671875,,,,,,,,,,,1.0,1.0,,,,,4815,,,,0.0,,0.0,,0.0
,,,0.0503472238779068,,0.9453125,,,,,,,,,,,1.0,1.0,,,,,4816,,,,0.0,,0.0,,0.0
,,,0.1148877888917923,,0.8738915920257568,,,,,,,,,,,1.0,1.0,,,,,4817,,,,0.0,,0.0,,0.0
,,,0.0654296875,,0.921875,,,,,,,,,,,1.0,1.0,,,,,4818,,,,0.0,,0.0,,0.0
,,,0.0693359375,,0.875,,,,,,,,,,,1.0,1.0,,,,,4819,,,,0.0,,0.0,,0.0
,,,0.15249571204185486,,0.9380964040756226,,,,,,,,,,,1.0,1.0,,,,,4820,,,,0.0,,0.0,,0.0
,,,0.06093750149011612,,0.9453125,,,,,,,,,,,1.0,1.0,,,,,4821,,,,0.0,,0.0,,0.0
,,,0.07421875,,0.9140625,,,,,,,,,,,1.0,1.0,,,,,4822,,,,0.0,,0.0,,0.0
,,,0.08949939906597137,,0.8595848679542542,,,,,,,,,,,1.0,1.0,,,,,4823,,,,0.0,,0.0,,0.0
,,,0.02968749962747097,,0.8203125,,,,,,,,,,,1.0,1.0,,,,,4824,,,,0.0,,0.0,,0.0
,,,0.02500000037252903,,0.84375,,,,,,,,,,,1.0,1.0,,,,,4825,,,,0.0,,0.0,,0.0
,,,0.09681817889213562,,0.8261363506317139,,,,,,,,,,,1.0,1.0,,,,,4826,,,,0.0,,0.0,,0.0
,,,0.0694444477558136,,0.78125,,,,,,,,,,,1.0,1.0,,,,,4827,,,,0.0,,0.0,,0.0
,,,0.0677083358168602,,0.765625,,,,,,,,,,,1.0,1.0,,,,,4828,,,,0.0,,0.0,,0.0
,,,0.06038798391819,,0.8000625967979431,,,,,,,,,,,1.0,1.0,,,,,4829,,,,0.0,,0.0,,0.0
,,,0.0086805559694767,,0.7578125,,,,,,,,,,,1.0,1.0,,,,,4830,,,,0.0,,0.0,,0.0
,,,0.010416666977107525,,0.7734375,,,,,,,,,,,1.0,1.0,,,,,4831,,,,0.0,,0.0,,0.0
,,,0.010416666977107525,,0.765625,,,,,,,,,,,1.0,1.0,,,,,4832,,,,0.0,,0.0,,0.0
,,,0.05039370059967041,,0.9645669460296631,,,,,,,,,,,1.0,1.0,,,,,4833,,,,0.0,,0.0,,0.0
,,,0.0538194440305233,,0.9296875,,,,,,,,,,,1.0,1.0,,,,,4834,,,,0.0,,0.0,,0.0
,,,0.04609375074505806,,0.9453125,,,,,,,,,,,1.0,1.0,,,,,4835,,,,0.0,,0.0,,0.0
,,,0.07586206495761871,,0.9568965435028076,,,,,,,,,,,1.0,1.0,,,,,4836,,,,0.0,,0.0,,0.0
,,,0.04140625149011612,,0.875,,,,,,,,,,,1.0,1.0,,,,,4837,,,,0.0,,0.0,,0.0
,,,0.05390625074505806,,0.9140625,,,,,,,,,,,1.0,1.0,,,,,4838,,,,0.0,,0.0,,0.0
,,,0.11943528056144714,,0.8727539777755737,,,,,,,,,,,1.0,1.0,,,,,4839,,,,0.0,,0.0,,0.0
,,,0.0693359375,,0.9453125,,,,,,,,,,,1.0,1.0,,,,,4840,,,,0.0,,0.0,,0.0
,,,0.0732421875,,0.9453125,,,,,,,,,,,1.0,1.0,,,,,4841,,,,0.0,,0.0,,0.0
,,,0.1041666716337204,,0.921875,,,,,,,,,,,1.0,1.0,,,,,4842,,,,0.0,,0.0,,0.0
,,,0.0295138880610466,,0.828125,,,,,,,,,,,1.0,1.0,,,,,4843,,,,0.0,,0.0,,0.0
,,,0.02578124962747097,,0.875,,,,,,,,,,,1.0,1.0,,,,,4844,,,,0.0,,0.0,,0.0
,,,0.07624584436416626,,0.8585271239280701,,,,,,,,,,,1.0,1.0,,,,,4845,,,,0.0,,0.0,,0.0
,,,0.04374999925494194,,0.859375,,,,,,,,,,,1.0,1.0,,,,,4846,,,,0.0,,0.0,,0.0
,,,0.04843749850988388,,0.9375,,,,,,,,,,,1.0,1.0,,,,,4847,,,,0.0,,0.0,,0.0
,,,0.12581120431423187,,0.8513274192810059,,,,,,,,,,,1.0,1.0,,,,,4848,,,,0.0,,0.0,,0.0
,,,0.072265625,,0.90625,,,,,,,,,,,1.0,1.0,,,,,4849,,,,0.0,,0.0,,0.0
,,,0.0712890625,,0.8984375,,,,,,,,,,,1.0,1.0,,,,,4850,,,,0.0,,0.0,,0.0
,,,0.17691197991371155,,0.9636363983154297,,,,,,,,,,,1.0,1.0,,,,,4851,,,,0.0,,0.0,,0.0
,,,0.05937499925494194,,0.96875,,,,,,,,,,,1.0,1.0,,,,,4852,,,,0.0,,0.0,,0.0
,,,0.05937499925494194,,0.859375,,,,,,,,,,,1.0,1.0,,,,,4853,,,,0.0,,0.0,,0.0
,,,0.09518519043922424,,0.9055555462837219,,,,,,,,,,,1.0,1.0,,,,,4854,,,,0.0,,0.0,,0.0
,,,0.02578124962747097,,0.8203125,,,,,,,,,,,1.0,1.0,,,,,4855,,,,0.0,,0.0,,0.0
,,,0.0234375,,0.828125,,,,,,,,,,,1.0,1.0,,,,,4856,,,,0.0,,0.0,,0.0
,,,0.10524766147136688,,0.8489959836006165,,,,,,,,,,,1.0,1.0,,,,,4857,,,,0.0,,0.0,,0.0
,,,0.0881696417927742,,0.7890625,,,,,,,,,,,1.0,1.0,,,,,4858,,,,0.0,,0.0,,0.0
,,,0.0685763880610466,,0.75,,,,,,,,,,,1.0,1.0,,,,,4859,,,,0.0,,0.0,,0.0
,,,0.05485103279352188,,0.7620320916175842,,,,,,,,,,,1.0,1.0,,,,,4860,,,,0.0,,0.0,,0.0
,,,0.009548611007630825,,0.75,,,,,,,,,,,1.0,1.0,,,,,4861,,,,0.0,,0.0,,0.0
,,,0.0069444444961845875,,0.7578125,,,,,,,,,,,1.0,1.0,,,,,4862,,,,0.0,,0.0,,0.0
,,,0.06284607201814651,,0.8599114418029785,,,,,,,,,,,1.0,1.0,,,,,4863,,,,0.0,,0.0,,0.0
,,,0.0564236119389534,,0.9140625,,,,,,,,,,,1.0,1.0,,,,,4864,,,,0.0,,0.0,,0.0
,,,0.0477430559694767,,0.90625,,,,,,,,,,,1.0,1.0,,,,,4865,,,,0.0,,0.0,,0.0
,,,0.11413368582725525,,0.9793814420700073,,,,,,,,,,,1.0,1.0,,,,,4866,,,,0.0,,0.0,,0.0
,,,0.04531250149011612,,0.8984375,,,,,,,,,,,1.0,1.0,,,,,4867,,,,0.0,,0.0,,0.0
,,,0.04531250149011612,,0.875,,,,,,,,,,,1.0,1.0,,,,,4868,,,,0.0,,0.0,,0.0
,,,0.13750000298023224,,0.9151785373687744,,,,,,,,,,,1.0,1.0,,,,,4869,,,,0.0,,0.0,,0.0
,,,0.0703125,,0.953125,,,,,,,,,,,1.0,1.0,,,,,4870,,,,0.0,,0.0,,0.0
,,,0.0712890625,,0.9296875,,,,,,,,,,,1.0,1.0,,,,,4871,,,,0.0,,0.0,,0.0
,,,0.09677976369857788,,0.9289044141769409,,,,,,,,,,,1.0,1.0,,,,,4872,,,,0.0,,0.0,,0.0
,,,0.0338541679084301,,0.8828125,,,,,,,,,,,1.0,1.0,,,,,4873,,,,0.0,,0.0,,0.0
,,,0.02187499962747097,,0.8046875,,,,,,,,,,,1.0,1.0,,,,,4874,,,,0.0,,0.0,,0.0
,,,0.0358705148100853,,0.874015748500824,,,,,,,,,,,1.0,1.0,,,,,4875,,,,0.0,,0.0,,0.0
52,0.4355635643005371,0.44538193941116333,,0.8723246455192566,,,,,,,,,,,,,,56.703453063964844,41963.6484375,4.037835121154785,327.06451416015625,11712,,,0.0,,0.0,,0.0,
52,,,,,,0.6428598165512085,,0.9489680528640747,,15.305147171020508,,,,,,,,,,,,11712,1.939759373664856,,,,,,,
,,,,,,,,,,,,,,0.00021300380082786381,0.03,,,,,,,11749,,,,,,,,
53,,,,,,,0.646847665309906,,0.919552743434906,,13.6328125,0.0002129723143298179,0.029999999329447746,,,1.0,1.0,,,,,11749,,1.8859341144561768,,,,,,
,,,,,,,,,,,,,,0.00021142875719102258,0.03,,,,,,,11799,,,,,,,,
53,,,,,,,0.6410318613052368,,0.9310709238052368,,14.5,0.00021139724412932992,0.029999999329447746,,,1.0,1.0,,,,,11799,,1.8903862237930298,,,,,,
,,,,,,,,,,,,,,0.0002098530132291952,0.03,,,,,,,11849,,,,,,,,
53,,,,,,,0.6514643430709839,,0.9222162961959839,,13.5390625,0.00020982148998882622,0.029999999329447746,,,1.0,1.0,,,,,11849,,1.8146653175354004,,,,,,
,,,,,,,,,,,,,,0.00020827666721976416,0.03,,,,,,,11899,,,,,,,,
53,,,,,,,0.6627449989318848,,0.9813485145568848,,15.9296875,0.00020824513921979815,0.029999999329447746,,,1.0,1.0,,,,,11899,,2.14542818069458,,,,,,
,,,0.046875,,0.796875,,,,,,,,,,,1.0,1.0,,,,,4876,,,,0.0,,0.0,,0.0
,,,0.04843749850988388,,0.8046875,,,,,,,,,,,1.0,1.0,,,,,4877,,,,0.0,,0.0,,0.0
,,,0.11862853169441223,,0.8441510796546936,,,,,,,,,,,1.0,1.0,,,,,4878,,,,0.0,,0.0,,0.0
,,,0.0908203125,,0.96875,,,,,,,,,,,1.0,1.0,,,,,4879,,,,0.0,,0.0,,0.0
,,,0.0798611119389534,,0.9375,,,,,,,,,,,1.0,1.0,,,,,4880,,,,0.0,,0.0,,0.0
,,,0.11182336509227753,,0.9230769276618958,,,,,,,,,,,1.0,1.0,,,,,4881,,,,0.0,,0.0,,0.0
,,,0.01640624925494194,,0.859375,,,,,,,,,,,1.0,1.0,,,,,4882,,,,0.0,,0.0,,0.0
,,,0.02421874925494194,,0.890625,,,,,,,,,,,1.0,1.0,,,,,4883,,,,0.0,,0.0,,0.0
,,,0.05789022147655487,,0.8327615857124329,,,,,,,,,,,1.0,1.0,,,,,4884,,,,0.0,,0.0,,0.0
,,,0.03984374925494194,,0.8046875,,,,,,,,,,,1.0,1.0,,,,,4885,,,,0.0,,0.0,,0.0
,,,0.03046875074505806,,0.8671875,,,,,,,,,,,1.0,1.0,,,,,4886,,,,0.0,,0.0,,0.0
,,,0.04218750074505806,,0.8515625,,,,,,,,,,,1.0,1.0,,,,,4887,,,,0.0,,0.0,,0.0
,,,0.14666666090488434,,0.8053333759307861,,,,,,,,,,,1.0,1.0,,,,,4888,,,,0.0,,0.0,,0.0
,,,0.0842013880610466,,0.90625,,,,,,,,,,,1.0,1.0,,,,,4889,,,,0.0,,0.0,,0.0
,,,0.0824652761220932,,0.90625,,,,,,,,,,,1.0,1.0,,,,,4890,,,,0.0,,0.0,,0.0
,,,0.08347339183092117,,0.8478057980537415,,,,,,,,,,,1.0,1.0,,,,,4891,,,,0.0,,0.0,,0.0
,,,0.010937499813735485,,0.7734375,,,,,,,,,,,1.0,1.0,,,,,4892,,,,0.0,,0.0,,0.0
,,,0.01171875,,0.734375,,,,,,,,,,,1.0,1.0,,,,,4893,,,,0.0,,0.0,,0.0
,,,0.07683983445167542,,0.8284631967544556,,,,,,,,,,,1.0,1.0,,,,,4894,,,,0.0,,0.0,,0.0
,,,0.0711805522441864,,0.953125,,,,,,,,,,,1.0,1.0,,,,,4895,,,,0.0,,0.0,,0.0
,,,0.0685763880610466,,0.9609375,,,,,,,,,,,1.0,1.0,,,,,4896,,,,0.0,,0.0,,0.0
,,,0.11636917293071747,,0.8745952844619751,,,,,,,,,,,1.0,1.0,,,,,4897,,,,0.0,,0.0,,0.0
,,,0.0390625,,0.8515625,,,,,,,,,,,1.0,1.0,,,,,4898,,,,0.0,,0.0,,0.0
,,,0.03593749925494194,,0.828125,,,,,,,,,,,1.0,1.0,,,,,4899,,,,0.0,,0.0,,0.0
,,,0.08862069249153137,,0.864039421081543,,,,,,,,,,,1.0,1.0,,,,,4900,,,,0.0,,0.0,,0.0
,,,0.04843749850988388,,0.8671875,,,,,,,,,,,1.0,1.0,,,,,4901,,,,0.0,,0.0,,0.0
,,,0.04921875149011612,,0.9296875,,,,,,,,,,,1.0,1.0,,,,,4902,,,,0.0,,0.0,,0.0
,,,0.09272956103086472,,0.8928301930427551,,,,,,,,,,,1.0,1.0,,,,,4903,,,,0.0,,0.0,,0.0
,,,0.0494791679084301,,0.9140625,,,,,,,,,,,1.0,1.0,,,,,4904,,,,0.0,,0.0,,0.0
,,,0.03671874850988388,,0.8828125,,,,,,,,,,,1.0,1.0,,,,,4905,,,,0.0,,0.0,,0.0
,,,0.09746162593364716,,0.865663468837738,,,,,,,,,,,1.0,1.0,,,,,4906,,,,0.0,,0.0,,0.0
,,,0.05000000074505806,,0.7890625,,,,,,,,,,,1.0,1.0,,,,,4907,,,,0.0,,0.0,,0.0
,,,0.04531250149011612,,0.7734375,,,,,,,,,,,1.0,1.0,,,,,4908,,,,0.0,,0.0,,0.0
,,,0.12142857909202576,,0.8736453056335449,,,,,,,,,,,1.0,1.0,,,,,4909,,,,0.0,,0.0,,0.0
,,,0.091796875,,0.9453125,,,,,,,,,,,1.0,1.0,,,,,4910,,,,0.0,,0.0,,0.0
,,,0.07265625149011612,,0.9453125,,,,,,,,,,,1.0,1.0,,,,,4911,,,,0.0,,0.0,,0.0
,,,0.10300953686237335,,0.8940542936325073,,,,,,,,,,,1.0,1.0,,,,,4912,,,,0.0,,0.0,,0.0
,,,0.0217013880610466,,0.890625,,,,,,,,,,,1.0,1.0,,,,,4913,,,,0.0,,0.0,,0.0
,,,0.01875000074505806,,0.8359375,,,,,,,,,,,1.0,1.0,,,,,4914,,,,0.0,,0.0,,0.0
,,,0.05924298241734505,,0.8362637758255005,,,,,,,,,,,1.0,1.0,,,,,4915,,,,0.0,,0.0,,0.0
,,,0.04218750074505806,,0.84375,,,,,,,,,,,1.0,1.0,,,,,4916,,,,0.0,,0.0,,0.0
,,,0.03046875074505806,,0.875,,,,,,,,,,,1.0,1.0,,,,,4917,,,,0.0,,0.0,,0.0
,,,0.12931817770004272,,0.8897727131843567,,,,,,,,,,,1.0,1.0,,,,,4918,,,,0.0,,0.0,,0.0
,,,0.0986328125,,0.9140625,,,,,,,,,,,1.0,1.0,,,,,4919,,,,0.0,,0.0,,0.0
,,,0.0927734375,,0.9140625,,,,,,,,,,,1.0,1.0,,,,,4920,,,,0.0,,0.0,,0.0
,,,0.09824781119823456,,0.8986232876777649,,,,,,,,,,,1.0,1.0,,,,,4921,,,,0.0,,0.0,,0.0
,,,0.014843749813735485,,0.7890625,,,,,,,,,,,1.0,1.0,,,,,4922,,,,0.0,,0.0,,0.0
,,,0.00937500037252903,,0.75,,,,,,,,,,,1.0,1.0,,,,,4923,,,,0.0,,0.0,,0.0
,,,0.012500000186264515,,0.7265625,,,,,,,,,,,1.0,1.0,,,,,4924,,,,0.0,,0.0,,0.0
,,,0.06299212574958801,,0.9803149700164795,,,,,,,,,,,1.0,1.0,,,,,4925,,,,0.0,,0.0,,0.0
,,,0.0729166641831398,,0.953125,,,,,,,,,,,1.0,1.0,,,,,4926,,,,0.0,,0.0,,0.0
,,,0.0720486119389534,,0.953125,,,,,,,,,,,1.0,1.0,,,,,4927,,,,0.0,,0.0,,0.0
,,,0.08879310637712479,,0.8261494040489197,,,,,,,,,,,1.0,1.0,,,,,4928,,,,0.0,,0.0,,0.0
,,,0.03671874850988388,,0.8203125,,,,,,,,,,,1.0,1.0,,,,,4929,,,,0.0,,0.0,,0.0
,,,0.0407986119389534,,0.875,,,,,,,,,,,1.0,1.0,,,,,4930,,,,0.0,,0.0,,0.0
,,,0.08606527745723724,,0.8258159160614014,,,,,,,,,,,1.0,1.0,,,,,4931,,,,0.0,,0.0,,0.0
,,,0.05000000074505806,,0.90625,,,,,,,,,,,1.0,1.0,,,,,4932,,,,0.0,,0.0,,0.0
,,,0.04453124850988388,,0.8984375,,,,,,,,,,,1.0,1.0,,,,,4933,,,,0.0,,0.0,,0.0
,,,0.12890625,,0.875,,,,,,,,,,,1.0,1.0,,,,,4934,,,,0.0,,0.0,,0.0
,,,0.0460069440305233,,0.8984375,,,,,,,,,,,1.0,1.0,,,,,4935,,,,0.0,,0.0,,0.0
,,,0.0451388880610466,,0.90625,,,,,,,,,,,1.0,1.0,,,,,4936,,,,0.0,,0.0,,0.0
,,,0.09053155779838562,,0.8593577146530151,,,,,,,,,,,1.0,1.0,,,,,4937,,,,0.0,,0.0,,0.0
,,,0.046875,,0.7734375,,,,,,,,,,,1.0,1.0,,,,,4938,,,,0.0,,0.0,,0.0
,,,0.0503472238779068,,0.78125,,,,,,,,,,,1.0,1.0,,,,,4939,,,,0.0,,0.0,,0.0
,,,0.1463126838207245,,0.886725664138794,,,,,,,,,,,1.0,1.0,,,,,4940,,,,0.0,,0.0,,0.0
,,,0.1104910746216774,,0.9296875,,,,,,,,,,,1.0,1.0,,,,,4941,,,,0.0,,0.0,,0.0
,,,0.0850694477558136,,0.953125,,,,,,,,,,,1.0,1.0,,,,,4942,,,,0.0,,0.0,,0.0
,,,0.08575758337974548,,0.9227272868156433,,,,,,,,,,,1.0,1.0,,,,,4943,,,,0.0,,0.0,,0.0
,,,0.02421874925494194,,0.875,,,,,,,,,,,1.0,1.0,,,,,4944,,,,0.0,,0.0,,0.0
,,,0.01718750037252903,,0.828125,,,,,,,,,,,1.0,1.0,,,,,4945,,,,0.0,,0.0,,0.0
,,,0.06203703582286835,,0.8870370388031006,,,,,,,,,,,1.0,1.0,,,,,4946,,,,0.0,,0.0,,0.0
,,,0.03437500074505806,,0.875,,,,,,,,,,,1.0,1.0,,,,,4947,,,,0.0,,0.0,,0.0
,,,0.0390625,,0.8515625,,,,,,,,,,,1.0,1.0,,,,,4948,,,,0.0,,0.0,,0.0
,,,0.13928306102752686,,0.8981258273124695,,,,,,,,,,,1.0,1.0,,,,,4949,,,,0.0,,0.0,,0.0
,,,0.099609375,,0.90625,,,,,,,,,,,1.0,1.0,,,,,4950,,,,0.0,,0.0,,0.0
,,,0.0842013880610466,,0.921875,,,,,,,,,,,1.0,1.0,,,,,4951,,,,0.0,,0.0,,0.0
,,,0.08551056683063507,,0.8469569683074951,,,,,,,,,,,1.0,1.0,,,,,4952,,,,0.0,,0.0,,0.0
,,,0.012500000186264515,,0.75,,,,,,,,,,,1.0,1.0,,,,,4953,,,,0.0,,0.0,,0.0
,,,0.010937499813735485,,0.7734375,,,,,,,,,,,1.0,1.0,,,,,4954,,,,0.0,,0.0,,0.0
,,,0.0806201621890068,,0.8131228685379028,,,,,,,,,,,1.0,1.0,,,,,4955,,,,0.0,,0.0,,0.0
,,,0.0659722238779068,,0.96875,,,,,,,,,,,1.0,1.0,,,,,4956,,,,0.0,,0.0,,0.0
,,,0.0746527761220932,,0.953125,,,,,,,,,,,1.0,1.0,,,,,4957,,,,0.0,,0.0,,0.0
,,,0.13231626152992249,,0.9368140697479248,,,,,,,,,,,1.0,1.0,,,,,4958,,,,0.0,,0.0,,0.0
,,,0.04062499850988388,,0.796875,,,,,,,,,,,1.0,1.0,,,,,4959,,,,0.0,,0.0,,0.0
,,,0.03437500074505806,,0.828125,,,,,,,,,,,1.0,1.0,,,,,4960,,,,0.0,,0.0,,0.0
,,,0.11696428060531616,,0.8883928656578064,,,,,,,,,,,1.0,1.0,,,,,4961,,,,0.0,,0.0,,0.0
,,,0.04843749850988388,,0.875,,,,,,,,,,,1.0,1.0,,,,,4962,,,,0.0,,0.0,,0.0
,,,0.0555555559694767,,0.921875,,,,,,,,,,,1.0,1.0,,,,,4963,,,,0.0,,0.0,,0.0
,,,0.07770007848739624,,0.8578088283538818,,,,,,,,,,,1.0,1.0,,,,,4964,,,,0.0,,0.0,,0.0
,,,0.04296875,,0.921875,,,,,,,,,,,1.0,1.0,,,,,4965,,,,0.0,,0.0,,0.0
,,,0.0451388880610466,,0.8828125,,,,,,,,,,,1.0,1.0,,,,,4966,,,,0.0,,0.0,,0.0
,,,0.056102361530065536,,0.913385808467865,,,,,,,,,,,1.0,1.0,,,,,4967,,,,0.0,,0.0,,0.0
53,0.4288293123245239,0.46342071890830994,,0.8707994222640991,,,,,,,,,,,,,,57.82977294921875,39998.41796875,4.057503700256348,327.11419677734375,11933,,,0.0,,0.0,,0.0,
53,,,,,,0.638475239276886,,0.9452009201049805,,15.336008071899414,,,,,,,,,,,,11933,1.9479624032974243,,,,,,,
,,,,,,,,,,,,,,0.00020669981747766132,0.03,,,,,,,11949,,,,,,,,
54,,,,,,,0.6228720545768738,,0.9539267420768738,,16.546875,0.0002066682791337371,0.029999999329447746,,,1.0,1.0,,,,,11949,,1.8795180320739746,,,,,,
,,,,,,,,,,,,,,0.00020512256234923615,0.03,,,,,,,11999,,,,,,,,
54,,,,,,,0.6590514779090881,,0.9671569466590881,,15.40625,0.00020509101159404963,0.029999999329447746,,,1.0,1.0,,,,,11999,,1.960726022720337,,,,,,
,,,,,,,,,,,,,,0.00020354500020612065,0.03,,,,,,,12049,,,,,,,,
54,,,,,,,0.6322558522224426,,1.0106737613677979,,18.921875,0.0002035134530160576,0.029999999329447746,,,1.0,1.0,,,,,12049,,2.0606484413146973,,,,,,
,,,,,,,,,,,,,,0.00020196722943909573,0.03,,,,,,,12099,,,,,,,,
54,,,,,,,0.622020959854126,,0.951122522354126,,16.453125,0.00020193567615933716,0.029999999329447746,,,1.0,1.0,,,,,12099,,1.917418360710144,,,,,,
,,,,,,,,,,,,,,0.00020038934845195382,0.03,,,,,,,12149,,,,,,,,
54,,,,,,,0.6351041793823242,,0.9295377731323242,,14.71875,0.00020035779743921012,0.029999999329447746,,,1.0,1.0,,,,,12149,,1.943477988243103,,,,,,
,,,0.0381944440305233,,0.7265625,,,,,,,,,,,1.0,1.0,,,,,4968,,,,0.0,,0.0,,0.0
,,,0.0513392873108387,,0.78125,,,,,,,,,,,1.0,1.0,,,,,4969,,,,0.0,,0.0,,0.0
,,,0.10434746742248535,,0.8305830955505371,,,,,,,,,,,1.0,1.0,,,,,4970,,,,0.0,,0.0,,0.0
,,,0.068359375,,0.875,,,,,,,,,,,1.0,1.0,,,,,4971,,,,0.0,,0.0,,0.0
,,,0.060546875,,0.8359375,,,,,,,,,,,1.0,1.0,,,,,4972,,,,0.0,,0.0,,0.0
,,,0.10376602411270142,,0.875,,,,,,,,,,,1.0,1.0,,,,,4973,,,,0.0,,0.0,,0.0
,,,0.0460069440305233,,0.953125,,,,,,,,,,,1.0,1.0,,,,,4974,,,,0.0,,0.0,,0.0
,,,0.0576171875,,0.9453125,,,,,,,,,,,1.0,1.0,,,,,4975,,,,0.0,,0.0,,0.0
,,,0.06699065864086151,,0.8627787232398987,,,,,,,,,,,1.0,1.0,,,,,4976,,,,0.0,,0.0,,0.0
,,,0.02777777798473835,,0.8671875,,,,,,,,,,,1.0,1.0,,,,,4977,,,,0.0,,0.0,,0.0
,,,0.03046875074505806,,0.8984375,,,,,,,,,,,1.0,1.0,,,,,4978,,,,0.0,,0.0,,0.0
,,,0.0373263880610466,,0.890625,,,,,,,,,,,1.0,1.0,,,,,4979,,,,0.0,,0.0,,0.0
,,,0.18133333325386047,,0.9639999866485596,,,,,,,,,,,1.0,1.0,,,,,4980,,,,0.0,,0.0,,0.0
,,,0.0959821417927742,,0.828125,,,,,,,,,,,1.0,1.0,,,,,4981,,,,0.0,,0.0,,0.0
,,,0.083984375,,0.890625,,,,,,,,,,,1.0,1.0,,,,,4982,,,,0.0,,0.0,,0.0
,,,0.09741674363613129,,0.8982259631156921,,,,,,,,,,,1.0,1.0,,,,,4983,,,,0.0,,0.0,,0.0
,,,0.02734375,,0.890625,,,,,,,,,,,1.0,1.0,,,,,4984,,,,0.0,,0.0,,0.0
,,,0.02500000037252903,,0.8984375,,,,,,,,,,,1.0,1.0,,,,,4985,,,,0.0,,0.0,,0.0
,,,0.10076960176229477,,0.8798701763153076,,,,,,,,,,,1.0,1.0,,,,,4986,,,,0.0,,0.0,,0.0
,,,0.0711805522441864,,0.9609375,,,,,,,,,,,1.0,1.0,,,,,4987,,,,0.0,,0.0,,0.0
,,,0.0711805522441864,,0.953125,,,,,,,,,,,1.0,1.0,,,,,4988,,,,0.0,,0.0,,0.0
,,,0.09198837727308273,,0.7580323815345764,,,,,,,,,,,1.0,1.0,,,,,4989,,,,0.0,,0.0,,0.0
,,,0.01406249962747097,,0.484375,,,,,,,,,,,1.0,1.0,,,,,4990,,,,0.0,,0.0,,0.0
,,,0.01406249962747097,,0.5,,,,,,,,,,,1.0,1.0,,,,,4991,,,,0.0,,0.0,,0.0
,,,0.07980295270681381,,0.7541872262954712,,,,,,,,,,,1.0,1.0,,,,,4992,,,,0.0,,0.0,,0.0
,,,0.0668402761220932,,0.9375,,,,,,,,,,,1.0,1.0,,,,,4993,,,,0.0,,0.0,,0.0
,,,0.0711805522441864,,0.9765625,,,,,,,,,,,1.0,1.0,,,,,4994,,,,0.0,,0.0,,0.0
,,,0.13067784905433655,,0.9139622449874878,,,,,,,,,,,1.0,1.0,,,,,4995,,,,0.0,,0.0,,0.0
,,,0.0503472238779068,,0.8828125,,,,,,,,,,,1.0,1.0,,,,,4996,,,,0.0,,0.0,,0.0
,,,0.0460069440305233,,0.859375,,,,,,,,,,,1.0,1.0,,,,,4997,,,,0.0,,0.0,,0.0
,,,0.11118331551551819,,0.8248974084854126,,,,,,,,,,,1.0,1.0,,,,,4998,,,,0.0,,0.0,,0.0
,,,0.0364583320915699,,0.7734375,,,,,,,,,,,1.0,1.0,,,,,4999,,,,0.0,,0.0,,0.0
,,,0.0458984375,,0.75,,,,,,,,,,,1.0,1.0,,,,,5000,,,,0.0,,0.0,,0.0
,,,0.08910782635211945,,0.8209359645843506,,,,,,,,,,,1.0,1.0,,,,,5001,,,,0.0,,0.0,,0.0
,,,0.0703125,,0.8828125,,,,,,,,,,,1.0,1.0,,,,,5002,,,,0.0,,0.0,,0.0
,,,0.060546875,,0.8203125,,,,,,,,,,,1.0,1.0,,,,,5003,,,,0.0,,0.0,,0.0
,,,0.1070331409573555,,0.9366283416748047,,,,,,,,,,,1.0,1.0,,,,,5004,,,,0.0,,0.0,,0.0
,,,0.0494791679084301,,0.9609375,,,,,,,,,,,1.0,1.0,,,,,5005,,,,0.0,,0.0,,0.0
,,,0.0416666679084301,,0.9453125,,,,,,,,,,,1.0,1.0,,,,,5006,,,,0.0,,0.0,,0.0
,,,0.07315154373645782,,0.8838827610015869,,,,,,,,,,,1.0,1.0,,,,,5007,,,,0.0,,0.0,,0.0
,,,0.02734375,,0.8828125,,,,,,,,,,,1.0,1.0,,,,,5008,,,,0.0,,0.0,,0.0
,,,0.02656250074505806,,0.9140625,,,,,,,,,,,1.0,1.0,,,,,5009,,,,0.0,,0.0,,0.0
,,,0.13181817531585693,,0.8863636255264282,,,,,,,,,,,1.0,1.0,,,,,5010,,,,0.0,,0.0,,0.0
,,,0.08984375,,0.8984375,,,,,,,,,,,1.0,1.0,,,,,5011,,,,0.0,,0.0,,0.0
,,,0.0982142835855484,,0.8671875,,,,,,,,,,,1.0,1.0,,,,,5012,,,,0.0,,0.0,,0.0
,,,0.10506188869476318,,0.9120776057243347,,,,,,,,,,,1.0,1.0,,,,,5013,,,,0.0,,0.0,,0.0
,,,0.02083333395421505,,0.890625,,,,,,,,,,,1.0,1.0,,,,,5014,,,,0.0,,0.0,,0.0
,,,0.02031249925494194,,0.9140625,,,,,,,,,,,1.0,1.0,,,,,5015,,,,0.0,,0.0,,0.0
,,,0.0295138880610466,,0.859375,,,,,,,,,,,1.0,1.0,,,,,5016,,,,0.0,,0.0,,0.0
,,,0.07874015718698502,,0.9881889820098877,,,,,,,,,,,1.0,1.0,,,,,5017,,,,0.0,,0.0,,0.0
,,,0.080078125,,0.9609375,,,,,,,,,,,1.0,1.0,,,,,5018,,,,0.0,,0.0,,0.0
,,,0.0746527761220932,,0.9453125,,,,,,,,,,,1.0,1.0,,,,,5019,,,,0.0,,0.0,,0.0
,,,0.0637931078672409,,0.7413793206214905,,,,,,,,,,,1.0,1.0,,,,,5020,,,,0.0,,0.0,,0.0
,,,0.01406249962747097,,0.46875,,,,,,,,,,,1.0,1.0,,,,,5021,,,,0.0,,0.0,,0.0
,,,0.01328125037252903,,0.5703125,,,,,,,,,,,1.0,1.0,,,,,5022,,,,0.0,,0.0,,0.0
,,,0.07917124778032303,,0.6974697709083557,,,,,,,,,,,1.0,1.0,,,,,5023,,,,0.0,,0.0,,0.0
,,,0.0830078125,,0.953125,,,,,,,,,,,1.0,1.0,,,,,5024,,,,0.0,,0.0,,0.0
,,,0.0659722238779068,,0.9609375,,,,,,,,,,,1.0,1.0,,,,,5025,,,,0.0,,0.0,,0.0
,,,0.12083333730697632,,0.9270833730697632,,,,,,,,,,,1.0,1.0,,,,,5026,,,,0.0,,0.0,,0.0
,,,0.0503472238779068,,0.875,,,,,,,,,,,1.0,1.0,,,,,5027,,,,0.0,,0.0,,0.0
,,,0.0520833320915699,,0.8828125,,,,,,,,,,,1.0,1.0,,,,,5028,,,,0.0,,0.0,,0.0
,,,0.09717607498168945,,0.8244739770889282,,,,,,,,,,,1.0,1.0,,,,,5029,,,,0.0,,0.0,,0.0
,,,0.041015625,,0.78125,,,,,,,,,,,1.0,1.0,,,,,5030,,,,0.0,,0.0,,0.0
,,,0.0458984375,,0.7734375,,,,,,,,,,,1.0,1.0,,,,,5031,,,,0.0,,0.0,,0.0
,,,0.10344149172306061,,0.8713864088058472,,,,,,,,,,,1.0,1.0,,,,,5032,,,,0.0,,0.0,,0.0
,,,0.0654296875,,0.8515625,,,,,,,,,,,1.0,1.0,,,,,5033,,,,0.0,,0.0,,0.0
,,,0.0634765625,,0.8203125,,,,,,,,,,,1.0,1.0,,,,,5034,,,,0.0,,0.0,,0.0
,,,0.10931537300348282,,0.9772727489471436,,,,,,,,,,,1.0,1.0,,,,,5035,,,,0.0,,0.0,,0.0
,,,0.0595703125,,0.9453125,,,,,,,,,,,1.0,1.0,,,,,5036,,,,0.0,,0.0,,0.0
,,,0.0381944440305233,,0.9453125,,,,,,,,,,,1.0,1.0,,,,,5037,,,,0.0,,0.0,,0.0
,,,0.06975308805704117,,0.9259259700775146,,,,,,,,,,,1.0,1.0,,,,,5038,,,,0.0,,0.0,,0.0
,,,0.02656250074505806,,0.8828125,,,,,,,,,,,1.0,1.0,,,,,5039,,,,0.0,,0.0,,0.0
,,,0.03125,,0.8984375,,,,,,,,,,,1.0,1.0,,,,,5040,,,,0.0,,0.0,,0.0
,,,0.13660567998886108,,0.913386881351471,,,,,,,,,,,1.0,1.0,,,,,5041,,,,0.0,,0.0,,0.0
,,,0.0869140625,,0.875,,,,,,,,,,,1.0,1.0,,,,,5042,,,,0.0,,0.0,,0.0
,,,0.0888671875,,0.875,,,,,,,,,,,1.0,1.0,,,,,5043,,,,0.0,,0.0,,0.0
,,,0.09569080919027328,,0.9118920564651489,,,,,,,,,,,1.0,1.0,,,,,5044,,,,0.0,,0.0,,0.0
,,,0.0234375,,0.8671875,,,,,,,,,,,1.0,1.0,,,,,5045,,,,0.0,,0.0,,0.0
,,,0.0251736119389534,,0.921875,,,,,,,,,,,1.0,1.0,,,,,5046,,,,0.0,,0.0,,0.0
,,,0.11960132420063019,,0.9066998958587646,,,,,,,,,,,1.0,1.0,,,,,5047,,,,0.0,,0.0,,0.0
,,,0.0729166641831398,,0.96875,,,,,,,,,,,1.0,1.0,,,,,5048,,,,0.0,,0.0,,0.0
,,,0.0751953125,,0.9609375,,,,,,,,,,,1.0,1.0,,,,,5049,,,,0.0,,0.0,,0.0
,,,0.10183645784854889,,0.7645493745803833,,,,,,,,,,,1.0,1.0,,,,,5050,,,,0.0,,0.0,,0.0
,,,0.01406249962747097,,0.515625,,,,,,,,,,,1.0,1.0,,,,,5051,,,,0.0,,0.0,,0.0
,,,0.01171875,,0.4453125,,,,,,,,,,,1.0,1.0,,,,,5052,,,,0.0,,0.0,,0.0
,,,0.10178571194410324,,0.7544642686843872,,,,,,,,,,,1.0,1.0,,,,,5053,,,,0.0,,0.0,,0.0
,,,0.0668402761220932,,0.9453125,,,,,,,,,,,1.0,1.0,,,,,5054,,,,0.0,,0.0,,0.0
,,,0.0737847238779068,,0.9609375,,,,,,,,,,,1.0,1.0,,,,,5055,,,,0.0,,0.0,,0.0
,,,0.10972978174686432,,0.8962703943252563,,,,,,,,,,,1.0,1.0,,,,,5056,,,,0.0,,0.0,,0.0
,,,0.0564236119389534,,0.890625,,,,,,,,,,,1.0,1.0,,,,,5057,,,,0.0,,0.0,,0.0
,,,0.0442708320915699,,0.8671875,,,,,,,,,,,1.0,1.0,,,,,5058,,,,0.0,,0.0,,0.0
,,,0.06299212574958801,,0.8897637724876404,,,,,,,,,,,1.0,1.0,,,,,5059,,,,0.0,,0.0,,0.0
54,0.4382694661617279,0.4409846067428589,,0.8538880348205566,,,,,,,,,,,,,,57.053592681884766,38078.6484375,4.0439910888671875,328.42291259765625,12154,,,0.0,,0.0,,0.0,
54,,,,,,0.63788902759552,,0.9403260350227356,,15.121394157409668,,,,,,,,,,,,12154,1.9140210151672363,,,,,,,
,,,,,,,,,,,,,,0.0001988114556553613,0.03,,,,,,,12199,,,,,,,,
55,,,,,,,0.6405761241912842,,0.9538085460662842,,15.6640625,0.00019877990416716784,0.029999999329447746,,,1.0,1.0,,,,,12199,,1.9835608005523682,,,,,,
,,,,,,,,,,,,,,0.0001972336494607214,0.03,,,,,,,12249,,,,,,,,
55,,,,,,,0.6518036127090454,,0.9562469720840454,,15.2265625,0.00019720209820661694,0.029999999329447746,,,1.0,1.0,,,,,12249,,1.939239263534546,,,,,,
,,,,,,,,,,,,,,0.00019565602827403632,0.03,,,,,,,12299,,,,,,,,
55,,,,,,,0.6371617317199707,,0.9127964973449707,,13.78125,0.000195624481420964,0.029999999329447746,,,1.0,1.0,,,,,12299,,2.065134048461914,,,,,,
,,,,,,,,,,,,,,0.00019407869048976889,0.03,,,,,,,12349,,,,,,,,
55,,,,,,,0.6645625233650208,,0.9458125233650208,,14.0625,0.0001940471411217004,0.029999999329447746,,,1.0,1.0,,,,,12349,,1.8314423561096191,,,,,,
,,,0.0729166641831398,,0.9453125,,,,,,,,,,,1.0,1.0,,,,,5060,,,,0.0,,0.0,,0.0
,,,0.0755208358168602,,0.953125,,,,,,,,,,,1.0,1.0,,,,,5061,,,,0.0,,0.0,,0.0
,,,0.14476633071899414,,0.9382104873657227,,,,,,,,,,,1.0,1.0,,,,,5062,,,,0.0,,0.0,,0.0
,,,0.0694444477558136,,0.9609375,,,,,,,,,,,1.0,1.0,,,,,5063,,,,0.0,,0.0,,0.0
,,,0.078125,,0.96875,,,,,,,,,,,1.0,1.0,,,,,5064,,,,0.0,,0.0,,0.0
,,,0.11017628014087677,,0.9230769276618958,,,,,,,,,,,1.0,1.0,,,,,5065,,,,0.0,,0.0,,0.0
,,,0.0321180559694767,,0.984375,,,,,,,,,,,1.0,1.0,,,,,5066,,,,0.0,,0.0,,0.0
,,,0.03125,,0.9609375,,,,,,,,,,,1.0,1.0,,,,,5067,,,,0.0,,0.0,,0.0
,,,0.08036020398139954,,0.907375693321228,,,,,,,,,,,1.0,1.0,,,,,5068,,,,0.0,,0.0,,0.0
,,,0.04140625149011612,,0.90625,,,,,,,,,,,1.0,1.0,,,,,5069,,,,0.0,,0.0,,0.0
,,,0.04453124850988388,,0.890625,,,,,,,,,,,1.0,1.0,,,,,5070,,,,0.0,,0.0,,0.0
,,,0.05000000074505806,,0.90625,,,,,,,,,,,1.0,1.0,,,,,5071,,,,0.0,,0.0,,0.0
,,,0.1487407386302948,,0.9359999895095825,,,,,,,,,,,1.0,1.0,,,,,5072,,,,0.0,,0.0,,0.0
,,,0.0642361119389534,,0.8359375,,,,,,,,,,,1.0,1.0,,,,,5073,,,,0.0,,0.0,,0.0
,,,0.0607638880610466,,0.8203125,,,,,,,,,,,1.0,1.0,,,,,5074,,,,0.0,,0.0,,0.0
,,,0.08179271966218948,,0.8478057980537415,,,,,,,,,,,1.0,1.0,,,,,5075,,,,0.0,,0.0,,0.0
,,,0.0173611119389534,,0.75,,,,,,,,,,,1.0,1.0,,,,,5076,,,,0.0,,0.0,,0.0
,,,0.015625,,0.703125,,,,,,,,,,,1.0,1.0,,,,,5077,,,,0.0,,0.0,,0.0
,,,0.06731601804494858,,0.7359306812286377,,,,,,,,,,,1.0,1.0,,,,,5078,,,,0.0,,0.0,,0.0
,,,0.0607638880610466,,0.9296875,,,,,,,,,,,1.0,1.0,,,,,5079,,,,0.0,,0.0,,0.0
,,,0.04296875,,0.90625,,,,,,,,,,,1.0,1.0,,,,,5080,,,,0.0,,0.0,,0.0
,,,0.10019925236701965,,0.9133250117301941,,,,,,,,,,,1.0,1.0,,,,,5081,,,,0.0,,0.0,,0.0
,,,0.03750000149011612,,0.7578125,,,,,,,,,,,1.0,1.0,,,,,5082,,,,0.0,,0.0,,0.0
,,,0.03984374925494194,,0.796875,,,,,,,,,,,1.0,1.0,,,,,5083,,,,0.0,,0.0,,0.0
,,,0.08399014919996262,,0.8009852170944214,,,,,,,,,,,1.0,1.0,,,,,5084,,,,0.0,,0.0,,0.0
,,,0.0321180559694767,,0.84375,,,,,,,,,,,1.0,1.0,,,,,5085,,,,0.0,,0.0,,0.0
,,,0.02968749962747097,,0.8359375,,,,,,,,,,,1.0,1.0,,,,,5086,,,,0.0,,0.0,,0.0
,,,0.0810621976852417,,0.853962242603302,,,,,,,,,,,1.0,1.0,,,,,5087,,,,0.0,,0.0,,0.0
,,,0.0477430559694767,,0.8359375,,,,,,,,,,,1.0,1.0,,,,,5088,,,,0.0,,0.0,,0.0
,,,0.0434027761220932,,0.7734375,,,,,,,,,,,1.0,1.0,,,,,5089,,,,0.0,,0.0,,0.0
,,,0.11022952198982239,,0.9179206490516663,,,,,,,,,,,1.0,1.0,,,,,5090,,,,0.0,,0.0,,0.0
,,,0.0720486119389534,,0.921875,,,,,,,,,,,1.0,1.0,,,,,5091,,,,0.0,,0.0,,0.0
,,,0.0737847238779068,,0.984375,,,,,,,,,,,1.0,1.0,,,,,5092,,,,0.0,,0.0,,0.0
,,,0.16113847494125366,,0.9369457960128784,,,,,,,,,,,1.0,1.0,,,,,5093,,,,0.0,,0.0,,0.0
,,,0.080078125,,0.9609375,,,,,,,,,,,1.0,1.0,,,,,5094,,,,0.0,,0.0,,0.0
,,,0.0712890625,,0.9453125,,,,,,,,,,,1.0,1.0,,,,,5095,,,,0.0,,0.0,,0.0
,,,0.1172824501991272,,0.953755795955658,,,,,,,,,,,1.0,1.0,,,,,5096,,,,0.0,,0.0,,0.0
,,,0.03437500074505806,,0.9765625,,,,,,,,,,,1.0,1.0,,,,,5097,,,,0.0,,0.0,,0.0
,,,0.0329861119389534,,0.9453125,,,,,,,,,,,1.0,1.0,,,,,5098,,,,0.0,,0.0,,0.0
,,,0.07814408093690872,,0.9146519899368286,,,,,,,,,,,1.0,1.0,,,,,5099,,,,0.0,,0.0,,0.0
,,,0.0538194440305233,,0.9140625,,,,,,,,,,,1.0,1.0,,,,,5100,,,,0.0,,0.0,,0.0
,,,0.04765624925494194,,0.890625,,,,,,,,,,,1.0,1.0,,,,,5101,,,,0.0,,0.0,,0.0
,,,0.11136363446712494,,0.8977272510528564,,,,,,,,,,,1.0,1.0,,,,,5102,,,,0.0,,0.0,,0.0
,,,0.0703125,,0.859375,,,,,,,,,,,1.0,1.0,,,,,5103,,,,0.0,,0.0,,0.0
,,,0.0616319440305233,,0.84375,,,,,,,,,,,1.0,1.0,,,,,5104,,,,0.0,,0.0,,0.0
,,,0.08710888773202896,,0.8360450267791748,,,,,,,,,,,1.0,1.0,,,,,5105,,,,0.0,,0.0,,0.0
,,,0.01215277798473835,,0.7734375,,,,,,,,,,,1.0,1.0,,,,,5106,,,,0.0,,0.0,,0.0
,,,0.0173611119389534,,0.7421875,,,,,,,,,,,1.0,1.0,,,,,5107,,,,0.0,,0.0,,0.0
,,,0.015625,,0.6953125,,,,,,,,,,,1.0,1.0,,,,,5108,,,,0.0,,0.0,,0.0
,,,0.05433070659637451,,0.4488188922405243,,,,,,,,,,,1.0,1.0,,,,,5109,,,,0.0,,0.0,,0.0
,,,0.0572916679084301,,0.9296875,,,,,,,,,,,1.0,1.0,,,,,5110,,,,0.0,,0.0,,0.0
,,,0.046875,,0.90625,,,,,,,,,,,1.0,1.0,,,,,5111,,,,0.0,,0.0,,0.0
,,,0.09798850119113922,,0.9137930870056152,,,,,,,,,,,1.0,1.0,,,,,5112,,,,0.0,,0.0,,0.0
,,,0.03359375149011612,,0.7578125,,,,,,,,,,,1.0,1.0,,,,,5113,,,,0.0,,0.0,,0.0
,,,0.046875,,0.8046875,,,,,,,,,,,1.0,1.0,,,,,5114,,,,0.0,,0.0,,0.0
,,,0.09072240442037582,,0.7825449109077454,,,,,,,,,,,1.0,1.0,,,,,5115,,,,0.0,,0.0,,0.0
,,,0.02578124962747097,,0.875,,,,,,,,,,,1.0,1.0,,,,,5116,,,,0.0,,0.0,,0.0
,,,0.03515625,,0.8203125,,,,,,,,,,,1.0,1.0,,,,,5117,,,,0.0,,0.0,,0.0
,,,0.05937499925494194,,0.8489583730697632,,,,,,,,,,,1.0,1.0,,,,,5118,,,,0.0,,0.0,,0.0
,,,0.056640625,,0.8203125,,,,,,,,,,,1.0,1.0,,,,,5119,,,,0.0,,0.0,,0.0
,,,0.0419921875,,0.8046875,,,,,,,,,,,1.0,1.0,,,,,5120,,,,0.0,,0.0,,0.0
,,,0.11068045347929001,,0.923311173915863,,,,,,,,,,,1.0,1.0,,,,,5121,,,,0.0,,0.0,,0.0
,,,0.0737847238779068,,0.9375,,,,,,,,,,,1.0,1.0,,,,,5122,,,,0.0,,0.0,,0.0
,,,0.06953124701976776,,0.9609375,,,,,,,,,,,1.0,1.0,,,,,5123,,,,0.0,,0.0,,0.0
,,,0.18355457484722137,,0.9734513163566589,,,,,,,,,,,1.0,1.0,,,,,5124,,,,0.0,,0.0,,0.0
,,,0.0772569477558136,,0.9609375,,,,,,,,,,,1.0,1.0,,,,,5125,,,,0.0,,0.0,,0.0
,,,0.078125,,0.953125,,,,,,,,,,,1.0,1.0,,,,,5126,,,,0.0,,0.0,,0.0
,,,0.11773288249969482,,0.9772727489471436,,,,,,,,,,,1.0,1.0,,,,,5127,,,,0.0,,0.0,,0.0
,,,0.03281249850988388,,0.9765625,,,,,,,,,,,1.0,1.0,,,,,5128,,,,0.0,,0.0,,0.0
,,,0.03046875074505806,,0.9140625,,,,,,,,,,,1.0,1.0,,,,,5129,,,,0.0,,0.0,,0.0
,,,0.08444444835186005,,0.9583333730697632,,,,,,,,,,,1.0,1.0,,,,,5130,,,,0.0,,0.0,,0.0
,,,0.0494791679084301,,0.890625,,,,,,,,,,,1.0,1.0,,,,,5131,,,,0.0,,0.0,,0.0
,,,0.04921875149011612,,0.8828125,,,,,,,,,,,1.0,1.0,,,,,5132,,,,0.0,,0.0,,0.0
,,,0.13175666332244873,,0.9175368547439575,,,,,,,,,,,1.0,1.0,,,,,5133,,,,0.0,,0.0,,0.0
,,,0.0685763880610466,,0.84375,,,,,,,,,,,1.0,1.0,,,,,5134,,,,0.0,,0.0,,0.0
,,,0.0703125,,0.8515625,,,,,,,,,,,1.0,1.0,,,,,5135,,,,0.0,,0.0,,0.0
,,,0.07112300395965576,,0.8077412843704224,,,,,,,,,,,1.0,1.0,,,,,5136,,,,0.0,,0.0,,0.0
,,,0.0147569440305233,,0.7265625,,,,,,,,,,,1.0,1.0,,,,,5137,,,,0.0,,0.0,,0.0
,,,0.015625,,0.7421875,,,,,,,,,,,1.0,1.0,,,,,5138,,,,0.0,,0.0,,0.0
,,,0.0651162788271904,,0.8070321083068848,,,,,,,,,,,1.0,1.0,,,,,5139,,,,0.0,,0.0,,0.0
,,,0.0607638880610466,,0.90625,,,,,,,,,,,1.0,1.0,,,,,5140,,,,0.0,,0.0,,0.0
,,,0.0555555559694767,,0.8828125,,,,,,,,,,,1.0,1.0,,,,,5141,,,,0.0,,0.0,,0.0
,,,0.0990355834364891,,0.9580977559089661,,,,,,,,,,,1.0,1.0,,,,,5142,,,,0.0,,0.0,,0.0
,,,0.03828125074505806,,0.7578125,,,,,,,,,,,1.0,1.0,,,,,5143,,,,0.0,,0.0,,0.0
,,,0.03828125074505806,,0.7890625,,,,,,,,,,,1.0,1.0,,,,,5144,,,,0.0,,0.0,,0.0
,,,0.122023805975914,,0.8258928656578064,,,,,,,,,,,1.0,1.0,,,,,5145,,,,0.0,,0.0,,0.0
,,,0.04296875,,0.859375,,,,,,,,,,,1.0,1.0,,,,,5146,,,,0.0,,0.0,,0.0
,,,0.02968749962747097,,0.84375,,,,,,,,,,,1.0,1.0,,,,,5147,,,,0.0,,0.0,,0.0
,,,0.053440384566783905,,0.8407148122787476,,,,,,,,,,,1.0,1.0,,,,,5148,,,,0.0,,0.0,,0.0
,,,0.0460069440305233,,0.8515625,,,,,,,,,,,1.0,1.0,,,,,5149,,,,0.0,,0.0,,0.0
,,,0.0503472238779068,,0.796875,,,,,,,,,,,1.0,1.0,,,,,5150,,,,0.0,,0.0,,0.0
,,,0.04035433009266853,,0.8503937125205994,,,,,,,,,,,1.0,1.0,,,,,5151,,,,0.0,,0.0,,0.0
55,0.43691354990005493,0.44688355922698975,,0.8732140064239502,,,,,,,,,,,,,,58.22644805908203,42379.390625,4.064339637756348,332.1343688964844,12375,,,0.0,,0.0,,0.0,
55,,,,,,0.6387318968772888,,0.9421209692955017,,15.168975830078125,,,,,,,,,,,,12375,1.9491667747497559,,,,,,,
,,,,,,,,,,,,,,0.00019250173448470697,0.03,,,,,,,12399,,,,,,,,
56,,,,,,,0.6578984260559082,,0.9406132698059082,,14.1328125,0.00019247019372414798,0.029999999329447746,,,1.0,1.0,,,,,12399,,1.7423038482666016,,,,,,
,,,,,,,,,,,,,,0.00019092525861182682,0.03,,,,,,,12449,,,,,,,,
56,,,,,,,0.6631883382797241,,0.9864305257797241,,16.15625,0.0001908937410917133,0.029999999329447746,,,1.0,1.0,,,,,12449,,2.058411121368408,,,,,,
,,,,,,,,,,,,,,0.00018934936119416004,0.03,,,,,,,12499,,,,,,,,
56,,,,,,,0.6331868171691895,,0.9581379890441895,,16.25,0.00018931785598397255,0.029999999329447746,,,1.0,1.0,,,,,12499,,2.296053886413574,,,,,,
,,,,,,,,,,,,,,0.0001877741405186602,0.03,,,,,,,12549,,,,,,,,
56,,,,,,,0.6333943605422974,,0.9319783449172974,,14.9296875,0.0001877426402643323,0.029999999329447746,,,1.0,1.0,,,,,12549,,1.8944683074951172,,,,,,
,,,0.04843749850988388,,0.921875,,,,,,,,,,,1.0,1.0,,,,,5152,,,,0.0,,0.0,,0.0
,,,0.0598958320915699,,0.8984375,,,,,,,,,,,1.0,1.0,,,,,5153,,,,0.0,,0.0,,0.0
,,,0.11815182119607925,,0.886322021484375,,,,,,,,,,,1.0,1.0,,,,,5154,,,,0.0,,0.0,,0.0
,,,0.05937499925494194,,0.890625,,,,,,,,,,,1.0,1.0,,,,,5155,,,,0.0,,0.0,,0.0
,,,0.05624999850988388,,0.90625,,,,,,,,,,,1.0,1.0,,,,,5156,,,,0.0,,0.0,,0.0
,,,0.07628205418586731,,0.759615421295166,,,,,,,,,,,1.0,1.0,,,,,5157,,,,0.0,,0.0,,0.0
,,,0.01406249962747097,,0.734375,,,,,,,,,,,1.0,1.0,,,,,5158,,,,0.0,,0.0,,0.0
,,,0.02421874925494194,,0.75,,,,,,,,,,,1.0,1.0,,,,,5159,,,,0.0,,0.0,,0.0
,,,0.06337907910346985,,0.8584905862808228,,,,,,,,,,,1.0,1.0,,,,,5160,,,,0.0,,0.0,,0.0
,,,0.05624999850988388,,0.921875,,,,,,,,,,,1.0,1.0,,,,,5161,,,,0.0,,0.0,,0.0
,,,0.0616319440305233,,0.9765625,,,,,,,,,,,1.0,1.0,,,,,5162,,,,0.0,,0.0,,0.0
,,,0.0659722238779068,,0.9453125,,,,,,,,,,,1.0,1.0,,,,,5163,,,,0.0,,0.0,,0.0
,,,0.13626667857170105,,0.9800000190734863,,,,,,,,,,,1.0,1.0,,,,,5164,,,,0.0,,0.0,,0.0
,,,0.06406249850988388,,0.9140625,,,,,,,,,,,1.0,1.0,,,,,5165,,,,0.0,,0.0,,0.0
,,,0.06406249850988388,,0.8828125,,,,,,,,,,,1.0,1.0,,,,,5166,,,,0.0,,0.0,,0.0
,,,0.09607844054698944,,0.8436040878295898,,,,,,,,,,,1.0,1.0,,,,,5167,,,,0.0,,0.0,,0.0
,,,0.0329861119389534,,0.7734375,,,,,,,,,,,1.0,1.0,,,,,5168,,,,0.0,,0.0,,0.0
,,,0.02968749962747097,,0.78125,,,,,,,,,,,1.0,1.0,,,,,5169,,,,0.0,,0.0,,0.0
,,,0.08549783378839493,,0.7943723201751709,,,,,,,,,,,1.0,1.0,,,,,5170,,,,0.0,,0.0,,0.0
,,,0.06015624850988388,,0.9375,,,,,,,,,,,1.0,1.0,,,,,5171,,,,0.0,,0.0,,0.0
,,,0.05546874925494194,,0.921875,,,,,,,,,,,1.0,1.0,,,,,5172,,,,0.0,,0.0,,0.0
,,,0.09242838621139526,,0.9292652606964111,,,,,,,,,,,1.0,1.0,,,,,5173,,,,0.0,,0.0,,0.0
,,,0.02578124962747097,,0.7890625,,,,,,,,,,,1.0,1.0,,,,,5174,,,,0.0,,0.0,,0.0
,,,0.02187499962747097,,0.8046875,,,,,,,,,,,1.0,1.0,,,,,5175,,,,0.0,,0.0,,0.0
,,,0.09147783368825912,,0.895566463470459,,,,,,,,,,,1.0,1.0,,,,,5176,,,,0.0,,0.0,,0.0
,,,0.05078125,,0.921875,,,,,,,,,,,1.0,1.0,,,,,5177,,,,0.0,,0.0,,0.0
,,,0.04609375074505806,,0.9296875,,,,,,,,,,,1.0,1.0,,,,,5178,,,,0.0,,0.0,,0.0
,,,0.10782390087842941,,0.8711949586868286,,,,,,,,,,,1.0,1.0,,,,,5179,,,,0.0,,0.0,,0.0
,,,0.0659722238779068,,0.8984375,,,,,,,,,,,1.0,1.0,,,,,5180,,,,0.0,,0.0,,0.0
,,,0.046875,,0.8671875,,,,,,,,,,,1.0,1.0,,,,,5181,,,,0.0,,0.0,,0.0
,,,0.11831586062908173,,0.9064295291900635,,,,,,,,,,,1.0,1.0,,,,,5182,,,,0.0,,0.0,,0.0
,,,0.05000000074505806,,0.90625,,,,,,,,,,,1.0,1.0,,,,,5183,,,,0.0,,0.0,,0.0
,,,0.05312500149011612,,0.9140625,,,,,,,,,,,1.0,1.0,,,,,5184,,,,0.0,,0.0,,0.0
,,,0.11029556393623352,,0.895566463470459,,,,,,,,,,,1.0,1.0,,,,,5185,,,,0.0,,0.0,,0.0
,,,0.06328125298023224,,0.9140625,,,,,,,,,,,1.0,1.0,,,,,5186,,,,0.0,,0.0,,0.0
,,,0.05234374850988388,,0.875,,,,,,,,,,,1.0,1.0,,,,,5187,,,,0.0,,0.0,,0.0
,,,0.07438219338655472,,0.7955713272094727,,,,,,,,,,,1.0,1.0,,,,,5188,,,,0.0,,0.0,,0.0
,,,0.0251736119389534,,0.7578125,,,,,,,,,,,1.0,1.0,,,,,5189,,,,0.0,,0.0,,0.0
,,,0.01640624925494194,,0.7421875,,,,,,,,,,,1.0,1.0,,,,,5190,,,,0.0,,0.0,,0.0
,,,0.07308913767337799,,0.8347985744476318,,,,,,,,,,,1.0,1.0,,,,,5191,,,,0.0,,0.0,,0.0
,,,0.05703125149011612,,0.9609375,,,,,,,,,,,1.0,1.0,,,,,5192,,,,0.0,,0.0,,0.0
,,,0.0598958320915699,,0.9609375,,,,,,,,,,,1.0,1.0,,,,,5193,,,,0.0,,0.0,,0.0
,,,0.15937499701976776,,0.9522727131843567,,,,,,,,,,,1.0,1.0,,,,,5194,,,,0.0,,0.0,,0.0
,,,0.06562499701976776,,0.9296875,,,,,,,,,,,1.0,1.0,,,,,5195,,,,0.0,,0.0,,0.0
,,,0.06406249850988388,,0.921875,,,,,,,,,,,1.0,1.0,,,,,5196,,,,0.0,,0.0,,0.0
,,,0.1052565723657608,,0.8679599761962891,,,,,,,,,,,1.0,1.0,,,,,5197,,,,0.0,,0.0,,0.0
,,,0.02812499925494194,,0.75,,,,,,,,,,,1.0,1.0,,,,,5198,,,,0.0,,0.0,,0.0
,,,0.02734375,,0.7890625,,,,,,,,,,,1.0,1.0,,,,,5199,,,,0.0,,0.0,,0.0
,,,0.03281249850988388,,0.78125,,,,,,,,,,,1.0,1.0,,,,,5200,,,,0.0,,0.0,,0.0
,,,0.05748031660914421,,0.9724409580230713,,,,,,,,,,,1.0,1.0,,,,,5201,,,,0.0,,0.0,,0.0
,,,0.05781250074505806,,0.9375,,,,,,,,,,,1.0,1.0,,,,,5202,,,,0.0,,0.0,,0.0
,,,0.0732421875,,0.9296875,,,,,,,,,,,1.0,1.0,,,,,5203,,,,0.0,,0.0,,0.0
,,,0.07097700983285904,,0.9224138259887695,,,,,,,,,,,1.0,1.0,,,,,5204,,,,0.0,,0.0,,0.0
,,,0.02656250074505806,,0.7421875,,,,,,,,,,,1.0,1.0,,,,,5205,,,,0.0,,0.0,,0.0
,,,0.02656250074505806,,0.8828125,,,,,,,,,,,1.0,1.0,,,,,5206,,,,0.0,,0.0,,0.0
,,,0.08976897597312927,,0.8492849469184875,,,,,,,,,,,1.0,1.0,,,,,5207,,,,0.0,,0.0,,0.0
,,,0.05156249925494194,,0.9453125,,,,,,,,,,,1.0,1.0,,,,,5208,,,,0.0,,0.0,,0.0
,,,0.04843749850988388,,0.921875,,,,,,,,,,,1.0,1.0,,,,,5209,,,,0.0,,0.0,,0.0
,,,0.11342592537403107,,0.8489583730697632,,,,,,,,,,,1.0,1.0,,,,,5210,,,,0.0,,0.0,,0.0
,,,0.05312500149011612,,0.890625,,,,,,,,,,,1.0,1.0,,,,,5211,,,,0.0,,0.0,,0.0
,,,0.0598958320915699,,0.875,,,,,,,,,,,1.0,1.0,,,,,5212,,,,0.0,,0.0,,0.0
,,,0.10359911620616913,,0.9235880374908447,,,,,,,,,,,1.0,1.0,,,,,5213,,,,0.0,,0.0,,0.0
,,,0.05000000074505806,,0.875,,,,,,,,,,,1.0,1.0,,,,,5214,,,,0.0,,0.0,,0.0
,,,0.0590277761220932,,0.9375,,,,,,,,,,,1.0,1.0,,,,,5215,,,,0.0,,0.0,,0.0
,,,0.11174041032791138,,0.9336283206939697,,,,,,,,,,,1.0,1.0,,,,,5216,,,,0.0,,0.0,,0.0
,,,0.06171875074505806,,0.8984375,,,,,,,,,,,1.0,1.0,,,,,5217,,,,0.0,,0.0,,0.0
,,,0.05546874925494194,,0.890625,,,,,,,,,,,1.0,1.0,,,,,5218,,,,0.0,,0.0,,0.0
,,,0.07292929291725159,,0.8318182229995728,,,,,,,,,,,1.0,1.0,,,,,5219,,,,0.0,,0.0,,0.0
,,,0.02500000037252903,,0.796875,,,,,,,,,,,1.0,1.0,,,,,5220,,,,0.0,,0.0,,0.0
,,,0.01875000074505806,,0.71875,,,,,,,,,,,1.0,1.0,,,,,5221,,,,0.0,,0.0,,0.0
,,,0.06870370358228683,,0.8629629611968994,,,,,,,,,,,1.0,1.0,,,,,5222,,,,0.0,,0.0,,0.0
,,,0.05703125149011612,,0.9765625,,,,,,,,,,,1.0,1.0,,,,,5223,,,,0.0,,0.0,,0.0
,,,0.05312500149011612,,0.9453125,,,,,,,,,,,1.0,1.0,,,,,5224,,,,0.0,,0.0,,0.0
,,,0.13876840472221375,,0.9597054719924927,,,,,,,,,,,1.0,1.0,,,,,5225,,,,0.0,,0.0,,0.0
,,,0.06640625,,0.921875,,,,,,,,,,,1.0,1.0,,,,,5226,,,,0.0,,0.0,,0.0
,,,0.06640625,,0.9140625,,,,,,,,,,,1.0,1.0,,,,,5227,,,,0.0,,0.0,,0.0
,,,0.09388846904039383,,0.8273491263389587,,,,,,,,,,,1.0,1.0,,,,,5228,,,,0.0,,0.0,,0.0
,,,0.0303819440305233,,0.7265625,,,,,,,,,,,1.0,1.0,,,,,5229,,,,0.0,,0.0,,0.0
,,,0.02734375,,0.8125,,,,,,,,,,,1.0,1.0,,,,,5230,,,,0.0,,0.0,,0.0
,,,0.11148025095462799,,0.8305647373199463,,,,,,,,,,,1.0,1.0,,,,,5231,,,,0.0,,0.0,,0.0
,,,0.05546874925494194,,0.9375,,,,,,,,,,,1.0,1.0,,,,,5232,,,,0.0,,0.0,,0.0
,,,0.05781250074505806,,0.9375,,,,,,,,,,,1.0,1.0,,,,,5233,,,,0.0,,0.0,,0.0
,,,0.1103757917881012,,0.9580977559089661,,,,,,,,,,,1.0,1.0,,,,,5234,,,,0.0,,0.0,,0.0
,,,0.02656250074505806,,0.8203125,,,,,,,,,,,1.0,1.0,,,,,5235,,,,0.0,,0.0,,0.0
,,,0.02187499962747097,,0.7421875,,,,,,,,,,,1.0,1.0,,,,,5236,,,,0.0,,0.0,,0.0
,,,0.11249999701976776,,0.9375,,,,,,,,,,,1.0,1.0,,,,,5237,,,,0.0,,0.0,,0.0
,,,0.04921875149011612,,0.9140625,,,,,,,,,,,1.0,1.0,,,,,5238,,,,0.0,,0.0,,0.0
,,,0.05156249925494194,,0.9296875,,,,,,,,,,,1.0,1.0,,,,,5239,,,,0.0,,0.0,,0.0
,,,0.09246309101581573,,0.8578088283538818,,,,,,,,,,,1.0,1.0,,,,,5240,,,,0.0,,0.0,,0.0
,,,0.080078125,,0.8828125,,,,,,,,,,,1.0,1.0,,,,,5241,,,,0.0,,0.0,,0.0
,,,0.046875,,0.875,,,,,,,,,,,1.0,1.0,,,,,5242,,,,0.0,,0.0,,0.0
,,,0.05748031660914421,,0.8897637724876404,,,,,,,,,,,1.0,1.0,,,,,5243,,,,0.0,,0.0,,0.0
56,0.43341362476348877,0.472199946641922,,0.8744180202484131,,,,,,,,,,,,,,57.684165954589844,41772.765625,4.054982662200928,341.32330322265625,12596,,,0.0,,0.0,,0.0,
56,,,,,,0.6325429081916809,,0.9322339296340942,,14.98462200164795,,,,,,,,,,,,12596,1.9008136987686157,,,,,,,
,,,,,,,,,,,,,,0.00018619969483007307,0.03,,,,,,,12599,,,,,,,,
57,,,,,,,0.6395795941352844,,0.9262006878852844,,14.328125,0.00018616821034811437,0.029999999329447746,,,1.0,1.0,,,,,12599,,1.909236192703247,,,,,,
,,,,,,,,,,,,,,0.0001846261223248098,0.03,,,,,,,12649,,,,,,,,
57,,,,,,,0.6140798330307007,,0.8945974111557007,,14.03125,0.00018459465354681015,0.029999999329447746,,,1.0,1.0,,,,,12649,,2.0222604274749756,,,,,,
,,,,,,,,,,,,,,0.00018305352114482166,0.03,,,,,,,12699,,,,,,,,
57,,,,,,,0.6430753469467163,,0.9524015188217163,,15.4609375,0.00018302208627574146,0.029999999329447746,,,1.0,1.0,,,,,12699,,1.8140459060668945,,,,,,
,,,,,,,,,,,,,,0.00018148198937147954,0.03,,,,,,,12749,,,,,,,,
57,,,,,,,0.6033105850219727,,0.8765039443969727,,13.65625,0.0001814505667425692,0.029999999329447746,,,1.0,1.0,,,,,12749,,2.095247983932495,,,,,,
,,,,,,,,,,,,,,0.00017991162501945697,0.03,,,,,,,12799,,,,,,,,
57,,,,,,,0.6443970203399658,,0.9210083484649658,,13.8359375,0.00017988022591453046,0.029999999329447746,,,1.0,1.0,,,,,12799,,2.34561824798584,,,,,,
,,,0.05390625074505806,,0.875,,,,,,,,,,,1.0,1.0,,,,,5244,,,,0.0,,0.0,,0.0
,,,0.05781250074505806,,0.8671875,,,,,,,,,,,1.0,1.0,,,,,5245,,,,0.0,,0.0,,0.0
,,,0.12706270813941956,,0.8949395418167114,,,,,,,,,,,1.0,1.0,,,,,5246,,,,0.0,,0.0,,0.0
,,,0.05078125,,0.8671875,,,,,,,,,,,1.0,1.0,,,,,5247,,,,0.0,,0.0,,0.0
,,,0.04843749850988388,,0.8671875,,,,,,,,,,,1.0,1.0,,,,,5248,,,,0.0,,0.0,,0.0
,,,0.09615384787321091,,0.9054487347602844,,,,,,,,,,,1.0,1.0,,,,,5249,,,,0.0,,0.0,,0.0
,,,0.04140625149011612,,0.890625,,,,,,,,,,,1.0,1.0,,,,,5250,,,,0.0,,0.0,,0.0
,,,0.0338541679084301,,0.9375,,,,,,,,,,,1.0,1.0,,,,,5251,,,,0.0,,0.0,,0.0
,,,0.0576329343020916,,0.7692967653274536,,,,,,,,,,,1.0,1.0,,,,,5252,,,,0.0,,0.0,,0.0
,,,0.02734375,,0.7734375,,,,,,,,,,,1.0,1.0,,,,,5253,,,,0.0,,0.0,,0.0
,,,0.02109375037252903,,0.8203125,,,,,,,,,,,1.0,1.0,,,,,5254,,,,0.0,,0.0,,0.0
,,,0.03515625,,0.796875,,,,,,,,,,,1.0,1.0,,,,,5255,,,,0.0,,0.0,,0.0
,,,0.10373333096504211,,0.8013333082199097,,,,,,,,,,,1.0,1.0,,,,,5256,,,,0.0,,0.0,,0.0
,,,0.083984375,,0.9296875,,,,,,,,,,,1.0,1.0,,,,,5257,,,,0.0,,0.0,,0.0
,,,0.0651041641831398,,0.9453125,,,,,,,,,,,1.0,1.0,,,,,5258,,,,0.0,,0.0,,0.0
,,,0.09962651878595352,,0.7796452045440674,,,,,,,,,,,1.0,1.0,,,,,5259,,,,0.0,,0.0,,0.0
,,,0.03125,,0.8359375,,,,,,,,,,,1.0,1.0,,,,,5260,,,,0.0,,0.0,,0.0
,,,0.02812499925494194,,0.7734375,,,,,,,,,,,1.0,1.0,,,,,5261,,,,0.0,,0.0,,0.0
,,,0.09664502739906311,,0.8804112672805786,,,,,,,,,,,1.0,1.0,,,,,5262,,,,0.0,,0.0,,0.0
,,,0.07734374701976776,,0.9609375,,,,,,,,,,,1.0,1.0,,,,,5263,,,,0.0,,0.0,,0.0
,,,0.0869140625,,0.984375,,,,,,,,,,,1.0,1.0,,,,,5264,,,,0.0,,0.0,,0.0
,,,0.08099626004695892,,0.9087172746658325,,,,,,,,,,,1.0,1.0,,,,,5265,,,,0.0,,0.0,,0.0
,,,0.01640624925494194,,0.8125,,,,,,,,,,,1.0,1.0,,,,,5266,,,,0.0,,0.0,,0.0
,,,0.02031249925494194,,0.7890625,,,,,,,,,,,1.0,1.0,,,,,5267,,,,0.0,,0.0,,0.0
,,,0.07256157696247101,,0.8697044253349304,,,,,,,,,,,1.0,1.0,,,,,5268,,,,0.0,,0.0,,0.0
,,,0.0625,,0.8046875,,,,,,,,,,,1.0,1.0,,,,,5269,,,,0.0,,0.0,,0.0
,,,0.0494791679084301,,0.875,,,,,,,,,,,1.0,1.0,,,,,5270,,,,0.0,,0.0,,0.0
,,,0.10138364881277084,,0.908930778503418,,,,,,,,,,,1.0,1.0,,,,,5271,,,,0.0,,0.0,,0.0
,,,0.0668402761220932,,0.953125,,,,,,,,,,,1.0,1.0,,,,,5272,,,,0.0,,0.0,,0.0
,,,0.046875,,0.90625,,,,,,,,,,,1.0,1.0,,,,,5273,,,,0.0,,0.0,,0.0
,,,0.12089984118938446,,0.9240766167640686,,,,,,,,,,,1.0,1.0,,,,,5274,,,,0.0,,0.0,,0.0
,,,0.06015624850988388,,0.84375,,,,,,,,,,,1.0,1.0,,,,,5275,,,,0.0,,0.0,,0.0
,,,0.0616319440305233,,0.8828125,,,,,,,,,,,1.0,1.0,,,,,5276,,,,0.0,,0.0,,0.0
,,,0.12802408635616302,,0.8854680061340332,,,,,,,,,,,1.0,1.0,,,,,5277,,,,0.0,,0.0,,0.0
,,,0.0546875,,0.875,,,,,,,,,,,1.0,1.0,,,,,5278,,,,0.0,,0.0,,0.0
,,,0.04531250149011612,,0.8515625,,,,,,,,,,,1.0,1.0,,,,,5279,,,,0.0,,0.0,,0.0
,,,0.08678737282752991,,0.885123610496521,,,,,,,,,,,1.0,1.0,,,,,5280,,,,0.0,,0.0,,0.0
,,,0.0434027761220932,,0.9375,,,,,,,,,,,1.0,1.0,,,,,5281,,,,0.0,,0.0,,0.0
,,,0.0329861119389534,,0.8828125,,,,,,,,,,,1.0,1.0,,,,,5282,,,,0.0,,0.0,,0.0
,,,0.059682540595531464,,0.7590965032577515,,,,,,,,,,,1.0,1.0,,,,,5283,,,,0.0,,0.0,,0.0
,,,0.02968749962747097,,0.828125,,,,,,,,,,,1.0,1.0,,,,,5284,,,,0.0,,0.0,,0.0
,,,0.02265625074505806,,0.8125,,,,,,,,,,,1.0,1.0,,,,,5285,,,,0.0,,0.0,,0.0
,,,0.10022726655006409,,0.8659090995788574,,,,,,,,,,,1.0,1.0,,,,,5286,,,,0.0,,0.0,,0.0
,,,0.078125,,0.9296875,,,,,,,,,,,1.0,1.0,,,,,5287,,,,0.0,,0.0,,0.0
,,,0.0703125,,0.9296875,,,,,,,,,,,1.0,1.0,,,,,5288,,,,0.0,,0.0,,0.0
,,,0.08041301369667053,,0.9346057176589966,,,,,,,,,,,1.0,1.0,,,,,5289,,,,0.0,,0.0,,0.0
,,,0.0295138880610466,,0.734375,,,,,,,,,,,1.0,1.0,,,,,5290,,,,0.0,,0.0,,0.0
,,,0.0234375,,0.828125,,,,,,,,,,,1.0,1.0,,,,,5291,,,,0.0,,0.0,,0.0
,,,0.0380859375,,0.8125,,,,,,,,,,,1.0,1.0,,,,,5292,,,,0.0,,0.0,,0.0
,,,0.08398950099945068,,0.4881889820098877,,,,,,,,,,,1.0,1.0,,,,,5293,,,,0.0,,0.0,,0.0
,,,0.0833333358168602,,0.9765625,,,,,,,,,,,1.0,1.0,,,,,5294,,,,0.0,,0.0,,0.0
,,,0.0755208358168602,,0.9765625,,,,,,,,,,,1.0,1.0,,,,,5295,,,,0.0,,0.0,,0.0
,,,0.05632183700799942,,0.9137930870056152,,,,,,,,,,,1.0,1.0,,,,,5296,,,,0.0,,0.0,,0.0
,,,0.01953125,,0.75,,,,,,,,,,,1.0,1.0,,,,,5297,,,,0.0,,0.0,,0.0
,,,0.01953125,,0.8515625,,,,,,,,,,,1.0,1.0,,,,,5298,,,,0.0,,0.0,,0.0
,,,0.0818970799446106,,0.8159148693084717,,,,,,,,,,,1.0,1.0,,,,,5299,,,,0.0,,0.0,,0.0
,,,0.0602678582072258,,0.8203125,,,,,,,,,,,1.0,1.0,,,,,5300,,,,0.0,,0.0,,0.0
,,,0.0595703125,,0.859375,,,,,,,,,,,1.0,1.0,,,,,5301,,,,0.0,,0.0,,0.0
,,,0.09791666269302368,,0.8802083730697632,,,,,,,,,,,1.0,1.0,,,,,5302,,,,0.0,,0.0,,0.0
,,,0.06015624850988388,,0.953125,,,,,,,,,,,1.0,1.0,,,,,5303,,,,0.0,,0.0,,0.0
,,,0.0512152761220932,,0.921875,,,,,,,,,,,1.0,1.0,,,,,5304,,,,0.0,,0.0,,0.0
,,,0.12157008051872253,,0.9180509448051453,,,,,,,,,,,1.0,1.0,,,,,5305,,,,0.0,,0.0,,0.0
,,,0.05859375,,0.8515625,,,,,,,,,,,1.0,1.0,,,,,5306,,,,0.0,,0.0,,0.0
,,,0.0732421875,,0.8984375,,,,,,,,,,,1.0,1.0,,,,,5307,,,,0.0,,0.0,,0.0
,,,0.12468042969703674,,0.9002950191497803,,,,,,,,,,,1.0,1.0,,,,,5308,,,,0.0,,0.0,,0.0
,,,0.05624999850988388,,0.859375,,,,,,,,,,,1.0,1.0,,,,,5309,,,,0.0,,0.0,,0.0
,,,0.0503472238779068,,0.890625,,,,,,,,,,,1.0,1.0,,,,,5310,,,,0.0,,0.0,,0.0
,,,0.07797980308532715,,0.9085858464241028,,,,,,,,,,,1.0,1.0,,,,,5311,,,,0.0,,0.0,,0.0
,,,0.03515625,,0.9375,,,,,,,,,,,1.0,1.0,,,,,5312,,,,0.0,,0.0,,0.0
,,,0.03437500074505806,,0.8359375,,,,,,,,,,,1.0,1.0,,,,,5313,,,,0.0,,0.0,,0.0
,,,0.05000000074505806,,0.845370352268219,,,,,,,,,,,1.0,1.0,,,,,5314,,,,0.0,,0.0,,0.0
,,,0.02265625074505806,,0.8125,,,,,,,,,,,1.0,1.0,,,,,5315,,,,0.0,,0.0,,0.0
,,,0.02890625037252903,,0.7890625,,,,,,,,,,,1.0,1.0,,,,,5316,,,,0.0,,0.0,,0.0
,,,0.11349397152662277,,0.8870147466659546,,,,,,,,,,,1.0,1.0,,,,,5317,,,,0.0,,0.0,,0.0
,,,0.0737847238779068,,0.9296875,,,,,,,,,,,1.0,1.0,,,,,5318,,,,0.0,,0.0,,0.0
,,,0.0720486119389534,,0.9296875,,,,,,,,,,,1.0,1.0,,,,,5319,,,,0.0,,0.0,,0.0
,,,0.07764197140932083,,0.8698751926422119,,,,,,,,,,,1.0,1.0,,,,,5320,,,,0.0,,0.0,,0.0
,,,0.0329861119389534,,0.796875,,,,,,,,,,,1.0,1.0,,,,,5321,,,,0.0,,0.0,,0.0
,,,0.02421874925494194,,0.78125,,,,,,,,,,,1.0,1.0,,,,,5322,,,,0.0,,0.0,,0.0
,,,0.13607420027256012,,0.8892580270767212,,,,,,,,,,,1.0,1.0,,,,,5323,,,,0.0,,0.0,,0.0
,,,0.0824652761220932,,0.9765625,,,,,,,,,,,1.0,1.0,,,,,5324,,,,0.0,,0.0,,0.0
,,,0.087890625,,0.9765625,,,,,,,,,,,1.0,1.0,,,,,5325,,,,0.0,,0.0,,0.0
,,,0.08856002241373062,,0.9522780179977417,,,,,,,,,,,1.0,1.0,,,,,5326,,,,0.0,,0.0,,0.0
,,,0.01640624925494194,,0.8203125,,,,,,,,,,,1.0,1.0,,,,,5327,,,,0.0,,0.0,,0.0
,,,0.01640624925494194,,0.71875,,,,,,,,,,,1.0,1.0,,,,,5328,,,,0.0,,0.0,,0.0
,,,0.1026785671710968,,0.8928571343421936,,,,,,,,,,,1.0,1.0,,,,,5329,,,,0.0,,0.0,,0.0
,,,0.05078125,,0.828125,,,,,,,,,,,1.0,1.0,,,,,5330,,,,0.0,,0.0,,0.0
,,,0.05859375,,0.8671875,,,,,,,,,,,1.0,1.0,,,,,5331,,,,0.0,,0.0,,0.0
,,,0.10558577626943588,,0.8449883460998535,,,,,,,,,,,1.0,1.0,,,,,5332,,,,0.0,,0.0,,0.0
,,,0.05781250074505806,,0.953125,,,,,,,,,,,1.0,1.0,,,,,5333,,,,0.0,,0.0,,0.0
,,,0.0598958320915699,,0.9296875,,,,,,,,,,,1.0,1.0,,,,,5334,,,,0.0,,0.0,,0.0
,,,0.05686789005994797,,0.9291338324546814,,,,,,,,,,,1.0,1.0,,,,,5335,,,,0.0,,0.0,,0.0
57,0.44949305057525635,0.4539155662059784,,0.873670756816864,,,,,,,,,,,,,,59.72793960571289,39423.8671875,4.089799880981445,323.6932373046875,12817,,,0.0,,0.0,,0.0,
57,,,,,,0.6316577792167664,,0.9286815524101257,,14.85131549835205,,,,,,,,,,,,12817,1.9243385791778564,,,,,,,
,,,,,,,,,,,,,,0.00017834252603061643,0.03,,,,,,,12849,,,,,,,,
58,,,,,,,0.6591942310333252,,0.9607079029083252,,15.078125,0.00017831115110311657,0.029999999329447746,,,1.0,1.0,,,,,12849,,2.0538840293884277,,,,,,
,,,,,,,,,,,,,,0.00017677479026790115,0.03,,,,,,,12899,,,,,,,,
58,,,,,,,0.6092437505722046,,0.9246734380722046,,15.765625,0.00017674344417173415,0.029999999329447746,,,1.0,1.0,,,,,12899,,1.9003291130065918,,,,,,
,,,,,,,,,,,,,,0.0001752085155092315,0.03,,,,,,,12949,,,,,,,,
58,,,,,,,0.6034480333328247,,0.9364558458328247,,16.65625,0.0001751772069837898,0.029999999329447746,,,1.0,1.0,,,,,12949,,1.8222709894180298,,,,,,
,,,,,,,,,,,,,,0.0001736437994414066,0.03,,,,,,,12999,,,,,,,,
58,,,,,,,0.6024560928344727,,0.8763818740844727,,13.6953125,0.00017361252685077488,0.029999999329447746,,,1.0,1.0,,,,,12999,,1.8042128086090088,,,,,,
,,,0.0751953125,,0.953125,,,,,,,,,,,1.0,1.0,,,,,5336,,,,0.0,,0.0,,0.0
,,,0.0830078125,,0.9453125,,,,,,,,,,,1.0,1.0,,,,,5337,,,,0.0,,0.0,,0.0
,,,0.1179317981004715,,0.9246424436569214,,,,,,,,,,,1.0,1.0,,,,,5338,,,,0.0,,0.0,,0.0
,,,0.0460069440305233,,0.90625,,,,,,,,,,,1.0,1.0,,,,,5339,,,,0.0,,0.0,,0.0
,,,0.04374999925494194,,0.8515625,,,,,,,,,,,1.0,1.0,,,,,5340,,,,0.0,,0.0,,0.0
,,,0.060256410390138626,,0.9054487347602844,,,,,,,,,,,1.0,1.0,,,,,5341,,,,0.0,,0.0,,0.0
,,,0.012500000186264515,,0.9296875,,,,,,,,,,,1.0,1.0,,,,,5342,,,,0.0,,0.0,,0.0
,,,0.0217013880610466,,0.921875,,,,,,,,,,,1.0,1.0,,,,,5343,,,,0.0,,0.0,,0.0
,,,0.03610634803771973,,0.8383362293243408,,,,,,,,,,,1.0,1.0,,,,,5344,,,,0.0,,0.0,,0.0
,,,0.02777777798473835,,0.796875,,,,,,,,,,,1.0,1.0,,,,,5345,,,,0.0,,0.0,,0.0
,,,0.02690972201526165,,0.7890625,,,,,,,,,,,1.0,1.0,,,,,5346,,,,0.0,,0.0,,0.0
,,,0.03437500074505806,,0.78125,,,,,,,,,,,1.0,1.0,,,,,5347,,,,0.0,,0.0,,0.0
,,,0.1117333322763443,,0.9679999947547913,,,,,,,,,,,1.0,1.0,,,,,5348,,,,0.0,,0.0,,0.0
,,,0.07265625149011612,,0.875,,,,,,,,,,,1.0,1.0,,,,,5349,,,,0.0,,0.0,,0.0
,,,0.06640625,,0.859375,,,,,,,,,,,1.0,1.0,,,,,5350,,,,0.0,,0.0,,0.0
,,,0.09019608050584793,,0.8949580192565918,,,,,,,,,,,1.0,1.0,,,,,5351,,,,0.0,,0.0,,0.0
,,,0.02421874925494194,,0.859375,,,,,,,,,,,1.0,1.0,,,,,5352,,,,0.0,,0.0,,0.0
,,,0.02578124962747097,,0.828125,,,,,,,,,,,1.0,1.0,,,,,5353,,,,0.0,,0.0,,0.0
,,,0.0727272778749466,,0.8273809552192688,,,,,,,,,,,1.0,1.0,,,,,5354,,,,0.0,,0.0,,0.0
,,,0.0529513880610466,,0.859375,,,,,,,,,,,1.0,1.0,,,,,5355,,,,0.0,,0.0,,0.0
,,,0.03593749925494194,,0.8984375,,,,,,,,,,,1.0,1.0,,,,,5356,,,,0.0,,0.0,,0.0
,,,0.0833623856306076,,0.8540472984313965,,,,,,,,,,,1.0,1.0,,,,,5357,,,,0.0,,0.0,,0.0
,,,0.03515625,,0.796875,,,,,,,,,,,1.0,1.0,,,,,5358,,,,0.0,,0.0,,0.0
,,,0.0407986119389534,,0.796875,,,,,,,,,,,1.0,1.0,,,,,5359,,,,0.0,,0.0,,0.0
,,,0.1040886640548706,,0.9128078818321228,,,,,,,,,,,1.0,1.0,,,,,5360,,,,0.0,,0.0,,0.0
,,,0.06640625,,0.953125,,,,,,,,,,,1.0,1.0,,,,,5361,,,,0.0,,0.0,,0.0
,,,0.05937499925494194,,0.953125,,,,,,,,,,,1.0,1.0,,,,,5362,,,,0.0,,0.0,,0.0
,,,0.1436198502779007,,0.896729588508606,,,,,,,,,,,1.0,1.0,,,,,5363,,,,0.0,,0.0,,0.0
,,,0.0868055522441864,,0.9453125,,,,,,,,,,,1.0,1.0,,,,,5364,,,,0.0,,0.0,,0.0
,,,0.0625,,0.90625,,,,,,,,,,,1.0,1.0,,,,,5365,,,,0.0,,0.0,,0.0
,,,0.14303085207939148,,0.9414500594139099,,,,,,,,,,,1.0,1.0,,,,,5366,,,,0.0,,0.0,,0.0
,,,0.0720486119389534,,0.9375,,,,,,,,,,,1.0,1.0,,,,,5367,,,,0.0,,0.0,,0.0
,,,0.0737847238779068,,0.984375,,,,,,,,,,,1.0,1.0,,,,,5368,,,,0.0,,0.0,,0.0
,,,0.12167488038539886,,0.9241379499435425,,,,,,,,,,,1.0,1.0,,,,,5369,,,,0.0,,0.0,,0.0
,,,0.0520833320915699,,0.8671875,,,,,,,,,,,1.0,1.0,,,,,5370,,,,0.0,,0.0,,0.0
,,,0.04296875,,0.8515625,,,,,,,,,,,1.0,1.0,,,,,5371,,,,0.0,,0.0,,0.0
,,,0.0645461231470108,,0.8985809087753296,,,,,,,,,,,1.0,1.0,,,,,5372,,,,0.0,,0.0,,0.0
,,,0.01640624925494194,,0.9375,,,,,,,,,,,1.0,1.0,,,,,5373,,,,0.0,,0.0,,0.0
,,,0.0173611119389534,,0.8984375,,,,,,,,,,,1.0,1.0,,,,,5374,,,,0.0,,0.0,,0.0
,,,0.03433455526828766,,0.8057386875152588,,,,,,,,,,,1.0,1.0,,,,,5375,,,,0.0,,0.0,,0.0
,,,0.02777777798473835,,0.8125,,,,,,,,,,,1.0,1.0,,,,,5376,,,,0.0,,0.0,,0.0
,,,0.02578124962747097,,0.8046875,,,,,,,,,,,1.0,1.0,,,,,5377,,,,0.0,,0.0,,0.0
,,,0.11886363476514816,,0.844318151473999,,,,,,,,,,,1.0,1.0,,,,,5378,,,,0.0,,0.0,,0.0
,,,0.0798611119389534,,0.8984375,,,,,,,,,,,1.0,1.0,,,,,5379,,,,0.0,,0.0,,0.0
,,,0.07187499850988388,,0.890625,,,,,,,,,,,1.0,1.0,,,,,5380,,,,0.0,,0.0,,0.0
,,,0.089737169444561,,0.8426157832145691,,,,,,,,,,,1.0,1.0,,,,,5381,,,,0.0,,0.0,,0.0
,,,0.02578124962747097,,0.7890625,,,,,,,,,,,1.0,1.0,,,,,5382,,,,0.0,,0.0,,0.0
,,,0.02578124962747097,,0.84375,,,,,,,,,,,1.0,1.0,,,,,5383,,,,0.0,,0.0,,0.0
,,,0.02500000037252903,,0.8125,,,,,,,,,,,1.0,1.0,,,,,5384,,,,0.0,,0.0,,0.0
,,,0.04803149774670601,,0.9370079040527344,,,,,,,,,,,1.0,1.0,,,,,5385,,,,0.0,,0.0,,0.0
,,,0.04609375074505806,,0.8828125,,,,,,,,,,,1.0,1.0,,,,,5386,,,,0.0,,0.0,,0.0
,,,0.0390625,,0.890625,,,,,,,,,,,1.0,1.0,,,,,5387,,,,0.0,,0.0,,0.0
,,,0.061206892132759094,,0.892241358757019,,,,,,,,,,,1.0,1.0,,,,,5388,,,,0.0,,0.0,,0.0
,,,0.03671874850988388,,0.78125,,,,,,,,,,,1.0,1.0,,,,,5389,,,,0.0,,0.0,,0.0
,,,0.0425347238779068,,0.8515625,,,,,,,,,,,1.0,1.0,,,,,5390,,,,0.0,,0.0,,0.0
,,,0.10212688148021698,,0.8604693412780762,,,,,,,,,,,1.0,1.0,,,,,5391,,,,0.0,,0.0,,0.0
,,,0.0659722238779068,,0.96875,,,,,,,,,,,1.0,1.0,,,,,5392,,,,0.0,,0.0,,0.0
,,,0.0685763880610466,,0.9375,,,,,,,,,,,1.0,1.0,,,,,5393,,,,0.0,,0.0,,0.0
,,,0.1197916716337204,,0.890625,,,,,,,,,,,1.0,1.0,,,,,5394,,,,0.0,,0.0,,0.0
,,,0.0850694477558136,,0.9296875,,,,,,,,,,,1.0,1.0,,,,,5395,,,,0.0,,0.0,,0.0
,,,0.06718750298023224,,0.9140625,,,,,,,,,,,1.0,1.0,,,,,5396,,,,0.0,,0.0,,0.0
,,,0.1464255005121231,,0.9706533551216125,,,,,,,,,,,1.0,1.0,,,,,5397,,,,0.0,,0.0,,0.0
,,,0.06328125298023224,,0.9296875,,,,,,,,,,,1.0,1.0,,,,,5398,,,,0.0,,0.0,,0.0
,,,0.080078125,,0.984375,,,,,,,,,,,1.0,1.0,,,,,5399,,,,0.0,,0.0,,0.0
,,,0.10842347145080566,,0.9513274431228638,,,,,,,,,,,1.0,1.0,,,,,5400,,,,0.0,,0.0,,0.0
,,,0.0546875,,0.8515625,,,,,,,,,,,1.0,1.0,,,,,5401,,,,0.0,,0.0,,0.0
,,,0.04296875,,0.8671875,,,,,,,,,,,1.0,1.0,,,,,5402,,,,0.0,,0.0,,0.0
,,,0.07485970854759216,,0.9176767468452454,,,,,,,,,,,1.0,1.0,,,,,5403,,,,0.0,,0.0,,0.0
,,,0.01875000074505806,,0.9375,,,,,,,,,,,1.0,1.0,,,,,5404,,,,0.0,,0.0,,0.0
,,,0.015625,,0.859375,,,,,,,,,,,1.0,1.0,,,,,5405,,,,0.0,,0.0,,0.0
,,,0.04037036746740341,,0.8638888597488403,,,,,,,,,,,1.0,1.0,,,,,5406,,,,0.0,,0.0,,0.0
,,,0.02777777798473835,,0.796875,,,,,,,,,,,1.0,1.0,,,,,5407,,,,0.0,,0.0,,0.0
,,,0.0338541679084301,,0.78125,,,,,,,,,,,1.0,1.0,,,,,5408,,,,0.0,,0.0,,0.0
,,,0.11729584634304047,,0.8305220603942871,,,,,,,,,,,1.0,1.0,,,,,5409,,,,0.0,,0.0,,0.0
,,,0.0824652761220932,,0.8984375,,,,,,,,,,,1.0,1.0,,,,,5410,,,,0.0,,0.0,,0.0
,,,0.0859375,,0.90625,,,,,,,,,,,1.0,1.0,,,,,5411,,,,0.0,,0.0,,0.0
,,,0.09067991375923157,,0.8110517263412476,,,,,,,,,,,1.0,1.0,,,,,5412,,,,0.0,,0.0,,0.0
,,,0.0251736119389534,,0.7890625,,,,,,,,,,,1.0,1.0,,,,,5413,,,,0.0,,0.0,,0.0
,,,0.02968749962747097,,0.8671875,,,,,,,,,,,1.0,1.0,,,,,5414,,,,0.0,,0.0,,0.0
,,,0.06140642613172531,,0.8480066061019897,,,,,,,,,,,1.0,1.0,,,,,5415,,,,0.0,,0.0,,0.0
,,,0.0564236119389534,,0.8359375,,,,,,,,,,,1.0,1.0,,,,,5416,,,,0.0,,0.0,,0.0
,,,0.04062499850988388,,0.90625,,,,,,,,,,,1.0,1.0,,,,,5417,,,,0.0,,0.0,,0.0
,,,0.09078815579414368,,0.9103757739067078,,,,,,,,,,,1.0,1.0,,,,,5418,,,,0.0,,0.0,,0.0
,,,0.0390625,,0.765625,,,,,,,,,,,1.0,1.0,,,,,5419,,,,0.0,,0.0,,0.0
,,,0.03359375149011612,,0.7890625,,,,,,,,,,,1.0,1.0,,,,,5420,,,,0.0,,0.0,,0.0
,,,0.12767857313156128,,0.9151785373687744,,,,,,,,,,,1.0,1.0,,,,,5421,,,,0.0,,0.0,,0.0
,,,0.05624999850988388,,0.96875,,,,,,,,,,,1.0,1.0,,,,,5422,,,,0.0,,0.0,,0.0
,,,0.06328125298023224,,0.984375,,,,,,,,,,,1.0,1.0,,,,,5423,,,,0.0,,0.0,,0.0
,,,0.11181041598320007,,0.9118103981018066,,,,,,,,,,,1.0,1.0,,,,,5424,,,,0.0,,0.0,,0.0
,,,0.07500000298023224,,0.9296875,,,,,,,,,,,1.0,1.0,,,,,5425,,,,0.0,,0.0,,0.0
,,,0.06875000149011612,,0.9140625,,,,,,,,,,,1.0,1.0,,,,,5426,,,,0.0,,0.0,,0.0
,,,0.10236220806837082,,0.9448819160461426,,,,,,,,,,,1.0,1.0,,,,,5427,,,,0.0,,0.0,,0.0
58,0.4399644136428833,0.4608362913131714,,0.8802163004875183,,,,,,,,,,,,,,60.75718688964844,40978.01171875,4.1068854331970215,324.4720764160156,13038,,,0.0,,0.0,,0.0,
58,,,,,,0.6280930042266846,,0.9239218831062317,,14.79139518737793,,,,,,,,,,,,13038,1.914811611175537,,,,,,,
,,,,,,,,,,,,,,0.000172080739654012,0.03,,,,,,,13049,,,,,,,,
59,,,,,,,0.6586781740188599,,0.9460316896438599,,14.3671875,0.00017204949108418077,0.029999999329447746,,,1.0,1.0,,,,,13049,,1.8490651845932007,,,,,,
,,,,,,,,,,,,,,0.00017051943363333247,0.03,,,,,,,13099,,,,,,,,
59,,,,,,,0.6281155347824097,,0.9247463941574097,,14.8359375,0.00017048823065124452,0.029999999329447746,,,1.0,1.0,,,,,13099,,2.032262086868286,,,,,,
,,,,,,,,,,,,,,0.00016895997875627264,0.03,,,,,,,13149,,,,,,,,
59,,,,,,,0.6133657693862915,,0.9290395975112915,,15.7890625,0.00016892880375962704,0.029999999329447746,,,1.0,1.0,,,,,13149,,1.8713204860687256,,,,,,
,,,,,,,,,,,,,,0.00016740247228428352,0.03,,,,,,,13199,,,,,,,,
59,,,,,,,0.6399111747741699,,0.9341006278991699,,14.7109375,0.0001673713413765654,0.029999999329447746,,,1.0,1.0,,,,,13199,,1.8113596439361572,,,,,,
,,,,,,,,,,,,,,0.00016584701135729607,0.03,,,,,,,13249,,,,,,,,
59,,,,,,,0.6114833354949951,,0.9320399761199951,,16.03125,0.00016581593081355095,0.029999999329447746,,,1.0,1.0,,,,,13249,,1.7928287982940674,,,,,,
,,,0.05000000074505806,,0.8359375,,,,,,,,,,,1.0,1.0,,,,,5428,,,,0.0,,0.0,,0.0
,,,0.05390625074505806,,0.859375,,,,,,,,,,,1.0,1.0,,,,,5429,,,,0.0,,0.0,,0.0
,,,0.13395673036575317,,0.8899890184402466,,,,,,,,,,,1.0,1.0,,,,,5430,,,,0.0,,0.0,,0.0
,,,0.07187499850988388,,0.9296875,,,,,,,,,,,1.0,1.0,,,,,5431,,,,0.0,,0.0,,0.0
,,,0.0746527761220932,,0.890625,,,,,,,,,,,1.0,1.0,,,,,5432,,,,0.0,,0.0,,0.0
,,,0.10078348219394684,,0.8669872283935547,,,,,,,,,,,1.0,1.0,,,,,5433,,,,0.0,,0.0,,0.0
,,,0.009765625,,0.9140625,,,,,,,,,,,1.0,1.0,,,,,5434,,,,0.0,,0.0,,0.0
,,,0.01640624925494194,,0.90625,,,,,,,,,,,1.0,1.0,,,,,5435,,,,0.0,,0.0,,0.0
,,,0.03573470562696457,,0.8829331398010254,,,,,,,,,,,1.0,1.0,,,,,5436,,,,0.0,,0.0,,0.0
,,,0.04296875,,0.9453125,,,,,,,,,,,1.0,1.0,,,,,5437,,,,0.0,,0.0,,0.0
,,,0.0355902761220932,,0.90625,,,,,,,,,,,1.0,1.0,,,,,5438,,,,0.0,,0.0,,0.0
,,,0.03671874850988388,,0.90625,,,,,,,,,,,1.0,1.0,,,,,5439,,,,0.0,,0.0,,0.0
,,,0.19433334469795227,,0.972000002861023,,,,,,,,,,,1.0,1.0,,,,,5440,,,,0.0,,0.0,,0.0
,,,0.099609375,,0.8828125,,,,,,,,,,,1.0,1.0,,,,,5441,,,,0.0,,0.0,,0.0
,,,0.0927734375,,0.890625,,,,,,,,,,,1.0,1.0,,,,,5442,,,,0.0,,0.0,,0.0
,,,0.14430958032608032,,0.915032684803009,,,,,,,,,,,1.0,1.0,,,,,5443,,,,0.0,,0.0,,0.0
,,,0.05859375,,0.953125,,,,,,,,,,,1.0,1.0,,,,,5444,,,,0.0,,0.0,,0.0
,,,0.05859375,,0.9609375,,,,,,,,,,,1.0,1.0,,,,,5445,,,,0.0,,0.0,,0.0
,,,0.07813852280378342,,0.8944805264472961,,,,,,,,,,,1.0,1.0,,,,,5446,,,,0.0,,0.0,,0.0
,,,0.02578124962747097,,0.828125,,,,,,,,,,,1.0,1.0,,,,,5447,,,,0.0,,0.0,,0.0
,,,0.01640624925494194,,0.828125,,,,,,,,,,,1.0,1.0,,,,,5448,,,,0.0,,0.0,,0.0
,,,0.05263594910502434,,0.7947696447372437,,,,,,,,,,,1.0,1.0,,,,,5449,,,,0.0,,0.0,,0.0
,,,0.015625,,0.7109375,,,,,,,,,,,1.0,1.0,,,,,5450,,,,0.0,,0.0,,0.0
,,,0.01822916604578495,,0.6953125,,,,,,,,,,,1.0,1.0,,,,,5451,,,,0.0,,0.0,,0.0
,,,0.07285714149475098,,0.7938423752784729,,,,,,,,,,,1.0,1.0,,,,,5452,,,,0.0,,0.0,,0.0
,,,0.04531250149011612,,0.8515625,,,,,,,,,,,1.0,1.0,,,,,5453,,,,0.0,,0.0,,0.0
,,,0.0537109375,,0.90625,,,,,,,,,,,1.0,1.0,,,,,5454,,,,0.0,,0.0,,0.0
,,,0.12742137908935547,,0.943899393081665,,,,,,,,,,,1.0,1.0,,,,,5455,,,,0.0,,0.0,,0.0
,,,0.06406249850988388,,0.9765625,,,,,,,,,,,1.0,1.0,,,,,5456,,,,0.0,,0.0,,0.0
,,,0.05624999850988388,,0.9453125,,,,,,,,,,,1.0,1.0,,,,,5457,,,,0.0,,0.0,,0.0
,,,0.12871257960796356,,0.900820791721344,,,,,,,,,,,1.0,1.0,,,,,5458,,,,0.0,,0.0,,0.0
,,,0.05312500149011612,,0.828125,,,,,,,,,,,1.0,1.0,,,,,5459,,,,0.0,,0.0,,0.0
,,,0.0572916679084301,,0.8828125,,,,,,,,,,,1.0,1.0,,,,,5460,,,,0.0,,0.0,,0.0
,,,0.12458127737045288,,0.8896551728248596,,,,,,,,,,,1.0,1.0,,,,,5461,,,,0.0,,0.0,,0.0
,,,0.0833333358168602,,0.9375,,,,,,,,,,,1.0,1.0,,,,,5462,,,,0.0,,0.0,,0.0
,,,0.08203125,,0.890625,,,,,,,,,,,1.0,1.0,,,,,5463,,,,0.0,,0.0,,0.0
,,,0.09738194942474365,,0.9007829427719116,,,,,,,,,,,1.0,1.0,,,,,5464,,,,0.0,,0.0,,0.0
,,,0.0164930559694767,,0.9140625,,,,,,,,,,,1.0,1.0,,,,,5465,,,,0.0,,0.0,,0.0
,,,0.01171875,,0.8515625,,,,,,,,,,,1.0,1.0,,,,,5466,,,,0.0,,0.0,,0.0
,,,0.041831500828266144,,0.8670330047607422,,,,,,,,,,,1.0,1.0,,,,,5467,,,,0.0,,0.0,,0.0
,,,0.03984374925494194,,0.96875,,,,,,,,,,,1.0,1.0,,,,,5468,,,,0.0,,0.0,,0.0
,,,0.0381944440305233,,0.9140625,,,,,,,,,,,1.0,1.0,,,,,5469,,,,0.0,,0.0,,0.0
,,,0.1263636350631714,,0.9352272748947144,,,,,,,,,,,1.0,1.0,,,,,5470,,,,0.0,,0.0,,0.0
,,,0.0902777761220932,,0.90625,,,,,,,,,,,1.0,1.0,,,,,5471,,,,0.0,,0.0,,0.0
,,,0.1005859375,,0.8828125,,,,,,,,,,,1.0,1.0,,,,,5472,,,,0.0,,0.0,,0.0
,,,0.1570018231868744,,0.9280350208282471,,,,,,,,,,,1.0,1.0,,,,,5473,,,,0.0,,0.0,,0.0
,,,0.0564236119389534,,0.9453125,,,,,,,,,,,1.0,1.0,,,,,5474,,,,0.0,,0.0,,0.0
,,,0.05624999850988388,,0.9453125,,,,,,,,,,,1.0,1.0,,,,,5475,,,,0.0,,0.0,,0.0
,,,0.06328125298023224,,0.953125,,,,,,,,,,,1.0,1.0,,,,,5476,,,,0.0,,0.0,,0.0
,,,0.13385826349258423,,0.9330708980560303,,,,,,,,,,,1.0,1.0,,,,,5477,,,,0.0,,0.0,,0.0
,,,0.02500000037252903,,0.8203125,,,,,,,,,,,1.0,1.0,,,,,5478,,,,0.0,,0.0,,0.0
,,,0.02109375037252903,,0.8515625,,,,,,,,,,,1.0,1.0,,,,,5479,,,,0.0,,0.0,,0.0
,,,0.03304597735404968,,0.6910919547080994,,,,,,,,,,,1.0,1.0,,,,,5480,,,,0.0,,0.0,,0.0
,,,0.01718750037252903,,0.6875,,,,,,,,,,,1.0,1.0,,,,,5481,,,,0.0,,0.0,,0.0
,,,0.0217013880610466,,0.703125,,,,,,,,,,,1.0,1.0,,,,,5482,,,,0.0,,0.0,,0.0
,,,0.07741107791662216,,0.8060139417648315,,,,,,,,,,,1.0,1.0,,,,,5483,,,,0.0,,0.0,,0.0
,,,0.04140625149011612,,0.8828125,,,,,,,,,,,1.0,1.0,,,,,5484,,,,0.0,,0.0,,0.0
,,,0.05859375,,0.875,,,,,,,,,,,1.0,1.0,,,,,5485,,,,0.0,,0.0,,0.0
,,,0.1145833358168602,,0.9479166269302368,,,,,,,,,,,1.0,1.0,,,,,5486,,,,0.0,,0.0,,0.0
,,,0.06328125298023224,,0.9609375,,,,,,,,,,,1.0,1.0,,,,,5487,,,,0.0,,0.0,,0.0
,,,0.0633680522441864,,0.9609375,,,,,,,,,,,1.0,1.0,,,,,5488,,,,0.0,,0.0,,0.0
,,,0.11544850468635559,,0.9125138521194458,,,,,,,,,,,1.0,1.0,,,,,5489,,,,0.0,,0.0,,0.0
,,,0.05312500149011612,,0.828125,,,,,,,,,,,1.0,1.0,,,,,5490,,,,0.0,,0.0,,0.0
,,,0.05234374850988388,,0.8984375,,,,,,,,,,,1.0,1.0,,,,,5491,,,,0.0,,0.0,,0.0
,,,0.13834808766841888,,0.8935103416442871,,,,,,,,,,,1.0,1.0,,,,,5492,,,,0.0,,0.0,,0.0
,,,0.091796875,,0.921875,,,,,,,,,,,1.0,1.0,,,,,5493,,,,0.0,,0.0,,0.0
,,,0.0763888880610466,,0.890625,,,,,,,,,,,1.0,1.0,,,,,5494,,,,0.0,,0.0,,0.0
,,,0.1026936024427414,,0.9363636374473572,,,,,,,,,,,1.0,1.0,,,,,5495,,,,0.0,,0.0,,0.0
,,,0.01718750037252903,,0.9140625,,,,,,,,,,,1.0,1.0,,,,,5496,,,,0.0,,0.0,,0.0
,,,0.00937500037252903,,0.8203125,,,,,,,,,,,1.0,1.0,,,,,5497,,,,0.0,,0.0,,0.0
,,,0.040740739554166794,,0.9333333373069763,,,,,,,,,,,1.0,1.0,,,,,5498,,,,0.0,,0.0,,0.0
,,,0.0390625,,0.9609375,,,,,,,,,,,1.0,1.0,,,,,5499,,,,0.0,,0.0,,0.0
,,,0.03125,,0.890625,,,,,,,,,,,1.0,1.0,,,,,5500,,,,0.0,,0.0,,0.0
,,,0.14844563603401184,,0.9476572871208191,,,,,,,,,,,1.0,1.0,,,,,5501,,,,0.0,,0.0,,0.0
,,,0.1160714253783226,,0.9140625,,,,,,,,,,,1.0,1.0,,,,,5502,,,,0.0,,0.0,,0.0
,,,0.1127232164144516,,0.8984375,,,,,,,,,,,1.0,1.0,,,,,5503,,,,0.0,,0.0,,0.0
,,,0.14048044383525848,,0.908708930015564,,,,,,,,,,,1.0,1.0,,,,,5504,,,,0.0,,0.0,,0.0
,,,0.05390625074505806,,0.953125,,,,,,,,,,,1.0,1.0,,,,,5505,,,,0.0,,0.0,,0.0
,,,0.05937499925494194,,0.953125,,,,,,,,,,,1.0,1.0,,,,,5506,,,,0.0,,0.0,,0.0
,,,0.0909314677119255,,0.935215950012207,,,,,,,,,,,1.0,1.0,,,,,5507,,,,0.0,,0.0,,0.0
,,,0.02421874925494194,,0.84375,,,,,,,,,,,1.0,1.0,,,,,5508,,,,0.0,,0.0,,0.0
,,,0.02109375037252903,,0.8203125,,,,,,,,,,,1.0,1.0,,,,,5509,,,,0.0,,0.0,,0.0
,,,0.04732291400432587,,0.803957462310791,,,,,,,,,,,1.0,1.0,,,,,5510,,,,0.0,,0.0,,0.0
,,,0.01796874962747097,,0.6953125,,,,,,,,,,,1.0,1.0,,,,,5511,,,,0.0,,0.0,,0.0
,,,0.01328125037252903,,0.71875,,,,,,,,,,,1.0,1.0,,,,,5512,,,,0.0,,0.0,,0.0
,,,0.1101190522313118,,0.7946428656578064,,,,,,,,,,,1.0,1.0,,,,,5513,,,,0.0,,0.0,,0.0
,,,0.0494791679084301,,0.84375,,,,,,,,,,,1.0,1.0,,,,,5514,,,,0.0,,0.0,,0.0
,,,0.046875,,0.90625,,,,,,,,,,,1.0,1.0,,,,,5515,,,,0.0,,0.0,,0.0
,,,0.11664724349975586,,0.9529914855957031,,,,,,,,,,,1.0,1.0,,,,,5516,,,,0.0,,0.0,,0.0
,,,0.0694444477558136,,0.96875,,,,,,,,,,,1.0,1.0,,,,,5517,,,,0.0,,0.0,,0.0
,,,0.05937499925494194,,0.9375,,,,,,,,,,,1.0,1.0,,,,,5518,,,,0.0,,0.0,,0.0
,,,0.07775590568780899,,0.9685039520263672,,,,,,,,,,,1.0,1.0,,,,,5519,,,,0.0,,0.0,,0.0
59,0.4435632824897766,0.4573470950126648,,0.882561206817627,,,,,,,,,,,,,,61.35322570800781,40448.28125,4.116647720336914,328.9396667480469,13259,,,0.0,,0.0,,0.0,
59,,,,,,0.6267810463905334,,0.9225537180900574,,14.788779258728027,,,,,,,,,,,,13259,1.902422308921814,,,,,,,
,,,,,,,,,,,,,,0.00016429369298766273,0.03,,,,,,,13299,,,,,,,,
60,,,,,,,0.6266356706619263,,0.9020262956619263,,13.7734375,0.00016426264483015984,0.029999999329447746,,,1.0,1.0,,,,,13299,,1.7839932441711426,,,,,,
,,,,,,,,,,,,,,0.00016274261405410732,0.03,,,,,,,13349,,,,,,,,
60,,,,,,,0.6340787410736084,,0.9902799129486084,,17.8125,0.00016271161439362913,0.029999999329447746,,,1.0,1.0,,,,,13349,,1.8985157012939453,,,,,,
,,,,,,,,,,,,,,0.0001611938712956825,0.03,,,,,,,13399,,,,,,,,
60,,,,,,,0.6187834739685059,,0.8990569114685059,,14.0078125,0.0001611629268154502,0.029999999329447746,,,1.0,1.0,,,,,13399,,1.82551908493042,,,,,,
,,,,,,,,,,,,,,0.00015964756130573633,0.03,,,,,,,13449,,,,,,,,
60,,,,,,,0.6187589764595032,,0.9634855389595032,,17.234375,0.00015961665485519916,0.029999999329447746,,,1.0,1.0,,,,,13449,,1.94077730178833,,,,,,
,,,0.0425347238779068,,0.8515625,,,,,,,,,,,1.0,1.0,,,,,5520,,,,0.0,,0.0,,0.0
,,,0.0512152761220932,,0.8828125,,,,,,,,,,,1.0,1.0,,,,,5521,,,,0.0,,0.0,,0.0
,,,0.1156582310795784,,0.8751375079154968,,,,,,,,,,,1.0,1.0,,,,,5522,,,,0.0,,0.0,,0.0
,,,0.07109375298023224,,0.9609375,,,,,,,,,,,1.0,1.0,,,,,5523,,,,0.0,,0.0,,0.0
,,,0.0791015625,,0.90625,,,,,,,,,,,1.0,1.0,,,,,5524,,,,0.0,,0.0,,0.0
,,,0.10754985362291336,,0.9503204822540283,,,,,,,,,,,1.0,1.0,,,,,5525,,,,0.0,,0.0,,0.0
,,,0.010416666977107525,,0.859375,,,,,,,,,,,1.0,1.0,,,,,5526,,,,0.0,,0.0,,0.0
,,,0.02187499962747097,,0.8515625,,,,,,,,,,,1.0,1.0,,,,,5527,,,,0.0,,0.0,,0.0
,,,0.03876500949263573,,0.8194682598114014,,,,,,,,,,,1.0,1.0,,,,,5528,,,,0.0,,0.0,,0.0
,,,0.03281249850988388,,0.84375,,,,,,,,,,,1.0,1.0,,,,,5529,,,,0.0,,0.0,,0.0
,,,0.0295138880610466,,0.8671875,,,,,,,,,,,1.0,1.0,,,,,5530,,,,0.0,,0.0,,0.0
,,,0.03984374925494194,,0.84375,,,,,,,,,,,1.0,1.0,,,,,5531,,,,0.0,,0.0,,0.0
,,,0.16562962532043457,,0.9760000109672546,,,,,,,,,,,1.0,1.0,,,,,5532,,,,0.0,,0.0,,0.0
,,,0.0815972238779068,,0.90625,,,,,,,,,,,1.0,1.0,,,,,5533,,,,0.0,,0.0,,0.0
,,,0.06953124701976776,,0.921875,,,,,,,,,,,1.0,1.0,,,,,5534,,,,0.0,,0.0,,0.0
,,,0.15084552764892578,,0.9318394064903259,,,,,,,,,,,1.0,1.0,,,,,5535,,,,0.0,,0.0,,0.0
,,,0.0732421875,,0.9609375,,,,,,,,,,,1.0,1.0,,,,,5536,,,,0.0,,0.0,,0.0
,,,0.05546874925494194,,0.9609375,,,,,,,,,,,1.0,1.0,,,,,5537,,,,0.0,,0.0,,0.0
,,,0.14177489280700684,,0.9420995712280273,,,,,,,,,,,1.0,1.0,,,,,5538,,,,0.0,,0.0,,0.0
,,,0.0825892835855484,,0.953125,,,,,,,,,,,1.0,1.0,,,,,5539,,,,0.0,,0.0,,0.0
,,,0.0625,,0.9453125,,,,,,,,,,,1.0,1.0,,,,,5540,,,,0.0,,0.0,,0.0
,,,0.09254185855388641,,0.881320059299469,,,,,,,,,,,1.0,1.0,,,,,5541,,,,0.0,,0.0,,0.0
,,,0.02578124962747097,,0.7578125,,,,,,,,,,,1.0,1.0,,,,,5542,,,,0.0,,0.0,,0.0
,,,0.02031249925494194,,0.8046875,,,,,,,,,,,1.0,1.0,,,,,5543,,,,0.0,,0.0,,0.0
,,,0.07399015128612518,,0.8554186820983887,,,,,,,,,,,1.0,1.0,,,,,5544,,,,0.0,,0.0,,0.0
,,,0.04921875149011612,,0.8203125,,,,,,,,,,,1.0,1.0,,,,,5545,,,,0.0,,0.0,,0.0
,,,0.0576171875,,0.859375,,,,,,,,,,,1.0,1.0,,,,,5546,,,,0.0,,0.0,,0.0
,,,0.13908804953098297,,0.7918238639831543,,,,,,,,,,,1.0,1.0,,,,,5547,,,,0.0,,0.0,,0.0
,,,0.0837053582072258,,0.8828125,,,,,,,,,,,1.0,1.0,,,,,5548,,,,0.0,,0.0,,0.0
,,,0.0538194440305233,,0.8203125,,,,,,,,,,,1.0,1.0,,,,,5549,,,,0.0,,0.0,,0.0
,,,0.10670314729213715,,0.8247606158256531,,,,,,,,,,,1.0,1.0,,,,,5550,,,,0.0,,0.0,,0.0
,,,0.046875,,0.859375,,,,,,,,,,,1.0,1.0,,,,,5551,,,,0.0,,0.0,,0.0
,,,0.0477430559694767,,0.8984375,,,,,,,,,,,1.0,1.0,,,,,5552,,,,0.0,,0.0,,0.0
,,,0.11512316018342972,,0.9024630784988403,,,,,,,,,,,1.0,1.0,,,,,5553,,,,0.0,,0.0,,0.0
,,,0.078125,,0.9375,,,,,,,,,,,1.0,1.0,,,,,5554,,,,0.0,,0.0,,0.0
,,,0.080078125,,0.90625,,,,,,,,,,,1.0,1.0,,,,,5555,,,,0.0,,0.0,,0.0
,,,0.0988771915435791,,0.9157083034515381,,,,,,,,,,,1.0,1.0,,,,,5556,,,,0.0,,0.0,,0.0
,,,0.01909722201526165,,0.875,,,,,,,,,,,1.0,1.0,,,,,5557,,,,0.0,,0.0,,0.0
,,,0.014843749813735485,,0.8125,,,,,,,,,,,1.0,1.0,,,,,5558,,,,0.0,,0.0,,0.0
,,,0.04529914632439613,,0.8362637758255005,,,,,,,,,,,1.0,1.0,,,,,5559,,,,0.0,,0.0,,0.0
,,,0.0364583320915699,,0.875,,,,,,,,,,,1.0,1.0,,,,,5560,,,,0.0,,0.0,,0.0
,,,0.02890625037252903,,0.890625,,,,,,,,,,,1.0,1.0,,,,,5561,,,,0.0,,0.0,,0.0
,,,0.1306818127632141,,0.8954545259475708,,,,,,,,,,,1.0,1.0,,,,,5562,,,,0.0,,0.0,,0.0
,,,0.0833333358168602,,0.921875,,,,,,,,,,,1.0,1.0,,,,,5563,,,,0.0,,0.0,,0.0
,,,0.0824652761220932,,0.9296875,,,,,,,,,,,1.0,1.0,,,,,5564,,,,0.0,,0.0,,0.0
,,,0.1490056961774826,,0.9427409172058105,,,,,,,,,,,1.0,1.0,,,,,5565,,,,0.0,,0.0,,0.0
,,,0.0607638880610466,,0.96875,,,,,,,,,,,1.0,1.0,,,,,5566,,,,0.0,,0.0,,0.0
,,,0.05781250074505806,,0.953125,,,,,,,,,,,1.0,1.0,,,,,5567,,,,0.0,,0.0,,0.0
,,,0.080078125,,0.9609375,,,,,,,,,,,1.0,1.0,,,,,5568,,,,0.0,,0.0,,0.0
,,,0.17322835326194763,,0.9724409580230713,,,,,,,,,,,1.0,1.0,,,,,5569,,,,0.0,,0.0,,0.0
,,,0.07421875,,0.9609375,,,,,,,,,,,1.0,1.0,,,,,5570,,,,0.0,,0.0,,0.0
,,,0.0837053582072258,,0.953125,,,,,,,,,,,1.0,1.0,,,,,5571,,,,0.0,,0.0,,0.0
,,,0.06752873212099075,,0.875,,,,,,,,,,,1.0,1.0,,,,,5572,,,,0.0,,0.0,,0.0
,,,0.02187499962747097,,0.734375,,,,,,,,,,,1.0,1.0,,,,,5573,,,,0.0,,0.0,,0.0
,,,0.02187499962747097,,0.859375,,,,,,,,,,,1.0,1.0,,,,,5574,,,,0.0,,0.0,,0.0
,,,0.08012467622756958,,0.857902467250824,,,,,,,,,,,1.0,1.0,,,,,5575,,,,0.0,,0.0,,0.0
,,,0.0520833320915699,,0.828125,,,,,,,,,,,1.0,1.0,,,,,5576,,,,0.0,,0.0,,0.0
,,,0.0572916679084301,,0.8671875,,,,,,,,,,,1.0,1.0,,,,,5577,,,,0.0,,0.0,,0.0
,,,0.1701388955116272,,0.8125,,,,,,,,,,,1.0,1.0,,,,,5578,,,,0.0,,0.0,,0.0
,,,0.0693359375,,0.875,,,,,,,,,,,1.0,1.0,,,,,5579,,,,0.0,,0.0,,0.0
,,,0.0590277761220932,,0.828125,,,,,,,,,,,1.0,1.0,,,,,5580,,,,0.0,,0.0,,0.0
,,,0.10748124122619629,,0.8468992114067078,,,,,,,,,,,1.0,1.0,,,,,5581,,,,0.0,,0.0,,0.0
,,,0.04374999925494194,,0.84375,,,,,,,,,,,1.0,1.0,,,,,5582,,,,0.0,,0.0,,0.0
,,,0.0486111119389534,,0.890625,,,,,,,,,,,1.0,1.0,,,,,5583,,,,0.0,,0.0,,0.0
,,,0.1250147521495819,,0.9067846536636353,,,,,,,,,,,1.0,1.0,,,,,5584,,,,0.0,,0.0,,0.0
,,,0.078125,,0.9296875,,,,,,,,,,,1.0,1.0,,,,,5585,,,,0.0,,0.0,,0.0
,,,0.0711805522441864,,0.90625,,,,,,,,,,,1.0,1.0,,,,,5586,,,,0.0,,0.0,,0.0
,,,0.09854096174240112,,0.9363636374473572,,,,,,,,,,,1.0,1.0,,,,,5587,,,,0.0,,0.0,,0.0
,,,0.02031249925494194,,0.84375,,,,,,,,,,,1.0,1.0,,,,,5588,,,,0.0,,0.0,,0.0
,,,0.01909722201526165,,0.8046875,,,,,,,,,,,1.0,1.0,,,,,5589,,,,0.0,,0.0,,0.0
,,,0.04277778044342995,,0.9055555462837219,,,,,,,,,,,1.0,1.0,,,,,5590,,,,0.0,,0.0,,0.0
,,,0.0338541679084301,,0.890625,,,,,,,,,,,1.0,1.0,,,,,5591,,,,0.0,,0.0,,0.0
,,,0.03281249850988388,,0.8671875,,,,,,,,,,,1.0,1.0,,,,,5592,,,,0.0,,0.0,,0.0
,,,0.13443104922771454,,0.8921017646789551,,,,,,,,,,,1.0,1.0,,,,,5593,,,,0.0,,0.0,,0.0
,,,0.0824652761220932,,0.921875,,,,,,,,,,,1.0,1.0,,,,,5594,,,,0.0,,0.0,,0.0
,,,0.07265625149011612,,0.9375,,,,,,,,,,,1.0,1.0,,,,,5595,,,,0.0,,0.0,,0.0
,,,0.13974478840827942,,0.9281894564628601,,,,,,,,,,,1.0,1.0,,,,,5596,,,,0.0,,0.0,,0.0
,,,0.0732421875,,0.953125,,,,,,,,,,,1.0,1.0,,,,,5597,,,,0.0,,0.0,,0.0
,,,0.05781250074505806,,0.96875,,,,,,,,,,,1.0,1.0,,,,,5598,,,,0.0,,0.0,,0.0
,,,0.12104097008705139,,0.9590254426002502,,,,,,,,,,,1.0,1.0,,,,,5599,,,,0.0,,0.0,,0.0
,,,0.0814732164144516,,0.9453125,,,,,,,,,,,1.0,1.0,,,,,5600,,,,0.0,,0.0,,0.0
,,,0.072265625,,0.9609375,,,,,,,,,,,1.0,1.0,,,,,5601,,,,0.0,,0.0,,0.0
,,,0.1150648444890976,,0.9097106456756592,,,,,,,,,,,1.0,1.0,,,,,5602,,,,0.0,,0.0,,0.0
,,,0.02734375,,0.7578125,,,,,,,,,,,1.0,1.0,,,,,5603,,,,0.0,,0.0,,0.0
,,,0.01640624925494194,,0.75,,,,,,,,,,,1.0,1.0,,,,,5604,,,,0.0,,0.0,,0.0
,,,0.09910714626312256,,0.8973214626312256,,,,,,,,,,,1.0,1.0,,,,,5605,,,,0.0,,0.0,,0.0
,,,0.056640625,,0.8359375,,,,,,,,,,,1.0,1.0,,,,,5606,,,,0.0,,0.0,,0.0
,,,0.060546875,,0.875,,,,,,,,,,,1.0,1.0,,,,,5607,,,,0.0,,0.0,,0.0
,,,0.1093844473361969,,0.695804238319397,,,,,,,,,,,1.0,1.0,,,,,5608,,,,0.0,,0.0,,0.0
,,,0.0825892835855484,,0.8671875,,,,,,,,,,,1.0,1.0,,,,,5609,,,,0.0,,0.0,,0.0
,,,0.0546875,,0.84375,,,,,,,,,,,1.0,1.0,,,,,5610,,,,0.0,,0.0,,0.0
,,,0.0832396000623703,,0.834645688533783,,,,,,,,,,,1.0,1.0,,,,,5611,,,,0.0,,0.0,,0.0
60,0.4582439959049225,0.4804306626319885,,0.8829493522644043,,,,,,,,,,,,,,61.92131805419922,40546.6875,4.125864505767822,321.6849670410156,13480,,,0.0,,0.0,,0.0,
60,,,,,,0.6240012645721436,,0.9186244606971741,,14.73129940032959,,,,,,,,,,,,13480,1.8802151679992676,,,,,,,
,,,,,,,,,,,,,,0.0001581037805258877,0.03,,,,,,,13499,,,,,,,,
61,,,,,,,0.6356891393661499,,0.9396442174911499,,15.1953125,0.0001580729294801131,0.029999999329447746,,,1.0,1.0,,,,,13499,,2.129889726638794,,,,,,
,,,,,,,,,,,,,,0.00015656262524001158,0.03,,,,,,,13549,,,,,,,,
61,,,,,,,0.610608696937561,,0.887708306312561,,13.8515625,0.00015653182344976813,0.029999999329447746,,,1.0,1.0,,,,,13549,,1.9283702373504639,,,,,,
,,,,,,,,,,,,,,0.0001550241915682337,0.03,,,,,,,13599,,,,,,,,
61,,,,,,,0.6228659152984619,,0.9111959934234619,,14.4140625,0.0001549934531794861,0.029999999329447746,,,1.0,1.0,,,,,13599,,1.7267498970031738,,,,,,
,,,,,,,,,,,,,,0.0001534885754609361,0.03,,,,,,,13649,,,,,,,,
61,,,,,,,0.6245855093002319,,0.9209722280502319,,14.8203125,0.00015345789142884314,0.029999999329447746,,,1.0,1.0,,,,,13649,,2.154815673828125,,,,,,
,,,,,,,,,,,,,,0.0001519558726927723,0.03,,,,,,,13699,,,,,,,,
61,,,,,,,0.6431279182434082,,0.9172978401184082,,13.7109375,0.0001519252546131611,0.029999999329447746,,,1.0,1.0,,,,,13699,,1.8165650367736816,,,,,,
,,,0.06718750298023224,,0.890625,,,,,,,,,,,1.0,1.0,,,,,5612,,,,0.0,,0.0,,0.0
,,,0.0824652761220932,,0.90625,,,,,,,,,,,1.0,1.0,,,,,5613,,,,0.0,,0.0,,0.0
,,,0.15276861190795898,,0.9171250462532043,,,,,,,,,,,1.0,1.0,,,,,5614,,,,0.0,,0.0,,0.0
,,,0.0876736119389534,,0.984375,,,,,,,,,,,1.0,1.0,,,,,5615,,,,0.0,,0.0,,0.0
,,,0.0763888880610466,,0.9453125,,,,,,,,,,,1.0,1.0,,,,,5616,,,,0.0,,0.0,,0.0
,,,0.10256410390138626,,0.8557692170143127,,,,,,,,,,,1.0,1.0,,,,,5617,,,,0.0,,0.0,,0.0
,,,0.01875000074505806,,0.8203125,,,,,,,,,,,1.0,1.0,,,,,5618,,,,0.0,,0.0,,0.0
,,,0.02421874925494194,,0.765625,,,,,,,,,,,1.0,1.0,,,,,5619,,,,0.0,,0.0,,0.0
,,,0.07075472176074982,,0.808319091796875,,,,,,,,,,,1.0,1.0,,,,,5620,,,,0.0,,0.0,,0.0
,,,0.05859375,,0.9140625,,,,,,,,,,,1.0,1.0,,,,,5621,,,,0.0,,0.0,,0.0
,,,0.06015624850988388,,0.9375,,,,,,,,,,,1.0,1.0,,,,,5622,,,,0.0,,0.0,,0.0
,,,0.06015624850988388,,0.9140625,,,,,,,,,,,1.0,1.0,,,,,5623,,,,0.0,,0.0,,0.0
,,,0.18333333730697632,,0.9839999675750732,,,,,,,,,,,1.0,1.0,,,,,5624,,,,0.0,,0.0,,0.0
,,,0.08984375,,0.9453125,,,,,,,,,,,1.0,1.0,,,,,5625,,,,0.0,,0.0,,0.0
,,,0.0703125,,0.9140625,,,,,,,,,,,1.0,1.0,,,,,5626,,,,0.0,,0.0,,0.0
,,,0.12656915187835693,,0.970588207244873,,,,,,,,,,,1.0,1.0,,,,,5627,,,,0.0,,0.0,,0.0
,,,0.0390625,,0.9609375,,,,,,,,,,,1.0,1.0,,,,,5628,,,,0.0,,0.0,,0.0
,,,0.03359375149011612,,1.0,,,,,,,,,,,1.0,1.0,,,,,5629,,,,0.0,,0.0,,0.0
,,,0.07359307259321213,,0.8652597665786743,,,,,,,,,,,1.0,1.0,,,,,5630,,,,0.0,,0.0,,0.0
,,,0.03984374925494194,,0.8359375,,,,,,,,,,,1.0,1.0,,,,,5631,,,,0.0,,0.0,,0.0
,,,0.03359375149011612,,0.7734375,,,,,,,,,,,1.0,1.0,,,,,5632,,,,0.0,,0.0,,0.0
,,,0.07835616171360016,,0.8244084715843201,,,,,,,,,,,1.0,1.0,,,,,5633,,,,0.0,,0.0,,0.0
,,,0.03203124925494194,,0.75,,,,,,,,,,,1.0,1.0,,,,,5634,,,,0.0,,0.0,,0.0
,,,0.03203124925494194,,0.75,,,,,,,,,,,1.0,1.0,,,,,5635,,,,0.0,,0.0,,0.0
,,,0.07881774008274078,,0.8598521947860718,,,,,,,,,,,1.0,1.0,,,,,5636,,,,0.0,,0.0,,0.0
,,,0.0390625,,0.90625,,,,,,,,,,,1.0,1.0,,,,,5637,,,,0.0,,0.0,,0.0
,,,0.0400390625,,0.9609375,,,,,,,,,,,1.0,1.0,,,,,5638,,,,0.0,,0.0,,0.0
,,,0.08341020345687866,,0.8656604290008545,,,,,,,,,,,1.0,1.0,,,,,5639,,,,0.0,,0.0,,0.0
,,,0.04531250149011612,,0.8671875,,,,,,,,,,,1.0,1.0,,,,,5640,,,,0.0,,0.0,,0.0
,,,0.0390625,,0.75,,,,,,,,,,,1.0,1.0,,,,,5641,,,,0.0,,0.0,,0.0
,,,0.12856057286262512,,0.92366623878479,,,,,,,,,,,1.0,1.0,,,,,5642,,,,0.0,,0.0,,0.0
,,,0.07109375298023224,,0.875,,,,,,,,,,,1.0,1.0,,,,,5643,,,,0.0,,0.0,,0.0
,,,0.07265625149011612,,0.8828125,,,,,,,,,,,1.0,1.0,,,,,5644,,,,0.0,,0.0,,0.0
,,,0.1744389832019806,,0.9339901208877563,,,,,,,,,,,1.0,1.0,,,,,5645,,,,0.0,,0.0,,0.0
,,,0.07734374701976776,,0.9609375,,,,,,,,,,,1.0,1.0,,,,,5646,,,,0.0,,0.0,,0.0
,,,0.0755208358168602,,0.9375,,,,,,,,,,,1.0,1.0,,,,,5647,,,,0.0,,0.0,,0.0
,,,0.0968925878405571,,0.8500122427940369,,,,,,,,,,,1.0,1.0,,,,,5648,,,,0.0,,0.0,,0.0
,,,0.02265625074505806,,0.796875,,,,,,,,,,,1.0,1.0,,,,,5649,,,,0.0,,0.0,,0.0
,,,0.01953125,,0.7421875,,,,,,,,,,,1.0,1.0,,,,,5650,,,,0.0,,0.0,,0.0
,,,0.07919414341449738,,0.8035409450531006,,,,,,,,,,,1.0,1.0,,,,,5651,,,,0.0,,0.0,,0.0
,,,0.06015624850988388,,0.9296875,,,,,,,,,,,1.0,1.0,,,,,5652,,,,0.0,,0.0,,0.0
,,,0.0668402761220932,,0.9453125,,,,,,,,,,,1.0,1.0,,,,,5653,,,,0.0,,0.0,,0.0
,,,0.15984848141670227,,0.9295454621315002,,,,,,,,,,,1.0,1.0,,,,,5654,,,,0.0,,0.0,,0.0
,,,0.091796875,,0.9375,,,,,,,,,,,1.0,1.0,,,,,5655,,,,0.0,,0.0,,0.0
,,,0.0849609375,,0.96875,,,,,,,,,,,1.0,1.0,,,,,5656,,,,0.0,,0.0,,0.0
,,,0.12234042584896088,,0.9280350208282471,,,,,,,,,,,1.0,1.0,,,,,5657,,,,0.0,,0.0,,0.0
,,,0.0381944440305233,,0.953125,,,,,,,,,,,1.0,1.0,,,,,5658,,,,0.0,,0.0,,0.0
,,,0.03515625,,0.953125,,,,,,,,,,,1.0,1.0,,,,,5659,,,,0.0,,0.0,,0.0
,,,0.0390625,,0.9609375,,,,,,,,,,,1.0,1.0,,,,,5660,,,,0.0,,0.0,,0.0
,,,0.03228346258401871,,0.9094488620758057,,,,,,,,,,,1.0,1.0,,,,,5661,,,,0.0,,0.0,,0.0
,,,0.03984374925494194,,0.8203125,,,,,,,,,,,1.0,1.0,,,,,5662,,,,0.0,,0.0,,0.0
,,,0.03984374925494194,,0.8046875,,,,,,,,,,,1.0,1.0,,,,,5663,,,,0.0,,0.0,,0.0
,,,0.05862069129943848,,0.7916666269302368,,,,,,,,,,,1.0,1.0,,,,,5664,,,,0.0,,0.0,,0.0
,,,0.03359375149011612,,0.7109375,,,,,,,,,,,1.0,1.0,,,,,5665,,,,0.0,,0.0,,0.0
,,,0.03281249850988388,,0.7734375,,,,,,,,,,,1.0,1.0,,,,,5666,,,,0.0,,0.0,,0.0
,,,0.08133479952812195,,0.8777044415473938,,,,,,,,,,,1.0,1.0,,,,,5667,,,,0.0,,0.0,,0.0
,,,0.03281249850988388,,0.9375,,,,,,,,,,,1.0,1.0,,,,,5668,,,,0.0,,0.0,,0.0
,,,0.0399305559694767,,0.9296875,,,,,,,,,,,1.0,1.0,,,,,5669,,,,0.0,,0.0,,0.0
,,,0.07407407462596893,,0.8645833730697632,,,,,,,,,,,1.0,1.0,,,,,5670,,,,0.0,,0.0,,0.0
,,,0.0503472238779068,,0.8671875,,,,,,,,,,,1.0,1.0,,,,,5671,,,,0.0,,0.0,,0.0
,,,0.0512152761220932,,0.7734375,,,,,,,,,,,1.0,1.0,,,,,5672,,,,0.0,,0.0,,0.0
,,,0.12390796840190887,,0.8820598125457764,,,,,,,,,,,1.0,1.0,,,,,5673,,,,0.0,,0.0,,0.0
,,,0.0807291641831398,,0.8828125,,,,,,,,,,,1.0,1.0,,,,,5674,,,,0.0,,0.0,,0.0
,,,0.07109375298023224,,0.875,,,,,,,,,,,1.0,1.0,,,,,5675,,,,0.0,,0.0,,0.0
,,,0.17738446593284607,,0.9867256879806519,,,,,,,,,,,1.0,1.0,,,,,5676,,,,0.0,,0.0,,0.0
,,,0.0868055522441864,,0.953125,,,,,,,,,,,1.0,1.0,,,,,5677,,,,0.0,,0.0,,0.0
,,,0.0763888880610466,,0.953125,,,,,,,,,,,1.0,1.0,,,,,5678,,,,0.0,,0.0,,0.0
,,,0.11171716451644897,,0.8818181753158569,,,,,,,,,,,1.0,1.0,,,,,5679,,,,0.0,,0.0,,0.0
,,,0.02578124962747097,,0.7890625,,,,,,,,,,,1.0,1.0,,,,,5680,,,,0.0,,0.0,,0.0
,,,0.01796874962747097,,0.7109375,,,,,,,,,,,1.0,1.0,,,,,5681,,,,0.0,,0.0,,0.0
,,,0.07942386716604233,,0.8490740656852722,,,,,,,,,,,1.0,1.0,,,,,5682,,,,0.0,,0.0,,0.0
,,,0.06015624850988388,,0.9453125,,,,,,,,,,,1.0,1.0,,,,,5683,,,,0.0,,0.0,,0.0
,,,0.05859375,,0.90625,,,,,,,,,,,1.0,1.0,,,,,5684,,,,0.0,,0.0,,0.0
,,,0.18852075934410095,,0.9597054719924927,,,,,,,,,,,1.0,1.0,,,,,5685,,,,0.0,,0.0,,0.0
,,,0.0908203125,,0.9453125,,,,,,,,,,,1.0,1.0,,,,,5686,,,,0.0,,0.0,,0.0
,,,0.0849609375,,0.9453125,,,,,,,,,,,1.0,1.0,,,,,5687,,,,0.0,,0.0,,0.0
,,,0.10822510719299316,,0.9120193719863892,,,,,,,,,,,1.0,1.0,,,,,5688,,,,0.0,,0.0,,0.0
,,,0.0355902761220932,,0.953125,,,,,,,,,,,1.0,1.0,,,,,5689,,,,0.0,,0.0,,0.0
,,,0.03671874850988388,,0.9765625,,,,,,,,,,,1.0,1.0,,,,,5690,,,,0.0,,0.0,,0.0
,,,0.07050572335720062,,0.8995016813278198,,,,,,,,,,,1.0,1.0,,,,,5691,,,,0.0,,0.0,,0.0
,,,0.03750000149011612,,0.8203125,,,,,,,,,,,1.0,1.0,,,,,5692,,,,0.0,,0.0,,0.0
,,,0.03437500074505806,,0.7734375,,,,,,,,,,,1.0,1.0,,,,,5693,,,,0.0,,0.0,,0.0
,,,0.08742932975292206,,0.8310608863830566,,,,,,,,,,,1.0,1.0,,,,,5694,,,,0.0,,0.0,,0.0
,,,0.03359375149011612,,0.7265625,,,,,,,,,,,1.0,1.0,,,,,5695,,,,0.0,,0.0,,0.0
,,,0.02968749962747097,,0.734375,,,,,,,,,,,1.0,1.0,,,,,5696,,,,0.0,,0.0,,0.0
,,,0.0982142835855484,,0.8928571343421936,,,,,,,,,,,1.0,1.0,,,,,5697,,,,0.0,,0.0,,0.0
,,,0.0373263880610466,,0.921875,,,,,,,,,,,1.0,1.0,,,,,5698,,,,0.0,,0.0,,0.0
,,,0.03437500074505806,,0.9453125,,,,,,,,,,,1.0,1.0,,,,,5699,,,,0.0,,0.0,,0.0
,,,0.05723905563354492,,0.8294483423233032,,,,,,,,,,,1.0,1.0,,,,,5700,,,,0.0,,0.0,,0.0
,,,0.0494791679084301,,0.859375,,,,,,,,,,,1.0,1.0,,,,,5701,,,,0.0,,0.0,,0.0
,,,0.03984374925494194,,0.7890625,,,,,,,,,,,1.0,1.0,,,,,5702,,,,0.0,,0.0,,0.0
,,,0.05686789005994797,,0.834645688533783,,,,,,,,,,,1.0,1.0,,,,,5703,,,,0.0,,0.0,,0.0
61,0.4497491121292114,0.4850923418998718,,0.8761248588562012,,,,,,,,,,,,,,62.09677505493164,42318.97265625,4.1286940574646,325.1407775878906,13701,,,0.0,,0.0,,0.0,
61,,,,,,0.6195876598358154,,0.9114141464233398,,14.591134071350098,,,,,,,,,,,,13701,1.8923907279968262,,,,,,,
,,,,,,,,,,,,,,0.000150426178856694,0.03,,,,,,,13749,,,,,,,,
62,,,,,,,0.629966139793396,,0.914634108543396,,14.234375,0.00015039561549201608,0.029999999329447746,,,1.0,1.0,,,,,13749,,1.7806705236434937,,,,,,
,,,,,,,,,,,,,,0.0001488995893579893,0.03,,,,,,,13799,,,,,,,,
62,,,,,,,0.6352394819259644,,0.9345558881759644,,14.96875,0.00014886909048072994,0.029999999329447746,,,1.0,1.0,,,,,13799,,1.804283857345581,,,,,,
,,,,,,,,,,,,,,0.00014737619940833222,0.03,,,,,,,13849,,,,,,,,
62,,,,,,,0.6090494394302368,,0.8756510019302368,,13.328125,0.00014734576689079404,0.029999999329447746,,,1.0,1.0,,,,,13849,,1.7327841520309448,,,,,,
,,,,,,,,,,,,,,0.00014585610401984458,0.03,,,,,,,13899,,,,,,,,
62,,,,,,,0.6212833523750305,,0.8781192898750305,,12.8359375,0.00014582573203369975,0.029999999329447746,,,1.0,1.0,,,,,13899,,1.7338297367095947,,,,,,
,,,0.0529513880610466,,0.8671875,,,,,,,,,,,1.0,1.0,,,,,5704,,,,0.0,,0.0,,0.0
,,,0.0654296875,,0.859375,,,,,,,,,,,1.0,1.0,,,,,5705,,,,0.0,,0.0,,0.0
,,,0.10876420885324478,,0.8665199875831604,,,,,,,,,,,1.0,1.0,,,,,5706,,,,0.0,,0.0,,0.0
,,,0.05078125,,0.875,,,,,,,,,,,1.0,1.0,,,,,5707,,,,0.0,,0.0,,0.0
,,,0.04531250149011612,,0.8359375,,,,,,,,,,,1.0,1.0,,,,,5708,,,,0.0,,0.0,,0.0
,,,0.09650996327400208,,0.9102563858032227,,,,,,,,,,,1.0,1.0,,,,,5709,,,,0.0,,0.0,,0.0
,,,0.03203124925494194,,0.8984375,,,,,,,,,,,1.0,1.0,,,,,5710,,,,0.0,,0.0,,0.0
,,,0.03203124925494194,,0.90625,,,,,,,,,,,1.0,1.0,,,,,5711,,,,0.0,,0.0,,0.0
,,,0.062178388237953186,,0.8156089186668396,,,,,,,,,,,1.0,1.0,,,,,5712,,,,0.0,,0.0,,0.0
,,,0.03437500074505806,,0.8203125,,,,,,,,,,,1.0,1.0,,,,,5713,,,,0.0,,0.0,,0.0
,,,0.03281249850988388,,0.8671875,,,,,,,,,,,1.0,1.0,,,,,5714,,,,0.0,,0.0,,0.0
,,,0.03984374925494194,,0.8125,,,,,,,,,,,1.0,1.0,,,,,5715,,,,0.0,,0.0,,0.0
,,,0.14746667444705963,,0.9760000109672546,,,,,,,,,,,1.0,1.0,,,,,5716,,,,0.0,,0.0,,0.0
,,,0.0815972238779068,,0.890625,,,,,,,,,,,1.0,1.0,,,,,5717,,,,0.0,,0.0,,0.0
,,,0.0772569477558136,,0.90625,,,,,,,,,,,1.0,1.0,,,,,5718,,,,0.0,,0.0,,0.0
,,,0.12082166969776154,,0.9327731132507324,,,,,,,,,,,1.0,1.0,,,,,5719,,,,0.0,,0.0,,0.0
,,,0.0416666679084301,,0.859375,,,,,,,,,,,1.0,1.0,,,,,5720,,,,0.0,,0.0,,0.0
,,,0.03125,,0.828125,,,,,,,,,,,1.0,1.0,,,,,5721,,,,0.0,,0.0,,0.0
,,,0.10303030908107758,,0.9025974273681641,,,,,,,,,,,1.0,1.0,,,,,5722,,,,0.0,,0.0,,0.0
,,,0.06953124701976776,,0.9609375,,,,,,,,,,,1.0,1.0,,,,,5723,,,,0.0,,0.0,,0.0
,,,0.06406249850988388,,0.953125,,,,,,,,,,,1.0,1.0,,,,,5724,,,,0.0,,0.0,,0.0
,,,0.09880448132753372,,0.8881694078445435,,,,,,,,,,,1.0,1.0,,,,,5725,,,,0.0,,0.0,,0.0
,,,0.02890625037252903,,0.8203125,,,,,,,,,,,1.0,1.0,,,,,5726,,,,0.0,,0.0,,0.0
,,,0.02656250074505806,,0.8828125,,,,,,,,,,,1.0,1.0,,,,,5727,,,,0.0,,0.0,,0.0
,,,0.1049753725528717,,0.895566463470459,,,,,,,,,,,1.0,1.0,,,,,5728,,,,0.0,,0.0,,0.0
,,,0.0711805522441864,,0.9140625,,,,,,,,,,,1.0,1.0,,,,,5729,,,,0.0,,0.0,,0.0
,,,0.078125,,0.9609375,,,,,,,,,,,1.0,1.0,,,,,5730,,,,0.0,,0.0,,0.0
,,,0.13216981291770935,,0.8684276938438416,,,,,,,,,,,1.0,1.0,,,,,5731,,,,0.0,,0.0,,0.0
,,,0.0494791679084301,,0.90625,,,,,,,,,,,1.0,1.0,,,,,5732,,,,0.0,,0.0,,0.0
,,,0.04453124850988388,,0.90625,,,,,,,,,,,1.0,1.0,,,,,5733,,,,0.0,,0.0,,0.0
,,,0.09707249701023102,,0.9124487042427063,,,,,,,,,,,1.0,1.0,,,,,5734,,,,0.0,,0.0,,0.0
,,,0.0564236119389534,,0.859375,,,,,,,,,,,1.0,1.0,,,,,5735,,,,0.0,,0.0,,0.0
,,,0.0598958320915699,,0.8984375,,,,,,,,,,,1.0,1.0,,,,,5736,,,,0.0,,0.0,,0.0
,,,0.09768472611904144,,0.8539409041404724,,,,,,,,,,,1.0,1.0,,,,,5737,,,,0.0,,0.0,,0.0
,,,0.05234374850988388,,0.8984375,,,,,,,,,,,1.0,1.0,,,,,5738,,,,0.0,,0.0,,0.0
,,,0.04374999925494194,,0.8359375,,,,,,,,,,,1.0,1.0,,,,,5739,,,,0.0,,0.0,,0.0
,,,0.09677024930715561,,0.9075115919113159,,,,,,,,,,,1.0,1.0,,,,,5740,,,,0.0,,0.0,,0.0
,,,0.02812499925494194,,0.90625,,,,,,,,,,,1.0,1.0,,,,,5741,,,,0.0,,0.0,,0.0
,,,0.03437500074505806,,0.890625,,,,,,,,,,,1.0,1.0,,,,,5742,,,,0.0,,0.0,,0.0
,,,0.06896214932203293,,0.8290598392486572,,,,,,,,,,,1.0,1.0,,,,,5743,,,,0.0,,0.0,,0.0
,,,0.03671874850988388,,0.84375,,,,,,,,,,,1.0,1.0,,,,,5744,,,,0.0,,0.0,,0.0
,,,0.03437500074505806,,0.859375,,,,,,,,,,,1.0,1.0,,,,,5745,,,,0.0,,0.0,,0.0
,,,0.12681818008422852,,0.8715909123420715,,,,,,,,,,,1.0,1.0,,,,,5746,,,,0.0,,0.0,,0.0
,,,0.07578124850988388,,0.9296875,,,,,,,,,,,1.0,1.0,,,,,5747,,,,0.0,,0.0,,0.0
,,,0.0798611119389534,,0.90625,,,,,,,,,,,1.0,1.0,,,,,5748,,,,0.0,,0.0,,0.0
,,,0.11270338296890259,,0.9186483025550842,,,,,,,,,,,1.0,1.0,,,,,5749,,,,0.0,,0.0,,0.0
,,,0.03203124925494194,,0.84375,,,,,,,,,,,1.0,1.0,,,,,5750,,,,0.0,,0.0,,0.0
,,,0.03046875074505806,,0.875,,,,,,,,,,,1.0,1.0,,,,,5751,,,,0.0,,0.0,,0.0
,,,0.0442708320915699,,0.828125,,,,,,,,,,,1.0,1.0,,,,,5752,,,,0.0,,0.0,,0.0
,,,0.07007874548435211,,0.9803149700164795,,,,,,,,,,,1.0,1.0,,,,,5753,,,,0.0,,0.0,,0.0
,,,0.06718750298023224,,0.9609375,,,,,,,,,,,1.0,1.0,,,,,5754,,,,0.0,,0.0,,0.0
,,,0.06718750298023224,,0.9609375,,,,,,,,,,,1.0,1.0,,,,,5755,,,,0.0,,0.0,,0.0
,,,0.06436781585216522,,0.8879310488700867,,,,,,,,,,,1.0,1.0,,,,,5756,,,,0.0,,0.0,,0.0
,,,0.02890625037252903,,0.8203125,,,,,,,,,,,1.0,1.0,,,,,5757,,,,0.0,,0.0,,0.0
,,,0.03359375149011612,,0.8828125,,,,,,,,,,,1.0,1.0,,,,,5758,,,,0.0,,0.0,,0.0
,,,0.10462047159671783,,0.9196919798851013,,,,,,,,,,,1.0,1.0,,,,,5759,,,,0.0,,0.0,,0.0
,,,0.0711805522441864,,0.9375,,,,,,,,,,,1.0,1.0,,,,,5760,,,,0.0,,0.0,,0.0
,,,0.0772569477558136,,0.953125,,,,,,,,,,,1.0,1.0,,,,,5761,,,,0.0,,0.0,,0.0
,,,0.1215277761220932,,0.8697916269302368,,,,,,,,,,,1.0,1.0,,,,,5762,,,,0.0,,0.0,,0.0
,,,0.0529513880610466,,0.8984375,,,,,,,,,,,1.0,1.0,,,,,5763,,,,0.0,,0.0,,0.0
,,,0.04374999925494194,,0.9453125,,,,,,,,,,,1.0,1.0,,,,,5764,,,,0.0,,0.0,,0.0
,,,0.10458964109420776,,0.8884274959564209,,,,,,,,,,,1.0,1.0,,,,,5765,,,,0.0,,0.0,,0.0
,,,0.05000000074505806,,0.84375,,,,,,,,,,,1.0,1.0,,,,,5766,,,,0.0,,0.0,,0.0
,,,0.0572916679084301,,0.921875,,,,,,,,,,,1.0,1.0,,,,,5767,,,,0.0,,0.0,,0.0
,,,0.10731562972068787,,0.8424779176712036,,,,,,,,,,,1.0,1.0,,,,,5768,,,,0.0,,0.0,,0.0
,,,0.05156249925494194,,0.875,,,,,,,,,,,1.0,1.0,,,,,5769,,,,0.0,,0.0,,0.0
,,,0.0529513880610466,,0.8359375,,,,,,,,,,,1.0,1.0,,,,,5770,,,,0.0,,0.0,,0.0
,,,0.09474747627973557,,0.9409090876579285,,,,,,,,,,,1.0,1.0,,,,,5771,,,,0.0,,0.0,,0.0
,,,0.02812499925494194,,0.9140625,,,,,,,,,,,1.0,1.0,,,,,5772,,,,0.0,,0.0,,0.0
,,,0.03750000149011612,,0.8671875,,,,,,,,,,,1.0,1.0,,,,,5773,,,,0.0,,0.0,,0.0
,,,0.06962962448596954,,0.8777778148651123,,,,,,,,,,,1.0,1.0,,,,,5774,,,,0.0,,0.0,,0.0
,,,0.03671874850988388,,0.8515625,,,,,,,,,,,1.0,1.0,,,,,5775,,,,0.0,,0.0,,0.0
,,,0.03593749925494194,,0.8203125,,,,,,,,,,,1.0,1.0,,,,,5776,,,,0.0,,0.0,,0.0
,,,0.13970549404621124,,0.9143239259719849,,,,,,,,,,,1.0,1.0,,,,,5777,,,,0.0,,0.0,,0.0
,,,0.0842013880610466,,0.9375,,,,,,,,,,,1.0,1.0,,,,,5778,,,,0.0,,0.0,,0.0
,,,0.0798611119389534,,0.90625,,,,,,,,,,,1.0,1.0,,,,,5779,,,,0.0,,0.0,,0.0
,,,0.10565317422151566,,0.892538845539093,,,,,,,,,,,1.0,1.0,,,,,5780,,,,0.0,,0.0,,0.0
,,,0.03281249850988388,,0.828125,,,,,,,,,,,1.0,1.0,,,,,5781,,,,0.0,,0.0,,0.0
,,,0.03203124925494194,,0.8671875,,,,,,,,,,,1.0,1.0,,,,,5782,,,,0.0,,0.0,,0.0
,,,0.11921373009681702,,0.8947951197624207,,,,,,,,,,,1.0,1.0,,,,,5783,,,,0.0,,0.0,,0.0
,,,0.06562499701976776,,0.9609375,,,,,,,,,,,1.0,1.0,,,,,5784,,,,0.0,,0.0,,0.0
,,,0.06484375149011612,,0.953125,,,,,,,,,,,1.0,1.0,,,,,5785,,,,0.0,,0.0,,0.0
,,,0.10468905419111252,,0.9038909077644348,,,,,,,,,,,1.0,1.0,,,,,5786,,,,0.0,,0.0,,0.0
,,,0.02890625037252903,,0.8046875,,,,,,,,,,,1.0,1.0,,,,,5787,,,,0.0,,0.0,,0.0
,,,0.02734375,,0.828125,,,,,,,,,,,1.0,1.0,,,,,5788,,,,0.0,,0.0,,0.0
,,,0.12232142686843872,,0.9464285373687744,,,,,,,,,,,1.0,1.0,,,,,5789,,,,0.0,,0.0,,0.0
,,,0.08203125,,0.9375,,,,,,,,,,,1.0,1.0,,,,,5790,,,,0.0,,0.0,,0.0
,,,0.06640625,,0.9453125,,,,,,,,,,,1.0,1.0,,,,,5791,,,,0.0,,0.0,,0.0
,,,0.1238345056772232,,0.8251748085021973,,,,,,,,,,,1.0,1.0,,,,,5792,,,,0.0,,0.0,,0.0
,,,0.046875,,0.890625,,,,,,,,,,,1.0,1.0,,,,,5793,,,,0.0,,0.0,,0.0
,,,0.04374999925494194,,0.90625,,,,,,,,,,,1.0,1.0,,,,,5794,,,,0.0,,0.0,,0.0
,,,0.053368330001831055,,0.9370078444480896,,,,,,,,,,,1.0,1.0,,,,,5795,,,,0.0,,0.0,,0.0
62,0.45990896224975586,0.49051201343536377,,0.8882496356964111,,,,,,,,,,,,,,64.20540618896484,37784.7734375,4.162087440490723,311.78228759765625,13922,,,0.0,,0.0,,0.0,
62,,,,,,0.6166090369224548,,0.906225860118866,,14.480557441711426,,,,,,,,,,,,13922,1.8698108196258545,,,,,,,
,,,,,,,,,,,,,,0.00014433939799917,0.03,,,,,,,13949,,,,,,,,
63,,,,,,,0.5779072642326355,,0.8767353892326355,,14.9375,0.0001443091023247689,0.029999999329447746,,,1.0,1.0,,,,,13949,,2.185641050338745,,,,,,
,,,,,,,,,,,,,,0.00014282617594156126,0.03,,,,,,,13999,,,,,,,,
63,,,,,,,0.6084924340248108,,0.8855920433998108,,13.8515625,0.00014279595052357763,0.029999999329447746,,,1.0,1.0,,,,,13999,,1.7273800373077393,,,,,,
,,,,,,,,,,,,,,0.00014131653222497977,0.03,,,,,,,14049,,,,,,,,
63,,,,,,,0.6467381715774536,,0.9365330934524536,,14.4921875,0.00014128637849353254,0.029999999329447746,,,1.0,1.0,,,,,14049,,1.9038900136947632,,,,,,
,,,,,,,,,,,,,,0.0001398105610042104,0.03,,,,,,,14099,,,,,,,,
63,,,,,,,0.6036165952682495,,0.8704622983932495,,13.34375,0.000139780473546125,0.029999999329447746,,,1.0,1.0,,,,,14099,,1.91347336769104,,,,,,
,,,0.0425347238779068,,0.796875,,,,,,,,,,,1.0,1.0,,,,,5796,,,,0.0,,0.0,,0.0
,,,0.0347222238779068,,0.8125,,,,,,,,,,,1.0,1.0,,,,,5797,,,,0.0,,0.0,,0.0
,,,0.12492360174655914,,0.8689035177230835,,,,,,,,,,,1.0,1.0,,,,,5798,,,,0.0,,0.0,,0.0
,,,0.1127232164144516,,0.9765625,,,,,,,,,,,1.0,1.0,,,,,5799,,,,0.0,,0.0,,0.0
,,,0.0927734375,,0.96875,,,,,,,,,,,1.0,1.0,,,,,5800,,,,0.0,,0.0,,0.0
,,,0.11858974397182465,,0.8766025304794312,,,,,,,,,,,1.0,1.0,,,,,5801,,,,0.0,,0.0,,0.0
,,,0.0164930559694767,,0.90625,,,,,,,,,,,1.0,1.0,,,,,5802,,,,0.0,,0.0,,0.0
,,,0.0364583320915699,,0.875,,,,,,,,,,,1.0,1.0,,,,,5803,,,,0.0,,0.0,,0.0
,,,0.04221459850668907,,0.7920240163803101,,,,,,,,,,,1.0,1.0,,,,,5804,,,,0.0,,0.0,,0.0
,,,0.0147569440305233,,0.6796875,,,,,,,,,,,1.0,1.0,,,,,5805,,,,0.0,,0.0,,0.0
,,,0.012500000186264515,,0.6328125,,,,,,,,,,,1.0,1.0,,,,,5806,,,,0.0,,0.0,,0.0
,,,0.02031249925494194,,0.6875,,,,,,,,,,,1.0,1.0,,,,,5807,,,,0.0,,0.0,,0.0
,,,0.09813334047794342,,0.9399999976158142,,,,,,,,,,,1.0,1.0,,,,,5808,,,,0.0,,0.0,,0.0
,,,0.064453125,,0.8046875,,,,,,,,,,,1.0,1.0,,,,,5809,,,,0.0,,0.0,,0.0
,,,0.0538194440305233,,0.796875,,,,,,,,,,,1.0,1.0,,,,,5810,,,,0.0,,0.0,,0.0
,,,0.09822596609592438,,0.8846871852874756,,,,,,,,,,,1.0,1.0,,,,,5811,,,,0.0,,0.0,,0.0
,,,0.06640625,,0.9609375,,,,,,,,,,,1.0,1.0,,,,,5812,,,,0.0,,0.0,,0.0
,,,0.04531250149011612,,0.9765625,,,,,,,,,,,1.0,1.0,,,,,5813,,,,0.0,,0.0,,0.0
,,,0.0879870131611824,,0.9247835874557495,,,,,,,,,,,1.0,1.0,,,,,5814,,,,0.0,,0.0,,0.0
,,,0.0399305559694767,,0.8671875,,,,,,,,,,,1.0,1.0,,,,,5815,,,,0.0,,0.0,,0.0
,,,0.0390625,,0.8984375,,,,,,,,,,,1.0,1.0,,,,,5816,,,,0.0,,0.0,,0.0
,,,0.11094506084918976,,0.867995023727417,,,,,,,,,,,1.0,1.0,,,,,5817,,,,0.0,,0.0,,0.0
,,,0.04921875149011612,,0.8671875,,,,,,,,,,,1.0,1.0,,,,,5818,,,,0.0,,0.0,,0.0
,,,0.04765624925494194,,0.8515625,,,,,,,,,,,1.0,1.0,,,,,5819,,,,0.0,,0.0,,0.0
,,,0.1347016990184784,,0.9068965315818787,,,,,,,,,,,1.0,1.0,,,,,5820,,,,0.0,,0.0,,0.0
,,,0.0634765625,,0.9140625,,,,,,,,,,,1.0,1.0,,,,,5821,,,,0.0,,0.0,,0.0
,,,0.0564236119389534,,0.9375,,,,,,,,,,,1.0,1.0,,,,,5822,,,,0.0,,0.0,,0.0
,,,0.1348707228899002,,0.9383647441864014,,,,,,,,,,,1.0,1.0,,,,,5823,,,,0.0,,0.0,,0.0
,,,0.0711805522441864,,0.953125,,,,,,,,,,,1.0,1.0,,,,,5824,,,,0.0,,0.0,,0.0
,,,0.05546874925494194,,0.953125,,,,,,,,,,,1.0,1.0,,,,,5825,,,,0.0,,0.0,,0.0
,,,0.11977504193782806,,0.8660738468170166,,,,,,,,,,,1.0,1.0,,,,,5826,,,,0.0,,0.0,,0.0
,,,0.0442708320915699,,0.828125,,,,,,,,,,,1.0,1.0,,,,,5827,,,,0.0,,0.0,,0.0
,,,0.03125,,0.828125,,,,,,,,,,,1.0,1.0,,,,,5828,,,,0.0,,0.0,,0.0
,,,0.12986452877521515,,0.8852217197418213,,,,,,,,,,,1.0,1.0,,,,,5829,,,,0.0,,0.0,,0.0
,,,0.1149553582072258,,0.9765625,,,,,,,,,,,1.0,1.0,,,,,5830,,,,0.0,,0.0,,0.0
,,,0.1049107164144516,,0.9609375,,,,,,,,,,,1.0,1.0,,,,,5831,,,,0.0,,0.0,,0.0
,,,0.11130141466856003,,0.9089796543121338,,,,,,,,,,,1.0,1.0,,,,,5832,,,,0.0,,0.0,,0.0
,,,0.0303819440305233,,0.890625,,,,,,,,,,,1.0,1.0,,,,,5833,,,,0.0,,0.0,,0.0
,,,0.02109375037252903,,0.875,,,,,,,,,,,1.0,1.0,,,,,5834,,,,0.0,,0.0,,0.0
,,,0.03842083737254143,,0.7271062135696411,,,,,,,,,,,1.0,1.0,,,,,5835,,,,0.0,,0.0,,0.0
,,,0.01640624925494194,,0.671875,,,,,,,,,,,1.0,1.0,,,,,5836,,,,0.0,,0.0,,0.0
,,,0.01171875,,0.65625,,,,,,,,,,,1.0,1.0,,,,,5837,,,,0.0,,0.0,,0.0
,,,0.08272727578878403,,0.8306818008422852,,,,,,,,,,,1.0,1.0,,,,,5838,,,,0.0,,0.0,,0.0
,,,0.0732421875,,0.828125,,,,,,,,,,,1.0,1.0,,,,,5839,,,,0.0,,0.0,,0.0
,,,0.0725446417927742,,0.828125,,,,,,,,,,,1.0,1.0,,,,,5840,,,,0.0,,0.0,,0.0
,,,0.12536503374576569,,0.9042553305625916,,,,,,,,,,,1.0,1.0,,,,,5841,,,,0.0,,0.0,,0.0
,,,0.0598958320915699,,0.9765625,,,,,,,,,,,1.0,1.0,,,,,5842,,,,0.0,,0.0,,0.0
,,,0.0503472238779068,,0.9765625,,,,,,,,,,,1.0,1.0,,,,,5843,,,,0.0,,0.0,,0.0
,,,0.0538194440305233,,0.9453125,,,,,,,,,,,1.0,1.0,,,,,5844,,,,0.0,,0.0,,0.0
,,,0.13543307781219482,,0.9527559280395508,,,,,,,,,,,1.0,1.0,,,,,5845,,,,0.0,,0.0,,0.0
,,,0.0478515625,,0.890625,,,,,,,,,,,1.0,1.0,,,,,5846,,,,0.0,,0.0,,0.0
,,,0.0355902761220932,,0.859375,,,,,,,,,,,1.0,1.0,,,,,5847,,,,0.0,,0.0,,0.0
,,,0.0846104770898819,,0.7902299165725708,,,,,,,,,,,1.0,1.0,,,,,5848,,,,0.0,,0.0,,0.0
,,,0.04765624925494194,,0.84375,,,,,,,,,,,1.0,1.0,,,,,5849,,,,0.0,,0.0,,0.0
,,,0.0581597238779068,,0.8671875,,,,,,,,,,,1.0,1.0,,,,,5850,,,,0.0,,0.0,,0.0
,,,0.1196552962064743,,0.9097909927368164,,,,,,,,,,,1.0,1.0,,,,,5851,,,,0.0,,0.0,,0.0
,,,0.0572916679084301,,0.9296875,,,,,,,,,,,1.0,1.0,,,,,5852,,,,0.0,,0.0,,0.0
,,,0.0651041641831398,,0.9375,,,,,,,,,,,1.0,1.0,,,,,5853,,,,0.0,,0.0,,0.0
,,,0.12962962687015533,,0.9322916269302368,,,,,,,,,,,1.0,1.0,,,,,5854,,,,0.0,,0.0,,0.0
,,,0.0651041641831398,,0.9609375,,,,,,,,,,,1.0,1.0,,,,,5855,,,,0.0,,0.0,,0.0
,,,0.05859375,,0.9609375,,,,,,,,,,,1.0,1.0,,,,,5856,,,,0.0,,0.0,,0.0
,,,0.12200073897838593,,0.8889811635017395,,,,,,,,,,,1.0,1.0,,,,,5857,,,,0.0,,0.0,,0.0
,,,0.0355902761220932,,0.7890625,,,,,,,,,,,1.0,1.0,,,,,5858,,,,0.0,,0.0,,0.0
,,,0.0373263880610466,,0.8515625,,,,,,,,,,,1.0,1.0,,,,,5859,,,,0.0,,0.0,,0.0
,,,0.15125368535518646,,0.9112094640731812,,,,,,,,,,,1.0,1.0,,,,,5860,,,,0.0,,0.0,,0.0
,,,0.0966796875,,0.96875,,,,,,,,,,,1.0,1.0,,,,,5861,,,,0.0,,0.0,,0.0
,,,0.1116071417927742,,0.9609375,,,,,,,,,,,1.0,1.0,,,,,5862,,,,0.0,,0.0,,0.0
,,,0.13042929768562317,,0.9318181872367859,,,,,,,,,,,1.0,1.0,,,,,5863,,,,0.0,,0.0,,0.0
,,,0.041015625,,0.8984375,,,,,,,,,,,1.0,1.0,,,,,5864,,,,0.0,,0.0,,0.0
,,,0.02187499962747097,,0.8125,,,,,,,,,,,1.0,1.0,,,,,5865,,,,0.0,,0.0,,0.0
,,,0.037654321640729904,,0.8203703165054321,,,,,,,,,,,1.0,1.0,,,,,5866,,,,0.0,,0.0,,0.0
,,,0.01406249962747097,,0.625,,,,,,,,,,,1.0,1.0,,,,,5867,,,,0.0,,0.0,,0.0
,,,0.012500000186264515,,0.65625,,,,,,,,,,,1.0,1.0,,,,,5868,,,,0.0,,0.0,,0.0
,,,0.0963587686419487,,0.8578313589096069,,,,,,,,,,,1.0,1.0,,,,,5869,,,,0.0,,0.0,,0.0
,,,0.078125,,0.8046875,,,,,,,,,,,1.0,1.0,,,,,5870,,,,0.0,,0.0,,0.0
,,,0.0616319440305233,,0.84375,,,,,,,,,,,1.0,1.0,,,,,5871,,,,0.0,,0.0,,0.0
,,,0.09243698418140411,,0.85625159740448,,,,,,,,,,,1.0,1.0,,,,,5872,,,,0.0,,0.0,,0.0
,,,0.0872395858168602,,0.9609375,,,,,,,,,,,1.0,1.0,,,,,5873,,,,0.0,,0.0,,0.0
,,,0.04531250149011612,,0.9921875,,,,,,,,,,,1.0,1.0,,,,,5874,,,,0.0,,0.0,,0.0
,,,0.09872646629810333,,0.9413067698478699,,,,,,,,,,,1.0,1.0,,,,,5875,,,,0.0,,0.0,,0.0
,,,0.0407986119389534,,0.890625,,,,,,,,,,,1.0,1.0,,,,,5876,,,,0.0,,0.0,,0.0
,,,0.0390625,,0.8671875,,,,,,,,,,,1.0,1.0,,,,,5877,,,,0.0,,0.0,,0.0
,,,0.14042234420776367,,0.9226803779602051,,,,,,,,,,,1.0,1.0,,,,,5878,,,,0.0,,0.0,,0.0
,,,0.0607638880610466,,0.8828125,,,,,,,,,,,1.0,1.0,,,,,5879,,,,0.0,,0.0,,0.0
,,,0.04765624925494194,,0.8359375,,,,,,,,,,,1.0,1.0,,,,,5880,,,,0.0,,0.0,,0.0
,,,0.1707589328289032,,0.90625,,,,,,,,,,,1.0,1.0,,,,,5881,,,,0.0,,0.0,,0.0
,,,0.0616319440305233,,0.9296875,,,,,,,,,,,1.0,1.0,,,,,5882,,,,0.0,,0.0,,0.0
,,,0.0555555559694767,,0.9140625,,,,,,,,,,,1.0,1.0,,,,,5883,,,,0.0,,0.0,,0.0
,,,0.12708279490470886,,0.9246309399604797,,,,,,,,,,,1.0,1.0,,,,,5884,,,,0.0,,0.0,,0.0
,,,0.0703125,,0.9453125,,,,,,,,,,,1.0,1.0,,,,,5885,,,,0.0,,0.0,,0.0
,,,0.0546875,,0.953125,,,,,,,,,,,1.0,1.0,,,,,5886,,,,0.0,,0.0,,0.0
,,,0.07261592149734497,,0.9685039520263672,,,,,,,,,,,1.0,1.0,,,,,5887,,,,0.0,,0.0,,0.0
63,0.447642982006073,0.46254655718803406,,0.8761663436889648,,,,,,,,,,,,,,65.39087677001953,37199.86328125,4.18038272857666,319.6186218261719,14143,,,0.0,,0.0,,0.0,
63,,,,,,0.6156166195869446,,0.907131016254425,,14.576109886169434,,,,,,,,,,,,14143,1.8448841571807861,,,,,,,
,,,,,,,,,,,,,,0.00013830835620498843,0.03,,,,,,,14149,,,,,,,,
64,,,,,,,0.6063945293426514,,0.8900859355926514,,14.1796875,0.00013827835209667683,0.029999999329447746,,,1.0,1.0,,,,,14149,,2.0906591415405273,,,,,,
,,,,,,,,,,,,,,0.0001368100115181416,0.03,,,,,,,14199,,,,,,,,
64,,,,,,,0.5866836309432983,,0.8659805059432983,,13.9609375,0.00013678008690476418,0.029999999329447746,,,1.0,1.0,,,,,14199,,2.0445985794067383,,,,,,
,,,,,,,,,,,,,,0.00013531562039374658,0.03,,,,,,,14249,,,,,,,,
64,,,,,,,0.6250340938568115,,0.9043309688568115,,13.9609375,0.00013528577983379364,0.029999999329447746,,,1.0,1.0,,,,,14249,,2.018040657043457,,,,,,
,,,,,,,,,,,,,,0.0001338252760353009,0.03,,,,,,,14299,,,,,,,,
64,,,,,,,0.6145174503326416,,0.8908846378326416,,13.8125,0.0001337955181952566,0.029999999329447746,,,1.0,1.0,,,,,14299,,1.8956226110458374,,,,,,
,,,,,,,,,,,,,,0.00013233907139391002,0.03,,,,,,,14349,,,,,,,,
64,,,,,,,0.5918484330177307,,0.8931179642677307,,15.0625,0.0001323093893006444,0.029999999329447746,,,1.0,1.0,,,,,14349,,1.847337245941162,,,,,,
,,,0.04921875149011612,,0.9296875,,,,,,,,,,,1.0,1.0,,,,,5888,,,,0.0,,0.0,,0.0
,,,0.0720486119389534,,0.9609375,,,,,,,,,,,1.0,1.0,,,,,5889,,,,0.0,,0.0,,0.0
,,,0.13898056745529175,,0.9332599639892578,,,,,,,,,,,1.0,1.0,,,,,5890,,,,0.0,,0.0,,0.0
,,,0.05937499925494194,,0.9453125,,,,,,,,,,,1.0,1.0,,,,,5891,,,,0.0,,0.0,,0.0
,,,0.0633680522441864,,0.90625,,,,,,,,,,,1.0,1.0,,,,,5892,,,,0.0,,0.0,,0.0
,,,0.06891025602817535,,0.8157051205635071,,,,,,,,,,,1.0,1.0,,,,,5893,,,,0.0,,0.0,,0.0
,,,0.0062500000931322575,,0.8359375,,,,,,,,,,,1.0,1.0,,,,,5894,,,,0.0,,0.0,,0.0
,,,0.01215277798473835,,0.78125,,,,,,,,,,,1.0,1.0,,,,,5895,,,,0.0,,0.0,,0.0
,,,0.054116636514663696,,0.8537735939025879,,,,,,,,,,,1.0,1.0,,,,,5896,,,,0.0,,0.0,,0.0
,,,0.0564236119389534,,0.953125,,,,,,,,,,,1.0,1.0,,,,,5897,,,,0.0,,0.0,,0.0
,,,0.04765624925494194,,0.984375,,,,,,,,,,,1.0,1.0,,,,,5898,,,,0.0,,0.0,,0.0
,,,0.05546874925494194,,0.953125,,,,,,,,,,,1.0,1.0,,,,,5899,,,,0.0,,0.0,,0.0
,,,0.1783333420753479,,0.9800000190734863,,,,,,,,,,,1.0,1.0,,,,,5900,,,,0.0,,0.0,,0.0
,,,0.07421875,,0.875,,,,,,,,,,,1.0,1.0,,,,,5901,,,,0.0,,0.0,,0.0
,,,0.0694444477558136,,0.8984375,,,,,,,,,,,1.0,1.0,,,,,5902,,,,0.0,,0.0,,0.0
,,,0.127357617020607,,0.9579831957817078,,,,,,,,,,,1.0,1.0,,,,,5903,,,,0.0,,0.0,,0.0
,,,0.0512152761220932,,0.921875,,,,,,,,,,,1.0,1.0,,,,,5904,,,,0.0,,0.0,,0.0
,,,0.0460069440305233,,0.8828125,,,,,,,,,,,1.0,1.0,,,,,5905,,,,0.0,,0.0,,0.0
,,,0.12169311940670013,,0.8852813839912415,,,,,,,,,,,1.0,1.0,,,,,5906,,,,0.0,,0.0,,0.0
,,,0.0642361119389534,,0.9140625,,,,,,,,,,,1.0,1.0,,,,,5907,,,,0.0,,0.0,,0.0
,,,0.04374999925494194,,0.9375,,,,,,,,,,,1.0,1.0,,,,,5908,,,,0.0,,0.0,,0.0
,,,0.09202989190816879,,0.876836895942688,,,,,,,,,,,1.0,1.0,,,,,5909,,,,0.0,,0.0,,0.0
,,,0.046875,,0.734375,,,,,,,,,,,1.0,1.0,,,,,5910,,,,0.0,,0.0,,0.0
,,,0.0451388880610466,,0.71875,,,,,,,,,,,1.0,1.0,,,,,5911,,,,0.0,,0.0,,0.0
,,,0.10990695655345917,,0.882758617401123,,,,,,,,,,,1.0,1.0,,,,,5912,,,,0.0,,0.0,,0.0
,,,0.0712890625,,0.9375,,,,,,,,,,,1.0,1.0,,,,,5913,,,,0.0,,0.0,,0.0
,,,0.0625,,0.9765625,,,,,,,,,,,1.0,1.0,,,,,5914,,,,0.0,,0.0,,0.0
,,,0.14339622855186462,,0.8723270893096924,,,,,,,,,,,1.0,1.0,,,,,5915,,,,0.0,,0.0,,0.0
,,,0.0703125,,0.8828125,,,,,,,,,,,1.0,1.0,,,,,5916,,,,0.0,,0.0,,0.0
,,,0.05156249925494194,,0.7734375,,,,,,,,,,,1.0,1.0,,,,,5917,,,,0.0,,0.0,,0.0
,,,0.13166895508766174,,0.9004104137420654,,,,,,,,,,,1.0,1.0,,,,,5918,,,,0.0,,0.0,,0.0
,,,0.05312500149011612,,0.9296875,,,,,,,,,,,1.0,1.0,,,,,5919,,,,0.0,,0.0,,0.0
,,,0.078125,,0.9609375,,,,,,,,,,,1.0,1.0,,,,,5920,,,,0.0,,0.0,,0.0
,,,0.13530376553535461,,0.9455665349960327,,,,,,,,,,,1.0,1.0,,,,,5921,,,,0.0,,0.0,,0.0
,,,0.0685763880610466,,0.9375,,,,,,,,,,,1.0,1.0,,,,,5922,,,,0.0,,0.0,,0.0
,,,0.0693359375,,0.8828125,,,,,,,,,,,1.0,1.0,,,,,5923,,,,0.0,,0.0,,0.0
,,,0.06364081054925919,,0.8634695410728455,,,,,,,,,,,1.0,1.0,,,,,5924,,,,0.0,,0.0,,0.0
,,,0.01215277798473835,,0.8046875,,,,,,,,,,,1.0,1.0,,,,,5925,,,,0.0,,0.0,,0.0
,,,0.01171875,,0.765625,,,,,,,,,,,1.0,1.0,,,,,5926,,,,0.0,,0.0,,0.0
,,,0.0589011013507843,,0.8420024514198303,,,,,,,,,,,1.0,1.0,,,,,5927,,,,0.0,,0.0,,0.0
,,,0.05234374850988388,,0.9765625,,,,,,,,,,,1.0,1.0,,,,,5928,,,,0.0,,0.0,,0.0
,,,0.04843749850988388,,0.953125,,,,,,,,,,,1.0,1.0,,,,,5929,,,,0.0,,0.0,,0.0
,,,0.14898990094661713,,0.9636363983154297,,,,,,,,,,,1.0,1.0,,,,,5930,,,,0.0,,0.0,,0.0
,,,0.0807291641831398,,0.921875,,,,,,,,,,,1.0,1.0,,,,,5931,,,,0.0,,0.0,,0.0
,,,0.0833333358168602,,0.8984375,,,,,,,,,,,1.0,1.0,,,,,5932,,,,0.0,,0.0,,0.0
,,,0.12559449672698975,,0.9080100059509277,,,,,,,,,,,1.0,1.0,,,,,5933,,,,0.0,,0.0,,0.0
,,,0.04296875,,0.9140625,,,,,,,,,,,1.0,1.0,,,,,5934,,,,0.0,,0.0,,0.0
,,,0.046875,,0.8828125,,,,,,,,,,,1.0,1.0,,,,,5935,,,,0.0,,0.0,,0.0
,,,0.04218750074505806,,0.8984375,,,,,,,,,,,1.0,1.0,,,,,5936,,,,0.0,,0.0,,0.0
,,,0.17410323023796082,,0.960629940032959,,,,,,,,,,,1.0,1.0,,,,,5937,,,,0.0,,0.0,,0.0
,,,0.0598958320915699,,0.9296875,,,,,,,,,,,1.0,1.0,,,,,5938,,,,0.0,,0.0,,0.0
,,,0.0494791679084301,,0.9453125,,,,,,,,,,,1.0,1.0,,,,,5939,,,,0.0,,0.0,,0.0
,,,0.06982758641242981,,0.8635057210922241,,,,,,,,,,,1.0,1.0,,,,,5940,,,,0.0,,0.0,,0.0
,,,0.046875,,0.703125,,,,,,,,,,,1.0,1.0,,,,,5941,,,,0.0,,0.0,,0.0
,,,0.0442708320915699,,0.7734375,,,,,,,,,,,1.0,1.0,,,,,5942,,,,0.0,,0.0,,0.0
,,,0.12060464918613434,,0.8370003700256348,,,,,,,,,,,1.0,1.0,,,,,5943,,,,0.0,,0.0,,0.0
,,,0.0659722238779068,,0.9453125,,,,,,,,,,,1.0,1.0,,,,,5944,,,,0.0,,0.0,,0.0
,,,0.0659722238779068,,0.96875,,,,,,,,,,,1.0,1.0,,,,,5945,,,,0.0,,0.0,,0.0
,,,0.11145833134651184,,0.8541666269302368,,,,,,,,,,,1.0,1.0,,,,,5946,,,,0.0,,0.0,,0.0
,,,0.0668402761220932,,0.8359375,,,,,,,,,,,1.0,1.0,,,,,5947,,,,0.0,,0.0,,0.0
,,,0.0581597238779068,,0.8125,,,,,,,,,,,1.0,1.0,,,,,5948,,,,0.0,,0.0,,0.0
,,,0.13102158904075623,,0.8936877250671387,,,,,,,,,,,1.0,1.0,,,,,5949,,,,0.0,,0.0,,0.0
,,,0.05703125149011612,,0.9453125,,,,,,,,,,,1.0,1.0,,,,,5950,,,,0.0,,0.0,,0.0
,,,0.0810546875,,0.9453125,,,,,,,,,,,1.0,1.0,,,,,5951,,,,0.0,,0.0,,0.0
,,,0.11439528316259384,,0.9690265655517578,,,,,,,,,,,1.0,1.0,,,,,5952,,,,0.0,,0.0,,0.0
,,,0.076171875,,0.921875,,,,,,,,,,,1.0,1.0,,,,,5953,,,,0.0,,0.0,,0.0
,,,0.0732421875,,0.90625,,,,,,,,,,,1.0,1.0,,,,,5954,,,,0.0,,0.0,,0.0
,,,0.044343434274196625,,0.9045454263687134,,,,,,,,,,,1.0,1.0,,,,,5955,,,,0.0,,0.0,,0.0
,,,0.010937499813735485,,0.7890625,,,,,,,,,,,1.0,1.0,,,,,5956,,,,0.0,,0.0,,0.0
,,,0.014843749813735485,,0.703125,,,,,,,,,,,1.0,1.0,,,,,5957,,,,0.0,,0.0,,0.0
,,,0.05222221836447716,,0.9518518447875977,,,,,,,,,,,1.0,1.0,,,,,5958,,,,0.0,,0.0,,0.0
,,,0.05234374850988388,,0.984375,,,,,,,,,,,1.0,1.0,,,,,5959,,,,0.0,,0.0,,0.0
,,,0.05156249925494194,,0.9453125,,,,,,,,,,,1.0,1.0,,,,,5960,,,,0.0,,0.0,,0.0
,,,0.15748922526836395,,0.9759036302566528,,,,,,,,,,,1.0,1.0,,,,,5961,,,,0.0,,0.0,,0.0
,,,0.07265625149011612,,0.90625,,,,,,,,,,,1.0,1.0,,,,,5962,,,,0.0,,0.0,,0.0
,,,0.08984375,,0.90625,,,,,,,,,,,1.0,1.0,,,,,5963,,,,0.0,,0.0,,0.0
,,,0.10817418247461319,,0.9022154211997986,,,,,,,,,,,1.0,1.0,,,,,5964,,,,0.0,,0.0,,0.0
,,,0.0537109375,,0.9140625,,,,,,,,,,,1.0,1.0,,,,,5965,,,,0.0,,0.0,,0.0
,,,0.04531250149011612,,0.8828125,,,,,,,,,,,1.0,1.0,,,,,5966,,,,0.0,,0.0,,0.0
,,,0.1012735366821289,,0.9180509448051453,,,,,,,,,,,1.0,1.0,,,,,5967,,,,0.0,,0.0,,0.0
,,,0.0712890625,,0.9140625,,,,,,,,,,,1.0,1.0,,,,,5968,,,,0.0,,0.0,,0.0
,,,0.04921875149011612,,0.9375,,,,,,,,,,,1.0,1.0,,,,,5969,,,,0.0,,0.0,,0.0
,,,0.11207183450460434,,0.9368140697479248,,,,,,,,,,,1.0,1.0,,,,,5970,,,,0.0,,0.0,,0.0
,,,0.0460069440305233,,0.765625,,,,,,,,,,,1.0,1.0,,,,,5971,,,,0.0,,0.0,,0.0
,,,0.0416666679084301,,0.703125,,,,,,,,,,,1.0,1.0,,,,,5972,,,,0.0,,0.0,,0.0
,,,0.144841268658638,,0.8883928656578064,,,,,,,,,,,1.0,1.0,,,,,5973,,,,0.0,,0.0,,0.0
,,,0.0712890625,,0.9375,,,,,,,,,,,1.0,1.0,,,,,5974,,,,0.0,,0.0,,0.0
,,,0.0633680522441864,,0.96875,,,,,,,,,,,1.0,1.0,,,,,5975,,,,0.0,,0.0,,0.0
,,,0.12708279490470886,,0.7925407886505127,,,,,,,,,,,1.0,1.0,,,,,5976,,,,0.0,,0.0,,0.0
,,,0.06093750149011612,,0.8671875,,,,,,,,,,,1.0,1.0,,,,,5977,,,,0.0,,0.0,,0.0
,,,0.05312500149011612,,0.828125,,,,,,,,,,,1.0,1.0,,,,,5978,,,,0.0,,0.0,,0.0
,,,0.07381889969110489,,0.8188976645469666,,,,,,,,,,,1.0,1.0,,,,,5979,,,,0.0,,0.0,,0.0
64,0.46216949820518494,0.5052039623260498,,0.8896780610084534,,,,,,,,,,,,,,65.78675842285156,36630.5,4.186418533325195,315.3953552246094,14364,,,0.0,,0.0,,0.0,
64,,,,,,0.6134918928146362,,0.903717041015625,,14.51113510131836,,,,,,,,,,,,14364,1.8754688501358032,,,,,,,
,,,,,,,,,,,,,,0.00013085709916248962,0.03,,,,,,,14399,,,,,,,,
65,,,,,,,0.6122565269470215,,0.9213385581970215,,15.453125,0.0001308275095652789,0.029999999329447746,,,1.0,1.0,,,,,14399,,1.9337353706359863,,,,,,
,,,,,,,,,,,,,,0.00012937945176998494,0.03,,,,,,,14449,,,,,,,,
65,,,,,,,0.5977163910865784,,0.9119253754615784,,15.7109375,0.00012934993719682097,0.029999999329447746,,,1.0,1.0,,,,,14449,,1.7692217826843262,,,,,,
,,,,,,,,,,,,,,0.00012790622137560565,0.03,,,,,,,14499,,,,,,,,
65,,,,,,,0.6162065267562866,,0.8977006673812866,,14.0703125,0.0001278768031625077,0.029999999329447746,,,1.0,1.0,,,,,14499,,1.9223508834838867,,,,,,
,,,,,,,,,,,,,,0.0001264374998630786,0.03,,,,,,,14549,,,,,,,,
65,,,,,,,0.595687747001648,,0.877670168876648,,14.1015625,0.00012640816567000002,0.029999999329447746,,,1.0,1.0,,,,,14549,,1.9043365716934204,,,,,,
,,,0.0503472238779068,,0.8671875,,,,,,,,,,,1.0,1.0,,,,,5980,,,,0.0,,0.0,,0.0
,,,0.0460069440305233,,0.890625,,,,,,,,,,,1.0,1.0,,,,,5981,,,,0.0,,0.0,,0.0
,,,0.10740333795547485,,0.8701870441436768,,,,,,,,,,,1.0,1.0,,,,,5982,,,,0.0,,0.0,,0.0
,,,0.072265625,,0.90625,,,,,,,,,,,1.0,1.0,,,,,5983,,,,0.0,,0.0,,0.0
,,,0.0642361119389534,,0.875,,,,,,,,,,,1.0,1.0,,,,,5984,,,,0.0,,0.0,,0.0
,,,0.09900284558534622,,0.8429487347602844,,,,,,,,,,,1.0,1.0,,,,,5985,,,,0.0,,0.0,,0.0
,,,0.008593750186264515,,0.78125,,,,,,,,,,,1.0,1.0,,,,,5986,,,,0.0,,0.0,,0.0
,,,0.014843749813735485,,0.8046875,,,,,,,,,,,1.0,1.0,,,,,5987,,,,0.0,,0.0,,0.0
,,,0.048627790063619614,,0.8632075786590576,,,,,,,,,,,1.0,1.0,,,,,5988,,,,0.0,,0.0,,0.0
,,,0.0537109375,,0.953125,,,,,,,,,,,1.0,1.0,,,,,5989,,,,0.0,,0.0,,0.0
,,,0.0442708320915699,,0.9375,,,,,,,,,,,1.0,1.0,,,,,5990,,,,0.0,,0.0,,0.0
,,,0.04453124850988388,,0.9453125,,,,,,,,,,,1.0,1.0,,,,,5991,,,,0.0,,0.0,,0.0
,,,0.1460740715265274,,0.9520000219345093,,,,,,,,,,,1.0,1.0,,,,,5992,,,,0.0,,0.0,,0.0
,,,0.05624999850988388,,0.8828125,,,,,,,,,,,1.0,1.0,,,,,5993,,,,0.0,,0.0,,0.0
,,,0.0625,,0.8671875,,,,,,,,,,,1.0,1.0,,,,,5994,,,,0.0,,0.0,,0.0
,,,0.08683473616838455,,0.8006535768508911,,,,,,,,,,,1.0,1.0,,,,,5995,,,,0.0,,0.0,,0.0
,,,0.02864583395421505,,0.796875,,,,,,,,,,,1.0,1.0,,,,,5996,,,,0.0,,0.0,,0.0
,,,0.01822916604578495,,0.7734375,,,,,,,,,,,1.0,1.0,,,,,5997,,,,0.0,,0.0,,0.0
,,,0.11616161465644836,,0.8858225345611572,,,,,,,,,,,1.0,1.0,,,,,5998,,,,0.0,,0.0,,0.0
,,,0.0849609375,,0.9765625,,,,,,,,,,,1.0,1.0,,,,,5999,,,,0.0,,0.0,,0.0
,,,0.0849609375,,0.9765625,,,,,,,,,,,1.0,1.0,,,,,6000,,,,0.0,,0.0,,0.0
,,,0.12799224257469177,,0.9429638981819153,,,,,,,,,,,1.0,1.0,,,,,6001,,,,0.0,,0.0,,0.0
,,,0.0338541679084301,,0.8046875,,,,,,,,,,,1.0,1.0,,,,,6002,,,,0.0,,0.0,,0.0
,,,0.0329861119389534,,0.8125,,,,,,,,,,,1.0,1.0,,,,,6003,,,,0.0,,0.0,,0.0
,,,0.09034483134746552,,0.8411329984664917,,,,,,,,,,,1.0,1.0,,,,,6004,,,,0.0,,0.0,,0.0
,,,0.0810546875,,0.921875,,,,,,,,,,,1.0,1.0,,,,,6005,,,,0.0,,0.0,,0.0
,,,0.076171875,,0.8828125,,,,,,,,,,,1.0,1.0,,,,,6006,,,,0.0,,0.0,,0.0
,,,0.13461914658546448,,0.9344654083251953,,,,,,,,,,,1.0,1.0,,,,,6007,,,,0.0,,0.0,,0.0
,,,0.076171875,,0.9140625,,,,,,,,,,,1.0,1.0,,,,,6008,,,,0.0,,0.0,,0.0
,,,0.04921875149011612,,0.90625,,,,,,,,,,,1.0,1.0,,,,,6009,,,,0.0,,0.0,,0.0
,,,0.10889193415641785,,0.9299589395523071,,,,,,,,,,,1.0,1.0,,,,,6010,,,,0.0,,0.0,,0.0
,,,0.0512152761220932,,0.8671875,,,,,,,,,,,1.0,1.0,,,,,6011,,,,0.0,,0.0,,0.0
,,,0.04843749850988388,,0.875,,,,,,,,,,,1.0,1.0,,,,,6012,,,,0.0,,0.0,,0.0
,,,0.1171182245016098,,0.8667487502098083,,,,,,,,,,,1.0,1.0,,,,,6013,,,,0.0,,0.0,,0.0
,,,0.078125,,0.90625,,,,,,,,,,,1.0,1.0,,,,,6014,,,,0.0,,0.0,,0.0
,,,0.0693359375,,0.8671875,,,,,,,,,,,1.0,1.0,,,,,6015,,,,0.0,,0.0,,0.0
,,,0.10020933300256729,,0.8478101491928101,,,,,,,,,,,1.0,1.0,,,,,6016,,,,0.0,,0.0,,0.0
,,,0.01328125037252903,,0.78125,,,,,,,,,,,1.0,1.0,,,,,6017,,,,0.0,,0.0,,0.0
,,,0.01328125037252903,,0.7890625,,,,,,,,,,,1.0,1.0,,,,,6018,,,,0.0,,0.0,,0.0
,,,0.05438339710235596,,0.8501831293106079,,,,,,,,,,,1.0,1.0,,,,,6019,,,,0.0,,0.0,,0.0
,,,0.0546875,,0.953125,,,,,,,,,,,1.0,1.0,,,,,6020,,,,0.0,,0.0,,0.0
,,,0.0416666679084301,,0.953125,,,,,,,,,,,1.0,1.0,,,,,6021,,,,0.0,,0.0,,0.0
,,,0.10750000178813934,,0.9204545021057129,,,,,,,,,,,1.0,1.0,,,,,6022,,,,0.0,,0.0,,0.0
,,,0.0711805522441864,,0.8828125,,,,,,,,,,,1.0,1.0,,,,,6023,,,,0.0,,0.0,,0.0
,,,0.0546875,,0.8828125,,,,,,,,,,,1.0,1.0,,,,,6024,,,,0.0,,0.0,,0.0
,,,0.09405507147312164,,0.8826658725738525,,,,,,,,,,,1.0,1.0,,,,,6025,,,,0.0,,0.0,,0.0
,,,0.0234375,,0.8046875,,,,,,,,,,,1.0,1.0,,,,,6026,,,,0.0,,0.0,,0.0
,,,0.0234375,,0.7734375,,,,,,,,,,,1.0,1.0,,,,,6027,,,,0.0,,0.0,,0.0
,,,0.02265625074505806,,0.828125,,,,,,,,,,,1.0,1.0,,,,,6028,,,,0.0,,0.0,,0.0
,,,0.093503937125206,,0.9881889820098877,,,,,,,,,,,1.0,1.0,,,,,6029,,,,0.0,,0.0,,0.0
,,,0.0810546875,,0.984375,,,,,,,,,,,1.0,1.0,,,,,6030,,,,0.0,,0.0,,0.0
,,,0.0859375,,0.96875,,,,,,,,,,,1.0,1.0,,,,,6031,,,,0.0,,0.0,,0.0
,,,0.12547892332077026,,0.9267241358757019,,,,,,,,,,,1.0,1.0,,,,,6032,,,,0.0,,0.0,,0.0
,,,0.03125,,0.7890625,,,,,,,,,,,1.0,1.0,,,,,6033,,,,0.0,,0.0,,0.0
,,,0.0355902761220932,,0.8203125,,,,,,,,,,,1.0,1.0,,,,,6034,,,,0.0,,0.0,,0.0
,,,0.09941327571868896,,0.9147415161132812,,,,,,,,,,,1.0,1.0,,,,,6035,,,,0.0,,0.0,,0.0
,,,0.0755208358168602,,0.9140625,,,,,,,,,,,1.0,1.0,,,,,6036,,,,0.0,,0.0,,0.0
,,,0.08203125,,0.8984375,,,,,,,,,,,1.0,1.0,,,,,6037,,,,0.0,,0.0,,0.0
,,,0.10625000298023224,,0.9114583730697632,,,,,,,,,,,1.0,1.0,,,,,6038,,,,0.0,,0.0,,0.0
,,,0.0963541641831398,,0.921875,,,,,,,,,,,1.0,1.0,,,,,6039,,,,0.0,,0.0,,0.0
,,,0.0616319440305233,,0.921875,,,,,,,,,,,1.0,1.0,,,,,6040,,,,0.0,,0.0,,0.0
,,,0.10487264394760132,,0.906423032283783,,,,,,,,,,,1.0,1.0,,,,,6041,,,,0.0,,0.0,,0.0
,,,0.0503472238779068,,0.875,,,,,,,,,,,1.0,1.0,,,,,6042,,,,0.0,,0.0,,0.0
,,,0.04609375074505806,,0.859375,,,,,,,,,,,1.0,1.0,,,,,6043,,,,0.0,,0.0,,0.0
,,,0.13303834199905396,,0.880236029624939,,,,,,,,,,,1.0,1.0,,,,,6044,,,,0.0,,0.0,,0.0
,,,0.0703125,,0.90625,,,,,,,,,,,1.0,1.0,,,,,6045,,,,0.0,,0.0,,0.0
,,,0.0848214253783226,,0.8671875,,,,,,,,,,,1.0,1.0,,,,,6046,,,,0.0,,0.0,,0.0
,,,0.08494949340820312,,0.8863636255264282,,,,,,,,,,,1.0,1.0,,,,,6047,,,,0.0,,0.0,,0.0
,,,0.015625,,0.78125,,,,,,,,,,,1.0,1.0,,,,,6048,,,,0.0,,0.0,,0.0
,,,0.01328125037252903,,0.7578125,,,,,,,,,,,1.0,1.0,,,,,6049,,,,0.0,,0.0,,0.0
,,,0.06074073910713196,,0.8768518567085266,,,,,,,,,,,1.0,1.0,,,,,6050,,,,0.0,,0.0,,0.0
,,,0.0434027761220932,,0.9453125,,,,,,,,,,,1.0,1.0,,,,,6051,,,,0.0,,0.0,,0.0
,,,0.04374999925494194,,0.9296875,,,,,,,,,,,1.0,1.0,,,,,6052,,,,0.0,,0.0,,0.0
,,,0.13556449115276337,,0.9518072605133057,,,,,,,,,,,1.0,1.0,,,,,6053,,,,0.0,,0.0,,0.0
,,,0.0633680522441864,,0.875,,,,,,,,,,,1.0,1.0,,,,,6054,,,,0.0,,0.0,,0.0
,,,0.06171875074505806,,0.8671875,,,,,,,,,,,1.0,1.0,,,,,6055,,,,0.0,,0.0,,0.0
,,,0.07501910626888275,,0.8534504771232605,,,,,,,,,,,1.0,1.0,,,,,6056,,,,0.0,,0.0,,0.0
,,,0.025390625,,0.7734375,,,,,,,,,,,1.0,1.0,,,,,6057,,,,0.0,,0.0,,0.0
,,,0.01953125,,0.7890625,,,,,,,,,,,1.0,1.0,,,,,6058,,,,0.0,,0.0,,0.0
,,,0.12101636081933975,,0.9127906560897827,,,,,,,,,,,1.0,1.0,,,,,6059,,,,0.0,,0.0,,0.0
,,,0.0789930522441864,,0.9609375,,,,,,,,,,,1.0,1.0,,,,,6060,,,,0.0,,0.0,,0.0
,,,0.0737847238779068,,0.984375,,,,,,,,,,,1.0,1.0,,,,,6061,,,,0.0,,0.0,,0.0
,,,0.12692606449127197,,0.9896907210350037,,,,,,,,,,,1.0,1.0,,,,,6062,,,,0.0,,0.0,,0.0
,,,0.0416666679084301,,0.796875,,,,,,,,,,,1.0,1.0,,,,,6063,,,,0.0,,0.0,,0.0
,,,0.0322265625,,0.8125,,,,,,,,,,,1.0,1.0,,,,,6064,,,,0.0,,0.0,,0.0
,,,0.10178571939468384,,0.8794642686843872,,,,,,,,,,,1.0,1.0,,,,,6065,,,,0.0,,0.0,,0.0
,,,0.0711805522441864,,0.9296875,,,,,,,,,,,1.0,1.0,,,,,6066,,,,0.0,,0.0,,0.0
,,,0.0703125,,0.8984375,,,,,,,,,,,1.0,1.0,,,,,6067,,,,0.0,,0.0,,0.0
,,,0.11983078718185425,,0.9032634496688843,,,,,,,,,,,1.0,1.0,,,,,6068,,,,0.0,,0.0,,0.0
,,,0.0659722238779068,,0.9140625,,,,,,,,,,,1.0,1.0,,,,,6069,,,,0.0,,0.0,,0.0
,,,0.05390625074505806,,0.9140625,,,,,,,,,,,1.0,1.0,,,,,6070,,,,0.0,,0.0,,0.0
,,,0.06561680138111115,,0.9370078444480896,,,,,,,,,,,1.0,1.0,,,,,6071,,,,0.0,,0.0,,0.0
65,0.45725274085998535,0.46641990542411804,,0.8804460763931274,,,,,,,,,,,,,,66.21574401855469,37997.7265625,4.192918300628662,314.5840148925781,14585,,,0.0,,0.0,,0.0,
65,,,,,,0.6102299690246582,,0.8986276388168335,,14.4201078414917,,,,,,,,,,,,14585,1.8580619096755981,,,,,,,
,,,,,,,,,,,,,,0.00012497337883491644,0.03,,,,,,,14599,,,,,,,,
66,,,,,,,0.5855162143707275,,0.9168150424957275,,16.5625,0.0001249441411346197,0.029999999329447746,,,1.0,1.0,,,,,14599,,1.7552984952926636,,,,,,
,,,,,,,,,,,,,,0.0001235139496067045,0.03,,,,,,,14649,,,,,,,,
66,,,,,,,0.6009123921394348,,0.8658049702644348,,13.25,0.00012348480231594294,0.029999999329447746,,,1.0,1.0,,,,,14649,,1.8097422122955322,,,,,,
,,,,,,,,,,,,,,0.0001220593032014064,0.03,,,,,,,14699,,,,,,,,
66,,,,,,,0.6281204223632812,,0.8917922973632812,,13.1875,0.00012203025835333392,0.029999999329447746,,,1.0,1.0,,,,,14699,,1.8755719661712646,,,,,,
,,,,,,,,,,,,,,0.00012060953034368615,0.03,,,,,,,14749,,,,,,,,
66,,,,,,,0.6082590222358704,,0.8941476941108704,,14.2890625,0.00012058058200636879,0.029999999329447746,,,1.0,1.0,,,,,14749,,1.8409104347229004,,,,,,
,,,,,,,,,,,,,,0.00011916472145425002,0.03,,,,,,,14799,,,,,,,,
66,,,,,,,0.6146697998046875,,0.8832244873046875,,13.4296875,0.00011913587513845414,0.029999999329447746,,,1.0,1.0,,,,,14799,,1.9087387323379517,,,,,,
,,,0.0694444477558136,,0.875,,,,,,,,,,,1.0,1.0,,,,,6072,,,,0.0,,0.0,,0.0
,,,0.06640625,,0.90625,,,,,,,,,,,1.0,1.0,,,,,6073,,,,0.0,,0.0,,0.0
,,,0.1283094882965088,,0.9048404693603516,,,,,,,,,,,1.0,1.0,,,,,6074,,,,0.0,,0.0,,0.0
,,,0.0703125,,0.8828125,,,,,,,,,,,1.0,1.0,,,,,6075,,,,0.0,,0.0,,0.0
,,,0.0546875,,0.7890625,,,,,,,,,,,1.0,1.0,,,,,6076,,,,0.0,,0.0,,0.0
,,,0.12059295177459717,,0.9230769276618958,,,,,,,,,,,1.0,1.0,,,,,6077,,,,0.0,,0.0,,0.0
,,,0.0520833320915699,,0.9296875,,,,,,,,,,,1.0,1.0,,,,,6078,,,,0.0,,0.0,,0.0
,,,0.03671874850988388,,0.953125,,,,,,,,,,,1.0,1.0,,,,,6079,,,,0.0,,0.0,,0.0
,,,0.08430531620979309,,0.9395368695259094,,,,,,,,,,,1.0,1.0,,,,,6080,,,,0.0,,0.0,,0.0
,,,0.04296875,,0.9140625,,,,,,,,,,,1.0,1.0,,,,,6081,,,,0.0,,0.0,,0.0
,,,0.03593749925494194,,0.8828125,,,,,,,,,,,1.0,1.0,,,,,6082,,,,0.0,,0.0,,0.0
,,,0.04843749850988388,,0.875,,,,,,,,,,,1.0,1.0,,,,,6083,,,,0.0,,0.0,,0.0
,,,0.1117333322763443,,0.9639999866485596,,,,,,,,,,,1.0,1.0,,,,,6084,,,,0.0,,0.0,,0.0
,,,0.0789930522441864,,0.875,,,,,,,,,,,1.0,1.0,,,,,6085,,,,0.0,,0.0,,0.0
,,,0.0755208358168602,,0.890625,,,,,,,,,,,1.0,1.0,,,,,6086,,,,0.0,,0.0,,0.0
,,,0.10021786391735077,,0.8730158805847168,,,,,,,,,,,1.0,1.0,,,,,6087,,,,0.0,,0.0,,0.0
,,,0.0347222238779068,,0.890625,,,,,,,,,,,1.0,1.0,,,,,6088,,,,0.0,,0.0,,0.0
,,,0.02812499925494194,,0.890625,,,,,,,,,,,1.0,1.0,,,,,6089,,,,0.0,,0.0,,0.0
,,,0.09632034599781036,,0.9134199023246765,,,,,,,,,,,1.0,1.0,,,,,6090,,,,0.0,,0.0,,0.0
,,,0.078125,,0.9375,,,,,,,,,,,1.0,1.0,,,,,6091,,,,0.0,,0.0,,0.0
,,,0.05312500149011612,,0.921875,,,,,,,,,,,1.0,1.0,,,,,6092,,,,0.0,,0.0,,0.0
,,,0.09242838621139526,,0.9224159717559814,,,,,,,,,,,1.0,1.0,,,,,6093,,,,0.0,,0.0,,0.0
,,,0.03046875074505806,,0.8359375,,,,,,,,,,,1.0,1.0,,,,,6094,,,,0.0,,0.0,,0.0
,,,0.03125,,0.8671875,,,,,,,,,,,1.0,1.0,,,,,6095,,,,0.0,,0.0,,0.0
,,,0.08423645794391632,,0.8926107883453369,,,,,,,,,,,1.0,1.0,,,,,6096,,,,0.0,,0.0,,0.0
,,,0.03125,,0.9140625,,,,,,,,,,,1.0,1.0,,,,,6097,,,,0.0,,0.0,,0.0
,,,0.03046875074505806,,0.921875,,,,,,,,,,,1.0,1.0,,,,,6098,,,,0.0,,0.0,,0.0
,,,0.07231307029724121,,0.8428930640220642,,,,,,,,,,,1.0,1.0,,,,,6099,,,,0.0,,0.0,,0.0
,,,0.0390625,,0.78125,,,,,,,,,,,1.0,1.0,,,,,6100,,,,0.0,,0.0,,0.0
,,,0.0303819440305233,,0.8125,,,,,,,,,,,1.0,1.0,,,,,6101,,,,0.0,,0.0,,0.0
,,,0.10281805694103241,,0.8830369710922241,,,,,,,,,,,1.0,1.0,,,,,6102,,,,0.0,,0.0,,0.0
,,,0.06718750298023224,,0.8828125,,,,,,,,,,,1.0,1.0,,,,,6103,,,,0.0,,0.0,,0.0
,,,0.06328125298023224,,0.9296875,,,,,,,,,,,1.0,1.0,,,,,6104,,,,0.0,,0.0,,0.0
,,,0.1350301057100296,,0.8982758522033691,,,,,,,,,,,1.0,1.0,,,,,6105,,,,0.0,,0.0,,0.0
,,,0.05781250074505806,,0.8671875,,,,,,,,,,,1.0,1.0,,,,,6106,,,,0.0,,0.0,,0.0
,,,0.06015624850988388,,0.7890625,,,,,,,,,,,1.0,1.0,,,,,6107,,,,0.0,,0.0,,0.0
,,,0.12625397741794586,,0.9127721786499023,,,,,,,,,,,1.0,1.0,,,,,6108,,,,0.0,,0.0,,0.0
,,,0.03828125074505806,,0.9609375,,,,,,,,,,,1.0,1.0,,,,,6109,,,,0.0,,0.0,,0.0
,,,0.03984374925494194,,0.953125,,,,,,,,,,,1.0,1.0,,,,,6110,,,,0.0,,0.0,,0.0
,,,0.08454212546348572,,0.9297924041748047,,,,,,,,,,,1.0,1.0,,,,,6111,,,,0.0,,0.0,,0.0
,,,0.04296875,,0.90625,,,,,,,,,,,1.0,1.0,,,,,6112,,,,0.0,,0.0,,0.0
,,,0.04218750074505806,,0.921875,,,,,,,,,,,1.0,1.0,,,,,6113,,,,0.0,,0.0,,0.0
,,,0.12522727251052856,,0.9125000238418579,,,,,,,,,,,1.0,1.0,,,,,6114,,,,0.0,,0.0,,0.0
,,,0.07265625149011612,,0.8984375,,,,,,,,,,,1.0,1.0,,,,,6115,,,,0.0,,0.0,,0.0
,,,0.0815972238779068,,0.8984375,,,,,,,,,,,1.0,1.0,,,,,6116,,,,0.0,,0.0,,0.0
,,,0.08679599314928055,,0.9067584276199341,,,,,,,,,,,1.0,1.0,,,,,6117,,,,0.0,,0.0,,0.0
,,,0.0303819440305233,,0.828125,,,,,,,,,,,1.0,1.0,,,,,6118,,,,0.0,,0.0,,0.0
,,,0.03046875074505806,,0.90625,,,,,,,,,,,1.0,1.0,,,,,6119,,,,0.0,,0.0,,0.0
,,,0.03203124925494194,,0.921875,,,,,,,,,,,1.0,1.0,,,,,6120,,,,0.0,,0.0,,0.0
,,,0.06692913174629211,,0.9685039520263672,,,,,,,,,,,1.0,1.0,,,,,6121,,,,0.0,,0.0,,0.0
,,,0.05937499925494194,,0.921875,,,,,,,,,,,1.0,1.0,,,,,6122,,,,0.0,,0.0,,0.0
,,,0.05390625074505806,,0.9296875,,,,,,,,,,,1.0,1.0,,,,,6123,,,,0.0,,0.0,,0.0
,,,0.08103448152542114,,0.9181034564971924,,,,,,,,,,,1.0,1.0,,,,,6124,,,,0.0,,0.0,,0.0
,,,0.02968749962747097,,0.8359375,,,,,,,,,,,1.0,1.0,,,,,6125,,,,0.0,,0.0,,0.0
,,,0.03515625,,0.90625,,,,,,,,,,,1.0,1.0,,,,,6126,,,,0.0,,0.0,,0.0
,,,0.08650530874729156,,0.8542354106903076,,,,,,,,,,,1.0,1.0,,,,,6127,,,,0.0,,0.0,,0.0
,,,0.02777777798473835,,0.9296875,,,,,,,,,,,1.0,1.0,,,,,6128,,,,0.0,,0.0,,0.0
,,,0.0390625,,0.8828125,,,,,,,,,,,1.0,1.0,,,,,6129,,,,0.0,,0.0,,0.0
,,,0.05520833283662796,,0.8802083730697632,,,,,,,,,,,1.0,1.0,,,,,6130,,,,0.0,,0.0,,0.0
,,,0.0390625,,0.7890625,,,,,,,,,,,1.0,1.0,,,,,6131,,,,0.0,,0.0,,0.0
,,,0.03671874850988388,,0.859375,,,,,,,,,,,1.0,1.0,,,,,6132,,,,0.0,,0.0,,0.0
,,,0.09861572086811066,,0.8646179437637329,,,,,,,,,,,1.0,1.0,,,,,6133,,,,0.0,,0.0,,0.0
,,,0.06640625,,0.890625,,,,,,,,,,,1.0,1.0,,,,,6134,,,,0.0,,0.0,,0.0
,,,0.06484375149011612,,0.9140625,,,,,,,,,,,1.0,1.0,,,,,6135,,,,0.0,,0.0,,0.0
,,,0.1360209733247757,,0.9513274431228638,,,,,,,,,,,1.0,1.0,,,,,6136,,,,0.0,,0.0,,0.0
,,,0.0625,,0.8515625,,,,,,,,,,,1.0,1.0,,,,,6137,,,,0.0,,0.0,,0.0
,,,0.06015624850988388,,0.796875,,,,,,,,,,,1.0,1.0,,,,,6138,,,,0.0,,0.0,,0.0
,,,0.13692480325698853,,0.9171717166900635,,,,,,,,,,,1.0,1.0,,,,,6139,,,,0.0,,0.0,,0.0
,,,0.03437500074505806,,0.96875,,,,,,,,,,,1.0,1.0,,,,,6140,,,,0.0,,0.0,,0.0
,,,0.03984374925494194,,0.9296875,,,,,,,,,,,1.0,1.0,,,,,6141,,,,0.0,,0.0,,0.0
,,,0.10166666656732559,,0.9333333373069763,,,,,,,,,,,1.0,1.0,,,,,6142,,,,0.0,,0.0,,0.0
,,,0.03984374925494194,,0.8984375,,,,,,,,,,,1.0,1.0,,,,,6143,,,,0.0,,0.0,,0.0
,,,0.04374999925494194,,0.8984375,,,,,,,,,,,1.0,1.0,,,,,6144,,,,0.0,,0.0,,0.0
,,,0.14380484819412231,,0.9082998633384705,,,,,,,,,,,1.0,1.0,,,,,6145,,,,0.0,,0.0,,0.0
,,,0.0815972238779068,,0.90625,,,,,,,,,,,1.0,1.0,,,,,6146,,,,0.0,,0.0,,0.0
,,,0.0908203125,,0.890625,,,,,,,,,,,1.0,1.0,,,,,6147,,,,0.0,,0.0,,0.0
,,,0.0841609388589859,,0.8631271123886108,,,,,,,,,,,1.0,1.0,,,,,6148,,,,0.0,,0.0,,0.0
,,,0.0338541679084301,,0.8515625,,,,,,,,,,,1.0,1.0,,,,,6149,,,,0.0,,0.0,,0.0
,,,0.02890625037252903,,0.9140625,,,,,,,,,,,1.0,1.0,,,,,6150,,,,0.0,,0.0,,0.0
,,,0.10520486533641815,,0.9177740812301636,,,,,,,,,,,1.0,1.0,,,,,6151,,,,0.0,,0.0,,0.0
,,,0.0703125,,0.9296875,,,,,,,,,,,1.0,1.0,,,,,6152,,,,0.0,,0.0,,0.0
,,,0.0546875,,0.9296875,,,,,,,,,,,1.0,1.0,,,,,6153,,,,0.0,,0.0,,0.0
,,,0.0977386087179184,,0.9580977559089661,,,,,,,,,,,1.0,1.0,,,,,6154,,,,0.0,,0.0,,0.0
,,,0.02968749962747097,,0.8203125,,,,,,,,,,,1.0,1.0,,,,,6155,,,,0.0,,0.0,,0.0
,,,0.02812499925494194,,0.8359375,,,,,,,,,,,1.0,1.0,,,,,6156,,,,0.0,,0.0,,0.0
,,,0.10982143133878708,,0.9151785373687744,,,,,,,,,,,1.0,1.0,,,,,6157,,,,0.0,,0.0,,0.0
,,,0.0295138880610466,,0.921875,,,,,,,,,,,1.0,1.0,,,,,6158,,,,0.0,,0.0,,0.0
,,,0.03125,,0.9453125,,,,,,,,,,,1.0,1.0,,,,,6159,,,,0.0,,0.0,,0.0
,,,0.061987392604351044,,0.808080792427063,,,,,,,,,,,1.0,1.0,,,,,6160,,,,0.0,,0.0,,0.0
,,,0.03671874850988388,,0.796875,,,,,,,,,,,1.0,1.0,,,,,6161,,,,0.0,,0.0,,0.0
,,,0.0338541679084301,,0.8046875,,,,,,,,,,,1.0,1.0,,,,,6162,,,,0.0,,0.0,,0.0
,,,0.04015747830271721,,0.8503937125205994,,,,,,,,,,,1.0,1.0,,,,,6163,,,,0.0,,0.0,,0.0
66,0.4658167362213135,0.46930548548698425,,0.8903778791427612,,,,,,,,,,,,,,67.07532501220703,38310.796875,4.205816268920898,317.56048583984375,14806,,,0.0,,0.0,,0.0,
66,,,,,,0.6111711859703064,,0.8977460861206055,,14.328761100769043,,,,,,,,,,,,14806,1.8090453147888184,,,,,,,
,,,,,,,,,,,,,,0.00011772496664420729,0.03,,,,,,,14849,,,,,,,,
67,,,,,,,0.5863529443740845,,0.8795658349990845,,14.65625,0.00011769622506108135,0.029999999329447746,,,1.0,1.0,,,,,14849,,1.7217817306518555,,,,,,
,,,,,,,,,,,,,,0.00011629035570944984,0.03,,,,,,,14899,,,,,,,,
67,,,,,,,0.606078028678894,,0.890013575553894,,14.1953125,0.00011626171908574179,0.029999999329447746,,,1.0,1.0,,,,,14899,,1.739327073097229,,,,,,
,,,,,,,,,,,,,,0.00011486097812505202,0.03,,,,,,,14949,,,,,,,,
67,,,,,,,0.6113419532775879,,0.9033341407775879,,14.59375,0.00011483244452392682,0.029999999329447746,,,1.0,1.0,,,,,14949,,1.8517510890960693,,,,,,
,,,,,,,,,,,,,,0.00011343692303968976,0.03,,,,,,,14999,,,,,,,,
67,,,,,,,0.61106276512146,,0.89597487449646,,14.2421875,0.00011340849596308544,0.029999999329447746,,,1.0,1.0,,,,,14999,,1.784835696220398,,,,,,
,,,0.06562499701976776,,0.90625,,,,,,,,,,,1.0,1.0,,,,,6164,,,,0.0,,0.0,,0.0
,,,0.0772569477558136,,0.921875,,,,,,,,,,,1.0,1.0,,,,,6165,,,,0.0,,0.0,,0.0
,,,0.1283094882965088,,0.8813714981079102,,,,,,,,,,,1.0,1.0,,,,,6166,,,,0.0,,0.0,,0.0
,,,0.0546875,,0.78125,,,,,,,,,,,1.0,1.0,,,,,6167,,,,0.0,,0.0,,0.0
,,,0.05703125149011612,,0.796875,,,,,,,,,,,1.0,1.0,,,,,6168,,,,0.0,,0.0,,0.0
,,,0.07628205418586731,,0.802884578704834,,,,,,,,,,,1.0,1.0,,,,,6169,,,,0.0,,0.0,,0.0
,,,0.015625,,0.78125,,,,,,,,,,,1.0,1.0,,,,,6170,,,,0.0,,0.0,,0.0
,,,0.02812499925494194,,0.78125,,,,,,,,,,,1.0,1.0,,,,,6171,,,,0.0,,0.0,,0.0
,,,0.048799313604831696,,0.8271869421005249,,,,,,,,,,,1.0,1.0,,,,,6172,,,,0.0,,0.0,,0.0
,,,0.04062499850988388,,0.921875,,,,,,,,,,,1.0,1.0,,,,,6173,,,,0.0,,0.0,,0.0
,,,0.03281249850988388,,0.8984375,,,,,,,,,,,1.0,1.0,,,,,6174,,,,0.0,,0.0,,0.0
,,,0.04296875,,0.8671875,,,,,,,,,,,1.0,1.0,,,,,6175,,,,0.0,,0.0,,0.0
,,,0.187333345413208,,0.972000002861023,,,,,,,,,,,1.0,1.0,,,,,6176,,,,0.0,,0.0,,0.0
,,,0.1116071417927742,,0.9296875,,,,,,,,,,,1.0,1.0,,,,,6177,,,,0.0,,0.0,,0.0
,,,0.0772569477558136,,0.8984375,,,,,,,,,,,1.0,1.0,,,,,6178,,,,0.0,,0.0,,0.0
,,,0.14687208831310272,,0.9621849060058594,,,,,,,,,,,1.0,1.0,,,,,6179,,,,0.0,,0.0,,0.0
,,,0.0677083358168602,,0.9296875,,,,,,,,,,,1.0,1.0,,,,,6180,,,,0.0,,0.0,,0.0
,,,0.06171875074505806,,0.9453125,,,,,,,,,,,1.0,1.0,,,,,6181,,,,0.0,,0.0,,0.0
,,,0.09707792103290558,,0.9182900190353394,,,,,,,,,,,1.0,1.0,,,,,6182,,,,0.0,,0.0,,0.0
,,,0.0407986119389534,,0.890625,,,,,,,,,,,1.0,1.0,,,,,6183,,,,0.0,,0.0,,0.0
,,,0.03828125074505806,,0.84375,,,,,,,,,,,1.0,1.0,,,,,6184,,,,0.0,,0.0,,0.0
,,,0.09481942653656006,,0.9202989339828491,,,,,,,,,,,1.0,1.0,,,,,6185,,,,0.0,,0.0,,0.0
,,,0.04765624925494194,,0.890625,,,,,,,,,,,1.0,1.0,,,,,6186,,,,0.0,,0.0,,0.0
,,,0.05156249925494194,,0.8828125,,,,,,,,,,,1.0,1.0,,,,,6187,,,,0.0,,0.0,,0.0
,,,0.09650246053934097,,0.8738915920257568,,,,,,,,,,,1.0,1.0,,,,,6188,,,,0.0,,0.0,,0.0
,,,0.03125,,0.8984375,,,,,,,,,,,1.0,1.0,,,,,6189,,,,0.0,,0.0,,0.0
,,,0.03515625,,0.859375,,,,,,,,,,,1.0,1.0,,,,,6190,,,,0.0,,0.0,,0.0
,,,0.08860376477241516,,0.8845282793045044,,,,,,,,,,,1.0,1.0,,,,,6191,,,,0.0,,0.0,,0.0
,,,0.0581597238779068,,0.875,,,,,,,,,,,1.0,1.0,,,,,6192,,,,0.0,,0.0,,0.0
,,,0.04609375074505806,,0.8671875,,,,,,,,,,,1.0,1.0,,,,,6193,,,,0.0,,0.0,,0.0
,,,0.12859097123146057,,0.8886457085609436,,,,,,,,,,,1.0,1.0,,,,,6194,,,,0.0,,0.0,,0.0
,,,0.078125,,0.8984375,,,,,,,,,,,1.0,1.0,,,,,6195,,,,0.0,,0.0,,0.0
,,,0.0720486119389534,,0.921875,,,,,,,,,,,1.0,1.0,,,,,6196,,,,0.0,,0.0,,0.0
,,,0.11866995692253113,,0.8226600885391235,,,,,,,,,,,1.0,1.0,,,,,6197,,,,0.0,,0.0,,0.0
,,,0.06171875074505806,,0.8203125,,,,,,,,,,,1.0,1.0,,,,,6198,,,,0.0,,0.0,,0.0
,,,0.05000000074505806,,0.78125,,,,,,,,,,,1.0,1.0,,,,,6199,,,,0.0,,0.0,,0.0
,,,0.0757279172539711,,0.8232200145721436,,,,,,,,,,,1.0,1.0,,,,,6200,,,,0.0,,0.0,,0.0
,,,0.0234375,,0.7890625,,,,,,,,,,,1.0,1.0,,,,,6201,,,,0.0,,0.0,,0.0
,,,0.02187499962747097,,0.78125,,,,,,,,,,,1.0,1.0,,,,,6202,,,,0.0,,0.0,,0.0
,,,0.06068376451730728,,0.8194139003753662,,,,,,,,,,,1.0,1.0,,,,,6203,,,,0.0,,0.0,,0.0
,,,0.03750000149011612,,0.9296875,,,,,,,,,,,1.0,1.0,,,,,6204,,,,0.0,,0.0,,0.0
,,,0.03515625,,0.890625,,,,,,,,,,,1.0,1.0,,,,,6205,,,,0.0,,0.0,,0.0
,,,0.12681818008422852,,0.906818151473999,,,,,,,,,,,1.0,1.0,,,,,6206,,,,0.0,,0.0,,0.0
,,,0.09765625,,0.9375,,,,,,,,,,,1.0,1.0,,,,,6207,,,,0.0,,0.0,,0.0
,,,0.095703125,,0.921875,,,,,,,,,,,1.0,1.0,,,,,6208,,,,0.0,,0.0,,0.0
,,,0.15018773078918457,,0.932102620601654,,,,,,,,,,,1.0,1.0,,,,,6209,,,,0.0,,0.0,,0.0
,,,0.05703125149011612,,0.9375,,,,,,,,,,,1.0,1.0,,,,,6210,,,,0.0,,0.0,,0.0
,,,0.05703125149011612,,0.9296875,,,,,,,,,,,1.0,1.0,,,,,6211,,,,0.0,,0.0,,0.0
,,,0.0746527761220932,,0.9453125,,,,,,,,,,,1.0,1.0,,,,,6212,,,,0.0,,0.0,,0.0
,,,0.03700787574052811,,0.9527559280395508,,,,,,,,,,,1.0,1.0,,,,,6213,,,,0.0,,0.0,,0.0
,,,0.03984374925494194,,0.875,,,,,,,,,,,1.0,1.0,,,,,6214,,,,0.0,,0.0,,0.0
,,,0.03750000149011612,,0.859375,,,,,,,,,,,1.0,1.0,,,,,6215,,,,0.0,,0.0,,0.0
,,,0.07844828069210052,,0.9152299165725708,,,,,,,,,,,1.0,1.0,,,,,6216,,,,0.0,,0.0,,0.0
,,,0.04609375074505806,,0.8515625,,,,,,,,,,,1.0,1.0,,,,,6217,,,,0.0,,0.0,,0.0
,,,0.0642361119389534,,0.921875,,,,,,,,,,,1.0,1.0,,,,,6218,,,,0.0,,0.0,,0.0
,,,0.08921892940998077,,0.8714704513549805,,,,,,,,,,,1.0,1.0,,,,,6219,,,,0.0,,0.0,,0.0
,,,0.02777777798473835,,0.90625,,,,,,,,,,,1.0,1.0,,,,,6220,,,,0.0,,0.0,,0.0
,,,0.0390625,,0.890625,,,,,,,,,,,1.0,1.0,,,,,6221,,,,0.0,,0.0,,0.0
,,,0.06979166716337204,,0.890625,,,,,,,,,,,1.0,1.0,,,,,6222,,,,0.0,,0.0,,0.0
,,,0.04843749850988388,,0.8515625,,,,,,,,,,,1.0,1.0,,,,,6223,,,,0.0,,0.0,,0.0
,,,0.04843749850988388,,0.890625,,,,,,,,,,,1.0,1.0,,,,,6224,,,,0.0,,0.0,,0.0
,,,0.13319799304008484,,0.8762458562850952,,,,,,,,,,,1.0,1.0,,,,,6225,,,,0.0,,0.0,,0.0
,,,0.06796874850988388,,0.90625,,,,,,,,,,,1.0,1.0,,,,,6226,,,,0.0,,0.0,,0.0
,,,0.0720486119389534,,0.9140625,,,,,,,,,,,1.0,1.0,,,,,6227,,,,0.0,,0.0,,0.0
,,,0.12908554077148438,,0.8849557638168335,,,,,,,,,,,1.0,1.0,,,,,6228,,,,0.0,,0.0,,0.0
,,,0.05937499925494194,,0.8125,,,,,,,,,,,1.0,1.0,,,,,6229,,,,0.0,,0.0,,0.0
,,,0.0546875,,0.8203125,,,,,,,,,,,1.0,1.0,,,,,6230,,,,0.0,,0.0,,0.0
,,,0.0682828351855278,,0.8262625932693481,,,,,,,,,,,1.0,1.0,,,,,6231,,,,0.0,,0.0,,0.0
,,,0.02890625037252903,,0.84375,,,,,,,,,,,1.0,1.0,,,,,6232,,,,0.0,,0.0,,0.0
,,,0.01796874962747097,,0.71875,,,,,,,,,,,1.0,1.0,,,,,6233,,,,0.0,,0.0,,0.0
,,,0.05574074015021324,,0.8787037134170532,,,,,,,,,,,1.0,1.0,,,,,6234,,,,0.0,,0.0,,0.0
,,,0.03125,,0.8984375,,,,,,,,,,,1.0,1.0,,,,,6235,,,,0.0,,0.0,,0.0
,,,0.03750000149011612,,0.890625,,,,,,,,,,,1.0,1.0,,,,,6236,,,,0.0,,0.0,,0.0
,,,0.1480291485786438,,0.9092369079589844,,,,,,,,,,,1.0,1.0,,,,,6237,,,,0.0,,0.0,,0.0
,,,0.0966796875,,0.9375,,,,,,,,,,,1.0,1.0,,,,,6238,,,,0.0,,0.0,,0.0
,,,0.1127232164144516,,0.90625,,,,,,,,,,,1.0,1.0,,,,,6239,,,,0.0,,0.0,,0.0
,,,0.11207029223442078,,0.9152024388313293,,,,,,,,,,,1.0,1.0,,,,,6240,,,,0.0,,0.0,,0.0
,,,0.0685763880610466,,0.9296875,,,,,,,,,,,1.0,1.0,,,,,6241,,,,0.0,,0.0,,0.0
,,,0.05859375,,0.9375,,,,,,,,,,,1.0,1.0,,,,,6242,,,,0.0,,0.0,,0.0
,,,0.11267995834350586,,0.911406397819519,,,,,,,,,,,1.0,1.0,,,,,6243,,,,0.0,,0.0,,0.0
,,,0.03828125074505806,,0.890625,,,,,,,,,,,1.0,1.0,,,,,6244,,,,0.0,,0.0,,0.0
,,,0.03750000149011612,,0.8828125,,,,,,,,,,,1.0,1.0,,,,,6245,,,,0.0,,0.0,,0.0
,,,0.1060192883014679,,0.9329897165298462,,,,,,,,,,,1.0,1.0,,,,,6246,,,,0.0,,0.0,,0.0
,,,0.04843749850988388,,0.875,,,,,,,,,,,1.0,1.0,,,,,6247,,,,0.0,,0.0,,0.0
,,,0.04921875149011612,,0.875,,,,,,,,,,,1.0,1.0,,,,,6248,,,,0.0,,0.0,,0.0
,,,0.11428570747375488,,0.8883928656578064,,,,,,,,,,,1.0,1.0,,,,,6249,,,,0.0,,0.0,,0.0
,,,0.02777777798473835,,0.90625,,,,,,,,,,,1.0,1.0,,,,,6250,,,,0.0,,0.0,,0.0
,,,0.03515625,,0.875,,,,,,,,,,,1.0,1.0,,,,,6251,,,,0.0,,0.0,,0.0
,,,0.0856427550315857,,0.8663558959960938,,,,,,,,,,,1.0,1.0,,,,,6252,,,,0.0,,0.0,,0.0
,,,0.0598958320915699,,0.8828125,,,,,,,,,,,1.0,1.0,,,,,6253,,,,0.0,,0.0,,0.0
,,,0.04609375074505806,,0.8515625,,,,,,,,,,,1.0,1.0,,,,,6254,,,,0.0,,0.0,,0.0
,,,0.06124234199523926,,0.8661417365074158,,,,,,,,,,,1.0,1.0,,,,,6255,,,,0.0,,0.0,,0.0
67,0.462773859500885,0.4904393255710602,,0.8782358169555664,,,,,,,,,,,,,,67.01644134521484,36860.80078125,4.204937934875488,317.8382263183594,15027,,,0.0,,0.0,,0.0,
67,,,,,,0.607487678527832,,0.8917367458343506,,14.212209701538086,,,,,,,,,,,,15027,1.8268990516662598,,,,,,,
,,,,,,,,,,,,,,0.00011201827927008079,0.03,,,,,,,15049,,,,,,,,
68,,,,,,,0.6007664203643799,,0.8839695453643799,,14.1640625,0.00011198996071470901,0.029999999329447746,,,1.0,1.0,,,,,15049,,1.9352566003799438,,,,,,
,,,,,,,,,,,,,,0.00011060513529544525,0.03,,,,,,,15099,,,,,,,,
68,,,,,,,0.6050342321395874,,0.9209522008895874,,15.796875,0.00011057692609028891,0.029999999329447746,,,1.0,1.0,,,,,15099,,1.7180501222610474,,,,,,
,,,,,,,,,,,,,,0.00010919757925198721,0.03,,,,,,,15149,,,,,,,,
68,,,,,,,0.5803197026252747,,0.8635228276252747,,14.1640625,0.00010916948667727411,0.029999999329447746,,,1.0,1.0,,,,,15149,,1.6950592994689941,,,,,,
,,,,,,,,,,,,,,0.00010779569892739755,0.03,,,,,,,15199,,,,,,,,
68,,,,,,,0.5811275243759155,,0.8318599462509155,,12.5390625,0.00010776772251119837,0.029999999329447746,,,1.0,1.0,,,,,15199,,1.594374418258667,,,,,,
,,,0.0642361119389534,,0.890625,,,,,,,,,,,1.0,1.0,,,,,6256,,,,0.0,,0.0,,0.0
,,,0.078125,,0.9453125,,,,,,,,,,,1.0,1.0,,,,,6257,,,,0.0,,0.0,,0.0
,,,0.09988999366760254,,0.8678034543991089,,,,,,,,,,,1.0,1.0,,,,,6258,,,,0.0,,0.0,,0.0
,,,0.0538194440305233,,0.75,,,,,,,,,,,1.0,1.0,,,,,6259,,,,0.0,,0.0,,0.0
,,,0.0477430559694767,,0.7109375,,,,,,,,,,,1.0,1.0,,,,,6260,,,,0.0,,0.0,,0.0
,,,0.06698717921972275,,0.8253204822540283,,,,,,,,,,,1.0,1.0,,,,,6261,,,,0.0,,0.0,,0.0
,,,0.014843749813735485,,0.8046875,,,,,,,,,,,1.0,1.0,,,,,6262,,,,0.0,,0.0,,0.0
,,,0.02031249925494194,,0.8046875,,,,,,,,,,,1.0,1.0,,,,,6263,,,,0.0,,0.0,,0.0
,,,0.0451972559094429,,0.7401372194290161,,,,,,,,,,,1.0,1.0,,,,,6264,,,,0.0,,0.0,,0.0
,,,0.03281249850988388,,0.8046875,,,,,,,,,,,1.0,1.0,,,,,6265,,,,0.0,,0.0,,0.0
,,,0.03125,,0.8203125,,,,,,,,,,,1.0,1.0,,,,,6266,,,,0.0,,0.0,,0.0
,,,0.0381944440305233,,0.796875,,,,,,,,,,,1.0,1.0,,,,,6267,,,,0.0,,0.0,,0.0
,,,0.14506667852401733,,0.9600000381469727,,,,,,,,,,,1.0,1.0,,,,,6268,,,,0.0,,0.0,,0.0
,,,0.07343749701976776,,0.8828125,,,,,,,,,,,1.0,1.0,,,,,6269,,,,0.0,,0.0,,0.0
,,,0.06718750298023224,,0.84375,,,,,,,,,,,1.0,1.0,,,,,6270,,,,0.0,,0.0,,0.0
,,,0.12376803159713745,,0.8720821738243103,,,,,,,,,,,1.0,1.0,,,,,6271,,,,0.0,,0.0,,0.0
,,,0.0364583320915699,,0.953125,,,,,,,,,,,1.0,1.0,,,,,6272,,,,0.0,,0.0,,0.0
,,,0.0355902761220932,,0.9609375,,,,,,,,,,,1.0,1.0,,,,,6273,,,,0.0,,0.0,,0.0
,,,0.10422077775001526,,0.9485930800437927,,,,,,,,,,,1.0,1.0,,,,,6274,,,,0.0,,0.0,,0.0
,,,0.0720486119389534,,0.96875,,,,,,,,,,,1.0,1.0,,,,,6275,,,,0.0,,0.0,,0.0
,,,0.0651041641831398,,0.9609375,,,,,,,,,,,1.0,1.0,,,,,6276,,,,0.0,,0.0,,0.0
,,,0.10017434507608414,,0.8950186967849731,,,,,,,,,,,1.0,1.0,,,,,6277,,,,0.0,,0.0,,0.0
,,,0.03671874850988388,,0.7890625,,,,,,,,,,,1.0,1.0,,,,,6278,,,,0.0,,0.0,,0.0
,,,0.03828125074505806,,0.796875,,,,,,,,,,,1.0,1.0,,,,,6279,,,,0.0,,0.0,,0.0
,,,0.11152709275484085,,0.9027093648910522,,,,,,,,,,,1.0,1.0,,,,,6280,,,,0.0,,0.0,,0.0
,,,0.06484375149011612,,0.90625,,,,,,,,,,,1.0,1.0,,,,,6281,,,,0.0,,0.0,,0.0
,,,0.06718750298023224,,0.9765625,,,,,,,,,,,1.0,1.0,,,,,6282,,,,0.0,,0.0,,0.0
,,,0.14029350876808167,,0.9355974793434143,,,,,,,,,,,1.0,1.0,,,,,6283,,,,0.0,,0.0,,0.0
,,,0.0892857164144516,,0.9140625,,,,,,,,,,,1.0,1.0,,,,,6284,,,,0.0,,0.0,,0.0
,,,0.05234374850988388,,0.9296875,,,,,,,,,,,1.0,1.0,,,,,6285,,,,0.0,,0.0,,0.0
,,,0.13126614689826965,,0.9006839990615845,,,,,,,,,,,1.0,1.0,,,,,6286,,,,0.0,,0.0,,0.0
,,,0.0633680522441864,,0.90625,,,,,,,,,,,1.0,1.0,,,,,6287,,,,0.0,,0.0,,0.0
,,,0.0703125,,0.953125,,,,,,,,,,,1.0,1.0,,,,,6288,,,,0.0,,0.0,,0.0
,,,0.11539408564567566,,0.8298029899597168,,,,,,,,,,,1.0,1.0,,,,,6289,,,,0.0,,0.0,,0.0
,,,0.05234374850988388,,0.7734375,,,,,,,,,,,1.0,1.0,,,,,6290,,,,0.0,,0.0,,0.0
,,,0.0425347238779068,,0.71875,,,,,,,,,,,1.0,1.0,,,,,6291,,,,0.0,,0.0,,0.0
,,,0.059628091752529144,,0.821017861366272,,,,,,,,,,,1.0,1.0,,,,,6292,,,,0.0,,0.0,,0.0
,,,0.02031249925494194,,0.8359375,,,,,,,,,,,1.0,1.0,,,,,6293,,,,0.0,,0.0,,0.0
,,,0.015625,,0.7421875,,,,,,,,,,,1.0,1.0,,,,,6294,,,,0.0,,0.0,,0.0
,,,0.05150183290243149,,0.7655677795410156,,,,,,,,,,,1.0,1.0,,,,,6295,,,,0.0,,0.0,,0.0
,,,0.03437500074505806,,0.8046875,,,,,,,,,,,1.0,1.0,,,,,6296,,,,0.0,,0.0,,0.0
,,,0.0329861119389534,,0.828125,,,,,,,,,,,1.0,1.0,,,,,6297,,,,0.0,,0.0,,0.0
,,,0.12777777016162872,,0.8840909004211426,,,,,,,,,,,1.0,1.0,,,,,6298,,,,0.0,,0.0,,0.0
,,,0.07421875,,0.8828125,,,,,,,,,,,1.0,1.0,,,,,6299,,,,0.0,,0.0,,0.0
,,,0.0703125,,0.875,,,,,,,,,,,1.0,1.0,,,,,6300,,,,0.0,,0.0,,0.0
,,,0.11964955925941467,,0.9108260273933411,,,,,,,,,,,1.0,1.0,,,,,6301,,,,0.0,,0.0,,0.0
,,,0.0399305559694767,,0.9765625,,,,,,,,,,,1.0,1.0,,,,,6302,,,,0.0,,0.0,,0.0
,,,0.02812499925494194,,0.9453125,,,,,,,,,,,1.0,1.0,,,,,6303,,,,0.0,,0.0,,0.0
,,,0.0439453125,,0.9453125,,,,,,,,,,,1.0,1.0,,,,,6304,,,,0.0,,0.0,,0.0
,,,0.07261592149734497,,0.9921259880065918,,,,,,,,,,,1.0,1.0,,,,,6305,,,,0.0,,0.0,,0.0
,,,0.06796874850988388,,0.96875,,,,,,,,,,,1.0,1.0,,,,,6306,,,,0.0,,0.0,,0.0
,,,0.0659722238779068,,0.9609375,,,,,,,,,,,1.0,1.0,,,,,6307,,,,0.0,,0.0,,0.0
,,,0.07787355780601501,,0.9008620977401733,,,,,,,,,,,1.0,1.0,,,,,6308,,,,0.0,,0.0,,0.0
,,,0.0390625,,0.7890625,,,,,,,,,,,1.0,1.0,,,,,6309,,,,0.0,,0.0,,0.0
,,,0.0460069440305233,,0.8359375,,,,,,,,,,,1.0,1.0,,,,,6310,,,,0.0,,0.0,,0.0
,,,0.11595974117517471,,0.9147415161132812,,,,,,,,,,,1.0,1.0,,,,,6311,,,,0.0,,0.0,,0.0
,,,0.0755208358168602,,0.9375,,,,,,,,,,,1.0,1.0,,,,,6312,,,,0.0,,0.0,,0.0
,,,0.05937499925494194,,0.9453125,,,,,,,,,,,1.0,1.0,,,,,6313,,,,0.0,,0.0,,0.0
,,,0.14699074625968933,,0.90625,,,,,,,,,,,1.0,1.0,,,,,6314,,,,0.0,,0.0,,0.0
,,,0.0642361119389534,,0.90625,,,,,,,,,,,1.0,1.0,,,,,6315,,,,0.0,,0.0,,0.0
,,,0.0625,,0.9453125,,,,,,,,,,,1.0,1.0,,,,,6316,,,,0.0,,0.0,,0.0
,,,0.1351052075624466,,0.894241452217102,,,,,,,,,,,1.0,1.0,,,,,6317,,,,0.0,,0.0,,0.0
,,,0.0642361119389534,,0.921875,,,,,,,,,,,1.0,1.0,,,,,6318,,,,0.0,,0.0,,0.0
,,,0.0668402761220932,,0.9453125,,,,,,,,,,,1.0,1.0,,,,,6319,,,,0.0,,0.0,,0.0
,,,0.10842347145080566,,0.8383480906486511,,,,,,,,,,,1.0,1.0,,,,,6320,,,,0.0,,0.0,,0.0
,,,0.04765624925494194,,0.7578125,,,,,,,,,,,1.0,1.0,,,,,6321,,,,0.0,,0.0,,0.0
,,,0.0460069440305233,,0.7578125,,,,,,,,,,,1.0,1.0,,,,,6322,,,,0.0,,0.0,,0.0
,,,0.051616162061691284,,0.8166666626930237,,,,,,,,,,,1.0,1.0,,,,,6323,,,,0.0,,0.0,,0.0
,,,0.02031249925494194,,0.859375,,,,,,,,,,,1.0,1.0,,,,,6324,,,,0.0,,0.0,,0.0
,,,0.01796874962747097,,0.7109375,,,,,,,,,,,1.0,1.0,,,,,6325,,,,0.0,,0.0,,0.0
,,,0.04962962865829468,,0.8481481075286865,,,,,,,,,,,1.0,1.0,,,,,6326,,,,0.0,,0.0,,0.0
,,,0.03437500074505806,,0.8203125,,,,,,,,,,,1.0,1.0,,,,,6327,,,,0.0,,0.0,,0.0
,,,0.03125,,0.8203125,,,,,,,,,,,1.0,1.0,,,,,6328,,,,0.0,,0.0,,0.0
,,,0.14267440140247345,,0.8759036064147949,,,,,,,,,,,1.0,1.0,,,,,6329,,,,0.0,,0.0,,0.0
,,,0.07578124850988388,,0.875,,,,,,,,,,,1.0,1.0,,,,,6330,,,,0.0,,0.0,,0.0
,,,0.07265625149011612,,0.859375,,,,,,,,,,,1.0,1.0,,,,,6331,,,,0.0,,0.0,,0.0
,,,0.10303030908107758,,0.8922841548919678,,,,,,,,,,,1.0,1.0,,,,,6332,,,,0.0,,0.0,,0.0
,,,0.0364583320915699,,0.96875,,,,,,,,,,,1.0,1.0,,,,,6333,,,,0.0,,0.0,,0.0
,,,0.02890625037252903,,0.96875,,,,,,,,,,,1.0,1.0,,,,,6334,,,,0.0,,0.0,,0.0
,,,0.11406423151493073,,0.9532115459442139,,,,,,,,,,,1.0,1.0,,,,,6335,,,,0.0,,0.0,,0.0
,,,0.0720486119389534,,0.9765625,,,,,,,,,,,1.0,1.0,,,,,6336,,,,0.0,,0.0,,0.0
,,,0.0720486119389534,,0.96875,,,,,,,,,,,1.0,1.0,,,,,6337,,,,0.0,,0.0,,0.0
,,,0.12866273522377014,,0.9522780179977417,,,,,,,,,,,1.0,1.0,,,,,6338,,,,0.0,,0.0,,0.0
,,,0.03359375149011612,,0.78125,,,,,,,,,,,1.0,1.0,,,,,6339,,,,0.0,,0.0,,0.0
,,,0.03593749925494194,,0.796875,,,,,,,,,,,1.0,1.0,,,,,6340,,,,0.0,,0.0,,0.0
,,,0.13035714626312256,,0.9285714626312256,,,,,,,,,,,1.0,1.0,,,,,6341,,,,0.0,,0.0,,0.0
,,,0.080078125,,0.9140625,,,,,,,,,,,1.0,1.0,,,,,6342,,,,0.0,,0.0,,0.0
,,,0.06562499701976776,,0.953125,,,,,,,,,,,1.0,1.0,,,,,6343,,,,0.0,,0.0,,0.0
,,,0.14937840402126312,,0.9658119678497314,,,,,,,,,,,1.0,1.0,,,,,6344,,,,0.0,,0.0,,0.0
,,,0.0668402761220932,,0.9140625,,,,,,,,,,,1.0,1.0,,,,,6345,,,,0.0,,0.0,,0.0
,,,0.05546874925494194,,0.8984375,,,,,,,,,,,1.0,1.0,,,,,6346,,,,0.0,,0.0,,0.0
,,,0.07283464819192886,,0.9291338324546814,,,,,,,,,,,1.0,1.0,,,,,6347,,,,0.0,,0.0,,0.0
68,0.4571060240268707,0.48658260703086853,,0.87567138671875,,,,,,,,,,,,,,67.10025024414062,39185.41015625,4.206187725067139,320.4742431640625,15248,,,0.0,,0.0,,0.0,
68,,,,,,0.6032397150993347,,0.8883675932884216,,14.25682258605957,,,,,,,,,,,,15248,1.8293201923370361,,,,,,,
,,,,,,,,,,,,,,0.00010639958175537897,0.03,,,,,,,15249,,,,,,,,
69,,,,,,,0.5933278799057007,,0.8982595205307007,,15.2421875,0.00010637172090355307,0.029999999329447746,,,,,,,,,15249,,1.6070444583892822,,,,,,
,,,,,,,,,,,,,,0.00010500931481019316,0.03,,,,,,,15299,,,,,,,,
69,,,,,,,0.594019889831543,,0.907496452331543,,15.671875,0.00010498156916582957,0.029999999329447746,,,1.0,1.0,,,,,15299,,1.63588285446167,,,,,,
,,,,,,,,,,,,,,0.00010362498480122925,0.03,,,,,,,15349,,,,,,,,
69,,,,,,,0.6104647517204285,,0.8760897517204285,,13.28125,0.00010359736188547686,0.029999999329447746,,,1.0,1.0,,,,,15349,,1.6998612880706787,,,,,,
,,,,,,,,,,,,,,0.00010224667806759671,0.03,,,,,,,15399,,,,,,,,
69,,,,,,,0.5933742523193359,,0.8821926116943359,,14.4453125,0.00010221917182207108,0.029999999329447746,,,1.0,1.0,,,,,15399,,1.7579046487808228,,,,,,
,,,,,,,,,,,,,,0.00010087448057273998,0.03,,,,,,,15449,,,,,,,,
69,,,,,,,0.5971960425376892,,0.8838171362876892,,14.3359375,0.00010084710083901882,0.029999999329447746,,,1.0,1.0,,,,,15449,,1.9341933727264404,,,,,,
,,,0.04296875,,0.8203125,,,,,,,,,,,1.0,1.0,,,,,6348,,,,0.0,,0.0,,0.0
,,,0.0598958320915699,,0.8515625,,,,,,,,,,,1.0,1.0,,,,,6349,,,,0.0,,0.0,,0.0
,,,0.11221122741699219,,0.8701870441436768,,,,,,,,,,,1.0,1.0,,,,,6350,,,,0.0,,0.0,,0.0
,,,0.0789930522441864,,0.953125,,,,,,,,,,,1.0,1.0,,,,,6351,,,,0.0,,0.0,,0.0
,,,0.0746527761220932,,0.9296875,,,,,,,,,,,1.0,1.0,,,,,6352,,,,0.0,,0.0,,0.0
,,,0.10327635705471039,,0.9310897588729858,,,,,,,,,,,1.0,1.0,,,,,6353,,,,0.0,,0.0,,0.0
,,,0.0234375,,0.8828125,,,,,,,,,,,1.0,1.0,,,,,6354,,,,0.0,,0.0,,0.0
,,,0.02500000037252903,,0.9140625,,,,,,,,,,,1.0,1.0,,,,,6355,,,,0.0,,0.0,,0.0
,,,0.09081380069255829,,0.9026587009429932,,,,,,,,,,,1.0,1.0,,,,,6356,,,,0.0,,0.0,,0.0
,,,0.0633680522441864,,0.90625,,,,,,,,,,,1.0,1.0,,,,,6357,,,,0.0,,0.0,,0.0
,,,0.05703125149011612,,0.953125,,,,,,,,,,,1.0,1.0,,,,,6358,,,,0.0,,0.0,,0.0
,,,0.0625,,0.890625,,,,,,,,,,,1.0,1.0,,,,,6359,,,,0.0,,0.0,,0.0
,,,0.14426666498184204,,0.9359999895095825,,,,,,,,,,,1.0,1.0,,,,,6360,,,,0.0,,0.0,,0.0
,,,0.0737847238779068,,0.875,,,,,,,,,,,1.0,1.0,,,,,6361,,,,0.0,,0.0,,0.0
,,,0.0668402761220932,,0.8515625,,,,,,,,,,,1.0,1.0,,,,,6362,,,,0.0,,0.0,,0.0
,,,0.12190061807632446,,0.9024276733398438,,,,,,,,,,,1.0,1.0,,,,,6363,,,,0.0,,0.0,,0.0
,,,0.0399305559694767,,0.8515625,,,,,,,,,,,1.0,1.0,,,,,6364,,,,0.0,,0.0,,0.0
,,,0.0399305559694767,,0.9140625,,,,,,,,,,,1.0,1.0,,,,,6365,,,,0.0,,0.0,,0.0
,,,0.09469696879386902,,0.9031385183334351,,,,,,,,,,,1.0,1.0,,,,,6366,,,,0.0,,0.0,,0.0
,,,0.0625,,0.9453125,,,,,,,,,,,1.0,1.0,,,,,6367,,,,0.0,,0.0,,0.0
,,,0.04765624925494194,,0.921875,,,,,,,,,,,1.0,1.0,,,,,6368,,,,0.0,,0.0,,0.0
,,,0.09337484836578369,,0.8814445734024048,,,,,,,,,,,1.0,1.0,,,,,6369,,,,0.0,,0.0,,0.0
,,,0.03359375149011612,,0.765625,,,,,,,,,,,1.0,1.0,,,,,6370,,,,0.0,,0.0,,0.0
,,,0.03593749925494194,,0.7421875,,,,,,,,,,,1.0,1.0,,,,,6371,,,,0.0,,0.0,,0.0
,,,0.10694581270217896,,0.8497536778450012,,,,,,,,,,,1.0,1.0,,,,,6372,,,,0.0,,0.0,,0.0
,,,0.0685763880610466,,0.90625,,,,,,,,,,,1.0,1.0,,,,,6373,,,,0.0,,0.0,,0.0
,,,0.05703125149011612,,0.9453125,,,,,,,,,,,1.0,1.0,,,,,6374,,,,0.0,,0.0,,0.0
,,,0.13424527645111084,,0.9222641587257385,,,,,,,,,,,1.0,1.0,,,,,6375,,,,0.0,,0.0,,0.0
,,,0.0633680522441864,,0.9296875,,,,,,,,,,,1.0,1.0,,,,,6376,,,,0.0,,0.0,,0.0
,,,0.04765624925494194,,0.90625,,,,,,,,,,,1.0,1.0,,,,,6377,,,,0.0,,0.0,,0.0
,,,0.11056391894817352,,0.8950752019882202,,,,,,,,,,,1.0,1.0,,,,,6378,,,,0.0,,0.0,,0.0
,,,0.04843749850988388,,0.828125,,,,,,,,,,,1.0,1.0,,,,,6379,,,,0.0,,0.0,,0.0
,,,0.05234374850988388,,0.859375,,,,,,,,,,,1.0,1.0,,,,,6380,,,,0.0,,0.0,,0.0
,,,0.11423645168542862,,0.893842339515686,,,,,,,,,,,1.0,1.0,,,,,6381,,,,0.0,,0.0,,0.0
,,,0.0763888880610466,,0.921875,,,,,,,,,,,1.0,1.0,,,,,6382,,,,0.0,,0.0,,0.0
,,,0.0959821417927742,,0.9140625,,,,,,,,,,,1.0,1.0,,,,,6383,,,,0.0,,0.0,,0.0
,,,0.09451919794082642,,0.9217029809951782,,,,,,,,,,,1.0,1.0,,,,,6384,,,,0.0,,0.0,,0.0
,,,0.02421874925494194,,0.921875,,,,,,,,,,,1.0,1.0,,,,,6385,,,,0.0,,0.0,,0.0
,,,0.02031249925494194,,0.890625,,,,,,,,,,,1.0,1.0,,,,,6386,,,,0.0,,0.0,,0.0
,,,0.08227106183767319,,0.8982906341552734,,,,,,,,,,,1.0,1.0,,,,,6387,,,,0.0,,0.0,,0.0
,,,0.0616319440305233,,0.9375,,,,,,,,,,,1.0,1.0,,,,,6388,,,,0.0,,0.0,,0.0
,,,0.05624999850988388,,0.9375,,,,,,,,,,,1.0,1.0,,,,,6389,,,,0.0,,0.0,,0.0
,,,0.14704546332359314,,0.887499988079071,,,,,,,,,,,1.0,1.0,,,,,6390,,,,0.0,,0.0,,0.0
,,,0.078125,,0.8828125,,,,,,,,,,,1.0,1.0,,,,,6391,,,,0.0,,0.0,,0.0
,,,0.0729166641831398,,0.8671875,,,,,,,,,,,1.0,1.0,,,,,6392,,,,0.0,,0.0,,0.0
,,,0.1052565723657608,,0.9014393091201782,,,,,,,,,,,1.0,1.0,,,,,6393,,,,0.0,,0.0,,0.0
,,,0.0390625,,0.8984375,,,,,,,,,,,1.0,1.0,,,,,6394,,,,0.0,,0.0,,0.0
,,,0.03984374925494194,,0.8828125,,,,,,,,,,,1.0,1.0,,,,,6395,,,,0.0,,0.0,,0.0
,,,0.0390625,,0.90625,,,,,,,,,,,1.0,1.0,,,,,6396,,,,0.0,,0.0,,0.0
,,,0.17935258150100708,,0.9881889820098877,,,,,,,,,,,1.0,1.0,,,,,6397,,,,0.0,,0.0,,0.0
,,,0.0616319440305233,,0.9375,,,,,,,,,,,1.0,1.0,,,,,6398,,,,0.0,,0.0,,0.0
,,,0.04765624925494194,,0.8984375,,,,,,,,,,,1.0,1.0,,,,,6399,,,,0.0,,0.0,,0.0
,,,0.08045977354049683,,0.9008620977401733,,,,,,,,,,,1.0,1.0,,,,,6400,,,,0.0,,0.0,,0.0
,,,0.03281249850988388,,0.734375,,,,,,,,,,,1.0,1.0,,,,,6401,,,,0.0,,0.0,,0.0
,,,0.04062499850988388,,0.765625,,,,,,,,,,,1.0,1.0,,,,,6402,,,,0.0,,0.0,,0.0
,,,0.10436376929283142,,0.8357169032096863,,,,,,,,,,,1.0,1.0,,,,,6403,,,,0.0,,0.0,,0.0
,,,0.0694444477558136,,0.90625,,,,,,,,,,,1.0,1.0,,,,,6404,,,,0.0,,0.0,,0.0
,,,0.05546874925494194,,0.953125,,,,,,,,,,,1.0,1.0,,,,,6405,,,,0.0,,0.0,,0.0
,,,0.11145833134651184,,0.90625,,,,,,,,,,,1.0,1.0,,,,,6406,,,,0.0,,0.0,,0.0
,,,0.0590277761220932,,0.9296875,,,,,,,,,,,1.0,1.0,,,,,6407,,,,0.0,,0.0,,0.0
,,,0.0572916679084301,,0.921875,,,,,,,,,,,1.0,1.0,,,,,6408,,,,0.0,,0.0,,0.0
,,,0.10594315826892853,,0.9066998958587646,,,,,,,,,,,1.0,1.0,,,,,6409,,,,0.0,,0.0,,0.0
,,,0.05156249925494194,,0.8125,,,,,,,,,,,1.0,1.0,,,,,6410,,,,0.0,,0.0,,0.0
,,,0.046875,,0.875,,,,,,,,,,,1.0,1.0,,,,,6411,,,,0.0,,0.0,,0.0
,,,0.13988856971263885,,0.8778761029243469,,,,,,,,,,,1.0,1.0,,,,,6412,,,,0.0,,0.0,,0.0
,,,0.0746527761220932,,0.9140625,,,,,,,,,,,1.0,1.0,,,,,6413,,,,0.0,,0.0,,0.0
,,,0.078125,,0.890625,,,,,,,,,,,1.0,1.0,,,,,6414,,,,0.0,,0.0,,0.0
,,,0.09113354980945587,,0.9358586072921753,,,,,,,,,,,1.0,1.0,,,,,6415,,,,0.0,,0.0,,0.0
,,,0.0234375,,0.9140625,,,,,,,,,,,1.0,1.0,,,,,6416,,,,0.0,,0.0,,0.0
,,,0.02421874925494194,,0.8828125,,,,,,,,,,,1.0,1.0,,,,,6417,,,,0.0,,0.0,,0.0
,,,0.07425925880670547,,0.9425926208496094,,,,,,,,,,,1.0,1.0,,,,,6418,,,,0.0,,0.0,,0.0
,,,0.05312500149011612,,0.921875,,,,,,,,,,,1.0,1.0,,,,,6419,,,,0.0,,0.0,,0.0
,,,0.05937499925494194,,0.90625,,,,,,,,,,,1.0,1.0,,,,,6420,,,,0.0,,0.0,,0.0
,,,0.1506291925907135,,0.913386881351471,,,,,,,,,,,1.0,1.0,,,,,6421,,,,0.0,,0.0,,0.0
,,,0.0755208358168602,,0.875,,,,,,,,,,,1.0,1.0,,,,,6422,,,,0.0,,0.0,,0.0
,,,0.0737847238779068,,0.8828125,,,,,,,,,,,1.0,1.0,,,,,6423,,,,0.0,,0.0,,0.0
,,,0.09455054998397827,,0.879297137260437,,,,,,,,,,,1.0,1.0,,,,,6424,,,,0.0,,0.0,,0.0
,,,0.0439453125,,0.90625,,,,,,,,,,,1.0,1.0,,,,,6425,,,,0.0,,0.0,,0.0
,,,0.03984374925494194,,0.8828125,,,,,,,,,,,1.0,1.0,,,,,6426,,,,0.0,,0.0,,0.0
,,,0.11800172924995422,,0.9476743936538696,,,,,,,,,,,1.0,1.0,,,,,6427,,,,0.0,,0.0,,0.0
,,,0.0616319440305233,,0.96875,,,,,,,,,,,1.0,1.0,,,,,6428,,,,0.0,,0.0,,0.0
,,,0.0581597238779068,,0.921875,,,,,,,,,,,1.0,1.0,,,,,6429,,,,0.0,,0.0,,0.0
,,,0.103292316198349,,0.9374791979789734,,,,,,,,,,,1.0,1.0,,,,,6430,,,,0.0,,0.0,,0.0
,,,0.03437500074505806,,0.734375,,,,,,,,,,,1.0,1.0,,,,,6431,,,,0.0,,0.0,,0.0
,,,0.03125,,0.7578125,,,,,,,,,,,1.0,1.0,,,,,6432,,,,0.0,,0.0,,0.0
,,,0.12321428209543228,,0.8839285373687744,,,,,,,,,,,1.0,1.0,,,,,6433,,,,0.0,,0.0,,0.0
,,,0.0668402761220932,,0.890625,,,,,,,,,,,1.0,1.0,,,,,6434,,,,0.0,,0.0,,0.0
,,,0.06015624850988388,,0.9453125,,,,,,,,,,,1.0,1.0,,,,,6435,,,,0.0,,0.0,,0.0
,,,0.07657774537801743,,0.9246309399604797,,,,,,,,,,,1.0,1.0,,,,,6436,,,,0.0,,0.0,,0.0
,,,0.05703125149011612,,0.9296875,,,,,,,,,,,1.0,1.0,,,,,6437,,,,0.0,,0.0,,0.0
,,,0.04765624925494194,,0.921875,,,,,,,,,,,1.0,1.0,,,,,6438,,,,0.0,,0.0,,0.0
,,,0.058617670089006424,,0.9448819160461426,,,,,,,,,,,1.0,1.0,,,,,6439,,,,0.0,,0.0,,0.0
69,0.47466886043548584,0.5077082514762878,,0.8923863172531128,,,,,,,,,,,,,,68.37142944335938,36928.3671875,4.224955081939697,313.41546630859375,15469,,,0.0,,0.0,,0.0,
69,,,,,,0.6034584045410156,,0.8842020034790039,,14.036906242370605,,,,,,,,,,,,15469,1.8226102590560913,,,,,,,
,,,,,,,,,,,,,,9.950847789907682e-05,0.03,,,,,,,15499,,,,,,,,
70,,,,,,,0.599062442779541,,0.849550724029541,,12.5234375,9.948122169589624e-05,0.029999999329447746,,,1.0,1.0,,,,,15499,,1.7944024801254272,,,,,,
,,,,,,,,,,,,,,9.814875524266132e-05,0.03,,,,,,,15549,,,,,,,,
70,,,,,,,0.5838719606399536,,0.8407078981399536,,12.84375,9.812162898015231e-05,0.029999999329447746,,,1.0,1.0,,,,,15549,,1.5719223022460938,,,,,,
,,,,,,,,,,,,,,9.679539740786993e-05,0.03,,,,,,,15599,,,,,,,,
70,,,,,,,0.5999659299850464,,0.8455713987350464,,12.28125,9.676839545136318e-05,0.029999999329447746,,,1.0,1.0,,,,,15599,,1.5851267576217651,,,,,,
,,,,,,,,,,,,,,9.544848880211213e-05,0.03,,,,,,,15649,,,,,,,,
70,,,,,,,0.5945597290992737,,0.8833780884742737,,14.4453125,9.542161569697782e-05,0.029999999329447746,,,1.0,1.0,,,,,15649,,1.7874317169189453,,,,,,
,,,0.0503472238779068,,0.828125,,,,,,,,,,,1.0,1.0,,,,,6440,,,,0.0,,0.0,,0.0
,,,0.0581597238779068,,0.8515625,,,,,,,,,,,1.0,1.0,,,,,6441,,,,0.0,,0.0,,0.0
,,,0.12999632954597473,,0.8837550282478333,,,,,,,,,,,1.0,1.0,,,,,6442,,,,0.0,,0.0,,0.0
,,,0.0966796875,,0.9609375,,,,,,,,,,,1.0,1.0,,,,,6443,,,,0.0,,0.0,,0.0
,,,0.07421875,,0.9296875,,,,,,,,,,,1.0,1.0,,,,,6444,,,,0.0,,0.0,,0.0
,,,0.14663460850715637,,0.9647436141967773,,,,,,,,,,,1.0,1.0,,,,,6445,,,,0.0,,0.0,,0.0
,,,0.05390625074505806,,0.9921875,,,,,,,,,,,1.0,1.0,,,,,6446,,,,0.0,,0.0,,0.0
,,,0.0538194440305233,,0.9609375,,,,,,,,,,,1.0,1.0,,,,,6447,,,,0.0,,0.0,,0.0
,,,0.061749570071697235,,0.8902230262756348,,,,,,,,,,,1.0,1.0,,,,,6448,,,,0.0,,0.0,,0.0
,,,0.01909722201526165,,0.7734375,,,,,,,,,,,1.0,1.0,,,,,6449,,,,0.0,,0.0,,0.0
,,,0.015625,,0.8046875,,,,,,,,,,,1.0,1.0,,,,,6450,,,,0.0,,0.0,,0.0
,,,0.01875000074505806,,0.8203125,,,,,,,,,,,1.0,1.0,,,,,6451,,,,0.0,,0.0,,0.0
,,,0.12237036973237991,,0.9760000109672546,,,,,,,,,,,1.0,1.0,,,,,6452,,,,0.0,,0.0,,0.0
,,,0.0763888880610466,,0.90625,,,,,,,,,,,1.0,1.0,,,,,6453,,,,0.0,,0.0,,0.0
,,,0.0830078125,,0.8984375,,,,,,,,,,,1.0,1.0,,,,,6454,,,,0.0,,0.0,,0.0
,,,0.07927171140909195,,0.8949580192565918,,,,,,,,,,,1.0,1.0,,,,,6455,,,,0.0,,0.0,,0.0
,,,0.0217013880610466,,0.8359375,,,,,,,,,,,1.0,1.0,,,,,6456,,,,0.0,,0.0,,0.0
,,,0.01953125,,0.875,,,,,,,,,,,1.0,1.0,,,,,6457,,,,0.0,,0.0,,0.0
,,,0.0833333283662796,,0.8912338018417358,,,,,,,,,,,1.0,1.0,,,,,6458,,,,0.0,,0.0,,0.0
,,,0.0712890625,,0.9375,,,,,,,,,,,1.0,1.0,,,,,6459,,,,0.0,,0.0,,0.0
,,,0.05156249925494194,,0.9375,,,,,,,,,,,1.0,1.0,,,,,6460,,,,0.0,,0.0,,0.0
,,,0.11297633498907089,,0.9338729381561279,,,,,,,,,,,1.0,1.0,,,,,6461,,,,0.0,,0.0,,0.0
,,,0.05000000074505806,,0.8671875,,,,,,,,,,,1.0,1.0,,,,,6462,,,,0.0,,0.0,,0.0
,,,0.04531250149011612,,0.8828125,,,,,,,,,,,1.0,1.0,,,,,6463,,,,0.0,,0.0,,0.0
,,,0.12194854021072388,,0.9399014711380005,,,,,,,,,,,1.0,1.0,,,,,6464,,,,0.0,,0.0,,0.0
,,,0.05859375,,0.9453125,,,,,,,,,,,1.0,1.0,,,,,6465,,,,0.0,,0.0,,0.0
,,,0.0572916679084301,,0.9609375,,,,,,,,,,,1.0,1.0,,,,,6466,,,,0.0,,0.0,,0.0
,,,0.11412997543811798,,0.8617609739303589,,,,,,,,,,,1.0,1.0,,,,,6467,,,,0.0,,0.0,,0.0
,,,0.0546875,,0.8828125,,,,,,,,,,,1.0,1.0,,,,,6468,,,,0.0,,0.0,,0.0
,,,0.0486111119389534,,0.8671875,,,,,,,,,,,1.0,1.0,,,,,6469,,,,0.0,,0.0,,0.0
,,,0.1228112131357193,,0.8540355563163757,,,,,,,,,,,1.0,1.0,,,,,6470,,,,0.0,,0.0,,0.0
,,,0.04531250149011612,,0.8046875,,,,,,,,,,,1.0,1.0,,,,,6471,,,,0.0,,0.0,,0.0
,,,0.05078125,,0.8828125,,,,,,,,,,,1.0,1.0,,,,,6472,,,,0.0,,0.0,,0.0
,,,0.12256157398223877,,0.9024630784988403,,,,,,,,,,,1.0,1.0,,,,,6473,,,,0.0,,0.0,,0.0
,,,0.099609375,,0.953125,,,,,,,,,,,1.0,1.0,,,,,6474,,,,0.0,,0.0,,0.0
,,,0.0815972238779068,,0.9296875,,,,,,,,,,,1.0,1.0,,,,,6475,,,,0.0,,0.0,,0.0
,,,0.13107413053512573,,0.9843406081199646,,,,,,,,,,,1.0,1.0,,,,,6476,,,,0.0,,0.0,,0.0
,,,0.0564236119389534,,0.9765625,,,,,,,,,,,1.0,1.0,,,,,6477,,,,0.0,,0.0,,0.0
,,,0.04609375074505806,,0.9609375,,,,,,,,,,,1.0,1.0,,,,,6478,,,,0.0,,0.0,,0.0
,,,0.06468865275382996,,0.8764346837997437,,,,,,,,,,,1.0,1.0,,,,,6479,,,,0.0,,0.0,,0.0
,,,0.01953125,,0.7578125,,,,,,,,,,,1.0,1.0,,,,,6480,,,,0.0,,0.0,,0.0
,,,0.01406249962747097,,0.828125,,,,,,,,,,,1.0,1.0,,,,,6481,,,,0.0,,0.0,,0.0
,,,0.09545454382896423,,0.8897727131843567,,,,,,,,,,,1.0,1.0,,,,,6482,,,,0.0,,0.0,,0.0
,,,0.07343749701976776,,0.9296875,,,,,,,,,,,1.0,1.0,,,,,6483,,,,0.0,,0.0,,0.0
,,,0.0830078125,,0.921875,,,,,,,,,,,1.0,1.0,,,,,6484,,,,0.0,,0.0,,0.0
,,,0.09198998659849167,,0.9039424657821655,,,,,,,,,,,1.0,1.0,,,,,6485,,,,0.0,,0.0,,0.0
,,,0.01328125037252903,,0.8125,,,,,,,,,,,1.0,1.0,,,,,6486,,,,0.0,,0.0,,0.0
,,,0.01718750037252903,,0.8359375,,,,,,,,,,,1.0,1.0,,,,,6487,,,,0.0,,0.0,,0.0
,,,0.02864583395421505,,0.859375,,,,,,,,,,,1.0,1.0,,,,,6488,,,,0.0,,0.0,,0.0
,,,0.15905511379241943,,0.9724409580230713,,,,,,,,,,,1.0,1.0,,,,,6489,,,,0.0,,0.0,,0.0
,,,0.0598958320915699,,0.96875,,,,,,,,,,,1.0,1.0,,,,,6490,,,,0.0,,0.0,,0.0
,,,0.05234374850988388,,0.9296875,,,,,,,,,,,1.0,1.0,,,,,6491,,,,0.0,,0.0,,0.0
,,,0.10172413289546967,,0.9022988677024841,,,,,,,,,,,1.0,1.0,,,,,6492,,,,0.0,,0.0,,0.0
,,,0.04765624925494194,,0.8515625,,,,,,,,,,,1.0,1.0,,,,,6493,,,,0.0,,0.0,,0.0
,,,0.0581597238779068,,0.90625,,,,,,,,,,,1.0,1.0,,,,,6494,,,,0.0,,0.0,,0.0
,,,0.10458379238843918,,0.9196919798851013,,,,,,,,,,,1.0,1.0,,,,,6495,,,,0.0,,0.0,,0.0
,,,0.0572916679084301,,0.96875,,,,,,,,,,,1.0,1.0,,,,,6496,,,,0.0,,0.0,,0.0
,,,0.0546875,,0.9375,,,,,,,,,,,1.0,1.0,,,,,6497,,,,0.0,,0.0,,0.0
,,,0.0972222238779068,,0.8489583730697632,,,,,,,,,,,1.0,1.0,,,,,6498,,,,0.0,,0.0,,0.0
,,,0.0520833320915699,,0.875,,,,,,,,,,,1.0,1.0,,,,,6499,,,,0.0,,0.0,,0.0
,,,0.046875,,0.890625,,,,,,,,,,,1.0,1.0,,,,,6500,,,,0.0,,0.0,,0.0
,,,0.11323367059230804,,0.8887042999267578,,,,,,,,,,,1.0,1.0,,,,,6501,,,,0.0,,0.0,,0.0
,,,0.04765624925494194,,0.796875,,,,,,,,,,,1.0,1.0,,,,,6502,,,,0.0,,0.0,,0.0
,,,0.0654296875,,0.8828125,,,,,,,,,,,1.0,1.0,,,,,6503,,,,0.0,,0.0,,0.0
,,,0.14382170140743256,,0.9112094640731812,,,,,,,,,,,1.0,1.0,,,,,6504,,,,0.0,,0.0,,0.0
,,,0.0885416641831398,,0.9296875,,,,,,,,,,,1.0,1.0,,,,,6505,,,,0.0,,0.0,,0.0
,,,0.1071428582072258,,0.953125,,,,,,,,,,,1.0,1.0,,,,,6506,,,,0.0,,0.0,,0.0
,,,0.13424241542816162,,0.9909090995788574,,,,,,,,,,,1.0,1.0,,,,,6507,,,,0.0,,0.0,,0.0
,,,0.04843749850988388,,0.984375,,,,,,,,,,,1.0,1.0,,,,,6508,,,,0.0,,0.0,,0.0
,,,0.04609375074505806,,0.9453125,,,,,,,,,,,1.0,1.0,,,,,6509,,,,0.0,,0.0,,0.0
,,,0.06666667014360428,,0.9120370149612427,,,,,,,,,,,1.0,1.0,,,,,6510,,,,0.0,,0.0,,0.0
,,,0.014843749813735485,,0.75,,,,,,,,,,,1.0,1.0,,,,,6511,,,,0.0,,0.0,,0.0
,,,0.01875000074505806,,0.8203125,,,,,,,,,,,1.0,1.0,,,,,6512,,,,0.0,,0.0,,0.0
,,,0.09488620609045029,,0.9041499495506287,,,,,,,,,,,1.0,1.0,,,,,6513,,,,0.0,,0.0,,0.0
,,,0.0908203125,,0.9296875,,,,,,,,,,,1.0,1.0,,,,,6514,,,,0.0,,0.0,,0.0
,,,0.0772569477558136,,0.921875,,,,,,,,,,,1.0,1.0,,,,,6515,,,,0.0,,0.0,,0.0
,,,0.06788897514343262,,0.8828622102737427,,,,,,,,,,,1.0,1.0,,,,,6516,,,,0.0,,0.0,,0.0
,,,0.02083333395421505,,0.8125,,,,,,,,,,,1.0,1.0,,,,,6517,,,,0.0,,0.0,,0.0
,,,0.01718750037252903,,0.859375,,,,,,,,,,,1.0,1.0,,,,,6518,,,,0.0,,0.0,,0.0
,,,0.08266888558864594,,0.918327808380127,,,,,,,,,,,1.0,1.0,,,,,6519,,,,0.0,,0.0,,0.0
,,,0.05781250074505806,,0.9375,,,,,,,,,,,1.0,1.0,,,,,6520,,,,0.0,,0.0,,0.0
,,,0.05390625074505806,,0.9609375,,,,,,,,,,,1.0,1.0,,,,,6521,,,,0.0,,0.0,,0.0
,,,0.12457598745822906,,0.9639174938201904,,,,,,,,,,,1.0,1.0,,,,,6522,,,,0.0,,0.0,,0.0
,,,0.04921875149011612,,0.859375,,,,,,,,,,,1.0,1.0,,,,,6523,,,,0.0,,0.0,,0.0
,,,0.04609375074505806,,0.859375,,,,,,,,,,,1.0,1.0,,,,,6524,,,,0.0,,0.0,,0.0
,,,0.12589286267757416,,0.9598214626312256,,,,,,,,,,,1.0,1.0,,,,,6525,,,,0.0,,0.0,,0.0
,,,0.05234374850988388,,0.9453125,,,,,,,,,,,1.0,1.0,,,,,6526,,,,0.0,,0.0,,0.0
,,,0.0538194440305233,,0.96875,,,,,,,,,,,1.0,1.0,,,,,6527,,,,0.0,,0.0,,0.0
,,,0.10463610291481018,,0.8209013342857361,,,,,,,,,,,1.0,1.0,,,,,6528,,,,0.0,,0.0,,0.0
,,,0.0564236119389534,,0.8984375,,,,,,,,,,,1.0,1.0,,,,,6529,,,,0.0,,0.0,,0.0
,,,0.046875,,0.859375,,,,,,,,,,,1.0,1.0,,,,,6530,,,,0.0,,0.0,,0.0
,,,0.05686789005994797,,0.8976377844810486,,,,,,,,,,,1.0,1.0,,,,,6531,,,,0.0,,0.0,,0.0
70,0.468014121055603,0.4853818416595459,,0.8984740972518921,,,,,,,,,,,,,,69.5552749633789,35834.8359375,4.242121696472168,308.23846435546875,15690,,,0.0,,0.0,,0.0,
70,,,,,,0.6003733277320862,,0.8805379867553711,,14.007953643798828,,,,,,,,,,,,15690,1.805505394935608,,,,,,,
,,,,,,,,,,,,,,9.410811343056625e-05,0.03,,,,,,,15699,,,,,,,,
71,,,,,,,0.6025545597076416,,0.8884432315826416,,14.296875,9.408136975253001e-05,0.029999999329447746,,,1.0,1.0,,,,,15699,,1.8846368789672852,,,,,,
,,,,,,,,,,,,,,9.277435489094022e-05,0.03,,,,,,,15749,,,,,,,,
71,,,,,,,0.5951261520385742,,0.8749113082885742,,13.984375,9.27477449295111e-05,0.029999999329447746,,,1.0,1.0,,,,,15749,,1.6701624393463135,,,,,,
,,,,,,,,,,,,,,9.144729636825751e-05,0.03,,,,,,,15799,,,,,,,,
71,,,,,,,0.6065800786018372,,0.8695195317268372,,13.1484375,9.142082126345485e-05,0.029999999329447746,,,1.0,1.0,,,,,15799,,1.9444913864135742,,,,,,
,,,,,,,,,,,,,,9.012702062966914e-05,0.03,,,,,,,15849,,,,,,,,
71,,,,,,,0.603219747543335,,0.888620138168335,,14.265625,9.010068606585264e-05,0.029999999329447746,,,1.0,1.0,,,,,15849,,1.8778700828552246,,,,,,
,,,,,,,,,,,,,,8.881361001929145e-05,0.03,,,,,,,15899,,,,,,,,
71,,,,,,,0.5850487947463989,,0.8672753572463989,,14.109375,8.87874120962806e-05,0.029999999329447746,,,1.0,1.0,,,,,15899,,1.8696975708007812,,,,,,
,,,0.046875,,0.7578125,,,,,,,,,,,1.0,1.0,,,,,6532,,,,0.0,,0.0,,0.0
,,,0.0556640625,,0.8046875,,,,,,,,,,,1.0,1.0,,,,,6533,,,,0.0,,0.0,,0.0
,,,0.09515951573848724,,0.855335533618927,,,,,,,,,,,1.0,1.0,,,,,6534,,,,0.0,,0.0,,0.0
,,,0.0590277761220932,,0.8828125,,,,,,,,,,,1.0,1.0,,,,,6535,,,,0.0,,0.0,,0.0
,,,0.056640625,,0.8515625,,,,,,,,,,,1.0,1.0,,,,,6536,,,,0.0,,0.0,,0.0
,,,0.11930198967456818,,0.947115421295166,,,,,,,,,,,1.0,1.0,,,,,6537,,,,0.0,,0.0,,0.0
,,,0.07343749701976776,,0.9921875,,,,,,,,,,,1.0,1.0,,,,,6538,,,,0.0,,0.0,,0.0
,,,0.06328125298023224,,0.984375,,,,,,,,,,,1.0,1.0,,,,,6539,,,,0.0,,0.0,,0.0
,,,0.10789021849632263,,0.9403945207595825,,,,,,,,,,,1.0,1.0,,,,,6540,,,,0.0,,0.0,,0.0
,,,0.05000000074505806,,0.953125,,,,,,,,,,,1.0,1.0,,,,,6541,,,,0.0,,0.0,,0.0
,,,0.03593749925494194,,0.9609375,,,,,,,,,,,1.0,1.0,,,,,6542,,,,0.0,,0.0,,0.0
,,,0.04921875149011612,,0.9296875,,,,,,,,,,,1.0,1.0,,,,,6543,,,,0.0,,0.0,,0.0
,,,0.19466665387153625,,0.9520000219345093,,,,,,,,,,,1.0,1.0,,,,,6544,,,,0.0,,0.0,,0.0
,,,0.0926339253783226,,0.890625,,,,,,,,,,,1.0,1.0,,,,,6545,,,,0.0,,0.0,,0.0
,,,0.0651041641831398,,0.8671875,,,,,,,,,,,1.0,1.0,,,,,6546,,,,0.0,,0.0,,0.0
,,,0.10509388893842697,,0.9024276733398438,,,,,,,,,,,1.0,1.0,,,,,6547,,,,0.0,,0.0,,0.0
,,,0.02083333395421505,,0.8828125,,,,,,,,,,,1.0,1.0,,,,,6548,,,,0.0,,0.0,,0.0
,,,0.02604166604578495,,0.890625,,,,,,,,,,,1.0,1.0,,,,,6549,,,,0.0,,0.0,,0.0
,,,0.05757575482130051,,0.9074674844741821,,,,,,,,,,,1.0,1.0,,,,,6550,,,,0.0,,0.0,,0.0
,,,0.0598958320915699,,0.921875,,,,,,,,,,,1.0,1.0,,,,,6551,,,,0.0,,0.0,,0.0
,,,0.0477430559694767,,0.921875,,,,,,,,,,,1.0,1.0,,,,,6552,,,,0.0,,0.0,,0.0
,,,0.1088695153594017,,0.9156911373138428,,,,,,,,,,,1.0,1.0,,,,,6553,,,,0.0,,0.0,,0.0
,,,0.04296875,,0.8359375,,,,,,,,,,,1.0,1.0,,,,,6554,,,,0.0,,0.0,,0.0
,,,0.0503472238779068,,0.8359375,,,,,,,,,,,1.0,1.0,,,,,6555,,,,0.0,,0.0,,0.0
,,,0.14460864663124084,,0.9169950485229492,,,,,,,,,,,1.0,1.0,,,,,6556,,,,0.0,,0.0,,0.0
,,,0.0703125,,0.9375,,,,,,,,,,,1.0,1.0,,,,,6557,,,,0.0,,0.0,,0.0
,,,0.0771484375,,0.984375,,,,,,,,,,,1.0,1.0,,,,,6558,,,,0.0,,0.0,,0.0
,,,0.12055905163288116,,0.8628931045532227,,,,,,,,,,,1.0,1.0,,,,,6559,,,,0.0,,0.0,,0.0
,,,0.0529513880610466,,0.8671875,,,,,,,,,,,1.0,1.0,,,,,6560,,,,0.0,,0.0,,0.0
,,,0.03750000149011612,,0.859375,,,,,,,,,,,1.0,1.0,,,,,6561,,,,0.0,,0.0,,0.0
,,,0.09595075249671936,,0.8538987636566162,,,,,,,,,,,1.0,1.0,,,,,6562,,,,0.0,,0.0,,0.0
,,,0.0503472238779068,,0.7421875,,,,,,,,,,,1.0,1.0,,,,,6563,,,,0.0,,0.0,,0.0
,,,0.0520833320915699,,0.8359375,,,,,,,,,,,1.0,1.0,,,,,6564,,,,0.0,,0.0,,0.0
,,,0.0859113335609436,,0.8566502332687378,,,,,,,,,,,1.0,1.0,,,,,6565,,,,0.0,,0.0,,0.0
,,,0.05312500149011612,,0.8984375,,,,,,,,,,,1.0,1.0,,,,,6566,,,,0.0,,0.0,,0.0
,,,0.0517578125,,0.8125,,,,,,,,,,,1.0,1.0,,,,,6567,,,,0.0,,0.0,,0.0
,,,0.11976999789476395,,0.9590163826942444,,,,,,,,,,,1.0,1.0,,,,,6568,,,,0.0,,0.0,,0.0
,,,0.07109375298023224,,0.9921875,,,,,,,,,,,1.0,1.0,,,,,6569,,,,0.0,,0.0,,0.0
,,,0.0703125,,0.9765625,,,,,,,,,,,1.0,1.0,,,,,6570,,,,0.0,,0.0,,0.0
,,,0.11758242547512054,,0.9612942934036255,,,,,,,,,,,1.0,1.0,,,,,6571,,,,0.0,,0.0,,0.0
,,,0.046875,,0.9453125,,,,,,,,,,,1.0,1.0,,,,,6572,,,,0.0,,0.0,,0.0
,,,0.03828125074505806,,0.984375,,,,,,,,,,,1.0,1.0,,,,,6573,,,,0.0,,0.0,,0.0
,,,0.1401515156030655,,0.9284090995788574,,,,,,,,,,,1.0,1.0,,,,,6574,,,,0.0,,0.0,,0.0
,,,0.0869140625,,0.890625,,,,,,,,,,,1.0,1.0,,,,,6575,,,,0.0,,0.0,,0.0
,,,0.0711805522441864,,0.890625,,,,,,,,,,,1.0,1.0,,,,,6576,,,,0.0,,0.0,,0.0
,,,0.09949937462806702,,0.9267834424972534,,,,,,,,,,,1.0,1.0,,,,,6577,,,,0.0,,0.0,,0.0
,,,0.025390625,,0.8828125,,,,,,,,,,,1.0,1.0,,,,,6578,,,,0.0,,0.0,,0.0
,,,0.01796874962747097,,0.8828125,,,,,,,,,,,1.0,1.0,,,,,6579,,,,0.0,,0.0,,0.0
,,,0.02690972201526165,,0.90625,,,,,,,,,,,1.0,1.0,,,,,6580,,,,0.0,,0.0,,0.0
,,,0.053368330001831055,,0.9645669460296631,,,,,,,,,,,1.0,1.0,,,,,6581,,,,0.0,,0.0,,0.0
,,,0.04609375074505806,,0.9140625,,,,,,,,,,,1.0,1.0,,,,,6582,,,,0.0,,0.0,,0.0
,,,0.0556640625,,0.9140625,,,,,,,,,,,1.0,1.0,,,,,6583,,,,0.0,,0.0,,0.0
,,,0.07500000298023224,,0.9310344457626343,,,,,,,,,,,1.0,1.0,,,,,6584,,,,0.0,,0.0,,0.0
,,,0.04453124850988388,,0.84375,,,,,,,,,,,1.0,1.0,,,,,6585,,,,0.0,,0.0,,0.0
,,,0.0555555559694767,,0.890625,,,,,,,,,,,1.0,1.0,,,,,6586,,,,0.0,,0.0,,0.0
,,,0.12981298565864563,,0.8641364574432373,,,,,,,,,,,1.0,1.0,,,,,6587,,,,0.0,,0.0,,0.0
,,,0.0711805522441864,,0.953125,,,,,,,,,,,1.0,1.0,,,,,6588,,,,0.0,,0.0,,0.0
,,,0.0751953125,,0.96875,,,,,,,,,,,1.0,1.0,,,,,6589,,,,0.0,,0.0,,0.0
,,,0.11689814925193787,,0.8697916269302368,,,,,,,,,,,1.0,1.0,,,,,6590,,,,0.0,,0.0,,0.0
,,,0.0503472238779068,,0.8515625,,,,,,,,,,,1.0,1.0,,,,,6591,,,,0.0,,0.0,,0.0
,,,0.046875,,0.890625,,,,,,,,,,,1.0,1.0,,,,,6592,,,,0.0,,0.0,,0.0
,,,0.1033591777086258,,0.8358250260353088,,,,,,,,,,,1.0,1.0,,,,,6593,,,,0.0,,0.0,,0.0
,,,0.0556640625,,0.7578125,,,,,,,,,,,1.0,1.0,,,,,6594,,,,0.0,,0.0,,0.0
,,,0.0494791679084301,,0.8515625,,,,,,,,,,,1.0,1.0,,,,,6595,,,,0.0,,0.0,,0.0
,,,0.09132742881774902,,0.880236029624939,,,,,,,,,,,1.0,1.0,,,,,6596,,,,0.0,,0.0,,0.0
,,,0.05078125,,0.8828125,,,,,,,,,,,1.0,1.0,,,,,6597,,,,0.0,,0.0,,0.0
,,,0.0503472238779068,,0.8671875,,,,,,,,,,,1.0,1.0,,,,,6598,,,,0.0,,0.0,,0.0
,,,0.1153535395860672,,0.9676767587661743,,,,,,,,,,,1.0,1.0,,,,,6599,,,,0.0,,0.0,,0.0
,,,0.06406249850988388,,0.9921875,,,,,,,,,,,1.0,1.0,,,,,6600,,,,0.0,,0.0,,0.0
,,,0.06484375149011612,,0.9765625,,,,,,,,,,,1.0,1.0,,,,,6601,,,,0.0,,0.0,,0.0
,,,0.14794239401817322,,0.9379629492759705,,,,,,,,,,,1.0,1.0,,,,,6602,,,,0.0,,0.0,,0.0
,,,0.03984374925494194,,0.96875,,,,,,,,,,,1.0,1.0,,,,,6603,,,,0.0,,0.0,,0.0
,,,0.04218750074505806,,0.9609375,,,,,,,,,,,1.0,1.0,,,,,6604,,,,0.0,,0.0,,0.0
,,,0.15234270691871643,,0.9416332244873047,,,,,,,,,,,1.0,1.0,,,,,6605,,,,0.0,,0.0,,0.0
,,,0.0859375,,0.8828125,,,,,,,,,,,1.0,1.0,,,,,6606,,,,0.0,,0.0,,0.0
,,,0.0737847238779068,,0.890625,,,,,,,,,,,1.0,1.0,,,,,6607,,,,0.0,,0.0,,0.0
,,,0.06852559745311737,,0.895594596862793,,,,,,,,,,,1.0,1.0,,,,,6608,,,,0.0,,0.0,,0.0
,,,0.0263671875,,0.859375,,,,,,,,,,,1.0,1.0,,,,,6609,,,,0.0,,0.0,,0.0
,,,0.0251736119389534,,0.890625,,,,,,,,,,,1.0,1.0,,,,,6610,,,,0.0,,0.0,,0.0
,,,0.07336655259132385,,0.9177740812301636,,,,,,,,,,,1.0,1.0,,,,,6611,,,,0.0,,0.0,,0.0
,,,0.0520833320915699,,0.921875,,,,,,,,,,,1.0,1.0,,,,,6612,,,,0.0,,0.0,,0.0
,,,0.04218750074505806,,0.90625,,,,,,,,,,,1.0,1.0,,,,,6613,,,,0.0,,0.0,,0.0
,,,0.15347522497177124,,0.9639174938201904,,,,,,,,,,,1.0,1.0,,,,,6614,,,,0.0,,0.0,,0.0
,,,0.04453124850988388,,0.828125,,,,,,,,,,,1.0,1.0,,,,,6615,,,,0.0,,0.0,,0.0
,,,0.046875,,0.8359375,,,,,,,,,,,1.0,1.0,,,,,6616,,,,0.0,,0.0,,0.0
,,,0.1557539701461792,,0.9107142686843872,,,,,,,,,,,1.0,1.0,,,,,6617,,,,0.0,,0.0,,0.0
,,,0.0755208358168602,,0.953125,,,,,,,,,,,1.0,1.0,,,,,6618,,,,0.0,,0.0,,0.0
,,,0.0859375,,0.9609375,,,,,,,,,,,1.0,1.0,,,,,6619,,,,0.0,,0.0,,0.0
,,,0.10878011584281921,,0.8379953503608704,,,,,,,,,,,1.0,1.0,,,,,6620,,,,0.0,,0.0,,0.0
,,,0.0546875,,0.8671875,,,,,,,,,,,1.0,1.0,,,,,6621,,,,0.0,,0.0,,0.0
,,,0.04140625149011612,,0.8359375,,,,,,,,,,,1.0,1.0,,,,,6622,,,,0.0,,0.0,,0.0
,,,0.05599300190806389,,0.8818897604942322,,,,,,,,,,,1.0,1.0,,,,,6623,,,,0.0,,0.0,,0.0
71,0.46943002939224243,0.496665358543396,,0.8990805149078369,,,,,,,,,,,,,,69.42971801757812,36280.8125,4.240314960479736,315.25341796875,15911,,,0.0,,0.0,,0.0,
71,,,,,,0.5998378396034241,,0.8798810839653015,,14.002510070800781,,,,,,,,,,,,15911,1.8386964797973633,,,,,,,
,,,,,,,,,,,,,,8.750714645307036e-05,0.03,,,,,,,15949,,,,,,,,
72,,,,,,,0.6106750965118408,,0.8948547840118408,,14.203125,8.748108666623011e-05,0.029999999329447746,,,1.0,1.0,,,,,15949,,1.8067320585250854,,,,,,
,,,,,,,,,,,,,,8.620771141367264e-05,0.03,,,,,,,15999,,,,,,,,
72,,,,,,,0.588807225227356,,0.879578709602356,,14.5390625,8.618179708719254e-05,0.029999999329447746,,,1.0,1.0,,,,,15999,,1.7406965494155884,,,,,,
,,,,,,,,,,,,,,8.491538594540352e-05,0.03,,,,,,,16049,,,,,,,,
72,,,,,,,0.5634173154830933,,0.8405169248580933,,13.859375,8.488961611874402e-05,0.029999999329447746,,,1.0,1.0,,,,,16049,,1.5976588726043701,,,,,,
,,,,,,,,,,,,,,8.363025064915236e-05,0.03,,,,,,,16099,,,,,,,,
72,,,,,,,0.598251223564148,,0.921005129814148,,16.140625,8.360462379641831e-05,0.029999999329447746,,,1.0,1.0,,,,,16099,,1.8957253694534302,,,,,,
,,,0.0694444477558136,,0.90625,,,,,,,,,,,1.0,1.0,,,,,6624,,,,0.0,,0.0,,0.0
,,,0.0830078125,,0.921875,,,,,,,,,,,1.0,1.0,,,,,6625,,,,0.0,,0.0,,0.0
,,,0.14855152368545532,,0.9567290544509888,,,,,,,,,,,1.0,1.0,,,,,6626,,,,0.0,,0.0,,0.0
,,,0.1015625,,0.953125,,,,,,,,,,,1.0,1.0,,,,,6627,,,,0.0,,0.0,,0.0
,,,0.0876736119389534,,0.9453125,,,,,,,,,,,1.0,1.0,,,,,6628,,,,0.0,,0.0,,0.0
,,,0.12072648853063583,,0.9134615659713745,,,,,,,,,,,1.0,1.0,,,,,6629,,,,0.0,,0.0,,0.0
,,,0.02968749962747097,,0.9296875,,,,,,,,,,,1.0,1.0,,,,,6630,,,,0.0,,0.0,,0.0
,,,0.03828125074505806,,0.921875,,,,,,,,,,,1.0,1.0,,,,,6631,,,,0.0,,0.0,,0.0
,,,0.07775872200727463,,0.8940823078155518,,,,,,,,,,,1.0,1.0,,,,,6632,,,,0.0,,0.0,,0.0
,,,0.0373263880610466,,0.8515625,,,,,,,,,,,1.0,1.0,,,,,6633,,,,0.0,,0.0,,0.0
,,,0.03359375149011612,,0.828125,,,,,,,,,,,1.0,1.0,,,,,6634,,,,0.0,,0.0,,0.0
,,,0.03593749925494194,,0.84375,,,,,,,,,,,1.0,1.0,,,,,6635,,,,0.0,,0.0,,0.0
,,,0.1531851887702942,,0.972000002861023,,,,,,,,,,,1.0,1.0,,,,,6636,,,,0.0,,0.0,,0.0
,,,0.0729166641831398,,0.8828125,,,,,,,,,,,1.0,1.0,,,,,6637,,,,0.0,,0.0,,0.0
,,,0.0633680522441864,,0.8984375,,,,,,,,,,,1.0,1.0,,,,,6638,,,,0.0,,0.0,,0.0
,,,0.10021786391735077,,0.8258637189865112,,,,,,,,,,,1.0,1.0,,,,,6639,,,,0.0,,0.0,,0.0
,,,0.03125,,0.8515625,,,,,,,,,,,1.0,1.0,,,,,6640,,,,0.0,,0.0,,0.0
,,,0.03125,,0.875,,,,,,,,,,,1.0,1.0,,,,,6641,,,,0.0,,0.0,,0.0
,,,0.057359304279088974,,0.8382034301757812,,,,,,,,,,,1.0,1.0,,,,,6642,,,,0.0,,0.0,,0.0
,,,0.04140625149011612,,0.7578125,,,,,,,,,,,1.0,1.0,,,,,6643,,,,0.0,,0.0,,0.0
,,,0.0416666679084301,,0.734375,,,,,,,,,,,1.0,1.0,,,,,6644,,,,0.0,,0.0,,0.0
,,,0.08749689161777496,,0.8132004737854004,,,,,,,,,,,1.0,1.0,,,,,6645,,,,0.0,,0.0,,0.0
,,,0.0494791679084301,,0.8125,,,,,,,,,,,1.0,1.0,,,,,6646,,,,0.0,,0.0,,0.0
,,,0.03515625,,0.796875,,,,,,,,,,,1.0,1.0,,,,,6647,,,,0.0,,0.0,,0.0
,,,0.08965517580509186,,0.881280779838562,,,,,,,,,,,1.0,1.0,,,,,6648,,,,0.0,,0.0,,0.0
,,,0.02890625037252903,,0.9453125,,,,,,,,,,,1.0,1.0,,,,,6649,,,,0.0,,0.0,,0.0
,,,0.03437500074505806,,0.921875,,,,,,,,,,,1.0,1.0,,,,,6650,,,,0.0,,0.0,,0.0
,,,0.10603773593902588,,0.9116981029510498,,,,,,,,,,,1.0,1.0,,,,,6651,,,,0.0,,0.0,,0.0
,,,0.0598958320915699,,0.90625,,,,,,,,,,,1.0,1.0,,,,,6652,,,,0.0,,0.0,,0.0
,,,0.04843749850988388,,0.8828125,,,,,,,,,,,1.0,1.0,,,,,6653,,,,0.0,,0.0,,0.0
,,,0.12077823281288147,,0.8890560865402222,,,,,,,,,,,1.0,1.0,,,,,6654,,,,0.0,,0.0,,0.0
,,,0.0711805522441864,,0.9140625,,,,,,,,,,,1.0,1.0,,,,,6655,,,,0.0,,0.0,,0.0
,,,0.06484375149011612,,0.9609375,,,,,,,,,,,1.0,1.0,,,,,6656,,,,0.0,,0.0,,0.0
,,,0.15944170951843262,,0.9369457960128784,,,,,,,,,,,1.0,1.0,,,,,6657,,,,0.0,,0.0,,0.0
,,,0.0928819477558136,,0.9453125,,,,,,,,,,,1.0,1.0,,,,,6658,,,,0.0,,0.0,,0.0
,,,0.0868055522441864,,0.9375,,,,,,,,,,,1.0,1.0,,,,,6659,,,,0.0,,0.0,,0.0
,,,0.12970665097236633,,0.9306337237358093,,,,,,,,,,,1.0,1.0,,,,,6660,,,,0.0,,0.0,,0.0
,,,0.0407986119389534,,0.9453125,,,,,,,,,,,1.0,1.0,,,,,6661,,,,0.0,,0.0,,0.0
,,,0.02656250074505806,,0.9140625,,,,,,,,,,,1.0,1.0,,,,,6662,,,,0.0,,0.0,,0.0
,,,0.07469814270734787,,0.891330897808075,,,,,,,,,,,1.0,1.0,,,,,6663,,,,0.0,,0.0,,0.0
,,,0.0373263880610466,,0.859375,,,,,,,,,,,1.0,1.0,,,,,6664,,,,0.0,,0.0,,0.0
,,,0.03281249850988388,,0.8359375,,,,,,,,,,,1.0,1.0,,,,,6665,,,,0.0,,0.0,,0.0
,,,0.11944444477558136,,0.8886363506317139,,,,,,,,,,,1.0,1.0,,,,,6666,,,,0.0,,0.0,,0.0
,,,0.0789930522441864,,0.9140625,,,,,,,,,,,1.0,1.0,,,,,6667,,,,0.0,,0.0,,0.0
,,,0.0771484375,,0.9140625,,,,,,,,,,,1.0,1.0,,,,,6668,,,,0.0,,0.0,,0.0
,,,0.09030038118362427,,0.9173967838287354,,,,,,,,,,,1.0,1.0,,,,,6669,,,,0.0,,0.0,,0.0
,,,0.0303819440305233,,0.8359375,,,,,,,,,,,1.0,1.0,,,,,6670,,,,0.0,,0.0,,0.0
,,,0.02265625074505806,,0.890625,,,,,,,,,,,1.0,1.0,,,,,6671,,,,0.0,,0.0,,0.0
,,,0.0329861119389534,,0.8515625,,,,,,,,,,,1.0,1.0,,,,,6672,,,,0.0,,0.0,,0.0
,,,0.04015747830271721,,0.9251968860626221,,,,,,,,,,,1.0,1.0,,,,,6673,,,,0.0,,0.0,,0.0
,,,0.04218750074505806,,0.7265625,,,,,,,,,,,1.0,1.0,,,,,6674,,,,0.0,,0.0,,0.0
,,,0.03671874850988388,,0.7578125,,,,,,,,,,,1.0,1.0,,,,,6675,,,,0.0,,0.0,,0.0
,,,0.0732758641242981,,0.7758620977401733,,,,,,,,,,,1.0,1.0,,,,,6676,,,,0.0,,0.0,,0.0
,,,0.0390625,,0.75,,,,,,,,,,,1.0,1.0,,,,,6677,,,,0.0,,0.0,,0.0
,,,0.04218750074505806,,0.8515625,,,,,,,,,,,1.0,1.0,,,,,6678,,,,0.0,,0.0,,0.0
,,,0.09020902216434479,,0.8591859340667725,,,,,,,,,,,1.0,1.0,,,,,6679,,,,0.0,,0.0,,0.0
,,,0.03203124925494194,,0.953125,,,,,,,,,,,1.0,1.0,,,,,6680,,,,0.0,,0.0,,0.0
,,,0.0364583320915699,,0.9140625,,,,,,,,,,,1.0,1.0,,,,,6681,,,,0.0,,0.0,,0.0
,,,0.0798611119389534,,0.8854166269302368,,,,,,,,,,,1.0,1.0,,,,,6682,,,,0.0,,0.0,,0.0
,,,0.0581597238779068,,0.8671875,,,,,,,,,,,1.0,1.0,,,,,6683,,,,0.0,,0.0,,0.0
,,,0.046875,,0.921875,,,,,,,,,,,1.0,1.0,,,,,6684,,,,0.0,,0.0,,0.0
,,,0.12150855362415314,,0.9177740812301636,,,,,,,,,,,1.0,1.0,,,,,6685,,,,0.0,,0.0,,0.0
,,,0.0737847238779068,,0.9296875,,,,,,,,,,,1.0,1.0,,,,,6686,,,,0.0,,0.0,,0.0
,,,0.06562499701976776,,0.9375,,,,,,,,,,,1.0,1.0,,,,,6687,,,,0.0,,0.0,,0.0
,,,0.16551950573921204,,0.9778760671615601,,,,,,,,,,,1.0,1.0,,,,,6688,,,,0.0,,0.0,,0.0
,,,0.0902777761220932,,0.9296875,,,,,,,,,,,1.0,1.0,,,,,6689,,,,0.0,,0.0,,0.0
,,,0.1025390625,,0.9375,,,,,,,,,,,1.0,1.0,,,,,6690,,,,0.0,,0.0,,0.0
,,,0.11242423951625824,,0.9545454978942871,,,,,,,,,,,1.0,1.0,,,,,6691,,,,0.0,,0.0,,0.0
,,,0.0434027761220932,,0.953125,,,,,,,,,,,1.0,1.0,,,,,6692,,,,0.0,,0.0,,0.0
,,,0.02656250074505806,,0.9140625,,,,,,,,,,,1.0,1.0,,,,,6693,,,,0.0,,0.0,,0.0
,,,0.0703703761100769,,0.8805555105209351,,,,,,,,,,,1.0,1.0,,,,,6694,,,,0.0,,0.0,,0.0
,,,0.03515625,,0.8359375,,,,,,,,,,,1.0,1.0,,,,,6695,,,,0.0,,0.0,,0.0
,,,0.0373263880610466,,0.828125,,,,,,,,,,,1.0,1.0,,,,,6696,,,,0.0,,0.0,,0.0
,,,0.11228915303945541,,0.90321284532547,,,,,,,,,,,1.0,1.0,,,,,6697,,,,0.0,,0.0,,0.0
,,,0.087890625,,0.921875,,,,,,,,,,,1.0,1.0,,,,,6698,,,,0.0,,0.0,,0.0
,,,0.06328125298023224,,0.90625,,,,,,,,,,,1.0,1.0,,,,,6699,,,,0.0,,0.0,,0.0
,,,0.08986221253871918,,0.879424512386322,,,,,,,,,,,1.0,1.0,,,,,6700,,,,0.0,,0.0,,0.0
,,,0.0341796875,,0.84375,,,,,,,,,,,1.0,1.0,,,,,6701,,,,0.0,,0.0,,0.0
,,,0.02500000037252903,,0.9140625,,,,,,,,,,,1.0,1.0,,,,,6702,,,,0.0,,0.0,,0.0
,,,0.07991878688335419,,0.8413621187210083,,,,,,,,,,,1.0,1.0,,,,,6703,,,,0.0,,0.0,,0.0
,,,0.04062499850988388,,0.8046875,,,,,,,,,,,1.0,1.0,,,,,6704,,,,0.0,,0.0,,0.0
,,,0.0399305559694767,,0.734375,,,,,,,,,,,1.0,1.0,,,,,6705,,,,0.0,,0.0,,0.0
,,,0.11336880922317505,,0.8594945073127747,,,,,,,,,,,1.0,1.0,,,,,6706,,,,0.0,,0.0,,0.0
,,,0.04218750074505806,,0.7890625,,,,,,,,,,,1.0,1.0,,,,,6707,,,,0.0,,0.0,,0.0
,,,0.03750000149011612,,0.78125,,,,,,,,,,,1.0,1.0,,,,,6708,,,,0.0,,0.0,,0.0
,,,0.1160714328289032,,0.8883928656578064,,,,,,,,,,,1.0,1.0,,,,,6709,,,,0.0,,0.0,,0.0
,,,0.0338541679084301,,0.953125,,,,,,,,,,,1.0,1.0,,,,,6710,,,,0.0,,0.0,,0.0
,,,0.0329861119389534,,0.921875,,,,,,,,,,,1.0,1.0,,,,,6711,,,,0.0,,0.0,,0.0
,,,0.07459207624197006,,0.8989899158477783,,,,,,,,,,,1.0,1.0,,,,,6712,,,,0.0,,0.0,,0.0
,,,0.0564236119389534,,0.9296875,,,,,,,,,,,1.0,1.0,,,,,6713,,,,0.0,,0.0,,0.0
,,,0.05078125,,0.8671875,,,,,,,,,,,1.0,1.0,,,,,6714,,,,0.0,,0.0,,0.0
,,,0.05599300190806389,,0.9212598204612732,,,,,,,,,,,1.0,1.0,,,,,6715,,,,0.0,,0.0,,0.0
72,0.47343897819519043,0.469556987285614,,0.8837040662765503,,,,,,,,,,,,,,70.5080795288086,35427.40234375,4.255727291107178,307.45556640625,16132,,,0.0,,0.0,,0.0,
72,,,,,,0.5962916016578674,,0.8747886419296265,,13.924809455871582,,,,,,,,,,,,16132,1.8187627792358398,,,,,,,
,,,,,,,,,,,,,,8.235238567736552e-05,0.03,,,,,,,16149,,,,,,,,
73,,,,,,,0.6008012294769287,,0.8612992763519287,,13.0234375,8.232690015574917e-05,0.029999999329447746,,,1.0,1.0,,,,,16149,,1.896519422531128,,,,,,
,,,,,,,,,,,,,,8.108187072904731e-05,0.03,,,,,,,16199,,,,,,,,
73,,,,,,,0.5793156623840332,,0.8512883186340332,,13.6015625,8.105653250822797e-05,0.029999999329447746,,,1.0,1.0,,,,,16199,,1.8220186233520508,,,,,,
,,,,,,,,,,,,,,7.981878504478958e-05,0.03,,,,,,,16249,,,,,,,,
73,,,,,,,0.5938425660133362,,0.8670359253883362,,13.65625,7.979360088938847e-05,0.029999999329447746,,,1.0,1.0,,,,,16249,,1.8987150192260742,,,,,,
,,,,,,,,,,,,,,7.856320740182914e-05,0.03,,,,,,,16299,,,,,,,,
73,,,,,,,0.5648442506790161,,0.8263188600540161,,13.078125,7.853817078284919e-05,0.029999999329447746,,,1.0,1.0,,,,,16299,,1.859462022781372,,,,,,
,,,,,,,,,,,,,,7.731521610913462e-05,0.03,,,,,,,16349,,,,,,,,
73,,,,,,,0.5718265175819397,,0.8623538613319397,,14.53125,7.729033677605912e-05,0.029999999329447746,,,1.0,1.0,,,,,16349,,1.6193938255310059,,,,,,
,,,0.05078125,,0.8828125,,,,,,,,,,,1.0,1.0,,,,,6716,,,,0.0,,0.0,,0.0
,,,0.05937499925494194,,0.9375,,,,,,,,,,,1.0,1.0,,,,,6717,,,,0.0,,0.0,,0.0
,,,0.1203887090086937,,0.8998900055885315,,,,,,,,,,,1.0,1.0,,,,,6718,,,,0.0,,0.0,,0.0
,,,0.06406249850988388,,0.9453125,,,,,,,,,,,1.0,1.0,,,,,6719,,,,0.0,,0.0,,0.0
,,,0.05781250074505806,,0.875,,,,,,,,,,,1.0,1.0,,,,,6720,,,,0.0,,0.0,,0.0
,,,0.10608974099159241,,0.9358974695205688,,,,,,,,,,,1.0,1.0,,,,,6721,,,,0.0,,0.0,,0.0
,,,0.02734375,,0.8671875,,,,,,,,,,,1.0,1.0,,,,,6722,,,,0.0,,0.0,,0.0
,,,0.03281249850988388,,0.9140625,,,,,,,,,,,1.0,1.0,,,,,6723,,,,0.0,,0.0,,0.0
,,,0.07941681146621704,,0.8979417085647583,,,,,,,,,,,1.0,1.0,,,,,6724,,,,0.0,,0.0,,0.0
,,,0.03984374925494194,,0.90625,,,,,,,,,,,1.0,1.0,,,,,6725,,,,0.0,,0.0,,0.0
,,,0.0407986119389534,,0.9453125,,,,,,,,,,,1.0,1.0,,,,,6726,,,,0.0,,0.0,,0.0
,,,0.04453124850988388,,0.90625,,,,,,,,,,,1.0,1.0,,,,,6727,,,,0.0,,0.0,,0.0
,,,0.14906667172908783,,0.9639999866485596,,,,,,,,,,,1.0,1.0,,,,,6728,,,,0.0,,0.0,,0.0
,,,0.0850694477558136,,0.90625,,,,,,,,,,,1.0,1.0,,,,,6729,,,,0.0,,0.0,,0.0
,,,0.078125,,0.890625,,,,,,,,,,,1.0,1.0,,,,,6730,,,,0.0,,0.0,,0.0
,,,0.11391223967075348,,0.8562091588973999,,,,,,,,,,,1.0,1.0,,,,,6731,,,,0.0,,0.0,,0.0
,,,0.03359375149011612,,0.84375,,,,,,,,,,,1.0,1.0,,,,,6732,,,,0.0,,0.0,,0.0
,,,0.03359375149011612,,0.875,,,,,,,,,,,1.0,1.0,,,,,6733,,,,0.0,,0.0,,0.0
,,,0.1005411297082901,,0.8733766078948975,,,,,,,,,,,1.0,1.0,,,,,6734,,,,0.0,,0.0,,0.0
,,,0.05859375,,0.90625,,,,,,,,,,,1.0,1.0,,,,,6735,,,,0.0,,0.0,,0.0
,,,0.05078125,,0.8828125,,,,,,,,,,,1.0,1.0,,,,,6736,,,,0.0,,0.0,,0.0
,,,0.10933997482061386,,0.9293898344039917,,,,,,,,,,,1.0,1.0,,,,,6737,,,,0.0,,0.0,,0.0
,,,0.04921875149011612,,0.875,,,,,,,,,,,1.0,1.0,,,,,6738,,,,0.0,,0.0,,0.0
,,,0.05312500149011612,,0.8828125,,,,,,,,,,,1.0,1.0,,,,,6739,,,,0.0,,0.0,,0.0
,,,0.12182265520095825,,0.9169950485229492,,,,,,,,,,,1.0,1.0,,,,,6740,,,,0.0,,0.0,,0.0
,,,0.0659722238779068,,0.9296875,,,,,,,,,,,1.0,1.0,,,,,6741,,,,0.0,,0.0,,0.0
,,,0.06093750149011612,,0.96875,,,,,,,,,,,1.0,1.0,,,,,6742,,,,0.0,,0.0,,0.0
,,,0.13129279017448425,,0.9017610549926758,,,,,,,,,,,1.0,1.0,,,,,6743,,,,0.0,,0.0,,0.0
,,,0.0546875,,0.8828125,,,,,,,,,,,1.0,1.0,,,,,6744,,,,0.0,,0.0,,0.0
,,,0.04609375074505806,,0.8515625,,,,,,,,,,,1.0,1.0,,,,,6745,,,,0.0,,0.0,,0.0
,,,0.10175102949142456,,0.8770177960395813,,,,,,,,,,,1.0,1.0,,,,,6746,,,,0.0,,0.0,,0.0
,,,0.05390625074505806,,0.8671875,,,,,,,,,,,1.0,1.0,,,,,6747,,,,0.0,,0.0,,0.0
,,,0.06328125298023224,,0.9453125,,,,,,,,,,,1.0,1.0,,,,,6748,,,,0.0,,0.0,,0.0
,,,0.11142857372760773,,0.9211822748184204,,,,,,,,,,,1.0,1.0,,,,,6749,,,,0.0,,0.0,,0.0
,,,0.0625,,0.9296875,,,,,,,,,,,1.0,1.0,,,,,6750,,,,0.0,,0.0,,0.0
,,,0.0625,,0.875,,,,,,,,,,,1.0,1.0,,,,,6751,,,,0.0,,0.0,,0.0
,,,0.0924394428730011,,0.9142402410507202,,,,,,,,,,,1.0,1.0,,,,,6752,,,,0.0,,0.0,,0.0
,,,0.03046875074505806,,0.890625,,,,,,,,,,,1.0,1.0,,,,,6753,,,,0.0,,0.0,,0.0
,,,0.03281249850988388,,0.890625,,,,,,,,,,,1.0,1.0,,,,,6754,,,,0.0,,0.0,,0.0
,,,0.0733821764588356,,0.8985347747802734,,,,,,,,,,,1.0,1.0,,,,,6755,,,,0.0,,0.0,,0.0
,,,0.04218750074505806,,0.921875,,,,,,,,,,,1.0,1.0,,,,,6756,,,,0.0,,0.0,,0.0
,,,0.0425347238779068,,0.9453125,,,,,,,,,,,1.0,1.0,,,,,6757,,,,0.0,,0.0,,0.0
,,,0.13249999284744263,,0.9181817770004272,,,,,,,,,,,1.0,1.0,,,,,6758,,,,0.0,,0.0,,0.0
,,,0.07890625298023224,,0.921875,,,,,,,,,,,1.0,1.0,,,,,6759,,,,0.0,,0.0,,0.0
,,,0.0833333358168602,,0.8828125,,,,,,,,,,,1.0,1.0,,,,,6760,,,,0.0,,0.0,,0.0
,,,0.11564455926418304,,0.9280350208282471,,,,,,,,,,,1.0,1.0,,,,,6761,,,,0.0,,0.0,,0.0
,,,0.03593749925494194,,0.796875,,,,,,,,,,,1.0,1.0,,,,,6762,,,,0.0,,0.0,,0.0
,,,0.02968749962747097,,0.8359375,,,,,,,,,,,1.0,1.0,,,,,6763,,,,0.0,,0.0,,0.0
,,,0.04296875,,0.8828125,,,,,,,,,,,1.0,1.0,,,,,6764,,,,0.0,,0.0,,0.0
,,,0.05905511975288391,,0.9724409580230713,,,,,,,,,,,1.0,1.0,,,,,6765,,,,0.0,,0.0,,0.0
,,,0.0546875,,0.8828125,,,,,,,,,,,1.0,1.0,,,,,6766,,,,0.0,,0.0,,0.0
,,,0.0546875,,0.890625,,,,,,,,,,,1.0,1.0,,,,,6767,,,,0.0,,0.0,,0.0
,,,0.08247126638889313,,0.9525861740112305,,,,,,,,,,,1.0,1.0,,,,,6768,,,,0.0,,0.0,,0.0
,,,0.05156249925494194,,0.8671875,,,,,,,,,,,1.0,1.0,,,,,6769,,,,0.0,,0.0,,0.0
,,,0.05312500149011612,,0.8984375,,,,,,,,,,,1.0,1.0,,,,,6770,,,,0.0,,0.0,,0.0
,,,0.12658599019050598,,0.9147415161132812,,,,,,,,,,,1.0,1.0,,,,,6771,,,,0.0,,0.0,,0.0
,,,0.05937499925494194,,0.9375,,,,,,,,,,,1.0,1.0,,,,,6772,,,,0.0,,0.0,,0.0
,,,0.0677083358168602,,0.96875,,,,,,,,,,,1.0,1.0,,,,,6773,,,,0.0,,0.0,,0.0
,,,0.11145833134651184,,0.9114583730697632,,,,,,,,,,,1.0,1.0,,,,,6774,,,,0.0,,0.0,,0.0
,,,0.0616319440305233,,0.875,,,,,,,,,,,1.0,1.0,,,,,6775,,,,0.0,,0.0,,0.0
,,,0.04843749850988388,,0.8828125,,,,,,,,,,,1.0,1.0,,,,,6776,,,,0.0,,0.0,,0.0
,,,0.09640088677406311,,0.8524363040924072,,,,,,,,,,,1.0,1.0,,,,,6777,,,,0.0,,0.0,,0.0
,,,0.0546875,,0.890625,,,,,,,,,,,1.0,1.0,,,,,6778,,,,0.0,,0.0,,0.0
,,,0.0685763880610466,,0.9296875,,,,,,,,,,,1.0,1.0,,,,,6779,,,,0.0,,0.0,,0.0
,,,0.10861357301473618,,0.9401179552078247,,,,,,,,,,,1.0,1.0,,,,,6780,,,,0.0,,0.0,,0.0
,,,0.06093750149011612,,0.8984375,,,,,,,,,,,1.0,1.0,,,,,6781,,,,0.0,,0.0,,0.0
,,,0.0751953125,,0.8671875,,,,,,,,,,,1.0,1.0,,,,,6782,,,,0.0,,0.0,,0.0
,,,0.09020201861858368,,0.9409090876579285,,,,,,,,,,,1.0,1.0,,,,,6783,,,,0.0,,0.0,,0.0
,,,0.03125,,0.9296875,,,,,,,,,,,1.0,1.0,,,,,6784,,,,0.0,,0.0,,0.0
,,,0.03437500074505806,,0.8828125,,,,,,,,,,,1.0,1.0,,,,,6785,,,,0.0,,0.0,,0.0
,,,0.07388889044523239,,0.9037036895751953,,,,,,,,,,,1.0,1.0,,,,,6786,,,,0.0,,0.0,,0.0
,,,0.03984374925494194,,0.9375,,,,,,,,,,,1.0,1.0,,,,,6787,,,,0.0,,0.0,,0.0
,,,0.04062499850988388,,0.921875,,,,,,,,,,,1.0,1.0,,,,,6788,,,,0.0,,0.0,,0.0
,,,0.14414992928504944,,0.9254350662231445,,,,,,,,,,,1.0,1.0,,,,,6789,,,,0.0,,0.0,,0.0
,,,0.07968749850988388,,0.921875,,,,,,,,,,,1.0,1.0,,,,,6790,,,,0.0,,0.0,,0.0
,,,0.0842013880610466,,0.890625,,,,,,,,,,,1.0,1.0,,,,,6791,,,,0.0,,0.0,,0.0
,,,0.10562770813703537,,0.8697478771209717,,,,,,,,,,,1.0,1.0,,,,,6792,,,,0.0,,0.0,,0.0
,,,0.03437500074505806,,0.8046875,,,,,,,,,,,1.0,1.0,,,,,6793,,,,0.0,,0.0,,0.0
,,,0.03281249850988388,,0.8671875,,,,,,,,,,,1.0,1.0,,,,,6794,,,,0.0,,0.0,,0.0
,,,0.10968992114067078,,0.894518256187439,,,,,,,,,,,1.0,1.0,,,,,6795,,,,0.0,,0.0,,0.0
,,,0.0546875,,0.921875,,,,,,,,,,,1.0,1.0,,,,,6796,,,,0.0,,0.0,,0.0
,,,0.05312500149011612,,0.8984375,,,,,,,,,,,1.0,1.0,,,,,6797,,,,0.0,,0.0,,0.0
,,,0.12341204285621643,,0.9432989358901978,,,,,,,,,,,1.0,1.0,,,,,6798,,,,0.0,,0.0,,0.0
,,,0.04531250149011612,,0.8828125,,,,,,,,,,,1.0,1.0,,,,,6799,,,,0.0,,0.0,,0.0
,,,0.05546874925494194,,0.859375,,,,,,,,,,,1.0,1.0,,,,,6800,,,,0.0,,0.0,,0.0
,,,0.14107142388820648,,0.9241071343421936,,,,,,,,,,,1.0,1.0,,,,,6801,,,,0.0,,0.0,,0.0
,,,0.0668402761220932,,0.921875,,,,,,,,,,,1.0,1.0,,,,,6802,,,,0.0,,0.0,,0.0
,,,0.0651041641831398,,0.953125,,,,,,,,,,,1.0,1.0,,,,,6803,,,,0.0,,0.0,,0.0
,,,0.11126651614904404,,0.9005439281463623,,,,,,,,,,,1.0,1.0,,,,,6804,,,,0.0,,0.0,,0.0
,,,0.05156249925494194,,0.8671875,,,,,,,,,,,1.0,1.0,,,,,6805,,,,0.0,,0.0,,0.0
,,,0.05234374850988388,,0.8671875,,,,,,,,,,,1.0,1.0,,,,,6806,,,,0.0,,0.0,,0.0
,,,0.05686789005994797,,0.8582677245140076,,,,,,,,,,,1.0,1.0,,,,,6807,,,,0.0,,0.0,,0.0
73,0.4562607407569885,0.5249546766281128,,0.8999794721603394,,,,,,,,,,,,,,71.23831176757812,36487.3359375,4.266030788421631,314.69573974609375,16353,,,0.0,,0.0,,0.0,
73,,,,,,0.594961941242218,,0.8700917363166809,,13.756433486938477,,,,,,,,,,,,16353,1.8335490226745605,,,,,,,
,,,,,,,,,,,,,,7.60748890025226e-05,0.03,,,,,,,16399,,,,,,,,
74,,,,,,,0.5846279859542847,,0.8683193922042847,,14.1796875,7.605016435263678e-05,0.029999999329447746,,,1.0,1.0,,,,,16399,,1.9156482219696045,,,,,,
,,,,,,,,,,,,,,7.484230343980284e-05,0.03,,,,,,,16449,,,,,,,,
74,,,,,,,0.6037453413009644,,0.9020851850509644,,14.9140625,7.481773354811594e-05,0.029999999329447746,,,1.0,1.0,,,,,16449,,1.800087332725525,,,,,,
,,,,,,,,,,,,,,7.361753629595401e-05,0.03,,,,,,,16499,,,,,,,,
74,,,,,,,0.5945909023284912,,0.8716905117034912,,13.8515625,7.359312439803034e-05,0.029999999329447746,,,1.0,1.0,,,,,16499,,1.7468005418777466,,,,,,
,,,,,,,,,,,,,,7.24006639583285e-05,0.03,,,,,,,16549,,,,,,,,
74,,,,,,,0.5722426176071167,,0.8281019926071167,,12.796875,7.237640966195613e-05,0.029999999329447746,,,1.0,1.0,,,,,16549,,1.7373791933059692,,,,,,
,,,0.0581597238779068,,0.828125,,,,,,,,,,,1.0,1.0,,,,,6808,,,,0.0,,0.0,,0.0
,,,0.0685763880610466,,0.8828125,,,,,,,,,,,1.0,1.0,,,,,6809,,,,0.0,,0.0,,0.0
,,,0.1587418019771576,,0.9121745824813843,,,,,,,,,,,1.0,1.0,,,,,6810,,,,0.0,,0.0,,0.0
,,,0.0885416641831398,,0.984375,,,,,,,,,,,1.0,1.0,,,,,6811,,,,0.0,,0.0,,0.0
,,,0.0876736119389534,,0.984375,,,,,,,,,,,1.0,1.0,,,,,6812,,,,0.0,,0.0,,0.0
,,,0.09116809070110321,,0.7884615659713745,,,,,,,,,,,1.0,1.0,,,,,6813,,,,0.0,,0.0,,0.0
,,,0.0069444444961845875,,0.578125,,,,,,,,,,,1.0,1.0,,,,,6814,,,,0.0,,0.0,,0.0
,,,0.004687500186264515,,0.6015625,,,,,,,,,,,1.0,1.0,,,,,6815,,,,0.0,,0.0,,0.0
,,,0.04459691047668457,,0.7375643253326416,,,,,,,,,,,1.0,1.0,,,,,6816,,,,0.0,,0.0,,0.0
,,,0.0486111119389534,,0.90625,,,,,,,,,,,1.0,1.0,,,,,6817,,,,0.0,,0.0,,0.0
,,,0.0416666679084301,,0.9453125,,,,,,,,,,,1.0,1.0,,,,,6818,,,,0.0,,0.0,,0.0
,,,0.0494791679084301,,0.890625,,,,,,,,,,,1.0,1.0,,,,,6819,,,,0.0,,0.0,,0.0
,,,0.16419047117233276,,0.9800000190734863,,,,,,,,,,,1.0,1.0,,,,,6820,,,,0.0,,0.0,,0.0
,,,0.091796875,,0.921875,,,,,,,,,,,1.0,1.0,,,,,6821,,,,0.0,,0.0,,0.0
,,,0.0772569477558136,,0.9296875,,,,,,,,,,,1.0,1.0,,,,,6822,,,,0.0,,0.0,,0.0
,,,0.12075941264629364,,0.915032684803009,,,,,,,,,,,1.0,1.0,,,,,6823,,,,0.0,,0.0,,0.0
,,,0.0538194440305233,,0.953125,,,,,,,,,,,1.0,1.0,,,,,6824,,,,0.0,,0.0,,0.0
,,,0.04140625149011612,,0.9609375,,,,,,,,,,,1.0,1.0,,,,,6825,,,,0.0,,0.0,,0.0
,,,0.14028680324554443,,0.9426406621932983,,,,,,,,,,,1.0,1.0,,,,,6826,,,,0.0,,0.0,,0.0
,,,0.0947265625,,0.9921875,,,,,,,,,,,1.0,1.0,,,,,6827,,,,0.0,,0.0,,0.0
,,,0.083984375,,0.984375,,,,,,,,,,,1.0,1.0,,,,,6828,,,,0.0,,0.0,,0.0
,,,0.09237858653068542,,0.8561643958091736,,,,,,,,,,,1.0,1.0,,,,,6829,,,,0.0,,0.0,,0.0
,,,0.0251736119389534,,0.65625,,,,,,,,,,,1.0,1.0,,,,,6830,,,,0.0,,0.0,,0.0
,,,0.01822916604578495,,0.6875,,,,,,,,,,,1.0,1.0,,,,,6831,,,,0.0,,0.0,,0.0
,,,0.058894362300634384,,0.7810344696044922,,,,,,,,,,,1.0,1.0,,,,,6832,,,,0.0,,0.0,,0.0
,,,0.03125,,0.7890625,,,,,,,,,,,1.0,1.0,,,,,6833,,,,0.0,,0.0,,0.0
,,,0.03515625,,0.875,,,,,,,,,,,1.0,1.0,,,,,6834,,,,0.0,,0.0,,0.0
,,,0.09461915493011475,,0.850062906742096,,,,,,,,,,,1.0,1.0,,,,,6835,,,,0.0,,0.0,,0.0
,,,0.0732421875,,0.921875,,,,,,,,,,,1.0,1.0,,,,,6836,,,,0.0,,0.0,,0.0
,,,0.0634765625,,0.921875,,,,,,,,,,,1.0,1.0,,,,,6837,,,,0.0,,0.0,,0.0
,,,0.18217706680297852,,0.9006839990615845,,,,,,,,,,,1.0,1.0,,,,,6838,,,,0.0,,0.0,,0.0
,,,0.0607638880610466,,0.8203125,,,,,,,,,,,1.0,1.0,,,,,6839,,,,0.0,,0.0,,0.0
,,,0.0694444477558136,,0.8828125,,,,,,,,,,,1.0,1.0,,,,,6840,,,,0.0,,0.0,,0.0
,,,0.1591133028268814,,0.9238916039466858,,,,,,,,,,,1.0,1.0,,,,,6841,,,,0.0,,0.0,,0.0
,,,0.07968749850988388,,0.96875,,,,,,,,,,,1.0,1.0,,,,,6842,,,,0.0,,0.0,,0.0
,,,0.0947265625,,0.9765625,,,,,,,,,,,1.0,1.0,,,,,6843,,,,0.0,,0.0,,0.0
,,,0.09042220562696457,,0.7963053584098816,,,,,,,,,,,1.0,1.0,,,,,6844,,,,0.0,,0.0,,0.0
,,,0.0069444444961845875,,0.5390625,,,,,,,,,,,1.0,1.0,,,,,6845,,,,0.0,,0.0,,0.0
,,,0.0031250000465661287,,0.625,,,,,,,,,,,1.0,1.0,,,,,6846,,,,0.0,,0.0,,0.0
,,,0.04327228292822838,,0.7241758108139038,,,,,,,,,,,1.0,1.0,,,,,6847,,,,0.0,,0.0,,0.0
,,,0.0537109375,,0.9296875,,,,,,,,,,,1.0,1.0,,,,,6848,,,,0.0,,0.0,,0.0
,,,0.0416666679084301,,0.9453125,,,,,,,,,,,1.0,1.0,,,,,6849,,,,0.0,,0.0,,0.0
,,,0.148737370967865,,0.9181817770004272,,,,,,,,,,,1.0,1.0,,,,,6850,,,,0.0,,0.0,,0.0
,,,0.0833333358168602,,0.9375,,,,,,,,,,,1.0,1.0,,,,,6851,,,,0.0,,0.0,,0.0
,,,0.0798611119389534,,0.921875,,,,,,,,,,,1.0,1.0,,,,,6852,,,,0.0,,0.0,,0.0
,,,0.1236545741558075,,0.9734042882919312,,,,,,,,,,,1.0,1.0,,,,,6853,,,,0.0,,0.0,,0.0
,,,0.0486111119389534,,0.9296875,,,,,,,,,,,1.0,1.0,,,,,6854,,,,0.0,,0.0,,0.0
,,,0.04921875149011612,,0.953125,,,,,,,,,,,1.0,1.0,,,,,6855,,,,0.0,,0.0,,0.0
,,,0.0486111119389534,,0.953125,,,,,,,,,,,1.0,1.0,,,,,6856,,,,0.0,,0.0,,0.0
,,,0.09055118262767792,,0.9921259880065918,,,,,,,,,,,1.0,1.0,,,,,6857,,,,0.0,,0.0,,0.0
,,,0.0815972238779068,,0.9921875,,,,,,,,,,,1.0,1.0,,,,,6858,,,,0.0,,0.0,,0.0
,,,0.0772569477558136,,0.984375,,,,,,,,,,,1.0,1.0,,,,,6859,,,,0.0,,0.0,,0.0
,,,0.08160918951034546,,0.8448275923728943,,,,,,,,,,,1.0,1.0,,,,,6860,,,,0.0,,0.0,,0.0
,,,0.0234375,,0.6875,,,,,,,,,,,1.0,1.0,,,,,6861,,,,0.0,,0.0,,0.0
,,,0.0234375,,0.6953125,,,,,,,,,,,1.0,1.0,,,,,6862,,,,0.0,,0.0,,0.0
,,,0.061809882521629333,,0.7911624312400818,,,,,,,,,,,1.0,1.0,,,,,6863,,,,0.0,,0.0,,0.0
,,,0.03515625,,0.828125,,,,,,,,,,,1.0,1.0,,,,,6864,,,,0.0,,0.0,,0.0
,,,0.03515625,,0.84375,,,,,,,,,,,1.0,1.0,,,,,6865,,,,0.0,,0.0,,0.0
,,,0.09259259700775146,,0.8541666269302368,,,,,,,,,,,1.0,1.0,,,,,6866,,,,0.0,,0.0,,0.0
,,,0.078125,,0.921875,,,,,,,,,,,1.0,1.0,,,,,6867,,,,0.0,,0.0,,0.0
,,,0.0825892835855484,,0.9140625,,,,,,,,,,,1.0,1.0,,,,,6868,,,,0.0,,0.0,,0.0
,,,0.16658756136894226,,0.9006090760231018,,,,,,,,,,,1.0,1.0,,,,,6869,,,,0.0,,0.0,,0.0
,,,0.0633680522441864,,0.8359375,,,,,,,,,,,1.0,1.0,,,,,6870,,,,0.0,,0.0,,0.0
,,,0.06562499701976776,,0.8828125,,,,,,,,,,,1.0,1.0,,,,,6871,,,,0.0,,0.0,,0.0
,,,0.17566370964050293,,0.9289085865020752,,,,,,,,,,,1.0,1.0,,,,,6872,,,,0.0,,0.0,,0.0
,,,0.1005859375,,0.9609375,,,,,,,,,,,1.0,1.0,,,,,6873,,,,0.0,,0.0,,0.0
,,,0.0966796875,,0.9609375,,,,,,,,,,,1.0,1.0,,,,,6874,,,,0.0,,0.0,,0.0
,,,0.08630751818418503,,0.800000011920929,,,,,,,,,,,1.0,1.0,,,,,6875,,,,0.0,,0.0,,0.0
,,,0.007031249813735485,,0.609375,,,,,,,,,,,1.0,1.0,,,,,6876,,,,0.0,,0.0,,0.0
,,,0.00434027798473835,,0.5390625,,,,,,,,,,,1.0,1.0,,,,,6877,,,,0.0,,0.0,,0.0
,,,0.04666666314005852,,0.8240740299224854,,,,,,,,,,,1.0,1.0,,,,,6878,,,,0.0,,0.0,,0.0
,,,0.0537109375,,0.9609375,,,,,,,,,,,1.0,1.0,,,,,6879,,,,0.0,,0.0,,0.0
,,,0.0434027761220932,,0.9140625,,,,,,,,,,,1.0,1.0,,,,,6880,,,,0.0,,0.0,,0.0
,,,0.14915961027145386,,0.9314591884613037,,,,,,,,,,,1.0,1.0,,,,,6881,,,,0.0,,0.0,,0.0
,,,0.09375,,0.9296875,,,,,,,,,,,1.0,1.0,,,,,6882,,,,0.0,,0.0,,0.0
,,,0.0807291641831398,,0.9375,,,,,,,,,,,1.0,1.0,,,,,6883,,,,0.0,,0.0,,0.0
,,,0.11604278534650803,,0.9511077404022217,,,,,,,,,,,1.0,1.0,,,,,6884,,,,0.0,,0.0,,0.0
,,,0.0595703125,,0.9453125,,,,,,,,,,,1.0,1.0,,,,,6885,,,,0.0,,0.0,,0.0
,,,0.0494791679084301,,0.9453125,,,,,,,,,,,1.0,1.0,,,,,6886,,,,0.0,,0.0,,0.0
,,,0.1310446709394455,,0.9590254426002502,,,,,,,,,,,1.0,1.0,,,,,6887,,,,0.0,,0.0,,0.0
,,,0.1026785746216774,,0.984375,,,,,,,,,,,1.0,1.0,,,,,6888,,,,0.0,,0.0,,0.0
,,,0.078125,,1.0,,,,,,,,,,,1.0,1.0,,,,,6889,,,,0.0,,0.0,,0.0
,,,0.1114436611533165,,0.9090455770492554,,,,,,,,,,,1.0,1.0,,,,,6890,,,,0.0,,0.0,,0.0
,,,0.02265625074505806,,0.640625,,,,,,,,,,,1.0,1.0,,,,,6891,,,,0.0,,0.0,,0.0
,,,0.02083333395421505,,0.734375,,,,,,,,,,,1.0,1.0,,,,,6892,,,,0.0,,0.0,,0.0
,,,0.0684523805975914,,0.8169642686843872,,,,,,,,,,,1.0,1.0,,,,,6893,,,,0.0,,0.0,,0.0
,,,0.0380859375,,0.8359375,,,,,,,,,,,1.0,1.0,,,,,6894,,,,0.0,,0.0,,0.0
,,,0.0283203125,,0.8203125,,,,,,,,,,,1.0,1.0,,,,,6895,,,,0.0,,0.0,,0.0
,,,0.10343822836875916,,0.8364413380622864,,,,,,,,,,,1.0,1.0,,,,,6896,,,,0.0,,0.0,,0.0
,,,0.0732421875,,0.921875,,,,,,,,,,,1.0,1.0,,,,,6897,,,,0.0,,0.0,,0.0
,,,0.0625,,0.8984375,,,,,,,,,,,1.0,1.0,,,,,6898,,,,0.0,,0.0,,0.0
,,,0.09448818862438202,,0.9291338324546814,,,,,,,,,,,1.0,1.0,,,,,6899,,,,0.0,,0.0,,0.0
74,0.47152945399284363,0.48325443267822266,,0.8654540777206421,,,,,,,,,,,,,,71.42913055419922,35386.54296875,4.26870584487915,311.69854736328125,16574,,,0.0,,0.0,,0.0,
74,,,,,,0.5920554399490356,,0.8673994541168213,,13.767640113830566,,,,,,,,,,,,16574,1.7847472429275513,,,,,,,
,,,,,,,,,,,,,,7.119176232188852e-05,0.03,,,,,,,16599,,,,,,,,
75,,,,,,,0.5705471038818359,,0.8278713226318359,,12.8671875,7.116766937542707e-05,0.029999999329447746,,,1.0,1.0,,,,,16599,,1.7128740549087524,,,,,,
,,,,,,,,,,,,,,6.99909067844726e-05,0.03,,,,,,,16649,,,,,,,,
75,,,,,,,0.5773864388465881,,0.8627868294715881,,14.2734375,6.996696902206168e-05,0.029999999329447746,,,1.0,1.0,,,,,16649,,1.8310424089431763,,,,,,
,,,,,,,,,,,,,,6.879817224209322e-05,0.03,,,,,,,16699,,,,,,,,
75,,,,,,,0.5863310098648071,,0.8302274942398071,,12.1953125,6.877440318930894e-05,0.029999999329447746,,,1.0,1.0,,,,,16699,,1.6530742645263672,,,,,,
,,,,,,,,,,,,,,6.761363308426538e-05,0.03,,,,,,,16749,,,,,,,,
75,,,,,,,0.5857782959938049,,0.8572626709938049,,13.578125,6.759002280887216e-05,0.029999999329447746,,,1.0,1.0,,,,,16749,,1.7276451587677002,,,,,,
,,,0.05390625074505806,,0.84375,,,,,,,,,,,1.0,1.0,,,,,6900,,,,0.0,,0.0,,0.0
,,,0.0685763880610466,,0.90625,,,,,,,,,,,1.0,1.0,,,,,6901,,,,0.0,,0.0,,0.0
,,,0.13266511261463165,,0.8899890184402466,,,,,,,,,,,1.0,1.0,,,,,6902,,,,0.0,,0.0,,0.0
,,,0.06640625,,0.9453125,,,,,,,,,,,1.0,1.0,,,,,6903,,,,0.0,,0.0,,0.0
,,,0.0771484375,,0.921875,,,,,,,,,,,1.0,1.0,,,,,6904,,,,0.0,,0.0,,0.0
,,,0.10933049023151398,,0.9407051205635071,,,,,,,,,,,1.0,1.0,,,,,6905,,,,0.0,,0.0,,0.0
,,,0.013888888992369175,,0.8671875,,,,,,,,,,,1.0,1.0,,,,,6906,,,,0.0,,0.0,,0.0
,,,0.0234375,,0.8671875,,,,,,,,,,,1.0,1.0,,,,,6907,,,,0.0,,0.0,,0.0
,,,0.08799314498901367,,0.8782161474227905,,,,,,,,,,,1.0,1.0,,,,,6908,,,,0.0,,0.0,,0.0
,,,0.05937499925494194,,0.953125,,,,,,,,,,,1.0,1.0,,,,,6909,,,,0.0,,0.0,,0.0
,,,0.06718750298023224,,0.9765625,,,,,,,,,,,1.0,1.0,,,,,6910,,,,0.0,,0.0,,0.0
,,,0.0763888880610466,,0.9453125,,,,,,,,,,,1.0,1.0,,,,,6911,,,,0.0,,0.0,,0.0
,,,0.22699999809265137,,0.9839999675750732,,,,,,,,,,,1.0,1.0,,,,,6912,,,,0.0,,0.0,,0.0
,,,0.0885416641831398,,0.9765625,,,,,,,,,,,1.0,1.0,,,,,6913,,,,0.0,,0.0,,0.0
,,,0.0807291641831398,,0.96875,,,,,,,,,,,1.0,1.0,,,,,6914,,,,0.0,,0.0,,0.0
,,,0.11223156750202179,,0.9663865566253662,,,,,,,,,,,1.0,1.0,,,,,6915,,,,0.0,,0.0,,0.0
,,,0.03515625,,0.90625,,,,,,,,,,,1.0,1.0,,,,,6916,,,,0.0,,0.0,,0.0
,,,0.02656250074505806,,0.9296875,,,,,,,,,,,1.0,1.0,,,,,6917,,,,0.0,,0.0,,0.0
,,,0.09870129823684692,,0.9431818127632141,,,,,,,,,,,1.0,1.0,,,,,6918,,,,0.0,,0.0,,0.0
,,,0.07343749701976776,,0.9765625,,,,,,,,,,,1.0,1.0,,,,,6919,,,,0.0,,0.0,,0.0
,,,0.06171875074505806,,0.9765625,,,,,,,,,,,1.0,1.0,,,,,6920,,,,0.0,,0.0,,0.0
,,,0.1183810755610466,,0.9361145496368408,,,,,,,,,,,1.0,1.0,,,,,6921,,,,0.0,,0.0,,0.0
,,,0.04296875,,0.7421875,,,,,,,,,,,1.0,1.0,,,,,6922,,,,0.0,,0.0,,0.0
,,,0.0416666679084301,,0.7890625,,,,,,,,,,,1.0,1.0,,,,,6923,,,,0.0,,0.0,,0.0
,,,0.09083744138479233,,0.8167487382888794,,,,,,,,,,,1.0,1.0,,,,,6924,,,,0.0,,0.0,,0.0
,,,0.03593749925494194,,0.796875,,,,,,,,,,,1.0,1.0,,,,,6925,,,,0.0,,0.0,,0.0
,,,0.0390625,,0.84375,,,,,,,,,,,1.0,1.0,,,,,6926,,,,0.0,,0.0,,0.0
,,,0.06331236660480499,,0.8378616571426392,,,,,,,,,,,1.0,1.0,,,,,6927,,,,0.0,,0.0,,0.0
,,,0.02109375037252903,,0.796875,,,,,,,,,,,1.0,1.0,,,,,6928,,,,0.0,,0.0,,0.0
,,,0.0243055559694767,,0.84375,,,,,,,,,,,1.0,1.0,,,,,6929,,,,0.0,,0.0,,0.0
,,,0.10642954707145691,,0.8714090585708618,,,,,,,,,,,1.0,1.0,,,,,6930,,,,0.0,,0.0,,0.0
,,,0.05703125149011612,,0.8515625,,,,,,,,,,,1.0,1.0,,,,,6931,,,,0.0,,0.0,,0.0
,,,0.0651041641831398,,0.921875,,,,,,,,,,,1.0,1.0,,,,,6932,,,,0.0,,0.0,,0.0
,,,0.12177339196205139,,0.8967980146408081,,,,,,,,,,,1.0,1.0,,,,,6933,,,,0.0,,0.0,,0.0
,,,0.0869140625,,0.9296875,,,,,,,,,,,1.0,1.0,,,,,6934,,,,0.0,,0.0,,0.0
,,,0.0677083358168602,,0.90625,,,,,,,,,,,1.0,1.0,,,,,6935,,,,0.0,,0.0,,0.0
,,,0.11068631708621979,,0.9231710433959961,,,,,,,,,,,1.0,1.0,,,,,6936,,,,0.0,,0.0,,0.0
,,,0.01718750037252903,,0.875,,,,,,,,,,,1.0,1.0,,,,,6937,,,,0.0,,0.0,,0.0
,,,0.0234375,,0.8515625,,,,,,,,,,,1.0,1.0,,,,,6938,,,,0.0,,0.0,,0.0
,,,0.08376068621873856,,0.8739926815032959,,,,,,,,,,,1.0,1.0,,,,,6939,,,,0.0,,0.0,,0.0
,,,0.06406249850988388,,0.9609375,,,,,,,,,,,1.0,1.0,,,,,6940,,,,0.0,,0.0,,0.0
,,,0.0830078125,,0.9765625,,,,,,,,,,,1.0,1.0,,,,,6941,,,,0.0,,0.0,,0.0
,,,0.18835227191448212,,0.9522727131843567,,,,,,,,,,,1.0,1.0,,,,,6942,,,,0.0,,0.0,,0.0
,,,0.0876736119389534,,0.9765625,,,,,,,,,,,1.0,1.0,,,,,6943,,,,0.0,,0.0,,0.0
,,,0.1138392835855484,,0.9765625,,,,,,,,,,,1.0,1.0,,,,,6944,,,,0.0,,0.0,,0.0
,,,0.1185857355594635,,0.9693366289138794,,,,,,,,,,,1.0,1.0,,,,,6945,,,,0.0,,0.0,,0.0
,,,0.02968749962747097,,0.921875,,,,,,,,,,,1.0,1.0,,,,,6946,,,,0.0,,0.0,,0.0
,,,0.02968749962747097,,0.890625,,,,,,,,,,,1.0,1.0,,,,,6947,,,,0.0,,0.0,,0.0
,,,0.03046875074505806,,0.921875,,,,,,,,,,,1.0,1.0,,,,,6948,,,,0.0,,0.0,,0.0
,,,0.07007874548435211,,0.9960629940032959,,,,,,,,,,,1.0,1.0,,,,,6949,,,,0.0,,0.0,,0.0
,,,0.07343749701976776,,0.96875,,,,,,,,,,,1.0,1.0,,,,,6950,,,,0.0,,0.0,,0.0
,,,0.0625,,0.96875,,,,,,,,,,,1.0,1.0,,,,,6951,,,,0.0,,0.0,,0.0
,,,0.10890804976224899,,0.9137930870056152,,,,,,,,,,,1.0,1.0,,,,,6952,,,,0.0,,0.0,,0.0
,,,0.0407986119389534,,0.734375,,,,,,,,,,,1.0,1.0,,,,,6953,,,,0.0,,0.0,,0.0
,,,0.0486111119389534,,0.828125,,,,,,,,,,,1.0,1.0,,,,,6954,,,,0.0,,0.0,,0.0
,,,0.09072240442037582,,0.7775944471359253,,,,,,,,,,,1.0,1.0,,,,,6955,,,,0.0,,0.0,,0.0
,,,0.03828125074505806,,0.8203125,,,,,,,,,,,1.0,1.0,,,,,6956,,,,0.0,,0.0,,0.0
,,,0.0390625,,0.8203125,,,,,,,,,,,1.0,1.0,,,,,6957,,,,0.0,,0.0,,0.0
,,,0.0572916679084301,,0.8072916269302368,,,,,,,,,,,1.0,1.0,,,,,6958,,,,0.0,,0.0,,0.0
,,,0.0243055559694767,,0.8203125,,,,,,,,,,,1.0,1.0,,,,,6959,,,,0.0,,0.0,,0.0
,,,0.0243055559694767,,0.859375,,,,,,,,,,,1.0,1.0,,,,,6960,,,,0.0,,0.0,,0.0
,,,0.07253599166870117,,0.8651716709136963,,,,,,,,,,,1.0,1.0,,,,,6961,,,,0.0,,0.0,,0.0
,,,0.0659722238779068,,0.875,,,,,,,,,,,1.0,1.0,,,,,6962,,,,0.0,,0.0,,0.0
,,,0.0751953125,,0.9140625,,,,,,,,,,,1.0,1.0,,,,,6963,,,,0.0,,0.0,,0.0
,,,0.1237168163061142,,0.9557522535324097,,,,,,,,,,,1.0,1.0,,,,,6964,,,,0.0,,0.0,,0.0
,,,0.0869140625,,0.9140625,,,,,,,,,,,1.0,1.0,,,,,6965,,,,0.0,,0.0,,0.0
,,,0.080078125,,0.921875,,,,,,,,,,,1.0,1.0,,,,,6966,,,,0.0,,0.0,,0.0
,,,0.09225589036941528,,0.9409090876579285,,,,,,,,,,,1.0,1.0,,,,,6967,,,,0.0,,0.0,,0.0
,,,0.02031249925494194,,0.875,,,,,,,,,,,1.0,1.0,,,,,6968,,,,0.0,,0.0,,0.0
,,,0.0243055559694767,,0.796875,,,,,,,,,,,1.0,1.0,,,,,6969,,,,0.0,,0.0,,0.0
,,,0.07518518716096878,,0.9268518686294556,,,,,,,,,,,1.0,1.0,,,,,6970,,,,0.0,,0.0,,0.0
,,,0.06328125298023224,,0.96875,,,,,,,,,,,1.0,1.0,,,,,6971,,,,0.0,,0.0,,0.0
,,,0.0720486119389534,,0.9453125,,,,,,,,,,,1.0,1.0,,,,,6972,,,,0.0,,0.0,,0.0
,,,0.22669726610183716,,0.9759036302566528,,,,,,,,,,,1.0,1.0,,,,,6973,,,,0.0,,0.0,,0.0
,,,0.0894097238779068,,0.9921875,,,,,,,,,,,1.0,1.0,,,,,6974,,,,0.0,,0.0,,0.0
,,,0.09765625,,0.96875,,,,,,,,,,,1.0,1.0,,,,,6975,,,,0.0,,0.0,,0.0
,,,0.10106952488422394,,0.9479246139526367,,,,,,,,,,,1.0,1.0,,,,,6976,,,,0.0,,0.0,,0.0
,,,0.037109375,,0.9140625,,,,,,,,,,,1.0,1.0,,,,,6977,,,,0.0,,0.0,,0.0
,,,0.02812499925494194,,0.921875,,,,,,,,,,,1.0,1.0,,,,,6978,,,,0.0,,0.0,,0.0
,,,0.10874861478805542,,0.9534883499145508,,,,,,,,,,,1.0,1.0,,,,,6979,,,,0.0,,0.0,,0.0
,,,0.07187499850988388,,0.984375,,,,,,,,,,,1.0,1.0,,,,,6980,,,,0.0,,0.0,,0.0
,,,0.0737847238779068,,0.9609375,,,,,,,,,,,1.0,1.0,,,,,6981,,,,0.0,,0.0,,0.0
,,,0.1230129674077034,,0.9735616445541382,,,,,,,,,,,1.0,1.0,,,,,6982,,,,0.0,,0.0,,0.0
,,,0.04062499850988388,,0.7734375,,,,,,,,,,,1.0,1.0,,,,,6983,,,,0.0,,0.0,,0.0
,,,0.0458984375,,0.78125,,,,,,,,,,,1.0,1.0,,,,,6984,,,,0.0,,0.0,,0.0
,,,0.1329365074634552,,0.8705357313156128,,,,,,,,,,,1.0,1.0,,,,,6985,,,,0.0,,0.0,,0.0
,,,0.03437500074505806,,0.828125,,,,,,,,,,,1.0,1.0,,,,,6986,,,,0.0,,0.0,,0.0
,,,0.0407986119389534,,0.828125,,,,,,,,,,,1.0,1.0,,,,,6987,,,,0.0,,0.0,,0.0
,,,0.036752138286828995,,0.8321678638458252,,,,,,,,,,,1.0,1.0,,,,,6988,,,,0.0,,0.0,,0.0
,,,0.01953125,,0.8125,,,,,,,,,,,1.0,1.0,,,,,6989,,,,0.0,,0.0,,0.0
,,,0.0225694440305233,,0.8203125,,,,,,,,,,,1.0,1.0,,,,,6990,,,,0.0,,0.0,,0.0
,,,0.03051181137561798,,0.874015748500824,,,,,,,,,,,1.0,1.0,,,,,6991,,,,0.0,,0.0,,0.0
75,0.47424983978271484,0.4869786500930786,,0.8950092792510986,,,,,,,,,,,,,,72.5341567993164,34890.59375,4.2840576171875,312.9866027832031,16795,,,0.0,,0.0,,0.0,
75,,,,,,0.5925664901733398,,0.8687695860862732,,13.809813499450684,,,,,,,,,,,,16795,1.8177788257598877,,,,,,,
,,,,,,,,,,,,,,6.643736318936723e-05,0.03,,,,,,,16799,,,,,,,,
76,,,,,,,0.5787467956542969,,0.8753776550292969,,14.828125,6.641392246820033e-05,0.029999999329447746,,,1.0,1.0,,,,,16799,,1.659027338027954,,,,,,
,,,,,,,,,,,,,,6.526943592003209e-05,0.03,,,,,,,16849,,,,,,,,
76,,,,,,,0.6025258302688599,,0.8657094240188599,,13.15625,6.524616037495434e-05,0.029999999329447746,,,1.0,1.0,,,,,16849,,1.800553560256958,,,,,,
,,,,,,,,,,,,,,6.410992411857324e-05,0.03,,,,,,,16899,,,,,,,,
76,,,,,,,0.5729313492774963,,0.8549137711524963,,14.09375,6.408682384062558e-05,0.029999999329447746,,,1.0,1.0,,,,,16899,,1.825937032699585,,,,,,
,,,,,,,,,,,,,,6.295890010244087e-05,0.03,,,,,,,16949,,,,,,,,
76,,,,,,,0.5829790830612183,,0.8573931455612183,,13.7265625,6.293596379691735e-05,0.029999999329447746,,,1.0,1.0,,,,,16949,,1.6533595323562622,,,,,,
,,,,,,,,,,,,,,6.18164356597111e-05,0.03,,,,,,,16999,,,,,,,,
76,,,,,,,0.5919687151908875,,0.8617441058158875,,13.484375,6.179367483127862e-05,0.029999999329447746,,,1.0,1.0,,,,,16999,,1.9235565662384033,,,,,,
,,,0.0451388880610466,,0.8125,,,,,,,,,,,1.0,1.0,,,,,6992,,,,0.0,,0.0,,0.0
,,,0.0625,,0.8203125,,,,,,,,,,,1.0,1.0,,,,,6993,,,,0.0,,0.0,,0.0
,,,0.10480381548404694,,0.8281995058059692,,,,,,,,,,,1.0,1.0,,,,,6994,,,,0.0,,0.0,,0.0
,,,0.0654296875,,0.8359375,,,,,,,,,,,1.0,1.0,,,,,6995,,,,0.0,,0.0,,0.0
,,,0.0529513880610466,,0.8125,,,,,,,,,,,1.0,1.0,,,,,6996,,,,0.0,,0.0,,0.0
,,,0.0822649598121643,,0.9070512652397156,,,,,,,,,,,1.0,1.0,,,,,6997,,,,0.0,,0.0,,0.0
,,,0.01875000074505806,,0.890625,,,,,,,,,,,1.0,1.0,,,,,6998,,,,0.0,,0.0,,0.0
,,,0.03046875074505806,,0.8515625,,,,,,,,,,,1.0,1.0,,,,,6999,,,,0.0,,0.0,,0.0
,,,0.05445969104766846,,0.7881646752357483,,,,,,,,,,,1.0,1.0,,,,,7000,,,,0.0,,0.0,,0.0
,,,0.02812499925494194,,0.6796875,,,,,,,,,,,1.0,1.0,,,,,7001,,,,0.0,,0.0,,0.0
,,,0.02890625037252903,,0.7578125,,,,,,,,,,,1.0,1.0,,,,,7002,,,,0.0,,0.0,,0.0
,,,0.03437500074505806,,0.8046875,,,,,,,,,,,1.0,1.0,,,,,7003,,,,0.0,,0.0,,0.0
,,,0.08240000158548355,,0.9839999675750732,,,,,,,,,,,1.0,1.0,,,,,7004,,,,0.0,,0.0,,0.0
,,,0.095703125,,0.96875,,,,,,,,,,,1.0,1.0,,,,,7005,,,,0.0,,0.0,,0.0
,,,0.0789930522441864,,0.953125,,,,,,,,,,,1.0,1.0,,,,,7006,,,,0.0,,0.0,,0.0
,,,0.10130719095468521,,0.9411764740943909,,,,,,,,,,,1.0,1.0,,,,,7007,,,,0.0,,0.0,,0.0
,,,0.02421874925494194,,0.8359375,,,,,,,,,,,1.0,1.0,,,,,7008,,,,0.0,,0.0,,0.0
,,,0.01796874962747097,,0.8984375,,,,,,,,,,,1.0,1.0,,,,,7009,,,,0.0,,0.0,,0.0
,,,0.09664502739906311,,0.8852813839912415,,,,,,,,,,,1.0,1.0,,,,,7010,,,,0.0,,0.0,,0.0
,,,0.0815972238779068,,0.96875,,,,,,,,,,,1.0,1.0,,,,,7011,,,,0.0,,0.0,,0.0
,,,0.0772569477558136,,0.96875,,,,,,,,,,,1.0,1.0,,,,,7012,,,,0.0,,0.0,,0.0
,,,0.1432129442691803,,0.9566625356674194,,,,,,,,,,,1.0,1.0,,,,,7013,,,,0.0,,0.0,,0.0
,,,0.04921875149011612,,0.859375,,,,,,,,,,,1.0,1.0,,,,,7014,,,,0.0,,0.0,,0.0
,,,0.04609375074505806,,0.859375,,,,,,,,,,,1.0,1.0,,,,,7015,,,,0.0,,0.0,,0.0
,,,0.13615763187408447,,0.9256157875061035,,,,,,,,,,,1.0,1.0,,,,,7016,,,,0.0,,0.0,,0.0
,,,0.07187499850988388,,0.9453125,,,,,,,,,,,1.0,1.0,,,,,7017,,,,0.0,,0.0,,0.0
,,,0.0824652761220932,,0.984375,,,,,,,,,,,1.0,1.0,,,,,7018,,,,0.0,,0.0,,0.0
,,,0.1129559800028801,,0.8867924213409424,,,,,,,,,,,1.0,1.0,,,,,7019,,,,0.0,,0.0,,0.0
,,,0.04374999925494194,,0.8828125,,,,,,,,,,,1.0,1.0,,,,,7020,,,,0.0,,0.0,,0.0
,,,0.0390625,,0.78125,,,,,,,,,,,1.0,1.0,,,,,7021,,,,0.0,,0.0,,0.0
,,,0.09244870394468307,,0.8480163812637329,,,,,,,,,,,1.0,1.0,,,,,7022,,,,0.0,,0.0,,0.0
,,,0.0529513880610466,,0.8125,,,,,,,,,,,1.0,1.0,,,,,7023,,,,0.0,,0.0,,0.0
,,,0.0520833320915699,,0.84375,,,,,,,,,,,1.0,1.0,,,,,7024,,,,0.0,,0.0,,0.0
,,,0.09655173122882843,,0.8224138021469116,,,,,,,,,,,1.0,1.0,,,,,7025,,,,0.0,,0.0,,0.0
,,,0.0673828125,,0.8515625,,,,,,,,,,,1.0,1.0,,,,,7026,,,,0.0,,0.0,,0.0
,,,0.0477430559694767,,0.7890625,,,,,,,,,,,1.0,1.0,,,,,7027,,,,0.0,,0.0,,0.0
,,,0.0735013484954834,,0.867996096611023,,,,,,,,,,,1.0,1.0,,,,,7028,,,,0.0,,0.0,,0.0
,,,0.02500000037252903,,0.90625,,,,,,,,,,,1.0,1.0,,,,,7029,,,,0.0,,0.0,,0.0
,,,0.0234375,,0.890625,,,,,,,,,,,1.0,1.0,,,,,7030,,,,0.0,,0.0,,0.0
,,,0.05164835602045059,,0.7280830144882202,,,,,,,,,,,1.0,1.0,,,,,7031,,,,0.0,,0.0,,0.0
,,,0.03125,,0.7265625,,,,,,,,,,,1.0,1.0,,,,,7032,,,,0.0,,0.0,,0.0
,,,0.03281249850988388,,0.7734375,,,,,,,,,,,1.0,1.0,,,,,7033,,,,0.0,,0.0,,0.0
,,,0.11431817710399628,,0.8897727131843567,,,,,,,,,,,1.0,1.0,,,,,7034,,,,0.0,,0.0,,0.0
,,,0.0986328125,,0.9765625,,,,,,,,,,,1.0,1.0,,,,,7035,,,,0.0,,0.0,,0.0
,,,0.0824652761220932,,0.9453125,,,,,,,,,,,1.0,1.0,,,,,7036,,,,0.0,,0.0,,0.0
,,,0.10093867778778076,,0.9693366289138794,,,,,,,,,,,1.0,1.0,,,,,7037,,,,0.0,,0.0,,0.0
,,,0.02187499962747097,,0.84375,,,,,,,,,,,1.0,1.0,,,,,7038,,,,0.0,,0.0,,0.0
,,,0.02031249925494194,,0.890625,,,,,,,,,,,1.0,1.0,,,,,7039,,,,0.0,,0.0,,0.0
,,,0.02187499962747097,,0.84375,,,,,,,,,,,1.0,1.0,,,,,7040,,,,0.0,,0.0,,0.0
,,,0.08223971724510193,,0.9842519760131836,,,,,,,,,,,1.0,1.0,,,,,7041,,,,0.0,,0.0,,0.0
,,,0.07265625149011612,,0.9765625,,,,,,,,,,,1.0,1.0,,,,,7042,,,,0.0,,0.0,,0.0
,,,0.0869140625,,0.9609375,,,,,,,,,,,1.0,1.0,,,,,7043,,,,0.0,,0.0,,0.0
,,,0.11005746573209763,,0.9439655542373657,,,,,,,,,,,1.0,1.0,,,,,7044,,,,0.0,,0.0,,0.0
,,,0.04453124850988388,,0.828125,,,,,,,,,,,1.0,1.0,,,,,7045,,,,0.0,,0.0,,0.0
,,,0.05390625074505806,,0.921875,,,,,,,,,,,1.0,1.0,,,,,7046,,,,0.0,,0.0,,0.0
,,,0.13179318606853485,,0.9061239957809448,,,,,,,,,,,1.0,1.0,,,,,7047,,,,0.0,,0.0,,0.0
,,,0.0908203125,,0.9609375,,,,,,,,,,,1.0,1.0,,,,,7048,,,,0.0,,0.0,,0.0
,,,0.0833333358168602,,0.9921875,,,,,,,,,,,1.0,1.0,,,,,7049,,,,0.0,,0.0,,0.0
,,,0.11145833134651184,,0.9114583730697632,,,,,,,,,,,1.0,1.0,,,,,7050,,,,0.0,,0.0,,0.0
,,,0.0537109375,,0.875,,,,,,,,,,,1.0,1.0,,,,,7051,,,,0.0,,0.0,,0.0
,,,0.04374999925494194,,0.8359375,,,,,,,,,,,1.0,1.0,,,,,7052,,,,0.0,,0.0,,0.0
,,,0.08471760898828506,,0.8294573426246643,,,,,,,,,,,1.0,1.0,,,,,7053,,,,0.0,,0.0,,0.0
,,,0.0538194440305233,,0.8203125,,,,,,,,,,,1.0,1.0,,,,,7054,,,,0.0,,0.0,,0.0
,,,0.05859375,,0.8515625,,,,,,,,,,,1.0,1.0,,,,,7055,,,,0.0,,0.0,,0.0
,,,0.104660764336586,,0.8448377847671509,,,,,,,,,,,1.0,1.0,,,,,7056,,,,0.0,,0.0,,0.0
,,,0.0598958320915699,,0.8203125,,,,,,,,,,,1.0,1.0,,,,,7057,,,,0.0,,0.0,,0.0
,,,0.0520833320915699,,0.828125,,,,,,,,,,,1.0,1.0,,,,,7058,,,,0.0,,0.0,,0.0
,,,0.046868689358234406,,0.9085858464241028,,,,,,,,,,,1.0,1.0,,,,,7059,,,,0.0,,0.0,,0.0
,,,0.03203124925494194,,0.890625,,,,,,,,,,,1.0,1.0,,,,,7060,,,,0.0,,0.0,,0.0
,,,0.02187499962747097,,0.84375,,,,,,,,,,,1.0,1.0,,,,,7061,,,,0.0,,0.0,,0.0
,,,0.04685185104608536,,0.7972221970558167,,,,,,,,,,,1.0,1.0,,,,,7062,,,,0.0,,0.0,,0.0
,,,0.03046875074505806,,0.703125,,,,,,,,,,,1.0,1.0,,,,,7063,,,,0.0,,0.0,,0.0
,,,0.03359375149011612,,0.78125,,,,,,,,,,,1.0,1.0,,,,,7064,,,,0.0,,0.0,,0.0
,,,0.1269373744726181,,0.9374833106994629,,,,,,,,,,,1.0,1.0,,,,,7065,,,,0.0,,0.0,,0.0
,,,0.0986328125,,0.9765625,,,,,,,,,,,1.0,1.0,,,,,7066,,,,0.0,,0.0,,0.0
,,,0.09375,,0.9453125,,,,,,,,,,,1.0,1.0,,,,,7067,,,,0.0,,0.0,,0.0
,,,0.0939393937587738,,0.9284441471099854,,,,,,,,,,,1.0,1.0,,,,,7068,,,,0.0,,0.0,,0.0
,,,0.02187499962747097,,0.8359375,,,,,,,,,,,1.0,1.0,,,,,7069,,,,0.0,,0.0,,0.0
,,,0.01875000074505806,,0.90625,,,,,,,,,,,1.0,1.0,,,,,7070,,,,0.0,,0.0,,0.0
,,,0.10415282100439072,,0.8889811635017395,,,,,,,,,,,1.0,1.0,,,,,7071,,,,0.0,,0.0,,0.0
,,,0.07109375298023224,,0.9765625,,,,,,,,,,,1.0,1.0,,,,,7072,,,,0.0,,0.0,,0.0
,,,0.0849609375,,0.9921875,,,,,,,,,,,1.0,1.0,,,,,7073,,,,0.0,,0.0,,0.0
,,,0.20281249284744263,,0.9742268323898315,,,,,,,,,,,1.0,1.0,,,,,7074,,,,0.0,,0.0,,0.0
,,,0.0520833320915699,,0.8515625,,,,,,,,,,,1.0,1.0,,,,,7075,,,,0.0,,0.0,,0.0
,,,0.04843749850988388,,0.8515625,,,,,,,,,,,1.0,1.0,,,,,7076,,,,0.0,,0.0,,0.0
,,,0.14017857611179352,,0.9553571343421936,,,,,,,,,,,1.0,1.0,,,,,7077,,,,0.0,,0.0,,0.0
,,,0.07109375298023224,,0.953125,,,,,,,,,,,1.0,1.0,,,,,7078,,,,0.0,,0.0,,0.0
,,,0.0815972238779068,,0.96875,,,,,,,,,,,1.0,1.0,,,,,7079,,,,0.0,,0.0,,0.0
,,,0.10334110260009766,,0.9090908765792847,,,,,,,,,,,1.0,1.0,,,,,7080,,,,0.0,,0.0,,0.0
,,,0.04453124850988388,,0.8515625,,,,,,,,,,,1.0,1.0,,,,,7081,,,,0.0,,0.0,,0.0
,,,0.03437500074505806,,0.84375,,,,,,,,,,,1.0,1.0,,,,,7082,,,,0.0,,0.0,,0.0
,,,0.05354330688714981,,0.8425197005271912,,,,,,,,,,,1.0,1.0,,,,,7083,,,,0.0,,0.0,,0.0
76,0.4862338602542877,0.4888139069080353,,0.8771469593048096,,,,,,,,,,,,,,72.38399505615234,38071.1796875,4.281985282897949,310.2298889160156,17016,,,0.0,,0.0,,0.0,
76,,,,,,0.5904212594032288,,0.8635289072990417,,13.65526008605957,,,,,,,,,,,,17016,1.7723912000656128,,,,,,,
,,,,,,,,,,,,,,6.0682602044609254e-05,0.03,,,,,,,17049,,,,,,,,
77,,,,,,,0.5864759683609009,,0.8601576089859009,,13.6796875,6.066001515137032e-05,0.029999999329447746,,,1.0,1.0,,,,,17049,,1.9301238059997559,,,,,,
,,,,,,,,,,,,,,5.9557469973065746e-05,0.03,,,,,,,17099,,,,,,,,
77,,,,,,,0.5925260186195374,,0.8684049248695374,,13.796875,5.9535057516768575e-05,0.029999999329447746,,,1.0,1.0,,,,,17099,,1.7813326120376587,,,,,,
,,,,,,,,,,,,,,5.844110961830532e-05,0.03,,,,,,,17149,,,,,,,,
77,,,,,,,0.5762382745742798,,0.8596855401992798,,14.171875,5.841887104907073e-05,0.029999999329447746,,,1.0,1.0,,,,,17149,,1.9618500471115112,,,,,,
,,,,,,,,,,,,,,5.733359060647063e-05,0.03,,,,,,,17199,,,,,,,,
77,,,,,,,0.5649222135543823,,0.8403128385543823,,13.765625,5.7311532145831734e-05,0.029999999329447746,,,1.0,1.0,,,,,17199,,1.603185772895813,,,,,,
,,,0.0668402761220932,,0.875,,,,,,,,,,,1.0,1.0,,,,,7084,,,,0.0,,0.0,,0.0
,,,0.0685763880610466,,0.9140625,,,,,,,,,,,1.0,1.0,,,,,7085,,,,0.0,,0.0,,0.0
,,,0.15271157026290894,,0.9233590364456177,,,,,,,,,,,1.0,1.0,,,,,7086,,,,0.0,,0.0,,0.0
,,,0.1044921875,,0.96875,,,,,,,,,,,1.0,1.0,,,,,7087,,,,0.0,,0.0,,0.0
,,,0.1149553582072258,,0.9453125,,,,,,,,,,,1.0,1.0,,,,,7088,,,,0.0,,0.0,,0.0
,,,0.12286324799060822,,0.927884578704834,,,,,,,,,,,1.0,1.0,,,,,7089,,,,0.0,,0.0,,0.0
,,,0.02500000037252903,,0.90625,,,,,,,,,,,1.0,1.0,,,,,7090,,,,0.0,,0.0,,0.0
,,,0.0381944440305233,,0.8515625,,,,,,,,,,,1.0,1.0,,,,,7091,,,,0.0,,0.0,,0.0
,,,0.07186964154243469,,0.860205888748169,,,,,,,,,,,1.0,1.0,,,,,7092,,,,0.0,,0.0,,0.0
,,,0.04921875149011612,,0.9375,,,,,,,,,,,1.0,1.0,,,,,7093,,,,0.0,,0.0,,0.0
,,,0.0642361119389534,,0.9921875,,,,,,,,,,,1.0,1.0,,,,,7094,,,,0.0,,0.0,,0.0
,,,0.05703125149011612,,0.9453125,,,,,,,,,,,1.0,1.0,,,,,7095,,,,0.0,,0.0,,0.0
,,,0.19809524714946747,,0.9679999947547913,,,,,,,,,,,1.0,1.0,,,,,7096,,,,0.0,,0.0,,0.0
,,,0.06796874850988388,,0.890625,,,,,,,,,,,1.0,1.0,,,,,7097,,,,0.0,,0.0,,0.0
,,,0.06015624850988388,,0.8984375,,,,,,,,,,,1.0,1.0,,,,,7098,,,,0.0,,0.0,,0.0
,,,0.0952381044626236,,0.8258637189865112,,,,,,,,,,,1.0,1.0,,,,,7099,,,,0.0,,0.0,,0.0
,,,0.0322265625,,0.8515625,,,,,,,,,,,1.0,1.0,,,,,7100,,,,0.0,,0.0,,0.0
,,,0.03437500074505806,,0.8984375,,,,,,,,,,,1.0,1.0,,,,,7101,,,,0.0,,0.0,,0.0
,,,0.07586579769849777,,0.8739177584648132,,,,,,,,,,,1.0,1.0,,,,,7102,,,,0.0,,0.0,,0.0
,,,0.0416666679084301,,0.9140625,,,,,,,,,,,1.0,1.0,,,,,7103,,,,0.0,,0.0,,0.0
,,,0.03671874850988388,,0.890625,,,,,,,,,,,1.0,1.0,,,,,7104,,,,0.0,,0.0,,0.0
,,,0.08884184062480927,,0.8291407227516174,,,,,,,,,,,1.0,1.0,,,,,7105,,,,0.0,,0.0,,0.0
,,,0.03203124925494194,,0.671875,,,,,,,,,,,1.0,1.0,,,,,7106,,,,0.0,,0.0,,0.0
,,,0.02890625037252903,,0.6328125,,,,,,,,,,,1.0,1.0,,,,,7107,,,,0.0,,0.0,,0.0
,,,0.06847290694713593,,0.8325123190879822,,,,,,,,,,,1.0,1.0,,,,,7108,,,,0.0,,0.0,,0.0
,,,0.0364583320915699,,0.8671875,,,,,,,,,,,1.0,1.0,,,,,7109,,,,0.0,,0.0,,0.0
,,,0.0390625,,0.8671875,,,,,,,,,,,1.0,1.0,,,,,7110,,,,0.0,,0.0,,0.0
,,,0.11301188170909882,,0.8955974578857422,,,,,,,,,,,1.0,1.0,,,,,7111,,,,0.0,,0.0,,0.0
,,,0.109375,,0.9453125,,,,,,,,,,,1.0,1.0,,,,,7112,,,,0.0,,0.0,,0.0
,,,0.0791015625,,0.9453125,,,,,,,,,,,1.0,1.0,,,,,7113,,,,0.0,,0.0,,0.0
,,,0.17400822043418884,,0.9181942939758301,,,,,,,,,,,1.0,1.0,,,,,7114,,,,0.0,,0.0,,0.0
,,,0.0677083358168602,,0.875,,,,,,,,,,,1.0,1.0,,,,,7115,,,,0.0,,0.0,,0.0
,,,0.06093750149011612,,0.9375,,,,,,,,,,,1.0,1.0,,,,,7116,,,,0.0,,0.0,,0.0
,,,0.158839613199234,,0.9512315392494202,,,,,,,,,,,1.0,1.0,,,,,7117,,,,0.0,,0.0,,0.0
,,,0.1044921875,,0.9453125,,,,,,,,,,,1.0,1.0,,,,,7118,,,,0.0,,0.0,,0.0
,,,0.1354166716337204,,0.9609375,,,,,,,,,,,1.0,1.0,,,,,7119,,,,0.0,,0.0,,0.0
,,,0.10748715698719025,,0.9239050149917603,,,,,,,,,,,1.0,1.0,,,,,7120,,,,0.0,,0.0,,0.0
,,,0.03281249850988388,,0.90625,,,,,,,,,,,1.0,1.0,,,,,7121,,,,0.0,,0.0,,0.0
,,,0.02500000037252903,,0.84375,,,,,,,,,,,1.0,1.0,,,,,7122,,,,0.0,,0.0,,0.0
,,,0.08102564513683319,,0.8506715297698975,,,,,,,,,,,1.0,1.0,,,,,7123,,,,0.0,,0.0,,0.0
,,,0.05156249925494194,,0.953125,,,,,,,,,,,1.0,1.0,,,,,7124,,,,0.0,,0.0,,0.0
,,,0.05234374850988388,,0.96875,,,,,,,,,,,1.0,1.0,,,,,7125,,,,0.0,,0.0,,0.0
,,,0.15530303120613098,,0.9465909004211426,,,,,,,,,,,1.0,1.0,,,,,7126,,,,0.0,,0.0,,0.0
,,,0.06875000149011612,,0.90625,,,,,,,,,,,1.0,1.0,,,,,7127,,,,0.0,,0.0,,0.0
,,,0.0729166641831398,,0.9296875,,,,,,,,,,,1.0,1.0,,,,,7128,,,,0.0,,0.0,,0.0
,,,0.09618273377418518,,0.9067584276199341,,,,,,,,,,,1.0,1.0,,,,,7129,,,,0.0,,0.0,,0.0
,,,0.02734375,,0.8359375,,,,,,,,,,,1.0,1.0,,,,,7130,,,,0.0,,0.0,,0.0
,,,0.02656250074505806,,0.8828125,,,,,,,,,,,1.0,1.0,,,,,7131,,,,0.0,,0.0,,0.0
,,,0.03750000149011612,,0.859375,,,,,,,,,,,1.0,1.0,,,,,7132,,,,0.0,,0.0,,0.0
,,,0.04251968488097191,,0.9645669460296631,,,,,,,,,,,1.0,1.0,,,,,7133,,,,0.0,,0.0,,0.0
,,,0.0434027761220932,,0.921875,,,,,,,,,,,1.0,1.0,,,,,7134,,,,0.0,,0.0,,0.0
,,,0.0460069440305233,,0.890625,,,,,,,,,,,1.0,1.0,,,,,7135,,,,0.0,,0.0,,0.0
,,,0.06293103098869324,,0.6839080452919006,,,,,,,,,,,1.0,1.0,,,,,7136,,,,0.0,,0.0,,0.0
,,,0.02968749962747097,,0.640625,,,,,,,,,,,1.0,1.0,,,,,7137,,,,0.0,,0.0,,0.0
,,,0.02968749962747097,,0.6875,,,,,,,,,,,1.0,1.0,,,,,7138,,,,0.0,,0.0,,0.0
,,,0.07909791171550751,,0.8393839597702026,,,,,,,,,,,1.0,1.0,,,,,7139,,,,0.0,,0.0,,0.0
,,,0.03359375149011612,,0.859375,,,,,,,,,,,1.0,1.0,,,,,7140,,,,0.0,,0.0,,0.0
,,,0.04218750074505806,,0.8671875,,,,,,,,,,,1.0,1.0,,,,,7141,,,,0.0,,0.0,,0.0
,,,0.10648147761821747,,0.8854166269302368,,,,,,,,,,,1.0,1.0,,,,,7142,,,,0.0,,0.0,,0.0
,,,0.0915178582072258,,0.9296875,,,,,,,,,,,1.0,1.0,,,,,7143,,,,0.0,,0.0,,0.0
,,,0.0789930522441864,,0.9453125,,,,,,,,,,,1.0,1.0,,,,,7144,,,,0.0,,0.0,,0.0
,,,0.14125753939151764,,0.9299557209014893,,,,,,,,,,,1.0,1.0,,,,,7145,,,,0.0,,0.0,,0.0
,,,0.0642361119389534,,0.90625,,,,,,,,,,,1.0,1.0,,,,,7146,,,,0.0,,0.0,,0.0
,,,0.0959821417927742,,0.9453125,,,,,,,,,,,1.0,1.0,,,,,7147,,,,0.0,,0.0,,0.0
,,,0.16158635914325714,,0.9533923268318176,,,,,,,,,,,1.0,1.0,,,,,7148,,,,0.0,,0.0,,0.0
,,,0.10546875,,0.9296875,,,,,,,,,,,1.0,1.0,,,,,7149,,,,0.0,,0.0,,0.0
,,,0.1341145783662796,,0.96875,,,,,,,,,,,1.0,1.0,,,,,7150,,,,0.0,,0.0,,0.0
,,,0.11161616444587708,,0.9545454978942871,,,,,,,,,,,1.0,1.0,,,,,7151,,,,0.0,,0.0,,0.0
,,,0.0451388880610466,,0.890625,,,,,,,,,,,1.0,1.0,,,,,7152,,,,0.0,,0.0,,0.0
,,,0.0234375,,0.796875,,,,,,,,,,,1.0,1.0,,,,,7153,,,,0.0,,0.0,,0.0
,,,0.08185185492038727,,0.8768518567085266,,,,,,,,,,,1.0,1.0,,,,,7154,,,,0.0,,0.0,,0.0
,,,0.05390625074505806,,0.96875,,,,,,,,,,,1.0,1.0,,,,,7155,,,,0.0,,0.0,,0.0
,,,0.0546875,,0.9609375,,,,,,,,,,,1.0,1.0,,,,,7156,,,,0.0,,0.0,,0.0
,,,0.1970548927783966,,0.9254350662231445,,,,,,,,,,,1.0,1.0,,,,,7157,,,,0.0,,0.0,,0.0
,,,0.0703125,,0.921875,,,,,,,,,,,1.0,1.0,,,,,7158,,,,0.0,,0.0,,0.0
,,,0.06562499701976776,,0.921875,,,,,,,,,,,1.0,1.0,,,,,7159,,,,0.0,,0.0,,0.0
,,,0.08021390438079834,,0.8598166704177856,,,,,,,,,,,1.0,1.0,,,,,7160,,,,0.0,,0.0,,0.0
,,,0.0338541679084301,,0.828125,,,,,,,,,,,1.0,1.0,,,,,7161,,,,0.0,,0.0,,0.0
,,,0.02812499925494194,,0.90625,,,,,,,,,,,1.0,1.0,,,,,7162,,,,0.0,,0.0,,0.0
,,,0.08128461241722107,,0.8828903436660767,,,,,,,,,,,1.0,1.0,,,,,7163,,,,0.0,,0.0,,0.0
,,,0.0442708320915699,,0.9453125,,,,,,,,,,,1.0,1.0,,,,,7164,,,,0.0,,0.0,,0.0
,,,0.0399305559694767,,0.8828125,,,,,,,,,,,1.0,1.0,,,,,7165,,,,0.0,,0.0,,0.0
,,,0.0969737321138382,,0.863318920135498,,,,,,,,,,,1.0,1.0,,,,,7166,,,,0.0,,0.0,,0.0
,,,0.03359375149011612,,0.7421875,,,,,,,,,,,1.0,1.0,,,,,7167,,,,0.0,,0.0,,0.0
,,,0.02968749962747097,,0.6171875,,,,,,,,,,,1.0,1.0,,,,,7168,,,,0.0,,0.0,,0.0
,,,0.08749999850988388,,0.8392857313156128,,,,,,,,,,,1.0,1.0,,,,,7169,,,,0.0,,0.0,,0.0
,,,0.0321180559694767,,0.8671875,,,,,,,,,,,1.0,1.0,,,,,7170,,,,0.0,,0.0,,0.0
,,,0.03593749925494194,,0.8515625,,,,,,,,,,,1.0,1.0,,,,,7171,,,,0.0,,0.0,,0.0
,,,0.09608909487724304,,0.8578088283538818,,,,,,,,,,,1.0,1.0,,,,,7172,,,,0.0,,0.0,,0.0
,,,0.0959821417927742,,0.9375,,,,,,,,,,,1.0,1.0,,,,,7173,,,,0.0,,0.0,,0.0
,,,0.076171875,,0.9375,,,,,,,,,,,1.0,1.0,,,,,7174,,,,0.0,,0.0,,0.0
,,,0.09251968562602997,,0.9370078444480896,,,,,,,,,,,1.0,1.0,,,,,7175,,,,0.0,,0.0,,0.0
77,0.48007506132125854,0.5006995797157288,,0.8879461288452148,,,,,,,,,,,,,,72.1987533569336,37371.96875,4.279422760009766,312.77349853515625,17237,,,0.0,,0.0,,0.0,
77,,,,,,0.5874602198600769,,0.860325276851654,,13.64338207244873,,,,,,,,,,,,17237,1.787518858909607,,,,,,,
,,,,,,,,,,,,,,5.62349820122797e-05,0.03,,,,,,,17249,,,,,,,,
78,,,,,,,0.5887415409088135,,0.8597376346588135,,13.546875,5.6213102652691305e-05,0.029999999329447746,,,1.0,1.0,,,,,17249,,1.7689865827560425,,,,,,
,,,,,,,,,,,,,,5.5145352354717724e-05,0.03,,,,,,,17299,,,,,,,,
78,,,,,,,0.5884218215942383,,0.9038515090942383,,15.7734375,5.512365169124678e-05,0.029999999329447746,,,1.0,1.0,,,,,17299,,1.671830654144287,,,,,,
,,,,,,,,,,,,,,5.406476959276393e-05,0.03,,,,,,,17349,,,,,,,,
78,,,,,,,0.6004669070243835,,0.8741485476493835,,13.6875,5.4043252021074295e-05,0.029999999329447746,,,1.0,1.0,,,,,17349,,1.803858757019043,,,,,,
,,,,,,,,,,,,,,5.299330112115259e-05,0.03,,,,,,,17399,,,,,,,,
78,,,,,,,0.6013282537460327,,0.8752540349960327,,13.6953125,5.297196548781358e-05,0.029999999329447746,,,1.0,1.0,,,,,17399,,1.7944893836975098,,,,,,
,,,,,,,,,,,,,,5.1931013766169995e-05,0.03,,,,,,,17449,,,,,,,,
78,,,,,,,0.5812684297561646,,0.8703309297561646,,14.453125,5.190986121306196e-05,0.029999999329447746,,,1.0,1.0,,,,,17449,,1.7241991758346558,,,,,,
,,,0.0659722238779068,,0.875,,,,,,,,,,,1.0,1.0,,,,,7176,,,,0.0,,0.0,,0.0
,,,0.08203125,,0.921875,,,,,,,,,,,1.0,1.0,,,,,7177,,,,0.0,,0.0,,0.0
,,,0.15792690217494965,,0.8998900055885315,,,,,,,,,,,1.0,1.0,,,,,7178,,,,0.0,,0.0,,0.0
,,,0.078125,,0.90625,,,,,,,,,,,1.0,1.0,,,,,7179,,,,0.0,,0.0,,0.0
,,,0.06796874850988388,,0.8828125,,,,,,,,,,,1.0,1.0,,,,,7180,,,,0.0,,0.0,,0.0
,,,0.09903845936059952,,0.8990384340286255,,,,,,,,,,,1.0,1.0,,,,,7181,,,,0.0,,0.0,,0.0
,,,0.04062499850988388,,0.90625,,,,,,,,,,,1.0,1.0,,,,,7182,,,,0.0,,0.0,,0.0
,,,0.03984374925494194,,0.90625,,,,,,,,,,,1.0,1.0,,,,,7183,,,,0.0,,0.0,,0.0
,,,0.07204116880893707,,0.8885077238082886,,,,,,,,,,,1.0,1.0,,,,,7184,,,,0.0,,0.0,,0.0
,,,0.03828125074505806,,0.8671875,,,,,,,,,,,1.0,1.0,,,,,7185,,,,0.0,,0.0,,0.0
,,,0.03828125074505806,,0.9375,,,,,,,,,,,1.0,1.0,,,,,7186,,,,0.0,,0.0,,0.0
,,,0.04531250149011612,,0.890625,,,,,,,,,,,1.0,1.0,,,,,7187,,,,0.0,,0.0,,0.0
,,,0.15851852297782898,,0.9639999866485596,,,,,,,,,,,1.0,1.0,,,,,7188,,,,0.0,,0.0,,0.0
,,,0.0807291641831398,,0.9296875,,,,,,,,,,,1.0,1.0,,,,,7189,,,,0.0,,0.0,,0.0
,,,0.06171875074505806,,0.8984375,,,,,,,,,,,1.0,1.0,,,,,7190,,,,0.0,,0.0,,0.0
,,,0.10976242274045944,,0.8342670202255249,,,,,,,,,,,1.0,1.0,,,,,7191,,,,0.0,,0.0,,0.0
,,,0.02968749962747097,,0.90625,,,,,,,,,,,1.0,1.0,,,,,7192,,,,0.0,,0.0,,0.0
,,,0.02656250074505806,,0.953125,,,,,,,,,,,1.0,1.0,,,,,7193,,,,0.0,,0.0,,0.0
,,,0.0694805160164833,,0.9594155550003052,,,,,,,,,,,1.0,1.0,,,,,7194,,,,0.0,,0.0,,0.0
,,,0.0598958320915699,,0.96875,,,,,,,,,,,1.0,1.0,,,,,7195,,,,0.0,,0.0,,0.0
,,,0.046875,,0.9375,,,,,,,,,,,1.0,1.0,,,,,7196,,,,0.0,,0.0,,0.0
,,,0.10660024732351303,,0.876836895942688,,,,,,,,,,,1.0,1.0,,,,,7197,,,,0.0,,0.0,,0.0
,,,0.04140625149011612,,0.7578125,,,,,,,,,,,1.0,1.0,,,,,7198,,,,0.0,,0.0,,0.0
,,,0.03828125074505806,,0.7890625,,,,,,,,,,,1.0,1.0,,,,,7199,,,,0.0,,0.0,,0.0
,,,0.11724138259887695,,0.865517258644104,,,,,,,,,,,1.0,1.0,,,,,7200,,,,0.0,,0.0,,0.0
,,,0.0598958320915699,,0.921875,,,,,,,,,,,1.0,1.0,,,,,7201,,,,0.0,,0.0,,0.0
,,,0.05781250074505806,,0.9140625,,,,,,,,,,,1.0,1.0,,,,,7202,,,,0.0,,0.0,,0.0
,,,0.1374213844537735,,0.9100629091262817,,,,,,,,,,,1.0,1.0,,,,,7203,,,,0.0,,0.0,,0.0
,,,0.0810546875,,0.953125,,,,,,,,,,,1.0,1.0,,,,,7204,,,,0.0,,0.0,,0.0
,,,0.05703125149011612,,0.8984375,,,,,,,,,,,1.0,1.0,,,,,7205,,,,0.0,,0.0,,0.0
,,,0.16084131598472595,,0.9358413219451904,,,,,,,,,,,1.0,1.0,,,,,7206,,,,0.0,,0.0,,0.0
,,,0.0694444477558136,,0.8671875,,,,,,,,,,,1.0,1.0,,,,,7207,,,,0.0,,0.0,,0.0
,,,0.0737847238779068,,0.9140625,,,,,,,,,,,1.0,1.0,,,,,7208,,,,0.0,,0.0,,0.0
,,,0.15281882882118225,,0.8926107883453369,,,,,,,,,,,1.0,1.0,,,,,7209,,,,0.0,,0.0,,0.0
,,,0.0815972238779068,,0.9140625,,,,,,,,,,,1.0,1.0,,,,,7210,,,,0.0,,0.0,,0.0
,,,0.0729166641831398,,0.890625,,,,,,,,,,,1.0,1.0,,,,,7211,,,,0.0,,0.0,,0.0
,,,0.1036212369799614,,0.9224370121955872,,,,,,,,,,,1.0,1.0,,,,,7212,,,,0.0,,0.0,,0.0
,,,0.04609375074505806,,0.921875,,,,,,,,,,,1.0,1.0,,,,,7213,,,,0.0,,0.0,,0.0
,,,0.03125,,0.8671875,,,,,,,,,,,1.0,1.0,,,,,7214,,,,0.0,,0.0,,0.0
,,,0.07357753813266754,,0.8831502199172974,,,,,,,,,,,1.0,1.0,,,,,7215,,,,0.0,,0.0,,0.0
,,,0.03750000149011612,,0.8671875,,,,,,,,,,,1.0,1.0,,,,,7216,,,,0.0,,0.0,,0.0
,,,0.03750000149011612,,0.953125,,,,,,,,,,,1.0,1.0,,,,,7217,,,,0.0,,0.0,,0.0
,,,0.1211363673210144,,0.9125000238418579,,,,,,,,,,,1.0,1.0,,,,,7218,,,,0.0,,0.0,,0.0
,,,0.07265625149011612,,0.9140625,,,,,,,,,,,1.0,1.0,,,,,7219,,,,0.0,,0.0,,0.0
,,,0.0888671875,,0.921875,,,,,,,,,,,1.0,1.0,,,,,7220,,,,0.0,,0.0,,0.0
,,,0.08573216199874878,,0.932102620601654,,,,,,,,,,,1.0,1.0,,,,,7221,,,,0.0,,0.0,,0.0
,,,0.02864583395421505,,0.90625,,,,,,,,,,,1.0,1.0,,,,,7222,,,,0.0,,0.0,,0.0
,,,0.02656250074505806,,0.8984375,,,,,,,,,,,1.0,1.0,,,,,7223,,,,0.0,,0.0,,0.0
,,,0.02864583395421505,,0.96875,,,,,,,,,,,1.0,1.0,,,,,7224,,,,0.0,,0.0,,0.0
,,,0.05433070659637451,,0.9763779640197754,,,,,,,,,,,1.0,1.0,,,,,7225,,,,0.0,,0.0,,0.0
,,,0.0555555559694767,,0.96875,,,,,,,,,,,1.0,1.0,,,,,7226,,,,0.0,,0.0,,0.0
,,,0.04921875149011612,,0.9296875,,,,,,,,,,,1.0,1.0,,,,,7227,,,,0.0,,0.0,,0.0
,,,0.08074712753295898,,0.8505747318267822,,,,,,,,,,,1.0,1.0,,,,,7228,,,,0.0,,0.0,,0.0
,,,0.03984374925494194,,0.75,,,,,,,,,,,1.0,1.0,,,,,7229,,,,0.0,,0.0,,0.0
,,,0.04140625149011612,,0.828125,,,,,,,,,,,1.0,1.0,,,,,7230,,,,0.0,,0.0,,0.0
,,,0.10755409300327301,,0.8221489191055298,,,,,,,,,,,1.0,1.0,,,,,7231,,,,0.0,,0.0,,0.0
,,,0.0546875,,0.9375,,,,,,,,,,,1.0,1.0,,,,,7232,,,,0.0,,0.0,,0.0
,,,0.05624999850988388,,0.9140625,,,,,,,,,,,1.0,1.0,,,,,7233,,,,0.0,,0.0,,0.0
,,,0.1432291567325592,,0.921875,,,,,,,,,,,1.0,1.0,,,,,7234,,,,0.0,,0.0,,0.0
,,,0.0685763880610466,,0.9296875,,,,,,,,,,,1.0,1.0,,,,,7235,,,,0.0,,0.0,,0.0
,,,0.0677083358168602,,0.921875,,,,,,,,,,,1.0,1.0,,,,,7236,,,,0.0,,0.0,,0.0
,,,0.1529623568058014,,0.9302325248718262,,,,,,,,,,,1.0,1.0,,,,,7237,,,,0.0,,0.0,,0.0
,,,0.0711805522441864,,0.8828125,,,,,,,,,,,1.0,1.0,,,,,7238,,,,0.0,,0.0,,0.0
,,,0.0737847238779068,,0.9140625,,,,,,,,,,,1.0,1.0,,,,,7239,,,,0.0,,0.0,,0.0
,,,0.17397573590278625,,0.9380531311035156,,,,,,,,,,,1.0,1.0,,,,,7240,,,,0.0,,0.0,,0.0
,,,0.06796874850988388,,0.90625,,,,,,,,,,,1.0,1.0,,,,,7241,,,,0.0,,0.0,,0.0
,,,0.06953124701976776,,0.8984375,,,,,,,,,,,1.0,1.0,,,,,7242,,,,0.0,,0.0,,0.0
,,,0.12060605734586716,,0.9590909481048584,,,,,,,,,,,1.0,1.0,,,,,7243,,,,0.0,,0.0,,0.0
,,,0.04374999925494194,,0.8984375,,,,,,,,,,,1.0,1.0,,,,,7244,,,,0.0,,0.0,,0.0
,,,0.03125,,0.875,,,,,,,,,,,1.0,1.0,,,,,7245,,,,0.0,,0.0,,0.0
,,,0.0779629647731781,,0.8990740776062012,,,,,,,,,,,1.0,1.0,,,,,7246,,,,0.0,,0.0,,0.0
,,,0.03593749925494194,,0.875,,,,,,,,,,,1.0,1.0,,,,,7247,,,,0.0,,0.0,,0.0
,,,0.04453124850988388,,0.9296875,,,,,,,,,,,1.0,1.0,,,,,7248,,,,0.0,,0.0,,0.0
,,,0.14740443229675293,,0.9092369079589844,,,,,,,,,,,1.0,1.0,,,,,7249,,,,0.0,,0.0,,0.0
,,,0.0815972238779068,,0.9140625,,,,,,,,,,,1.0,1.0,,,,,7250,,,,0.0,,0.0,,0.0
,,,0.07109375298023224,,0.9140625,,,,,,,,,,,1.0,1.0,,,,,7251,,,,0.0,,0.0,,0.0
,,,0.07697989046573639,,0.892411470413208,,,,,,,,,,,1.0,1.0,,,,,7252,,,,0.0,,0.0,,0.0
,,,0.0322265625,,0.9140625,,,,,,,,,,,1.0,1.0,,,,,7253,,,,0.0,,0.0,,0.0
,,,0.02734375,,0.9296875,,,,,,,,,,,1.0,1.0,,,,,7254,,,,0.0,,0.0,,0.0
,,,0.08045404404401779,,0.9645625352859497,,,,,,,,,,,1.0,1.0,,,,,7255,,,,0.0,,0.0,,0.0
,,,0.0598958320915699,,0.953125,,,,,,,,,,,1.0,1.0,,,,,7256,,,,0.0,,0.0,,0.0
,,,0.0529513880610466,,0.9609375,,,,,,,,,,,1.0,1.0,,,,,7257,,,,0.0,,0.0,,0.0
,,,0.12367808818817139,,0.9368140697479248,,,,,,,,,,,1.0,1.0,,,,,7258,,,,0.0,,0.0,,0.0
,,,0.04218750074505806,,0.734375,,,,,,,,,,,1.0,1.0,,,,,7259,,,,0.0,,0.0,,0.0
,,,0.03671874850988388,,0.7734375,,,,,,,,,,,1.0,1.0,,,,,7260,,,,0.0,,0.0,,0.0
,,,0.1339285671710968,,0.8794642686843872,,,,,,,,,,,1.0,1.0,,,,,7261,,,,0.0,,0.0,,0.0
,,,0.0607638880610466,,0.9375,,,,,,,,,,,1.0,1.0,,,,,7262,,,,0.0,,0.0,,0.0
,,,0.05312500149011612,,0.9140625,,,,,,,,,,,1.0,1.0,,,,,7263,,,,0.0,,0.0,,0.0
,,,0.12518346309661865,,0.8337218761444092,,,,,,,,,,,1.0,1.0,,,,,7264,,,,0.0,,0.0,,0.0
,,,0.0791015625,,0.9296875,,,,,,,,,,,1.0,1.0,,,,,7265,,,,0.0,,0.0,,0.0
,,,0.0616319440305233,,0.9296875,,,,,,,,,,,1.0,1.0,,,,,7266,,,,0.0,,0.0,,0.0
,,,0.08267716318368912,,0.9448819160461426,,,,,,,,,,,1.0,1.0,,,,,7267,,,,0.0,,0.0,,0.0
78,0.47980421781539917,0.5210719108581543,,0.9028227925300598,,,,,,,,,,,,,,73.7303237915039,33418.734375,4.300414085388184,309.6748962402344,17458,,,0.0,,0.0,,0.0,
78,,,,,,0.586540937423706,,0.8583512306213379,,13.590709686279297,,,,,,,,,,,,17458,1.7714303731918335,,,,,,,
,,,,,,,,,,,,,,5.0877973781486464e-05,0.03,,,,,,,17499,,,,,,,,
79,,,,,,,0.5866418480873108,,0.8698449730873108,,14.15625,5.0857008318416774e-05,0.029999999329447746,,,1.0,1.0,,,,,17499,,1.9926401376724243,,,,,,
,,,,,,,,,,,,,,4.98342468440242e-05,0.03,,,,,,,17549,,,,,,,,
79,,,,,,,0.599266529083252,,0.889061450958252,,14.484375,4.9813468649517745e-05,0.029999999329447746,,,1.0,1.0,,,,,17549,,1.828191876411438,,,,,,
,,,,,,,,,,,,,,4.879989804986117e-05,0.03,,,,,,,17599,,,,,,,,
79,,,,,,,0.5789117217063904,,0.8772515654563904,,14.921875,4.87793076899834e-05,0.029999999329447746,,,1.0,1.0,,,,,17599,,1.6292026042938232,,,,,,
,,,,,,,,,,,,,,4.777499191017108e-05,0.03,,,,,,,17649,,,,,,,,
79,,,,,,,0.5915878415107727,,0.8375595211982727,,12.296875,4.775459092343226e-05,0.029999999329447746,,,1.0,1.0,,,,,17649,,1.6738348007202148,,,,,,
,,,0.0572916679084301,,0.8515625,,,,,,,,,,,1.0,1.0,,,,,7268,,,,0.0,,0.0,,0.0
,,,0.076171875,,0.875,,,,,,,,,,,1.0,1.0,,,,,7269,,,,0.0,,0.0,,0.0
,,,0.12773500382900238,,0.8665199875831604,,,,,,,,,,,1.0,1.0,,,,,7270,,,,0.0,,0.0,,0.0
,,,0.0538194440305233,,0.8046875,,,,,,,,,,,1.0,1.0,,,,,7271,,,,0.0,,0.0,,0.0
,,,0.0564236119389534,,0.796875,,,,,,,,,,,1.0,1.0,,,,,7272,,,,0.0,,0.0,,0.0
,,,0.08301281929016113,,0.8926281929016113,,,,,,,,,,,1.0,1.0,,,,,7273,,,,0.0,,0.0,,0.0
,,,0.02500000037252903,,0.90625,,,,,,,,,,,1.0,1.0,,,,,7274,,,,0.0,,0.0,,0.0
,,,0.02500000037252903,,0.9453125,,,,,,,,,,,1.0,1.0,,,,,7275,,,,0.0,,0.0,,0.0
,,,0.08109395951032639,,0.8940823078155518,,,,,,,,,,,1.0,1.0,,,,,7276,,,,0.0,,0.0,,0.0
,,,0.04062499850988388,,0.8984375,,,,,,,,,,,1.0,1.0,,,,,7277,,,,0.0,,0.0,,0.0
,,,0.0486111119389534,,0.9453125,,,,,,,,,,,1.0,1.0,,,,,7278,,,,0.0,,0.0,,0.0
,,,0.0503472238779068,,0.875,,,,,,,,,,,1.0,1.0,,,,,7279,,,,0.0,,0.0,,0.0
,,,0.09973333775997162,,0.9480000138282776,,,,,,,,,,,1.0,1.0,,,,,7280,,,,0.0,,0.0,,0.0
,,,0.05703125149011612,,0.828125,,,,,,,,,,,1.0,1.0,,,,,7281,,,,0.0,,0.0,,0.0
,,,0.0546875,,0.8515625,,,,,,,,,,,1.0,1.0,,,,,7282,,,,0.0,,0.0,,0.0
,,,0.07114846259355545,,0.846872091293335,,,,,,,,,,,1.0,1.0,,,,,7283,,,,0.0,,0.0,,0.0
,,,0.0477430559694767,,0.90625,,,,,,,,,,,1.0,1.0,,,,,7284,,,,0.0,,0.0,,0.0
,,,0.03281249850988388,,0.9140625,,,,,,,,,,,1.0,1.0,,,,,7285,,,,0.0,,0.0,,0.0
,,,0.123496875166893,,0.8852813839912415,,,,,,,,,,,1.0,1.0,,,,,7286,,,,0.0,,0.0,,0.0
,,,0.0729166641831398,,0.9609375,,,,,,,,,,,1.0,1.0,,,,,7287,,,,0.0,,0.0,,0.0
,,,0.0607638880610466,,0.9453125,,,,,,,,,,,1.0,1.0,,,,,7288,,,,0.0,,0.0,,0.0
,,,0.09793275594711304,,0.9064756631851196,,,,,,,,,,,1.0,1.0,,,,,7289,,,,0.0,,0.0,,0.0
,,,0.03515625,,0.7890625,,,,,,,,,,,1.0,1.0,,,,,7290,,,,0.0,,0.0,,0.0
,,,0.0442708320915699,,0.8359375,,,,,,,,,,,1.0,1.0,,,,,7291,,,,0.0,,0.0,,0.0
,,,0.11970444023609161,,0.9027093648910522,,,,,,,,,,,1.0,1.0,,,,,7292,,,,0.0,,0.0,,0.0
,,,0.0555555559694767,,0.90625,,,,,,,,,,,1.0,1.0,,,,,7293,,,,0.0,,0.0,,0.0
,,,0.05234374850988388,,0.9296875,,,,,,,,,,,1.0,1.0,,,,,7294,,,,0.0,,0.0,,0.0
,,,0.13408803939819336,,0.9344654083251953,,,,,,,,,,,1.0,1.0,,,,,7295,,,,0.0,,0.0,,0.0
,,,0.08984375,,0.9609375,,,,,,,,,,,1.0,1.0,,,,,7296,,,,0.0,,0.0,,0.0
,,,0.06406249850988388,,0.9453125,,,,,,,,,,,1.0,1.0,,,,,7297,,,,0.0,,0.0,,0.0
,,,0.1378629058599472,,0.9358413219451904,,,,,,,,,,,1.0,1.0,,,,,7298,,,,0.0,,0.0,,0.0
,,,0.0633680522441864,,0.8359375,,,,,,,,,,,1.0,1.0,,,,,7299,,,,0.0,,0.0,,0.0
,,,0.076171875,,0.859375,,,,,,,,,,,1.0,1.0,,,,,7300,,,,0.0,,0.0,,0.0
,,,0.11625616252422333,,0.8096058964729309,,,,,,,,,,,1.0,1.0,,,,,7301,,,,0.0,,0.0,,0.0
,,,0.0581597238779068,,0.8515625,,,,,,,,,,,1.0,1.0,,,,,7302,,,,0.0,,0.0,,0.0
,,,0.0494791679084301,,0.78125,,,,,,,,,,,1.0,1.0,,,,,7303,,,,0.0,,0.0,,0.0
,,,0.08304379880428314,,0.8590652942657471,,,,,,,,,,,1.0,1.0,,,,,7304,,,,0.0,,0.0,,0.0
,,,0.02031249925494194,,0.9453125,,,,,,,,,,,1.0,1.0,,,,,7305,,,,0.0,,0.0,,0.0
,,,0.02734375,,0.9140625,,,,,,,,,,,1.0,1.0,,,,,7306,,,,0.0,,0.0,,0.0
,,,0.09184642136096954,,0.9144078493118286,,,,,,,,,,,1.0,1.0,,,,,7307,,,,0.0,,0.0,,0.0
,,,0.03984374925494194,,0.90625,,,,,,,,,,,1.0,1.0,,,,,7308,,,,0.0,,0.0,,0.0
,,,0.0477430559694767,,0.953125,,,,,,,,,,,1.0,1.0,,,,,7309,,,,0.0,,0.0,,0.0
,,,0.11272726953029633,,0.8818181753158569,,,,,,,,,,,1.0,1.0,,,,,7310,,,,0.0,,0.0,,0.0
,,,0.06093750149011612,,0.84375,,,,,,,,,,,1.0,1.0,,,,,7311,,,,0.0,,0.0,,0.0
,,,0.0546875,,0.8359375,,,,,,,,,,,1.0,1.0,,,,,7312,,,,0.0,,0.0,,0.0
,,,0.0996871143579483,,0.9214643239974976,,,,,,,,,,,1.0,1.0,,,,,7313,,,,0.0,,0.0,,0.0
,,,0.03828125074505806,,0.921875,,,,,,,,,,,1.0,1.0,,,,,7314,,,,0.0,,0.0,,0.0
,,,0.03984374925494194,,0.90625,,,,,,,,,,,1.0,1.0,,,,,7315,,,,0.0,,0.0,,0.0
,,,0.044921875,,0.8671875,,,,,,,,,,,1.0,1.0,,,,,7316,,,,0.0,,0.0,,0.0
,,,0.07699038088321686,,0.9842519760131836,,,,,,,,,,,1.0,1.0,,,,,7317,,,,0.0,,0.0,,0.0
,,,0.0685763880610466,,0.953125,,,,,,,,,,,1.0,1.0,,,,,7318,,,,0.0,,0.0,,0.0
,,,0.0598958320915699,,0.9375,,,,,,,,,,,1.0,1.0,,,,,7319,,,,0.0,,0.0,,0.0
,,,0.08965517580509186,,0.9224138259887695,,,,,,,,,,,1.0,1.0,,,,,7320,,,,0.0,,0.0,,0.0
,,,0.03359375149011612,,0.796875,,,,,,,,,,,1.0,1.0,,,,,7321,,,,0.0,,0.0,,0.0
,,,0.0486111119389534,,0.8515625,,,,,,,,,,,1.0,1.0,,,,,7322,,,,0.0,,0.0,,0.0
,,,0.14553537964820862,,0.886322021484375,,,,,,,,,,,1.0,1.0,,,,,7323,,,,0.0,,0.0,,0.0
,,,0.05234374850988388,,0.921875,,,,,,,,,,,1.0,1.0,,,,,7324,,,,0.0,,0.0,,0.0
,,,0.05234374850988388,,0.9140625,,,,,,,,,,,1.0,1.0,,,,,7325,,,,0.0,,0.0,,0.0
,,,0.1215277761220932,,0.9114583730697632,,,,,,,,,,,1.0,1.0,,,,,7326,,,,0.0,,0.0,,0.0
,,,0.1015625,,0.953125,,,,,,,,,,,1.0,1.0,,,,,7327,,,,0.0,,0.0,,0.0
,,,0.0830078125,,0.953125,,,,,,,,,,,1.0,1.0,,,,,7328,,,,0.0,,0.0,,0.0
,,,0.1349206417798996,,0.9418604373931885,,,,,,,,,,,1.0,1.0,,,,,7329,,,,0.0,,0.0,,0.0
,,,0.0732421875,,0.8359375,,,,,,,,,,,1.0,1.0,,,,,7330,,,,0.0,,0.0,,0.0
,,,0.0791015625,,0.890625,,,,,,,,,,,1.0,1.0,,,,,7331,,,,0.0,,0.0,,0.0
,,,0.12520486116409302,,0.7982300519943237,,,,,,,,,,,1.0,1.0,,,,,7332,,,,0.0,,0.0,,0.0
,,,0.0581597238779068,,0.8515625,,,,,,,,,,,1.0,1.0,,,,,7333,,,,0.0,,0.0,,0.0
,,,0.0555555559694767,,0.7734375,,,,,,,,,,,1.0,1.0,,,,,7334,,,,0.0,,0.0,,0.0
,,,0.07454545795917511,,0.9176767468452454,,,,,,,,,,,1.0,1.0,,,,,7335,,,,0.0,,0.0,,0.0
,,,0.0234375,,0.9609375,,,,,,,,,,,1.0,1.0,,,,,7336,,,,0.0,,0.0,,0.0
,,,0.02890625037252903,,0.8828125,,,,,,,,,,,1.0,1.0,,,,,7337,,,,0.0,,0.0,,0.0
,,,0.08444444835186005,,0.9444444179534912,,,,,,,,,,,1.0,1.0,,,,,7338,,,,0.0,,0.0,,0.0
,,,0.04062499850988388,,0.9375,,,,,,,,,,,1.0,1.0,,,,,7339,,,,0.0,,0.0,,0.0
,,,0.0503472238779068,,0.9296875,,,,,,,,,,,1.0,1.0,,,,,7340,,,,0.0,,0.0,,0.0
,,,0.12200803309679031,,0.8568942546844482,,,,,,,,,,,1.0,1.0,,,,,7341,,,,0.0,,0.0,,0.0
,,,0.06015624850988388,,0.8515625,,,,,,,,,,,1.0,1.0,,,,,7342,,,,0.0,,0.0,,0.0
,,,0.05859375,,0.8203125,,,,,,,,,,,1.0,1.0,,,,,7343,,,,0.0,,0.0,,0.0
,,,0.0834224671125412,,0.9053984880447388,,,,,,,,,,,1.0,1.0,,,,,7344,,,,0.0,,0.0,,0.0
,,,0.0434027761220932,,0.921875,,,,,,,,,,,1.0,1.0,,,,,7345,,,,0.0,,0.0,,0.0
,,,0.03828125074505806,,0.8828125,,,,,,,,,,,1.0,1.0,,,,,7346,,,,0.0,,0.0,,0.0
,,,0.12335425615310669,,0.9122369885444641,,,,,,,,,,,1.0,1.0,,,,,7347,,,,0.0,,0.0,,0.0
,,,0.0729166641831398,,0.96875,,,,,,,,,,,1.0,1.0,,,,,7348,,,,0.0,,0.0,,0.0
,,,0.0642361119389534,,0.9453125,,,,,,,,,,,1.0,1.0,,,,,7349,,,,0.0,,0.0,,0.0
,,,0.10522115230560303,,0.9684070348739624,,,,,,,,,,,1.0,1.0,,,,,7350,,,,0.0,,0.0,,0.0
,,,0.03750000149011612,,0.8203125,,,,,,,,,,,1.0,1.0,,,,,7351,,,,0.0,,0.0,,0.0
,,,0.03359375149011612,,0.796875,,,,,,,,,,,1.0,1.0,,,,,7352,,,,0.0,,0.0,,0.0
,,,0.13214285671710968,,0.8973214626312256,,,,,,,,,,,1.0,1.0,,,,,7353,,,,0.0,,0.0,,0.0
,,,0.060546875,,0.921875,,,,,,,,,,,1.0,1.0,,,,,7354,,,,0.0,,0.0,,0.0
,,,0.04921875149011612,,0.921875,,,,,,,,,,,1.0,1.0,,,,,7355,,,,0.0,,0.0,,0.0
,,,0.11383061856031418,,0.9118103981018066,,,,,,,,,,,1.0,1.0,,,,,7356,,,,0.0,,0.0,,0.0
,,,0.087890625,,0.953125,,,,,,,,,,,1.0,1.0,,,,,7357,,,,0.0,,0.0,,0.0
,,,0.06171875074505806,,0.953125,,,,,,,,,,,1.0,1.0,,,,,7358,,,,0.0,,0.0,,0.0
,,,0.08956693112850189,,0.9685039520263672,,,,,,,,,,,1.0,1.0,,,,,7359,,,,0.0,,0.0,,0.0
79,0.4868685007095337,0.49703332781791687,,0.892562747001648,,,,,,,,,,,,,,73.53565979003906,36704.99609375,4.2977705001831055,313.02484130859375,17679,,,0.0,,0.0,,0.0,
79,,,,,,0.5867705941200256,,0.8576064705848694,,13.541749000549316,,,,,,,,,,,,17679,1.7793184518814087,,,,,,,
,,,,,,,,,,,,,,4.675959234719971e-05,0.03,,,,,,,17699,,,,,,,,
80,,,,,,,0.5584511756896973,,0.8143105506896973,,12.796875,4.6739380195504054e-05,0.029999999329447746,,,1.0,1.0,,,,,17699,,1.669015884399414,,,,,,
,,,,,,,,,,,,,,4.575376269027841e-05,0.03,,,,,,,17749,,,,,,,,
80,,,,,,,0.5939972400665283,,0.8400909900665283,,12.3046875,4.5733744627796113e-05,0.029999999329447746,,,1.0,1.0,,,,,17749,,1.7119463682174683,,,,,,
,,,,,,,,,,,,,,4.47575656718744e-05,0.03,,,,,,,17799,,,,,,,,
80,,,,,,,0.5566320419311523,,0.8447179794311523,,14.40625,4.4737738789990544e-05,0.029999999329447746,,,1.0,1.0,,,,,17799,,1.5824083089828491,,,,,,
,,,,,,,,,,,,,,4.3771063423677766e-05,0.03,,,,,,,17849,,,,,,,,
80,,,,,,,0.5862934589385986,,0.8460590839385986,,12.9921875,4.375143180368468e-05,0.029999999329447746,,,1.0,1.0,,,,,17849,,1.843993902206421,,,,,,
,,,,,,,,,,,,,,4.279431747272682e-05,0.03,,,,,,,17899,,,,,,,,
80,,,,,,,0.6142238974571228,,0.8652004599571228,,12.546875,4.277488187653944e-05,0.029999999329447746,,,1.0,1.0,,,,,17899,,1.6774787902832031,,,,,,
,,,0.06640625,,0.90625,,,,,,,,,,,1.0,1.0,,,,,7360,,,,0.0,,0.0,,0.0
,,,0.0908203125,,0.953125,,,,,,,,,,,1.0,1.0,,,,,7361,,,,0.0,,0.0,,0.0
,,,0.13894391059875488,,0.9382104873657227,,,,,,,,,,,1.0,1.0,,,,,7362,,,,0.0,,0.0,,0.0
,,,0.0711805522441864,,0.9296875,,,,,,,,,,,1.0,1.0,,,,,7363,,,,0.0,,0.0,,0.0
,,,0.0677083358168602,,0.8984375,,,,,,,,,,,1.0,1.0,,,,,7364,,,,0.0,,0.0,,0.0
,,,0.09081196784973145,,0.9102563858032227,,,,,,,,,,,1.0,1.0,,,,,7365,,,,0.0,,0.0,,0.0
,,,0.010937499813735485,,0.78125,,,,,,,,,,,1.0,1.0,,,,,7366,,,,0.0,,0.0,,0.0
,,,0.02031249925494194,,0.84375,,,,,,,,,,,1.0,1.0,,,,,7367,,,,0.0,,0.0,,0.0
,,,0.0762435644865036,,0.8319039344787598,,,,,,,,,,,1.0,1.0,,,,,7368,,,,0.0,,0.0,,0.0
,,,0.0732421875,,0.9375,,,,,,,,,,,1.0,1.0,,,,,7369,,,,0.0,,0.0,,0.0
,,,0.05859375,,0.9609375,,,,,,,,,,,1.0,1.0,,,,,7370,,,,0.0,,0.0,,0.0
,,,0.0659722238779068,,0.921875,,,,,,,,,,,1.0,1.0,,,,,7371,,,,0.0,,0.0,,0.0
,,,0.11348148435354233,,0.9399999976158142,,,,,,,,,,,1.0,1.0,,,,,7372,,,,0.0,,0.0,,0.0
,,,0.0703125,,0.8125,,,,,,,,,,,1.0,1.0,,,,,7373,,,,0.0,,0.0,,0.0
,,,0.0625,,0.84375,,,,,,,,,,,1.0,1.0,,,,,7374,,,,0.0,,0.0,,0.0
,,,0.06881419569253922,,0.8132586479187012,,,,,,,,,,,1.0,1.0,,,,,7375,,,,0.0,,0.0,,0.0
,,,0.02864583395421505,,0.8359375,,,,,,,,,,,1.0,1.0,,,,,7376,,,,0.0,,0.0,,0.0
,,,0.02500000037252903,,0.8359375,,,,,,,,,,,1.0,1.0,,,,,7377,,,,0.0,,0.0,,0.0
,,,0.10305435210466385,,0.8906925916671753,,,,,,,,,,,1.0,1.0,,,,,7378,,,,0.0,,0.0,,0.0
,,,0.0685763880610466,,0.9375,,,,,,,,,,,1.0,1.0,,,,,7379,,,,0.0,,0.0,,0.0
,,,0.0651041641831398,,0.953125,,,,,,,,,,,1.0,1.0,,,,,7380,,,,0.0,,0.0,,0.0
,,,0.11982564628124237,,0.9635118246078491,,,,,,,,,,,1.0,1.0,,,,,7381,,,,0.0,,0.0,,0.0
,,,0.0477430559694767,,0.9296875,,,,,,,,,,,1.0,1.0,,,,,7382,,,,0.0,,0.0,,0.0
,,,0.0520833320915699,,0.953125,,,,,,,,,,,1.0,1.0,,,,,7383,,,,0.0,,0.0,,0.0
,,,0.11837437748908997,,0.9556649923324585,,,,,,,,,,,1.0,1.0,,,,,7384,,,,0.0,,0.0,,0.0
,,,0.07421875,,0.953125,,,,,,,,,,,1.0,1.0,,,,,7385,,,,0.0,,0.0,,0.0
,,,0.0694444477558136,,0.953125,,,,,,,,,,,1.0,1.0,,,,,7386,,,,0.0,,0.0,,0.0
,,,0.11228511482477188,,0.8589937686920166,,,,,,,,,,,1.0,1.0,,,,,7387,,,,0.0,,0.0,,0.0
,,,0.0673828125,,0.890625,,,,,,,,,,,1.0,1.0,,,,,7388,,,,0.0,,0.0,,0.0
,,,0.04218750074505806,,0.8515625,,,,,,,,,,,1.0,1.0,,,,,7389,,,,0.0,,0.0,,0.0
,,,0.14281806349754333,,0.8946648836135864,,,,,,,,,,,1.0,1.0,,,,,7390,,,,0.0,,0.0,,0.0
,,,0.06796874850988388,,0.90625,,,,,,,,,,,1.0,1.0,,,,,7391,,,,0.0,,0.0,,0.0
,,,0.0927734375,,0.984375,,,,,,,,,,,1.0,1.0,,,,,7392,,,,0.0,,0.0,,0.0
,,,0.14997261762619019,,0.9169950485229492,,,,,,,,,,,1.0,1.0,,,,,7393,,,,0.0,,0.0,,0.0
,,,0.0737847238779068,,0.921875,,,,,,,,,,,1.0,1.0,,,,,7394,,,,0.0,,0.0,,0.0
,,,0.0703125,,0.890625,,,,,,,,,,,1.0,1.0,,,,,7395,,,,0.0,,0.0,,0.0
,,,0.0869097113609314,,0.8843895196914673,,,,,,,,,,,1.0,1.0,,,,,7396,,,,0.0,,0.0,,0.0
,,,0.01328125037252903,,0.8046875,,,,,,,,,,,1.0,1.0,,,,,7397,,,,0.0,,0.0,,0.0
,,,0.01953125,,0.8125,,,,,,,,,,,1.0,1.0,,,,,7398,,,,0.0,,0.0,,0.0
,,,0.0932845026254654,,0.8345543146133423,,,,,,,,,,,1.0,1.0,,,,,7399,,,,0.0,,0.0,,0.0
,,,0.0642361119389534,,0.9375,,,,,,,,,,,1.0,1.0,,,,,7400,,,,0.0,,0.0,,0.0
,,,0.06015624850988388,,0.96875,,,,,,,,,,,1.0,1.0,,,,,7401,,,,0.0,,0.0,,0.0
,,,0.12409090250730515,,0.9102272987365723,,,,,,,,,,,1.0,1.0,,,,,7402,,,,0.0,,0.0,,0.0
,,,0.0737847238779068,,0.8203125,,,,,,,,,,,1.0,1.0,,,,,7403,,,,0.0,,0.0,,0.0
,,,0.0685763880610466,,0.84375,,,,,,,,,,,1.0,1.0,,,,,7404,,,,0.0,,0.0,,0.0
,,,0.10005562007427216,,0.8814142942428589,,,,,,,,,,,1.0,1.0,,,,,7405,,,,0.0,,0.0,,0.0
,,,0.02421874925494194,,0.8203125,,,,,,,,,,,1.0,1.0,,,,,7406,,,,0.0,,0.0,,0.0
,,,0.02421874925494194,,0.859375,,,,,,,,,,,1.0,1.0,,,,,7407,,,,0.0,,0.0,,0.0
,,,0.02734375,,0.875,,,,,,,,,,,1.0,1.0,,,,,7408,,,,0.0,,0.0,,0.0
,,,0.0717410296201706,,0.9763779640197754,,,,,,,,,,,1.0,1.0,,,,,7409,,,,0.0,,0.0,,0.0
,,,0.0694444477558136,,0.9453125,,,,,,,,,,,1.0,1.0,,,,,7410,,,,0.0,,0.0,,0.0
,,,0.0668402761220932,,0.953125,,,,,,,,,,,1.0,1.0,,,,,7411,,,,0.0,,0.0,,0.0
,,,0.11206896603107452,,0.9195402264595032,,,,,,,,,,,1.0,1.0,,,,,7412,,,,0.0,,0.0,,0.0
,,,0.0486111119389534,,0.9296875,,,,,,,,,,,1.0,1.0,,,,,7413,,,,0.0,,0.0,,0.0
,,,0.0572916679084301,,0.9609375,,,,,,,,,,,1.0,1.0,,,,,7414,,,,0.0,,0.0,,0.0
,,,0.10854418575763702,,0.9481114745140076,,,,,,,,,,,1.0,1.0,,,,,7415,,,,0.0,,0.0,,0.0
,,,0.0720486119389534,,0.9609375,,,,,,,,,,,1.0,1.0,,,,,7416,,,,0.0,,0.0,,0.0
,,,0.0685763880610466,,0.9296875,,,,,,,,,,,1.0,1.0,,,,,7417,,,,0.0,,0.0,,0.0
,,,0.1006944477558136,,0.859375,,,,,,,,,,,1.0,1.0,,,,,7418,,,,0.0,,0.0,,0.0
,,,0.0538194440305233,,0.8828125,,,,,,,,,,,1.0,1.0,,,,,7419,,,,0.0,,0.0,,0.0
,,,0.0520833320915699,,0.8515625,,,,,,,,,,,1.0,1.0,,,,,7420,,,,0.0,,0.0,,0.0
,,,0.12452934682369232,,0.9000554084777832,,,,,,,,,,,1.0,1.0,,,,,7421,,,,0.0,,0.0,,0.0
,,,0.0755208358168602,,0.9375,,,,,,,,,,,1.0,1.0,,,,,7422,,,,0.0,,0.0,,0.0
,,,0.0833333358168602,,0.96875,,,,,,,,,,,1.0,1.0,,,,,7423,,,,0.0,,0.0,,0.0
,,,0.15129466354846954,,0.9601770043373108,,,,,,,,,,,1.0,1.0,,,,,7424,,,,0.0,,0.0,,0.0
,,,0.0763888880610466,,0.9140625,,,,,,,,,,,1.0,1.0,,,,,7425,,,,0.0,,0.0,,0.0
,,,0.0810546875,,0.875,,,,,,,,,,,1.0,1.0,,,,,7426,,,,0.0,,0.0,,0.0
,,,0.07939394563436508,,0.9181817770004272,,,,,,,,,,,1.0,1.0,,,,,7427,,,,0.0,,0.0,,0.0
,,,0.01796874962747097,,0.8046875,,,,,,,,,,,1.0,1.0,,,,,7428,,,,0.0,,0.0,,0.0
,,,0.02031249925494194,,0.7734375,,,,,,,,,,,1.0,1.0,,,,,7429,,,,0.0,,0.0,,0.0
,,,0.08909465372562408,,0.8675925731658936,,,,,,,,,,,1.0,1.0,,,,,7430,,,,0.0,,0.0,,0.0
,,,0.05703125149011612,,0.9453125,,,,,,,,,,,1.0,1.0,,,,,7431,,,,0.0,,0.0,,0.0
,,,0.0659722238779068,,0.96875,,,,,,,,,,,1.0,1.0,,,,,7432,,,,0.0,,0.0,,0.0
,,,0.12987951934337616,,0.8902275562286377,,,,,,,,,,,1.0,1.0,,,,,7433,,,,0.0,,0.0,,0.0
,,,0.0703125,,0.8359375,,,,,,,,,,,1.0,1.0,,,,,7434,,,,0.0,,0.0,,0.0
,,,0.0720486119389534,,0.8359375,,,,,,,,,,,1.0,1.0,,,,,7435,,,,0.0,,0.0,,0.0
,,,0.0795518308877945,,0.8533231616020203,,,,,,,,,,,1.0,1.0,,,,,7436,,,,0.0,,0.0,,0.0
,,,0.0251736119389534,,0.8046875,,,,,,,,,,,1.0,1.0,,,,,7437,,,,0.0,,0.0,,0.0
,,,0.02578124962747097,,0.859375,,,,,,,,,,,1.0,1.0,,,,,7438,,,,0.0,,0.0,,0.0
,,,0.09928017109632492,,0.9180509448051453,,,,,,,,,,,1.0,1.0,,,,,7439,,,,0.0,,0.0,,0.0
,,,0.0685763880610466,,0.9375,,,,,,,,,,,1.0,1.0,,,,,7440,,,,0.0,,0.0,,0.0
,,,0.0659722238779068,,0.9453125,,,,,,,,,,,1.0,1.0,,,,,7441,,,,0.0,,0.0,,0.0
,,,0.14056091010570526,,0.9845360517501831,,,,,,,,,,,1.0,1.0,,,,,7442,,,,0.0,,0.0,,0.0
,,,0.0520833320915699,,0.9140625,,,,,,,,,,,1.0,1.0,,,,,7443,,,,0.0,,0.0,,0.0
,,,0.0442708320915699,,0.921875,,,,,,,,,,,1.0,1.0,,,,,7444,,,,0.0,,0.0,,0.0
,,,0.1458333432674408,,0.9732142686843872,,,,,,,,,,,1.0,1.0,,,,,7445,,,,0.0,,0.0,,0.0
,,,0.07421875,,0.9609375,,,,,,,,,,,1.0,1.0,,,,,7446,,,,0.0,,0.0,,0.0
,,,0.06328125298023224,,0.953125,,,,,,,,,,,1.0,1.0,,,,,7447,,,,0.0,,0.0,,0.0
,,,0.1376262605190277,,0.8663558959960938,,,,,,,,,,,1.0,1.0,,,,,7448,,,,0.0,,0.0,,0.0
,,,0.0634765625,,0.8828125,,,,,,,,,,,1.0,1.0,,,,,7449,,,,0.0,,0.0,,0.0
,,,0.046875,,0.859375,,,,,,,,,,,1.0,1.0,,,,,7450,,,,0.0,,0.0,,0.0
,,,0.05118110030889511,,0.874015748500824,,,,,,,,,,,1.0,1.0,,,,,7451,,,,0.0,,0.0,,0.0
80,0.47354286909103394,0.5213598012924194,,0.8986448049545288,,,,,,,,,,,,,,74.56336975097656,33267.73046875,4.311649322509766,302.57403564453125,17900,,,0.0,,0.0,,0.0,
80,,,,,,0.5842844843864441,,0.852417528629303,,13.406780242919922,,,,,,,,,,,,17900,1.7813916206359863,,,,,,,
,,,,,,,,,,,,,,4.182738873757051e-05,0.03,,,,,,,17949,,,,,,,,
81,,,,,,,0.5842653512954712,,0.8662477731704712,,14.09375,4.180815085419454e-05,0.029999999329447746,,,1.0,1.0,,,,,17949,,1.6981005668640137,,,,,,
,,,,,,,,,,,,,,4.0870337524469033e-05,0.03,,,,,,,17999,,,,,,,,
81,,,,,,,0.5698984861373901,,0.8133066892623901,,12.171875,4.085129694431089e-05,0.029999999329447746,,,1.0,1.0,,,,,17999,,1.5747392177581787,,,,,,
,,,,,,,,,,,,,,3.992322352363265e-05,0.03,,,,,,,18049,,,,,,,,
81,,,,,,,0.5794933438301086,,0.8622081875801086,,14.140625,3.9904381992528215e-05,0.029999999329447746,,,1.0,1.0,,,,,18049,,1.8951661586761475,,,,,,
,,,,,,,,,,,,,,3.8986105805498846e-05,0.03,,,,,,,18099,,,,,,,,
81,,,,,,,0.5735833644866943,,0.8682610988616943,,14.734375,3.896746420650743e-05,0.029999999329447746,,,1.0,1.0,,,,,18099,,1.864432692527771,,,,,,
,,,0.05234374850988388,,0.8984375,,,,,,,,,,,1.0,1.0,,,,,7452,,,,0.0,,0.0,,0.0
,,,0.0693359375,,0.90625,,,,,,,,,,,1.0,1.0,,,,,7453,,,,0.0,,0.0,,0.0
,,,0.10531719774007797,,0.8899890184402466,,,,,,,,,,,1.0,1.0,,,,,7454,,,,0.0,,0.0,,0.0
,,,0.0693359375,,0.8828125,,,,,,,,,,,1.0,1.0,,,,,7455,,,,0.0,,0.0,,0.0
,,,0.0616319440305233,,0.8515625,,,,,,,,,,,1.0,1.0,,,,,7456,,,,0.0,,0.0,,0.0
,,,0.07478632777929306,,0.8541666269302368,,,,,,,,,,,1.0,1.0,,,,,7457,,,,0.0,,0.0,,0.0
,,,0.01015624962747097,,0.75,,,,,,,,,,,1.0,1.0,,,,,7458,,,,0.0,,0.0,,0.0
,,,0.014843749813735485,,0.796875,,,,,,,,,,,1.0,1.0,,,,,7459,,,,0.0,,0.0,,0.0
,,,0.07495711743831635,,0.8451972603797913,,,,,,,,,,,1.0,1.0,,,,,7460,,,,0.0,,0.0,,0.0
,,,0.0859375,,0.953125,,,,,,,,,,,1.0,1.0,,,,,7461,,,,0.0,,0.0,,0.0
,,,0.0755208358168602,,0.9765625,,,,,,,,,,,1.0,1.0,,,,,7462,,,,0.0,,0.0,,0.0
,,,0.0798611119389534,,0.9453125,,,,,,,,,,,1.0,1.0,,,,,7463,,,,0.0,,0.0,,0.0
,,,0.1077333390712738,,0.9520000219345093,,,,,,,,,,,1.0,1.0,,,,,7464,,,,0.0,,0.0,,0.0
,,,0.06953124701976776,,0.8515625,,,,,,,,,,,1.0,1.0,,,,,7465,,,,0.0,,0.0,,0.0
,,,0.06406249850988388,,0.8515625,,,,,,,,,,,1.0,1.0,,,,,7466,,,,0.0,,0.0,,0.0
,,,0.12190061807632446,,0.846872091293335,,,,,,,,,,,1.0,1.0,,,,,7467,,,,0.0,,0.0,,0.0
,,,0.0364583320915699,,0.90625,,,,,,,,,,,1.0,1.0,,,,,7468,,,,0.0,,0.0,,0.0
,,,0.03828125074505806,,0.9140625,,,,,,,,,,,1.0,1.0,,,,,7469,,,,0.0,,0.0,,0.0
,,,0.123496875166893,,0.9485930800437927,,,,,,,,,,,1.0,1.0,,,,,7470,,,,0.0,,0.0,,0.0
,,,0.0616319440305233,,0.9375,,,,,,,,,,,1.0,1.0,,,,,7471,,,,0.0,,0.0,,0.0
,,,0.0529513880610466,,0.9453125,,,,,,,,,,,1.0,1.0,,,,,7472,,,,0.0,,0.0,,0.0
,,,0.10749688744544983,,0.9429638981819153,,,,,,,,,,,1.0,1.0,,,,,7473,,,,0.0,,0.0,,0.0
,,,0.04140625149011612,,0.8828125,,,,,,,,,,,1.0,1.0,,,,,7474,,,,0.0,,0.0,,0.0
,,,0.04062499850988388,,0.8671875,,,,,,,,,,,1.0,1.0,,,,,7475,,,,0.0,,0.0,,0.0
,,,0.10315270721912384,,0.8709359765052795,,,,,,,,,,,1.0,1.0,,,,,7476,,,,0.0,,0.0,,0.0
,,,0.046875,,0.84375,,,,,,,,,,,1.0,1.0,,,,,7477,,,,0.0,,0.0,,0.0
,,,0.04531250149011612,,0.859375,,,,,,,,,,,1.0,1.0,,,,,7478,,,,0.0,,0.0,,0.0
,,,0.10451432317495346,,0.8999999761581421,,,,,,,,,,,1.0,1.0,,,,,7479,,,,0.0,,0.0,,0.0
,,,0.0792410746216774,,0.9921875,,,,,,,,,,,1.0,1.0,,,,,7480,,,,0.0,,0.0,,0.0
,,,0.05390625074505806,,0.9765625,,,,,,,,,,,1.0,1.0,,,,,7481,,,,0.0,,0.0,,0.0
,,,0.1312965601682663,,0.9068399667739868,,,,,,,,,,,1.0,1.0,,,,,7482,,,,0.0,,0.0,,0.0
,,,0.05703125149011612,,0.9140625,,,,,,,,,,,1.0,1.0,,,,,7483,,,,0.0,,0.0,,0.0
,,,0.0625,,0.9140625,,,,,,,,,,,1.0,1.0,,,,,7484,,,,0.0,,0.0,,0.0
,,,0.10201971232891083,,0.8768472671508789,,,,,,,,,,,1.0,1.0,,,,,7485,,,,0.0,,0.0,,0.0
,,,0.076171875,,0.8515625,,,,,,,,,,,1.0,1.0,,,,,7486,,,,0.0,,0.0,,0.0
,,,0.0747767835855484,,0.8515625,,,,,,,,,,,1.0,1.0,,,,,7487,,,,0.0,,0.0,,0.0
,,,0.06917054206132889,,0.8239539861679077,,,,,,,,,,,1.0,1.0,,,,,7488,,,,0.0,,0.0,,0.0
,,,0.012500000186264515,,0.7734375,,,,,,,,,,,1.0,1.0,,,,,7489,,,,0.0,,0.0,,0.0
,,,0.014843749813735485,,0.78125,,,,,,,,,,,1.0,1.0,,,,,7490,,,,0.0,,0.0,,0.0
,,,0.08039072155952454,,0.8658119440078735,,,,,,,,,,,1.0,1.0,,,,,7491,,,,0.0,,0.0,,0.0
,,,0.0869140625,,0.96875,,,,,,,,,,,1.0,1.0,,,,,7492,,,,0.0,,0.0,,0.0
,,,0.078125,,0.9609375,,,,,,,,,,,1.0,1.0,,,,,7493,,,,0.0,,0.0,,0.0
,,,0.146590918302536,,0.9397727251052856,,,,,,,,,,,1.0,1.0,,,,,7494,,,,0.0,,0.0,,0.0
,,,0.0703125,,0.8671875,,,,,,,,,,,1.0,1.0,,,,,7495,,,,0.0,,0.0,,0.0
,,,0.078125,,0.859375,,,,,,,,,,,1.0,1.0,,,,,7496,,,,0.0,,0.0,,0.0
,,,0.10043804347515106,,0.9108260273933411,,,,,,,,,,,1.0,1.0,,,,,7497,,,,0.0,,0.0,,0.0
,,,0.0355902761220932,,0.8984375,,,,,,,,,,,1.0,1.0,,,,,7498,,,,0.0,,0.0,,0.0
,,,0.03281249850988388,,0.921875,,,,,,,,,,,1.0,1.0,,,,,7499,,,,0.0,,0.0,,0.0
,,,0.04218750074505806,,0.90625,,,,,,,,,,,1.0,1.0,,,,,7500,,,,0.0,,0.0,,0.0
,,,0.06456692516803741,,0.9803149700164795,,,,,,,,,,,1.0,1.0,,,,,7501,,,,0.0,,0.0,,0.0
,,,0.06640625,,0.9609375,,,,,,,,,,,1.0,1.0,,,,,7502,,,,0.0,,0.0,,0.0
,,,0.0581597238779068,,0.9453125,,,,,,,,,,,1.0,1.0,,,,,7503,,,,0.0,,0.0,,0.0
,,,0.10153256356716156,,0.9439655542373657,,,,,,,,,,,1.0,1.0,,,,,7504,,,,0.0,,0.0,,0.0
,,,0.04062499850988388,,0.859375,,,,,,,,,,,1.0,1.0,,,,,7505,,,,0.0,,0.0,,0.0
,,,0.04609375074505806,,0.90625,,,,,,,,,,,1.0,1.0,,,,,7506,,,,0.0,,0.0,,0.0
,,,0.09567290544509888,,0.8652365207672119,,,,,,,,,,,1.0,1.0,,,,,7507,,,,0.0,,0.0,,0.0
,,,0.04062499850988388,,0.859375,,,,,,,,,,,1.0,1.0,,,,,7508,,,,0.0,,0.0,,0.0
,,,0.04531250149011612,,0.828125,,,,,,,,,,,1.0,1.0,,,,,7509,,,,0.0,,0.0,,0.0
,,,0.1315104067325592,,0.8802083730697632,,,,,,,,,,,1.0,1.0,,,,,7510,,,,0.0,,0.0,,0.0
,,,0.0634765625,,0.9921875,,,,,,,,,,,1.0,1.0,,,,,7511,,,,0.0,,0.0,,0.0
,,,0.0546875,,0.9765625,,,,,,,,,,,1.0,1.0,,,,,7512,,,,0.0,,0.0,,0.0
,,,0.11539313942193985,,0.9360464811325073,,,,,,,,,,,1.0,1.0,,,,,7513,,,,0.0,,0.0,,0.0
,,,0.0625,,0.921875,,,,,,,,,,,1.0,1.0,,,,,7514,,,,0.0,,0.0,,0.0
,,,0.0590277761220932,,0.8828125,,,,,,,,,,,1.0,1.0,,,,,7515,,,,0.0,,0.0,,0.0
,,,0.12153393030166626,,0.9424778819084167,,,,,,,,,,,1.0,1.0,,,,,7516,,,,0.0,,0.0,,0.0
,,,0.0771484375,,0.859375,,,,,,,,,,,1.0,1.0,,,,,7517,,,,0.0,,0.0,,0.0
,,,0.064453125,,0.859375,,,,,,,,,,,1.0,1.0,,,,,7518,,,,0.0,,0.0,,0.0
,,,0.06868687272071838,,0.8863636255264282,,,,,,,,,,,1.0,1.0,,,,,7519,,,,0.0,,0.0,,0.0
,,,0.01718750037252903,,0.7578125,,,,,,,,,,,1.0,1.0,,,,,7520,,,,0.0,,0.0,,0.0
,,,0.01328125037252903,,0.78125,,,,,,,,,,,1.0,1.0,,,,,7521,,,,0.0,,0.0,,0.0
,,,0.07537037134170532,,0.8814815282821655,,,,,,,,,,,1.0,1.0,,,,,7522,,,,0.0,,0.0,,0.0
,,,0.0746527761220932,,0.9765625,,,,,,,,,,,1.0,1.0,,,,,7523,,,,0.0,,0.0,,0.0
,,,0.078125,,0.9453125,,,,,,,,,,,1.0,1.0,,,,,7524,,,,0.0,,0.0,,0.0
,,,0.14803212881088257,,0.9476572871208191,,,,,,,,,,,1.0,1.0,,,,,7525,,,,0.0,,0.0,,0.0
,,,0.07109375298023224,,0.8671875,,,,,,,,,,,1.0,1.0,,,,,7526,,,,0.0,,0.0,,0.0
,,,0.0789930522441864,,0.8515625,,,,,,,,,,,1.0,1.0,,,,,7527,,,,0.0,,0.0,,0.0
,,,0.09388846904039383,,0.8629997372627258,,,,,,,,,,,1.0,1.0,,,,,7528,,,,0.0,,0.0,,0.0
,,,0.0380859375,,0.9140625,,,,,,,,,,,1.0,1.0,,,,,7529,,,,0.0,,0.0,,0.0
,,,0.03750000149011612,,0.921875,,,,,,,,,,,1.0,1.0,,,,,7530,,,,0.0,,0.0,,0.0
,,,0.11328904330730438,,0.9534883499145508,,,,,,,,,,,1.0,1.0,,,,,7531,,,,0.0,,0.0,,0.0
,,,0.0651041641831398,,0.9375,,,,,,,,,,,1.0,1.0,,,,,7532,,,,0.0,,0.0,,0.0
,,,0.064453125,,0.9609375,,,,,,,,,,,1.0,1.0,,,,,7533,,,,0.0,,0.0,,0.0
,,,0.1312493085861206,,0.9793814420700073,,,,,,,,,,,1.0,1.0,,,,,7534,,,,0.0,,0.0,,0.0
,,,0.04062499850988388,,0.875,,,,,,,,,,,1.0,1.0,,,,,7535,,,,0.0,,0.0,,0.0
,,,0.03593749925494194,,0.8515625,,,,,,,,,,,1.0,1.0,,,,,7536,,,,0.0,,0.0,,0.0
,,,0.11339285969734192,,0.9285714626312256,,,,,,,,,,,1.0,1.0,,,,,7537,,,,0.0,,0.0,,0.0
,,,0.046875,,0.8125,,,,,,,,,,,1.0,1.0,,,,,7538,,,,0.0,,0.0,,0.0
,,,0.04296875,,0.8671875,,,,,,,,,,,1.0,1.0,,,,,7539,,,,0.0,,0.0,,0.0
,,,0.07623241096735,,0.8648018836975098,,,,,,,,,,,1.0,1.0,,,,,7540,,,,0.0,,0.0,,0.0
,,,0.0950520858168602,,0.9921875,,,,,,,,,,,1.0,1.0,,,,,7541,,,,0.0,,0.0,,0.0
,,,0.0494791679084301,,0.984375,,,,,,,,,,,1.0,1.0,,,,,7542,,,,0.0,,0.0,,0.0
,,,0.06649169325828552,,0.9842519760131836,,,,,,,,,,,1.0,1.0,,,,,7543,,,,0.0,,0.0,,0.0
81,0.47175323963165283,0.49787306785583496,,0.8947269916534424,,,,,,,,,,,,,,74.88422393798828,35519.5859375,4.315943241119385,312.03472900390625,18121,,,0.0,,0.0,,0.0,
81,,,,,,0.5830557942390442,,0.8521081805229187,,13.4527006149292,,,,,,,,,,,,18121,1.76456618309021,,,,,,,
,,,,,,,,,,,,,,3.805904281704818e-05,0.03,,,,,,,18149,,,,,,,,
82,,,,,,,0.5752262473106384,,0.8476871848106384,,13.625,3.804060543188825e-05,0.029999999329447746,,,1.0,1.0,,,,,18149,,1.8376754522323608,,,,,,
,,,,,,,,,,,,,,3.7142092378158946e-05,0.03,,,,,,,18199,,,,,,,,
82,,,,,,,0.5890017747879028,,0.8729373216629028,,14.1953125,3.712385660037398e-05,0.029999999329447746,,,1.0,1.0,,,,,18199,,1.827939510345459,,,,,,
,,,,,,,,,,,,,,3.623531167800115e-05,0.03,,,,,,,18249,,,,,,,,
82,,,,,,,0.5837084054946899,,0.8735033273696899,,14.484375,3.621727955760434e-05,0.029999999329447746,,,1.0,1.0,,,,,18249,,1.9081599712371826,,,,,,
,,,,,,,,,,,,,,3.5338757271469564e-05,0.03,,,,,,,18299,,,,,,,,
82,,,,,,,0.5869511365890503,,0.8244999647140503,,11.875,3.5320932511240244e-05,0.029999999329447746,,,1.0,1.0,,,,,18299,,1.6726946830749512,,,,,,
,,,0.076171875,,0.953125,,,,,,,,,,,1.0,1.0,,,,,7544,,,,0.0,,0.0,,0.0
,,,0.0711805522441864,,0.9609375,,,,,,,,,,,1.0,1.0,,,,,7545,,,,0.0,,0.0,,0.0
,,,0.14476633071899414,,0.9196919798851013,,,,,,,,,,,1.0,1.0,,,,,7546,,,,0.0,,0.0,,0.0
,,,0.0598958320915699,,0.9375,,,,,,,,,,,1.0,1.0,,,,,7547,,,,0.0,,0.0,,0.0
,,,0.0546875,,0.921875,,,,,,,,,,,1.0,1.0,,,,,7548,,,,0.0,,0.0,,0.0
,,,0.11618590354919434,,0.9519230723381042,,,,,,,,,,,1.0,1.0,,,,,7549,,,,0.0,,0.0,,0.0
,,,0.02734375,,0.890625,,,,,,,,,,,1.0,1.0,,,,,7550,,,,0.0,,0.0,,0.0
,,,0.03515625,,0.921875,,,,,,,,,,,1.0,1.0,,,,,7551,,,,0.0,,0.0,,0.0
,,,0.0659424439072609,,0.8383362293243408,,,,,,,,,,,1.0,1.0,,,,,7552,,,,0.0,,0.0,,0.0
,,,0.02265625074505806,,0.8515625,,,,,,,,,,,1.0,1.0,,,,,7553,,,,0.0,,0.0,,0.0
,,,0.0390625,,0.8984375,,,,,,,,,,,1.0,1.0,,,,,7554,,,,0.0,,0.0,,0.0
,,,0.02500000037252903,,0.859375,,,,,,,,,,,1.0,1.0,,,,,7555,,,,0.0,,0.0,,0.0
,,,0.1330370306968689,,0.972000002861023,,,,,,,,,,,1.0,1.0,,,,,7556,,,,0.0,,0.0,,0.0
,,,0.0986328125,,0.9296875,,,,,,,,,,,1.0,1.0,,,,,7557,,,,0.0,,0.0,,0.0
,,,0.0966796875,,0.9375,,,,,,,,,,,1.0,1.0,,,,,7558,,,,0.0,,0.0,,0.0
,,,0.12376803159713745,,0.8730158805847168,,,,,,,,,,,1.0,1.0,,,,,7559,,,,0.0,,0.0,,0.0
,,,0.0486111119389534,,0.859375,,,,,,,,,,,1.0,1.0,,,,,7560,,,,0.0,,0.0,,0.0
,,,0.03828125074505806,,0.8671875,,,,,,,,,,,1.0,1.0,,,,,7561,,,,0.0,,0.0,,0.0
,,,0.11352813243865967,,0.9085497856140137,,,,,,,,,,,1.0,1.0,,,,,7562,,,,0.0,,0.0,,0.0
,,,0.0833333358168602,,0.953125,,,,,,,,,,,1.0,1.0,,,,,7563,,,,0.0,,0.0,,0.0
,,,0.06718750298023224,,0.96875,,,,,,,,,,,1.0,1.0,,,,,7564,,,,0.0,,0.0,,0.0
,,,0.1074470728635788,,0.9087172746658325,,,,,,,,,,,1.0,1.0,,,,,7565,,,,0.0,,0.0,,0.0
,,,0.03046875074505806,,0.78125,,,,,,,,,,,1.0,1.0,,,,,7566,,,,0.0,,0.0,,0.0
,,,0.03515625,,0.765625,,,,,,,,,,,1.0,1.0,,,,,7567,,,,0.0,,0.0,,0.0
,,,0.10177339613437653,,0.8741379380226135,,,,,,,,,,,1.0,1.0,,,,,7568,,,,0.0,,0.0,,0.0
,,,0.04843749850988388,,0.9609375,,,,,,,,,,,1.0,1.0,,,,,7569,,,,0.0,,0.0,,0.0
,,,0.0625,,0.9765625,,,,,,,,,,,1.0,1.0,,,,,7570,,,,0.0,,0.0,,0.0
,,,0.09934311360120773,,0.8667924404144287,,,,,,,,,,,1.0,1.0,,,,,7571,,,,0.0,,0.0,,0.0
,,,0.03984374925494194,,0.859375,,,,,,,,,,,1.0,1.0,,,,,7572,,,,0.0,,0.0,,0.0
,,,0.03437500074505806,,0.8046875,,,,,,,,,,,1.0,1.0,,,,,7573,,,,0.0,,0.0,,0.0
,,,0.10752394050359726,,0.9354308843612671,,,,,,,,,,,1.0,1.0,,,,,7574,,,,0.0,,0.0,,0.0
,,,0.0703125,,0.9375,,,,,,,,,,,1.0,1.0,,,,,7575,,,,0.0,,0.0,,0.0
,,,0.0737847238779068,,0.984375,,,,,,,,,,,1.0,1.0,,,,,7576,,,,0.0,,0.0,,0.0
,,,0.11980295181274414,,0.9068965315818787,,,,,,,,,,,1.0,1.0,,,,,7577,,,,0.0,,0.0,,0.0
,,,0.0616319440305233,,0.9140625,,,,,,,,,,,1.0,1.0,,,,,7578,,,,0.0,,0.0,,0.0
,,,0.0581597238779068,,0.8984375,,,,,,,,,,,1.0,1.0,,,,,7579,,,,0.0,,0.0,,0.0
,,,0.10436886548995972,,0.9224370121955872,,,,,,,,,,,1.0,1.0,,,,,7580,,,,0.0,,0.0,,0.0
,,,0.03046875074505806,,0.921875,,,,,,,,,,,1.0,1.0,,,,,7581,,,,0.0,,0.0,,0.0
,,,0.0373263880610466,,0.890625,,,,,,,,,,,1.0,1.0,,,,,7582,,,,0.0,,0.0,,0.0
,,,0.05482295900583267,,0.8442002534866333,,,,,,,,,,,1.0,1.0,,,,,7583,,,,0.0,,0.0,,0.0
,,,0.02500000037252903,,0.859375,,,,,,,,,,,1.0,1.0,,,,,7584,,,,0.0,,0.0,,0.0
,,,0.0321180559694767,,0.9140625,,,,,,,,,,,1.0,1.0,,,,,7585,,,,0.0,,0.0,,0.0
,,,0.1243181824684143,,0.8954545259475708,,,,,,,,,,,1.0,1.0,,,,,7586,,,,0.0,,0.0,,0.0
,,,0.099609375,,0.9375,,,,,,,,,,,1.0,1.0,,,,,7587,,,,0.0,,0.0,,0.0
,,,0.1025390625,,0.9375,,,,,,,,,,,1.0,1.0,,,,,7588,,,,0.0,,0.0,,0.0
,,,0.11295369267463684,,0.9480600357055664,,,,,,,,,,,1.0,1.0,,,,,7589,,,,0.0,,0.0,,0.0
,,,0.0373263880610466,,0.8203125,,,,,,,,,,,1.0,1.0,,,,,7590,,,,0.0,,0.0,,0.0
,,,0.04140625149011612,,0.890625,,,,,,,,,,,1.0,1.0,,,,,7591,,,,0.0,,0.0,,0.0
,,,0.04531250149011612,,0.8671875,,,,,,,,,,,1.0,1.0,,,,,7592,,,,0.0,,0.0,,0.0
,,,0.07401575148105621,,0.9763779640197754,,,,,,,,,,,1.0,1.0,,,,,7593,,,,0.0,,0.0,,0.0
,,,0.0789930522441864,,0.9609375,,,,,,,,,,,1.0,1.0,,,,,7594,,,,0.0,,0.0,,0.0
,,,0.06796874850988388,,0.96875,,,,,,,,,,,1.0,1.0,,,,,7595,,,,0.0,,0.0,,0.0
,,,0.09195402264595032,,0.8635057210922241,,,,,,,,,,,1.0,1.0,,,,,7596,,,,0.0,,0.0,,0.0
,,,0.03203124925494194,,0.734375,,,,,,,,,,,1.0,1.0,,,,,7597,,,,0.0,,0.0,,0.0
,,,0.03828125074505806,,0.8203125,,,,,,,,,,,1.0,1.0,,,,,7598,,,,0.0,,0.0,,0.0
,,,0.09988999366760254,,0.8456178903579712,,,,,,,,,,,1.0,1.0,,,,,7599,,,,0.0,,0.0,,0.0
,,,0.06640625,,0.9609375,,,,,,,,,,,1.0,1.0,,,,,7600,,,,0.0,,0.0,,0.0
,,,0.0625,,0.984375,,,,,,,,,,,1.0,1.0,,,,,7601,,,,0.0,,0.0,,0.0
,,,0.08541666716337204,,0.8854166269302368,,,,,,,,,,,1.0,1.0,,,,,7602,,,,0.0,,0.0,,0.0
,,,0.0390625,,0.84375,,,,,,,,,,,1.0,1.0,,,,,7603,,,,0.0,,0.0,,0.0
,,,0.0451388880610466,,0.8359375,,,,,,,,,,,1.0,1.0,,,,,7604,,,,0.0,,0.0,,0.0
,,,0.09977851808071136,,0.911406397819519,,,,,,,,,,,1.0,1.0,,,,,7605,,,,0.0,,0.0,,0.0
,,,0.0694444477558136,,0.9609375,,,,,,,,,,,1.0,1.0,,,,,7606,,,,0.0,,0.0,,0.0
,,,0.0869140625,,0.9609375,,,,,,,,,,,1.0,1.0,,,,,7607,,,,0.0,,0.0,,0.0
,,,0.1188790574669838,,0.9268436431884766,,,,,,,,,,,1.0,1.0,,,,,7608,,,,0.0,,0.0,,0.0
,,,0.05781250074505806,,0.9140625,,,,,,,,,,,1.0,1.0,,,,,7609,,,,0.0,,0.0,,0.0
,,,0.0703125,,0.8984375,,,,,,,,,,,1.0,1.0,,,,,7610,,,,0.0,,0.0,,0.0
,,,0.10942760854959488,,0.9590909481048584,,,,,,,,,,,1.0,1.0,,,,,7611,,,,0.0,,0.0,,0.0
,,,0.02968749962747097,,0.921875,,,,,,,,,,,1.0,1.0,,,,,7612,,,,0.0,,0.0,,0.0
,,,0.0347222238779068,,0.84375,,,,,,,,,,,1.0,1.0,,,,,7613,,,,0.0,,0.0,,0.0
,,,0.06000000238418579,,0.8916666507720947,,,,,,,,,,,1.0,1.0,,,,,7614,,,,0.0,,0.0,,0.0
,,,0.02734375,,0.8828125,,,,,,,,,,,1.0,1.0,,,,,7615,,,,0.0,,0.0,,0.0
,,,0.03359375149011612,,0.875,,,,,,,,,,,1.0,1.0,,,,,7616,,,,0.0,,0.0,,0.0
,,,0.1298229992389679,,0.9143239259719849,,,,,,,,,,,1.0,1.0,,,,,7617,,,,0.0,,0.0,,0.0
,,,0.1015625,,0.9453125,,,,,,,,,,,1.0,1.0,,,,,7618,,,,0.0,,0.0,,0.0
,,,0.1025390625,,0.953125,,,,,,,,,,,1.0,1.0,,,,,7619,,,,0.0,,0.0,,0.0
,,,0.10369239002466202,,0.8957219123840332,,,,,,,,,,,1.0,1.0,,,,,7620,,,,0.0,,0.0,,0.0
,,,0.0434027761220932,,0.8203125,,,,,,,,,,,1.0,1.0,,,,,7621,,,,0.0,,0.0,,0.0
,,,0.0390625,,0.890625,,,,,,,,,,,1.0,1.0,,,,,7622,,,,0.0,,0.0,,0.0
,,,0.12624584138393402,,0.906423032283783,,,,,,,,,,,1.0,1.0,,,,,7623,,,,0.0,,0.0,,0.0
,,,0.07109375298023224,,0.9609375,,,,,,,,,,,1.0,1.0,,,,,7624,,,,0.0,,0.0,,0.0
,,,0.0772569477558136,,0.984375,,,,,,,,,,,1.0,1.0,,,,,7625,,,,0.0,,0.0,,0.0
,,,0.11965413391590118,,0.9580977559089661,,,,,,,,,,,1.0,1.0,,,,,7626,,,,0.0,,0.0,,0.0
,,,0.03281249850988388,,0.7578125,,,,,,,,,,,1.0,1.0,,,,,7627,,,,0.0,,0.0,,0.0
,,,0.03203124925494194,,0.75,,,,,,,,,,,1.0,1.0,,,,,7628,,,,0.0,,0.0,,0.0
,,,0.11428571492433548,,0.9107142686843872,,,,,,,,,,,1.0,1.0,,,,,7629,,,,0.0,,0.0,,0.0
,,,0.0564236119389534,,0.953125,,,,,,,,,,,1.0,1.0,,,,,7630,,,,0.0,,0.0,,0.0
,,,0.0616319440305233,,0.9609375,,,,,,,,,,,1.0,1.0,,,,,7631,,,,0.0,,0.0,,0.0
,,,0.10213243961334229,,0.8508158922195435,,,,,,,,,,,1.0,1.0,,,,,7632,,,,0.0,,0.0,,0.0
,,,0.03593749925494194,,0.84375,,,,,,,,,,,1.0,1.0,,,,,7633,,,,0.0,,0.0,,0.0
,,,0.04140625149011612,,0.7890625,,,,,,,,,,,1.0,1.0,,,,,7634,,,,0.0,,0.0,,0.0
,,,0.04409448802471161,,0.8818897604942322,,,,,,,,,,,1.0,1.0,,,,,7635,,,,0.0,,0.0,,0.0
82,0.48155081272125244,0.5004096031188965,,0.8989794254302979,,,,,,,,,,,,,,74.68345642089844,38872.27734375,4.313258647918701,309.2929992675781,18342,,,0.0,,0.0,,0.0,
82,,,,,,0.5821555852890015,,0.8524917960166931,,13.516861915588379,,,,,,,,,,,,18342,1.7928128242492676,,,,,,,
,,,,,,,,,,,,,,3.445248507565645e-05,0.03,,,,,,,18349,,,,,,,,
83,,,,,,,0.5642699599266052,,0.8447875380516052,,14.03125,3.4434866392984986e-05,0.029999999329447746,,,1.0,1.0,,,,,18349,,1.807746410369873,,,,,,
,,,,,,,,,,,,,,3.3576550366364216e-05,0.03,,,,,,,18399,,,,,,,,
83,,,,,,,0.5720428824424744,,0.8403534293174744,,13.4140625,3.3559135772520676e-05,0.029999999329447746,,,1.0,1.0,,,,,18399,,1.783320665359497,,,,,,
,,,,,,,,,,,,,,3.2711007774657815e-05,0.03,,,,,,,18449,,,,,,,,
83,,,,,,,0.5952392816543579,,0.8576904535293579,,13.1171875,3.2693802495487034e-05,0.029999999329447746,,,1.0,1.0,,,,,18449,,1.8870673179626465,,,,,,
,,,,,,,,,,,,,,3.185591128345749e-05,0.03,,,,,,,18499,,,,,,,,
83,,,,,,,0.5961779952049255,,0.8251819014549255,,11.453125,3.183891749358736e-05,0.029999999329447746,,,1.0,1.0,,,,,18499,,1.6270108222961426,,,,,,
,,,,,,,,,,,,,,3.1011314224171854e-05,0.03,,,,,,,18549,,,,,,,,
83,,,,,,,0.5819400548934937,,0.8727115392684937,,14.5390625,3.0994528060546145e-05,0.029999999329447746,,,1.0,1.0,,,,,18549,,1.8188782930374146,,,,,,
,,,0.0755208358168602,,0.90625,,,,,,,,,,,1.0,1.0,,,,,7636,,,,0.0,,0.0,,0.0
,,,0.07109375298023224,,0.9375,,,,,,,,,,,1.0,1.0,,,,,7637,,,,0.0,,0.0,,0.0
,,,0.15078839659690857,,0.9517785310745239,,,,,,,,,,,1.0,1.0,,,,,7638,,,,0.0,,0.0,,0.0
,,,0.09765625,,0.953125,,,,,,,,,,,1.0,1.0,,,,,7639,,,,0.0,,0.0,,0.0
,,,0.0850694477558136,,0.9453125,,,,,,,,,,,1.0,1.0,,,,,7640,,,,0.0,,0.0,,0.0
,,,0.10398860275745392,,0.6698718070983887,,,,,,,,,,,1.0,1.0,,,,,7641,,,,0.0,,0.0,,0.0
,,,0.015625,,0.453125,,,,,,,,,,,1.0,1.0,,,,,7642,,,,0.0,,0.0,,0.0
,,,0.01953125,,0.4609375,,,,,,,,,,,1.0,1.0,,,,,7643,,,,0.0,,0.0,,0.0
,,,0.0478559173643589,,0.6479417085647583,,,,,,,,,,,1.0,1.0,,,,,7644,,,,0.0,,0.0,,0.0
,,,0.04843749850988388,,0.9296875,,,,,,,,,,,1.0,1.0,,,,,7645,,,,0.0,,0.0,,0.0
,,,0.046875,,0.9140625,,,,,,,,,,,1.0,1.0,,,,,7646,,,,0.0,,0.0,,0.0
,,,0.04843749850988388,,0.90625,,,,,,,,,,,1.0,1.0,,,,,7647,,,,0.0,,0.0,,0.0
,,,0.14346668124198914,,0.972000002861023,,,,,,,,,,,1.0,1.0,,,,,7648,,,,0.0,,0.0,,0.0
,,,0.0807291641831398,,0.90625,,,,,,,,,,,1.0,1.0,,,,,7649,,,,0.0,,0.0,,0.0
,,,0.0737847238779068,,0.921875,,,,,,,,,,,1.0,1.0,,,,,7650,,,,0.0,,0.0,,0.0
,,,0.0952381044626236,,0.8426704406738281,,,,,,,,,,,1.0,1.0,,,,,7651,,,,0.0,,0.0,,0.0
,,,0.03671874850988388,,0.8828125,,,,,,,,,,,1.0,1.0,,,,,7652,,,,0.0,,0.0,,0.0
,,,0.03515625,,0.9453125,,,,,,,,,,,1.0,1.0,,,,,7653,,,,0.0,,0.0,,0.0
,,,0.10064934939146042,,0.9307359457015991,,,,,,,,,,,1.0,1.0,,,,,7654,,,,0.0,,0.0,,0.0
,,,0.0771484375,,0.9375,,,,,,,,,,,1.0,1.0,,,,,7655,,,,0.0,,0.0,,0.0
,,,0.0625,,0.9609375,,,,,,,,,,,1.0,1.0,,,,,7656,,,,0.0,,0.0,,0.0
,,,0.1376781463623047,,0.9498132467269897,,,,,,,,,,,1.0,1.0,,,,,7657,,,,0.0,,0.0,,0.0
,,,0.04921875149011612,,0.8515625,,,,,,,,,,,1.0,1.0,,,,,7658,,,,0.0,,0.0,,0.0
,,,0.04843749850988388,,0.875,,,,,,,,,,,1.0,1.0,,,,,7659,,,,0.0,,0.0,,0.0
,,,0.10541872680187225,,0.9068965315818787,,,,,,,,,,,1.0,1.0,,,,,7660,,,,0.0,,0.0,,0.0
,,,0.05078125,,0.875,,,,,,,,,,,1.0,1.0,,,,,7661,,,,0.0,,0.0,,0.0
,,,0.04531250149011612,,0.90625,,,,,,,,,,,1.0,1.0,,,,,7662,,,,0.0,,0.0,,0.0
,,,0.11264850199222565,,0.9061635732650757,,,,,,,,,,,1.0,1.0,,,,,7663,,,,0.0,,0.0,,0.0
,,,0.0685763880610466,,0.9453125,,,,,,,,,,,1.0,1.0,,,,,7664,,,,0.0,,0.0,,0.0
,,,0.04531250149011612,,0.875,,,,,,,,,,,1.0,1.0,,,,,7665,,,,0.0,,0.0,,0.0
,,,0.1401732861995697,,0.9123119115829468,,,,,,,,,,,1.0,1.0,,,,,7666,,,,0.0,,0.0,,0.0
,,,0.0849609375,,0.9140625,,,,,,,,,,,1.0,1.0,,,,,7667,,,,0.0,,0.0,,0.0
,,,0.0703125,,0.953125,,,,,,,,,,,1.0,1.0,,,,,7668,,,,0.0,,0.0,,0.0
,,,0.15949642658233643,,0.9384236335754395,,,,,,,,,,,1.0,1.0,,,,,7669,,,,0.0,,0.0,,0.0
,,,0.08046875149011612,,0.9453125,,,,,,,,,,,1.0,1.0,,,,,7670,,,,0.0,,0.0,,0.0
,,,0.0927734375,,0.9609375,,,,,,,,,,,1.0,1.0,,,,,7671,,,,0.0,,0.0,,0.0
,,,0.10385231673717499,,0.6455835103988647,,,,,,,,,,,1.0,1.0,,,,,7672,,,,0.0,,0.0,,0.0
,,,0.01796874962747097,,0.515625,,,,,,,,,,,1.0,1.0,,,,,7673,,,,0.0,,0.0,,0.0
,,,0.01909722201526165,,0.421875,,,,,,,,,,,1.0,1.0,,,,,7674,,,,0.0,,0.0,,0.0
,,,0.06366300582885742,,0.6604395508766174,,,,,,,,,,,1.0,1.0,,,,,7675,,,,0.0,,0.0,,0.0
,,,0.0529513880610466,,0.921875,,,,,,,,,,,1.0,1.0,,,,,7676,,,,0.0,,0.0,,0.0
,,,0.04765624925494194,,0.9375,,,,,,,,,,,1.0,1.0,,,,,7677,,,,0.0,,0.0,,0.0
,,,0.1288636326789856,,0.9352272748947144,,,,,,,,,,,1.0,1.0,,,,,7678,,,,0.0,,0.0,,0.0
,,,0.07265625149011612,,0.9375,,,,,,,,,,,1.0,1.0,,,,,7679,,,,0.0,,0.0,,0.0
,,,0.0888671875,,0.921875,,,,,,,,,,,1.0,1.0,,,,,7680,,,,0.0,,0.0,,0.0
,,,0.09267834573984146,,0.9333541989326477,,,,,,,,,,,1.0,1.0,,,,,7681,,,,0.0,,0.0,,0.0
,,,0.0303819440305233,,0.8984375,,,,,,,,,,,1.0,1.0,,,,,7682,,,,0.0,,0.0,,0.0
,,,0.03359375149011612,,0.9140625,,,,,,,,,,,1.0,1.0,,,,,7683,,,,0.0,,0.0,,0.0
,,,0.0460069440305233,,0.9296875,,,,,,,,,,,1.0,1.0,,,,,7684,,,,0.0,,0.0,,0.0
,,,0.06386701762676239,,0.9685039520263672,,,,,,,,,,,1.0,1.0,,,,,7685,,,,0.0,,0.0,,0.0
,,,0.0685763880610466,,0.96875,,,,,,,,,,,1.0,1.0,,,,,7686,,,,0.0,,0.0,,0.0
,,,0.0677083358168602,,0.953125,,,,,,,,,,,1.0,1.0,,,,,7687,,,,0.0,,0.0,,0.0
,,,0.09856320917606354,,0.9396551847457886,,,,,,,,,,,1.0,1.0,,,,,7688,,,,0.0,,0.0,,0.0
,,,0.04765624925494194,,0.8515625,,,,,,,,,,,1.0,1.0,,,,,7689,,,,0.0,,0.0,,0.0
,,,0.0607638880610466,,0.90625,,,,,,,,,,,1.0,1.0,,,,,7690,,,,0.0,,0.0,,0.0
,,,0.10407041013240814,,0.8949395418167114,,,,,,,,,,,1.0,1.0,,,,,7691,,,,0.0,,0.0,,0.0
,,,0.03828125074505806,,0.8828125,,,,,,,,,,,1.0,1.0,,,,,7692,,,,0.0,,0.0,,0.0
,,,0.04609375074505806,,0.921875,,,,,,,,,,,1.0,1.0,,,,,7693,,,,0.0,,0.0,,0.0
,,,0.09583333134651184,,0.8802083730697632,,,,,,,,,,,1.0,1.0,,,,,7694,,,,0.0,,0.0,,0.0
,,,0.0642361119389534,,0.8984375,,,,,,,,,,,1.0,1.0,,,,,7695,,,,0.0,,0.0,,0.0
,,,0.0512152761220932,,0.8984375,,,,,,,,,,,1.0,1.0,,,,,7696,,,,0.0,,0.0,,0.0
,,,0.1482558250427246,,0.9238649010658264,,,,,,,,,,,1.0,1.0,,,,,7697,,,,0.0,,0.0,,0.0
,,,0.0763888880610466,,0.9296875,,,,,,,,,,,1.0,1.0,,,,,7698,,,,0.0,,0.0,,0.0
,,,0.07109375298023224,,0.953125,,,,,,,,,,,1.0,1.0,,,,,7699,,,,0.0,,0.0,,0.0
,,,0.21179941296577454,,0.9690265655517578,,,,,,,,,,,1.0,1.0,,,,,7700,,,,0.0,,0.0,,0.0
,,,0.0868055522441864,,0.9453125,,,,,,,,,,,1.0,1.0,,,,,7701,,,,0.0,,0.0,,0.0
,,,0.1082589253783226,,0.9375,,,,,,,,,,,1.0,1.0,,,,,7702,,,,0.0,,0.0,,0.0
,,,0.11178451031446457,,0.6954545378684998,,,,,,,,,,,1.0,1.0,,,,,7703,,,,0.0,,0.0,,0.0
,,,0.01953125,,0.5078125,,,,,,,,,,,1.0,1.0,,,,,7704,,,,0.0,,0.0,,0.0
,,,0.01796874962747097,,0.3828125,,,,,,,,,,,1.0,1.0,,,,,7705,,,,0.0,,0.0,,0.0
,,,0.0631481483578682,,0.6833333373069763,,,,,,,,,,,1.0,1.0,,,,,7706,,,,0.0,,0.0,,0.0
,,,0.0512152761220932,,0.9140625,,,,,,,,,,,1.0,1.0,,,,,7707,,,,0.0,,0.0,,0.0
,,,0.04843749850988388,,0.9375,,,,,,,,,,,1.0,1.0,,,,,7708,,,,0.0,,0.0,,0.0
,,,0.13081659376621246,,0.9314591884613037,,,,,,,,,,,1.0,1.0,,,,,7709,,,,0.0,,0.0,,0.0
,,,0.0798611119389534,,0.9296875,,,,,,,,,,,1.0,1.0,,,,,7710,,,,0.0,,0.0,,0.0
,,,0.0815972238779068,,0.9296875,,,,,,,,,,,1.0,1.0,,,,,7711,,,,0.0,,0.0,,0.0
,,,0.08805704116821289,,0.9120193719863892,,,,,,,,,,,1.0,1.0,,,,,7712,,,,0.0,,0.0,,0.0
,,,0.0355902761220932,,0.8984375,,,,,,,,,,,1.0,1.0,,,,,7713,,,,0.0,,0.0,,0.0
,,,0.03515625,,0.9375,,,,,,,,,,,1.0,1.0,,,,,7714,,,,0.0,,0.0,,0.0
,,,0.1049833819270134,,0.9354928135871887,,,,,,,,,,,1.0,1.0,,,,,7715,,,,0.0,,0.0,,0.0
,,,0.0642361119389534,,0.9375,,,,,,,,,,,1.0,1.0,,,,,7716,,,,0.0,,0.0,,0.0
,,,0.0607638880610466,,0.96875,,,,,,,,,,,1.0,1.0,,,,,7717,,,,0.0,,0.0,,0.0
,,,0.15016812086105347,,0.9793814420700073,,,,,,,,,,,1.0,1.0,,,,,7718,,,,0.0,,0.0,,0.0
,,,0.04921875149011612,,0.8515625,,,,,,,,,,,1.0,1.0,,,,,7719,,,,0.0,,0.0,,0.0
,,,0.0529513880610466,,0.8515625,,,,,,,,,,,1.0,1.0,,,,,7720,,,,0.0,,0.0,,0.0
,,,0.12589286267757416,,0.9553571343421936,,,,,,,,,,,1.0,1.0,,,,,7721,,,,0.0,,0.0,,0.0
,,,0.0451388880610466,,0.8671875,,,,,,,,,,,1.0,1.0,,,,,7722,,,,0.0,,0.0,,0.0
,,,0.04374999925494194,,0.90625,,,,,,,,,,,1.0,1.0,,,,,7723,,,,0.0,,0.0,,0.0
,,,0.09893810749053955,,0.8620823621749878,,,,,,,,,,,1.0,1.0,,,,,7724,,,,0.0,,0.0,,0.0
,,,0.0751953125,,0.9296875,,,,,,,,,,,1.0,1.0,,,,,7725,,,,0.0,,0.0,,0.0
,,,0.05078125,,0.890625,,,,,,,,,,,1.0,1.0,,,,,7726,,,,0.0,,0.0,,0.0
,,,0.05511811003088951,,0.9055117964744568,,,,,,,,,,,1.0,1.0,,,,,7727,,,,0.0,,0.0,,0.0
83,0.4904232323169708,0.526769757270813,,0.8714102506637573,,,,,,,,,,,,,,75.2229995727539,35574.375,4.3204569816589355,304.7098693847656,18563,,,0.0,,0.0,,0.0,
83,,,,,,0.583371102809906,,0.8511634469032288,,13.389883041381836,,,,,,,,,,,,18563,1.754940390586853,,,,,,,
,,,,,,,,,,,,,,3.0177269273371768e-05,0.03,,,,,,,18599,,,,,,,,
84,,,,,,,0.6074693202972412,,0.8603990077972412,,12.6484375,3.016069604200311e-05,0.029999999329447746,,,1.0,1.0,,,,,18599,,1.7607499361038208,,,,,,
,,,,,,,,,,,,,,2.9353828449504915e-05,0.03,,,,,,,18649,,,,,,,,
84,,,,,,,0.5915132761001587,,0.8734956979751587,,14.09375,2.9337468731682748e-05,0.029999999329447746,,,1.0,1.0,,,,,18649,,1.7658658027648926,,,,,,
,,,,,,,,,,,,,,2.8541043109651523e-05,0.03,,,,,,,18699,,,,,,,,
84,,,,,,,0.5917513370513916,,0.8739778995513916,,14.1171875,2.8524897061288357e-05,0.029999999329447746,,,1.0,1.0,,,,,18699,,1.6858553886413574,,,,,,
,,,,,,,,,,,,,,2.7738963946321223e-05,0.03,,,,,,,18749,,,,,,,,
84,,,,,,,0.570510745048523,,0.846877932548523,,13.8203125,2.7723031962523237e-05,0.029999999329447746,,,1.0,1.0,,,,,18749,,1.7289161682128906,,,,,,
,,,0.0555555559694767,,0.828125,,,,,,,,,,,1.0,1.0,,,,,7728,,,,0.0,,0.0,,0.0
,,,0.04843749850988388,,0.8671875,,,,,,,,,,,1.0,1.0,,,,,7729,,,,0.0,,0.0,,0.0
,,,0.14061035215854645,,0.9270260334014893,,,,,,,,,,,1.0,1.0,,,,,7730,,,,0.0,,0.0,,0.0
,,,0.0807291641831398,,0.96875,,,,,,,,,,,1.0,1.0,,,,,7731,,,,0.0,,0.0,,0.0
,,,0.1082589253783226,,0.9765625,,,,,,,,,,,1.0,1.0,,,,,7732,,,,0.0,,0.0,,0.0
,,,0.12860576808452606,,0.9134615659713745,,,,,,,,,,,1.0,1.0,,,,,7733,,,,0.0,,0.0,,0.0
,,,0.02109375037252903,,0.921875,,,,,,,,,,,1.0,1.0,,,,,7734,,,,0.0,,0.0,,0.0
,,,0.03437500074505806,,0.9375,,,,,,,,,,,1.0,1.0,,,,,7735,,,,0.0,,0.0,,0.0
,,,0.07061178237199783,,0.8657804727554321,,,,,,,,,,,1.0,1.0,,,,,7736,,,,0.0,,0.0,,0.0
,,,0.03750000149011612,,0.859375,,,,,,,,,,,1.0,1.0,,,,,7737,,,,0.0,,0.0,,0.0
,,,0.0434027761220932,,0.8671875,,,,,,,,,,,1.0,1.0,,,,,7738,,,,0.0,,0.0,,0.0
,,,0.0546875,,0.8671875,,,,,,,,,,,1.0,1.0,,,,,7739,,,,0.0,,0.0,,0.0
,,,0.18533334136009216,,0.9880000352859497,,,,,,,,,,,1.0,1.0,,,,,7740,,,,0.0,,0.0,,0.0
,,,0.0850694477558136,,0.9609375,,,,,,,,,,,1.0,1.0,,,,,7741,,,,0.0,,0.0,,0.0
,,,0.0815972238779068,,0.96875,,,,,,,,,,,1.0,1.0,,,,,7742,,,,0.0,,0.0,,0.0
,,,0.101359061896801,,0.9075630307197571,,,,,,,,,,,1.0,1.0,,,,,7743,,,,0.0,,0.0,,0.0
,,,0.0173611119389534,,0.7890625,,,,,,,,,,,1.0,1.0,,,,,7744,,,,0.0,,0.0,,0.0
,,,0.01171875,,0.828125,,,,,,,,,,,1.0,1.0,,,,,7745,,,,0.0,,0.0,,0.0
,,,0.08495670557022095,,0.8571428656578064,,,,,,,,,,,1.0,1.0,,,,,7746,,,,0.0,,0.0,,0.0
,,,0.07109375298023224,,0.984375,,,,,,,,,,,1.0,1.0,,,,,7747,,,,0.0,,0.0,,0.0
,,,0.0651041641831398,,0.9765625,,,,,,,,,,,1.0,1.0,,,,,7748,,,,0.0,,0.0,,0.0
,,,0.099676214158535,,0.8539227843284607,,,,,,,,,,,1.0,1.0,,,,,7749,,,,0.0,,0.0,,0.0
,,,0.01875000074505806,,0.59375,,,,,,,,,,,1.0,1.0,,,,,7750,,,,0.0,,0.0,,0.0
,,,0.01718750037252903,,0.640625,,,,,,,,,,,1.0,1.0,,,,,7751,,,,0.0,,0.0,,0.0
,,,0.09034483134746552,,0.7926108241081238,,,,,,,,,,,1.0,1.0,,,,,7752,,,,0.0,,0.0,,0.0
,,,0.05859375,,0.90625,,,,,,,,,,,1.0,1.0,,,,,7753,,,,0.0,,0.0,,0.0
,,,0.0732421875,,0.953125,,,,,,,,,,,1.0,1.0,,,,,7754,,,,0.0,,0.0,,0.0
,,,0.12438854575157166,,0.8684276938438416,,,,,,,,,,,1.0,1.0,,,,,7755,,,,0.0,,0.0,,0.0
,,,0.06171875074505806,,0.90625,,,,,,,,,,,1.0,1.0,,,,,7756,,,,0.0,,0.0,,0.0
,,,0.04296875,,0.8671875,,,,,,,,,,,1.0,1.0,,,,,7757,,,,0.0,,0.0,,0.0
,,,0.1312357485294342,,0.9183310270309448,,,,,,,,,,,1.0,1.0,,,,,7758,,,,0.0,,0.0,,0.0
,,,0.04921875149011612,,0.8125,,,,,,,,,,,1.0,1.0,,,,,7759,,,,0.0,,0.0,,0.0
,,,0.04843749850988388,,0.890625,,,,,,,,,,,1.0,1.0,,,,,7760,,,,0.0,,0.0,,0.0
,,,0.13557745516300201,,0.909605860710144,,,,,,,,,,,1.0,1.0,,,,,7761,,,,0.0,,0.0,,0.0
,,,0.0798611119389534,,0.953125,,,,,,,,,,,1.0,1.0,,,,,7762,,,,0.0,,0.0,,0.0
,,,0.1223958358168602,,0.984375,,,,,,,,,,,1.0,1.0,,,,,7763,,,,0.0,,0.0,,0.0
,,,0.10300953686237335,,0.9157083034515381,,,,,,,,,,,1.0,1.0,,,,,7764,,,,0.0,,0.0,,0.0
,,,0.03125,,0.9296875,,,,,,,,,,,1.0,1.0,,,,,7765,,,,0.0,,0.0,,0.0
,,,0.02777777798473835,,0.9140625,,,,,,,,,,,1.0,1.0,,,,,7766,,,,0.0,,0.0,,0.0
,,,0.0669841319322586,,0.8598290681838989,,,,,,,,,,,1.0,1.0,,,,,7767,,,,0.0,,0.0,,0.0
,,,0.03828125074505806,,0.875,,,,,,,,,,,1.0,1.0,,,,,7768,,,,0.0,,0.0,,0.0
,,,0.0477430559694767,,0.8671875,,,,,,,,,,,1.0,1.0,,,,,7769,,,,0.0,,0.0,,0.0
,,,0.145454540848732,,0.9181817770004272,,,,,,,,,,,1.0,1.0,,,,,7770,,,,0.0,,0.0,,0.0
,,,0.0868055522441864,,0.9765625,,,,,,,,,,,1.0,1.0,,,,,7771,,,,0.0,,0.0,,0.0
,,,0.09765625,,0.9609375,,,,,,,,,,,1.0,1.0,,,,,7772,,,,0.0,,0.0,,0.0
,,,0.09424280375242233,,0.9051939845085144,,,,,,,,,,,1.0,1.0,,,,,7773,,,,0.0,,0.0,,0.0
,,,0.0173611119389534,,0.78125,,,,,,,,,,,1.0,1.0,,,,,7774,,,,0.0,,0.0,,0.0
,,,0.01328125037252903,,0.8359375,,,,,,,,,,,1.0,1.0,,,,,7775,,,,0.0,,0.0,,0.0
,,,0.012500000186264515,,0.8046875,,,,,,,,,,,1.0,1.0,,,,,7776,,,,0.0,,0.0,,0.0
,,,0.07086614519357681,,0.9842519760131836,,,,,,,,,,,1.0,1.0,,,,,7777,,,,0.0,,0.0,,0.0
,,,0.06640625,,0.9765625,,,,,,,,,,,1.0,1.0,,,,,7778,,,,0.0,,0.0,,0.0
,,,0.06171875074505806,,0.9765625,,,,,,,,,,,1.0,1.0,,,,,7779,,,,0.0,,0.0,,0.0
,,,0.10000000149011612,,0.7945402264595032,,,,,,,,,,,1.0,1.0,,,,,7780,,,,0.0,,0.0,,0.0
,,,0.01796874962747097,,0.5703125,,,,,,,,,,,1.0,1.0,,,,,7781,,,,0.0,,0.0,,0.0
,,,0.02187499962747097,,0.65625,,,,,,,,,,,1.0,1.0,,,,,7782,,,,0.0,,0.0,,0.0
,,,0.09471946954727173,,0.8258159160614014,,,,,,,,,,,1.0,1.0,,,,,7783,,,,0.0,,0.0,,0.0
,,,0.05703125149011612,,0.9453125,,,,,,,,,,,1.0,1.0,,,,,7784,,,,0.0,,0.0,,0.0
,,,0.080078125,,0.9296875,,,,,,,,,,,1.0,1.0,,,,,7785,,,,0.0,,0.0,,0.0
,,,0.12037036567926407,,0.875,,,,,,,,,,,1.0,1.0,,,,,7786,,,,0.0,,0.0,,0.0
,,,0.05781250074505806,,0.890625,,,,,,,,,,,1.0,1.0,,,,,7787,,,,0.0,,0.0,,0.0
,,,0.0503472238779068,,0.9140625,,,,,,,,,,,1.0,1.0,,,,,7788,,,,0.0,,0.0,,0.0
,,,0.1189860999584198,,0.8831672072410583,,,,,,,,,,,1.0,1.0,,,,,7789,,,,0.0,,0.0,,0.0
,,,0.04531250149011612,,0.828125,,,,,,,,,,,1.0,1.0,,,,,7790,,,,0.0,,0.0,,0.0
,,,0.0607638880610466,,0.8984375,,,,,,,,,,,1.0,1.0,,,,,7791,,,,0.0,,0.0,,0.0
,,,0.11657816916704178,,0.882300853729248,,,,,,,,,,,1.0,1.0,,,,,7792,,,,0.0,,0.0,,0.0
,,,0.1060267835855484,,0.96875,,,,,,,,,,,1.0,1.0,,,,,7793,,,,0.0,,0.0,,0.0
,,,0.1263020783662796,,0.9609375,,,,,,,,,,,1.0,1.0,,,,,7794,,,,0.0,,0.0,,0.0
,,,0.11070707440376282,,0.949999988079071,,,,,,,,,,,1.0,1.0,,,,,7795,,,,0.0,,0.0,,0.0
,,,0.03359375149011612,,0.9375,,,,,,,,,,,1.0,1.0,,,,,7796,,,,0.0,,0.0,,0.0
,,,0.02604166604578495,,0.8828125,,,,,,,,,,,1.0,1.0,,,,,7797,,,,0.0,,0.0,,0.0
,,,0.05703703686594963,,0.9259259700775146,,,,,,,,,,,1.0,1.0,,,,,7798,,,,0.0,,0.0,,0.0
,,,0.03984374925494194,,0.8828125,,,,,,,,,,,1.0,1.0,,,,,7799,,,,0.0,,0.0,,0.0
,,,0.0486111119389534,,0.8671875,,,,,,,,,,,1.0,1.0,,,,,7800,,,,0.0,,0.0,,0.0
,,,0.15748922526836395,,0.9263721704483032,,,,,,,,,,,1.0,1.0,,,,,7801,,,,0.0,,0.0,,0.0
,,,0.08124999701976776,,0.984375,,,,,,,,,,,1.0,1.0,,,,,7802,,,,0.0,,0.0,,0.0
,,,0.109375,,0.953125,,,,,,,,,,,1.0,1.0,,,,,7803,,,,0.0,,0.0,,0.0
,,,0.08487395197153091,,0.8796791434288025,,,,,,,,,,,1.0,1.0,,,,,7804,,,,0.0,,0.0,,0.0
,,,0.015625,,0.7890625,,,,,,,,,,,1.0,1.0,,,,,7805,,,,0.0,,0.0,,0.0
,,,0.01328125037252903,,0.8515625,,,,,,,,,,,1.0,1.0,,,,,7806,,,,0.0,,0.0,,0.0
,,,0.08776301145553589,,0.8715393543243408,,,,,,,,,,,1.0,1.0,,,,,7807,,,,0.0,,0.0,,0.0
,,,0.0703125,,0.9765625,,,,,,,,,,,1.0,1.0,,,,,7808,,,,0.0,,0.0,,0.0
,,,0.06171875074505806,,0.96875,,,,,,,,,,,1.0,1.0,,,,,7809,,,,0.0,,0.0,,0.0
,,,0.09940139949321747,,0.9090455770492554,,,,,,,,,,,1.0,1.0,,,,,7810,,,,0.0,,0.0,,0.0
,,,0.02265625074505806,,0.625,,,,,,,,,,,1.0,1.0,,,,,7811,,,,0.0,,0.0,,0.0
,,,0.01718750037252903,,0.59375,,,,,,,,,,,1.0,1.0,,,,,7812,,,,0.0,,0.0,,0.0
,,,0.09375,,0.8125,,,,,,,,,,,1.0,1.0,,,,,7813,,,,0.0,,0.0,,0.0
,,,0.0633680522441864,,0.90625,,,,,,,,,,,1.0,1.0,,,,,7814,,,,0.0,,0.0,,0.0
,,,0.06015624850988388,,0.9453125,,,,,,,,,,,1.0,1.0,,,,,7815,,,,0.0,,0.0,,0.0
,,,0.1005784347653389,,0.8663558959960938,,,,,,,,,,,1.0,1.0,,,,,7816,,,,0.0,,0.0,,0.0
,,,0.0642361119389534,,0.890625,,,,,,,,,,,1.0,1.0,,,,,7817,,,,0.0,,0.0,,0.0
,,,0.05078125,,0.890625,,,,,,,,,,,1.0,1.0,,,,,7818,,,,0.0,,0.0,,0.0
,,,0.057742781937122345,,0.913385808467865,,,,,,,,,,,1.0,1.0,,,,,7819,,,,0.0,,0.0,,0.0
84,0.4946787655353546,0.48716938495635986,,0.8813966512680054,,,,,,,,,,,,,,74.97093200683594,33602.5625,4.317100524902344,309.88330078125,18784,,,0.0,,0.0,,0.0,
84,,,,,,0.5796270370483398,,0.844498872756958,,13.243566513061523,,,,,,,,,,,,18784,1.7763413190841675,,,,,,,
,,,,,,,,,,,,,,2.694764098429141e-05,0.03,,,,,,,18799,,,,,,,,
85,,,,,,,0.5765379667282104,,0.8363035917282104,,12.9921875,2.6931924367090687e-05,0.029999999329447746,,,1.0,1.0,,,,,18799,,1.6955811977386475,,,,,,
,,,,,,,,,,,,,,2.6167123577487204e-05,0.03,,,,,,,18849,,,,,,,,
85,,,,,,,0.5774598121643066,,0.8342957496643066,,12.8359375,2.6151623387704603e-05,0.029999999329447746,,,1.0,1.0,,,,,18849,,1.8507843017578125,,,,,,
,,,,,,,,,,,,,,2.5397460405903595e-05,0.03,,,,,,,18899,,,,,,,,
85,,,,,,,0.5938136577606201,,0.8460109233856201,,12.609375,2.538217813707888e-05,0.029999999329447746,,,1.0,1.0,,,,,18899,,1.8983756303787231,,,,,,
,,,,,,,,,,,,,,2.463869947256891e-05,0.03,,,,,,,18949,,,,,,,,
85,,,,,,,0.592013418674469,,0.877902090549469,,14.296875,2.4623635908938013e-05,0.029999999329447746,,,1.0,1.0,,,,,18949,,1.6594310998916626,,,,,,
,,,,,,,,,,,,,,2.389088810055111e-05,0.03,,,,,,,18999,,,,,,,,
85,,,,,,,0.5860823392868042,,0.8641585111618042,,13.90625,2.387604399700649e-05,0.029999999329447746,,,1.0,1.0,,,,,18999,,1.8068764209747314,,,,,,
,,,0.04453124850988388,,0.71875,,,,,,,,,,,1.0,1.0,,,,,7820,,,,0.0,,0.0,,0.0
,,,0.05000000074505806,,0.7265625,,,,,,,,,,,1.0,1.0,,,,,7821,,,,0.0,,0.0,,0.0
,,,0.12926292419433594,,0.84781813621521,,,,,,,,,,,1.0,1.0,,,,,7822,,,,0.0,,0.0,,0.0
,,,0.1127232164144516,,0.984375,,,,,,,,,,,1.0,1.0,,,,,7823,,,,0.0,,0.0,,0.0
,,,0.087890625,,0.9609375,,,,,,,,,,,1.0,1.0,,,,,7824,,,,0.0,,0.0,,0.0
,,,0.13661858439445496,,0.9038461446762085,,,,,,,,,,,1.0,1.0,,,,,7825,,,,0.0,,0.0,,0.0
,,,0.03046875074505806,,0.84375,,,,,,,,,,,1.0,1.0,,,,,7826,,,,0.0,,0.0,,0.0
,,,0.03359375149011612,,0.953125,,,,,,,,,,,1.0,1.0,,,,,7827,,,,0.0,,0.0,,0.0
,,,0.07675814628601074,,0.8250428438186646,,,,,,,,,,,1.0,1.0,,,,,7828,,,,0.0,,0.0,,0.0
,,,0.04218750074505806,,0.8203125,,,,,,,,,,,1.0,1.0,,,,,7829,,,,0.0,,0.0,,0.0
,,,0.03515625,,0.8203125,,,,,,,,,,,1.0,1.0,,,,,7830,,,,0.0,,0.0,,0.0
,,,0.04531250149011612,,0.8671875,,,,,,,,,,,1.0,1.0,,,,,7831,,,,0.0,,0.0,,0.0
,,,0.16385185718536377,,0.9760000109672546,,,,,,,,,,,1.0,1.0,,,,,7832,,,,0.0,,0.0,,0.0
,,,0.0850694477558136,,0.9453125,,,,,,,,,,,1.0,1.0,,,,,7833,,,,0.0,,0.0,,0.0
,,,0.0927734375,,0.9296875,,,,,,,,,,,1.0,1.0,,,,,7834,,,,0.0,,0.0,,0.0
,,,0.0876750722527504,,0.9453781843185425,,,,,,,,,,,1.0,1.0,,,,,7835,,,,0.0,,0.0,,0.0
,,,0.0234375,,0.8671875,,,,,,,,,,,1.0,1.0,,,,,7836,,,,0.0,,0.0,,0.0
,,,0.01953125,,0.875,,,,,,,,,,,1.0,1.0,,,,,7837,,,,0.0,,0.0,,0.0
,,,0.10461761057376862,,0.9199134111404419,,,,,,,,,,,1.0,1.0,,,,,7838,,,,0.0,,0.0,,0.0
,,,0.095703125,,0.96875,,,,,,,,,,,1.0,1.0,,,,,7839,,,,0.0,,0.0,,0.0
,,,0.06562499701976776,,0.9765625,,,,,,,,,,,1.0,1.0,,,,,7840,,,,0.0,,0.0,,0.0
,,,0.12933997809886932,,0.9635118246078491,,,,,,,,,,,1.0,1.0,,,,,7841,,,,0.0,,0.0,,0.0
,,,0.05078125,,0.828125,,,,,,,,,,,1.0,1.0,,,,,7842,,,,0.0,,0.0,,0.0
,,,0.04374999925494194,,0.8828125,,,,,,,,,,,1.0,1.0,,,,,7843,,,,0.0,,0.0,,0.0
,,,0.09945812821388245,,0.8926107883453369,,,,,,,,,,,1.0,1.0,,,,,7844,,,,0.0,,0.0,,0.0
,,,0.0512152761220932,,0.9609375,,,,,,,,,,,1.0,1.0,,,,,7845,,,,0.0,,0.0,,0.0
,,,0.0520833320915699,,0.9453125,,,,,,,,,,,1.0,1.0,,,,,7846,,,,0.0,,0.0,,0.0
,,,0.08762264251708984,,0.900628924369812,,,,,,,,,,,1.0,1.0,,,,,7847,,,,0.0,,0.0,,0.0
,,,0.0703125,,0.8828125,,,,,,,,,,,1.0,1.0,,,,,7848,,,,0.0,,0.0,,0.0
,,,0.0416666679084301,,0.859375,,,,,,,,,,,1.0,1.0,,,,,7849,,,,0.0,,0.0,,0.0
,,,0.10393676906824112,,0.8132694959640503,,,,,,,,,,,1.0,1.0,,,,,7850,,,,0.0,,0.0,,0.0
,,,0.04765624925494194,,0.734375,,,,,,,,,,,1.0,1.0,,,,,7851,,,,0.0,,0.0,,0.0
,,,0.04921875149011612,,0.7265625,,,,,,,,,,,1.0,1.0,,,,,7852,,,,0.0,,0.0,,0.0
,,,0.14351394772529602,,0.8721674680709839,,,,,,,,,,,1.0,1.0,,,,,7853,,,,0.0,,0.0,,0.0
,,,0.0966796875,,0.9453125,,,,,,,,,,,1.0,1.0,,,,,7854,,,,0.0,,0.0,,0.0
,,,0.1015625,,0.9453125,,,,,,,,,,,1.0,1.0,,,,,7855,,,,0.0,,0.0,,0.0
,,,0.12723270058631897,,0.9007829427719116,,,,,,,,,,,1.0,1.0,,,,,7856,,,,0.0,,0.0,,0.0
,,,0.02812499925494194,,0.890625,,,,,,,,,,,1.0,1.0,,,,,7857,,,,0.0,,0.0,,0.0
,,,0.03515625,,0.9140625,,,,,,,,,,,1.0,1.0,,,,,7858,,,,0.0,,0.0,,0.0
,,,0.07814408093690872,,0.83699631690979,,,,,,,,,,,1.0,1.0,,,,,7859,,,,0.0,,0.0,,0.0
,,,0.04140625149011612,,0.8515625,,,,,,,,,,,1.0,1.0,,,,,7860,,,,0.0,,0.0,,0.0
,,,0.03984374925494194,,0.828125,,,,,,,,,,,1.0,1.0,,,,,7861,,,,0.0,,0.0,,0.0
,,,0.13363635540008545,,0.906818151473999,,,,,,,,,,,1.0,1.0,,,,,7862,,,,0.0,,0.0,,0.0
,,,0.09765625,,0.953125,,,,,,,,,,,1.0,1.0,,,,,7863,,,,0.0,,0.0,,0.0
,,,0.0824652761220932,,0.9375,,,,,,,,,,,1.0,1.0,,,,,7864,,,,0.0,,0.0,,0.0
,,,0.09718398004770279,,0.9239674806594849,,,,,,,,,,,1.0,1.0,,,,,7865,,,,0.0,,0.0,,0.0
,,,0.02031249925494194,,0.875,,,,,,,,,,,1.0,1.0,,,,,7866,,,,0.0,,0.0,,0.0
,,,0.02031249925494194,,0.8515625,,,,,,,,,,,1.0,1.0,,,,,7867,,,,0.0,,0.0,,0.0
,,,0.02187499962747097,,0.890625,,,,,,,,,,,1.0,1.0,,,,,7868,,,,0.0,,0.0,,0.0
,,,0.24746906757354736,,0.9842519760131836,,,,,,,,,,,1.0,1.0,,,,,7869,,,,0.0,,0.0,,0.0
,,,0.07343749701976776,,0.96875,,,,,,,,,,,1.0,1.0,,,,,7870,,,,0.0,,0.0,,0.0
,,,0.06953124701976776,,0.9765625,,,,,,,,,,,1.0,1.0,,,,,7871,,,,0.0,,0.0,,0.0
,,,0.12413793802261353,,0.9439655542373657,,,,,,,,,,,1.0,1.0,,,,,7872,,,,0.0,,0.0,,0.0
,,,0.04843749850988388,,0.84375,,,,,,,,,,,1.0,1.0,,,,,7873,,,,0.0,,0.0,,0.0
,,,0.04453124850988388,,0.90625,,,,,,,,,,,1.0,1.0,,,,,7874,,,,0.0,,0.0,,0.0
,,,0.10359369218349457,,0.886322021484375,,,,,,,,,,,1.0,1.0,,,,,7875,,,,0.0,,0.0,,0.0
,,,0.04765624925494194,,0.96875,,,,,,,,,,,1.0,1.0,,,,,7876,,,,0.0,,0.0,,0.0
,,,0.0538194440305233,,0.9296875,,,,,,,,,,,1.0,1.0,,,,,7877,,,,0.0,,0.0,,0.0
,,,0.07395833730697632,,0.8854166269302368,,,,,,,,,,,1.0,1.0,,,,,7878,,,,0.0,,0.0,,0.0
,,,0.0770089253783226,,0.875,,,,,,,,,,,1.0,1.0,,,,,7879,,,,0.0,,0.0,,0.0
,,,0.04062499850988388,,0.859375,,,,,,,,,,,1.0,1.0,,,,,7880,,,,0.0,,0.0,,0.0
,,,0.09800665080547333,,0.8128460645675659,,,,,,,,,,,1.0,1.0,,,,,7881,,,,0.0,,0.0,,0.0
,,,0.04609375074505806,,0.7109375,,,,,,,,,,,1.0,1.0,,,,,7882,,,,0.0,,0.0,,0.0
,,,0.0546875,,0.7734375,,,,,,,,,,,1.0,1.0,,,,,7883,,,,0.0,,0.0,,0.0
,,,0.14926254749298096,,0.8578171133995056,,,,,,,,,,,1.0,1.0,,,,,7884,,,,0.0,,0.0,,0.0
,,,0.09765625,,0.9453125,,,,,,,,,,,1.0,1.0,,,,,7885,,,,0.0,,0.0,,0.0
,,,0.1184895858168602,,0.9453125,,,,,,,,,,,1.0,1.0,,,,,7886,,,,0.0,,0.0,,0.0
,,,0.1132323294878006,,0.9454545378684998,,,,,,,,,,,1.0,1.0,,,,,7887,,,,0.0,,0.0,,0.0
,,,0.02968749962747097,,0.90625,,,,,,,,,,,1.0,1.0,,,,,7888,,,,0.0,,0.0,,0.0
,,,0.03671874850988388,,0.890625,,,,,,,,,,,1.0,1.0,,,,,7889,,,,0.0,,0.0,,0.0
,,,0.08481481671333313,,0.8620370626449585,,,,,,,,,,,1.0,1.0,,,,,7890,,,,0.0,,0.0,,0.0
,,,0.0390625,,0.8203125,,,,,,,,,,,1.0,1.0,,,,,7891,,,,0.0,,0.0,,0.0
,,,0.04296875,,0.859375,,,,,,,,,,,1.0,1.0,,,,,7892,,,,0.0,,0.0,,0.0
,,,0.1340562254190445,,0.9092369079589844,,,,,,,,,,,1.0,1.0,,,,,7893,,,,0.0,,0.0,,0.0
,,,0.0885416641831398,,0.9609375,,,,,,,,,,,1.0,1.0,,,,,7894,,,,0.0,,0.0,,0.0
,,,0.0947265625,,0.9375,,,,,,,,,,,1.0,1.0,,,,,7895,,,,0.0,,0.0,,0.0
,,,0.09070537984371185,,0.9153298139572144,,,,,,,,,,,1.0,1.0,,,,,7896,,,,0.0,,0.0,,0.0
,,,0.01953125,,0.875,,,,,,,,,,,1.0,1.0,,,,,7897,,,,0.0,,0.0,,0.0
,,,0.02187499962747097,,0.8828125,,,,,,,,,,,1.0,1.0,,,,,7898,,,,0.0,,0.0,,0.0
,,,0.09822812676429749,,0.9241417646408081,,,,,,,,,,,1.0,1.0,,,,,7899,,,,0.0,,0.0,,0.0
,,,0.0927734375,,0.953125,,,,,,,,,,,1.0,1.0,,,,,7900,,,,0.0,,0.0,,0.0
,,,0.06796874850988388,,0.9921875,,,,,,,,,,,1.0,1.0,,,,,7901,,,,0.0,,0.0,,0.0
,,,0.1441636085510254,,0.9896907210350037,,,,,,,,,,,1.0,1.0,,,,,7902,,,,0.0,,0.0,,0.0
,,,0.04531250149011612,,0.8515625,,,,,,,,,,,1.0,1.0,,,,,7903,,,,0.0,,0.0,,0.0
,,,0.0494791679084301,,0.8671875,,,,,,,,,,,1.0,1.0,,,,,7904,,,,0.0,,0.0,,0.0
,,,0.1339285671710968,,0.9419642686843872,,,,,,,,,,,1.0,1.0,,,,,7905,,,,0.0,,0.0,,0.0
,,,0.04765624925494194,,0.921875,,,,,,,,,,,1.0,1.0,,,,,7906,,,,0.0,,0.0,,0.0
,,,0.04609375074505806,,0.9453125,,,,,,,,,,,1.0,1.0,,,,,7907,,,,0.0,,0.0,,0.0
,,,0.0751359760761261,,0.8337218761444092,,,,,,,,,,,1.0,1.0,,,,,7908,,,,0.0,,0.0,,0.0
,,,0.0576171875,,0.8984375,,,,,,,,,,,1.0,1.0,,,,,7909,,,,0.0,,0.0,,0.0
,,,0.0517578125,,0.8515625,,,,,,,,,,,1.0,1.0,,,,,7910,,,,0.0,,0.0,,0.0
,,,0.04645669087767601,,0.8582677245140076,,,,,,,,,,,1.0,1.0,,,,,7911,,,,0.0,,0.0,,0.0
85,0.48293083906173706,0.5103808641433716,,0.8902561068534851,,,,,,,,,,,,,,74.40382385253906,36191.1171875,4.309507369995117,312.31707763671875,19005,,,0.0,,0.0,,0.0,
85,,,,,,0.5790166258811951,,0.8422485589981079,,13.16165828704834,,,,,,,,,,,,19005,1.7711024284362793,,,,,,,
,,,,,,,,,,,,,,2.31540729300064e-05,0.03,,,,,,,19049,,,,,,,,
86,,,,,,,0.5940843820571899,,0.8924242258071899,,14.9140625,2.3139449695008807e-05,0.029999999329447746,,,1.0,1.0,,,,,19049,,2.0243911743164062,,,,,,
,,,,,,,,,,,,,,2.242829991527017e-05,0.03,,,,,,,19099,,,,,,,,
86,,,,,,,0.5898385047912598,,0.8376412391662598,,12.390625,2.2413896658690646e-05,0.029999999329447746,,,1.0,1.0,,,,,19099,,1.8813364505767822,,,,,,
,,,,,,,,,,,,,,2.171361432199094e-05,0.03,,,,,,,19149,,,,,,,,
86,,,,,,,0.5700395107269287,,0.8307816982269287,,13.0390625,2.1699434000765905e-05,0.029999999329447746,,,1.0,1.0,,,,,19149,,1.7708234786987305,,,,,,
,,,,,,,,,,,,,,2.101006072430723e-05,0.03,,,,,,,19199,,,,,,,,
86,,,,,,,0.5737433433532715,,0.8418097496032715,,13.40625,2.0996103557990864e-05,0.029999999329447746,,,1.0,1.0,,,,,19199,,2.049914836883545,,,,,,
,,,0.0581597238779068,,0.7578125,,,,,,,,,,,1.0,1.0,,,,,7912,,,,0.0,,0.0,,0.0
,,,0.0616319440305233,,0.8203125,,,,,,,,,,,1.0,1.0,,,,,7913,,,,0.0,,0.0,,0.0
,,,0.1359369307756424,,0.8874220848083496,,,,,,,,,,,1.0,1.0,,,,,7914,,,,0.0,,0.0,,0.0
,,,0.0908203125,,0.96875,,,,,,,,,,,1.0,1.0,,,,,7915,,,,0.0,,0.0,,0.0
,,,0.09375,,0.953125,,,,,,,,,,,1.0,1.0,,,,,7916,,,,0.0,,0.0,,0.0
,,,0.10541310906410217,,0.8461538553237915,,,,,,,,,,,1.0,1.0,,,,,7917,,,,0.0,,0.0,,0.0
,,,0.0321180559694767,,0.8125,,,,,,,,,,,1.0,1.0,,,,,7918,,,,0.0,,0.0,,0.0
,,,0.03437500074505806,,0.7734375,,,,,,,,,,,1.0,1.0,,,,,7919,,,,0.0,,0.0,,0.0
,,,0.05274442583322525,,0.8271869421005249,,,,,,,,,,,1.0,1.0,,,,,7920,,,,0.0,,0.0,,0.0
,,,0.0477430559694767,,0.9375,,,,,,,,,,,1.0,1.0,,,,,7921,,,,0.0,,0.0,,0.0
,,,0.04218750074505806,,0.9453125,,,,,,,,,,,1.0,1.0,,,,,7922,,,,0.0,,0.0,,0.0
,,,0.05078125,,0.8984375,,,,,,,,,,,1.0,1.0,,,,,7923,,,,0.0,,0.0,,0.0
,,,0.15762962400913239,,0.9359999895095825,,,,,,,,,,,1.0,1.0,,,,,7924,,,,0.0,,0.0,,0.0
,,,0.06406249850988388,,0.828125,,,,,,,,,,,1.0,1.0,,,,,7925,,,,0.0,,0.0,,0.0
,,,0.0659722238779068,,0.828125,,,,,,,,,,,1.0,1.0,,,,,7926,,,,0.0,,0.0,,0.0
,,,0.09607844054698944,,0.8384687304496765,,,,,,,,,,,1.0,1.0,,,,,7927,,,,0.0,,0.0,,0.0
,,,0.0355902761220932,,0.90625,,,,,,,,,,,1.0,1.0,,,,,7928,,,,0.0,,0.0,,0.0
,,,0.03359375149011612,,0.890625,,,,,,,,,,,1.0,1.0,,,,,7929,,,,0.0,,0.0,,0.0
,,,0.1031745970249176,,0.9312770366668701,,,,,,,,,,,1.0,1.0,,,,,7930,,,,0.0,,0.0,,0.0
,,,0.078125,,0.953125,,,,,,,,,,,1.0,1.0,,,,,7931,,,,0.0,,0.0,,0.0
,,,0.0791015625,,0.9765625,,,,,,,,,,,1.0,1.0,,,,,7932,,,,0.0,,0.0,,0.0
,,,0.13867440819740295,,0.9589041471481323,,,,,,,,,,,1.0,1.0,,,,,7933,,,,0.0,,0.0,,0.0
,,,0.046875,,0.8671875,,,,,,,,,,,1.0,1.0,,,,,7934,,,,0.0,,0.0,,0.0
,,,0.04843749850988388,,0.8984375,,,,,,,,,,,1.0,1.0,,,,,7935,,,,0.0,,0.0,,0.0
,,,0.11236453801393509,,0.9241379499435425,,,,,,,,,,,1.0,1.0,,,,,7936,,,,0.0,,0.0,,0.0
,,,0.0625,,0.9765625,,,,,,,,,,,1.0,1.0,,,,,7937,,,,0.0,,0.0,,0.0
,,,0.06171875074505806,,0.96875,,,,,,,,,,,1.0,1.0,,,,,7938,,,,0.0,,0.0,,0.0
,,,0.10711390525102615,,0.9017610549926758,,,,,,,,,,,1.0,1.0,,,,,7939,,,,0.0,,0.0,,0.0
,,,0.0556640625,,0.828125,,,,,,,,,,,1.0,1.0,,,,,7940,,,,0.0,,0.0,,0.0
,,,0.0538194440305233,,0.84375,,,,,,,,,,,1.0,1.0,,,,,7941,,,,0.0,,0.0,,0.0
,,,0.1156710833311081,,0.9240766167640686,,,,,,,,,,,1.0,1.0,,,,,7942,,,,0.0,,0.0,,0.0
,,,0.0625,,0.7578125,,,,,,,,,,,1.0,1.0,,,,,7943,,,,0.0,,0.0,,0.0
,,,0.05234374850988388,,0.8046875,,,,,,,,,,,1.0,1.0,,,,,7944,,,,0.0,,0.0,,0.0
,,,0.1470169723033905,,0.890886664390564,,,,,,,,,,,1.0,1.0,,,,,7945,,,,0.0,,0.0,,0.0
,,,0.0815972238779068,,0.953125,,,,,,,,,,,1.0,1.0,,,,,7946,,,,0.0,,0.0,,0.0
,,,0.1004464253783226,,0.9453125,,,,,,,,,,,1.0,1.0,,,,,7947,,,,0.0,,0.0,,0.0
,,,0.11230732500553131,,0.8709322214126587,,,,,,,,,,,1.0,1.0,,,,,7948,,,,0.0,,0.0,,0.0
,,,0.03593749925494194,,0.8203125,,,,,,,,,,,1.0,1.0,,,,,7949,,,,0.0,,0.0,,0.0
,,,0.02812499925494194,,0.7421875,,,,,,,,,,,1.0,1.0,,,,,7950,,,,0.0,,0.0,,0.0
,,,0.06708180904388428,,0.8583638668060303,,,,,,,,,,,1.0,1.0,,,,,7951,,,,0.0,,0.0,,0.0
,,,0.0460069440305233,,0.9296875,,,,,,,,,,,1.0,1.0,,,,,7952,,,,0.0,,0.0,,0.0
,,,0.04531250149011612,,0.9609375,,,,,,,,,,,1.0,1.0,,,,,7953,,,,0.0,,0.0,,0.0
,,,0.1306818127632141,,0.8920454978942871,,,,,,,,,,,1.0,1.0,,,,,7954,,,,0.0,,0.0,,0.0
,,,0.06953124701976776,,0.8359375,,,,,,,,,,,1.0,1.0,,,,,7955,,,,0.0,,0.0,,0.0
,,,0.0677083358168602,,0.828125,,,,,,,,,,,1.0,1.0,,,,,7956,,,,0.0,,0.0,,0.0
,,,0.09349186718463898,,0.9161452054977417,,,,,,,,,,,1.0,1.0,,,,,7957,,,,0.0,,0.0,,0.0
,,,0.0373263880610466,,0.8984375,,,,,,,,,,,1.0,1.0,,,,,7958,,,,0.0,,0.0,,0.0
,,,0.03281249850988388,,0.90625,,,,,,,,,,,1.0,1.0,,,,,7959,,,,0.0,,0.0,,0.0
,,,0.0321180559694767,,0.8984375,,,,,,,,,,,1.0,1.0,,,,,7960,,,,0.0,,0.0,,0.0
,,,0.07611548155546188,,0.9842519760131836,,,,,,,,,,,1.0,1.0,,,,,7961,,,,0.0,,0.0,,0.0
,,,0.0772569477558136,,0.96875,,,,,,,,,,,1.0,1.0,,,,,7962,,,,0.0,,0.0,,0.0
,,,0.080078125,,0.984375,,,,,,,,,,,1.0,1.0,,,,,7963,,,,0.0,,0.0,,0.0
,,,0.10833333432674408,,0.9022988677024841,,,,,,,,,,,1.0,1.0,,,,,7964,,,,0.0,,0.0,,0.0
,,,0.04296875,,0.8828125,,,,,,,,,,,1.0,1.0,,,,,7965,,,,0.0,,0.0,,0.0
,,,0.05390625074505806,,0.8984375,,,,,,,,,,,1.0,1.0,,,,,7966,,,,0.0,,0.0,,0.0
,,,0.11595159769058228,,0.9382104873657227,,,,,,,,,,,1.0,1.0,,,,,7967,,,,0.0,,0.0,,0.0
,,,0.05703125149011612,,0.9921875,,,,,,,,,,,1.0,1.0,,,,,7968,,,,0.0,,0.0,,0.0
,,,0.06328125298023224,,0.9609375,,,,,,,,,,,1.0,1.0,,,,,7969,,,,0.0,,0.0,,0.0
,,,0.0972222238779068,,0.90625,,,,,,,,,,,1.0,1.0,,,,,7970,,,,0.0,,0.0,,0.0
,,,0.0576171875,,0.859375,,,,,,,,,,,1.0,1.0,,,,,7971,,,,0.0,,0.0,,0.0
,,,0.05234374850988388,,0.875,,,,,,,,,,,1.0,1.0,,,,,7972,,,,0.0,,0.0,,0.0
,,,0.11375661194324493,,0.88344407081604,,,,,,,,,,,1.0,1.0,,,,,7973,,,,0.0,,0.0,,0.0
,,,0.0590277761220932,,0.78125,,,,,,,,,,,1.0,1.0,,,,,7974,,,,0.0,,0.0,,0.0
,,,0.05546874925494194,,0.8203125,,,,,,,,,,,1.0,1.0,,,,,7975,,,,0.0,,0.0,,0.0
,,,0.15470337867736816,,0.9200589656829834,,,,,,,,,,,1.0,1.0,,,,,7976,,,,0.0,,0.0,,0.0
,,,0.0807291641831398,,0.9453125,,,,,,,,,,,1.0,1.0,,,,,7977,,,,0.0,,0.0,,0.0
,,,0.1060267835855484,,0.9453125,,,,,,,,,,,1.0,1.0,,,,,7978,,,,0.0,,0.0,,0.0
,,,0.11672278493642807,,0.8909090757369995,,,,,,,,,,,1.0,1.0,,,,,7979,,,,0.0,,0.0,,0.0
,,,0.03437500074505806,,0.8125,,,,,,,,,,,1.0,1.0,,,,,7980,,,,0.0,,0.0,,0.0
,,,0.02890625037252903,,0.7265625,,,,,,,,,,,1.0,1.0,,,,,7981,,,,0.0,,0.0,,0.0
,,,0.06074073910713196,,0.8629629611968994,,,,,,,,,,,1.0,1.0,,,,,7982,,,,0.0,,0.0,,0.0
,,,0.04140625149011612,,0.9453125,,,,,,,,,,,1.0,1.0,,,,,7983,,,,0.0,,0.0,,0.0
,,,0.04921875149011612,,0.9375,,,,,,,,,,,1.0,1.0,,,,,7984,,,,0.0,,0.0,,0.0
,,,0.13044175505638123,,0.8892905116081238,,,,,,,,,,,1.0,1.0,,,,,7985,,,,0.0,,0.0,,0.0
,,,0.06796874850988388,,0.8359375,,,,,,,,,,,1.0,1.0,,,,,7986,,,,0.0,,0.0,,0.0
,,,0.0711805522441864,,0.828125,,,,,,,,,,,1.0,1.0,,,,,7987,,,,0.0,,0.0,,0.0
,,,0.09065444767475128,,0.8826075792312622,,,,,,,,,,,1.0,1.0,,,,,7988,,,,0.0,,0.0,,0.0
,,,0.0338541679084301,,0.8984375,,,,,,,,,,,1.0,1.0,,,,,7989,,,,0.0,,0.0,,0.0
,,,0.03671874850988388,,0.90625,,,,,,,,,,,1.0,1.0,,,,,7990,,,,0.0,,0.0,,0.0
,,,0.11437185108661652,,0.9180509448051453,,,,,,,,,,,1.0,1.0,,,,,7991,,,,0.0,,0.0,,0.0
,,,0.0729166641831398,,0.9609375,,,,,,,,,,,1.0,1.0,,,,,7992,,,,0.0,,0.0,,0.0
,,,0.0737847238779068,,0.984375,,,,,,,,,,,1.0,1.0,,,,,7993,,,,0.0,,0.0,,0.0
,,,0.1605420708656311,,0.9896907210350037,,,,,,,,,,,1.0,1.0,,,,,7994,,,,0.0,,0.0,,0.0
,,,0.04765624925494194,,0.8671875,,,,,,,,,,,1.0,1.0,,,,,7995,,,,0.0,,0.0,,0.0
,,,0.04374999925494194,,0.8828125,,,,,,,,,,,1.0,1.0,,,,,7996,,,,0.0,,0.0,,0.0
,,,0.1294642984867096,,0.9241071343421936,,,,,,,,,,,1.0,1.0,,,,,7997,,,,0.0,,0.0,,0.0
,,,0.0546875,,0.9609375,,,,,,,,,,,1.0,1.0,,,,,7998,,,,0.0,,0.0,,0.0
,,,0.06015624850988388,,0.9765625,,,,,,,,,,,1.0,1.0,,,,,7999,,,,0.0,,0.0,,0.0
,,,0.09772943705320358,,0.8508158922195435,,,,,,,,,,,1.0,1.0,,,,,8000,,,,0.0,,0.0,,0.0
,,,0.0477430559694767,,0.84375,,,,,,,,,,,1.0,1.0,,,,,8001,,,,0.0,,0.0,,0.0
,,,0.0520833320915699,,0.8125,,,,,,,,,,,1.0,1.0,,,,,8002,,,,0.0,,0.0,,0.0
,,,0.06124234199523926,,0.9212598204612732,,,,,,,,,,,1.0,1.0,,,,,8003,,,,0.0,,0.0,,0.0
86,0.4840622544288635,0.5235542058944702,,0.8903748989105225,,,,,,,,,,,,,,76.32801818847656,34582.6875,4.335040092468262,307.29443359375,19226,,,0.0,,0.0,,0.0,
86,,,,,,0.5792118906974792,,0.8442739248275757,,13.253005027770996,,,,,,,,,,,,19226,1.7440073490142822,,,,,,,
,,,,,,,,,,,,,,2.031768300206744e-05,0.03,,,,,,,19249,,,,,,,,
87,,,,,,,0.5733517408370972,,0.8210324048995972,,12.3828125,2.030394898611121e-05,0.029999999329447746,,,1.0,1.0,,,,,19249,,1.5885822772979736,,,,,,
,,,,,,,,,,,,,,1.963652433809326e-05,0.03,,,,,,,19299,,,,,,,,
87,,,,,,,0.575059711933136,,0.831895649433136,,12.8359375,1.9623015759862028e-05,0.029999999329447746,,,1.0,1.0,,,,,19299,,1.7136671543121338,,,,,,
,,,,,,,,,,,,,,1.8966627215486225e-05,0.03,,,,,,,19349,,,,,,,,
87,,,,,,,0.5806190967559814,,0.8630897998809814,,14.125,1.89533438970102e-05,0.029999999329447746,,,1.0,1.0,,,,,19349,,2.03102970123291,,,,,,
,,,,,,,,,,,,,,1.830803341497815e-05,0.03,,,,,,,19399,,,,,,,,
87,,,,,,,0.5753964185714722,,0.8400448560714722,,13.234375,1.829497705330141e-05,0.029999999329447746,,,1.0,1.0,,,,,19399,,1.834905743598938,,,,,,
,,,0.0598958320915699,,0.8671875,,,,,,,,,,,1.0,1.0,,,,,8004,,,,0.0,,0.0,,0.0
,,,0.0546875,,0.8515625,,,,,,,,,,,1.0,1.0,,,,,8005,,,,0.0,,0.0,,0.0
,,,0.1228456199169159,,0.8751375079154968,,,,,,,,,,,1.0,1.0,,,,,8006,,,,0.0,,0.0,,0.0
,,,0.080078125,,0.9375,,,,,,,,,,,1.0,1.0,,,,,8007,,,,0.0,,0.0,,0.0
,,,0.06640625,,0.921875,,,,,,,,,,,1.0,1.0,,,,,8008,,,,0.0,,0.0,,0.0
,,,0.10933049023151398,,0.9455127716064453,,,,,,,,,,,1.0,1.0,,,,,8009,,,,0.0,,0.0,,0.0
,,,0.04062499850988388,,0.984375,,,,,,,,,,,1.0,1.0,,,,,8010,,,,0.0,,0.0,,0.0
,,,0.03828125074505806,,0.9375,,,,,,,,,,,1.0,1.0,,,,,8011,,,,0.0,,0.0,,0.0
,,,0.07238422334194183,,0.870497465133667,,,,,,,,,,,1.0,1.0,,,,,8012,,,,0.0,,0.0,,0.0
,,,0.03593749925494194,,0.8515625,,,,,,,,,,,1.0,1.0,,,,,8013,,,,0.0,,0.0,,0.0
,,,0.03203124925494194,,0.8984375,,,,,,,,,,,1.0,1.0,,,,,8014,,,,0.0,,0.0,,0.0
,,,0.04140625149011612,,0.8671875,,,,,,,,,,,1.0,1.0,,,,,8015,,,,0.0,,0.0,,0.0
,,,0.1312592625617981,,0.9880000352859497,,,,,,,,,,,1.0,1.0,,,,,8016,,,,0.0,,0.0,,0.0
,,,0.0833333358168602,,0.96875,,,,,,,,,,,1.0,1.0,,,,,8017,,,,0.0,,0.0,,0.0
,,,0.07343749701976776,,0.953125,,,,,,,,,,,1.0,1.0,,,,,8018,,,,0.0,,0.0,,0.0
,,,0.10448180139064789,,0.8342670202255249,,,,,,,,,,,1.0,1.0,,,,,8019,,,,0.0,,0.0,,0.0
,,,0.04453124850988388,,0.9140625,,,,,,,,,,,1.0,1.0,,,,,8020,,,,0.0,,0.0,,0.0
,,,0.04374999925494194,,0.921875,,,,,,,,,,,1.0,1.0,,,,,8021,,,,0.0,,0.0,,0.0
,,,0.09924241900444031,,0.9020562767982483,,,,,,,,,,,1.0,1.0,,,,,8022,,,,0.0,,0.0,,0.0
,,,0.0677083358168602,,0.8671875,,,,,,,,,,,1.0,1.0,,,,,8023,,,,0.0,,0.0,,0.0
,,,0.04921875149011612,,0.8828125,,,,,,,,,,,1.0,1.0,,,,,8024,,,,0.0,,0.0,,0.0
,,,0.09018680453300476,,0.8495641350746155,,,,,,,,,,,1.0,1.0,,,,,8025,,,,0.0,,0.0,,0.0
,,,0.03125,,0.7578125,,,,,,,,,,,1.0,1.0,,,,,8026,,,,0.0,,0.0,,0.0
,,,0.04062499850988388,,0.7734375,,,,,,,,,,,1.0,1.0,,,,,8027,,,,0.0,,0.0,,0.0
,,,0.11581280827522278,,0.8711822628974915,,,,,,,,,,,1.0,1.0,,,,,8028,,,,0.0,,0.0,,0.0
,,,0.0659722238779068,,0.9453125,,,,,,,,,,,1.0,1.0,,,,,8029,,,,0.0,,0.0,,0.0
,,,0.05859375,,0.9375,,,,,,,,,,,1.0,1.0,,,,,8030,,,,0.0,,0.0,,0.0
,,,0.11061634868383408,,0.9100629091262817,,,,,,,,,,,1.0,1.0,,,,,8031,,,,0.0,,0.0,,0.0
,,,0.0546875,,0.9140625,,,,,,,,,,,1.0,1.0,,,,,8032,,,,0.0,,0.0,,0.0
,,,0.04140625149011612,,0.8984375,,,,,,,,,,,1.0,1.0,,,,,8033,,,,0.0,,0.0,,0.0
,,,0.12086944282054901,,0.9067031145095825,,,,,,,,,,,1.0,1.0,,,,,8034,,,,0.0,,0.0,,0.0
,,,0.0607638880610466,,0.875,,,,,,,,,,,1.0,1.0,,,,,8035,,,,0.0,,0.0,,0.0
,,,0.0642361119389534,,0.8515625,,,,,,,,,,,1.0,1.0,,,,,8036,,,,0.0,,0.0,,0.0
,,,0.11315270513296127,,0.9039409160614014,,,,,,,,,,,1.0,1.0,,,,,8037,,,,0.0,,0.0,,0.0
,,,0.06953124701976776,,0.9140625,,,,,,,,,,,1.0,1.0,,,,,8038,,,,0.0,,0.0,,0.0
,,,0.0694444477558136,,0.9296875,,,,,,,,,,,1.0,1.0,,,,,8039,,,,0.0,,0.0,,0.0
,,,0.10944457352161407,,0.960484504699707,,,,,,,,,,,1.0,1.0,,,,,8040,,,,0.0,,0.0,,0.0
,,,0.03437500074505806,,0.9609375,,,,,,,,,,,1.0,1.0,,,,,8041,,,,0.0,,0.0,,0.0
,,,0.04453124850988388,,0.921875,,,,,,,,,,,1.0,1.0,,,,,8042,,,,0.0,,0.0,,0.0
,,,0.06564103066921234,,0.8521367311477661,,,,,,,,,,,1.0,1.0,,,,,8043,,,,0.0,,0.0,,0.0
,,,0.03593749925494194,,0.8671875,,,,,,,,,,,1.0,1.0,,,,,8044,,,,0.0,,0.0,,0.0
,,,0.03515625,,0.890625,,,,,,,,,,,1.0,1.0,,,,,8045,,,,0.0,,0.0,,0.0
,,,0.1306818127632141,,0.9193181991577148,,,,,,,,,,,1.0,1.0,,,,,8046,,,,0.0,,0.0,,0.0
,,,0.07734374701976776,,0.96875,,,,,,,,,,,1.0,1.0,,,,,8047,,,,0.0,,0.0,,0.0
,,,0.0859375,,0.96875,,,,,,,,,,,1.0,1.0,,,,,8048,,,,0.0,,0.0,,0.0
,,,0.11670838296413422,,0.9439924955368042,,,,,,,,,,,1.0,1.0,,,,,8049,,,,0.0,,0.0,,0.0
,,,0.0390625,,0.90625,,,,,,,,,,,1.0,1.0,,,,,8050,,,,0.0,,0.0,,0.0
,,,0.04531250149011612,,0.9140625,,,,,,,,,,,1.0,1.0,,,,,8051,,,,0.0,,0.0,,0.0
,,,0.0576171875,,0.9140625,,,,,,,,,,,1.0,1.0,,,,,8052,,,,0.0,,0.0,,0.0
,,,0.15905511379241943,,0.9566929340362549,,,,,,,,,,,1.0,1.0,,,,,8053,,,,0.0,,0.0,,0.0
,,,0.05781250074505806,,0.8828125,,,,,,,,,,,1.0,1.0,,,,,8054,,,,0.0,,0.0,,0.0
,,,0.05000000074505806,,0.875,,,,,,,,,,,1.0,1.0,,,,,8055,,,,0.0,,0.0,,0.0
,,,0.0712643712759018,,0.892241358757019,,,,,,,,,,,1.0,1.0,,,,,8056,,,,0.0,,0.0,,0.0
,,,0.03359375149011612,,0.75,,,,,,,,,,,1.0,1.0,,,,,8057,,,,0.0,,0.0,,0.0
,,,0.04296875,,0.8203125,,,,,,,,,,,1.0,1.0,,,,,8058,,,,0.0,,0.0,,0.0
,,,0.11349467933177948,,0.8307664394378662,,,,,,,,,,,1.0,1.0,,,,,8059,,,,0.0,,0.0,,0.0
,,,0.0659722238779068,,0.953125,,,,,,,,,,,1.0,1.0,,,,,8060,,,,0.0,,0.0,,0.0
,,,0.06328125298023224,,0.9296875,,,,,,,,,,,1.0,1.0,,,,,8061,,,,0.0,,0.0,,0.0
,,,0.11145833134651184,,0.9010416269302368,,,,,,,,,,,1.0,1.0,,,,,8062,,,,0.0,,0.0,,0.0
,,,0.0546875,,0.921875,,,,,,,,,,,1.0,1.0,,,,,8063,,,,0.0,,0.0,,0.0
,,,0.04765624925494194,,0.9140625,,,,,,,,,,,1.0,1.0,,,,,8064,,,,0.0,,0.0,,0.0
,,,0.1109880656003952,,0.9296788573265076,,,,,,,,,,,1.0,1.0,,,,,8065,,,,0.0,,0.0,,0.0
,,,0.0590277761220932,,0.8359375,,,,,,,,,,,1.0,1.0,,,,,8066,,,,0.0,,0.0,,0.0
,,,0.072265625,,0.859375,,,,,,,,,,,1.0,1.0,,,,,8067,,,,0.0,,0.0,,0.0
,,,0.11705014854669571,,0.9356932044029236,,,,,,,,,,,1.0,1.0,,,,,8068,,,,0.0,,0.0,,0.0
,,,0.0789930522441864,,0.8984375,,,,,,,,,,,1.0,1.0,,,,,8069,,,,0.0,,0.0,,0.0
,,,0.0849609375,,0.9453125,,,,,,,,,,,1.0,1.0,,,,,8070,,,,0.0,,0.0,,0.0
,,,0.10484848916530609,,0.9540404081344604,,,,,,,,,,,1.0,1.0,,,,,8071,,,,0.0,,0.0,,0.0
,,,0.03593749925494194,,0.9453125,,,,,,,,,,,1.0,1.0,,,,,8072,,,,0.0,,0.0,,0.0
,,,0.0390625,,0.890625,,,,,,,,,,,1.0,1.0,,,,,8073,,,,0.0,,0.0,,0.0
,,,0.08925925940275192,,0.8870370388031006,,,,,,,,,,,1.0,1.0,,,,,8074,,,,0.0,,0.0,,0.0
,,,0.03515625,,0.890625,,,,,,,,,,,1.0,1.0,,,,,8075,,,,0.0,,0.0,,0.0
,,,0.03671874850988388,,0.859375,,,,,,,,,,,1.0,1.0,,,,,8076,,,,0.0,,0.0,,0.0
,,,0.13443104922771454,,0.9435073733329773,,,,,,,,,,,1.0,1.0,,,,,8077,,,,0.0,,0.0,,0.0
,,,0.0876736119389534,,0.9765625,,,,,,,,,,,1.0,1.0,,,,,8078,,,,0.0,,0.0,,0.0
,,,0.078125,,0.9609375,,,,,,,,,,,1.0,1.0,,,,,8079,,,,0.0,,0.0,,0.0
,,,0.10366692394018173,,0.9186401963233948,,,,,,,,,,,1.0,1.0,,,,,8080,,,,0.0,,0.0,,0.0
,,,0.04062499850988388,,0.8984375,,,,,,,,,,,1.0,1.0,,,,,8081,,,,0.0,,0.0,,0.0
,,,0.04531250149011612,,0.921875,,,,,,,,,,,1.0,1.0,,,,,8082,,,,0.0,,0.0,,0.0
,,,0.10249169915914536,,0.9296788573265076,,,,,,,,,,,1.0,1.0,,,,,8083,,,,0.0,,0.0,,0.0
,,,0.06015624850988388,,0.8828125,,,,,,,,,,,1.0,1.0,,,,,8084,,,,0.0,,0.0,,0.0
,,,0.05078125,,0.8984375,,,,,,,,,,,1.0,1.0,,,,,8085,,,,0.0,,0.0,,0.0
,,,0.11064182966947556,,0.9058862924575806,,,,,,,,,,,1.0,1.0,,,,,8086,,,,0.0,,0.0,,0.0
,,,0.03359375149011612,,0.7578125,,,,,,,,,,,1.0,1.0,,,,,8087,,,,0.0,,0.0,,0.0
,,,0.03593749925494194,,0.765625,,,,,,,,,,,1.0,1.0,,,,,8088,,,,0.0,,0.0,,0.0
,,,0.12589284777641296,,0.8839285373687744,,,,,,,,,,,1.0,1.0,,,,,8089,,,,0.0,,0.0,,0.0
,,,0.06328125298023224,,0.921875,,,,,,,,,,,1.0,1.0,,,,,8090,,,,0.0,,0.0,,0.0
,,,0.05546874925494194,,0.953125,,,,,,,,,,,1.0,1.0,,,,,8091,,,,0.0,,0.0,,0.0
,,,0.12121212482452393,,0.8749028444290161,,,,,,,,,,,1.0,1.0,,,,,8092,,,,0.0,,0.0,,0.0
,,,0.0486111119389534,,0.921875,,,,,,,,,,,1.0,1.0,,,,,8093,,,,0.0,,0.0,,0.0
,,,0.04531250149011612,,0.8828125,,,,,,,,,,,1.0,1.0,,,,,8094,,,,0.0,,0.0,,0.0
,,,0.05275590345263481,,0.9370078444480896,,,,,,,,,,,1.0,1.0,,,,,8095,,,,0.0,,0.0,,0.0
87,0.4857289791107178,0.5210397243499756,,0.8996385335922241,,,,,,,,,,,,,,75.58185577392578,35322.06640625,4.325216293334961,308.885009765625,19447,,,0.0,,0.0,,0.0,
87,,,,,,0.5761274099349976,,0.8414580821990967,,13.266579627990723,,,,,,,,,,,,19447,1.7417428493499756,,,,,,,
,,,,,,,,,,,,,,1.766078401232535e-05,0.03,,,,,,,19449,,,,,,,,
88,,,,,,,0.5946504473686218,,0.8252412676811218,,11.53125,1.7647955246502534e-05,0.029999999329447746,,,1.0,1.0,,,,,19449,,1.7310166358947754,,,,,,
,,,,,,,,,,,,,,1.70249193757468e-05,0.03,,,,,,,19499,,,,,,,,
88,,,,,,,0.5908489227294922,,0.8635540008544922,,13.640625,1.7012318494380452e-05,0.029999999329447746,,,1.0,1.0,,,,,19499,,1.8142930269241333,,,,,,
,,,,,,,,,,,,,,1.6400479163406417e-05,0.03,,,,,,,19549,,,,,,,,
88,,,,,,,0.5902835726737976,,0.8561527132987976,,13.2890625,1.638810681470204e-05,0.029999999329447746,,,1.0,1.0,,,,,19549,,1.8149198293685913,,,,,,
,,,,,,,,,,,,,,1.578750232093956e-05,0.03,,,,,,,19599,,,,,,,,
88,,,,,,,0.5746365785598755,,0.8268338441848755,,12.609375,1.577536022523418e-05,0.029999999329447746,,,1.0,1.0,,,,,19599,,1.7875840663909912,,,,,,
,,,,,,,,,,,,,,1.5186027079024056e-05,0.03,,,,,,,19649,,,,,,,,
88,,,,,,,0.5760707259178162,,0.8199672102928162,,12.1953125,1.517411510576494e-05,0.029999999329447746,,,1.0,1.0,,,,,19649,,1.8549469709396362,,,,,,
,,,0.0555555559694767,,0.875,,,,,,,,,,,1.0,1.0,,,,,8096,,,,0.0,,0.0,,0.0
,,,0.07421875,,0.890625,,,,,,,,,,,1.0,1.0,,,,,8097,,,,0.0,,0.0,,0.0
,,,0.11173450946807861,,0.9085074663162231,,,,,,,,,,,1.0,1.0,,,,,8098,,,,0.0,,0.0,,0.0
,,,0.0703125,,0.8671875,,,,,,,,,,,1.0,1.0,,,,,8099,,,,0.0,,0.0,,0.0
,,,0.0677083358168602,,0.8828125,,,,,,,,,,,1.0,1.0,,,,,8100,,,,0.0,,0.0,,0.0
,,,0.09455128014087677,,0.942307710647583,,,,,,,,,,,1.0,1.0,,,,,8101,,,,0.0,,0.0,,0.0
,,,0.03437500074505806,,0.9921875,,,,,,,,,,,1.0,1.0,,,,,8102,,,,0.0,,0.0,,0.0
,,,0.03671874850988388,,0.9765625,,,,,,,,,,,1.0,1.0,,,,,8103,,,,0.0,,0.0,,0.0
,,,0.0877358466386795,,0.9442538619041443,,,,,,,,,,,1.0,1.0,,,,,8104,,,,0.0,,0.0,,0.0
,,,0.0625,,0.96875,,,,,,,,,,,1.0,1.0,,,,,8105,,,,0.0,,0.0,,0.0
,,,0.0625,,0.984375,,,,,,,,,,,1.0,1.0,,,,,8106,,,,0.0,,0.0,,0.0
,,,0.06406249850988388,,0.96875,,,,,,,,,,,1.0,1.0,,,,,8107,,,,0.0,,0.0,,0.0
,,,0.11881481856107712,,0.9600000381469727,,,,,,,,,,,1.0,1.0,,,,,8108,,,,0.0,,0.0,,0.0
,,,0.0729166641831398,,0.859375,,,,,,,,,,,1.0,1.0,,,,,8109,,,,0.0,,0.0,,0.0
,,,0.0685763880610466,,0.90625,,,,,,,,,,,1.0,1.0,,,,,8110,,,,0.0,,0.0,,0.0
,,,0.09187676012516022,,0.8520075082778931,,,,,,,,,,,1.0,1.0,,,,,8111,,,,0.0,,0.0,,0.0
,,,0.0321180559694767,,0.6953125,,,,,,,,,,,1.0,1.0,,,,,8112,,,,0.0,,0.0,,0.0
,,,0.02777777798473835,,0.78125,,,,,,,,,,,1.0,1.0,,,,,8113,,,,0.0,,0.0,,0.0
,,,0.09848485141992569,,0.8398268222808838,,,,,,,,,,,1.0,1.0,,,,,8114,,,,0.0,,0.0,,0.0
,,,0.0763888880610466,,0.953125,,,,,,,,,,,1.0,1.0,,,,,8115,,,,0.0,,0.0,,0.0
,,,0.05546874925494194,,0.9609375,,,,,,,,,,,1.0,1.0,,,,,8116,,,,0.0,,0.0,,0.0
,,,0.11479452252388,,0.9292652606964111,,,,,,,,,,,1.0,1.0,,,,,8117,,,,0.0,,0.0,,0.0
,,,0.04374999925494194,,0.796875,,,,,,,,,,,1.0,1.0,,,,,8118,,,,0.0,,0.0,,0.0
,,,0.046875,,0.828125,,,,,,,,,,,1.0,1.0,,,,,8119,,,,0.0,,0.0,,0.0
,,,0.1235467940568924,,0.8884236812591553,,,,,,,,,,,1.0,1.0,,,,,8120,,,,0.0,,0.0,,0.0
,,,0.0791015625,,0.8828125,,,,,,,,,,,1.0,1.0,,,,,8121,,,,0.0,,0.0,,0.0
,,,0.0685763880610466,,0.921875,,,,,,,,,,,1.0,1.0,,,,,8122,,,,0.0,,0.0,,0.0
,,,0.10465408861637115,,0.9061635732650757,,,,,,,,,,,1.0,1.0,,,,,8123,,,,0.0,,0.0,,0.0
,,,0.0477430559694767,,0.8984375,,,,,,,,,,,1.0,1.0,,,,,8124,,,,0.0,,0.0,,0.0
,,,0.03750000149011612,,0.875,,,,,,,,,,,1.0,1.0,,,,,8125,,,,0.0,,0.0,,0.0
,,,0.10652074962854385,,0.9124487042427063,,,,,,,,,,,1.0,1.0,,,,,8126,,,,0.0,,0.0,,0.0
,,,0.0598958320915699,,0.859375,,,,,,,,,,,1.0,1.0,,,,,8127,,,,0.0,,0.0,,0.0
,,,0.0625,,0.9140625,,,,,,,,,,,1.0,1.0,,,,,8128,,,,0.0,,0.0,,0.0
,,,0.12063491344451904,,0.8839901685714722,,,,,,,,,,,1.0,1.0,,,,,8129,,,,0.0,,0.0,,0.0
,,,0.0810546875,,0.8828125,,,,,,,,,,,1.0,1.0,,,,,8130,,,,0.0,,0.0,,0.0
,,,0.0677083358168602,,0.8828125,,,,,,,,,,,1.0,1.0,,,,,8131,,,,0.0,,0.0,,0.0
,,,0.09811597317457199,,0.943356990814209,,,,,,,,,,,1.0,1.0,,,,,8132,,,,0.0,,0.0,,0.0
,,,0.03515625,,0.9921875,,,,,,,,,,,1.0,1.0,,,,,8133,,,,0.0,,0.0,,0.0
,,,0.03750000149011612,,0.9609375,,,,,,,,,,,1.0,1.0,,,,,8134,,,,0.0,,0.0,,0.0
,,,0.09670330584049225,,0.9533577561378479,,,,,,,,,,,1.0,1.0,,,,,8135,,,,0.0,,0.0,,0.0
,,,0.05937499925494194,,0.9765625,,,,,,,,,,,1.0,1.0,,,,,8136,,,,0.0,,0.0,,0.0
,,,0.06328125298023224,,0.984375,,,,,,,,,,,1.0,1.0,,,,,8137,,,,0.0,,0.0,,0.0
,,,0.14204546809196472,,0.9579545259475708,,,,,,,,,,,1.0,1.0,,,,,8138,,,,0.0,,0.0,,0.0
,,,0.06953124701976776,,0.8828125,,,,,,,,,,,1.0,1.0,,,,,8139,,,,0.0,,0.0,,0.0
,,,0.0694444477558136,,0.875,,,,,,,,,,,1.0,1.0,,,,,8140,,,,0.0,,0.0,,0.0
,,,0.11159783601760864,,0.8933041095733643,,,,,,,,,,,1.0,1.0,,,,,8141,,,,0.0,,0.0,,0.0
,,,0.02604166604578495,,0.75,,,,,,,,,,,1.0,1.0,,,,,8142,,,,0.0,,0.0,,0.0
,,,0.02812499925494194,,0.7421875,,,,,,,,,,,1.0,1.0,,,,,8143,,,,0.0,,0.0,,0.0
,,,0.0380859375,,0.78125,,,,,,,,,,,1.0,1.0,,,,,8144,,,,0.0,,0.0,,0.0
,,,0.06614173203706741,,0.9763779640197754,,,,,,,,,,,1.0,1.0,,,,,8145,,,,0.0,,0.0,,0.0
,,,0.0720486119389534,,0.953125,,,,,,,,,,,1.0,1.0,,,,,8146,,,,0.0,,0.0,,0.0
,,,0.0625,,0.96875,,,,,,,,,,,1.0,1.0,,,,,8147,,,,0.0,,0.0,,0.0
,,,0.10833333432674408,,0.9267241358757019,,,,,,,,,,,1.0,1.0,,,,,8148,,,,0.0,,0.0,,0.0
,,,0.0477430559694767,,0.78125,,,,,,,,,,,1.0,1.0,,,,,8149,,,,0.0,,0.0,,0.0
,,,0.04765624925494194,,0.859375,,,,,,,,,,,1.0,1.0,,,,,8150,,,,0.0,,0.0,,0.0
,,,0.12115877866744995,,0.8171983957290649,,,,,,,,,,,1.0,1.0,,,,,8151,,,,0.0,,0.0,,0.0
,,,0.06484375149011612,,0.9140625,,,,,,,,,,,1.0,1.0,,,,,8152,,,,0.0,,0.0,,0.0
,,,0.0694444477558136,,0.921875,,,,,,,,,,,1.0,1.0,,,,,8153,,,,0.0,,0.0,,0.0
,,,0.10995370149612427,,0.875,,,,,,,,,,,1.0,1.0,,,,,8154,,,,0.0,,0.0,,0.0
,,,0.0442708320915699,,0.890625,,,,,,,,,,,1.0,1.0,,,,,8155,,,,0.0,,0.0,,0.0
,,,0.04374999925494194,,0.90625,,,,,,,,,,,1.0,1.0,,,,,8156,,,,0.0,,0.0,,0.0
,,,0.09800665080547333,,0.9122369885444641,,,,,,,,,,,1.0,1.0,,,,,8157,,,,0.0,,0.0,,0.0
,,,0.0732421875,,0.8671875,,,,,,,,,,,1.0,1.0,,,,,8158,,,,0.0,,0.0,,0.0
,,,0.0598958320915699,,0.9140625,,,,,,,,,,,1.0,1.0,,,,,8159,,,,0.0,,0.0,,0.0
,,,0.12710587680339813,,0.880236029624939,,,,,,,,,,,1.0,1.0,,,,,8160,,,,0.0,,0.0,,0.0
,,,0.0703125,,0.875,,,,,,,,,,,1.0,1.0,,,,,8161,,,,0.0,,0.0,,0.0
,,,0.0659722238779068,,0.859375,,,,,,,,,,,1.0,1.0,,,,,8162,,,,0.0,,0.0,,0.0
,,,0.09747475385665894,,0.9954545497894287,,,,,,,,,,,1.0,1.0,,,,,8163,,,,0.0,,0.0,,0.0
,,,0.03281249850988388,,0.9765625,,,,,,,,,,,1.0,1.0,,,,,8164,,,,0.0,,0.0,,0.0
,,,0.03671874850988388,,0.9609375,,,,,,,,,,,1.0,1.0,,,,,8165,,,,0.0,,0.0,,0.0
,,,0.11240740865468979,,0.9768518209457397,,,,,,,,,,,1.0,1.0,,,,,8166,,,,0.0,,0.0,,0.0
,,,0.06093750149011612,,0.984375,,,,,,,,,,,1.0,1.0,,,,,8167,,,,0.0,,0.0,,0.0
,,,0.06484375149011612,,0.9765625,,,,,,,,,,,1.0,1.0,,,,,8168,,,,0.0,,0.0,,0.0
,,,0.14479249715805054,,0.9416332244873047,,,,,,,,,,,1.0,1.0,,,,,8169,,,,0.0,,0.0,,0.0
,,,0.0755208358168602,,0.8828125,,,,,,,,,,,1.0,1.0,,,,,8170,,,,0.0,,0.0,,0.0
,,,0.0737847238779068,,0.8828125,,,,,,,,,,,1.0,1.0,,,,,8171,,,,0.0,,0.0,,0.0
,,,0.0854596421122551,,0.8730583190917969,,,,,,,,,,,1.0,1.0,,,,,8172,,,,0.0,,0.0,,0.0
,,,0.0302734375,,0.71875,,,,,,,,,,,1.0,1.0,,,,,8173,,,,0.0,,0.0,,0.0
,,,0.02890625037252903,,0.7734375,,,,,,,,,,,1.0,1.0,,,,,8174,,,,0.0,,0.0,,0.0
,,,0.10038760304450989,,0.859634518623352,,,,,,,,,,,1.0,1.0,,,,,8175,,,,0.0,,0.0,,0.0
,,,0.0737847238779068,,0.9453125,,,,,,,,,,,1.0,1.0,,,,,8176,,,,0.0,,0.0,,0.0
,,,0.0668402761220932,,0.9765625,,,,,,,,,,,1.0,1.0,,,,,8177,,,,0.0,,0.0,,0.0
,,,0.12444296479225159,,0.9684070348739624,,,,,,,,,,,1.0,1.0,,,,,8178,,,,0.0,,0.0,,0.0
,,,0.046875,,0.796875,,,,,,,,,,,1.0,1.0,,,,,8179,,,,0.0,,0.0,,0.0
,,,0.04140625149011612,,0.7890625,,,,,,,,,,,1.0,1.0,,,,,8180,,,,0.0,,0.0,,0.0
,,,0.13214285671710968,,0.8973214626312256,,,,,,,,,,,1.0,1.0,,,,,8181,,,,0.0,,0.0,,0.0
,,,0.0729166641831398,,0.90625,,,,,,,,,,,1.0,1.0,,,,,8182,,,,0.0,,0.0,,0.0
,,,0.06328125298023224,,0.921875,,,,,,,,,,,1.0,1.0,,,,,8183,,,,0.0,,0.0,,0.0
,,,0.08952775597572327,,0.8706293702125549,,,,,,,,,,,1.0,1.0,,,,,8184,,,,0.0,,0.0,,0.0
,,,0.0460069440305233,,0.90625,,,,,,,,,,,1.0,1.0,,,,,8185,,,,0.0,,0.0,,0.0
,,,0.04218750074505806,,0.8828125,,,,,,,,,,,1.0,1.0,,,,,8186,,,,0.0,,0.0,,0.0
,,,0.0516185462474823,,0.9291338324546814,,,,,,,,,,,1.0,1.0,,,,,8187,,,,0.0,,0.0,,0.0
88,0.4896332621574402,0.5239535570144653,,0.8977359533309937,,,,,,,,,,,,,,75.80264282226562,35364.0234375,4.3281331062316895,308.5657653808594,19668,,,0.0,,0.0,,0.0,
88,,,,,,0.5777745246887207,,0.8420328497886658,,13.212882041931152,,,,,,,,,,,,19668,1.7562254667282104,,,,,,,
,,,,,,,,,,,,,,1.4596090950995787e-05,0.03,,,,,,,19699,,,,,,,,
89,,,,,,,0.5701545476913452,,0.8216193914413452,,12.578125,1.4584410564566497e-05,0.029999999329447746,,,1.0,1.0,,,,,19699,,1.8792086839675903,,,,,,
,,,,,,,,,,,,,,1.4017730730509154e-05,0.03,,,,,,,19749,,,,,,,,
89,,,,,,,0.5743389129638672,,0.8482646942138672,,13.6953125,1.4006282071932219e-05,0.029999999329447746,,,1.0,1.0,,,,,19749,,1.5310826301574707,,,,,,
,,,,,,,,,,,,,,1.3450982489242123e-05,0.03,,,,,,,19799,,,,,,,,
89,,,,,,,0.5793424248695374,,0.8400846123695374,,13.0390625,1.3439766007650178e-05,0.029999999329447746,,,1.0,1.0,,,,,19799,,1.9064114093780518,,,,,,
,,,,,,,,,,,,,,1.289588157464651e-05,0.03,,,,,,,19849,,,,,,,,
89,,,,,,,0.5757264494895935,,0.8203553557395935,,12.234375,1.2884898751508445e-05,0.029999999329447746,,,1.0,1.0,,,,,19849,,1.8346824645996094,,,,,,
,,,0.04921875149011612,,0.7578125,,,,,,,,,,,1.0,1.0,,,,,8188,,,,0.0,,0.0,,0.0
,,,0.0590277761220932,,0.796875,,,,,,,,,,,1.0,1.0,,,,,8189,,,,0.0,,0.0,,0.0
,,,0.11470480263233185,,0.8590025901794434,,,,,,,,,,,1.0,1.0,,,,,8190,,,,0.0,,0.0,,0.0
,,,0.0737847238779068,,0.9296875,,,,,,,,,,,1.0,1.0,,,,,8191,,,,0.0,,0.0,,0.0
,,,0.078125,,0.9453125,,,,,,,,,,,1.0,1.0,,,,,8192,,,,0.0,,0.0,,0.0
,,,0.1478937715291977,,0.8685897588729858,,,,,,,,,,,1.0,1.0,,,,,8193,,,,0.0,,0.0,,0.0
,,,0.03437500074505806,,0.9296875,,,,,,,,,,,1.0,1.0,,,,,8194,,,,0.0,,0.0,,0.0
,,,0.0303819440305233,,0.9296875,,,,,,,,,,,1.0,1.0,,,,,8195,,,,0.0,,0.0,,0.0
,,,0.043825045228004456,,0.8563464879989624,,,,,,,,,,,1.0,1.0,,,,,8196,,,,0.0,,0.0,,0.0
,,,0.02734375,,0.8359375,,,,,,,,,,,1.0,1.0,,,,,8197,,,,0.0,,0.0,,0.0
,,,0.02265625074505806,,0.8828125,,,,,,,,,,,1.0,1.0,,,,,8198,,,,0.0,,0.0,,0.0
,,,0.01953125,,0.875,,,,,,,,,,,1.0,1.0,,,,,8199,,,,0.0,,0.0,,0.0
,,,0.14766666293144226,,0.9800000190734863,,,,,,,,,,,1.0,1.0,,,,,8200,,,,0.0,,0.0,,0.0
,,,0.0885416641831398,,0.9453125,,,,,,,,,,,1.0,1.0,,,,,8201,,,,0.0,,0.0,,0.0
,,,0.0859375,,0.953125,,,,,,,,,,,1.0,1.0,,,,,8202,,,,0.0,,0.0,,0.0
,,,0.11307190358638763,,0.9066293239593506,,,,,,,,,,,1.0,1.0,,,,,8203,,,,0.0,,0.0,,0.0
,,,0.05078125,,0.8828125,,,,,,,,,,,1.0,1.0,,,,,8204,,,,0.0,,0.0,,0.0
,,,0.03437500074505806,,0.921875,,,,,,,,,,,1.0,1.0,,,,,8205,,,,0.0,,0.0,,0.0
,,,0.123496875166893,,0.9247835874557495,,,,,,,,,,,1.0,1.0,,,,,8206,,,,0.0,,0.0,,0.0
,,,0.0789930522441864,,0.9765625,,,,,,,,,,,1.0,1.0,,,,,8207,,,,0.0,,0.0,,0.0
,,,0.06796874850988388,,0.96875,,,,,,,,,,,1.0,1.0,,,,,8208,,,,0.0,,0.0,,0.0
,,,0.1161394715309143,,0.9498132467269897,,,,,,,,,,,1.0,1.0,,,,,8209,,,,0.0,,0.0,,0.0
,,,0.0460069440305233,,0.84375,,,,,,,,,,,1.0,1.0,,,,,8210,,,,0.0,,0.0,,0.0
,,,0.04374999925494194,,0.859375,,,,,,,,,,,1.0,1.0,,,,,8211,,,,0.0,,0.0,,0.0
,,,0.09172413498163223,,0.8697044253349304,,,,,,,,,,,1.0,1.0,,,,,8212,,,,0.0,,0.0,,0.0
,,,0.0416666679084301,,0.8671875,,,,,,,,,,,1.0,1.0,,,,,8213,,,,0.0,,0.0,,0.0
,,,0.03828125074505806,,0.8671875,,,,,,,,,,,1.0,1.0,,,,,8214,,,,0.0,,0.0,,0.0
,,,0.10070440173149109,,0.8955974578857422,,,,,,,,,,,1.0,1.0,,,,,8215,,,,0.0,,0.0,,0.0
,,,0.1223958358168602,,0.9375,,,,,,,,,,,1.0,1.0,,,,,8216,,,,0.0,,0.0,,0.0
,,,0.0694444477558136,,0.9375,,,,,,,,,,,1.0,1.0,,,,,8217,,,,0.0,,0.0,,0.0
,,,0.14178447425365448,,0.9125854969024658,,,,,,,,,,,1.0,1.0,,,,,8218,,,,0.0,,0.0,,0.0
,,,0.0538194440305233,,0.734375,,,,,,,,,,,1.0,1.0,,,,,8219,,,,0.0,,0.0,,0.0
,,,0.05312500149011612,,0.7890625,,,,,,,,,,,1.0,1.0,,,,,8220,,,,0.0,,0.0,,0.0
,,,0.12320196628570557,,0.8795566558837891,,,,,,,,,,,1.0,1.0,,,,,8221,,,,0.0,,0.0,,0.0
,,,0.0755208358168602,,0.921875,,,,,,,,,,,1.0,1.0,,,,,8222,,,,0.0,,0.0,,0.0
,,,0.0859375,,0.9296875,,,,,,,,,,,1.0,1.0,,,,,8223,,,,0.0,,0.0,,0.0
,,,0.12176820635795593,,0.9067776203155518,,,,,,,,,,,1.0,1.0,,,,,8224,,,,0.0,,0.0,,0.0
,,,0.02578124962747097,,0.9296875,,,,,,,,,,,1.0,1.0,,,,,8225,,,,0.0,,0.0,,0.0
,,,0.0390625,,0.8984375,,,,,,,,,,,1.0,1.0,,,,,8226,,,,0.0,,0.0,,0.0
,,,0.040732599794864655,,0.8360195159912109,,,,,,,,,,,1.0,1.0,,,,,8227,,,,0.0,,0.0,,0.0
,,,0.02890625037252903,,0.8828125,,,,,,,,,,,1.0,1.0,,,,,8228,,,,0.0,,0.0,,0.0
,,,0.02109375037252903,,0.90625,,,,,,,,,,,1.0,1.0,,,,,8229,,,,0.0,,0.0,,0.0
,,,0.12095959484577179,,0.9181817770004272,,,,,,,,,,,1.0,1.0,,,,,8230,,,,0.0,,0.0,,0.0
,,,0.0902777761220932,,0.9453125,,,,,,,,,,,1.0,1.0,,,,,8231,,,,0.0,,0.0,,0.0
,,,0.0986328125,,0.9609375,,,,,,,,,,,1.0,1.0,,,,,8232,,,,0.0,,0.0,,0.0
,,,0.11802253127098083,,0.9734042882919312,,,,,,,,,,,1.0,1.0,,,,,8233,,,,0.0,,0.0,,0.0
,,,0.03984374925494194,,0.90625,,,,,,,,,,,1.0,1.0,,,,,8234,,,,0.0,,0.0,,0.0
,,,0.0425347238779068,,0.8984375,,,,,,,,,,,1.0,1.0,,,,,8235,,,,0.0,,0.0,,0.0
,,,0.0477430559694767,,0.9296875,,,,,,,,,,,1.0,1.0,,,,,8236,,,,0.0,,0.0,,0.0
,,,0.09055118262767792,,0.4842519760131836,,,,,,,,,,,1.0,1.0,,,,,8237,,,,0.0,,0.0,,0.0
,,,0.0948660746216774,,0.96875,,,,,,,,,,,1.0,1.0,,,,,8238,,,,0.0,,0.0,,0.0
,,,0.078125,,0.984375,,,,,,,,,,,1.0,1.0,,,,,8239,,,,0.0,,0.0,,0.0
,,,0.08821839094161987,,0.9482758641242981,,,,,,,,,,,1.0,1.0,,,,,8240,,,,0.0,,0.0,,0.0
,,,0.0425347238779068,,0.8046875,,,,,,,,,,,1.0,1.0,,,,,8241,,,,0.0,,0.0,,0.0
,,,0.04140625149011612,,0.875,,,,,,,,,,,1.0,1.0,,,,,8242,,,,0.0,,0.0,,0.0
,,,0.0852951928973198,,0.8764209747314453,,,,,,,,,,,1.0,1.0,,,,,8243,,,,0.0,,0.0,,0.0
,,,0.0442708320915699,,0.875,,,,,,,,,,,1.0,1.0,,,,,8244,,,,0.0,,0.0,,0.0
,,,0.04218750074505806,,0.8828125,,,,,,,,,,,1.0,1.0,,,,,8245,,,,0.0,,0.0,,0.0
,,,0.12109375,,0.8802083730697632,,,,,,,,,,,1.0,1.0,,,,,8246,,,,0.0,,0.0,,0.0
,,,0.078125,,0.953125,,,,,,,,,,,1.0,1.0,,,,,8247,,,,0.0,,0.0,,0.0
,,,0.0830078125,,0.953125,,,,,,,,,,,1.0,1.0,,,,,8248,,,,0.0,,0.0,,0.0
,,,0.11439645290374756,,0.8657253980636597,,,,,,,,,,,1.0,1.0,,,,,8249,,,,0.0,,0.0,,0.0
,,,0.05234374850988388,,0.75,,,,,,,,,,,1.0,1.0,,,,,8250,,,,0.0,,0.0,,0.0
,,,0.0633680522441864,,0.8203125,,,,,,,,,,,1.0,1.0,,,,,8251,,,,0.0,,0.0,,0.0
,,,0.12283186614513397,,0.8935103416442871,,,,,,,,,,,1.0,1.0,,,,,8252,,,,0.0,,0.0,,0.0
,,,0.0849609375,,0.921875,,,,,,,,,,,1.0,1.0,,,,,8253,,,,0.0,,0.0,,0.0
,,,0.0694444477558136,,0.921875,,,,,,,,,,,1.0,1.0,,,,,8254,,,,0.0,,0.0,,0.0
,,,0.12278339266777039,,0.9590909481048584,,,,,,,,,,,1.0,1.0,,,,,8255,,,,0.0,,0.0,,0.0
,,,0.02734375,,0.921875,,,,,,,,,,,1.0,1.0,,,,,8256,,,,0.0,,0.0,,0.0
,,,0.0338541679084301,,0.84375,,,,,,,,,,,1.0,1.0,,,,,8257,,,,0.0,,0.0,,0.0
,,,0.06000000238418579,,0.8666666746139526,,,,,,,,,,,1.0,1.0,,,,,8258,,,,0.0,,0.0,,0.0
,,,0.02656250074505806,,0.9140625,,,,,,,,,,,1.0,1.0,,,,,8259,,,,0.0,,0.0,,0.0
,,,0.01953125,,0.875,,,,,,,,,,,1.0,1.0,,,,,8260,,,,0.0,,0.0,,0.0
,,,0.13095344603061676,,0.920348048210144,,,,,,,,,,,1.0,1.0,,,,,8261,,,,0.0,,0.0,,0.0
,,,0.0894097238779068,,0.953125,,,,,,,,,,,1.0,1.0,,,,,8262,,,,0.0,,0.0,,0.0
,,,0.1015625,,0.9609375,,,,,,,,,,,1.0,1.0,,,,,8263,,,,0.0,,0.0,,0.0
,,,0.10695187747478485,,0.9413037896156311,,,,,,,,,,,1.0,1.0,,,,,8264,,,,0.0,,0.0,,0.0
,,,0.0451388880610466,,0.890625,,,,,,,,,,,1.0,1.0,,,,,8265,,,,0.0,,0.0,,0.0
,,,0.0425347238779068,,0.90625,,,,,,,,,,,1.0,1.0,,,,,8266,,,,0.0,,0.0,,0.0
,,,0.12281285226345062,,0.9413067698478699,,,,,,,,,,,1.0,1.0,,,,,8267,,,,0.0,,0.0,,0.0
,,,0.0746527761220932,,0.9765625,,,,,,,,,,,1.0,1.0,,,,,8268,,,,0.0,,0.0,,0.0
,,,0.0789930522441864,,0.9765625,,,,,,,,,,,1.0,1.0,,,,,8269,,,,0.0,,0.0,,0.0
,,,0.14141078293323517,,0.9735616445541382,,,,,,,,,,,1.0,1.0,,,,,8270,,,,0.0,,0.0,,0.0
,,,0.04296875,,0.84375,,,,,,,,,,,1.0,1.0,,,,,8271,,,,0.0,,0.0,,0.0
,,,0.0416666679084301,,0.828125,,,,,,,,,,,1.0,1.0,,,,,8272,,,,0.0,,0.0,,0.0
,,,0.11071428656578064,,0.8973214626312256,,,,,,,,,,,1.0,1.0,,,,,8273,,,,0.0,,0.0,,0.0
,,,0.044921875,,0.859375,,,,,,,,,,,1.0,1.0,,,,,8274,,,,0.0,,0.0,,0.0
,,,0.04140625149011612,,0.875,,,,,,,,,,,1.0,1.0,,,,,8275,,,,0.0,,0.0,,0.0
,,,0.11118881404399872,,0.8904429078102112,,,,,,,,,,,1.0,1.0,,,,,8276,,,,0.0,,0.0,,0.0
,,,0.1037946417927742,,0.9375,,,,,,,,,,,1.0,1.0,,,,,8277,,,,0.0,,0.0,,0.0
,,,0.0711805522441864,,0.9375,,,,,,,,,,,1.0,1.0,,,,,8278,,,,0.0,,0.0,,0.0
,,,0.10348706692457199,,0.960629940032959,,,,,,,,,,,1.0,1.0,,,,,8279,,,,0.0,,0.0,,0.0
89,0.48485901951789856,0.5125899910926819,,0.8996585607528687,,,,,,,,,,,,,,77.33110809326172,33494.16796875,4.3480963706970215,304.11053466796875,19889,,,0.0,,0.0,,0.0,
89,,,,,,0.5769237279891968,,0.8388622403144836,,13.096966743469238,,,,,,,,,,,,19889,1.7852966785430908,,,,,,,
,,,,,,,,,,,,,,1.2352462607743534e-05,0.03,,,,,,,19899,,,,,,,,
90,,,,,,,0.5584899187088013,,0.8007994890213013,,12.1171875,1.2341713954810984e-05,0.029999999329447746,,,1.0,1.0,,,,,19899,,1.6765046119689941,,,,,,
,,,,,,,,,,,,,,1.1820759480964366e-05,0.03,,,,,,,19949,,,,,,,,
90,,,,,,,0.5714390873908997,,0.8294957280158997,,12.8984375,1.1810245268861763e-05,0.029999999329447746,,,1.0,1.0,,,,,19949,,1.7293989658355713,,,,,,
,,,,,,,,,,,,,,1.1300805356036402e-05,0.03,,,,,,,19999,,,,,,,,
90,,,,,,,0.5617260932922363,,0.8212475776672363,,12.9765625,1.1290526344964746e-05,0.029999999329447746,,,1.0,1.0,,,,,19999,,1.4922058582305908,,,,,,
,,,,,,,,,,,,,,1.0792632661914969e-05,0.03,,,,,,,20049,,,,,,,,
90,,,,,,,0.5796448588371277,,0.8284241557121277,,12.4375,1.0782589924929198e-05,0.029999999329447746,,,1.0,1.0,,,,,20049,,1.810870885848999,,,,,,
,,,,,,,,,,,,,,1.0296273092760793e-05,0.03,,,,,,,20099,,,,,,,,
90,,,,,,,0.5537815093994141,,0.8150119781494141,,13.0625,1.0286466931574978e-05,0.029999999329447746,,,1.0,1.0,,,,,20099,,1.5913140773773193,,,,,,
,,,0.04374999925494194,,0.875,,,,,,,,,,,1.0,1.0,,,,,8280,,,,0.0,,0.0,,0.0
,,,0.06640625,,0.890625,,,,,,,,,,,1.0,1.0,,,,,8281,,,,0.0,,0.0,,0.0
,,,0.12827283143997192,,0.9171250462532043,,,,,,,,,,,1.0,1.0,,,,,8282,,,,0.0,,0.0,,0.0
,,,0.07109375298023224,,0.9453125,,,,,,,,,,,1.0,1.0,,,,,8283,,,,0.0,,0.0,,0.0
,,,0.06718750298023224,,0.9375,,,,,,,,,,,1.0,1.0,,,,,8284,,,,0.0,,0.0,,0.0
,,,0.1354166716337204,,0.8990384340286255,,,,,,,,,,,1.0,1.0,,,,,8285,,,,0.0,,0.0,,0.0
,,,0.03437500074505806,,0.90625,,,,,,,,,,,1.0,1.0,,,,,8286,,,,0.0,,0.0,,0.0
,,,0.0434027761220932,,0.8984375,,,,,,,,,,,1.0,1.0,,,,,8287,,,,0.0,,0.0,,0.0
,,,0.08490566164255142,,0.8421955108642578,,,,,,,,,,,1.0,1.0,,,,,8288,,,,0.0,,0.0,,0.0
,,,0.0685763880610466,,0.8828125,,,,,,,,,,,1.0,1.0,,,,,8289,,,,0.0,,0.0,,0.0
,,,0.05859375,,0.8828125,,,,,,,,,,,1.0,1.0,,,,,8290,,,,0.0,,0.0,,0.0
,,,0.06406249850988388,,0.8984375,,,,,,,,,,,1.0,1.0,,,,,8291,,,,0.0,,0.0,,0.0
,,,0.16118517518043518,,0.9679999947547913,,,,,,,,,,,1.0,1.0,,,,,8292,,,,0.0,,0.0,,0.0
,,,0.0755208358168602,,0.9140625,,,,,,,,,,,1.0,1.0,,,,,8293,,,,0.0,,0.0,,0.0
,,,0.0755208358168602,,0.90625,,,,,,,,,,,1.0,1.0,,,,,8294,,,,0.0,,0.0,,0.0
,,,0.10130719095468521,,0.846872091293335,,,,,,,,,,,1.0,1.0,,,,,8295,,,,0.0,,0.0,,0.0
,,,0.0338541679084301,,0.921875,,,,,,,,,,,1.0,1.0,,,,,8296,,,,0.0,,0.0,,0.0
,,,0.0407986119389534,,0.9140625,,,,,,,,,,,1.0,1.0,,,,,8297,,,,0.0,,0.0,,0.0
,,,0.08344155550003052,,0.947510838508606,,,,,,,,,,,1.0,1.0,,,,,8298,,,,0.0,,0.0,,0.0
,,,0.076171875,,0.9453125,,,,,,,,,,,1.0,1.0,,,,,8299,,,,0.0,,0.0,,0.0
,,,0.0590277761220932,,0.90625,,,,,,,,,,,1.0,1.0,,,,,8300,,,,0.0,,0.0,,0.0
,,,0.12956967949867249,,0.9292652606964111,,,,,,,,,,,1.0,1.0,,,,,8301,,,,0.0,,0.0,,0.0
,,,0.04765624925494194,,0.796875,,,,,,,,,,,1.0,1.0,,,,,8302,,,,0.0,,0.0,,0.0
,,,0.04609375074505806,,0.8359375,,,,,,,,,,,1.0,1.0,,,,,8303,,,,0.0,,0.0,,0.0
,,,0.11753694713115692,,0.8768472671508789,,,,,,,,,,,1.0,1.0,,,,,8304,,,,0.0,,0.0,,0.0
,,,0.0651041641831398,,0.8828125,,,,,,,,,,,1.0,1.0,,,,,8305,,,,0.0,,0.0,,0.0
,,,0.05937499925494194,,0.9453125,,,,,,,,,,,1.0,1.0,,,,,8306,,,,0.0,,0.0,,0.0
,,,0.1208106130361557,,0.8889307975769043,,,,,,,,,,,1.0,1.0,,,,,8307,,,,0.0,,0.0,,0.0
,,,0.076171875,,0.9765625,,,,,,,,,,,1.0,1.0,,,,,8308,,,,0.0,,0.0,,0.0
,,,0.04453124850988388,,0.9375,,,,,,,,,,,1.0,1.0,,,,,8309,,,,0.0,,0.0,,0.0
,,,0.11837665736675262,,0.9009575843811035,,,,,,,,,,,1.0,1.0,,,,,8310,,,,0.0,,0.0,,0.0
,,,0.04843749850988388,,0.8515625,,,,,,,,,,,1.0,1.0,,,,,8311,,,,0.0,,0.0,,0.0
,,,0.05078125,,0.9140625,,,,,,,,,,,1.0,1.0,,,,,8312,,,,0.0,,0.0,,0.0
,,,0.12428571283817291,,0.8953201770782471,,,,,,,,,,,1.0,1.0,,,,,8313,,,,0.0,,0.0,,0.0
,,,0.0703125,,0.9375,,,,,,,,,,,1.0,1.0,,,,,8314,,,,0.0,,0.0,,0.0
,,,0.0746527761220932,,0.90625,,,,,,,,,,,1.0,1.0,,,,,8315,,,,0.0,,0.0,,0.0
,,,0.10660631209611893,,0.9142402410507202,,,,,,,,,,,1.0,1.0,,,,,8316,,,,0.0,,0.0,,0.0
,,,0.03750000149011612,,0.8984375,,,,,,,,,,,1.0,1.0,,,,,8317,,,,0.0,,0.0,,0.0
,,,0.0390625,,0.875,,,,,,,,,,,1.0,1.0,,,,,8318,,,,0.0,,0.0,,0.0
,,,0.09347985684871674,,0.8514041900634766,,,,,,,,,,,1.0,1.0,,,,,8319,,,,0.0,,0.0,,0.0
,,,0.06015624850988388,,0.90625,,,,,,,,,,,1.0,1.0,,,,,8320,,,,0.0,,0.0,,0.0
,,,0.06171875074505806,,0.890625,,,,,,,,,,,1.0,1.0,,,,,8321,,,,0.0,,0.0,,0.0
,,,0.14113636314868927,,0.9113636016845703,,,,,,,,,,,1.0,1.0,,,,,8322,,,,0.0,,0.0,,0.0
,,,0.07265625149011612,,0.921875,,,,,,,,,,,1.0,1.0,,,,,8323,,,,0.0,,0.0,,0.0
,,,0.0763888880610466,,0.921875,,,,,,,,,,,1.0,1.0,,,,,8324,,,,0.0,,0.0,,0.0
,,,0.09881101548671722,,0.9120776057243347,,,,,,,,,,,1.0,1.0,,,,,8325,,,,0.0,,0.0,,0.0
,,,0.03125,,0.9140625,,,,,,,,,,,1.0,1.0,,,,,8326,,,,0.0,,0.0,,0.0
,,,0.02968749962747097,,0.90625,,,,,,,,,,,1.0,1.0,,,,,8327,,,,0.0,,0.0,,0.0
,,,0.0390625,,0.9375,,,,,,,,,,,1.0,1.0,,,,,8328,,,,0.0,,0.0,,0.0
,,,0.16062992811203003,,0.9724409580230713,,,,,,,,,,,1.0,1.0,,,,,8329,,,,0.0,,0.0,,0.0
,,,0.0703125,,0.953125,,,,,,,,,,,1.0,1.0,,,,,8330,,,,0.0,,0.0,,0.0
,,,0.0659722238779068,,0.9140625,,,,,,,,,,,1.0,1.0,,,,,8331,,,,0.0,,0.0,,0.0
,,,0.10086207091808319,,0.9137930870056152,,,,,,,,,,,1.0,1.0,,,,,8332,,,,0.0,,0.0,,0.0
,,,0.04453124850988388,,0.796875,,,,,,,,,,,1.0,1.0,,,,,8333,,,,0.0,,0.0,,0.0
,,,0.04765624925494194,,0.8828125,,,,,,,,,,,1.0,1.0,,,,,8334,,,,0.0,,0.0,,0.0
,,,0.11917857825756073,,0.8443344831466675,,,,,,,,,,,1.0,1.0,,,,,8335,,,,0.0,,0.0,,0.0
,,,0.05781250074505806,,0.8984375,,,,,,,,,,,1.0,1.0,,,,,8336,,,,0.0,,0.0,,0.0
,,,0.05937499925494194,,0.9140625,,,,,,,,,,,1.0,1.0,,,,,8337,,,,0.0,,0.0,,0.0
,,,0.12384259700775146,,0.8697916269302368,,,,,,,,,,,1.0,1.0,,,,,8338,,,,0.0,,0.0,,0.0
,,,0.0693359375,,0.953125,,,,,,,,,,,1.0,1.0,,,,,8339,,,,0.0,,0.0,,0.0
,,,0.0572916679084301,,0.953125,,,,,,,,,,,1.0,1.0,,,,,8340,,,,0.0,,0.0,,0.0
,,,0.10994216799736023,,0.918327808380127,,,,,,,,,,,1.0,1.0,,,,,8341,,,,0.0,,0.0,,0.0
,,,0.04921875149011612,,0.859375,,,,,,,,,,,1.0,1.0,,,,,8342,,,,0.0,,0.0,,0.0
,,,0.0590277761220932,,0.8984375,,,,,,,,,,,1.0,1.0,,,,,8343,,,,0.0,,0.0,,0.0
,,,0.1250147521495819,,0.9067846536636353,,,,,,,,,,,1.0,1.0,,,,,8344,,,,0.0,,0.0,,0.0
,,,0.07265625149011612,,0.9140625,,,,,,,,,,,1.0,1.0,,,,,8345,,,,0.0,,0.0,,0.0
,,,0.0746527761220932,,0.8984375,,,,,,,,,,,1.0,1.0,,,,,8346,,,,0.0,,0.0,,0.0
,,,0.11232323944568634,,0.9545454978942871,,,,,,,,,,,1.0,1.0,,,,,8347,,,,0.0,,0.0,,0.0
,,,0.04062499850988388,,0.8984375,,,,,,,,,,,1.0,1.0,,,,,8348,,,,0.0,,0.0,,0.0
,,,0.03359375149011612,,0.8515625,,,,,,,,,,,1.0,1.0,,,,,8349,,,,0.0,,0.0,,0.0
,,,0.10111111402511597,,0.8194444179534912,,,,,,,,,,,1.0,1.0,,,,,8350,,,,0.0,,0.0,,0.0
,,,0.06093750149011612,,0.90625,,,,,,,,,,,1.0,1.0,,,,,8351,,,,0.0,,0.0,,0.0
,,,0.06328125298023224,,0.8671875,,,,,,,,,,,1.0,1.0,,,,,8352,,,,0.0,,0.0,,0.0
,,,0.1497991979122162,,0.9476572871208191,,,,,,,,,,,1.0,1.0,,,,,8353,,,,0.0,,0.0,,0.0
,,,0.0798611119389534,,0.90625,,,,,,,,,,,1.0,1.0,,,,,8354,,,,0.0,,0.0,,0.0
,,,0.078125,,0.9296875,,,,,,,,,,,1.0,1.0,,,,,8355,,,,0.0,,0.0,,0.0
,,,0.08808250725269318,,0.8826075792312622,,,,,,,,,,,1.0,1.0,,,,,8356,,,,0.0,,0.0,,0.0
,,,0.0390625,,0.90625,,,,,,,,,,,1.0,1.0,,,,,8357,,,,0.0,,0.0,,0.0
,,,0.03281249850988388,,0.9140625,,,,,,,,,,,1.0,1.0,,,,,8358,,,,0.0,,0.0,,0.0
,,,0.09440752863883972,,0.9471206665039062,,,,,,,,,,,1.0,1.0,,,,,8359,,,,0.0,,0.0,,0.0
,,,0.0668402761220932,,0.9453125,,,,,,,,,,,1.0,1.0,,,,,8360,,,,0.0,,0.0,,0.0
,,,0.0693359375,,0.9453125,,,,,,,,,,,1.0,1.0,,,,,8361,,,,0.0,,0.0,,0.0
,,,0.12108413875102997,,0.9477884769439697,,,,,,,,,,,1.0,1.0,,,,,8362,,,,0.0,,0.0,,0.0
,,,0.05078125,,0.78125,,,,,,,,,,,1.0,1.0,,,,,8363,,,,0.0,,0.0,,0.0
,,,0.04218750074505806,,0.8125,,,,,,,,,,,1.0,1.0,,,,,8364,,,,0.0,,0.0,,0.0
,,,0.13124999403953552,,0.9330357313156128,,,,,,,,,,,1.0,1.0,,,,,8365,,,,0.0,,0.0,,0.0
,,,0.0668402761220932,,0.8671875,,,,,,,,,,,1.0,1.0,,,,,8366,,,,0.0,,0.0,,0.0
,,,0.05937499925494194,,0.9375,,,,,,,,,,,1.0,1.0,,,,,8367,,,,0.0,,0.0,,0.0
,,,0.09772943705320358,,0.8492618799209595,,,,,,,,,,,1.0,1.0,,,,,8368,,,,0.0,,0.0,,0.0
,,,0.0732421875,,0.953125,,,,,,,,,,,1.0,1.0,,,,,8369,,,,0.0,,0.0,,0.0
,,,0.04765624925494194,,0.953125,,,,,,,,,,,1.0,1.0,,,,,8370,,,,0.0,,0.0,,0.0
,,,0.06889763474464417,,0.960629940032959,,,,,,,,,,,1.0,1.0,,,,,8371,,,,0.0,,0.0,,0.0
90,0.485817551612854,0.5414189100265503,,0.9031997919082642,,,,,,,,,,,,,,75.81995391845703,34336.2421875,4.328361511230469,307.6507568359375,20110,,,0.0,,0.0,,0.0,
90,,,,,,0.5759535431861877,,0.8386698365211487,,13.135428428649902,,,,,,,,,,,,20110,1.750779390335083,,,,,,,
,,,,,,,,,,,,,,9.81175760596319e-06,0.03,,,,,,,20149,,,,,,,,
91,,,,,,,0.5798208117485046,,0.8705922961235046,,14.5390625,9.802188287721947e-06,0.029999999329447746,,,1.0,1.0,,,,,20149,,1.8301604986190796,,,,,,
,,,,,,,,,,,,,,9.339116420209475e-06,0.03,,,,,,,20199,,,,,,,,
91,,,,,,,0.5873830318450928,,0.8300588130950928,,12.1328125,9.329784916189965e-06,0.029999999329447746,,,1.0,1.0,,,,,20199,,1.8961420059204102,,,,,,
,,,,,,,,,,,,,,8.878379013600014e-06,0.03,,,,,,,20249,,,,,,,,
91,,,,,,,0.5810975432395935,,0.8325623869895935,,12.578125,8.869285920809489e-06,0.029999999329447746,,,1.0,1.0,,,,,20249,,1.9526478052139282,,,,,,
,,,,,,,,,,,,,,8.429574121809886e-06,0.03,,,,,,,20299,,,,,,,,
91,,,,,,,0.5508810877799988,,0.8023459315299988,,12.5703125,8.420719495916273e-06,0.029999999329447746,,,1.0,1.0,,,,,20299,,1.8497529029846191,,,,,,
,,,0.0814732164144516,,0.859375,,,,,,,,,,,1.0,1.0,,,,,8372,,,,0.0,,0.0,,0.0
,,,0.0673828125,,0.921875,,,,,,,,,,,1.0,1.0,,,,,8373,,,,0.0,,0.0,,0.0
,,,0.11173450946807861,,0.913457989692688,,,,,,,,,,,1.0,1.0,,,,,8374,,,,0.0,,0.0,,0.0
,,,0.0751953125,,0.890625,,,,,,,,,,,1.0,1.0,,,,,8375,,,,0.0,,0.0,,0.0
,,,0.0870535746216774,,0.8984375,,,,,,,,,,,1.0,1.0,,,,,8376,,,,0.0,,0.0,,0.0
,,,0.09166666865348816,,0.8942307829856873,,,,,,,,,,,1.0,1.0,,,,,8377,,,,0.0,,0.0,,0.0
,,,0.03984374925494194,,0.9453125,,,,,,,,,,,1.0,1.0,,,,,8378,,,,0.0,,0.0,,0.0
,,,0.03593749925494194,,0.9453125,,,,,,,,,,,1.0,1.0,,,,,8379,,,,0.0,,0.0,,0.0
,,,0.04759863018989563,,0.807032585144043,,,,,,,,,,,1.0,1.0,,,,,8380,,,,0.0,,0.0,,0.0
,,,0.0217013880610466,,0.7421875,,,,,,,,,,,1.0,1.0,,,,,8381,,,,0.0,,0.0,,0.0
,,,0.01953125,,0.703125,,,,,,,,,,,1.0,1.0,,,,,8382,,,,0.0,,0.0,,0.0
,,,0.0243055559694767,,0.7734375,,,,,,,,,,,1.0,1.0,,,,,8383,,,,0.0,,0.0,,0.0
,,,0.12059258669614792,,0.9600000381469727,,,,,,,,,,,1.0,1.0,,,,,8384,,,,0.0,,0.0,,0.0
,,,0.0746527761220932,,0.890625,,,,,,,,,,,1.0,1.0,,,,,8385,,,,0.0,,0.0,,0.0
,,,0.06171875074505806,,0.8515625,,,,,,,,,,,1.0,1.0,,,,,8386,,,,0.0,,0.0,,0.0
,,,0.1028011292219162,,0.9066293239593506,,,,,,,,,,,1.0,1.0,,,,,8387,,,,0.0,,0.0,,0.0
,,,0.0434027761220932,,0.9140625,,,,,,,,,,,1.0,1.0,,,,,8388,,,,0.0,,0.0,,0.0
,,,0.03828125074505806,,0.90625,,,,,,,,,,,1.0,1.0,,,,,8389,,,,0.0,,0.0,,0.0
,,,0.1309523731470108,,0.9312770366668701,,,,,,,,,,,1.0,1.0,,,,,8390,,,,0.0,,0.0,,0.0
,,,0.0755208358168602,,0.96875,,,,,,,,,,,1.0,1.0,,,,,8391,,,,0.0,,0.0,,0.0
,,,0.0685763880610466,,0.984375,,,,,,,,,,,1.0,1.0,,,,,8392,,,,0.0,,0.0,,0.0
,,,0.1549467295408249,,0.9521793127059937,,,,,,,,,,,1.0,1.0,,,,,8393,,,,0.0,,0.0,,0.0
,,,0.05546874925494194,,0.8984375,,,,,,,,,,,1.0,1.0,,,,,8394,,,,0.0,,0.0,,0.0
,,,0.05703125149011612,,0.9453125,,,,,,,,,,,1.0,1.0,,,,,8395,,,,0.0,,0.0,,0.0
,,,0.11778324842453003,,0.9440886974334717,,,,,,,,,,,1.0,1.0,,,,,8396,,,,0.0,,0.0,,0.0
,,,0.07421875,,0.9140625,,,,,,,,,,,1.0,1.0,,,,,8397,,,,0.0,,0.0,,0.0
,,,0.0642361119389534,,0.9375,,,,,,,,,,,1.0,1.0,,,,,8398,,,,0.0,,0.0,,0.0
,,,0.13965408504009247,,0.8884276747703552,,,,,,,,,,,1.0,1.0,,,,,8399,,,,0.0,,0.0,,0.0
,,,0.0546875,,0.8515625,,,,,,,,,,,1.0,1.0,,,,,8400,,,,0.0,,0.0,,0.0
,,,0.04218750074505806,,0.78125,,,,,,,,,,,1.0,1.0,,,,,8401,,,,0.0,,0.0,,0.0
,,,0.11807265877723694,,0.8244869709014893,,,,,,,,,,,1.0,1.0,,,,,8402,,,,0.0,,0.0,,0.0
,,,0.0703125,,0.8984375,,,,,,,,,,,1.0,1.0,,,,,8403,,,,0.0,,0.0,,0.0
,,,0.0572916679084301,,0.9453125,,,,,,,,,,,1.0,1.0,,,,,8404,,,,0.0,,0.0,,0.0
,,,0.12446633726358414,,0.8682266473770142,,,,,,,,,,,1.0,1.0,,,,,8405,,,,0.0,,0.0,,0.0
,,,0.0904017835855484,,0.90625,,,,,,,,,,,1.0,1.0,,,,,8406,,,,0.0,,0.0,,0.0
,,,0.072265625,,0.90625,,,,,,,,,,,1.0,1.0,,,,,8407,,,,0.0,,0.0,,0.0
,,,0.10110104829072952,,0.9224370121955872,,,,,,,,,,,1.0,1.0,,,,,8408,,,,0.0,,0.0,,0.0
,,,0.03671874850988388,,0.9375,,,,,,,,,,,1.0,1.0,,,,,8409,,,,0.0,,0.0,,0.0
,,,0.0390625,,0.9296875,,,,,,,,,,,1.0,1.0,,,,,8410,,,,0.0,,0.0,,0.0
,,,0.05501831695437431,,0.7752137184143066,,,,,,,,,,,1.0,1.0,,,,,8411,,,,0.0,,0.0,,0.0
,,,0.01875000074505806,,0.765625,,,,,,,,,,,1.0,1.0,,,,,8412,,,,0.0,,0.0,,0.0
,,,0.0234375,,0.7578125,,,,,,,,,,,1.0,1.0,,,,,8413,,,,0.0,,0.0,,0.0
,,,0.0988636389374733,,0.8715909123420715,,,,,,,,,,,1.0,1.0,,,,,8414,,,,0.0,,0.0,,0.0
,,,0.0772569477558136,,0.8984375,,,,,,,,,,,1.0,1.0,,,,,8415,,,,0.0,,0.0,,0.0
,,,0.0703125,,0.8828125,,,,,,,,,,,1.0,1.0,,,,,8416,,,,0.0,,0.0,,0.0
,,,0.10231539607048035,,0.936170220375061,,,,,,,,,,,1.0,1.0,,,,,8417,,,,0.0,,0.0,,0.0
,,,0.0390625,,0.8984375,,,,,,,,,,,1.0,1.0,,,,,8418,,,,0.0,,0.0,,0.0
,,,0.03515625,,0.921875,,,,,,,,,,,1.0,1.0,,,,,8419,,,,0.0,,0.0,,0.0
,,,0.0529513880610466,,0.890625,,,,,,,,,,,1.0,1.0,,,,,8420,,,,0.0,,0.0,,0.0
,,,0.16929134726524353,,0.9881889820098877,,,,,,,,,,,1.0,1.0,,,,,8421,,,,0.0,,0.0,,0.0
,,,0.0948660746216774,,0.9765625,,,,,,,,,,,1.0,1.0,,,,,8422,,,,0.0,,0.0,,0.0
,,,0.0625,,0.96875,,,,,,,,,,,1.0,1.0,,,,,8423,,,,0.0,,0.0,,0.0
,,,0.1465517282485962,,0.9195402264595032,,,,,,,,,,,1.0,1.0,,,,,8424,,,,0.0,,0.0,,0.0
,,,0.05000000074505806,,0.8984375,,,,,,,,,,,1.0,1.0,,,,,8425,,,,0.0,,0.0,,0.0
,,,0.0720486119389534,,0.953125,,,,,,,,,,,1.0,1.0,,,,,8426,,,,0.0,,0.0,,0.0
,,,0.13213543593883514,,0.9233590364456177,,,,,,,,,,,1.0,1.0,,,,,8427,,,,0.0,,0.0,,0.0
,,,0.0607638880610466,,0.9453125,,,,,,,,,,,1.0,1.0,,,,,8428,,,,0.0,,0.0,,0.0
,,,0.0791015625,,0.9375,,,,,,,,,,,1.0,1.0,,,,,8429,,,,0.0,,0.0,,0.0
,,,0.11574073880910873,,0.9114583730697632,,,,,,,,,,,1.0,1.0,,,,,8430,,,,0.0,,0.0,,0.0
,,,0.0564236119389534,,0.8359375,,,,,,,,,,,1.0,1.0,,,,,8431,,,,0.0,,0.0,,0.0
,,,0.03828125074505806,,0.8046875,,,,,,,,,,,1.0,1.0,,,,,8432,,,,0.0,,0.0,,0.0
,,,0.12144702672958374,,0.8410852551460266,,,,,,,,,,,1.0,1.0,,,,,8433,,,,0.0,,0.0,,0.0
,,,0.0590277761220932,,0.9140625,,,,,,,,,,,1.0,1.0,,,,,8434,,,,0.0,,0.0,,0.0
,,,0.0598958320915699,,0.9296875,,,,,,,,,,,1.0,1.0,,,,,8435,,,,0.0,,0.0,,0.0
,,,0.13254670798778534,,0.8846607804298401,,,,,,,,,,,1.0,1.0,,,,,8436,,,,0.0,,0.0,,0.0
,,,0.0904017835855484,,0.8984375,,,,,,,,,,,1.0,1.0,,,,,8437,,,,0.0,,0.0,,0.0
,,,0.07421875,,0.8984375,,,,,,,,,,,1.0,1.0,,,,,8438,,,,0.0,,0.0,,0.0
,,,0.08363636583089828,,0.9590909481048584,,,,,,,,,,,1.0,1.0,,,,,8439,,,,0.0,,0.0,,0.0
,,,0.04218750074505806,,0.953125,,,,,,,,,,,1.0,1.0,,,,,8440,,,,0.0,,0.0,,0.0
,,,0.03515625,,0.890625,,,,,,,,,,,1.0,1.0,,,,,8441,,,,0.0,,0.0,,0.0
,,,0.06222222000360489,,0.8268518447875977,,,,,,,,,,,1.0,1.0,,,,,8442,,,,0.0,,0.0,,0.0
,,,0.01796874962747097,,0.765625,,,,,,,,,,,1.0,1.0,,,,,8443,,,,0.0,,0.0,,0.0
,,,0.02187499962747097,,0.78125,,,,,,,,,,,1.0,1.0,,,,,8444,,,,0.0,,0.0,,0.0
,,,0.10238286107778549,,0.8356090784072876,,,,,,,,,,,1.0,1.0,,,,,8445,,,,0.0,,0.0,,0.0
,,,0.0789930522441864,,0.8984375,,,,,,,,,,,1.0,1.0,,,,,8446,,,,0.0,,0.0,,0.0
,,,0.0755208358168602,,0.8984375,,,,,,,,,,,1.0,1.0,,,,,8447,,,,0.0,,0.0,,0.0
,,,0.09582378715276718,,0.8922841548919678,,,,,,,,,,,1.0,1.0,,,,,8448,,,,0.0,,0.0,,0.0
,,,0.0434027761220932,,0.890625,,,,,,,,,,,1.0,1.0,,,,,8449,,,,0.0,,0.0,,0.0
,,,0.03671874850988388,,0.90625,,,,,,,,,,,1.0,1.0,,,,,8450,,,,0.0,,0.0,,0.0
,,,0.12142857909202576,,0.9180509448051453,,,,,,,,,,,1.0,1.0,,,,,8451,,,,0.0,,0.0,,0.0
,,,0.0746527761220932,,0.9765625,,,,,,,,,,,1.0,1.0,,,,,8452,,,,0.0,,0.0,,0.0
,,,0.0810546875,,0.984375,,,,,,,,,,,1.0,1.0,,,,,8453,,,,0.0,,0.0,,0.0
,,,0.14908546209335327,,0.9793814420700073,,,,,,,,,,,1.0,1.0,,,,,8454,,,,0.0,,0.0,,0.0
,,,0.06171875074505806,,0.890625,,,,,,,,,,,1.0,1.0,,,,,8455,,,,0.0,,0.0,,0.0
,,,0.05156249925494194,,0.921875,,,,,,,,,,,1.0,1.0,,,,,8456,,,,0.0,,0.0,,0.0
,,,0.1686507910490036,,0.9419642686843872,,,,,,,,,,,1.0,1.0,,,,,8457,,,,0.0,,0.0,,0.0
,,,0.076171875,,0.921875,,,,,,,,,,,1.0,1.0,,,,,8458,,,,0.0,,0.0,,0.0
,,,0.0598958320915699,,0.9296875,,,,,,,,,,,1.0,1.0,,,,,8459,,,,0.0,,0.0,,0.0
,,,0.1390831470489502,,0.8791763782501221,,,,,,,,,,,1.0,1.0,,,,,8460,,,,0.0,,0.0,,0.0
,,,0.0520833320915699,,0.8515625,,,,,,,,,,,1.0,1.0,,,,,8461,,,,0.0,,0.0,,0.0
,,,0.04765624925494194,,0.828125,,,,,,,,,,,1.0,1.0,,,,,8462,,,,0.0,,0.0,,0.0
,,,0.04724409431219101,,0.8110235929489136,,,,,,,,,,,1.0,1.0,,,,,8463,,,,0.0,,0.0,,0.0
91,0.5003540515899658,0.5132452845573425,,0.8935551643371582,,,,,,,,,,,,,,76.55601501464844,34723.1328125,4.338022708892822,306.1712341308594,20331,,,0.0,,0.0,,0.0,
91,,,,,,0.5762814879417419,,0.8393798470497131,,13.154765129089355,,,,,,,,,,,,20331,1.7520053386688232,,,,,,,
,,,,,,,,,,,,,,7.992729736296532e-06,0.03,,,,,,,20349,,,,,,,,
92,,,,,,,0.5690787434577942,,0.8210318684577942,,12.59375,7.984114745340776e-06,0.029999999329447746,,,1.0,1.0,,,,,20349,,1.6419172286987305,,,,,,
,,,,,,,,,,,,,,7.567873102554149e-06,0.03,,,,,,,20399,,,,,,,,
92,,,,,,,0.5501198768615723,,0.8084206581115723,,12.9140625,7.559498499176698e-06,0.029999999329447746,,,1.0,1.0,,,,,20399,,1.5868017673492432,,,,,,
,,,,,,,,,,,,,,7.155030718414253e-06,0.03,,,,,,,20449,,,,,,,,
92,,,,,,,0.583294153213501,,0.856243371963501,,13.6484375,7.14689667802304e-06,0.029999999329447746,,,1.0,1.0,,,,,20449,,1.653144359588623,,,,,,
,,,,,,,,,,,,,,6.754228332393065e-06,0.03,,,,,,,20499,,,,,,,,
92,,,,,,,0.5796846747398376,,0.8753389716148376,,14.78125,6.746335202478804e-06,0.029999999329447746,,,1.0,1.0,,,,,20499,,1.7873013019561768,,,,,,
,,,,,,,,,,,,,,6.365490942085704e-06,0.03,,,,,,,20549,,,,,,,,
92,,,,,,,0.574255108833313,,0.851598858833313,,13.8671875,6.357839538395638e-06,0.029999999329447746,,,1.0,1.0,,,,,20549,,1.8245255947113037,,,,,,
,,,0.0633680522441864,,0.8125,,,,,,,,,,,1.0,1.0,,,,,8464,,,,0.0,,0.0,,0.0
,,,0.0642361119389534,,0.859375,,,,,,,,,,,1.0,1.0,,,,,8465,,,,0.0,,0.0,,0.0
,,,0.1082874983549118,,0.8701870441436768,,,,,,,,,,,1.0,1.0,,,,,8466,,,,0.0,,0.0,,0.0
,,,0.05390625074505806,,0.8515625,,,,,,,,,,,1.0,1.0,,,,,8467,,,,0.0,,0.0,,0.0
,,,0.04609375074505806,,0.859375,,,,,,,,,,,1.0,1.0,,,,,8468,,,,0.0,,0.0,,0.0
,,,0.11089743673801422,,0.9214743375778198,,,,,,,,,,,1.0,1.0,,,,,8469,,,,0.0,,0.0,,0.0
,,,0.04062499850988388,,0.953125,,,,,,,,,,,1.0,1.0,,,,,8470,,,,0.0,,0.0,,0.0
,,,0.05000000074505806,,0.9921875,,,,,,,,,,,1.0,1.0,,,,,8471,,,,0.0,,0.0,,0.0
,,,0.11457975953817368,,0.9348198771476746,,,,,,,,,,,1.0,1.0,,,,,8472,,,,0.0,,0.0,,0.0
,,,0.0651041641831398,,0.953125,,,,,,,,,,,1.0,1.0,,,,,8473,,,,0.0,,0.0,,0.0
,,,0.06093750149011612,,0.9609375,,,,,,,,,,,1.0,1.0,,,,,8474,,,,0.0,,0.0,,0.0
,,,0.06328125298023224,,0.953125,,,,,,,,,,,1.0,1.0,,,,,8475,,,,0.0,,0.0,,0.0
,,,0.1514074057340622,,0.972000002861023,,,,,,,,,,,1.0,1.0,,,,,8476,,,,0.0,,0.0,,0.0
,,,0.0763888880610466,,0.9140625,,,,,,,,,,,1.0,1.0,,,,,8477,,,,0.0,,0.0,,0.0
,,,0.0729166641831398,,0.921875,,,,,,,,,,,1.0,1.0,,,,,8478,,,,0.0,,0.0,,0.0
,,,0.09253035485744476,,0.915032684803009,,,,,,,,,,,1.0,1.0,,,,,8479,,,,0.0,,0.0,,0.0
,,,0.03515625,,0.9375,,,,,,,,,,,1.0,1.0,,,,,8480,,,,0.0,,0.0,,0.0
,,,0.0390625,,0.953125,,,,,,,,,,,1.0,1.0,,,,,8481,,,,0.0,,0.0,,0.0
,,,0.10000000149011612,,0.9242424368858337,,,,,,,,,,,1.0,1.0,,,,,8482,,,,0.0,,0.0,,0.0
,,,0.0590277761220932,,0.90625,,,,,,,,,,,1.0,1.0,,,,,8483,,,,0.0,,0.0,,0.0
,,,0.03984374925494194,,0.890625,,,,,,,,,,,1.0,1.0,,,,,8484,,,,0.0,,0.0,,0.0
,,,0.1088695153594017,,0.8383561372756958,,,,,,,,,,,1.0,1.0,,,,,8485,,,,0.0,,0.0,,0.0
,,,0.0529513880610466,,0.8125,,,,,,,,,,,1.0,1.0,,,,,8486,,,,0.0,,0.0,,0.0
,,,0.0572916679084301,,0.8359375,,,,,,,,,,,1.0,1.0,,,,,8487,,,,0.0,,0.0,,0.0
,,,0.09482759237289429,,0.8940886855125427,,,,,,,,,,,1.0,1.0,,,,,8488,,,,0.0,,0.0,,0.0
,,,0.04140625149011612,,0.90625,,,,,,,,,,,1.0,1.0,,,,,8489,,,,0.0,,0.0,,0.0
,,,0.04062499850988388,,0.9375,,,,,,,,,,,1.0,1.0,,,,,8490,,,,0.0,,0.0,,0.0
,,,0.08366177976131439,,0.857358455657959,,,,,,,,,,,1.0,1.0,,,,,8491,,,,0.0,,0.0,,0.0
,,,0.060546875,,0.765625,,,,,,,,,,,1.0,1.0,,,,,8492,,,,0.0,,0.0,,0.0
,,,0.03281249850988388,,0.7578125,,,,,,,,,,,1.0,1.0,,,,,8493,,,,0.0,,0.0,,0.0
,,,0.09581395983695984,,0.8008208274841309,,,,,,,,,,,1.0,1.0,,,,,8494,,,,0.0,,0.0,,0.0
,,,0.0659722238779068,,0.8125,,,,,,,,,,,1.0,1.0,,,,,8495,,,,0.0,,0.0,,0.0
,,,0.0703125,,0.8671875,,,,,,,,,,,1.0,1.0,,,,,8496,,,,0.0,,0.0,,0.0
,,,0.10374384373426437,,0.8366994857788086,,,,,,,,,,,1.0,1.0,,,,,8497,,,,0.0,,0.0,,0.0
,,,0.0616319440305233,,0.875,,,,,,,,,,,1.0,1.0,,,,,8498,,,,0.0,,0.0,,0.0
,,,0.0529513880610466,,0.8515625,,,,,,,,,,,1.0,1.0,,,,,8499,,,,0.0,,0.0,,0.0
,,,0.10036701709032059,,0.9209688901901245,,,,,,,,,,,1.0,1.0,,,,,8500,,,,0.0,,0.0,,0.0
,,,0.04062499850988388,,0.9609375,,,,,,,,,,,1.0,1.0,,,,,8501,,,,0.0,,0.0,,0.0
,,,0.05000000074505806,,0.9765625,,,,,,,,,,,1.0,1.0,,,,,8502,,,,0.0,,0.0,,0.0
,,,0.10925519466400146,,0.9297924041748047,,,,,,,,,,,1.0,1.0,,,,,8503,,,,0.0,,0.0,,0.0
,,,0.0677083358168602,,0.96875,,,,,,,,,,,1.0,1.0,,,,,8504,,,,0.0,,0.0,,0.0
,,,0.06328125298023224,,0.96875,,,,,,,,,,,1.0,1.0,,,,,8505,,,,0.0,,0.0,,0.0
,,,0.13727273046970367,,0.9465909004211426,,,,,,,,,,,1.0,1.0,,,,,8506,,,,0.0,,0.0,,0.0
,,,0.06562499701976776,,0.921875,,,,,,,,,,,1.0,1.0,,,,,8507,,,,0.0,,0.0,,0.0
,,,0.0772569477558136,,0.9296875,,,,,,,,,,,1.0,1.0,,,,,8508,,,,0.0,,0.0,,0.0
,,,0.11604782938957214,,0.9427409172058105,,,,,,,,,,,1.0,1.0,,,,,8509,,,,0.0,,0.0,,0.0
,,,0.0381944440305233,,0.9296875,,,,,,,,,,,1.0,1.0,,,,,8510,,,,0.0,,0.0,,0.0
,,,0.03593749925494194,,0.953125,,,,,,,,,,,1.0,1.0,,,,,8511,,,,0.0,,0.0,,0.0
,,,0.04609375074505806,,0.9453125,,,,,,,,,,,1.0,1.0,,,,,8512,,,,0.0,,0.0,,0.0
,,,0.15118110179901123,,0.9566929340362549,,,,,,,,,,,1.0,1.0,,,,,8513,,,,0.0,,0.0,,0.0
,,,0.04765624925494194,,0.90625,,,,,,,,,,,1.0,1.0,,,,,8514,,,,0.0,,0.0,,0.0
,,,0.04140625149011612,,0.875,,,,,,,,,,,1.0,1.0,,,,,8515,,,,0.0,,0.0,,0.0
,,,0.10524424910545349,,0.7183908224105835,,,,,,,,,,,1.0,1.0,,,,,8516,,,,0.0,,0.0,,0.0
,,,0.046875,,0.796875,,,,,,,,,,,1.0,1.0,,,,,8517,,,,0.0,,0.0,,0.0
,,,0.0590277761220932,,0.8671875,,,,,,,,,,,1.0,1.0,,,,,8518,,,,0.0,,0.0,,0.0
,,,0.10520311444997787,,0.862852931022644,,,,,,,,,,,1.0,1.0,,,,,8519,,,,0.0,,0.0,,0.0
,,,0.03984374925494194,,0.9609375,,,,,,,,,,,1.0,1.0,,,,,8520,,,,0.0,,0.0,,0.0
,,,0.04453124850988388,,0.9140625,,,,,,,,,,,1.0,1.0,,,,,8521,,,,0.0,,0.0,,0.0
,,,0.07407407462596893,,0.8697916269302368,,,,,,,,,,,1.0,1.0,,,,,8522,,,,0.0,,0.0,,0.0
,,,0.0486111119389534,,0.7578125,,,,,,,,,,,1.0,1.0,,,,,8523,,,,0.0,,0.0,,0.0
,,,0.0373263880610466,,0.7265625,,,,,,,,,,,1.0,1.0,,,,,8524,,,,0.0,,0.0,,0.0
,,,0.10569706559181213,,0.8059247136116028,,,,,,,,,,,1.0,1.0,,,,,8525,,,,0.0,,0.0,,0.0
,,,0.0651041641831398,,0.8359375,,,,,,,,,,,1.0,1.0,,,,,8526,,,,0.0,,0.0,,0.0
,,,0.0642361119389534,,0.859375,,,,,,,,,,,1.0,1.0,,,,,8527,,,,0.0,,0.0,,0.0
,,,0.12554572522640228,,0.8825958967208862,,,,,,,,,,,1.0,1.0,,,,,8528,,,,0.0,,0.0,,0.0
,,,0.05312500149011612,,0.8828125,,,,,,,,,,,1.0,1.0,,,,,8529,,,,0.0,,0.0,,0.0
,,,0.0555555559694767,,0.84375,,,,,,,,,,,1.0,1.0,,,,,8530,,,,0.0,,0.0,,0.0
,,,0.09555555880069733,,0.9772727489471436,,,,,,,,,,,1.0,1.0,,,,,8531,,,,0.0,,0.0,,0.0
,,,0.05000000074505806,,0.984375,,,,,,,,,,,1.0,1.0,,,,,8532,,,,0.0,,0.0,,0.0
,,,0.046875,,0.9453125,,,,,,,,,,,1.0,1.0,,,,,8533,,,,0.0,,0.0,,0.0
,,,0.1174074113368988,,0.9722222089767456,,,,,,,,,,,1.0,1.0,,,,,8534,,,,0.0,,0.0,,0.0
,,,0.0685763880610466,,0.9765625,,,,,,,,,,,1.0,1.0,,,,,8535,,,,0.0,,0.0,,0.0
,,,0.06328125298023224,,0.9375,,,,,,,,,,,1.0,1.0,,,,,8536,,,,0.0,,0.0,,0.0
,,,0.155525803565979,,0.9536813497543335,,,,,,,,,,,1.0,1.0,,,,,8537,,,,0.0,,0.0,,0.0
,,,0.0772569477558136,,0.9296875,,,,,,,,,,,1.0,1.0,,,,,8538,,,,0.0,,0.0,,0.0
,,,0.0789930522441864,,0.9140625,,,,,,,,,,,1.0,1.0,,,,,8539,,,,0.0,,0.0,,0.0
,,,0.09258976578712463,,0.9185128211975098,,,,,,,,,,,1.0,1.0,,,,,8540,,,,0.0,,0.0,,0.0
,,,0.0390625,,0.9296875,,,,,,,,,,,1.0,1.0,,,,,8541,,,,0.0,,0.0,,0.0
,,,0.04062499850988388,,0.953125,,,,,,,,,,,1.0,1.0,,,,,8542,,,,0.0,,0.0,,0.0
,,,0.09889258444309235,,0.9529346227645874,,,,,,,,,,,1.0,1.0,,,,,8543,,,,0.0,,0.0,,0.0
,,,0.0572916679084301,,0.90625,,,,,,,,,,,1.0,1.0,,,,,8544,,,,0.0,,0.0,,0.0
,,,0.04531250149011612,,0.890625,,,,,,,,,,,1.0,1.0,,,,,8545,,,,0.0,,0.0,,0.0
,,,0.11994235962629318,,0.9013967514038086,,,,,,,,,,,1.0,1.0,,,,,8546,,,,0.0,,0.0,,0.0
,,,0.05859375,,0.828125,,,,,,,,,,,1.0,1.0,,,,,8547,,,,0.0,,0.0,,0.0
,,,0.04374999925494194,,0.8203125,,,,,,,,,,,1.0,1.0,,,,,8548,,,,0.0,,0.0,,0.0
,,,0.11874999850988388,,0.8883928656578064,,,,,,,,,,,1.0,1.0,,,,,8549,,,,0.0,,0.0,,0.0
,,,0.0517578125,,0.921875,,,,,,,,,,,1.0,1.0,,,,,8550,,,,0.0,,0.0,,0.0
,,,0.0390625,,0.9296875,,,,,,,,,,,1.0,1.0,,,,,8551,,,,0.0,,0.0,,0.0
,,,0.08693775534629822,,0.7882672548294067,,,,,,,,,,,1.0,1.0,,,,,8552,,,,0.0,,0.0,,0.0
,,,0.0486111119389534,,0.7734375,,,,,,,,,,,1.0,1.0,,,,,8553,,,,0.0,,0.0,,0.0
,,,0.03750000149011612,,0.7578125,,,,,,,,,,,1.0,1.0,,,,,8554,,,,0.0,,0.0,,0.0
,,,0.04015747830271721,,0.7559055089950562,,,,,,,,,,,1.0,1.0,,,,,8555,,,,0.0,,0.0,,0.0
92,0.48618626594543457,0.5034332871437073,,0.8904074430465698,,,,,,,,,,,,,,77.3772201538086,35423.8359375,4.348692417144775,306.2765197753906,20552,,,0.0,,0.0,,0.0,
92,,,,,,0.574360728263855,,0.8362966775894165,,13.096471786499023,,,,,,,,,,,,20552,1.749922752380371,,,,,,,
,,,,,,,,,,,,,,5.988842792606921e-06,0.03,,,,,,,20599,,,,,,,,
93,,,,,,,0.577400803565979,,0.819710373878479,,12.1171875,5.981433332635788e-06,0.029999999329447746,,,1.0,1.0,,,,,20599,,1.591106653213501,,,,,,
,,,,,,,,,,,,,,5.624307375079262e-06,0.03,,,,,,,20649,,,,,,,,
93,,,,,,,0.5698376893997192,,0.8391247987747192,,13.4609375,5.617140232061502e-06,0.029999999329447746,,,1.0,1.0,,,,,20649,,1.883061408996582,,,,,,
,,,,,,,,,,,,,,5.2719074251675995e-06,0.03,,,,,,,20699,,,,,,,,
93,,,,,,,0.5808818340301514,,0.8423564434051514,,13.078125,5.264983428787673e-06,0.029999999329447746,,,1.0,1.0,,,,,20699,,1.8050481081008911,,,,,,
,,,,,,,,,,,,,,4.931664921661422e-06,0.03,,,,,,,20749,,,,,,,,
93,,,,,,,0.5848391056060791,,0.8748781681060791,,14.5,4.924984295939794e-06,0.029999999329447746,,,1.0,1.0,,,,,20749,,1.5583775043487549,,,,,,
,,,0.04062499850988388,,0.8125,,,,,,,,,,,1.0,1.0,,,,,8556,,,,0.0,,0.0,,0.0
,,,0.05859375,,0.84375,,,,,,,,,,,1.0,1.0,,,,,8557,,,,0.0,,0.0,,0.0
,,,0.1173817366361618,,0.8936560153961182,,,,,,,,,,,1.0,1.0,,,,,8558,,,,0.0,,0.0,,0.0
,,,0.1015625,,0.9609375,,,,,,,,,,,1.0,1.0,,,,,8559,,,,0.0,,0.0,,0.0
,,,0.0763888880610466,,0.9375,,,,,,,,,,,1.0,1.0,,,,,8560,,,,0.0,,0.0,,0.0
,,,0.09971509873867035,,0.8990384340286255,,,,,,,,,,,1.0,1.0,,,,,8561,,,,0.0,,0.0,,0.0
,,,0.0251736119389534,,0.8671875,,,,,,,,,,,1.0,1.0,,,,,8562,,,,0.0,,0.0,,0.0
,,,0.03046875074505806,,0.859375,,,,,,,,,,,1.0,1.0,,,,,8563,,,,0.0,,0.0,,0.0
,,,0.051629502326250076,,0.8374785780906677,,,,,,,,,,,1.0,1.0,,,,,8564,,,,0.0,,0.0,,0.0
,,,0.04140625149011612,,0.8984375,,,,,,,,,,,1.0,1.0,,,,,8565,,,,0.0,,0.0,,0.0
,,,0.0355902761220932,,0.9375,,,,,,,,,,,1.0,1.0,,,,,8566,,,,0.0,,0.0,,0.0
,,,0.04296875,,0.890625,,,,,,,,,,,1.0,1.0,,,,,8567,,,,0.0,,0.0,,0.0
,,,0.16474074125289917,,0.9800000190734863,,,,,,,,,,,1.0,1.0,,,,,8568,,,,0.0,,0.0,,0.0
,,,0.0807291641831398,,0.921875,,,,,,,,,,,1.0,1.0,,,,,8569,,,,0.0,,0.0,,0.0
,,,0.07187499850988388,,0.9453125,,,,,,,,,,,1.0,1.0,,,,,8570,,,,0.0,,0.0,,0.0
,,,0.12128852307796478,,0.859477162361145,,,,,,,,,,,1.0,1.0,,,,,8571,,,,0.0,,0.0,,0.0
,,,0.0546875,,0.9609375,,,,,,,,,,,1.0,1.0,,,,,8572,,,,0.0,,0.0,,0.0
,,,0.06328125298023224,,0.953125,,,,,,,,,,,1.0,1.0,,,,,8573,,,,0.0,,0.0,,0.0
,,,0.12097162008285522,,0.9193723201751709,,,,,,,,,,,1.0,1.0,,,,,8574,,,,0.0,,0.0,,0.0
,,,0.0537109375,,0.8984375,,,,,,,,,,,1.0,1.0,,,,,8575,,,,0.0,,0.0,,0.0
,,,0.0460069440305233,,0.890625,,,,,,,,,,,1.0,1.0,,,,,8576,,,,0.0,,0.0,,0.0
,,,0.12207001447677612,,0.8952677249908447,,,,,,,,,,,1.0,1.0,,,,,8577,,,,0.0,,0.0,,0.0
,,,0.05000000074505806,,0.8828125,,,,,,,,,,,1.0,1.0,,,,,8578,,,,0.0,,0.0,,0.0
,,,0.05624999850988388,,0.921875,,,,,,,,,,,1.0,1.0,,,,,8579,,,,0.0,,0.0,,0.0
,,,0.09638752043247223,,0.8810344934463501,,,,,,,,,,,1.0,1.0,,,,,8580,,,,0.0,,0.0,,0.0
,,,0.0243055559694767,,0.875,,,,,,,,,,,1.0,1.0,,,,,8581,,,,0.0,,0.0,,0.0
,,,0.02265625074505806,,0.9140625,,,,,,,,,,,1.0,1.0,,,,,8582,,,,0.0,,0.0,,0.0
,,,0.09017470479011536,,0.8845282793045044,,,,,,,,,,,1.0,1.0,,,,,8583,,,,0.0,,0.0,,0.0
,,,0.0763888880610466,,0.9296875,,,,,,,,,,,1.0,1.0,,,,,8584,,,,0.0,,0.0,,0.0
,,,0.0564236119389534,,0.875,,,,,,,,,,,1.0,1.0,,,,,8585,,,,0.0,,0.0,,0.0
,,,0.12232862412929535,,0.8831737041473389,,,,,,,,,,,1.0,1.0,,,,,8586,,,,0.0,,0.0,,0.0
,,,0.04765624925494194,,0.8125,,,,,,,,,,,1.0,1.0,,,,,8587,,,,0.0,,0.0,,0.0
,,,0.04218750074505806,,0.8828125,,,,,,,,,,,1.0,1.0,,,,,8588,,,,0.0,,0.0,,0.0
,,,0.1110837459564209,,0.9110837578773499,,,,,,,,,,,1.0,1.0,,,,,8589,,,,0.0,,0.0,,0.0
,,,0.0908203125,,0.9453125,,,,,,,,,,,1.0,1.0,,,,,8590,,,,0.0,,0.0,,0.0
,,,0.0720486119389534,,0.9296875,,,,,,,,,,,1.0,1.0,,,,,8591,,,,0.0,,0.0,,0.0
,,,0.10534758120775223,,0.885123610496521,,,,,,,,,,,1.0,1.0,,,,,8592,,,,0.0,,0.0,,0.0
,,,0.0338541679084301,,0.8984375,,,,,,,,,,,1.0,1.0,,,,,8593,,,,0.0,,0.0,,0.0
,,,0.02265625074505806,,0.8046875,,,,,,,,,,,1.0,1.0,,,,,8594,,,,0.0,,0.0,,0.0
,,,0.05765567719936371,,0.8516483306884766,,,,,,,,,,,1.0,1.0,,,,,8595,,,,0.0,,0.0,,0.0
,,,0.03671874850988388,,0.921875,,,,,,,,,,,1.0,1.0,,,,,8596,,,,0.0,,0.0,,0.0
,,,0.0381944440305233,,0.9609375,,,,,,,,,,,1.0,1.0,,,,,8597,,,,0.0,,0.0,,0.0
,,,0.12931817770004272,,0.9238636493682861,,,,,,,,,,,1.0,1.0,,,,,8598,,,,0.0,,0.0,,0.0
,,,0.09375,,0.9375,,,,,,,,,,,1.0,1.0,,,,,8599,,,,0.0,,0.0,,0.0
,,,0.0815972238779068,,0.9453125,,,,,,,,,,,1.0,1.0,,,,,8600,,,,0.0,,0.0,,0.0
,,,0.12446808815002441,,0.9627659320831299,,,,,,,,,,,1.0,1.0,,,,,8601,,,,0.0,,0.0,,0.0
,,,0.05390625074505806,,0.9140625,,,,,,,,,,,1.0,1.0,,,,,8602,,,,0.0,,0.0,,0.0
,,,0.05937499925494194,,0.9609375,,,,,,,,,,,1.0,1.0,,,,,8603,,,,0.0,,0.0,,0.0
,,,0.0625,,0.9375,,,,,,,,,,,1.0,1.0,,,,,8604,,,,0.0,,0.0,,0.0
,,,0.18110236525535583,,0.9685039520263672,,,,,,,,,,,1.0,1.0,,,,,8605,,,,0.0,,0.0,,0.0
,,,0.0451388880610466,,0.8828125,,,,,,,,,,,1.0,1.0,,,,,8606,,,,0.0,,0.0,,0.0
,,,0.046875,,0.890625,,,,,,,,,,,1.0,1.0,,,,,8607,,,,0.0,,0.0,,0.0
,,,0.10373562574386597,,0.8649425506591797,,,,,,,,,,,1.0,1.0,,,,,8608,,,,0.0,,0.0,,0.0
,,,0.04921875149011612,,0.875,,,,,,,,,,,1.0,1.0,,,,,8609,,,,0.0,,0.0,,0.0
,,,0.0677083358168602,,0.9375,,,,,,,,,,,1.0,1.0,,,,,8610,,,,0.0,,0.0,,0.0
,,,0.07686102390289307,,0.8430509567260742,,,,,,,,,,,1.0,1.0,,,,,8611,,,,0.0,,0.0,,0.0
,,,0.01996527798473835,,0.8984375,,,,,,,,,,,1.0,1.0,,,,,8612,,,,0.0,,0.0,,0.0
,,,0.0321180559694767,,0.90625,,,,,,,,,,,1.0,1.0,,,,,8613,,,,0.0,,0.0,,0.0
,,,0.08437500149011612,,0.8854166269302368,,,,,,,,,,,1.0,1.0,,,,,8614,,,,0.0,,0.0,,0.0
,,,0.0859375,,0.90625,,,,,,,,,,,1.0,1.0,,,,,8615,,,,0.0,,0.0,,0.0
,,,0.05624999850988388,,0.8984375,,,,,,,,,,,1.0,1.0,,,,,8616,,,,0.0,,0.0,,0.0
,,,0.12046266347169876,,0.859634518623352,,,,,,,,,,,1.0,1.0,,,,,8617,,,,0.0,,0.0,,0.0
,,,0.0486111119389534,,0.828125,,,,,,,,,,,1.0,1.0,,,,,8618,,,,0.0,,0.0,,0.0
,,,0.04296875,,0.90625,,,,,,,,,,,1.0,1.0,,,,,8619,,,,0.0,,0.0,,0.0
,,,0.1285480260848999,,0.9067846536636353,,,,,,,,,,,1.0,1.0,,,,,8620,,,,0.0,,0.0,,0.0
,,,0.0807291641831398,,0.9375,,,,,,,,,,,1.0,1.0,,,,,8621,,,,0.0,,0.0,,0.0
,,,0.0763888880610466,,0.921875,,,,,,,,,,,1.0,1.0,,,,,8622,,,,0.0,,0.0,,0.0
,,,0.1116722822189331,,0.9227272868156433,,,,,,,,,,,1.0,1.0,,,,,8623,,,,0.0,,0.0,,0.0
,,,0.02968749962747097,,0.8828125,,,,,,,,,,,1.0,1.0,,,,,8624,,,,0.0,,0.0,,0.0
,,,0.02187499962747097,,0.8125,,,,,,,,,,,1.0,1.0,,,,,8625,,,,0.0,,0.0,,0.0
,,,0.049259260296821594,,0.894444465637207,,,,,,,,,,,1.0,1.0,,,,,8626,,,,0.0,,0.0,,0.0
,,,0.0407986119389534,,0.9296875,,,,,,,,,,,1.0,1.0,,,,,8627,,,,0.0,,0.0,,0.0
,,,0.0407986119389534,,0.9375,,,,,,,,,,,1.0,1.0,,,,,8628,,,,0.0,,0.0,,0.0
,,,0.13081659376621246,,0.9314591884613037,,,,,,,,,,,1.0,1.0,,,,,8629,,,,0.0,,0.0,,0.0
,,,0.0842013880610466,,0.9296875,,,,,,,,,,,1.0,1.0,,,,,8630,,,,0.0,,0.0,,0.0
,,,0.0842013880610466,,0.953125,,,,,,,,,,,1.0,1.0,,,,,8631,,,,0.0,,0.0,,0.0
,,,0.11991342902183533,,0.9152024388313293,,,,,,,,,,,1.0,1.0,,,,,8632,,,,0.0,,0.0,,0.0
,,,0.05156249925494194,,0.953125,,,,,,,,,,,1.0,1.0,,,,,8633,,,,0.0,,0.0,,0.0
,,,0.06406249850988388,,0.953125,,,,,,,,,,,1.0,1.0,,,,,8634,,,,0.0,,0.0,,0.0
,,,0.1127353310585022,,0.9235880374908447,,,,,,,,,,,1.0,1.0,,,,,8635,,,,0.0,,0.0,,0.0
,,,0.0546875,,0.921875,,,,,,,,,,,1.0,1.0,,,,,8636,,,,0.0,,0.0,,0.0
,,,0.0442708320915699,,0.8828125,,,,,,,,,,,1.0,1.0,,,,,8637,,,,0.0,,0.0,,0.0
,,,0.14832058548927307,,0.9432989358901978,,,,,,,,,,,1.0,1.0,,,,,8638,,,,0.0,,0.0,,0.0
,,,0.0598958320915699,,0.8671875,,,,,,,,,,,1.0,1.0,,,,,8639,,,,0.0,,0.0,,0.0
,,,0.04921875149011612,,0.90625,,,,,,,,,,,1.0,1.0,,,,,8640,,,,0.0,,0.0,,0.0
,,,0.1299603283405304,,0.8883928656578064,,,,,,,,,,,1.0,1.0,,,,,8641,,,,0.0,,0.0,,0.0
,,,0.0251736119389534,,0.875,,,,,,,,,,,1.0,1.0,,,,,8642,,,,0.0,,0.0,,0.0
,,,0.02031249925494194,,0.8984375,,,,,,,,,,,1.0,1.0,,,,,8643,,,,0.0,,0.0,,0.0
,,,0.10109643638134003,,0.8209013342857361,,,,,,,,,,,1.0,1.0,,,,,8644,,,,0.0,,0.0,,0.0
,,,0.0755208358168602,,0.90625,,,,,,,,,,,1.0,1.0,,,,,8645,,,,0.0,,0.0,,0.0
,,,0.0642361119389534,,0.8984375,,,,,,,,,,,1.0,1.0,,,,,8646,,,,0.0,,0.0,,0.0
,,,0.06999125331640244,,0.8976377844810486,,,,,,,,,,,1.0,1.0,,,,,8647,,,,0.0,,0.0,,0.0
93,0.4826078414916992,0.49630022048950195,,0.9025038480758667,,,,,,,,,,,,,,76.78539276123047,32573.96875,4.341014385223389,304.2219543457031,20773,,,0.0,,0.0,,0.0,
93,,,,,,0.5757895112037659,,0.8396376371383667,,13.192378044128418,,,,,,,,,,,,20773,1.7385872602462769,,,,,,,
,,,,,,,,,,,,,,4.6036010851038495e-06,0.03,,,,,,,20799,,,,,,,,
94,,,,,,,0.5526669025421143,,0.7931454181671143,,12.0234375,4.597164206643356e-06,0.029999999329447746,,,1.0,1.0,,,,,20799,,1.486070156097412,,,,,,
,,,,,,,,,,,,,,4.2877363764682985e-06,0.03,,,,,,,20849,,,,,,,,
94,,,,,,,0.5816221237182617,,0.8170957565307617,,11.7734375,4.281543624529149e-06,0.029999999329447746,,,1.0,1.0,,,,,20849,,1.5999420881271362,,,,,,
,,,,,,,,,,,,,,3.984090495882192e-06,0.03,,,,,,,20899,,,,,,,,
94,,,,,,,0.5886006355285645,,0.8595967292785645,,13.546875,3.978142558480613e-06,0.029999999329447746,,,1.0,1.0,,,,,20899,,1.8986960649490356,,,,,,
,,,,,,,,,,,,,,3.6926823813983886e-06,0.03,,,,,,,20949,,,,,,,,
94,,,,,,,0.5706782341003418,,0.8409419059753418,,13.515625,3.686979198391782e-06,0.029999999329447746,,,1.0,1.0,,,,,20949,,1.774951457977295,,,,,,
,,,0.05234374850988388,,0.8203125,,,,,,,,,,,1.0,1.0,,,,,8648,,,,0.0,,0.0,,0.0
,,,0.0564236119389534,,0.859375,,,,,,,,,,,1.0,1.0,,,,,8649,,,,0.0,,0.0,,0.0
,,,0.10876420885324478,,0.8615695238113403,,,,,,,,,,,1.0,1.0,,,,,8650,,,,0.0,,0.0,,0.0
,,,0.068359375,,0.8671875,,,,,,,,,,,1.0,1.0,,,,,8651,,,,0.0,,0.0,,0.0
,,,0.0607638880610466,,0.890625,,,,,,,,,,,1.0,1.0,,,,,8652,,,,0.0,,0.0,,0.0
,,,0.10327635705471039,,0.8910256624221802,,,,,,,,,,,1.0,1.0,,,,,8653,,,,0.0,,0.0,,0.0
,,,0.05312500149011612,,0.9296875,,,,,,,,,,,1.0,1.0,,,,,8654,,,,0.0,,0.0,,0.0
,,,0.05156249925494194,,0.921875,,,,,,,,,,,1.0,1.0,,,,,8655,,,,0.0,,0.0,,0.0
,,,0.10660377144813538,,0.9018009901046753,,,,,,,,,,,1.0,1.0,,,,,8656,,,,0.0,,0.0,,0.0
,,,0.0546875,,0.9453125,,,,,,,,,,,1.0,1.0,,,,,8657,,,,0.0,,0.0,,0.0
,,,0.05234374850988388,,0.9609375,,,,,,,,,,,1.0,1.0,,,,,8658,,,,0.0,,0.0,,0.0
,,,0.05624999850988388,,0.9296875,,,,,,,,,,,1.0,1.0,,,,,8659,,,,0.0,,0.0,,0.0
,,,0.187333345413208,,0.9880000352859497,,,,,,,,,,,1.0,1.0,,,,,8660,,,,0.0,,0.0,,0.0
,,,0.0868055522441864,,0.9375,,,,,,,,,,,1.0,1.0,,,,,8661,,,,0.0,,0.0,,0.0
,,,0.07734374701976776,,0.9140625,,,,,,,,,,,1.0,1.0,,,,,8662,,,,0.0,,0.0,,0.0
,,,0.08347339183092117,,0.839402437210083,,,,,,,,,,,1.0,1.0,,,,,8663,,,,0.0,,0.0,,0.0
,,,0.01718750037252903,,0.8125,,,,,,,,,,,1.0,1.0,,,,,8664,,,,0.0,,0.0,,0.0
,,,0.015625,,0.8203125,,,,,,,,,,,1.0,1.0,,,,,8665,,,,0.0,,0.0,,0.0
,,,0.07889610528945923,,0.8679653406143188,,,,,,,,,,,1.0,1.0,,,,,8666,,,,0.0,,0.0,,0.0
,,,0.05703125149011612,,0.921875,,,,,,,,,,,1.0,1.0,,,,,8667,,,,0.0,,0.0,,0.0
,,,0.05156249925494194,,0.96875,,,,,,,,,,,1.0,1.0,,,,,8668,,,,0.0,,0.0,,0.0
,,,0.1025155633687973,,0.8701120615005493,,,,,,,,,,,1.0,1.0,,,,,8669,,,,0.0,,0.0,,0.0
,,,0.03984374925494194,,0.8203125,,,,,,,,,,,1.0,1.0,,,,,8670,,,,0.0,,0.0,,0.0
,,,0.0494791679084301,,0.859375,,,,,,,,,,,1.0,1.0,,,,,8671,,,,0.0,,0.0,,0.0
,,,0.13316912949085236,,0.8997536897659302,,,,,,,,,,,1.0,1.0,,,,,8672,,,,0.0,,0.0,,0.0
,,,0.0763888880610466,,0.9453125,,,,,,,,,,,1.0,1.0,,,,,8673,,,,0.0,,0.0,,0.0
,,,0.06718750298023224,,0.9765625,,,,,,,,,,,1.0,1.0,,,,,8674,,,,0.0,,0.0,,0.0
,,,0.12460377812385559,,0.900628924369812,,,,,,,,,,,1.0,1.0,,,,,8675,,,,0.0,,0.0,,0.0
,,,0.0720486119389534,,0.9375,,,,,,,,,,,1.0,1.0,,,,,8676,,,,0.0,,0.0,,0.0
,,,0.0668402761220932,,0.8828125,,,,,,,,,,,1.0,1.0,,,,,8677,,,,0.0,,0.0,,0.0
,,,0.13649490475654602,,0.8772913813591003,,,,,,,,,,,1.0,1.0,,,,,8678,,,,0.0,,0.0,,0.0
,,,0.0546875,,0.8203125,,,,,,,,,,,1.0,1.0,,,,,8679,,,,0.0,,0.0,,0.0
,,,0.0598958320915699,,0.890625,,,,,,,,,,,1.0,1.0,,,,,8680,,,,0.0,,0.0,,0.0
,,,0.09940886497497559,,0.8839901685714722,,,,,,,,,,,1.0,1.0,,,,,8681,,,,0.0,,0.0,,0.0
,,,0.0712890625,,0.8671875,,,,,,,,,,,1.0,1.0,,,,,8682,,,,0.0,,0.0,,0.0
,,,0.0615234375,,0.859375,,,,,,,,,,,1.0,1.0,,,,,8683,,,,0.0,,0.0,,0.0
,,,0.10408612340688705,,0.8903841972351074,,,,,,,,,,,1.0,1.0,,,,,8684,,,,0.0,,0.0,,0.0
,,,0.05312500149011612,,0.921875,,,,,,,,,,,1.0,1.0,,,,,8685,,,,0.0,,0.0,,0.0
,,,0.05390625074505806,,0.8828125,,,,,,,,,,,1.0,1.0,,,,,8686,,,,0.0,,0.0,,0.0
,,,0.10483516752719879,,0.8980463743209839,,,,,,,,,,,1.0,1.0,,,,,8687,,,,0.0,,0.0,,0.0
,,,0.0598958320915699,,0.96875,,,,,,,,,,,1.0,1.0,,,,,8688,,,,0.0,,0.0,,0.0
,,,0.05156249925494194,,0.96875,,,,,,,,,,,1.0,1.0,,,,,8689,,,,0.0,,0.0,,0.0
,,,0.14772728085517883,,0.9352272748947144,,,,,,,,,,,1.0,1.0,,,,,8690,,,,0.0,,0.0,,0.0
,,,0.078125,,0.953125,,,,,,,,,,,1.0,1.0,,,,,8691,,,,0.0,,0.0,,0.0
,,,0.0876736119389534,,0.9453125,,,,,,,,,,,1.0,1.0,,,,,8692,,,,0.0,,0.0,,0.0
,,,0.09236545860767365,,0.9227159023284912,,,,,,,,,,,1.0,1.0,,,,,8693,,,,0.0,,0.0,,0.0
,,,0.01875000074505806,,0.7890625,,,,,,,,,,,1.0,1.0,,,,,8694,,,,0.0,,0.0,,0.0
,,,0.01406249962747097,,0.8359375,,,,,,,,,,,1.0,1.0,,,,,8695,,,,0.0,,0.0,,0.0
,,,0.01796874962747097,,0.796875,,,,,,,,,,,1.0,1.0,,,,,8696,,,,0.0,,0.0,,0.0
,,,0.16220472753047943,,0.9685039520263672,,,,,,,,,,,1.0,1.0,,,,,8697,,,,0.0,,0.0,,0.0
,,,0.05546874925494194,,0.9296875,,,,,,,,,,,1.0,1.0,,,,,8698,,,,0.0,,0.0,,0.0
,,,0.05234374850988388,,0.9375,,,,,,,,,,,1.0,1.0,,,,,8699,,,,0.0,,0.0,,0.0
,,,0.07816092669963837,,0.8347700834274292,,,,,,,,,,,1.0,1.0,,,,,8700,,,,0.0,,0.0,,0.0
,,,0.04374999925494194,,0.8125,,,,,,,,,,,1.0,1.0,,,,,8701,,,,0.0,,0.0,,0.0
,,,0.0538194440305233,,0.890625,,,,,,,,,,,1.0,1.0,,,,,8702,,,,0.0,,0.0,,0.0
,,,0.10289695858955383,,0.8777044415473938,,,,,,,,,,,1.0,1.0,,,,,8703,,,,0.0,,0.0,,0.0
,,,0.0807291641831398,,0.9609375,,,,,,,,,,,1.0,1.0,,,,,8704,,,,0.0,,0.0,,0.0
,,,0.06484375149011612,,0.9765625,,,,,,,,,,,1.0,1.0,,,,,8705,,,,0.0,,0.0,,0.0
,,,0.12812499701976776,,0.8854166269302368,,,,,,,,,,,1.0,1.0,,,,,8706,,,,0.0,,0.0,,0.0
,,,0.06328125298023224,,0.9375,,,,,,,,,,,1.0,1.0,,,,,8707,,,,0.0,,0.0,,0.0
,,,0.0711805522441864,,0.875,,,,,,,,,,,1.0,1.0,,,,,8708,,,,0.0,,0.0,,0.0
,,,0.12833763659000397,,0.8651716709136963,,,,,,,,,,,1.0,1.0,,,,,8709,,,,0.0,,0.0,,0.0
,,,0.0607638880610466,,0.828125,,,,,,,,,,,1.0,1.0,,,,,8710,,,,0.0,,0.0,,0.0
,,,0.0673828125,,0.8984375,,,,,,,,,,,1.0,1.0,,,,,8711,,,,0.0,,0.0,,0.0
,,,0.10986562073230743,,0.9091445207595825,,,,,,,,,,,1.0,1.0,,,,,8712,,,,0.0,,0.0,,0.0
,,,0.0732421875,,0.8515625,,,,,,,,,,,1.0,1.0,,,,,8713,,,,0.0,,0.0,,0.0
,,,0.0673828125,,0.8828125,,,,,,,,,,,1.0,1.0,,,,,8714,,,,0.0,,0.0,,0.0
,,,0.10929292440414429,,0.931313157081604,,,,,,,,,,,1.0,1.0,,,,,8715,,,,0.0,,0.0,,0.0
,,,0.05078125,,0.921875,,,,,,,,,,,1.0,1.0,,,,,8716,,,,0.0,,0.0,,0.0
,,,0.0546875,,0.8515625,,,,,,,,,,,1.0,1.0,,,,,8717,,,,0.0,,0.0,,0.0
,,,0.1187037006020546,,0.9472222328186035,,,,,,,,,,,1.0,1.0,,,,,8718,,,,0.0,,0.0,,0.0
,,,0.0564236119389534,,0.9765625,,,,,,,,,,,1.0,1.0,,,,,8719,,,,0.0,,0.0,,0.0
,,,0.05390625074505806,,0.9453125,,,,,,,,,,,1.0,1.0,,,,,8720,,,,0.0,,0.0,,0.0
,,,0.1477643847465515,,0.9435073733329773,,,,,,,,,,,1.0,1.0,,,,,8721,,,,0.0,,0.0,,0.0
,,,0.0876736119389534,,0.9453125,,,,,,,,,,,1.0,1.0,,,,,8722,,,,0.0,,0.0,,0.0
,,,0.08046875149011612,,0.9375,,,,,,,,,,,1.0,1.0,,,,,8723,,,,0.0,,0.0,,0.0
,,,0.08810797333717346,,0.8795518279075623,,,,,,,,,,,1.0,1.0,,,,,8724,,,,0.0,,0.0,,0.0
,,,0.01718750037252903,,0.796875,,,,,,,,,,,1.0,1.0,,,,,8725,,,,0.0,,0.0,,0.0
,,,0.014843749813735485,,0.828125,,,,,,,,,,,1.0,1.0,,,,,8726,,,,0.0,,0.0,,0.0
,,,0.08643411099910736,,0.8712624311447144,,,,,,,,,,,1.0,1.0,,,,,8727,,,,0.0,,0.0,,0.0
,,,0.05937499925494194,,0.9296875,,,,,,,,,,,1.0,1.0,,,,,8728,,,,0.0,,0.0,,0.0
,,,0.05078125,,0.953125,,,,,,,,,,,1.0,1.0,,,,,8729,,,,0.0,,0.0,,0.0
,,,0.11606251448392868,,0.9265048503875732,,,,,,,,,,,1.0,1.0,,,,,8730,,,,0.0,,0.0,,0.0
,,,0.04296875,,0.8359375,,,,,,,,,,,1.0,1.0,,,,,8731,,,,0.0,,0.0,,0.0
,,,0.0442708320915699,,0.8203125,,,,,,,,,,,1.0,1.0,,,,,8732,,,,0.0,,0.0,,0.0
,,,0.1567460298538208,,0.90625,,,,,,,,,,,1.0,1.0,,,,,8733,,,,0.0,,0.0,,0.0
,,,0.06796874850988388,,0.9453125,,,,,,,,,,,1.0,1.0,,,,,8734,,,,0.0,,0.0,,0.0
,,,0.06796874850988388,,0.96875,,,,,,,,,,,1.0,1.0,,,,,8735,,,,0.0,,0.0,,0.0
,,,0.11468531936407089,,0.8791763782501221,,,,,,,,,,,1.0,1.0,,,,,8736,,,,0.0,,0.0,,0.0
,,,0.0720486119389534,,0.921875,,,,,,,,,,,1.0,1.0,,,,,8737,,,,0.0,,0.0,,0.0
,,,0.0685763880610466,,0.921875,,,,,,,,,,,1.0,1.0,,,,,8738,,,,0.0,,0.0,,0.0
,,,0.07349081337451935,,0.8818897604942322,,,,,,,,,,,1.0,1.0,,,,,8739,,,,0.0,,0.0,,0.0
94,0.4824063777923584,0.5427188277244568,,0.8971329927444458,,,,,,,,,,,,,,77.80239868164062,35659.19140625,4.354172229766846,304.6956481933594,20994,,,0.0,,0.0,,0.0,
94,,,,,,0.5746918320655823,,0.8370059728622437,,13.11619758605957,,,,,,,,,,,,20994,1.741108775138855,,,,,,,
,,,,,,,,,,,,,,3.413530207813984e-06,0.03,,,,,,,20999,,,,,,,,
95,,,,,,,0.5902034640312195,,0.8499690890312195,,12.9921875,3.4080721889040433e-06,0.029999999329447746,,,1.0,1.0,,,,,20999,,1.7409868240356445,,,,,,
,,,,,,,,,,,,,,3.1466513855368105e-06,0.03,,,,,,,21049,,,,,,,,
95,,,,,,,0.5552113056182861,,0.8205921649932861,,13.2734375,3.1414390377904056e-06,0.029999999329447746,,,1.0,1.0,,,,,21049,,1.8679664134979248,,,,,,
,,,,,,,,,,,,,,2.892062559499556e-06,0.03,,,,,,,21099,,,,,,,,
95,,,,,,,0.5845496654510498,,0.8283240795135498,,12.1875,2.8870963433291763e-06,0.029999999329447746,,,1.0,1.0,,,,,21099,,1.630760669708252,,,,,,
,,,,,,,,,,,,,,2.649779608121618e-06,0.03,,,,,,,21149,,,,,,,,
95,,,,,,,0.5765585899353027,,0.8143515586853027,,11.890625,2.6450595669302857e-06,0.029999999329447746,,,1.0,1.0,,,,,21149,,1.8001309633255005,,,,,,
,,,,,,,,,,,,,,2.4198176423188392e-06,0.03,,,,,,,21199,,,,,,,,
95,,,,,,,0.574233889579773,,0.836440920829773,,13.109375,2.4153441700036637e-06,0.029999999329447746,,,1.0,1.0,,,,,21199,,1.7439510822296143,,,,,,
,,,0.0669642835855484,,0.8203125,,,,,,,,,,,1.0,1.0,,,,,8740,,,,0.0,,0.0,,0.0
,,,0.0595703125,,0.8515625,,,,,,,,,,,1.0,1.0,,,,,8741,,,,0.0,,0.0,,0.0
,,,0.13370004296302795,,0.9220755100250244,,,,,,,,,,,1.0,1.0,,,,,8742,,,,0.0,,0.0,,0.0
,,,0.1283482164144516,,0.9765625,,,,,,,,,,,1.0,1.0,,,,,8743,,,,0.0,,0.0,,0.0
,,,0.1044921875,,0.953125,,,,,,,,,,,1.0,1.0,,,,,8744,,,,0.0,,0.0,,0.0
,,,0.12037037312984467,,0.8557692170143127,,,,,,,,,,,1.0,1.0,,,,,8745,,,,0.0,,0.0,,0.0
,,,0.0164930559694767,,0.7734375,,,,,,,,,,,1.0,1.0,,,,,8746,,,,0.0,,0.0,,0.0
,,,0.02187499962747097,,0.78125,,,,,,,,,,,1.0,1.0,,,,,8747,,,,0.0,,0.0,,0.0
,,,0.051629502326250076,,0.7997426986694336,,,,,,,,,,,1.0,1.0,,,,,8748,,,,0.0,,0.0,,0.0
,,,0.0494791679084301,,0.8828125,,,,,,,,,,,1.0,1.0,,,,,8749,,,,0.0,,0.0,,0.0
,,,0.0390625,,0.8828125,,,,,,,,,,,1.0,1.0,,,,,8750,,,,0.0,,0.0,,0.0
,,,0.05156249925494194,,0.890625,,,,,,,,,,,1.0,1.0,,,,,8751,,,,0.0,,0.0,,0.0
,,,0.11970370262861252,,0.9520000219345093,,,,,,,,,,,1.0,1.0,,,,,8752,,,,0.0,,0.0,,0.0
,,,0.083984375,,0.8671875,,,,,,,,,,,1.0,1.0,,,,,8753,,,,0.0,,0.0,,0.0
,,,0.0685763880610466,,0.8984375,,,,,,,,,,,1.0,1.0,,,,,8754,,,,0.0,,0.0,,0.0
,,,0.11540617048740387,,0.8552754521369934,,,,,,,,,,,1.0,1.0,,,,,8755,,,,0.0,,0.0,,0.0
,,,0.0581597238779068,,0.9375,,,,,,,,,,,1.0,1.0,,,,,8756,,,,0.0,,0.0,,0.0
,,,0.05000000074505806,,0.90625,,,,,,,,,,,1.0,1.0,,,,,8757,,,,0.0,,0.0,,0.0
,,,0.10800865292549133,,0.8901515007019043,,,,,,,,,,,1.0,1.0,,,,,8758,,,,0.0,,0.0,,0.0
,,,0.0538194440305233,,0.9609375,,,,,,,,,,,1.0,1.0,,,,,8759,,,,0.0,,0.0,,0.0
,,,0.0529513880610466,,0.9296875,,,,,,,,,,,1.0,1.0,,,,,8760,,,,0.0,,0.0,,0.0
,,,0.1020672470331192,,0.9384807348251343,,,,,,,,,,,1.0,1.0,,,,,8761,,,,0.0,,0.0,,0.0
,,,0.05156249925494194,,0.9296875,,,,,,,,,,,1.0,1.0,,,,,8762,,,,0.0,,0.0,,0.0
,,,0.0520833320915699,,0.9375,,,,,,,,,,,1.0,1.0,,,,,8763,,,,0.0,,0.0,,0.0
,,,0.13754789531230927,,0.9226601123809814,,,,,,,,,,,1.0,1.0,,,,,8764,,,,0.0,,0.0,,0.0
,,,0.0751953125,,0.953125,,,,,,,,,,,1.0,1.0,,,,,8765,,,,0.0,,0.0,,0.0
,,,0.0633680522441864,,0.9375,,,,,,,,,,,1.0,1.0,,,,,8766,,,,0.0,,0.0,,0.0
,,,0.11932913959026337,,0.8734591007232666,,,,,,,,,,,1.0,1.0,,,,,8767,,,,0.0,,0.0,,0.0
,,,0.0576171875,,0.890625,,,,,,,,,,,1.0,1.0,,,,,8768,,,,0.0,,0.0,,0.0
,,,0.0520833320915699,,0.8359375,,,,,,,,,,,1.0,1.0,,,,,8769,,,,0.0,,0.0,,0.0
,,,0.11171910911798477,,0.8538987636566162,,,,,,,,,,,1.0,1.0,,,,,8770,,,,0.0,,0.0,,0.0
,,,0.0714285746216774,,0.859375,,,,,,,,,,,1.0,1.0,,,,,8771,,,,0.0,,0.0,,0.0
,,,0.04765624925494194,,0.859375,,,,,,,,,,,1.0,1.0,,,,,8772,,,,0.0,,0.0,,0.0
,,,0.16533251106739044,,0.9268472790718079,,,,,,,,,,,1.0,1.0,,,,,8773,,,,0.0,,0.0,,0.0
,,,0.17656250298023224,,0.953125,,,,,,,,,,,1.0,1.0,,,,,8774,,,,0.0,,0.0,,0.0
,,,0.1205357164144516,,0.9453125,,,,,,,,,,,1.0,1.0,,,,,8775,,,,0.0,,0.0,,0.0
,,,0.11991953104734421,,0.8716662526130676,,,,,,,,,,,1.0,1.0,,,,,8776,,,,0.0,,0.0,,0.0
,,,0.01640624925494194,,0.7890625,,,,,,,,,,,1.0,1.0,,,,,8777,,,,0.0,,0.0,,0.0
,,,0.01822916604578495,,0.7734375,,,,,,,,,,,1.0,1.0,,,,,8778,,,,0.0,,0.0,,0.0
,,,0.06539683043956757,,0.8035409450531006,,,,,,,,,,,1.0,1.0,,,,,8779,,,,0.0,,0.0,,0.0
,,,0.04374999925494194,,0.890625,,,,,,,,,,,1.0,1.0,,,,,8780,,,,0.0,,0.0,,0.0
,,,0.04218750074505806,,0.90625,,,,,,,,,,,1.0,1.0,,,,,8781,,,,0.0,,0.0,,0.0
,,,0.13090908527374268,,0.905681848526001,,,,,,,,,,,1.0,1.0,,,,,8782,,,,0.0,,0.0,,0.0
,,,0.0869140625,,0.8671875,,,,,,,,,,,1.0,1.0,,,,,8783,,,,0.0,,0.0,,0.0
,,,0.0729166641831398,,0.875,,,,,,,,,,,1.0,1.0,,,,,8784,,,,0.0,,0.0,,0.0
,,,0.125844806432724,,0.957446813583374,,,,,,,,,,,1.0,1.0,,,,,8785,,,,0.0,,0.0,,0.0
,,,0.0546875,,0.9140625,,,,,,,,,,,1.0,1.0,,,,,8786,,,,0.0,,0.0,,0.0
,,,0.0555555559694767,,0.9296875,,,,,,,,,,,1.0,1.0,,,,,8787,,,,0.0,,0.0,,0.0
,,,0.0607638880610466,,0.90625,,,,,,,,,,,1.0,1.0,,,,,8788,,,,0.0,,0.0,,0.0
,,,0.15196850895881653,,0.9685039520263672,,,,,,,,,,,1.0,1.0,,,,,8789,,,,0.0,,0.0,,0.0
,,,0.0486111119389534,,0.9375,,,,,,,,,,,1.0,1.0,,,,,8790,,,,0.0,,0.0,,0.0
,,,0.0538194440305233,,0.9296875,,,,,,,,,,,1.0,1.0,,,,,8791,,,,0.0,,0.0,,0.0
,,,0.09856320917606354,,0.9281609058380127,,,,,,,,,,,1.0,1.0,,,,,8792,,,,0.0,,0.0,,0.0
,,,0.05078125,,0.9140625,,,,,,,,,,,1.0,1.0,,,,,8793,,,,0.0,,0.0,,0.0
,,,0.0572916679084301,,0.9453125,,,,,,,,,,,1.0,1.0,,,,,8794,,,,0.0,,0.0,,0.0
,,,0.11694169789552689,,0.9332599639892578,,,,,,,,,,,1.0,1.0,,,,,8795,,,,0.0,,0.0,,0.0
,,,0.0703125,,0.9609375,,,,,,,,,,,1.0,1.0,,,,,8796,,,,0.0,,0.0,,0.0
,,,0.05781250074505806,,0.9453125,,,,,,,,,,,1.0,1.0,,,,,8797,,,,0.0,,0.0,,0.0
,,,0.12083333730697632,,0.90625,,,,,,,,,,,1.0,1.0,,,,,8798,,,,0.0,,0.0,,0.0
,,,0.05859375,,0.859375,,,,,,,,,,,1.0,1.0,,,,,8799,,,,0.0,,0.0,,0.0
,,,0.04609375074505806,,0.875,,,,,,,,,,,1.0,1.0,,,,,8800,,,,0.0,,0.0,,0.0
,,,0.10452811419963837,,0.8294573426246643,,,,,,,,,,,1.0,1.0,,,,,8801,,,,0.0,,0.0,,0.0
,,,0.0576171875,,0.84375,,,,,,,,,,,1.0,1.0,,,,,8802,,,,0.0,,0.0,,0.0
,,,0.04921875149011612,,0.890625,,,,,,,,,,,1.0,1.0,,,,,8803,,,,0.0,,0.0,,0.0
,,,0.16674041748046875,,0.9533923268318176,,,,,,,,,,,1.0,1.0,,,,,8804,,,,0.0,,0.0,,0.0
,,,0.1261160671710968,,0.9296875,,,,,,,,,,,1.0,1.0,,,,,8805,,,,0.0,,0.0,,0.0
,,,0.1183035746216774,,0.96875,,,,,,,,,,,1.0,1.0,,,,,8806,,,,0.0,,0.0,,0.0
,,,0.11727272719144821,,0.8818181753158569,,,,,,,,,,,1.0,1.0,,,,,8807,,,,0.0,,0.0,,0.0
,,,0.01875000074505806,,0.828125,,,,,,,,,,,1.0,1.0,,,,,8808,,,,0.0,,0.0,,0.0
,,,0.01953125,,0.703125,,,,,,,,,,,1.0,1.0,,,,,8809,,,,0.0,,0.0,,0.0
,,,0.06259259581565857,,0.8490740656852722,,,,,,,,,,,1.0,1.0,,,,,8810,,,,0.0,,0.0,,0.0
,,,0.0494791679084301,,0.90625,,,,,,,,,,,1.0,1.0,,,,,8811,,,,0.0,,0.0,,0.0
,,,0.04453124850988388,,0.875,,,,,,,,,,,1.0,1.0,,,,,8812,,,,0.0,,0.0,,0.0
,,,0.1346987932920456,,0.9073628187179565,,,,,,,,,,,1.0,1.0,,,,,8813,,,,0.0,,0.0,,0.0
,,,0.0888671875,,0.890625,,,,,,,,,,,1.0,1.0,,,,,8814,,,,0.0,,0.0,,0.0
,,,0.06484375149011612,,0.875,,,,,,,,,,,1.0,1.0,,,,,8815,,,,0.0,,0.0,,0.0
,,,0.11077158153057098,,0.9314998388290405,,,,,,,,,,,1.0,1.0,,,,,8816,,,,0.0,,0.0,,0.0
,,,0.0520833320915699,,0.921875,,,,,,,,,,,1.0,1.0,,,,,8817,,,,0.0,,0.0,,0.0
,,,0.05546874925494194,,0.921875,,,,,,,,,,,1.0,1.0,,,,,8818,,,,0.0,,0.0,,0.0
,,,0.1117386519908905,,0.9061461687088013,,,,,,,,,,,1.0,1.0,,,,,8819,,,,0.0,,0.0,,0.0
,,,0.0572916679084301,,0.9375,,,,,,,,,,,1.0,1.0,,,,,8820,,,,0.0,,0.0,,0.0
,,,0.0512152761220932,,0.921875,,,,,,,,,,,1.0,1.0,,,,,8821,,,,0.0,,0.0,,0.0
,,,0.14229759573936462,,0.9742268323898315,,,,,,,,,,,1.0,1.0,,,,,8822,,,,0.0,,0.0,,0.0
,,,0.05156249925494194,,0.9140625,,,,,,,,,,,1.0,1.0,,,,,8823,,,,0.0,,0.0,,0.0
,,,0.04609375074505806,,0.9140625,,,,,,,,,,,1.0,1.0,,,,,8824,,,,0.0,,0.0,,0.0
,,,0.1597222238779068,,0.9419642686843872,,,,,,,,,,,1.0,1.0,,,,,8825,,,,0.0,,0.0,,0.0
,,,0.05781250074505806,,0.953125,,,,,,,,,,,1.0,1.0,,,,,8826,,,,0.0,,0.0,,0.0
,,,0.0677083358168602,,0.9296875,,,,,,,,,,,1.0,1.0,,,,,8827,,,,0.0,,0.0,,0.0
,,,0.10699301213026047,,0.8010877966880798,,,,,,,,,,,1.0,1.0,,,,,8828,,,,0.0,,0.0,,0.0
,,,0.0555555559694767,,0.8671875,,,,,,,,,,,1.0,1.0,,,,,8829,,,,0.0,,0.0,,0.0
,,,0.0520833320915699,,0.859375,,,,,,,,,,,1.0,1.0,,,,,8830,,,,0.0,,0.0,,0.0
,,,0.05686789005994797,,0.8582677245140076,,,,,,,,,,,1.0,1.0,,,,,8831,,,,0.0,,0.0,,0.0
95,0.48806390166282654,0.5285093188285828,,0.8954865336418152,,,,,,,,,,,,,,76.564453125,35242.40234375,4.338132858276367,308.577880859375,21215,,,0.0,,0.0,,0.0,
95,,,,,,0.5737550258636475,,0.8355465531349182,,13.09000301361084,,,,,,,,,,,,21215,1.7166837453842163,,,,,,,
,,,,,,,,,,,,,,2.2021910045609194e-06,0.03,,,,,,,21249,,,,,,,,
96,,,,,,,0.5869675874710083,,0.8270798921585083,,12.0078125,2.1979644770908635e-06,0.029999999329447746,,,1.0,1.0,,,,,21249,,1.9553375244140625,,,,,,
,,,,,,,,,,,,,,1.9969132679771464e-06,0.03,,,,,,,21299,,,,,,,,
96,,,,,,,0.5736210346221924,,0.8634159564971924,,14.4921875,1.9929336758650606e-06,0.029999999329447746,,,1.0,1.0,,,,,21299,,1.8081018924713135,,,,,,
,,,,,,,,,,,,,,1.8039972355095408e-06,0.03,,,,,,,21349,,,,,,,,
96,,,,,,,0.5599632859230042,,0.8160668015480042,,12.8046875,1.8002650676862686e-06,0.029999999329447746,,,1.0,1.0,,,,,21349,,1.8091926574707031,,,,,,
,,,,,,,,,,,,,,1.6234549391146124e-06,0.03,,,,,,,21399,,,,,,,,
96,,,,,,,0.5665369629859924,,0.8377771973609924,,13.5625,1.6199703622987727e-06,0.029999999329447746,,,1.0,1.0,,,,,21399,,1.7946168184280396,,,,,,
,,,0.04296875,,0.8046875,,,,,,,,,,,1.0,1.0,,,,,8832,,,,0.0,,0.0,,0.0
,,,0.0625,,0.8515625,,,,,,,,,,,1.0,1.0,,,,,8833,,,,0.0,,0.0,,0.0
,,,0.10282361507415771,,0.8602859973907471,,,,,,,,,,,1.0,1.0,,,,,8834,,,,0.0,,0.0,,0.0
,,,0.05546874925494194,,0.890625,,,,,,,,,,,1.0,1.0,,,,,8835,,,,0.0,,0.0,,0.0
,,,0.0625,,0.921875,,,,,,,,,,,1.0,1.0,,,,,8836,,,,0.0,,0.0,,0.0
,,,0.09583333134651184,,0.879807710647583,,,,,,,,,,,1.0,1.0,,,,,8837,,,,0.0,,0.0,,0.0
,,,0.0347222238779068,,0.921875,,,,,,,,,,,1.0,1.0,,,,,8838,,,,0.0,,0.0,,0.0
,,,0.0486111119389534,,0.9296875,,,,,,,,,,,1.0,1.0,,,,,8839,,,,0.0,,0.0,,0.0
,,,0.08319039642810822,,0.8657804727554321,,,,,,,,,,,1.0,1.0,,,,,8840,,,,0.0,,0.0,,0.0
,,,0.05703125149011612,,0.890625,,,,,,,,,,,1.0,1.0,,,,,8841,,,,0.0,,0.0,,0.0
,,,0.04921875149011612,,0.828125,,,,,,,,,,,1.0,1.0,,,,,8842,,,,0.0,,0.0,,0.0
,,,0.05234374850988388,,0.8828125,,,,,,,,,,,1.0,1.0,,,,,8843,,,,0.0,,0.0,,0.0
,,,0.2582857310771942,,0.9760000109672546,,,,,,,,,,,1.0,1.0,,,,,8844,,,,0.0,,0.0,,0.0
,,,0.0807291641831398,,0.9375,,,,,,,,,,,1.0,1.0,,,,,8845,,,,0.0,,0.0,,0.0
,,,0.1004464253783226,,0.921875,,,,,,,,,,,1.0,1.0,,,,,8846,,,,0.0,,0.0,,0.0
,,,0.127357617020607,,0.8426704406738281,,,,,,,,,,,1.0,1.0,,,,,8847,,,,0.0,,0.0,,0.0
,,,0.0625,,0.9140625,,,,,,,,,,,1.0,1.0,,,,,8848,,,,0.0,,0.0,,0.0
,,,0.05390625074505806,,0.8984375,,,,,,,,,,,1.0,1.0,,,,,8849,,,,0.0,,0.0,,0.0
,,,0.12673160433769226,,0.9540042877197266,,,,,,,,,,,1.0,1.0,,,,,8850,,,,0.0,,0.0,,0.0
,,,0.0771484375,,0.953125,,,,,,,,,,,1.0,1.0,,,,,8851,,,,0.0,,0.0,,0.0
,,,0.0693359375,,0.9609375,,,,,,,,,,,1.0,1.0,,,,,8852,,,,0.0,,0.0,,0.0
,,,0.144790381193161,,0.9429638981819153,,,,,,,,,,,1.0,1.0,,,,,8853,,,,0.0,,0.0,,0.0
,,,0.0633680522441864,,0.8828125,,,,,,,,,,,1.0,1.0,,,,,8854,,,,0.0,,0.0,,0.0
,,,0.0668402761220932,,0.921875,,,,,,,,,,,1.0,1.0,,,,,8855,,,,0.0,,0.0,,0.0
,,,0.11297208070755005,,0.8810344934463501,,,,,,,,,,,1.0,1.0,,,,,8856,,,,0.0,,0.0,,0.0
,,,0.0460069440305233,,0.859375,,,,,,,,,,,1.0,1.0,,,,,8857,,,,0.0,,0.0,,0.0
,,,0.0442708320915699,,0.8828125,,,,,,,,,,,1.0,1.0,,,,,8858,,,,0.0,,0.0,,0.0
,,,0.09745283424854279,,0.8822641372680664,,,,,,,,,,,1.0,1.0,,,,,8859,,,,0.0,,0.0,,0.0
,,,0.046875,,0.9453125,,,,,,,,,,,1.0,1.0,,,,,8860,,,,0.0,,0.0,,0.0
,,,0.0329861119389534,,0.8984375,,,,,,,,,,,1.0,1.0,,,,,8861,,,,0.0,,0.0,,0.0
,,,0.0896184891462326,,0.8540355563163757,,,,,,,,,,,1.0,1.0,,,,,8862,,,,0.0,,0.0,,0.0
,,,0.04843749850988388,,0.796875,,,,,,,,,,,1.0,1.0,,,,,8863,,,,0.0,,0.0,,0.0
,,,0.0555555559694767,,0.8828125,,,,,,,,,,,1.0,1.0,,,,,8864,,,,0.0,,0.0,,0.0
,,,0.09881773591041565,,0.8724137544631958,,,,,,,,,,,1.0,1.0,,,,,8865,,,,0.0,,0.0,,0.0
,,,0.0642361119389534,,0.890625,,,,,,,,,,,1.0,1.0,,,,,8866,,,,0.0,,0.0,,0.0
,,,0.0581597238779068,,0.8984375,,,,,,,,,,,1.0,1.0,,,,,8867,,,,0.0,,0.0,,0.0
,,,0.1001957505941391,,0.9142402410507202,,,,,,,,,,,1.0,1.0,,,,,8868,,,,0.0,,0.0,,0.0
,,,0.0434027761220932,,0.9296875,,,,,,,,,,,1.0,1.0,,,,,8869,,,,0.0,,0.0,,0.0
,,,0.03750000149011612,,0.9140625,,,,,,,,,,,1.0,1.0,,,,,8870,,,,0.0,,0.0,,0.0
,,,0.10141636431217194,,0.8670330047607422,,,,,,,,,,,1.0,1.0,,,,,8871,,,,0.0,,0.0,,0.0
,,,0.05312500149011612,,0.859375,,,,,,,,,,,1.0,1.0,,,,,8872,,,,0.0,,0.0,,0.0
,,,0.05234374850988388,,0.8828125,,,,,,,,,,,1.0,1.0,,,,,8873,,,,0.0,,0.0,,0.0
,,,0.13931816816329956,,0.9125000238418579,,,,,,,,,,,1.0,1.0,,,,,8874,,,,0.0,,0.0,,0.0
,,,0.0824652761220932,,0.9453125,,,,,,,,,,,1.0,1.0,,,,,8875,,,,0.0,,0.0,,0.0
,,,0.091796875,,0.9375,,,,,,,,,,,1.0,1.0,,,,,8876,,,,0.0,,0.0,,0.0
,,,0.11964955925941467,,0.9427409172058105,,,,,,,,,,,1.0,1.0,,,,,8877,,,,0.0,,0.0,,0.0
,,,0.05390625074505806,,0.890625,,,,,,,,,,,1.0,1.0,,,,,8878,,,,0.0,,0.0,,0.0
,,,0.05312500149011612,,0.8984375,,,,,,,,,,,1.0,1.0,,,,,8879,,,,0.0,,0.0,,0.0
,,,0.05859375,,0.9140625,,,,,,,,,,,1.0,1.0,,,,,8880,,,,0.0,,0.0,,0.0
,,,0.16299211978912354,,0.9842519760131836,,,,,,,,,,,1.0,1.0,,,,,8881,,,,0.0,,0.0,,0.0
,,,0.076171875,,0.953125,,,,,,,,,,,1.0,1.0,,,,,8882,,,,0.0,,0.0,,0.0
,,,0.0703125,,0.9609375,,,,,,,,,,,1.0,1.0,,,,,8883,,,,0.0,,0.0,,0.0
,,,0.14208173751831055,,0.9525861740112305,,,,,,,,,,,1.0,1.0,,,,,8884,,,,0.0,,0.0,,0.0
,,,0.0625,,0.875,,,,,,,,,,,1.0,1.0,,,,,8885,,,,0.0,,0.0,,0.0
,,,0.0668402761220932,,0.9140625,,,,,,,,,,,1.0,1.0,,,,,8886,,,,0.0,,0.0,,0.0
,,,0.11221122741699219,,0.8949395418167114,,,,,,,,,,,1.0,1.0,,,,,8887,,,,0.0,,0.0,,0.0
,,,0.05078125,,0.875,,,,,,,,,,,1.0,1.0,,,,,8888,,,,0.0,,0.0,,0.0
,,,0.0477430559694767,,0.8515625,,,,,,,,,,,1.0,1.0,,,,,8889,,,,0.0,,0.0,,0.0
,,,0.09765625,,0.9114583730697632,,,,,,,,,,,1.0,1.0,,,,,8890,,,,0.0,,0.0,,0.0
,,,0.0381944440305233,,0.8984375,,,,,,,,,,,1.0,1.0,,,,,8891,,,,0.0,,0.0,,0.0
,,,0.03046875074505806,,0.8984375,,,,,,,,,,,1.0,1.0,,,,,8892,,,,0.0,,0.0,,0.0
,,,0.09013166278600693,,0.8654484748840332,,,,,,,,,,,1.0,1.0,,,,,8893,,,,0.0,,0.0,,0.0
,,,0.0512152761220932,,0.796875,,,,,,,,,,,1.0,1.0,,,,,8894,,,,0.0,,0.0,,0.0
,,,0.060546875,,0.8671875,,,,,,,,,,,1.0,1.0,,,,,8895,,,,0.0,,0.0,,0.0
,,,0.09309734404087067,,0.9179941415786743,,,,,,,,,,,1.0,1.0,,,,,8896,,,,0.0,,0.0,,0.0
,,,0.05703125149011612,,0.8828125,,,,,,,,,,,1.0,1.0,,,,,8897,,,,0.0,,0.0,,0.0
,,,0.0732421875,,0.90625,,,,,,,,,,,1.0,1.0,,,,,8898,,,,0.0,,0.0,,0.0
,,,0.09848485141992569,,0.931313157081604,,,,,,,,,,,1.0,1.0,,,,,8899,,,,0.0,,0.0,,0.0
,,,0.046875,,0.953125,,,,,,,,,,,1.0,1.0,,,,,8900,,,,0.0,,0.0,,0.0
,,,0.03671874850988388,,0.859375,,,,,,,,,,,1.0,1.0,,,,,8901,,,,0.0,,0.0,,0.0
,,,0.10962963104248047,,0.914814829826355,,,,,,,,,,,1.0,1.0,,,,,8902,,,,0.0,,0.0,,0.0
,,,0.0581597238779068,,0.859375,,,,,,,,,,,1.0,1.0,,,,,8903,,,,0.0,,0.0,,0.0
,,,0.0546875,,0.9140625,,,,,,,,,,,1.0,1.0,,,,,8904,,,,0.0,,0.0,,0.0
,,,0.14414992928504944,,0.8981258273124695,,,,,,,,,,,1.0,1.0,,,,,8905,,,,0.0,,0.0,,0.0
,,,0.0927734375,,0.953125,,,,,,,,,,,1.0,1.0,,,,,8906,,,,0.0,,0.0,,0.0
,,,0.0824652761220932,,0.921875,,,,,,,,,,,1.0,1.0,,,,,8907,,,,0.0,,0.0,,0.0
,,,0.11212121695280075,,0.9152024388313293,,,,,,,,,,,1.0,1.0,,,,,8908,,,,0.0,,0.0,,0.0
,,,0.0616319440305233,,0.8828125,,,,,,,,,,,1.0,1.0,,,,,8909,,,,0.0,,0.0,,0.0
,,,0.05390625074505806,,0.90625,,,,,,,,,,,1.0,1.0,,,,,8910,,,,0.0,,0.0,,0.0
,,,0.12480620294809341,,0.9415836334228516,,,,,,,,,,,1.0,1.0,,,,,8911,,,,0.0,,0.0,,0.0
,,,0.0659722238779068,,0.96875,,,,,,,,,,,1.0,1.0,,,,,8912,,,,0.0,,0.0,,0.0
,,,0.0751953125,,0.9609375,,,,,,,,,,,1.0,1.0,,,,,8913,,,,0.0,,0.0,,0.0
,,,0.15829730033874512,,0.9845360517501831,,,,,,,,,,,1.0,1.0,,,,,8914,,,,0.0,,0.0,,0.0
,,,0.05859375,,0.859375,,,,,,,,,,,1.0,1.0,,,,,8915,,,,0.0,,0.0,,0.0
,,,0.0703125,,0.90625,,,,,,,,,,,1.0,1.0,,,,,8916,,,,0.0,,0.0,,0.0
,,,0.1517857164144516,,0.8839285373687744,,,,,,,,,,,1.0,1.0,,,,,8917,,,,0.0,,0.0,,0.0
,,,0.0442708320915699,,0.890625,,,,,,,,,,,1.0,1.0,,,,,8918,,,,0.0,,0.0,,0.0
,,,0.0416666679084301,,0.84375,,,,,,,,,,,1.0,1.0,,,,,8919,,,,0.0,,0.0,,0.0
,,,0.05948372557759285,,0.8578088283538818,,,,,,,,,,,1.0,1.0,,,,,8920,,,,0.0,,0.0,,0.0
,,,0.0425347238779068,,0.921875,,,,,,,,,,,1.0,1.0,,,,,8921,,,,0.0,,0.0,,0.0
,,,0.0373263880610466,,0.890625,,,,,,,,,,,1.0,1.0,,,,,8922,,,,0.0,,0.0,,0.0
,,,0.03385826572775841,,0.913385808467865,,,,,,,,,,,1.0,1.0,,,,,8923,,,,0.0,,0.0,,0.0
96,0.4907257556915283,0.5206688642501831,,0.9000498056411743,,,,,,,,,,,,,,77.31404113769531,35591.46484375,4.347875595092773,305.68768310546875,21436,,,0.0,,0.0,,0.0,
96,,,,,,0.5758407115936279,,0.8372073173522949,,13.0685453414917,,,,,,,,,,,,21436,1.7354536056518555,,,,,,,
,,,,,,,,,,,,,,1.4552976390127888e-06,0.03,,,,,,,21449,,,,,,,,
97,,,,,,,0.5844006538391113,,0.8597912788391113,,13.7734375,1.452060928386345e-06,0.029999999329447746,,,1.0,1.0,,,,,21449,,2.0654854774475098,,,,,,
,,,,,,,,,,,,,,1.29953582298617e-06,0.03,,,,,,,21499,,,,,,,,
97,,,,,,,0.569852352142334,,0.817166805267334,,12.3671875,1.2965471114512184e-06,0.029999999329447746,,,1.0,1.0,,,,,21499,,1.6521556377410889,,,,,,
,,,,,,,,,,,,,,1.156179205724481e-06,0.03,,,,,,,21549,,,,,,,,
97,,,,,,,0.5548025965690613,,0.8245779871940613,,13.4921875,1.1534386885614367e-06,0.029999999329447746,,,1.0,1.0,,,,,21549,,1.7656142711639404,,,,,,
,,,,,,,,,,,,,,1.025236728219057e-06,0.03,,,,,,,21599,,,,,,,,
97,,,,,,,0.5733075141906738,,0.8545575141906738,,14.0625,1.0227445272903424e-06,0.029999999329447746,,,1.0,1.0,,,,,21599,,1.5502052307128906,,,,,,
,,,,,,,,,,,,,,9.067165572052909e-07,0.03,,,,,,,21649,,,,,,,,
97,,,,,,,0.5581123232841492,,0.8190986514091492,,13.046875,9.04472926777089e-07,0.029999999329447746,,,1.0,1.0,,,,,21649,,1.7529308795928955,,,,,,
,,,0.083984375,,0.90625,,,,,,,,,,,1.0,1.0,,,,,8924,,,,0.0,,0.0,,0.0
,,,0.0746527761220932,,0.9453125,,,,,,,,,,,1.0,1.0,,,,,8925,,,,0.0,,0.0,,0.0
,,,0.14855152368545532,,0.9567290544509888,,,,,,,,,,,1.0,1.0,,,,,8926,,,,0.0,,0.0,,0.0
,,,0.1116071417927742,,0.9921875,,,,,,,,,,,1.0,1.0,,,,,8927,,,,0.0,,0.0,,0.0
,,,0.0885416641831398,,0.984375,,,,,,,,,,,1.0,1.0,,,,,8928,,,,0.0,,0.0,,0.0
,,,0.12019230425357819,,0.9230769276618958,,,,,,,,,,,1.0,1.0,,,,,8929,,,,0.0,,0.0,,0.0
,,,0.01171875,,0.90625,,,,,,,,,,,1.0,1.0,,,,,8930,,,,0.0,,0.0,,0.0
,,,0.01718750037252903,,0.8828125,,,,,,,,,,,1.0,1.0,,,,,8931,,,,0.0,,0.0,,0.0
,,,0.04974270984530449,,0.8147512674331665,,,,,,,,,,,1.0,1.0,,,,,8932,,,,0.0,,0.0,,0.0
,,,0.03046875074505806,,0.8515625,,,,,,,,,,,1.0,1.0,,,,,8933,,,,0.0,,0.0,,0.0
,,,0.02968749962747097,,0.8359375,,,,,,,,,,,1.0,1.0,,,,,8934,,,,0.0,,0.0,,0.0
,,,0.03515625,,0.8359375,,,,,,,,,,,1.0,1.0,,,,,8935,,,,0.0,,0.0,,0.0
,,,0.12414814531803131,,0.972000002861023,,,,,,,,,,,1.0,1.0,,,,,8936,,,,0.0,,0.0,,0.0
,,,0.083984375,,0.9140625,,,,,,,,,,,1.0,1.0,,,,,8937,,,,0.0,,0.0,,0.0
,,,0.0830078125,,0.90625,,,,,,,,,,,1.0,1.0,,,,,8938,,,,0.0,,0.0,,0.0
,,,0.11223156750202179,,0.8436040878295898,,,,,,,,,,,1.0,1.0,,,,,8939,,,,0.0,,0.0,,0.0
,,,0.0390625,,0.828125,,,,,,,,,,,1.0,1.0,,,,,8940,,,,0.0,,0.0,,0.0
,,,0.02890625037252903,,0.796875,,,,,,,,,,,1.0,1.0,,,,,8941,,,,0.0,,0.0,,0.0
,,,0.1185666173696518,,0.8852813839912415,,,,,,,,,,,1.0,1.0,,,,,8942,,,,0.0,,0.0,,0.0
,,,0.0982142835855484,,0.9765625,,,,,,,,,,,1.0,1.0,,,,,8943,,,,0.0,,0.0,,0.0
,,,0.05703125149011612,,0.953125,,,,,,,,,,,1.0,1.0,,,,,8944,,,,0.0,,0.0,,0.0
,,,0.1248069778084755,,0.9429638981819153,,,,,,,,,,,1.0,1.0,,,,,8945,,,,0.0,,0.0,,0.0
,,,0.046875,,0.8203125,,,,,,,,,,,1.0,1.0,,,,,8946,,,,0.0,,0.0,,0.0
,,,0.0520833320915699,,0.8359375,,,,,,,,,,,1.0,1.0,,,,,8947,,,,0.0,,0.0,,0.0
,,,0.1141379326581955,,0.8913793563842773,,,,,,,,,,,1.0,1.0,,,,,8948,,,,0.0,,0.0,,0.0
,,,0.087890625,,0.9453125,,,,,,,,,,,1.0,1.0,,,,,8949,,,,0.0,,0.0,,0.0
,,,0.0798611119389534,,0.9765625,,,,,,,,,,,1.0,1.0,,,,,8950,,,,0.0,,0.0,,0.0
,,,0.12981131672859192,,0.8884276747703552,,,,,,,,,,,1.0,1.0,,,,,8951,,,,0.0,,0.0,,0.0
,,,0.046875,,0.8828125,,,,,,,,,,,1.0,1.0,,,,,8952,,,,0.0,,0.0,,0.0
,,,0.0347222238779068,,0.84375,,,,,,,,,,,1.0,1.0,,,,,8953,,,,0.0,,0.0,,0.0
,,,0.1459302306175232,,0.9357045292854309,,,,,,,,,,,1.0,1.0,,,,,8954,,,,0.0,,0.0,,0.0
,,,0.0694444477558136,,0.90625,,,,,,,,,,,1.0,1.0,,,,,8955,,,,0.0,,0.0,,0.0
,,,0.06875000149011612,,0.9609375,,,,,,,,,,,1.0,1.0,,,,,8956,,,,0.0,,0.0,,0.0
,,,0.17758619785308838,,0.9613300561904907,,,,,,,,,,,1.0,1.0,,,,,8957,,,,0.0,,0.0,,0.0
,,,0.1104910746216774,,0.9765625,,,,,,,,,,,1.0,1.0,,,,,8958,,,,0.0,,0.0,,0.0
,,,0.1025390625,,0.984375,,,,,,,,,,,1.0,1.0,,,,,8959,,,,0.0,,0.0,,0.0
,,,0.09867873787879944,,0.9231710433959961,,,,,,,,,,,1.0,1.0,,,,,8960,,,,0.0,,0.0,,0.0
,,,0.012500000186264515,,0.890625,,,,,,,,,,,1.0,1.0,,,,,8961,,,,0.0,,0.0,,0.0
,,,0.01640624925494194,,0.875,,,,,,,,,,,1.0,1.0,,,,,8962,,,,0.0,,0.0,,0.0
,,,0.054529912769794464,,0.8124542236328125,,,,,,,,,,,1.0,1.0,,,,,8963,,,,0.0,,0.0,,0.0
,,,0.03046875074505806,,0.8359375,,,,,,,,,,,1.0,1.0,,,,,8964,,,,0.0,,0.0,,0.0
,,,0.03125,,0.859375,,,,,,,,,,,1.0,1.0,,,,,8965,,,,0.0,,0.0,,0.0
,,,0.11636363714933395,,0.8897727131843567,,,,,,,,,,,1.0,1.0,,,,,8966,,,,0.0,,0.0,,0.0
,,,0.0888671875,,0.921875,,,,,,,,,,,1.0,1.0,,,,,8967,,,,0.0,,0.0,,0.0
,,,0.0869140625,,0.921875,,,,,,,,,,,1.0,1.0,,,,,8968,,,,0.0,,0.0,,0.0
,,,0.1225837767124176,,0.8785982131958008,,,,,,,,,,,1.0,1.0,,,,,8969,,,,0.0,,0.0,,0.0
,,,0.03281249850988388,,0.8046875,,,,,,,,,,,1.0,1.0,,,,,8970,,,,0.0,,0.0,,0.0
,,,0.03046875074505806,,0.8046875,,,,,,,,,,,1.0,1.0,,,,,8971,,,,0.0,,0.0,,0.0
,,,0.03281249850988388,,0.8046875,,,,,,,,,,,1.0,1.0,,,,,8972,,,,0.0,,0.0,,0.0
,,,0.09055118262767792,,0.9803149700164795,,,,,,,,,,,1.0,1.0,,,,,8973,,,,0.0,,0.0,,0.0
,,,0.0791015625,,0.96875,,,,,,,,,,,1.0,1.0,,,,,8974,,,,0.0,,0.0,,0.0
,,,0.06328125298023224,,0.96875,,,,,,,,,,,1.0,1.0,,,,,8975,,,,0.0,,0.0,,0.0
,,,0.10258620977401733,,0.9310344457626343,,,,,,,,,,,1.0,1.0,,,,,8976,,,,0.0,,0.0,,0.0
,,,0.04609375074505806,,0.796875,,,,,,,,,,,1.0,1.0,,,,,8977,,,,0.0,,0.0,,0.0
,,,0.04531250149011612,,0.84375,,,,,,,,,,,1.0,1.0,,,,,8978,,,,0.0,,0.0,,0.0
,,,0.12412908673286438,,0.8925559520721436,,,,,,,,,,,1.0,1.0,,,,,8979,,,,0.0,,0.0,,0.0
,,,0.0888671875,,0.96875,,,,,,,,,,,1.0,1.0,,,,,8980,,,,0.0,,0.0,,0.0
,,,0.0815972238779068,,0.9609375,,,,,,,,,,,1.0,1.0,,,,,8981,,,,0.0,,0.0,,0.0
,,,0.09791666269302368,,0.8802083730697632,,,,,,,,,,,1.0,1.0,,,,,8982,,,,0.0,,0.0,,0.0
,,,0.0425347238779068,,0.875,,,,,,,,,,,1.0,1.0,,,,,8983,,,,0.0,,0.0,,0.0
,,,0.03593749925494194,,0.8671875,,,,,,,,,,,1.0,1.0,,,,,8984,,,,0.0,,0.0,,0.0
,,,0.13642026484012604,,0.9177740812301636,,,,,,,,,,,1.0,1.0,,,,,8985,,,,0.0,,0.0,,0.0
,,,0.06562499701976776,,0.9375,,,,,,,,,,,1.0,1.0,,,,,8986,,,,0.0,,0.0,,0.0
,,,0.06953124701976776,,0.9609375,,,,,,,,,,,1.0,1.0,,,,,8987,,,,0.0,,0.0,,0.0
,,,0.1828908622264862,,0.982300877571106,,,,,,,,,,,1.0,1.0,,,,,8988,,,,0.0,,0.0,,0.0
,,,0.0902777761220932,,0.9609375,,,,,,,,,,,1.0,1.0,,,,,8989,,,,0.0,,0.0,,0.0
,,,0.099609375,,0.96875,,,,,,,,,,,1.0,1.0,,,,,8990,,,,0.0,,0.0,,0.0
,,,0.10626262426376343,,0.9545454978942871,,,,,,,,,,,1.0,1.0,,,,,8991,,,,0.0,,0.0,,0.0
,,,0.01640624925494194,,0.890625,,,,,,,,,,,1.0,1.0,,,,,8992,,,,0.0,,0.0,,0.0
,,,0.01875000074505806,,0.8359375,,,,,,,,,,,1.0,1.0,,,,,8993,,,,0.0,,0.0,,0.0
,,,0.042407408356666565,,0.8509259223937988,,,,,,,,,,,1.0,1.0,,,,,8994,,,,0.0,,0.0,,0.0
,,,0.03046875074505806,,0.84375,,,,,,,,,,,1.0,1.0,,,,,8995,,,,0.0,,0.0,,0.0
,,,0.03281249850988388,,0.8515625,,,,,,,,,,,1.0,1.0,,,,,8996,,,,0.0,,0.0,,0.0
,,,0.147891566157341,,0.8921017646789551,,,,,,,,,,,1.0,1.0,,,,,8997,,,,0.0,,0.0,,0.0
,,,0.0807291641831398,,0.9140625,,,,,,,,,,,1.0,1.0,,,,,8998,,,,0.0,,0.0,,0.0
,,,0.08984375,,0.9375,,,,,,,,,,,1.0,1.0,,,,,8999,,,,0.0,,0.0,,0.0
,,,0.09584925323724747,,0.8404634594917297,,,,,,,,,,,1.0,1.0,,,,,9000,,,,0.0,,0.0,,0.0
,,,0.0400390625,,0.828125,,,,,,,,,,,1.0,1.0,,,,,9001,,,,0.0,,0.0,,0.0
,,,0.0347222238779068,,0.8046875,,,,,,,,,,,1.0,1.0,,,,,9002,,,,0.0,,0.0,,0.0
,,,0.10753045231103897,,0.8712624311447144,,,,,,,,,,,1.0,1.0,,,,,9003,,,,0.0,,0.0,,0.0
,,,0.0859375,,0.9765625,,,,,,,,,,,1.0,1.0,,,,,9004,,,,0.0,,0.0,,0.0
,,,0.0685763880610466,,0.9609375,,,,,,,,,,,1.0,1.0,,,,,9005,,,,0.0,,0.0,,0.0
,,,0.12959760427474976,,0.9684070348739624,,,,,,,,,,,1.0,1.0,,,,,9006,,,,0.0,,0.0,,0.0
,,,0.046875,,0.8046875,,,,,,,,,,,1.0,1.0,,,,,9007,,,,0.0,,0.0,,0.0
,,,0.0503472238779068,,0.828125,,,,,,,,,,,1.0,1.0,,,,,9008,,,,0.0,,0.0,,0.0
,,,0.13303571939468384,,0.9107142686843872,,,,,,,,,,,1.0,1.0,,,,,9009,,,,0.0,,0.0,,0.0
,,,0.0755208358168602,,0.9609375,,,,,,,,,,,1.0,1.0,,,,,9010,,,,0.0,,0.0,,0.0
,,,0.078125,,0.9609375,,,,,,,,,,,1.0,1.0,,,,,9011,,,,0.0,,0.0,,0.0
,,,0.1394716501235962,,0.883449912071228,,,,,,,,,,,1.0,1.0,,,,,9012,,,,0.0,,0.0,,0.0
,,,0.03984374925494194,,0.8515625,,,,,,,,,,,1.0,1.0,,,,,9013,,,,0.0,,0.0,,0.0
,,,0.03437500074505806,,0.8359375,,,,,,,,,,,1.0,1.0,,,,,9014,,,,0.0,,0.0,,0.0
,,,0.048993874341249466,,0.913385808467865,,,,,,,,,,,1.0,1.0,,,,,9015,,,,0.0,,0.0,,0.0
97,0.47772350907325745,0.5219595432281494,,0.8987094163894653,,,,,,,,,,,,,,77.19497680664062,32911.12890625,4.346334457397461,304.6144104003906,21657,,,0.0,,0.0,,0.0,
97,,,,,,0.5741336345672607,,0.8335611820220947,,12.971260070800781,,,,,,,,,,,,21657,1.7180455923080444,,,,,,,
,,,,,,,,,,,,,,8.006260846532623e-07,0.03,,,,,,,21699,,,,,,,,
98,,,,,,,0.5739891529083252,,0.8184959888458252,,12.2265625,7.98631106135872e-07,0.029999999329447746,,,1.0,1.0,,,,,21699,,1.706081509590149,,,,,,
,,,,,,,,,,,,,,7.069719273067056e-07,0.03,,,,,,,21749,,,,,,,,
98,,,,,,,0.5702050924301147,,0.8275293111801147,,12.8671875,7.052257160466979e-07,0.029999999329447746,,,1.0,1.0,,,,,21749,,1.6181373596191406,,,,,,
,,,,,,,,,,,,,,6.257599262703038e-07,0.03,,,,,,,21799,,,,,,,,
98,,,,,,,0.5811763405799866,,0.8392329812049866,,12.8984375,6.242626113817096e-07,0.029999999329447746,,,1.0,1.0,,,,,21799,,1.7699766159057617,,,,,,
,,,,,,,,,,,,,,5.56995146645456e-07,0.03,,,,,,,21849,,,,,,,,
98,,,,,,,0.5817656517028809,,0.8588652610778809,,13.8515625,5.557468512051855e-07,0.029999999329447746,,,1.0,1.0,,,,,21849,,1.9532907009124756,,,,,,
,,,0.0581597238779068,,0.8828125,,,,,,,,,,,1.0,1.0,,,,,9016,,,,0.0,,0.0,,0.0
,,,0.0703125,,0.90625,,,,,,,,,,,1.0,1.0,,,,,9017,,,,0.0,,0.0,,0.0
,,,0.11642831563949585,,0.9233590364456177,,,,,,,,,,,1.0,1.0,,,,,9018,,,,0.0,,0.0,,0.0
,,,0.0729166641831398,,0.8984375,,,,,,,,,,,1.0,1.0,,,,,9019,,,,0.0,,0.0,,0.0
,,,0.06093750149011612,,0.890625,,,,,,,,,,,1.0,1.0,,,,,9020,,,,0.0,,0.0,,0.0
,,,0.09081196784973145,,0.8685897588729858,,,,,,,,,,,1.0,1.0,,,,,9021,,,,0.0,,0.0,,0.0
,,,0.014843749813735485,,0.7890625,,,,,,,,,,,1.0,1.0,,,,,9022,,,,0.0,,0.0,,0.0
,,,0.01875000074505806,,0.8671875,,,,,,,,,,,1.0,1.0,,,,,9023,,,,0.0,,0.0,,0.0
,,,0.07813036441802979,,0.8962264060974121,,,,,,,,,,,1.0,1.0,,,,,9024,,,,0.0,,0.0,,0.0
,,,0.06015624850988388,,0.96875,,,,,,,,,,,1.0,1.0,,,,,9025,,,,0.0,,0.0,,0.0
,,,0.06562499701976776,,0.984375,,,,,,,,,,,1.0,1.0,,,,,9026,,,,0.0,,0.0,,0.0
,,,0.06406249850988388,,0.953125,,,,,,,,,,,1.0,1.0,,,,,9027,,,,0.0,,0.0,,0.0
,,,0.13386666774749756,,0.9520000219345093,,,,,,,,,,,1.0,1.0,,,,,9028,,,,0.0,,0.0,,0.0
,,,0.0607638880610466,,0.859375,,,,,,,,,,,1.0,1.0,,,,,9029,,,,0.0,,0.0,,0.0
,,,0.0732421875,,0.8671875,,,,,,,,,,,1.0,1.0,,,,,9030,,,,0.0,,0.0,,0.0
,,,0.10616247355937958,,0.8814192414283752,,,,,,,,,,,1.0,1.0,,,,,9031,,,,0.0,,0.0,,0.0
,,,0.0486111119389534,,0.859375,,,,,,,,,,,1.0,1.0,,,,,9032,,,,0.0,,0.0,,0.0
,,,0.03828125074505806,,0.84375,,,,,,,,,,,1.0,1.0,,,,,9033,,,,0.0,,0.0,,0.0
,,,0.13083213567733765,,0.8977272510528564,,,,,,,,,,,1.0,1.0,,,,,9034,,,,0.0,,0.0,,0.0
,,,0.083984375,,0.984375,,,,,,,,,,,1.0,1.0,,,,,9035,,,,0.0,,0.0,,0.0
,,,0.0791015625,,0.9609375,,,,,,,,,,,1.0,1.0,,,,,9036,,,,0.0,,0.0,,0.0
,,,0.13850560784339905,,0.9361145496368408,,,,,,,,,,,1.0,1.0,,,,,9037,,,,0.0,,0.0,,0.0
,,,0.05859375,,0.890625,,,,,,,,,,,1.0,1.0,,,,,9038,,,,0.0,,0.0,,0.0
,,,0.05859375,,0.8984375,,,,,,,,,,,1.0,1.0,,,,,9039,,,,0.0,,0.0,,0.0
,,,0.1305418759584427,,0.9298029541969299,,,,,,,,,,,1.0,1.0,,,,,9040,,,,0.0,,0.0,,0.0
,,,0.0581597238779068,,0.921875,,,,,,,,,,,1.0,1.0,,,,,9041,,,,0.0,,0.0,,0.0
,,,0.05703125149011612,,0.953125,,,,,,,,,,,1.0,1.0,,,,,9042,,,,0.0,,0.0,,0.0
,,,0.08862893283367157,,0.8484276533126831,,,,,,,,,,,1.0,1.0,,,,,9043,,,,0.0,,0.0,,0.0
,,,0.0442708320915699,,0.84375,,,,,,,,,,,1.0,1.0,,,,,9044,,,,0.0,,0.0,,0.0
,,,0.03046875074505806,,0.8828125,,,,,,,,,,,1.0,1.0,,,,,9045,,,,0.0,,0.0,,0.0
,,,0.11290469765663147,,0.8596442937850952,,,,,,,,,,,1.0,1.0,,,,,9046,,,,0.0,,0.0,,0.0
,,,0.0607638880610466,,0.90625,,,,,,,,,,,1.0,1.0,,,,,9047,,,,0.0,,0.0,,0.0
,,,0.0607638880610466,,0.9375,,,,,,,,,,,1.0,1.0,,,,,9048,,,,0.0,,0.0,,0.0
,,,0.13590584695339203,,0.8783251047134399,,,,,,,,,,,1.0,1.0,,,,,9049,,,,0.0,,0.0,,0.0
,,,0.0729166641831398,,0.9140625,,,,,,,,,,,1.0,1.0,,,,,9050,,,,0.0,,0.0,,0.0
,,,0.0751953125,,0.8828125,,,,,,,,,,,1.0,1.0,,,,,9051,,,,0.0,,0.0,,0.0
,,,0.08527037501335144,,0.8538047075271606,,,,,,,,,,,1.0,1.0,,,,,9052,,,,0.0,,0.0,,0.0
,,,0.01328125037252903,,0.8359375,,,,,,,,,,,1.0,1.0,,,,,9053,,,,0.0,,0.0,,0.0
,,,0.0234375,,0.828125,,,,,,,,,,,1.0,1.0,,,,,9054,,,,0.0,,0.0,,0.0
,,,0.08231990784406662,,0.8896214962005615,,,,,,,,,,,1.0,1.0,,,,,9055,,,,0.0,,0.0,,0.0
,,,0.06328125298023224,,0.984375,,,,,,,,,,,1.0,1.0,,,,,9056,,,,0.0,,0.0,,0.0
,,,0.06484375149011612,,0.984375,,,,,,,,,,,1.0,1.0,,,,,9057,,,,0.0,,0.0,,0.0
,,,0.12613636255264282,,0.9340909123420715,,,,,,,,,,,1.0,1.0,,,,,9058,,,,0.0,,0.0,,0.0
,,,0.0625,,0.8671875,,,,,,,,,,,1.0,1.0,,,,,9059,,,,0.0,,0.0,,0.0
,,,0.0814732164144516,,0.875,,,,,,,,,,,1.0,1.0,,,,,9060,,,,0.0,,0.0,,0.0
,,,0.11875955760478973,,0.9067584276199341,,,,,,,,,,,1.0,1.0,,,,,9061,,,,0.0,,0.0,,0.0
,,,0.0390625,,0.8671875,,,,,,,,,,,1.0,1.0,,,,,9062,,,,0.0,,0.0,,0.0
,,,0.04218750074505806,,0.84375,,,,,,,,,,,1.0,1.0,,,,,9063,,,,0.0,,0.0,,0.0
,,,0.04453124850988388,,0.8359375,,,,,,,,,,,1.0,1.0,,,,,9064,,,,0.0,,0.0,,0.0
,,,0.20866140723228455,,0.9921259880065918,,,,,,,,,,,1.0,1.0,,,,,9065,,,,0.0,,0.0,,0.0
,,,0.080078125,,0.984375,,,,,,,,,,,1.0,1.0,,,,,9066,,,,0.0,,0.0,,0.0
,,,0.0810546875,,0.9609375,,,,,,,,,,,1.0,1.0,,,,,9067,,,,0.0,,0.0,,0.0
,,,0.12385056912899017,,0.9439655542373657,,,,,,,,,,,1.0,1.0,,,,,9068,,,,0.0,,0.0,,0.0
,,,0.05703125149011612,,0.859375,,,,,,,,,,,1.0,1.0,,,,,9069,,,,0.0,,0.0,,0.0
,,,0.0668402761220932,,0.9296875,,,,,,,,,,,1.0,1.0,,,,,9070,,,,0.0,,0.0,,0.0
,,,0.10927759110927582,,0.9097909927368164,,,,,,,,,,,1.0,1.0,,,,,9071,,,,0.0,,0.0,,0.0
,,,0.0546875,,0.9609375,,,,,,,,,,,1.0,1.0,,,,,9072,,,,0.0,,0.0,,0.0
,,,0.0581597238779068,,0.9296875,,,,,,,,,,,1.0,1.0,,,,,9073,,,,0.0,,0.0,,0.0
,,,0.10532407462596893,,0.8333333730697632,,,,,,,,,,,1.0,1.0,,,,,9074,,,,0.0,,0.0,,0.0
,,,0.0347222238779068,,0.828125,,,,,,,,,,,1.0,1.0,,,,,9075,,,,0.0,,0.0,,0.0
,,,0.03359375149011612,,0.875,,,,,,,,,,,1.0,1.0,,,,,9076,,,,0.0,,0.0,,0.0
,,,0.11745570600032806,,0.8646179437637329,,,,,,,,,,,1.0,1.0,,,,,9077,,,,0.0,,0.0,,0.0
,,,0.05312500149011612,,0.921875,,,,,,,,,,,1.0,1.0,,,,,9078,,,,0.0,,0.0,,0.0
,,,0.0598958320915699,,0.9140625,,,,,,,,,,,1.0,1.0,,,,,9079,,,,0.0,,0.0,,0.0
,,,0.1446017622947693,,0.9469026327133179,,,,,,,,,,,1.0,1.0,,,,,9080,,,,0.0,,0.0,,0.0
,,,0.0737847238779068,,0.9140625,,,,,,,,,,,1.0,1.0,,,,,9081,,,,0.0,,0.0,,0.0
,,,0.0751953125,,0.8515625,,,,,,,,,,,1.0,1.0,,,,,9082,,,,0.0,,0.0,,0.0
,,,0.09040403366088867,,0.8954545259475708,,,,,,,,,,,1.0,1.0,,,,,9083,,,,0.0,,0.0,,0.0
,,,0.014843749813735485,,0.875,,,,,,,,,,,1.0,1.0,,,,,9084,,,,0.0,,0.0,,0.0
,,,0.02109375037252903,,0.8046875,,,,,,,,,,,1.0,1.0,,,,,9085,,,,0.0,,0.0,,0.0
,,,0.09425926208496094,,0.9064815044403076,,,,,,,,,,,1.0,1.0,,,,,9086,,,,0.0,,0.0,,0.0
,,,0.06328125298023224,,0.9921875,,,,,,,,,,,1.0,1.0,,,,,9087,,,,0.0,,0.0,,0.0
,,,0.0625,,0.9609375,,,,,,,,,,,1.0,1.0,,,,,9088,,,,0.0,,0.0,,0.0
,,,0.13978581130504608,,0.9416332244873047,,,,,,,,,,,1.0,1.0,,,,,9089,,,,0.0,,0.0,,0.0
,,,0.0659722238779068,,0.8515625,,,,,,,,,,,1.0,1.0,,,,,9090,,,,0.0,,0.0,,0.0
,,,0.0703125,,0.8984375,,,,,,,,,,,1.0,1.0,,,,,9091,,,,0.0,,0.0,,0.0
,,,0.10211357474327087,,0.8370257616043091,,,,,,,,,,,1.0,1.0,,,,,9092,,,,0.0,,0.0,,0.0
,,,0.0434027761220932,,0.8515625,,,,,,,,,,,1.0,1.0,,,,,9093,,,,0.0,,0.0,,0.0
,,,0.04140625149011612,,0.84375,,,,,,,,,,,1.0,1.0,,,,,9094,,,,0.0,,0.0,,0.0
,,,0.12026578187942505,,0.9302325248718262,,,,,,,,,,,1.0,1.0,,,,,9095,,,,0.0,,0.0,,0.0
,,,0.0729166641831398,,0.9765625,,,,,,,,,,,1.0,1.0,,,,,9096,,,,0.0,,0.0,,0.0
,,,0.080078125,,0.96875,,,,,,,,,,,1.0,1.0,,,,,9097,,,,0.0,,0.0,,0.0
,,,0.16062520444393158,,0.9845360517501831,,,,,,,,,,,1.0,1.0,,,,,9098,,,,0.0,,0.0,,0.0
,,,0.06015624850988388,,0.859375,,,,,,,,,,,1.0,1.0,,,,,9099,,,,0.0,,0.0,,0.0
,,,0.0625,,0.875,,,,,,,,,,,1.0,1.0,,,,,9100,,,,0.0,,0.0,,0.0
,,,0.1428571343421936,,0.96875,,,,,,,,,,,1.0,1.0,,,,,9101,,,,0.0,,0.0,,0.0
,,,0.0590277761220932,,0.9296875,,,,,,,,,,,1.0,1.0,,,,,9102,,,,0.0,,0.0,,0.0
,,,0.05390625074505806,,0.96875,,,,,,,,,,,1.0,1.0,,,,,9103,,,,0.0,,0.0,,0.0
,,,0.06860917806625366,,0.8535353541374207,,,,,,,,,,,1.0,1.0,,,,,9104,,,,0.0,,0.0,,0.0
,,,0.0434027761220932,,0.84375,,,,,,,,,,,1.0,1.0,,,,,9105,,,,0.0,,0.0,,0.0
,,,0.03281249850988388,,0.84375,,,,,,,,,,,1.0,1.0,,,,,9106,,,,0.0,,0.0,,0.0
,,,0.03622047230601311,,0.8582677245140076,,,,,,,,,,,1.0,1.0,,,,,9107,,,,0.0,,0.0,,0.0
98,0.4877081513404846,0.5199356079101562,,0.8982816934585571,,,,,,,,,,,,,,77.22391510009766,35576.84375,4.346709251403809,305.2101745605469,21878,,,0.0,,0.0,,0.0,
98,,,,,,0.5750940442085266,,0.8350304365158081,,12.996818542480469,,,,,,,,,,,,21878,1.7514729499816895,,,,,,,
,,,,,,,,,,,,,,5.00681877214272e-07,0.03,,,,,,,21899,,,,,,,,
99,,,,,,,0.5762174129486084,,0.8320767879486084,,12.7890625,4.996826419301215e-07,0.029999999329447746,,,1.0,1.0,,,,,21899,,1.6285102367401123,,,,,,
,,,,,,,,,,,,,,4.5682363017222914e-07,0.03,,,,,,,21949,,,,,,,,
99,,,,,,,0.5623335838317871,,0.8072066307067871,,12.2421875,4.560735362701962e-07,0.029999999329447746,,,1.0,1.0,,,,,21949,,1.8971309661865234,,,,,,
,,,,,,,,,,,,,,4.254231409089469e-07,0.03,,,,,,,21999,,,,,,,,
99,,,,,,,0.5741117000579834,,0.8228909969329834,,12.4375,4.249222058660962e-07,0.029999999329447746,,,1.0,1.0,,,,,21999,,1.6670129299163818,,,,,,
,,,,,,,,,,,,,,4.064823678377146e-07,0.03,,,,,,,22049,,,,,,,,
99,,,,,,,0.5712460875511169,,0.8319882750511169,,13.0390625,4.0623064023748157e-07,0.029999999329447746,,,1.0,1.0,,,,,22049,,1.3301540613174438,,,,,,
,,,,,,,,,,,,,,4.00002492273313e-07,0.03,,,,,,,22099,,,,,,,,
99,,,,,,,0.5740247368812561,,0.8212171196937561,,12.359375,4.0000000467443897e-07,0.029999999329447746,,,1.0,1.0,,,,,22099,,1.6563782691955566,,,,,,
,,,0.0755208358168602,,0.921875,,,,,,,,,,,1.0,1.0,,,,,9108,,,,0.0,,0.0,,0.0
,,,0.0789930522441864,,0.9453125,,,,,,,,,,,1.0,1.0,,,,,9109,,,,0.0,,0.0,,0.0
,,,0.168113112449646,,0.9283095002174377,,,,,,,,,,,1.0,1.0,,,,,9110,,,,0.0,,0.0,,0.0
,,,0.07421875,,0.921875,,,,,,,,,,,1.0,1.0,,,,,9111,,,,0.0,,0.0,,0.0
,,,0.0625,,0.8984375,,,,,,,,,,,1.0,1.0,,,,,9112,,,,0.0,,0.0,,0.0
,,,0.13181090354919434,,0.9358974695205688,,,,,,,,,,,1.0,1.0,,,,,9113,,,,0.0,,0.0,,0.0
,,,0.04609375074505806,,0.9375,,,,,,,,,,,1.0,1.0,,,,,9114,,,,0.0,,0.0,,0.0
,,,0.0486111119389534,,0.9765625,,,,,,,,,,,1.0,1.0,,,,,9115,,,,0.0,,0.0,,0.0
,,,0.11092053353786469,,0.9348198771476746,,,,,,,,,,,1.0,1.0,,,,,9116,,,,0.0,,0.0,,0.0
,,,0.0477430559694767,,0.9140625,,,,,,,,,,,1.0,1.0,,,,,9117,,,,0.0,,0.0,,0.0
,,,0.05156249925494194,,0.96875,,,,,,,,,,,1.0,1.0,,,,,9118,,,,0.0,,0.0,,0.0
,,,0.0633680522441864,,0.9453125,,,,,,,,,,,1.0,1.0,,,,,9119,,,,0.0,,0.0,,0.0
,,,0.10518518835306168,,0.9240000247955322,,,,,,,,,,,1.0,1.0,,,,,9120,,,,0.0,,0.0,,0.0
,,,0.0251736119389534,,0.7265625,,,,,,,,,,,1.0,1.0,,,,,9121,,,,0.0,,0.0,,0.0
,,,0.0303819440305233,,0.71875,,,,,,,,,,,1.0,1.0,,,,,9122,,,,0.0,,0.0,,0.0
,,,0.035667601972818375,,0.8352007865905762,,,,,,,,,,,1.0,1.0,,,,,9123,,,,0.0,,0.0,,0.0
,,,0.01328125037252903,,0.828125,,,,,,,,,,,1.0,1.0,,,,,9124,,,,0.0,,0.0,,0.0
,,,0.01718750037252903,,0.796875,,,,,,,,,,,1.0,1.0,,,,,9125,,,,0.0,,0.0,,0.0
,,,0.09054833650588989,,0.8685064911842346,,,,,,,,,,,1.0,1.0,,,,,9126,,,,0.0,,0.0,,0.0
,,,0.0720486119389534,,0.9921875,,,,,,,,,,,1.0,1.0,,,,,9127,,,,0.0,,0.0,,0.0
,,,0.072265625,,0.96875,,,,,,,,,,,1.0,1.0,,,,,9128,,,,0.0,,0.0,,0.0
,,,0.11285457760095596,,0.8859277963638306,,,,,,,,,,,1.0,1.0,,,,,9129,,,,0.0,,0.0,,0.0
,,,0.03750000149011612,,0.8125,,,,,,,,,,,1.0,1.0,,,,,9130,,,,0.0,,0.0,,0.0
,,,0.04218750074505806,,0.84375,,,,,,,,,,,1.0,1.0,,,,,9131,,,,0.0,,0.0,,0.0
,,,0.11842364817857742,,0.9413793087005615,,,,,,,,,,,1.0,1.0,,,,,9132,,,,0.0,,0.0,,0.0
,,,0.0755208358168602,,0.9609375,,,,,,,,,,,1.0,1.0,,,,,9133,,,,0.0,,0.0,,0.0
,,,0.06875000149011612,,0.96875,,,,,,,,,,,1.0,1.0,,,,,9134,,,,0.0,,0.0,,0.0
,,,0.13355346024036407,,0.8723270893096924,,,,,,,,,,,1.0,1.0,,,,,9135,,,,0.0,,0.0,,0.0
,,,0.0537109375,,0.8359375,,,,,,,,,,,1.0,1.0,,,,,9136,,,,0.0,,0.0,,0.0
,,,0.04140625149011612,,0.8203125,,,,,,,,,,,1.0,1.0,,,,,9137,,,,0.0,,0.0,,0.0
,,,0.13497492671012878,,0.9004104137420654,,,,,,,,,,,1.0,1.0,,,,,9138,,,,0.0,,0.0,,0.0
,,,0.078125,,0.921875,,,,,,,,,,,1.0,1.0,,,,,9139,,,,0.0,,0.0,,0.0
,,,0.0824652761220932,,0.96875,,,,,,,,,,,1.0,1.0,,,,,9140,,,,0.0,,0.0,,0.0
,,,0.18269705772399902,,0.9241379499435425,,,,,,,,,,,1.0,1.0,,,,,9141,,,,0.0,,0.0,,0.0
,,,0.0633680522441864,,0.90625,,,,,,,,,,,1.0,1.0,,,,,9142,,,,0.0,,0.0,,0.0
,,,0.0598958320915699,,0.890625,,,,,,,,,,,1.0,1.0,,,,,9143,,,,0.0,,0.0,,0.0
,,,0.11698339134454727,,0.9217029809951782,,,,,,,,,,,1.0,1.0,,,,,9144,,,,0.0,,0.0,,0.0
,,,0.03828125074505806,,0.96875,,,,,,,,,,,1.0,1.0,,,,,9145,,,,0.0,,0.0,,0.0
,,,0.0529513880610466,,0.953125,,,,,,,,,,,1.0,1.0,,,,,9146,,,,0.0,,0.0,,0.0
,,,0.1041378378868103,,0.9146519899368286,,,,,,,,,,,1.0,1.0,,,,,9147,,,,0.0,,0.0,,0.0
,,,0.0529513880610466,,0.9453125,,,,,,,,,,,1.0,1.0,,,,,9148,,,,0.0,,0.0,,0.0
,,,0.05312500149011612,,0.953125,,,,,,,,,,,1.0,1.0,,,,,9149,,,,0.0,,0.0,,0.0
,,,0.08681818097829819,,0.8840909004211426,,,,,,,,,,,1.0,1.0,,,,,9150,,,,0.0,,0.0,,0.0
,,,0.02656250074505806,,0.796875,,,,,,,,,,,1.0,1.0,,,,,9151,,,,0.0,,0.0,,0.0
,,,0.029296875,,0.7109375,,,,,,,,,,,1.0,1.0,,,,,9152,,,,0.0,,0.0,,0.0
,,,0.05438047647476196,,0.7853567004203796,,,,,,,,,,,1.0,1.0,,,,,9153,,,,0.0,,0.0,,0.0
,,,0.013888888992369175,,0.7421875,,,,,,,,,,,1.0,1.0,,,,,9154,,,,0.0,,0.0,,0.0
,,,0.012500000186264515,,0.84375,,,,,,,,,,,1.0,1.0,,,,,9155,,,,0.0,,0.0,,0.0
,,,0.014843749813735485,,0.8125,,,,,,,,,,,1.0,1.0,,,,,9156,,,,0.0,,0.0,,0.0
,,,0.1863517016172409,,0.9881889820098877,,,,,,,,,,,1.0,1.0,,,,,9157,,,,0.0,,0.0,,0.0
,,,0.0703125,,0.96875,,,,,,,,,,,1.0,1.0,,,,,9158,,,,0.0,,0.0,,0.0
,,,0.0633680522441864,,0.9765625,,,,,,,,,,,1.0,1.0,,,,,9159,,,,0.0,,0.0,,0.0
,,,0.08109834045171738,,0.8678160905838013,,,,,,,,,,,1.0,1.0,,,,,9160,,,,0.0,,0.0,,0.0
,,,0.04062499850988388,,0.8125,,,,,,,,,,,1.0,1.0,,,,,9161,,,,0.0,,0.0,,0.0
,,,0.03984374925494194,,0.875,,,,,,,,,,,1.0,1.0,,,,,9162,,,,0.0,,0.0,,0.0
,,,0.15392372012138367,,0.9295929670333862,,,,,,,,,,,1.0,1.0,,,,,9163,,,,0.0,,0.0,,0.0
,,,0.083984375,,0.96875,,,,,,,,,,,1.0,1.0,,,,,9164,,,,0.0,,0.0,,0.0
,,,0.0869140625,,0.9609375,,,,,,,,,,,1.0,1.0,,,,,9165,,,,0.0,,0.0,,0.0
,,,0.1428571343421936,,0.8697916269302368,,,,,,,,,,,1.0,1.0,,,,,9166,,,,0.0,,0.0,,0.0
,,,0.0494791679084301,,0.84375,,,,,,,,,,,1.0,1.0,,,,,9167,,,,0.0,,0.0,,0.0
,,,0.04374999925494194,,0.8203125,,,,,,,,,,,1.0,1.0,,,,,9168,,,,0.0,,0.0,,0.0
,,,0.14964008331298828,,0.9055924415588379,,,,,,,,,,,1.0,1.0,,,,,9169,,,,0.0,,0.0,,0.0
,,,0.0755208358168602,,0.9296875,,,,,,,,,,,1.0,1.0,,,,,9170,,,,0.0,,0.0,,0.0
,,,0.099609375,,0.9609375,,,,,,,,,,,1.0,1.0,,,,,9171,,,,0.0,,0.0,,0.0
,,,0.17241887748241425,,0.9557522535324097,,,,,,,,,,,1.0,1.0,,,,,9172,,,,0.0,,0.0,,0.0
,,,0.0625,,0.890625,,,,,,,,,,,1.0,1.0,,,,,9173,,,,0.0,,0.0,,0.0
,,,0.0633680522441864,,0.890625,,,,,,,,,,,1.0,1.0,,,,,9174,,,,0.0,,0.0,,0.0
,,,0.08898989856243134,,0.968181848526001,,,,,,,,,,,1.0,1.0,,,,,9175,,,,0.0,,0.0,,0.0
,,,0.04140625149011612,,0.984375,,,,,,,,,,,1.0,1.0,,,,,9176,,,,0.0,,0.0,,0.0
,,,0.046875,,0.9296875,,,,,,,,,,,1.0,1.0,,,,,9177,,,,0.0,,0.0,,0.0
,,,0.11358024179935455,,0.9083333015441895,,,,,,,,,,,1.0,1.0,,,,,9178,,,,0.0,,0.0,,0.0
,,,0.0520833320915699,,0.9609375,,,,,,,,,,,1.0,1.0,,,,,9179,,,,0.0,,0.0,,0.0
,,,0.05546874925494194,,0.9296875,,,,,,,,,,,1.0,1.0,,,,,9180,,,,0.0,,0.0,,0.0
,,,0.0913253054022789,,0.9175368547439575,,,,,,,,,,,1.0,1.0,,,,,9181,,,,0.0,,0.0,,0.0
,,,0.02734375,,0.7421875,,,,,,,,,,,1.0,1.0,,,,,9182,,,,0.0,,0.0,,0.0
,,,0.0390625,,0.734375,,,,,,,,,,,1.0,1.0,,,,,9183,,,,0.0,,0.0,,0.0
,,,0.03908836096525192,,0.7816399335861206,,,,,,,,,,,1.0,1.0,,,,,9184,,,,0.0,,0.0,,0.0
,,,0.012500000186264515,,0.7421875,,,,,,,,,,,1.0,1.0,,,,,9185,,,,0.0,,0.0,,0.0
,,,0.01328125037252903,,0.8359375,,,,,,,,,,,1.0,1.0,,,,,9186,,,,0.0,,0.0,,0.0
,,,0.10009843856096268,,0.877353310585022,,,,,,,,,,,1.0,1.0,,,,,9187,,,,0.0,,0.0,,0.0
,,,0.0720486119389534,,0.984375,,,,,,,,,,,1.0,1.0,,,,,9188,,,,0.0,,0.0,,0.0
,,,0.07421875,,0.96875,,,,,,,,,,,1.0,1.0,,,,,9189,,,,0.0,,0.0,,0.0
,,,0.14200198650360107,,0.9522780179977417,,,,,,,,,,,1.0,1.0,,,,,9190,,,,0.0,,0.0,,0.0
,,,0.0399305559694767,,0.8046875,,,,,,,,,,,1.0,1.0,,,,,9191,,,,0.0,,0.0,,0.0
,,,0.04062499850988388,,0.8046875,,,,,,,,,,,1.0,1.0,,,,,9192,,,,0.0,,0.0,,0.0
,,,0.13750000298023224,,0.9508928656578064,,,,,,,,,,,1.0,1.0,,,,,9193,,,,0.0,,0.0,,0.0
,,,0.09375,,0.9609375,,,,,,,,,,,1.0,1.0,,,,,9194,,,,0.0,,0.0,,0.0
,,,0.0755208358168602,,0.9609375,,,,,,,,,,,1.0,1.0,,,,,9195,,,,0.0,,0.0,,0.0
,,,0.1401515156030655,,0.883449912071228,,,,,,,,,,,1.0,1.0,,,,,9196,,,,0.0,,0.0,,0.0
,,,0.052734375,,0.859375,,,,,,,,,,,1.0,1.0,,,,,9197,,,,0.0,,0.0,,0.0
,,,0.0477430559694767,,0.828125,,,,,,,,,,,1.0,1.0,,,,,9198,,,,0.0,,0.0,,0.0
,,,0.05039370059967041,,0.8267716765403748,,,,,,,,,,,1.0,1.0,,,,,9199,,,,0.0,,0.0,,0.0
99,0.4988226890563965,0.4843723475933075,,0.8910380601882935,,,,,,,,,,,,,,76.5968017578125,37173.77734375,4.338555335998535,306.9671630859375,22099,,,0.0,,0.0,,0.0,
99,,,,,,0.5753671526908875,,0.8361468315124512,,13.038956642150879,,,,,,,,,,,,22099,1.762119174003601,,,,,,,
