epoch,eval/knn_probe_top1,eval/linear_probe_top1_epoch,eval/linear_probe_top1_step,eval/linear_probe_top5_epoch,eval/linear_probe_top5_step,fit/inv_epoch,fit/inv_step,fit/loss_epoch,fit/loss_step,fit/sigreg_epoch,fit/sigreg_step,hparams/lr_default_0,hparams/lr_linear_probe,lr-AdamW,lr-AdamW-1,queue/embedding_fill_pct,queue/label_fill_pct,rankme,rankme/condition_number,rankme/entropy,rankme/top_singular_value,step,train/linear_probe_loss_epoch,train/linear_probe_loss_step,validate/inv_epoch,validate/inv_step,validate/loss_epoch,validate/loss_step,validate/sigreg_epoch,validate/sigreg_step
,,,,,,,,,,,,,,1.2780090497737552e-05,0.03,,,,,,,49,,,,,,,,
0,,,,,,,0.24704845249652863,,-7.399227142333984,,178.625,1.2959276318724733e-05,0.029999999329447746,,,1.0,1.0,,,,,49,,2.144002914428711,,,,,,
,,,,,,,,,,,,,,2.1739366515837093e-05,0.03,,,,,,,99,,,,,,,,
0,,,,,,,0.42316222190856934,,-9.381887435913086,,89.25,2.1918551283306442e-05,0.029999999329447746,,,1.0,1.0,,,,,99,,2.2993967533111572,,,,,,
,,,,,,,,,,,,,,3.06986425339366e-05,0.03,,,,,,,149,,,,,,,,
0,,,,,,,0.5220918655395508,,-10.459102630615234,,59.78125,3.087782897637226e-05,0.029999999329447746,,,1.0,1.0,,,,,149,,2.548186779022217,,,,,,
,,,,,,,,,,,,,,3.9657918552036127e-05,0.03,,,,,,,199,,,,,,,,
0,,,,,,,0.5952248573303223,,-11.357294082641602,,42.78125,3.983710485044867e-05,0.029999999329447746,,,1.0,1.0,,,,,199,,2.4593863487243652,,,,,,
,,,0.04218750074505806,,0.890625,,,,,,,,,,,1.0,1.0,,,,,0,,,,0.0,,0.0,,0.0
,,,0.046875,,0.9296875,,,,,,,,,,,1.0,1.0,,,,,1,,,,0.0,,0.0,,0.0
,,,0.0821048766374588,,0.8777044415473938,,,,,,,,,,,1.0,1.0,,,,,2,,,,0.0,,0.0,,0.0
,,,0.02968749962747097,,0.8515625,,,,,,,,,,,1.0,1.0,,,,,3,,,,0.0,,0.0,,0.0
,,,0.03125,,0.828125,,,,,,,,,,,1.0,1.0,,,,,4,,,,0.0,,0.0,,0.0
,,,0.059472933411598206,,0.8317307829856873,,,,,,,,,,,1.0,1.0,,,,,5,,,,0.0,,0.0,,0.0
,,,0.02500000037252903,,0.8828125,,,,,,,,,,,1.0,1.0,,,,,6,,,,0.0,,0.0,,0.0
,,,0.0381944440305233,,0.9140625,,,,,,,,,,,1.0,1.0,,,,,7,,,,0.0,,0.0,,0.0
,,,0.06106346473097801,,0.7019726037979126,,,,,,,,,,,1.0,1.0,,,,,8,,,,0.0,,0.0,,0.0
,,,0.0390625,,0.703125,,,,,,,,,,,1.0,1.0,,,,,9,,,,0.0,,0.0,,0.0
,,,0.03671874850988388,,0.671875,,,,,,,,,,,1.0,1.0,,,,,10,,,,0.0,,0.0,,0.0
,,,0.04062499850988388,,0.6875,,,,,,,,,,,1.0,1.0,,,,,11,,,,0.0,,0.0,,0.0
,,,0.09481481462717056,,0.765333354473114,,,,,,,,,,,1.0,1.0,,,,,12,,,,0.0,,0.0,,0.0
,,,0.05234374850988388,,0.8203125,,,,,,,,,,,1.0,1.0,,,,,13,,,,0.0,,0.0,,0.0
,,,0.04374999925494194,,0.8125,,,,,,,,,,,1.0,1.0,,,,,14,,,,0.0,,0.0,,0.0
,,,0.07591036707162857,,0.7385621070861816,,,,,,,,,,,1.0,1.0,,,,,15,,,,0.0,,0.0,,0.0
,,,0.0078125,,0.515625,,,,,,,,,,,1.0,1.0,,,,,16,,,,0.0,,0.0,,0.0
,,,0.00937500037252903,,0.625,,,,,,,,,,,1.0,1.0,,,,,17,,,,0.0,,0.0,,0.0
,,,0.02824675291776657,,0.5129870176315308,,,,,,,,,,,1.0,1.0,,,,,18,,,,0.0,,0.0,,0.0
,,,0.01953125,,0.546875,,,,,,,,,,,1.0,1.0,,,,,19,,,,0.0,,0.0,,0.0
,,,0.01953125,,0.6015625,,,,,,,,,,,1.0,1.0,,,,,20,,,,0.0,,0.0,,0.0
,,,0.04737235605716705,,0.6653798222541809,,,,,,,,,,,1.0,1.0,,,,,21,,,,0.0,,0.0,,0.0
,,,0.02500000037252903,,0.6640625,,,,,,,,,,,1.0,1.0,,,,,22,,,,0.0,,0.0,,0.0
,,,0.01718750037252903,,0.59375,,,,,,,,,,,1.0,1.0,,,,,23,,,,0.0,,0.0,,0.0
,,,0.047881774604320526,,0.7982758283615112,,,,,,,,,,,1.0,1.0,,,,,24,,,,0.0,,0.0,,0.0
,,,0.03515625,,0.90625,,,,,,,,,,,1.0,1.0,,,,,25,,,,0.0,,0.0,,0.0
,,,0.0234375,,0.90625,,,,,,,,,,,1.0,1.0,,,,,26,,,,0.0,,0.0,,0.0
,,,0.06085534766316414,,0.7945911884307861,,,,,,,,,,,1.0,1.0,,,,,27,,,,0.0,,0.0,,0.0
,,,0.02265625074505806,,0.7421875,,,,,,,,,,,1.0,1.0,,,,,28,,,,0.0,,0.0,,0.0
,,,0.02421874925494194,,0.6875,,,,,,,,,,,1.0,1.0,,,,,29,,,,0.0,,0.0,,0.0
,,,0.07402341067790985,,0.8827633857727051,,,,,,,,,,,1.0,1.0,,,,,30,,,,0.0,,0.0,,0.0
,,,0.04374999925494194,,0.8828125,,,,,,,,,,,1.0,1.0,,,,,31,,,,0.0,,0.0,,0.0
,,,0.04531250149011612,,0.90625,,,,,,,,,,,1.0,1.0,,,,,32,,,,0.0,,0.0,,0.0
,,,0.07684729248285294,,0.8697044253349304,,,,,,,,,,,1.0,1.0,,,,,33,,,,0.0,,0.0,,0.0
,,,0.02890625037252903,,0.84375,,,,,,,,,,,1.0,1.0,,,,,34,,,,0.0,,0.0,,0.0
,,,0.02812499925494194,,0.84375,,,,,,,,,,,1.0,1.0,,,,,35,,,,0.0,,0.0,,0.0
,,,0.05025691166520119,,0.7860288619995117,,,,,,,,,,,1.0,1.0,,,,,36,,,,0.0,,0.0,,0.0
,,,0.02968749962747097,,0.8828125,,,,,,,,,,,1.0,1.0,,,,,37,,,,0.0,,0.0,,0.0
,,,0.0355902761220932,,0.8984375,,,,,,,,,,,1.0,1.0,,,,,38,,,,0.0,,0.0,,0.0
,,,0.05934066325426102,,0.7288156747817993,,,,,,,,,,,1.0,1.0,,,,,39,,,,0.0,,0.0,,0.0
,,,0.04296875,,0.71875,,,,,,,,,,,1.0,1.0,,,,,40,,,,0.0,,0.0,,0.0
,,,0.0381944440305233,,0.7109375,,,,,,,,,,,1.0,1.0,,,,,41,,,,0.0,,0.0,,0.0
,,,0.09227272868156433,,0.7840908765792847,,,,,,,,,,,1.0,1.0,,,,,42,,,,0.0,,0.0,,0.0
,,,0.05156249925494194,,0.8359375,,,,,,,,,,,1.0,1.0,,,,,43,,,,0.0,,0.0,,0.0
,,,0.046875,,0.796875,,,,,,,,,,,1.0,1.0,,,,,44,,,,0.0,,0.0,,0.0
,,,0.06282853335142136,,0.6955569982528687,,,,,,,,,,,1.0,1.0,,,,,45,,,,0.0,,0.0,,0.0
,,,0.007031249813735485,,0.6171875,,,,,,,,,,,1.0,1.0,,,,,46,,,,0.0,,0.0,,0.0
,,,0.0078125,,0.5625,,,,,,,,,,,1.0,1.0,,,,,47,,,,0.0,,0.0,,0.0
,,,0.01015624962747097,,0.6171875,,,,,,,,,,,1.0,1.0,,,,,48,,,,0.0,,0.0,,0.0
,,,0.020472440868616104,,0.28346458077430725,,,,,,,,,,,1.0,1.0,,,,,49,,,,0.0,,0.0,,0.0
,,,0.02187499962747097,,0.5703125,,,,,,,,,,,1.0,1.0,,,,,50,,,,0.0,,0.0,,0.0
,,,0.01953125,,0.5703125,,,,,,,,,,,1.0,1.0,,,,,51,,,,0.0,,0.0,,0.0
,,,0.048275865614414215,,0.6910919547080994,,,,,,,,,,,1.0,1.0,,,,,52,,,,0.0,,0.0,,0.0
,,,0.02031249925494194,,0.6484375,,,,,,,,,,,1.0,1.0,,,,,53,,,,0.0,,0.0,,0.0
,,,0.01953125,,0.6484375,,,,,,,,,,,1.0,1.0,,,,,54,,,,0.0,,0.0,,0.0
,,,0.05192519351840019,,0.7887789011001587,,,,,,,,,,,1.0,1.0,,,,,55,,,,0.0,,0.0,,0.0
,,,0.0364583320915699,,0.90625,,,,,,,,,,,1.0,1.0,,,,,56,,,,0.0,,0.0,,0.0
,,,0.02968749962747097,,0.8828125,,,,,,,,,,,1.0,1.0,,,,,57,,,,0.0,,0.0,,0.0
,,,0.05833333358168602,,0.7916666269302368,,,,,,,,,,,1.0,1.0,,,,,58,,,,0.0,,0.0,,0.0
,,,0.03125,,0.7265625,,,,,,,,,,,1.0,1.0,,,,,59,,,,0.0,,0.0,,0.0
,,,0.02578124962747097,,0.765625,,,,,,,,,,,1.0,1.0,,,,,60,,,,0.0,,0.0,,0.0
,,,0.07831919193267822,,0.8466223478317261,,,,,,,,,,,1.0,1.0,,,,,61,,,,0.0,,0.0,,0.0
,,,0.04453124850988388,,0.8984375,,,,,,,,,,,1.0,1.0,,,,,62,,,,0.0,,0.0,,0.0
,,,0.04765624925494194,,0.90625,,,,,,,,,,,1.0,1.0,,,,,63,,,,0.0,,0.0,,0.0
,,,0.08566372096538544,,0.8781710863113403,,,,,,,,,,,1.0,1.0,,,,,64,,,,0.0,,0.0,,0.0
,,,0.03281249850988388,,0.8359375,,,,,,,,,,,1.0,1.0,,,,,65,,,,0.0,,0.0,,0.0
,,,0.03125,,0.796875,,,,,,,,,,,1.0,1.0,,,,,66,,,,0.0,,0.0,,0.0
,,,0.04676767811179161,,0.8065656423568726,,,,,,,,,,,1.0,1.0,,,,,67,,,,0.0,,0.0,,0.0
,,,0.03593749925494194,,0.8515625,,,,,,,,,,,1.0,1.0,,,,,68,,,,0.0,,0.0,,0.0
,,,0.03125,,0.8828125,,,,,,,,,,,1.0,1.0,,,,,69,,,,0.0,,0.0,,0.0
,,,0.06962962448596954,,0.7787036895751953,,,,,,,,,,,1.0,1.0,,,,,70,,,,0.0,,0.0,,0.0
,,,0.0477430559694767,,0.7421875,,,,,,,,,,,1.0,1.0,,,,,71,,,,0.0,,0.0,,0.0
,,,0.04140625149011612,,0.6953125,,,,,,,,,,,1.0,1.0,,,,,72,,,,0.0,,0.0,,0.0
,,,0.08875502645969391,,0.7661311626434326,,,,,,,,,,,1.0,1.0,,,,,73,,,,0.0,,0.0,,0.0
,,,0.0564236119389534,,0.859375,,,,,,,,,,,1.0,1.0,,,,,74,,,,0.0,,0.0,,0.0
,,,0.0572916679084301,,0.78125,,,,,,,,,,,1.0,1.0,,,,,75,,,,0.0,,0.0,,0.0
,,,0.04960529878735542,,0.7202699184417725,,,,,,,,,,,1.0,1.0,,,,,76,,,,0.0,,0.0,,0.0
,,,0.007031249813735485,,0.609375,,,,,,,,,,,1.0,1.0,,,,,77,,,,0.0,,0.0,,0.0
,,,0.0078125,,0.578125,,,,,,,,,,,1.0,1.0,,,,,78,,,,0.0,,0.0,,0.0
,,,0.036655593663454056,,0.5819490551948547,,,,,,,,,,,1.0,1.0,,,,,79,,,,0.0,,0.0,,0.0
,,,0.01875000074505806,,0.546875,,,,,,,,,,,1.0,1.0,,,,,80,,,,0.0,,0.0,,0.0
,,,0.01796874962747097,,0.6015625,,,,,,,,,,,1.0,1.0,,,,,81,,,,0.0,,0.0,,0.0
,,,0.05803125724196434,,0.7344529628753662,,,,,,,,,,,1.0,1.0,,,,,82,,,,0.0,,0.0,,0.0
,,,0.02265625074505806,,0.6640625,,,,,,,,,,,1.0,1.0,,,,,83,,,,0.0,,0.0,,0.0
,,,0.01796874962747097,,0.6171875,,,,,,,,,,,1.0,1.0,,,,,84,,,,0.0,,0.0,,0.0
,,,0.05535714328289032,,0.8258928656578064,,,,,,,,,,,1.0,1.0,,,,,85,,,,0.0,,0.0,,0.0
,,,0.0303819440305233,,0.890625,,,,,,,,,,,1.0,1.0,,,,,86,,,,0.0,,0.0,,0.0
,,,0.03203124925494194,,0.921875,,,,,,,,,,,1.0,1.0,,,,,87,,,,0.0,,0.0,,0.0
,,,0.0779331773519516,,0.7995338439941406,,,,,,,,,,,1.0,1.0,,,,,88,,,,0.0,,0.0,,0.0
,,,0.03046875074505806,,0.7421875,,,,,,,,,,,1.0,1.0,,,,,89,,,,0.0,,0.0,,0.0
,,,0.02500000037252903,,0.734375,,,,,,,,,,,1.0,1.0,,,,,90,,,,0.0,,0.0,,0.0
,,,0.03228346258401871,,0.7952755689620972,,,,,,,,,,,1.0,1.0,,,,,91,,,,0.0,,0.0,,0.0
0,0.3370014429092407,0.3010055422782898,,0.7599614262580872,,,,,,,,,,,,,,238.03797912597656,280208.1875,5.472430229187012,236.47940063476562,220,,,0.0,,0.0,,0.0,
0,,,,,,0.4093131422996521,,-9.034652709960938,,117.24151611328125,,,,,,,,,,,,220,2.6135008335113525,,,,,,,
,,,,,,,,,,,,,,4.861719457013563e-05,0.03,,,,,,,249,,,,,,,,
1,,,,,,,0.6359581351280212,,-12.133010864257812,,32.84375,4.879638072452508e-05,0.029999999329447746,,,1.0,1.0,,,,,249,,2.488173723220825,,,,,,
,,,,,,,,,,,,,,5.757647058823518e-05,0.03,,,,,,,299,,,,,,,,
1,,,,,,,0.6697344779968262,,-12.894567489624023,,26.453125,5.775565659860149e-05,0.029999999329447746,,,1.0,1.0,,,,,299,,2.3839762210845947,,,,,,
,,,,,,,,,,,,,,6.653574660633477e-05,0.03,,,,,,,349,,,,,,,,
1,,,,,,,0.7356717586517334,,-13.615592002868652,,20.15625,6.67149288346991e-05,0.029999999329447746,,,1.0,1.0,,,,,349,,2.5692474842071533,,,,,,
,,,,,,,,,,,,,,7.54950226244342e-05,0.03,,,,,,,399,,,,,,,,
1,,,,,,,0.7609900236129761,,-14.299783706665039,,15.828125,7.567420834675431e-05,0.029999999329447746,,,1.0,1.0,,,,,399,,2.3742892742156982,,,,,,
,,,0.04374999925494194,,0.921875,,,,,,,,,,,1.0,1.0,,,,,92,,,,0.0,,0.0,,0.0
,,,0.0520833320915699,,0.9375,,,,,,,,,,,1.0,1.0,,,,,93,,,,0.0,,0.0,,0.0
,,,0.06556656211614609,,0.8777044415473938,,,,,,,,,,,1.0,1.0,,,,,94,,,,0.0,,0.0,,0.0
,,,0.01996527798473835,,0.859375,,,,,,,,,,,1.0,1.0,,,,,95,,,,0.0,,0.0,,0.0
,,,0.015625,,0.7734375,,,,,,,,,,,1.0,1.0,,,,,96,,,,0.0,,0.0,,0.0
,,,0.050641030073165894,,0.8717948794364929,,,,,,,,,,,1.0,1.0,,,,,97,,,,0.0,,0.0,,0.0
,,,0.02604166604578495,,0.890625,,,,,,,,,,,1.0,1.0,,,,,98,,,,0.0,,0.0,,0.0
,,,0.0234375,,0.8671875,,,,,,,,,,,1.0,1.0,,,,,99,,,,0.0,,0.0,,0.0
,,,0.040823329240083694,,0.8760720491409302,,,,,,,,,,,1.0,1.0,,,,,100,,,,0.0,,0.0,,0.0
,,,0.02500000037252903,,0.7578125,,,,,,,,,,,1.0,1.0,,,,,101,,,,0.0,,0.0,,0.0
,,,0.0243055559694767,,0.8515625,,,,,,,,,,,1.0,1.0,,,,,102,,,,0.0,,0.0,,0.0
,,,0.02578124962747097,,0.8515625,,,,,,,,,,,1.0,1.0,,,,,103,,,,0.0,,0.0,,0.0
,,,0.1259259283542633,,0.7973333597183228,,,,,,,,,,,1.0,1.0,,,,,104,,,,0.0,,0.0,,0.0
,,,0.0807291641831398,,0.875,,,,,,,,,,,1.0,1.0,,,,,105,,,,0.0,,0.0,,0.0
,,,0.0746527761220932,,0.859375,,,,,,,,,,,1.0,1.0,,,,,106,,,,0.0,,0.0,,0.0
,,,0.14150846004486084,,0.8814192414283752,,,,,,,,,,,1.0,1.0,,,,,107,,,,0.0,,0.0,,0.0
,,,0.0654296875,,0.9296875,,,,,,,,,,,1.0,1.0,,,,,108,,,,0.0,,0.0,,0.0
,,,0.05312500149011612,,0.9453125,,,,,,,,,,,1.0,1.0,,,,,109,,,,0.0,,0.0,,0.0
,,,0.06168831139802933,,0.6406925916671753,,,,,,,,,,,1.0,1.0,,,,,110,,,,0.0,,0.0,,0.0
,,,0.0054687499068677425,,0.4140625,,,,,,,,,,,1.0,1.0,,,,,111,,,,0.0,,0.0,,0.0
,,,0.0054687499068677425,,0.390625,,,,,,,,,,,1.0,1.0,,,,,112,,,,0.0,,0.0,,0.0
,,,0.029215442016720772,,0.5244084596633911,,,,,,,,,,,1.0,1.0,,,,,113,,,,0.0,,0.0,,0.0
,,,0.03437500074505806,,0.7890625,,,,,,,,,,,1.0,1.0,,,,,114,,,,0.0,,0.0,,0.0
,,,0.02864583395421505,,0.7734375,,,,,,,,,,,1.0,1.0,,,,,115,,,,0.0,,0.0,,0.0
,,,0.06239737570285797,,0.7105911374092102,,,,,,,,,,,1.0,1.0,,,,,116,,,,0.0,,0.0,,0.0
,,,0.01171875,,0.6328125,,,,,,,,,,,1.0,1.0,,,,,117,,,,0.0,,0.0,,0.0
,,,0.0234375,,0.6953125,,,,,,,,,,,1.0,1.0,,,,,118,,,,0.0,,0.0,,0.0
,,,0.05672956258058548,,0.7523270845413208,,,,,,,,,,,1.0,1.0,,,,,119,,,,0.0,,0.0,,0.0
,,,0.0625,,0.84375,,,,,,,,,,,1.0,1.0,,,,,120,,,,0.0,,0.0,,0.0
,,,0.03437500074505806,,0.7265625,,,,,,,,,,,1.0,1.0,,,,,121,,,,0.0,,0.0,,0.0
,,,0.11305670440196991,,0.8355677127838135,,,,,,,,,,,1.0,1.0,,,,,122,,,,0.0,,0.0,,0.0
,,,0.0451388880610466,,0.890625,,,,,,,,,,,1.0,1.0,,,,,123,,,,0.0,,0.0,,0.0
,,,0.04531250149011612,,0.9375,,,,,,,,,,,1.0,1.0,,,,,124,,,,0.0,,0.0,,0.0
,,,0.08418171852827072,,0.9113300442695618,,,,,,,,,,,1.0,1.0,,,,,125,,,,0.0,,0.0,,0.0
,,,0.015625,,0.8125,,,,,,,,,,,1.0,1.0,,,,,126,,,,0.0,,0.0,,0.0
,,,0.013888888992369175,,0.7734375,,,,,,,,,,,1.0,1.0,,,,,127,,,,0.0,,0.0,,0.0
,,,0.0483919233083725,,0.8575972318649292,,,,,,,,,,,1.0,1.0,,,,,128,,,,0.0,,0.0,,0.0
,,,0.02864583395421505,,0.875,,,,,,,,,,,1.0,1.0,,,,,129,,,,0.0,,0.0,,0.0
,,,0.01640624925494194,,0.8828125,,,,,,,,,,,1.0,1.0,,,,,130,,,,0.0,,0.0,,0.0
,,,0.0424664244055748,,0.8761904835700989,,,,,,,,,,,1.0,1.0,,,,,131,,,,0.0,,0.0,,0.0
,,,0.0303819440305233,,0.8046875,,,,,,,,,,,1.0,1.0,,,,,132,,,,0.0,,0.0,,0.0
,,,0.02187499962747097,,0.859375,,,,,,,,,,,1.0,1.0,,,,,133,,,,0.0,,0.0,,0.0
,,,0.10977272689342499,,0.8829545378684998,,,,,,,,,,,1.0,1.0,,,,,134,,,,0.0,,0.0,,0.0
,,,0.0824652761220932,,0.8984375,,,,,,,,,,,1.0,1.0,,,,,135,,,,0.0,,0.0,,0.0
,,,0.0849609375,,0.8671875,,,,,,,,,,,1.0,1.0,,,,,136,,,,0.0,,0.0,,0.0
,,,0.1534557044506073,,0.9120776057243347,,,,,,,,,,,1.0,1.0,,,,,137,,,,0.0,,0.0,,0.0
,,,0.0520833320915699,,0.8984375,,,,,,,,,,,1.0,1.0,,,,,138,,,,0.0,,0.0,,0.0
,,,0.0673828125,,0.9375,,,,,,,,,,,1.0,1.0,,,,,139,,,,0.0,,0.0,,0.0
,,,0.0590277761220932,,0.90625,,,,,,,,,,,1.0,1.0,,,,,140,,,,0.0,,0.0,,0.0
,,,0.10551181435585022,,0.712598443031311,,,,,,,,,,,1.0,1.0,,,,,141,,,,0.0,,0.0,,0.0
,,,0.007031249813735485,,0.4453125,,,,,,,,,,,1.0,1.0,,,,,142,,,,0.0,,0.0,,0.0
,,,0.0031250000465661287,,0.3359375,,,,,,,,,,,1.0,1.0,,,,,143,,,,0.0,,0.0,,0.0
,,,0.028448274359107018,,0.545976996421814,,,,,,,,,,,1.0,1.0,,,,,144,,,,0.0,,0.0,,0.0
,,,0.02812499925494194,,0.7578125,,,,,,,,,,,1.0,1.0,,,,,145,,,,0.0,,0.0,,0.0
,,,0.0321180559694767,,0.7734375,,,,,,,,,,,1.0,1.0,,,,,146,,,,0.0,,0.0,,0.0
,,,0.041478220373392105,,0.674917459487915,,,,,,,,,,,1.0,1.0,,,,,147,,,,0.0,,0.0,,0.0
,,,0.01953125,,0.7265625,,,,,,,,,,,1.0,1.0,,,,,148,,,,0.0,,0.0,,0.0
,,,0.0217013880610466,,0.6875,,,,,,,,,,,1.0,1.0,,,,,149,,,,0.0,,0.0,,0.0
,,,0.05312500149011612,,0.7552083730697632,,,,,,,,,,,1.0,1.0,,,,,150,,,,0.0,,0.0,,0.0
,,,0.0529513880610466,,0.8046875,,,,,,,,,,,1.0,1.0,,,,,151,,,,0.0,,0.0,,0.0
,,,0.0390625,,0.734375,,,,,,,,,,,1.0,1.0,,,,,152,,,,0.0,,0.0,,0.0
,,,0.10065215080976486,,0.8222591876983643,,,,,,,,,,,1.0,1.0,,,,,153,,,,0.0,,0.0,,0.0
,,,0.04218750074505806,,0.9296875,,,,,,,,,,,1.0,1.0,,,,,154,,,,0.0,,0.0,,0.0
,,,0.0546875,,0.9609375,,,,,,,,,,,1.0,1.0,,,,,155,,,,0.0,,0.0,,0.0
,,,0.11769911646842957,,0.8870206475257874,,,,,,,,,,,1.0,1.0,,,,,156,,,,0.0,,0.0,,0.0
,,,0.0173611119389534,,0.8125,,,,,,,,,,,1.0,1.0,,,,,157,,,,0.0,,0.0,,0.0
,,,0.015625,,0.796875,,,,,,,,,,,1.0,1.0,,,,,158,,,,0.0,,0.0,,0.0
,,,0.041750840842723846,,0.8530303239822388,,,,,,,,,,,1.0,1.0,,,,,159,,,,0.0,,0.0,,0.0
,,,0.02690972201526165,,0.890625,,,,,,,,,,,1.0,1.0,,,,,160,,,,0.0,,0.0,,0.0
,,,0.02421874925494194,,0.90625,,,,,,,,,,,1.0,1.0,,,,,161,,,,0.0,,0.0,,0.0
,,,0.05041152238845825,,0.8388888835906982,,,,,,,,,,,1.0,1.0,,,,,162,,,,0.0,,0.0,,0.0
,,,0.0251736119389534,,0.8203125,,,,,,,,,,,1.0,1.0,,,,,163,,,,0.0,,0.0,,0.0
,,,0.02690972201526165,,0.859375,,,,,,,,,,,1.0,1.0,,,,,164,,,,0.0,,0.0,,0.0
,,,0.11551391333341599,,0.8749665021896362,,,,,,,,,,,1.0,1.0,,,,,165,,,,0.0,,0.0,,0.0
,,,0.0824652761220932,,0.8828125,,,,,,,,,,,1.0,1.0,,,,,166,,,,0.0,,0.0,,0.0
,,,0.078125,,0.875,,,,,,,,,,,1.0,1.0,,,,,167,,,,0.0,,0.0,,0.0
,,,0.11795264482498169,,0.8696205615997314,,,,,,,,,,,1.0,1.0,,,,,168,,,,0.0,,0.0,,0.0
,,,0.0654296875,,0.9296875,,,,,,,,,,,1.0,1.0,,,,,169,,,,0.0,,0.0,,0.0
,,,0.0590277761220932,,0.9453125,,,,,,,,,,,1.0,1.0,,,,,170,,,,0.0,,0.0,,0.0
,,,0.06184939295053482,,0.6799557209014893,,,,,,,,,,,1.0,1.0,,,,,171,,,,0.0,,0.0,,0.0
,,,0.0031250000465661287,,0.40625,,,,,,,,,,,1.0,1.0,,,,,172,,,,0.0,,0.0,,0.0
,,,0.007031249813735485,,0.3984375,,,,,,,,,,,1.0,1.0,,,,,173,,,,0.0,,0.0,,0.0
,,,0.04825407266616821,,0.6326903700828552,,,,,,,,,,,1.0,1.0,,,,,174,,,,0.0,,0.0,,0.0
,,,0.02734375,,0.71875,,,,,,,,,,,1.0,1.0,,,,,175,,,,0.0,,0.0,,0.0
,,,0.02734375,,0.765625,,,,,,,,,,,1.0,1.0,,,,,176,,,,0.0,,0.0,,0.0
,,,0.0694444477558136,,0.8035714626312256,,,,,,,,,,,1.0,1.0,,,,,177,,,,0.0,,0.0,,0.0
,,,0.01909722201526165,,0.625,,,,,,,,,,,1.0,1.0,,,,,178,,,,0.0,,0.0,,0.0
,,,0.02265625074505806,,0.7578125,,,,,,,,,,,1.0,1.0,,,,,179,,,,0.0,,0.0,,0.0
,,,0.05827505886554718,,0.6557886600494385,,,,,,,,,,,1.0,1.0,,,,,180,,,,0.0,,0.0,,0.0
,,,0.0595703125,,0.859375,,,,,,,,,,,1.0,1.0,,,,,181,,,,0.0,,0.0,,0.0
,,,0.03593749925494194,,0.7578125,,,,,,,,,,,1.0,1.0,,,,,182,,,,0.0,,0.0,,0.0
,,,0.053368330001831055,,0.7244094610214233,,,,,,,,,,,1.0,1.0,,,,,183,,,,0.0,,0.0,,0.0
1,0.3454521596431732,0.33015376329421997,,0.788661003112793,,,,,,,,,,,,,,231.59190368652344,111315.875,5.444976806640625,242.07470703125,441,,,0.0,,0.0,,0.0,
1,,,,,,0.7032958269119263,,-13.30728816986084,,24.1058406829834,,,,,,,,,,,,441,2.4539895057678223,,,,,,,
,,,,,,,,,,,,,,8.445429864253375e-05,0.03,,,,,,,449,,,,,,,,
2,,,,,,,0.8004687428474426,,-14.885220527648926,,14.0078125,8.463348058285192e-05,0.029999999329447746,,,1.0,1.0,,,,,449,,2.319143295288086,,,,,,
,,,,,,,,,,,,,,9.341357466063334e-05,0.03,,,,,,,499,,,,,,,,
2,,,,,,,0.8344103097915649,,-15.513453483581543,,10.3203125,9.359276009490713e-05,0.029999999329447746,,,1.0,1.0,,,,,499,,2.6545462608337402,,,,,,
,,,,,,,,,,,,,,0.00010237285067873297,0.03,,,,,,,549,,,,,,,,
2,,,,,,,0.8935432434082031,,-16.002077102661133,,7.64453125,0.00010255203960696235,0.029999999329447746,,,1.0,1.0,,,,,549,,2.5737228393554688,,,,,,
,,,,,,,,,,,,,,0.00011133212669683259,0.03,,,,,,,599,,,,,,,,
2,,,,,,,0.9468684196472168,,-16.467693328857422,,4.89453125,0.00011151131184305996,0.029999999329447746,,,1.0,1.0,,,,,599,,2.4847497940063477,,,,,,
,,,,,,,,,,,,,,0.00012029140271493208,0.03,,,,,,,649,,,,,,,,
2,,,,,,,1.026458978652954,,-16.83365821838379,,3.015625,0.00012047059135511518,0.029999999329447746,,,1.0,1.0,,,,,649,,2.6394262313842773,,,,,,
,,,0.02604166604578495,,0.7109375,,,,,,,,,,,1.0,1.0,,,,,184,,,,0.0,,0.0,,0.0
,,,0.0400390625,,0.6796875,,,,,,,,,,,1.0,1.0,,,,,185,,,,0.0,,0.0,,0.0
,,,0.04041885584592819,,0.7095710039138794,,,,,,,,,,,1.0,1.0,,,,,186,,,,0.0,,0.0,,0.0
,,,0.01128472201526165,,0.578125,,,,,,,,,,,1.0,1.0,,,,,187,,,,0.0,,0.0,,0.0
,,,0.0086805559694767,,0.640625,,,,,,,,,,,1.0,1.0,,,,,188,,,,0.0,,0.0,,0.0
,,,0.03205128386616707,,0.7435897588729858,,,,,,,,,,,1.0,1.0,,,,,189,,,,0.0,,0.0,,0.0
,,,0.03125,,0.953125,,,,,,,,,,,1.0,1.0,,,,,190,,,,0.0,,0.0,,0.0
,,,0.03125,,0.890625,,,,,,,,,,,1.0,1.0,,,,,191,,,,0.0,,0.0,,0.0
,,,0.07061178237199783,,0.8782161474227905,,,,,,,,,,,1.0,1.0,,,,,192,,,,0.0,,0.0,,0.0
,,,0.064453125,,0.9609375,,,,,,,,,,,1.0,1.0,,,,,193,,,,0.0,,0.0,,0.0
,,,0.05859375,,0.9765625,,,,,,,,,,,1.0,1.0,,,,,194,,,,0.0,,0.0,,0.0
,,,0.0758928582072258,,0.984375,,,,,,,,,,,1.0,1.0,,,,,195,,,,0.0,,0.0,,0.0
,,,0.1128000020980835,,0.843999981880188,,,,,,,,,,,1.0,1.0,,,,,196,,,,0.0,,0.0,,0.0
,,,0.0173611119389534,,0.6875,,,,,,,,,,,1.0,1.0,,,,,197,,,,0.0,,0.0,,0.0
,,,0.01822916604578495,,0.640625,,,,,,,,,,,1.0,1.0,,,,,198,,,,0.0,,0.0,,0.0
,,,0.06003735214471817,,0.8342670202255249,,,,,,,,,,,1.0,1.0,,,,,199,,,,0.0,,0.0,,0.0
,,,0.046875,,0.8671875,,,,,,,,,,,1.0,1.0,,,,,200,,,,0.0,,0.0,,0.0
,,,0.052734375,,0.875,,,,,,,,,,,1.0,1.0,,,,,201,,,,0.0,,0.0,,0.0
,,,0.08982683718204498,,0.8674242496490479,,,,,,,,,,,1.0,1.0,,,,,202,,,,0.0,,0.0,,0.0
,,,0.03359375149011612,,0.9453125,,,,,,,,,,,1.0,1.0,,,,,203,,,,0.0,,0.0,,0.0
,,,0.0225694440305233,,0.9765625,,,,,,,,,,,1.0,1.0,,,,,204,,,,0.0,,0.0,,0.0
,,,0.05920299142599106,,0.796886682510376,,,,,,,,,,,1.0,1.0,,,,,205,,,,0.0,,0.0,,0.0
,,,0.02500000037252903,,0.578125,,,,,,,,,,,1.0,1.0,,,,,206,,,,0.0,,0.0,,0.0
,,,0.01796874962747097,,0.53125,,,,,,,,,,,1.0,1.0,,,,,207,,,,0.0,,0.0,,0.0
,,,0.03147235885262489,,0.6118226647377014,,,,,,,,,,,1.0,1.0,,,,,208,,,,0.0,,0.0,,0.0
,,,0.01909722201526165,,0.7265625,,,,,,,,,,,1.0,1.0,,,,,209,,,,0.0,,0.0,,0.0
,,,0.0185546875,,0.765625,,,,,,,,,,,1.0,1.0,,,,,210,,,,0.0,,0.0,,0.0
,,,0.05439552664756775,,0.8006289005279541,,,,,,,,,,,1.0,1.0,,,,,211,,,,0.0,,0.0,,0.0
,,,0.0714285746216774,,0.921875,,,,,,,,,,,1.0,1.0,,,,,212,,,,0.0,,0.0,,0.0
,,,0.0556640625,,0.921875,,,,,,,,,,,1.0,1.0,,,,,213,,,,0.0,,0.0,,0.0
,,,0.08712136745452881,,0.842544436454773,,,,,,,,,,,1.0,1.0,,,,,214,,,,0.0,,0.0,,0.0
,,,0.0329861119389534,,0.6953125,,,,,,,,,,,1.0,1.0,,,,,215,,,,0.0,,0.0,,0.0
,,,0.03515625,,0.6796875,,,,,,,,,,,1.0,1.0,,,,,216,,,,0.0,,0.0,,0.0
,,,0.04274767264723778,,0.7093596458435059,,,,,,,,,,,1.0,1.0,,,,,217,,,,0.0,,0.0,,0.0
,,,0.01128472201526165,,0.609375,,,,,,,,,,,1.0,1.0,,,,,218,,,,0.0,,0.0,,0.0
,,,0.0068359375,,0.5390625,,,,,,,,,,,1.0,1.0,,,,,219,,,,0.0,,0.0,,0.0
,,,0.02985074743628502,,0.7249816656112671,,,,,,,,,,,1.0,1.0,,,,,220,,,,0.0,,0.0,,0.0
,,,0.0390625,,0.9375,,,,,,,,,,,1.0,1.0,,,,,221,,,,0.0,,0.0,,0.0
,,,0.0225694440305233,,0.8671875,,,,,,,,,,,1.0,1.0,,,,,222,,,,0.0,,0.0,,0.0
,,,0.08937729150056839,,0.8660562038421631,,,,,,,,,,,1.0,1.0,,,,,223,,,,0.0,,0.0,,0.0
,,,0.0654296875,,0.9765625,,,,,,,,,,,1.0,1.0,,,,,224,,,,0.0,,0.0,,0.0
,,,0.10000000149011612,,0.984375,,,,,,,,,,,1.0,1.0,,,,,225,,,,0.0,,0.0,,0.0
,,,0.07828282564878464,,0.824999988079071,,,,,,,,,,,1.0,1.0,,,,,226,,,,0.0,,0.0,,0.0
,,,0.01406249962747097,,0.71875,,,,,,,,,,,1.0,1.0,,,,,227,,,,0.0,,0.0,,0.0
,,,0.0166015625,,0.6484375,,,,,,,,,,,1.0,1.0,,,,,228,,,,0.0,,0.0,,0.0
,,,0.07801418751478195,,0.835106372833252,,,,,,,,,,,1.0,1.0,,,,,229,,,,0.0,,0.0,,0.0
,,,0.041015625,,0.84375,,,,,,,,,,,1.0,1.0,,,,,230,,,,0.0,,0.0,,0.0
,,,0.0690104141831398,,0.875,,,,,,,,,,,1.0,1.0,,,,,231,,,,0.0,,0.0,,0.0
,,,0.0477430559694767,,0.8671875,,,,,,,,,,,1.0,1.0,,,,,232,,,,0.0,,0.0,,0.0
,,,0.03444881737232208,,0.9685039520263672,,,,,,,,,,,1.0,1.0,,,,,233,,,,0.0,,0.0,,0.0
,,,0.02968749962747097,,0.953125,,,,,,,,,,,1.0,1.0,,,,,234,,,,0.0,,0.0,,0.0
,,,0.0283203125,,0.953125,,,,,,,,,,,1.0,1.0,,,,,235,,,,0.0,,0.0,,0.0
,,,0.04913793131709099,,0.7844827175140381,,,,,,,,,,,1.0,1.0,,,,,236,,,,0.0,,0.0,,0.0
,,,0.01953125,,0.5390625,,,,,,,,,,,1.0,1.0,,,,,237,,,,0.0,,0.0,,0.0
,,,0.02031249925494194,,0.5625,,,,,,,,,,,1.0,1.0,,,,,238,,,,0.0,,0.0,,0.0
,,,0.04009290039539337,,0.6230289936065674,,,,,,,,,,,1.0,1.0,,,,,239,,,,0.0,,0.0,,0.0
,,,0.013888888992369175,,0.7578125,,,,,,,,,,,1.0,1.0,,,,,240,,,,0.0,,0.0,,0.0
,,,0.0166015625,,0.7265625,,,,,,,,,,,1.0,1.0,,,,,241,,,,0.0,,0.0,,0.0
,,,0.05671296268701553,,0.8072916269302368,,,,,,,,,,,1.0,1.0,,,,,242,,,,0.0,,0.0,,0.0
,,,0.0636160746216774,,0.9375,,,,,,,,,,,1.0,1.0,,,,,243,,,,0.0,,0.0,,0.0
,,,0.0576171875,,0.921875,,,,,,,,,,,1.0,1.0,,,,,244,,,,0.0,,0.0,,0.0
,,,0.08416389673948288,,0.8308416604995728,,,,,,,,,,,1.0,1.0,,,,,245,,,,0.0,,0.0,,0.0
,,,0.0361328125,,0.65625,,,,,,,,,,,1.0,1.0,,,,,246,,,,0.0,,0.0,,0.0
,,,0.0338541679084301,,0.734375,,,,,,,,,,,1.0,1.0,,,,,247,,,,0.0,,0.0,,0.0
,,,0.05034415051341057,,0.7008849382400513,,,,,,,,,,,1.0,1.0,,,,,248,,,,0.0,,0.0,,0.0
,,,0.01128472201526165,,0.6015625,,,,,,,,,,,1.0,1.0,,,,,249,,,,0.0,,0.0,,0.0
,,,0.00390625,,0.53125,,,,,,,,,,,1.0,1.0,,,,,250,,,,0.0,,0.0,,0.0
,,,0.028282828629016876,,0.6949495077133179,,,,,,,,,,,1.0,1.0,,,,,251,,,,0.0,,0.0,,0.0
,,,0.0412946417927742,,0.9375,,,,,,,,,,,1.0,1.0,,,,,252,,,,0.0,,0.0,,0.0
,,,0.0234375,,0.8203125,,,,,,,,,,,1.0,1.0,,,,,253,,,,0.0,,0.0,,0.0
,,,0.11296296119689941,,0.9222221970558167,,,,,,,,,,,1.0,1.0,,,,,254,,,,0.0,,0.0,,0.0
,,,0.064453125,,0.984375,,,,,,,,,,,1.0,1.0,,,,,255,,,,0.0,,0.0,,0.0
,,,0.0770089253783226,,0.9921875,,,,,,,,,,,1.0,1.0,,,,,256,,,,0.0,,0.0,,0.0
,,,0.07103079557418823,,0.8614457845687866,,,,,,,,,,,1.0,1.0,,,,,257,,,,0.0,,0.0,,0.0
,,,0.013020833022892475,,0.6953125,,,,,,,,,,,1.0,1.0,,,,,258,,,,0.0,,0.0,,0.0
,,,0.0225694440305233,,0.65625,,,,,,,,,,,1.0,1.0,,,,,259,,,,0.0,,0.0,,0.0
,,,0.05138782411813736,,0.764960527420044,,,,,,,,,,,1.0,1.0,,,,,260,,,,0.0,,0.0,,0.0
,,,0.0611979179084301,,0.84375,,,,,,,,,,,1.0,1.0,,,,,261,,,,0.0,,0.0,,0.0
,,,0.0478515625,,0.875,,,,,,,,,,,1.0,1.0,,,,,262,,,,0.0,,0.0,,0.0
,,,0.07508306205272675,,0.8826135396957397,,,,,,,,,,,1.0,1.0,,,,,263,,,,0.0,,0.0,,0.0
,,,0.0390625,,0.953125,,,,,,,,,,,1.0,1.0,,,,,264,,,,0.0,,0.0,,0.0
,,,0.0251736119389534,,0.96875,,,,,,,,,,,1.0,1.0,,,,,265,,,,0.0,,0.0,,0.0
,,,0.06551380455493927,,0.8290655016899109,,,,,,,,,,,1.0,1.0,,,,,266,,,,0.0,,0.0,,0.0
,,,0.02109375037252903,,0.5390625,,,,,,,,,,,1.0,1.0,,,,,267,,,,0.0,,0.0,,0.0
,,,0.02083333395421505,,0.546875,,,,,,,,,,,1.0,1.0,,,,,268,,,,0.0,,0.0,,0.0
,,,0.03928571566939354,,0.65625,,,,,,,,,,,1.0,1.0,,,,,269,,,,0.0,,0.0,,0.0
,,,0.015625,,0.6640625,,,,,,,,,,,1.0,1.0,,,,,270,,,,0.0,,0.0,,0.0
,,,0.013020833022892475,,0.8046875,,,,,,,,,,,1.0,1.0,,,,,271,,,,0.0,,0.0,,0.0
,,,0.060411810874938965,,0.7680652737617493,,,,,,,,,,,1.0,1.0,,,,,272,,,,0.0,,0.0,,0.0
,,,0.0625,,0.90625,,,,,,,,,,,1.0,1.0,,,,,273,,,,0.0,,0.0,,0.0
,,,0.0636160746216774,,0.9453125,,,,,,,,,,,1.0,1.0,,,,,274,,,,0.0,,0.0,,0.0
,,,0.08136483281850815,,0.9291338324546814,,,,,,,,,,,1.0,1.0,,,,,275,,,,0.0,,0.0,,0.0
2,0.34081774950027466,0.27393972873687744,,0.7867696285247803,,,,,,,,,,,,,,223.20457458496094,472570.96875,5.408088684082031,296.4834289550781,662,,,0.0,,0.0,,0.0,
2,,,,,,0.9034666419029236,,-15.986515998840332,,7.475882053375244,,,,,,,,,,,,662,2.4227254390716553,,,,,,,
,,,,,,,,,,,,,,0.0001292506787330315,0.03,,,,,,,699,,,,,,,,
3,,,,,,,1.0905123949050903,,-17.11311912536621,,1.6201171875,0.0001294298708671704,0.029999999329447746,,,1.0,1.0,,,,,699,,2.324604034423828,,,,,,
,,,,,,,,,,,,,,0.00013820995475113102,0.03,,,,,,,749,,,,,,,,
3,,,,,,,1.1452627182006836,,-17.302440643310547,,1.32421875,0.00013838913582731038,0.029999999329447746,,,1.0,1.0,,,,,749,,2.7440860271453857,,,,,,
,,,,,,,,,,,,,,0.00014716923076923066,0.03,,,,,,,799,,,,,,,,
3,,,,,,,1.2039895057678223,,-17.43626594543457,,1.6689453125,0.0001473484153393656,0.029999999329447746,,,1.0,1.0,,,,,799,,2.4094560146331787,,,,,,
,,,,,,,,,,,,,,0.0001561285067873302,0.03,,,,,,,849,,,,,,,,
3,,,,,,,1.247437596321106,,-17.52281379699707,,2.28125,0.00015630769485142082,0.029999999329447746,,,1.0,1.0,,,,,849,,2.2758991718292236,,,,,,
,,,0.0078125,,0.734375,,,,,,,,,,,1.0,1.0,,,,,276,,,,0.0,,0.0,,0.0
,,,0.0126953125,,0.6875,,,,,,,,,,,1.0,1.0,,,,,277,,,,0.0,,0.0,,0.0
,,,0.01782178319990635,,0.6897690296173096,,,,,,,,,,,1.0,1.0,,,,,278,,,,0.0,,0.0,,0.0
,,,0.0048828125,,0.75,,,,,,,,,,,1.0,1.0,,,,,279,,,,0.0,,0.0,,0.0
,,,0.0009765625,,0.6171875,,,,,,,,,,,1.0,1.0,,,,,280,,,,0.0,,0.0,,0.0
,,,0.06232193857431412,,0.8605769276618958,,,,,,,,,,,1.0,1.0,,,,,281,,,,0.0,,0.0,,0.0
,,,0.0849609375,,0.9765625,,,,,,,,,,,1.0,1.0,,,,,282,,,,0.0,,0.0,,0.0
,,,0.080078125,,0.984375,,,,,,,,,,,1.0,1.0,,,,,283,,,,0.0,,0.0,,0.0
,,,0.18230825662612915,,0.9584047794342041,,,,,,,,,,,1.0,1.0,,,,,284,,,,0.0,,0.0,,0.0
,,,0.109375,,0.96875,,,,,,,,,,,1.0,1.0,,,,,285,,,,0.0,,0.0,,0.0
,,,0.0771484375,,0.96875,,,,,,,,,,,1.0,1.0,,,,,286,,,,0.0,,0.0,,0.0
,,,0.0810546875,,0.953125,,,,,,,,,,,1.0,1.0,,,,,287,,,,0.0,,0.0,,0.0
,,,0.14733333885669708,,0.8560000061988831,,,,,,,,,,,1.0,1.0,,,,,288,,,,0.0,,0.0,,0.0
,,,0.0478515625,,0.6328125,,,,,,,,,,,1.0,1.0,,,,,289,,,,0.0,,0.0,,0.0
,,,0.0425347238779068,,0.6328125,,,,,,,,,,,1.0,1.0,,,,,290,,,,0.0,,0.0,,0.0
,,,0.08309990912675858,,0.8207283020019531,,,,,,,,,,,1.0,1.0,,,,,291,,,,0.0,,0.0,,0.0
,,,0.017578125,,0.875,,,,,,,,,,,1.0,1.0,,,,,292,,,,0.0,,0.0,,0.0
,,,0.015625,,0.9765625,,,,,,,,,,,1.0,1.0,,,,,293,,,,0.0,,0.0,,0.0
,,,0.015827922150492668,,0.7938311696052551,,,,,,,,,,,1.0,1.0,,,,,294,,,,0.0,,0.0,,0.0
,,,0.01897321455180645,,0.7109375,,,,,,,,,,,1.0,1.0,,,,,295,,,,0.0,,0.0,,0.0
,,,0.0062500000931322575,,0.6484375,,,,,,,,,,,1.0,1.0,,,,,296,,,,0.0,,0.0,,0.0
,,,0.0567317008972168,,0.8246575593948364,,,,,,,,,,,1.0,1.0,,,,,297,,,,0.0,,0.0,,0.0
,,,0.0338541679084301,,0.7109375,,,,,,,,,,,1.0,1.0,,,,,298,,,,0.0,,0.0,,0.0
,,,0.02656250074505806,,0.6484375,,,,,,,,,,,1.0,1.0,,,,,299,,,,0.0,,0.0,,0.0
,,,0.044679805636405945,,0.8327586054801941,,,,,,,,,,,1.0,1.0,,,,,300,,,,0.0,,0.0,,0.0
,,,0.0435267873108387,,0.9140625,,,,,,,,,,,1.0,1.0,,,,,301,,,,0.0,,0.0,,0.0
,,,0.0283203125,,0.9375,,,,,,,,,,,1.0,1.0,,,,,302,,,,0.0,,0.0,,0.0
,,,0.04581760987639427,,0.7513207197189331,,,,,,,,,,,1.0,1.0,,,,,303,,,,0.0,,0.0,,0.0
,,,0.02678571455180645,,0.703125,,,,,,,,,,,1.0,1.0,,,,,304,,,,0.0,,0.0,,0.0
,,,0.02968749962747097,,0.6328125,,,,,,,,,,,1.0,1.0,,,,,305,,,,0.0,,0.0,,0.0
,,,0.03853820636868477,,0.7603282928466797,,,,,,,,,,,1.0,1.0,,,,,306,,,,0.0,,0.0,,0.0
,,,0.009548611007630825,,0.7109375,,,,,,,,,,,1.0,1.0,,,,,307,,,,0.0,,0.0,,0.0
,,,0.015625,,0.65625,,,,,,,,,,,1.0,1.0,,,,,308,,,,0.0,,0.0,,0.0
,,,0.023546798154711723,,0.7236453294754028,,,,,,,,,,,1.0,1.0,,,,,309,,,,0.0,,0.0,,0.0
,,,0.00390625,,0.7265625,,,,,,,,,,,1.0,1.0,,,,,310,,,,0.0,,0.0,,0.0
,,,0.0009765625,,0.640625,,,,,,,,,,,1.0,1.0,,,,,311,,,,0.0,,0.0,,0.0
,,,0.07147324085235596,,0.8531930446624756,,,,,,,,,,,1.0,1.0,,,,,312,,,,0.0,,0.0,,0.0
,,,0.083984375,,0.984375,,,,,,,,,,,1.0,1.0,,,,,313,,,,0.0,,0.0,,0.0
,,,0.0751953125,,0.9765625,,,,,,,,,,,1.0,1.0,,,,,314,,,,0.0,,0.0,,0.0
,,,0.18534798920154572,,0.9764347076416016,,,,,,,,,,,1.0,1.0,,,,,315,,,,0.0,,0.0,,0.0
,,,0.1106770858168602,,0.96875,,,,,,,,,,,1.0,1.0,,,,,316,,,,0.0,,0.0,,0.0
,,,0.0926339253783226,,0.9609375,,,,,,,,,,,1.0,1.0,,,,,317,,,,0.0,,0.0,,0.0
,,,0.1403409093618393,,0.8454545736312866,,,,,,,,,,,1.0,1.0,,,,,318,,,,0.0,,0.0,,0.0
,,,0.0647321417927742,,0.6875,,,,,,,,,,,1.0,1.0,,,,,319,,,,0.0,,0.0,,0.0
,,,0.044921875,,0.5859375,,,,,,,,,,,1.0,1.0,,,,,320,,,,0.0,,0.0,,0.0
,,,0.06821026653051376,,0.831038773059845,,,,,,,,,,,1.0,1.0,,,,,321,,,,0.0,,0.0,,0.0
,,,0.02968749962747097,,0.96875,,,,,,,,,,,1.0,1.0,,,,,322,,,,0.0,,0.0,,0.0
,,,0.01215277798473835,,0.90625,,,,,,,,,,,1.0,1.0,,,,,323,,,,0.0,,0.0,,0.0
,,,0.0166015625,,0.953125,,,,,,,,,,,1.0,1.0,,,,,324,,,,0.0,,0.0,,0.0
,,,0.007874015718698502,,0.8188976049423218,,,,,,,,,,,1.0,1.0,,,,,325,,,,0.0,,0.0,,0.0
,,,0.0107421875,,0.6875,,,,,,,,,,,1.0,1.0,,,,,326,,,,0.0,,0.0,,0.0
,,,0.0078125,,0.6953125,,,,,,,,,,,1.0,1.0,,,,,327,,,,0.0,,0.0,,0.0
,,,0.043742015957832336,,0.8089080452919006,,,,,,,,,,,1.0,1.0,,,,,328,,,,0.0,,0.0,,0.0
,,,0.0303819440305233,,0.6953125,,,,,,,,,,,1.0,1.0,,,,,329,,,,0.0,,0.0,,0.0
,,,0.02421874925494194,,0.65625,,,,,,,,,,,1.0,1.0,,,,,330,,,,0.0,,0.0,,0.0
,,,0.06645479053258896,,0.7801613807678223,,,,,,,,,,,1.0,1.0,,,,,331,,,,0.0,,0.0,,0.0
,,,0.0401785708963871,,0.9375,,,,,,,,,,,1.0,1.0,,,,,332,,,,0.0,,0.0,,0.0
,,,0.0345982126891613,,0.90625,,,,,,,,,,,1.0,1.0,,,,,333,,,,0.0,,0.0,,0.0
,,,0.0494791641831398,,0.8020833730697632,,,,,,,,,,,1.0,1.0,,,,,334,,,,0.0,,0.0,,0.0
,,,0.03750000149011612,,0.671875,,,,,,,,,,,1.0,1.0,,,,,335,,,,0.0,,0.0,,0.0
,,,0.03125,,0.6953125,,,,,,,,,,,1.0,1.0,,,,,336,,,,0.0,,0.0,,0.0
,,,0.04049992188811302,,0.7591361999511719,,,,,,,,,,,1.0,1.0,,,,,337,,,,0.0,,0.0,,0.0
,,,0.0069444444961845875,,0.640625,,,,,,,,,,,1.0,1.0,,,,,338,,,,0.0,,0.0,,0.0
,,,0.0164930559694767,,0.7578125,,,,,,,,,,,1.0,1.0,,,,,339,,,,0.0,,0.0,,0.0
,,,0.030612915754318237,,0.7716814279556274,,,,,,,,,,,1.0,1.0,,,,,340,,,,0.0,,0.0,,0.0
,,,0.0029296875,,0.671875,,,,,,,,,,,1.0,1.0,,,,,341,,,,0.0,,0.0,,0.0
,,,0.0009765625,,0.6640625,,,,,,,,,,,1.0,1.0,,,,,342,,,,0.0,,0.0,,0.0
,,,0.07373737543821335,,0.8242424726486206,,,,,,,,,,,1.0,1.0,,,,,343,,,,0.0,,0.0,,0.0
,,,0.0830078125,,0.9921875,,,,,,,,,,,1.0,1.0,,,,,344,,,,0.0,,0.0,,0.0
,,,0.0825892835855484,,0.9609375,,,,,,,,,,,1.0,1.0,,,,,345,,,,0.0,,0.0,,0.0
,,,0.192592591047287,,0.9861111044883728,,,,,,,,,,,1.0,1.0,,,,,346,,,,0.0,,0.0,,0.0
,,,0.09375,,0.96875,,,,,,,,,,,1.0,1.0,,,,,347,,,,0.0,,0.0,,0.0
,,,0.0948660746216774,,0.96875,,,,,,,,,,,1.0,1.0,,,,,348,,,,0.0,,0.0,,0.0
,,,0.1511044204235077,,0.8452476263046265,,,,,,,,,,,1.0,1.0,,,,,349,,,,0.0,,0.0,,0.0
,,,0.0591517873108387,,0.6640625,,,,,,,,,,,1.0,1.0,,,,,350,,,,0.0,,0.0,,0.0
,,,0.046875,,0.625,,,,,,,,,,,1.0,1.0,,,,,351,,,,0.0,,0.0,,0.0
,,,0.059445999562740326,,0.8105424046516418,,,,,,,,,,,1.0,1.0,,,,,352,,,,0.0,,0.0,,0.0
,,,0.02213541604578495,,0.921875,,,,,,,,,,,1.0,1.0,,,,,353,,,,0.0,,0.0,,0.0
,,,0.01128472201526165,,0.9453125,,,,,,,,,,,1.0,1.0,,,,,354,,,,0.0,,0.0,,0.0
,,,0.020487265661358833,,0.7923587560653687,,,,,,,,,,,1.0,1.0,,,,,355,,,,0.0,,0.0,,0.0
,,,0.01227678544819355,,0.6640625,,,,,,,,,,,1.0,1.0,,,,,356,,,,0.0,,0.0,,0.0
,,,0.005859375,,0.6640625,,,,,,,,,,,1.0,1.0,,,,,357,,,,0.0,,0.0,,0.0
,,,0.057665444910526276,,0.8124376535415649,,,,,,,,,,,1.0,1.0,,,,,358,,,,0.0,,0.0,,0.0
,,,0.0321180559694767,,0.734375,,,,,,,,,,,1.0,1.0,,,,,359,,,,0.0,,0.0,,0.0
,,,0.02864583395421505,,0.6640625,,,,,,,,,,,1.0,1.0,,,,,360,,,,0.0,,0.0,,0.0
,,,0.05714285746216774,,0.8258928656578064,,,,,,,,,,,1.0,1.0,,,,,361,,,,0.0,,0.0,,0.0
,,,0.0302734375,,0.9140625,,,,,,,,,,,1.0,1.0,,,,,362,,,,0.0,,0.0,,0.0
,,,0.03125,,0.9453125,,,,,,,,,,,1.0,1.0,,,,,363,,,,0.0,,0.0,,0.0
,,,0.05083805322647095,,0.7754467725753784,,,,,,,,,,,1.0,1.0,,,,,364,,,,0.0,,0.0,,0.0
,,,0.03125,,0.703125,,,,,,,,,,,1.0,1.0,,,,,365,,,,0.0,,0.0,,0.0
,,,0.02812499925494194,,0.625,,,,,,,,,,,1.0,1.0,,,,,366,,,,0.0,,0.0,,0.0
,,,0.04094488173723221,,0.7716535329818726,,,,,,,,,,,1.0,1.0,,,,,367,,,,0.0,,0.0,,0.0
3,0.3389674425125122,0.27570849657058716,,0.7955788373947144,,,,,,,,,,,,,,207.00100708007812,503054.09375,5.332723617553711,411.36859130859375,883,,,0.0,,0.0,,0.0,
3,,,,,,1.1664087772369385,,-17.332294464111328,,1.84566330909729,,,,,,,,,,,,883,2.440758228302002,,,,,,,
,,,,,,,,,,,,,,0.00016508778280542984,0.03,,,,,,,899,,,,,,,,
4,,,,,,,1.2946360111236572,,-17.574539184570312,,3.32421875,0.00016526697436347604,0.029999999329447746,,,1.0,1.0,,,,,899,,2.3330225944519043,,,,,,
,,,,,,,,,,,,,,0.0001740470588235294,0.03,,,,,,,949,,,,,,,,
4,,,,,,,1.3332957029342651,,-17.602035522460938,,4.203125,0.00017422623932361603,0.029999999329447746,,,1.0,1.0,,,,,949,,2.180262565612793,,,,,,
,,,,,,,,,,,,,,0.00018300633484162905,0.03,,,,,,,999,,,,,,,,
4,,,,,,,1.3508758544921875,,-17.637405395507812,,4.7109375,0.00018318551883567125,0.029999999329447746,,,1.0,1.0,,,,,999,,2.1613807678222656,,,,,,
,,,,,,,,,,,,,,0.00019196561085972868,0.03,,,,,,,1049,,,,,,,,
4,,,,,,,1.3786189556121826,,-17.622112274169922,,5.46875,0.00019214479834772646,0.029999999329447746,,,1.0,1.0,,,,,1049,,2.3886542320251465,,,,,,
,,,,,,,,,,,,,,0.00020092488687782826,0.03,,,,,,,1099,,,,,,,,
4,,,,,,,1.3842263221740723,,-17.63768768310547,,6.01953125,0.00020110407785978168,0.029999999329447746,,,1.0,1.0,,,,,1099,,2.5488767623901367,,,,,,
,,,0.0234375,,0.6796875,,,,,,,,,,,1.0,1.0,,,,,368,,,,0.0,,0.0,,0.0
,,,0.03125,,0.7578125,,,,,,,,,,,1.0,1.0,,,,,369,,,,0.0,,0.0,,0.0
,,,0.07664099335670471,,0.881188154220581,,,,,,,,,,,1.0,1.0,,,,,370,,,,0.0,,0.0,,0.0
,,,0.0451388880610466,,0.9375,,,,,,,,,,,1.0,1.0,,,,,371,,,,0.0,,0.0,,0.0
,,,0.0498046875,,0.890625,,,,,,,,,,,1.0,1.0,,,,,372,,,,0.0,,0.0,,0.0
,,,0.0572916679084301,,0.7387820482254028,,,,,,,,,,,1.0,1.0,,,,,373,,,,0.0,,0.0,,0.0
,,,0.0069444444961845875,,0.765625,,,,,,,,,,,1.0,1.0,,,,,374,,,,0.0,,0.0,,0.0
,,,0.0078125,,0.765625,,,,,,,,,,,1.0,1.0,,,,,375,,,,0.0,,0.0,,0.0
,,,0.05298265814781189,,0.8177530169487,,,,,,,,,,,1.0,1.0,,,,,376,,,,0.0,,0.0,,0.0
,,,0.046875,,0.9296875,,,,,,,,,,,1.0,1.0,,,,,377,,,,0.0,,0.0,,0.0
,,,0.05859375,,0.9453125,,,,,,,,,,,1.0,1.0,,,,,378,,,,0.0,,0.0,,0.0
,,,0.0520833320915699,,0.953125,,,,,,,,,,,1.0,1.0,,,,,379,,,,0.0,,0.0,,0.0
,,,0.10637037456035614,,0.7613333463668823,,,,,,,,,,,1.0,1.0,,,,,380,,,,0.0,,0.0,,0.0
,,,0.05937499925494194,,0.8046875,,,,,,,,,,,1.0,1.0,,,,,381,,,,0.0,,0.0,,0.0
,,,0.06015624850988388,,0.796875,,,,,,,,,,,1.0,1.0,,,,,382,,,,0.0,,0.0,,0.0
,,,0.08179271966218948,,0.8006535768508911,,,,,,,,,,,1.0,1.0,,,,,383,,,,0.0,,0.0,,0.0
,,,0.010416666977107525,,0.8046875,,,,,,,,,,,1.0,1.0,,,,,384,,,,0.0,,0.0,,0.0
,,,0.01822916604578495,,0.828125,,,,,,,,,,,1.0,1.0,,,,,385,,,,0.0,,0.0,,0.0
,,,0.06649831682443619,,0.8571428656578064,,,,,,,,,,,1.0,1.0,,,,,386,,,,0.0,,0.0,,0.0
,,,0.0736607164144516,,0.9609375,,,,,,,,,,,1.0,1.0,,,,,387,,,,0.0,,0.0,,0.0
,,,0.046875,,0.9375,,,,,,,,,,,1.0,1.0,,,,,388,,,,0.0,,0.0,,0.0
,,,0.06326276808977127,,0.7922790050506592,,,,,,,,,,,1.0,1.0,,,,,389,,,,0.0,,0.0,,0.0
,,,0.0146484375,,0.5625,,,,,,,,,,,1.0,1.0,,,,,390,,,,0.0,,0.0,,0.0
,,,0.0078125,,0.578125,,,,,,,,,,,1.0,1.0,,,,,391,,,,0.0,,0.0,,0.0
,,,0.04133004695177078,,0.7497537136077881,,,,,,,,,,,1.0,1.0,,,,,392,,,,0.0,,0.0,,0.0
,,,0.0451388880610466,,0.8671875,,,,,,,,,,,1.0,1.0,,,,,393,,,,0.0,,0.0,,0.0
,,,0.0390625,,0.875,,,,,,,,,,,1.0,1.0,,,,,394,,,,0.0,,0.0,,0.0
,,,0.13559748232364655,,0.8594968318939209,,,,,,,,,,,1.0,1.0,,,,,395,,,,0.0,,0.0,,0.0
,,,0.0982142835855484,,0.9609375,,,,,,,,,,,1.0,1.0,,,,,396,,,,0.0,,0.0,,0.0
,,,0.0668402761220932,,0.9609375,,,,,,,,,,,1.0,1.0,,,,,397,,,,0.0,,0.0,,0.0
,,,0.10858413577079773,,0.8603283166885376,,,,,,,,,,,1.0,1.0,,,,,398,,,,0.0,,0.0,,0.0
,,,0.02690972201526165,,0.671875,,,,,,,,,,,1.0,1.0,,,,,399,,,,0.0,,0.0,,0.0
,,,0.0283203125,,0.734375,,,,,,,,,,,1.0,1.0,,,,,400,,,,0.0,,0.0,,0.0
,,,0.08117131888866425,,0.8522167205810547,,,,,,,,,,,1.0,1.0,,,,,401,,,,0.0,,0.0,,0.0
,,,0.05078125,,0.90625,,,,,,,,,,,1.0,1.0,,,,,402,,,,0.0,,0.0,,0.0
,,,0.0380859375,,0.890625,,,,,,,,,,,1.0,1.0,,,,,403,,,,0.0,,0.0,,0.0
,,,0.0626104474067688,,0.8030340075492859,,,,,,,,,,,1.0,1.0,,,,,404,,,,0.0,,0.0,,0.0
,,,0.006076388992369175,,0.765625,,,,,,,,,,,1.0,1.0,,,,,405,,,,0.0,,0.0,,0.0
,,,0.007031249813735485,,0.765625,,,,,,,,,,,1.0,1.0,,,,,406,,,,0.0,,0.0,,0.0
,,,0.04813186824321747,,0.8420024514198303,,,,,,,,,,,1.0,1.0,,,,,407,,,,0.0,,0.0,,0.0
,,,0.0546875,,0.9375,,,,,,,,,,,1.0,1.0,,,,,408,,,,0.0,,0.0,,0.0
,,,0.060546875,,0.9375,,,,,,,,,,,1.0,1.0,,,,,409,,,,0.0,,0.0,,0.0
,,,0.12222222983837128,,0.9147727489471436,,,,,,,,,,,1.0,1.0,,,,,410,,,,0.0,,0.0,,0.0
,,,0.0892857164144516,,0.8125,,,,,,,,,,,1.0,1.0,,,,,411,,,,0.0,,0.0,,0.0
,,,0.0712890625,,0.8125,,,,,,,,,,,1.0,1.0,,,,,412,,,,0.0,,0.0,,0.0
,,,0.0865456759929657,,0.8160200119018555,,,,,,,,,,,1.0,1.0,,,,,413,,,,0.0,,0.0,,0.0
,,,0.0126953125,,0.8203125,,,,,,,,,,,1.0,1.0,,,,,414,,,,0.0,,0.0,,0.0
,,,0.013020833022892475,,0.8203125,,,,,,,,,,,1.0,1.0,,,,,415,,,,0.0,,0.0,,0.0
,,,0.01996527798473835,,0.84375,,,,,,,,,,,1.0,1.0,,,,,416,,,,0.0,,0.0,,0.0
,,,0.05118110403418541,,0.4724409580230713,,,,,,,,,,,1.0,1.0,,,,,417,,,,0.0,,0.0,,0.0
,,,0.0602678582072258,,0.9140625,,,,,,,,,,,1.0,1.0,,,,,418,,,,0.0,,0.0,,0.0
,,,0.0442708320915699,,0.9375,,,,,,,,,,,1.0,1.0,,,,,419,,,,0.0,,0.0,,0.0
,,,0.0497126430273056,,0.7974138259887695,,,,,,,,,,,1.0,1.0,,,,,420,,,,0.0,,0.0,,0.0
,,,0.0078125,,0.5078125,,,,,,,,,,,1.0,1.0,,,,,421,,,,0.0,,0.0,,0.0
,,,0.00937500037252903,,0.609375,,,,,,,,,,,1.0,1.0,,,,,422,,,,0.0,,0.0,,0.0
,,,0.0356435663998127,,0.7282728552818298,,,,,,,,,,,1.0,1.0,,,,,423,,,,0.0,,0.0,,0.0
,,,0.04218750074505806,,0.890625,,,,,,,,,,,1.0,1.0,,,,,424,,,,0.0,,0.0,,0.0
,,,0.0407986119389534,,0.8828125,,,,,,,,,,,1.0,1.0,,,,,425,,,,0.0,,0.0,,0.0
,,,0.11574074625968933,,0.8489583730697632,,,,,,,,,,,1.0,1.0,,,,,426,,,,0.0,,0.0,,0.0
,,,0.08203125,,0.953125,,,,,,,,,,,1.0,1.0,,,,,427,,,,0.0,,0.0,,0.0
,,,0.080078125,,0.953125,,,,,,,,,,,1.0,1.0,,,,,428,,,,0.0,,0.0,,0.0
,,,0.12437707185745239,,0.8601882457733154,,,,,,,,,,,1.0,1.0,,,,,429,,,,0.0,,0.0,,0.0
,,,0.0234375,,0.640625,,,,,,,,,,,1.0,1.0,,,,,430,,,,0.0,,0.0,,0.0
,,,0.0380859375,,0.765625,,,,,,,,,,,1.0,1.0,,,,,431,,,,0.0,,0.0,,0.0
,,,0.07931825518608093,,0.8690265417098999,,,,,,,,,,,1.0,1.0,,,,,432,,,,0.0,,0.0,,0.0
,,,0.0558035708963871,,0.8828125,,,,,,,,,,,1.0,1.0,,,,,433,,,,0.0,,0.0,,0.0
,,,0.044921875,,0.921875,,,,,,,,,,,1.0,1.0,,,,,434,,,,0.0,,0.0,,0.0
,,,0.05230078473687172,,0.8171716928482056,,,,,,,,,,,1.0,1.0,,,,,435,,,,0.0,,0.0,,0.0
,,,0.00937500037252903,,0.8046875,,,,,,,,,,,1.0,1.0,,,,,436,,,,0.0,,0.0,,0.0
,,,0.010416666977107525,,0.703125,,,,,,,,,,,1.0,1.0,,,,,437,,,,0.0,,0.0,,0.0
,,,0.05944444611668587,,0.8722221851348877,,,,,,,,,,,1.0,1.0,,,,,438,,,,0.0,,0.0,,0.0
,,,0.0529513880610466,,0.9296875,,,,,,,,,,,1.0,1.0,,,,,439,,,,0.0,,0.0,,0.0
,,,0.064453125,,0.9375,,,,,,,,,,,1.0,1.0,,,,,440,,,,0.0,,0.0,,0.0
,,,0.11920273303985596,,0.9115127325057983,,,,,,,,,,,1.0,1.0,,,,,441,,,,0.0,,0.0,,0.0
,,,0.078125,,0.8359375,,,,,,,,,,,1.0,1.0,,,,,442,,,,0.0,,0.0,,0.0
,,,0.072265625,,0.7890625,,,,,,,,,,,1.0,1.0,,,,,443,,,,0.0,,0.0,,0.0
,,,0.07896614074707031,,0.7947542667388916,,,,,,,,,,,1.0,1.0,,,,,444,,,,0.0,,0.0,,0.0
,,,0.010416666977107525,,0.828125,,,,,,,,,,,1.0,1.0,,,,,445,,,,0.0,,0.0,,0.0
,,,0.0164930559694767,,0.828125,,,,,,,,,,,1.0,1.0,,,,,446,,,,0.0,,0.0,,0.0
,,,0.07228989899158478,,0.8950719833374023,,,,,,,,,,,1.0,1.0,,,,,447,,,,0.0,,0.0,,0.0
,,,0.0591517873108387,,0.9453125,,,,,,,,,,,1.0,1.0,,,,,448,,,,0.0,,0.0,,0.0
,,,0.0419921875,,0.9296875,,,,,,,,,,,1.0,1.0,,,,,449,,,,0.0,,0.0,,0.0
,,,0.0626538097858429,,0.8348852396011353,,,,,,,,,,,1.0,1.0,,,,,450,,,,0.0,,0.0,,0.0
,,,0.0164930559694767,,0.5625,,,,,,,,,,,1.0,1.0,,,,,451,,,,0.0,,0.0,,0.0
,,,0.0062500000931322575,,0.515625,,,,,,,,,,,1.0,1.0,,,,,452,,,,0.0,,0.0,,0.0
,,,0.0714285746216774,,0.7946428656578064,,,,,,,,,,,1.0,1.0,,,,,453,,,,0.0,,0.0,,0.0
,,,0.03437500074505806,,0.84375,,,,,,,,,,,1.0,1.0,,,,,454,,,,0.0,,0.0,,0.0
,,,0.03984374925494194,,0.9296875,,,,,,,,,,,1.0,1.0,,,,,455,,,,0.0,,0.0,,0.0
,,,0.11519037187099457,,0.8236207962036133,,,,,,,,,,,1.0,1.0,,,,,456,,,,0.0,,0.0,,0.0
,,,0.0789930522441864,,0.9453125,,,,,,,,,,,1.0,1.0,,,,,457,,,,0.0,,0.0,,0.0
,,,0.0677083358168602,,0.984375,,,,,,,,,,,1.0,1.0,,,,,458,,,,0.0,,0.0,,0.0
,,,0.09055118262767792,,0.9448819160461426,,,,,,,,,,,1.0,1.0,,,,,459,,,,0.0,,0.0,,0.0
4,0.3460277318954468,0.3510397672653198,,0.830459475517273,,,,,,,,,,,,,,199.7238311767578,240405.359375,5.296935558319092,463.5848388671875,1104,,,0.0,,0.0,,0.0,
4,,,,,,1.3413076400756836,,-17.601362228393555,,4.604770660400391,,,,,,,,,,,,1104,2.367396116256714,,,,,,,
,,,,,,,,,,,,,,0.0002098841628959279,0.03,,,,,,,1149,,,,,,,,
5,,,,,,,1.384285569190979,,-17.64983558654785,,5.62109375,0.00021006334281992167,0.029999999329447746,,,1.0,1.0,,,,,1149,,2.350889205932617,,,,,,
,,,,,,,,,,,,,,0.0002188434389140275,0.03,,,,,,,1199,,,,,,,,
5,,,,,,,1.4056501388549805,,-17.641265869140625,,6.40234375,0.0002190226223319769,0.029999999329447746,,,1.0,1.0,,,,,1199,,2.03315806388855,,,,,,
,,,,,,,,,,,,,,0.000227802714932127,0.03,,,,,,,1249,,,,,,,,
5,,,,,,,1.407128095626831,,-17.65589714050293,,6.62109375,0.0002279819018440321,0.029999999329447746,,,1.0,1.0,,,,,1249,,2.0763044357299805,,,,,,
,,,,,,,,,,,,,,0.0002367619909502264,0.03,,,,,,,1299,,,,,,,,
5,,,,,,,1.4157100915908813,,-17.65557861328125,,7.2421875,0.00023694118135608733,0.029999999329447746,,,1.0,1.0,,,,,1299,,2.6426048278808594,,,,,,
,,,0.0390625,,0.7890625,,,,,,,,,,,1.0,1.0,,,,,460,,,,0.0,,0.0,,0.0
,,,0.0460069440305233,,0.78125,,,,,,,,,,,1.0,1.0,,,,,461,,,,0.0,,0.0,,0.0
,,,0.09310190379619598,,0.8775210976600647,,,,,,,,,,,1.0,1.0,,,,,462,,,,0.0,,0.0,,0.0
,,,0.0434027761220932,,0.921875,,,,,,,,,,,1.0,1.0,,,,,463,,,,0.0,,0.0,,0.0
,,,0.0425347238779068,,0.875,,,,,,,,,,,1.0,1.0,,,,,464,,,,0.0,,0.0,,0.0
,,,0.09437321871519089,,0.9118589758872986,,,,,,,,,,,1.0,1.0,,,,,465,,,,0.0,,0.0,,0.0
,,,0.0364583320915699,,0.9453125,,,,,,,,,,,1.0,1.0,,,,,466,,,,0.0,,0.0,,0.0
,,,0.0399305559694767,,0.9296875,,,,,,,,,,,1.0,1.0,,,,,467,,,,0.0,,0.0,,0.0
,,,0.07375643402338028,,0.9764150977134705,,,,,,,,,,,1.0,1.0,,,,,468,,,,0.0,,0.0,,0.0
,,,0.0434027761220932,,0.875,,,,,,,,,,,1.0,1.0,,,,,469,,,,0.0,,0.0,,0.0
,,,0.03437500074505806,,0.9296875,,,,,,,,,,,1.0,1.0,,,,,470,,,,0.0,,0.0,,0.0
,,,0.04531250149011612,,0.9375,,,,,,,,,,,1.0,1.0,,,,,471,,,,0.0,,0.0,,0.0
,,,0.08213333785533905,,0.7093333005905151,,,,,,,,,,,1.0,1.0,,,,,472,,,,0.0,,0.0,,0.0
,,,0.04531250149011612,,0.6953125,,,,,,,,,,,1.0,1.0,,,,,473,,,,0.0,,0.0,,0.0
,,,0.03828125074505806,,0.671875,,,,,,,,,,,1.0,1.0,,,,,474,,,,0.0,,0.0,,0.0
,,,0.09103641659021378,,0.8342670202255249,,,,,,,,,,,1.0,1.0,,,,,475,,,,0.0,,0.0,,0.0
,,,0.0321180559694767,,0.84375,,,,,,,,,,,1.0,1.0,,,,,476,,,,0.0,,0.0,,0.0
,,,0.0355902761220932,,0.8828125,,,,,,,,,,,1.0,1.0,,,,,477,,,,0.0,,0.0,,0.0
,,,0.09139008820056915,,0.7186146974563599,,,,,,,,,,,1.0,1.0,,,,,478,,,,0.0,,0.0,,0.0
,,,0.0329861119389534,,0.6796875,,,,,,,,,,,1.0,1.0,,,,,479,,,,0.0,,0.0,,0.0
,,,0.02421874925494194,,0.6875,,,,,,,,,,,1.0,1.0,,,,,480,,,,0.0,,0.0,,0.0
,,,0.07611457258462906,,0.7722291350364685,,,,,,,,,,,1.0,1.0,,,,,481,,,,0.0,,0.0,,0.0
,,,0.04531250149011612,,0.7734375,,,,,,,,,,,1.0,1.0,,,,,482,,,,0.0,,0.0,,0.0
,,,0.04062499850988388,,0.7421875,,,,,,,,,,,1.0,1.0,,,,,483,,,,0.0,,0.0,,0.0
,,,0.10522168129682541,,0.8857142925262451,,,,,,,,,,,1.0,1.0,,,,,484,,,,0.0,,0.0,,0.0
,,,0.0869140625,,0.9453125,,,,,,,,,,,1.0,1.0,,,,,485,,,,0.0,,0.0,,0.0
,,,0.0798611119389534,,0.9375,,,,,,,,,,,1.0,1.0,,,,,486,,,,0.0,,0.0,,0.0
,,,0.1496540904045105,,0.8817610144615173,,,,,,,,,,,1.0,1.0,,,,,487,,,,0.0,,0.0,,0.0
,,,0.0538194440305233,,0.8515625,,,,,,,,,,,1.0,1.0,,,,,488,,,,0.0,,0.0,,0.0
,,,0.03984374925494194,,0.796875,,,,,,,,,,,1.0,1.0,,,,,489,,,,0.0,,0.0,,0.0
,,,0.099521204829216,,0.8419972658157349,,,,,,,,,,,1.0,1.0,,,,,490,,,,0.0,,0.0,,0.0
,,,0.0425347238779068,,0.796875,,,,,,,,,,,1.0,1.0,,,,,491,,,,0.0,,0.0,,0.0
,,,0.03750000149011612,,0.75,,,,,,,,,,,1.0,1.0,,,,,492,,,,0.0,,0.0,,0.0
,,,0.08210180699825287,,0.86231529712677,,,,,,,,,,,1.0,1.0,,,,,493,,,,0.0,,0.0,,0.0
,,,0.0478515625,,0.890625,,,,,,,,,,,1.0,1.0,,,,,494,,,,0.0,,0.0,,0.0
,,,0.0364583320915699,,0.828125,,,,,,,,,,,1.0,1.0,,,,,495,,,,0.0,,0.0,,0.0
,,,0.0846586674451828,,0.906043529510498,,,,,,,,,,,1.0,1.0,,,,,496,,,,0.0,,0.0,,0.0
,,,0.0451388880610466,,0.9609375,,,,,,,,,,,1.0,1.0,,,,,497,,,,0.0,,0.0,,0.0
,,,0.0347222238779068,,0.9296875,,,,,,,,,,,1.0,1.0,,,,,498,,,,0.0,,0.0,,0.0
,,,0.07328449189662933,,0.9302808046340942,,,,,,,,,,,1.0,1.0,,,,,499,,,,0.0,,0.0,,0.0
,,,0.0416666679084301,,0.8984375,,,,,,,,,,,1.0,1.0,,,,,500,,,,0.0,,0.0,,0.0
,,,0.0416666679084301,,0.9375,,,,,,,,,,,1.0,1.0,,,,,501,,,,0.0,,0.0,,0.0
,,,0.09159091114997864,,0.8602272868156433,,,,,,,,,,,1.0,1.0,,,,,502,,,,0.0,,0.0,,0.0
,,,0.0529513880610466,,0.703125,,,,,,,,,,,1.0,1.0,,,,,503,,,,0.0,,0.0,,0.0
,,,0.03984374925494194,,0.671875,,,,,,,,,,,1.0,1.0,,,,,504,,,,0.0,,0.0,,0.0
,,,0.07140175253152847,,0.8135168552398682,,,,,,,,,,,1.0,1.0,,,,,505,,,,0.0,,0.0,,0.0
,,,0.02864583395421505,,0.8828125,,,,,,,,,,,1.0,1.0,,,,,506,,,,0.0,,0.0,,0.0
,,,0.0329861119389534,,0.8828125,,,,,,,,,,,1.0,1.0,,,,,507,,,,0.0,,0.0,,0.0
,,,0.0399305559694767,,0.8671875,,,,,,,,,,,1.0,1.0,,,,,508,,,,0.0,,0.0,,0.0
,,,0.03499562665820122,,0.8188976049423218,,,,,,,,,,,1.0,1.0,,,,,509,,,,0.0,,0.0,,0.0
,,,0.0321180559694767,,0.6328125,,,,,,,,,,,1.0,1.0,,,,,510,,,,0.0,,0.0,,0.0
,,,0.02656250074505806,,0.6875,,,,,,,,,,,1.0,1.0,,,,,511,,,,0.0,,0.0,,0.0
,,,0.06063218414783478,,0.7126436829566956,,,,,,,,,,,1.0,1.0,,,,,512,,,,0.0,,0.0,,0.0
,,,0.03984374925494194,,0.75,,,,,,,,,,,1.0,1.0,,,,,513,,,,0.0,,0.0,,0.0
,,,0.0390625,,0.765625,,,,,,,,,,,1.0,1.0,,,,,514,,,,0.0,,0.0,,0.0
,,,0.11719837784767151,,0.8975064158439636,,,,,,,,,,,1.0,1.0,,,,,515,,,,0.0,,0.0,,0.0
,,,0.0824652761220932,,0.953125,,,,,,,,,,,1.0,1.0,,,,,516,,,,0.0,,0.0,,0.0
,,,0.0789930522441864,,0.921875,,,,,,,,,,,1.0,1.0,,,,,517,,,,0.0,,0.0,,0.0
,,,0.13310185074806213,,0.859375,,,,,,,,,,,1.0,1.0,,,,,518,,,,0.0,,0.0,,0.0
,,,0.0503472238779068,,0.8203125,,,,,,,,,,,1.0,1.0,,,,,519,,,,0.0,,0.0,,0.0
,,,0.0546875,,0.8359375,,,,,,,,,,,1.0,1.0,,,,,520,,,,0.0,,0.0,,0.0
,,,0.09302325546741486,,0.8001107573509216,,,,,,,,,,,1.0,1.0,,,,,521,,,,0.0,,0.0,,0.0
,,,0.0399305559694767,,0.765625,,,,,,,,,,,1.0,1.0,,,,,522,,,,0.0,,0.0,,0.0
,,,0.0381944440305233,,0.7890625,,,,,,,,,,,1.0,1.0,,,,,523,,,,0.0,,0.0,,0.0
,,,0.08377581089735031,,0.9023598432540894,,,,,,,,,,,1.0,1.0,,,,,524,,,,0.0,,0.0,,0.0
,,,0.0486111119389534,,0.8515625,,,,,,,,,,,1.0,1.0,,,,,525,,,,0.0,,0.0,,0.0
,,,0.0407986119389534,,0.859375,,,,,,,,,,,1.0,1.0,,,,,526,,,,0.0,,0.0,,0.0
,,,0.07654321193695068,,0.9404040575027466,,,,,,,,,,,1.0,1.0,,,,,527,,,,0.0,,0.0,,0.0
,,,0.0407986119389534,,0.9375,,,,,,,,,,,1.0,1.0,,,,,528,,,,0.0,,0.0,,0.0
,,,0.0347222238779068,,0.9609375,,,,,,,,,,,1.0,1.0,,,,,529,,,,0.0,,0.0,,0.0
,,,0.07351852208375931,,0.9333333373069763,,,,,,,,,,,1.0,1.0,,,,,530,,,,0.0,,0.0,,0.0
,,,0.0373263880610466,,0.90625,,,,,,,,,,,1.0,1.0,,,,,531,,,,0.0,,0.0,,0.0
,,,0.03828125074505806,,0.921875,,,,,,,,,,,1.0,1.0,,,,,532,,,,0.0,,0.0,,0.0
,,,0.1051405668258667,,0.8522088527679443,,,,,,,,,,,1.0,1.0,,,,,533,,,,0.0,,0.0,,0.0
,,,0.04374999925494194,,0.71875,,,,,,,,,,,1.0,1.0,,,,,534,,,,0.0,,0.0,,0.0
,,,0.04374999925494194,,0.671875,,,,,,,,,,,1.0,1.0,,,,,535,,,,0.0,,0.0,,0.0
,,,0.06582633405923843,,0.8041762113571167,,,,,,,,,,,1.0,1.0,,,,,536,,,,0.0,,0.0,,0.0
,,,0.0295138880610466,,0.84375,,,,,,,,,,,1.0,1.0,,,,,537,,,,0.0,,0.0,,0.0
,,,0.0321180559694767,,0.890625,,,,,,,,,,,1.0,1.0,,,,,538,,,,0.0,,0.0,,0.0
,,,0.08490218222141266,,0.7577519416809082,,,,,,,,,,,1.0,1.0,,,,,539,,,,0.0,,0.0,,0.0
,,,0.0321180559694767,,0.640625,,,,,,,,,,,1.0,1.0,,,,,540,,,,0.0,,0.0,,0.0
,,,0.0251736119389534,,0.6484375,,,,,,,,,,,1.0,1.0,,,,,541,,,,0.0,,0.0,,0.0
,,,0.07416029274463654,,0.7808446884155273,,,,,,,,,,,1.0,1.0,,,,,542,,,,0.0,,0.0,,0.0
,,,0.04453124850988388,,0.75,,,,,,,,,,,1.0,1.0,,,,,543,,,,0.0,,0.0,,0.0
,,,0.0390625,,0.7421875,,,,,,,,,,,1.0,1.0,,,,,544,,,,0.0,,0.0,,0.0
,,,0.12232142686843872,,0.8839285373687744,,,,,,,,,,,1.0,1.0,,,,,545,,,,0.0,,0.0,,0.0
,,,0.0746527761220932,,0.9609375,,,,,,,,,,,1.0,1.0,,,,,546,,,,0.0,,0.0,,0.0
,,,0.0807291641831398,,0.953125,,,,,,,,,,,1.0,1.0,,,,,547,,,,0.0,,0.0,,0.0
,,,0.17035742104053497,,0.8209013342857361,,,,,,,,,,,1.0,1.0,,,,,548,,,,0.0,,0.0,,0.0
,,,0.0520833320915699,,0.8515625,,,,,,,,,,,1.0,1.0,,,,,549,,,,0.0,,0.0,,0.0
,,,0.0503472238779068,,0.8046875,,,,,,,,,,,1.0,1.0,,,,,550,,,,0.0,,0.0,,0.0
,,,0.05708661302924156,,0.834645688533783,,,,,,,,,,,1.0,1.0,,,,,551,,,,0.0,,0.0,,0.0
5,0.35970717668533325,0.4107027053833008,,0.831321120262146,,,,,,,,,,,,,,200.28651428222656,297234.40625,5.29974889755249,476.3684997558594,1325,,,0.0,,0.0,,0.0,
5,,,,,,1.404946208000183,,-17.63431167602539,,6.659378528594971,,,,,,,,,,,,1325,2.270280599594116,,,,,,,
,,,,,,,,,,,,,,0.0002457212669683259,0.03,,,,,,,1349,,,,,,,,
6,,,,,,,1.418849229812622,,-17.643529891967773,,7.6328125,0.0002459004463162273,0.029999999329447746,,,1.0,1.0,,,,,1349,,2.520487070083618,,,,,,
,,,,,,,,,,,,,,0.00025468054298642554,0.03,,,,,,,1399,,,,,,,,
6,,,,,,,1.425771713256836,,-17.621305465698242,,7.734375,0.00025485974038019776,0.029999999329447746,,,1.0,1.0,,,,,1399,,2.261986017227173,,,,,,
,,,,,,,,,,,,,,0.00026363981900452514,0.03,,,,,,,1449,,,,,,,,
6,,,,,,,1.4407806396484375,,-17.641305923461914,,8.4375,0.00026381900534033775,0.029999999329447746,,,1.0,1.0,,,,,1449,,2.0590481758117676,,,,,,
,,,,,,,,,,,,,,0.00027259909502262486,0.03,,,,,,,1499,,,,,,,,
6,,,,,,,1.4456794261932373,,-17.643531799316406,,8.7578125,0.00027277827030047774,0.029999999329447746,,,1.0,1.0,,,,,1499,,2.10067081451416,,,,,,
,,,0.0451388880610466,,0.8125,,,,,,,,,,,1.0,1.0,,,,,552,,,,0.0,,0.0,,0.0
,,,0.03515625,,0.765625,,,,,,,,,,,1.0,1.0,,,,,553,,,,0.0,,0.0,,0.0
,,,0.10793301463127136,,0.8540520668029785,,,,,,,,,,,1.0,1.0,,,,,554,,,,0.0,,0.0,,0.0
,,,0.0494791679084301,,0.9296875,,,,,,,,,,,1.0,1.0,,,,,555,,,,0.0,,0.0,,0.0
,,,0.04140625149011612,,0.953125,,,,,,,,,,,1.0,1.0,,,,,556,,,,0.0,,0.0,,0.0
,,,0.06766381859779358,,0.8894230723381042,,,,,,,,,,,1.0,1.0,,,,,557,,,,0.0,,0.0,,0.0
,,,0.01128472201526165,,0.921875,,,,,,,,,,,1.0,1.0,,,,,558,,,,0.0,,0.0,,0.0
,,,0.010937499813735485,,0.8828125,,,,,,,,,,,1.0,1.0,,,,,559,,,,0.0,,0.0,,0.0
,,,0.07950257509946823,,0.9292452931404114,,,,,,,,,,,1.0,1.0,,,,,560,,,,0.0,,0.0,,0.0
,,,0.06796874850988388,,0.9140625,,,,,,,,,,,1.0,1.0,,,,,561,,,,0.0,,0.0,,0.0
,,,0.0789930522441864,,0.984375,,,,,,,,,,,1.0,1.0,,,,,562,,,,0.0,,0.0,,0.0
,,,0.0842013880610466,,0.96875,,,,,,,,,,,1.0,1.0,,,,,563,,,,0.0,,0.0,,0.0
,,,0.12906667590141296,,0.9240000247955322,,,,,,,,,,,1.0,1.0,,,,,564,,,,0.0,,0.0,,0.0
,,,0.06093750149011612,,0.796875,,,,,,,,,,,1.0,1.0,,,,,565,,,,0.0,,0.0,,0.0
,,,0.0546875,,0.796875,,,,,,,,,,,1.0,1.0,,,,,566,,,,0.0,,0.0,,0.0
,,,0.09691877663135529,,0.8132586479187012,,,,,,,,,,,1.0,1.0,,,,,567,,,,0.0,,0.0,,0.0
,,,0.0338541679084301,,0.875,,,,,,,,,,,1.0,1.0,,,,,568,,,,0.0,,0.0,,0.0
,,,0.0373263880610466,,0.875,,,,,,,,,,,1.0,1.0,,,,,569,,,,0.0,,0.0,,0.0
,,,0.07456710189580917,,0.8787878751754761,,,,,,,,,,,1.0,1.0,,,,,570,,,,0.0,,0.0,,0.0
,,,0.0595703125,,0.921875,,,,,,,,,,,1.0,1.0,,,,,571,,,,0.0,,0.0,,0.0
,,,0.03671874850988388,,0.9296875,,,,,,,,,,,1.0,1.0,,,,,572,,,,0.0,,0.0,,0.0
,,,0.0737733542919159,,0.7879202961921692,,,,,,,,,,,1.0,1.0,,,,,573,,,,0.0,,0.0,,0.0
,,,0.03281249850988388,,0.703125,,,,,,,,,,,1.0,1.0,,,,,574,,,,0.0,,0.0,,0.0
,,,0.0338541679084301,,0.671875,,,,,,,,,,,1.0,1.0,,,,,575,,,,0.0,,0.0,,0.0
,,,0.05561576038599014,,0.7221674919128418,,,,,,,,,,,1.0,1.0,,,,,576,,,,0.0,,0.0,,0.0
,,,0.03828125074505806,,0.7890625,,,,,,,,,,,1.0,1.0,,,,,577,,,,0.0,,0.0,,0.0
,,,0.03203124925494194,,0.7890625,,,,,,,,,,,1.0,1.0,,,,,578,,,,0.0,,0.0,,0.0
,,,0.08156533539295197,,0.8017610311508179,,,,,,,,,,,1.0,1.0,,,,,579,,,,0.0,,0.0,,0.0
,,,0.0564236119389534,,0.8671875,,,,,,,,,,,1.0,1.0,,,,,580,,,,0.0,,0.0,,0.0
,,,0.0381944440305233,,0.859375,,,,,,,,,,,1.0,1.0,,,,,581,,,,0.0,,0.0,,0.0
,,,0.08775649964809418,,0.8712722063064575,,,,,,,,,,,1.0,1.0,,,,,582,,,,0.0,,0.0,,0.0
,,,0.03984374925494194,,0.765625,,,,,,,,,,,1.0,1.0,,,,,583,,,,0.0,,0.0,,0.0
,,,0.0373263880610466,,0.765625,,,,,,,,,,,1.0,1.0,,,,,584,,,,0.0,,0.0,,0.0
,,,0.08192117512226105,,0.860837459564209,,,,,,,,,,,1.0,1.0,,,,,585,,,,0.0,,0.0,,0.0
,,,0.046875,,0.9296875,,,,,,,,,,,1.0,1.0,,,,,586,,,,0.0,,0.0,,0.0
,,,0.03359375149011612,,0.890625,,,,,,,,,,,1.0,1.0,,,,,587,,,,0.0,,0.0,,0.0
,,,0.066579669713974,,0.9231710433959961,,,,,,,,,,,1.0,1.0,,,,,588,,,,0.0,,0.0,,0.0
,,,0.013020833022892475,,0.9140625,,,,,,,,,,,1.0,1.0,,,,,589,,,,0.0,,0.0,,0.0
,,,0.007031249813735485,,0.84375,,,,,,,,,,,1.0,1.0,,,,,590,,,,0.0,,0.0,,0.0
,,,0.08048839867115021,,0.8819291591644287,,,,,,,,,,,1.0,1.0,,,,,591,,,,0.0,,0.0,,0.0
,,,0.06953124701976776,,0.9375,,,,,,,,,,,1.0,1.0,,,,,592,,,,0.0,,0.0,,0.0
,,,0.091796875,,0.96875,,,,,,,,,,,1.0,1.0,,,,,593,,,,0.0,,0.0,,0.0
,,,0.13363635540008545,,0.9261363744735718,,,,,,,,,,,1.0,1.0,,,,,594,,,,0.0,,0.0,,0.0
,,,0.0694444477558136,,0.8125,,,,,,,,,,,1.0,1.0,,,,,595,,,,0.0,,0.0,,0.0
,,,0.0546875,,0.7890625,,,,,,,,,,,1.0,1.0,,,,,596,,,,0.0,,0.0,,0.0
,,,0.09887359291315079,,0.8760951161384583,,,,,,,,,,,1.0,1.0,,,,,597,,,,0.0,,0.0,,0.0
,,,0.0303819440305233,,0.859375,,,,,,,,,,,1.0,1.0,,,,,598,,,,0.0,,0.0,,0.0
,,,0.0364583320915699,,0.90625,,,,,,,,,,,1.0,1.0,,,,,599,,,,0.0,,0.0,,0.0
,,,0.0439453125,,0.859375,,,,,,,,,,,1.0,1.0,,,,,600,,,,0.0,,0.0,,0.0
,,,0.04173228517174721,,0.9566929340362549,,,,,,,,,,,1.0,1.0,,,,,601,,,,0.0,,0.0,,0.0
,,,0.0460069440305233,,0.8984375,,,,,,,,,,,1.0,1.0,,,,,602,,,,0.0,,0.0,,0.0
,,,0.03984374925494194,,0.890625,,,,,,,,,,,1.0,1.0,,,,,603,,,,0.0,,0.0,,0.0
,,,0.07356321811676025,,0.7988505959510803,,,,,,,,,,,1.0,1.0,,,,,604,,,,0.0,,0.0,,0.0
,,,0.03046875074505806,,0.6640625,,,,,,,,,,,1.0,1.0,,,,,605,,,,0.0,,0.0,,0.0
,,,0.02734375,,0.703125,,,,,,,,,,,1.0,1.0,,,,,606,,,,0.0,,0.0,,0.0
,,,0.06453979015350342,,0.7194719314575195,,,,,,,,,,,1.0,1.0,,,,,607,,,,0.0,,0.0,,0.0
,,,0.03828125074505806,,0.8203125,,,,,,,,,,,1.0,1.0,,,,,608,,,,0.0,,0.0,,0.0
,,,0.03203124925494194,,0.78125,,,,,,,,,,,1.0,1.0,,,,,609,,,,0.0,,0.0,,0.0
,,,0.10185185074806213,,0.7760416269302368,,,,,,,,,,,1.0,1.0,,,,,610,,,,0.0,,0.0,,0.0
,,,0.0494791679084301,,0.8359375,,,,,,,,,,,1.0,1.0,,,,,611,,,,0.0,,0.0,,0.0
,,,0.0373263880610466,,0.875,,,,,,,,,,,1.0,1.0,,,,,612,,,,0.0,,0.0,,0.0
,,,0.08672480285167694,,0.8471760749816895,,,,,,,,,,,1.0,1.0,,,,,613,,,,0.0,,0.0,,0.0
,,,0.03281249850988388,,0.71875,,,,,,,,,,,1.0,1.0,,,,,614,,,,0.0,,0.0,,0.0
,,,0.0458984375,,0.8125,,,,,,,,,,,1.0,1.0,,,,,615,,,,0.0,,0.0,,0.0
,,,0.09904949367046356,,0.8601770401000977,,,,,,,,,,,1.0,1.0,,,,,616,,,,0.0,,0.0,,0.0
,,,0.0494791679084301,,0.9375,,,,,,,,,,,1.0,1.0,,,,,617,,,,0.0,,0.0,,0.0
,,,0.04062499850988388,,0.9140625,,,,,,,,,,,1.0,1.0,,,,,618,,,,0.0,,0.0,,0.0
,,,0.05634118989109993,,0.9267677068710327,,,,,,,,,,,1.0,1.0,,,,,619,,,,0.0,,0.0,,0.0
,,,0.0078125,,0.8828125,,,,,,,,,,,1.0,1.0,,,,,620,,,,0.0,,0.0,,0.0
,,,0.010937499813735485,,0.8203125,,,,,,,,,,,1.0,1.0,,,,,621,,,,0.0,,0.0,,0.0
,,,0.072592593729496,,0.9175925850868225,,,,,,,,,,,1.0,1.0,,,,,622,,,,0.0,,0.0,,0.0
,,,0.0888671875,,0.9609375,,,,,,,,,,,1.0,1.0,,,,,623,,,,0.0,,0.0,,0.0
,,,0.0842013880610466,,0.96875,,,,,,,,,,,1.0,1.0,,,,,624,,,,0.0,,0.0,,0.0
,,,0.13941097259521484,,0.9337349534034729,,,,,,,,,,,1.0,1.0,,,,,625,,,,0.0,,0.0,,0.0
,,,0.06015624850988388,,0.8125,,,,,,,,,,,1.0,1.0,,,,,626,,,,0.0,,0.0,,0.0
,,,0.05937499925494194,,0.7890625,,,,,,,,,,,1.0,1.0,,,,,627,,,,0.0,,0.0,,0.0
,,,0.08670741319656372,,0.8598166704177856,,,,,,,,,,,1.0,1.0,,,,,628,,,,0.0,,0.0,,0.0
,,,0.0347222238779068,,0.8515625,,,,,,,,,,,1.0,1.0,,,,,629,,,,0.0,,0.0,,0.0
,,,0.0355902761220932,,0.8984375,,,,,,,,,,,1.0,1.0,,,,,630,,,,0.0,,0.0,,0.0
,,,0.07535991072654724,,0.870708703994751,,,,,,,,,,,1.0,1.0,,,,,631,,,,0.0,,0.0,,0.0
,,,0.0460069440305233,,0.921875,,,,,,,,,,,1.0,1.0,,,,,632,,,,0.0,,0.0,,0.0
,,,0.03359375149011612,,0.890625,,,,,,,,,,,1.0,1.0,,,,,633,,,,0.0,,0.0,,0.0
,,,0.08303957432508469,,0.8355503678321838,,,,,,,,,,,1.0,1.0,,,,,634,,,,0.0,,0.0,,0.0
,,,0.02968749962747097,,0.703125,,,,,,,,,,,1.0,1.0,,,,,635,,,,0.0,,0.0,,0.0
,,,0.02890625037252903,,0.6484375,,,,,,,,,,,1.0,1.0,,,,,636,,,,0.0,,0.0,,0.0
,,,0.0758928582072258,,0.7410714626312256,,,,,,,,,,,1.0,1.0,,,,,637,,,,0.0,,0.0,,0.0
,,,0.03515625,,0.7421875,,,,,,,,,,,1.0,1.0,,,,,638,,,,0.0,,0.0,,0.0
,,,0.04140625149011612,,0.8359375,,,,,,,,,,,1.0,1.0,,,,,639,,,,0.0,,0.0,,0.0
,,,0.06060606241226196,,0.7397047281265259,,,,,,,,,,,1.0,1.0,,,,,640,,,,0.0,,0.0,,0.0
,,,0.0494791679084301,,0.875,,,,,,,,,,,1.0,1.0,,,,,641,,,,0.0,,0.0,,0.0
,,,0.0416666679084301,,0.8125,,,,,,,,,,,1.0,1.0,,,,,642,,,,0.0,,0.0,,0.0
,,,0.051743533462285995,,0.8818897604942322,,,,,,,,,,,1.0,1.0,,,,,643,,,,0.0,,0.0,,0.0
6,0.3728844225406647,0.4003477096557617,,0.8461608290672302,,,,,,,,,,,,,,201.7061309814453,93526.6953125,5.306811809539795,486.8271179199219,1546,,,0.0,,0.0,,0.0,
6,,,,,,1.4283008575439453,,-17.634790420532227,,8.063030242919922,,,,,,,,,,,,1546,2.1898369789123535,,,,,,,
,,,,,,,,,,,,,,0.0002815583710407244,0.03,,,,,,,1549,,,,,,,,
7,,,,,,,1.4330836534500122,,-17.63350486755371,,8.7265625,0.0002817375643644482,0.029999999329447746,,,1.0,1.0,,,,,1549,,2.095116138458252,,,,,,
,,,,,,,,,,,,,,0.000290517647058824,0.03,,,,,,,1599,,,,,,,,
7,,,,,,,1.4467720985412598,,-17.635269165039062,,9.390625,0.0002906968293245882,0.029999999329447746,,,1.0,1.0,,,,,1599,,2.412071943283081,,,,,,
,,,,,,,,,,,,,,0.00029947692307692383,0.03,,,,,,,1649,,,,,,,,
7,,,,,,,1.4486587047576904,,-17.613140106201172,,9.2421875,0.00029965609428472817,0.029999999329447746,,,1.0,1.0,,,,,1649,,2.3717963695526123,,,,,,
,,,,,,,,,,,,,,0.0003084361990950235,0.03,,,,,,,1699,,,,,,,,
7,,,,,,,1.4510524272918701,,-17.612085342407227,,9.8828125,0.0003086153883486986,0.029999999329447746,,,1.0,1.0,,,,,1699,,2.1761608123779297,,,,,,
,,,,,,,,,,,,,,0.0003173954751131231,0.03,,,,,,,1749,,,,,,,,
7,,,,,,,1.4456486701965332,,-17.621318817138672,,10.3359375,0.0003175746533088386,0.029999999329447746,,,1.0,1.0,,,,,1749,,2.567819118499756,,,,,,
,,,0.0564236119389534,,0.9296875,,,,,,,,,,,1.0,1.0,,,,,644,,,,0.0,,0.0,,0.0
,,,0.0634765625,,0.9140625,,,,,,,,,,,1.0,1.0,,,,,645,,,,0.0,,0.0,,0.0
,,,0.08491219580173492,,0.90117347240448,,,,,,,,,,,1.0,1.0,,,,,646,,,,0.0,,0.0,,0.0
,,,0.0355902761220932,,0.8359375,,,,,,,,,,,1.0,1.0,,,,,647,,,,0.0,,0.0,,0.0
,,,0.0234375,,0.71875,,,,,,,,,,,1.0,1.0,,,,,648,,,,0.0,,0.0,,0.0
,,,0.026923079043626785,,0.6282051205635071,,,,,,,,,,,1.0,1.0,,,,,649,,,,0.0,,0.0,,0.0
,,,0.0008680555620230734,,0.3828125,,,,,,,,,,,1.0,1.0,,,,,650,,,,0.0,,0.0,,0.0
,,,0.0,,0.328125,,,,,,,,,,,1.0,1.0,,,,,651,,,,0.0,,0.0,,0.0
,,,0.03181818127632141,,0.5960549116134644,,,,,,,,,,,1.0,1.0,,,,,652,,,,0.0,,0.0,,0.0
,,,0.0580357126891613,,0.921875,,,,,,,,,,,1.0,1.0,,,,,653,,,,0.0,,0.0,,0.0
,,,0.0407986119389534,,0.9375,,,,,,,,,,,1.0,1.0,,,,,654,,,,0.0,,0.0,,0.0
,,,0.0546875,,0.9140625,,,,,,,,,,,1.0,1.0,,,,,655,,,,0.0,,0.0,,0.0
,,,0.18895238637924194,,0.7853333353996277,,,,,,,,,,,1.0,1.0,,,,,656,,,,0.0,,0.0,,0.0
,,,0.083984375,,0.8671875,,,,,,,,,,,1.0,1.0,,,,,657,,,,0.0,,0.0,,0.0
,,,0.0711805522441864,,0.859375,,,,,,,,,,,1.0,1.0,,,,,658,,,,0.0,,0.0,,0.0
,,,0.10582010447978973,,0.9411764740943909,,,,,,,,,,,1.0,1.0,,,,,659,,,,0.0,,0.0,,0.0
,,,0.03125,,0.9375,,,,,,,,,,,1.0,1.0,,,,,660,,,,0.0,,0.0,,0.0
,,,0.0347222238779068,,0.8828125,,,,,,,,,,,1.0,1.0,,,,,661,,,,0.0,,0.0,,0.0
,,,0.07443482428789139,,0.9247835874557495,,,,,,,,,,,1.0,1.0,,,,,662,,,,0.0,,0.0,,0.0
,,,0.0295138880610466,,0.953125,,,,,,,,,,,1.0,1.0,,,,,663,,,,0.0,,0.0,,0.0
,,,0.0251736119389534,,0.921875,,,,,,,,,,,1.0,1.0,,,,,664,,,,0.0,,0.0,,0.0
,,,0.09168395400047302,,0.9498132467269897,,,,,,,,,,,1.0,1.0,,,,,665,,,,0.0,,0.0,,0.0
,,,0.0659722238779068,,0.9375,,,,,,,,,,,1.0,1.0,,,,,666,,,,0.0,,0.0,,0.0
,,,0.072265625,,0.90625,,,,,,,,,,,1.0,1.0,,,,,667,,,,0.0,,0.0,,0.0
,,,0.08549534529447556,,0.7832512259483337,,,,,,,,,,,1.0,1.0,,,,,668,,,,0.0,,0.0,,0.0
,,,0.015625,,0.6640625,,,,,,,,,,,1.0,1.0,,,,,669,,,,0.0,,0.0,,0.0
,,,0.01909722201526165,,0.65625,,,,,,,,,,,1.0,1.0,,,,,670,,,,0.0,,0.0,,0.0
,,,0.10546471178531647,,0.8077987432479858,,,,,,,,,,,1.0,1.0,,,,,671,,,,0.0,,0.0,,0.0
,,,0.1419270783662796,,0.9921875,,,,,,,,,,,1.0,1.0,,,,,672,,,,0.0,,0.0,,0.0
,,,0.0908203125,,0.96875,,,,,,,,,,,1.0,1.0,,,,,673,,,,0.0,,0.0,,0.0
,,,0.15666894614696503,,0.9592339396476746,,,,,,,,,,,1.0,1.0,,,,,674,,,,0.0,,0.0,,0.0
,,,0.0564236119389534,,0.9296875,,,,,,,,,,,1.0,1.0,,,,,675,,,,0.0,,0.0,,0.0
,,,0.0538194440305233,,0.921875,,,,,,,,,,,1.0,1.0,,,,,676,,,,0.0,,0.0,,0.0
,,,0.08604268729686737,,0.8940886855125427,,,,,,,,,,,1.0,1.0,,,,,677,,,,0.0,,0.0,,0.0
,,,0.02604166604578495,,0.7890625,,,,,,,,,,,1.0,1.0,,,,,678,,,,0.0,,0.0,,0.0
,,,0.02083333395421505,,0.75,,,,,,,,,,,1.0,1.0,,,,,679,,,,0.0,,0.0,,0.0
,,,0.032786887139081955,,0.6120626330375671,,,,,,,,,,,1.0,1.0,,,,,680,,,,0.0,,0.0,,0.0
,,,0.0017361111240461469,,0.359375,,,,,,,,,,,1.0,1.0,,,,,681,,,,0.0,,0.0,,0.0
,,,0.0,,0.3046875,,,,,,,,,,,1.0,1.0,,,,,682,,,,0.0,,0.0,,0.0
,,,0.02905983105301857,,0.6123321056365967,,,,,,,,,,,1.0,1.0,,,,,683,,,,0.0,,0.0,,0.0
,,,0.0503472238779068,,0.9375,,,,,,,,,,,1.0,1.0,,,,,684,,,,0.0,,0.0,,0.0
,,,0.05078125,,0.9140625,,,,,,,,,,,1.0,1.0,,,,,685,,,,0.0,,0.0,,0.0
,,,0.1143939346075058,,0.9170454740524292,,,,,,,,,,,1.0,1.0,,,,,686,,,,0.0,,0.0,,0.0
,,,0.087890625,,0.890625,,,,,,,,,,,1.0,1.0,,,,,687,,,,0.0,,0.0,,0.0
,,,0.0711805522441864,,0.8671875,,,,,,,,,,,1.0,1.0,,,,,688,,,,0.0,,0.0,,0.0
,,,0.12054130434989929,,0.8973717093467712,,,,,,,,,,,1.0,1.0,,,,,689,,,,0.0,,0.0,,0.0
,,,0.041015625,,0.890625,,,,,,,,,,,1.0,1.0,,,,,690,,,,0.0,,0.0,,0.0
,,,0.02890625037252903,,0.8984375,,,,,,,,,,,1.0,1.0,,,,,691,,,,0.0,,0.0,,0.0
,,,0.0373263880610466,,0.8828125,,,,,,,,,,,1.0,1.0,,,,,692,,,,0.0,,0.0,,0.0
,,,0.0297462809830904,,0.9566929340362549,,,,,,,,,,,1.0,1.0,,,,,693,,,,0.0,,0.0,,0.0
,,,0.02604166604578495,,0.9453125,,,,,,,,,,,1.0,1.0,,,,,694,,,,0.0,,0.0,,0.0
,,,0.0251736119389534,,0.921875,,,,,,,,,,,1.0,1.0,,,,,695,,,,0.0,,0.0,,0.0
,,,0.07886335253715515,,0.9698275923728943,,,,,,,,,,,1.0,1.0,,,,,696,,,,0.0,,0.0,,0.0
,,,0.0712890625,,0.8984375,,,,,,,,,,,1.0,1.0,,,,,697,,,,0.0,,0.0,,0.0
,,,0.076171875,,0.9296875,,,,,,,,,,,1.0,1.0,,,,,698,,,,0.0,,0.0,,0.0
,,,0.08564560115337372,,0.8280161619186401,,,,,,,,,,,1.0,1.0,,,,,699,,,,0.0,,0.0,,0.0
,,,0.01875000074505806,,0.671875,,,,,,,,,,,1.0,1.0,,,,,700,,,,0.0,,0.0,,0.0
,,,0.0185546875,,0.6328125,,,,,,,,,,,1.0,1.0,,,,,701,,,,0.0,,0.0,,0.0
,,,0.100694440305233,,0.8020833730697632,,,,,,,,,,,1.0,1.0,,,,,702,,,,0.0,,0.0,,0.0
,,,0.1160714253783226,,0.984375,,,,,,,,,,,1.0,1.0,,,,,703,,,,0.0,,0.0,,0.0
,,,0.0927734375,,0.984375,,,,,,,,,,,1.0,1.0,,,,,704,,,,0.0,,0.0,,0.0
,,,0.15912237763404846,,0.9534883499145508,,,,,,,,,,,1.0,1.0,,,,,705,,,,0.0,,0.0,,0.0
,,,0.0503472238779068,,0.8984375,,,,,,,,,,,1.0,1.0,,,,,706,,,,0.0,,0.0,,0.0
,,,0.0572916679084301,,0.953125,,,,,,,,,,,1.0,1.0,,,,,707,,,,0.0,,0.0,,0.0
,,,0.08875778317451477,,0.858112096786499,,,,,,,,,,,1.0,1.0,,,,,708,,,,0.0,,0.0,,0.0
,,,0.0243055559694767,,0.7265625,,,,,,,,,,,1.0,1.0,,,,,709,,,,0.0,,0.0,,0.0
,,,0.0243055559694767,,0.8125,,,,,,,,,,,1.0,1.0,,,,,710,,,,0.0,,0.0,,0.0
,,,0.03187429904937744,,0.5196969509124756,,,,,,,,,,,1.0,1.0,,,,,711,,,,0.0,,0.0,,0.0
,,,0.0007812500116415322,,0.3359375,,,,,,,,,,,1.0,1.0,,,,,712,,,,0.0,,0.0,,0.0
,,,0.0,,0.2890625,,,,,,,,,,,1.0,1.0,,,,,713,,,,0.0,,0.0,,0.0
,,,0.0451388880610466,,0.6037037372589111,,,,,,,,,,,1.0,1.0,,,,,714,,,,0.0,,0.0,,0.0
,,,0.0460069440305233,,0.9453125,,,,,,,,,,,1.0,1.0,,,,,715,,,,0.0,,0.0,,0.0
,,,0.0478515625,,0.8984375,,,,,,,,,,,1.0,1.0,,,,,716,,,,0.0,,0.0,,0.0
,,,0.1409303843975067,,0.9295849800109863,,,,,,,,,,,1.0,1.0,,,,,717,,,,0.0,,0.0,,0.0
,,,0.087890625,,0.8984375,,,,,,,,,,,1.0,1.0,,,,,718,,,,0.0,,0.0,,0.0
,,,0.0729166641831398,,0.875,,,,,,,,,,,1.0,1.0,,,,,719,,,,0.0,,0.0,,0.0
,,,0.11984339356422424,,0.8860453367233276,,,,,,,,,,,1.0,1.0,,,,,720,,,,0.0,,0.0,,0.0
,,,0.0390625,,0.9140625,,,,,,,,,,,1.0,1.0,,,,,721,,,,0.0,,0.0,,0.0
,,,0.03046875074505806,,0.9140625,,,,,,,,,,,1.0,1.0,,,,,722,,,,0.0,,0.0,,0.0
,,,0.06263074278831482,,0.8762458562850952,,,,,,,,,,,1.0,1.0,,,,,723,,,,0.0,,0.0,,0.0
,,,0.02777777798473835,,0.9453125,,,,,,,,,,,1.0,1.0,,,,,724,,,,0.0,,0.0,,0.0
,,,0.0217013880610466,,0.9609375,,,,,,,,,,,1.0,1.0,,,,,725,,,,0.0,,0.0,,0.0
,,,0.09917598962783813,,0.9484536051750183,,,,,,,,,,,1.0,1.0,,,,,726,,,,0.0,,0.0,,0.0
,,,0.0625,,0.9140625,,,,,,,,,,,1.0,1.0,,,,,727,,,,0.0,,0.0,,0.0
,,,0.0825892835855484,,0.90625,,,,,,,,,,,1.0,1.0,,,,,728,,,,0.0,,0.0,,0.0
,,,0.092261902987957,,0.8392857313156128,,,,,,,,,,,1.0,1.0,,,,,729,,,,0.0,,0.0,,0.0
,,,0.014843749813735485,,0.671875,,,,,,,,,,,1.0,1.0,,,,,730,,,,0.0,,0.0,,0.0
,,,0.02083333395421505,,0.671875,,,,,,,,,,,1.0,1.0,,,,,731,,,,0.0,,0.0,,0.0
,,,0.08685141801834106,,0.7167832255363464,,,,,,,,,,,1.0,1.0,,,,,732,,,,0.0,,0.0,,0.0
,,,0.1194196417927742,,0.9921875,,,,,,,,,,,1.0,1.0,,,,,733,,,,0.0,,0.0,,0.0
,,,0.0927734375,,0.96875,,,,,,,,,,,1.0,1.0,,,,,734,,,,0.0,,0.0,,0.0
,,,0.09448818862438202,,0.9921259880065918,,,,,,,,,,,1.0,1.0,,,,,735,,,,0.0,,0.0,,0.0
7,0.38544878363609314,0.38966166973114014,,0.8254925012588501,,,,,,,,,,,,,,202.12274169921875,216285.71875,5.30887508392334,490.4307861328125,1767,,,0.0,,0.0,,0.0,
7,,,,,,1.4453551769256592,,-17.623022079467773,,9.62401008605957,,,,,,,,,,,,1767,2.188035011291504,,,,,,,
,,,,,,,,,,,,,,0.000326354751131223,0.03,,,,,,,1799,,,,,,,,
8,,,,,,,1.4602514505386353,,-17.63198471069336,,10.6953125,0.00032653394737280905,0.029999999329447746,,,1.0,1.0,,,,,1799,,2.448438882827759,,,,,,
,,,,,,,,,,,,,,0.0003353140271493229,0.03,,,,,,,1849,,,,,,,,
8,,,,,,,1.4620945453643799,,-17.61772346496582,,10.6875,0.00033549321233294904,0.029999999329447746,,,1.0,1.0,,,,,1849,,2.1898841857910156,,,,,,
,,,,,,,,,,,,,,0.0003442733031674226,0.03,,,,,,,1899,,,,,,,,
8,,,,,,,1.4715323448181152,,-17.596899032592773,,11.7890625,0.00034445247729308903,0.029999999329447746,,,1.0,1.0,,,,,1899,,2.1342780590057373,,,,,,
,,,,,,,,,,,,,,0.0003532325791855225,0.03,,,,,,,1949,,,,,,,,
8,,,,,,,1.4556444883346558,,-17.592435836791992,,11.3203125,0.0003534117713570595,0.029999999329447746,,,1.0,1.0,,,,,1949,,1.9909652471542358,,,,,,
,,,0.0126953125,,0.71875,,,,,,,,,,,1.0,1.0,,,,,736,,,,0.0,,0.0,,0.0
,,,0.01953125,,0.7421875,,,,,,,,,,,1.0,1.0,,,,,737,,,,0.0,,0.0,,0.0
,,,0.06941694766283035,,0.8404840230941772,,,,,,,,,,,1.0,1.0,,,,,738,,,,0.0,,0.0,,0.0
,,,0.05078125,,0.9375,,,,,,,,,,,1.0,1.0,,,,,739,,,,0.0,,0.0,,0.0
,,,0.0390625,,0.859375,,,,,,,,,,,1.0,1.0,,,,,740,,,,0.0,,0.0,,0.0
,,,0.1041666716337204,,0.9711538553237915,,,,,,,,,,,1.0,1.0,,,,,741,,,,0.0,,0.0,,0.0
,,,0.04531250149011612,,1.0,,,,,,,,,,,1.0,1.0,,,,,742,,,,0.0,,0.0,,0.0
,,,0.0546875,,0.984375,,,,,,,,,,,1.0,1.0,,,,,743,,,,0.0,,0.0,,0.0
,,,0.0850771889090538,,0.9678387641906738,,,,,,,,,,,1.0,1.0,,,,,744,,,,0.0,,0.0,,0.0
,,,0.0381944440305233,,0.8984375,,,,,,,,,,,1.0,1.0,,,,,745,,,,0.0,,0.0,,0.0
,,,0.03515625,,0.953125,,,,,,,,,,,1.0,1.0,,,,,746,,,,0.0,,0.0,,0.0
,,,0.0451388880610466,,0.890625,,,,,,,,,,,1.0,1.0,,,,,747,,,,0.0,,0.0,,0.0
,,,0.10281481593847275,,0.7613333463668823,,,,,,,,,,,1.0,1.0,,,,,748,,,,0.0,,0.0,,0.0
,,,0.0848214253783226,,0.7734375,,,,,,,,,,,1.0,1.0,,,,,749,,,,0.0,,0.0,,0.0
,,,0.0546875,,0.8046875,,,,,,,,,,,1.0,1.0,,,,,750,,,,0.0,,0.0,,0.0
,,,0.09648303687572479,,0.8048552870750427,,,,,,,,,,,1.0,1.0,,,,,751,,,,0.0,,0.0,,0.0
,,,0.02083333395421505,,0.8203125,,,,,,,,,,,1.0,1.0,,,,,752,,,,0.0,,0.0,,0.0
,,,0.02083333395421505,,0.7734375,,,,,,,,,,,1.0,1.0,,,,,753,,,,0.0,,0.0,,0.0
,,,0.06216931343078613,,0.8382034301757812,,,,,,,,,,,1.0,1.0,,,,,754,,,,0.0,,0.0,,0.0
,,,0.0458984375,,0.8515625,,,,,,,,,,,1.0,1.0,,,,,755,,,,0.0,,0.0,,0.0
,,,0.0390625,,0.8828125,,,,,,,,,,,1.0,1.0,,,,,756,,,,0.0,,0.0,,0.0
,,,0.06881693005561829,,0.7856787443161011,,,,,,,,,,,1.0,1.0,,,,,757,,,,0.0,,0.0,,0.0
,,,0.03828125074505806,,0.625,,,,,,,,,,,1.0,1.0,,,,,758,,,,0.0,,0.0,,0.0
,,,0.0399305559694767,,0.6875,,,,,,,,,,,1.0,1.0,,,,,759,,,,0.0,,0.0,,0.0
,,,0.12813355028629303,,0.8357142806053162,,,,,,,,,,,1.0,1.0,,,,,760,,,,0.0,,0.0,,0.0
,,,0.09375,,0.9765625,,,,,,,,,,,1.0,1.0,,,,,761,,,,0.0,,0.0,,0.0
,,,0.09375,,1.0,,,,,,,,,,,1.0,1.0,,,,,762,,,,0.0,,0.0,,0.0
,,,0.13496854901313782,,0.8962264060974121,,,,,,,,,,,1.0,1.0,,,,,763,,,,0.0,,0.0,,0.0
,,,0.0302734375,,0.8671875,,,,,,,,,,,1.0,1.0,,,,,764,,,,0.0,,0.0,,0.0
,,,0.02500000037252903,,0.796875,,,,,,,,,,,1.0,1.0,,,,,765,,,,0.0,,0.0,,0.0
,,,0.037847697734832764,,0.7663474678993225,,,,,,,,,,,1.0,1.0,,,,,766,,,,0.0,,0.0,,0.0
,,,0.013888888992369175,,0.71875,,,,,,,,,,,1.0,1.0,,,,,767,,,,0.0,,0.0,,0.0
,,,0.0147569440305233,,0.7421875,,,,,,,,,,,1.0,1.0,,,,,768,,,,0.0,,0.0,,0.0
,,,0.05349753797054291,,0.8522167205810547,,,,,,,,,,,1.0,1.0,,,,,769,,,,0.0,,0.0,,0.0
,,,0.0625,,0.8828125,,,,,,,,,,,1.0,1.0,,,,,770,,,,0.0,,0.0,,0.0
,,,0.03671874850988388,,0.90625,,,,,,,,,,,1.0,1.0,,,,,771,,,,0.0,,0.0,,0.0
,,,0.08977244794368744,,0.9836065769195557,,,,,,,,,,,1.0,1.0,,,,,772,,,,0.0,,0.0,,0.0
,,,0.04296875,,1.0,,,,,,,,,,,1.0,1.0,,,,,773,,,,0.0,,0.0,,0.0
,,,0.0451388880610466,,0.9765625,,,,,,,,,,,1.0,1.0,,,,,774,,,,0.0,,0.0,,0.0
,,,0.0799267441034317,,0.922832727432251,,,,,,,,,,,1.0,1.0,,,,,775,,,,0.0,,0.0,,0.0
,,,0.0407986119389534,,0.9140625,,,,,,,,,,,1.0,1.0,,,,,776,,,,0.0,,0.0,,0.0
,,,0.0498046875,,0.953125,,,,,,,,,,,1.0,1.0,,,,,777,,,,0.0,,0.0,,0.0
,,,0.09136363863945007,,0.887499988079071,,,,,,,,,,,1.0,1.0,,,,,778,,,,0.0,,0.0,,0.0
,,,0.0659722238779068,,0.7890625,,,,,,,,,,,1.0,1.0,,,,,779,,,,0.0,,0.0,,0.0
,,,0.0598958320915699,,0.8125,,,,,,,,,,,1.0,1.0,,,,,780,,,,0.0,,0.0,,0.0
,,,0.09115561097860336,,0.7919274568557739,,,,,,,,,,,1.0,1.0,,,,,781,,,,0.0,,0.0,,0.0
,,,0.0263671875,,0.8515625,,,,,,,,,,,1.0,1.0,,,,,782,,,,0.0,,0.0,,0.0
,,,0.0146484375,,0.8046875,,,,,,,,,,,1.0,1.0,,,,,783,,,,0.0,,0.0,,0.0
,,,0.02734375,,0.8046875,,,,,,,,,,,1.0,1.0,,,,,784,,,,0.0,,0.0,,0.0
,,,0.036745406687259674,,0.9370079040527344,,,,,,,,,,,1.0,1.0,,,,,785,,,,0.0,,0.0,,0.0
,,,0.0390625,,0.84375,,,,,,,,,,,1.0,1.0,,,,,786,,,,0.0,,0.0,,0.0
,,,0.0364583320915699,,0.8671875,,,,,,,,,,,1.0,1.0,,,,,787,,,,0.0,,0.0,,0.0
,,,0.06034483015537262,,0.8362069129943848,,,,,,,,,,,1.0,1.0,,,,,788,,,,0.0,,0.0,,0.0
,,,0.0425347238779068,,0.6484375,,,,,,,,,,,1.0,1.0,,,,,789,,,,0.0,,0.0,,0.0
,,,0.0373263880610466,,0.671875,,,,,,,,,,,1.0,1.0,,,,,790,,,,0.0,,0.0,,0.0
,,,0.11921525746583939,,0.8518518209457397,,,,,,,,,,,1.0,1.0,,,,,791,,,,0.0,,0.0,,0.0
,,,0.14453125,,0.9765625,,,,,,,,,,,1.0,1.0,,,,,792,,,,0.0,,0.0,,0.0
,,,0.1183035746216774,,1.0,,,,,,,,,,,1.0,1.0,,,,,793,,,,0.0,,0.0,,0.0
,,,0.1419270783662796,,0.90625,,,,,,,,,,,1.0,1.0,,,,,794,,,,0.0,,0.0,,0.0
,,,0.03125,,0.8125,,,,,,,,,,,1.0,1.0,,,,,795,,,,0.0,,0.0,,0.0
,,,0.02500000037252903,,0.8125,,,,,,,,,,,1.0,1.0,,,,,796,,,,0.0,,0.0,,0.0
,,,0.039497971534729004,,0.7948504686355591,,,,,,,,,,,1.0,1.0,,,,,797,,,,0.0,,0.0,,0.0
,,,0.013020833022892475,,0.6796875,,,,,,,,,,,1.0,1.0,,,,,798,,,,0.0,,0.0,,0.0
,,,0.015625,,0.796875,,,,,,,,,,,1.0,1.0,,,,,799,,,,0.0,,0.0,,0.0
,,,0.06533923745155334,,0.8690265417098999,,,,,,,,,,,1.0,1.0,,,,,800,,,,0.0,,0.0,,0.0
,,,0.0647321417927742,,0.890625,,,,,,,,,,,1.0,1.0,,,,,801,,,,0.0,,0.0,,0.0
,,,0.04374999925494194,,0.921875,,,,,,,,,,,1.0,1.0,,,,,802,,,,0.0,,0.0,,0.0
,,,0.0788888931274414,,1.0,,,,,,,,,,,1.0,1.0,,,,,803,,,,0.0,,0.0,,0.0
,,,0.0494791679084301,,0.9765625,,,,,,,,,,,1.0,1.0,,,,,804,,,,0.0,,0.0,,0.0
,,,0.04062499850988388,,0.984375,,,,,,,,,,,1.0,1.0,,,,,805,,,,0.0,,0.0,,0.0
,,,0.09670782089233398,,0.9398148059844971,,,,,,,,,,,1.0,1.0,,,,,806,,,,0.0,,0.0,,0.0
,,,0.041015625,,0.9375,,,,,,,,,,,1.0,1.0,,,,,807,,,,0.0,,0.0,,0.0
,,,0.0442708320915699,,0.9140625,,,,,,,,,,,1.0,1.0,,,,,808,,,,0.0,,0.0,,0.0
,,,0.09357430040836334,,0.8892905116081238,,,,,,,,,,,1.0,1.0,,,,,809,,,,0.0,,0.0,,0.0
,,,0.0651041641831398,,0.7890625,,,,,,,,,,,1.0,1.0,,,,,810,,,,0.0,,0.0,,0.0
,,,0.0616319440305233,,0.8125,,,,,,,,,,,1.0,1.0,,,,,811,,,,0.0,,0.0,,0.0
,,,0.07634326815605164,,0.7980647087097168,,,,,,,,,,,1.0,1.0,,,,,812,,,,0.0,,0.0,,0.0
,,,0.02031249925494194,,0.8203125,,,,,,,,,,,1.0,1.0,,,,,813,,,,0.0,,0.0,,0.0
,,,0.013888888992369175,,0.8203125,,,,,,,,,,,1.0,1.0,,,,,814,,,,0.0,,0.0,,0.0
,,,0.07204380631446838,,0.853543758392334,,,,,,,,,,,1.0,1.0,,,,,815,,,,0.0,,0.0,,0.0
,,,0.0390625,,0.8515625,,,,,,,,,,,1.0,1.0,,,,,816,,,,0.0,,0.0,,0.0
,,,0.0373263880610466,,0.8828125,,,,,,,,,,,1.0,1.0,,,,,817,,,,0.0,,0.0,,0.0
,,,0.09629383683204651,,0.8471899032592773,,,,,,,,,,,1.0,1.0,,,,,818,,,,0.0,,0.0,,0.0
,,,0.03515625,,0.6015625,,,,,,,,,,,1.0,1.0,,,,,819,,,,0.0,,0.0,,0.0
,,,0.0390625,,0.6796875,,,,,,,,,,,1.0,1.0,,,,,820,,,,0.0,,0.0,,0.0
,,,0.13482142984867096,,0.8482142686843872,,,,,,,,,,,1.0,1.0,,,,,821,,,,0.0,,0.0,,0.0
,,,0.1015625,,0.9765625,,,,,,,,,,,1.0,1.0,,,,,822,,,,0.0,,0.0,,0.0
,,,0.125,,1.0,,,,,,,,,,,1.0,1.0,,,,,823,,,,0.0,,0.0,,0.0
,,,0.12742812931537628,,0.8636363744735718,,,,,,,,,,,1.0,1.0,,,,,824,,,,0.0,,0.0,,0.0
,,,0.0302734375,,0.859375,,,,,,,,,,,1.0,1.0,,,,,825,,,,0.0,,0.0,,0.0
,,,0.02578124962747097,,0.78125,,,,,,,,,,,1.0,1.0,,,,,826,,,,0.0,,0.0,,0.0
,,,0.03248031437397003,,0.8188976645469666,,,,,,,,,,,1.0,1.0,,,,,827,,,,0.0,,0.0,,0.0
8,0.3868681788444519,0.3903486728668213,,0.8529046773910522,,,,,,,,,,,,,,197.53802490234375,111513.1953125,5.28593111038208,500.3360290527344,1988,,,0.0,,0.0,,0.0,
8,,,,,,1.456322431564331,,-17.608413696289062,,10.878570556640625,,,,,,,,,,,,1988,2.126727342605591,,,,,,,
,,,,,,,,,,,,,,0.00036219185520362237,0.03,,,,,,,1999,,,,,,,,
9,,,,,,,1.4634246826171875,,-17.606693267822266,,11.1875,0.00036237103631719947,0.029999999329447746,,,1.0,1.0,,,,,1999,,1.7682005167007446,,,,,,
,,,,,,,,,,,,,,0.0003711511312217221,0.03,,,,,,,2049,,,,,,,,
9,,,,,,,1.4660123586654663,,-17.589702606201172,,11.4296875,0.0003713303303811699,0.029999999329447746,,,1.0,1.0,,,,,2049,,2.2594099044799805,,,,,,
,,,,,,,,,,,,,,0.0003801104072398215,0.03,,,,,,,2099,,,,,,,,
9,,,,,,,1.456679105758667,,-17.60774040222168,,10.8984375,0.0003802895953413099,0.029999999329447746,,,1.0,1.0,,,,,2099,,2.0768351554870605,,,,,,
,,,,,,,,,,,,,,0.00038906968325792113,0.03,,,,,,,2149,,,,,,,,
9,,,,,,,1.4657832384109497,,-17.61338233947754,,10.90625,0.0003892488603014499,0.029999999329447746,,,1.0,1.0,,,,,2149,,2.056756019592285,,,,,,
,,,,,,,,,,,,,,0.00039802895927602085,0.03,,,,,,,2199,,,,,,,,
9,,,,,,,1.4676353931427002,,-17.619199752807617,,11.0,0.00039820815436542034,0.029999999329447746,,,1.0,1.0,,,,,2199,,1.9314144849777222,,,,,,
,,,0.0345982126891613,,0.765625,,,,,,,,,,,1.0,1.0,,,,,828,,,,0.0,,0.0,,0.0
,,,0.0479910708963871,,0.8203125,,,,,,,,,,,1.0,1.0,,,,,829,,,,0.0,,0.0,,0.0
,,,0.04378437623381615,,0.7924458980560303,,,,,,,,,,,1.0,1.0,,,,,830,,,,0.0,,0.0,,0.0
,,,0.0078125,,0.609375,,,,,,,,,,,1.0,1.0,,,,,831,,,,0.0,,0.0,,0.0
,,,0.00434027798473835,,0.5390625,,,,,,,,,,,1.0,1.0,,,,,832,,,,0.0,,0.0,,0.0
,,,0.020299145951867104,,0.6939102411270142,,,,,,,,,,,1.0,1.0,,,,,833,,,,0.0,,0.0,,0.0
,,,0.0026041667442768812,,0.875,,,,,,,,,,,1.0,1.0,,,,,834,,,,0.0,,0.0,,0.0
,,,0.0078125,,0.890625,,,,,,,,,,,1.0,1.0,,,,,835,,,,0.0,,0.0,,0.0
,,,0.019344387575984,,0.870497465133667,,,,,,,,,,,1.0,1.0,,,,,836,,,,0.0,,0.0,,0.0
,,,0.0322265625,,0.8515625,,,,,,,,,,,1.0,1.0,,,,,837,,,,0.0,,0.0,,0.0
,,,0.02790178544819355,,0.828125,,,,,,,,,,,1.0,1.0,,,,,838,,,,0.0,,0.0,,0.0
,,,0.02777777798473835,,0.8203125,,,,,,,,,,,1.0,1.0,,,,,839,,,,0.0,,0.0,,0.0
,,,0.11792592704296112,,0.7893333435058594,,,,,,,,,,,1.0,1.0,,,,,840,,,,0.0,,0.0,,0.0
,,,0.078125,,0.890625,,,,,,,,,,,1.0,1.0,,,,,841,,,,0.0,,0.0,,0.0
,,,0.0720486119389534,,0.9296875,,,,,,,,,,,1.0,1.0,,,,,842,,,,0.0,,0.0,,0.0
,,,0.13713818788528442,,0.9789916276931763,,,,,,,,,,,1.0,1.0,,,,,843,,,,0.0,,0.0,,0.0
,,,0.0602678582072258,,0.953125,,,,,,,,,,,1.0,1.0,,,,,844,,,,0.0,,0.0,,0.0
,,,0.0658482164144516,,0.9453125,,,,,,,,,,,1.0,1.0,,,,,845,,,,0.0,,0.0,,0.0
,,,0.1547619104385376,,0.9485930800437927,,,,,,,,,,,1.0,1.0,,,,,846,,,,0.0,,0.0,,0.0
,,,0.12109375,,0.9921875,,,,,,,,,,,1.0,1.0,,,,,847,,,,0.0,,0.0,,0.0
,,,0.1197916641831398,,1.0,,,,,,,,,,,1.0,1.0,,,,,848,,,,0.0,,0.0,,0.0
,,,0.13100871443748474,,0.9520547986030579,,,,,,,,,,,1.0,1.0,,,,,849,,,,0.0,,0.0,,0.0
,,,0.0502232126891613,,0.9375,,,,,,,,,,,1.0,1.0,,,,,850,,,,0.0,,0.0,,0.0
,,,0.04296875,,0.9296875,,,,,,,,,,,1.0,1.0,,,,,851,,,,0.0,,0.0,,0.0
,,,0.05462506785988808,,0.5677340030670166,,,,,,,,,,,1.0,1.0,,,,,852,,,,0.0,,0.0,,0.0
,,,0.0023437500931322575,,0.2421875,,,,,,,,,,,1.0,1.0,,,,,853,,,,0.0,,0.0,,0.0
,,,0.00434027798473835,,0.3203125,,,,,,,,,,,1.0,1.0,,,,,854,,,,0.0,,0.0,,0.0
,,,0.0976729542016983,,0.641132116317749,,,,,,,,,,,1.0,1.0,,,,,855,,,,0.0,,0.0,,0.0
,,,0.265625,,1.0,,,,,,,,,,,1.0,1.0,,,,,856,,,,0.0,,0.0,,0.0
,,,0.080078125,,0.9765625,,,,,,,,,,,1.0,1.0,,,,,857,,,,0.0,,0.0,,0.0
,,,0.11887825280427933,,0.8778386116027832,,,,,,,,,,,1.0,1.0,,,,,858,,,,0.0,,0.0,,0.0
,,,0.0380859375,,0.7734375,,,,,,,,,,,1.0,1.0,,,,,859,,,,0.0,,0.0,,0.0
,,,0.0419921875,,0.8359375,,,,,,,,,,,1.0,1.0,,,,,860,,,,0.0,,0.0,,0.0
,,,0.041488781571388245,,0.7381772994995117,,,,,,,,,,,1.0,1.0,,,,,861,,,,0.0,,0.0,,0.0
,,,0.009548611007630825,,0.578125,,,,,,,,,,,1.0,1.0,,,,,862,,,,0.0,,0.0,,0.0
,,,0.0033482143189758062,,0.5078125,,,,,,,,,,,1.0,1.0,,,,,863,,,,0.0,,0.0,,0.0
,,,0.013919472694396973,,0.7279177904129028,,,,,,,,,,,1.0,1.0,,,,,864,,,,0.0,,0.0,,0.0
,,,0.006076388992369175,,0.8671875,,,,,,,,,,,1.0,1.0,,,,,865,,,,0.0,,0.0,,0.0
,,,0.0078125,,0.84375,,,,,,,,,,,1.0,1.0,,,,,866,,,,0.0,,0.0,,0.0
,,,0.01885768584907055,,0.8593406677246094,,,,,,,,,,,1.0,1.0,,,,,867,,,,0.0,,0.0,,0.0
,,,0.03515625,,0.8046875,,,,,,,,,,,1.0,1.0,,,,,868,,,,0.0,,0.0,,0.0
,,,0.02604166604578495,,0.8671875,,,,,,,,,,,1.0,1.0,,,,,869,,,,0.0,,0.0,,0.0
,,,0.12017045170068741,,0.8590909242630005,,,,,,,,,,,1.0,1.0,,,,,870,,,,0.0,,0.0,,0.0
,,,0.0908203125,,0.8984375,,,,,,,,,,,1.0,1.0,,,,,871,,,,0.0,,0.0,,0.0
,,,0.0703125,,0.90625,,,,,,,,,,,1.0,1.0,,,,,872,,,,0.0,,0.0,,0.0
,,,0.10624390840530396,,0.9239674806594849,,,,,,,,,,,1.0,1.0,,,,,873,,,,0.0,,0.0,,0.0
,,,0.0400390625,,0.9453125,,,,,,,,,,,1.0,1.0,,,,,874,,,,0.0,,0.0,,0.0
,,,0.05859375,,0.9453125,,,,,,,,,,,1.0,1.0,,,,,875,,,,0.0,,0.0,,0.0
,,,0.05859375,,0.9296875,,,,,,,,,,,1.0,1.0,,,,,876,,,,0.0,,0.0,,0.0
,,,0.09251968562602997,,0.9960629940032959,,,,,,,,,,,1.0,1.0,,,,,877,,,,0.0,,0.0,,0.0
,,,0.1236979141831398,,0.9921875,,,,,,,,,,,1.0,1.0,,,,,878,,,,0.0,,0.0,,0.0
,,,0.1004464253783226,,1.0,,,,,,,,,,,1.0,1.0,,,,,879,,,,0.0,,0.0,,0.0
,,,0.15265804529190063,,0.9482758641242981,,,,,,,,,,,1.0,1.0,,,,,880,,,,0.0,,0.0,,0.0
,,,0.0355902761220932,,0.9296875,,,,,,,,,,,1.0,1.0,,,,,881,,,,0.0,,0.0,,0.0
,,,0.0591517873108387,,0.9296875,,,,,,,,,,,1.0,1.0,,,,,882,,,,0.0,,0.0,,0.0
,,,0.05012834444642067,,0.5867253541946411,,,,,,,,,,,1.0,1.0,,,,,883,,,,0.0,,0.0,,0.0
,,,0.00434027798473835,,0.265625,,,,,,,,,,,1.0,1.0,,,,,884,,,,0.0,,0.0,,0.0
,,,0.0017361111240461469,,0.3046875,,,,,,,,,,,1.0,1.0,,,,,885,,,,0.0,,0.0,,0.0
,,,0.0989583358168602,,0.6770833730697632,,,,,,,,,,,1.0,1.0,,,,,886,,,,0.0,,0.0,,0.0
,,,0.12109375,,0.984375,,,,,,,,,,,1.0,1.0,,,,,887,,,,0.0,,0.0,,0.0
,,,0.0982142835855484,,0.984375,,,,,,,,,,,1.0,1.0,,,,,888,,,,0.0,,0.0,,0.0
,,,0.14198702573776245,,0.895348846912384,,,,,,,,,,,1.0,1.0,,,,,889,,,,0.0,,0.0,,0.0
,,,0.0390625,,0.796875,,,,,,,,,,,1.0,1.0,,,,,890,,,,0.0,,0.0,,0.0
,,,0.03671874850988388,,0.8359375,,,,,,,,,,,1.0,1.0,,,,,891,,,,0.0,,0.0,,0.0
,,,0.06852085888385773,,0.7474926710128784,,,,,,,,,,,1.0,1.0,,,,,892,,,,0.0,,0.0,,0.0
,,,0.0052083334885537624,,0.5390625,,,,,,,,,,,1.0,1.0,,,,,893,,,,0.0,,0.0,,0.0
,,,0.00390625,,0.5546875,,,,,,,,,,,1.0,1.0,,,,,894,,,,0.0,,0.0,,0.0
,,,0.018406284973025322,,0.6449494957923889,,,,,,,,,,,1.0,1.0,,,,,895,,,,0.0,,0.0,,0.0
,,,0.0069444444961845875,,0.890625,,,,,,,,,,,1.0,1.0,,,,,896,,,,0.0,,0.0,,0.0
,,,0.00434027798473835,,0.828125,,,,,,,,,,,1.0,1.0,,,,,897,,,,0.0,,0.0,,0.0
,,,0.03055555559694767,,0.9101852178573608,,,,,,,,,,,1.0,1.0,,,,,898,,,,0.0,,0.0,,0.0
,,,0.037109375,,0.8046875,,,,,,,,,,,1.0,1.0,,,,,899,,,,0.0,,0.0,,0.0
,,,0.03125,,0.859375,,,,,,,,,,,1.0,1.0,,,,,900,,,,0.0,,0.0,,0.0
,,,0.11149784177541733,,0.8578313589096069,,,,,,,,,,,1.0,1.0,,,,,901,,,,0.0,,0.0,,0.0
,,,0.087890625,,0.8984375,,,,,,,,,,,1.0,1.0,,,,,902,,,,0.0,,0.0,,0.0
,,,0.0703125,,0.9140625,,,,,,,,,,,1.0,1.0,,,,,903,,,,0.0,,0.0,,0.0
,,,0.10075545310974121,,0.9283167719841003,,,,,,,,,,,1.0,1.0,,,,,904,,,,0.0,,0.0,,0.0
,,,0.0458984375,,0.9296875,,,,,,,,,,,1.0,1.0,,,,,905,,,,0.0,,0.0,,0.0
,,,0.0714285746216774,,0.96875,,,,,,,,,,,1.0,1.0,,,,,906,,,,0.0,,0.0,,0.0
,,,0.17196646332740784,,0.9357696771621704,,,,,,,,,,,1.0,1.0,,,,,907,,,,0.0,,0.0,,0.0
,,,0.12109375,,1.0,,,,,,,,,,,1.0,1.0,,,,,908,,,,0.0,,0.0,,0.0
,,,0.12109375,,0.9921875,,,,,,,,,,,1.0,1.0,,,,,909,,,,0.0,,0.0,,0.0
,,,0.15472230315208435,,0.9838709831237793,,,,,,,,,,,1.0,1.0,,,,,910,,,,0.0,,0.0,,0.0
,,,0.0513392873108387,,0.8984375,,,,,,,,,,,1.0,1.0,,,,,911,,,,0.0,,0.0,,0.0
,,,0.0491071417927742,,0.9140625,,,,,,,,,,,1.0,1.0,,,,,912,,,,0.0,,0.0,,0.0
,,,0.07780612260103226,,0.625,,,,,,,,,,,1.0,1.0,,,,,913,,,,0.0,,0.0,,0.0
,,,0.0015625000232830644,,0.2734375,,,,,,,,,,,1.0,1.0,,,,,914,,,,0.0,,0.0,,0.0
,,,0.0034722222480922937,,0.296875,,,,,,,,,,,1.0,1.0,,,,,915,,,,0.0,,0.0,,0.0
,,,0.08270741254091263,,0.5714840888977051,,,,,,,,,,,1.0,1.0,,,,,916,,,,0.0,,0.0,,0.0
,,,0.193359375,,1.0,,,,,,,,,,,1.0,1.0,,,,,917,,,,0.0,,0.0,,0.0
,,,0.0959821417927742,,0.9765625,,,,,,,,,,,1.0,1.0,,,,,918,,,,0.0,,0.0,,0.0
,,,0.12204724550247192,,0.9921259880065918,,,,,,,,,,,1.0,1.0,,,,,919,,,,0.0,,0.0,,0.0
9,0.40162521600723267,0.3630080223083496,,0.8126311302185059,,,,,,,,,,,,,,199.7096405029297,173205.65625,5.2968645095825195,499.6879577636719,2209,,,0.0,,0.0,,0.0,
9,,,,,,1.4637694358825684,,-17.607709884643555,,11.420143127441406,,,,,,,,,,,,2209,2.05857253074646,,,,,,,
,,,,,,,,,,,,,,0.0003999962092642757,0.03,,,,,,,2249,,,,,,,,
10,,,,,,,1.470432996749878,,-17.62205696105957,,11.390625,0.0003999960026703775,0.029999999329447746,,,1.0,1.0,,,,,2249,,2.4708189964294434,,,,,,
,,,,,,,,,,,,,,0.0003999802590281656,0.03,,,,,,,2299,,,,,,,,
10,,,,,,,1.477478265762329,,-17.620380401611328,,11.28125,0.00039997982094064355,0.029999999329447746,,,1.0,1.0,,,,,2299,,1.8308361768722534,,,,,,
,,,,,,,,,,,,,,0.00039995184872147294,0.03,,,,,,,2349,,,,,,,,
10,,,,,,,1.4745113849639893,,-17.632936477661133,,11.6015625,0.00039995115366764367,0.029999999329447746,,,1.0,1.0,,,,,2349,,2.301797389984131,,,,,,
,,,,,,,,,,,,,,0.00039991098011611664,0.03,,,,,,,2399,,,,,,,,
10,,,,,,,1.4730596542358398,,-17.635791778564453,,11.328125,0.0003999100299552083,0.029999999329447746,,,1.0,1.0,,,,,2399,,1.9505707025527954,,,,,,
,,,0.0364583320915699,,0.78125,,,,,,,,,,,1.0,1.0,,,,,920,,,,0.0,,0.0,,0.0
,,,0.04296875,,0.8515625,,,,,,,,,,,1.0,1.0,,,,,921,,,,0.0,,0.0,,0.0
,,,0.1329299509525299,,0.9207921028137207,,,,,,,,,,,1.0,1.0,,,,,922,,,,0.0,,0.0,,0.0
,,,0.08203125,,0.9765625,,,,,,,,,,,1.0,1.0,,,,,923,,,,0.0,,0.0,,0.0
,,,0.078125,,0.9609375,,,,,,,,,,,1.0,1.0,,,,,924,,,,0.0,,0.0,,0.0
,,,0.10801282525062561,,0.9695512652397156,,,,,,,,,,,1.0,1.0,,,,,925,,,,0.0,,0.0,,0.0
,,,0.00937500037252903,,0.9609375,,,,,,,,,,,1.0,1.0,,,,,926,,,,0.0,,0.0,,0.0
,,,0.01128472201526165,,0.9375,,,,,,,,,,,1.0,1.0,,,,,927,,,,0.0,,0.0,,0.0
,,,0.035934820771217346,,0.8674957156181335,,,,,,,,,,,1.0,1.0,,,,,928,,,,0.0,,0.0,,0.0
,,,0.02500000037252903,,0.7265625,,,,,,,,,,,1.0,1.0,,,,,929,,,,0.0,,0.0,,0.0
,,,0.02500000037252903,,0.7734375,,,,,,,,,,,1.0,1.0,,,,,930,,,,0.0,,0.0,,0.0
,,,0.02890625037252903,,0.796875,,,,,,,,,,,1.0,1.0,,,,,931,,,,0.0,,0.0,,0.0
,,,0.16296297311782837,,0.809333324432373,,,,,,,,,,,1.0,1.0,,,,,932,,,,0.0,,0.0,,0.0
,,,0.0966796875,,0.90625,,,,,,,,,,,1.0,1.0,,,,,933,,,,0.0,,0.0,,0.0
,,,0.0833333358168602,,0.9375,,,,,,,,,,,1.0,1.0,,,,,934,,,,0.0,,0.0,,0.0
,,,0.12464986741542816,,0.970588207244873,,,,,,,,,,,1.0,1.0,,,,,935,,,,0.0,,0.0,,0.0
,,,0.06562499701976776,,0.921875,,,,,,,,,,,1.0,1.0,,,,,936,,,,0.0,,0.0,,0.0
,,,0.05859375,,0.90625,,,,,,,,,,,1.0,1.0,,,,,937,,,,0.0,,0.0,,0.0
,,,0.10798460990190506,,0.9015151262283325,,,,,,,,,,,1.0,1.0,,,,,938,,,,0.0,,0.0,,0.0
,,,0.04296875,,0.9375,,,,,,,,,,,1.0,1.0,,,,,939,,,,0.0,,0.0,,0.0
,,,0.03359375149011612,,0.90625,,,,,,,,,,,1.0,1.0,,,,,940,,,,0.0,,0.0,,0.0
,,,0.07429638504981995,,0.9066002368927002,,,,,,,,,,,1.0,1.0,,,,,941,,,,0.0,,0.0,,0.0
,,,0.0419921875,,0.796875,,,,,,,,,,,1.0,1.0,,,,,942,,,,0.0,,0.0,,0.0
,,,0.02812499925494194,,0.8671875,,,,,,,,,,,1.0,1.0,,,,,943,,,,0.0,,0.0,,0.0
,,,0.06586206704378128,,0.8694580793380737,,,,,,,,,,,1.0,1.0,,,,,944,,,,0.0,,0.0,,0.0
,,,0.02812499925494194,,0.8828125,,,,,,,,,,,1.0,1.0,,,,,945,,,,0.0,,0.0,,0.0
,,,0.03125,,0.890625,,,,,,,,,,,1.0,1.0,,,,,946,,,,0.0,,0.0,,0.0
,,,0.07949686050415039,,0.8661634922027588,,,,,,,,,,,1.0,1.0,,,,,947,,,,0.0,,0.0,,0.0
,,,0.0685763880610466,,0.9453125,,,,,,,,,,,1.0,1.0,,,,,948,,,,0.0,,0.0,,0.0
,,,0.0546875,,0.8984375,,,,,,,,,,,1.0,1.0,,,,,949,,,,0.0,,0.0,,0.0
,,,0.0963672325015068,,0.8365253210067749,,,,,,,,,,,1.0,1.0,,,,,950,,,,0.0,,0.0,,0.0
,,,0.04140625149011612,,0.8203125,,,,,,,,,,,1.0,1.0,,,,,951,,,,0.0,,0.0,,0.0
,,,0.0390625,,0.8125,,,,,,,,,,,1.0,1.0,,,,,952,,,,0.0,,0.0,,0.0
,,,0.126546248793602,,0.9325122833251953,,,,,,,,,,,1.0,1.0,,,,,953,,,,0.0,,0.0,,0.0
,,,0.07968749850988388,,0.9609375,,,,,,,,,,,1.0,1.0,,,,,954,,,,0.0,,0.0,,0.0
,,,0.07578124850988388,,0.9765625,,,,,,,,,,,1.0,1.0,,,,,955,,,,0.0,,0.0,,0.0
,,,0.09540005028247833,,0.9694151878356934,,,,,,,,,,,1.0,1.0,,,,,956,,,,0.0,,0.0,,0.0
,,,0.0086805559694767,,0.9375,,,,,,,,,,,1.0,1.0,,,,,957,,,,0.0,,0.0,,0.0
,,,0.013888888992369175,,0.921875,,,,,,,,,,,1.0,1.0,,,,,958,,,,0.0,,0.0,,0.0
,,,0.03269841521978378,,0.884615421295166,,,,,,,,,,,1.0,1.0,,,,,959,,,,0.0,,0.0,,0.0
,,,0.02812499925494194,,0.7421875,,,,,,,,,,,1.0,1.0,,,,,960,,,,0.0,,0.0,,0.0
,,,0.02578124962747097,,0.8046875,,,,,,,,,,,1.0,1.0,,,,,961,,,,0.0,,0.0,,0.0
,,,0.10431818664073944,,0.8488636016845703,,,,,,,,,,,1.0,1.0,,,,,962,,,,0.0,,0.0,,0.0
,,,0.0868055522441864,,0.953125,,,,,,,,,,,1.0,1.0,,,,,963,,,,0.0,,0.0,,0.0
,,,0.07500000298023224,,0.9140625,,,,,,,,,,,1.0,1.0,,,,,964,,,,0.0,,0.0,,0.0
,,,0.13440412282943726,,0.9092615842819214,,,,,,,,,,,1.0,1.0,,,,,965,,,,0.0,,0.0,,0.0
,,,0.0685763880610466,,0.9453125,,,,,,,,,,,1.0,1.0,,,,,966,,,,0.0,,0.0,,0.0
,,,0.06328125298023224,,0.8828125,,,,,,,,,,,1.0,1.0,,,,,967,,,,0.0,,0.0,,0.0
,,,0.06015624850988388,,0.890625,,,,,,,,,,,1.0,1.0,,,,,968,,,,0.0,,0.0,,0.0
,,,0.15660542249679565,,0.960629940032959,,,,,,,,,,,1.0,1.0,,,,,969,,,,0.0,,0.0,,0.0
,,,0.04296875,,0.9140625,,,,,,,,,,,1.0,1.0,,,,,970,,,,0.0,,0.0,,0.0
,,,0.0364583320915699,,0.8984375,,,,,,,,,,,1.0,1.0,,,,,971,,,,0.0,,0.0,,0.0
,,,0.061206892132759094,,0.8850574493408203,,,,,,,,,,,1.0,1.0,,,,,972,,,,0.0,,0.0,,0.0
,,,0.0364583320915699,,0.8203125,,,,,,,,,,,1.0,1.0,,,,,973,,,,0.0,,0.0,,0.0
,,,0.0381944440305233,,0.921875,,,,,,,,,,,1.0,1.0,,,,,974,,,,0.0,,0.0,,0.0
,,,0.05907591059803963,,0.8887054920196533,,,,,,,,,,,1.0,1.0,,,,,975,,,,0.0,,0.0,,0.0
,,,0.03437500074505806,,0.8984375,,,,,,,,,,,1.0,1.0,,,,,976,,,,0.0,,0.0,,0.0
,,,0.02421874925494194,,0.8515625,,,,,,,,,,,1.0,1.0,,,,,977,,,,0.0,,0.0,,0.0
,,,0.07395832985639572,,0.8697916269302368,,,,,,,,,,,1.0,1.0,,,,,978,,,,0.0,,0.0,,0.0
,,,0.0616319440305233,,0.890625,,,,,,,,,,,1.0,1.0,,,,,979,,,,0.0,,0.0,,0.0
,,,0.0512152761220932,,0.890625,,,,,,,,,,,1.0,1.0,,,,,980,,,,0.0,,0.0,,0.0
,,,0.08853821456432343,,0.84163898229599,,,,,,,,,,,1.0,1.0,,,,,981,,,,0.0,,0.0,,0.0
,,,0.03750000149011612,,0.7890625,,,,,,,,,,,1.0,1.0,,,,,982,,,,0.0,,0.0,,0.0
,,,0.03750000149011612,,0.8515625,,,,,,,,,,,1.0,1.0,,,,,983,,,,0.0,,0.0,,0.0
,,,0.14329728484153748,,0.9622418880462646,,,,,,,,,,,1.0,1.0,,,,,984,,,,0.0,,0.0,,0.0
,,,0.0885416641831398,,0.96875,,,,,,,,,,,1.0,1.0,,,,,985,,,,0.0,,0.0,,0.0
,,,0.0885416641831398,,0.96875,,,,,,,,,,,1.0,1.0,,,,,986,,,,0.0,,0.0,,0.0
,,,0.08404040336608887,,0.9772727489471436,,,,,,,,,,,1.0,1.0,,,,,987,,,,0.0,,0.0,,0.0
,,,0.010937499813735485,,0.9140625,,,,,,,,,,,1.0,1.0,,,,,988,,,,0.0,,0.0,,0.0
,,,0.010937499813735485,,0.953125,,,,,,,,,,,1.0,1.0,,,,,989,,,,0.0,,0.0,,0.0
,,,0.040925927460193634,,0.8888888955116272,,,,,,,,,,,1.0,1.0,,,,,990,,,,0.0,,0.0,,0.0
,,,0.02578124962747097,,0.765625,,,,,,,,,,,1.0,1.0,,,,,991,,,,0.0,,0.0,,0.0
,,,0.02578124962747097,,0.8046875,,,,,,,,,,,1.0,1.0,,,,,992,,,,0.0,,0.0,,0.0
,,,0.12652090191841125,,0.847657322883606,,,,,,,,,,,1.0,1.0,,,,,993,,,,0.0,,0.0,,0.0
,,,0.09765625,,0.9375,,,,,,,,,,,1.0,1.0,,,,,994,,,,0.0,,0.0,,0.0
,,,0.0850694477558136,,0.9375,,,,,,,,,,,1.0,1.0,,,,,995,,,,0.0,,0.0,,0.0
,,,0.14121608436107635,,0.9185128211975098,,,,,,,,,,,1.0,1.0,,,,,996,,,,0.0,,0.0,,0.0
,,,0.0625,,0.9140625,,,,,,,,,,,1.0,1.0,,,,,997,,,,0.0,,0.0,,0.0
,,,0.06328125298023224,,0.921875,,,,,,,,,,,1.0,1.0,,,,,998,,,,0.0,,0.0,,0.0
,,,0.10454042255878448,,0.894518256187439,,,,,,,,,,,1.0,1.0,,,,,999,,,,0.0,,0.0,,0.0
,,,0.0460069440305233,,0.9296875,,,,,,,,,,,1.0,1.0,,,,,1000,,,,0.0,,0.0,,0.0
,,,0.03671874850988388,,0.890625,,,,,,,,,,,1.0,1.0,,,,,1001,,,,0.0,,0.0,,0.0
,,,0.09517791867256165,,0.9536082744598389,,,,,,,,,,,1.0,1.0,,,,,1002,,,,0.0,,0.0,,0.0
,,,0.03281249850988388,,0.796875,,,,,,,,,,,1.0,1.0,,,,,1003,,,,0.0,,0.0,,0.0
,,,0.02734375,,0.8515625,,,,,,,,,,,1.0,1.0,,,,,1004,,,,0.0,,0.0,,0.0
,,,0.08303570747375488,,0.8928571343421936,,,,,,,,,,,1.0,1.0,,,,,1005,,,,0.0,,0.0,,0.0
,,,0.02812499925494194,,0.828125,,,,,,,,,,,1.0,1.0,,,,,1006,,,,0.0,,0.0,,0.0
,,,0.03437500074505806,,0.890625,,,,,,,,,,,1.0,1.0,,,,,1007,,,,0.0,,0.0,,0.0
,,,0.05858585983514786,,0.8364413380622864,,,,,,,,,,,1.0,1.0,,,,,1008,,,,0.0,,0.0,,0.0
,,,0.0659722238779068,,0.9296875,,,,,,,,,,,1.0,1.0,,,,,1009,,,,0.0,,0.0,,0.0
,,,0.0494791679084301,,0.8984375,,,,,,,,,,,1.0,1.0,,,,,1010,,,,0.0,,0.0,,0.0
,,,0.06299212574958801,,0.9055117964744568,,,,,,,,,,,1.0,1.0,,,,,1011,,,,0.0,,0.0,,0.0
10,0.3797925114631653,0.44758638739585876,,0.8908505439758301,,,,,,,,,,,,,,200.7629852294922,121284.8203125,5.302124977111816,504.1123046875,2430,,,0.0,,0.0,,0.0,
10,,,,,,1.4691098928451538,,-17.626096725463867,,11.355592727661133,,,,,,,,,,,,2430,2.0185086727142334,,,,,,,
,,,,,,,,,,,,,,0.0003998576557610259,0.03,,,,,,,2449,,,,,,,,
11,,,,,,,1.4658563137054443,,-17.63201332092285,,11.34375,0.00039985644980333745,0.029999999329447746,,,1.0,1.0,,,,,2449,,1.876648187637329,,,,,,
,,,,,,,,,,,,,,0.0003997918789819808,0.03,,,,,,,2499,,,,,,,,
11,,,,,,,1.4722541570663452,,-17.641002655029297,,11.578125,0.0003997904423158616,0.029999999329447746,,,1.0,1.0,,,,,2499,,1.820611596107483,,,,,,
,,,,,,,,,,,,,,0.00039971365388140513,0.03,,,,,,,2549,,,,,,,,
11,,,,,,,1.4761688709259033,,-17.649253845214844,,11.109375,0.00039971194928511977,0.029999999329447746,,,1.0,1.0,,,,,2549,,2.396332263946533,,,,,,
,,,,,,,,,,,,,,0.00039962298533811105,0.03,,,,,,,2599,,,,,,,,
11,,,,,,,1.4788932800292969,,-17.663965225219727,,10.1953125,0.0003996210580226034,0.029999999329447746,,,1.0,1.0,,,,,2599,,1.72340989112854,,,,,,
,,,,,,,,,,,,,,0.0003995198790069932,0.03,,,,,,,2649,,,,,,,,
11,,,,,,,1.4749841690063477,,-17.66683578491211,,11.1484375,0.0003995176812168211,0.029999999329447746,,,1.0,1.0,,,,,2649,,2.1524856090545654,,,,,,
,,,0.0763888880610466,,0.921875,,,,,,,,,,,1.0,1.0,,,,,1012,,,,0.0,,0.0,,0.0
,,,0.07265625149011612,,0.953125,,,,,,,,,,,1.0,1.0,,,,,1013,,,,0.0,,0.0,,0.0
,,,0.1513669788837433,,0.9653465747833252,,,,,,,,,,,1.0,1.0,,,,,1014,,,,0.0,,0.0,,0.0
,,,0.072265625,,0.9453125,,,,,,,,,,,1.0,1.0,,,,,1015,,,,0.0,,0.0,,0.0
,,,0.0948660746216774,,0.96875,,,,,,,,,,,1.0,1.0,,,,,1016,,,,0.0,,0.0,,0.0
,,,0.09575320035219193,,0.8926281929016113,,,,,,,,,,,1.0,1.0,,,,,1017,,,,0.0,,0.0,,0.0
,,,0.02265625074505806,,0.921875,,,,,,,,,,,1.0,1.0,,,,,1018,,,,0.0,,0.0,,0.0
,,,0.02578124962747097,,0.953125,,,,,,,,,,,1.0,1.0,,,,,1019,,,,0.0,,0.0,,0.0
,,,0.08361920714378357,,0.907375693321228,,,,,,,,,,,1.0,1.0,,,,,1020,,,,0.0,,0.0,,0.0
,,,0.05390625074505806,,0.8984375,,,,,,,,,,,1.0,1.0,,,,,1021,,,,0.0,,0.0,,0.0
,,,0.05000000074505806,,0.890625,,,,,,,,,,,1.0,1.0,,,,,1022,,,,0.0,,0.0,,0.0
,,,0.05937499925494194,,0.890625,,,,,,,,,,,1.0,1.0,,,,,1023,,,,0.0,,0.0,,0.0
,,,0.13546666502952576,,0.7893333435058594,,,,,,,,,,,1.0,1.0,,,,,1024,,,,0.0,,0.0,,0.0
,,,0.0703125,,0.859375,,,,,,,,,,,1.0,1.0,,,,,1025,,,,0.0,,0.0,,0.0
,,,0.05703125149011612,,0.8671875,,,,,,,,,,,1.0,1.0,,,,,1026,,,,0.0,,0.0,,0.0
,,,0.12315593659877777,,0.9747899174690247,,,,,,,,,,,1.0,1.0,,,,,1027,,,,0.0,,0.0,,0.0
,,,0.0477430559694767,,0.921875,,,,,,,,,,,1.0,1.0,,,,,1028,,,,0.0,,0.0,,0.0
,,,0.04062499850988388,,0.8984375,,,,,,,,,,,1.0,1.0,,,,,1029,,,,0.0,,0.0,,0.0
,,,0.06807359308004379,,0.8419913053512573,,,,,,,,,,,1.0,1.0,,,,,1030,,,,0.0,,0.0,,0.0
,,,0.0381944440305233,,0.8515625,,,,,,,,,,,1.0,1.0,,,,,1031,,,,0.0,,0.0,,0.0
,,,0.03046875074505806,,0.765625,,,,,,,,,,,1.0,1.0,,,,,1032,,,,0.0,,0.0,,0.0
,,,0.10941469669342041,,0.8611457347869873,,,,,,,,,,,1.0,1.0,,,,,1033,,,,0.0,,0.0,,0.0
,,,0.06718750298023224,,0.984375,,,,,,,,,,,1.0,1.0,,,,,1034,,,,0.0,,0.0,,0.0
,,,0.06718750298023224,,0.9609375,,,,,,,,,,,1.0,1.0,,,,,1035,,,,0.0,,0.0,,0.0
,,,0.08522167801856995,,0.8578817844390869,,,,,,,,,,,1.0,1.0,,,,,1036,,,,0.0,,0.0,,0.0
,,,0.017578125,,0.8203125,,,,,,,,,,,1.0,1.0,,,,,1037,,,,0.0,,0.0,,0.0
,,,0.029296875,,0.8671875,,,,,,,,,,,1.0,1.0,,,,,1038,,,,0.0,,0.0,,0.0
,,,0.05095737427473068,,0.8150943517684937,,,,,,,,,,,1.0,1.0,,,,,1039,,,,0.0,,0.0,,0.0
,,,0.0439453125,,0.828125,,,,,,,,,,,1.0,1.0,,,,,1040,,,,0.0,,0.0,,0.0
,,,0.02690972201526165,,0.7421875,,,,,,,,,,,1.0,1.0,,,,,1041,,,,0.0,,0.0,,0.0
,,,0.12327101826667786,,0.8651162981987,,,,,,,,,,,1.0,1.0,,,,,1042,,,,0.0,,0.0,,0.0
,,,0.0755208358168602,,0.9296875,,,,,,,,,,,1.0,1.0,,,,,1043,,,,0.0,,0.0,,0.0
,,,0.07343749701976776,,0.953125,,,,,,,,,,,1.0,1.0,,,,,1044,,,,0.0,,0.0,,0.0
,,,0.1471264362335205,,0.9283251166343689,,,,,,,,,,,1.0,1.0,,,,,1045,,,,0.0,,0.0,,0.0
,,,0.07421875,,0.96875,,,,,,,,,,,1.0,1.0,,,,,1046,,,,0.0,,0.0,,0.0
,,,0.0668402761220932,,0.9453125,,,,,,,,,,,1.0,1.0,,,,,1047,,,,0.0,,0.0,,0.0
,,,0.08397901058197021,,0.9306337237358093,,,,,,,,,,,1.0,1.0,,,,,1048,,,,0.0,,0.0,,0.0
,,,0.03125,,0.9375,,,,,,,,,,,1.0,1.0,,,,,1049,,,,0.0,,0.0,,0.0
,,,0.02109375037252903,,0.9375,,,,,,,,,,,1.0,1.0,,,,,1050,,,,0.0,,0.0,,0.0
,,,0.08246642351150513,,0.9139194488525391,,,,,,,,,,,1.0,1.0,,,,,1051,,,,0.0,,0.0,,0.0
,,,0.05546874925494194,,0.8984375,,,,,,,,,,,1.0,1.0,,,,,1052,,,,0.0,,0.0,,0.0
,,,0.0546875,,0.921875,,,,,,,,,,,1.0,1.0,,,,,1053,,,,0.0,,0.0,,0.0
,,,0.12272727489471436,,0.8999999761581421,,,,,,,,,,,1.0,1.0,,,,,1054,,,,0.0,,0.0,,0.0
,,,0.087890625,,0.8984375,,,,,,,,,,,1.0,1.0,,,,,1055,,,,0.0,,0.0,,0.0
,,,0.0633680522441864,,0.8671875,,,,,,,,,,,1.0,1.0,,,,,1056,,,,0.0,,0.0,,0.0
,,,0.12202753126621246,,0.8826658725738525,,,,,,,,,,,1.0,1.0,,,,,1057,,,,0.0,,0.0,,0.0
,,,0.0658482164144516,,0.96875,,,,,,,,,,,1.0,1.0,,,,,1058,,,,0.0,,0.0,,0.0
,,,0.04140625149011612,,0.8984375,,,,,,,,,,,1.0,1.0,,,,,1059,,,,0.0,,0.0,,0.0
,,,0.0520833320915699,,0.8984375,,,,,,,,,,,1.0,1.0,,,,,1060,,,,0.0,,0.0,,0.0
,,,0.156496062874794,,0.9173228740692139,,,,,,,,,,,1.0,1.0,,,,,1061,,,,0.0,,0.0,,0.0
,,,0.0373263880610466,,0.8046875,,,,,,,,,,,1.0,1.0,,,,,1062,,,,0.0,,0.0,,0.0
,,,0.03203124925494194,,0.7734375,,,,,,,,,,,1.0,1.0,,,,,1063,,,,0.0,,0.0,,0.0
,,,0.08304597437381744,,0.8491379022598267,,,,,,,,,,,1.0,1.0,,,,,1064,,,,0.0,,0.0,,0.0
,,,0.06796874850988388,,0.96875,,,,,,,,,,,1.0,1.0,,,,,1065,,,,0.0,,0.0,,0.0
,,,0.083984375,,0.9765625,,,,,,,,,,,1.0,1.0,,,,,1066,,,,0.0,,0.0,,0.0
,,,0.0864686518907547,,0.8676201105117798,,,,,,,,,,,1.0,1.0,,,,,1067,,,,0.0,,0.0,,0.0
,,,0.02109375037252903,,0.84375,,,,,,,,,,,1.0,1.0,,,,,1068,,,,0.0,,0.0,,0.0
,,,0.0322265625,,0.8359375,,,,,,,,,,,1.0,1.0,,,,,1069,,,,0.0,,0.0,,0.0
,,,0.06018518656492233,,0.7708333730697632,,,,,,,,,,,1.0,1.0,,,,,1070,,,,0.0,,0.0,,0.0
,,,0.0347222238779068,,0.8125,,,,,,,,,,,1.0,1.0,,,,,1071,,,,0.0,,0.0,,0.0
,,,0.0373263880610466,,0.78125,,,,,,,,,,,1.0,1.0,,,,,1072,,,,0.0,,0.0,,0.0
,,,0.11997047066688538,,0.8460686802864075,,,,,,,,,,,1.0,1.0,,,,,1073,,,,0.0,,0.0,,0.0
,,,0.0772569477558136,,0.9375,,,,,,,,,,,1.0,1.0,,,,,1074,,,,0.0,,0.0,,0.0
,,,0.0842013880610466,,0.953125,,,,,,,,,,,1.0,1.0,,,,,1075,,,,0.0,,0.0,,0.0
,,,0.16688790917396545,,0.8935103416442871,,,,,,,,,,,1.0,1.0,,,,,1076,,,,0.0,,0.0,,0.0
,,,0.0791015625,,0.9609375,,,,,,,,,,,1.0,1.0,,,,,1077,,,,0.0,,0.0,,0.0
,,,0.0677083358168602,,0.9453125,,,,,,,,,,,1.0,1.0,,,,,1078,,,,0.0,,0.0,,0.0
,,,0.08080808073282242,,0.9545454978942871,,,,,,,,,,,1.0,1.0,,,,,1079,,,,0.0,,0.0,,0.0
,,,0.02890625037252903,,0.9453125,,,,,,,,,,,1.0,1.0,,,,,1080,,,,0.0,,0.0,,0.0
,,,0.0234375,,0.9140625,,,,,,,,,,,1.0,1.0,,,,,1081,,,,0.0,,0.0,,0.0
,,,0.09711934626102448,,0.9444444179534912,,,,,,,,,,,1.0,1.0,,,,,1082,,,,0.0,,0.0,,0.0
,,,0.05234374850988388,,0.9140625,,,,,,,,,,,1.0,1.0,,,,,1083,,,,0.0,,0.0,,0.0
,,,0.05781250074505806,,0.890625,,,,,,,,,,,1.0,1.0,,,,,1084,,,,0.0,,0.0,,0.0
,,,0.1391640603542328,,0.8962516784667969,,,,,,,,,,,1.0,1.0,,,,,1085,,,,0.0,,0.0,,0.0
,,,0.0755208358168602,,0.890625,,,,,,,,,,,1.0,1.0,,,,,1086,,,,0.0,,0.0,,0.0
,,,0.0668402761220932,,0.875,,,,,,,,,,,1.0,1.0,,,,,1087,,,,0.0,,0.0,,0.0
,,,0.10817418247461319,,0.9152024388313293,,,,,,,,,,,1.0,1.0,,,,,1088,,,,0.0,,0.0,,0.0
,,,0.0512152761220932,,0.9375,,,,,,,,,,,1.0,1.0,,,,,1089,,,,0.0,,0.0,,0.0
,,,0.046875,,0.921875,,,,,,,,,,,1.0,1.0,,,,,1090,,,,0.0,,0.0,,0.0
,,,0.09013166278600693,,0.8410852551460266,,,,,,,,,,,1.0,1.0,,,,,1091,,,,0.0,,0.0,,0.0
,,,0.0295138880610466,,0.828125,,,,,,,,,,,1.0,1.0,,,,,1092,,,,0.0,,0.0,,0.0
,,,0.03046875074505806,,0.7734375,,,,,,,,,,,1.0,1.0,,,,,1093,,,,0.0,,0.0,,0.0
,,,0.11466577649116516,,0.8969072103500366,,,,,,,,,,,1.0,1.0,,,,,1094,,,,0.0,,0.0,,0.0
,,,0.06484375149011612,,0.953125,,,,,,,,,,,1.0,1.0,,,,,1095,,,,0.0,,0.0,,0.0
,,,0.06562499701976776,,0.9609375,,,,,,,,,,,1.0,1.0,,,,,1096,,,,0.0,,0.0,,0.0
,,,0.0962301567196846,,0.8616071343421936,,,,,,,,,,,1.0,1.0,,,,,1097,,,,0.0,,0.0,,0.0
,,,0.01996527798473835,,0.7734375,,,,,,,,,,,1.0,1.0,,,,,1098,,,,0.0,,0.0,,0.0
,,,0.02734375,,0.859375,,,,,,,,,,,1.0,1.0,,,,,1099,,,,0.0,,0.0,,0.0
,,,0.050349652767181396,,0.7781662940979004,,,,,,,,,,,1.0,1.0,,,,,1100,,,,0.0,,0.0,,0.0
,,,0.0390625,,0.8125,,,,,,,,,,,1.0,1.0,,,,,1101,,,,0.0,,0.0,,0.0
,,,0.02890625037252903,,0.75,,,,,,,,,,,1.0,1.0,,,,,1102,,,,0.0,,0.0,,0.0
,,,0.041119858622550964,,0.8110235929489136,,,,,,,,,,,1.0,1.0,,,,,1103,,,,0.0,,0.0,,0.0
11,0.4024141728878021,0.47102081775665283,,0.8893364667892456,,,,,,,,,,,,,,201.9580841064453,147748.5625,5.308060169219971,509.7867431640625,2651,,,0.0,,0.0,,0.0,
11,,,,,,1.4733705520629883,,-17.649105072021484,,10.944357872009277,,,,,,,,,,,,2651,1.9536216259002686,,,,,,,
,,,,,,,,,,,,,,0.00039940434131867847,0.03,,,,,,,2699,,,,,,,,
12,,,,,,,1.4751158952713013,,-17.660015106201172,,10.796875,0.0003994019061792642,0.029999999329447746,,,1.0,1.0,,,,,2699,,2.1042895317077637,,,,,,
,,,,,,,,,,,,,,0.0003992763794791224,0.03,,,,,,,2749,,,,,,,,
12,,,,,,,1.481133222579956,,-17.65237808227539,,11.390625,0.0003992737038061023,0.029999999329447746,,,1.0,1.0,,,,,2749,,1.9191969633102417,,,,,,
,,,,,,,,,,,,,,0.0003991360014691612,0.03,,,,,,,2799,,,,,,,,
12,,,,,,,1.479205846786499,,-17.649887084960938,,11.2890625,0.00039913307409733534,0.029999999329447746,,,1.0,1.0,,,,,2799,,1.9330904483795166,,,,,,
,,,,,,,,,,,,,,0.00039898321604401395,0.03,,,,,,,2849,,,,,,,,
12,,,,,,,1.4689043760299683,,-17.678590774536133,,10.15625,0.00039898004615679383,0.029999999329447746,,,1.0,1.0,,,,,2849,,1.889428734779358,,,,,,
,,,0.0654296875,,0.890625,,,,,,,,,,,1.0,1.0,,,,,1104,,,,0.0,,0.0,,0.0
,,,0.0693359375,,0.921875,,,,,,,,,,,1.0,1.0,,,,,1105,,,,0.0,,0.0,,0.0
,,,0.06952695548534393,,0.7801613807678223,,,,,,,,,,,1.0,1.0,,,,,1106,,,,0.0,,0.0,,0.0
,,,0.015625,,0.625,,,,,,,,,,,1.0,1.0,,,,,1107,,,,0.0,,0.0,,0.0
,,,0.010937499813735485,,0.6328125,,,,,,,,,,,1.0,1.0,,,,,1108,,,,0.0,,0.0,,0.0
,,,0.06730769574642181,,0.8605769276618958,,,,,,,,,,,1.0,1.0,,,,,1109,,,,0.0,,0.0,,0.0
,,,0.0434027761220932,,0.9765625,,,,,,,,,,,1.0,1.0,,,,,1110,,,,0.0,,0.0,,0.0
,,,0.0381944440305233,,0.953125,,,,,,,,,,,1.0,1.0,,,,,1111,,,,0.0,,0.0,,0.0
,,,0.12445206940174103,,0.9716981053352356,,,,,,,,,,,1.0,1.0,,,,,1112,,,,0.0,,0.0,,0.0
,,,0.0859375,,0.9921875,,,,,,,,,,,1.0,1.0,,,,,1113,,,,0.0,,0.0,,0.0
,,,0.099609375,,0.984375,,,,,,,,,,,1.0,1.0,,,,,1114,,,,0.0,,0.0,,0.0
,,,0.0876736119389534,,1.0,,,,,,,,,,,1.0,1.0,,,,,1115,,,,0.0,,0.0,,0.0
,,,0.17033332586288452,,0.9480000138282776,,,,,,,,,,,1.0,1.0,,,,,1116,,,,0.0,,0.0,,0.0
,,,0.078125,,0.90625,,,,,,,,,,,1.0,1.0,,,,,1117,,,,0.0,,0.0,,0.0
,,,0.0791015625,,0.890625,,,,,,,,,,,1.0,1.0,,,,,1118,,,,0.0,,0.0,,0.0
,,,0.11169467866420746,,0.8772175312042236,,,,,,,,,,,1.0,1.0,,,,,1119,,,,0.0,,0.0,,0.0
,,,0.0302734375,,0.875,,,,,,,,,,,1.0,1.0,,,,,1120,,,,0.0,,0.0,,0.0
,,,0.0303819440305233,,0.890625,,,,,,,,,,,1.0,1.0,,,,,1121,,,,0.0,,0.0,,0.0
,,,0.08838383853435516,,0.9080086946487427,,,,,,,,,,,1.0,1.0,,,,,1122,,,,0.0,,0.0,,0.0
,,,0.0555555559694767,,0.9140625,,,,,,,,,,,1.0,1.0,,,,,1123,,,,0.0,,0.0,,0.0
,,,0.0556640625,,0.90625,,,,,,,,,,,1.0,1.0,,,,,1124,,,,0.0,,0.0,,0.0
,,,0.07011207938194275,,0.8038605451583862,,,,,,,,,,,1.0,1.0,,,,,1125,,,,0.0,,0.0,,0.0
,,,0.0243055559694767,,0.6484375,,,,,,,,,,,1.0,1.0,,,,,1126,,,,0.0,,0.0,,0.0
,,,0.01640624925494194,,0.65625,,,,,,,,,,,1.0,1.0,,,,,1127,,,,0.0,,0.0,,0.0
,,,0.053891621530056,,0.814039409160614,,,,,,,,,,,1.0,1.0,,,,,1128,,,,0.0,,0.0,,0.0
,,,0.0368303582072258,,0.890625,,,,,,,,,,,1.0,1.0,,,,,1129,,,,0.0,,0.0,,0.0
,,,0.0364583320915699,,0.8828125,,,,,,,,,,,1.0,1.0,,,,,1130,,,,0.0,,0.0,,0.0
,,,0.07994409650564194,,0.853962242603302,,,,,,,,,,,1.0,1.0,,,,,1131,,,,0.0,,0.0,,0.0
,,,0.0703125,,0.90625,,,,,,,,,,,1.0,1.0,,,,,1132,,,,0.0,,0.0,,0.0
,,,0.0355902761220932,,0.875,,,,,,,,,,,1.0,1.0,,,,,1133,,,,0.0,,0.0,,0.0
,,,0.10259918123483658,,0.8946648836135864,,,,,,,,,,,1.0,1.0,,,,,1134,,,,0.0,,0.0,,0.0
,,,0.0598958320915699,,0.8828125,,,,,,,,,,,1.0,1.0,,,,,1135,,,,0.0,,0.0,,0.0
,,,0.0751953125,,0.9375,,,,,,,,,,,1.0,1.0,,,,,1136,,,,0.0,,0.0,,0.0
,,,0.05743842199444771,,0.762561559677124,,,,,,,,,,,1.0,1.0,,,,,1137,,,,0.0,,0.0,,0.0
,,,0.01328125037252903,,0.625,,,,,,,,,,,1.0,1.0,,,,,1138,,,,0.0,,0.0,,0.0
,,,0.015625,,0.65625,,,,,,,,,,,1.0,1.0,,,,,1139,,,,0.0,,0.0,,0.0
,,,0.055199410766363144,,0.885979950428009,,,,,,,,,,,1.0,1.0,,,,,1140,,,,0.0,,0.0,,0.0
,,,0.0442708320915699,,0.9609375,,,,,,,,,,,1.0,1.0,,,,,1141,,,,0.0,,0.0,,0.0
,,,0.0419921875,,0.9453125,,,,,,,,,,,1.0,1.0,,,,,1142,,,,0.0,,0.0,,0.0
,,,0.10410256683826447,,0.9444444179534912,,,,,,,,,,,1.0,1.0,,,,,1143,,,,0.0,,0.0,,0.0
,,,0.1015625,,0.984375,,,,,,,,,,,1.0,1.0,,,,,1144,,,,0.0,,0.0,,0.0
,,,0.1160714253783226,,0.9921875,,,,,,,,,,,1.0,1.0,,,,,1145,,,,0.0,,0.0,,0.0
,,,0.16237372159957886,,0.949999988079071,,,,,,,,,,,1.0,1.0,,,,,1146,,,,0.0,,0.0,,0.0
,,,0.0830078125,,0.8984375,,,,,,,,,,,1.0,1.0,,,,,1147,,,,0.0,,0.0,,0.0
,,,0.06953124701976776,,0.8828125,,,,,,,,,,,1.0,1.0,,,,,1148,,,,0.0,,0.0,,0.0
,,,0.10506188869476318,,0.843867301940918,,,,,,,,,,,1.0,1.0,,,,,1149,,,,0.0,,0.0,,0.0
,,,0.0302734375,,0.8828125,,,,,,,,,,,1.0,1.0,,,,,1150,,,,0.0,,0.0,,0.0
,,,0.0302734375,,0.8984375,,,,,,,,,,,1.0,1.0,,,,,1151,,,,0.0,,0.0,,0.0
,,,0.0295138880610466,,0.875,,,,,,,,,,,1.0,1.0,,,,,1152,,,,0.0,,0.0,,0.0
,,,0.053368330001831055,,0.9724409580230713,,,,,,,,,,,1.0,1.0,,,,,1153,,,,0.0,,0.0,,0.0
,,,0.0512152761220932,,0.890625,,,,,,,,,,,1.0,1.0,,,,,1154,,,,0.0,,0.0,,0.0
,,,0.0546875,,0.9140625,,,,,,,,,,,1.0,1.0,,,,,1155,,,,0.0,,0.0,,0.0
,,,0.061941251158714294,,0.7816091775894165,,,,,,,,,,,1.0,1.0,,,,,1156,,,,0.0,,0.0,,0.0
,,,0.02031249925494194,,0.65625,,,,,,,,,,,1.0,1.0,,,,,1157,,,,0.0,,0.0,,0.0
,,,0.01796874962747097,,0.6953125,,,,,,,,,,,1.0,1.0,,,,,1158,,,,0.0,,0.0,,0.0
,,,0.06482499837875366,,0.8159148693084717,,,,,,,,,,,1.0,1.0,,,,,1159,,,,0.0,,0.0,,0.0
,,,0.0364583320915699,,0.875,,,,,,,,,,,1.0,1.0,,,,,1160,,,,0.0,,0.0,,0.0
,,,0.0390625,,0.875,,,,,,,,,,,1.0,1.0,,,,,1161,,,,0.0,,0.0,,0.0
,,,0.08101852238178253,,0.8177083730697632,,,,,,,,,,,1.0,1.0,,,,,1162,,,,0.0,,0.0,,0.0
,,,0.0546875,,0.890625,,,,,,,,,,,1.0,1.0,,,,,1163,,,,0.0,,0.0,,0.0
,,,0.04296875,,0.8671875,,,,,,,,,,,1.0,1.0,,,,,1164,,,,0.0,,0.0,,0.0
,,,0.12195459753274918,,0.9000554084777832,,,,,,,,,,,1.0,1.0,,,,,1165,,,,0.0,,0.0,,0.0
,,,0.0712890625,,0.8984375,,,,,,,,,,,1.0,1.0,,,,,1166,,,,0.0,,0.0,,0.0
,,,0.0751953125,,0.953125,,,,,,,,,,,1.0,1.0,,,,,1167,,,,0.0,,0.0,,0.0
,,,0.06707964837551117,,0.7342182993888855,,,,,,,,,,,1.0,1.0,,,,,1168,,,,0.0,,0.0,,0.0
,,,0.01640624925494194,,0.6171875,,,,,,,,,,,1.0,1.0,,,,,1169,,,,0.0,,0.0,,0.0
,,,0.015625,,0.7578125,,,,,,,,,,,1.0,1.0,,,,,1170,,,,0.0,,0.0,,0.0
,,,0.05858585983514786,,0.8333333730697632,,,,,,,,,,,1.0,1.0,,,,,1171,,,,0.0,,0.0,,0.0
,,,0.0442708320915699,,0.953125,,,,,,,,,,,1.0,1.0,,,,,1172,,,,0.0,,0.0,,0.0
,,,0.0380859375,,0.90625,,,,,,,,,,,1.0,1.0,,,,,1173,,,,0.0,,0.0,,0.0
,,,0.12427983433008194,,0.9953703880310059,,,,,,,,,,,1.0,1.0,,,,,1174,,,,0.0,,0.0,,0.0
,,,0.1025390625,,0.9921875,,,,,,,,,,,1.0,1.0,,,,,1175,,,,0.0,,0.0,,0.0
,,,0.0928819477558136,,1.0,,,,,,,,,,,1.0,1.0,,,,,1176,,,,0.0,,0.0,,0.0
,,,0.16427189111709595,,0.9457831382751465,,,,,,,,,,,1.0,1.0,,,,,1177,,,,0.0,,0.0,,0.0
,,,0.1015625,,0.90625,,,,,,,,,,,1.0,1.0,,,,,1178,,,,0.0,,0.0,,0.0
,,,0.0737847238779068,,0.875,,,,,,,,,,,1.0,1.0,,,,,1179,,,,0.0,,0.0,,0.0
,,,0.10001981258392334,,0.8762414455413818,,,,,,,,,,,1.0,1.0,,,,,1180,,,,0.0,,0.0,,0.0
,,,0.0234375,,0.875,,,,,,,,,,,1.0,1.0,,,,,1181,,,,0.0,,0.0,,0.0
,,,0.03125,,0.90625,,,,,,,,,,,1.0,1.0,,,,,1182,,,,0.0,,0.0,,0.0
,,,0.06960132718086243,,0.8947951197624207,,,,,,,,,,,1.0,1.0,,,,,1183,,,,0.0,,0.0,,0.0
,,,0.0615234375,,0.9375,,,,,,,,,,,1.0,1.0,,,,,1184,,,,0.0,,0.0,,0.0
,,,0.04296875,,0.875,,,,,,,,,,,1.0,1.0,,,,,1185,,,,0.0,,0.0,,0.0
,,,0.08303957432508469,,0.8942467570304871,,,,,,,,,,,1.0,1.0,,,,,1186,,,,0.0,,0.0,,0.0
,,,0.0234375,,0.59375,,,,,,,,,,,1.0,1.0,,,,,1187,,,,0.0,,0.0,,0.0
,,,0.01796874962747097,,0.6640625,,,,,,,,,,,1.0,1.0,,,,,1188,,,,0.0,,0.0,,0.0
,,,0.0714285746216774,,0.8526785373687744,,,,,,,,,,,1.0,1.0,,,,,1189,,,,0.0,,0.0,,0.0
,,,0.0334821417927742,,0.875,,,,,,,,,,,1.0,1.0,,,,,1190,,,,0.0,,0.0,,0.0
,,,0.0347222238779068,,0.90625,,,,,,,,,,,1.0,1.0,,,,,1191,,,,0.0,,0.0,,0.0
,,,0.0884917601943016,,0.7781662940979004,,,,,,,,,,,1.0,1.0,,,,,1192,,,,0.0,,0.0,,0.0
,,,0.0716145858168602,,0.921875,,,,,,,,,,,1.0,1.0,,,,,1193,,,,0.0,,0.0,,0.0
,,,0.03984374925494194,,0.8671875,,,,,,,,,,,1.0,1.0,,,,,1194,,,,0.0,,0.0,,0.0
,,,0.05624296888709068,,0.8976377844810486,,,,,,,,,,,1.0,1.0,,,,,1195,,,,0.0,,0.0,,0.0
12,0.3760669231414795,0.4154958426952362,,0.8640074133872986,,,,,,,,,,,,,,208.83692932128906,164769.625,5.341553688049316,504.8896484375,2872,,,0.0,,0.0,,0.0,
12,,,,,,1.4786354303359985,,-17.663217544555664,,10.868884086608887,,,,,,,,,,,,2872,1.9403506517410278,,,,,,,
,,,,,,,,,,,,,,0.00039881803273273645,0.03,,,,,,,2899,,,,,,,,
13,,,,,,,1.4812432527542114,,-17.668500900268555,,10.703125,0.0003988145908806473,0.029999999329447746,,,1.0,1.0,,,,,2899,,1.8618135452270508,,,,,,
,,,,,,,,,,,,,,0.0003986404618376262,0.03,,,,,,,2949,,,,,,,,
13,,,,,,,1.4765334129333496,,-17.685108184814453,,10.5390625,0.0003986367955803871,0.029999999329447746,,,1.0,1.0,,,,,2949,,1.6516262292861938,,,,,,
,,,,,,,,,,,,,,0.000398450514433581,0.03,,,,,,,2999,,,,,,,,
13,,,,,,,1.4892497062683105,,-17.676671981811523,,10.9375,0.00039844660204835236,0.029999999329447746,,,1.0,1.0,,,,,2999,,1.9665828943252563,,,,,,
,,,,,,,,,,,,,,0.0003982482023674068,0.03,,,,,,,3049,,,,,,,,
13,,,,,,,1.4854979515075684,,-17.671138763427734,,10.796875,0.0003982440393883735,0.029999999329447746,,,1.0,1.0,,,,,3049,,1.986882209777832,,,,,,
,,,0.02083333395421505,,0.8515625,,,,,,,,,,,1.0,1.0,,,,,1196,,,,0.0,,0.0,,0.0
,,,0.0390625,,0.8359375,,,,,,,,,,,1.0,1.0,,,,,1197,,,,0.0,,0.0,,0.0
,,,0.03314998373389244,,0.7405573725700378,,,,,,,,,,,1.0,1.0,,,,,1198,,,,0.0,,0.0,,0.0
,,,0.01909722201526165,,0.765625,,,,,,,,,,,1.0,1.0,,,,,1199,,,,0.0,,0.0,,0.0
,,,0.010416666977107525,,0.6796875,,,,,,,,,,,1.0,1.0,,,,,1200,,,,0.0,,0.0,,0.0
,,,0.013176638633012772,,0.7532051205635071,,,,,,,,,,,1.0,1.0,,,,,1201,,,,0.0,,0.0,,0.0
,,,0.0054687499068677425,,0.75,,,,,,,,,,,1.0,1.0,,,,,1202,,,,0.0,,0.0,,0.0
,,,0.0052083334885537624,,0.8046875,,,,,,,,,,,1.0,1.0,,,,,1203,,,,0.0,,0.0,,0.0
,,,0.035591766238212585,,0.8413379192352295,,,,,,,,,,,1.0,1.0,,,,,1204,,,,0.0,,0.0,,0.0
,,,0.0341796875,,0.8984375,,,,,,,,,,,1.0,1.0,,,,,1205,,,,0.0,,0.0,,0.0
,,,0.0361328125,,0.8828125,,,,,,,,,,,1.0,1.0,,,,,1206,,,,0.0,,0.0,,0.0
,,,0.0442708320915699,,0.9140625,,,,,,,,,,,1.0,1.0,,,,,1207,,,,0.0,,0.0,,0.0
,,,0.14026667177677155,,0.9240000247955322,,,,,,,,,,,1.0,1.0,,,,,1208,,,,0.0,,0.0,,0.0
,,,0.0789930522441864,,0.84375,,,,,,,,,,,1.0,1.0,,,,,1209,,,,0.0,,0.0,,0.0
,,,0.06484375149011612,,0.796875,,,,,,,,,,,1.0,1.0,,,,,1210,,,,0.0,,0.0,,0.0
,,,0.1348039209842682,,0.9621849060058594,,,,,,,,,,,1.0,1.0,,,,,1211,,,,0.0,,0.0,,0.0
,,,0.046875,,0.921875,,,,,,,,,,,1.0,1.0,,,,,1212,,,,0.0,,0.0,,0.0
,,,0.0502232126891613,,0.8984375,,,,,,,,,,,1.0,1.0,,,,,1213,,,,0.0,,0.0,,0.0
,,,0.14672231674194336,,0.8961038589477539,,,,,,,,,,,1.0,1.0,,,,,1214,,,,0.0,,0.0,,0.0
,,,0.0870535746216774,,0.9453125,,,,,,,,,,,1.0,1.0,,,,,1215,,,,0.0,,0.0,,0.0
,,,0.072265625,,0.9296875,,,,,,,,,,,1.0,1.0,,,,,1216,,,,0.0,,0.0,,0.0
,,,0.09151792526245117,,0.8516811728477478,,,,,,,,,,,1.0,1.0,,,,,1217,,,,0.0,,0.0,,0.0
,,,0.0251736119389534,,0.7265625,,,,,,,,,,,1.0,1.0,,,,,1218,,,,0.0,,0.0,,0.0
,,,0.02265625074505806,,0.7578125,,,,,,,,,,,1.0,1.0,,,,,1219,,,,0.0,,0.0,,0.0
,,,0.11603721976280212,,0.8842364549636841,,,,,,,,,,,1.0,1.0,,,,,1220,,,,0.0,,0.0,,0.0
,,,0.1104910746216774,,0.9765625,,,,,,,,,,,1.0,1.0,,,,,1221,,,,0.0,,0.0,,0.0
,,,0.1025390625,,0.9921875,,,,,,,,,,,1.0,1.0,,,,,1222,,,,0.0,,0.0,,0.0
,,,0.20258760452270508,,0.9677987694740295,,,,,,,,,,,1.0,1.0,,,,,1223,,,,0.0,,0.0,,0.0
,,,0.1149553582072258,,0.9921875,,,,,,,,,,,1.0,1.0,,,,,1224,,,,0.0,,0.0,,0.0
,,,0.1049107164144516,,0.96875,,,,,,,,,,,1.0,1.0,,,,,1225,,,,0.0,,0.0,,0.0
,,,0.09396564960479736,,0.9124487042427063,,,,,,,,,,,1.0,1.0,,,,,1226,,,,0.0,,0.0,,0.0
,,,0.029296875,,0.8515625,,,,,,,,,,,1.0,1.0,,,,,1227,,,,0.0,,0.0,,0.0
,,,0.0345982126891613,,0.8671875,,,,,,,,,,,1.0,1.0,,,,,1228,,,,0.0,,0.0,,0.0
,,,0.03443349897861481,,0.7280788421630859,,,,,,,,,,,1.0,1.0,,,,,1229,,,,0.0,,0.0,,0.0
,,,0.01822916604578495,,0.703125,,,,,,,,,,,1.0,1.0,,,,,1230,,,,0.0,,0.0,,0.0
,,,0.0078125,,0.6171875,,,,,,,,,,,1.0,1.0,,,,,1231,,,,0.0,,0.0,,0.0
,,,0.024685317650437355,,0.7419867515563965,,,,,,,,,,,1.0,1.0,,,,,1232,,,,0.0,,0.0,,0.0
,,,0.0054687499068677425,,0.8125,,,,,,,,,,,1.0,1.0,,,,,1233,,,,0.0,,0.0,,0.0
,,,0.00434027798473835,,0.765625,,,,,,,,,,,1.0,1.0,,,,,1234,,,,0.0,,0.0,,0.0
,,,0.027838828042149544,,0.8117216229438782,,,,,,,,,,,1.0,1.0,,,,,1235,,,,0.0,,0.0,,0.0
,,,0.0355902761220932,,0.90625,,,,,,,,,,,1.0,1.0,,,,,1236,,,,0.0,,0.0,,0.0
,,,0.0400390625,,0.890625,,,,,,,,,,,1.0,1.0,,,,,1237,,,,0.0,,0.0,,0.0
,,,0.1824675351381302,,0.8920454978942871,,,,,,,,,,,1.0,1.0,,,,,1238,,,,0.0,,0.0,,0.0
,,,0.08984375,,0.8515625,,,,,,,,,,,1.0,1.0,,,,,1239,,,,0.0,,0.0,,0.0
,,,0.0746527761220932,,0.796875,,,,,,,,,,,1.0,1.0,,,,,1240,,,,0.0,,0.0,,0.0
,,,0.1225837767124176,,0.8854818344116211,,,,,,,,,,,1.0,1.0,,,,,1241,,,,0.0,,0.0,,0.0
,,,0.0442708320915699,,0.9375,,,,,,,,,,,1.0,1.0,,,,,1242,,,,0.0,,0.0,,0.0
,,,0.0419921875,,0.90625,,,,,,,,,,,1.0,1.0,,,,,1243,,,,0.0,,0.0,,0.0
,,,0.0580357126891613,,0.8984375,,,,,,,,,,,1.0,1.0,,,,,1244,,,,0.0,,0.0,,0.0
,,,0.08436445891857147,,0.960629940032959,,,,,,,,,,,1.0,1.0,,,,,1245,,,,0.0,,0.0,,0.0
,,,0.0859375,,0.9375,,,,,,,,,,,1.0,1.0,,,,,1246,,,,0.0,,0.0,,0.0
,,,0.0751953125,,0.9375,,,,,,,,,,,1.0,1.0,,,,,1247,,,,0.0,,0.0,,0.0
,,,0.08397190272808075,,0.857758641242981,,,,,,,,,,,1.0,1.0,,,,,1248,,,,0.0,,0.0,,0.0
,,,0.02604166604578495,,0.71875,,,,,,,,,,,1.0,1.0,,,,,1249,,,,0.0,,0.0,,0.0
,,,0.02578124962747097,,0.7734375,,,,,,,,,,,1.0,1.0,,,,,1250,,,,0.0,,0.0,,0.0
,,,0.09277594089508057,,0.8789879083633423,,,,,,,,,,,1.0,1.0,,,,,1251,,,,0.0,,0.0,,0.0
,,,0.0986328125,,0.9765625,,,,,,,,,,,1.0,1.0,,,,,1252,,,,0.0,,0.0,,0.0
,,,0.109375,,0.984375,,,,,,,,,,,1.0,1.0,,,,,1253,,,,0.0,,0.0,,0.0
,,,0.2413194477558136,,0.9739583730697632,,,,,,,,,,,1.0,1.0,,,,,1254,,,,0.0,,0.0,,0.0
,,,0.1236979141831398,,0.9609375,,,,,,,,,,,1.0,1.0,,,,,1255,,,,0.0,,0.0,,0.0
,,,0.0772569477558136,,0.96875,,,,,,,,,,,1.0,1.0,,,,,1256,,,,0.0,,0.0,,0.0
,,,0.11551772058010101,,0.894241452217102,,,,,,,,,,,1.0,1.0,,,,,1257,,,,0.0,,0.0,,0.0
,,,0.0302734375,,0.8203125,,,,,,,,,,,1.0,1.0,,,,,1258,,,,0.0,,0.0,,0.0
,,,0.03125,,0.8828125,,,,,,,,,,,1.0,1.0,,,,,1259,,,,0.0,,0.0,,0.0
,,,0.03598820045590401,,0.7362831830978394,,,,,,,,,,,1.0,1.0,,,,,1260,,,,0.0,,0.0,,0.0
,,,0.0173611119389534,,0.6796875,,,,,,,,,,,1.0,1.0,,,,,1261,,,,0.0,,0.0,,0.0
,,,0.01015624962747097,,0.6484375,,,,,,,,,,,1.0,1.0,,,,,1262,,,,0.0,,0.0,,0.0
,,,0.02393939346075058,,0.7010101079940796,,,,,,,,,,,1.0,1.0,,,,,1263,,,,0.0,,0.0,,0.0
,,,0.0052083334885537624,,0.796875,,,,,,,,,,,1.0,1.0,,,,,1264,,,,0.0,,0.0,,0.0
,,,0.0031250000465661287,,0.7578125,,,,,,,,,,,1.0,1.0,,,,,1265,,,,0.0,,0.0,,0.0
,,,0.030864199623465538,,0.885185182094574,,,,,,,,,,,1.0,1.0,,,,,1266,,,,0.0,,0.0,,0.0
,,,0.0390625,,0.9140625,,,,,,,,,,,1.0,1.0,,,,,1267,,,,0.0,,0.0,,0.0
,,,0.0558035708963871,,0.921875,,,,,,,,,,,1.0,1.0,,,,,1268,,,,0.0,,0.0,,0.0
,,,0.15900267660617828,,0.8943774700164795,,,,,,,,,,,1.0,1.0,,,,,1269,,,,0.0,,0.0,,0.0
,,,0.0807291641831398,,0.859375,,,,,,,,,,,1.0,1.0,,,,,1270,,,,0.0,,0.0,,0.0
,,,0.0830078125,,0.8046875,,,,,,,,,,,1.0,1.0,,,,,1271,,,,0.0,,0.0,,0.0
,,,0.1140565350651741,,0.866182804107666,,,,,,,,,,,1.0,1.0,,,,,1272,,,,0.0,,0.0,,0.0
,,,0.041015625,,0.90625,,,,,,,,,,,1.0,1.0,,,,,1273,,,,0.0,,0.0,,0.0
,,,0.0478515625,,0.9140625,,,,,,,,,,,1.0,1.0,,,,,1274,,,,0.0,,0.0,,0.0
,,,0.14657491445541382,,0.9061461687088013,,,,,,,,,,,1.0,1.0,,,,,1275,,,,0.0,,0.0,,0.0
,,,0.0668402761220932,,0.921875,,,,,,,,,,,1.0,1.0,,,,,1276,,,,0.0,,0.0,,0.0
,,,0.068359375,,0.9296875,,,,,,,,,,,1.0,1.0,,,,,1277,,,,0.0,,0.0,,0.0
,,,0.10700032860040665,,0.9045560359954834,,,,,,,,,,,1.0,1.0,,,,,1278,,,,0.0,,0.0,,0.0
,,,0.0173611119389534,,0.6953125,,,,,,,,,,,1.0,1.0,,,,,1279,,,,0.0,,0.0,,0.0
,,,0.0234375,,0.6953125,,,,,,,,,,,1.0,1.0,,,,,1280,,,,0.0,,0.0,,0.0
,,,0.1071428507566452,,0.8928571343421936,,,,,,,,,,,1.0,1.0,,,,,1281,,,,0.0,,0.0,,0.0
,,,0.0908203125,,0.96875,,,,,,,,,,,1.0,1.0,,,,,1282,,,,0.0,,0.0,,0.0
,,,0.0876736119389534,,0.984375,,,,,,,,,,,1.0,1.0,,,,,1283,,,,0.0,,0.0,,0.0
,,,0.20396271347999573,,0.9459984302520752,,,,,,,,,,,1.0,1.0,,,,,1284,,,,0.0,,0.0,,0.0
,,,0.1049107164144516,,0.984375,,,,,,,,,,,1.0,1.0,,,,,1285,,,,0.0,,0.0,,0.0
,,,0.1004464253783226,,0.953125,,,,,,,,,,,1.0,1.0,,,,,1286,,,,0.0,,0.0,,0.0
,,,0.093503937125206,,0.9685039520263672,,,,,,,,,,,1.0,1.0,,,,,1287,,,,0.0,,0.0,,0.0
13,0.3785291910171509,0.41384202241897583,,0.8579123020172119,,,,,,,,,,,,,,205.94293212890625,453978.71875,5.327599048614502,510.5373229980469,3093,,,0.0,,0.0,,0.0,
13,,,,,,1.481834888458252,,-17.6751651763916,,10.593926429748535,,,,,,,,,,,,3093,2.062256336212158,,,,,,,
,,,,,,,,,,,,,,0.0003980335382570804,0.03,,,,,,,3099,,,,,,,,
14,,,,,,,1.4866145849227905,,-17.675094604492188,,10.5078125,0.0003980291076004505,0.029999999329447746,,,1.0,1.0,,,,,3099,,2.038106679916382,,,,,,
,,,,,,,,,,,,,,0.0003978065354909618,0.03,,,,,,,3149,,,,,,,,
14,,,,,,,1.4900662899017334,,-17.670682907104492,,10.6015625,0.00039780186489224434,0.029999999329447746,,,1.0,1.0,,,,,3149,,2.1608047485351562,,,,,,
,,,,,,,,,,,,,,0.0003975672082269585,0.03,,,,,,,3199,,,,,,,,
14,,,,,,,1.487013578414917,,-17.68807029724121,,9.9375,0.0003975622821599245,0.029999999329447746,,,1.0,1.0,,,,,3199,,1.9537882804870605,,,,,,
,,,,,,,,,,,,,,0.00039731557139164366,0.03,,,,,,,3249,,,,,,,,
14,,,,,,,1.4888300895690918,,-17.666358947753906,,11.1171875,0.00039731041761115193,0.029999999329447746,,,1.0,1.0,,,,,3249,,2.101830244064331,,,,,,
,,,,,,,,,,,,,,0.00039705164067932404,0.03,,,,,,,3299,,,,,,,,
14,,,,,,,1.4861931800842285,,-17.678483963012695,,10.8046875,0.00039704624214209616,0.029999999329447746,,,1.0,1.0,,,,,3299,,1.9069039821624756,,,,,,
,,,0.0529513880610466,,0.9140625,,,,,,,,,,,1.0,1.0,,,,,1288,,,,0.0,,0.0,,0.0
,,,0.068359375,,0.9140625,,,,,,,,,,,1.0,1.0,,,,,1289,,,,0.0,,0.0,,0.0
,,,0.10414374619722366,,0.9233590364456177,,,,,,,,,,,1.0,1.0,,,,,1290,,,,0.0,,0.0,,0.0
,,,0.041015625,,0.8125,,,,,,,,,,,1.0,1.0,,,,,1291,,,,0.0,,0.0,,0.0
,,,0.0439453125,,0.828125,,,,,,,,,,,1.0,1.0,,,,,1292,,,,0.0,,0.0,,0.0
,,,0.07892628014087677,,0.8525640964508057,,,,,,,,,,,1.0,1.0,,,,,1293,,,,0.0,,0.0,,0.0
,,,0.0243055559694767,,0.96875,,,,,,,,,,,1.0,1.0,,,,,1294,,,,0.0,,0.0,,0.0
,,,0.02777777798473835,,0.953125,,,,,,,,,,,1.0,1.0,,,,,1295,,,,0.0,,0.0,,0.0
,,,0.05422145873308182,,0.8713550567626953,,,,,,,,,,,1.0,1.0,,,,,1296,,,,0.0,,0.0,,0.0
,,,0.0347222238779068,,0.9140625,,,,,,,,,,,1.0,1.0,,,,,1297,,,,0.0,,0.0,,0.0
,,,0.0381944440305233,,0.8984375,,,,,,,,,,,1.0,1.0,,,,,1298,,,,0.0,,0.0,,0.0
,,,0.0425347238779068,,0.875,,,,,,,,,,,1.0,1.0,,,,,1299,,,,0.0,,0.0,,0.0
,,,0.146962970495224,,0.753333330154419,,,,,,,,,,,1.0,1.0,,,,,1300,,,,0.0,,0.0,,0.0
,,,0.0651041641831398,,0.8046875,,,,,,,,,,,1.0,1.0,,,,,1301,,,,0.0,,0.0,,0.0
,,,0.0572916679084301,,0.78125,,,,,,,,,,,1.0,1.0,,,,,1302,,,,0.0,,0.0,,0.0
,,,0.12428675591945648,,0.8678804636001587,,,,,,,,,,,1.0,1.0,,,,,1303,,,,0.0,,0.0,,0.0
,,,0.07421875,,0.9609375,,,,,,,,,,,1.0,1.0,,,,,1304,,,,0.0,,0.0,,0.0
,,,0.0703125,,0.921875,,,,,,,,,,,1.0,1.0,,,,,1305,,,,0.0,,0.0,,0.0
,,,0.0999278575181961,,0.8841991424560547,,,,,,,,,,,1.0,1.0,,,,,1306,,,,0.0,,0.0,,0.0
,,,0.0338541679084301,,0.859375,,,,,,,,,,,1.0,1.0,,,,,1307,,,,0.0,,0.0,,0.0
,,,0.0329861119389534,,0.875,,,,,,,,,,,1.0,1.0,,,,,1308,,,,0.0,,0.0,,0.0
,,,0.1017296239733696,,0.8723536729812622,,,,,,,,,,,1.0,1.0,,,,,1309,,,,0.0,,0.0,,0.0
,,,0.0416666679084301,,0.84375,,,,,,,,,,,1.0,1.0,,,,,1310,,,,0.0,,0.0,,0.0
,,,0.0442708320915699,,0.859375,,,,,,,,,,,1.0,1.0,,,,,1311,,,,0.0,,0.0,,0.0
,,,0.043152712285518646,,0.6830049157142639,,,,,,,,,,,1.0,1.0,,,,,1312,,,,0.0,,0.0,,0.0
,,,0.0,,0.4296875,,,,,,,,,,,1.0,1.0,,,,,1313,,,,0.0,,0.0,,0.0
,,,0.0008680555620230734,,0.4296875,,,,,,,,,,,1.0,1.0,,,,,1314,,,,0.0,,0.0,,0.0
,,,0.07680503278970718,,0.7305660247802734,,,,,,,,,,,1.0,1.0,,,,,1315,,,,0.0,,0.0,,0.0
,,,0.1025390625,,1.0,,,,,,,,,,,1.0,1.0,,,,,1316,,,,0.0,,0.0,,0.0
,,,0.0849609375,,0.9765625,,,,,,,,,,,1.0,1.0,,,,,1317,,,,0.0,,0.0,,0.0
,,,0.13621750473976135,,0.9299589395523071,,,,,,,,,,,1.0,1.0,,,,,1318,,,,0.0,,0.0,,0.0
,,,0.0703125,,0.921875,,,,,,,,,,,1.0,1.0,,,,,1319,,,,0.0,,0.0,,0.0
,,,0.0803571417927742,,0.9140625,,,,,,,,,,,1.0,1.0,,,,,1320,,,,0.0,,0.0,,0.0
,,,0.09277503937482834,,0.8339901566505432,,,,,,,,,,,1.0,1.0,,,,,1321,,,,0.0,,0.0,,0.0
,,,0.0425347238779068,,0.828125,,,,,,,,,,,1.0,1.0,,,,,1322,,,,0.0,,0.0,,0.0
,,,0.0322265625,,0.8046875,,,,,,,,,,,1.0,1.0,,,,,1323,,,,0.0,,0.0,,0.0
,,,0.06312698870897293,,0.8635919094085693,,,,,,,,,,,1.0,1.0,,,,,1324,,,,0.0,,0.0,,0.0
,,,0.0400390625,,0.96875,,,,,,,,,,,1.0,1.0,,,,,1325,,,,0.0,,0.0,,0.0
,,,0.0234375,,0.9296875,,,,,,,,,,,1.0,1.0,,,,,1326,,,,0.0,,0.0,,0.0
,,,0.06064306199550629,,0.898779034614563,,,,,,,,,,,1.0,1.0,,,,,1327,,,,0.0,,0.0,,0.0
,,,0.04296875,,0.8984375,,,,,,,,,,,1.0,1.0,,,,,1328,,,,0.0,,0.0,,0.0
,,,0.048828125,,0.9140625,,,,,,,,,,,1.0,1.0,,,,,1329,,,,0.0,,0.0,,0.0
,,,0.11262625455856323,,0.8806818127632141,,,,,,,,,,,1.0,1.0,,,,,1330,,,,0.0,,0.0,,0.0
,,,0.0685763880610466,,0.828125,,,,,,,,,,,1.0,1.0,,,,,1331,,,,0.0,,0.0,,0.0
,,,0.0607638880610466,,0.7890625,,,,,,,,,,,1.0,1.0,,,,,1332,,,,0.0,,0.0,,0.0
,,,0.136629119515419,,0.8948686122894287,,,,,,,,,,,1.0,1.0,,,,,1333,,,,0.0,,0.0,,0.0
,,,0.0771484375,,0.9609375,,,,,,,,,,,1.0,1.0,,,,,1334,,,,0.0,,0.0,,0.0
,,,0.0803571417927742,,0.921875,,,,,,,,,,,1.0,1.0,,,,,1335,,,,0.0,,0.0,,0.0
,,,0.0712890625,,0.921875,,,,,,,,,,,1.0,1.0,,,,,1336,,,,0.0,,0.0,,0.0
,,,0.14173227548599243,,0.9409449100494385,,,,,,,,,,,1.0,1.0,,,,,1337,,,,0.0,,0.0,,0.0
,,,0.0364583320915699,,0.875,,,,,,,,,,,1.0,1.0,,,,,1338,,,,0.0,,0.0,,0.0
,,,0.0329861119389534,,0.890625,,,,,,,,,,,1.0,1.0,,,,,1339,,,,0.0,,0.0,,0.0
,,,0.11430396139621735,,0.9051724076271057,,,,,,,,,,,1.0,1.0,,,,,1340,,,,0.0,,0.0,,0.0
,,,0.0486111119389534,,0.8515625,,,,,,,,,,,1.0,1.0,,,,,1341,,,,0.0,,0.0,,0.0
,,,0.046875,,0.859375,,,,,,,,,,,1.0,1.0,,,,,1342,,,,0.0,,0.0,,0.0
,,,0.029629629105329514,,0.6697836518287659,,,,,,,,,,,1.0,1.0,,,,,1343,,,,0.0,,0.0,,0.0
,,,0.0008680555620230734,,0.4453125,,,,,,,,,,,1.0,1.0,,,,,1344,,,,0.0,,0.0,,0.0
,,,0.0009765625,,0.4921875,,,,,,,,,,,1.0,1.0,,,,,1345,,,,0.0,,0.0,,0.0
,,,0.07916666567325592,,0.6927083730697632,,,,,,,,,,,1.0,1.0,,,,,1346,,,,0.0,,0.0,,0.0
,,,0.09765625,,0.984375,,,,,,,,,,,1.0,1.0,,,,,1347,,,,0.0,,0.0,,0.0
,,,0.0763888880610466,,0.9921875,,,,,,,,,,,1.0,1.0,,,,,1348,,,,0.0,,0.0,,0.0
,,,0.17006802558898926,,0.9415836334228516,,,,,,,,,,,1.0,1.0,,,,,1349,,,,0.0,,0.0,,0.0
,,,0.0792410746216774,,0.90625,,,,,,,,,,,1.0,1.0,,,,,1350,,,,0.0,,0.0,,0.0
,,,0.07421875,,0.9375,,,,,,,,,,,1.0,1.0,,,,,1351,,,,0.0,,0.0,,0.0
,,,0.08528351783752441,,0.831563413143158,,,,,,,,,,,1.0,1.0,,,,,1352,,,,0.0,,0.0,,0.0
,,,0.0355902761220932,,0.8125,,,,,,,,,,,1.0,1.0,,,,,1353,,,,0.0,,0.0,,0.0
,,,0.0380859375,,0.8359375,,,,,,,,,,,1.0,1.0,,,,,1354,,,,0.0,,0.0,,0.0
,,,0.059147030115127563,,0.8338383436203003,,,,,,,,,,,1.0,1.0,,,,,1355,,,,0.0,,0.0,,0.0
,,,0.03515625,,0.953125,,,,,,,,,,,1.0,1.0,,,,,1356,,,,0.0,,0.0,,0.0
,,,0.0243055559694767,,0.9296875,,,,,,,,,,,1.0,1.0,,,,,1357,,,,0.0,,0.0,,0.0
,,,0.05925925821065903,,0.9240740537643433,,,,,,,,,,,1.0,1.0,,,,,1358,,,,0.0,,0.0,,0.0
,,,0.0380859375,,0.8984375,,,,,,,,,,,1.0,1.0,,,,,1359,,,,0.0,,0.0,,0.0
,,,0.0416666679084301,,0.8515625,,,,,,,,,,,1.0,1.0,,,,,1360,,,,0.0,,0.0,,0.0
,,,0.1230105608701706,,0.9054886102676392,,,,,,,,,,,1.0,1.0,,,,,1361,,,,0.0,,0.0,,0.0
,,,0.0677083358168602,,0.828125,,,,,,,,,,,1.0,1.0,,,,,1362,,,,0.0,,0.0,,0.0
,,,0.0616319440305233,,0.78125,,,,,,,,,,,1.0,1.0,,,,,1363,,,,0.0,,0.0,,0.0
,,,0.12517330050468445,,0.8759867548942566,,,,,,,,,,,1.0,1.0,,,,,1364,,,,0.0,,0.0,,0.0
,,,0.064453125,,0.9453125,,,,,,,,,,,1.0,1.0,,,,,1365,,,,0.0,,0.0,,0.0
,,,0.0642361119389534,,0.9453125,,,,,,,,,,,1.0,1.0,,,,,1366,,,,0.0,,0.0,,0.0
,,,0.0949920043349266,,0.8936877250671387,,,,,,,,,,,1.0,1.0,,,,,1367,,,,0.0,,0.0,,0.0
,,,0.03125,,0.8671875,,,,,,,,,,,1.0,1.0,,,,,1368,,,,0.0,,0.0,,0.0
,,,0.02864583395421505,,0.8828125,,,,,,,,,,,1.0,1.0,,,,,1369,,,,0.0,,0.0,,0.0
,,,0.10918966680765152,,0.9161955118179321,,,,,,,,,,,1.0,1.0,,,,,1370,,,,0.0,,0.0,,0.0
,,,0.0416666679084301,,0.796875,,,,,,,,,,,1.0,1.0,,,,,1371,,,,0.0,,0.0,,0.0
,,,0.0460069440305233,,0.84375,,,,,,,,,,,1.0,1.0,,,,,1372,,,,0.0,,0.0,,0.0
,,,0.04107142984867096,,0.7053571343421936,,,,,,,,,,,1.0,1.0,,,,,1373,,,,0.0,,0.0,,0.0
,,,0.0008680555620230734,,0.53125,,,,,,,,,,,1.0,1.0,,,,,1374,,,,0.0,,0.0,,0.0
,,,0.0,,0.4375,,,,,,,,,,,1.0,1.0,,,,,1375,,,,0.0,,0.0,,0.0
,,,0.08080808073282242,,0.6767677068710327,,,,,,,,,,,1.0,1.0,,,,,1376,,,,0.0,,0.0,,0.0
,,,0.1044921875,,1.0,,,,,,,,,,,1.0,1.0,,,,,1377,,,,0.0,,0.0,,0.0
,,,0.0798611119389534,,0.9765625,,,,,,,,,,,1.0,1.0,,,,,1378,,,,0.0,,0.0,,0.0
,,,0.10573678463697433,,0.9842519760131836,,,,,,,,,,,1.0,1.0,,,,,1379,,,,0.0,,0.0,,0.0
14,0.3127346932888031,0.4097468852996826,,0.8491741418838501,,,,,,,,,,,,,,207.87254333496094,190514.234375,5.336925029754639,509.1795349121094,3314,,,0.0,,0.0,,0.0,
14,,,,,,1.4867022037506104,,-17.67928695678711,,10.506857872009277,,,,,,,,,,,,3314,1.9919921159744263,,,,,,,
,,,,,,,,,,,,,,0.00039677543255106163,0.03,,,,,,,3349,,,,,,,,
15,,,,,,,1.48944091796875,,-17.693603515625,,10.0703125,0.00039676978485658765,0.029999999329447746,,,1.0,1.0,,,,,3349,,2.0544791221618652,,,,,,
,,,,,,,,,,,,,,0.00039648696423364826,0.03,,,,,,,3399,,,,,,,,
15,,,,,,,1.4930317401885986,,-17.672794342041016,,11.109375,0.00039648107485845685,0.029999999329447746,,,1.0,1.0,,,,,3399,,2.2154335975646973,,,,,,
,,,,,,,,,,,,,,0.0003961862537185288,0.03,,,,,,,3449,,,,,,,,
15,,,,,,,1.4912567138671875,,-17.679960250854492,,10.984375,0.00039618011214770377,0.029999999329447746,,,1.0,1.0,,,,,3449,,2.005188465118408,,,,,,
,,,,,,,,,,,,,,0.00039587331976068054,0.03,,,,,,,3499,,,,,,,,
15,,,,,,,1.4891533851623535,,-17.68567657470703,,10.0859375,0.00039586692582815886,0.029999999329447746,,,1.0,1.0,,,,,3499,,2.1463375091552734,,,,,,
,,,0.0399305559694767,,0.8828125,,,,,,,,,,,1.0,1.0,,,,,1380,,,,0.0,,0.0,,0.0
,,,0.0407986119389534,,0.9296875,,,,,,,,,,,1.0,1.0,,,,,1381,,,,0.0,,0.0,,0.0
,,,0.11431976407766342,,0.8912724852561951,,,,,,,,,,,1.0,1.0,,,,,1382,,,,0.0,,0.0,,0.0
,,,0.0329861119389534,,0.8515625,,,,,,,,,,,1.0,1.0,,,,,1383,,,,0.0,,0.0,,0.0
,,,0.044921875,,0.8984375,,,,,,,,,,,1.0,1.0,,,,,1384,,,,0.0,,0.0,,0.0
,,,0.043803419917821884,,0.4615384638309479,,,,,,,,,,,1.0,1.0,,,,,1385,,,,0.0,,0.0,,0.0
,,,0.0,,0.0,,,,,,,,,,,1.0,1.0,,,,,1386,,,,0.0,,0.0,,0.0
,,,0.0,,0.0,,,,,,,,,,,1.0,1.0,,,,,1387,,,,0.0,,0.0,,0.0
,,,0.05113636329770088,,0.5,,,,,,,,,,,1.0,1.0,,,,,1388,,,,0.0,,0.0,,0.0
,,,0.046875,,0.953125,,,,,,,,,,,1.0,1.0,,,,,1389,,,,0.0,,0.0,,0.0
,,,0.046875,,0.96875,,,,,,,,,,,1.0,1.0,,,,,1390,,,,0.0,,0.0,,0.0
,,,0.0491071417927742,,0.9765625,,,,,,,,,,,1.0,1.0,,,,,1391,,,,0.0,,0.0,,0.0
,,,0.12066666781902313,,0.9440000057220459,,,,,,,,,,,1.0,1.0,,,,,1392,,,,0.0,,0.0,,0.0
,,,0.0668402761220932,,0.875,,,,,,,,,,,1.0,1.0,,,,,1393,,,,0.0,,0.0,,0.0
,,,0.0633680522441864,,0.828125,,,,,,,,,,,1.0,1.0,,,,,1394,,,,0.0,,0.0,,0.0
,,,0.1726190447807312,,0.9873949289321899,,,,,,,,,,,1.0,1.0,,,,,1395,,,,0.0,,0.0,,0.0
,,,0.0881696417927742,,0.953125,,,,,,,,,,,1.0,1.0,,,,,1396,,,,0.0,,0.0,,0.0
,,,0.0970982164144516,,0.953125,,,,,,,,,,,1.0,1.0,,,,,1397,,,,0.0,,0.0,,0.0
,,,0.11539502441883087,,0.948051929473877,,,,,,,,,,,1.0,1.0,,,,,1398,,,,0.0,,0.0,,0.0
,,,0.0419921875,,0.9140625,,,,,,,,,,,1.0,1.0,,,,,1399,,,,0.0,,0.0,,0.0
,,,0.0399305559694767,,0.890625,,,,,,,,,,,1.0,1.0,,,,,1400,,,,0.0,,0.0,,0.0
,,,0.0516120120882988,,0.8037359714508057,,,,,,,,,,,1.0,1.0,,,,,1401,,,,0.0,,0.0,,0.0
,,,0.0164930559694767,,0.625,,,,,,,,,,,1.0,1.0,,,,,1402,,,,0.0,,0.0,,0.0
,,,0.0217013880610466,,0.6640625,,,,,,,,,,,1.0,1.0,,,,,1403,,,,0.0,,0.0,,0.0
,,,0.04165298491716385,,0.7825123071670532,,,,,,,,,,,1.0,1.0,,,,,1404,,,,0.0,,0.0,,0.0
,,,0.0107421875,,0.78125,,,,,,,,,,,1.0,1.0,,,,,1405,,,,0.0,,0.0,,0.0
,,,0.01909722201526165,,0.8046875,,,,,,,,,,,1.0,1.0,,,,,1406,,,,0.0,,0.0,,0.0
,,,0.11433961987495422,,0.9144654273986816,,,,,,,,,,,1.0,1.0,,,,,1407,,,,0.0,,0.0,,0.0
,,,0.1640625,,1.0,,,,,,,,,,,1.0,1.0,,,,,1408,,,,0.0,,0.0,,0.0
,,,0.0982142835855484,,0.984375,,,,,,,,,,,1.0,1.0,,,,,1409,,,,0.0,,0.0,,0.0
,,,0.12906977534294128,,0.9125854969024658,,,,,,,,,,,1.0,1.0,,,,,1410,,,,0.0,,0.0,,0.0
,,,0.0477430559694767,,0.875,,,,,,,,,,,1.0,1.0,,,,,1411,,,,0.0,,0.0,,0.0
,,,0.048828125,,0.9296875,,,,,,,,,,,1.0,1.0,,,,,1412,,,,0.0,,0.0,,0.0
,,,0.08056923747062683,,0.9027093648910522,,,,,,,,,,,1.0,1.0,,,,,1413,,,,0.0,,0.0,,0.0
,,,0.0399305559694767,,0.8984375,,,,,,,,,,,1.0,1.0,,,,,1414,,,,0.0,,0.0,,0.0
,,,0.0572916679084301,,0.890625,,,,,,,,,,,1.0,1.0,,,,,1415,,,,0.0,,0.0,,0.0
,,,0.03934426233172417,,0.41803279519081116,,,,,,,,,,,1.0,1.0,,,,,1416,,,,0.0,,0.0,,0.0
,,,0.0,,0.0,,,,,,,,,,,1.0,1.0,,,,,1417,,,,0.0,,0.0,,0.0
,,,0.0,,0.0,,,,,,,,,,,1.0,1.0,,,,,1418,,,,0.0,,0.0,,0.0
,,,0.03384615480899811,,0.48461538553237915,,,,,,,,,,,1.0,1.0,,,,,1419,,,,0.0,,0.0,,0.0
,,,0.0416666679084301,,0.953125,,,,,,,,,,,1.0,1.0,,,,,1420,,,,0.0,,0.0,,0.0
,,,0.0364583320915699,,0.953125,,,,,,,,,,,1.0,1.0,,,,,1421,,,,0.0,,0.0,,0.0
,,,0.13409091532230377,,0.9443181753158569,,,,,,,,,,,1.0,1.0,,,,,1422,,,,0.0,,0.0,,0.0
,,,0.0685763880610466,,0.8671875,,,,,,,,,,,1.0,1.0,,,,,1423,,,,0.0,,0.0,,0.0
,,,0.0651041641831398,,0.8359375,,,,,,,,,,,1.0,1.0,,,,,1424,,,,0.0,,0.0,,0.0
,,,0.15902690589427948,,0.936170220375061,,,,,,,,,,,1.0,1.0,,,,,1425,,,,0.0,,0.0,,0.0
,,,0.0789930522441864,,0.984375,,,,,,,,,,,1.0,1.0,,,,,1426,,,,0.0,,0.0,,0.0
,,,0.0791015625,,0.9765625,,,,,,,,,,,1.0,1.0,,,,,1427,,,,0.0,,0.0,,0.0
,,,0.0948660746216774,,0.953125,,,,,,,,,,,1.0,1.0,,,,,1428,,,,0.0,,0.0,,0.0
,,,0.16141732037067413,,0.9724409580230713,,,,,,,,,,,1.0,1.0,,,,,1429,,,,0.0,,0.0,,0.0
,,,0.052734375,,0.8984375,,,,,,,,,,,1.0,1.0,,,,,1430,,,,0.0,,0.0,,0.0
,,,0.0329861119389534,,0.8515625,,,,,,,,,,,1.0,1.0,,,,,1431,,,,0.0,,0.0,,0.0
,,,0.03575989603996277,,0.8017241358757019,,,,,,,,,,,1.0,1.0,,,,,1432,,,,0.0,,0.0,,0.0
,,,0.01909722201526165,,0.640625,,,,,,,,,,,1.0,1.0,,,,,1433,,,,0.0,,0.0,,0.0
,,,0.0225694440305233,,0.6953125,,,,,,,,,,,1.0,1.0,,,,,1434,,,,0.0,,0.0,,0.0
,,,0.04612313210964203,,0.7726439237594604,,,,,,,,,,,1.0,1.0,,,,,1435,,,,0.0,,0.0,,0.0
,,,0.0173611119389534,,0.828125,,,,,,,,,,,1.0,1.0,,,,,1436,,,,0.0,,0.0,,0.0
,,,0.0234375,,0.8125,,,,,,,,,,,1.0,1.0,,,,,1437,,,,0.0,,0.0,,0.0
,,,0.11328125,,0.9322916269302368,,,,,,,,,,,1.0,1.0,,,,,1438,,,,0.0,,0.0,,0.0
,,,0.1127232164144516,,0.9921875,,,,,,,,,,,1.0,1.0,,,,,1439,,,,0.0,,0.0,,0.0
,,,0.0993303582072258,,0.9921875,,,,,,,,,,,1.0,1.0,,,,,1440,,,,0.0,,0.0,,0.0
,,,0.11947828531265259,,0.8770763874053955,,,,,,,,,,,1.0,1.0,,,,,1441,,,,0.0,,0.0,,0.0
,,,0.0434027761220932,,0.90625,,,,,,,,,,,1.0,1.0,,,,,1442,,,,0.0,,0.0,,0.0
,,,0.0517578125,,0.9453125,,,,,,,,,,,1.0,1.0,,,,,1443,,,,0.0,,0.0,,0.0
,,,0.10258112102746964,,0.8713864088058472,,,,,,,,,,,1.0,1.0,,,,,1444,,,,0.0,,0.0,,0.0
,,,0.0407986119389534,,0.859375,,,,,,,,,,,1.0,1.0,,,,,1445,,,,0.0,,0.0,,0.0
,,,0.0524553582072258,,0.9140625,,,,,,,,,,,1.0,1.0,,,,,1446,,,,0.0,,0.0,,0.0
,,,0.04938271641731262,,0.4166666567325592,,,,,,,,,,,1.0,1.0,,,,,1447,,,,0.0,,0.0,,0.0
,,,0.0,,0.0,,,,,,,,,,,1.0,1.0,,,,,1448,,,,0.0,,0.0,,0.0
,,,0.0,,0.0,,,,,,,,,,,1.0,1.0,,,,,1449,,,,0.0,,0.0,,0.0
,,,0.035185184329748154,,0.48148149251937866,,,,,,,,,,,1.0,1.0,,,,,1450,,,,0.0,,0.0,,0.0
,,,0.0442708320915699,,0.96875,,,,,,,,,,,1.0,1.0,,,,,1451,,,,0.0,,0.0,,0.0
,,,0.044921875,,0.9765625,,,,,,,,,,,1.0,1.0,,,,,1452,,,,0.0,,0.0,,0.0
,,,0.12623828649520874,,0.9286479353904724,,,,,,,,,,,1.0,1.0,,,,,1453,,,,0.0,,0.0,,0.0
,,,0.0659722238779068,,0.8671875,,,,,,,,,,,1.0,1.0,,,,,1454,,,,0.0,,0.0,,0.0
,,,0.0659722238779068,,0.859375,,,,,,,,,,,1.0,1.0,,,,,1455,,,,0.0,,0.0,,0.0
,,,0.15546219050884247,,0.9313725233078003,,,,,,,,,,,1.0,1.0,,,,,1456,,,,0.0,,0.0,,0.0
,,,0.0703125,,0.953125,,,,,,,,,,,1.0,1.0,,,,,1457,,,,0.0,,0.0,,0.0
,,,0.0926339253783226,,0.9921875,,,,,,,,,,,1.0,1.0,,,,,1458,,,,0.0,,0.0,,0.0
,,,0.13565891981124878,,0.9174972772598267,,,,,,,,,,,1.0,1.0,,,,,1459,,,,0.0,,0.0,,0.0
,,,0.0435267873108387,,0.9375,,,,,,,,,,,1.0,1.0,,,,,1460,,,,0.0,,0.0,,0.0
,,,0.0407986119389534,,0.890625,,,,,,,,,,,1.0,1.0,,,,,1461,,,,0.0,,0.0,,0.0
,,,0.06906107813119888,,0.8303956985473633,,,,,,,,,,,1.0,1.0,,,,,1462,,,,0.0,,0.0,,0.0
,,,0.0164930559694767,,0.5390625,,,,,,,,,,,1.0,1.0,,,,,1463,,,,0.0,,0.0,,0.0
,,,0.01996527798473835,,0.65625,,,,,,,,,,,1.0,1.0,,,,,1464,,,,0.0,,0.0,,0.0
,,,0.0684523805975914,,0.8169642686843872,,,,,,,,,,,1.0,1.0,,,,,1465,,,,0.0,,0.0,,0.0
,,,0.0146484375,,0.8125,,,,,,,,,,,1.0,1.0,,,,,1466,,,,0.0,,0.0,,0.0
,,,0.01909722201526165,,0.8359375,,,,,,,,,,,1.0,1.0,,,,,1467,,,,0.0,,0.0,,0.0
,,,0.10091297328472137,,0.8904429078102112,,,,,,,,,,,1.0,1.0,,,,,1468,,,,0.0,,0.0,,0.0
,,,0.12890625,,0.9921875,,,,,,,,,,,1.0,1.0,,,,,1469,,,,0.0,,0.0,,0.0
,,,0.1082589253783226,,0.984375,,,,,,,,,,,1.0,1.0,,,,,1470,,,,0.0,,0.0,,0.0
,,,0.11942257732152939,,0.9763779640197754,,,,,,,,,,,1.0,1.0,,,,,1471,,,,0.0,,0.0,,0.0
15,0.2800197899341583,0.38024815917015076,,0.7958909273147583,,,,,,,,,,,,,,205.67491149902344,342316.75,5.326296806335449,509.0324401855469,3535,,,0.0,,0.0,,0.0,
15,,,,,,1.492079257965088,,-17.675357818603516,,10.637267112731934,,,,,,,,,,,,3535,2.080083131790161,,,,,,,
,,,,,,,,,,,,,,0.0003955481818774437,0.03,,,,,,,3549,,,,,,,,
16,,,,,,,1.4934992790222168,,-17.669979095458984,,11.1171875,0.00039554154500365257,0.029999999329447746,,,1.0,1.0,,,,,3549,,2.3225319385528564,,,,,,
,,,,,,,,,,,,,,0.00039521086034730306,0.03,,,,,,,3599,,,,,,,,
16,,,,,,,1.496319055557251,,-17.6750431060791,,10.546875,0.0003952039987780154,0.029999999329447746,,,1.0,1.0,,,,,3599,,2.6101467609405518,,,,,,
,,,,,,,,,,,,,,0.00039486137620862354,0.03,,,,,,,3649,,,,,,,,
16,,,,,,,1.5004873275756836,,-17.679500579833984,,10.3359375,0.0003948542580474168,0.029999999329447746,,,1.0,1.0,,,,,3649,,2.201887607574463,,,,,,
,,,,,,,,,,,,,,0.0003944997512583391,0.03,,,,,,,3699,,,,,,,,
16,,,,,,,1.5052499771118164,,-17.67120361328125,,10.4765625,0.0003944923810195178,0.029999999329447746,,,1.0,1.0,,,,,3699,,2.5463619232177734,,,,,,
,,,,,,,,,,,,,,0.0003941260080505921,0.03,,,,,,,3749,,,,,,,,
16,,,,,,,1.4885756969451904,,-17.675071716308594,,9.671875,0.00039411839679814875,0.029999999329447746,,,1.0,1.0,,,,,3749,,2.4155194759368896,,,,,,
,,,0.04374999925494194,,0.8046875,,,,,,,,,,,1.0,1.0,,,,,1472,,,,0.0,,0.0,,0.0
,,,0.04765624925494194,,0.828125,,,,,,,,,,,1.0,1.0,,,,,1473,,,,0.0,,0.0,,0.0
,,,0.06109277531504631,,0.8195819854736328,,,,,,,,,,,1.0,1.0,,,,,1474,,,,0.0,,0.0,,0.0
,,,0.02265625074505806,,0.7734375,,,,,,,,,,,1.0,1.0,,,,,1475,,,,0.0,,0.0,,0.0
,,,0.0234375,,0.8203125,,,,,,,,,,,1.0,1.0,,,,,1476,,,,0.0,,0.0,,0.0
,,,0.045192308723926544,,0.7371795177459717,,,,,,,,,,,1.0,1.0,,,,,1477,,,,0.0,,0.0,,0.0
,,,0.010937499813735485,,0.8515625,,,,,,,,,,,1.0,1.0,,,,,1478,,,,0.0,,0.0,,0.0
,,,0.01718750037252903,,0.7890625,,,,,,,,,,,1.0,1.0,,,,,1479,,,,0.0,,0.0,,0.0
,,,0.0531732402741909,,0.7731560468673706,,,,,,,,,,,1.0,1.0,,,,,1480,,,,0.0,,0.0,,0.0
,,,0.04843749850988388,,0.8828125,,,,,,,,,,,1.0,1.0,,,,,1481,,,,0.0,,0.0,,0.0
,,,0.03984374925494194,,0.8984375,,,,,,,,,,,1.0,1.0,,,,,1482,,,,0.0,,0.0,,0.0
,,,0.05234374850988388,,0.8984375,,,,,,,,,,,1.0,1.0,,,,,1483,,,,0.0,,0.0,,0.0
,,,0.1236666738986969,,0.9120000004768372,,,,,,,,,,,1.0,1.0,,,,,1484,,,,0.0,,0.0,,0.0
,,,0.0625,,0.78125,,,,,,,,,,,1.0,1.0,,,,,1485,,,,0.0,,0.0,,0.0
,,,0.0625,,0.796875,,,,,,,,,,,1.0,1.0,,,,,1486,,,,0.0,,0.0,,0.0
,,,0.1028011292219162,,0.8730158805847168,,,,,,,,,,,1.0,1.0,,,,,1487,,,,0.0,,0.0,,0.0
,,,0.03359375149011612,,0.859375,,,,,,,,,,,1.0,1.0,,,,,1488,,,,0.0,,0.0,,0.0
,,,0.03281249850988388,,0.828125,,,,,,,,,,,1.0,1.0,,,,,1489,,,,0.0,,0.0,,0.0
,,,0.07424242794513702,,0.826298713684082,,,,,,,,,,,1.0,1.0,,,,,1490,,,,0.0,,0.0,,0.0
,,,0.03281249850988388,,0.8046875,,,,,,,,,,,1.0,1.0,,,,,1491,,,,0.0,,0.0,,0.0
,,,0.02656250074505806,,0.859375,,,,,,,,,,,1.0,1.0,,,,,1492,,,,0.0,,0.0,,0.0
,,,0.09115815907716751,,0.8270236253738403,,,,,,,,,,,1.0,1.0,,,,,1493,,,,0.0,,0.0,,0.0
,,,0.05312500149011612,,0.9375,,,,,,,,,,,1.0,1.0,,,,,1494,,,,0.0,,0.0,,0.0
,,,0.05312500149011612,,0.875,,,,,,,,,,,1.0,1.0,,,,,1495,,,,0.0,,0.0,,0.0
,,,0.09310345351696014,,0.9369457960128784,,,,,,,,,,,1.0,1.0,,,,,1496,,,,0.0,,0.0,,0.0
,,,0.03515625,,0.9296875,,,,,,,,,,,1.0,1.0,,,,,1497,,,,0.0,,0.0,,0.0
,,,0.03984374925494194,,0.90625,,,,,,,,,,,1.0,1.0,,,,,1498,,,,0.0,,0.0,,0.0
,,,0.08427673578262329,,0.8684276938438416,,,,,,,,,,,1.0,1.0,,,,,1499,,,,0.0,,0.0,,0.0
,,,0.04765624925494194,,0.8984375,,,,,,,,,,,1.0,1.0,,,,,1500,,,,0.0,,0.0,,0.0
,,,0.0425347238779068,,0.8046875,,,,,,,,,,,1.0,1.0,,,,,1501,,,,0.0,,0.0,,0.0
,,,0.07844048738479614,,0.8303693532943726,,,,,,,,,,,1.0,1.0,,,,,1502,,,,0.0,,0.0,,0.0
,,,0.04531250149011612,,0.796875,,,,,,,,,,,1.0,1.0,,,,,1503,,,,0.0,,0.0,,0.0
,,,0.05234374850988388,,0.8359375,,,,,,,,,,,1.0,1.0,,,,,1504,,,,0.0,,0.0,,0.0
,,,0.04960590973496437,,0.8152709007263184,,,,,,,,,,,1.0,1.0,,,,,1505,,,,0.0,,0.0,,0.0
,,,0.02109375037252903,,0.828125,,,,,,,,,,,1.0,1.0,,,,,1506,,,,0.0,,0.0,,0.0
,,,0.01640624925494194,,0.8125,,,,,,,,,,,1.0,1.0,,,,,1507,,,,0.0,,0.0,,0.0
,,,0.0423538014292717,,0.7882309556007385,,,,,,,,,,,1.0,1.0,,,,,1508,,,,0.0,,0.0,,0.0
,,,0.012500000186264515,,0.8125,,,,,,,,,,,1.0,1.0,,,,,1509,,,,0.0,,0.0,,0.0
,,,0.01328125037252903,,0.8125,,,,,,,,,,,1.0,1.0,,,,,1510,,,,0.0,,0.0,,0.0
,,,0.06063491851091385,,0.8283272385597229,,,,,,,,,,,1.0,1.0,,,,,1511,,,,0.0,,0.0,,0.0
,,,0.04374999925494194,,0.875,,,,,,,,,,,1.0,1.0,,,,,1512,,,,0.0,,0.0,,0.0
,,,0.04062499850988388,,0.9375,,,,,,,,,,,1.0,1.0,,,,,1513,,,,0.0,,0.0,,0.0
,,,0.11636364459991455,,0.8806818127632141,,,,,,,,,,,1.0,1.0,,,,,1514,,,,0.0,,0.0,,0.0
,,,0.0703125,,0.8046875,,,,,,,,,,,1.0,1.0,,,,,1515,,,,0.0,,0.0,,0.0
,,,0.05546874925494194,,0.8046875,,,,,,,,,,,1.0,1.0,,,,,1516,,,,0.0,,0.0,,0.0
,,,0.09380476176738739,,0.8507509231567383,,,,,,,,,,,1.0,1.0,,,,,1517,,,,0.0,,0.0,,0.0
,,,0.03515625,,0.875,,,,,,,,,,,1.0,1.0,,,,,1518,,,,0.0,,0.0,,0.0
,,,0.03750000149011612,,0.84375,,,,,,,,,,,1.0,1.0,,,,,1519,,,,0.0,,0.0,,0.0
,,,0.04296875,,0.8359375,,,,,,,,,,,1.0,1.0,,,,,1520,,,,0.0,,0.0,,0.0
,,,0.03779527544975281,,0.4173228442668915,,,,,,,,,,,1.0,1.0,,,,,1521,,,,0.0,,0.0,,0.0
,,,0.02812499925494194,,0.7578125,,,,,,,,,,,1.0,1.0,,,,,1522,,,,0.0,,0.0,,0.0
,,,0.02421874925494194,,0.8046875,,,,,,,,,,,1.0,1.0,,,,,1523,,,,0.0,,0.0,,0.0
,,,0.05919539928436279,,0.8275861740112305,,,,,,,,,,,1.0,1.0,,,,,1524,,,,0.0,,0.0,,0.0
,,,0.04921875149011612,,0.890625,,,,,,,,,,,1.0,1.0,,,,,1525,,,,0.0,,0.0,,0.0
,,,0.05312500149011612,,0.9140625,,,,,,,,,,,1.0,1.0,,,,,1526,,,,0.0,,0.0,,0.0
,,,0.10683290660381317,,0.941877543926239,,,,,,,,,,,1.0,1.0,,,,,1527,,,,0.0,,0.0,,0.0
,,,0.0399305559694767,,0.9453125,,,,,,,,,,,1.0,1.0,,,,,1528,,,,0.0,,0.0,,0.0
,,,0.0451388880610466,,0.890625,,,,,,,,,,,1.0,1.0,,,,,1529,,,,0.0,,0.0,,0.0
,,,0.07604166865348816,,0.890625,,,,,,,,,,,1.0,1.0,,,,,1530,,,,0.0,,0.0,,0.0
,,,0.046875,,0.875,,,,,,,,,,,1.0,1.0,,,,,1531,,,,0.0,,0.0,,0.0
,,,0.0390625,,0.8515625,,,,,,,,,,,1.0,1.0,,,,,1532,,,,0.0,,0.0,,0.0
,,,0.0942414253950119,,0.829734206199646,,,,,,,,,,,1.0,1.0,,,,,1533,,,,0.0,,0.0,,0.0
,,,0.04609375074505806,,0.8046875,,,,,,,,,,,1.0,1.0,,,,,1534,,,,0.0,,0.0,,0.0
,,,0.04453124850988388,,0.8359375,,,,,,,,,,,1.0,1.0,,,,,1535,,,,0.0,,0.0,,0.0
,,,0.058112096041440964,,0.7737463116645813,,,,,,,,,,,1.0,1.0,,,,,1536,,,,0.0,,0.0,,0.0
,,,0.015625,,0.828125,,,,,,,,,,,1.0,1.0,,,,,1537,,,,0.0,,0.0,,0.0
,,,0.02187499962747097,,0.8046875,,,,,,,,,,,1.0,1.0,,,,,1538,,,,0.0,,0.0,,0.0
,,,0.03121212124824524,,0.7888889312744141,,,,,,,,,,,1.0,1.0,,,,,1539,,,,0.0,,0.0,,0.0
,,,0.015625,,0.8046875,,,,,,,,,,,1.0,1.0,,,,,1540,,,,0.0,,0.0,,0.0
,,,0.01640624925494194,,0.7578125,,,,,,,,,,,1.0,1.0,,,,,1541,,,,0.0,,0.0,,0.0
,,,0.0672222226858139,,0.8462963104248047,,,,,,,,,,,1.0,1.0,,,,,1542,,,,0.0,,0.0,,0.0
,,,0.03984374925494194,,0.8984375,,,,,,,,,,,1.0,1.0,,,,,1543,,,,0.0,,0.0,,0.0
,,,0.04531250149011612,,0.9140625,,,,,,,,,,,1.0,1.0,,,,,1544,,,,0.0,,0.0,,0.0
,,,0.1195983961224556,,0.8763052225112915,,,,,,,,,,,1.0,1.0,,,,,1545,,,,0.0,,0.0,,0.0
,,,0.06093750149011612,,0.8203125,,,,,,,,,,,1.0,1.0,,,,,1546,,,,0.0,,0.0,,0.0
,,,0.05546874925494194,,0.796875,,,,,,,,,,,1.0,1.0,,,,,1547,,,,0.0,,0.0,,0.0
,,,0.10234275460243225,,0.8435192108154297,,,,,,,,,,,1.0,1.0,,,,,1548,,,,0.0,,0.0,,0.0
,,,0.02890625037252903,,0.859375,,,,,,,,,,,1.0,1.0,,,,,1549,,,,0.0,,0.0,,0.0
,,,0.04296875,,0.875,,,,,,,,,,,1.0,1.0,,,,,1550,,,,0.0,,0.0,,0.0
,,,0.06937985122203827,,0.8120155334472656,,,,,,,,,,,1.0,1.0,,,,,1551,,,,0.0,,0.0,,0.0
,,,0.03281249850988388,,0.8359375,,,,,,,,,,,1.0,1.0,,,,,1552,,,,0.0,,0.0,,0.0
,,,0.02421874925494194,,0.7734375,,,,,,,,,,,1.0,1.0,,,,,1553,,,,0.0,,0.0,,0.0
,,,0.0891253724694252,,0.8594945073127747,,,,,,,,,,,1.0,1.0,,,,,1554,,,,0.0,,0.0,,0.0
,,,0.05234374850988388,,0.890625,,,,,,,,,,,1.0,1.0,,,,,1555,,,,0.0,,0.0,,0.0
,,,0.04765624925494194,,0.8828125,,,,,,,,,,,1.0,1.0,,,,,1556,,,,0.0,,0.0,,0.0
,,,0.07678571343421936,,0.9017857313156128,,,,,,,,,,,1.0,1.0,,,,,1557,,,,0.0,,0.0,,0.0
,,,0.0399305559694767,,0.921875,,,,,,,,,,,1.0,1.0,,,,,1558,,,,0.0,,0.0,,0.0
,,,0.03828125074505806,,0.921875,,,,,,,,,,,1.0,1.0,,,,,1559,,,,0.0,,0.0,,0.0
,,,0.08049727976322174,,0.8166278600692749,,,,,,,,,,,1.0,1.0,,,,,1560,,,,0.0,,0.0,,0.0
,,,0.0581597238779068,,0.8984375,,,,,,,,,,,1.0,1.0,,,,,1561,,,,0.0,,0.0,,0.0
,,,0.04453124850988388,,0.875,,,,,,,,,,,1.0,1.0,,,,,1562,,,,0.0,,0.0,,0.0
,,,0.04645669087767601,,0.8661417365074158,,,,,,,,,,,1.0,1.0,,,,,1563,,,,0.0,,0.0,,0.0
16,0.18446098268032074,0.387099951505661,,0.8471298217773438,,,,,,,,,,,,,,202.28065490722656,105138.0703125,5.309656143188477,502.0646667480469,3756,,,0.0,,0.0,,0.0,
16,,,,,,1.4943748712539673,,-17.67369270324707,,10.31447982788086,,,,,,,,,,,,3756,2.3806312084198,,,,,,,
,,,,,,,,,,,,,,0.00039374016989532693,0.03,,,,,,,3799,,,,,,,,
17,,,,,,,1.4919090270996094,,-17.671981811523438,,9.9921875,0.0003937323344871402,0.029999999329447746,,,1.0,1.0,,,,,3799,,3.1540870666503906,,,,,,
,,,,,,,,,,,,,,0.00039334226085683643,0.03,,,,,,,3849,,,,,,,,
17,,,,,,,1.4838343858718872,,-17.650856018066406,,9.734375,0.00039333419408649206,0.029999999329447746,,,1.0,1.0,,,,,3849,,2.3521721363067627,,,,,,
,,,,,,,,,,,,,,0.00039293230575226094,0.03,,,,,,,3899,,,,,,,,
17,,,,,,,1.4813311100006104,,-17.665807723999023,,9.8828125,0.0003929239755962044,0.029999999329447746,,,1.0,1.0,,,,,3899,,2.431607484817505,,,,,,
,,,,,,,,,,,,,,0.0003925103301500401,0.03,,,,,,,3949,,,,,,,,
17,,,,,,,1.489723563194275,,-17.6785945892334,,10.0390625,0.00039250176632776856,0.029999999329447746,,,1.0,1.0,,,,,3949,,2.5769081115722656,,,,,,
,,,0.02604166604578495,,0.8125,,,,,,,,,,,1.0,1.0,,,,,1564,,,,0.0,,0.0,,0.0
,,,0.0251736119389534,,0.8515625,,,,,,,,,,,1.0,1.0,,,,,1565,,,,0.0,,0.0,,0.0
,,,0.08329404890537262,,0.9121745824813843,,,,,,,,,,,1.0,1.0,,,,,1566,,,,0.0,,0.0,,0.0
,,,0.0524553582072258,,0.9921875,,,,,,,,,,,1.0,1.0,,,,,1567,,,,0.0,,0.0,,0.0
,,,0.0859375,,0.9765625,,,,,,,,,,,1.0,1.0,,,,,1568,,,,0.0,,0.0,,0.0
,,,0.03708791360259056,,0.6987179517745972,,,,,,,,,,,1.0,1.0,,,,,1569,,,,0.0,,0.0,,0.0
,,,0.0,,0.3984375,,,,,,,,,,,1.0,1.0,,,,,1570,,,,0.0,,0.0,,0.0
,,,0.0,,0.390625,,,,,,,,,,,1.0,1.0,,,,,1571,,,,0.0,,0.0,,0.0
,,,0.12987013161182404,,0.6603773832321167,,,,,,,,,,,1.0,1.0,,,,,1572,,,,0.0,,0.0,,0.0
,,,0.18437500298023224,,1.0,,,,,,,,,,,1.0,1.0,,,,,1573,,,,0.0,,0.0,,0.0
,,,0.1341145783662796,,1.0,,,,,,,,,,,1.0,1.0,,,,,1574,,,,0.0,,0.0,,0.0
,,,0.216796875,,1.0,,,,,,,,,,,1.0,1.0,,,,,1575,,,,0.0,,0.0,,0.0
,,,0.2666666805744171,,0.9520000219345093,,,,,,,,,,,1.0,1.0,,,,,1576,,,,0.0,,0.0,,0.0
,,,0.078125,,0.890625,,,,,,,,,,,1.0,1.0,,,,,1577,,,,0.0,,0.0,,0.0
,,,0.0924479141831398,,0.9296875,,,,,,,,,,,1.0,1.0,,,,,1578,,,,0.0,,0.0,,0.0
,,,0.08753501623868942,,0.8141923546791077,,,,,,,,,,,1.0,1.0,,,,,1579,,,,0.0,,0.0,,0.0
,,,0.0022321429569274187,,0.6640625,,,,,,,,,,,1.0,1.0,,,,,1580,,,,0.0,,0.0,,0.0
,,,0.00390625,,0.625,,,,,,,,,,,1.0,1.0,,,,,1581,,,,0.0,,0.0,,0.0
,,,0.008793290704488754,,0.6801947951316833,,,,,,,,,,,1.0,1.0,,,,,1582,,,,0.0,,0.0,,0.0
,,,0.0078125,,0.734375,,,,,,,,,,,1.0,1.0,,,,,1583,,,,0.0,,0.0,,0.0
,,,0.0078125,,0.6640625,,,,,,,,,,,1.0,1.0,,,,,1584,,,,0.0,,0.0,,0.0
,,,0.019333748146891594,,0.6353673934936523,,,,,,,,,,,1.0,1.0,,,,,1585,,,,0.0,,0.0,,0.0
,,,0.0066964286379516125,,0.671875,,,,,,,,,,,1.0,1.0,,,,,1586,,,,0.0,,0.0,,0.0
,,,0.01116071455180645,,0.65625,,,,,,,,,,,1.0,1.0,,,,,1587,,,,0.0,,0.0,,0.0
,,,0.042646024376153946,,0.815517246723175,,,,,,,,,,,1.0,1.0,,,,,1588,,,,0.0,,0.0,,0.0
,,,0.04374999925494194,,0.9375,,,,,,,,,,,1.0,1.0,,,,,1589,,,,0.0,,0.0,,0.0
,,,0.03125,,0.953125,,,,,,,,,,,1.0,1.0,,,,,1590,,,,0.0,,0.0,,0.0
,,,0.04054507613182068,,0.8345912098884583,,,,,,,,,,,1.0,1.0,,,,,1591,,,,0.0,,0.0,,0.0
,,,0.01692708395421505,,0.8203125,,,,,,,,,,,1.0,1.0,,,,,1592,,,,0.0,,0.0,,0.0
,,,0.009114583022892475,,0.6796875,,,,,,,,,,,1.0,1.0,,,,,1593,,,,0.0,,0.0,,0.0
,,,0.03351573273539543,,0.736798882484436,,,,,,,,,,,1.0,1.0,,,,,1594,,,,0.0,,0.0,,0.0
,,,0.02690972201526165,,0.859375,,,,,,,,,,,1.0,1.0,,,,,1595,,,,0.0,,0.0,,0.0
,,,0.02083333395421505,,0.84375,,,,,,,,,,,1.0,1.0,,,,,1596,,,,0.0,,0.0,,0.0
,,,0.06460239738225937,,0.9396551847457886,,,,,,,,,,,1.0,1.0,,,,,1597,,,,0.0,,0.0,,0.0
,,,0.0611979179084301,,0.9921875,,,,,,,,,,,1.0,1.0,,,,,1598,,,,0.0,,0.0,,0.0
,,,0.08203125,,0.984375,,,,,,,,,,,1.0,1.0,,,,,1599,,,,0.0,,0.0,,0.0
,,,0.0348360650241375,,0.6925617456436157,,,,,,,,,,,1.0,1.0,,,,,1600,,,,0.0,,0.0,,0.0
,,,0.0,,0.40625,,,,,,,,,,,1.0,1.0,,,,,1601,,,,0.0,,0.0,,0.0
,,,0.0,,0.3671875,,,,,,,,,,,1.0,1.0,,,,,1602,,,,0.0,,0.0,,0.0
,,,0.12115384638309479,,0.6746031641960144,,,,,,,,,,,1.0,1.0,,,,,1603,,,,0.0,,0.0,,0.0
,,,0.1380208283662796,,1.0,,,,,,,,,,,1.0,1.0,,,,,1604,,,,0.0,,0.0,,0.0
,,,0.17499999701976776,,1.0,,,,,,,,,,,1.0,1.0,,,,,1605,,,,0.0,,0.0,,0.0
,,,0.25,,0.9750000238418579,,,,,,,,,,,1.0,1.0,,,,,1606,,,,0.0,,0.0,,0.0
,,,0.1015625,,0.90625,,,,,,,,,,,1.0,1.0,,,,,1607,,,,0.0,,0.0,,0.0
,,,0.078125,,0.9140625,,,,,,,,,,,1.0,1.0,,,,,1608,,,,0.0,,0.0,,0.0
,,,0.08080413192510605,,0.8344806432723999,,,,,,,,,,,1.0,1.0,,,,,1609,,,,0.0,,0.0,,0.0
,,,0.0011160714784637094,,0.7578125,,,,,,,,,,,1.0,1.0,,,,,1610,,,,0.0,,0.0,,0.0
,,,0.0033482143189758062,,0.6796875,,,,,,,,,,,1.0,1.0,,,,,1611,,,,0.0,,0.0,,0.0
,,,0.0022321429569274187,,0.6484375,,,,,,,,,,,1.0,1.0,,,,,1612,,,,0.0,,0.0,,0.0
,,,0.006889763753861189,,0.8464567065238953,,,,,,,,,,,1.0,1.0,,,,,1613,,,,0.0,,0.0,,0.0
,,,0.0078125,,0.7109375,,,,,,,,,,,1.0,1.0,,,,,1614,,,,0.0,,0.0,,0.0
,,,0.01406249962747097,,0.671875,,,,,,,,,,,1.0,1.0,,,,,1615,,,,0.0,,0.0,,0.0
,,,0.018062397837638855,,0.6393678188323975,,,,,,,,,,,1.0,1.0,,,,,1616,,,,0.0,,0.0,,0.0
,,,0.0052083334885537624,,0.6875,,,,,,,,,,,1.0,1.0,,,,,1617,,,,0.0,,0.0,,0.0
,,,0.008928571827709675,,0.6328125,,,,,,,,,,,1.0,1.0,,,,,1618,,,,0.0,,0.0,,0.0
,,,0.03604169934988022,,0.8320498466491699,,,,,,,,,,,1.0,1.0,,,,,1619,,,,0.0,,0.0,,0.0
,,,0.0377604179084301,,0.953125,,,,,,,,,,,1.0,1.0,,,,,1620,,,,0.0,,0.0,,0.0
,,,0.02968749962747097,,0.9453125,,,,,,,,,,,1.0,1.0,,,,,1621,,,,0.0,,0.0,,0.0
,,,0.032738097012043,,0.8229166269302368,,,,,,,,,,,1.0,1.0,,,,,1622,,,,0.0,,0.0,,0.0
,,,0.01171875,,0.796875,,,,,,,,,,,1.0,1.0,,,,,1623,,,,0.0,,0.0,,0.0
,,,0.005859375,,0.6875,,,,,,,,,,,1.0,1.0,,,,,1624,,,,0.0,,0.0,,0.0
,,,0.046857696026563644,,0.758859395980835,,,,,,,,,,,1.0,1.0,,,,,1625,,,,0.0,,0.0,,0.0
,,,0.0234375,,0.828125,,,,,,,,,,,1.0,1.0,,,,,1626,,,,0.0,,0.0,,0.0
,,,0.01822916604578495,,0.8671875,,,,,,,,,,,1.0,1.0,,,,,1627,,,,0.0,,0.0,,0.0
,,,0.0556257925927639,,0.9622418880462646,,,,,,,,,,,1.0,1.0,,,,,1628,,,,0.0,,0.0,,0.0
,,,0.06562499701976776,,0.984375,,,,,,,,,,,1.0,1.0,,,,,1629,,,,0.0,,0.0,,0.0
,,,0.05312500149011612,,0.984375,,,,,,,,,,,1.0,1.0,,,,,1630,,,,0.0,,0.0,,0.0
,,,0.03804713860154152,,0.6449494957923889,,,,,,,,,,,1.0,1.0,,,,,1631,,,,0.0,,0.0,,0.0
,,,0.0,,0.4453125,,,,,,,,,,,1.0,1.0,,,,,1632,,,,0.0,,0.0,,0.0
,,,0.0,,0.3125,,,,,,,,,,,1.0,1.0,,,,,1633,,,,0.0,,0.0,,0.0
,,,0.15895061194896698,,0.6499999761581421,,,,,,,,,,,1.0,1.0,,,,,1634,,,,0.0,,0.0,,0.0
,,,0.1380208283662796,,1.0,,,,,,,,,,,1.0,1.0,,,,,1635,,,,0.0,,0.0,,0.0
,,,0.17031249403953552,,1.0,,,,,,,,,,,1.0,1.0,,,,,1636,,,,0.0,,0.0,,0.0
,,,0.21965959668159485,,0.9638553857803345,,,,,,,,,,,1.0,1.0,,,,,1637,,,,0.0,,0.0,,0.0
,,,0.09765625,,0.875,,,,,,,,,,,1.0,1.0,,,,,1638,,,,0.0,,0.0,,0.0
,,,0.0859375,,0.9296875,,,,,,,,,,,1.0,1.0,,,,,1639,,,,0.0,,0.0,,0.0
,,,0.07025083154439926,,0.8048128485679626,,,,,,,,,,,1.0,1.0,,,,,1640,,,,0.0,,0.0,,0.0
,,,0.0022321429569274187,,0.71875,,,,,,,,,,,1.0,1.0,,,,,1641,,,,0.0,,0.0,,0.0
,,,0.00390625,,0.6640625,,,,,,,,,,,1.0,1.0,,,,,1642,,,,0.0,,0.0,,0.0
,,,0.007405869662761688,,0.6115725040435791,,,,,,,,,,,1.0,1.0,,,,,1643,,,,0.0,,0.0,,0.0
,,,0.008928571827709675,,0.765625,,,,,,,,,,,1.0,1.0,,,,,1644,,,,0.0,,0.0,,0.0
,,,0.010044642724096775,,0.671875,,,,,,,,,,,1.0,1.0,,,,,1645,,,,0.0,,0.0,,0.0
,,,0.02240605279803276,,0.6518124341964722,,,,,,,,,,,1.0,1.0,,,,,1646,,,,0.0,,0.0,,0.0
,,,0.00390625,,0.6328125,,,,,,,,,,,1.0,1.0,,,,,1647,,,,0.0,,0.0,,0.0
,,,0.0052083334885537624,,0.59375,,,,,,,,,,,1.0,1.0,,,,,1648,,,,0.0,,0.0,,0.0
,,,0.06377550959587097,,0.8571428656578064,,,,,,,,,,,1.0,1.0,,,,,1649,,,,0.0,,0.0,,0.0
,,,0.0390625,,0.921875,,,,,,,,,,,1.0,1.0,,,,,1650,,,,0.0,,0.0,,0.0
,,,0.02994791604578495,,0.96875,,,,,,,,,,,1.0,1.0,,,,,1651,,,,0.0,,0.0,,0.0
,,,0.03133903071284294,,0.7839937806129456,,,,,,,,,,,1.0,1.0,,,,,1652,,,,0.0,,0.0,,0.0
,,,0.0078125,,0.7421875,,,,,,,,,,,1.0,1.0,,,,,1653,,,,0.0,,0.0,,0.0
,,,0.008928571827709675,,0.71875,,,,,,,,,,,1.0,1.0,,,,,1654,,,,0.0,,0.0,,0.0
,,,0.010123735293745995,,0.748031497001648,,,,,,,,,,,1.0,1.0,,,,,1655,,,,0.0,,0.0,,0.0
17,0.19167137145996094,0.23844727873802185,,0.7819278240203857,,,,,,,,,,,,,,179.89877319335938,188689.375,5.192394256591797,521.2694091796875,3977,,,0.0,,0.0,,0.0,
17,,,,,,1.498909831047058,,-17.66318702697754,,10.131115913391113,,,,,,,,,,,,3977,2.6210014820098877,,,,,,,
,,,,,,,,,,,,,,0.0003920763603683188,0.03,,,,,,,3999,,,,,,,,
18,,,,,,,1.511791467666626,,-17.662517547607422,,10.3515625,0.00039206756628118455,0.029999999329447746,,,1.0,1.0,,,,,3999,,2.6891958713531494,,,,,,
,,,,,,,,,,,,,,0.0003916304234733052,0.03,,,,,,,4049,,,,,,,,
18,,,,,,,1.5099908113479614,,-17.669511795043945,,11.0703125,0.00039162137545645237,0.029999999329447746,,,1.0,1.0,,,,,4049,,2.2032880783081055,,,,,,
,,,,,,,,,,,,,,0.0003911725472775835,0.03,,,,,,,4099,,,,,,,,
18,,,,,,,1.5078994035720825,,-17.67259407043457,,10.609375,0.0003911632811650634,0.029999999329447746,,,1.0,1.0,,,,,4099,,2.227267265319824,,,,,,
,,,,,,,,,,,,,,0.0003907027603383777,0.03,,,,,,,4149,,,,,,,,
18,,,,,,,1.501254916191101,,-17.651865005493164,,10.3046875,0.00039069325430318713,0.029999999329447746,,,1.0,1.0,,,,,4149,,1.9506077766418457,,,,,,
,,,0.013888888992369175,,0.40625,,,,,,,,,,,1.0,1.0,,,,,1656,,,,0.0,,0.0,,0.0
,,,0.01822916604578495,,0.5546875,,,,,,,,,,,1.0,1.0,,,,,1657,,,,0.0,,0.0,,0.0
,,,0.05757242441177368,,0.6956362128257751,,,,,,,,,,,1.0,1.0,,,,,1658,,,,0.0,,0.0,,0.0
,,,0.0546875,,0.90625,,,,,,,,,,,1.0,1.0,,,,,1659,,,,0.0,,0.0,,0.0
,,,0.0546875,,0.9296875,,,,,,,,,,,1.0,1.0,,,,,1660,,,,0.0,,0.0,,0.0
,,,0.07727919518947601,,0.9455127716064453,,,,,,,,,,,1.0,1.0,,,,,1661,,,,0.0,,0.0,,0.0
,,,0.0234375,,0.984375,,,,,,,,,,,1.0,1.0,,,,,1662,,,,0.0,,0.0,,0.0
,,,0.01822916604578495,,0.9453125,,,,,,,,,,,1.0,1.0,,,,,1663,,,,0.0,,0.0,,0.0
,,,0.04770583286881447,,0.9129502773284912,,,,,,,,,,,1.0,1.0,,,,,1664,,,,0.0,,0.0,,0.0
,,,0.0373263880610466,,0.84375,,,,,,,,,,,1.0,1.0,,,,,1665,,,,0.0,,0.0,,0.0
,,,0.02500000037252903,,0.84375,,,,,,,,,,,1.0,1.0,,,,,1666,,,,0.0,,0.0,,0.0
,,,0.033203125,,0.8828125,,,,,,,,,,,1.0,1.0,,,,,1667,,,,0.0,,0.0,,0.0
,,,0.09748148918151855,,0.9160000085830688,,,,,,,,,,,1.0,1.0,,,,,1668,,,,0.0,,0.0,,0.0
,,,0.0555555559694767,,0.8125,,,,,,,,,,,1.0,1.0,,,,,1669,,,,0.0,,0.0,,0.0
,,,0.05624999850988388,,0.7734375,,,,,,,,,,,1.0,1.0,,,,,1670,,,,0.0,,0.0,,0.0
,,,0.12190061807632446,,0.8300653696060181,,,,,,,,,,,1.0,1.0,,,,,1671,,,,0.0,,0.0,,0.0
,,,0.03046875074505806,,0.875,,,,,,,,,,,1.0,1.0,,,,,1672,,,,0.0,,0.0,,0.0
,,,0.03437500074505806,,0.875,,,,,,,,,,,1.0,1.0,,,,,1673,,,,0.0,,0.0,,0.0
,,,0.09752284735441208,,0.9193723201751709,,,,,,,,,,,1.0,1.0,,,,,1674,,,,0.0,,0.0,,0.0
,,,0.0712890625,,0.9609375,,,,,,,,,,,1.0,1.0,,,,,1675,,,,0.0,,0.0,,0.0
,,,0.0732421875,,0.9296875,,,,,,,,,,,1.0,1.0,,,,,1676,,,,0.0,,0.0,,0.0
,,,0.050485678017139435,,0.7717310190200806,,,,,,,,,,,1.0,1.0,,,,,1677,,,,0.0,,0.0,,0.0
,,,0.008593750186264515,,0.4140625,,,,,,,,,,,1.0,1.0,,,,,1678,,,,0.0,,0.0,,0.0
,,,0.0078125,,0.5234375,,,,,,,,,,,1.0,1.0,,,,,1679,,,,0.0,,0.0,,0.0
,,,0.01231527142226696,,0.5517241358757019,,,,,,,,,,,1.0,1.0,,,,,1680,,,,0.0,,0.0,,0.0
,,,0.0052083334885537624,,0.5078125,,,,,,,,,,,1.0,1.0,,,,,1681,,,,0.0,,0.0,,0.0
,,,0.0069444444961845875,,0.515625,,,,,,,,,,,1.0,1.0,,,,,1682,,,,0.0,,0.0,,0.0
,,,0.03418868035078049,,0.6967295408248901,,,,,,,,,,,1.0,1.0,,,,,1683,,,,0.0,,0.0,,0.0
,,,0.0625,,0.859375,,,,,,,,,,,1.0,1.0,,,,,1684,,,,0.0,,0.0,,0.0
,,,0.0400390625,,0.8203125,,,,,,,,,,,1.0,1.0,,,,,1685,,,,0.0,,0.0,,0.0
,,,0.054309166967868805,,0.6155951023101807,,,,,,,,,,,1.0,1.0,,,,,1686,,,,0.0,,0.0,,0.0
,,,0.02083333395421505,,0.5,,,,,,,,,,,1.0,1.0,,,,,1687,,,,0.0,,0.0,,0.0
,,,0.014843749813735485,,0.5234375,,,,,,,,,,,1.0,1.0,,,,,1688,,,,0.0,,0.0,,0.0
,,,0.06581281125545502,,0.6943349838256836,,,,,,,,,,,1.0,1.0,,,,,1689,,,,0.0,,0.0,,0.0
,,,0.048828125,,0.9140625,,,,,,,,,,,1.0,1.0,,,,,1690,,,,0.0,,0.0,,0.0
,,,0.0537109375,,0.9296875,,,,,,,,,,,1.0,1.0,,,,,1691,,,,0.0,,0.0,,0.0
,,,0.08930756151676178,,0.9515537023544312,,,,,,,,,,,1.0,1.0,,,,,1692,,,,0.0,,0.0,,0.0
,,,0.0234375,,0.9921875,,,,,,,,,,,1.0,1.0,,,,,1693,,,,0.0,,0.0,,0.0
,,,0.02734375,,0.953125,,,,,,,,,,,1.0,1.0,,,,,1694,,,,0.0,,0.0,,0.0
,,,0.05770451948046684,,0.922832727432251,,,,,,,,,,,1.0,1.0,,,,,1695,,,,0.0,,0.0,,0.0
,,,0.04296875,,0.875,,,,,,,,,,,1.0,1.0,,,,,1696,,,,0.0,,0.0,,0.0
,,,0.046875,,0.8515625,,,,,,,,,,,1.0,1.0,,,,,1697,,,,0.0,,0.0,,0.0
,,,0.08712121099233627,,0.8670454621315002,,,,,,,,,,,1.0,1.0,,,,,1698,,,,0.0,,0.0,,0.0
,,,0.0703125,,0.78125,,,,,,,,,,,1.0,1.0,,,,,1699,,,,0.0,,0.0,,0.0
,,,0.05000000074505806,,0.7734375,,,,,,,,,,,1.0,1.0,,,,,1700,,,,0.0,,0.0,,0.0
,,,0.09324155747890472,,0.8266583681106567,,,,,,,,,,,1.0,1.0,,,,,1701,,,,0.0,,0.0,,0.0
,,,0.0419921875,,0.8828125,,,,,,,,,,,1.0,1.0,,,,,1702,,,,0.0,,0.0,,0.0
,,,0.03437500074505806,,0.859375,,,,,,,,,,,1.0,1.0,,,,,1703,,,,0.0,,0.0,,0.0
,,,0.0355902761220932,,0.8359375,,,,,,,,,,,1.0,1.0,,,,,1704,,,,0.0,,0.0,,0.0
,,,0.07311586290597916,,0.9803149700164795,,,,,,,,,,,1.0,1.0,,,,,1705,,,,0.0,,0.0,,0.0
,,,0.0732421875,,0.9453125,,,,,,,,,,,1.0,1.0,,,,,1706,,,,0.0,,0.0,,0.0
,,,0.0703125,,0.9609375,,,,,,,,,,,1.0,1.0,,,,,1707,,,,0.0,,0.0,,0.0
,,,0.041954025626182556,,0.7284482717514038,,,,,,,,,,,1.0,1.0,,,,,1708,,,,0.0,,0.0,,0.0
,,,0.00937500037252903,,0.4609375,,,,,,,,,,,1.0,1.0,,,,,1709,,,,0.0,,0.0,,0.0
,,,0.0054687499068677425,,0.4921875,,,,,,,,,,,1.0,1.0,,,,,1710,,,,0.0,,0.0,,0.0
,,,0.019031904637813568,,0.5056838989257812,,,,,,,,,,,1.0,1.0,,,,,1711,,,,0.0,,0.0,,0.0
,,,0.006076388992369175,,0.515625,,,,,,,,,,,1.0,1.0,,,,,1712,,,,0.0,,0.0,,0.0
,,,0.004687500186264515,,0.4765625,,,,,,,,,,,1.0,1.0,,,,,1713,,,,0.0,,0.0,,0.0
,,,0.039351850748062134,,0.6510416269302368,,,,,,,,,,,1.0,1.0,,,,,1714,,,,0.0,,0.0,,0.0
,,,0.044921875,,0.875,,,,,,,,,,,1.0,1.0,,,,,1715,,,,0.0,,0.0,,0.0
,,,0.0419921875,,0.8046875,,,,,,,,,,,1.0,1.0,,,,,1716,,,,0.0,,0.0,,0.0
,,,0.06810631603002548,,0.6669435501098633,,,,,,,,,,,1.0,1.0,,,,,1717,,,,0.0,,0.0,,0.0
,,,0.01822916604578495,,0.4765625,,,,,,,,,,,1.0,1.0,,,,,1718,,,,0.0,,0.0,,0.0
,,,0.014843749813735485,,0.5703125,,,,,,,,,,,1.0,1.0,,,,,1719,,,,0.0,,0.0,,0.0
,,,0.0659455955028534,,0.5935103297233582,,,,,,,,,,,1.0,1.0,,,,,1720,,,,0.0,,0.0,,0.0
,,,0.0556640625,,0.8984375,,,,,,,,,,,1.0,1.0,,,,,1721,,,,0.0,,0.0,,0.0
,,,0.048828125,,0.921875,,,,,,,,,,,1.0,1.0,,,,,1722,,,,0.0,,0.0,,0.0
,,,0.07815656810998917,,0.9585858583450317,,,,,,,,,,,1.0,1.0,,,,,1723,,,,0.0,,0.0,,0.0
,,,0.0244140625,,0.984375,,,,,,,,,,,1.0,1.0,,,,,1724,,,,0.0,,0.0,,0.0
,,,0.0217013880610466,,0.9375,,,,,,,,,,,1.0,1.0,,,,,1725,,,,0.0,,0.0,,0.0
,,,0.05856481194496155,,0.9305555820465088,,,,,,,,,,,1.0,1.0,,,,,1726,,,,0.0,,0.0,,0.0
,,,0.046875,,0.921875,,,,,,,,,,,1.0,1.0,,,,,1727,,,,0.0,,0.0,,0.0
,,,0.0302734375,,0.8359375,,,,,,,,,,,1.0,1.0,,,,,1728,,,,0.0,,0.0,,0.0
,,,0.10644058138132095,,0.8763052225112915,,,,,,,,,,,1.0,1.0,,,,,1729,,,,0.0,,0.0,,0.0
,,,0.0633680522441864,,0.765625,,,,,,,,,,,1.0,1.0,,,,,1730,,,,0.0,,0.0,,0.0
,,,0.0625,,0.7890625,,,,,,,,,,,1.0,1.0,,,,,1731,,,,0.0,,0.0,,0.0
,,,0.09521263837814331,,0.8240387439727783,,,,,,,,,,,1.0,1.0,,,,,1732,,,,0.0,,0.0,,0.0
,,,0.0329861119389534,,0.8984375,,,,,,,,,,,1.0,1.0,,,,,1733,,,,0.0,,0.0,,0.0
,,,0.03828125074505806,,0.8828125,,,,,,,,,,,1.0,1.0,,,,,1734,,,,0.0,,0.0,,0.0
,,,0.09985233843326569,,0.8889811635017395,,,,,,,,,,,1.0,1.0,,,,,1735,,,,0.0,,0.0,,0.0
,,,0.0747767835855484,,0.9609375,,,,,,,,,,,1.0,1.0,,,,,1736,,,,0.0,,0.0,,0.0
,,,0.05859375,,0.9609375,,,,,,,,,,,1.0,1.0,,,,,1737,,,,0.0,,0.0,,0.0
,,,0.0654805451631546,,0.8290655016899109,,,,,,,,,,,1.0,1.0,,,,,1738,,,,0.0,,0.0,,0.0
,,,0.007031249813735485,,0.375,,,,,,,,,,,1.0,1.0,,,,,1739,,,,0.0,,0.0,,0.0
,,,0.01015624962747097,,0.5078125,,,,,,,,,,,1.0,1.0,,,,,1740,,,,0.0,,0.0,,0.0
,,,0.01785714365541935,,0.5535714626312256,,,,,,,,,,,1.0,1.0,,,,,1741,,,,0.0,,0.0,,0.0
,,,0.009548611007630825,,0.578125,,,,,,,,,,,1.0,1.0,,,,,1742,,,,0.0,,0.0,,0.0
,,,0.006076388992369175,,0.4921875,,,,,,,,,,,1.0,1.0,,,,,1743,,,,0.0,,0.0,,0.0
,,,0.040637142956256866,,0.6157731413841248,,,,,,,,,,,1.0,1.0,,,,,1744,,,,0.0,,0.0,,0.0
,,,0.0572916679084301,,0.8515625,,,,,,,,,,,1.0,1.0,,,,,1745,,,,0.0,,0.0,,0.0
,,,0.0458984375,,0.8515625,,,,,,,,,,,1.0,1.0,,,,,1746,,,,0.0,,0.0,,0.0
,,,0.048228345811367035,,0.8425197005271912,,,,,,,,,,,1.0,1.0,,,,,1747,,,,0.0,,0.0,,0.0
18,0.16990280151367188,0.30303263664245605,,0.771494448184967,,,,,,,,,,,,,,180.5718536376953,233745.609375,5.196128845214844,508.5264587402344,4198,,,0.0,,0.0,,0.0,
18,,,,,,1.4987940788269043,,-17.665298461914062,,10.126379013061523,,,,,,,,,,,,4198,2.4078361988067627,,,,,,,
,,,,,,,,,,,,,,0.00039022109195577254,0.03,,,,,,,4199,,,,,,,,
19,,,,,,,1.4941143989562988,,-17.67147445678711,,9.7421875,0.0003902113239746541,0.029999999329447746,,,,,,,,,4199,,2.25106143951416,,,,,,
,,,,,,,,,,,,,,0.0003897275721708844,0.03,,,,,,,4249,,,,,,,,
19,,,,,,,1.5030086040496826,,-17.67127227783203,,10.390625,0.0003897175774909556,0.029999999329447746,,,1.0,1.0,,,,,4249,,2.235072374343872,,,,,,
,,,,,,,,,,,,,,0.0003892222317639883,0.03,,,,,,,4299,,,,,,,,
19,,,,,,,1.5177526473999023,,-17.664127349853516,,11.0,0.00038921201485209167,0.029999999329447746,,,1.0,1.0,,,,,4299,,2.7591543197631836,,,,,,
,,,,,,,,,,,,,,0.00038870510225259874,0.03,,,,,,,4349,,,,,,,,
19,,,,,,,1.5129272937774658,,-17.678794860839844,,10.2109375,0.0003886946360580623,0.029999999329447746,,,1.0,1.0,,,,,4349,,2.2984509468078613,,,,,,
,,,,,,,,,,,,,,0.00038817621588950295,0.03,,,,,,,4399,,,,,,,,
19,,,,,,,1.476324200630188,,-17.676761627197266,,9.15625,0.0003881655284203589,0.029999999329447746,,,1.0,1.0,,,,,4399,,2.3981986045837402,,,,,,
,,,0.02777777798473835,,0.71875,,,,,,,,,,,1.0,1.0,,,,,1748,,,,0.0,,0.0,,0.0
,,,0.033203125,,0.734375,,,,,,,,,,,1.0,1.0,,,,,1749,,,,0.0,,0.0,,0.0
,,,0.04175834357738495,,0.7379904985427856,,,,,,,,,,,1.0,1.0,,,,,1750,,,,0.0,,0.0,,0.0
,,,0.0068359375,,0.6171875,,,,,,,,,,,1.0,1.0,,,,,1751,,,,0.0,,0.0,,0.0
,,,0.0069444444961845875,,0.6484375,,,,,,,,,,,1.0,1.0,,,,,1752,,,,0.0,,0.0,,0.0
,,,0.005341880489140749,,0.7708333730697632,,,,,,,,,,,1.0,1.0,,,,,1753,,,,0.0,,0.0,,0.0
,,,0.0008680555620230734,,0.8671875,,,,,,,,,,,1.0,1.0,,,,,1754,,,,0.0,,0.0,,0.0
,,,0.0068359375,,0.8359375,,,,,,,,,,,1.0,1.0,,,,,1755,,,,0.0,,0.0,,0.0
,,,0.0018867924809455872,,0.5733276605606079,,,,,,,,,,,1.0,1.0,,,,,1756,,,,0.0,,0.0,,0.0
,,,0.0,,0.3125,,,,,,,,,,,1.0,1.0,,,,,1757,,,,0.0,,0.0,,0.0
,,,0.0007812500116415322,,0.328125,,,,,,,,,,,1.0,1.0,,,,,1758,,,,0.0,,0.0,,0.0
,,,0.0008680555620230734,,0.296875,,,,,,,,,,,1.0,1.0,,,,,1759,,,,0.0,,0.0,,0.0
,,,0.03199999779462814,,0.625333309173584,,,,,,,,,,,1.0,1.0,,,,,1760,,,,0.0,,0.0,,0.0
,,,0.02500000037252903,,0.5546875,,,,,,,,,,,1.0,1.0,,,,,1761,,,,0.0,,0.0,,0.0
,,,0.0303819440305233,,0.5625,,,,,,,,,,,1.0,1.0,,,,,1762,,,,0.0,,0.0,,0.0
,,,0.10488639771938324,,0.6895425319671631,,,,,,,,,,,1.0,1.0,,,,,1763,,,,0.0,,0.0,,0.0
,,,0.017578125,,0.8515625,,,,,,,,,,,1.0,1.0,,,,,1764,,,,0.0,,0.0,,0.0
,,,0.02994791604578495,,0.8359375,,,,,,,,,,,1.0,1.0,,,,,1765,,,,0.0,,0.0,,0.0
,,,0.09253246337175369,,0.9031385183334351,,,,,,,,,,,1.0,1.0,,,,,1766,,,,0.0,,0.0,,0.0
,,,0.0703125,,0.96875,,,,,,,,,,,1.0,1.0,,,,,1767,,,,0.0,,0.0,,0.0
,,,0.060546875,,0.984375,,,,,,,,,,,1.0,1.0,,,,,1768,,,,0.0,,0.0,,0.0
,,,0.08346478641033173,,0.8516811728477478,,,,,,,,,,,1.0,1.0,,,,,1769,,,,0.0,,0.0,,0.0
,,,0.0322265625,,0.7734375,,,,,,,,,,,1.0,1.0,,,,,1770,,,,0.0,,0.0,,0.0
,,,0.029296875,,0.796875,,,,,,,,,,,1.0,1.0,,,,,1771,,,,0.0,,0.0,,0.0
,,,0.043657634407281876,,0.7980295419692993,,,,,,,,,,,1.0,1.0,,,,,1772,,,,0.0,,0.0,,0.0
,,,0.0205078125,,0.8125,,,,,,,,,,,1.0,1.0,,,,,1773,,,,0.0,,0.0,,0.0
,,,0.0234375,,0.7734375,,,,,,,,,,,1.0,1.0,,,,,1774,,,,0.0,,0.0,,0.0
,,,0.1093396246433258,,0.8638993501663208,,,,,,,,,,,1.0,1.0,,,,,1775,,,,0.0,,0.0,,0.0
,,,0.1004464253783226,,0.9921875,,,,,,,,,,,1.0,1.0,,,,,1776,,,,0.0,,0.0,,0.0
,,,0.078125,,0.9609375,,,,,,,,,,,1.0,1.0,,,,,1777,,,,0.0,,0.0,,0.0
,,,0.1291772574186325,,0.895348846912384,,,,,,,,,,,1.0,1.0,,,,,1778,,,,0.0,,0.0,,0.0
,,,0.0361328125,,0.7109375,,,,,,,,,,,1.0,1.0,,,,,1779,,,,0.0,,0.0,,0.0
,,,0.03125,,0.7734375,,,,,,,,,,,1.0,1.0,,,,,1780,,,,0.0,,0.0,,0.0
,,,0.050246305763721466,,0.7251231670379639,,,,,,,,,,,1.0,1.0,,,,,1781,,,,0.0,,0.0,,0.0
,,,0.010416666977107525,,0.625,,,,,,,,,,,1.0,1.0,,,,,1782,,,,0.0,,0.0,,0.0
,,,0.005580357275903225,,0.6171875,,,,,,,,,,,1.0,1.0,,,,,1783,,,,0.0,,0.0,,0.0
,,,0.003479868173599243,,0.7450453042984009,,,,,,,,,,,1.0,1.0,,,,,1784,,,,0.0,,0.0,,0.0
,,,0.001953125,,0.890625,,,,,,,,,,,1.0,1.0,,,,,1785,,,,0.0,,0.0,,0.0
,,,0.0034722222480922937,,0.796875,,,,,,,,,,,1.0,1.0,,,,,1786,,,,0.0,,0.0,,0.0
,,,0.0031746034510433674,,0.46459096670150757,,,,,,,,,,,1.0,1.0,,,,,1787,,,,0.0,,0.0,,0.0
,,,0.0,,0.3515625,,,,,,,,,,,1.0,1.0,,,,,1788,,,,0.0,,0.0,,0.0
,,,0.0017361111240461469,,0.359375,,,,,,,,,,,1.0,1.0,,,,,1789,,,,0.0,,0.0,,0.0
,,,0.03737373650074005,,0.4113636612892151,,,,,,,,,,,1.0,1.0,,,,,1790,,,,0.0,,0.0,,0.0
,,,0.03203124925494194,,0.5703125,,,,,,,,,,,1.0,1.0,,,,,1791,,,,0.0,,0.0,,0.0
,,,0.02421874925494194,,0.578125,,,,,,,,,,,1.0,1.0,,,,,1792,,,,0.0,,0.0,,0.0
,,,0.061604782938957214,,0.7137045860290527,,,,,,,,,,,1.0,1.0,,,,,1793,,,,0.0,,0.0,,0.0
,,,0.02008928544819355,,0.84375,,,,,,,,,,,1.0,1.0,,,,,1794,,,,0.0,,0.0,,0.0
,,,0.01785714365541935,,0.8515625,,,,,,,,,,,1.0,1.0,,,,,1795,,,,0.0,,0.0,,0.0
,,,0.04062499850988388,,0.8359375,,,,,,,,,,,1.0,1.0,,,,,1796,,,,0.0,,0.0,,0.0
,,,0.07311586290597916,,0.9881889820098877,,,,,,,,,,,1.0,1.0,,,,,1797,,,,0.0,,0.0,,0.0
,,,0.0729166641831398,,0.9765625,,,,,,,,,,,1.0,1.0,,,,,1798,,,,0.0,,0.0,,0.0
,,,0.0703125,,0.96875,,,,,,,,,,,1.0,1.0,,,,,1799,,,,0.0,,0.0,,0.0
,,,0.05459769815206528,,0.811781644821167,,,,,,,,,,,1.0,1.0,,,,,1800,,,,0.0,,0.0,,0.0
,,,0.0243055559694767,,0.765625,,,,,,,,,,,1.0,1.0,,,,,1801,,,,0.0,,0.0,,0.0
,,,0.02734375,,0.796875,,,,,,,,,,,1.0,1.0,,,,,1802,,,,0.0,,0.0,,0.0
,,,0.04047488048672676,,0.771360456943512,,,,,,,,,,,1.0,1.0,,,,,1803,,,,0.0,,0.0,,0.0
,,,0.01953125,,0.828125,,,,,,,,,,,1.0,1.0,,,,,1804,,,,0.0,,0.0,,0.0
,,,0.02008928544819355,,0.7578125,,,,,,,,,,,1.0,1.0,,,,,1805,,,,0.0,,0.0,,0.0
,,,0.1545138955116272,,0.8802083730697632,,,,,,,,,,,1.0,1.0,,,,,1806,,,,0.0,,0.0,,0.0
,,,0.125,,0.9765625,,,,,,,,,,,1.0,1.0,,,,,1807,,,,0.0,,0.0,,0.0
,,,0.1149553582072258,,0.9921875,,,,,,,,,,,1.0,1.0,,,,,1808,,,,0.0,,0.0,,0.0
,,,0.11531008034944534,,0.8488371968269348,,,,,,,,,,,1.0,1.0,,,,,1809,,,,0.0,,0.0,,0.0
,,,0.02777777798473835,,0.7265625,,,,,,,,,,,1.0,1.0,,,,,1810,,,,0.0,,0.0,,0.0
,,,0.0347222238779068,,0.7734375,,,,,,,,,,,1.0,1.0,,,,,1811,,,,0.0,,0.0,,0.0
,,,0.06978508085012436,,0.794100284576416,,,,,,,,,,,1.0,1.0,,,,,1812,,,,0.0,,0.0,,0.0
,,,0.0087890625,,0.640625,,,,,,,,,,,1.0,1.0,,,,,1813,,,,0.0,,0.0,,0.0
,,,0.0078125,,0.6015625,,,,,,,,,,,1.0,1.0,,,,,1814,,,,0.0,,0.0,,0.0
,,,0.006172839552164078,,0.7095959782600403,,,,,,,,,,,1.0,1.0,,,,,1815,,,,0.0,,0.0,,0.0
,,,0.0034722222480922937,,0.84375,,,,,,,,,,,1.0,1.0,,,,,1816,,,,0.0,,0.0,,0.0
,,,0.00434027798473835,,0.7734375,,,,,,,,,,,1.0,1.0,,,,,1817,,,,0.0,,0.0,,0.0
,,,0.004999999888241291,,0.4888888895511627,,,,,,,,,,,1.0,1.0,,,,,1818,,,,0.0,,0.0,,0.0
,,,0.0017361111240461469,,0.3359375,,,,,,,,,,,1.0,1.0,,,,,1819,,,,0.0,,0.0,,0.0
,,,0.0,,0.28125,,,,,,,,,,,1.0,1.0,,,,,1820,,,,0.0,,0.0,,0.0
,,,0.0373493954539299,,0.45167338848114014,,,,,,,,,,,1.0,1.0,,,,,1821,,,,0.0,,0.0,,0.0
,,,0.0303819440305233,,0.5703125,,,,,,,,,,,1.0,1.0,,,,,1822,,,,0.0,,0.0,,0.0
,,,0.0303819440305233,,0.5703125,,,,,,,,,,,1.0,1.0,,,,,1823,,,,0.0,,0.0,,0.0
,,,0.054324761033058167,,0.6802903413772583,,,,,,,,,,,1.0,1.0,,,,,1824,,,,0.0,,0.0,,0.0
,,,0.02566964365541935,,0.796875,,,,,,,,,,,1.0,1.0,,,,,1825,,,,0.0,,0.0,,0.0
,,,0.02187499962747097,,0.8671875,,,,,,,,,,,1.0,1.0,,,,,1826,,,,0.0,,0.0,,0.0
,,,0.13602805137634277,,0.8950719833374023,,,,,,,,,,,1.0,1.0,,,,,1827,,,,0.0,,0.0,,0.0
,,,0.0546875,,0.9609375,,,,,,,,,,,1.0,1.0,,,,,1828,,,,0.0,,0.0,,0.0
,,,0.0755208358168602,,0.9765625,,,,,,,,,,,1.0,1.0,,,,,1829,,,,0.0,,0.0,,0.0
,,,0.09540238976478577,,0.8555037975311279,,,,,,,,,,,1.0,1.0,,,,,1830,,,,0.0,,0.0,,0.0
,,,0.0243055559694767,,0.7890625,,,,,,,,,,,1.0,1.0,,,,,1831,,,,0.0,,0.0,,0.0
,,,0.0234375,,0.765625,,,,,,,,,,,1.0,1.0,,,,,1832,,,,0.0,,0.0,,0.0
,,,0.0491071417927742,,0.7946428656578064,,,,,,,,,,,1.0,1.0,,,,,1833,,,,0.0,,0.0,,0.0
,,,0.02008928544819355,,0.8046875,,,,,,,,,,,1.0,1.0,,,,,1834,,,,0.0,,0.0,,0.0
,,,0.01785714365541935,,0.84375,,,,,,,,,,,1.0,1.0,,,,,1835,,,,0.0,,0.0,,0.0
,,,0.10147629678249359,,0.8803418874740601,,,,,,,,,,,1.0,1.0,,,,,1836,,,,0.0,,0.0,,0.0
,,,0.1049107164144516,,0.9921875,,,,,,,,,,,1.0,1.0,,,,,1837,,,,0.0,,0.0,,0.0
,,,0.1049107164144516,,0.984375,,,,,,,,,,,1.0,1.0,,,,,1838,,,,0.0,,0.0,,0.0
,,,0.1909448802471161,,0.9921259880065918,,,,,,,,,,,1.0,1.0,,,,,1839,,,,0.0,,0.0,,0.0
19,0.15552182495594025,0.2425147294998169,,0.744550347328186,,,,,,,,,,,,,,171.2093505859375,155888.078125,5.142887115478516,511.12200927734375,4419,,,0.0,,0.0,,0.0,
19,,,,,,1.501754641532898,,-17.670473098754883,,10.126590728759766,,,,,,,,,,,,4419,2.3919570446014404,,,,,,,
,,,,,,,,,,,,,,0.0003876356056607496,0.03,,,,,,,4449,,,,,,,,
20,,,,,,,1.5081753730773926,,-17.652254104614258,,10.3046875,0.00038762466283515096,0.029999999329447746,,,1.0,1.0,,,,,4449,,2.5100584030151367,,,,,,
,,,,,,,,,,,,,,0.00038708330528359255,0.03,,,,,,,4499,,,,,,,,
20,,,,,,,1.5053365230560303,,-17.67761993408203,,9.8125,0.00038707212661392987,0.029999999329447746,,,1.0,1.0,,,,,4499,,2.253800868988037,,,,,,
,,,,,,,,,,,,,,0.00038651934920438626,0.03,,,,,,,4549,,,,,,,,
20,,,,,,,1.497244954109192,,-17.612186431884766,,9.0078125,0.0003865079488605261,0.029999999329447746,,,1.0,1.0,,,,,4549,,2.5895791053771973,,,,,,
,,,,,,,,,,,,,,0.00038594377259643895,0.03,,,,,,,4599,,,,,,,,
20,,,,,,,1.5347599983215332,,-17.628503799438477,,10.703125,0.0003859321295749396,0.029999999329447746,,,1.0,1.0,,,,,4599,,2.55564284324646,,,,,,
,,,0.010416666977107525,,0.703125,,,,,,,,,,,1.0,1.0,,,,,1840,,,,0.0,,0.0,,0.0
,,,0.015625,,0.7890625,,,,,,,,,,,1.0,1.0,,,,,1841,,,,0.0,,0.0,,0.0
,,,0.005657708737999201,,0.7466080188751221,,,,,,,,,,,1.0,1.0,,,,,1842,,,,0.0,,0.0,,0.0
,,,0.0015625000232830644,,0.71875,,,,,,,,,,,1.0,1.0,,,,,1843,,,,0.0,,0.0,,0.0
,,,0.0,,0.703125,,,,,,,,,,,1.0,1.0,,,,,1844,,,,0.0,,0.0,,0.0
,,,0.0,,0.46474361419677734,,,,,,,,,,,1.0,1.0,,,,,1845,,,,0.0,,0.0,,0.0
,,,0.0,,0.4609375,,,,,,,,,,,1.0,1.0,,,,,1846,,,,0.0,,0.0,,0.0
,,,0.0,,0.5,,,,,,,,,,,1.0,1.0,,,,,1847,,,,0.0,,0.0,,0.0
,,,0.009090909734368324,,0.7547169923782349,,,,,,,,,,,1.0,1.0,,,,,1848,,,,0.0,,0.0,,0.0
,,,0.0234375,,0.9609375,,,,,,,,,,,1.0,1.0,,,,,1849,,,,0.0,,0.0,,0.0
,,,0.0234375,,0.96875,,,,,,,,,,,1.0,1.0,,,,,1850,,,,0.0,,0.0,,0.0
,,,0.015625,,0.9765625,,,,,,,,,,,1.0,1.0,,,,,1851,,,,0.0,,0.0,,0.0
,,,0.08222222328186035,,0.7039999961853027,,,,,,,,,,,1.0,1.0,,,,,1852,,,,0.0,,0.0,,0.0
,,,0.02008928544819355,,0.4296875,,,,,,,,,,,1.0,1.0,,,,,1853,,,,0.0,,0.0,,0.0
,,,0.0234375,,0.3984375,,,,,,,,,,,1.0,1.0,,,,,1854,,,,0.0,,0.0,,0.0
,,,0.09757236391305923,,0.769374430179596,,,,,,,,,,,1.0,1.0,,,,,1855,,,,0.0,,0.0,,0.0
,,,0.0611979179084301,,1.0,,,,,,,,,,,1.0,1.0,,,,,1856,,,,0.0,,0.0,,0.0
,,,0.0513392873108387,,0.9921875,,,,,,,,,,,1.0,1.0,,,,,1857,,,,0.0,,0.0,,0.0
,,,0.05303030088543892,,0.8571428656578064,,,,,,,,,,,1.0,1.0,,,,,1858,,,,0.0,,0.0,,0.0
,,,0.0015625000232830644,,0.640625,,,,,,,,,,,1.0,1.0,,,,,1859,,,,0.0,,0.0,,0.0
,,,0.0,,0.6640625,,,,,,,,,,,1.0,1.0,,,,,1860,,,,0.0,,0.0,,0.0
,,,0.017123287543654442,,0.6631382703781128,,,,,,,,,,,1.0,1.0,,,,,1861,,,,0.0,,0.0,,0.0
,,,0.0166015625,,0.7890625,,,,,,,,,,,1.0,1.0,,,,,1862,,,,0.0,,0.0,,0.0
,,,0.02008928544819355,,0.7890625,,,,,,,,,,,1.0,1.0,,,,,1863,,,,0.0,,0.0,,0.0
,,,0.02500000037252903,,0.4157635271549225,,,,,,,,,,,1.0,1.0,,,,,1864,,,,0.0,,0.0,,0.0
,,,0.0,,0.0,,,,,,,,,,,1.0,1.0,,,,,1865,,,,0.0,,0.0,,0.0
,,,0.0,,0.0,,,,,,,,,,,1.0,1.0,,,,,1866,,,,0.0,,0.0,,0.0
,,,0.15408805012702942,,0.5,,,,,,,,,,,1.0,1.0,,,,,1867,,,,0.0,,0.0,,0.0
,,,0.2265625,,1.0,,,,,,,,,,,1.0,1.0,,,,,1868,,,,0.0,,0.0,,0.0
,,,0.21875,,0.9921875,,,,,,,,,,,1.0,1.0,,,,,1869,,,,0.0,,0.0,,0.0
,,,0.1664842665195465,,0.7906976938247681,,,,,,,,,,,1.0,1.0,,,,,1870,,,,0.0,,0.0,,0.0
,,,0.01692708395421505,,0.71875,,,,,,,,,,,1.0,1.0,,,,,1871,,,,0.0,,0.0,,0.0
,,,0.0234375,,0.7265625,,,,,,,,,,,1.0,1.0,,,,,1872,,,,0.0,,0.0,,0.0
,,,0.002463054144755006,,0.7135468125343323,,,,,,,,,,,1.0,1.0,,,,,1873,,,,0.0,,0.0,,0.0
,,,0.0013020833721384406,,0.6484375,,,,,,,,,,,1.0,1.0,,,,,1874,,,,0.0,,0.0,,0.0
,,,0.0,,0.640625,,,,,,,,,,,1.0,1.0,,,,,1875,,,,0.0,,0.0,,0.0
,,,0.0,,0.661365270614624,,,,,,,,,,,1.0,1.0,,,,,1876,,,,0.0,,0.0,,0.0
,,,0.0,,0.4453125,,,,,,,,,,,1.0,1.0,,,,,1877,,,,0.0,,0.0,,0.0
,,,0.0,,0.4140625,,,,,,,,,,,1.0,1.0,,,,,1878,,,,0.0,,0.0,,0.0
,,,0.01230769231915474,,0.6989011168479919,,,,,,,,,,,1.0,1.0,,,,,1879,,,,0.0,,0.0,,0.0
,,,0.02120535634458065,,0.96875,,,,,,,,,,,1.0,1.0,,,,,1880,,,,0.0,,0.0,,0.0
,,,0.015625,,0.953125,,,,,,,,,,,1.0,1.0,,,,,1881,,,,0.0,,0.0,,0.0
,,,0.051893942058086395,,0.7261363863945007,,,,,,,,,,,1.0,1.0,,,,,1882,,,,0.0,,0.0,,0.0
,,,0.02734375,,0.40625,,,,,,,,,,,1.0,1.0,,,,,1883,,,,0.0,,0.0,,0.0
,,,0.01785714365541935,,0.3984375,,,,,,,,,,,1.0,1.0,,,,,1884,,,,0.0,,0.0,,0.0
,,,0.06268252432346344,,0.728723406791687,,,,,,,,,,,1.0,1.0,,,,,1885,,,,0.0,,0.0,,0.0
,,,0.0859375,,0.9921875,,,,,,,,,,,1.0,1.0,,,,,1886,,,,0.0,,0.0,,0.0
,,,0.0481770820915699,,1.0,,,,,,,,,,,1.0,1.0,,,,,1887,,,,0.0,,0.0,,0.0
,,,0.06406249850988388,,0.984375,,,,,,,,,,,1.0,1.0,,,,,1888,,,,0.0,,0.0,,0.0
,,,0.0,,0.8307086229324341,,,,,,,,,,,1.0,1.0,,,,,1889,,,,0.0,,0.0,,0.0
,,,0.00390625,,0.65625,,,,,,,,,,,1.0,1.0,,,,,1890,,,,0.0,,0.0,,0.0
,,,0.0,,0.6328125,,,,,,,,,,,1.0,1.0,,,,,1891,,,,0.0,,0.0,,0.0
,,,0.01293103490024805,,0.5761494040489197,,,,,,,,,,,1.0,1.0,,,,,1892,,,,0.0,,0.0,,0.0
,,,0.01822916604578495,,0.78125,,,,,,,,,,,1.0,1.0,,,,,1893,,,,0.0,,0.0,,0.0
,,,0.02120535634458065,,0.828125,,,,,,,,,,,1.0,1.0,,,,,1894,,,,0.0,,0.0,,0.0
,,,0.03703703731298447,,0.42592594027519226,,,,,,,,,,,1.0,1.0,,,,,1895,,,,0.0,,0.0,,0.0
,,,0.0,,0.0,,,,,,,,,,,1.0,1.0,,,,,1896,,,,0.0,,0.0,,0.0
,,,0.0,,0.0,,,,,,,,,,,1.0,1.0,,,,,1897,,,,0.0,,0.0,,0.0
,,,0.18125000596046448,,0.5,,,,,,,,,,,1.0,1.0,,,,,1898,,,,0.0,,0.0,,0.0
,,,0.3046875,,0.9921875,,,,,,,,,,,1.0,1.0,,,,,1899,,,,0.0,,0.0,,0.0
,,,0.21875,,1.0,,,,,,,,,,,1.0,1.0,,,,,1900,,,,0.0,,0.0,,0.0
,,,0.15642304718494415,,0.8023256063461304,,,,,,,,,,,1.0,1.0,,,,,1901,,,,0.0,,0.0,,0.0
,,,0.014508928172290325,,0.734375,,,,,,,,,,,1.0,1.0,,,,,1902,,,,0.0,,0.0,,0.0
,,,0.0078125,,0.7421875,,,,,,,,,,,1.0,1.0,,,,,1903,,,,0.0,,0.0,,0.0
,,,0.013333333656191826,,0.720649003982544,,,,,,,,,,,1.0,1.0,,,,,1904,,,,0.0,,0.0,,0.0
,,,0.0,,0.6328125,,,,,,,,,,,1.0,1.0,,,,,1905,,,,0.0,,0.0,,0.0
,,,0.0015625000232830644,,0.625,,,,,,,,,,,1.0,1.0,,,,,1906,,,,0.0,,0.0,,0.0
,,,0.0,,0.6479797959327698,,,,,,,,,,,1.0,1.0,,,,,1907,,,,0.0,,0.0,,0.0
,,,0.0,,0.4375,,,,,,,,,,,1.0,1.0,,,,,1908,,,,0.0,,0.0,,0.0
,,,0.0,,0.453125,,,,,,,,,,,1.0,1.0,,,,,1909,,,,0.0,,0.0,,0.0
,,,0.013888888992369175,,0.720370352268219,,,,,,,,,,,1.0,1.0,,,,,1910,,,,0.0,,0.0,,0.0
,,,0.0234375,,0.9609375,,,,,,,,,,,1.0,1.0,,,,,1911,,,,0.0,,0.0,,0.0
,,,0.01822916604578495,,0.953125,,,,,,,,,,,1.0,1.0,,,,,1912,,,,0.0,,0.0,,0.0
,,,0.03534136712551117,,0.7108433842658997,,,,,,,,,,,1.0,1.0,,,,,1913,,,,0.0,,0.0,,0.0
,,,0.014508928172290325,,0.3984375,,,,,,,,,,,1.0,1.0,,,,,1914,,,,0.0,,0.0,,0.0
,,,0.02734375,,0.4375,,,,,,,,,,,1.0,1.0,,,,,1915,,,,0.0,,0.0,,0.0
,,,0.07628506422042847,,0.7156862616539001,,,,,,,,,,,1.0,1.0,,,,,1916,,,,0.0,,0.0,,0.0
,,,0.07343749701976776,,1.0,,,,,,,,,,,1.0,1.0,,,,,1917,,,,0.0,,0.0,,0.0
,,,0.06406249850988388,,0.984375,,,,,,,,,,,1.0,1.0,,,,,1918,,,,0.0,,0.0,,0.0
,,,0.046511631458997726,,0.8690476417541504,,,,,,,,,,,1.0,1.0,,,,,1919,,,,0.0,,0.0,,0.0
,,,0.0015625000232830644,,0.734375,,,,,,,,,,,1.0,1.0,,,,,1920,,,,0.0,,0.0,,0.0
,,,0.0026041667442768812,,0.640625,,,,,,,,,,,1.0,1.0,,,,,1921,,,,0.0,,0.0,,0.0
,,,0.01990593411028385,,0.7337877750396729,,,,,,,,,,,1.0,1.0,,,,,1922,,,,0.0,,0.0,,0.0
,,,0.0166015625,,0.75,,,,,,,,,,,1.0,1.0,,,,,1923,,,,0.0,,0.0,,0.0
,,,0.01897321455180645,,0.8046875,,,,,,,,,,,1.0,1.0,,,,,1924,,,,0.0,,0.0,,0.0
,,,0.0234375,,0.4241071343421936,,,,,,,,,,,1.0,1.0,,,,,1925,,,,0.0,,0.0,,0.0
,,,0.0,,0.0,,,,,,,,,,,1.0,1.0,,,,,1926,,,,0.0,,0.0,,0.0
,,,0.0,,0.0078125,,,,,,,,,,,1.0,1.0,,,,,1927,,,,0.0,,0.0,,0.0
,,,0.1515151560306549,,0.504273533821106,,,,,,,,,,,1.0,1.0,,,,,1928,,,,0.0,,0.0,,0.0
,,,0.47265625,,1.0,,,,,,,,,,,1.0,1.0,,,,,1929,,,,0.0,,0.0,,0.0
,,,0.17656250298023224,,0.9921875,,,,,,,,,,,1.0,1.0,,,,,1930,,,,0.0,,0.0,,0.0
,,,0.2263779491186142,,1.0,,,,,,,,,,,1.0,1.0,,,,,1931,,,,0.0,,0.0,,0.0
20,0.13409936428070068,0.17180004715919495,,0.6698154211044312,,,,,,,,,,,,,,157.93618774414062,250229.515625,5.062191009521484,513.587158203125,4640,,,0.0,,0.0,,0.0,
20,,,,,,1.5100229978561401,,-17.639684677124023,,10.241887092590332,,,,,,,,,,,,4640,2.553609609603882,,,,,,,
,,,,,,,,,,,,,,0.0003853566113578174,0.03,,,,,,,4649,,,,,,,,
21,,,,,,,1.524550437927246,,-17.588375091552734,,10.3984375,0.0003853447560686618,0.029999999329447746,,,1.0,1.0,,,,,4649,,3.2064993381500244,,,,,,
,,,,,,,,,,,,,,0.0003847579021091091,0.03,,,,,,,4699,,,,,,,,
21,,,,,,,1.5230895280838013,,-17.658245086669922,,10.9453125,0.00038474579923786223,0.029999999329447746,,,1.0,1.0,,,,,4699,,2.4863219261169434,,,,,,
,,,,,,,,,,,,,,0.00038414768219113875,0.03,,,,,,,4749,,,,,,,,
21,,,,,,,1.507459282875061,,-17.643428802490234,,10.125,0.00038413534639403224,0.029999999329447746,,,1.0,1.0,,,,,4749,,2.3429484367370605,,,,,,
,,,,,,,,,,,,,,0.00038352598966263706,0.03,,,,,,,4799,,,,,,,,
21,,,,,,,1.4882054328918457,,-17.660602569580078,,9.578125,0.0003835134266410023,0.029999999329447746,,,1.0,1.0,,,,,4799,,2.6927285194396973,,,,,,
,,,,,,,,,,,,,,0.00038289286329786995,0.03,,,,,,,4849,,,,,,,,
21,,,,,,,1.5511237382888794,,-17.49582862854004,,7.1484375,0.0003828800981864333,0.029999999329447746,,,1.0,1.0,,,,,4849,,2.570955276489258,,,,,,
,,,0.0078125,,0.890625,,,,,,,,,,,1.0,1.0,,,,,1932,,,,0.0,,0.0,,0.0
,,,0.0052083334885537624,,0.9296875,,,,,,,,,,,1.0,1.0,,,,,1933,,,,0.0,,0.0,,0.0
,,,0.002475247485563159,,0.7874953746795654,,,,,,,,,,,1.0,1.0,,,,,1934,,,,0.0,,0.0,,0.0
,,,0.0052083334885537624,,0.78125,,,,,,,,,,,1.0,1.0,,,,,1935,,,,0.0,,0.0,,0.0
,,,0.0,,0.859375,,,,,,,,,,,1.0,1.0,,,,,1936,,,,0.0,,0.0,,0.0
,,,0.27029916644096375,,0.9038461446762085,,,,,,,,,,,1.0,1.0,,,,,1937,,,,0.0,,0.0,,0.0
,,,0.3671875,,1.0,,,,,,,,,,,1.0,1.0,,,,,1938,,,,0.0,,0.0,,0.0
,,,0.2421875,,1.0,,,,,,,,,,,1.0,1.0,,,,,1939,,,,0.0,,0.0,,0.0
,,,0.1674528270959854,,0.5227272510528564,,,,,,,,,,,1.0,1.0,,,,,1940,,,,0.0,,0.0,,0.0
,,,0.0,,0.0,,,,,,,,,,,1.0,1.0,,,,,1941,,,,0.0,,0.0,,0.0
,,,0.0,,0.0,,,,,,,,,,,1.0,1.0,,,,,1942,,,,0.0,,0.0,,0.0
,,,0.0,,0.0,,,,,,,,,,,1.0,1.0,,,,,1943,,,,0.0,,0.0,,0.0
,,,0.019999999552965164,,0.23999999463558197,,,,,,,,,,,1.0,1.0,,,,,1944,,,,0.0,,0.0,,0.0
,,,0.02031249925494194,,0.359375,,,,,,,,,,,1.0,1.0,,,,,1945,,,,0.0,,0.0,,0.0
,,,0.02187499962747097,,0.3984375,,,,,,,,,,,1.0,1.0,,,,,1946,,,,0.0,,0.0,,0.0
,,,0.03703703731298447,,0.22642390429973602,,,,,,,,,,,1.0,1.0,,,,,1947,,,,0.0,,0.0,,0.0
,,,0.0,,0.0078125,,,,,,,,,,,1.0,1.0,,,,,1948,,,,0.0,,0.0,,0.0
,,,0.0,,0.0078125,,,,,,,,,,,1.0,1.0,,,,,1949,,,,0.0,,0.0,,0.0
,,,0.0,,0.363095223903656,,,,,,,,,,,1.0,1.0,,,,,1950,,,,0.0,,0.0,,0.0
,,,0.0,,0.796875,,,,,,,,,,,1.0,1.0,,,,,1951,,,,0.0,,0.0,,0.0
,,,0.001953125,,0.7578125,,,,,,,,,,,1.0,1.0,,,,,1952,,,,0.0,,0.0,,0.0
,,,0.0022831049282103777,,0.710709810256958,,,,,,,,,,,1.0,1.0,,,,,1953,,,,0.0,,0.0,,0.0
,,,0.00390625,,0.7421875,,,,,,,,,,,1.0,1.0,,,,,1954,,,,0.0,,0.0,,0.0
,,,0.0065104165114462376,,0.71875,,,,,,,,,,,1.0,1.0,,,,,1955,,,,0.0,,0.0,,0.0
,,,0.11950737982988358,,0.8428571224212646,,,,,,,,,,,1.0,1.0,,,,,1956,,,,0.0,,0.0,,0.0
,,,0.296875,,1.0,,,,,,,,,,,1.0,1.0,,,,,1957,,,,0.0,,0.0,,0.0
,,,0.328125,,1.0,,,,,,,,,,,1.0,1.0,,,,,1958,,,,0.0,,0.0,,0.0
,,,0.18851153552532196,,0.9528301954269409,,,,,,,,,,,1.0,1.0,,,,,1959,,,,0.0,,0.0,,0.0
,,,0.0062500000931322575,,0.96875,,,,,,,,,,,1.0,1.0,,,,,1960,,,,0.0,,0.0,,0.0
,,,0.01171875,,0.9140625,,,,,,,,,,,1.0,1.0,,,,,1961,,,,0.0,,0.0,,0.0
,,,0.00700410408899188,,0.9180574417114258,,,,,,,,,,,1.0,1.0,,,,,1962,,,,0.0,,0.0,,0.0
,,,0.0078125,,0.9140625,,,,,,,,,,,1.0,1.0,,,,,1963,,,,0.0,,0.0,,0.0
,,,0.0078125,,0.8828125,,,,,,,,,,,1.0,1.0,,,,,1964,,,,0.0,,0.0,,0.0
,,,0.007881773635745049,,0.7822660207748413,,,,,,,,,,,1.0,1.0,,,,,1965,,,,0.0,,0.0,,0.0
,,,0.0026041667442768812,,0.765625,,,,,,,,,,,1.0,1.0,,,,,1966,,,,0.0,,0.0,,0.0
,,,0.00390625,,0.828125,,,,,,,,,,,1.0,1.0,,,,,1967,,,,0.0,,0.0,,0.0
,,,0.2587064802646637,,0.9344261884689331,,,,,,,,,,,1.0,1.0,,,,,1968,,,,0.0,,0.0,,0.0
,,,0.2317708283662796,,1.0,,,,,,,,,,,1.0,1.0,,,,,1969,,,,0.0,,0.0,,0.0
,,,0.2317708283662796,,1.0,,,,,,,,,,,1.0,1.0,,,,,1970,,,,0.0,,0.0,,0.0
,,,0.24338625371456146,,0.5,,,,,,,,,,,1.0,1.0,,,,,1971,,,,0.0,,0.0,,0.0
,,,0.0,,0.0,,,,,,,,,,,1.0,1.0,,,,,1972,,,,0.0,,0.0,,0.0
,,,0.0,,0.0,,,,,,,,,,,1.0,1.0,,,,,1973,,,,0.0,,0.0,,0.0
,,,0.02500000037252903,,0.22499999403953552,,,,,,,,,,,1.0,1.0,,,,,1974,,,,0.0,,0.0,,0.0
,,,0.02500000037252903,,0.4296875,,,,,,,,,,,1.0,1.0,,,,,1975,,,,0.0,,0.0,,0.0
,,,0.01875000074505806,,0.3828125,,,,,,,,,,,1.0,1.0,,,,,1976,,,,0.0,,0.0,,0.0
,,,0.023404255509376526,,0.2115143984556198,,,,,,,,,,,1.0,1.0,,,,,1977,,,,0.0,,0.0,,0.0
,,,0.0,,0.015625,,,,,,,,,,,1.0,1.0,,,,,1978,,,,0.0,,0.0,,0.0
,,,0.0,,0.0078125,,,,,,,,,,,1.0,1.0,,,,,1979,,,,0.0,,0.0,,0.0
,,,0.0,,0.0,,,,,,,,,,,1.0,1.0,,,,,1980,,,,0.0,,0.0,,0.0
,,,0.0,,0.3425196707248688,,,,,,,,,,,1.0,1.0,,,,,1981,,,,0.0,,0.0,,0.0
,,,0.001953125,,0.7109375,,,,,,,,,,,1.0,1.0,,,,,1982,,,,0.0,,0.0,,0.0
,,,0.0,,0.75,,,,,,,,,,,1.0,1.0,,,,,1983,,,,0.0,,0.0,,0.0
,,,0.004310344811528921,,0.5445402264595032,,,,,,,,,,,1.0,1.0,,,,,1984,,,,0.0,,0.0,,0.0
,,,0.0031250000465661287,,0.671875,,,,,,,,,,,1.0,1.0,,,,,1985,,,,0.0,,0.0,,0.0
,,,0.0052083334885537624,,0.7421875,,,,,,,,,,,1.0,1.0,,,,,1986,,,,0.0,,0.0,,0.0
,,,0.11881188303232193,,0.7962962985038757,,,,,,,,,,,1.0,1.0,,,,,1987,,,,0.0,,0.0,,0.0
,,,0.27734375,,1.0,,,,,,,,,,,1.0,1.0,,,,,1988,,,,0.0,,0.0,,0.0
,,,0.33984375,,1.0,,,,,,,,,,,1.0,1.0,,,,,1989,,,,0.0,,0.0,,0.0
,,,0.15625,,0.9479166269302368,,,,,,,,,,,1.0,1.0,,,,,1990,,,,0.0,,0.0,,0.0
,,,0.009765625,,0.9453125,,,,,,,,,,,1.0,1.0,,,,,1991,,,,0.0,,0.0,,0.0
,,,0.0234375,,0.9140625,,,,,,,,,,,1.0,1.0,,,,,1992,,,,0.0,,0.0,,0.0
,,,0.01904761977493763,,0.9476743936538696,,,,,,,,,,,1.0,1.0,,,,,1993,,,,0.0,,0.0,,0.0
,,,0.005859375,,0.90625,,,,,,,,,,,1.0,1.0,,,,,1994,,,,0.0,,0.0,,0.0
,,,0.0052083334885537624,,0.875,,,,,,,,,,,1.0,1.0,,,,,1995,,,,0.0,,0.0,,0.0
,,,0.0,,0.8471976518630981,,,,,,,,,,,1.0,1.0,,,,,1996,,,,0.0,,0.0,,0.0
,,,0.001953125,,0.8046875,,,,,,,,,,,1.0,1.0,,,,,1997,,,,0.0,,0.0,,0.0
,,,0.001953125,,0.8125,,,,,,,,,,,1.0,1.0,,,,,1998,,,,0.0,,0.0,,0.0
,,,0.2545454502105713,,0.8333333730697632,,,,,,,,,,,1.0,1.0,,,,,1999,,,,0.0,,0.0,,0.0
,,,0.2526041567325592,,1.0,,,,,,,,,,,1.0,1.0,,,,,2000,,,,0.0,,0.0,,0.0
,,,0.2369791716337204,,1.0,,,,,,,,,,,1.0,1.0,,,,,2001,,,,0.0,,0.0,,0.0
,,,0.17499999701976776,,0.5046296119689941,,,,,,,,,,,1.0,1.0,,,,,2002,,,,0.0,,0.0,,0.0
,,,0.0,,0.0,,,,,,,,,,,1.0,1.0,,,,,2003,,,,0.0,,0.0,,0.0
,,,0.0,,0.0,,,,,,,,,,,1.0,1.0,,,,,2004,,,,0.0,,0.0,,0.0
,,,0.02008032239973545,,0.2409638613462448,,,,,,,,,,,1.0,1.0,,,,,2005,,,,0.0,,0.0,,0.0
,,,0.02734375,,0.359375,,,,,,,,,,,1.0,1.0,,,,,2006,,,,0.0,,0.0,,0.0
,,,0.02031249925494194,,0.390625,,,,,,,,,,,1.0,1.0,,,,,2007,,,,0.0,,0.0,,0.0
,,,0.016339870169758797,,0.1764705926179886,,,,,,,,,,,1.0,1.0,,,,,2008,,,,0.0,,0.0,,0.0
,,,0.0,,0.015625,,,,,,,,,,,1.0,1.0,,,,,2009,,,,0.0,,0.0,,0.0
,,,0.0,,0.0,,,,,,,,,,,1.0,1.0,,,,,2010,,,,0.0,,0.0,,0.0
,,,0.0,,0.3452380895614624,,,,,,,,,,,1.0,1.0,,,,,2011,,,,0.0,,0.0,,0.0
,,,0.0,,0.6953125,,,,,,,,,,,1.0,1.0,,,,,2012,,,,0.0,,0.0,,0.0
,,,0.0026041667442768812,,0.7578125,,,,,,,,,,,1.0,1.0,,,,,2013,,,,0.0,,0.0,,0.0
,,,0.0,,0.7046890258789062,,,,,,,,,,,1.0,1.0,,,,,2014,,,,0.0,,0.0,,0.0
,,,0.004687500186264515,,0.703125,,,,,,,,,,,1.0,1.0,,,,,2015,,,,0.0,,0.0,,0.0
,,,0.0031250000465661287,,0.734375,,,,,,,,,,,1.0,1.0,,,,,2016,,,,0.0,,0.0,,0.0
,,,0.09311224520206451,,0.8616071343421936,,,,,,,,,,,1.0,1.0,,,,,2017,,,,0.0,,0.0,,0.0
,,,0.1979166716337204,,1.0,,,,,,,,,,,1.0,1.0,,,,,2018,,,,0.0,,0.0,,0.0
,,,0.296875,,1.0,,,,,,,,,,,1.0,1.0,,,,,2019,,,,0.0,,0.0,,0.0
,,,0.19373220205307007,,1.0,,,,,,,,,,,1.0,1.0,,,,,2020,,,,0.0,,0.0,,0.0
,,,0.013020833022892475,,0.953125,,,,,,,,,,,1.0,1.0,,,,,2021,,,,0.0,,0.0,,0.0
,,,0.0078125,,0.921875,,,,,,,,,,,1.0,1.0,,,,,2022,,,,0.0,,0.0,,0.0
,,,0.02624671906232834,,0.9448819160461426,,,,,,,,,,,1.0,1.0,,,,,2023,,,,0.0,,0.0,,0.0
21,0.1514640748500824,0.15361405909061432,,0.6479110717773438,,,,,,,,,,,,,,142.1155242919922,160631.046875,4.956640243530273,511.1298828125,4861,,,0.0,,0.0,,0.0,
21,,,,,,1.5069352388381958,,-17.640594482421875,,9.823264122009277,,,,,,,,,,,,4861,2.5671956539154053,,,,,,,
,,,,,,,,,,,,,,0.00038224834258421806,0.03,,,,,,,4899,,,,,,,,
22,,,,,,,1.531595230102539,,-17.545061111450195,,9.359375,0.00038223533192649484,0.029999999329447746,,,1.0,1.0,,,,,4899,,2.321580648422241,,,,,,
,,,,,,,,,,,,,,0.00038159246771971527,0.03,,,,,,,4949,,,,,,,,
22,,,,,,,1.5289920568466187,,-17.501953125,,10.1171875,0.0003815792442765087,0.029999999329447746,,,1.0,1.0,,,,,4949,,2.4831533432006836,,,,,,
,,,,,,,,,,,,,,0.0003809252796105409,0.03,,,,,,,4999,,,,,,,,
22,,,,,,,1.5549594163894653,,-17.527328491210938,,10.4140625,0.00038091183523647487,0.029999999329447746,,,1.0,1.0,,,,,4999,,2.3111281394958496,,,,,,
,,,,,,,,,,,,,,0.00038024681986846884,0.03,,,,,,,5049,,,,,,,,
22,,,,,,,1.517256498336792,,-17.47956085205078,,8.9921875,0.00038023313391022384,0.029999999329447746,,,1.0,1.0,,,,,5049,,2.908806800842285,,,,,,
,,,0.0234375,,0.7109375,,,,,,,,,,,1.0,1.0,,,,,2024,,,,0.0,,0.0,,0.0
,,,0.01953125,,0.7421875,,,,,,,,,,,1.0,1.0,,,,,2025,,,,0.0,,0.0,,0.0
,,,0.029189586639404297,,0.5823248624801636,,,,,,,,,,,1.0,1.0,,,,,2026,,,,0.0,,0.0,,0.0
,,,0.00937500037252903,,0.40625,,,,,,,,,,,1.0,1.0,,,,,2027,,,,0.0,,0.0,,0.0
,,,0.010416666977107525,,0.4453125,,,,,,,,,,,1.0,1.0,,,,,2028,,,,0.0,,0.0,,0.0
,,,0.041310541331768036,,0.6105769276618958,,,,,,,,,,,1.0,1.0,,,,,2029,,,,0.0,,0.0,,0.0
,,,0.02031249925494194,,0.7734375,,,,,,,,,,,1.0,1.0,,,,,2030,,,,0.0,,0.0,,0.0
,,,0.01953125,,0.8046875,,,,,,,,,,,1.0,1.0,,,,,2031,,,,0.0,,0.0,,0.0
,,,0.017924528568983078,,0.6359348297119141,,,,,,,,,,,1.0,1.0,,,,,2032,,,,0.0,,0.0,,0.0
,,,0.0031250000465661287,,0.5703125,,,,,,,,,,,1.0,1.0,,,,,2033,,,,0.0,,0.0,,0.0
,,,0.0015625000232830644,,0.53125,,,,,,,,,,,1.0,1.0,,,,,2034,,,,0.0,,0.0,,0.0
,,,0.00390625,,0.5234375,,,,,,,,,,,1.0,1.0,,,,,2035,,,,0.0,,0.0,,0.0
,,,0.03288888931274414,,0.8240000009536743,,,,,,,,,,,1.0,1.0,,,,,2036,,,,0.0,,0.0,,0.0
,,,0.02031249925494194,,0.59375,,,,,,,,,,,1.0,1.0,,,,,2037,,,,0.0,,0.0,,0.0
,,,0.033203125,,0.640625,,,,,,,,,,,1.0,1.0,,,,,2038,,,,0.0,,0.0,,0.0
,,,0.03869695961475372,,0.6736694574356079,,,,,,,,,,,1.0,1.0,,,,,2039,,,,0.0,,0.0,,0.0
,,,0.01406249962747097,,0.6328125,,,,,,,,,,,1.0,1.0,,,,,2040,,,,0.0,,0.0,,0.0
,,,0.01796874962747097,,0.6953125,,,,,,,,,,,1.0,1.0,,,,,2041,,,,0.0,,0.0,,0.0
,,,0.040163539350032806,,0.7337661981582642,,,,,,,,,,,1.0,1.0,,,,,2042,,,,0.0,,0.0,,0.0
,,,0.01909722201526165,,0.734375,,,,,,,,,,,1.0,1.0,,,,,2043,,,,0.0,,0.0,,0.0
,,,0.01909722201526165,,0.734375,,,,,,,,,,,1.0,1.0,,,,,2044,,,,0.0,,0.0,,0.0
,,,0.08764355629682541,,0.7701120376586914,,,,,,,,,,,1.0,1.0,,,,,2045,,,,0.0,,0.0,,0.0
,,,0.05312500149011612,,0.84375,,,,,,,,,,,1.0,1.0,,,,,2046,,,,0.0,,0.0,,0.0
,,,0.05624999850988388,,0.828125,,,,,,,,,,,1.0,1.0,,,,,2047,,,,0.0,,0.0,,0.0
,,,0.07039409130811691,,0.8051724433898926,,,,,,,,,,,1.0,1.0,,,,,2048,,,,0.0,,0.0,,0.0
,,,0.02734375,,0.84375,,,,,,,,,,,1.0,1.0,,,,,2049,,,,0.0,,0.0,,0.0
,,,0.0234375,,0.796875,,,,,,,,,,,1.0,1.0,,,,,2050,,,,0.0,,0.0,,0.0
,,,0.06526904553174973,,0.7812578678131104,,,,,,,,,,,1.0,1.0,,,,,2051,,,,0.0,,0.0,,0.0
,,,0.02500000037252903,,0.875,,,,,,,,,,,1.0,1.0,,,,,2052,,,,0.0,,0.0,,0.0
,,,0.0390625,,0.796875,,,,,,,,,,,1.0,1.0,,,,,2053,,,,0.0,,0.0,,0.0
,,,0.049460407346487045,,0.7374829053878784,,,,,,,,,,,1.0,1.0,,,,,2054,,,,0.0,,0.0,,0.0
,,,0.02734375,,0.7890625,,,,,,,,,,,1.0,1.0,,,,,2055,,,,0.0,,0.0,,0.0
,,,0.02109375037252903,,0.6953125,,,,,,,,,,,1.0,1.0,,,,,2056,,,,0.0,,0.0,,0.0
,,,0.032413795590400696,,0.5864531993865967,,,,,,,,,,,1.0,1.0,,,,,2057,,,,0.0,,0.0,,0.0
,,,0.0086805559694767,,0.4609375,,,,,,,,,,,1.0,1.0,,,,,2058,,,,0.0,,0.0,,0.0
,,,0.004687500186264515,,0.453125,,,,,,,,,,,1.0,1.0,,,,,2059,,,,0.0,,0.0,,0.0
,,,0.036181796342134476,,0.5944458246231079,,,,,,,,,,,1.0,1.0,,,,,2060,,,,0.0,,0.0,,0.0
,,,0.02187499962747097,,0.8125,,,,,,,,,,,1.0,1.0,,,,,2061,,,,0.0,,0.0,,0.0
,,,0.01796874962747097,,0.7734375,,,,,,,,,,,1.0,1.0,,,,,2062,,,,0.0,,0.0,,0.0
,,,0.025250306352972984,,0.7280830144882202,,,,,,,,,,,1.0,1.0,,,,,2063,,,,0.0,,0.0,,0.0
,,,0.0069444444961845875,,0.6484375,,,,,,,,,,,1.0,1.0,,,,,2064,,,,0.0,,0.0,,0.0
,,,0.0054687499068677425,,0.5859375,,,,,,,,,,,1.0,1.0,,,,,2065,,,,0.0,,0.0,,0.0
,,,0.03704545274376869,,0.5806818008422852,,,,,,,,,,,1.0,1.0,,,,,2066,,,,0.0,,0.0,,0.0
,,,0.03125,,0.6015625,,,,,,,,,,,1.0,1.0,,,,,2067,,,,0.0,,0.0,,0.0
,,,0.02265625074505806,,0.671875,,,,,,,,,,,1.0,1.0,,,,,2068,,,,0.0,,0.0,,0.0
,,,0.042115144431591034,,0.6814768314361572,,,,,,,,,,,1.0,1.0,,,,,2069,,,,0.0,,0.0,,0.0
,,,0.01328125037252903,,0.6328125,,,,,,,,,,,1.0,1.0,,,,,2070,,,,0.0,,0.0,,0.0
,,,0.01640624925494194,,0.6953125,,,,,,,,,,,1.0,1.0,,,,,2071,,,,0.0,,0.0,,0.0
,,,0.02031249925494194,,0.6796875,,,,,,,,,,,1.0,1.0,,,,,2072,,,,0.0,,0.0,,0.0
,,,0.02099737524986267,,0.3937007784843445,,,,,,,,,,,1.0,1.0,,,,,2073,,,,0.0,,0.0,,0.0
,,,0.0217013880610466,,0.7578125,,,,,,,,,,,1.0,1.0,,,,,2074,,,,0.0,,0.0,,0.0
,,,0.01996527798473835,,0.71875,,,,,,,,,,,1.0,1.0,,,,,2075,,,,0.0,,0.0,,0.0
,,,0.08591954410076141,,0.8893678188323975,,,,,,,,,,,1.0,1.0,,,,,2076,,,,0.0,,0.0,,0.0
,,,0.05390625074505806,,0.78125,,,,,,,,,,,1.0,1.0,,,,,2077,,,,0.0,,0.0,,0.0
,,,0.05156249925494194,,0.859375,,,,,,,,,,,1.0,1.0,,,,,2078,,,,0.0,,0.0,,0.0
,,,0.059552621096372604,,0.761459469795227,,,,,,,,,,,1.0,1.0,,,,,2079,,,,0.0,,0.0,,0.0
,,,0.02604166604578495,,0.8203125,,,,,,,,,,,1.0,1.0,,,,,2080,,,,0.0,,0.0,,0.0
,,,0.02265625074505806,,0.78125,,,,,,,,,,,1.0,1.0,,,,,2081,,,,0.0,,0.0,,0.0
,,,0.0520833358168602,,0.8020833730697632,,,,,,,,,,,1.0,1.0,,,,,2082,,,,0.0,,0.0,,0.0
,,,0.03125,,0.84375,,,,,,,,,,,1.0,1.0,,,,,2083,,,,0.0,,0.0,,0.0
,,,0.03125,,0.84375,,,,,,,,,,,1.0,1.0,,,,,2084,,,,0.0,,0.0,,0.0
,,,0.06281530857086182,,0.8006644248962402,,,,,,,,,,,1.0,1.0,,,,,2085,,,,0.0,,0.0,,0.0
,,,0.01822916604578495,,0.7421875,,,,,,,,,,,1.0,1.0,,,,,2086,,,,0.0,,0.0,,0.0
,,,0.01953125,,0.703125,,,,,,,,,,,1.0,1.0,,,,,2087,,,,0.0,,0.0,,0.0
,,,0.048836447298526764,,0.6678466200828552,,,,,,,,,,,1.0,1.0,,,,,2088,,,,0.0,,0.0,,0.0
,,,0.0052083334885537624,,0.4453125,,,,,,,,,,,1.0,1.0,,,,,2089,,,,0.0,,0.0,,0.0
,,,0.009548611007630825,,0.4765625,,,,,,,,,,,1.0,1.0,,,,,2090,,,,0.0,,0.0,,0.0
,,,0.026464644819498062,,0.48838382959365845,,,,,,,,,,,1.0,1.0,,,,,2091,,,,0.0,,0.0,,0.0
,,,0.01718750037252903,,0.8125,,,,,,,,,,,1.0,1.0,,,,,2092,,,,0.0,,0.0,,0.0
,,,0.015625,,0.765625,,,,,,,,,,,1.0,1.0,,,,,2093,,,,0.0,,0.0,,0.0
,,,0.024629630148410797,,0.7194444537162781,,,,,,,,,,,1.0,1.0,,,,,2094,,,,0.0,,0.0,,0.0
,,,0.0052083334885537624,,0.578125,,,,,,,,,,,1.0,1.0,,,,,2095,,,,0.0,,0.0,,0.0
,,,0.00390625,,0.578125,,,,,,,,,,,1.0,1.0,,,,,2096,,,,0.0,,0.0,,0.0
,,,0.04243641346693039,,0.6091030836105347,,,,,,,,,,,1.0,1.0,,,,,2097,,,,0.0,,0.0,,0.0
,,,0.02265625074505806,,0.6328125,,,,,,,,,,,1.0,1.0,,,,,2098,,,,0.0,,0.0,,0.0
,,,0.02421874925494194,,0.6484375,,,,,,,,,,,1.0,1.0,,,,,2099,,,,0.0,,0.0,,0.0
,,,0.02997199073433876,,0.6414566040039062,,,,,,,,,,,1.0,1.0,,,,,2100,,,,0.0,,0.0,,0.0
,,,0.015625,,0.6484375,,,,,,,,,,,1.0,1.0,,,,,2101,,,,0.0,,0.0,,0.0
,,,0.01640624925494194,,0.6953125,,,,,,,,,,,1.0,1.0,,,,,2102,,,,0.0,,0.0,,0.0
,,,0.04479512944817543,,0.7538759708404541,,,,,,,,,,,1.0,1.0,,,,,2103,,,,0.0,,0.0,,0.0
,,,0.01996527798473835,,0.734375,,,,,,,,,,,1.0,1.0,,,,,2104,,,,0.0,,0.0,,0.0
,,,0.01822916604578495,,0.7109375,,,,,,,,,,,1.0,1.0,,,,,2105,,,,0.0,,0.0,,0.0
,,,0.1036747619509697,,0.869803786277771,,,,,,,,,,,1.0,1.0,,,,,2106,,,,0.0,,0.0,,0.0
,,,0.05390625074505806,,0.8515625,,,,,,,,,,,1.0,1.0,,,,,2107,,,,0.0,,0.0,,0.0
,,,0.05312500149011612,,0.859375,,,,,,,,,,,1.0,1.0,,,,,2108,,,,0.0,,0.0,,0.0
,,,0.08214285969734192,,0.8973214626312256,,,,,,,,,,,1.0,1.0,,,,,2109,,,,0.0,,0.0,,0.0
,,,0.037109375,,0.796875,,,,,,,,,,,1.0,1.0,,,,,2110,,,,0.0,,0.0,,0.0
,,,0.01875000074505806,,0.8046875,,,,,,,,,,,1.0,1.0,,,,,2111,,,,0.0,,0.0,,0.0
,,,0.07420357316732407,,0.8306138515472412,,,,,,,,,,,1.0,1.0,,,,,2112,,,,0.0,,0.0,,0.0
,,,0.0347222238779068,,0.8046875,,,,,,,,,,,1.0,1.0,,,,,2113,,,,0.0,,0.0,,0.0
,,,0.0338541679084301,,0.828125,,,,,,,,,,,1.0,1.0,,,,,2114,,,,0.0,,0.0,,0.0
,,,0.0358705148100853,,0.8582677245140076,,,,,,,,,,,1.0,1.0,,,,,2115,,,,0.0,,0.0,,0.0
22,0.1428697407245636,0.21880148351192474,,0.7065065503120422,,,,,,,,,,,,,,142.9180908203125,167568.296875,4.962271690368652,487.5126037597656,5082,,,0.0,,0.0,,0.0,
22,,,,,,1.5357969999313354,,-17.53227996826172,,9.612874984741211,,,,,,,,,,,,5082,2.5933053493499756,,,,,,,
,,,,,,,,,,,,,,0.0003795571308082717,0.03,,,,,,,5099,,,,,,,,
23,,,,,,,1.5054062604904175,,-17.53512954711914,,9.0546875,0.00037954322760924697,0.029999999329447746,,,1.0,1.0,,,,,5099,,2.5387306213378906,,,,,,
,,,,,,,,,,,,,,0.0003788562554450825,0.03,,,,,,,5149,,,,,,,,
23,,,,,,,1.5392889976501465,,-17.60602378845215,,9.578125,0.00037884211633354425,0.029999999329447746,,,1.0,1.0,,,,,5149,,2.455343246459961,,,,,,
,,,,,,,,,,,,,,0.000378144237491711,0.03,,,,,,,5199,,,,,,,,
23,,,,,,,1.5146124362945557,,-17.616485595703125,,8.5234375,0.00037812988739460707,0.029999999329447746,,,1.0,1.0,,,,,5199,,2.4014132022857666,,,,,,
,,,,,,,,,,,,,,0.0003774211213559179,0.03,,,,,,,5249,,,,,,,,
23,,,,,,,1.5217900276184082,,-17.625226974487305,,9.28125,0.0003774065407924354,0.029999999329447746,,,1.0,1.0,,,,,5249,,2.235018730163574,,,,,,
,,,,,,,,,,,,,,0.0003766869521376454,0.03,,,,,,,5299,,,,,,,,
23,,,,,,,1.5096819400787354,,-17.647647857666016,,9.25,0.00037667216383852065,0.029999999329447746,,,1.0,1.0,,,,,5299,,2.454833507537842,,,,,,
,,,0.0022321429569274187,,0.1484375,,,,,,,,,,,1.0,1.0,,,,,2116,,,,0.0,,0.0,,0.0
,,,0.0,,0.125,,,,,,,,,,,1.0,1.0,,,,,2117,,,,0.0,,0.0,,0.0
,,,0.042252372950315475,,0.5359369516372681,,,,,,,,,,,1.0,1.0,,,,,2118,,,,0.0,,0.0,,0.0
,,,0.0364583320915699,,0.9375,,,,,,,,,,,1.0,1.0,,,,,2119,,,,0.0,,0.0,,0.0
,,,0.02994791604578495,,0.90625,,,,,,,,,,,1.0,1.0,,,,,2120,,,,0.0,,0.0,,0.0
,,,0.04029303789138794,,0.7788461446762085,,,,,,,,,,,1.0,1.0,,,,,2121,,,,0.0,,0.0,,0.0
,,,0.0022321429569274187,,0.6796875,,,,,,,,,,,1.0,1.0,,,,,2122,,,,0.0,,0.0,,0.0
,,,0.0022321429569274187,,0.7265625,,,,,,,,,,,1.0,1.0,,,,,2123,,,,0.0,,0.0,,0.0
,,,0.023906517773866653,,0.8044596910476685,,,,,,,,,,,1.0,1.0,,,,,2124,,,,0.0,,0.0,,0.0
,,,0.0403645820915699,,0.953125,,,,,,,,,,,1.0,1.0,,,,,2125,,,,0.0,,0.0,,0.0
,,,0.0283203125,,0.96875,,,,,,,,,,,1.0,1.0,,,,,2126,,,,0.0,,0.0,,0.0
,,,0.02120535634458065,,0.9296875,,,,,,,,,,,1.0,1.0,,,,,2127,,,,0.0,,0.0,,0.0
,,,0.06466666609048843,,0.7039999961853027,,,,,,,,,,,1.0,1.0,,,,,2128,,,,0.0,,0.0,,0.0
,,,0.0283203125,,0.3046875,,,,,,,,,,,1.0,1.0,,,,,2129,,,,0.0,,0.0,,0.0
,,,0.0225694440305233,,0.3359375,,,,,,,,,,,1.0,1.0,,,,,2130,,,,0.0,,0.0,,0.0
,,,0.11404561996459961,,0.7777777910232544,,,,,,,,,,,1.0,1.0,,,,,2131,,,,0.0,,0.0,,0.0
,,,0.1082589253783226,,1.0,,,,,,,,,,,1.0,1.0,,,,,2132,,,,0.0,,0.0,,0.0
,,,0.1171875,,0.9921875,,,,,,,,,,,1.0,1.0,,,,,2133,,,,0.0,,0.0,,0.0
,,,0.1329365074634552,,0.9107142686843872,,,,,,,,,,,1.0,1.0,,,,,2134,,,,0.0,,0.0,,0.0
,,,0.02008928544819355,,0.7890625,,,,,,,,,,,1.0,1.0,,,,,2135,,,,0.0,,0.0,,0.0
,,,0.0166015625,,0.7578125,,,,,,,,,,,1.0,1.0,,,,,2136,,,,0.0,,0.0,,0.0
,,,0.022277571260929108,,0.7560398578643799,,,,,,,,,,,1.0,1.0,,,,,2137,,,,0.0,,0.0,,0.0
,,,0.0107421875,,0.5390625,,,,,,,,,,,1.0,1.0,,,,,2138,,,,0.0,,0.0,,0.0
,,,0.01897321455180645,,0.609375,,,,,,,,,,,1.0,1.0,,,,,2139,,,,0.0,,0.0,,0.0
,,,0.008264915086328983,,0.42241379618644714,,,,,,,,,,,1.0,1.0,,,,,2140,,,,0.0,,0.0,,0.0
,,,0.0,,0.3515625,,,,,,,,,,,1.0,1.0,,,,,2141,,,,0.0,,0.0,,0.0
,,,0.0009765625,,0.3359375,,,,,,,,,,,1.0,1.0,,,,,2142,,,,0.0,,0.0,,0.0
,,,0.026954177767038345,,0.5845283269882202,,,,,,,,,,,1.0,1.0,,,,,2143,,,,0.0,,0.0,,0.0
,,,0.0245535708963871,,0.8671875,,,,,,,,,,,1.0,1.0,,,,,2144,,,,0.0,,0.0,,0.0
,,,0.02604166604578495,,0.8125,,,,,,,,,,,1.0,1.0,,,,,2145,,,,0.0,,0.0,,0.0
,,,0.02521008439362049,,0.48166894912719727,,,,,,,,,,,1.0,1.0,,,,,2146,,,,0.0,,0.0,,0.0
,,,0.0008680555620230734,,0.140625,,,,,,,,,,,1.0,1.0,,,,,2147,,,,0.0,,0.0,,0.0
,,,0.0,,0.125,,,,,,,,,,,1.0,1.0,,,,,2148,,,,0.0,,0.0,,0.0
,,,0.03392857313156128,,0.5347290635108948,,,,,,,,,,,1.0,1.0,,,,,2149,,,,0.0,,0.0,,0.0
,,,0.0334821417927742,,0.9375,,,,,,,,,,,1.0,1.0,,,,,2150,,,,0.0,,0.0,,0.0
,,,0.02790178544819355,,0.9453125,,,,,,,,,,,1.0,1.0,,,,,2151,,,,0.0,,0.0,,0.0
,,,0.04371584579348564,,0.802299976348877,,,,,,,,,,,1.0,1.0,,,,,2152,,,,0.0,,0.0,,0.0
,,,0.001953125,,0.6640625,,,,,,,,,,,1.0,1.0,,,,,2153,,,,0.0,,0.0,,0.0
,,,0.0033482143189758062,,0.7734375,,,,,,,,,,,1.0,1.0,,,,,2154,,,,0.0,,0.0,,0.0
,,,0.023137973621487617,,0.8191697597503662,,,,,,,,,,,1.0,1.0,,,,,2155,,,,0.0,,0.0,,0.0
,,,0.0390625,,0.9296875,,,,,,,,,,,1.0,1.0,,,,,2156,,,,0.0,,0.0,,0.0
,,,0.02678571455180645,,0.9296875,,,,,,,,,,,1.0,1.0,,,,,2157,,,,0.0,,0.0,,0.0
,,,0.05649350583553314,,0.6579545140266418,,,,,,,,,,,1.0,1.0,,,,,2158,,,,0.0,,0.0,,0.0
,,,0.02083333395421505,,0.390625,,,,,,,,,,,1.0,1.0,,,,,2159,,,,0.0,,0.0,,0.0
,,,0.0234375,,0.375,,,,,,,,,,,1.0,1.0,,,,,2160,,,,0.0,,0.0,,0.0
,,,0.11655193567276001,,0.6755319237709045,,,,,,,,,,,1.0,1.0,,,,,2161,,,,0.0,,0.0,,0.0
,,,0.1263020783662796,,1.0,,,,,,,,,,,1.0,1.0,,,,,2162,,,,0.0,,0.0,,0.0
,,,0.1060267835855484,,1.0,,,,,,,,,,,1.0,1.0,,,,,2163,,,,0.0,,0.0,,0.0
,,,0.16718749701976776,,1.0,,,,,,,,,,,1.0,1.0,,,,,2164,,,,0.0,,0.0,,0.0
,,,0.1784776896238327,,0.8779527544975281,,,,,,,,,,,1.0,1.0,,,,,2165,,,,0.0,,0.0,,0.0
,,,0.02968749962747097,,0.8125,,,,,,,,,,,1.0,1.0,,,,,2166,,,,0.0,,0.0,,0.0
,,,0.013671875,,0.8046875,,,,,,,,,,,1.0,1.0,,,,,2167,,,,0.0,,0.0,,0.0
,,,0.022270115092396736,,0.7097700834274292,,,,,,,,,,,1.0,1.0,,,,,2168,,,,0.0,,0.0,,0.0
,,,0.013392857275903225,,0.546875,,,,,,,,,,,1.0,1.0,,,,,2169,,,,0.0,,0.0,,0.0
,,,0.01116071455180645,,0.5703125,,,,,,,,,,,1.0,1.0,,,,,2170,,,,0.0,,0.0,,0.0
,,,0.01049688272178173,,0.5188851952552795,,,,,,,,,,,1.0,1.0,,,,,2171,,,,0.0,,0.0,,0.0
,,,0.0,,0.3125,,,,,,,,,,,1.0,1.0,,,,,2172,,,,0.0,,0.0,,0.0
,,,0.0,,0.3125,,,,,,,,,,,1.0,1.0,,,,,2173,,,,0.0,,0.0,,0.0
,,,0.02678571455180645,,0.5104166269302368,,,,,,,,,,,1.0,1.0,,,,,2174,,,,0.0,,0.0,,0.0
,,,0.02994791604578495,,0.8828125,,,,,,,,,,,1.0,1.0,,,,,2175,,,,0.0,,0.0,,0.0
,,,0.0223214291036129,,0.8125,,,,,,,,,,,1.0,1.0,,,,,2176,,,,0.0,,0.0,,0.0
,,,0.016927702352404594,,0.48615726828575134,,,,,,,,,,,1.0,1.0,,,,,2177,,,,0.0,,0.0,,0.0
,,,0.0,,0.1015625,,,,,,,,,,,1.0,1.0,,,,,2178,,,,0.0,,0.0,,0.0
,,,0.0,,0.125,,,,,,,,,,,1.0,1.0,,,,,2179,,,,0.0,,0.0,,0.0
,,,0.04572271183133125,,0.5489675402641296,,,,,,,,,,,1.0,1.0,,,,,2180,,,,0.0,,0.0,,0.0
,,,0.02790178544819355,,0.9296875,,,,,,,,,,,1.0,1.0,,,,,2181,,,,0.0,,0.0,,0.0
,,,0.02473958395421505,,0.9453125,,,,,,,,,,,1.0,1.0,,,,,2182,,,,0.0,,0.0,,0.0
,,,0.045075759291648865,,0.8131313323974609,,,,,,,,,,,1.0,1.0,,,,,2183,,,,0.0,,0.0,,0.0
,,,0.0,,0.6796875,,,,,,,,,,,1.0,1.0,,,,,2184,,,,0.0,,0.0,,0.0
,,,0.0033482143189758062,,0.734375,,,,,,,,,,,1.0,1.0,,,,,2185,,,,0.0,,0.0,,0.0
,,,0.030423281714320183,,0.7629629373550415,,,,,,,,,,,1.0,1.0,,,,,2186,,,,0.0,,0.0,,0.0
,,,0.03125,,0.953125,,,,,,,,,,,1.0,1.0,,,,,2187,,,,0.0,,0.0,,0.0
,,,0.021484375,,0.9453125,,,,,,,,,,,1.0,1.0,,,,,2188,,,,0.0,,0.0,,0.0
,,,0.0583668053150177,,0.671485960483551,,,,,,,,,,,1.0,1.0,,,,,2189,,,,0.0,,0.0,,0.0
,,,0.01953125,,0.3359375,,,,,,,,,,,1.0,1.0,,,,,2190,,,,0.0,,0.0,,0.0
,,,0.02678571455180645,,0.359375,,,,,,,,,,,1.0,1.0,,,,,2191,,,,0.0,,0.0,,0.0
,,,0.15923945605754852,,0.6764705777168274,,,,,,,,,,,1.0,1.0,,,,,2192,,,,0.0,,0.0,,0.0
,,,0.1116071417927742,,1.0,,,,,,,,,,,1.0,1.0,,,,,2193,,,,0.0,,0.0,,0.0
,,,0.1315104216337204,,1.0,,,,,,,,,,,1.0,1.0,,,,,2194,,,,0.0,,0.0,,0.0
,,,0.17475083470344543,,0.9047619104385376,,,,,,,,,,,1.0,1.0,,,,,2195,,,,0.0,,0.0,,0.0
,,,0.01171875,,0.75,,,,,,,,,,,1.0,1.0,,,,,2196,,,,0.0,,0.0,,0.0
,,,0.02083333395421505,,0.765625,,,,,,,,,,,1.0,1.0,,,,,2197,,,,0.0,,0.0,,0.0
,,,0.04626704007387161,,0.6872297525405884,,,,,,,,,,,1.0,1.0,,,,,2198,,,,0.0,,0.0,,0.0
,,,0.010416666977107525,,0.5703125,,,,,,,,,,,1.0,1.0,,,,,2199,,,,0.0,,0.0,,0.0
,,,0.01785714365541935,,0.546875,,,,,,,,,,,1.0,1.0,,,,,2200,,,,0.0,,0.0,,0.0
,,,0.010044642724096775,,0.4955357015132904,,,,,,,,,,,1.0,1.0,,,,,2201,,,,0.0,,0.0,,0.0
,,,0.0,,0.265625,,,,,,,,,,,1.0,1.0,,,,,2202,,,,0.0,,0.0,,0.0
,,,0.0009765625,,0.328125,,,,,,,,,,,1.0,1.0,,,,,2203,,,,0.0,,0.0,,0.0
,,,0.04545454680919647,,0.4891219735145569,,,,,,,,,,,1.0,1.0,,,,,2204,,,,0.0,,0.0,,0.0
,,,0.02604166604578495,,0.8671875,,,,,,,,,,,1.0,1.0,,,,,2205,,,,0.0,,0.0,,0.0
,,,0.02473958395421505,,0.8359375,,,,,,,,,,,1.0,1.0,,,,,2206,,,,0.0,,0.0,,0.0
,,,0.02624671906232834,,0.8110235929489136,,,,,,,,,,,1.0,1.0,,,,,2207,,,,0.0,,0.0,,0.0
23,0.1520194262266159,0.17935551702976227,,0.6587972640991211,,,,,,,,,,,,,,139.08905029296875,235687.09375,4.93511438369751,477.7256774902344,5303,,,0.0,,0.0,,0.0,
23,,,,,,1.5214861631393433,,-17.60442352294922,,9.161941528320312,,,,,,,,,,,,5303,2.5089669227600098,,,,,,,
,,,,,,,,,,,,,,0.00037594177562620353,0.03,,,,,,,5349,,,,,,,,
24,,,,,,,1.5174527168273926,,-17.637428283691406,,9.5234375,0.0003759267565328628,0.029999999329447746,,,1.0,1.0,,,,,5349,,2.303542137145996,,,,,,
,,,,,,,,,,,,,,0.0003751856382974157,0.03,,,,,,,5399,,,,,,,,
24,,,,,,,1.513014793395996,,-17.665016174316406,,9.609375,0.0003751704061869532,0.029999999329447746,,,1.0,1.0,,,,,5399,,2.6345577239990234,,,,,,
,,,,,,,,,,,,,,0.00037441858731071797,0.03,,,,,,,5449,,,,,,,,
24,,,,,,,1.4761168956756592,,-17.639785766601562,,8.2265625,0.0003744031419046223,0.029999999329447746,,,1.0,1.0,,,,,5449,,2.6310620307922363,,,,,,
,,,,,,,,,,,,,,0.00037364067050622016,0.03,,,,,,,5499,,,,,,,,
24,,,,,,,1.5137979984283447,,-17.65620994567871,,9.890625,0.00037362499278970063,0.029999999329447746,,,1.0,1.0,,,,,5499,,2.521975040435791,,,,,,
,,,0.00434027798473835,,0.515625,,,,,,,,,,,1.0,1.0,,,,,2208,,,,0.0,,0.0,,0.0
,,,0.001953125,,0.546875,,,,,,,,,,,1.0,1.0,,,,,2209,,,,0.0,,0.0,,0.0
,,,0.056268587708473206,,0.7735607028007507,,,,,,,,,,,1.0,1.0,,,,,2210,,,,0.0,,0.0,,0.0
,,,0.0390625,,0.9609375,,,,,,,,,,,1.0,1.0,,,,,2211,,,,0.0,,0.0,,0.0
,,,0.0322265625,,0.90625,,,,,,,,,,,1.0,1.0,,,,,2212,,,,0.0,,0.0,,0.0
,,,0.030769232660531998,,0.4326923191547394,,,,,,,,,,,1.0,1.0,,,,,2213,,,,0.0,,0.0,,0.0
,,,0.0,,0.0078125,,,,,,,,,,,1.0,1.0,,,,,2214,,,,0.0,,0.0,,0.0
,,,0.0,,0.0,,,,,,,,,,,1.0,1.0,,,,,2215,,,,0.0,,0.0,,0.0
,,,0.005050505045801401,,0.4138078987598419,,,,,,,,,,,1.0,1.0,,,,,2216,,,,0.0,,0.0,,0.0
,,,0.0147569440305233,,0.703125,,,,,,,,,,,1.0,1.0,,,,,2217,,,,0.0,,0.0,,0.0
,,,0.010416666977107525,,0.7578125,,,,,,,,,,,1.0,1.0,,,,,2218,,,,0.0,,0.0,,0.0
,,,0.0126953125,,0.703125,,,,,,,,,,,1.0,1.0,,,,,2219,,,,0.0,,0.0,,0.0
,,,0.1823333352804184,,0.8013333082199097,,,,,,,,,,,1.0,1.0,,,,,2220,,,,0.0,,0.0,,0.0
,,,0.0746527761220932,,0.890625,,,,,,,,,,,1.0,1.0,,,,,2221,,,,0.0,,0.0,,0.0
,,,0.0720486119389534,,0.8828125,,,,,,,,,,,1.0,1.0,,,,,2222,,,,0.0,,0.0,,0.0
,,,0.08807967603206635,,0.8520075082778931,,,,,,,,,,,1.0,1.0,,,,,2223,,,,0.0,,0.0,,0.0
,,,0.015625,,0.8203125,,,,,,,,,,,1.0,1.0,,,,,2224,,,,0.0,,0.0,,0.0
,,,0.0223214291036129,,0.8359375,,,,,,,,,,,1.0,1.0,,,,,2225,,,,0.0,,0.0,,0.0
,,,0.025613274425268173,,0.6953463554382324,,,,,,,,,,,1.0,1.0,,,,,2226,,,,0.0,,0.0,,0.0
,,,0.0069444444961845875,,0.578125,,,,,,,,,,,1.0,1.0,,,,,2227,,,,0.0,,0.0,,0.0
,,,0.009548611007630825,,0.5625,,,,,,,,,,,1.0,1.0,,,,,2228,,,,0.0,,0.0,,0.0
,,,0.01975923590362072,,0.667621374130249,,,,,,,,,,,1.0,1.0,,,,,2229,,,,0.0,,0.0,,0.0
,,,0.0224609375,,0.796875,,,,,,,,,,,1.0,1.0,,,,,2230,,,,0.0,,0.0,,0.0
,,,0.010416666977107525,,0.734375,,,,,,,,,,,1.0,1.0,,,,,2231,,,,0.0,,0.0,,0.0
,,,0.06152161955833435,,0.7911330461502075,,,,,,,,,,,1.0,1.0,,,,,2232,,,,0.0,,0.0,,0.0
,,,0.0442708320915699,,0.875,,,,,,,,,,,1.0,1.0,,,,,2233,,,,0.0,,0.0,,0.0
,,,0.0390625,,0.8671875,,,,,,,,,,,1.0,1.0,,,,,2234,,,,0.0,,0.0,,0.0
,,,0.12201258540153503,,0.9172327518463135,,,,,,,,,,,1.0,1.0,,,,,2235,,,,0.0,,0.0,,0.0
,,,0.1197916641831398,,0.96875,,,,,,,,,,,1.0,1.0,,,,,2236,,,,0.0,,0.0,,0.0
,,,0.0729166641831398,,0.9453125,,,,,,,,,,,1.0,1.0,,,,,2237,,,,0.0,,0.0,,0.0
,,,0.09144247323274612,,0.7150478959083557,,,,,,,,,,,1.0,1.0,,,,,2238,,,,0.0,,0.0,,0.0
,,,0.0034722222480922937,,0.53125,,,,,,,,,,,1.0,1.0,,,,,2239,,,,0.0,,0.0,,0.0
,,,0.0086805559694767,,0.5625,,,,,,,,,,,1.0,1.0,,,,,2240,,,,0.0,,0.0,,0.0
,,,0.050574712455272675,,0.823399007320404,,,,,,,,,,,1.0,1.0,,,,,2241,,,,0.0,,0.0,,0.0
,,,0.0419921875,,0.9609375,,,,,,,,,,,1.0,1.0,,,,,2242,,,,0.0,,0.0,,0.0
,,,0.03515625,,0.9296875,,,,,,,,,,,1.0,1.0,,,,,2243,,,,0.0,,0.0,,0.0
,,,0.032786887139081955,,0.4500856399536133,,,,,,,,,,,1.0,1.0,,,,,2244,,,,0.0,,0.0,,0.0
,,,0.0,,0.0078125,,,,,,,,,,,1.0,1.0,,,,,2245,,,,0.0,,0.0,,0.0
,,,0.0,,0.0,,,,,,,,,,,1.0,1.0,,,,,2246,,,,0.0,,0.0,,0.0
,,,0.013675213791429996,,0.3769230842590332,,,,,,,,,,,1.0,1.0,,,,,2247,,,,0.0,,0.0,,0.0
,,,0.010416666977107525,,0.703125,,,,,,,,,,,1.0,1.0,,,,,2248,,,,0.0,,0.0,,0.0
,,,0.0107421875,,0.75,,,,,,,,,,,1.0,1.0,,,,,2249,,,,0.0,,0.0,,0.0
,,,0.09873736649751663,,0.8215909004211426,,,,,,,,,,,1.0,1.0,,,,,2250,,,,0.0,,0.0,,0.0
,,,0.08984375,,0.890625,,,,,,,,,,,1.0,1.0,,,,,2251,,,,0.0,,0.0,,0.0
,,,0.091796875,,0.890625,,,,,,,,,,,1.0,1.0,,,,,2252,,,,0.0,,0.0,,0.0
,,,0.08427200466394424,,0.8573216199874878,,,,,,,,,,,1.0,1.0,,,,,2253,,,,0.0,,0.0,,0.0
,,,0.0224609375,,0.8203125,,,,,,,,,,,1.0,1.0,,,,,2254,,,,0.0,,0.0,,0.0
,,,0.010416666977107525,,0.8046875,,,,,,,,,,,1.0,1.0,,,,,2255,,,,0.0,,0.0,,0.0
,,,0.0164930559694767,,0.828125,,,,,,,,,,,1.0,1.0,,,,,2256,,,,0.0,,0.0,,0.0
,,,0.010498687624931335,,0.8425196409225464,,,,,,,,,,,1.0,1.0,,,,,2257,,,,0.0,,0.0,,0.0
,,,0.0069444444961845875,,0.6015625,,,,,,,,,,,1.0,1.0,,,,,2258,,,,0.0,,0.0,,0.0
,,,0.0052083334885537624,,0.578125,,,,,,,,,,,1.0,1.0,,,,,2259,,,,0.0,,0.0,,0.0
,,,0.017241379246115685,,0.704023003578186,,,,,,,,,,,1.0,1.0,,,,,2260,,,,0.0,,0.0,,0.0
,,,0.0173611119389534,,0.71875,,,,,,,,,,,1.0,1.0,,,,,2261,,,,0.0,,0.0,,0.0
,,,0.0147569440305233,,0.7109375,,,,,,,,,,,1.0,1.0,,,,,2262,,,,0.0,,0.0,,0.0
,,,0.053217820823192596,,0.7973964214324951,,,,,,,,,,,1.0,1.0,,,,,2263,,,,0.0,,0.0,,0.0
,,,0.0419921875,,0.875,,,,,,,,,,,1.0,1.0,,,,,2264,,,,0.0,,0.0,,0.0
,,,0.0546875,,0.859375,,,,,,,,,,,1.0,1.0,,,,,2265,,,,0.0,,0.0,,0.0
,,,0.11921297013759613,,0.8802083730697632,,,,,,,,,,,1.0,1.0,,,,,2266,,,,0.0,,0.0,,0.0
,,,0.0798611119389534,,0.9765625,,,,,,,,,,,1.0,1.0,,,,,2267,,,,0.0,,0.0,,0.0
,,,0.0755208358168602,,0.96875,,,,,,,,,,,1.0,1.0,,,,,2268,,,,0.0,,0.0,,0.0
,,,0.0871170237660408,,0.6973975300788879,,,,,,,,,,,1.0,1.0,,,,,2269,,,,0.0,,0.0,,0.0
,,,0.00434027798473835,,0.53125,,,,,,,,,,,1.0,1.0,,,,,2270,,,,0.0,,0.0,,0.0
,,,0.01128472201526165,,0.6015625,,,,,,,,,,,1.0,1.0,,,,,2271,,,,0.0,,0.0,,0.0
,,,0.04182235524058342,,0.8112094402313232,,,,,,,,,,,1.0,1.0,,,,,2272,,,,0.0,,0.0,,0.0
,,,0.0380859375,,0.953125,,,,,,,,,,,1.0,1.0,,,,,2273,,,,0.0,,0.0,,0.0
,,,0.037109375,,0.875,,,,,,,,,,,1.0,1.0,,,,,2274,,,,0.0,,0.0,,0.0
,,,0.02083333395421505,,0.4813131093978882,,,,,,,,,,,1.0,1.0,,,,,2275,,,,0.0,,0.0,,0.0
,,,0.0,,0.0078125,,,,,,,,,,,1.0,1.0,,,,,2276,,,,0.0,,0.0,,0.0
,,,0.0,,0.0,,,,,,,,,,,1.0,1.0,,,,,2277,,,,0.0,,0.0,,0.0
,,,0.009259259328246117,,0.35185185074806213,,,,,,,,,,,1.0,1.0,,,,,2278,,,,0.0,,0.0,,0.0
,,,0.0166015625,,0.78125,,,,,,,,,,,1.0,1.0,,,,,2279,,,,0.0,,0.0,,0.0
,,,0.0066964286379516125,,0.7265625,,,,,,,,,,,1.0,1.0,,,,,2280,,,,0.0,,0.0,,0.0
,,,0.10069909691810608,,0.7911646366119385,,,,,,,,,,,1.0,1.0,,,,,2281,,,,0.0,,0.0,,0.0
,,,0.087890625,,0.890625,,,,,,,,,,,1.0,1.0,,,,,2282,,,,0.0,,0.0,,0.0
,,,0.0798611119389534,,0.8828125,,,,,,,,,,,1.0,1.0,,,,,2283,,,,0.0,,0.0,,0.0
,,,0.07475313544273376,,0.8501400947570801,,,,,,,,,,,1.0,1.0,,,,,2284,,,,0.0,,0.0,,0.0
,,,0.01909722201526165,,0.8828125,,,,,,,,,,,1.0,1.0,,,,,2285,,,,0.0,,0.0,,0.0
,,,0.013888888992369175,,0.7890625,,,,,,,,,,,1.0,1.0,,,,,2286,,,,0.0,,0.0,,0.0
,,,0.025962840765714645,,0.7284052968025208,,,,,,,,,,,1.0,1.0,,,,,2287,,,,0.0,,0.0,,0.0
,,,0.00434027798473835,,0.6484375,,,,,,,,,,,1.0,1.0,,,,,2288,,,,0.0,,0.0,,0.0
,,,0.0086805559694767,,0.6328125,,,,,,,,,,,1.0,1.0,,,,,2289,,,,0.0,,0.0,,0.0
,,,0.012895835563540459,,0.6699367761611938,,,,,,,,,,,1.0,1.0,,,,,2290,,,,0.0,,0.0,,0.0
,,,0.0225694440305233,,0.78125,,,,,,,,,,,1.0,1.0,,,,,2291,,,,0.0,,0.0,,0.0
,,,0.013671875,,0.703125,,,,,,,,,,,1.0,1.0,,,,,2292,,,,0.0,,0.0,,0.0
,,,0.0843254029750824,,0.8080357313156128,,,,,,,,,,,1.0,1.0,,,,,2293,,,,0.0,,0.0,,0.0
,,,0.0442708320915699,,0.875,,,,,,,,,,,1.0,1.0,,,,,2294,,,,0.0,,0.0,,0.0
,,,0.0399305559694767,,0.859375,,,,,,,,,,,1.0,1.0,,,,,2295,,,,0.0,,0.0,,0.0
,,,0.14500777423381805,,0.9273504018783569,,,,,,,,,,,1.0,1.0,,,,,2296,,,,0.0,,0.0,,0.0
,,,0.0815972238779068,,0.96875,,,,,,,,,,,1.0,1.0,,,,,2297,,,,0.0,,0.0,,0.0
,,,0.0729166641831398,,0.9453125,,,,,,,,,,,1.0,1.0,,,,,2298,,,,0.0,,0.0,,0.0
,,,0.10911136120557785,,0.9842519760131836,,,,,,,,,,,1.0,1.0,,,,,2299,,,,0.0,,0.0,,0.0
24,0.16035781800746918,0.26050782203674316,,0.7105363607406616,,,,,,,,,,,,,,113.40723419189453,380459.46875,4.730985164642334,513.3464965820312,5524,,,0.0,,0.0,,0.0,
24,,,,,,1.5131406784057617,,-17.656143188476562,,9.43134880065918,,,,,,,,,,,,5524,2.459702730178833,,,,,,,
,,,,,,,,,,,,,,0.0003728519364017202,0.03,,,,,,,5549,,,,,,,,
25,,,,,,,1.5260480642318726,,-17.646343231201172,,9.921875,0.0003728360461536795,0.029999999329447746,,,1.0,1.0,,,,,5549,,2.692683219909668,,,,,,
,,,,,,,,,,,,,,0.0003720524341896794,0.03,,,,,,,5599,,,,,,,,
25,,,,,,,1.5046300888061523,,-17.63333511352539,,9.109375,0.00037203633110038936,0.029999999329447746,,,1.0,1.0,,,,,5599,,2.5379161834716797,,,,,,
,,,,,,,,,,,,,,0.0003712422137341534,0.03,,,,,,,5649,,,,,,,,
25,,,,,,,1.514925241470337,,-17.612585067749023,,9.046875,0.00037122590583749115,0.029999999329447746,,,1.0,1.0,,,,,5649,,3.0517678260803223,,,,,,
,,,,,,,,,,,,,,0.000370421325567683,0.03,,,,,,,5699,,,,,,,,
25,,,,,,,1.5184006690979004,,-17.658126831054688,,9.8125,0.0003704047994688153,0.029999999329447746,,,1.0,1.0,,,,,5699,,2.4837799072265625,,,,,,
,,,0.0520833320915699,,0.9375,,,,,,,,,,,1.0,1.0,,,,,2300,,,,0.0,,0.0,,0.0
,,,0.06640625,,0.9453125,,,,,,,,,,,1.0,1.0,,,,,2301,,,,0.0,,0.0,,0.0
,,,0.08198438584804535,,0.8962229490280151,,,,,,,,,,,1.0,1.0,,,,,2302,,,,0.0,,0.0,,0.0
,,,0.01692708395421505,,0.75,,,,,,,,,,,1.0,1.0,,,,,2303,,,,0.0,,0.0,,0.0
,,,0.010044642724096775,,0.78125,,,,,,,,,,,1.0,1.0,,,,,2304,,,,0.0,,0.0,,0.0
,,,0.009615384973585606,,0.5192307829856873,,,,,,,,,,,1.0,1.0,,,,,2305,,,,0.0,,0.0,,0.0
,,,0.0,,0.09375,,,,,,,,,,,1.0,1.0,,,,,2306,,,,0.0,,0.0,,0.0
,,,0.0,,0.1015625,,,,,,,,,,,1.0,1.0,,,,,2307,,,,0.0,,0.0,,0.0
,,,0.0,,0.1693825125694275,,,,,,,,,,,1.0,1.0,,,,,2308,,,,0.0,,0.0,,0.0
,,,0.0,,0.359375,,,,,,,,,,,1.0,1.0,,,,,2309,,,,0.0,,0.0,,0.0
,,,0.0033482143189758062,,0.3203125,,,,,,,,,,,1.0,1.0,,,,,2310,,,,0.0,,0.0,,0.0
,,,0.0011160714784637094,,0.28125,,,,,,,,,,,1.0,1.0,,,,,2311,,,,0.0,,0.0,,0.0
,,,0.12400000542402267,,0.8173333406448364,,,,,,,,,,,1.0,1.0,,,,,2312,,,,0.0,,0.0,,0.0
,,,0.1082589253783226,,0.9453125,,,,,,,,,,,1.0,1.0,,,,,2313,,,,0.0,,0.0,,0.0
,,,0.1302083283662796,,0.96875,,,,,,,,,,,1.0,1.0,,,,,2314,,,,0.0,,0.0,,0.0
,,,0.20224091410636902,,1.0,,,,,,,,,,,1.0,1.0,,,,,2315,,,,0.0,,0.0,,0.0
,,,0.0533854179084301,,0.9921875,,,,,,,,,,,1.0,1.0,,,,,2316,,,,0.0,,0.0,,0.0
,,,0.0591517873108387,,1.0,,,,,,,,,,,1.0,1.0,,,,,2317,,,,0.0,,0.0,,0.0
,,,0.03896104171872139,,0.5,,,,,,,,,,,1.0,1.0,,,,,2318,,,,0.0,,0.0,,0.0
,,,0.0,,0.0078125,,,,,,,,,,,1.0,1.0,,,,,2319,,,,0.0,,0.0,,0.0
,,,0.0,,0.0078125,,,,,,,,,,,1.0,1.0,,,,,2320,,,,0.0,,0.0,,0.0
,,,0.03326810151338577,,0.4794520437717438,,,,,,,,,,,1.0,1.0,,,,,2321,,,,0.0,,0.0,,0.0
,,,0.0572916679084301,,0.9609375,,,,,,,,,,,1.0,1.0,,,,,2322,,,,0.0,,0.0,,0.0
,,,0.046875,,0.9609375,,,,,,,,,,,1.0,1.0,,,,,2323,,,,0.0,,0.0,,0.0
,,,0.04489796236157417,,0.8793103694915771,,,,,,,,,,,1.0,1.0,,,,,2324,,,,0.0,,0.0,,0.0
,,,0.0,,0.59375,,,,,,,,,,,1.0,1.0,,,,,2325,,,,0.0,,0.0,,0.0
,,,0.0,,0.640625,,,,,,,,,,,1.0,1.0,,,,,2326,,,,0.0,,0.0,,0.0
,,,0.014150943607091904,,0.6246540546417236,,,,,,,,,,,1.0,1.0,,,,,2327,,,,0.0,,0.0,,0.0
,,,0.01822916604578495,,0.6328125,,,,,,,,,,,1.0,1.0,,,,,2328,,,,0.0,,0.0,,0.0
,,,0.015625,,0.5546875,,,,,,,,,,,1.0,1.0,,,,,2329,,,,0.0,,0.0,,0.0
,,,0.06507719308137894,,0.8179206848144531,,,,,,,,,,,1.0,1.0,,,,,2330,,,,0.0,,0.0,,0.0
,,,0.0569196417927742,,0.9375,,,,,,,,,,,1.0,1.0,,,,,2331,,,,0.0,,0.0,,0.0
,,,0.0651041641831398,,0.9375,,,,,,,,,,,1.0,1.0,,,,,2332,,,,0.0,,0.0,,0.0
,,,0.07027915120124817,,0.8455665111541748,,,,,,,,,,,1.0,1.0,,,,,2333,,,,0.0,,0.0,,0.0
,,,0.01822916604578495,,0.7421875,,,,,,,,,,,1.0,1.0,,,,,2334,,,,0.0,,0.0,,0.0
,,,0.01822916604578495,,0.75,,,,,,,,,,,1.0,1.0,,,,,2335,,,,0.0,,0.0,,0.0
,,,0.014051522128283978,,0.4374846816062927,,,,,,,,,,,1.0,1.0,,,,,2336,,,,0.0,,0.0,,0.0
,,,0.0,,0.1015625,,,,,,,,,,,1.0,1.0,,,,,2337,,,,0.0,,0.0,,0.0
,,,0.0,,0.0703125,,,,,,,,,,,1.0,1.0,,,,,2338,,,,0.0,,0.0,,0.0
,,,0.0,,0.19304029643535614,,,,,,,,,,,1.0,1.0,,,,,2339,,,,0.0,,0.0,,0.0
,,,0.0,,0.328125,,,,,,,,,,,1.0,1.0,,,,,2340,,,,0.0,,0.0,,0.0
,,,0.0,,0.296875,,,,,,,,,,,1.0,1.0,,,,,2341,,,,0.0,,0.0,,0.0
,,,0.11428571492433548,,0.6988636255264282,,,,,,,,,,,1.0,1.0,,,,,2342,,,,0.0,,0.0,,0.0
,,,0.1184895858168602,,0.953125,,,,,,,,,,,1.0,1.0,,,,,2343,,,,0.0,,0.0,,0.0
,,,0.1263020783662796,,0.953125,,,,,,,,,,,1.0,1.0,,,,,2344,,,,0.0,,0.0,,0.0
,,,0.18022528290748596,,0.9893617033958435,,,,,,,,,,,1.0,1.0,,,,,2345,,,,0.0,,0.0,,0.0
,,,0.0380859375,,1.0,,,,,,,,,,,1.0,1.0,,,,,2346,,,,0.0,,0.0,,0.0
,,,0.0613839291036129,,1.0,,,,,,,,,,,1.0,1.0,,,,,2347,,,,0.0,,0.0,,0.0
,,,0.0638020858168602,,1.0,,,,,,,,,,,1.0,1.0,,,,,2348,,,,0.0,,0.0,,0.0
,,,0.0,,0.5,,,,,,,,,,,1.0,1.0,,,,,2349,,,,0.0,,0.0,,0.0
,,,0.0,,0.0078125,,,,,,,,,,,1.0,1.0,,,,,2350,,,,0.0,,0.0,,0.0
,,,0.0,,0.0,,,,,,,,,,,1.0,1.0,,,,,2351,,,,0.0,,0.0,,0.0
,,,0.03940886631608009,,0.4784482717514038,,,,,,,,,,,1.0,1.0,,,,,2352,,,,0.0,,0.0,,0.0
,,,0.0390625,,0.9609375,,,,,,,,,,,1.0,1.0,,,,,2353,,,,0.0,,0.0,,0.0
,,,0.05078125,,0.9765625,,,,,,,,,,,1.0,1.0,,,,,2354,,,,0.0,,0.0,,0.0
,,,0.03845146298408508,,0.8613861799240112,,,,,,,,,,,1.0,1.0,,,,,2355,,,,0.0,,0.0,,0.0
,,,0.0015625000232830644,,0.578125,,,,,,,,,,,1.0,1.0,,,,,2356,,,,0.0,,0.0,,0.0
,,,0.0,,0.65625,,,,,,,,,,,1.0,1.0,,,,,2357,,,,0.0,,0.0,,0.0
,,,0.02083333395421505,,0.546875,,,,,,,,,,,1.0,1.0,,,,,2358,,,,0.0,,0.0,,0.0
,,,0.01785714365541935,,0.59375,,,,,,,,,,,1.0,1.0,,,,,2359,,,,0.0,,0.0,,0.0
,,,0.02120535634458065,,0.6171875,,,,,,,,,,,1.0,1.0,,,,,2360,,,,0.0,,0.0,,0.0
,,,0.0616002231836319,,0.7508305907249451,,,,,,,,,,,1.0,1.0,,,,,2361,,,,0.0,,0.0,,0.0
,,,0.0677083358168602,,0.96875,,,,,,,,,,,1.0,1.0,,,,,2362,,,,0.0,,0.0,,0.0
,,,0.0572916679084301,,0.9296875,,,,,,,,,,,1.0,1.0,,,,,2363,,,,0.0,,0.0,,0.0
,,,0.12802359461784363,,0.8893805742263794,,,,,,,,,,,1.0,1.0,,,,,2364,,,,0.0,,0.0,,0.0
,,,0.013020833022892475,,0.734375,,,,,,,,,,,1.0,1.0,,,,,2365,,,,0.0,,0.0,,0.0
,,,0.01692708395421505,,0.8046875,,,,,,,,,,,1.0,1.0,,,,,2366,,,,0.0,,0.0,,0.0
,,,0.007936508394777775,,0.4575757384300232,,,,,,,,,,,1.0,1.0,,,,,2367,,,,0.0,,0.0,,0.0
,,,0.0,,0.1171875,,,,,,,,,,,1.0,1.0,,,,,2368,,,,0.0,,0.0,,0.0
,,,0.0,,0.078125,,,,,,,,,,,1.0,1.0,,,,,2369,,,,0.0,,0.0,,0.0
,,,0.0,,0.1805555522441864,,,,,,,,,,,1.0,1.0,,,,,2370,,,,0.0,,0.0,,0.0
,,,0.0011160714784637094,,0.2890625,,,,,,,,,,,1.0,1.0,,,,,2371,,,,0.0,,0.0,,0.0
,,,0.0,,0.296875,,,,,,,,,,,1.0,1.0,,,,,2372,,,,0.0,,0.0,,0.0
,,,0.1221776008605957,,0.6597055196762085,,,,,,,,,,,1.0,1.0,,,,,2373,,,,0.0,,0.0,,0.0
,,,0.1104910746216774,,0.96875,,,,,,,,,,,1.0,1.0,,,,,2374,,,,0.0,,0.0,,0.0
,,,0.1328125,,0.9609375,,,,,,,,,,,1.0,1.0,,,,,2375,,,,0.0,,0.0,,0.0
,,,0.12557294964790344,,0.9901961088180542,,,,,,,,,,,1.0,1.0,,,,,2376,,,,0.0,,0.0,,0.0
,,,0.0435267873108387,,1.0,,,,,,,,,,,1.0,1.0,,,,,2377,,,,0.0,,0.0,,0.0
,,,0.0716145858168602,,1.0,,,,,,,,,,,1.0,1.0,,,,,2378,,,,0.0,,0.0,,0.0
,,,0.04651162773370743,,0.5,,,,,,,,,,,1.0,1.0,,,,,2379,,,,0.0,,0.0,,0.0
,,,0.0,,0.0,,,,,,,,,,,1.0,1.0,,,,,2380,,,,0.0,,0.0,,0.0
,,,0.0,,0.0078125,,,,,,,,,,,1.0,1.0,,,,,2381,,,,0.0,,0.0,,0.0
,,,0.032258063554763794,,0.4838709533214569,,,,,,,,,,,1.0,1.0,,,,,2382,,,,0.0,,0.0,,0.0
,,,0.0494791679084301,,0.953125,,,,,,,,,,,1.0,1.0,,,,,2383,,,,0.0,,0.0,,0.0
,,,0.0390625,,0.9453125,,,,,,,,,,,1.0,1.0,,,,,2384,,,,0.0,,0.0,,0.0
,,,0.03826530650258064,,0.7946428656578064,,,,,,,,,,,1.0,1.0,,,,,2385,,,,0.0,,0.0,,0.0
,,,0.0026041667442768812,,0.703125,,,,,,,,,,,1.0,1.0,,,,,2386,,,,0.0,,0.0,,0.0
,,,0.0,,0.6171875,,,,,,,,,,,1.0,1.0,,,,,2387,,,,0.0,,0.0,,0.0
,,,0.04687904939055443,,0.6103341579437256,,,,,,,,,,,1.0,1.0,,,,,2388,,,,0.0,,0.0,,0.0
,,,0.01785714365541935,,0.6015625,,,,,,,,,,,1.0,1.0,,,,,2389,,,,0.0,,0.0,,0.0
,,,0.013392857275903225,,0.5234375,,,,,,,,,,,1.0,1.0,,,,,2390,,,,0.0,,0.0,,0.0
,,,0.03018372692167759,,0.6929134130477905,,,,,,,,,,,1.0,1.0,,,,,2391,,,,0.0,,0.0,,0.0
25,0.15837062895298004,0.20085212588310242,,0.6303926110267639,,,,,,,,,,,,,,118.61469268798828,235806.15625,4.775880336761475,475.5377197265625,5745,,,0.0,,0.0,,0.0,
25,,,,,,1.5189591646194458,,-17.610153198242188,,9.335283279418945,,,,,,,,,,,,5745,2.6544554233551025,,,,,,,
,,,,,,,,,,,,,,0.0003695898208881418,0.03,,,,,,,5749,,,,,,,,
26,,,,,,,1.5211542844772339,,-17.57684326171875,,9.0859375,0.0003695730702020228,0.029999999329447746,,,1.0,1.0,,,,,5749,,3.0340240001678467,,,,,,
,,,,,,,,,,,,,,0.0003687477515555439,0.03,,,,,,,5799,,,,,,,,
26,,,,,,,1.5095038414001465,,-17.598548889160156,,9.3984375,0.0003687308053486049,0.029999999329447746,,,1.0,1.0,,,,,5799,,2.456251621246338,,,,,,
,,,,,,,,,,,,,,0.0003678951700888084,0.03,,,,,,,5849,,,,,,,,
26,,,,,,,1.5317127704620361,,-17.65871810913086,,9.6875,0.0003678780049085617,0.029999999329447746,,,1.0,1.0,,,,,5849,,2.5861644744873047,,,,,,
,,,,,,,,,,,,,,0.00036703212966248517,0.03,,,,,,,5899,,,,,,,,
26,,,,,,,1.4925116300582886,,-17.679393768310547,,8.9296875,0.00036701475619338453,0.029999999329447746,,,1.0,1.0,,,,,5899,,2.5350518226623535,,,,,,
,,,,,,,,,,,,,,0.00036615868410343655,0.03,,,,,,,5949,,,,,,,,
26,,,,,,,1.4922471046447754,,-17.663820266723633,,8.765625,0.0003661411174107343,0.029999999329447746,,,1.0,1.0,,,,,5949,,2.339262008666992,,,,,,
,,,0.0,,0.0703125,,,,,,,,,,,1.0,1.0,,,,,2392,,,,0.0,,0.0,,0.0
,,,0.0,,0.109375,,,,,,,,,,,1.0,1.0,,,,,2393,,,,0.0,,0.0,,0.0
,,,0.08994708955287933,,0.5495049357414246,,,,,,,,,,,1.0,1.0,,,,,2394,,,,0.0,,0.0,,0.0
,,,0.15625,,0.9921875,,,,,,,,,,,1.0,1.0,,,,,2395,,,,0.0,,0.0,,0.0
,,,0.1236979141831398,,1.0,,,,,,,,,,,1.0,1.0,,,,,2396,,,,0.0,,0.0,,0.0
,,,0.11378204822540283,,0.875,,,,,,,,,,,1.0,1.0,,,,,2397,,,,0.0,,0.0,,0.0
,,,0.0,,0.65625,,,,,,,,,,,1.0,1.0,,,,,2398,,,,0.0,,0.0,,0.0
,,,0.0,,0.6328125,,,,,,,,,,,1.0,1.0,,,,,2399,,,,0.0,,0.0,,0.0
,,,0.001179245300590992,,0.5111492276191711,,,,,,,,,,,1.0,1.0,,,,,2400,,,,0.0,,0.0,,0.0
,,,0.0,,0.265625,,,,,,,,,,,1.0,1.0,,,,,2401,,,,0.0,,0.0,,0.0
,,,0.0011160714784637094,,0.2890625,,,,,,,,,,,1.0,1.0,,,,,2402,,,,0.0,,0.0,,0.0
,,,0.0,,0.296875,,,,,,,,,,,1.0,1.0,,,,,2403,,,,0.0,,0.0,,0.0
,,,0.07800000160932541,,0.6306666731834412,,,,,,,,,,,1.0,1.0,,,,,2404,,,,0.0,,0.0,,0.0
,,,0.1028645858168602,,0.890625,,,,,,,,,,,1.0,1.0,,,,,2405,,,,0.0,,0.0,,0.0
,,,0.0904017835855484,,0.890625,,,,,,,,,,,1.0,1.0,,,,,2406,,,,0.0,,0.0,,0.0
,,,0.1111111119389534,,0.5336134433746338,,,,,,,,,,,1.0,1.0,,,,,2407,,,,0.0,,0.0,,0.0
,,,0.0,,0.0859375,,,,,,,,,,,1.0,1.0,,,,,2408,,,,0.0,,0.0,,0.0
,,,0.0,,0.0859375,,,,,,,,,,,1.0,1.0,,,,,2409,,,,0.0,,0.0,,0.0
,,,0.06802721321582794,,0.5275974273681641,,,,,,,,,,,1.0,1.0,,,,,2410,,,,0.0,,0.0,,0.0
,,,0.0572916679084301,,0.953125,,,,,,,,,,,1.0,1.0,,,,,2411,,,,0.0,,0.0,,0.0
,,,0.0690104141831398,,0.9609375,,,,,,,,,,,1.0,1.0,,,,,2412,,,,0.0,,0.0,,0.0
,,,0.07927414774894714,,0.8540472984313965,,,,,,,,,,,1.0,1.0,,,,,2413,,,,0.0,,0.0,,0.0
,,,0.01227678544819355,,0.671875,,,,,,,,,,,1.0,1.0,,,,,2414,,,,0.0,,0.0,,0.0
,,,0.015625,,0.7734375,,,,,,,,,,,1.0,1.0,,,,,2415,,,,0.0,,0.0,,0.0
,,,0.050387054681777954,,0.8081281185150146,,,,,,,,,,,1.0,1.0,,,,,2416,,,,0.0,,0.0,,0.0
,,,0.02473958395421505,,0.90625,,,,,,,,,,,1.0,1.0,,,,,2417,,,,0.0,,0.0,,0.0
,,,0.02734375,,0.859375,,,,,,,,,,,1.0,1.0,,,,,2418,,,,0.0,,0.0,,0.0
,,,0.03029649704694748,,0.8484276533126831,,,,,,,,,,,1.0,1.0,,,,,2419,,,,0.0,,0.0,,0.0
,,,0.02083333395421505,,0.96875,,,,,,,,,,,1.0,1.0,,,,,2420,,,,0.0,,0.0,,0.0
,,,0.02566964365541935,,0.8359375,,,,,,,,,,,1.0,1.0,,,,,2421,,,,0.0,,0.0,,0.0
,,,0.01764705963432789,,0.5112175345420837,,,,,,,,,,,1.0,1.0,,,,,2422,,,,0.0,,0.0,,0.0
,,,0.0,,0.078125,,,,,,,,,,,1.0,1.0,,,,,2423,,,,0.0,,0.0,,0.0
,,,0.0,,0.09375,,,,,,,,,,,1.0,1.0,,,,,2424,,,,0.0,,0.0,,0.0
,,,0.09285714477300644,,0.568965494632721,,,,,,,,,,,1.0,1.0,,,,,2425,,,,0.0,,0.0,,0.0
,,,0.1197916641831398,,0.9921875,,,,,,,,,,,1.0,1.0,,,,,2426,,,,0.0,,0.0,,0.0
,,,0.1184895858168602,,0.9921875,,,,,,,,,,,1.0,1.0,,,,,2427,,,,0.0,,0.0,,0.0
,,,0.12568305432796478,,0.8805969953536987,,,,,,,,,,,1.0,1.0,,,,,2428,,,,0.0,,0.0,,0.0
,,,0.0,,0.671875,,,,,,,,,,,1.0,1.0,,,,,2429,,,,0.0,,0.0,,0.0
,,,0.0,,0.609375,,,,,,,,,,,1.0,1.0,,,,,2430,,,,0.0,,0.0,,0.0
,,,0.0,,0.45592188835144043,,,,,,,,,,,1.0,1.0,,,,,2431,,,,0.0,,0.0,,0.0
,,,0.001953125,,0.28125,,,,,,,,,,,1.0,1.0,,,,,2432,,,,0.0,,0.0,,0.0
,,,0.0011160714784637094,,0.25,,,,,,,,,,,1.0,1.0,,,,,2433,,,,0.0,,0.0,,0.0
,,,0.08124999701976776,,0.6045454740524292,,,,,,,,,,,1.0,1.0,,,,,2434,,,,0.0,,0.0,,0.0
,,,0.0837053582072258,,0.8984375,,,,,,,,,,,1.0,1.0,,,,,2435,,,,0.0,,0.0,,0.0
,,,0.0870535746216774,,0.9296875,,,,,,,,,,,1.0,1.0,,,,,2436,,,,0.0,,0.0,,0.0
,,,0.10815602540969849,,0.49092617630958557,,,,,,,,,,,1.0,1.0,,,,,2437,,,,0.0,,0.0,,0.0
,,,0.0,,0.1171875,,,,,,,,,,,1.0,1.0,,,,,2438,,,,0.0,,0.0,,0.0
,,,0.0,,0.1015625,,,,,,,,,,,1.0,1.0,,,,,2439,,,,0.0,,0.0,,0.0
,,,0.0,,0.1015625,,,,,,,,,,,1.0,1.0,,,,,2440,,,,0.0,,0.0,,0.0
,,,0.057367827743291855,,0.4842519760131836,,,,,,,,,,,1.0,1.0,,,,,2441,,,,0.0,,0.0,,0.0
,,,0.0569196417927742,,0.9609375,,,,,,,,,,,1.0,1.0,,,,,2442,,,,0.0,,0.0,,0.0
,,,0.09062500298023224,,0.9609375,,,,,,,,,,,1.0,1.0,,,,,2443,,,,0.0,,0.0,,0.0
,,,0.04556650295853615,,0.8491379022598267,,,,,,,,,,,1.0,1.0,,,,,2444,,,,0.0,,0.0,,0.0
,,,0.015625,,0.6875,,,,,,,,,,,1.0,1.0,,,,,2445,,,,0.0,,0.0,,0.0
,,,0.014322916977107525,,0.7890625,,,,,,,,,,,1.0,1.0,,,,,2446,,,,0.0,,0.0,,0.0
,,,0.04944383352994919,,0.8529519438743591,,,,,,,,,,,1.0,1.0,,,,,2447,,,,0.0,,0.0,,0.0
,,,0.02734375,,0.875,,,,,,,,,,,1.0,1.0,,,,,2448,,,,0.0,,0.0,,0.0
,,,0.02473958395421505,,0.875,,,,,,,,,,,1.0,1.0,,,,,2449,,,,0.0,,0.0,,0.0
,,,0.0364583358168602,,0.875,,,,,,,,,,,1.0,1.0,,,,,2450,,,,0.0,,0.0,,0.0
,,,0.02678571455180645,,0.90625,,,,,,,,,,,1.0,1.0,,,,,2451,,,,0.0,,0.0,,0.0
,,,0.01785714365541935,,0.859375,,,,,,,,,,,1.0,1.0,,,,,2452,,,,0.0,,0.0,,0.0
,,,0.02380952425301075,,0.4753599166870117,,,,,,,,,,,1.0,1.0,,,,,2453,,,,0.0,,0.0,,0.0
,,,0.0,,0.09375,,,,,,,,,,,1.0,1.0,,,,,2454,,,,0.0,,0.0,,0.0
,,,0.0,,0.1015625,,,,,,,,,,,1.0,1.0,,,,,2455,,,,0.0,,0.0,,0.0
,,,0.10493046790361404,,0.6289085745811462,,,,,,,,,,,1.0,1.0,,,,,2456,,,,0.0,,0.0,,0.0
,,,0.1106770858168602,,1.0,,,,,,,,,,,1.0,1.0,,,,,2457,,,,0.0,,0.0,,0.0
,,,0.14687499403953552,,1.0,,,,,,,,,,,1.0,1.0,,,,,2458,,,,0.0,,0.0,,0.0
,,,0.1031746044754982,,0.8454545736312866,,,,,,,,,,,1.0,1.0,,,,,2459,,,,0.0,,0.0,,0.0
,,,0.0,,0.6328125,,,,,,,,,,,1.0,1.0,,,,,2460,,,,0.0,,0.0,,0.0
,,,0.0,,0.6875,,,,,,,,,,,1.0,1.0,,,,,2461,,,,0.0,,0.0,,0.0
,,,0.0,,0.36851853132247925,,,,,,,,,,,1.0,1.0,,,,,2462,,,,0.0,,0.0,,0.0
,,,0.0011160714784637094,,0.328125,,,,,,,,,,,1.0,1.0,,,,,2463,,,,0.0,,0.0,,0.0
,,,0.0011160714784637094,,0.296875,,,,,,,,,,,1.0,1.0,,,,,2464,,,,0.0,,0.0,,0.0
,,,0.08132530003786087,,0.6689424514770508,,,,,,,,,,,1.0,1.0,,,,,2465,,,,0.0,,0.0,,0.0
,,,0.0870535746216774,,0.90625,,,,,,,,,,,1.0,1.0,,,,,2466,,,,0.0,,0.0,,0.0
,,,0.0870535746216774,,0.9140625,,,,,,,,,,,1.0,1.0,,,,,2467,,,,0.0,,0.0,,0.0
,,,0.10784313827753067,,0.49312451481819153,,,,,,,,,,,1.0,1.0,,,,,2468,,,,0.0,,0.0,,0.0
,,,0.0,,0.1171875,,,,,,,,,,,1.0,1.0,,,,,2469,,,,0.0,,0.0,,0.0
,,,0.0,,0.0703125,,,,,,,,,,,1.0,1.0,,,,,2470,,,,0.0,,0.0,,0.0
,,,0.0634920671582222,,0.5520486831665039,,,,,,,,,,,1.0,1.0,,,,,2471,,,,0.0,,0.0,,0.0
,,,0.0598958320915699,,0.96875,,,,,,,,,,,1.0,1.0,,,,,2472,,,,0.0,,0.0,,0.0
,,,0.09062500298023224,,0.9453125,,,,,,,,,,,1.0,1.0,,,,,2473,,,,0.0,,0.0,,0.0
,,,0.057033587247133255,,0.8232457637786865,,,,,,,,,,,1.0,1.0,,,,,2474,,,,0.0,,0.0,,0.0
,,,0.010044642724096775,,0.71875,,,,,,,,,,,1.0,1.0,,,,,2475,,,,0.0,,0.0,,0.0
,,,0.01822916604578495,,0.7109375,,,,,,,,,,,1.0,1.0,,,,,2476,,,,0.0,,0.0,,0.0
,,,0.0431547611951828,,0.8883928656578064,,,,,,,,,,,1.0,1.0,,,,,2477,,,,0.0,,0.0,,0.0
,,,0.0234375,,0.84375,,,,,,,,,,,1.0,1.0,,,,,2478,,,,0.0,,0.0,,0.0
,,,0.02213541604578495,,0.8828125,,,,,,,,,,,1.0,1.0,,,,,2479,,,,0.0,,0.0,,0.0
,,,0.04062604159116745,,0.8989899158477783,,,,,,,,,,,1.0,1.0,,,,,2480,,,,0.0,,0.0,,0.0
,,,0.037109375,,0.9140625,,,,,,,,,,,1.0,1.0,,,,,2481,,,,0.0,,0.0,,0.0
,,,0.0223214291036129,,0.859375,,,,,,,,,,,1.0,1.0,,,,,2482,,,,0.0,,0.0,,0.0
,,,0.026771653443574905,,0.8897637724876404,,,,,,,,,,,1.0,1.0,,,,,2483,,,,0.0,,0.0,,0.0
26,0.15519246459007263,0.2138778269290924,,0.6504989862442017,,,,,,,,,,,,,,96.58902740478516,302083.5,4.570465087890625,508.6397705078125,5966,,,0.0,,0.0,,0.0,
26,,,,,,1.5122184753417969,,-17.63344383239746,,9.213199615478516,,,,,,,,,,,,5966,2.5208160877227783,,,,,,,
,,,,,,,,,,,,,,0.00036527488788748246,0.03,,,,,,,5999,,,,,,,,
27,,,,,,,1.5032756328582764,,-17.632036209106445,,9.40625,0.00036525711766444147,0.029999999329447746,,,1.0,1.0,,,,,5999,,2.4025468826293945,,,,,,
,,,,,,,,,,,,,,0.00036438079613600085,0.03,,,,,,,6049,,,,,,,,
27,,,,,,,1.4984755516052246,,-17.54157066345215,,8.0078125,0.00036436281516216695,0.029999999329447746,,,1.0,1.0,,,,,6049,,2.9089696407318115,,,,,,
,,,,,,,,,,,,,,0.00036347646461249133,0.03,,,,,,,6099,,,,,,,,
27,,,,,,,1.4932252168655396,,-17.66975975036621,,8.875,0.00036345826811157167,0.029999999329447746,,,1.0,1.0,,,,,6099,,3.1711413860321045,,,,,,
,,,,,,,,,,,,,,0.00036256194971909635,0.03,,,,,,,6149,,,,,,,,
27,,,,,,,1.523897647857666,,-17.679906845092773,,9.421875,0.000362543563824147,0.029999999329447746,,,1.0,1.0,,,,,6149,,2.5079433917999268,,,,,,
,,,0.0068359375,,0.359375,,,,,,,,,,,1.0,1.0,,,,,2484,,,,0.0,,0.0,,0.0
,,,0.0052083334885537624,,0.4296875,,,,,,,,,,,1.0,1.0,,,,,2485,,,,0.0,,0.0,,0.0
,,,0.08397506177425385,,0.6560322642326355,,,,,,,,,,,1.0,1.0,,,,,2486,,,,0.0,,0.0,,0.0
,,,0.0870535746216774,,0.96875,,,,,,,,,,,1.0,1.0,,,,,2487,,,,0.0,,0.0,,0.0
,,,0.1002604141831398,,0.9921875,,,,,,,,,,,1.0,1.0,,,,,2488,,,,0.0,,0.0,,0.0
,,,0.06517093628644943,,0.75,,,,,,,,,,,1.0,1.0,,,,,2489,,,,0.0,,0.0,,0.0
,,,0.0008680555620230734,,0.5,,,,,,,,,,,1.0,1.0,,,,,2490,,,,0.0,,0.0,,0.0
,,,0.005859375,,0.5234375,,,,,,,,,,,1.0,1.0,,,,,2491,,,,0.0,,0.0,,0.0
,,,0.04040404036641121,,0.6535162925720215,,,,,,,,,,,1.0,1.0,,,,,2492,,,,0.0,,0.0,,0.0
,,,0.052734375,,0.859375,,,,,,,,,,,1.0,1.0,,,,,2493,,,,0.0,,0.0,,0.0
,,,0.06640625,,0.8984375,,,,,,,,,,,1.0,1.0,,,,,2494,,,,0.0,,0.0,,0.0
,,,0.0636160746216774,,0.8671875,,,,,,,,,,,1.0,1.0,,,,,2495,,,,0.0,,0.0,,0.0
,,,0.09733333438634872,,0.656000018119812,,,,,,,,,,,1.0,1.0,,,,,2496,,,,0.0,,0.0,,0.0
,,,0.007031249813735485,,0.2578125,,,,,,,,,,,1.0,1.0,,,,,2497,,,,0.0,,0.0,,0.0
,,,0.0078125,,0.2578125,,,,,,,,,,,1.0,1.0,,,,,2498,,,,0.0,,0.0,,0.0
,,,0.0,,0.4126984179019928,,,,,,,,,,,1.0,1.0,,,,,2499,,,,0.0,,0.0,,0.0
,,,0.0009765625,,0.7421875,,,,,,,,,,,1.0,1.0,,,,,2500,,,,0.0,,0.0,,0.0
,,,0.0008680555620230734,,0.6796875,,,,,,,,,,,1.0,1.0,,,,,2501,,,,0.0,,0.0,,0.0
,,,0.0416666679084301,,0.8452380895614624,,,,,,,,,,,1.0,1.0,,,,,2502,,,,0.0,,0.0,,0.0
,,,0.046875,,0.8984375,,,,,,,,,,,1.0,1.0,,,,,2503,,,,0.0,,0.0,,0.0
,,,0.0491071417927742,,0.90625,,,,,,,,,,,1.0,1.0,,,,,2504,,,,0.0,,0.0,,0.0
,,,0.09797634184360504,,0.9134495854377747,,,,,,,,,,,1.0,1.0,,,,,2505,,,,0.0,,0.0,,0.0
,,,0.0558035708963871,,0.953125,,,,,,,,,,,1.0,1.0,,,,,2506,,,,0.0,,0.0,,0.0
,,,0.052734375,,0.8828125,,,,,,,,,,,1.0,1.0,,,,,2507,,,,0.0,,0.0,,0.0
,,,0.08448275923728943,,0.8536945581436157,,,,,,,,,,,1.0,1.0,,,,,2508,,,,0.0,,0.0,,0.0
,,,0.017578125,,0.7578125,,,,,,,,,,,1.0,1.0,,,,,2509,,,,0.0,,0.0,,0.0
,,,0.0234375,,0.7421875,,,,,,,,,,,1.0,1.0,,,,,2510,,,,0.0,,0.0,,0.0
,,,0.024067087098956108,,0.6374843120574951,,,,,,,,,,,1.0,1.0,,,,,2511,,,,0.0,,0.0,,0.0
,,,0.0087890625,,0.609375,,,,,,,,,,,1.0,1.0,,,,,2512,,,,0.0,,0.0,,0.0
,,,0.0087890625,,0.515625,,,,,,,,,,,1.0,1.0,,,,,2513,,,,0.0,,0.0,,0.0
,,,0.014318285509943962,,0.5097126960754395,,,,,,,,,,,1.0,1.0,,,,,2514,,,,0.0,,0.0,,0.0
,,,0.0107421875,,0.40625,,,,,,,,,,,1.0,1.0,,,,,2515,,,,0.0,,0.0,,0.0
,,,0.0052083334885537624,,0.375,,,,,,,,,,,1.0,1.0,,,,,2516,,,,0.0,,0.0,,0.0
,,,0.09864532202482224,,0.6768472790718079,,,,,,,,,,,1.0,1.0,,,,,2517,,,,0.0,,0.0,,0.0
,,,0.0892857164144516,,0.96875,,,,,,,,,,,1.0,1.0,,,,,2518,,,,0.0,,0.0,,0.0
,,,0.0892857164144516,,1.0,,,,,,,,,,,1.0,1.0,,,,,2519,,,,0.0,,0.0,,0.0
,,,0.07816110551357269,,0.7149498462677002,,,,,,,,,,,1.0,1.0,,,,,2520,,,,0.0,,0.0,,0.0
,,,0.0017361111240461469,,0.515625,,,,,,,,,,,1.0,1.0,,,,,2521,,,,0.0,,0.0,,0.0
,,,0.0034722222480922937,,0.375,,,,,,,,,,,1.0,1.0,,,,,2522,,,,0.0,,0.0,,0.0
,,,0.051923077553510666,,0.6768009662628174,,,,,,,,,,,1.0,1.0,,,,,2523,,,,0.0,,0.0,,0.0
,,,0.0613839291036129,,0.9140625,,,,,,,,,,,1.0,1.0,,,,,2524,,,,0.0,,0.0,,0.0
,,,0.0535714291036129,,0.859375,,,,,,,,,,,1.0,1.0,,,,,2525,,,,0.0,,0.0,,0.0
,,,0.05757575482130051,,0.5988636016845703,,,,,,,,,,,1.0,1.0,,,,,2526,,,,0.0,,0.0,,0.0
,,,0.013020833022892475,,0.3125,,,,,,,,,,,1.0,1.0,,,,,2527,,,,0.0,,0.0,,0.0
,,,0.0069444444961845875,,0.203125,,,,,,,,,,,1.0,1.0,,,,,2528,,,,0.0,,0.0,,0.0
,,,0.00591016560792923,,0.5059449076652527,,,,,,,,,,,1.0,1.0,,,,,2529,,,,0.0,,0.0,,0.0
,,,0.0008680555620230734,,0.765625,,,,,,,,,,,1.0,1.0,,,,,2530,,,,0.0,,0.0,,0.0
,,,0.0,,0.7578125,,,,,,,,,,,1.0,1.0,,,,,2531,,,,0.0,,0.0,,0.0
,,,0.001953125,,0.6875,,,,,,,,,,,1.0,1.0,,,,,2532,,,,0.0,,0.0,,0.0
,,,0.042322833091020584,,0.4645669162273407,,,,,,,,,,,1.0,1.0,,,,,2533,,,,0.0,,0.0,,0.0
,,,0.0373263880610466,,0.9296875,,,,,,,,,,,1.0,1.0,,,,,2534,,,,0.0,,0.0,,0.0
,,,0.0535714291036129,,0.9453125,,,,,,,,,,,1.0,1.0,,,,,2535,,,,0.0,,0.0,,0.0
,,,0.0829741358757019,,0.9784482717514038,,,,,,,,,,,1.0,1.0,,,,,2536,,,,0.0,,0.0,,0.0
,,,0.0416666679084301,,0.875,,,,,,,,,,,1.0,1.0,,,,,2537,,,,0.0,,0.0,,0.0
,,,0.046875,,0.9140625,,,,,,,,,,,1.0,1.0,,,,,2538,,,,0.0,,0.0,,0.0
,,,0.06426475942134857,,0.8219655752182007,,,,,,,,,,,1.0,1.0,,,,,2539,,,,0.0,,0.0,,0.0
,,,0.02604166604578495,,0.78125,,,,,,,,,,,1.0,1.0,,,,,2540,,,,0.0,,0.0,,0.0
,,,0.0234375,,0.7734375,,,,,,,,,,,1.0,1.0,,,,,2541,,,,0.0,,0.0,,0.0
,,,0.0446428582072258,,0.6041666269302368,,,,,,,,,,,1.0,1.0,,,,,2542,,,,0.0,,0.0,,0.0
,,,0.015625,,0.6484375,,,,,,,,,,,1.0,1.0,,,,,2543,,,,0.0,,0.0,,0.0
,,,0.0048828125,,0.609375,,,,,,,,,,,1.0,1.0,,,,,2544,,,,0.0,,0.0,,0.0
,,,0.015688447281718254,,0.448228120803833,,,,,,,,,,,1.0,1.0,,,,,2545,,,,0.0,,0.0,,0.0
,,,0.0078125,,0.359375,,,,,,,,,,,1.0,1.0,,,,,2546,,,,0.0,,0.0,,0.0
,,,0.010044642724096775,,0.3984375,,,,,,,,,,,1.0,1.0,,,,,2547,,,,0.0,,0.0,,0.0
,,,0.12465233355760574,,0.6867256760597229,,,,,,,,,,,1.0,1.0,,,,,2548,,,,0.0,,0.0,,0.0
,,,0.09375,,0.9765625,,,,,,,,,,,1.0,1.0,,,,,2549,,,,0.0,,0.0,,0.0
,,,0.0869140625,,0.984375,,,,,,,,,,,1.0,1.0,,,,,2550,,,,0.0,,0.0,,0.0
,,,0.057575758546590805,,0.7222222089767456,,,,,,,,,,,1.0,1.0,,,,,2551,,,,0.0,,0.0,,0.0
,,,0.0017361111240461469,,0.4765625,,,,,,,,,,,1.0,1.0,,,,,2552,,,,0.0,,0.0,,0.0
,,,0.0029296875,,0.4453125,,,,,,,,,,,1.0,1.0,,,,,2553,,,,0.0,,0.0,,0.0
,,,0.0486111119389534,,0.6555555462837219,,,,,,,,,,,1.0,1.0,,,,,2554,,,,0.0,,0.0,,0.0
,,,0.0613839291036129,,0.90625,,,,,,,,,,,1.0,1.0,,,,,2555,,,,0.0,,0.0,,0.0
,,,0.0546875,,0.875,,,,,,,,,,,1.0,1.0,,,,,2556,,,,0.0,,0.0,,0.0
,,,0.06436412781476974,,0.6061579585075378,,,,,,,,,,,1.0,1.0,,,,,2557,,,,0.0,,0.0,,0.0
,,,0.0062500000931322575,,0.203125,,,,,,,,,,,1.0,1.0,,,,,2558,,,,0.0,,0.0,,0.0
,,,0.0087890625,,0.2578125,,,,,,,,,,,1.0,1.0,,,,,2559,,,,0.0,,0.0,,0.0
,,,0.01173924095928669,,0.5170613527297974,,,,,,,,,,,1.0,1.0,,,,,2560,,,,0.0,,0.0,,0.0
,,,0.0017361111240461469,,0.7890625,,,,,,,,,,,1.0,1.0,,,,,2561,,,,0.0,,0.0,,0.0
,,,0.0009765625,,0.7109375,,,,,,,,,,,1.0,1.0,,,,,2562,,,,0.0,,0.0,,0.0
,,,0.050862204283475876,,0.8131228685379028,,,,,,,,,,,1.0,1.0,,,,,2563,,,,0.0,,0.0,,0.0
,,,0.044921875,,0.90625,,,,,,,,,,,1.0,1.0,,,,,2564,,,,0.0,,0.0,,0.0
,,,0.0425347238779068,,0.9375,,,,,,,,,,,1.0,1.0,,,,,2565,,,,0.0,,0.0,,0.0
,,,0.08654805272817612,,0.9213501811027527,,,,,,,,,,,1.0,1.0,,,,,2566,,,,0.0,,0.0,,0.0
,,,0.0477430559694767,,0.96875,,,,,,,,,,,1.0,1.0,,,,,2567,,,,0.0,,0.0,,0.0
,,,0.05078125,,0.8671875,,,,,,,,,,,1.0,1.0,,,,,2568,,,,0.0,,0.0,,0.0
,,,0.0734127014875412,,0.84375,,,,,,,,,,,1.0,1.0,,,,,2569,,,,0.0,,0.0,,0.0
,,,0.0301339291036129,,0.7890625,,,,,,,,,,,1.0,1.0,,,,,2570,,,,0.0,,0.0,,0.0
,,,0.02864583395421505,,0.75,,,,,,,,,,,1.0,1.0,,,,,2571,,,,0.0,,0.0,,0.0
,,,0.020299145951867104,,0.689976692199707,,,,,,,,,,,1.0,1.0,,,,,2572,,,,0.0,,0.0,,0.0
,,,0.0107421875,,0.5859375,,,,,,,,,,,1.0,1.0,,,,,2573,,,,0.0,,0.0,,0.0
,,,0.008928571827709675,,0.59375,,,,,,,,,,,1.0,1.0,,,,,2574,,,,0.0,,0.0,,0.0
,,,0.010826772078871727,,0.6377952694892883,,,,,,,,,,,1.0,1.0,,,,,2575,,,,0.0,,0.0,,0.0
27,0.14648699760437012,0.22241999208927155,,0.6905320882797241,,,,,,,,,,,,,,95.27672576904297,233072.125,4.556785583496094,512.0853271484375,6187,,,0.0,,0.0,,0.0,
27,,,,,,1.513353943824768,,-17.64832305908203,,9.266119956970215,,,,,,,,,,,,6187,2.786268711090088,,,,,,,
,,,,,,,,,,,,,,0.00036163730849308307,0.03,,,,,,,6199,,,,,,,,
28,,,,,,,1.500321865081787,,-17.69144630432129,,9.1015625,0.0003616187022998929,0.029999999329447746,,,1.0,1.0,,,,,6199,,2.2858591079711914,,,,,,
,,,,,,,,,,,,,,0.0003607025986032876,0.03,,,,,,,6249,,,,,,,,
28,,,,,,,1.5015530586242676,,-17.686063766479492,,8.8828125,0.00036068379995413125,0.029999999329447746,,,1.0,1.0,,,,,6249,,2.3000411987304688,,,,,,
,,,,,,,,,,,,,,0.0003597578783465168,0.03,,,,,,,6299,,,,,,,,
28,,,,,,,1.5217633247375488,,-17.67350959777832,,9.8359375,0.00035973888589069247,0.029999999329447746,,,1.0,1.0,,,,,6299,,2.477354049682617,,,,,,
,,,,,,,,,,,,,,0.0003588032066439132,0.03,,,,,,,6349,,,,,,,,
28,,,,,,,1.490393042564392,,-17.685562133789062,,8.84375,0.0003587840183172375,0.029999999329447746,,,1.0,1.0,,,,,6349,,2.4760684967041016,,,,,,
,,,,,,,,,,,,,,0.00035783864303727954,0.03,,,,,,,6399,,,,,,,,
28,,,,,,,1.499617099761963,,-17.67981719970703,,9.1171875,0.00035781925544142723,0.029999999329447746,,,1.0,1.0,,,,,6399,,2.434817314147949,,,,,,
,,,0.0,,0.1875,,,,,,,,,,,1.0,1.0,,,,,2576,,,,0.0,,0.0,,0.0
,,,0.0,,0.2265625,,,,,,,,,,,1.0,1.0,,,,,2577,,,,0.0,,0.0,,0.0
,,,0.0,,0.4534286856651306,,,,,,,,,,,1.0,1.0,,,,,2578,,,,0.0,,0.0,,0.0
,,,0.0,,0.6015625,,,,,,,,,,,1.0,1.0,,,,,2579,,,,0.0,,0.0,,0.0
,,,0.001953125,,0.6484375,,,,,,,,,,,1.0,1.0,,,,,2580,,,,0.0,,0.0,,0.0
,,,0.0019230770412832499,,0.6907051205635071,,,,,,,,,,,1.0,1.0,,,,,2581,,,,0.0,,0.0,,0.0
,,,0.0,,0.8359375,,,,,,,,,,,1.0,1.0,,,,,2582,,,,0.0,,0.0,,0.0
,,,0.0,,0.7890625,,,,,,,,,,,1.0,1.0,,,,,2583,,,,0.0,,0.0,,0.0
,,,0.006493506487458944,,0.6595197319984436,,,,,,,,,,,1.0,1.0,,,,,2584,,,,0.0,,0.0,,0.0
,,,0.0,,0.46875,,,,,,,,,,,1.0,1.0,,,,,2585,,,,0.0,,0.0,,0.0
,,,0.0052083334885537624,,0.546875,,,,,,,,,,,1.0,1.0,,,,,2586,,,,0.0,,0.0,,0.0
,,,0.00390625,,0.5546875,,,,,,,,,,,1.0,1.0,,,,,2587,,,,0.0,,0.0,,0.0
,,,0.13600000739097595,,0.6506666541099548,,,,,,,,,,,1.0,1.0,,,,,2588,,,,0.0,,0.0,,0.0
,,,0.12109375,,0.921875,,,,,,,,,,,1.0,1.0,,,,,2589,,,,0.0,,0.0,,0.0
,,,0.10000000149011612,,0.921875,,,,,,,,,,,1.0,1.0,,,,,2590,,,,0.0,,0.0,,0.0
,,,0.111111119389534,,0.8655462265014648,,,,,,,,,,,1.0,1.0,,,,,2591,,,,0.0,,0.0,,0.0
,,,0.0,,0.7734375,,,,,,,,,,,1.0,1.0,,,,,2592,,,,0.0,,0.0,,0.0
,,,0.0,,0.71875,,,,,,,,,,,1.0,1.0,,,,,2593,,,,0.0,,0.0,,0.0
,,,0.0,,0.8041125535964966,,,,,,,,,,,1.0,1.0,,,,,2594,,,,0.0,,0.0,,0.0
,,,0.0026041667442768812,,0.8203125,,,,,,,,,,,1.0,1.0,,,,,2595,,,,0.0,,0.0,,0.0
,,,0.0,,0.8125,,,,,,,,,,,1.0,1.0,,,,,2596,,,,0.0,,0.0,,0.0
,,,0.0,,0.7033624053001404,,,,,,,,,,,1.0,1.0,,,,,2597,,,,0.0,,0.0,,0.0
,,,0.0078125,,0.453125,,,,,,,,,,,1.0,1.0,,,,,2598,,,,0.0,,0.0,,0.0
,,,0.0065104165114462376,,0.4765625,,,,,,,,,,,1.0,1.0,,,,,2599,,,,0.0,,0.0,,0.0
,,,0.0028735632076859474,,0.6263546943664551,,,,,,,,,,,1.0,1.0,,,,,2600,,,,0.0,,0.0,,0.0
,,,0.010416666977107525,,0.671875,,,,,,,,,,,1.0,1.0,,,,,2601,,,,0.0,,0.0,,0.0
,,,0.0026041667442768812,,0.6015625,,,,,,,,,,,1.0,1.0,,,,,2602,,,,0.0,,0.0,,0.0
,,,0.3422222435474396,,0.8066666722297668,,,,,,,,,,,1.0,1.0,,,,,2603,,,,0.0,,0.0,,0.0
,,,0.3151041567325592,,1.0,,,,,,,,,,,1.0,1.0,,,,,2604,,,,0.0,,0.0,,0.0
,,,0.47265625,,1.0,,,,,,,,,,,1.0,1.0,,,,,2605,,,,0.0,,0.0,,0.0
,,,0.30588236451148987,,0.5930232405662537,,,,,,,,,,,1.0,1.0,,,,,2606,,,,0.0,,0.0,,0.0
,,,0.0,,0.1796875,,,,,,,,,,,1.0,1.0,,,,,2607,,,,0.0,,0.0,,0.0
,,,0.0,,0.2265625,,,,,,,,,,,1.0,1.0,,,,,2608,,,,0.0,,0.0,,0.0
,,,0.0,,0.49827587604522705,,,,,,,,,,,1.0,1.0,,,,,2609,,,,0.0,,0.0,,0.0
,,,0.001953125,,0.6015625,,,,,,,,,,,1.0,1.0,,,,,2610,,,,0.0,,0.0,,0.0
,,,0.0,,0.5078125,,,,,,,,,,,1.0,1.0,,,,,2611,,,,0.0,,0.0,,0.0
,,,0.0,,0.7047957181930542,,,,,,,,,,,1.0,1.0,,,,,2612,,,,0.0,,0.0,,0.0
,,,0.0,,0.765625,,,,,,,,,,,1.0,1.0,,,,,2613,,,,0.0,,0.0,,0.0
,,,0.0,,0.8203125,,,,,,,,,,,1.0,1.0,,,,,2614,,,,0.0,,0.0,,0.0
,,,0.0,,0.6352869272232056,,,,,,,,,,,1.0,1.0,,,,,2615,,,,0.0,,0.0,,0.0
,,,0.0,,0.5390625,,,,,,,,,,,1.0,1.0,,,,,2616,,,,0.0,,0.0,,0.0
,,,0.0015625000232830644,,0.53125,,,,,,,,,,,1.0,1.0,,,,,2617,,,,0.0,,0.0,,0.0
,,,0.09583333134651184,,0.7431818246841431,,,,,,,,,,,1.0,1.0,,,,,2618,,,,0.0,,0.0,,0.0
,,,0.1666666716337204,,0.875,,,,,,,,,,,1.0,1.0,,,,,2619,,,,0.0,,0.0,,0.0
,,,0.1692708283662796,,0.9453125,,,,,,,,,,,1.0,1.0,,,,,2620,,,,0.0,,0.0,,0.0
,,,0.0904255285859108,,0.8610763549804688,,,,,,,,,,,1.0,1.0,,,,,2621,,,,0.0,,0.0,,0.0
,,,0.001953125,,0.734375,,,,,,,,,,,1.0,1.0,,,,,2622,,,,0.0,,0.0,,0.0
,,,0.004687500186264515,,0.75,,,,,,,,,,,1.0,1.0,,,,,2623,,,,0.0,,0.0,,0.0
,,,0.0,,0.734375,,,,,,,,,,,1.0,1.0,,,,,2624,,,,0.0,,0.0,,0.0
,,,0.0019685039296746254,,0.4094488322734833,,,,,,,,,,,1.0,1.0,,,,,2625,,,,0.0,,0.0,,0.0
,,,0.0052083334885537624,,0.84375,,,,,,,,,,,1.0,1.0,,,,,2626,,,,0.0,,0.0,,0.0
,,,0.0015625000232830644,,0.8515625,,,,,,,,,,,1.0,1.0,,,,,2627,,,,0.0,,0.0,,0.0
,,,0.0017241379246115685,,0.6824712753295898,,,,,,,,,,,1.0,1.0,,,,,2628,,,,0.0,,0.0,,0.0
,,,0.004464285913854837,,0.46875,,,,,,,,,,,1.0,1.0,,,,,2629,,,,0.0,,0.0,,0.0
,,,0.0078125,,0.46875,,,,,,,,,,,1.0,1.0,,,,,2630,,,,0.0,,0.0,,0.0
,,,0.004950494971126318,,0.6021268963813782,,,,,,,,,,,1.0,1.0,,,,,2631,,,,0.0,,0.0,,0.0
,,,0.0026041667442768812,,0.640625,,,,,,,,,,,1.0,1.0,,,,,2632,,,,0.0,,0.0,,0.0
,,,0.0052083334885537624,,0.6328125,,,,,,,,,,,1.0,1.0,,,,,2633,,,,0.0,,0.0,,0.0
,,,0.3263888955116272,,0.796875,,,,,,,,,,,1.0,1.0,,,,,2634,,,,0.0,,0.0,,0.0
,,,0.3098958432674408,,1.0,,,,,,,,,,,1.0,1.0,,,,,2635,,,,0.0,,0.0,,0.0
,,,0.484375,,1.0,,,,,,,,,,,1.0,1.0,,,,,2636,,,,0.0,,0.0,,0.0
,,,0.2202380895614624,,0.6220930218696594,,,,,,,,,,,1.0,1.0,,,,,2637,,,,0.0,,0.0,,0.0
,,,0.0,,0.171875,,,,,,,,,,,1.0,1.0,,,,,2638,,,,0.0,,0.0,,0.0
,,,0.0,,0.3046875,,,,,,,,,,,1.0,1.0,,,,,2639,,,,0.0,,0.0,,0.0
,,,0.0,,0.5141593217849731,,,,,,,,,,,1.0,1.0,,,,,2640,,,,0.0,,0.0,,0.0
,,,0.0015625000232830644,,0.5625,,,,,,,,,,,1.0,1.0,,,,,2641,,,,0.0,,0.0,,0.0
,,,0.0,,0.5703125,,,,,,,,,,,1.0,1.0,,,,,2642,,,,0.0,,0.0,,0.0
,,,0.0,,0.5853535532951355,,,,,,,,,,,1.0,1.0,,,,,2643,,,,0.0,,0.0,,0.0
,,,0.0,,0.8046875,,,,,,,,,,,1.0,1.0,,,,,2644,,,,0.0,,0.0,,0.0
,,,0.0,,0.828125,,,,,,,,,,,1.0,1.0,,,,,2645,,,,0.0,,0.0,,0.0
,,,0.0,,0.6768518686294556,,,,,,,,,,,1.0,1.0,,,,,2646,,,,0.0,,0.0,,0.0
,,,0.0,,0.515625,,,,,,,,,,,1.0,1.0,,,,,2647,,,,0.0,,0.0,,0.0
,,,0.0015625000232830644,,0.5078125,,,,,,,,,,,1.0,1.0,,,,,2648,,,,0.0,,0.0,,0.0
,,,0.11807228624820709,,0.720348060131073,,,,,,,,,,,1.0,1.0,,,,,2649,,,,0.0,,0.0,,0.0
,,,0.09375,,0.859375,,,,,,,,,,,1.0,1.0,,,,,2650,,,,0.0,,0.0,,0.0
,,,0.130859375,,0.953125,,,,,,,,,,,1.0,1.0,,,,,2651,,,,0.0,,0.0,,0.0
,,,0.10196079313755035,,0.8731856346130371,,,,,,,,,,,1.0,1.0,,,,,2652,,,,0.0,,0.0,,0.0
,,,0.0026041667442768812,,0.7109375,,,,,,,,,,,1.0,1.0,,,,,2653,,,,0.0,,0.0,,0.0
,,,0.001953125,,0.7265625,,,,,,,,,,,1.0,1.0,,,,,2654,,,,0.0,,0.0,,0.0
,,,0.0,,0.8122923374176025,,,,,,,,,,,1.0,1.0,,,,,2655,,,,0.0,,0.0,,0.0
,,,0.0026041667442768812,,0.8359375,,,,,,,,,,,1.0,1.0,,,,,2656,,,,0.0,,0.0,,0.0
,,,0.001953125,,0.8515625,,,,,,,,,,,1.0,1.0,,,,,2657,,,,0.0,,0.0,,0.0
,,,0.002061855513602495,,0.6581310033798218,,,,,,,,,,,1.0,1.0,,,,,2658,,,,0.0,,0.0,,0.0
,,,0.004464285913854837,,0.484375,,,,,,,,,,,1.0,1.0,,,,,2659,,,,0.0,,0.0,,0.0
,,,0.0052083334885537624,,0.4375,,,,,,,,,,,1.0,1.0,,,,,2660,,,,0.0,,0.0,,0.0
,,,0.0053571430034935474,,0.6071428656578064,,,,,,,,,,,1.0,1.0,,,,,2661,,,,0.0,,0.0,,0.0
,,,0.0015625000232830644,,0.734375,,,,,,,,,,,1.0,1.0,,,,,2662,,,,0.0,,0.0,,0.0
,,,0.005859375,,0.625,,,,,,,,,,,1.0,1.0,,,,,2663,,,,0.0,,0.0,,0.0
,,,0.3390313386917114,,0.8205128312110901,,,,,,,,,,,1.0,1.0,,,,,2664,,,,0.0,,0.0,,0.0
,,,0.3177083432674408,,1.0,,,,,,,,,,,1.0,1.0,,,,,2665,,,,0.0,,0.0,,0.0
,,,0.3072916567325592,,1.0,,,,,,,,,,,1.0,1.0,,,,,2666,,,,0.0,,0.0,,0.0
,,,0.4763779640197754,,1.0,,,,,,,,,,,1.0,1.0,,,,,2667,,,,0.0,,0.0,,0.0
28,0.13684287667274475,0.15274858474731445,,0.678286075592041,,,,,,,,,,,,,,90.1896743774414,212001.828125,4.501914978027344,508.943359375,6408,,,0.0,,0.0,,0.0,
28,,,,,,1.507188320159912,,-17.67282485961914,,9.43983268737793,,,,,,,,,,,,6408,2.4015326499938965,,,,,,,
,,,,,,,,,,,,,,0.00035686424768536574,0.03,,,,,,,6449,,,,,,,,
29,,,,,,,1.4829285144805908,,-17.689138412475586,,8.5,0.0003568446554709226,0.029999999329447746,,,1.0,1.0,,,,,6449,,2.5852036476135254,,,,,,
,,,,,,,,,,,,,,0.00035588008136011633,0.03,,,,,,,6499,,,,,,,,
29,,,,,,,1.4988853931427002,,-17.64706039428711,,9.21875,0.00035586030571721494,0.029999999329447746,,,1.0,1.0,,,,,6499,,2.4028210639953613,,,,,,
,,,,,,,,,,,,,,0.00035488620544288114,0.03,,,,,,,6549,,,,,,,,
29,,,,,,,1.5190422534942627,,-17.691390991210938,,10.21875,0.00035486623528413475,0.029999999329447746,,,1.0,1.0,,,,,6549,,2.4589366912841797,,,,,,
,,,,,,,,,,,,,,0.0003538826819205853,0.03,,,,,,,6599,,,,,,,,
29,,,,,,,1.5034496784210205,,-17.69126319885254,,9.4609375,0.0003538625023793429,0.029999999329447746,,,1.0,1.0,,,,,6599,,2.3395419120788574,,,,,,
,,,0.0,,0.015625,,,,,,,,,,,1.0,1.0,,,,,2668,,,,0.0,,0.0,,0.0
,,,0.0,,0.046875,,,,,,,,,,,1.0,1.0,,,,,2669,,,,0.0,,0.0,,0.0
,,,0.0,,0.11239457130432129,,,,,,,,,,,1.0,1.0,,,,,2670,,,,0.0,,0.0,,0.0
,,,0.0,,0.2578125,,,,,,,,,,,1.0,1.0,,,,,2671,,,,0.0,,0.0,,0.0
,,,0.0011160714784637094,,0.2421875,,,,,,,,,,,1.0,1.0,,,,,2672,,,,0.0,,0.0,,0.0
,,,0.0,,0.1875,,,,,,,,,,,1.0,1.0,,,,,2673,,,,0.0,,0.0,,0.0
,,,0.0011160714784637094,,0.25,,,,,,,,,,,1.0,1.0,,,,,2674,,,,0.0,,0.0,,0.0
,,,0.0,,0.2578125,,,,,,,,,,,1.0,1.0,,,,,2675,,,,0.0,,0.0,,0.0
,,,0.0714285746216774,,0.6179245114326477,,,,,,,,,,,1.0,1.0,,,,,2676,,,,0.0,,0.0,,0.0
,,,0.11328125,,1.0,,,,,,,,,,,1.0,1.0,,,,,2677,,,,0.0,,0.0,,0.0
,,,0.1158854141831398,,1.0,,,,,,,,,,,1.0,1.0,,,,,2678,,,,0.0,,0.0,,0.0
,,,0.11328125,,1.0,,,,,,,,,,,1.0,1.0,,,,,2679,,,,0.0,,0.0,,0.0
,,,0.2693333327770233,,0.9800000190734863,,,,,,,,,,,1.0,1.0,,,,,2680,,,,0.0,,0.0,,0.0
,,,0.0924479141831398,,0.90625,,,,,,,,,,,1.0,1.0,,,,,2681,,,,0.0,,0.0,,0.0
,,,0.09765625,,0.9375,,,,,,,,,,,1.0,1.0,,,,,2682,,,,0.0,,0.0,,0.0
,,,0.07236228138208389,,0.9789916276931763,,,,,,,,,,,1.0,1.0,,,,,2683,,,,0.0,,0.0,,0.0
,,,0.01953125,,0.9921875,,,,,,,,,,,1.0,1.0,,,,,2684,,,,0.0,,0.0,,0.0
,,,0.0078125,,0.96875,,,,,,,,,,,1.0,1.0,,,,,2685,,,,0.0,,0.0,,0.0
,,,0.012987012974917889,,0.636904776096344,,,,,,,,,,,1.0,1.0,,,,,2686,,,,0.0,,0.0,,0.0
,,,0.0,,0.21875,,,,,,,,,,,1.0,1.0,,,,,2687,,,,0.0,,0.0,,0.0
,,,0.0,,0.2109375,,,,,,,,,,,1.0,1.0,,,,,2688,,,,0.0,,0.0,,0.0
,,,0.03259206563234329,,0.645330011844635,,,,,,,,,,,1.0,1.0,,,,,2689,,,,0.0,,0.0,,0.0
,,,0.04062499850988388,,0.90625,,,,,,,,,,,1.0,1.0,,,,,2690,,,,0.0,,0.0,,0.0
,,,0.0338541679084301,,0.9453125,,,,,,,,,,,1.0,1.0,,,,,2691,,,,0.0,,0.0,,0.0
,,,0.06486042588949203,,0.9268472790718079,,,,,,,,,,,1.0,1.0,,,,,2692,,,,0.0,,0.0,,0.0
,,,0.03281249850988388,,0.90625,,,,,,,,,,,1.0,1.0,,,,,2693,,,,0.0,,0.0,,0.0
,,,0.02864583395421505,,0.96875,,,,,,,,,,,1.0,1.0,,,,,2694,,,,0.0,,0.0,,0.0
,,,0.043301887810230255,,0.8872956037521362,,,,,,,,,,,1.0,1.0,,,,,2695,,,,0.0,,0.0,,0.0
,,,0.0364583320915699,,0.9296875,,,,,,,,,,,1.0,1.0,,,,,2696,,,,0.0,,0.0,,0.0
,,,0.04296875,,0.84375,,,,,,,,,,,1.0,1.0,,,,,2697,,,,0.0,,0.0,,0.0
,,,0.0235294122248888,,0.4586867392063141,,,,,,,,,,,1.0,1.0,,,,,2698,,,,0.0,,0.0,,0.0
,,,0.0,,0.0234375,,,,,,,,,,,1.0,1.0,,,,,2699,,,,0.0,,0.0,,0.0
,,,0.0,,0.03125,,,,,,,,,,,1.0,1.0,,,,,2700,,,,0.0,,0.0,,0.0
,,,0.0,,0.08300492912530899,,,,,,,,,,,1.0,1.0,,,,,2701,,,,0.0,,0.0,,0.0
,,,0.0,,0.171875,,,,,,,,,,,1.0,1.0,,,,,2702,,,,0.0,,0.0,,0.0
,,,0.0,,0.21875,,,,,,,,,,,1.0,1.0,,,,,2703,,,,0.0,,0.0,,0.0
,,,0.0,,0.22669440507888794,,,,,,,,,,,1.0,1.0,,,,,2704,,,,0.0,,0.0,,0.0
,,,0.0011160714784637094,,0.2734375,,,,,,,,,,,1.0,1.0,,,,,2705,,,,0.0,,0.0,,0.0
,,,0.0,,0.328125,,,,,,,,,,,1.0,1.0,,,,,2706,,,,0.0,,0.0,,0.0
,,,0.09670329838991165,,0.6269841194152832,,,,,,,,,,,1.0,1.0,,,,,2707,,,,0.0,,0.0,,0.0
,,,0.12109375,,1.0,,,,,,,,,,,1.0,1.0,,,,,2708,,,,0.0,,0.0,,0.0
,,,0.1171875,,1.0,,,,,,,,,,,1.0,1.0,,,,,2709,,,,0.0,,0.0,,0.0
,,,0.25227272510528564,,0.9750000238418579,,,,,,,,,,,1.0,1.0,,,,,2710,,,,0.0,,0.0,,0.0
,,,0.0924479141831398,,0.9140625,,,,,,,,,,,1.0,1.0,,,,,2711,,,,0.0,,0.0,,0.0
,,,0.1015625,,0.953125,,,,,,,,,,,1.0,1.0,,,,,2712,,,,0.0,,0.0,,0.0
,,,0.11183621734380722,,0.9333541989326477,,,,,,,,,,,1.0,1.0,,,,,2713,,,,0.0,,0.0,,0.0
,,,0.014322916977107525,,0.9765625,,,,,,,,,,,1.0,1.0,,,,,2714,,,,0.0,,0.0,,0.0
,,,0.013020833022892475,,0.984375,,,,,,,,,,,1.0,1.0,,,,,2715,,,,0.0,,0.0,,0.0
,,,0.01953125,,0.984375,,,,,,,,,,,1.0,1.0,,,,,2716,,,,0.0,,0.0,,0.0
,,,0.0,,0.6062992215156555,,,,,,,,,,,1.0,1.0,,,,,2717,,,,0.0,,0.0,,0.0
,,,0.0,,0.2578125,,,,,,,,,,,1.0,1.0,,,,,2718,,,,0.0,,0.0,,0.0
,,,0.0,,0.234375,,,,,,,,,,,1.0,1.0,,,,,2719,,,,0.0,,0.0,,0.0
,,,0.03899835795164108,,0.5905172824859619,,,,,,,,,,,1.0,1.0,,,,,2720,,,,0.0,,0.0,,0.0
,,,0.0416666679084301,,0.9296875,,,,,,,,,,,1.0,1.0,,,,,2721,,,,0.0,,0.0,,0.0
,,,0.03515625,,0.9453125,,,,,,,,,,,1.0,1.0,,,,,2722,,,,0.0,,0.0,,0.0
,,,0.0929226279258728,,0.9121745824813843,,,,,,,,,,,1.0,1.0,,,,,2723,,,,0.0,,0.0,,0.0
,,,0.02213541604578495,,0.9375,,,,,,,,,,,1.0,1.0,,,,,2724,,,,0.0,,0.0,,0.0
,,,0.02083333395421505,,0.921875,,,,,,,,,,,1.0,1.0,,,,,2725,,,,0.0,,0.0,,0.0
,,,0.0677083358168602,,0.8489583730697632,,,,,,,,,,,1.0,1.0,,,,,2726,,,,0.0,,0.0,,0.0
,,,0.0364583320915699,,0.8828125,,,,,,,,,,,1.0,1.0,,,,,2727,,,,0.0,,0.0,,0.0
,,,0.0301339291036129,,0.8828125,,,,,,,,,,,1.0,1.0,,,,,2728,,,,0.0,,0.0,,0.0
,,,0.0476190485060215,,0.4163898229598999,,,,,,,,,,,1.0,1.0,,,,,2729,,,,0.0,,0.0,,0.0
,,,0.0,,0.015625,,,,,,,,,,,1.0,1.0,,,,,2730,,,,0.0,,0.0,,0.0
,,,0.0,,0.046875,,,,,,,,,,,1.0,1.0,,,,,2731,,,,0.0,,0.0,,0.0
,,,0.0,,0.16843658685684204,,,,,,,,,,,1.0,1.0,,,,,2732,,,,0.0,,0.0,,0.0
,,,0.0,,0.25,,,,,,,,,,,1.0,1.0,,,,,2733,,,,0.0,,0.0,,0.0
,,,0.0,,0.2265625,,,,,,,,,,,1.0,1.0,,,,,2734,,,,0.0,,0.0,,0.0
,,,0.0011363636003807187,,0.1646464616060257,,,,,,,,,,,1.0,1.0,,,,,2735,,,,0.0,,0.0,,0.0
,,,0.0011160714784637094,,0.2578125,,,,,,,,,,,1.0,1.0,,,,,2736,,,,0.0,,0.0,,0.0
,,,0.0011160714784637094,,0.265625,,,,,,,,,,,1.0,1.0,,,,,2737,,,,0.0,,0.0,,0.0
,,,0.09656084328889847,,0.625,,,,,,,,,,,1.0,1.0,,,,,2738,,,,0.0,,0.0,,0.0
,,,0.1171875,,0.9921875,,,,,,,,,,,1.0,1.0,,,,,2739,,,,0.0,,0.0,,0.0
,,,0.1067708358168602,,1.0,,,,,,,,,,,1.0,1.0,,,,,2740,,,,0.0,,0.0,,0.0
,,,0.2638286352157593,,0.9879518151283264,,,,,,,,,,,1.0,1.0,,,,,2741,,,,0.0,,0.0,,0.0
,,,0.0846354141831398,,0.90625,,,,,,,,,,,1.0,1.0,,,,,2742,,,,0.0,,0.0,,0.0
,,,0.1002604141831398,,0.9453125,,,,,,,,,,,1.0,1.0,,,,,2743,,,,0.0,,0.0,,0.0
,,,0.09905780851840973,,0.9379934072494507,,,,,,,,,,,1.0,1.0,,,,,2744,,,,0.0,,0.0,,0.0
,,,0.015625,,0.984375,,,,,,,,,,,1.0,1.0,,,,,2745,,,,0.0,,0.0,,0.0
,,,0.009114583022892475,,0.984375,,,,,,,,,,,1.0,1.0,,,,,2746,,,,0.0,,0.0,,0.0
,,,0.013289036229252815,,0.5775193572044373,,,,,,,,,,,1.0,1.0,,,,,2747,,,,0.0,,0.0,,0.0
,,,0.0,,0.21875,,,,,,,,,,,1.0,1.0,,,,,2748,,,,0.0,,0.0,,0.0
,,,0.0,,0.2421875,,,,,,,,,,,1.0,1.0,,,,,2749,,,,0.0,,0.0,,0.0
,,,0.02304147370159626,,0.6230462193489075,,,,,,,,,,,1.0,1.0,,,,,2750,,,,0.0,,0.0,,0.0
,,,0.0368303582072258,,0.9140625,,,,,,,,,,,1.0,1.0,,,,,2751,,,,0.0,,0.0,,0.0
,,,0.0325520820915699,,0.9453125,,,,,,,,,,,1.0,1.0,,,,,2752,,,,0.0,,0.0,,0.0
,,,0.0714285671710968,,0.8883928656578064,,,,,,,,,,,1.0,1.0,,,,,2753,,,,0.0,,0.0,,0.0
,,,0.02473958395421505,,0.9140625,,,,,,,,,,,1.0,1.0,,,,,2754,,,,0.0,,0.0,,0.0
,,,0.02473958395421505,,0.9140625,,,,,,,,,,,1.0,1.0,,,,,2755,,,,0.0,,0.0,,0.0
,,,0.05483406037092209,,0.8989899158477783,,,,,,,,,,,1.0,1.0,,,,,2756,,,,0.0,,0.0,,0.0
,,,0.0364583320915699,,0.8984375,,,,,,,,,,,1.0,1.0,,,,,2757,,,,0.0,,0.0,,0.0
,,,0.0301339291036129,,0.8515625,,,,,,,,,,,1.0,1.0,,,,,2758,,,,0.0,,0.0,,0.0
,,,0.04199475049972534,,0.8582677245140076,,,,,,,,,,,1.0,1.0,,,,,2759,,,,0.0,,0.0,,0.0
29,0.15073785185813904,0.19532360136508942,,0.6370512843132019,,,,,,,,,,,,,,89.8677978515625,170151.6875,4.498339653015137,504.1554260253906,6629,,,0.0,,0.0,,0.0,
29,,,,,,1.5070276260375977,,-17.668094635009766,,9.440787315368652,,,,,,,,,,,,6629,2.456939458847046,,,,,,,
,,,,,,,,,,,,,,0.00035286957338186517,0.03,,,,,,,6649,,,,,,,,
30,,,,,,,1.487160086631775,,-17.69692611694336,,8.7578125,0.0003528492234181613,0.029999999329447746,,,1.0,1.0,,,,,6649,,2.8816776275634766,,,,,,
,,,,,,,,,,,,,,0.0003518469430131634,0.03,,,,,,,6699,,,,,,,,
30,,,,,,,1.505690097808838,,-17.704694747924805,,9.3828125,0.0003518263984005898,0.029999999329447746,,,1.0,1.0,,,,,6699,,2.208306312561035,,,,,,
,,,,,,,,,,,,,,0.00035081485459478846,0.03,,,,,,,6749,,,,,,,,
30,,,,,,,1.5251940488815308,,-17.701196670532227,,10.3359375,0.00035079411463811994,0.029999999329447746,,,1.0,1.0,,,,,6749,,2.5948925018310547,,,,,,
,,,,,,,,,,,,,,0.00034977337249693727,0.03,,,,,,,6799,,,,,,,,
30,,,,,,,1.5019664764404297,,-17.688199996948242,,9.4921875,0.000349752459442243,0.029999999329447746,,,1.0,1.0,,,,,6799,,2.5565738677978516,,,,,,
,,,,,,,,,,,,,,0.0003487225616756795,0.03,,,,,,,6849,,,,,,,,
30,,,,,,,1.493396520614624,,-17.706506729125977,,9.3203125,0.0003487014619167894,0.029999999329447746,,,1.0,1.0,,,,,6849,,2.3860583305358887,,,,,,
,,,0.0926339253783226,,0.984375,,,,,,,,,,,1.0,1.0,,,,,2760,,,,0.0,,0.0,,0.0
,,,0.16796875,,0.984375,,,,,,,,,,,1.0,1.0,,,,,2761,,,,0.0,,0.0,,0.0
,,,0.10396039485931396,,0.725889265537262,,,,,,,,,,,1.0,1.0,,,,,2762,,,,0.0,,0.0,,0.0
,,,0.0031250000465661287,,0.5234375,,,,,,,,,,,1.0,1.0,,,,,2763,,,,0.0,,0.0,,0.0
,,,0.004687500186264515,,0.484375,,,,,,,,,,,1.0,1.0,,,,,2764,,,,0.0,,0.0,,0.0
,,,0.044413916766643524,,0.7740384340286255,,,,,,,,,,,1.0,1.0,,,,,2765,,,,0.0,,0.0,,0.0
,,,0.0625,,1.0,,,,,,,,,,,1.0,1.0,,,,,2766,,,,0.0,,0.0,,0.0
,,,0.078125,,1.0,,,,,,,,,,,1.0,1.0,,,,,2767,,,,0.0,,0.0,,0.0
,,,0.05974842607975006,,0.6998284459114075,,,,,,,,,,,1.0,1.0,,,,,2768,,,,0.0,,0.0,,0.0
,,,0.0022321429569274187,,0.4609375,,,,,,,,,,,1.0,1.0,,,,,2769,,,,0.0,,0.0,,0.0
,,,0.0029296875,,0.4609375,,,,,,,,,,,1.0,1.0,,,,,2770,,,,0.0,,0.0,,0.0
,,,0.0029296875,,0.5390625,,,,,,,,,,,1.0,1.0,,,,,2771,,,,0.0,,0.0,,0.0
,,,0.00800000037997961,,0.6319999694824219,,,,,,,,,,,1.0,1.0,,,,,2772,,,,0.0,,0.0,,0.0
,,,0.0033482143189758062,,0.1796875,,,,,,,,,,,1.0,1.0,,,,,2773,,,,0.0,,0.0,,0.0
,,,0.005580357275903225,,0.21875,,,,,,,,,,,1.0,1.0,,,,,2774,,,,0.0,,0.0,,0.0
,,,0.0,,0.15312792360782623,,,,,,,,,,,1.0,1.0,,,,,2775,,,,0.0,,0.0,,0.0
,,,0.0,,0.0859375,,,,,,,,,,,1.0,1.0,,,,,2776,,,,0.0,,0.0,,0.0
,,,0.0,,0.0703125,,,,,,,,,,,1.0,1.0,,,,,2777,,,,0.0,,0.0,,0.0
,,,0.003401360707357526,,0.3392857015132904,,,,,,,,,,,1.0,1.0,,,,,2778,,,,0.0,,0.0,,0.0
,,,0.00390625,,0.6796875,,,,,,,,,,,1.0,1.0,,,,,2779,,,,0.0,,0.0,,0.0
,,,0.0062500000931322575,,0.671875,,,,,,,,,,,1.0,1.0,,,,,2780,,,,0.0,,0.0,,0.0
,,,0.1631382405757904,,0.8999999761581421,,,,,,,,,,,1.0,1.0,,,,,2781,,,,0.0,,0.0,,0.0
,,,0.0848214253783226,,0.9765625,,,,,,,,,,,1.0,1.0,,,,,2782,,,,0.0,,0.0,,0.0
,,,0.11874999850988388,,0.9765625,,,,,,,,,,,1.0,1.0,,,,,2783,,,,0.0,,0.0,,0.0
,,,0.10049261152744293,,0.8736453056335449,,,,,,,,,,,1.0,1.0,,,,,2784,,,,0.0,,0.0,,0.0
,,,0.0078125,,0.765625,,,,,,,,,,,1.0,1.0,,,,,2785,,,,0.0,,0.0,,0.0
,,,0.004687500186264515,,0.84375,,,,,,,,,,,1.0,1.0,,,,,2786,,,,0.0,,0.0,,0.0
,,,0.01886792480945587,,0.8139622211456299,,,,,,,,,,,1.0,1.0,,,,,2787,,,,0.0,,0.0,,0.0
,,,0.037109375,,0.9453125,,,,,,,,,,,1.0,1.0,,,,,2788,,,,0.0,,0.0,,0.0
,,,0.0390625,,0.828125,,,,,,,,,,,1.0,1.0,,,,,2789,,,,0.0,,0.0,,0.0
,,,0.09978502988815308,,0.9470587968826294,,,,,,,,,,,1.0,1.0,,,,,2790,,,,0.0,,0.0,,0.0
,,,0.1106770858168602,,0.953125,,,,,,,,,,,1.0,1.0,,,,,2791,,,,0.0,,0.0,,0.0
,,,0.1015625,,0.9609375,,,,,,,,,,,1.0,1.0,,,,,2792,,,,0.0,,0.0,,0.0
,,,0.13389162719249725,,0.75,,,,,,,,,,,1.0,1.0,,,,,2793,,,,0.0,,0.0,,0.0
,,,0.004687500186264515,,0.5078125,,,,,,,,,,,1.0,1.0,,,,,2794,,,,0.0,,0.0,,0.0
,,,0.00390625,,0.4453125,,,,,,,,,,,1.0,1.0,,,,,2795,,,,0.0,,0.0,,0.0
,,,0.06989641487598419,,0.7950819730758667,,,,,,,,,,,1.0,1.0,,,,,2796,,,,0.0,,0.0,,0.0
,,,0.0703125,,1.0,,,,,,,,,,,1.0,1.0,,,,,2797,,,,0.0,,0.0,,0.0
,,,0.0859375,,1.0,,,,,,,,,,,1.0,1.0,,,,,2798,,,,0.0,,0.0,,0.0
,,,0.04981685057282448,,0.7151404023170471,,,,,,,,,,,1.0,1.0,,,,,2799,,,,0.0,,0.0,,0.0
,,,0.0022321429569274187,,0.5078125,,,,,,,,,,,1.0,1.0,,,,,2800,,,,0.0,,0.0,,0.0
,,,0.0033482143189758062,,0.4921875,,,,,,,,,,,1.0,1.0,,,,,2801,,,,0.0,,0.0,,0.0
,,,0.006565656512975693,,0.4170454740524292,,,,,,,,,,,1.0,1.0,,,,,2802,,,,0.0,,0.0,,0.0
,,,0.0107421875,,0.2421875,,,,,,,,,,,1.0,1.0,,,,,2803,,,,0.0,,0.0,,0.0
,,,0.00390625,,0.171875,,,,,,,,,,,1.0,1.0,,,,,2804,,,,0.0,,0.0,,0.0
,,,0.005319148767739534,,0.1489361673593521,,,,,,,,,,,1.0,1.0,,,,,2805,,,,0.0,,0.0,,0.0
,,,0.0,,0.0703125,,,,,,,,,,,1.0,1.0,,,,,2806,,,,0.0,,0.0,,0.0
,,,0.0,,0.078125,,,,,,,,,,,1.0,1.0,,,,,2807,,,,0.0,,0.0,,0.0
,,,0.0,,0.0703125,,,,,,,,,,,1.0,1.0,,,,,2808,,,,0.0,,0.0,,0.0
,,,0.005249343812465668,,0.33070865273475647,,,,,,,,,,,1.0,1.0,,,,,2809,,,,0.0,,0.0,,0.0
,,,0.0078125,,0.6796875,,,,,,,,,,,1.0,1.0,,,,,2810,,,,0.0,,0.0,,0.0
,,,0.00937500037252903,,0.6796875,,,,,,,,,,,1.0,1.0,,,,,2811,,,,0.0,,0.0,,0.0
,,,0.12873563170433044,,0.875,,,,,,,,,,,1.0,1.0,,,,,2812,,,,0.0,,0.0,,0.0
,,,0.0881696417927742,,0.984375,,,,,,,,,,,1.0,1.0,,,,,2813,,,,0.0,,0.0,,0.0
,,,0.09375,,0.9765625,,,,,,,,,,,1.0,1.0,,,,,2814,,,,0.0,,0.0,,0.0
,,,0.10206576436758041,,0.881188154220581,,,,,,,,,,,1.0,1.0,,,,,2815,,,,0.0,,0.0,,0.0
,,,0.0078125,,0.7578125,,,,,,,,,,,1.0,1.0,,,,,2816,,,,0.0,,0.0,,0.0
,,,0.00390625,,0.8359375,,,,,,,,,,,1.0,1.0,,,,,2817,,,,0.0,,0.0,,0.0
,,,0.02604166604578495,,0.78125,,,,,,,,,,,1.0,1.0,,,,,2818,,,,0.0,,0.0,,0.0
,,,0.03125,,0.8828125,,,,,,,,,,,1.0,1.0,,,,,2819,,,,0.0,,0.0,,0.0
,,,0.01953125,,0.90625,,,,,,,,,,,1.0,1.0,,,,,2820,,,,0.0,,0.0,,0.0
,,,0.11351051926612854,,0.9291251301765442,,,,,,,,,,,1.0,1.0,,,,,2821,,,,0.0,,0.0,,0.0
,,,0.13437500596046448,,0.9921875,,,,,,,,,,,1.0,1.0,,,,,2822,,,,0.0,,0.0,,0.0
,,,0.1028645858168602,,0.953125,,,,,,,,,,,1.0,1.0,,,,,2823,,,,0.0,,0.0,,0.0
,,,0.15020650625228882,,0.752212405204773,,,,,,,,,,,1.0,1.0,,,,,2824,,,,0.0,,0.0,,0.0
,,,0.004464285913854837,,0.5,,,,,,,,,,,1.0,1.0,,,,,2825,,,,0.0,,0.0,,0.0
,,,0.0026041667442768812,,0.5234375,,,,,,,,,,,1.0,1.0,,,,,2826,,,,0.0,,0.0,,0.0
,,,0.059090908616781235,,0.7222222089767456,,,,,,,,,,,1.0,1.0,,,,,2827,,,,0.0,,0.0,,0.0
,,,0.08281250298023224,,1.0,,,,,,,,,,,1.0,1.0,,,,,2828,,,,0.0,,0.0,,0.0
,,,0.099609375,,0.9921875,,,,,,,,,,,1.0,1.0,,,,,2829,,,,0.0,,0.0,,0.0
,,,0.05231481418013573,,0.7592592239379883,,,,,,,,,,,1.0,1.0,,,,,2830,,,,0.0,,0.0,,0.0
,,,0.0,,0.453125,,,,,,,,,,,1.0,1.0,,,,,2831,,,,0.0,,0.0,,0.0
,,,0.0026041667442768812,,0.4765625,,,,,,,,,,,1.0,1.0,,,,,2832,,,,0.0,,0.0,,0.0
,,,0.011631712317466736,,0.43855422735214233,,,,,,,,,,,1.0,1.0,,,,,2833,,,,0.0,,0.0,,0.0
,,,0.0078125,,0.2109375,,,,,,,,,,,1.0,1.0,,,,,2834,,,,0.0,,0.0,,0.0
,,,0.004464285913854837,,0.203125,,,,,,,,,,,1.0,1.0,,,,,2835,,,,0.0,,0.0,,0.0
,,,0.0049019609577953815,,0.1827094554901123,,,,,,,,,,,1.0,1.0,,,,,2836,,,,0.0,,0.0,,0.0
,,,0.0,,0.125,,,,,,,,,,,1.0,1.0,,,,,2837,,,,0.0,,0.0,,0.0
,,,0.0,,0.078125,,,,,,,,,,,1.0,1.0,,,,,2838,,,,0.0,,0.0,,0.0
,,,0.003401360707357526,,0.3446843922138214,,,,,,,,,,,1.0,1.0,,,,,2839,,,,0.0,,0.0,,0.0
,,,0.0031250000465661287,,0.6796875,,,,,,,,,,,1.0,1.0,,,,,2840,,,,0.0,,0.0,,0.0
,,,0.0052083334885537624,,0.6796875,,,,,,,,,,,1.0,1.0,,,,,2841,,,,0.0,,0.0,,0.0
,,,0.13907548785209656,,0.8556700944900513,,,,,,,,,,,1.0,1.0,,,,,2842,,,,0.0,,0.0,,0.0
,,,0.0989583358168602,,1.0,,,,,,,,,,,1.0,1.0,,,,,2843,,,,0.0,,0.0,,0.0
,,,0.0963541641831398,,0.9921875,,,,,,,,,,,1.0,1.0,,,,,2844,,,,0.0,,0.0,,0.0
,,,0.0714285746216774,,0.8883928656578064,,,,,,,,,,,1.0,1.0,,,,,2845,,,,0.0,,0.0,,0.0
,,,0.009765625,,0.7578125,,,,,,,,,,,1.0,1.0,,,,,2846,,,,0.0,,0.0,,0.0
,,,0.009765625,,0.7578125,,,,,,,,,,,1.0,1.0,,,,,2847,,,,0.0,,0.0,,0.0
,,,0.05454545468091965,,0.8391608595848083,,,,,,,,,,,1.0,1.0,,,,,2848,,,,0.0,,0.0,,0.0
,,,0.041015625,,0.9140625,,,,,,,,,,,1.0,1.0,,,,,2849,,,,0.0,,0.0,,0.0
,,,0.02083333395421505,,0.8515625,,,,,,,,,,,1.0,1.0,,,,,2850,,,,0.0,,0.0,,0.0
,,,0.02099737524986267,,0.913385808467865,,,,,,,,,,,1.0,1.0,,,,,2851,,,,0.0,,0.0,,0.0
30,0.15433332324028015,0.18875634670257568,,0.6614468097686768,,,,,,,,,,,,,,81.48712158203125,317056.1875,4.400444984436035,512.0099487304688,6850,,,0.0,,0.0,,0.0,
30,,,,,,1.5067514181137085,,-17.693344116210938,,9.501608848571777,,,,,,,,,,,,6850,2.4344115257263184,,,,,,,
,,,,,,,,,,,,,,0.0003476624876689067,0.03,,,,,,,6899,,,,,,,,
31,,,,,,,1.5067200660705566,,-17.69789695739746,,9.0859375,0.00034764118026942015,0.029999999329447746,,,1.0,1.0,,,,,6899,,2.179764747619629,,,,,,
,,,,,,,,,,,,,,0.00034659321659224546,0.03,,,,,,,6949,,,,,,,,
31,,,,,,,1.4948937892913818,,-17.700618743896484,,9.0859375,0.000346571730915457,0.029999999329447746,,,1.0,1.0,,,,,6949,,2.161233901977539,,,,,,
,,,,,,,,,,,,,,0.0003455148151349329,0.03,,,,,,,6999,,,,,,,,
31,,,,,,,1.5083905458450317,,-17.69872283935547,,9.359375,0.00034549314295873046,0.029999999329447746,,,1.0,1.0,,,,,6999,,2.3935065269470215,,,,,,
,,,,,,,,,,,,,,0.0003444273505556578,0.03,,,,,,,7049,,,,,,,,
31,,,,,,,1.5205621719360352,,-17.703960418701172,,9.8515625,0.00034440550371073186,0.029999999329447746,,,1.0,1.0,,,,,7049,,2.246596097946167,,,,,,
,,,0.0390625,,0.8203125,,,,,,,,,,,1.0,1.0,,,,,2852,,,,0.0,,0.0,,0.0
,,,0.03125,,0.84375,,,,,,,,,,,1.0,1.0,,,,,2853,,,,0.0,,0.0,,0.0
,,,0.09803202748298645,,0.9207921028137207,,,,,,,,,,,1.0,1.0,,,,,2854,,,,0.0,,0.0,,0.0
,,,0.109375,,1.0,,,,,,,,,,,1.0,1.0,,,,,2855,,,,0.0,,0.0,,0.0
,,,0.083984375,,0.9921875,,,,,,,,,,,1.0,1.0,,,,,2856,,,,0.0,,0.0,,0.0
,,,0.09254807978868484,,0.5737179517745972,,,,,,,,,,,1.0,1.0,,,,,2857,,,,0.0,,0.0,,0.0
,,,0.0,,0.1640625,,,,,,,,,,,1.0,1.0,,,,,2858,,,,0.0,,0.0,,0.0
,,,0.0,,0.125,,,,,,,,,,,1.0,1.0,,,,,2859,,,,0.0,,0.0,,0.0
,,,0.005050505045801401,,0.2384219616651535,,,,,,,,,,,1.0,1.0,,,,,2860,,,,0.0,,0.0,,0.0
,,,0.0017361111240461469,,0.3984375,,,,,,,,,,,1.0,1.0,,,,,2861,,,,0.0,,0.0,,0.0
,,,0.001953125,,0.40625,,,,,,,,,,,1.0,1.0,,,,,2862,,,,0.0,,0.0,,0.0
,,,0.00390625,,0.3828125,,,,,,,,,,,1.0,1.0,,,,,2863,,,,0.0,,0.0,,0.0
,,,0.06459259241819382,,0.4506666660308838,,,,,,,,,,,1.0,1.0,,,,,2864,,,,0.0,,0.0,,0.0
,,,0.0234375,,0.4921875,,,,,,,,,,,1.0,1.0,,,,,2865,,,,0.0,,0.0,,0.0
,,,0.0283203125,,0.5,,,,,,,,,,,1.0,1.0,,,,,2866,,,,0.0,,0.0,,0.0
,,,0.014005603268742561,,0.6246498823165894,,,,,,,,,,,1.0,1.0,,,,,2867,,,,0.0,,0.0,,0.0
,,,0.0234375,,0.90625,,,,,,,,,,,1.0,1.0,,,,,2868,,,,0.0,,0.0,,0.0
,,,0.02008928544819355,,0.921875,,,,,,,,,,,1.0,1.0,,,,,2869,,,,0.0,,0.0,,0.0
,,,0.07900433242321014,,0.9653679132461548,,,,,,,,,,,1.0,1.0,,,,,2870,,,,0.0,,0.0,,0.0
,,,0.0598958320915699,,0.921875,,,,,,,,,,,1.0,1.0,,,,,2871,,,,0.0,,0.0,,0.0
,,,0.0625,,0.96875,,,,,,,,,,,1.0,1.0,,,,,2872,,,,0.0,,0.0,,0.0
,,,0.04775840416550636,,0.7307596206665039,,,,,,,,,,,1.0,1.0,,,,,2873,,,,0.0,,0.0,,0.0
,,,0.006076388992369175,,0.53125,,,,,,,,,,,1.0,1.0,,,,,2874,,,,0.0,,0.0,,0.0
,,,0.0052083334885537624,,0.5234375,,,,,,,,,,,1.0,1.0,,,,,2875,,,,0.0,,0.0,,0.0
,,,0.016819141805171967,,0.6009852290153503,,,,,,,,,,,1.0,1.0,,,,,2876,,,,0.0,,0.0,,0.0
,,,0.014508928172290325,,0.8359375,,,,,,,,,,,1.0,1.0,,,,,2877,,,,0.0,,0.0,,0.0
,,,0.0146484375,,0.8515625,,,,,,,,,,,1.0,1.0,,,,,2878,,,,0.0,,0.0,,0.0
,,,0.0545552559196949,,0.8833962678909302,,,,,,,,,,,1.0,1.0,,,,,2879,,,,0.0,,0.0,,0.0
,,,0.0457589291036129,,0.875,,,,,,,,,,,1.0,1.0,,,,,2880,,,,0.0,,0.0,,0.0
,,,0.0295138880610466,,0.8671875,,,,,,,,,,,1.0,1.0,,,,,2881,,,,0.0,,0.0,,0.0
,,,0.0752394050359726,,0.8714090585708618,,,,,,,,,,,1.0,1.0,,,,,2882,,,,0.0,,0.0,,0.0
,,,0.0502232126891613,,0.84375,,,,,,,,,,,1.0,1.0,,,,,2883,,,,0.0,,0.0,,0.0
,,,0.037109375,,0.8125,,,,,,,,,,,1.0,1.0,,,,,2884,,,,0.0,,0.0,,0.0
,,,0.12912560999393463,,0.9396551847457886,,,,,,,,,,,1.0,1.0,,,,,2885,,,,0.0,,0.0,,0.0
,,,0.0993303582072258,,0.9921875,,,,,,,,,,,1.0,1.0,,,,,2886,,,,0.0,,0.0,,0.0
,,,0.0993303582072258,,0.984375,,,,,,,,,,,1.0,1.0,,,,,2887,,,,0.0,,0.0,,0.0
,,,0.09221311658620834,,0.558233380317688,,,,,,,,,,,1.0,1.0,,,,,2888,,,,0.0,,0.0,,0.0
,,,0.0,,0.15625,,,,,,,,,,,1.0,1.0,,,,,2889,,,,0.0,,0.0,,0.0
,,,0.0,,0.1484375,,,,,,,,,,,1.0,1.0,,,,,2890,,,,0.0,,0.0,,0.0
,,,0.0,,0.24041515588760376,,,,,,,,,,,1.0,1.0,,,,,2891,,,,0.0,,0.0,,0.0
,,,0.00390625,,0.46875,,,,,,,,,,,1.0,1.0,,,,,2892,,,,0.0,,0.0,,0.0
,,,0.001953125,,0.3671875,,,,,,,,,,,1.0,1.0,,,,,2893,,,,0.0,,0.0,,0.0
,,,0.03156565874814987,,0.48636364936828613,,,,,,,,,,,1.0,1.0,,,,,2894,,,,0.0,,0.0,,0.0
,,,0.0283203125,,0.484375,,,,,,,,,,,1.0,1.0,,,,,2895,,,,0.0,,0.0,,0.0
,,,0.0205078125,,0.5390625,,,,,,,,,,,1.0,1.0,,,,,2896,,,,0.0,,0.0,,0.0
,,,0.04161451756954193,,0.75,,,,,,,,,,,1.0,1.0,,,,,2897,,,,0.0,,0.0,,0.0
,,,0.01953125,,0.8671875,,,,,,,,,,,1.0,1.0,,,,,2898,,,,0.0,,0.0,,0.0
,,,0.0185546875,,0.8984375,,,,,,,,,,,1.0,1.0,,,,,2899,,,,0.0,,0.0,,0.0
,,,0.02213541604578495,,0.9296875,,,,,,,,,,,1.0,1.0,,,,,2900,,,,0.0,,0.0,,0.0
,,,0.1979752629995346,,0.9685039520263672,,,,,,,,,,,1.0,1.0,,,,,2901,,,,0.0,,0.0,,0.0
,,,0.0546875,,0.984375,,,,,,,,,,,1.0,1.0,,,,,2902,,,,0.0,,0.0,,0.0
,,,0.0535714291036129,,0.921875,,,,,,,,,,,1.0,1.0,,,,,2903,,,,0.0,,0.0,,0.0
,,,0.05531609058380127,,0.7428160905838013,,,,,,,,,,,1.0,1.0,,,,,2904,,,,0.0,,0.0,,0.0
,,,0.0048828125,,0.515625,,,,,,,,,,,1.0,1.0,,,,,2905,,,,0.0,,0.0,,0.0
,,,0.0017361111240461469,,0.5078125,,,,,,,,,,,1.0,1.0,,,,,2906,,,,0.0,,0.0,,0.0
,,,0.025459690019488335,,0.6208287477493286,,,,,,,,,,,1.0,1.0,,,,,2907,,,,0.0,,0.0,,0.0
,,,0.0245535708963871,,0.8828125,,,,,,,,,,,1.0,1.0,,,,,2908,,,,0.0,,0.0,,0.0
,,,0.01953125,,0.8515625,,,,,,,,,,,1.0,1.0,,,,,2909,,,,0.0,,0.0,,0.0
,,,0.0494791679084301,,0.8489583730697632,,,,,,,,,,,1.0,1.0,,,,,2910,,,,0.0,,0.0,,0.0
,,,0.0373263880610466,,0.8671875,,,,,,,,,,,1.0,1.0,,,,,2911,,,,0.0,,0.0,,0.0
,,,0.0424107126891613,,0.890625,,,,,,,,,,,1.0,1.0,,,,,2912,,,,0.0,,0.0,,0.0
,,,0.0824335515499115,,0.8538205623626709,,,,,,,,,,,1.0,1.0,,,,,2913,,,,0.0,,0.0,,0.0
,,,0.05078125,,0.8671875,,,,,,,,,,,1.0,1.0,,,,,2914,,,,0.0,,0.0,,0.0
,,,0.0380859375,,0.875,,,,,,,,,,,1.0,1.0,,,,,2915,,,,0.0,,0.0,,0.0
,,,0.17128810286521912,,1.0,,,,,,,,,,,1.0,1.0,,,,,2916,,,,0.0,,0.0,,0.0
,,,0.0959821417927742,,0.984375,,,,,,,,,,,1.0,1.0,,,,,2917,,,,0.0,,0.0,,0.0
,,,0.1223958358168602,,1.0,,,,,,,,,,,1.0,1.0,,,,,2918,,,,0.0,,0.0,,0.0
,,,0.08024691045284271,,0.544949471950531,,,,,,,,,,,1.0,1.0,,,,,2919,,,,0.0,,0.0,,0.0
,,,0.0,,0.1796875,,,,,,,,,,,1.0,1.0,,,,,2920,,,,0.0,,0.0,,0.0
,,,0.0,,0.1484375,,,,,,,,,,,1.0,1.0,,,,,2921,,,,0.0,,0.0,,0.0
,,,0.0009259259095415473,,0.2240740805864334,,,,,,,,,,,1.0,1.0,,,,,2922,,,,0.0,,0.0,,0.0
,,,0.0026041667442768812,,0.484375,,,,,,,,,,,1.0,1.0,,,,,2923,,,,0.0,,0.0,,0.0
,,,0.0008680555620230734,,0.34375,,,,,,,,,,,1.0,1.0,,,,,2924,,,,0.0,,0.0,,0.0
,,,0.0357280969619751,,0.5072289109230042,,,,,,,,,,,1.0,1.0,,,,,2925,,,,0.0,,0.0,,0.0
,,,0.0225694440305233,,0.4296875,,,,,,,,,,,1.0,1.0,,,,,2926,,,,0.0,,0.0,,0.0
,,,0.025390625,,0.578125,,,,,,,,,,,1.0,1.0,,,,,2927,,,,0.0,,0.0,,0.0
,,,0.04481792822480202,,0.7028265595436096,,,,,,,,,,,1.0,1.0,,,,,2928,,,,0.0,,0.0,,0.0
,,,0.0166015625,,0.890625,,,,,,,,,,,1.0,1.0,,,,,2929,,,,0.0,,0.0,,0.0
,,,0.02120535634458065,,0.8828125,,,,,,,,,,,1.0,1.0,,,,,2930,,,,0.0,,0.0,,0.0
,,,0.08448030054569244,,0.9413067698478699,,,,,,,,,,,1.0,1.0,,,,,2931,,,,0.0,,0.0,,0.0
,,,0.0535714291036129,,0.9140625,,,,,,,,,,,1.0,1.0,,,,,2932,,,,0.0,,0.0,,0.0
,,,0.0533854179084301,,0.9453125,,,,,,,,,,,1.0,1.0,,,,,2933,,,,0.0,,0.0,,0.0
,,,0.054123710840940475,,0.7703691720962524,,,,,,,,,,,1.0,1.0,,,,,2934,,,,0.0,,0.0,,0.0
,,,0.005859375,,0.5390625,,,,,,,,,,,1.0,1.0,,,,,2935,,,,0.0,,0.0,,0.0
,,,0.00434027798473835,,0.5234375,,,,,,,,,,,1.0,1.0,,,,,2936,,,,0.0,,0.0,,0.0
,,,0.0390625,,0.6696428656578064,,,,,,,,,,,1.0,1.0,,,,,2937,,,,0.0,,0.0,,0.0
,,,0.02734375,,0.84375,,,,,,,,,,,1.0,1.0,,,,,2938,,,,0.0,,0.0,,0.0
,,,0.017578125,,0.8671875,,,,,,,,,,,1.0,1.0,,,,,2939,,,,0.0,,0.0,,0.0
,,,0.08054908365011215,,0.9145299196243286,,,,,,,,,,,1.0,1.0,,,,,2940,,,,0.0,,0.0,,0.0
,,,0.0478515625,,0.8671875,,,,,,,,,,,1.0,1.0,,,,,2941,,,,0.0,,0.0,,0.0
,,,0.0321180559694767,,0.890625,,,,,,,,,,,1.0,1.0,,,,,2942,,,,0.0,,0.0,,0.0
,,,0.06036745384335518,,0.9212598204612732,,,,,,,,,,,1.0,1.0,,,,,2943,,,,0.0,,0.0,,0.0
31,0.14419707655906677,0.22553309798240662,,0.6997621059417725,,,,,,,,,,,,,,85.76762390136719,167409.46875,4.45164155960083,501.1974182128906,7071,,,0.0,,0.0,,0.0,
31,,,,,,1.5090504884719849,,-17.703096389770508,,9.481122970581055,,,,,,,,,,,,7071,2.363560676574707,,,,,,,
,,,,,,,,,,,,,,0.00034333089067836557,0.03,,,,,,,7099,,,,,,,,
32,,,,,,,1.504210114479065,,-17.702608108520508,,9.234375,0.00034330887137912214,0.029999999329447746,,,1.0,1.0,,,,,7099,,2.3789548873901367,,,,,,
,,,,,,,,,,,,,,0.00034222550388802867,0.03,,,,,,,7149,,,,,,,,
32,,,,,,,1.5084282159805298,,-17.70466423034668,,9.609375,0.0003422033041715622,0.029999999329447746,,,1.0,1.0,,,,,7149,,2.3573265075683594,,,,,,
,,,,,,,,,,,,,,0.00034111125912638084,0.03,,,,,,,7199,,,,,,,,
32,,,,,,,1.508344292640686,,-17.6942081451416,,9.28125,0.0003410888893995434,0.029999999329447746,,,1.0,1.0,,,,,7199,,2.163525342941284,,,,,,
,,,,,,,,,,,,,,0.0003399882258876178,0.03,,,,,,,7249,,,,,,,,
32,,,,,,,1.5062379837036133,,-17.707256317138672,,9.578125,0.0003399656852707267,0.029999999329447746,,,1.0,1.0,,,,,7249,,2.2968783378601074,,,,,,
,,,0.001953125,,0.4921875,,,,,,,,,,,1.0,1.0,,,,,2944,,,,0.0,,0.0,,0.0
,,,0.0029296875,,0.484375,,,,,,,,,,,1.0,1.0,,,,,2945,,,,0.0,,0.0,,0.0
,,,0.032106913626194,,0.6831682920455933,,,,,,,,,,,1.0,1.0,,,,,2946,,,,0.0,,0.0,,0.0
,,,0.0442708320915699,,0.921875,,,,,,,,,,,1.0,1.0,,,,,2947,,,,0.0,,0.0,,0.0
,,,0.0361328125,,0.8984375,,,,,,,,,,,1.0,1.0,,,,,2948,,,,0.0,,0.0,,0.0
,,,0.04670329764485359,,0.8205127716064453,,,,,,,,,,,1.0,1.0,,,,,2949,,,,0.0,,0.0,,0.0
,,,0.0029296875,,0.5390625,,,,,,,,,,,1.0,1.0,,,,,2950,,,,0.0,,0.0,,0.0
,,,0.0009765625,,0.4921875,,,,,,,,,,,1.0,1.0,,,,,2951,,,,0.0,,0.0,,0.0
,,,0.039772726595401764,,0.7688679099082947,,,,,,,,,,,1.0,1.0,,,,,2952,,,,0.0,,0.0,,0.0
,,,0.0491071417927742,,0.984375,,,,,,,,,,,1.0,1.0,,,,,2953,,,,0.0,,0.0,,0.0
,,,0.0439453125,,0.953125,,,,,,,,,,,1.0,1.0,,,,,2954,,,,0.0,,0.0,,0.0
,,,0.0537109375,,0.9375,,,,,,,,,,,1.0,1.0,,,,,2955,,,,0.0,,0.0,,0.0
,,,0.12533333897590637,,0.7960000038146973,,,,,,,,,,,1.0,1.0,,,,,2956,,,,0.0,,0.0,,0.0
,,,0.0329861119389534,,0.5859375,,,,,,,,,,,1.0,1.0,,,,,2957,,,,0.0,,0.0,,0.0
,,,0.0329861119389534,,0.6171875,,,,,,,,,,,1.0,1.0,,,,,2958,,,,0.0,,0.0,,0.0
,,,0.07438531517982483,,0.8081232309341431,,,,,,,,,,,1.0,1.0,,,,,2959,,,,0.0,,0.0,,0.0
,,,0.04296875,,0.96875,,,,,,,,,,,1.0,1.0,,,,,2960,,,,0.0,,0.0,,0.0
,,,0.0390625,,0.953125,,,,,,,,,,,1.0,1.0,,,,,2961,,,,0.0,,0.0,,0.0
,,,0.02922077849507332,,0.511904776096344,,,,,,,,,,,1.0,1.0,,,,,2962,,,,0.0,,0.0,,0.0
,,,0.0,,0.0,,,,,,,,,,,1.0,1.0,,,,,2963,,,,0.0,,0.0,,0.0
,,,0.0,,0.0234375,,,,,,,,,,,1.0,1.0,,,,,2964,,,,0.0,,0.0,,0.0
,,,0.01217656023800373,,0.2876712381839752,,,,,,,,,,,1.0,1.0,,,,,2965,,,,0.0,,0.0,,0.0
,,,0.015625,,0.609375,,,,,,,,,,,1.0,1.0,,,,,2966,,,,0.0,,0.0,,0.0
,,,0.017578125,,0.578125,,,,,,,,,,,1.0,1.0,,,,,2967,,,,0.0,,0.0,,0.0
,,,0.0803571417927742,,0.7756157517433167,,,,,,,,,,,1.0,1.0,,,,,2968,,,,0.0,,0.0,,0.0
,,,0.0729166641831398,,0.9921875,,,,,,,,,,,1.0,1.0,,,,,2969,,,,0.0,,0.0,,0.0
,,,0.0911458358168602,,0.9765625,,,,,,,,,,,1.0,1.0,,,,,2970,,,,0.0,,0.0,,0.0
,,,0.09013476967811584,,0.8667924404144287,,,,,,,,,,,1.0,1.0,,,,,2971,,,,0.0,,0.0,,0.0
,,,0.021484375,,0.7890625,,,,,,,,,,,1.0,1.0,,,,,2972,,,,0.0,,0.0,,0.0
,,,0.02901785634458065,,0.7265625,,,,,,,,,,,1.0,1.0,,,,,2973,,,,0.0,,0.0,,0.0
,,,0.0235294122248888,,0.6212038397789001,,,,,,,,,,,1.0,1.0,,,,,2974,,,,0.0,,0.0,,0.0
,,,0.00434027798473835,,0.484375,,,,,,,,,,,1.0,1.0,,,,,2975,,,,0.0,,0.0,,0.0
,,,0.00390625,,0.421875,,,,,,,,,,,1.0,1.0,,,,,2976,,,,0.0,,0.0,,0.0
,,,0.04217980429530144,,0.6839901208877563,,,,,,,,,,,1.0,1.0,,,,,2977,,,,0.0,,0.0,,0.0
,,,0.0424107126891613,,0.8515625,,,,,,,,,,,1.0,1.0,,,,,2978,,,,0.0,,0.0,,0.0
,,,0.0379464291036129,,0.8984375,,,,,,,,,,,1.0,1.0,,,,,2979,,,,0.0,,0.0,,0.0
,,,0.03981264680624008,,0.7597259283065796,,,,,,,,,,,1.0,1.0,,,,,2980,,,,0.0,,0.0,,0.0
,,,0.0008680555620230734,,0.5546875,,,,,,,,,,,1.0,1.0,,,,,2981,,,,0.0,,0.0,,0.0
,,,0.0011160714784637094,,0.5703125,,,,,,,,,,,1.0,1.0,,,,,2982,,,,0.0,,0.0,,0.0
,,,0.041025642305612564,,0.7859585285186768,,,,,,,,,,,1.0,1.0,,,,,2983,,,,0.0,,0.0,,0.0
,,,0.0502232126891613,,0.9765625,,,,,,,,,,,1.0,1.0,,,,,2984,,,,0.0,,0.0,,0.0
,,,0.04296875,,0.9140625,,,,,,,,,,,1.0,1.0,,,,,2985,,,,0.0,,0.0,,0.0
,,,0.09242424368858337,,0.7954545021057129,,,,,,,,,,,1.0,1.0,,,,,2986,,,,0.0,,0.0,,0.0
,,,0.0380859375,,0.546875,,,,,,,,,,,1.0,1.0,,,,,2987,,,,0.0,,0.0,,0.0
,,,0.0435267873108387,,0.6015625,,,,,,,,,,,1.0,1.0,,,,,2988,,,,0.0,,0.0,,0.0
,,,0.07399874925613403,,0.7831664085388184,,,,,,,,,,,1.0,1.0,,,,,2989,,,,0.0,,0.0,,0.0
,,,0.0373263880610466,,0.9609375,,,,,,,,,,,1.0,1.0,,,,,2990,,,,0.0,,0.0,,0.0
,,,0.0341796875,,0.953125,,,,,,,,,,,1.0,1.0,,,,,2991,,,,0.0,,0.0,,0.0
,,,0.0301339291036129,,0.9765625,,,,,,,,,,,1.0,1.0,,,,,2992,,,,0.0,,0.0,,0.0
,,,0.0,,0.5039370059967041,,,,,,,,,,,1.0,1.0,,,,,2993,,,,0.0,,0.0,,0.0
,,,0.0,,0.0234375,,,,,,,,,,,1.0,1.0,,,,,2994,,,,0.0,,0.0,,0.0
,,,0.0,,0.0,,,,,,,,,,,1.0,1.0,,,,,2995,,,,0.0,,0.0,,0.0
,,,0.014367815107107162,,0.26724138855934143,,,,,,,,,,,1.0,1.0,,,,,2996,,,,0.0,,0.0,,0.0
,,,0.013671875,,0.65625,,,,,,,,,,,1.0,1.0,,,,,2997,,,,0.0,,0.0,,0.0
,,,0.02008928544819355,,0.6171875,,,,,,,,,,,1.0,1.0,,,,,2998,,,,0.0,,0.0,,0.0
,,,0.07173633575439453,,0.7444077730178833,,,,,,,,,,,1.0,1.0,,,,,2999,,,,0.0,,0.0,,0.0
,,,0.0714285746216774,,0.96875,,,,,,,,,,,1.0,1.0,,,,,3000,,,,0.0,,0.0,,0.0
,,,0.09765625,,0.9765625,,,,,,,,,,,1.0,1.0,,,,,3001,,,,0.0,,0.0,,0.0
,,,0.0950520858168602,,0.875,,,,,,,,,,,1.0,1.0,,,,,3002,,,,0.0,,0.0,,0.0
,,,0.0263671875,,0.7734375,,,,,,,,,,,1.0,1.0,,,,,3003,,,,0.0,,0.0,,0.0
,,,0.03125,,0.8203125,,,,,,,,,,,1.0,1.0,,,,,3004,,,,0.0,,0.0,,0.0
,,,0.025263013318181038,,0.6256921291351318,,,,,,,,,,,1.0,1.0,,,,,3005,,,,0.0,,0.0,,0.0
,,,0.0029296875,,0.46875,,,,,,,,,,,1.0,1.0,,,,,3006,,,,0.0,,0.0,,0.0
,,,0.0048828125,,0.4375,,,,,,,,,,,1.0,1.0,,,,,3007,,,,0.0,,0.0,,0.0
,,,0.053771596401929855,,0.6690265536308289,,,,,,,,,,,1.0,1.0,,,,,3008,,,,0.0,,0.0,,0.0
,,,0.0400390625,,0.8828125,,,,,,,,,,,1.0,1.0,,,,,3009,,,,0.0,,0.0,,0.0
,,,0.0424107126891613,,0.90625,,,,,,,,,,,1.0,1.0,,,,,3010,,,,0.0,,0.0,,0.0
,,,0.03585858643054962,,0.744949460029602,,,,,,,,,,,1.0,1.0,,,,,3011,,,,0.0,,0.0,,0.0
,,,0.001953125,,0.53125,,,,,,,,,,,1.0,1.0,,,,,3012,,,,0.0,,0.0,,0.0
,,,0.0011160714784637094,,0.6328125,,,,,,,,,,,1.0,1.0,,,,,3013,,,,0.0,,0.0,,0.0
,,,0.03395061567425728,,0.67037034034729,,,,,,,,,,,1.0,1.0,,,,,3014,,,,0.0,,0.0,,0.0
,,,0.0558035708963871,,0.953125,,,,,,,,,,,1.0,1.0,,,,,3015,,,,0.0,,0.0,,0.0
,,,0.0491071417927742,,0.9296875,,,,,,,,,,,1.0,1.0,,,,,3016,,,,0.0,,0.0,,0.0
,,,0.11444295942783356,,0.8081660270690918,,,,,,,,,,,1.0,1.0,,,,,3017,,,,0.0,,0.0,,0.0
,,,0.02690972201526165,,0.4921875,,,,,,,,,,,1.0,1.0,,,,,3018,,,,0.0,,0.0,,0.0
,,,0.0373263880610466,,0.6640625,,,,,,,,,,,1.0,1.0,,,,,3019,,,,0.0,,0.0,,0.0
,,,0.07079195231199265,,0.7550293207168579,,,,,,,,,,,1.0,1.0,,,,,3020,,,,0.0,,0.0,,0.0
,,,0.0361328125,,0.953125,,,,,,,,,,,1.0,1.0,,,,,3021,,,,0.0,,0.0,,0.0
,,,0.0283203125,,0.953125,,,,,,,,,,,1.0,1.0,,,,,3022,,,,0.0,,0.0,,0.0
,,,0.031976744532585144,,0.4883720874786377,,,,,,,,,,,1.0,1.0,,,,,3023,,,,0.0,,0.0,,0.0
,,,0.0,,0.0,,,,,,,,,,,1.0,1.0,,,,,3024,,,,0.0,,0.0,,0.0
,,,0.0,,0.0234375,,,,,,,,,,,1.0,1.0,,,,,3025,,,,0.0,,0.0,,0.0
,,,0.01433691754937172,,0.3277352750301361,,,,,,,,,,,1.0,1.0,,,,,3026,,,,0.0,,0.0,,0.0
,,,0.0146484375,,0.5859375,,,,,,,,,,,1.0,1.0,,,,,3027,,,,0.0,,0.0,,0.0
,,,0.015625,,0.6484375,,,,,,,,,,,1.0,1.0,,,,,3028,,,,0.0,,0.0,,0.0
,,,0.10969388484954834,,0.7723214626312256,,,,,,,,,,,1.0,1.0,,,,,3029,,,,0.0,,0.0,,0.0
,,,0.08124999701976776,,0.96875,,,,,,,,,,,1.0,1.0,,,,,3030,,,,0.0,,0.0,,0.0
,,,0.0872395858168602,,0.9921875,,,,,,,,,,,1.0,1.0,,,,,3031,,,,0.0,,0.0,,0.0
,,,0.1475006639957428,,0.941724956035614,,,,,,,,,,,1.0,1.0,,,,,3032,,,,0.0,,0.0,,0.0
,,,0.0234375,,0.7890625,,,,,,,,,,,1.0,1.0,,,,,3033,,,,0.0,,0.0,,0.0
,,,0.0234375,,0.7109375,,,,,,,,,,,1.0,1.0,,,,,3034,,,,0.0,,0.0,,0.0
,,,0.029246345162391663,,0.8425197005271912,,,,,,,,,,,1.0,1.0,,,,,3035,,,,0.0,,0.0,,0.0
32,0.15224173665046692,0.21226829290390015,,0.6793112754821777,,,,,,,,,,,,,,78.24568939208984,507174.25,4.359853744506836,509.6701965332031,7292,,,0.0,,0.0,,0.0,
32,,,,,,1.5061532258987427,,-17.698593139648438,,9.466858863830566,,,,,,,,,,,,7292,2.39467716217041,,,,,,,
,,,,,,,,,,,,,,0.000338856474214062,0.03,,,,,,,7299,,,,,,,,
33,,,,,,,1.5088050365447998,,-17.693153381347656,,9.5546875,0.00033883374999277294,0.029999999329447746,,,1.0,1.0,,,,,7299,,2.3435707092285156,,,,,,
,,,,,,,,,,,,,,0.00033771607469179556,0.03,,,,,,,7349,,,,,,,,
33,,,,,,,1.527010440826416,,-17.699377059936523,,9.953125,0.00033769317087717354,0.029999999329447746,,,1.0,1.0,,,,,7349,,2.541773796081543,,,,,,
,,,,,,,,,,,,,,0.0003365670984462574,0.03,,,,,,,7399,,,,,,,,
33,,,,,,,1.513735055923462,,-17.717609405517578,,9.8046875,0.00033654403523541987,0.029999999329447746,,,1.0,1.0,,,,,7399,,2.4352035522460938,,,,,,
,,,,,,,,,,,,,,0.0003354096171378061,0.03,,,,,,,7449,,,,,,,,
33,,,,,,,1.5045959949493408,,-17.70821762084961,,9.203125,0.00033538637217134237,0.029999999329447746,,,1.0,1.0,,,,,7449,,2.4570815563201904,,,,,,
,,,,,,,,,,,,,,0.0003342437029572523,0.03,,,,,,,7499,,,,,,,,
33,,,,,,,1.5123180150985718,,-17.70691680908203,,9.546875,0.0003342202981002629,0.029999999329447746,,,1.0,1.0,,,,,7499,,2.5904958248138428,,,,,,
,,,0.014322916977107525,,0.5546875,,,,,,,,,,,1.0,1.0,,,,,3036,,,,0.0,,0.0,,0.0
,,,0.01227678544819355,,0.6015625,,,,,,,,,,,1.0,1.0,,,,,3037,,,,0.0,,0.0,,0.0
,,,0.06281103938817978,,0.7772277593612671,,,,,,,,,,,1.0,1.0,,,,,3038,,,,0.0,,0.0,,0.0
,,,0.05078125,,0.984375,,,,,,,,,,,1.0,1.0,,,,,3039,,,,0.0,,0.0,,0.0
,,,0.05937499925494194,,0.9921875,,,,,,,,,,,1.0,1.0,,,,,3040,,,,0.0,,0.0,,0.0
,,,0.07051282376050949,,0.9743589758872986,,,,,,,,,,,1.0,1.0,,,,,3041,,,,0.0,,0.0,,0.0
,,,0.0078125,,1.0,,,,,,,,,,,1.0,1.0,,,,,3042,,,,0.0,,0.0,,0.0
,,,0.013020833022892475,,1.0,,,,,,,,,,,1.0,1.0,,,,,3043,,,,0.0,,0.0,,0.0
,,,0.11602548509836197,,1.0,,,,,,,,,,,1.0,1.0,,,,,3044,,,,0.0,,0.0,,0.0
,,,0.16249999403953552,,1.0,,,,,,,,,,,1.0,1.0,,,,,3045,,,,0.0,,0.0,,0.0
,,,0.140625,,1.0,,,,,,,,,,,1.0,1.0,,,,,3046,,,,0.0,,0.0,,0.0
,,,0.16093750298023224,,1.0,,,,,,,,,,,1.0,1.0,,,,,3047,,,,0.0,,0.0,,0.0
,,,0.23600000143051147,,0.8960000276565552,,,,,,,,,,,1.0,1.0,,,,,3048,,,,0.0,,0.0,,0.0
,,,0.0494791679084301,,0.75,,,,,,,,,,,1.0,1.0,,,,,3049,,,,0.0,,0.0,,0.0
,,,0.0559895820915699,,0.8359375,,,,,,,,,,,1.0,1.0,,,,,3050,,,,0.0,,0.0,,0.0
,,,0.0555555559694767,,0.5336134433746338,,,,,,,,,,,1.0,1.0,,,,,3051,,,,0.0,,0.0,,0.0
,,,0.0,,0.1328125,,,,,,,,,,,1.0,1.0,,,,,3052,,,,0.0,,0.0,,0.0
,,,0.0,,0.09375,,,,,,,,,,,1.0,1.0,,,,,3053,,,,0.0,,0.0,,0.0
,,,0.006802721414715052,,0.4096320569515228,,,,,,,,,,,1.0,1.0,,,,,3054,,,,0.0,,0.0,,0.0
,,,0.004464285913854837,,0.7734375,,,,,,,,,,,1.0,1.0,,,,,3055,,,,0.0,,0.0,,0.0
,,,0.00937500037252903,,0.828125,,,,,,,,,,,1.0,1.0,,,,,3056,,,,0.0,,0.0,,0.0
,,,0.029354209080338478,,0.8658779859542847,,,,,,,,,,,1.0,1.0,,,,,3057,,,,0.0,,0.0,,0.0
,,,0.0513392873108387,,0.953125,,,,,,,,,,,1.0,1.0,,,,,3058,,,,0.0,,0.0,,0.0
,,,0.046875,,0.9921875,,,,,,,,,,,1.0,1.0,,,,,3059,,,,0.0,,0.0,,0.0
,,,0.036734696477651596,,0.4928571283817291,,,,,,,,,,,1.0,1.0,,,,,3060,,,,0.0,,0.0,,0.0
,,,0.0,,0.0,,,,,,,,,,,1.0,1.0,,,,,3061,,,,0.0,,0.0,,0.0
,,,0.0,,0.0,,,,,,,,,,,1.0,1.0,,,,,3062,,,,0.0,,0.0,,0.0
,,,0.002358490601181984,,0.11320754885673523,,,,,,,,,,,1.0,1.0,,,,,3063,,,,0.0,,0.0,,0.0
,,,0.0011160714784637094,,0.1875,,,,,,,,,,,1.0,1.0,,,,,3064,,,,0.0,,0.0,,0.0
,,,0.0,,0.2265625,,,,,,,,,,,1.0,1.0,,,,,3065,,,,0.0,,0.0,,0.0
,,,0.0058139534667134285,,0.3792065680027008,,,,,,,,,,,1.0,1.0,,,,,3066,,,,0.0,,0.0,,0.0
,,,0.01116071455180645,,0.5390625,,,,,,,,,,,1.0,1.0,,,,,3067,,,,0.0,,0.0,,0.0
,,,0.0066964286379516125,,0.5546875,,,,,,,,,,,1.0,1.0,,,,,3068,,,,0.0,,0.0,,0.0
,,,0.06100164353847504,,0.7945812940597534,,,,,,,,,,,1.0,1.0,,,,,3069,,,,0.0,,0.0,,0.0
,,,0.05859375,,0.9921875,,,,,,,,,,,1.0,1.0,,,,,3070,,,,0.0,,0.0,,0.0
,,,0.09375,,0.9921875,,,,,,,,,,,1.0,1.0,,,,,3071,,,,0.0,,0.0,,0.0
,,,0.06082700937986374,,0.9843406081199646,,,,,,,,,,,1.0,1.0,,,,,3072,,,,0.0,,0.0,,0.0
,,,0.015625,,1.0,,,,,,,,,,,1.0,1.0,,,,,3073,,,,0.0,,0.0,,0.0
,,,0.015625,,0.9921875,,,,,,,,,,,1.0,1.0,,,,,3074,,,,0.0,,0.0,,0.0
,,,0.1467236578464508,,1.0,,,,,,,,,,,1.0,1.0,,,,,3075,,,,0.0,,0.0,,0.0
,,,0.16562500596046448,,1.0,,,,,,,,,,,1.0,1.0,,,,,3076,,,,0.0,,0.0,,0.0
,,,0.1138392835855484,,1.0,,,,,,,,,,,1.0,1.0,,,,,3077,,,,0.0,,0.0,,0.0
,,,0.2087121307849884,,0.9624999761581421,,,,,,,,,,,1.0,1.0,,,,,3078,,,,0.0,,0.0,,0.0
,,,0.08124999701976776,,0.7734375,,,,,,,,,,,1.0,1.0,,,,,3079,,,,0.0,,0.0,,0.0
,,,0.06718750298023224,,0.828125,,,,,,,,,,,1.0,1.0,,,,,3080,,,,0.0,,0.0,,0.0
,,,0.042553190141916275,,0.4443053901195526,,,,,,,,,,,1.0,1.0,,,,,3081,,,,0.0,,0.0,,0.0
,,,0.0,,0.109375,,,,,,,,,,,1.0,1.0,,,,,3082,,,,0.0,,0.0,,0.0
,,,0.0,,0.1015625,,,,,,,,,,,1.0,1.0,,,,,3083,,,,0.0,,0.0,,0.0
,,,0.0,,0.0859375,,,,,,,,,,,1.0,1.0,,,,,3084,,,,0.0,,0.0,,0.0
,,,0.003374578198418021,,0.3818897604942322,,,,,,,,,,,1.0,1.0,,,,,3085,,,,0.0,,0.0,,0.0
,,,0.0078125,,0.765625,,,,,,,,,,,1.0,1.0,,,,,3086,,,,0.0,,0.0,,0.0
,,,0.00390625,,0.78125,,,,,,,,,,,1.0,1.0,,,,,3087,,,,0.0,,0.0,,0.0
,,,0.04885057359933853,,0.936781644821167,,,,,,,,,,,1.0,1.0,,,,,3088,,,,0.0,,0.0,,0.0
,,,0.0546875,,0.96875,,,,,,,,,,,1.0,1.0,,,,,3089,,,,0.0,,0.0,,0.0
,,,0.0479910708963871,,0.9765625,,,,,,,,,,,1.0,1.0,,,,,3090,,,,0.0,,0.0,,0.0
,,,0.0317460335791111,,0.5049505233764648,,,,,,,,,,,1.0,1.0,,,,,3091,,,,0.0,,0.0,,0.0
,,,0.0,,0.0078125,,,,,,,,,,,1.0,1.0,,,,,3092,,,,0.0,,0.0,,0.0
,,,0.0,,0.015625,,,,,,,,,,,1.0,1.0,,,,,3093,,,,0.0,,0.0,,0.0
,,,0.0,,0.0885416641831398,,,,,,,,,,,1.0,1.0,,,,,3094,,,,0.0,,0.0,,0.0
,,,0.0011160714784637094,,0.1953125,,,,,,,,,,,1.0,1.0,,,,,3095,,,,0.0,,0.0,,0.0
,,,0.0,,0.2265625,,,,,,,,,,,1.0,1.0,,,,,3096,,,,0.0,,0.0,,0.0
,,,0.010174418799579144,,0.3806755244731903,,,,,,,,,,,1.0,1.0,,,,,3097,,,,0.0,,0.0,,0.0
,,,0.010044642724096775,,0.546875,,,,,,,,,,,1.0,1.0,,,,,3098,,,,0.0,,0.0,,0.0
,,,0.010044642724096775,,0.5546875,,,,,,,,,,,1.0,1.0,,,,,3099,,,,0.0,,0.0,,0.0
,,,0.08330383896827698,,0.8333333730697632,,,,,,,,,,,1.0,1.0,,,,,3100,,,,0.0,,0.0,,0.0
,,,0.0703125,,0.9921875,,,,,,,,,,,1.0,1.0,,,,,3101,,,,0.0,,0.0,,0.0
,,,0.0703125,,0.9921875,,,,,,,,,,,1.0,1.0,,,,,3102,,,,0.0,,0.0,,0.0
,,,0.07348485291004181,,0.9954545497894287,,,,,,,,,,,1.0,1.0,,,,,3103,,,,0.0,,0.0,,0.0
,,,0.013020833022892475,,1.0,,,,,,,,,,,1.0,1.0,,,,,3104,,,,0.0,,0.0,,0.0
,,,0.01822916604578495,,0.9921875,,,,,,,,,,,1.0,1.0,,,,,3105,,,,0.0,,0.0,,0.0
,,,0.13734568655490875,,1.0,,,,,,,,,,,1.0,1.0,,,,,3106,,,,0.0,,0.0,,0.0
,,,0.1419270783662796,,1.0,,,,,,,,,,,1.0,1.0,,,,,3107,,,,0.0,,0.0,,0.0
,,,0.1341145783662796,,1.0,,,,,,,,,,,1.0,1.0,,,,,3108,,,,0.0,,0.0,,0.0
,,,0.1872251033782959,,0.9156626462936401,,,,,,,,,,,1.0,1.0,,,,,3109,,,,0.0,,0.0,,0.0
,,,0.07187499850988388,,0.78125,,,,,,,,,,,1.0,1.0,,,,,3110,,,,0.0,,0.0,,0.0
,,,0.0611979179084301,,0.875,,,,,,,,,,,1.0,1.0,,,,,3111,,,,0.0,,0.0,,0.0
,,,0.03921568766236305,,0.421314001083374,,,,,,,,,,,1.0,1.0,,,,,3112,,,,0.0,,0.0,,0.0
,,,0.0,,0.1015625,,,,,,,,,,,1.0,1.0,,,,,3113,,,,0.0,,0.0,,0.0
,,,0.0,,0.09375,,,,,,,,,,,1.0,1.0,,,,,3114,,,,0.0,,0.0,,0.0
,,,0.006802721414715052,,0.43853822350502014,,,,,,,,,,,1.0,1.0,,,,,3115,,,,0.0,,0.0,,0.0
,,,0.0026041667442768812,,0.734375,,,,,,,,,,,1.0,1.0,,,,,3116,,,,0.0,,0.0,,0.0
,,,0.0065104165114462376,,0.796875,,,,,,,,,,,1.0,1.0,,,,,3117,,,,0.0,,0.0,,0.0
,,,0.03354078531265259,,0.8491852283477783,,,,,,,,,,,1.0,1.0,,,,,3118,,,,0.0,,0.0,,0.0
,,,0.0457589291036129,,0.96875,,,,,,,,,,,1.0,1.0,,,,,3119,,,,0.0,,0.0,,0.0
,,,0.05859375,,0.96875,,,,,,,,,,,1.0,1.0,,,,,3120,,,,0.0,,0.0,,0.0
,,,0.042091839015483856,,0.4866071343421936,,,,,,,,,,,1.0,1.0,,,,,3121,,,,0.0,,0.0,,0.0
,,,0.0,,0.015625,,,,,,,,,,,1.0,1.0,,,,,3122,,,,0.0,,0.0,,0.0
,,,0.0,,0.0078125,,,,,,,,,,,1.0,1.0,,,,,3123,,,,0.0,,0.0,,0.0
,,,0.0,,0.1946386992931366,,,,,,,,,,,1.0,1.0,,,,,3124,,,,0.0,,0.0,,0.0
,,,0.0009765625,,0.1640625,,,,,,,,,,,1.0,1.0,,,,,3125,,,,0.0,,0.0,,0.0
,,,0.0,,0.1953125,,,,,,,,,,,1.0,1.0,,,,,3126,,,,0.0,,0.0,,0.0
,,,0.0,,0.26771652698516846,,,,,,,,,,,1.0,1.0,,,,,3127,,,,0.0,,0.0,,0.0
33,0.1627398133277893,0.19709962606430054,,0.6421557664871216,,,,,,,,,,,,,,81.69542694091797,438621.375,4.402997970581055,504.9925537109375,7513,,,0.0,,0.0,,0.0,
33,,,,,,1.509259819984436,,-17.708059310913086,,9.59473991394043,,,,,,,,,,,,7513,2.3942320346832275,,,,,,,
,,,,,,,,,,,,,,0.0003330694286213554,0.03,,,,,,,7549,,,,,,,,
34,,,,,,,1.508394718170166,,-17.718263626098633,,9.3515625,0.0003330458712298423,0.029999999329447746,,,1.0,1.0,,,,,7549,,2.3916635513305664,,,,,,
,,,,,,,,,,,,,,0.00033188686736828797,0.03,,,,,,,7599,,,,,,,,
34,,,,,,,1.4912537336349487,,-17.718074798583984,,9.109375,0.0003318631206639111,0.029999999329447746,,,1.0,1.0,,,,,7599,,2.5588390827178955,,,,,,
,,,,,,,,,,,,,,0.00033069609295306805,0.03,,,,,,,7649,,,,,,,,
34,,,,,,,1.5123664140701294,,-17.71984100341797,,9.8828125,0.00033067219192162156,0.029999999329447746,,,1.0,1.0,,,,,7649,,2.426708698272705,,,,,,
,,,,,,,,,,,,,,0.00032949717964296033,0.03,,,,,,,7699,,,,,,,,
34,,,,,,,1.5175237655639648,,-17.683712005615234,,10.0,0.00032947311410680413,0.029999999329447746,,,1.0,1.0,,,,,7699,,2.4763808250427246,,,,,,
,,,0.0017361111240461469,,0.2890625,,,,,,,,,,,1.0,1.0,,,,,3128,,,,0.0,,0.0,,0.0
,,,0.005859375,,0.3203125,,,,,,,,,,,1.0,1.0,,,,,3129,,,,0.0,,0.0,,0.0
,,,0.00586725352331996,,0.5029336214065552,,,,,,,,,,,1.0,1.0,,,,,3130,,,,0.0,,0.0,,0.0
,,,0.0013020833721384406,,0.515625,,,,,,,,,,,1.0,1.0,,,,,3131,,,,0.0,,0.0,,0.0
,,,0.0062500000931322575,,0.515625,,,,,,,,,,,1.0,1.0,,,,,3132,,,,0.0,,0.0,,0.0
,,,0.03205128386616707,,0.754807710647583,,,,,,,,,,,1.0,1.0,,,,,3133,,,,0.0,,0.0,,0.0
,,,0.03515625,,1.0,,,,,,,,,,,1.0,1.0,,,,,3134,,,,0.0,,0.0,,0.0
,,,0.03750000149011612,,0.9921875,,,,,,,,,,,1.0,1.0,,,,,3135,,,,0.0,,0.0,,0.0
,,,0.06456750631332397,,0.9451115131378174,,,,,,,,,,,1.0,1.0,,,,,3136,,,,0.0,,0.0,,0.0
,,,0.0379464291036129,,0.9296875,,,,,,,,,,,1.0,1.0,,,,,3137,,,,0.0,,0.0,,0.0
,,,0.0341796875,,0.9375,,,,,,,,,,,1.0,1.0,,,,,3138,,,,0.0,,0.0,,0.0
,,,0.046875,,0.921875,,,,,,,,,,,1.0,1.0,,,,,3139,,,,0.0,,0.0,,0.0
,,,0.13409523665905,,0.7639999985694885,,,,,,,,,,,1.0,1.0,,,,,3140,,,,0.0,,0.0,,0.0
,,,0.0345982126891613,,0.546875,,,,,,,,,,,1.0,1.0,,,,,3141,,,,0.0,,0.0,,0.0
,,,0.02777777798473835,,0.578125,,,,,,,,,,,1.0,1.0,,,,,3142,,,,0.0,,0.0,,0.0
,,,0.056605976074934006,,0.5760971307754517,,,,,,,,,,,1.0,1.0,,,,,3143,,,,0.0,,0.0,,0.0
,,,0.0,,0.6953125,,,,,,,,,,,1.0,1.0,,,,,3144,,,,0.0,,0.0,,0.0
,,,0.0,,0.6484375,,,,,,,,,,,1.0,1.0,,,,,3145,,,,0.0,,0.0,,0.0
,,,0.01984127052128315,,0.7424242496490479,,,,,,,,,,,1.0,1.0,,,,,3146,,,,0.0,,0.0,,0.0
,,,0.012500000186264515,,0.890625,,,,,,,,,,,1.0,1.0,,,,,3147,,,,0.0,,0.0,,0.0
,,,0.005859375,,0.90625,,,,,,,,,,,1.0,1.0,,,,,3148,,,,0.0,,0.0,,0.0
,,,0.0065112970769405365,,0.7536736726760864,,,,,,,,,,,1.0,1.0,,,,,3149,,,,0.0,,0.0,,0.0
,,,0.0107421875,,0.6640625,,,,,,,,,,,1.0,1.0,,,,,3150,,,,0.0,,0.0,,0.0
,,,0.01171875,,0.640625,,,,,,,,,,,1.0,1.0,,,,,3151,,,,0.0,,0.0,,0.0
,,,0.007936508394777775,,0.27142858505249023,,,,,,,,,,,1.0,1.0,,,,,3152,,,,0.0,,0.0,,0.0
,,,0.0,,0.0078125,,,,,,,,,,,1.0,1.0,,,,,3153,,,,0.0,,0.0,,0.0
,,,0.0,,0.0,,,,,,,,,,,1.0,1.0,,,,,3154,,,,0.0,,0.0,,0.0
,,,0.11590296775102615,,0.5,,,,,,,,,,,1.0,1.0,,,,,3155,,,,0.0,,0.0,,0.0
,,,0.16875000298023224,,1.0,,,,,,,,,,,1.0,1.0,,,,,3156,,,,0.0,,0.0,,0.0
,,,0.0966796875,,0.9921875,,,,,,,,,,,1.0,1.0,,,,,3157,,,,0.0,,0.0,,0.0
,,,0.12268907576799393,,0.6162790656089783,,,,,,,,,,,1.0,1.0,,,,,3158,,,,0.0,,0.0,,0.0
,,,0.0026041667442768812,,0.3359375,,,,,,,,,,,1.0,1.0,,,,,3159,,,,0.0,,0.0,,0.0
,,,0.0066964286379516125,,0.3671875,,,,,,,,,,,1.0,1.0,,,,,3160,,,,0.0,,0.0,,0.0
,,,0.0035714285913854837,,0.428078830242157,,,,,,,,,,,1.0,1.0,,,,,3161,,,,0.0,,0.0,,0.0
,,,0.00390625,,0.546875,,,,,,,,,,,1.0,1.0,,,,,3162,,,,0.0,,0.0,,0.0
,,,0.013671875,,0.5234375,,,,,,,,,,,1.0,1.0,,,,,3163,,,,0.0,,0.0,,0.0
,,,0.04302259534597397,,0.7704918384552002,,,,,,,,,,,1.0,1.0,,,,,3164,,,,0.0,,0.0,,0.0
,,,0.0357142873108387,,0.9921875,,,,,,,,,,,1.0,1.0,,,,,3165,,,,0.0,,0.0,,0.0
,,,0.0234375,,0.9921875,,,,,,,,,,,1.0,1.0,,,,,3166,,,,0.0,,0.0,,0.0
,,,0.08359788358211517,,0.9461538791656494,,,,,,,,,,,1.0,1.0,,,,,3167,,,,0.0,,0.0,,0.0
,,,0.0424107126891613,,0.9296875,,,,,,,,,,,1.0,1.0,,,,,3168,,,,0.0,,0.0,,0.0
,,,0.0302734375,,0.90625,,,,,,,,,,,1.0,1.0,,,,,3169,,,,0.0,,0.0,,0.0
,,,0.08116883039474487,,0.7715909481048584,,,,,,,,,,,1.0,1.0,,,,,3170,,,,0.0,,0.0,,0.0
,,,0.0442708320915699,,0.5234375,,,,,,,,,,,1.0,1.0,,,,,3171,,,,0.0,,0.0,,0.0
,,,0.03125,,0.546875,,,,,,,,,,,1.0,1.0,,,,,3172,,,,0.0,,0.0,,0.0
,,,0.036643024533987045,,0.5278472900390625,,,,,,,,,,,1.0,1.0,,,,,3173,,,,0.0,,0.0,,0.0
,,,0.0,,0.6328125,,,,,,,,,,,1.0,1.0,,,,,3174,,,,0.0,,0.0,,0.0
,,,0.0,,0.703125,,,,,,,,,,,1.0,1.0,,,,,3175,,,,0.0,,0.0,,0.0
,,,0.0,,0.6640625,,,,,,,,,,,1.0,1.0,,,,,3176,,,,0.0,,0.0,,0.0
,,,0.015748031437397003,,0.4291338622570038,,,,,,,,,,,1.0,1.0,,,,,3177,,,,0.0,,0.0,,0.0
,,,0.012500000186264515,,0.9140625,,,,,,,,,,,1.0,1.0,,,,,3178,,,,0.0,,0.0,,0.0
,,,0.0078125,,0.8515625,,,,,,,,,,,1.0,1.0,,,,,3179,,,,0.0,,0.0,,0.0
,,,0.02298850566148758,,0.8362069129943848,,,,,,,,,,,1.0,1.0,,,,,3180,,,,0.0,,0.0,,0.0
,,,0.0086805559694767,,0.6875,,,,,,,,,,,1.0,1.0,,,,,3181,,,,0.0,,0.0,,0.0
,,,0.0052083334885537624,,0.6953125,,,,,,,,,,,1.0,1.0,,,,,3182,,,,0.0,,0.0,,0.0
,,,0.004115226212888956,,0.25925925374031067,,,,,,,,,,,1.0,1.0,,,,,3183,,,,0.0,,0.0,,0.0
,,,0.0,,0.0,,,,,,,,,,,1.0,1.0,,,,,3184,,,,0.0,,0.0,,0.0
,,,0.0,,0.0,,,,,,,,,,,1.0,1.0,,,,,3185,,,,0.0,,0.0,,0.0
,,,0.1002604141831398,,0.5,,,,,,,,,,,1.0,1.0,,,,,3186,,,,0.0,,0.0,,0.0
,,,0.1380208283662796,,1.0,,,,,,,,,,,1.0,1.0,,,,,3187,,,,0.0,,0.0,,0.0
,,,0.16718749701976776,,1.0,,,,,,,,,,,1.0,1.0,,,,,3188,,,,0.0,,0.0,,0.0
,,,0.0833025723695755,,0.6511628031730652,,,,,,,,,,,1.0,1.0,,,,,3189,,,,0.0,,0.0,,0.0
,,,0.00390625,,0.3359375,,,,,,,,,,,1.0,1.0,,,,,3190,,,,0.0,,0.0,,0.0
,,,0.0029296875,,0.359375,,,,,,,,,,,1.0,1.0,,,,,3191,,,,0.0,,0.0,,0.0
,,,0.0012642225483432412,,0.4165191650390625,,,,,,,,,,,1.0,1.0,,,,,3192,,,,0.0,,0.0,,0.0
,,,0.0031250000465661287,,0.5546875,,,,,,,,,,,1.0,1.0,,,,,3193,,,,0.0,,0.0,,0.0
,,,0.00937500037252903,,0.5859375,,,,,,,,,,,1.0,1.0,,,,,3194,,,,0.0,,0.0,,0.0
,,,0.03762626275420189,,0.7454545497894287,,,,,,,,,,,1.0,1.0,,,,,3195,,,,0.0,,0.0,,0.0
,,,0.03515625,,1.0,,,,,,,,,,,1.0,1.0,,,,,3196,,,,0.0,,0.0,,0.0
,,,0.0283203125,,0.984375,,,,,,,,,,,1.0,1.0,,,,,3197,,,,0.0,,0.0,,0.0
,,,0.05771604925394058,,0.9583333730697632,,,,,,,,,,,1.0,1.0,,,,,3198,,,,0.0,,0.0,,0.0
,,,0.0390625,,0.9375,,,,,,,,,,,1.0,1.0,,,,,3199,,,,0.0,,0.0,,0.0
,,,0.04296875,,0.90625,,,,,,,,,,,1.0,1.0,,,,,3200,,,,0.0,,0.0,,0.0
,,,0.10035698860883713,,0.790093719959259,,,,,,,,,,,1.0,1.0,,,,,3201,,,,0.0,,0.0,,0.0
,,,0.029296875,,0.5078125,,,,,,,,,,,1.0,1.0,,,,,3202,,,,0.0,,0.0,,0.0
,,,0.0401785708963871,,0.625,,,,,,,,,,,1.0,1.0,,,,,3203,,,,0.0,,0.0,,0.0
,,,0.02396514266729355,,0.5632798671722412,,,,,,,,,,,1.0,1.0,,,,,3204,,,,0.0,,0.0,,0.0
,,,0.0,,0.6484375,,,,,,,,,,,1.0,1.0,,,,,3205,,,,0.0,,0.0,,0.0
,,,0.0,,0.640625,,,,,,,,,,,1.0,1.0,,,,,3206,,,,0.0,,0.0,,0.0
,,,0.017006803303956985,,0.7785160541534424,,,,,,,,,,,1.0,1.0,,,,,3207,,,,0.0,,0.0,,0.0
,,,0.01406249962747097,,0.8671875,,,,,,,,,,,1.0,1.0,,,,,3208,,,,0.0,,0.0,,0.0
,,,0.004687500186264515,,0.9140625,,,,,,,,,,,1.0,1.0,,,,,3209,,,,0.0,,0.0,,0.0
,,,0.01510760560631752,,0.8252410888671875,,,,,,,,,,,1.0,1.0,,,,,3210,,,,0.0,,0.0,,0.0
,,,0.013671875,,0.65625,,,,,,,,,,,1.0,1.0,,,,,3211,,,,0.0,,0.0,,0.0
,,,0.009548611007630825,,0.6640625,,,,,,,,,,,1.0,1.0,,,,,3212,,,,0.0,,0.0,,0.0
,,,0.007936508394777775,,0.2991071343421936,,,,,,,,,,,1.0,1.0,,,,,3213,,,,0.0,,0.0,,0.0
,,,0.0,,0.0,,,,,,,,,,,1.0,1.0,,,,,3214,,,,0.0,,0.0,,0.0
,,,0.0,,0.0,,,,,,,,,,,1.0,1.0,,,,,3215,,,,0.0,,0.0,,0.0
,,,0.10227272659540176,,0.5,,,,,,,,,,,1.0,1.0,,,,,3216,,,,0.0,,0.0,,0.0
,,,0.1205357164144516,,1.0,,,,,,,,,,,1.0,1.0,,,,,3217,,,,0.0,,0.0,,0.0
,,,0.1160714253783226,,0.9921875,,,,,,,,,,,1.0,1.0,,,,,3218,,,,0.0,,0.0,,0.0
,,,0.1391076147556305,,1.0,,,,,,,,,,,1.0,1.0,,,,,3219,,,,0.0,,0.0,,0.0
34,0.15405741333961487,0.17613089084625244,,0.6528274416923523,,,,,,,,,,,,,,82.51468658447266,247902.0,4.412976264953613,505.2304992675781,7734,,,0.0,,0.0,,0.0,
34,,,,,,1.511399745941162,,-17.690832138061523,,9.458232879638672,,,,,,,,,,,,7734,2.383867025375366,,,,,,,
,,,,,,,,,,,,,,0.00032829020221284257,0.03,,,,,,,7749,,,,,,,,
35,,,,,,,1.532185673713684,,-17.638811111450195,,9.3125,0.0003282659745309502,0.029999999329447746,,,1.0,1.0,,,,,7749,,2.2714624404907227,,,,,,
,,,,,,,,,,,,,,0.0003270752359405422,0.03,,,,,,,7799,,,,,,,,
35,,,,,,,1.5332180261611938,,-17.640504837036133,,9.3046875,0.0003270508605055511,0.029999999329447746,,,1.0,1.0,,,,,7799,,2.5018625259399414,,,,,,
,,,,,,,,,,,,,,0.0003258523566021427,0.03,,,,,,,7849,,,,,,,,
35,,,,,,,1.524086833000183,,-17.660253524780273,,9.4765625,0.0003258278302382678,0.029999999329447746,,,1.0,1.0,,,,,7849,,2.745573043823242,,,,,,
,,,,,,,,,,,,,,0.00032462164046725587,0.03,,,,,,,7899,,,,,,,,
35,,,,,,,1.505205750465393,,-17.69446563720703,,9.015625,0.00032459694193676114,0.029999999329447746,,,1.0,1.0,,,,,7899,,2.226992130279541,,,,,,
,,,,,,,,,,,,,,0.000323383164294267,0.03,,,,,,,7949,,,,,,,,
35,,,,,,,1.510462760925293,,-17.689315795898438,,8.9140625,0.000323358312016353,0.029999999329447746,,,1.0,1.0,,,,,7949,,2.4474315643310547,,,,,,
,,,0.041015625,,0.765625,,,,,,,,,,,1.0,1.0,,,,,3220,,,,0.0,,0.0,,0.0
,,,0.046875,,0.7421875,,,,,,,,,,,1.0,1.0,,,,,3221,,,,0.0,,0.0,,0.0
,,,0.08282911777496338,,0.8491015434265137,,,,,,,,,,,1.0,1.0,,,,,3222,,,,0.0,,0.0,,0.0
,,,0.0357142873108387,,0.8515625,,,,,,,,,,,1.0,1.0,,,,,3223,,,,0.0,,0.0,,0.0
,,,0.02734375,,0.859375,,,,,,,,,,,1.0,1.0,,,,,3224,,,,0.0,,0.0,,0.0
,,,0.07921245694160461,,0.9086538553237915,,,,,,,,,,,1.0,1.0,,,,,3225,,,,0.0,,0.0,,0.0
,,,0.046875,,0.9921875,,,,,,,,,,,1.0,1.0,,,,,3226,,,,0.0,,0.0,,0.0
,,,0.044921875,,0.984375,,,,,,,,,,,1.0,1.0,,,,,3227,,,,0.0,,0.0,,0.0
,,,0.07537640631198883,,0.9725557565689087,,,,,,,,,,,1.0,1.0,,,,,3228,,,,0.0,,0.0,,0.0
,,,0.04296875,,0.8828125,,,,,,,,,,,1.0,1.0,,,,,3229,,,,0.0,,0.0,,0.0
,,,0.0390625,,0.875,,,,,,,,,,,1.0,1.0,,,,,3230,,,,0.0,,0.0,,0.0
,,,0.0338541679084301,,0.84375,,,,,,,,,,,1.0,1.0,,,,,3231,,,,0.0,,0.0,,0.0
,,,0.09266667068004608,,0.8400000333786011,,,,,,,,,,,1.0,1.0,,,,,3232,,,,0.0,,0.0,,0.0
,,,0.0380859375,,0.71875,,,,,,,,,,,1.0,1.0,,,,,3233,,,,0.0,,0.0,,0.0
,,,0.0503472238779068,,0.734375,,,,,,,,,,,1.0,1.0,,,,,3234,,,,0.0,,0.0,,0.0
,,,0.03333333507180214,,0.35854342579841614,,,,,,,,,,,1.0,1.0,,,,,3235,,,,0.0,,0.0,,0.0
,,,0.0,,0.0390625,,,,,,,,,,,1.0,1.0,,,,,3236,,,,0.0,,0.0,,0.0
,,,0.0,,0.046875,,,,,,,,,,,1.0,1.0,,,,,3237,,,,0.0,,0.0,,0.0
,,,0.03125,,0.48106062412261963,,,,,,,,,,,1.0,1.0,,,,,3238,,,,0.0,,0.0,,0.0
,,,0.029296875,,0.8359375,,,,,,,,,,,1.0,1.0,,,,,3239,,,,0.0,,0.0,,0.0
,,,0.0439453125,,0.8515625,,,,,,,,,,,1.0,1.0,,,,,3240,,,,0.0,,0.0,,0.0
,,,0.05239725857973099,,0.8428393602371216,,,,,,,,,,,1.0,1.0,,,,,3241,,,,0.0,,0.0,,0.0
,,,0.015625,,0.640625,,,,,,,,,,,1.0,1.0,,,,,3242,,,,0.0,,0.0,,0.0
,,,0.0146484375,,0.6953125,,,,,,,,,,,1.0,1.0,,,,,3243,,,,0.0,,0.0,,0.0
,,,0.012698412872850895,,0.5495073795318604,,,,,,,,,,,1.0,1.0,,,,,3244,,,,0.0,,0.0,,0.0
,,,0.0,,0.296875,,,,,,,,,,,1.0,1.0,,,,,3245,,,,0.0,,0.0,,0.0
,,,0.0026041667442768812,,0.34375,,,,,,,,,,,1.0,1.0,,,,,3246,,,,0.0,,0.0,,0.0
,,,0.046121593564748764,,0.5118238925933838,,,,,,,,,,,1.0,1.0,,,,,3247,,,,0.0,,0.0,,0.0
,,,0.0498046875,,0.890625,,,,,,,,,,,1.0,1.0,,,,,3248,,,,0.0,,0.0,,0.0
,,,0.0491071417927742,,0.78125,,,,,,,,,,,1.0,1.0,,,,,3249,,,,0.0,,0.0,,0.0
,,,0.06894665211439133,,0.8309165239334106,,,,,,,,,,,1.0,1.0,,,,,3250,,,,0.0,,0.0,,0.0
,,,0.0380859375,,0.7109375,,,,,,,,,,,1.0,1.0,,,,,3251,,,,0.0,,0.0,,0.0
,,,0.04296875,,0.7421875,,,,,,,,,,,1.0,1.0,,,,,3252,,,,0.0,,0.0,,0.0
,,,0.06988916546106339,,0.8165024518966675,,,,,,,,,,,1.0,1.0,,,,,3253,,,,0.0,,0.0,,0.0
,,,0.0234375,,0.859375,,,,,,,,,,,1.0,1.0,,,,,3254,,,,0.0,,0.0,,0.0
,,,0.029296875,,0.8515625,,,,,,,,,,,1.0,1.0,,,,,3255,,,,0.0,,0.0,,0.0
,,,0.06600195169448853,,0.9180327653884888,,,,,,,,,,,1.0,1.0,,,,,3256,,,,0.0,,0.0,,0.0
,,,0.0546875,,0.9921875,,,,,,,,,,,1.0,1.0,,,,,3257,,,,0.0,,0.0,,0.0
,,,0.0355902761220932,,0.984375,,,,,,,,,,,1.0,1.0,,,,,3258,,,,0.0,,0.0,,0.0
,,,0.08207841962575912,,0.9382173418998718,,,,,,,,,,,1.0,1.0,,,,,3259,,,,0.0,,0.0,,0.0
,,,0.041015625,,0.8828125,,,,,,,,,,,1.0,1.0,,,,,3260,,,,0.0,,0.0,,0.0
,,,0.0400390625,,0.84375,,,,,,,,,,,1.0,1.0,,,,,3261,,,,0.0,,0.0,,0.0
,,,0.0714646428823471,,0.780681848526001,,,,,,,,,,,1.0,1.0,,,,,3262,,,,0.0,,0.0,,0.0
,,,0.046875,,0.640625,,,,,,,,,,,1.0,1.0,,,,,3263,,,,0.0,,0.0,,0.0
,,,0.0439453125,,0.7109375,,,,,,,,,,,1.0,1.0,,,,,3264,,,,0.0,,0.0,,0.0
,,,0.043617021292448044,,0.40175217390060425,,,,,,,,,,,1.0,1.0,,,,,3265,,,,0.0,,0.0,,0.0
,,,0.0,,0.0390625,,,,,,,,,,,1.0,1.0,,,,,3266,,,,0.0,,0.0,,0.0
,,,0.0,,0.0390625,,,,,,,,,,,1.0,1.0,,,,,3267,,,,0.0,,0.0,,0.0
,,,0.0,,0.046875,,,,,,,,,,,1.0,1.0,,,,,3268,,,,0.0,,0.0,,0.0
,,,0.028871390968561172,,0.3976377844810486,,,,,,,,,,,1.0,1.0,,,,,3269,,,,0.0,,0.0,,0.0
,,,0.03515625,,0.8671875,,,,,,,,,,,1.0,1.0,,,,,3270,,,,0.0,,0.0,,0.0
,,,0.03125,,0.84375,,,,,,,,,,,1.0,1.0,,,,,3271,,,,0.0,,0.0,,0.0
,,,0.03575989603996277,,0.7787356376647949,,,,,,,,,,,1.0,1.0,,,,,3272,,,,0.0,,0.0,,0.0
,,,0.0173611119389534,,0.6875,,,,,,,,,,,1.0,1.0,,,,,3273,,,,0.0,,0.0,,0.0
,,,0.017578125,,0.734375,,,,,,,,,,,1.0,1.0,,,,,3274,,,,0.0,,0.0,,0.0
,,,0.02469135820865631,,0.5115511417388916,,,,,,,,,,,1.0,1.0,,,,,3275,,,,0.0,,0.0,,0.0
,,,0.0008680555620230734,,0.3671875,,,,,,,,,,,1.0,1.0,,,,,3276,,,,0.0,,0.0,,0.0
,,,0.0008680555620230734,,0.328125,,,,,,,,,,,1.0,1.0,,,,,3277,,,,0.0,,0.0,,0.0
,,,0.04398148134350777,,0.5104166269302368,,,,,,,,,,,1.0,1.0,,,,,3278,,,,0.0,,0.0,,0.0
,,,0.0439453125,,0.84375,,,,,,,,,,,1.0,1.0,,,,,3279,,,,0.0,,0.0,,0.0
,,,0.0535714291036129,,0.8515625,,,,,,,,,,,1.0,1.0,,,,,3280,,,,0.0,,0.0,,0.0
,,,0.08845515549182892,,0.7834994792938232,,,,,,,,,,,1.0,1.0,,,,,3281,,,,0.0,,0.0,,0.0
,,,0.0380859375,,0.7734375,,,,,,,,,,,1.0,1.0,,,,,3282,,,,0.0,,0.0,,0.0
,,,0.041015625,,0.7421875,,,,,,,,,,,1.0,1.0,,,,,3283,,,,0.0,,0.0,,0.0
,,,0.10653182119131088,,0.9424778819084167,,,,,,,,,,,1.0,1.0,,,,,3284,,,,0.0,,0.0,,0.0
,,,0.029296875,,0.8046875,,,,,,,,,,,1.0,1.0,,,,,3285,,,,0.0,,0.0,,0.0
,,,0.029296875,,0.90625,,,,,,,,,,,1.0,1.0,,,,,3286,,,,0.0,,0.0,,0.0
,,,0.05707070603966713,,0.8888888955116272,,,,,,,,,,,1.0,1.0,,,,,3287,,,,0.0,,0.0,,0.0
,,,0.046875,,0.9921875,,,,,,,,,,,1.0,1.0,,,,,3288,,,,0.0,,0.0,,0.0
,,,0.0434027761220932,,0.9765625,,,,,,,,,,,1.0,1.0,,,,,3289,,,,0.0,,0.0,,0.0
,,,0.08749999850988388,,0.9212962985038757,,,,,,,,,,,1.0,1.0,,,,,3290,,,,0.0,,0.0,,0.0
,,,0.0439453125,,0.890625,,,,,,,,,,,1.0,1.0,,,,,3291,,,,0.0,,0.0,,0.0
,,,0.037109375,,0.875,,,,,,,,,,,1.0,1.0,,,,,3292,,,,0.0,,0.0,,0.0
,,,0.09287148714065552,,0.8290495276451111,,,,,,,,,,,1.0,1.0,,,,,3293,,,,0.0,,0.0,,0.0
,,,0.0390625,,0.703125,,,,,,,,,,,1.0,1.0,,,,,3294,,,,0.0,,0.0,,0.0
,,,0.056640625,,0.78125,,,,,,,,,,,1.0,1.0,,,,,3295,,,,0.0,,0.0,,0.0
,,,0.037254903465509415,,0.39521265029907227,,,,,,,,,,,1.0,1.0,,,,,3296,,,,0.0,,0.0,,0.0
,,,0.0,,0.0546875,,,,,,,,,,,1.0,1.0,,,,,3297,,,,0.0,,0.0,,0.0
,,,0.0,,0.046875,,,,,,,,,,,1.0,1.0,,,,,3298,,,,0.0,,0.0,,0.0
,,,0.0317460335791111,,0.45764121413230896,,,,,,,,,,,1.0,1.0,,,,,3299,,,,0.0,,0.0,,0.0
,,,0.033203125,,0.7890625,,,,,,,,,,,1.0,1.0,,,,,3300,,,,0.0,,0.0,,0.0
,,,0.0457589291036129,,0.84375,,,,,,,,,,,1.0,1.0,,,,,3301,,,,0.0,,0.0,,0.0
,,,0.04655802994966507,,0.86780846118927,,,,,,,,,,,1.0,1.0,,,,,3302,,,,0.0,,0.0,,0.0
,,,0.02083333395421505,,0.6875,,,,,,,,,,,1.0,1.0,,,,,3303,,,,0.0,,0.0,,0.0
,,,0.0166015625,,0.734375,,,,,,,,,,,1.0,1.0,,,,,3304,,,,0.0,,0.0,,0.0
,,,0.01587301678955555,,0.6428571343421936,,,,,,,,,,,1.0,1.0,,,,,3305,,,,0.0,,0.0,,0.0
,,,0.0017361111240461469,,0.328125,,,,,,,,,,,1.0,1.0,,,,,3306,,,,0.0,,0.0,,0.0
,,,0.0008680555620230734,,0.375,,,,,,,,,,,1.0,1.0,,,,,3307,,,,0.0,,0.0,,0.0
,,,0.04040404036641121,,0.6410256624221802,,,,,,,,,,,1.0,1.0,,,,,3308,,,,0.0,,0.0,,0.0
,,,0.0517578125,,0.8671875,,,,,,,,,,,1.0,1.0,,,,,3309,,,,0.0,,0.0,,0.0
,,,0.04296875,,0.828125,,,,,,,,,,,1.0,1.0,,,,,3310,,,,0.0,,0.0,,0.0
,,,0.03937007859349251,,0.9370078444480896,,,,,,,,,,,1.0,1.0,,,,,3311,,,,0.0,,0.0,,0.0
35,0.15764757990837097,0.24334949254989624,,0.697898268699646,,,,,,,,,,,,,,90.34092712402344,392685.25,4.5035905838012695,486.8797607421875,7955,,,0.0,,0.0,,0.0,
35,,,,,,1.5205912590026855,,-17.6641902923584,,9.250211715698242,,,,,,,,,,,,7955,2.4648189544677734,,,,,,,
,,,,,,,,,,,,,,0.00032213700532554427,0.03,,,,,,,7999,,,,,,,,
36,,,,,,,1.5029208660125732,,-17.70319938659668,,8.671875,0.0003221119986847043,0.029999999329447746,,,1.0,1.0,,,,,7999,,2.4669742584228516,,,,,,
,,,,,,,,,,,,,,0.0003208832412826248,0.03,,,,,,,8049,,,,,,,,
36,,,,,,,1.5187495946884155,,-17.699012756347656,,9.5859375,0.0003208580892533064,0.029999999329447746,,,1.0,1.0,,,,,8049,,2.4914751052856445,,,,,,
,,,,,,,,,,,,,,0.00031962195036136493,0.03,,,,,,,8099,,,,,,,,
36,,,,,,,1.5203258991241455,,-17.71233558654785,,9.78125,0.0003195966419298202,0.029999999329447746,,,1.0,1.0,,,,,8099,,2.453601837158203,,,,,,
,,,,,,,,,,,,,,0.0003183532112270643,0.03,,,,,,,8149,,,,,,,,
36,,,,,,,1.5002777576446533,,-17.708946228027344,,8.953125,0.0003183277731295675,0.029999999329447746,,,1.0,1.0,,,,,8149,,2.325080394744873,,,,,,
,,,0.0167410708963871,,0.6640625,,,,,,,,,,,1.0,1.0,,,,,3312,,,,0.0,,0.0,,0.0
,,,0.02656250074505806,,0.6953125,,,,,,,,,,,1.0,1.0,,,,,3313,,,,0.0,,0.0,,0.0
,,,0.03135313466191292,,0.7836450338363647,,,,,,,,,,,1.0,1.0,,,,,3314,,,,0.0,,0.0,,0.0
,,,0.0031250000465661287,,0.6796875,,,,,,,,,,,1.0,1.0,,,,,3315,,,,0.0,,0.0,,0.0
,,,0.00390625,,0.609375,,,,,,,,,,,1.0,1.0,,,,,3316,,,,0.0,,0.0,,0.0
,,,0.002747252816334367,,0.3413461446762085,,,,,,,,,,,1.0,1.0,,,,,3317,,,,0.0,,0.0,,0.0
,,,0.0,,0.0,,,,,,,,,,,1.0,1.0,,,,,3318,,,,0.0,,0.0,,0.0
,,,0.0,,0.0,,,,,,,,,,,1.0,1.0,,,,,3319,,,,0.0,,0.0,,0.0
,,,0.022727273404598236,,0.5,,,,,,,,,,,1.0,1.0,,,,,3320,,,,0.0,,0.0,,0.0
,,,0.0494791679084301,,0.953125,,,,,,,,,,,1.0,1.0,,,,,3321,,,,0.0,,0.0,,0.0
,,,0.0703125,,0.9921875,,,,,,,,,,,1.0,1.0,,,,,3322,,,,0.0,,0.0,,0.0
,,,0.0716145858168602,,0.984375,,,,,,,,,,,1.0,1.0,,,,,3323,,,,0.0,,0.0,,0.0
,,,0.07619047909975052,,0.7919999957084656,,,,,,,,,,,1.0,1.0,,,,,3324,,,,0.0,,0.0,,0.0
,,,0.0338541679084301,,0.6015625,,,,,,,,,,,1.0,1.0,,,,,3325,,,,0.0,,0.0,,0.0
,,,0.02994791604578495,,0.6328125,,,,,,,,,,,1.0,1.0,,,,,3326,,,,0.0,,0.0,,0.0
,,,0.04123871773481369,,0.664332389831543,,,,,,,,,,,1.0,1.0,,,,,3327,,,,0.0,,0.0,,0.0
,,,0.0,,0.7578125,,,,,,,,,,,1.0,1.0,,,,,3328,,,,0.0,,0.0,,0.0
,,,0.0033482143189758062,,0.703125,,,,,,,,,,,1.0,1.0,,,,,3329,,,,0.0,,0.0,,0.0
,,,0.007305195089429617,,0.6985930800437927,,,,,,,,,,,1.0,1.0,,,,,3330,,,,0.0,,0.0,,0.0
,,,0.0015625000232830644,,0.6953125,,,,,,,,,,,1.0,1.0,,,,,3331,,,,0.0,,0.0,,0.0
,,,0.0,,0.75,,,,,,,,,,,1.0,1.0,,,,,3332,,,,0.0,,0.0,,0.0
,,,0.10958904027938843,,0.8658779859542847,,,,,,,,,,,1.0,1.0,,,,,3333,,,,0.0,,0.0,,0.0
,,,0.0989583358168602,,0.984375,,,,,,,,,,,1.0,1.0,,,,,3334,,,,0.0,,0.0,,0.0
,,,0.0837053582072258,,1.0,,,,,,,,,,,1.0,1.0,,,,,3335,,,,0.0,,0.0,,0.0
,,,0.10238095372915268,,0.6120689511299133,,,,,,,,,,,1.0,1.0,,,,,3336,,,,0.0,,0.0,,0.0
,,,0.0,,0.1953125,,,,,,,,,,,1.0,1.0,,,,,3337,,,,0.0,,0.0,,0.0
,,,0.0,,0.1796875,,,,,,,,,,,1.0,1.0,,,,,3338,,,,0.0,,0.0,,0.0
,,,0.08894878625869751,,0.5572327375411987,,,,,,,,,,,1.0,1.0,,,,,3339,,,,0.0,,0.0,,0.0
,,,0.1041666641831398,,1.0,,,,,,,,,,,1.0,1.0,,,,,3340,,,,0.0,,0.0,,0.0
,,,0.1640625,,0.9765625,,,,,,,,,,,1.0,1.0,,,,,3341,,,,0.0,,0.0,,0.0
,,,0.12913817167282104,,0.8488371968269348,,,,,,,,,,,1.0,1.0,,,,,3342,,,,0.0,,0.0,,0.0
,,,0.01897321455180645,,0.6484375,,,,,,,,,,,1.0,1.0,,,,,3343,,,,0.0,,0.0,,0.0
,,,0.029296875,,0.71875,,,,,,,,,,,1.0,1.0,,,,,3344,,,,0.0,,0.0,,0.0
,,,0.0340605191886425,,0.7608374357223511,,,,,,,,,,,1.0,1.0,,,,,3345,,,,0.0,,0.0,,0.0
,,,0.0026041667442768812,,0.6640625,,,,,,,,,,,1.0,1.0,,,,,3346,,,,0.0,,0.0,,0.0
,,,0.0033482143189758062,,0.6640625,,,,,,,,,,,1.0,1.0,,,,,3347,,,,0.0,,0.0,,0.0
,,,0.0023419202771037817,,0.3360655605792999,,,,,,,,,,,1.0,1.0,,,,,3348,,,,0.0,,0.0,,0.0
,,,0.0,,0.0,,,,,,,,,,,1.0,1.0,,,,,3349,,,,0.0,,0.0,,0.0
,,,0.0,,0.0,,,,,,,,,,,1.0,1.0,,,,,3350,,,,0.0,,0.0,,0.0
,,,0.02857142873108387,,0.5,,,,,,,,,,,1.0,1.0,,,,,3351,,,,0.0,,0.0,,0.0
,,,0.0572916679084301,,0.984375,,,,,,,,,,,1.0,1.0,,,,,3352,,,,0.0,,0.0,,0.0
,,,0.0520833320915699,,0.984375,,,,,,,,,,,1.0,1.0,,,,,3353,,,,0.0,,0.0,,0.0
,,,0.13045454025268555,,0.7704545259475708,,,,,,,,,,,1.0,1.0,,,,,3354,,,,0.0,,0.0,,0.0
,,,0.0364583320915699,,0.578125,,,,,,,,,,,1.0,1.0,,,,,3355,,,,0.0,,0.0,,0.0
,,,0.0234375,,0.6015625,,,,,,,,,,,1.0,1.0,,,,,3356,,,,0.0,,0.0,,0.0
,,,0.026595743373036385,,0.7362327575683594,,,,,,,,,,,1.0,1.0,,,,,3357,,,,0.0,,0.0,,0.0
,,,0.0026041667442768812,,0.734375,,,,,,,,,,,1.0,1.0,,,,,3358,,,,0.0,,0.0,,0.0
,,,0.0015625000232830644,,0.7734375,,,,,,,,,,,1.0,1.0,,,,,3359,,,,0.0,,0.0,,0.0
,,,0.0026041667442768812,,0.6796875,,,,,,,,,,,1.0,1.0,,,,,3360,,,,0.0,,0.0,,0.0
,,,0.002249718876555562,,0.3700787425041199,,,,,,,,,,,1.0,1.0,,,,,3361,,,,0.0,,0.0,,0.0
,,,0.004687500186264515,,0.796875,,,,,,,,,,,1.0,1.0,,,,,3362,,,,0.0,,0.0,,0.0
,,,0.0015625000232830644,,0.734375,,,,,,,,,,,1.0,1.0,,,,,3363,,,,0.0,,0.0,,0.0
,,,0.10488506406545639,,0.9080460071563721,,,,,,,,,,,1.0,1.0,,,,,3364,,,,0.0,,0.0,,0.0
,,,0.11562500149011612,,0.9921875,,,,,,,,,,,1.0,1.0,,,,,3365,,,,0.0,,0.0,,0.0
,,,0.0881696417927742,,1.0,,,,,,,,,,,1.0,1.0,,,,,3366,,,,0.0,,0.0,,0.0
,,,0.06995884329080582,,0.594059407711029,,,,,,,,,,,1.0,1.0,,,,,3367,,,,0.0,,0.0,,0.0
,,,0.0,,0.21875,,,,,,,,,,,1.0,1.0,,,,,3368,,,,0.0,,0.0,,0.0
,,,0.0,,0.1953125,,,,,,,,,,,1.0,1.0,,,,,3369,,,,0.0,,0.0,,0.0
,,,0.0989583358168602,,0.53125,,,,,,,,,,,1.0,1.0,,,,,3370,,,,0.0,,0.0,,0.0
,,,0.158203125,,0.9921875,,,,,,,,,,,1.0,1.0,,,,,3371,,,,0.0,,0.0,,0.0
,,,0.1328125,,0.984375,,,,,,,,,,,1.0,1.0,,,,,3372,,,,0.0,,0.0,,0.0
,,,0.08444075286388397,,0.825581431388855,,,,,,,,,,,1.0,1.0,,,,,3373,,,,0.0,,0.0,,0.0
,,,0.02734375,,0.6875,,,,,,,,,,,1.0,1.0,,,,,3374,,,,0.0,,0.0,,0.0
,,,0.02994791604578495,,0.71875,,,,,,,,,,,1.0,1.0,,,,,3375,,,,0.0,,0.0,,0.0
,,,0.03775811195373535,,0.7716814279556274,,,,,,,,,,,1.0,1.0,,,,,3376,,,,0.0,,0.0,,0.0
,,,0.00390625,,0.6328125,,,,,,,,,,,1.0,1.0,,,,,3377,,,,0.0,,0.0,,0.0
,,,0.0013020833721384406,,0.640625,,,,,,,,,,,1.0,1.0,,,,,3378,,,,0.0,,0.0,,0.0
,,,0.007936508394777775,,0.3055555522441864,,,,,,,,,,,1.0,1.0,,,,,3379,,,,0.0,,0.0,,0.0
,,,0.0,,0.0,,,,,,,,,,,1.0,1.0,,,,,3380,,,,0.0,,0.0,,0.0
,,,0.0,,0.0,,,,,,,,,,,1.0,1.0,,,,,3381,,,,0.0,,0.0,,0.0
,,,0.0347222238779068,,0.48148149251937866,,,,,,,,,,,1.0,1.0,,,,,3382,,,,0.0,,0.0,,0.0
,,,0.0535714291036129,,0.984375,,,,,,,,,,,1.0,1.0,,,,,3383,,,,0.0,,0.0,,0.0
,,,0.0424107126891613,,0.984375,,,,,,,,,,,1.0,1.0,,,,,3384,,,,0.0,,0.0,,0.0
,,,0.11932173371315002,,0.7850067019462585,,,,,,,,,,,1.0,1.0,,,,,3385,,,,0.0,,0.0,,0.0
,,,0.03125,,0.59375,,,,,,,,,,,1.0,1.0,,,,,3386,,,,0.0,,0.0,,0.0
,,,0.03125,,0.6171875,,,,,,,,,,,1.0,1.0,,,,,3387,,,,0.0,,0.0,,0.0
,,,0.028308292850852013,,0.6870384216308594,,,,,,,,,,,1.0,1.0,,,,,3388,,,,0.0,,0.0,,0.0
,,,0.0015625000232830644,,0.71875,,,,,,,,,,,1.0,1.0,,,,,3389,,,,0.0,,0.0,,0.0
,,,0.0,,0.6875,,,,,,,,,,,1.0,1.0,,,,,3390,,,,0.0,,0.0,,0.0
,,,0.01518747117370367,,0.7530454397201538,,,,,,,,,,,1.0,1.0,,,,,3391,,,,0.0,,0.0,,0.0
,,,0.0031250000465661287,,0.7265625,,,,,,,,,,,1.0,1.0,,,,,3392,,,,0.0,,0.0,,0.0
,,,0.0013020833721384406,,0.7421875,,,,,,,,,,,1.0,1.0,,,,,3393,,,,0.0,,0.0,,0.0
,,,0.13754573464393616,,0.8704688549041748,,,,,,,,,,,1.0,1.0,,,,,3394,,,,0.0,,0.0,,0.0
,,,0.125,,0.9921875,,,,,,,,,,,1.0,1.0,,,,,3395,,,,0.0,,0.0,,0.0
,,,0.0911458358168602,,0.9921875,,,,,,,,,,,1.0,1.0,,,,,3396,,,,0.0,,0.0,,0.0
,,,0.1011904776096344,,0.59375,,,,,,,,,,,1.0,1.0,,,,,3397,,,,0.0,,0.0,,0.0
,,,0.0,,0.1875,,,,,,,,,,,1.0,1.0,,,,,3398,,,,0.0,,0.0,,0.0
,,,0.0011160714784637094,,0.1953125,,,,,,,,,,,1.0,1.0,,,,,3399,,,,0.0,,0.0,,0.0
,,,0.10227272659540176,,0.5400155782699585,,,,,,,,,,,1.0,1.0,,,,,3400,,,,0.0,,0.0,,0.0
,,,0.1028645858168602,,1.0,,,,,,,,,,,1.0,1.0,,,,,3401,,,,0.0,,0.0,,0.0
,,,0.1015625,,0.984375,,,,,,,,,,,1.0,1.0,,,,,3402,,,,0.0,,0.0,,0.0
,,,0.13385826349258423,,1.0,,,,,,,,,,,1.0,1.0,,,,,3403,,,,0.0,,0.0,,0.0
36,0.15370702743530273,0.19567880034446716,,0.6599618196487427,,,,,,,,,,,,,,70.13209533691406,592936.9375,4.250380516052246,511.4572448730469,8176,,,0.0,,0.0,,0.0,
36,,,,,,1.5075103044509888,,-17.70532989501953,,9.163886070251465,,,,,,,,,,,,8176,2.50968074798584,,,,,,,
,,,,,,,,,,,,,,0.0003170771030095588,0.03,,,,,,,8199,,,,,,,,
37,,,,,,,1.513883113861084,,-17.71692657470703,,9.2890625,0.0003170515119563788,0.029999999329447746,,,1.0,1.0,,,,,8199,,2.363687038421631,,,,,,
,,,,,,,,,,,,,,0.0003157937052982864,0.03,,,,,,,8249,,,,,,,,
37,,,,,,,1.5085062980651855,,-17.709535598754883,,9.3203125,0.00031576797482557595,0.029999999329447746,,,1.0,1.0,,,,,8249,,2.43746280670166,,,,,,
,,,,,,,,,,,,,,0.00031450309813732156,0.03,,,,,,,8299,,,,,,,,
37,,,,,,,1.5107710361480713,,-17.716556549072266,,8.984375,0.0003144772199448198,0.029999999329447746,,,1.0,1.0,,,,,8299,,2.374135971069336,,,,,,
,,,,,,,,,,,,,,0.00031320536202038523,0.03,,,,,,,8349,,,,,,,,
37,,,,,,,1.5067548751831055,,-17.672027587890625,,9.2109375,0.00031317933462560177,0.029999999329447746,,,1.0,1.0,,,,,8349,,2.248292922973633,,,,,,
,,,0.0065104165114462376,,0.734375,,,,,,,,,,,1.0,1.0,,,,,3404,,,,0.0,,0.0,,0.0
,,,0.015625,,0.796875,,,,,,,,,,,1.0,1.0,,,,,3405,,,,0.0,,0.0,,0.0
,,,0.17577312886714935,,0.9009901285171509,,,,,,,,,,,1.0,1.0,,,,,3406,,,,0.0,,0.0,,0.0
,,,0.49609375,,1.0,,,,,,,,,,,1.0,1.0,,,,,3407,,,,0.0,,0.0,,0.0
,,,0.19218750298023224,,1.0,,,,,,,,,,,1.0,1.0,,,,,3408,,,,0.0,,0.0,,0.0
,,,0.19615384936332703,,1.0,,,,,,,,,,,1.0,1.0,,,,,3409,,,,0.0,,0.0,,0.0
,,,0.0,,0.9921875,,,,,,,,,,,1.0,1.0,,,,,3410,,,,0.0,,0.0,,0.0
,,,0.0,,0.96875,,,,,,,,,,,1.0,1.0,,,,,3411,,,,0.0,,0.0,,0.0
,,,0.0,,0.7045454382896423,,,,,,,,,,,1.0,1.0,,,,,3412,,,,0.0,,0.0,,0.0
,,,0.0,,0.3359375,,,,,,,,,,,1.0,1.0,,,,,3413,,,,0.0,,0.0,,0.0
,,,0.0013020833721384406,,0.375,,,,,,,,,,,1.0,1.0,,,,,3414,,,,0.0,,0.0,,0.0
,,,0.0,,0.3359375,,,,,,,,,,,1.0,1.0,,,,,3415,,,,0.0,,0.0,,0.0
,,,0.08266666531562805,,0.781333327293396,,,,,,,,,,,1.0,1.0,,,,,3416,,,,0.0,,0.0,,0.0
,,,0.10781250149011612,,0.8515625,,,,,,,,,,,1.0,1.0,,,,,3417,,,,0.0,,0.0,,0.0
,,,0.107421875,,0.8828125,,,,,,,,,,,1.0,1.0,,,,,3418,,,,0.0,,0.0,,0.0
,,,0.0555555559694767,,0.8342670202255249,,,,,,,,,,,1.0,1.0,,,,,3419,,,,0.0,,0.0,,0.0
,,,0.0013020833721384406,,0.8515625,,,,,,,,,,,1.0,1.0,,,,,3420,,,,0.0,,0.0,,0.0
,,,0.0015625000232830644,,0.8671875,,,,,,,,,,,1.0,1.0,,,,,3421,,,,0.0,,0.0,,0.0
,,,0.0,,0.5871211886405945,,,,,,,,,,,1.0,1.0,,,,,3422,,,,0.0,,0.0,,0.0
,,,0.0013020833721384406,,0.3125,,,,,,,,,,,1.0,1.0,,,,,3423,,,,0.0,,0.0,,0.0
,,,0.0,,0.2578125,,,,,,,,,,,1.0,1.0,,,,,3424,,,,0.0,,0.0,,0.0
,,,0.0,,0.3714819550514221,,,,,,,,,,,1.0,1.0,,,,,3425,,,,0.0,,0.0,,0.0
,,,0.0,,0.3125,,,,,,,,,,,1.0,1.0,,,,,3426,,,,0.0,,0.0,,0.0
,,,0.0,,0.3203125,,,,,,,,,,,1.0,1.0,,,,,3427,,,,0.0,,0.0,,0.0
,,,0.01034482754766941,,0.6039409041404724,,,,,,,,,,,1.0,1.0,,,,,3428,,,,0.0,,0.0,,0.0
,,,0.0078125,,0.9296875,,,,,,,,,,,1.0,1.0,,,,,3429,,,,0.0,,0.0,,0.0
,,,0.0052083334885537624,,0.9375,,,,,,,,,,,1.0,1.0,,,,,3430,,,,0.0,,0.0,,0.0
,,,0.009811320342123508,,0.6109434366226196,,,,,,,,,,,1.0,1.0,,,,,3431,,,,0.0,,0.0,,0.0
,,,0.0,,0.265625,,,,,,,,,,,1.0,1.0,,,,,3432,,,,0.0,,0.0,,0.0
,,,0.0015625000232830644,,0.2578125,,,,,,,,,,,1.0,1.0,,,,,3433,,,,0.0,,0.0,,0.0
,,,0.009302325546741486,,0.5132694840431213,,,,,,,,,,,1.0,1.0,,,,,3434,,,,0.0,,0.0,,0.0
,,,0.008928571827709675,,0.75,,,,,,,,,,,1.0,1.0,,,,,3435,,,,0.0,,0.0,,0.0
,,,0.01953125,,0.703125,,,,,,,,,,,1.0,1.0,,,,,3436,,,,0.0,,0.0,,0.0
,,,0.20807883143424988,,0.9310344457626343,,,,,,,,,,,1.0,1.0,,,,,3437,,,,0.0,,0.0,,0.0
,,,0.2421875,,1.0,,,,,,,,,,,1.0,1.0,,,,,3438,,,,0.0,,0.0,,0.0
,,,1.0,,1.0,,,,,,,,,,,1.0,1.0,,,,,3439,,,,0.0,,0.0,,0.0
,,,0.19642768800258636,,1.0,,,,,,,,,,,1.0,1.0,,,,,3440,,,,0.0,,0.0,,0.0
,,,0.0,,1.0,,,,,,,,,,,1.0,1.0,,,,,3441,,,,0.0,,0.0,,0.0
,,,0.0015625000232830644,,0.984375,,,,,,,,,,,1.0,1.0,,,,,3442,,,,0.0,,0.0,,0.0
,,,0.0,,0.6769230961799622,,,,,,,,,,,1.0,1.0,,,,,3443,,,,0.0,,0.0,,0.0
,,,0.0,,0.3046875,,,,,,,,,,,1.0,1.0,,,,,3444,,,,0.0,,0.0,,0.0
,,,0.0015625000232830644,,0.3046875,,,,,,,,,,,1.0,1.0,,,,,3445,,,,0.0,,0.0,,0.0
,,,0.13124999403953552,,0.6681817770004272,,,,,,,,,,,1.0,1.0,,,,,3446,,,,0.0,,0.0,,0.0
,,,0.12890625,,0.8828125,,,,,,,,,,,1.0,1.0,,,,,3447,,,,0.0,,0.0,,0.0
,,,0.09687499701976776,,0.84375,,,,,,,,,,,1.0,1.0,,,,,3448,,,,0.0,,0.0,,0.0
,,,0.08723404258489609,,0.9039424657821655,,,,,,,,,,,1.0,1.0,,,,,3449,,,,0.0,,0.0,,0.0
,,,0.004687500186264515,,0.859375,,,,,,,,,,,1.0,1.0,,,,,3450,,,,0.0,,0.0,,0.0
,,,0.0,,0.8515625,,,,,,,,,,,1.0,1.0,,,,,3451,,,,0.0,,0.0,,0.0
,,,0.0013020833721384406,,0.875,,,,,,,,,,,1.0,1.0,,,,,3452,,,,0.0,,0.0,,0.0
,,,0.0,,0.6338582634925842,,,,,,,,,,,1.0,1.0,,,,,3453,,,,0.0,,0.0,,0.0
,,,0.0,,0.3359375,,,,,,,,,,,1.0,1.0,,,,,3454,,,,0.0,,0.0,,0.0
,,,0.0,,0.265625,,,,,,,,,,,1.0,1.0,,,,,3455,,,,0.0,,0.0,,0.0
,,,0.0,,0.2514367699623108,,,,,,,,,,,1.0,1.0,,,,,3456,,,,0.0,,0.0,,0.0
,,,0.0,,0.2578125,,,,,,,,,,,1.0,1.0,,,,,3457,,,,0.0,,0.0,,0.0
,,,0.0,,0.3671875,,,,,,,,,,,1.0,1.0,,,,,3458,,,,0.0,,0.0,,0.0
,,,0.015841584652662277,,0.6035937070846558,,,,,,,,,,,1.0,1.0,,,,,3459,,,,0.0,,0.0,,0.0
,,,0.0026041667442768812,,0.953125,,,,,,,,,,,1.0,1.0,,,,,3460,,,,0.0,,0.0,,0.0
,,,0.0062500000931322575,,0.9453125,,,,,,,,,,,1.0,1.0,,,,,3461,,,,0.0,,0.0,,0.0
,,,0.0052083334885537624,,0.609375,,,,,,,,,,,1.0,1.0,,,,,3462,,,,0.0,,0.0,,0.0
,,,0.0,,0.1953125,,,,,,,,,,,1.0,1.0,,,,,3463,,,,0.0,,0.0,,0.0
,,,0.0,,0.25,,,,,,,,,,,1.0,1.0,,,,,3464,,,,0.0,,0.0,,0.0
,,,0.005813953932374716,,0.46234774589538574,,,,,,,,,,,1.0,1.0,,,,,3465,,,,0.0,,0.0,,0.0
,,,0.010044642724096775,,0.7734375,,,,,,,,,,,1.0,1.0,,,,,3466,,,,0.0,,0.0,,0.0
,,,0.01822916604578495,,0.78125,,,,,,,,,,,1.0,1.0,,,,,3467,,,,0.0,,0.0,,0.0
,,,0.39410027861595154,,0.9666666984558105,,,,,,,,,,,1.0,1.0,,,,,3468,,,,0.0,,0.0,,0.0
,,,0.2421875,,1.0,,,,,,,,,,,1.0,1.0,,,,,3469,,,,0.0,,0.0,,0.0
,,,0.3255208432674408,,1.0,,,,,,,,,,,1.0,1.0,,,,,3470,,,,0.0,,0.0,,0.0
,,,0.25,,1.0,,,,,,,,,,,1.0,1.0,,,,,3471,,,,0.0,,0.0,,0.0
,,,0.0,,0.984375,,,,,,,,,,,1.0,1.0,,,,,3472,,,,0.0,,0.0,,0.0
,,,0.0,,0.984375,,,,,,,,,,,1.0,1.0,,,,,3473,,,,0.0,,0.0,,0.0
,,,0.0011574074160307646,,0.6342592239379883,,,,,,,,,,,1.0,1.0,,,,,3474,,,,0.0,,0.0,,0.0
,,,0.0,,0.34375,,,,,,,,,,,1.0,1.0,,,,,3475,,,,0.0,,0.0,,0.0
,,,0.0013020833721384406,,0.3203125,,,,,,,,,,,1.0,1.0,,,,,3476,,,,0.0,,0.0,,0.0
,,,0.1325301229953766,,0.6476572751998901,,,,,,,,,,,1.0,1.0,,,,,3477,,,,0.0,,0.0,,0.0
,,,0.130859375,,0.875,,,,,,,,,,,1.0,1.0,,,,,3478,,,,0.0,,0.0,,0.0
,,,0.126953125,,0.84375,,,,,,,,,,,1.0,1.0,,,,,3479,,,,0.0,,0.0,,0.0
,,,0.0810287743806839,,0.892538845539093,,,,,,,,,,,1.0,1.0,,,,,3480,,,,0.0,,0.0,,0.0
,,,0.0026041667442768812,,0.8828125,,,,,,,,,,,1.0,1.0,,,,,3481,,,,0.0,,0.0,,0.0
,,,0.0013020833721384406,,0.8671875,,,,,,,,,,,1.0,1.0,,,,,3482,,,,0.0,,0.0,,0.0
,,,0.0,,0.5963455438613892,,,,,,,,,,,1.0,1.0,,,,,3483,,,,0.0,,0.0,,0.0
,,,0.0,,0.2890625,,,,,,,,,,,1.0,1.0,,,,,3484,,,,0.0,,0.0,,0.0
,,,0.0,,0.2890625,,,,,,,,,,,1.0,1.0,,,,,3485,,,,0.0,,0.0,,0.0
,,,0.0,,0.3708014488220215,,,,,,,,,,,1.0,1.0,,,,,3486,,,,0.0,,0.0,,0.0
,,,0.0,,0.296875,,,,,,,,,,,1.0,1.0,,,,,3487,,,,0.0,,0.0,,0.0
,,,0.0,,0.28125,,,,,,,,,,,1.0,1.0,,,,,3488,,,,0.0,,0.0,,0.0
,,,0.008928571827709675,,0.6517857313156128,,,,,,,,,,,1.0,1.0,,,,,3489,,,,0.0,,0.0,,0.0
,,,0.012500000186264515,,0.921875,,,,,,,,,,,1.0,1.0,,,,,3490,,,,0.0,,0.0,,0.0
,,,0.005859375,,0.953125,,,,,,,,,,,1.0,1.0,,,,,3491,,,,0.0,,0.0,,0.0
,,,0.004884005058556795,,0.6519036293029785,,,,,,,,,,,1.0,1.0,,,,,3492,,,,0.0,,0.0,,0.0
,,,0.0,,0.2578125,,,,,,,,,,,1.0,1.0,,,,,3493,,,,0.0,,0.0,,0.0
,,,0.0011160714784637094,,0.2265625,,,,,,,,,,,1.0,1.0,,,,,3494,,,,0.0,,0.0,,0.0
,,,0.0015748031437397003,,0.29133859276771545,,,,,,,,,,,1.0,1.0,,,,,3495,,,,0.0,,0.0,,0.0
37,0.1568535417318344,0.1599547415971756,,0.6646057367324829,,,,,,,,,,,,,,71.40059661865234,321447.5625,4.268306255340576,507.5722351074219,8397,,,0.0,,0.0,,0.0,
37,,,,,,1.5081526041030884,,-17.700267791748047,,9.188666343688965,,,,,,,,,,,,8397,2.381776809692383,,,,,,,
,,,,,,,,,,,,,,0.0003119005778858229,0.03,,,,,,,8399,,,,,,,,
38,,,,,,,1.5084760189056396,,-17.710824966430664,,9.328125,0.0003118744061794132,0.029999999329447746,,,1.0,1.0,,,,,8399,,2.3805713653564453,,,,,,
,,,,,,,,,,,,,,0.0003105888271115569,0.03,,,,,,,8449,,,,,,,,
38,,,,,,,1.5293463468551636,,-17.724645614624023,,9.8984375,0.00031056252191774547,0.029999999329447746,,,1.0,1.0,,,,,8449,,2.232327461242676,,,,,,
,,,,,,,,,,,,,,0.00030927019151001114,0.03,,,,,,,8499,,,,,,,,
38,,,,,,,1.4963939189910889,,-17.64447021484375,,9.0078125,0.0003092437400482595,0.029999999329447746,,,1.0,1.0,,,,,8499,,2.365823268890381,,,,,,
,,,,,,,,,,,,,,0.0003079447533230083,0.03,,,,,,,8549,,,,,,,,
38,,,,,,,1.5144133567810059,,-17.690162658691406,,9.703125,0.0003079181769862771,0.029999999329447746,,,1.0,1.0,,,,,8549,,2.4134085178375244,,,,,,
,,,,,,,,,,,,,,0.0003066125952166407,0.03,,,,,,,8599,,,,,,,,
38,,,,,,,1.527224063873291,,-17.710308074951172,,9.7578125,0.0003065858909394592,0.029999999329447746,,,1.0,1.0,,,,,8599,,2.7264885902404785,,,,,,
,,,0.0062500000931322575,,0.8515625,,,,,,,,,,,1.0,1.0,,,,,3496,,,,0.0,,0.0,,0.0
,,,0.0062500000931322575,,0.8046875,,,,,,,,,,,1.0,1.0,,,,,3497,,,,0.0,,0.0,,0.0
,,,0.012729845009744167,,0.8973230719566345,,,,,,,,,,,1.0,1.0,,,,,3498,,,,0.0,,0.0,,0.0
,,,0.0078125,,0.96875,,,,,,,,,,,1.0,1.0,,,,,3499,,,,0.0,,0.0,,0.0
,,,0.0078125,,0.9921875,,,,,,,,,,,1.0,1.0,,,,,3500,,,,0.0,,0.0,,0.0
,,,0.004807692486792803,,0.5993589758872986,,,,,,,,,,,1.0,1.0,,,,,3501,,,,0.0,,0.0,,0.0
,,,0.0,,0.2109375,,,,,,,,,,,1.0,1.0,,,,,3502,,,,0.0,,0.0,,0.0
,,,0.0,,0.1640625,,,,,,,,,,,1.0,1.0,,,,,3503,,,,0.0,,0.0,,0.0
,,,0.0714285746216774,,0.599056601524353,,,,,,,,,,,1.0,1.0,,,,,3504,,,,0.0,,0.0,,0.0
,,,0.02864583395421505,,1.0,,,,,,,,,,,1.0,1.0,,,,,3505,,,,0.0,,0.0,,0.0
,,,0.0364583320915699,,1.0,,,,,,,,,,,1.0,1.0,,,,,3506,,,,0.0,,0.0,,0.0
,,,0.0357142873108387,,0.9921875,,,,,,,,,,,1.0,1.0,,,,,3507,,,,0.0,,0.0,,0.0
,,,0.07733333110809326,,0.784000039100647,,,,,,,,,,,1.0,1.0,,,,,3508,,,,0.0,,0.0,,0.0
,,,0.02566964365541935,,0.6328125,,,,,,,,,,,1.0,1.0,,,,,3509,,,,0.0,,0.0,,0.0
,,,0.03125,,0.6015625,,,,,,,,,,,1.0,1.0,,,,,3510,,,,0.0,,0.0,,0.0
,,,0.12631720304489136,,0.7180205583572388,,,,,,,,,,,1.0,1.0,,,,,3511,,,,0.0,,0.0,,0.0
,,,0.15781250596046448,,1.0,,,,,,,,,,,1.0,1.0,,,,,3512,,,,0.0,,0.0,,0.0
,,,0.17499999701976776,,1.0,,,,,,,,,,,1.0,1.0,,,,,3513,,,,0.0,,0.0,,0.0
,,,0.15909090638160706,,0.5059523582458496,,,,,,,,,,,1.0,1.0,,,,,3514,,,,0.0,,0.0,,0.0
,,,0.0,,0.0,,,,,,,,,,,1.0,1.0,,,,,3515,,,,0.0,,0.0,,0.0
,,,0.0,,0.015625,,,,,,,,,,,1.0,1.0,,,,,3516,,,,0.0,,0.0,,0.0
,,,0.0034246575087308884,,0.25342464447021484,,,,,,,,,,,1.0,1.0,,,,,3517,,,,0.0,,0.0,,0.0
,,,0.005580357275903225,,0.5,,,,,,,,,,,1.0,1.0,,,,,3518,,,,0.0,,0.0,,0.0
,,,0.0066964286379516125,,0.4609375,,,,,,,,,,,1.0,1.0,,,,,3519,,,,0.0,,0.0,,0.0
,,,0.008928571827709675,,0.3965517282485962,,,,,,,,,,,1.0,1.0,,,,,3520,,,,0.0,,0.0,,0.0
,,,0.0,,0.3828125,,,,,,,,,,,1.0,1.0,,,,,3521,,,,0.0,,0.0,,0.0
,,,0.0,,0.3125,,,,,,,,,,,1.0,1.0,,,,,3522,,,,0.0,,0.0,,0.0
,,,0.01179245300590992,,0.6689308285713196,,,,,,,,,,,1.0,1.0,,,,,3523,,,,0.0,,0.0,,0.0
,,,0.0390625,,0.9453125,,,,,,,,,,,1.0,1.0,,,,,3524,,,,0.0,,0.0,,0.0
,,,0.017578125,,0.9375,,,,,,,,,,,1.0,1.0,,,,,3525,,,,0.0,,0.0,,0.0
,,,0.019562244415283203,,0.9009575843811035,,,,,,,,,,,1.0,1.0,,,,,3526,,,,0.0,,0.0,,0.0
,,,0.004687500186264515,,0.8359375,,,,,,,,,,,1.0,1.0,,,,,3527,,,,0.0,,0.0,,0.0
,,,0.0078125,,0.8046875,,,,,,,,,,,1.0,1.0,,,,,3528,,,,0.0,,0.0,,0.0
,,,0.014367816038429737,,0.9238916039466858,,,,,,,,,,,1.0,1.0,,,,,3529,,,,0.0,,0.0,,0.0
,,,0.0031250000465661287,,0.9609375,,,,,,,,,,,1.0,1.0,,,,,3530,,,,0.0,,0.0,,0.0
,,,0.013020833022892475,,0.96875,,,,,,,,,,,1.0,1.0,,,,,3531,,,,0.0,,0.0,,0.0
,,,0.0027322403620928526,,0.5724247694015503,,,,,,,,,,,1.0,1.0,,,,,3532,,,,0.0,,0.0,,0.0
,,,0.0,,0.2265625,,,,,,,,,,,1.0,1.0,,,,,3533,,,,0.0,,0.0,,0.0
,,,0.0,,0.2109375,,,,,,,,,,,1.0,1.0,,,,,3534,,,,0.0,,0.0,,0.0
,,,0.04395604506134987,,0.5873016119003296,,,,,,,,,,,1.0,1.0,,,,,3535,,,,0.0,,0.0,,0.0
,,,0.04531250149011612,,1.0,,,,,,,,,,,1.0,1.0,,,,,3536,,,,0.0,,0.0,,0.0
,,,0.0442708320915699,,0.984375,,,,,,,,,,,1.0,1.0,,,,,3537,,,,0.0,,0.0,,0.0
,,,0.0935606062412262,,0.800000011920929,,,,,,,,,,,1.0,1.0,,,,,3538,,,,0.0,,0.0,,0.0
,,,0.02566964365541935,,0.5546875,,,,,,,,,,,1.0,1.0,,,,,3539,,,,0.0,,0.0,,0.0
,,,0.0301339291036129,,0.5859375,,,,,,,,,,,1.0,1.0,,,,,3540,,,,0.0,,0.0,,0.0
,,,0.15644556283950806,,0.8031914830207825,,,,,,,,,,,1.0,1.0,,,,,3541,,,,0.0,,0.0,,0.0
,,,0.15468749403953552,,1.0,,,,,,,,,,,1.0,1.0,,,,,3542,,,,0.0,,0.0,,0.0
,,,0.1354166716337204,,1.0,,,,,,,,,,,1.0,1.0,,,,,3543,,,,0.0,,0.0,,0.0
,,,0.2109375,,1.0,,,,,,,,,,,1.0,1.0,,,,,3544,,,,0.0,,0.0,,0.0
,,,0.1666666716337204,,0.5,,,,,,,,,,,1.0,1.0,,,,,3545,,,,0.0,,0.0,,0.0
,,,0.0,,0.0078125,,,,,,,,,,,1.0,1.0,,,,,3546,,,,0.0,,0.0,,0.0
,,,0.0,,0.0078125,,,,,,,,,,,1.0,1.0,,,,,3547,,,,0.0,,0.0,,0.0
,,,0.0021551724057644606,,0.23275862634181976,,,,,,,,,,,1.0,1.0,,,,,3548,,,,0.0,,0.0,,0.0
,,,0.005580357275903225,,0.4921875,,,,,,,,,,,1.0,1.0,,,,,3549,,,,0.0,,0.0,,0.0
,,,0.0078125,,0.484375,,,,,,,,,,,1.0,1.0,,,,,3550,,,,0.0,,0.0,,0.0
,,,0.009259259328246117,,0.33993399143218994,,,,,,,,,,,1.0,1.0,,,,,3551,,,,0.0,,0.0,,0.0
,,,0.0,,0.3203125,,,,,,,,,,,1.0,1.0,,,,,3552,,,,0.0,,0.0,,0.0
,,,0.0,,0.296875,,,,,,,,,,,1.0,1.0,,,,,3553,,,,0.0,,0.0,,0.0
,,,0.011904762126505375,,0.6666666269302368,,,,,,,,,,,1.0,1.0,,,,,3554,,,,0.0,,0.0,,0.0
,,,0.02734375,,0.9453125,,,,,,,,,,,1.0,1.0,,,,,3555,,,,0.0,,0.0,,0.0
,,,0.012500000186264515,,0.9453125,,,,,,,,,,,1.0,1.0,,,,,3556,,,,0.0,,0.0,,0.0
,,,0.0357142873108387,,0.8770763874053955,,,,,,,,,,,1.0,1.0,,,,,3557,,,,0.0,,0.0,,0.0
,,,0.0065104165114462376,,0.8046875,,,,,,,,,,,1.0,1.0,,,,,3558,,,,0.0,,0.0,,0.0
,,,0.01116071455180645,,0.8515625,,,,,,,,,,,1.0,1.0,,,,,3559,,,,0.0,,0.0,,0.0
,,,0.025172075256705284,,0.9112094640731812,,,,,,,,,,,1.0,1.0,,,,,3560,,,,0.0,,0.0,,0.0
,,,0.0,,0.96875,,,,,,,,,,,1.0,1.0,,,,,3561,,,,0.0,,0.0,,0.0
,,,0.005859375,,0.9921875,,,,,,,,,,,1.0,1.0,,,,,3562,,,,0.0,,0.0,,0.0
,,,0.011111111380159855,,0.5722222328186035,,,,,,,,,,,1.0,1.0,,,,,3563,,,,0.0,,0.0,,0.0
,,,0.0,,0.1875,,,,,,,,,,,1.0,1.0,,,,,3564,,,,0.0,,0.0,,0.0
,,,0.0,,0.234375,,,,,,,,,,,1.0,1.0,,,,,3565,,,,0.0,,0.0,,0.0
,,,0.040123458951711655,,0.550000011920929,,,,,,,,,,,1.0,1.0,,,,,3566,,,,0.0,,0.0,,0.0
,,,0.04062499850988388,,1.0,,,,,,,,,,,1.0,1.0,,,,,3567,,,,0.0,,0.0,,0.0
,,,0.0390625,,0.984375,,,,,,,,,,,1.0,1.0,,,,,3568,,,,0.0,,0.0,,0.0
,,,0.06407853960990906,,0.8132530450820923,,,,,,,,,,,1.0,1.0,,,,,3569,,,,0.0,,0.0,,0.0
,,,0.02566964365541935,,0.5859375,,,,,,,,,,,1.0,1.0,,,,,3570,,,,0.0,,0.0,,0.0
,,,0.0301339291036129,,0.5859375,,,,,,,,,,,1.0,1.0,,,,,3571,,,,0.0,,0.0,,0.0
,,,0.14769543707370758,,0.7745097875595093,,,,,,,,,,,1.0,1.0,,,,,3572,,,,0.0,,0.0,,0.0
,,,0.13671875,,1.0,,,,,,,,,,,1.0,1.0,,,,,3573,,,,0.0,,0.0,,0.0
,,,0.1380208283662796,,1.0,,,,,,,,,,,1.0,1.0,,,,,3574,,,,0.0,,0.0,,0.0
,,,0.16744185984134674,,0.5,,,,,,,,,,,1.0,1.0,,,,,3575,,,,0.0,,0.0,,0.0
,,,0.0,,0.0,,,,,,,,,,,1.0,1.0,,,,,3576,,,,0.0,,0.0,,0.0
,,,0.0,,0.0,,,,,,,,,,,1.0,1.0,,,,,3577,,,,0.0,,0.0,,0.0
,,,0.008064515888690948,,0.2793481945991516,,,,,,,,,,,1.0,1.0,,,,,3578,,,,0.0,,0.0,,0.0
,,,0.0033482143189758062,,0.4375,,,,,,,,,,,1.0,1.0,,,,,3579,,,,0.0,,0.0,,0.0
,,,0.00390625,,0.484375,,,,,,,,,,,1.0,1.0,,,,,3580,,,,0.0,,0.0,,0.0
,,,0.008928571827709675,,0.4598214328289032,,,,,,,,,,,1.0,1.0,,,,,3581,,,,0.0,,0.0,,0.0
,,,0.0,,0.328125,,,,,,,,,,,1.0,1.0,,,,,3582,,,,0.0,,0.0,,0.0
,,,0.0,,0.3515625,,,,,,,,,,,1.0,1.0,,,,,3583,,,,0.0,,0.0,,0.0
,,,0.022727273404598236,,0.558663547039032,,,,,,,,,,,1.0,1.0,,,,,3584,,,,0.0,,0.0,,0.0
,,,0.025390625,,0.953125,,,,,,,,,,,1.0,1.0,,,,,3585,,,,0.0,,0.0,,0.0
,,,0.03125,,0.921875,,,,,,,,,,,1.0,1.0,,,,,3586,,,,0.0,,0.0,,0.0
,,,0.025196850299835205,,0.9685039520263672,,,,,,,,,,,1.0,1.0,,,,,3587,,,,0.0,,0.0,,0.0
38,0.1460207849740982,0.14632785320281982,,0.6349804997444153,,,,,,,,,,,,,,68.11959075927734,398017.875,4.221264839172363,508.0846862792969,8618,,,0.0,,0.0,,0.0,
38,,,,,,1.5072580575942993,,-17.697498321533203,,9.229037284851074,,,,,,,,,,,,8618,2.420527696609497,,,,,,,
,,,,,,,,,,,,,,0.0003052738002761147,0.03,,,,,,,8649,,,,,,,,
39,,,,,,,1.5176208019256592,,-17.70486068725586,,9.5625,0.00030524696921929717,0.029999999329447746,,,1.0,1.0,,,,,8649,,2.5313453674316406,,,,,,
,,,,,,,,,,,,,,0.0003039284520005687,0.03,,,,,,,8699,,,,,,,,
39,,,,,,,1.495772123336792,,-17.72681999206543,,8.8984375,0.0003039014700334519,0.029999999329447746,,,1.0,1.0,,,,,8699,,2.7025301456451416,,,,,,
,,,,,,,,,,,,,,0.0003025766342978649,0.03,,,,,,,8749,,,,,,,,
39,,,,,,,1.4691733121871948,,-17.66010856628418,,7.94921875,0.0003025495389010757,0.029999999329447746,,,1.0,1.0,,,,,8749,,2.5593905448913574,,,,,,
,,,,,,,,,,,,,,0.0003012184314793566,0.03,,,,,,,8799,,,,,,,,
39,,,,,,,1.4873473644256592,,-17.611968994140625,,8.0390625,0.00030119120492599905,0.029999999329447746,,,1.0,1.0,,,,,8799,,2.7548372745513916,,,,,,
,,,0.00390625,,0.328125,,,,,,,,,,,1.0,1.0,,,,,3588,,,,0.0,,0.0,,0.0
,,,0.0078125,,0.359375,,,,,,,,,,,1.0,1.0,,,,,3589,,,,0.0,,0.0,,0.0
,,,0.1521085500717163,,0.6782178282737732,,,,,,,,,,,1.0,1.0,,,,,3590,,,,0.0,,0.0,,0.0
,,,0.1640625,,1.0,,,,,,,,,,,1.0,1.0,,,,,3591,,,,0.0,,0.0,,0.0
,,,0.12812499701976776,,0.9921875,,,,,,,,,,,1.0,1.0,,,,,3592,,,,0.0,,0.0,,0.0
,,,0.10576922446489334,,0.9791666269302368,,,,,,,,,,,1.0,1.0,,,,,3593,,,,0.0,,0.0,,0.0
,,,0.0078125,,0.9921875,,,,,,,,,,,1.0,1.0,,,,,3594,,,,0.0,,0.0,,0.0
,,,0.00937500037252903,,0.9921875,,,,,,,,,,,1.0,1.0,,,,,3595,,,,0.0,,0.0,,0.0
,,,0.009433962404727936,,0.5634648203849792,,,,,,,,,,,1.0,1.0,,,,,3596,,,,0.0,,0.0,,0.0
,,,0.0,,0.125,,,,,,,,,,,1.0,1.0,,,,,3597,,,,0.0,,0.0,,0.0
,,,0.0,,0.15625,,,,,,,,,,,1.0,1.0,,,,,3598,,,,0.0,,0.0,,0.0
,,,0.0,,0.140625,,,,,,,,,,,1.0,1.0,,,,,3599,,,,0.0,,0.0,,0.0
,,,0.06400000303983688,,0.6146667003631592,,,,,,,,,,,1.0,1.0,,,,,3600,,,,0.0,,0.0,,0.0
,,,0.1015625,,0.8984375,,,,,,,,,,,1.0,1.0,,,,,3601,,,,0.0,,0.0,,0.0
,,,0.09531249850988388,,0.9375,,,,,,,,,,,1.0,1.0,,,,,3602,,,,0.0,,0.0,,0.0
,,,0.24425771832466125,,1.0,,,,,,,,,,,1.0,1.0,,,,,3603,,,,0.0,,0.0,,0.0
,,,0.0859375,,0.9921875,,,,,,,,,,,1.0,1.0,,,,,3604,,,,0.0,,0.0,,0.0
,,,0.0924479141831398,,1.0,,,,,,,,,,,1.0,1.0,,,,,3605,,,,0.0,,0.0,,0.0
,,,0.09577921777963638,,0.9702380895614624,,,,,,,,,,,1.0,1.0,,,,,3606,,,,0.0,,0.0,,0.0
,,,0.04062499850988388,,0.9765625,,,,,,,,,,,1.0,1.0,,,,,3607,,,,0.0,,0.0,,0.0
,,,0.02656250074505806,,0.9296875,,,,,,,,,,,1.0,1.0,,,,,3608,,,,0.0,,0.0,,0.0
,,,0.033766232430934906,,0.46824410557746887,,,,,,,,,,,1.0,1.0,,,,,3609,,,,0.0,,0.0,,0.0
,,,0.0,,0.0,,,,,,,,,,,1.0,1.0,,,,,3610,,,,0.0,,0.0,,0.0
,,,0.0,,0.0078125,,,,,,,,,,,1.0,1.0,,,,,3611,,,,0.0,,0.0,,0.0
,,,0.0,,0.2830049395561218,,,,,,,,,,,1.0,1.0,,,,,3612,,,,0.0,,0.0,,0.0
,,,0.0,,0.484375,,,,,,,,,,,1.0,1.0,,,,,3613,,,,0.0,,0.0,,0.0
,,,0.0,,0.4453125,,,,,,,,,,,1.0,1.0,,,,,3614,,,,0.0,,0.0,,0.0
,,,0.0,,0.32100629806518555,,,,,,,,,,,1.0,1.0,,,,,3615,,,,0.0,,0.0,,0.0
,,,0.0,,0.1875,,,,,,,,,,,1.0,1.0,,,,,3616,,,,0.0,,0.0,,0.0
,,,0.0,,0.140625,,,,,,,,,,,1.0,1.0,,,,,3617,,,,0.0,,0.0,,0.0
,,,0.0,,0.2798905670642853,,,,,,,,,,,1.0,1.0,,,,,3618,,,,0.0,,0.0,,0.0
,,,0.0026041667442768812,,0.3359375,,,,,,,,,,,1.0,1.0,,,,,3619,,,,0.0,,0.0,,0.0
,,,0.0065104165114462376,,0.328125,,,,,,,,,,,1.0,1.0,,,,,3620,,,,0.0,,0.0,,0.0
,,,0.12192118167877197,,0.732758641242981,,,,,,,,,,,1.0,1.0,,,,,3621,,,,0.0,,0.0,,0.0
,,,0.1184895858168602,,1.0,,,,,,,,,,,1.0,1.0,,,,,3622,,,,0.0,,0.0,,0.0
,,,0.12968750298023224,,1.0,,,,,,,,,,,1.0,1.0,,,,,3623,,,,0.0,,0.0,,0.0
,,,0.11626294255256653,,1.0,,,,,,,,,,,1.0,1.0,,,,,3624,,,,0.0,,0.0,,0.0
,,,0.0062500000931322575,,0.984375,,,,,,,,,,,1.0,1.0,,,,,3625,,,,0.0,,0.0,,0.0
,,,0.004687500186264515,,1.0,,,,,,,,,,,1.0,1.0,,,,,3626,,,,0.0,,0.0,,0.0
,,,0.0026455027982592583,,0.5687423944473267,,,,,,,,,,,1.0,1.0,,,,,3627,,,,0.0,,0.0,,0.0
,,,0.0,,0.1328125,,,,,,,,,,,1.0,1.0,,,,,3628,,,,0.0,,0.0,,0.0
,,,0.0,,0.109375,,,,,,,,,,,1.0,1.0,,,,,3629,,,,0.0,,0.0,,0.0
,,,0.06666667014360428,,0.5159090757369995,,,,,,,,,,,1.0,1.0,,,,,3630,,,,0.0,,0.0,,0.0
,,,0.0716145858168602,,0.921875,,,,,,,,,,,1.0,1.0,,,,,3631,,,,0.0,,0.0,,0.0
,,,0.09375,,0.890625,,,,,,,,,,,1.0,1.0,,,,,3632,,,,0.0,,0.0,,0.0
,,,0.2667396664619446,,0.9840425252914429,,,,,,,,,,,1.0,1.0,,,,,3633,,,,0.0,,0.0,,0.0
,,,0.0846354141831398,,1.0,,,,,,,,,,,1.0,1.0,,,,,3634,,,,0.0,,0.0,,0.0
,,,0.0794270858168602,,1.0,,,,,,,,,,,1.0,1.0,,,,,3635,,,,0.0,,0.0,,0.0
,,,0.11093749850988388,,1.0,,,,,,,,,,,1.0,1.0,,,,,3636,,,,0.0,,0.0,,0.0
,,,0.03412073478102684,,0.9842519760131836,,,,,,,,,,,1.0,1.0,,,,,3637,,,,0.0,,0.0,,0.0
,,,0.0390625,,0.9296875,,,,,,,,,,,1.0,1.0,,,,,3638,,,,0.0,,0.0,,0.0
,,,0.03125,,0.9296875,,,,,,,,,,,1.0,1.0,,,,,3639,,,,0.0,,0.0,,0.0
,,,0.0357142873108387,,0.46264368295669556,,,,,,,,,,,1.0,1.0,,,,,3640,,,,0.0,,0.0,,0.0
,,,0.0,,0.0,,,,,,,,,,,1.0,1.0,,,,,3641,,,,0.0,,0.0,,0.0
,,,0.0,,0.0078125,,,,,,,,,,,1.0,1.0,,,,,3642,,,,0.0,,0.0,,0.0
,,,0.0,,0.2561422884464264,,,,,,,,,,,1.0,1.0,,,,,3643,,,,0.0,,0.0,,0.0
,,,0.0,,0.453125,,,,,,,,,,,1.0,1.0,,,,,3644,,,,0.0,,0.0,,0.0
,,,0.0011160714784637094,,0.3984375,,,,,,,,,,,1.0,1.0,,,,,3645,,,,0.0,,0.0,,0.0
,,,0.0,,0.3229166567325592,,,,,,,,,,,1.0,1.0,,,,,3646,,,,0.0,,0.0,,0.0
,,,0.0,,0.1796875,,,,,,,,,,,1.0,1.0,,,,,3647,,,,0.0,,0.0,,0.0
,,,0.0,,0.109375,,,,,,,,,,,1.0,1.0,,,,,3648,,,,0.0,,0.0,,0.0
,,,0.003322259057313204,,0.21650055050849915,,,,,,,,,,,1.0,1.0,,,,,3649,,,,0.0,,0.0,,0.0
,,,0.0026041667442768812,,0.3046875,,,,,,,,,,,1.0,1.0,,,,,3650,,,,0.0,,0.0,,0.0
,,,0.0078125,,0.359375,,,,,,,,,,,1.0,1.0,,,,,3651,,,,0.0,,0.0,,0.0
,,,0.14159291982650757,,0.800000011920929,,,,,,,,,,,1.0,1.0,,,,,3652,,,,0.0,,0.0,,0.0
,,,0.14531250298023224,,1.0,,,,,,,,,,,1.0,1.0,,,,,3653,,,,0.0,,0.0,,0.0
,,,0.1328125,,1.0,,,,,,,,,,,1.0,1.0,,,,,3654,,,,0.0,,0.0,,0.0
,,,0.09713805466890335,,0.9909090995788574,,,,,,,,,,,1.0,1.0,,,,,3655,,,,0.0,,0.0,,0.0
,,,0.012500000186264515,,0.9921875,,,,,,,,,,,1.0,1.0,,,,,3656,,,,0.0,,0.0,,0.0
,,,0.0031250000465661287,,0.984375,,,,,,,,,,,1.0,1.0,,,,,3657,,,,0.0,,0.0,,0.0
,,,0.0,,0.5490740537643433,,,,,,,,,,,1.0,1.0,,,,,3658,,,,0.0,,0.0,,0.0
,,,0.0,,0.1484375,,,,,,,,,,,1.0,1.0,,,,,3659,,,,0.0,,0.0,,0.0
,,,0.0,,0.109375,,,,,,,,,,,1.0,1.0,,,,,3660,,,,0.0,,0.0,,0.0
,,,0.06712564080953598,,0.5467202067375183,,,,,,,,,,,1.0,1.0,,,,,3661,,,,0.0,,0.0,,0.0
,,,0.0690104141831398,,0.8828125,,,,,,,,,,,1.0,1.0,,,,,3662,,,,0.0,,0.0,,0.0
,,,0.1015625,,0.921875,,,,,,,,,,,1.0,1.0,,,,,3663,,,,0.0,,0.0,,0.0
,,,0.19796282052993774,,0.970588207244873,,,,,,,,,,,1.0,1.0,,,,,3664,,,,0.0,,0.0,,0.0
,,,0.09062500298023224,,1.0,,,,,,,,,,,1.0,1.0,,,,,3665,,,,0.0,,0.0,,0.0
,,,0.09687499701976776,,1.0,,,,,,,,,,,1.0,1.0,,,,,3666,,,,0.0,,0.0,,0.0
,,,0.15669988095760345,,0.9523809552192688,,,,,,,,,,,1.0,1.0,,,,,3667,,,,0.0,,0.0,,0.0
,,,0.02734375,,0.96875,,,,,,,,,,,1.0,1.0,,,,,3668,,,,0.0,,0.0,,0.0
,,,0.03125,,0.9296875,,,,,,,,,,,1.0,1.0,,,,,3669,,,,0.0,,0.0,,0.0
,,,0.03505154699087143,,0.464582622051239,,,,,,,,,,,1.0,1.0,,,,,3670,,,,0.0,,0.0,,0.0
,,,0.0,,0.0078125,,,,,,,,,,,1.0,1.0,,,,,3671,,,,0.0,,0.0,,0.0
,,,0.0,,0.0,,,,,,,,,,,1.0,1.0,,,,,3672,,,,0.0,,0.0,,0.0
,,,0.0,,0.3839285671710968,,,,,,,,,,,1.0,1.0,,,,,3673,,,,0.0,,0.0,,0.0
,,,0.0,,0.4375,,,,,,,,,,,1.0,1.0,,,,,3674,,,,0.0,,0.0,,0.0
,,,0.0,,0.484375,,,,,,,,,,,1.0,1.0,,,,,3675,,,,0.0,,0.0,,0.0
,,,0.015429015271365643,,0.3628593683242798,,,,,,,,,,,1.0,1.0,,,,,3676,,,,0.0,,0.0,,0.0
,,,0.0,,0.15625,,,,,,,,,,,1.0,1.0,,,,,3677,,,,0.0,,0.0,,0.0
,,,0.0,,0.15625,,,,,,,,,,,1.0,1.0,,,,,3678,,,,0.0,,0.0,,0.0
,,,0.0,,0.11811023950576782,,,,,,,,,,,1.0,1.0,,,,,3679,,,,0.0,,0.0,,0.0
39,0.1504170000553131,0.1900305300951004,,0.5957855582237244,,,,,,,,,,,,,,65.84820556640625,389215.5625,4.187352180480957,507.1979675292969,8839,,,0.0,,0.0,,0.0,
39,,,,,,1.5076426267623901,,-17.683990478515625,,9.147165298461914,,,,,,,,,,,,8839,2.451523780822754,,,,,,,
,,,,,,,,,,,,,,0.00029985392825462956,0.03,,,,,,,8849,,,,,,,,
40,,,,,,,1.5121777057647705,,-17.702396392822266,,9.1640625,0.0002998265845235437,0.029999999329447746,,,1.0,1.0,,,,,8849,,2.2422189712524414,,,,,,
,,,,,,,,,,,,,,0.0002984832097262187,0.03,,,,,,,8899,,,,,,,,
40,,,,,,,1.5197806358337402,,-17.710115432739258,,9.7265625,0.00029845573590137064,0.029999999329447746,,,1.0,1.0,,,,,8899,,2.4111695289611816,,,,,,
,,,,,,,,,,,,,,0.00029710636138430063,0.03,,,,,,,8949,,,,,,,,
40,,,,,,,1.5173249244689941,,-17.72252655029297,,9.515625,0.00029707877547480166,0.029999999329447746,,,1.0,1.0,,,,,8949,,2.1998238563537598,,,,,,
,,,,,,,,,,,,,,0.0002957234691013616,0.03,,,,,,,8999,,,,,,,,
40,,,,,,,1.5183266401290894,,-17.727149963378906,,9.53125,0.0002956957614514977,0.029999999329447746,,,1.0,1.0,,,,,8999,,2.666074752807617,,,,,,
,,,,,,,,,,,,,,0.00029433461912684115,0.03,,,,,,,9049,,,,,,,,
40,,,,,,,1.5084964036941528,,-17.705808639526367,,9.1875,0.00029430678114295006,0.029999999329447746,,,1.0,1.0,,,,,9049,,2.668659210205078,,,,,,
,,,0.09375,,0.9921875,,,,,,,,,,,1.0,1.0,,,,,3680,,,,0.0,,0.0,,0.0
,,,0.1223958358168602,,1.0,,,,,,,,,,,1.0,1.0,,,,,3681,,,,0.0,,0.0,,0.0
,,,0.10042433440685272,,0.5320865511894226,,,,,,,,,,,1.0,1.0,,,,,3682,,,,0.0,,0.0,,0.0
,,,0.0,,0.0625,,,,,,,,,,,1.0,1.0,,,,,3683,,,,0.0,,0.0,,0.0
,,,0.0,,0.0390625,,,,,,,,,,,1.0,1.0,,,,,3684,,,,0.0,,0.0,,0.0
,,,0.0,,0.2580128312110901,,,,,,,,,,,1.0,1.0,,,,,3685,,,,0.0,,0.0,,0.0
,,,0.0,,0.671875,,,,,,,,,,,1.0,1.0,,,,,3686,,,,0.0,,0.0,,0.0
,,,0.0,,0.5703125,,,,,,,,,,,1.0,1.0,,,,,3687,,,,0.0,,0.0,,0.0
,,,0.006493506487458944,,0.5776157379150391,,,,,,,,,,,1.0,1.0,,,,,3688,,,,0.0,,0.0,,0.0
,,,0.0026041667442768812,,0.5390625,,,,,,,,,,,1.0,1.0,,,,,3689,,,,0.0,,0.0,,0.0
,,,0.0033482143189758062,,0.453125,,,,,,,,,,,1.0,1.0,,,,,3690,,,,0.0,,0.0,,0.0
,,,0.0033482143189758062,,0.4921875,,,,,,,,,,,1.0,1.0,,,,,3691,,,,0.0,,0.0,,0.0
,,,0.019428571686148643,,0.35066667199134827,,,,,,,,,,,1.0,1.0,,,,,3692,,,,0.0,,0.0,,0.0
,,,0.01897321455180645,,0.421875,,,,,,,,,,,1.0,1.0,,,,,3693,,,,0.0,,0.0,,0.0
,,,0.02864583395421505,,0.4140625,,,,,,,,,,,1.0,1.0,,,,,3694,,,,0.0,,0.0,,0.0
,,,0.031479258090257645,,0.7096171975135803,,,,,,,,,,,1.0,1.0,,,,,3695,,,,0.0,,0.0,,0.0
,,,0.04374999925494194,,0.96875,,,,,,,,,,,1.0,1.0,,,,,3696,,,,0.0,,0.0,,0.0
,,,0.02812499925494194,,0.9921875,,,,,,,,,,,1.0,1.0,,,,,3697,,,,0.0,,0.0,,0.0
,,,0.018939394503831863,,0.6553030610084534,,,,,,,,,,,1.0,1.0,,,,,3698,,,,0.0,,0.0,,0.0
,,,0.0,,0.3203125,,,,,,,,,,,1.0,1.0,,,,,3699,,,,0.0,,0.0,,0.0
,,,0.0013020833721384406,,0.1796875,,,,,,,,,,,1.0,1.0,,,,,3700,,,,0.0,,0.0,,0.0
,,,0.017123287543654442,,0.5471979975700378,,,,,,,,,,,1.0,1.0,,,,,3701,,,,0.0,,0.0,,0.0
,,,0.0078125,,0.6796875,,,,,,,,,,,1.0,1.0,,,,,3702,,,,0.0,,0.0,,0.0
,,,0.0033482143189758062,,0.625,,,,,,,,,,,1.0,1.0,,,,,3703,,,,0.0,,0.0,,0.0
,,,0.045402299612760544,,0.7940887212753296,,,,,,,,,,,1.0,1.0,,,,,3704,,,,0.0,,0.0,,0.0
,,,0.03125,,0.921875,,,,,,,,,,,1.0,1.0,,,,,3705,,,,0.0,,0.0,,0.0
,,,0.03437500074505806,,0.921875,,,,,,,,,,,1.0,1.0,,,,,3706,,,,0.0,,0.0,,0.0
,,,0.11526206135749817,,0.9505660533905029,,,,,,,,,,,1.0,1.0,,,,,3707,,,,0.0,,0.0,,0.0
,,,0.1067708358168602,,1.0,,,,,,,,,,,1.0,1.0,,,,,3708,,,,0.0,,0.0,,0.0
,,,0.0950520858168602,,0.9921875,,,,,,,,,,,1.0,1.0,,,,,3709,,,,0.0,,0.0,,0.0
,,,0.18205980956554413,,1.0,,,,,,,,,,,1.0,1.0,,,,,3710,,,,0.0,,0.0,,0.0
,,,0.11328125,,0.9765625,,,,,,,,,,,1.0,1.0,,,,,3711,,,,0.0,,0.0,,0.0
,,,0.1184895858168602,,1.0,,,,,,,,,,,1.0,1.0,,,,,3712,,,,0.0,,0.0,,0.0
,,,0.10837437957525253,,0.5285714268684387,,,,,,,,,,,1.0,1.0,,,,,3713,,,,0.0,,0.0,,0.0
,,,0.0,,0.0390625,,,,,,,,,,,1.0,1.0,,,,,3714,,,,0.0,,0.0,,0.0
,,,0.0,,0.0234375,,,,,,,,,,,1.0,1.0,,,,,3715,,,,0.0,,0.0,,0.0
,,,0.0,,0.2775874733924866,,,,,,,,,,,1.0,1.0,,,,,3716,,,,0.0,,0.0,,0.0
,,,0.0,,0.6015625,,,,,,,,,,,1.0,1.0,,,,,3717,,,,0.0,,0.0,,0.0
,,,0.0,,0.5546875,,,,,,,,,,,1.0,1.0,,,,,3718,,,,0.0,,0.0,,0.0
,,,0.0025641026441007853,,0.4840049147605896,,,,,,,,,,,1.0,1.0,,,,,3719,,,,0.0,,0.0,,0.0
,,,0.0022321429569274187,,0.484375,,,,,,,,,,,1.0,1.0,,,,,3720,,,,0.0,,0.0,,0.0
,,,0.0033482143189758062,,0.5390625,,,,,,,,,,,1.0,1.0,,,,,3721,,,,0.0,,0.0,,0.0
,,,0.028787879273295403,,0.46136361360549927,,,,,,,,,,,1.0,1.0,,,,,3722,,,,0.0,,0.0,,0.0
,,,0.02120535634458065,,0.3828125,,,,,,,,,,,1.0,1.0,,,,,3723,,,,0.0,,0.0,,0.0
,,,0.01822916604578495,,0.3984375,,,,,,,,,,,1.0,1.0,,,,,3724,,,,0.0,,0.0,,0.0
,,,0.02664044499397278,,0.6580100059509277,,,,,,,,,,,1.0,1.0,,,,,3725,,,,0.0,,0.0,,0.0
,,,0.03437500074505806,,0.9765625,,,,,,,,,,,1.0,1.0,,,,,3726,,,,0.0,,0.0,,0.0
,,,0.02656250074505806,,0.953125,,,,,,,,,,,1.0,1.0,,,,,3727,,,,0.0,,0.0,,0.0
,,,0.037109375,,0.9765625,,,,,,,,,,,1.0,1.0,,,,,3728,,,,0.0,,0.0,,0.0
,,,0.0,,0.6496062874794006,,,,,,,,,,,1.0,1.0,,,,,3729,,,,0.0,,0.0,,0.0
,,,0.0,,0.2890625,,,,,,,,,,,1.0,1.0,,,,,3730,,,,0.0,,0.0,,0.0
,,,0.0,,0.2734375,,,,,,,,,,,1.0,1.0,,,,,3731,,,,0.0,,0.0,,0.0
,,,0.010775862261652946,,0.48706895112991333,,,,,,,,,,,1.0,1.0,,,,,3732,,,,0.0,,0.0,,0.0
,,,0.0078125,,0.640625,,,,,,,,,,,1.0,1.0,,,,,3733,,,,0.0,,0.0,,0.0
,,,0.0078125,,0.6640625,,,,,,,,,,,1.0,1.0,,,,,3734,,,,0.0,,0.0,,0.0
,,,0.0440044030547142,,0.7566923499107361,,,,,,,,,,,1.0,1.0,,,,,3735,,,,0.0,,0.0,,0.0
,,,0.02968749962747097,,0.953125,,,,,,,,,,,1.0,1.0,,,,,3736,,,,0.0,,0.0,,0.0
,,,0.02812499925494194,,0.9609375,,,,,,,,,,,1.0,1.0,,,,,3737,,,,0.0,,0.0,,0.0
,,,0.1215277761220932,,0.9427083730697632,,,,,,,,,,,1.0,1.0,,,,,3738,,,,0.0,,0.0,,0.0
,,,0.12343750149011612,,0.9921875,,,,,,,,,,,1.0,1.0,,,,,3739,,,,0.0,,0.0,,0.0
,,,0.12031249701976776,,1.0,,,,,,,,,,,1.0,1.0,,,,,3740,,,,0.0,,0.0,,0.0
,,,0.17971840500831604,,0.9941860437393188,,,,,,,,,,,1.0,1.0,,,,,3741,,,,0.0,,0.0,,0.0
,,,0.1119791641831398,,0.984375,,,,,,,,,,,1.0,1.0,,,,,3742,,,,0.0,,0.0,,0.0
,,,0.12109375,,1.0,,,,,,,,,,,1.0,1.0,,,,,3743,,,,0.0,,0.0,,0.0
,,,0.12380952388048172,,0.517699122428894,,,,,,,,,,,1.0,1.0,,,,,3744,,,,0.0,,0.0,,0.0
,,,0.0,,0.0234375,,,,,,,,,,,1.0,1.0,,,,,3745,,,,0.0,,0.0,,0.0
,,,0.0,,0.0703125,,,,,,,,,,,1.0,1.0,,,,,3746,,,,0.0,,0.0,,0.0
,,,0.0,,0.3368687033653259,,,,,,,,,,,1.0,1.0,,,,,3747,,,,0.0,,0.0,,0.0
,,,0.0,,0.5625,,,,,,,,,,,1.0,1.0,,,,,3748,,,,0.0,,0.0,,0.0
,,,0.0,,0.578125,,,,,,,,,,,1.0,1.0,,,,,3749,,,,0.0,,0.0,,0.0
,,,0.003968254197388887,,0.470370352268219,,,,,,,,,,,1.0,1.0,,,,,3750,,,,0.0,,0.0,,0.0
,,,0.0026041667442768812,,0.484375,,,,,,,,,,,1.0,1.0,,,,,3751,,,,0.0,,0.0,,0.0
,,,0.0033482143189758062,,0.5703125,,,,,,,,,,,1.0,1.0,,,,,3752,,,,0.0,,0.0,,0.0
,,,0.020654043182730675,,0.4251673221588135,,,,,,,,,,,1.0,1.0,,,,,3753,,,,0.0,,0.0,,0.0
,,,0.014508928172290325,,0.3671875,,,,,,,,,,,1.0,1.0,,,,,3754,,,,0.0,,0.0,,0.0
,,,0.0234375,,0.40625,,,,,,,,,,,1.0,1.0,,,,,3755,,,,0.0,,0.0,,0.0
,,,0.042313896119594574,,0.6864018440246582,,,,,,,,,,,1.0,1.0,,,,,3756,,,,0.0,,0.0,,0.0
,,,0.03125,,0.9921875,,,,,,,,,,,1.0,1.0,,,,,3757,,,,0.0,,0.0,,0.0
,,,0.01875000074505806,,0.9453125,,,,,,,,,,,1.0,1.0,,,,,3758,,,,0.0,,0.0,,0.0
,,,0.027131782844662666,,0.607696533203125,,,,,,,,,,,1.0,1.0,,,,,3759,,,,0.0,,0.0,,0.0
,,,0.0,,0.328125,,,,,,,,,,,1.0,1.0,,,,,3760,,,,0.0,,0.0,,0.0
,,,0.0,,0.234375,,,,,,,,,,,1.0,1.0,,,,,3761,,,,0.0,,0.0,,0.0
,,,0.02304147370159626,,0.5152976512908936,,,,,,,,,,,1.0,1.0,,,,,3762,,,,0.0,,0.0,,0.0
,,,0.010044642724096775,,0.65625,,,,,,,,,,,1.0,1.0,,,,,3763,,,,0.0,,0.0,,0.0
,,,0.0065104165114462376,,0.625,,,,,,,,,,,1.0,1.0,,,,,3764,,,,0.0,,0.0,,0.0
,,,0.039540816098451614,,0.8303571343421936,,,,,,,,,,,1.0,1.0,,,,,3765,,,,0.0,,0.0,,0.0
,,,0.033203125,,0.9140625,,,,,,,,,,,1.0,1.0,,,,,3766,,,,0.0,,0.0,,0.0
,,,0.03125,,0.953125,,,,,,,,,,,1.0,1.0,,,,,3767,,,,0.0,,0.0,,0.0
,,,0.16938617825508118,,0.9615384340286255,,,,,,,,,,,1.0,1.0,,,,,3768,,,,0.0,,0.0,,0.0
,,,0.1067708358168602,,0.9921875,,,,,,,,,,,1.0,1.0,,,,,3769,,,,0.0,,0.0,,0.0
,,,0.1002604141831398,,0.9921875,,,,,,,,,,,1.0,1.0,,,,,3770,,,,0.0,,0.0,,0.0
,,,0.12598425149917603,,1.0,,,,,,,,,,,1.0,1.0,,,,,3771,,,,0.0,,0.0,,0.0
40,0.13495124876499176,0.18210472166538239,,0.635455846786499,,,,,,,,,,,,,,63.84125900268555,564359.1875,4.156399726867676,508.6733093261719,9060,,,0.0,,0.0,,0.0,
40,,,,,,1.507861852645874,,-17.71402931213379,,9.284679412841797,,,,,,,,,,,,9060,2.5355052947998047,,,,,,,
,,,,,,,,,,,,,,0.0002929398980817538,0.03,,,,,,,9099,,,,,,,,
41,,,,,,,1.5098047256469727,,-17.718830108642578,,9.3125,0.00029291195096448064,0.029999999329447746,,,1.0,1.0,,,,,9099,,2.321488857269287,,,,,,
,,,,,,,,,,,,,,0.00029153939295328666,0.03,,,,,,,9149,,,,,,,,
41,,,,,,,1.48897123336792,,-17.716503143310547,,8.5703125,0.00029151132912375033,0.029999999329447746,,,1.0,1.0,,,,,9149,,2.590008020401001,,,,,,
,,,,,,,,,,,,,,0.00029013319108937326,0.03,,,,,,,9199,,,,,,,,
41,,,,,,,1.5138635635375977,,-17.70618438720703,,9.2578125,0.0002901050029322505,0.029999999329447746,,,1.0,1.0,,,,,9199,,2.9149045944213867,,,,,,
,,,,,,,,,,,,,,0.00028872138019324497,0.03,,,,,,,9249,,,,,,,,
41,,,,,,,1.520738959312439,,-17.7175350189209,,9.4453125,0.000288693088805303,0.029999999329447746,,,1.0,1.0,,,,,9249,,2.415146827697754,,,,,,
,,,0.0377604179084301,,0.6953125,,,,,,,,,,,1.0,1.0,,,,,3772,,,,0.0,,0.0,,0.0
,,,0.01897321455180645,,0.7109375,,,,,,,,,,,1.0,1.0,,,,,3773,,,,0.0,,0.0,,0.0
,,,0.02687411569058895,,0.3861386179924011,,,,,,,,,,,1.0,1.0,,,,,3774,,,,0.0,,0.0,,0.0
,,,0.0,,0.0,,,,,,,,,,,1.0,1.0,,,,,3775,,,,0.0,,0.0,,0.0
,,,0.0,,0.0,,,,,,,,,,,1.0,1.0,,,,,3776,,,,0.0,,0.0,,0.0
,,,0.0,,0.2083333283662796,,,,,,,,,,,1.0,1.0,,,,,3777,,,,0.0,,0.0,,0.0
,,,0.0,,0.3984375,,,,,,,,,,,1.0,1.0,,,,,3778,,,,0.0,,0.0,,0.0
,,,0.0,,0.4140625,,,,,,,,,,,1.0,1.0,,,,,3779,,,,0.0,,0.0,,0.0
,,,0.12337662279605865,,0.6415094137191772,,,,,,,,,,,1.0,1.0,,,,,3780,,,,0.0,,0.0,,0.0
,,,0.171875,,1.0,,,,,,,,,,,1.0,1.0,,,,,3781,,,,0.0,,0.0,,0.0
,,,0.1419270783662796,,1.0,,,,,,,,,,,1.0,1.0,,,,,3782,,,,0.0,,0.0,,0.0
,,,0.1205357164144516,,0.9921875,,,,,,,,,,,1.0,1.0,,,,,3783,,,,0.0,,0.0,,0.0
,,,0.19200000166893005,,0.7239999771118164,,,,,,,,,,,1.0,1.0,,,,,3784,,,,0.0,,0.0,,0.0
,,,0.0185546875,,0.4609375,,,,,,,,,,,1.0,1.0,,,,,3785,,,,0.0,,0.0,,0.0
,,,0.01897321455180645,,0.4921875,,,,,,,,,,,1.0,1.0,,,,,3786,,,,0.0,,0.0,,0.0
,,,0.0012004802701994777,,0.654995322227478,,,,,,,,,,,1.0,1.0,,,,,3787,,,,0.0,,0.0,,0.0
,,,0.0,,0.8125,,,,,,,,,,,1.0,1.0,,,,,3788,,,,0.0,,0.0,,0.0
,,,0.0,,0.859375,,,,,,,,,,,1.0,1.0,,,,,3789,,,,0.0,,0.0,,0.0
,,,0.0396825410425663,,0.8858225345611572,,,,,,,,,,,1.0,1.0,,,,,3790,,,,0.0,,0.0,,0.0
,,,0.05781250074505806,,0.9765625,,,,,,,,,,,1.0,1.0,,,,,3791,,,,0.0,,0.0,,0.0
,,,0.04296875,,0.953125,,,,,,,,,,,1.0,1.0,,,,,3792,,,,0.0,,0.0,,0.0
,,,0.035082727670669556,,0.716936469078064,,,,,,,,,,,1.0,1.0,,,,,3793,,,,0.0,,0.0,,0.0
,,,0.004687500186264515,,0.4375,,,,,,,,,,,1.0,1.0,,,,,3794,,,,0.0,,0.0,,0.0
,,,0.001953125,,0.375,,,,,,,,,,,1.0,1.0,,,,,3795,,,,0.0,,0.0,,0.0
,,,0.006966924294829369,,0.5837438106536865,,,,,,,,,,,1.0,1.0,,,,,3796,,,,0.0,,0.0,,0.0
,,,0.00937500037252903,,0.7890625,,,,,,,,,,,1.0,1.0,,,,,3797,,,,0.0,,0.0,,0.0
,,,0.00937500037252903,,0.7265625,,,,,,,,,,,1.0,1.0,,,,,3798,,,,0.0,,0.0,,0.0
,,,0.022389937192201614,,0.8194968700408936,,,,,,,,,,,1.0,1.0,,,,,3799,,,,0.0,,0.0,,0.0
,,,0.02083333395421505,,0.9453125,,,,,,,,,,,1.0,1.0,,,,,3800,,,,0.0,,0.0,,0.0
,,,0.02734375,,0.9140625,,,,,,,,,,,1.0,1.0,,,,,3801,,,,0.0,,0.0,,0.0
,,,0.028376001864671707,,0.8601915240287781,,,,,,,,,,,1.0,1.0,,,,,3802,,,,0.0,,0.0,,0.0
,,,0.0325520820915699,,0.640625,,,,,,,,,,,1.0,1.0,,,,,3803,,,,0.0,,0.0,,0.0
,,,0.03437500074505806,,0.75,,,,,,,,,,,1.0,1.0,,,,,3804,,,,0.0,,0.0,,0.0
,,,0.02216748706996441,,0.3965517282485962,,,,,,,,,,,1.0,1.0,,,,,3805,,,,0.0,,0.0,,0.0
,,,0.0,,0.0,,,,,,,,,,,1.0,1.0,,,,,3806,,,,0.0,,0.0,,0.0
,,,0.0,,0.0,,,,,,,,,,,1.0,1.0,,,,,3807,,,,0.0,,0.0,,0.0
,,,0.0,,0.19402985274791718,,,,,,,,,,,1.0,1.0,,,,,3808,,,,0.0,,0.0,,0.0
,,,0.0,,0.3515625,,,,,,,,,,,1.0,1.0,,,,,3809,,,,0.0,,0.0,,0.0
,,,0.0,,0.328125,,,,,,,,,,,1.0,1.0,,,,,3810,,,,0.0,,0.0,,0.0
,,,0.1120879128575325,,0.6349206566810608,,,,,,,,,,,1.0,1.0,,,,,3811,,,,0.0,,0.0,,0.0
,,,0.17656250298023224,,1.0,,,,,,,,,,,1.0,1.0,,,,,3812,,,,0.0,,0.0,,0.0
,,,0.1227678582072258,,1.0,,,,,,,,,,,1.0,1.0,,,,,3813,,,,0.0,,0.0,,0.0
,,,0.16477271914482117,,0.6943181753158569,,,,,,,,,,,1.0,1.0,,,,,3814,,,,0.0,,0.0,,0.0
,,,0.0223214291036129,,0.4453125,,,,,,,,,,,1.0,1.0,,,,,3815,,,,0.0,,0.0,,0.0
,,,0.02120535634458065,,0.4375,,,,,,,,,,,1.0,1.0,,,,,3816,,,,0.0,,0.0,,0.0
,,,0.018617020919919014,,0.6924279928207397,,,,,,,,,,,1.0,1.0,,,,,3817,,,,0.0,,0.0,,0.0
,,,0.0,,0.8515625,,,,,,,,,,,1.0,1.0,,,,,3818,,,,0.0,,0.0,,0.0
,,,0.0,,0.796875,,,,,,,,,,,1.0,1.0,,,,,3819,,,,0.0,,0.0,,0.0
,,,0.0013020833721384406,,0.8671875,,,,,,,,,,,1.0,1.0,,,,,3820,,,,0.0,,0.0,,0.0
,,,0.048556432127952576,,0.9921259880065918,,,,,,,,,,,1.0,1.0,,,,,3821,,,,0.0,,0.0,,0.0
,,,0.05624999850988388,,0.9765625,,,,,,,,,,,1.0,1.0,,,,,3822,,,,0.0,,0.0,,0.0
,,,0.052734375,,0.984375,,,,,,,,,,,1.0,1.0,,,,,3823,,,,0.0,,0.0,,0.0
,,,0.027504105120897293,,0.6853448152542114,,,,,,,,,,,1.0,1.0,,,,,3824,,,,0.0,,0.0,,0.0
,,,0.0022321429569274187,,0.3984375,,,,,,,,,,,1.0,1.0,,,,,3825,,,,0.0,,0.0,,0.0
,,,0.0011160714784637094,,0.3828125,,,,,,,,,,,1.0,1.0,,,,,3826,,,,0.0,,0.0,,0.0
,,,0.012363141402602196,,0.5749908685684204,,,,,,,,,,,1.0,1.0,,,,,3827,,,,0.0,,0.0,,0.0
,,,0.00937500037252903,,0.7890625,,,,,,,,,,,1.0,1.0,,,,,3828,,,,0.0,,0.0,,0.0
,,,0.009114583022892475,,0.7578125,,,,,,,,,,,1.0,1.0,,,,,3829,,,,0.0,,0.0,,0.0
,,,0.0193452388048172,,0.8177083730697632,,,,,,,,,,,1.0,1.0,,,,,3830,,,,0.0,,0.0,,0.0
,,,0.02566964365541935,,0.9296875,,,,,,,,,,,1.0,1.0,,,,,3831,,,,0.0,,0.0,,0.0
,,,0.01875000074505806,,0.9453125,,,,,,,,,,,1.0,1.0,,,,,3832,,,,0.0,,0.0,,0.0
,,,0.03844328597187996,,0.8424695730209351,,,,,,,,,,,1.0,1.0,,,,,3833,,,,0.0,,0.0,,0.0
,,,0.02968749962747097,,0.671875,,,,,,,,,,,1.0,1.0,,,,,3834,,,,0.0,,0.0,,0.0
,,,0.0245535708963871,,0.734375,,,,,,,,,,,1.0,1.0,,,,,3835,,,,0.0,,0.0,,0.0
,,,0.0555555559694767,,0.36666667461395264,,,,,,,,,,,1.0,1.0,,,,,3836,,,,0.0,,0.0,,0.0
,,,0.0,,0.0,,,,,,,,,,,1.0,1.0,,,,,3837,,,,0.0,,0.0,,0.0
,,,0.0,,0.0,,,,,,,,,,,1.0,1.0,,,,,3838,,,,0.0,,0.0,,0.0
,,,0.0,,0.1818181872367859,,,,,,,,,,,1.0,1.0,,,,,3839,,,,0.0,,0.0,,0.0
,,,0.0,,0.34375,,,,,,,,,,,1.0,1.0,,,,,3840,,,,0.0,,0.0,,0.0
,,,0.0,,0.328125,,,,,,,,,,,1.0,1.0,,,,,3841,,,,0.0,,0.0,,0.0
,,,0.12169312685728073,,0.625,,,,,,,,,,,1.0,1.0,,,,,3842,,,,0.0,,0.0,,0.0
,,,0.1432291716337204,,1.0,,,,,,,,,,,1.0,1.0,,,,,3843,,,,0.0,,0.0,,0.0
,,,0.1393229216337204,,1.0,,,,,,,,,,,1.0,1.0,,,,,3844,,,,0.0,,0.0,,0.0
,,,0.14499904215335846,,0.740963876247406,,,,,,,,,,,1.0,1.0,,,,,3845,,,,0.0,,0.0,,0.0
,,,0.0146484375,,0.421875,,,,,,,,,,,1.0,1.0,,,,,3846,,,,0.0,,0.0,,0.0
,,,0.0244140625,,0.4765625,,,,,,,,,,,1.0,1.0,,,,,3847,,,,0.0,,0.0,,0.0
,,,0.01225490216165781,,0.6997708082199097,,,,,,,,,,,1.0,1.0,,,,,3848,,,,0.0,,0.0,,0.0
,,,0.0,,0.8046875,,,,,,,,,,,1.0,1.0,,,,,3849,,,,0.0,,0.0,,0.0
,,,0.0,,0.8359375,,,,,,,,,,,1.0,1.0,,,,,3850,,,,0.0,,0.0,,0.0
,,,0.06179402396082878,,0.9006090760231018,,,,,,,,,,,1.0,1.0,,,,,3851,,,,0.0,,0.0,,0.0
,,,0.04296875,,0.9765625,,,,,,,,,,,1.0,1.0,,,,,3852,,,,0.0,,0.0,,0.0
,,,0.05312500149011612,,0.96875,,,,,,,,,,,1.0,1.0,,,,,3853,,,,0.0,,0.0,,0.0
,,,0.02503681741654873,,0.7264715433120728,,,,,,,,,,,1.0,1.0,,,,,3854,,,,0.0,,0.0,,0.0
,,,0.0052083334885537624,,0.375,,,,,,,,,,,1.0,1.0,,,,,3855,,,,0.0,,0.0,,0.0
,,,0.0033482143189758062,,0.3828125,,,,,,,,,,,1.0,1.0,,,,,3856,,,,0.0,,0.0,,0.0
,,,0.0025510205887258053,,0.5758928656578064,,,,,,,,,,,1.0,1.0,,,,,3857,,,,0.0,,0.0,,0.0
,,,0.009114583022892475,,0.765625,,,,,,,,,,,1.0,1.0,,,,,3858,,,,0.0,,0.0,,0.0
,,,0.009765625,,0.7578125,,,,,,,,,,,1.0,1.0,,,,,3859,,,,0.0,,0.0,,0.0
,,,0.0691530704498291,,0.8391608595848083,,,,,,,,,,,1.0,1.0,,,,,3860,,,,0.0,,0.0,,0.0
,,,0.01897321455180645,,0.90625,,,,,,,,,,,1.0,1.0,,,,,3861,,,,0.0,,0.0,,0.0
,,,0.02008928544819355,,0.9140625,,,,,,,,,,,1.0,1.0,,,,,3862,,,,0.0,,0.0,,0.0
,,,0.018372703343629837,,0.9527559280395508,,,,,,,,,,,1.0,1.0,,,,,3863,,,,0.0,,0.0,,0.0
41,0.14619961380958557,0.16281133890151978,,0.6427613496780396,,,,,,,,,,,,,,68.87482452392578,439243.875,4.232290744781494,499.8701477050781,9281,,,0.0,,0.0,,0.0,
41,,,,,,1.5100716352462769,,-17.716405868530273,,9.252297401428223,,,,,,,,,,,,9281,2.5204739570617676,,,,,,,
,,,,,,,,,,,,,,0.0002873040483179639,0.03,,,,,,,9299,,,,,,,,
42,,,,,,,1.5137535333633423,,-17.730310440063477,,9.1953125,0.0002872756449505687,0.029999999329447746,,,1.0,1.0,,,,,9299,,2.5437796115875244,,,,,,
,,,,,,,,,,,,,,0.0002858812838609284,0.03,,,,,,,9349,,,,,,,,
42,,,,,,,1.51775062084198,,-17.65422821044922,,9.5234375,0.0002858527877833694,0.029999999329447746,,,1.0,1.0,,,,,9349,,2.5975775718688965,,,,,,
,,,,,,,,,,,,,,0.0002844531755583612,0.03,,,,,,,9399,,,,,,,,
42,,,,,,,1.523646593093872,,-17.657543182373047,,9.59375,0.00028442454640753567,0.029999999329447746,,,1.0,1.0,,,,,9399,,2.4186182022094727,,,,,,
,,,,,,,,,,,,,,0.0002830198124797747,0.03,,,,,,,9449,,,,,,,,
42,,,,,,,1.5360755920410156,,-17.57839584350586,,9.90625,0.00028299109544605017,0.029999999329447746,,,1.0,1.0,,,,,9449,,2.9935302734375,,,,,,
,,,,,,,,,,,,,,0.0002815812840224157,0.03,,,,,,,9499,,,,,,,,
42,,,,,,,1.5088779926300049,,-17.639015197753906,,9.1328125,0.00028155246400274336,0.029999999329447746,,,1.0,1.0,,,,,9499,,2.4257049560546875,,,,,,
,,,0.015625,,0.734375,,,,,,,,,,,1.0,1.0,,,,,3864,,,,0.0,,0.0,,0.0
,,,0.01116071455180645,,0.734375,,,,,,,,,,,1.0,1.0,,,,,3865,,,,0.0,,0.0,,0.0
,,,0.014423664659261703,,0.8342500925064087,,,,,,,,,,,1.0,1.0,,,,,3866,,,,0.0,,0.0,,0.0
,,,0.00937500037252903,,0.90625,,,,,,,,,,,1.0,1.0,,,,,3867,,,,0.0,,0.0,,0.0
,,,0.009114583022892475,,0.828125,,,,,,,,,,,1.0,1.0,,,,,3868,,,,0.0,,0.0,,0.0
,,,0.006410256493836641,,0.7692307829856873,,,,,,,,,,,1.0,1.0,,,,,3869,,,,0.0,,0.0,,0.0
,,,0.0,,0.6171875,,,,,,,,,,,1.0,1.0,,,,,3870,,,,0.0,,0.0,,0.0
,,,0.0,,0.6953125,,,,,,,,,,,1.0,1.0,,,,,3871,,,,0.0,,0.0,,0.0
,,,0.10227272659540176,,0.849056601524353,,,,,,,,,,,1.0,1.0,,,,,3872,,,,0.0,,0.0,,0.0
,,,0.1302083283662796,,0.9921875,,,,,,,,,,,1.0,1.0,,,,,3873,,,,0.0,,0.0,,0.0
,,,0.1116071417927742,,1.0,,,,,,,,,,,1.0,1.0,,,,,3874,,,,0.0,,0.0,,0.0
,,,0.095703125,,0.9921875,,,,,,,,,,,1.0,1.0,,,,,3875,,,,0.0,,0.0,,0.0
,,,0.20533333718776703,,0.7319999933242798,,,,,,,,,,,1.0,1.0,,,,,3876,,,,0.0,,0.0,,0.0
,,,0.0223214291036129,,0.4453125,,,,,,,,,,,1.0,1.0,,,,,3877,,,,0.0,,0.0,,0.0
,,,0.021484375,,0.4765625,,,,,,,,,,,1.0,1.0,,,,,3878,,,,0.0,,0.0,,0.0
,,,0.05975723639130592,,0.7096171975135803,,,,,,,,,,,1.0,1.0,,,,,3879,,,,0.0,,0.0,,0.0
,,,0.0022321429569274187,,0.9296875,,,,,,,,,,,1.0,1.0,,,,,3880,,,,0.0,,0.0,,0.0
,,,0.010937499813735485,,0.9453125,,,,,,,,,,,1.0,1.0,,,,,3881,,,,0.0,,0.0,,0.0
,,,0.01818181946873665,,0.4886363744735718,,,,,,,,,,,1.0,1.0,,,,,3882,,,,0.0,,0.0,,0.0
,,,0.0,,0.0,,,,,,,,,,,1.0,1.0,,,,,3883,,,,0.0,,0.0,,0.0
,,,0.0,,0.0,,,,,,,,,,,1.0,1.0,,,,,3884,,,,0.0,,0.0,,0.0
,,,0.0,,0.027397260069847107,,,,,,,,,,,1.0,1.0,,,,,3885,,,,0.0,,0.0,,0.0
,,,0.0,,0.0703125,,,,,,,,,,,1.0,1.0,,,,,3886,,,,0.0,,0.0,,0.0
,,,0.0,,0.0625,,,,,,,,,,,1.0,1.0,,,,,3887,,,,0.0,,0.0,,0.0
,,,0.05665024742484093,,0.49408867955207825,,,,,,,,,,,1.0,1.0,,,,,3888,,,,0.0,,0.0,,0.0
,,,0.0611979179084301,,0.9609375,,,,,,,,,,,1.0,1.0,,,,,3889,,,,0.0,,0.0,,0.0
,,,0.05078125,,0.96875,,,,,,,,,,,1.0,1.0,,,,,3890,,,,0.0,,0.0,,0.0
,,,0.06198742240667343,,0.7685534954071045,,,,,,,,,,,1.0,1.0,,,,,3891,,,,0.0,,0.0,,0.0
,,,0.0026041667442768812,,0.5703125,,,,,,,,,,,1.0,1.0,,,,,3892,,,,0.0,,0.0,,0.0
,,,0.0066964286379516125,,0.5625,,,,,,,,,,,1.0,1.0,,,,,3893,,,,0.0,,0.0,,0.0
,,,0.025092829018831253,,0.665937066078186,,,,,,,,,,,1.0,1.0,,,,,3894,,,,0.0,,0.0,,0.0
,,,0.01785714365541935,,0.7578125,,,,,,,,,,,1.0,1.0,,,,,3895,,,,0.0,,0.0,,0.0
,,,0.013020833022892475,,0.6796875,,,,,,,,,,,1.0,1.0,,,,,3896,,,,0.0,,0.0,,0.0
,,,0.026765190064907074,,0.8495073914527893,,,,,,,,,,,1.0,1.0,,,,,3897,,,,0.0,,0.0,,0.0
,,,0.0078125,,0.8203125,,,,,,,,,,,1.0,1.0,,,,,3898,,,,0.0,,0.0,,0.0
,,,0.01692708395421505,,0.8515625,,,,,,,,,,,1.0,1.0,,,,,3899,,,,0.0,,0.0,,0.0
,,,0.004683840554207563,,0.7620503902435303,,,,,,,,,,,1.0,1.0,,,,,3900,,,,0.0,,0.0,,0.0
,,,0.0013020833721384406,,0.6953125,,,,,,,,,,,1.0,1.0,,,,,3901,,,,0.0,,0.0,,0.0
,,,0.0011160714784637094,,0.7109375,,,,,,,,,,,1.0,1.0,,,,,3902,,,,0.0,,0.0,,0.0
,,,0.11428571492433548,,0.8333333730697632,,,,,,,,,,,1.0,1.0,,,,,3903,,,,0.0,,0.0,,0.0
,,,0.1315104216337204,,1.0,,,,,,,,,,,1.0,1.0,,,,,3904,,,,0.0,,0.0,,0.0
,,,0.1302083283662796,,1.0,,,,,,,,,,,1.0,1.0,,,,,3905,,,,0.0,,0.0,,0.0
,,,0.17007575929164886,,0.762499988079071,,,,,,,,,,,1.0,1.0,,,,,3906,,,,0.0,,0.0,,0.0
,,,0.02790178544819355,,0.4296875,,,,,,,,,,,1.0,1.0,,,,,3907,,,,0.0,,0.0,,0.0
,,,0.0234375,,0.453125,,,,,,,,,,,1.0,1.0,,,,,3908,,,,0.0,,0.0,,0.0
,,,0.030141843482851982,,0.6858572959899902,,,,,,,,,,,1.0,1.0,,,,,3909,,,,0.0,,0.0,,0.0
,,,0.0026041667442768812,,0.9453125,,,,,,,,,,,1.0,1.0,,,,,3910,,,,0.0,,0.0,,0.0
,,,0.00390625,,0.921875,,,,,,,,,,,1.0,1.0,,,,,3911,,,,0.0,,0.0,,0.0
,,,0.0065104165114462376,,0.921875,,,,,,,,,,,1.0,1.0,,,,,3912,,,,0.0,,0.0,,0.0
,,,0.0,,0.5,,,,,,,,,,,1.0,1.0,,,,,3913,,,,0.0,,0.0,,0.0
,,,0.0,,0.0,,,,,,,,,,,1.0,1.0,,,,,3914,,,,0.0,,0.0,,0.0
,,,0.0,,0.0,,,,,,,,,,,1.0,1.0,,,,,3915,,,,0.0,,0.0,,0.0
,,,0.0,,0.043103449046611786,,,,,,,,,,,1.0,1.0,,,,,3916,,,,0.0,,0.0,,0.0
,,,0.0,,0.046875,,,,,,,,,,,1.0,1.0,,,,,3917,,,,0.0,,0.0,,0.0
,,,0.0,,0.0546875,,,,,,,,,,,1.0,1.0,,,,,3918,,,,0.0,,0.0,,0.0
,,,0.036303628236055374,,0.4987165331840515,,,,,,,,,,,1.0,1.0,,,,,3919,,,,0.0,,0.0,,0.0
,,,0.0442708320915699,,0.9375,,,,,,,,,,,1.0,1.0,,,,,3920,,,,0.0,,0.0,,0.0
,,,0.0379464291036129,,0.953125,,,,,,,,,,,1.0,1.0,,,,,3921,,,,0.0,,0.0,,0.0
,,,0.0572916641831398,,0.734375,,,,,,,,,,,1.0,1.0,,,,,3922,,,,0.0,,0.0,,0.0
,,,0.0029296875,,0.5546875,,,,,,,,,,,1.0,1.0,,,,,3923,,,,0.0,,0.0,,0.0
,,,0.013020833022892475,,0.4921875,,,,,,,,,,,1.0,1.0,,,,,3924,,,,0.0,,0.0,,0.0
,,,0.029438909143209457,,0.6638981103897095,,,,,,,,,,,1.0,1.0,,,,,3925,,,,0.0,,0.0,,0.0
,,,0.014508928172290325,,0.71875,,,,,,,,,,,1.0,1.0,,,,,3926,,,,0.0,,0.0,,0.0
,,,0.009765625,,0.75,,,,,,,,,,,1.0,1.0,,,,,3927,,,,0.0,,0.0,,0.0
,,,0.022910520434379578,,0.8380531072616577,,,,,,,,,,,1.0,1.0,,,,,3928,,,,0.0,,0.0,,0.0
,,,0.00390625,,0.8359375,,,,,,,,,,,1.0,1.0,,,,,3929,,,,0.0,,0.0,,0.0
,,,0.010416666977107525,,0.8671875,,,,,,,,,,,1.0,1.0,,,,,3930,,,,0.0,,0.0,,0.0
,,,0.007936508394777775,,0.8176767826080322,,,,,,,,,,,1.0,1.0,,,,,3931,,,,0.0,,0.0,,0.0
,,,0.0015625000232830644,,0.671875,,,,,,,,,,,1.0,1.0,,,,,3932,,,,0.0,,0.0,,0.0
,,,0.0,,0.6875,,,,,,,,,,,1.0,1.0,,,,,3933,,,,0.0,,0.0,,0.0
,,,0.10978835821151733,,0.925000011920929,,,,,,,,,,,1.0,1.0,,,,,3934,,,,0.0,,0.0,,0.0
,,,0.1302083283662796,,1.0,,,,,,,,,,,1.0,1.0,,,,,3935,,,,0.0,,0.0,,0.0
,,,0.109375,,1.0,,,,,,,,,,,1.0,1.0,,,,,3936,,,,0.0,,0.0,,0.0
,,,0.1660865694284439,,0.7530120611190796,,,,,,,,,,,1.0,1.0,,,,,3937,,,,0.0,,0.0,,0.0
,,,0.0234375,,0.390625,,,,,,,,,,,1.0,1.0,,,,,3938,,,,0.0,,0.0,,0.0
,,,0.02678571455180645,,0.453125,,,,,,,,,,,1.0,1.0,,,,,3939,,,,0.0,,0.0,,0.0
,,,0.02450980432331562,,0.70944744348526,,,,,,,,,,,1.0,1.0,,,,,3940,,,,0.0,,0.0,,0.0
,,,0.0078125,,0.953125,,,,,,,,,,,1.0,1.0,,,,,3941,,,,0.0,,0.0,,0.0
,,,0.009114583022892475,,0.9140625,,,,,,,,,,,1.0,1.0,,,,,3942,,,,0.0,,0.0,,0.0
,,,0.004983388818800449,,0.47093021869659424,,,,,,,,,,,1.0,1.0,,,,,3943,,,,0.0,,0.0,,0.0
,,,0.0,,0.0,,,,,,,,,,,1.0,1.0,,,,,3944,,,,0.0,,0.0,,0.0
,,,0.0,,0.0,,,,,,,,,,,1.0,1.0,,,,,3945,,,,0.0,,0.0,,0.0
,,,0.0,,0.032258063554763794,,,,,,,,,,,1.0,1.0,,,,,3946,,,,0.0,,0.0,,0.0
,,,0.0,,0.0625,,,,,,,,,,,1.0,1.0,,,,,3947,,,,0.0,,0.0,,0.0
,,,0.0,,0.0703125,,,,,,,,,,,1.0,1.0,,,,,3948,,,,0.0,,0.0,,0.0
,,,0.0416666679084301,,0.4866071343421936,,,,,,,,,,,1.0,1.0,,,,,3949,,,,0.0,,0.0,,0.0
,,,0.0572916679084301,,0.953125,,,,,,,,,,,1.0,1.0,,,,,3950,,,,0.0,,0.0,,0.0
,,,0.04296875,,0.953125,,,,,,,,,,,1.0,1.0,,,,,3951,,,,0.0,,0.0,,0.0
,,,0.05128205195069313,,0.8337218761444092,,,,,,,,,,,1.0,1.0,,,,,3952,,,,0.0,,0.0,,0.0
,,,0.004464285913854837,,0.5,,,,,,,,,,,1.0,1.0,,,,,3953,,,,0.0,,0.0,,0.0
,,,0.004464285913854837,,0.5078125,,,,,,,,,,,1.0,1.0,,,,,3954,,,,0.0,,0.0,,0.0
,,,0.010123735293745995,,0.5511810779571533,,,,,,,,,,,1.0,1.0,,,,,3955,,,,0.0,,0.0,,0.0
42,0.1500634253025055,0.1502802073955536,,0.6222625970840454,,,,,,,,,,,,,,62.68992614746094,314047.0625,4.138200759887695,504.4190979003906,9502,,,0.0,,0.0,,0.0,
42,,,,,,1.514281153678894,,-17.628433227539062,,9.008784294128418,,,,,,,,,,,,9502,2.654783010482788,,,,,,,
,,,,,,,,,,,,,,0.00028013767990569025,0.03,,,,,,,9549,,,,,,,,
43,,,,,,,1.4778088331222534,,-17.536663055419922,,7.08203125,0.0002801087684929371,0.029999999329447746,,,1.0,1.0,,,,,9549,,2.5746030807495117,,,,,,
,,,,,,,,,,,,,,0.0002786890901655671,0.03,,,,,,,9599,,,,,,,,
43,,,,,,,1.5350956916809082,,-17.6129207611084,,9.984375,0.00027866006712429225,0.029999999329447746,,,1.0,1.0,,,,,9599,,3.051809310913086,,,,,,
,,,,,,,,,,,,,,0.00027723560514896243,0.03,,,,,,,9649,,,,,,,,
43,,,,,,,1.522333025932312,,-17.684450149536133,,9.390625,0.0002772064763121307,0.029999999329447746,,,1.0,1.0,,,,,9649,,2.4948196411132812,,,,,,
,,,,,,,,,,,,,,0.0002757773155081063,0.03,,,,,,,9699,,,,,,,,
43,,,,,,,1.51797354221344,,-17.6624813079834,,9.2109375,0.0002757481124717742,0.029999999329447746,,,1.0,1.0,,,,,9699,,2.2265939712524414,,,,,,
,,,0.0580357126891613,,0.984375,,,,,,,,,,,1.0,1.0,,,,,3956,,,,0.0,,0.0,,0.0
,,,0.06640625,,0.984375,,,,,,,,,,,1.0,1.0,,,,,3957,,,,0.0,,0.0,,0.0
,,,0.07245010137557983,,0.7480748295783997,,,,,,,,,,,1.0,1.0,,,,,3958,,,,0.0,,0.0,,0.0
,,,0.00390625,,0.5703125,,,,,,,,,,,1.0,1.0,,,,,3959,,,,0.0,,0.0,,0.0
,,,0.009114583022892475,,0.59375,,,,,,,,,,,1.0,1.0,,,,,3960,,,,0.0,,0.0,,0.0
,,,0.0013736264081671834,,0.25,,,,,,,,,,,1.0,1.0,,,,,3961,,,,0.0,,0.0,,0.0
,,,0.0,,0.0,,,,,,,,,,,1.0,1.0,,,,,3962,,,,0.0,,0.0,,0.0
,,,0.0,,0.0234375,,,,,,,,,,,1.0,1.0,,,,,3963,,,,0.0,,0.0,,0.0
,,,0.005050505045801401,,0.11835335195064545,,,,,,,,,,,1.0,1.0,,,,,3964,,,,0.0,,0.0,,0.0
,,,0.0,,0.1875,,,,,,,,,,,1.0,1.0,,,,,3965,,,,0.0,,0.0,,0.0
,,,0.0,,0.234375,,,,,,,,,,,1.0,1.0,,,,,3966,,,,0.0,,0.0,,0.0
,,,0.0,,0.234375,,,,,,,,,,,1.0,1.0,,,,,3967,,,,0.0,,0.0,,0.0
,,,0.01899999938905239,,0.5773333311080933,,,,,,,,,,,1.0,1.0,,,,,3968,,,,0.0,,0.0,,0.0
,,,0.0223214291036129,,0.5390625,,,,,,,,,,,1.0,1.0,,,,,3969,,,,0.0,,0.0,,0.0
,,,0.0224609375,,0.4765625,,,,,,,,,,,1.0,1.0,,,,,3970,,,,0.0,,0.0,,0.0
,,,0.012345679104328156,,0.3440709710121155,,,,,,,,,,,1.0,1.0,,,,,3971,,,,0.0,,0.0,,0.0
,,,0.0,,0.2578125,,,,,,,,,,,1.0,1.0,,,,,3972,,,,0.0,,0.0,,0.0
,,,0.0,,0.203125,,,,,,,,,,,1.0,1.0,,,,,3973,,,,0.0,,0.0,,0.0
,,,0.02777777798473835,,0.5654761791229248,,,,,,,,,,,1.0,1.0,,,,,3974,,,,0.0,,0.0,,0.0
,,,0.0245535708963871,,0.90625,,,,,,,,,,,1.0,1.0,,,,,3975,,,,0.0,,0.0,,0.0
,,,0.0223214291036129,,0.890625,,,,,,,,,,,1.0,1.0,,,,,3976,,,,0.0,,0.0,,0.0
,,,0.0721876323223114,,0.9066002368927002,,,,,,,,,,,1.0,1.0,,,,,3977,,,,0.0,,0.0,,0.0
,,,0.0401785708963871,,0.8515625,,,,,,,,,,,1.0,1.0,,,,,3978,,,,0.0,,0.0,,0.0
,,,0.0368303582072258,,0.8828125,,,,,,,,,,,1.0,1.0,,,,,3979,,,,0.0,,0.0,,0.0
,,,0.11707717180252075,,0.9270936250686646,,,,,,,,,,,1.0,1.0,,,,,3980,,,,0.0,,0.0,,0.0
,,,0.0885416641831398,,0.9921875,,,,,,,,,,,1.0,1.0,,,,,3981,,,,0.0,,0.0,,0.0
,,,0.0950520858168602,,0.9921875,,,,,,,,,,,1.0,1.0,,,,,3982,,,,0.0,,0.0,,0.0
,,,0.21856603026390076,,0.9583647847175598,,,,,,,,,,,1.0,1.0,,,,,3983,,,,0.0,,0.0,,0.0
,,,0.0591517873108387,,0.9453125,,,,,,,,,,,1.0,1.0,,,,,3984,,,,0.0,,0.0,,0.0
,,,0.06562499701976776,,0.875,,,,,,,,,,,1.0,1.0,,,,,3985,,,,0.0,,0.0,,0.0
,,,0.10533516108989716,,0.9941176176071167,,,,,,,,,,,1.0,1.0,,,,,3986,,,,0.0,,0.0,,0.0
,,,0.0729166641831398,,0.9609375,,,,,,,,,,,1.0,1.0,,,,,3987,,,,0.0,,0.0,,0.0
,,,0.0535714291036129,,0.9765625,,,,,,,,,,,1.0,1.0,,,,,3988,,,,0.0,,0.0,,0.0
,,,0.08185549825429916,,0.7470443248748779,,,,,,,,,,,1.0,1.0,,,,,3989,,,,0.0,,0.0,,0.0
,,,0.009114583022892475,,0.578125,,,,,,,,,,,1.0,1.0,,,,,3990,,,,0.0,,0.0,,0.0
,,,0.00390625,,0.5546875,,,,,,,,,,,1.0,1.0,,,,,3991,,,,0.0,,0.0,,0.0
,,,0.004098360426723957,,0.2950819730758667,,,,,,,,,,,1.0,1.0,,,,,3992,,,,0.0,,0.0,,0.0
,,,0.0,,0.0,,,,,,,,,,,1.0,1.0,,,,,3993,,,,0.0,,0.0,,0.0
,,,0.0,,0.0,,,,,,,,,,,1.0,1.0,,,,,3994,,,,0.0,,0.0,,0.0
,,,0.0,,0.0923076942563057,,,,,,,,,,,1.0,1.0,,,,,3995,,,,0.0,,0.0,,0.0
,,,0.0,,0.1953125,,,,,,,,,,,1.0,1.0,,,,,3996,,,,0.0,,0.0,,0.0
,,,0.0,,0.203125,,,,,,,,,,,1.0,1.0,,,,,3997,,,,0.0,,0.0,,0.0
,,,0.015625,,0.3693181872367859,,,,,,,,,,,1.0,1.0,,,,,3998,,,,0.0,,0.0,,0.0
,,,0.02790178544819355,,0.484375,,,,,,,,,,,1.0,1.0,,,,,3999,,,,0.0,,0.0,,0.0
,,,0.02008928544819355,,0.59375,,,,,,,,,,,1.0,1.0,,,,,4000,,,,0.0,,0.0,,0.0
,,,0.026595745235681534,,0.41301625967025757,,,,,,,,,,,1.0,1.0,,,,,4001,,,,0.0,,0.0,,0.0
,,,0.0,,0.2734375,,,,,,,,,,,1.0,1.0,,,,,4002,,,,0.0,,0.0,,0.0
,,,0.0,,0.1875,,,,,,,,,,,1.0,1.0,,,,,4003,,,,0.0,,0.0,,0.0
,,,0.0,,0.2578125,,,,,,,,,,,1.0,1.0,,,,,4004,,,,0.0,,0.0,,0.0
,,,0.02493438310921192,,0.4448818862438202,,,,,,,,,,,1.0,1.0,,,,,4005,,,,0.0,,0.0,,0.0
,,,0.02790178544819355,,0.90625,,,,,,,,,,,1.0,1.0,,,,,4006,,,,0.0,,0.0,,0.0
,,,0.02734375,,0.921875,,,,,,,,,,,1.0,1.0,,,,,4007,,,,0.0,,0.0,,0.0
,,,0.040640391409397125,,0.8807471394538879,,,,,,,,,,,1.0,1.0,,,,,4008,,,,0.0,,0.0,,0.0
,,,0.0442708320915699,,0.8515625,,,,,,,,,,,1.0,1.0,,,,,4009,,,,0.0,,0.0,,0.0
,,,0.0424107126891613,,0.875,,,,,,,,,,,1.0,1.0,,,,,4010,,,,0.0,,0.0,,0.0
,,,0.13396894931793213,,0.9444444179534912,,,,,,,,,,,1.0,1.0,,,,,4011,,,,0.0,,0.0,,0.0
,,,0.0911458358168602,,1.0,,,,,,,,,,,1.0,1.0,,,,,4012,,,,0.0,,0.0,,0.0
,,,0.1106770858168602,,0.984375,,,,,,,,,,,1.0,1.0,,,,,4013,,,,0.0,,0.0,,0.0
,,,0.1736111044883728,,0.9635416269302368,,,,,,,,,,,1.0,1.0,,,,,4014,,,,0.0,,0.0,,0.0
,,,0.06640625,,0.9296875,,,,,,,,,,,1.0,1.0,,,,,4015,,,,0.0,,0.0,,0.0
,,,0.0572916679084301,,0.953125,,,,,,,,,,,1.0,1.0,,,,,4016,,,,0.0,,0.0,,0.0
,,,0.12947583198547363,,0.9645625352859497,,,,,,,,,,,1.0,1.0,,,,,4017,,,,0.0,,0.0,,0.0
,,,0.06640625,,0.953125,,,,,,,,,,,1.0,1.0,,,,,4018,,,,0.0,,0.0,,0.0
,,,0.0602678582072258,,0.96875,,,,,,,,,,,1.0,1.0,,,,,4019,,,,0.0,,0.0,,0.0
,,,0.1073746308684349,,0.7743362784385681,,,,,,,,,,,1.0,1.0,,,,,4020,,,,0.0,,0.0,,0.0
,,,0.0052083334885537624,,0.5390625,,,,,,,,,,,1.0,1.0,,,,,4021,,,,0.0,,0.0,,0.0
,,,0.0065104165114462376,,0.5859375,,,,,,,,,,,1.0,1.0,,,,,4022,,,,0.0,,0.0,,0.0
,,,0.0,,0.1944444477558136,,,,,,,,,,,1.0,1.0,,,,,4023,,,,0.0,,0.0,,0.0
,,,0.0,,0.0,,,,,,,,,,,1.0,1.0,,,,,4024,,,,0.0,,0.0,,0.0
,,,0.0,,0.0,,,,,,,,,,,1.0,1.0,,,,,4025,,,,0.0,,0.0,,0.0
,,,0.0,,0.08796296268701553,,,,,,,,,,,1.0,1.0,,,,,4026,,,,0.0,,0.0,,0.0
,,,0.0,,0.1875,,,,,,,,,,,1.0,1.0,,,,,4027,,,,0.0,,0.0,,0.0
,,,0.0,,0.2265625,,,,,,,,,,,1.0,1.0,,,,,4028,,,,0.0,,0.0,,0.0
,,,0.02560240961611271,,0.38821953535079956,,,,,,,,,,,1.0,1.0,,,,,4029,,,,0.0,,0.0,,0.0
,,,0.0146484375,,0.46875,,,,,,,,,,,1.0,1.0,,,,,4030,,,,0.0,,0.0,,0.0
,,,0.03515625,,0.5390625,,,,,,,,,,,1.0,1.0,,,,,4031,,,,0.0,,0.0,,0.0
,,,0.01715686358511448,,0.44321364164352417,,,,,,,,,,,1.0,1.0,,,,,4032,,,,0.0,,0.0,,0.0
,,,0.0,,0.25,,,,,,,,,,,1.0,1.0,,,,,4033,,,,0.0,,0.0,,0.0
,,,0.0,,0.1953125,,,,,,,,,,,1.0,1.0,,,,,4034,,,,0.0,,0.0,,0.0
,,,0.020408164709806442,,0.6273532509803772,,,,,,,,,,,1.0,1.0,,,,,4035,,,,0.0,,0.0,,0.0
,,,0.0338541679084301,,0.890625,,,,,,,,,,,1.0,1.0,,,,,4036,,,,0.0,,0.0,,0.0
,,,0.03125,,0.9140625,,,,,,,,,,,1.0,1.0,,,,,4037,,,,0.0,,0.0,,0.0
,,,0.08834940195083618,,0.9161955118179321,,,,,,,,,,,1.0,1.0,,,,,4038,,,,0.0,,0.0,,0.0
,,,0.0412946417927742,,0.8515625,,,,,,,,,,,1.0,1.0,,,,,4039,,,,0.0,,0.0,,0.0
,,,0.0345982126891613,,0.875,,,,,,,,,,,1.0,1.0,,,,,4040,,,,0.0,,0.0,,0.0
,,,0.10331632941961288,,0.9241071343421936,,,,,,,,,,,1.0,1.0,,,,,4041,,,,0.0,,0.0,,0.0
,,,0.1015625,,0.984375,,,,,,,,,,,1.0,1.0,,,,,4042,,,,0.0,,0.0,,0.0
,,,0.109375,,0.9921875,,,,,,,,,,,1.0,1.0,,,,,4043,,,,0.0,,0.0,,0.0
,,,0.17974618077278137,,0.9914529919624329,,,,,,,,,,,1.0,1.0,,,,,4044,,,,0.0,,0.0,,0.0
,,,0.09218750149011612,,0.953125,,,,,,,,,,,1.0,1.0,,,,,4045,,,,0.0,,0.0,,0.0
,,,0.0481770820915699,,0.8671875,,,,,,,,,,,1.0,1.0,,,,,4046,,,,0.0,,0.0,,0.0
,,,0.07086614519357681,,0.9763779640197754,,,,,,,,,,,1.0,1.0,,,,,4047,,,,0.0,,0.0,,0.0
43,0.1503303050994873,0.20395717024803162,,0.6201093196868896,,,,,,,,,,,,,,64.7656478881836,639932.6875,4.170775413513184,497.93115234375,9723,,,0.0,,0.0,,0.0,
43,,,,,,1.5128576755523682,,-17.628337860107422,,8.861849784851074,,,,,,,,,,,,9723,2.5157458782196045,,,,,,,
,,,,,,,,,,,,,,0.0002743143121948871,0.03,,,,,,,9749,,,,,,,,
44,,,,,,,1.4932053089141846,,-17.679107666015625,,8.296875,0.0002742850047070533,0.029999999329447746,,,1.0,1.0,,,,,9749,,2.628416061401367,,,,,,
,,,,,,,,,,,,,,0.00027284668645517974,0.03,,,,,,,9799,,,,,,,,
44,,,,,,,1.4994878768920898,,-17.705387115478516,,8.7109375,0.0002728172985371202,0.029999999329447746,,,1.0,1.0,,,,,9799,,2.3346896171569824,,,,,,
,,,,,,,,,,,,,,0.00027137452982315465,0.03,,,,,,,9849,,,,,,,,
44,,,,,,,1.5117027759552002,,-17.715038299560547,,9.0078125,0.0002713450521696359,0.029999999329447746,,,1.0,1.0,,,,,9849,,2.2950515747070312,,,,,,
,,,,,,,,,,,,,,0.0002698979341155697,0.03,,,,,,,9899,,,,,,,,
44,,,,,,,1.5025365352630615,,-17.694625854492188,,8.453125,0.0002698683529160917,0.029999999329447746,,,1.0,1.0,,,,,9899,,2.4180707931518555,,,,,,
,,,0.0442708320915699,,0.9140625,,,,,,,,,,,1.0,1.0,,,,,4048,,,,0.0,,0.0,,0.0
,,,0.03750000149011612,,0.875,,,,,,,,,,,1.0,1.0,,,,,4049,,,,0.0,,0.0,,0.0
,,,0.07077374309301376,,0.8615695238113403,,,,,,,,,,,1.0,1.0,,,,,4050,,,,0.0,,0.0,,0.0
,,,0.0062500000931322575,,0.8515625,,,,,,,,,,,1.0,1.0,,,,,4051,,,,0.0,,0.0,,0.0
,,,0.0,,0.7890625,,,,,,,,,,,1.0,1.0,,,,,4052,,,,0.0,,0.0,,0.0
,,,0.0032051282469183207,,0.697115421295166,,,,,,,,,,,1.0,1.0,,,,,4053,,,,0.0,,0.0,,0.0
,,,0.0,,0.703125,,,,,,,,,,,1.0,1.0,,,,,4054,,,,0.0,,0.0,,0.0
,,,0.0,,0.6796875,,,,,,,,,,,1.0,1.0,,,,,4055,,,,0.0,,0.0,,0.0
,,,0.0,,0.5763293504714966,,,,,,,,,,,1.0,1.0,,,,,4056,,,,0.0,,0.0,,0.0
,,,0.00390625,,0.4140625,,,,,,,,,,,1.0,1.0,,,,,4057,,,,0.0,,0.0,,0.0
,,,0.0,,0.34375,,,,,,,,,,,1.0,1.0,,,,,4058,,,,0.0,,0.0,,0.0
,,,0.0033482143189758062,,0.375,,,,,,,,,,,1.0,1.0,,,,,4059,,,,0.0,,0.0,,0.0
,,,0.12159999459981918,,0.9639999866485596,,,,,,,,,,,1.0,1.0,,,,,4060,,,,0.0,,0.0,,0.0
,,,0.1927083283662796,,0.953125,,,,,,,,,,,1.0,1.0,,,,,4061,,,,0.0,,0.0,,0.0
,,,0.14453125,,0.9375,,,,,,,,,,,1.0,1.0,,,,,4062,,,,0.0,,0.0,,0.0
,,,0.09259259700775146,,0.5252100825309753,,,,,,,,,,,1.0,1.0,,,,,4063,,,,0.0,,0.0,,0.0
,,,0.0,,0.0625,,,,,,,,,,,1.0,1.0,,,,,4064,,,,0.0,,0.0,,0.0
,,,0.0,,0.09375,,,,,,,,,,,1.0,1.0,,,,,4065,,,,0.0,,0.0,,0.0
,,,0.0,,0.40259742736816406,,,,,,,,,,,1.0,1.0,,,,,4066,,,,0.0,,0.0,,0.0
,,,0.0015625000232830644,,0.765625,,,,,,,,,,,1.0,1.0,,,,,4067,,,,0.0,,0.0,,0.0
,,,0.005859375,,0.75,,,,,,,,,,,1.0,1.0,,,,,4068,,,,0.0,,0.0,,0.0
,,,0.004566209856420755,,0.6466999053955078,,,,,,,,,,,1.0,1.0,,,,,4069,,,,0.0,,0.0,,0.0
,,,0.004687500186264515,,0.515625,,,,,,,,,,,1.0,1.0,,,,,4070,,,,0.0,,0.0,,0.0
,,,0.0078125,,0.5546875,,,,,,,,,,,1.0,1.0,,,,,4071,,,,0.0,,0.0,,0.0
,,,0.0057142856530845165,,0.46551722288131714,,,,,,,,,,,1.0,1.0,,,,,4072,,,,0.0,,0.0,,0.0
,,,0.0011160714784637094,,0.390625,,,,,,,,,,,1.0,1.0,,,,,4073,,,,0.0,,0.0,,0.0
,,,0.0,,0.390625,,,,,,,,,,,1.0,1.0,,,,,4074,,,,0.0,,0.0,,0.0
,,,0.15723270177841187,,0.6800000071525574,,,,,,,,,,,1.0,1.0,,,,,4075,,,,0.0,,0.0,,0.0
,,,0.18281249701976776,,0.9921875,,,,,,,,,,,1.0,1.0,,,,,4076,,,,0.0,,0.0,,0.0
,,,0.21484375,,0.984375,,,,,,,,,,,1.0,1.0,,,,,4077,,,,0.0,,0.0,,0.0
,,,0.3911536931991577,,0.93597811460495,,,,,,,,,,,1.0,1.0,,,,,4078,,,,0.0,,0.0,,0.0
,,,0.06640625,,0.890625,,,,,,,,,,,1.0,1.0,,,,,4079,,,,0.0,,0.0,,0.0
,,,0.0390625,,0.8828125,,,,,,,,,,,1.0,1.0,,,,,4080,,,,0.0,,0.0,,0.0
,,,0.04885057732462883,,0.865517258644104,,,,,,,,,,,1.0,1.0,,,,,4081,,,,0.0,,0.0,,0.0
,,,0.0026041667442768812,,0.7890625,,,,,,,,,,,1.0,1.0,,,,,4082,,,,0.0,,0.0,,0.0
,,,0.0011160714784637094,,0.765625,,,,,,,,,,,1.0,1.0,,,,,4083,,,,0.0,,0.0,,0.0
,,,0.0027322403620928526,,0.744922935962677,,,,,,,,,,,1.0,1.0,,,,,4084,,,,0.0,,0.0,,0.0
,,,0.0,,0.734375,,,,,,,,,,,1.0,1.0,,,,,4085,,,,0.0,,0.0,,0.0
,,,0.0,,0.640625,,,,,,,,,,,1.0,1.0,,,,,4086,,,,0.0,,0.0,,0.0
,,,0.002197802299633622,,0.5886446833610535,,,,,,,,,,,1.0,1.0,,,,,4087,,,,0.0,,0.0,,0.0
,,,0.0,,0.390625,,,,,,,,,,,1.0,1.0,,,,,4088,,,,0.0,,0.0,,0.0
,,,0.0,,0.3671875,,,,,,,,,,,1.0,1.0,,,,,4089,,,,0.0,,0.0,,0.0
,,,0.11250000447034836,,0.6727272868156433,,,,,,,,,,,1.0,1.0,,,,,4090,,,,0.0,,0.0,,0.0
,,,0.1796875,,0.921875,,,,,,,,,,,1.0,1.0,,,,,4091,,,,0.0,,0.0,,0.0
,,,0.1979166716337204,,0.953125,,,,,,,,,,,1.0,1.0,,,,,4092,,,,0.0,,0.0,,0.0
,,,0.08865248411893845,,0.5187734961509705,,,,,,,,,,,1.0,1.0,,,,,4093,,,,0.0,,0.0,,0.0
,,,0.0,,0.0546875,,,,,,,,,,,1.0,1.0,,,,,4094,,,,0.0,,0.0,,0.0
,,,0.0,,0.0625,,,,,,,,,,,1.0,1.0,,,,,4095,,,,0.0,,0.0,,0.0
,,,0.0,,0.0625,,,,,,,,,,,1.0,1.0,,,,,4096,,,,0.0,,0.0,,0.0
,,,0.0031496062874794006,,0.35039371252059937,,,,,,,,,,,1.0,1.0,,,,,4097,,,,0.0,,0.0,,0.0
,,,0.00390625,,0.78125,,,,,,,,,,,1.0,1.0,,,,,4098,,,,0.0,,0.0,,0.0
,,,0.005859375,,0.734375,,,,,,,,,,,1.0,1.0,,,,,4099,,,,0.0,,0.0,,0.0
,,,0.005747126415371895,,0.6795977354049683,,,,,,,,,,,1.0,1.0,,,,,4100,,,,0.0,,0.0,,0.0
,,,0.009114583022892475,,0.515625,,,,,,,,,,,1.0,1.0,,,,,4101,,,,0.0,,0.0,,0.0
,,,0.013671875,,0.546875,,,,,,,,,,,1.0,1.0,,,,,4102,,,,0.0,,0.0,,0.0
,,,0.001650164951570332,,0.42519253492355347,,,,,,,,,,,1.0,1.0,,,,,4103,,,,0.0,,0.0,,0.0
,,,0.0,,0.3515625,,,,,,,,,,,1.0,1.0,,,,,4104,,,,0.0,,0.0,,0.0
,,,0.0,,0.375,,,,,,,,,,,1.0,1.0,,,,,4105,,,,0.0,,0.0,,0.0
,,,0.234375,,0.609375,,,,,,,,,,,1.0,1.0,,,,,4106,,,,0.0,,0.0,,0.0
,,,0.224609375,,1.0,,,,,,,,,,,1.0,1.0,,,,,4107,,,,0.0,,0.0,,0.0
,,,0.3098958432674408,,0.9921875,,,,,,,,,,,1.0,1.0,,,,,4108,,,,0.0,,0.0,,0.0
,,,0.2872369885444641,,0.9534883499145508,,,,,,,,,,,1.0,1.0,,,,,4109,,,,0.0,,0.0,,0.0
,,,0.04374999925494194,,0.859375,,,,,,,,,,,1.0,1.0,,,,,4110,,,,0.0,,0.0,,0.0
,,,0.05000000074505806,,0.875,,,,,,,,,,,1.0,1.0,,,,,4111,,,,0.0,,0.0,,0.0
,,,0.10218289494514465,,0.849262535572052,,,,,,,,,,,1.0,1.0,,,,,4112,,,,0.0,,0.0,,0.0
,,,0.0015625000232830644,,0.78125,,,,,,,,,,,1.0,1.0,,,,,4113,,,,0.0,,0.0,,0.0
,,,0.0031250000465661287,,0.7734375,,,,,,,,,,,1.0,1.0,,,,,4114,,,,0.0,,0.0,,0.0
,,,0.009259259328246117,,0.7247474789619446,,,,,,,,,,,1.0,1.0,,,,,4115,,,,0.0,,0.0,,0.0
,,,0.0,,0.7109375,,,,,,,,,,,1.0,1.0,,,,,4116,,,,0.0,,0.0,,0.0
,,,0.0,,0.6875,,,,,,,,,,,1.0,1.0,,,,,4117,,,,0.0,,0.0,,0.0
,,,0.0013227512827143073,,0.489814817905426,,,,,,,,,,,1.0,1.0,,,,,4118,,,,0.0,,0.0,,0.0
,,,0.0,,0.359375,,,,,,,,,,,1.0,1.0,,,,,4119,,,,0.0,,0.0,,0.0
,,,0.0015625000232830644,,0.390625,,,,,,,,,,,1.0,1.0,,,,,4120,,,,0.0,,0.0,,0.0
,,,0.16265060007572174,,0.6416332125663757,,,,,,,,,,,1.0,1.0,,,,,4121,,,,0.0,,0.0,,0.0
,,,0.1770833283662796,,0.9375,,,,,,,,,,,1.0,1.0,,,,,4122,,,,0.0,,0.0,,0.0
,,,0.2005208283662796,,0.9375,,,,,,,,,,,1.0,1.0,,,,,4123,,,,0.0,,0.0,,0.0
,,,0.0784313753247261,,0.516170084476471,,,,,,,,,,,1.0,1.0,,,,,4124,,,,0.0,,0.0,,0.0
,,,0.0,,0.0390625,,,,,,,,,,,1.0,1.0,,,,,4125,,,,0.0,,0.0,,0.0
,,,0.0,,0.0390625,,,,,,,,,,,1.0,1.0,,,,,4126,,,,0.0,,0.0,,0.0
,,,0.004761904943734407,,0.33859360218048096,,,,,,,,,,,1.0,1.0,,,,,4127,,,,0.0,,0.0,,0.0
,,,0.001953125,,0.7578125,,,,,,,,,,,1.0,1.0,,,,,4128,,,,0.0,,0.0,,0.0
,,,0.0,,0.8046875,,,,,,,,,,,1.0,1.0,,,,,4129,,,,0.0,,0.0,,0.0
,,,0.005376344081014395,,0.6717658638954163,,,,,,,,,,,1.0,1.0,,,,,4130,,,,0.0,,0.0,,0.0
,,,0.0052083334885537624,,0.5078125,,,,,,,,,,,1.0,1.0,,,,,4131,,,,0.0,,0.0,,0.0
,,,0.014322916977107525,,0.515625,,,,,,,,,,,1.0,1.0,,,,,4132,,,,0.0,,0.0,,0.0
,,,0.0038265306502580643,,0.5223214626312256,,,,,,,,,,,1.0,1.0,,,,,4133,,,,0.0,,0.0,,0.0
,,,0.0,,0.453125,,,,,,,,,,,1.0,1.0,,,,,4134,,,,0.0,,0.0,,0.0
,,,0.0,,0.3671875,,,,,,,,,,,1.0,1.0,,,,,4135,,,,0.0,,0.0,,0.0
,,,0.13636364042758942,,0.6495726704597473,,,,,,,,,,,1.0,1.0,,,,,4136,,,,0.0,,0.0,,0.0
,,,0.3125,,1.0,,,,,,,,,,,1.0,1.0,,,,,4137,,,,0.0,,0.0,,0.0
,,,0.216796875,,0.984375,,,,,,,,,,,1.0,1.0,,,,,4138,,,,0.0,,0.0,,0.0
,,,0.23622047901153564,,1.0,,,,,,,,,,,1.0,1.0,,,,,4139,,,,0.0,,0.0,,0.0
44,0.1414477527141571,0.18145203590393066,,0.6412755250930786,,,,,,,,,,,,,,62.487815856933594,408701.625,4.134971618652344,499.5002136230469,9944,,,0.0,,0.0,,0.0,
44,,,,,,1.5103695392608643,,-17.69332504272461,,8.928467750549316,,,,,,,,,,,,9944,2.423510789871216,,,,,,,
,,,,,,,,,,,,,,0.0002684169914260417,0.03,,,,,,,9949,,,,,,,,
45,,,,,,,1.5110464096069336,,-17.695514678955078,,9.0859375,0.0002683873171918094,0.029999999329447746,,,1.0,1.0,,,,,9949,,2.3324737548828125,,,,,,
,,,,,,,,,,,,,,0.00026693179411930464,0.03,,,,,,,9999,,,,,,,,
45,,,,,,,1.5239779949188232,,-17.710039138793945,,9.1796875,0.0002669020614121109,0.029999999329447746,,,1.0,1.0,,,,,9999,,2.2733917236328125,,,,,,
,,,,,,,,,,,,,,0.00026544243482544785,0.03,,,,,,,10049,,,,,,,,
45,,,,,,,1.5078375339508057,,-17.688302993774414,,8.7578125,0.00026541261468082666,0.029999999329447746,,,1.0,1.0,,,,,10049,,2.4659266471862793,,,,,,
,,,,,,,,,,,,,,0.0002639490064341394,0.03,,,,,,,10099,,,,,,,,
45,,,,,,,1.5078299045562744,,-17.723812103271484,,8.90625,0.00026391909341327846,0.029999999329447746,,,1.0,1.0,,,,,10099,,2.4252233505249023,,,,,,
,,,,,,,,,,,,,,0.00026245160208883243,0.03,,,,,,,10149,,,,,,,,
45,,,,,,,1.4817763566970825,,-17.70212173461914,,7.88671875,0.00026242161402478814,0.029999999329447746,,,1.0,1.0,,,,,10149,,2.448883533477783,,,,,,
,,,0.0658482164144516,,0.890625,,,,,,,,,,,1.0,1.0,,,,,4140,,,,0.0,,0.0,,0.0
,,,0.0625,,0.8984375,,,,,,,,,,,1.0,1.0,,,,,4141,,,,0.0,,0.0,,0.0
,,,0.07237807661294937,,0.7455078363418579,,,,,,,,,,,1.0,1.0,,,,,4142,,,,0.0,,0.0,,0.0
,,,0.0013020833721384406,,0.4765625,,,,,,,,,,,1.0,1.0,,,,,4143,,,,0.0,,0.0,,0.0
,,,0.0022321429569274187,,0.4140625,,,,,,,,,,,1.0,1.0,,,,,4144,,,,0.0,,0.0,,0.0
,,,0.016826923936605453,,0.7243589758872986,,,,,,,,,,,1.0,1.0,,,,,4145,,,,0.0,,0.0,,0.0
,,,0.0087890625,,0.96875,,,,,,,,,,,1.0,1.0,,,,,4146,,,,0.0,,0.0,,0.0
,,,0.013392857275903225,,0.9609375,,,,,,,,,,,1.0,1.0,,,,,4147,,,,0.0,,0.0,,0.0
,,,0.05109042301774025,,0.916809618473053,,,,,,,,,,,1.0,1.0,,,,,4148,,,,0.0,,0.0,,0.0
,,,0.0361328125,,0.8671875,,,,,,,,,,,1.0,1.0,,,,,4149,,,,0.0,,0.0,,0.0
,,,0.04296875,,0.9296875,,,,,,,,,,,1.0,1.0,,,,,4150,,,,0.0,,0.0,,0.0
,,,0.0368303582072258,,0.8828125,,,,,,,,,,,1.0,1.0,,,,,4151,,,,0.0,,0.0,,0.0
,,,0.13111111521720886,,0.7720000147819519,,,,,,,,,,,1.0,1.0,,,,,4152,,,,0.0,,0.0,,0.0
,,,0.0234375,,0.53125,,,,,,,,,,,1.0,1.0,,,,,4153,,,,0.0,,0.0,,0.0
,,,0.02566964365541935,,0.4140625,,,,,,,,,,,1.0,1.0,,,,,4154,,,,0.0,,0.0,,0.0
,,,0.047969188541173935,,0.698879599571228,,,,,,,,,,,1.0,1.0,,,,,4155,,,,0.0,,0.0,,0.0
,,,0.00390625,,0.671875,,,,,,,,,,,1.0,1.0,,,,,4156,,,,0.0,,0.0,,0.0
,,,0.0033482143189758062,,0.6328125,,,,,,,,,,,1.0,1.0,,,,,4157,,,,0.0,,0.0,,0.0
,,,0.0,,0.40638530254364014,,,,,,,,,,,1.0,1.0,,,,,4158,,,,0.0,,0.0,,0.0
,,,0.0,,0.0546875,,,,,,,,,,,1.0,1.0,,,,,4159,,,,0.0,,0.0,,0.0
,,,0.0,,0.078125,,,,,,,,,,,1.0,1.0,,,,,4160,,,,0.0,,0.0,,0.0
,,,0.0,,0.09115815162658691,,,,,,,,,,,1.0,1.0,,,,,4161,,,,0.0,,0.0,,0.0
,,,0.0,,0.046875,,,,,,,,,,,1.0,1.0,,,,,4162,,,,0.0,,0.0,,0.0
,,,0.0,,0.0546875,,,,,,,,,,,1.0,1.0,,,,,4163,,,,0.0,,0.0,,0.0
,,,0.006465517450124025,,0.4480295479297638,,,,,,,,,,,1.0,1.0,,,,,4164,,,,0.0,,0.0,,0.0
,,,0.00390625,,0.8125,,,,,,,,,,,1.0,1.0,,,,,4165,,,,0.0,,0.0,,0.0
,,,0.0066964286379516125,,0.8515625,,,,,,,,,,,1.0,1.0,,,,,4166,,,,0.0,,0.0,,0.0
,,,0.11515723168849945,,0.9038993716239929,,,,,,,,,,,1.0,1.0,,,,,4167,,,,0.0,,0.0,,0.0
,,,0.15625,,0.984375,,,,,,,,,,,1.0,1.0,,,,,4168,,,,0.0,,0.0,,0.0
,,,0.1060267835855484,,0.953125,,,,,,,,,,,1.0,1.0,,,,,4169,,,,0.0,,0.0,,0.0
,,,0.1790502369403839,,0.9476060271263123,,,,,,,,,,,1.0,1.0,,,,,4170,,,,0.0,,0.0,,0.0
,,,0.078125,,0.8828125,,,,,,,,,,,1.0,1.0,,,,,4171,,,,0.0,,0.0,,0.0
,,,0.0636160746216774,,0.890625,,,,,,,,,,,1.0,1.0,,,,,4172,,,,0.0,,0.0,,0.0
,,,0.102955661714077,,0.7054187059402466,,,,,,,,,,,1.0,1.0,,,,,4173,,,,0.0,,0.0,,0.0
,,,0.0033482143189758062,,0.421875,,,,,,,,,,,1.0,1.0,,,,,4174,,,,0.0,,0.0,,0.0
,,,0.0022321429569274187,,0.4921875,,,,,,,,,,,1.0,1.0,,,,,4175,,,,0.0,,0.0,,0.0
,,,0.011194029822945595,,0.7227795720100403,,,,,,,,,,,1.0,1.0,,,,,4176,,,,0.0,,0.0,,0.0
,,,0.013020833022892475,,0.9765625,,,,,,,,,,,1.0,1.0,,,,,4177,,,,0.0,,0.0,,0.0
,,,0.01227678544819355,,0.9765625,,,,,,,,,,,1.0,1.0,,,,,4178,,,,0.0,,0.0,,0.0
,,,0.06209663301706314,,0.9144078493118286,,,,,,,,,,,1.0,1.0,,,,,4179,,,,0.0,,0.0,,0.0
,,,0.0446428582072258,,0.8671875,,,,,,,,,,,1.0,1.0,,,,,4180,,,,0.0,,0.0,,0.0
,,,0.033203125,,0.875,,,,,,,,,,,1.0,1.0,,,,,4181,,,,0.0,,0.0,,0.0
,,,0.06396104395389557,,0.7647727131843567,,,,,,,,,,,1.0,1.0,,,,,4182,,,,0.0,,0.0,,0.0
,,,0.0146484375,,0.5234375,,,,,,,,,,,1.0,1.0,,,,,4183,,,,0.0,,0.0,,0.0
,,,0.02994791604578495,,0.46875,,,,,,,,,,,1.0,1.0,,,,,4184,,,,0.0,,0.0,,0.0
,,,0.035043805837631226,,0.660513162612915,,,,,,,,,,,1.0,1.0,,,,,4185,,,,0.0,,0.0,,0.0
,,,0.0026041667442768812,,0.71875,,,,,,,,,,,1.0,1.0,,,,,4186,,,,0.0,,0.0,,0.0
,,,0.0026041667442768812,,0.6015625,,,,,,,,,,,1.0,1.0,,,,,4187,,,,0.0,,0.0,,0.0
,,,0.0022321429569274187,,0.65625,,,,,,,,,,,1.0,1.0,,,,,4188,,,,0.0,,0.0,,0.0
,,,0.0,,0.03937007859349251,,,,,,,,,,,1.0,1.0,,,,,4189,,,,0.0,,0.0,,0.0
,,,0.0,,0.0390625,,,,,,,,,,,1.0,1.0,,,,,4190,,,,0.0,,0.0,,0.0
,,,0.0,,0.0703125,,,,,,,,,,,1.0,1.0,,,,,4191,,,,0.0,,0.0,,0.0
,,,0.0,,0.0517241396009922,,,,,,,,,,,1.0,1.0,,,,,4192,,,,0.0,,0.0,,0.0
,,,0.0,,0.0546875,,,,,,,,,,,1.0,1.0,,,,,4193,,,,0.0,,0.0,,0.0
,,,0.0,,0.0625,,,,,,,,,,,1.0,1.0,,,,,4194,,,,0.0,,0.0,,0.0
,,,0.005657708737999201,,0.42684268951416016,,,,,,,,,,,1.0,1.0,,,,,4195,,,,0.0,,0.0,,0.0
,,,0.005580357275903225,,0.828125,,,,,,,,,,,1.0,1.0,,,,,4196,,,,0.0,,0.0,,0.0
,,,0.01116071455180645,,0.8046875,,,,,,,,,,,1.0,1.0,,,,,4197,,,,0.0,,0.0,,0.0
,,,0.119047611951828,,0.875,,,,,,,,,,,1.0,1.0,,,,,4198,,,,0.0,,0.0,,0.0
,,,0.205078125,,0.9765625,,,,,,,,,,,1.0,1.0,,,,,4199,,,,0.0,,0.0,,0.0
,,,0.1223958358168602,,0.9921875,,,,,,,,,,,1.0,1.0,,,,,4200,,,,0.0,,0.0,,0.0
,,,0.17702895402908325,,0.9299557209014893,,,,,,,,,,,1.0,1.0,,,,,4201,,,,0.0,,0.0,,0.0
,,,0.0677083358168602,,0.890625,,,,,,,,,,,1.0,1.0,,,,,4202,,,,0.0,,0.0,,0.0
,,,0.0924479141831398,,0.8984375,,,,,,,,,,,1.0,1.0,,,,,4203,,,,0.0,,0.0,,0.0
,,,0.11406096816062927,,0.752212405204773,,,,,,,,,,,1.0,1.0,,,,,4204,,,,0.0,,0.0,,0.0
,,,0.0022321429569274187,,0.4140625,,,,,,,,,,,1.0,1.0,,,,,4205,,,,0.0,,0.0,,0.0
,,,0.001953125,,0.5,,,,,,,,,,,1.0,1.0,,,,,4206,,,,0.0,,0.0,,0.0
,,,0.010227272287011147,,0.7176767587661743,,,,,,,,,,,1.0,1.0,,,,,4207,,,,0.0,,0.0,,0.0
,,,0.01822916604578495,,0.9765625,,,,,,,,,,,1.0,1.0,,,,,4208,,,,0.0,,0.0,,0.0
,,,0.01953125,,0.9609375,,,,,,,,,,,1.0,1.0,,,,,4209,,,,0.0,,0.0,,0.0
,,,0.04212963208556175,,0.9398148059844971,,,,,,,,,,,1.0,1.0,,,,,4210,,,,0.0,,0.0,,0.0
,,,0.0435267873108387,,0.8671875,,,,,,,,,,,1.0,1.0,,,,,4211,,,,0.0,,0.0,,0.0
,,,0.0379464291036129,,0.890625,,,,,,,,,,,1.0,1.0,,,,,4212,,,,0.0,,0.0,,0.0
,,,0.05163989216089249,,0.7336010932922363,,,,,,,,,,,1.0,1.0,,,,,4213,,,,0.0,,0.0,,0.0
,,,0.0126953125,,0.5,,,,,,,,,,,1.0,1.0,,,,,4214,,,,0.0,,0.0,,0.0
,,,0.0245535708963871,,0.453125,,,,,,,,,,,1.0,1.0,,,,,4215,,,,0.0,,0.0,,0.0
,,,0.030812324956059456,,0.6479501128196716,,,,,,,,,,,1.0,1.0,,,,,4216,,,,0.0,,0.0,,0.0
,,,0.00390625,,0.734375,,,,,,,,,,,1.0,1.0,,,,,4217,,,,0.0,,0.0,,0.0
,,,0.004464285913854837,,0.5625,,,,,,,,,,,1.0,1.0,,,,,4218,,,,0.0,,0.0,,0.0
,,,0.0029069767333567142,,0.37873756885528564,,,,,,,,,,,1.0,1.0,,,,,4219,,,,0.0,,0.0,,0.0
,,,0.0,,0.0546875,,,,,,,,,,,1.0,1.0,,,,,4220,,,,0.0,,0.0,,0.0
,,,0.0,,0.0703125,,,,,,,,,,,1.0,1.0,,,,,4221,,,,0.0,,0.0,,0.0
,,,0.0,,0.0638510137796402,,,,,,,,,,,1.0,1.0,,,,,4222,,,,0.0,,0.0,,0.0
,,,0.0,,0.078125,,,,,,,,,,,1.0,1.0,,,,,4223,,,,0.0,,0.0,,0.0
,,,0.0,,0.0625,,,,,,,,,,,1.0,1.0,,,,,4224,,,,0.0,,0.0,,0.0
,,,0.015625,,0.4776785671710968,,,,,,,,,,,1.0,1.0,,,,,4225,,,,0.0,,0.0,,0.0
,,,0.0052083334885537624,,0.7890625,,,,,,,,,,,1.0,1.0,,,,,4226,,,,0.0,,0.0,,0.0
,,,0.0065104165114462376,,0.8828125,,,,,,,,,,,1.0,1.0,,,,,4227,,,,0.0,,0.0,,0.0
,,,0.14085914194583893,,0.9059829115867615,,,,,,,,,,,1.0,1.0,,,,,4228,,,,0.0,,0.0,,0.0
,,,0.1341145783662796,,0.9921875,,,,,,,,,,,1.0,1.0,,,,,4229,,,,0.0,,0.0,,0.0
,,,0.0982142835855484,,0.953125,,,,,,,,,,,1.0,1.0,,,,,4230,,,,0.0,,0.0,,0.0
,,,0.127296581864357,,0.9921259880065918,,,,,,,,,,,1.0,1.0,,,,,4231,,,,0.0,,0.0,,0.0
45,0.13765668869018555,0.1866091787815094,,0.6328582763671875,,,,,,,,,,,,,,63.1152458190918,620484.5,4.144962310791016,493.94158935546875,10165,,,0.0,,0.0,,0.0,
45,,,,,,1.5097910165786743,,-17.70063018798828,,8.883696556091309,,,,,,,,,,,,10165,2.425027370452881,,,,,,,
,,,,,,,,,,,,,,0.0002609503151809553,0.03,,,,,,,10199,,,,,,,,
46,,,,,,,1.5175504684448242,,-17.711036682128906,,9.1328125,0.0002609202638268471,0.029999999329447746,,,1.0,1.0,,,,,10199,,2.517057418823242,,,,,,
,,,,,,,,,,,,,,0.00025944523934408846,0.03,,,,,,,10249,,,,,,,,
46,,,,,,,1.4520392417907715,,-17.614328384399414,,6.8046875,0.0002594151010271162,0.029999999329447746,,,1.0,1.0,,,,,10249,,2.275482177734375,,,,,,
,,,,,,,,,,,,,,0.0002579364684481226,0.03,,,,,,,10299,,,,,,,,
46,,,,,,,1.4905978441238403,,-17.589759826660156,,7.69921875,0.0002579062420409173,0.029999999329447746,,,1.0,1.0,,,,,10299,,2.8138132095336914,,,,,,
,,,,,,,,,,,,,,0.0002564240965934056,0.03,,,,,,,10349,,,,,,,,
46,,,,,,,1.5263944864273071,,-17.642724990844727,,8.984375,0.0002563938032835722,0.029999999329447746,,,1.0,1.0,,,,,10349,,2.423213005065918,,,,,,
,,,0.234375,,1.0,,,,,,,,,,,1.0,1.0,,,,,4232,,,,0.0,,0.0,,0.0
,,,0.158203125,,1.0,,,,,,,,,,,1.0,1.0,,,,,4233,,,,0.0,,0.0,,0.0
,,,0.124752476811409,,0.8703703880310059,,,,,,,,,,,1.0,1.0,,,,,4234,,,,0.0,,0.0,,0.0
,,,0.0,,0.5390625,,,,,,,,,,,1.0,1.0,,,,,4235,,,,0.0,,0.0,,0.0
,,,0.0,,0.53125,,,,,,,,,,,1.0,1.0,,,,,4236,,,,0.0,,0.0,,0.0
,,,0.0,,0.3589743375778198,,,,,,,,,,,1.0,1.0,,,,,4237,,,,0.0,,0.0,,0.0
,,,0.0,,0.3046875,,,,,,,,,,,1.0,1.0,,,,,4238,,,,0.0,,0.0,,0.0
,,,0.0,,0.3125,,,,,,,,,,,1.0,1.0,,,,,4239,,,,0.0,,0.0,,0.0
,,,0.15909090638160706,,0.6320754885673523,,,,,,,,,,,1.0,1.0,,,,,4240,,,,0.0,,0.0,,0.0
,,,0.2083333283662796,,1.0,,,,,,,,,,,1.0,1.0,,,,,4241,,,,0.0,,0.0,,0.0
,,,0.1875,,1.0,,,,,,,,,,,1.0,1.0,,,,,4242,,,,0.0,,0.0,,0.0
,,,0.1640625,,1.0,,,,,,,,,,,1.0,1.0,,,,,4243,,,,0.0,,0.0,,0.0
,,,0.18466666340827942,,0.8560000061988831,,,,,,,,,,,1.0,1.0,,,,,4244,,,,0.0,,0.0,,0.0
,,,0.01875000074505806,,0.7109375,,,,,,,,,,,1.0,1.0,,,,,4245,,,,0.0,,0.0,,0.0
,,,0.029296875,,0.625,,,,,,,,,,,1.0,1.0,,,,,4246,,,,0.0,,0.0,,0.0
,,,0.02222222276031971,,0.4089635908603668,,,,,,,,,,,1.0,1.0,,,,,4247,,,,0.0,,0.0,,0.0
,,,0.0,,0.1640625,,,,,,,,,,,1.0,1.0,,,,,4248,,,,0.0,,0.0,,0.0
,,,0.0,,0.15625,,,,,,,,,,,1.0,1.0,,,,,4249,,,,0.0,,0.0,,0.0
,,,0.0357142873108387,,0.5681818127632141,,,,,,,,,,,1.0,1.0,,,,,4250,,,,0.0,,0.0,,0.0
,,,0.0338541679084301,,1.0,,,,,,,,,,,1.0,1.0,,,,,4251,,,,0.0,,0.0,,0.0
,,,0.037109375,,0.9921875,,,,,,,,,,,1.0,1.0,,,,,4252,,,,0.0,,0.0,,0.0
,,,0.007272726856172085,,0.6301369667053223,,,,,,,,,,,1.0,1.0,,,,,4253,,,,0.0,,0.0,,0.0
,,,0.0,,0.265625,,,,,,,,,,,1.0,1.0,,,,,4254,,,,0.0,,0.0,,0.0
,,,0.0,,0.234375,,,,,,,,,,,1.0,1.0,,,,,4255,,,,0.0,,0.0,,0.0
,,,0.0,,0.5899014472961426,,,,,,,,,,,1.0,1.0,,,,,4256,,,,0.0,,0.0,,0.0
,,,0.0015625000232830644,,0.9375,,,,,,,,,,,1.0,1.0,,,,,4257,,,,0.0,,0.0,,0.0
,,,0.0,,0.9375,,,,,,,,,,,1.0,1.0,,,,,4258,,,,0.0,,0.0,,0.0
,,,0.0,,0.6042767763137817,,,,,,,,,,,1.0,1.0,,,,,4259,,,,0.0,,0.0,,0.0
,,,0.0,,0.40625,,,,,,,,,,,1.0,1.0,,,,,4260,,,,0.0,,0.0,,0.0
,,,0.0,,0.34375,,,,,,,,,,,1.0,1.0,,,,,4261,,,,0.0,,0.0,,0.0
,,,0.1627907007932663,,0.7058823704719543,,,,,,,,,,,1.0,1.0,,,,,4262,,,,0.0,,0.0,,0.0
,,,0.2135416716337204,,1.0,,,,,,,,,,,1.0,1.0,,,,,4263,,,,0.0,,0.0,,0.0
,,,0.2005208283662796,,1.0,,,,,,,,,,,1.0,1.0,,,,,4264,,,,0.0,,0.0,,0.0
,,,0.1275862157344818,,0.7428571581840515,,,,,,,,,,,1.0,1.0,,,,,4265,,,,0.0,,0.0,,0.0
,,,0.0,,0.53125,,,,,,,,,,,1.0,1.0,,,,,4266,,,,0.0,,0.0,,0.0
,,,0.0,,0.5546875,,,,,,,,,,,1.0,1.0,,,,,4267,,,,0.0,,0.0,,0.0
,,,0.0,,0.42047956585884094,,,,,,,,,,,1.0,1.0,,,,,4268,,,,0.0,,0.0,,0.0
,,,0.0,,0.3203125,,,,,,,,,,,1.0,1.0,,,,,4269,,,,0.0,,0.0,,0.0
,,,0.0,,0.3203125,,,,,,,,,,,1.0,1.0,,,,,4270,,,,0.0,,0.0,,0.0
,,,0.13076923787593842,,0.5952380895614624,,,,,,,,,,,1.0,1.0,,,,,4271,,,,0.0,,0.0,,0.0
,,,0.2161458283662796,,1.0,,,,,,,,,,,1.0,1.0,,,,,4272,,,,0.0,,0.0,,0.0
,,,0.162109375,,1.0,,,,,,,,,,,1.0,1.0,,,,,4273,,,,0.0,,0.0,,0.0
,,,0.11909090727567673,,0.9125000238418579,,,,,,,,,,,1.0,1.0,,,,,4274,,,,0.0,,0.0,,0.0
,,,0.025390625,,0.6953125,,,,,,,,,,,1.0,1.0,,,,,4275,,,,0.0,,0.0,,0.0
,,,0.02734375,,0.6484375,,,,,,,,,,,1.0,1.0,,,,,4276,,,,0.0,,0.0,,0.0
,,,0.023404255509376526,,0.4220901131629944,,,,,,,,,,,1.0,1.0,,,,,4277,,,,0.0,,0.0,,0.0
,,,0.0,,0.1875,,,,,,,,,,,1.0,1.0,,,,,4278,,,,0.0,,0.0,,0.0
,,,0.0,,0.140625,,,,,,,,,,,1.0,1.0,,,,,4279,,,,0.0,,0.0,,0.0
,,,0.0,,0.15625,,,,,,,,,,,1.0,1.0,,,,,4280,,,,0.0,,0.0,,0.0
,,,0.031496062874794006,,0.5,,,,,,,,,,,1.0,1.0,,,,,4281,,,,0.0,,0.0,,0.0
,,,0.03515625,,0.9921875,,,,,,,,,,,1.0,1.0,,,,,4282,,,,0.0,,0.0,,0.0
,,,0.02083333395421505,,1.0,,,,,,,,,,,1.0,1.0,,,,,4283,,,,0.0,,0.0,,0.0
,,,0.0,,0.625,,,,,,,,,,,1.0,1.0,,,,,4284,,,,0.0,,0.0,,0.0
,,,0.0,,0.1953125,,,,,,,,,,,1.0,1.0,,,,,4285,,,,0.0,,0.0,,0.0
,,,0.0,,0.2265625,,,,,,,,,,,1.0,1.0,,,,,4286,,,,0.0,,0.0,,0.0
,,,0.0,,0.5394206047058105,,,,,,,,,,,1.0,1.0,,,,,4287,,,,0.0,,0.0,,0.0
,,,0.0,,0.9609375,,,,,,,,,,,1.0,1.0,,,,,4288,,,,0.0,,0.0,,0.0
,,,0.0,,0.9296875,,,,,,,,,,,1.0,1.0,,,,,4289,,,,0.0,,0.0,,0.0
,,,0.0,,0.609375,,,,,,,,,,,1.0,1.0,,,,,4290,,,,0.0,,0.0,,0.0
,,,0.0,,0.3828125,,,,,,,,,,,1.0,1.0,,,,,4291,,,,0.0,,0.0,,0.0
,,,0.0,,0.3515625,,,,,,,,,,,1.0,1.0,,,,,4292,,,,0.0,,0.0,,0.0
,,,0.1744185984134674,,0.7142857313156128,,,,,,,,,,,1.0,1.0,,,,,4293,,,,0.0,,0.0,,0.0
,,,0.1979166716337204,,1.0,,,,,,,,,,,1.0,1.0,,,,,4294,,,,0.0,,0.0,,0.0
,,,0.158203125,,1.0,,,,,,,,,,,1.0,1.0,,,,,4295,,,,0.0,,0.0,,0.0
,,,0.20000000298023224,,0.7831858396530151,,,,,,,,,,,1.0,1.0,,,,,4296,,,,0.0,,0.0,,0.0
,,,0.0,,0.5078125,,,,,,,,,,,1.0,1.0,,,,,4297,,,,0.0,,0.0,,0.0
,,,0.0,,0.5859375,,,,,,,,,,,1.0,1.0,,,,,4298,,,,0.0,,0.0,,0.0
,,,0.0,,0.3267676830291748,,,,,,,,,,,1.0,1.0,,,,,4299,,,,0.0,,0.0,,0.0
,,,0.0,,0.2734375,,,,,,,,,,,1.0,1.0,,,,,4300,,,,0.0,,0.0,,0.0
,,,0.0,,0.296875,,,,,,,,,,,1.0,1.0,,,,,4301,,,,0.0,,0.0,,0.0
,,,0.10740740597248077,,0.6000000238418579,,,,,,,,,,,1.0,1.0,,,,,4302,,,,0.0,,0.0,,0.0
,,,0.21875,,1.0,,,,,,,,,,,1.0,1.0,,,,,4303,,,,0.0,,0.0,,0.0
,,,0.1484375,,1.0,,,,,,,,,,,1.0,1.0,,,,,4304,,,,0.0,,0.0,,0.0
,,,0.14334672689437866,,0.891566276550293,,,,,,,,,,,1.0,1.0,,,,,4305,,,,0.0,,0.0,,0.0
,,,0.01718750037252903,,0.671875,,,,,,,,,,,1.0,1.0,,,,,4306,,,,0.0,,0.0,,0.0
,,,0.02734375,,0.671875,,,,,,,,,,,1.0,1.0,,,,,4307,,,,0.0,,0.0,,0.0
,,,0.01568627543747425,,0.38489943742752075,,,,,,,,,,,1.0,1.0,,,,,4308,,,,0.0,,0.0,,0.0
,,,0.0,,0.1953125,,,,,,,,,,,1.0,1.0,,,,,4309,,,,0.0,,0.0,,0.0
,,,0.0,,0.109375,,,,,,,,,,,1.0,1.0,,,,,4310,,,,0.0,,0.0,,0.0
,,,0.02380952425301075,,0.5930232405662537,,,,,,,,,,,1.0,1.0,,,,,4311,,,,0.0,,0.0,,0.0
,,,0.02864583395421505,,1.0,,,,,,,,,,,1.0,1.0,,,,,4312,,,,0.0,,0.0,,0.0
,,,0.02734375,,0.9921875,,,,,,,,,,,1.0,1.0,,,,,4313,,,,0.0,,0.0,,0.0
,,,0.018041236326098442,,0.6774193644523621,,,,,,,,,,,1.0,1.0,,,,,4314,,,,0.0,,0.0,,0.0
,,,0.0,,0.234375,,,,,,,,,,,1.0,1.0,,,,,4315,,,,0.0,,0.0,,0.0
,,,0.0,,0.2734375,,,,,,,,,,,1.0,1.0,,,,,4316,,,,0.0,,0.0,,0.0
,,,0.0,,0.5848214030265808,,,,,,,,,,,1.0,1.0,,,,,4317,,,,0.0,,0.0,,0.0
,,,0.0,,0.9296875,,,,,,,,,,,1.0,1.0,,,,,4318,,,,0.0,,0.0,,0.0
,,,0.0,,0.953125,,,,,,,,,,,1.0,1.0,,,,,4319,,,,0.0,,0.0,,0.0
,,,0.0,,0.5936285853385925,,,,,,,,,,,1.0,1.0,,,,,4320,,,,0.0,,0.0,,0.0
,,,0.0,,0.4140625,,,,,,,,,,,1.0,1.0,,,,,4321,,,,0.0,,0.0,,0.0
,,,0.0,,0.3515625,,,,,,,,,,,1.0,1.0,,,,,4322,,,,0.0,,0.0,,0.0
,,,0.0,,0.4409448802471161,,,,,,,,,,,1.0,1.0,,,,,4323,,,,0.0,,0.0,,0.0
46,0.1399092674255371,0.14523272216320038,,0.6213638782501221,,,,,,,,,,,,,,61.46139144897461,417047.625,4.118409156799316,494.861083984375,10386,,,0.0,,0.0,,0.0,
46,,,,,,1.5142099857330322,,-17.652463912963867,,8.78515625,,,,,,,,,,,,10386,2.50946044921875,,,,,,,
,,,,,,,,,,,,,,0.000254908218104873,0.03,,,,,,,10399,,,,,,,,
47,,,,,,,1.5111722946166992,,-17.677398681640625,,8.484375,0.0002548778720665723,0.029999999329447746,,,1.0,1.0,,,,,10399,,2.426608085632324,,,,,,
,,,,,,,,,,,,,,0.0002533889275261653,0.03,,,,,,,10449,,,,,,,,
47,,,,,,,1.554546594619751,,-17.632354736328125,,10.3984375,0.0002533585065975785,0.029999999329447746,,,1.0,1.0,,,,,10449,,2.7141895294189453,,,,,,
,,,,,,,,,,,,,,0.000251866319613731,0.03,,,,,,,10499,,,,,,,,
47,,,,,,,1.5272085666656494,,-17.656240463256836,,9.0078125,0.0002518358232919127,0.029999999329447746,,,1.0,1.0,,,,,10499,,2.610445022583008,,,,,,
,,,,,,,,,,,,,,0.00025034048933091687,0.03,,,,,,,10549,,,,,,,,
47,,,,,,,1.5135552883148193,,-17.682279586791992,,8.6484375,0.0002503099385648966,0.029999999329447746,,,1.0,1.0,,,,,10549,,2.432506561279297,,,,,,
,,,,,,,,,,,,,,0.00024881153184204576,0.03,,,,,,,10599,,,,,,,,
47,,,,,,,1.5158649682998657,,-17.695720672607422,,9.0546875,0.00024878091062419116,0.029999999329447746,,,1.0,1.0,,,,,10599,,2.4070167541503906,,,,,,
,,,0.02864583395421505,,0.9296875,,,,,,,,,,,1.0,1.0,,,,,4324,,,,0.0,,0.0,,0.0
,,,0.017578125,,0.90625,,,,,,,,,,,1.0,1.0,,,,,4325,,,,0.0,,0.0,,0.0
,,,0.01782178319990635,,0.8665199875831604,,,,,,,,,,,1.0,1.0,,,,,4326,,,,0.0,,0.0,,0.0
,,,0.0,,0.9140625,,,,,,,,,,,1.0,1.0,,,,,4327,,,,0.0,,0.0,,0.0
,,,0.0,,0.921875,,,,,,,,,,,1.0,1.0,,,,,4328,,,,0.0,,0.0,,0.0
,,,0.0,,0.6378205418586731,,,,,,,,,,,1.0,1.0,,,,,4329,,,,0.0,,0.0,,0.0
,,,0.0,,0.5390625,,,,,,,,,,,1.0,1.0,,,,,4330,,,,0.0,,0.0,,0.0
,,,0.0,,0.515625,,,,,,,,,,,1.0,1.0,,,,,4331,,,,0.0,,0.0,,0.0
,,,0.0,,0.31346485018730164,,,,,,,,,,,1.0,1.0,,,,,4332,,,,0.0,,0.0,,0.0
,,,0.0,,0.0703125,,,,,,,,,,,1.0,1.0,,,,,4333,,,,0.0,,0.0,,0.0
,,,0.0,,0.0625,,,,,,,,,,,1.0,1.0,,,,,4334,,,,0.0,,0.0,,0.0
,,,0.0,,0.0859375,,,,,,,,,,,1.0,1.0,,,,,4335,,,,0.0,,0.0,,0.0
,,,0.07200000435113907,,0.5546666979789734,,,,,,,,,,,1.0,1.0,,,,,4336,,,,0.0,,0.0,,0.0
,,,0.1328125,,0.7265625,,,,,,,,,,,1.0,1.0,,,,,4337,,,,0.0,,0.0,,0.0
,,,0.109375,,0.765625,,,,,,,,,,,1.0,1.0,,,,,4338,,,,0.0,,0.0,,0.0
,,,0.5101151466369629,,0.9444444179534912,,,,,,,,,,,1.0,1.0,,,,,4339,,,,0.0,,0.0,,0.0
,,,0.3255208432674408,,1.0,,,,,,,,,,,1.0,1.0,,,,,4340,,,,0.0,,0.0,,0.0
,,,0.48828125,,1.0,,,,,,,,,,,1.0,1.0,,,,,4341,,,,0.0,,0.0,,0.0
,,,0.25,,0.9702380895614624,,,,,,,,,,,1.0,1.0,,,,,4342,,,,0.0,,0.0,,0.0
,,,0.0,,0.8984375,,,,,,,,,,,1.0,1.0,,,,,4343,,,,0.0,,0.0,,0.0
,,,0.0,,0.875,,,,,,,,,,,1.0,1.0,,,,,4344,,,,0.0,,0.0,,0.0
,,,0.0,,0.7148194313049316,,,,,,,,,,,1.0,1.0,,,,,4345,,,,0.0,,0.0,,0.0
,,,0.0013020833721384406,,0.328125,,,,,,,,,,,1.0,1.0,,,,,4346,,,,0.0,,0.0,,0.0
,,,0.0,,0.359375,,,,,,,,,,,1.0,1.0,,,,,4347,,,,0.0,,0.0,,0.0
,,,0.013382595032453537,,0.6440886855125427,,,,,,,,,,,1.0,1.0,,,,,4348,,,,0.0,,0.0,,0.0
,,,0.004687500186264515,,0.921875,,,,,,,,,,,1.0,1.0,,,,,4349,,,,0.0,,0.0,,0.0
,,,0.0,,0.9140625,,,,,,,,,,,1.0,1.0,,,,,4350,,,,0.0,,0.0,,0.0
,,,0.004444444552063942,,0.5260377526283264,,,,,,,,,,,1.0,1.0,,,,,4351,,,,0.0,,0.0,,0.0
,,,0.0,,0.0859375,,,,,,,,,,,1.0,1.0,,,,,4352,,,,0.0,,0.0,,0.0
,,,0.0,,0.125,,,,,,,,,,,1.0,1.0,,,,,4353,,,,0.0,,0.0,,0.0
,,,0.023255813866853714,,0.5414500832557678,,,,,,,,,,,1.0,1.0,,,,,4354,,,,0.0,,0.0,,0.0
,,,0.02734375,,0.9375,,,,,,,,,,,1.0,1.0,,,,,4355,,,,0.0,,0.0,,0.0
,,,0.025390625,,0.8984375,,,,,,,,,,,1.0,1.0,,,,,4356,,,,0.0,,0.0,,0.0
,,,0.02943349815905094,,0.8810344934463501,,,,,,,,,,,1.0,1.0,,,,,4357,,,,0.0,,0.0,,0.0
,,,0.0,,0.9140625,,,,,,,,,,,1.0,1.0,,,,,4358,,,,0.0,,0.0,,0.0
,,,0.0,,0.8828125,,,,,,,,,,,1.0,1.0,,,,,4359,,,,0.0,,0.0,,0.0
,,,0.003278688294813037,,0.6881575584411621,,,,,,,,,,,1.0,1.0,,,,,4360,,,,0.0,,0.0,,0.0
,,,0.0,,0.5546875,,,,,,,,,,,1.0,1.0,,,,,4361,,,,0.0,,0.0,,0.0
,,,0.0,,0.578125,,,,,,,,,,,1.0,1.0,,,,,4362,,,,0.0,,0.0,,0.0
,,,0.0,,0.28424909710884094,,,,,,,,,,,1.0,1.0,,,,,4363,,,,0.0,,0.0,,0.0
,,,0.0,,0.0703125,,,,,,,,,,,1.0,1.0,,,,,4364,,,,0.0,,0.0,,0.0
,,,0.0,,0.0703125,,,,,,,,,,,1.0,1.0,,,,,4365,,,,0.0,,0.0,,0.0
,,,0.08999999612569809,,0.4102272689342499,,,,,,,,,,,1.0,1.0,,,,,4366,,,,0.0,,0.0,,0.0
,,,0.0963541641831398,,0.7265625,,,,,,,,,,,1.0,1.0,,,,,4367,,,,0.0,,0.0,,0.0
,,,0.095703125,,0.7109375,,,,,,,,,,,1.0,1.0,,,,,4368,,,,0.0,,0.0,,0.0
,,,0.478723406791687,,0.8882979154586792,,,,,,,,,,,1.0,1.0,,,,,4369,,,,0.0,,0.0,,0.0
,,,0.3255208432674408,,1.0,,,,,,,,,,,1.0,1.0,,,,,4370,,,,0.0,,0.0,,0.0
,,,0.328125,,1.0,,,,,,,,,,,1.0,1.0,,,,,4371,,,,0.0,,0.0,,0.0
,,,0.23828125,,1.0,,,,,,,,,,,1.0,1.0,,,,,4372,,,,0.0,,0.0,,0.0
,,,0.20000000298023224,,0.960629940032959,,,,,,,,,,,1.0,1.0,,,,,4373,,,,0.0,,0.0,,0.0
,,,0.0,,0.90625,,,,,,,,,,,1.0,1.0,,,,,4374,,,,0.0,,0.0,,0.0
,,,0.0,,0.9296875,,,,,,,,,,,1.0,1.0,,,,,4375,,,,0.0,,0.0,,0.0
,,,0.003448275849223137,,0.6278735399246216,,,,,,,,,,,1.0,1.0,,,,,4376,,,,0.0,,0.0,,0.0
,,,0.0015625000232830644,,0.28125,,,,,,,,,,,1.0,1.0,,,,,4377,,,,0.0,,0.0,,0.0
,,,0.00390625,,0.359375,,,,,,,,,,,1.0,1.0,,,,,4378,,,,0.0,,0.0,,0.0
,,,0.011367803439497948,,0.6369637250900269,,,,,,,,,,,1.0,1.0,,,,,4379,,,,0.0,,0.0,,0.0
,,,0.004687500186264515,,0.953125,,,,,,,,,,,1.0,1.0,,,,,4380,,,,0.0,,0.0,,0.0
,,,0.0,,0.90625,,,,,,,,,,,1.0,1.0,,,,,4381,,,,0.0,,0.0,,0.0
,,,0.012500000186264515,,0.53125,,,,,,,,,,,1.0,1.0,,,,,4382,,,,0.0,,0.0,,0.0
,,,0.0,,0.1328125,,,,,,,,,,,1.0,1.0,,,,,4383,,,,0.0,,0.0,,0.0
,,,0.0,,0.09375,,,,,,,,,,,1.0,1.0,,,,,4384,,,,0.0,,0.0,,0.0
,,,0.011627907864749432,,0.5600774884223938,,,,,,,,,,,1.0,1.0,,,,,4385,,,,0.0,,0.0,,0.0
,,,0.01718750037252903,,0.9375,,,,,,,,,,,1.0,1.0,,,,,4386,,,,0.0,,0.0,,0.0
,,,0.0234375,,0.90625,,,,,,,,,,,1.0,1.0,,,,,4387,,,,0.0,,0.0,,0.0
,,,0.03020649030804634,,0.8846607804298401,,,,,,,,,,,1.0,1.0,,,,,4388,,,,0.0,,0.0,,0.0
,,,0.0,,0.8828125,,,,,,,,,,,1.0,1.0,,,,,4389,,,,0.0,,0.0,,0.0
,,,0.0,,0.8671875,,,,,,,,,,,1.0,1.0,,,,,4390,,,,0.0,,0.0,,0.0
,,,0.0,,0.6525252461433411,,,,,,,,,,,1.0,1.0,,,,,4391,,,,0.0,,0.0,,0.0
,,,0.0,,0.578125,,,,,,,,,,,1.0,1.0,,,,,4392,,,,0.0,,0.0,,0.0
,,,0.0,,0.625,,,,,,,,,,,1.0,1.0,,,,,4393,,,,0.0,,0.0,,0.0
,,,0.0,,0.15740740299224854,,,,,,,,,,,1.0,1.0,,,,,4394,,,,0.0,,0.0,,0.0
,,,0.0,,0.0703125,,,,,,,,,,,1.0,1.0,,,,,4395,,,,0.0,,0.0,,0.0
,,,0.0,,0.078125,,,,,,,,,,,1.0,1.0,,,,,4396,,,,0.0,,0.0,,0.0
,,,0.07951807230710983,,0.45314592123031616,,,,,,,,,,,1.0,1.0,,,,,4397,,,,0.0,,0.0,,0.0
,,,0.0412946417927742,,0.6796875,,,,,,,,,,,1.0,1.0,,,,,4398,,,,0.0,,0.0,,0.0
,,,0.1458333283662796,,0.75,,,,,,,,,,,1.0,1.0,,,,,4399,,,,0.0,,0.0,,0.0
,,,0.3284950256347656,,0.8921568393707275,,,,,,,,,,,1.0,1.0,,,,,4400,,,,0.0,,0.0,,0.0
,,,1.0,,1.0,,,,,,,,,,,1.0,1.0,,,,,4401,,,,0.0,,0.0,,0.0
,,,0.23828125,,1.0,,,,,,,,,,,1.0,1.0,,,,,4402,,,,0.0,,0.0,,0.0
,,,0.3333333432674408,,0.9642857313156128,,,,,,,,,,,1.0,1.0,,,,,4403,,,,0.0,,0.0,,0.0
,,,0.0,,0.9296875,,,,,,,,,,,1.0,1.0,,,,,4404,,,,0.0,,0.0,,0.0
,,,0.0,,0.8828125,,,,,,,,,,,1.0,1.0,,,,,4405,,,,0.0,,0.0,,0.0
,,,0.0,,0.683904230594635,,,,,,,,,,,1.0,1.0,,,,,4406,,,,0.0,,0.0,,0.0
,,,0.0013020833721384406,,0.390625,,,,,,,,,,,1.0,1.0,,,,,4407,,,,0.0,,0.0,,0.0
,,,0.0,,0.359375,,,,,,,,,,,1.0,1.0,,,,,4408,,,,0.0,,0.0,,0.0
,,,0.0053571430034935474,,0.6116071343421936,,,,,,,,,,,1.0,1.0,,,,,4409,,,,0.0,,0.0,,0.0
,,,0.0078125,,0.953125,,,,,,,,,,,1.0,1.0,,,,,4410,,,,0.0,,0.0,,0.0
,,,0.0015625000232830644,,0.9453125,,,,,,,,,,,1.0,1.0,,,,,4411,,,,0.0,,0.0,,0.0
,,,0.0014245015336200595,,0.4444444477558136,,,,,,,,,,,1.0,1.0,,,,,4412,,,,0.0,,0.0,,0.0
,,,0.0,,0.140625,,,,,,,,,,,1.0,1.0,,,,,4413,,,,0.0,,0.0,,0.0
,,,0.0,,0.09375,,,,,,,,,,,1.0,1.0,,,,,4414,,,,0.0,,0.0,,0.0
,,,0.0,,0.11811023950576782,,,,,,,,,,,1.0,1.0,,,,,4415,,,,0.0,,0.0,,0.0
47,0.14372752606868744,0.1484730839729309,,0.648435115814209,,,,,,,,,,,,,,53.97786331176758,704214.4375,3.9885740280151367,499.50469970703125,10607,,,0.0,,0.0,,0.0,
47,,,,,,1.507076621055603,,-17.668537139892578,,8.55410385131836,,,,,,,,,,,,10607,2.51347279548645,,,,,,,
,,,,,,,,,,,,,,0.0002472795425064805,0.03,,,,,,,10649,,,,,,,,
48,,,,,,,1.5081028938293457,,-17.718923568725586,,8.6484375,0.0002472488849889487,0.029999999329447746,,,1.0,1.0,,,,,10649,,2.466996908187866,,,,,,
,,,,,,,,,,,,,,0.0002457446168726769,0.03,,,,,,,10699,,,,,,,,
48,,,,,,,1.5164356231689453,,-17.65288734436035,,8.8984375,0.00024571389076299965,0.029999999329447746,,,1.0,1.0,,,,,10699,,2.51468563079834,,,,,,
,,,,,,,,,,,,,,0.0002442068506722246,0.03,,,,,,,10749,,,,,,,,
48,,,,,,,1.5186512470245361,,-17.668109893798828,,9.1328125,0.0002441760734654963,0.029999999329447746,,,1.0,1.0,,,,,10749,,2.5130367279052734,,,,,,
,,,,,,,,,,,,,,0.00024266633981387593,0.03,,,,,,,10799,,,,,,,,
48,,,,,,,1.5291200876235962,,-17.68039894104004,,9.4765625,0.0002426355058560148,0.029999999329447746,,,1.0,1.0,,,,,10799,,2.4005541801452637,,,,,,
,,,0.0,,0.5,,,,,,,,,,,1.0,1.0,,,,,4416,,,,0.0,,0.0,,0.0
,,,0.0,,0.40625,,,,,,,,,,,1.0,1.0,,,,,4417,,,,0.0,,0.0,,0.0
,,,0.04486004263162613,,0.7277227640151978,,,,,,,,,,,1.0,1.0,,,,,4418,,,,0.0,,0.0,,0.0
,,,0.05624999850988388,,0.9921875,,,,,,,,,,,1.0,1.0,,,,,4419,,,,0.0,,0.0,,0.0
,,,0.056640625,,1.0,,,,,,,,,,,1.0,1.0,,,,,4420,,,,0.0,,0.0,,0.0
,,,0.042307693511247635,,0.7708333730697632,,,,,,,,,,,1.0,1.0,,,,,4421,,,,0.0,,0.0,,0.0
,,,0.0,,0.53125,,,,,,,,,,,1.0,1.0,,,,,4422,,,,0.0,,0.0,,0.0
,,,0.0,,0.5546875,,,,,,,,,,,1.0,1.0,,,,,4423,,,,0.0,,0.0,,0.0
,,,0.007575757801532745,,0.4395368695259094,,,,,,,,,,,1.0,1.0,,,,,4424,,,,0.0,,0.0,,0.0
,,,0.0,,0.484375,,,,,,,,,,,1.0,1.0,,,,,4425,,,,0.0,,0.0,,0.0
,,,0.0,,0.46875,,,,,,,,,,,1.0,1.0,,,,,4426,,,,0.0,,0.0,,0.0
,,,0.0015625000232830644,,0.5390625,,,,,,,,,,,1.0,1.0,,,,,4427,,,,0.0,,0.0,,0.0
,,,0.08133333176374435,,0.41600000858306885,,,,,,,,,,,1.0,1.0,,,,,4428,,,,0.0,,0.0,,0.0
,,,0.0690104141831398,,0.78125,,,,,,,,,,,1.0,1.0,,,,,4429,,,,0.0,,0.0,,0.0
,,,0.0794270858168602,,0.8203125,,,,,,,,,,,1.0,1.0,,,,,4430,,,,0.0,,0.0,,0.0
,,,0.0555555559694767,,0.5620915293693542,,,,,,,,,,,1.0,1.0,,,,,4431,,,,0.0,,0.0,,0.0
,,,0.0,,0.2578125,,,,,,,,,,,1.0,1.0,,,,,4432,,,,0.0,,0.0,,0.0
,,,0.0,,0.171875,,,,,,,,,,,1.0,1.0,,,,,4433,,,,0.0,,0.0,,0.0
,,,0.0,,0.3457792103290558,,,,,,,,,,,1.0,1.0,,,,,4434,,,,0.0,,0.0,,0.0
,,,0.0,,0.3671875,,,,,,,,,,,1.0,1.0,,,,,4435,,,,0.0,,0.0,,0.0
,,,0.0,,0.4453125,,,,,,,,,,,1.0,1.0,,,,,4436,,,,0.0,,0.0,,0.0
,,,0.00913241971284151,,0.5354918837547302,,,,,,,,,,,1.0,1.0,,,,,4437,,,,0.0,,0.0,,0.0
,,,0.009114583022892475,,0.6328125,,,,,,,,,,,1.0,1.0,,,,,4438,,,,0.0,,0.0,,0.0
,,,0.0062500000931322575,,0.640625,,,,,,,,,,,1.0,1.0,,,,,4439,,,,0.0,,0.0,,0.0
,,,0.17064039409160614,,0.7928571701049805,,,,,,,,,,,1.0,1.0,,,,,4440,,,,0.0,,0.0,,0.0
,,,0.1640625,,1.0,,,,,,,,,,,1.0,1.0,,,,,4441,,,,0.0,,0.0,,0.0
,,,0.201171875,,1.0,,,,,,,,,,,1.0,1.0,,,,,4442,,,,0.0,,0.0,,0.0
,,,0.29157233238220215,,0.9611320495605469,,,,,,,,,,,1.0,1.0,,,,,4443,,,,0.0,,0.0,,0.0
,,,0.0703125,,0.9296875,,,,,,,,,,,1.0,1.0,,,,,4444,,,,0.0,,0.0,,0.0
,,,0.08203125,,0.921875,,,,,,,,,,,1.0,1.0,,,,,4445,,,,0.0,,0.0,,0.0
,,,0.052941177040338516,,0.6915184855461121,,,,,,,,,,,1.0,1.0,,,,,4446,,,,0.0,,0.0,,0.0
,,,0.0013020833721384406,,0.4765625,,,,,,,,,,,1.0,1.0,,,,,4447,,,,0.0,,0.0,,0.0
,,,0.0,,0.4140625,,,,,,,,,,,1.0,1.0,,,,,4448,,,,0.0,,0.0,,0.0
,,,0.04573070630431175,,0.75,,,,,,,,,,,1.0,1.0,,,,,4449,,,,0.0,,0.0,,0.0
,,,0.05078125,,1.0,,,,,,,,,,,1.0,1.0,,,,,4450,,,,0.0,,0.0,,0.0
,,,0.05859375,,0.9921875,,,,,,,,,,,1.0,1.0,,,,,4451,,,,0.0,,0.0,,0.0
,,,0.04262294992804527,,0.7761194109916687,,,,,,,,,,,1.0,1.0,,,,,4452,,,,0.0,,0.0,,0.0
,,,0.0,,0.5390625,,,,,,,,,,,1.0,1.0,,,,,4453,,,,0.0,,0.0,,0.0
,,,0.0,,0.46875,,,,,,,,,,,1.0,1.0,,,,,4454,,,,0.0,,0.0,,0.0
,,,0.0,,0.43785104155540466,,,,,,,,,,,1.0,1.0,,,,,4455,,,,0.0,,0.0,,0.0
,,,0.0,,0.515625,,,,,,,,,,,1.0,1.0,,,,,4456,,,,0.0,,0.0,,0.0
,,,0.0,,0.5234375,,,,,,,,,,,1.0,1.0,,,,,4457,,,,0.0,,0.0,,0.0
,,,0.07916666567325592,,0.7215908765792847,,,,,,,,,,,1.0,1.0,,,,,4458,,,,0.0,,0.0,,0.0
,,,0.07656250149011612,,0.8046875,,,,,,,,,,,1.0,1.0,,,,,4459,,,,0.0,,0.0,,0.0
,,,0.0794270858168602,,0.7578125,,,,,,,,,,,1.0,1.0,,,,,4460,,,,0.0,,0.0,,0.0
,,,0.0714285746216774,,0.5231539607048035,,,,,,,,,,,1.0,1.0,,,,,4461,,,,0.0,,0.0,,0.0
,,,0.0,,0.234375,,,,,,,,,,,1.0,1.0,,,,,4462,,,,0.0,,0.0,,0.0
,,,0.0,,0.265625,,,,,,,,,,,1.0,1.0,,,,,4463,,,,0.0,,0.0,,0.0
,,,0.0,,0.1953125,,,,,,,,,,,1.0,1.0,,,,,4464,,,,0.0,,0.0,,0.0
,,,0.0,,0.20078739523887634,,,,,,,,,,,1.0,1.0,,,,,4465,,,,0.0,,0.0,,0.0
,,,0.0,,0.328125,,,,,,,,,,,1.0,1.0,,,,,4466,,,,0.0,,0.0,,0.0
,,,0.0,,0.4765625,,,,,,,,,,,1.0,1.0,,,,,4467,,,,0.0,,0.0,,0.0
,,,0.0071839080192148685,,0.5804597735404968,,,,,,,,,,,1.0,1.0,,,,,4468,,,,0.0,,0.0,,0.0
,,,0.0078125,,0.59375,,,,,,,,,,,1.0,1.0,,,,,4469,,,,0.0,,0.0,,0.0
,,,0.0062500000931322575,,0.640625,,,,,,,,,,,1.0,1.0,,,,,4470,,,,0.0,,0.0,,0.0
,,,0.17770443856716156,,0.7592592239379883,,,,,,,,,,,1.0,1.0,,,,,4471,,,,0.0,,0.0,,0.0
,,,0.1640625,,1.0,,,,,,,,,,,1.0,1.0,,,,,4472,,,,0.0,,0.0,,0.0
,,,0.21484375,,0.984375,,,,,,,,,,,1.0,1.0,,,,,4473,,,,0.0,,0.0,,0.0
,,,0.21458332240581512,,0.984375,,,,,,,,,,,1.0,1.0,,,,,4474,,,,0.0,,0.0,,0.0
,,,0.08984375,,0.9375,,,,,,,,,,,1.0,1.0,,,,,4475,,,,0.0,,0.0,,0.0
,,,0.083984375,,0.9609375,,,,,,,,,,,1.0,1.0,,,,,4476,,,,0.0,,0.0,,0.0
,,,0.0555555559694767,,0.7145625352859497,,,,,,,,,,,1.0,1.0,,,,,4477,,,,0.0,,0.0,,0.0
,,,0.0,,0.4453125,,,,,,,,,,,1.0,1.0,,,,,4478,,,,0.0,,0.0,,0.0
,,,0.0013020833721384406,,0.4921875,,,,,,,,,,,1.0,1.0,,,,,4479,,,,0.0,,0.0,,0.0
,,,0.04129793494939804,,0.7955752611160278,,,,,,,,,,,1.0,1.0,,,,,4480,,,,0.0,,0.0,,0.0
,,,0.044921875,,0.9921875,,,,,,,,,,,1.0,1.0,,,,,4481,,,,0.0,,0.0,,0.0
,,,0.0625,,1.0,,,,,,,,,,,1.0,1.0,,,,,4482,,,,0.0,,0.0,,0.0
,,,0.04444444552063942,,0.7318181991577148,,,,,,,,,,,1.0,1.0,,,,,4483,,,,0.0,,0.0,,0.0
,,,0.0,,0.6328125,,,,,,,,,,,1.0,1.0,,,,,4484,,,,0.0,,0.0,,0.0
,,,0.0,,0.6015625,,,,,,,,,,,1.0,1.0,,,,,4485,,,,0.0,,0.0,,0.0
,,,0.0,,0.5046296119689941,,,,,,,,,,,1.0,1.0,,,,,4486,,,,0.0,,0.0,,0.0
,,,0.0013020833721384406,,0.515625,,,,,,,,,,,1.0,1.0,,,,,4487,,,,0.0,,0.0,,0.0
,,,0.0,,0.546875,,,,,,,,,,,1.0,1.0,,,,,4488,,,,0.0,,0.0,,0.0
,,,0.09638554602861404,,0.6327978372573853,,,,,,,,,,,1.0,1.0,,,,,4489,,,,0.0,,0.0,,0.0
,,,0.0611979179084301,,0.78125,,,,,,,,,,,1.0,1.0,,,,,4490,,,,0.0,,0.0,,0.0
,,,0.0755208358168602,,0.8046875,,,,,,,,,,,1.0,1.0,,,,,4491,,,,0.0,,0.0,,0.0
,,,0.06162464991211891,,0.5384517312049866,,,,,,,,,,,1.0,1.0,,,,,4492,,,,0.0,,0.0,,0.0
,,,0.0,,0.1875,,,,,,,,,,,1.0,1.0,,,,,4493,,,,0.0,,0.0,,0.0
,,,0.0,,0.2109375,,,,,,,,,,,1.0,1.0,,,,,4494,,,,0.0,,0.0,,0.0
,,,0.0,,0.2895902395248413,,,,,,,,,,,1.0,1.0,,,,,4495,,,,0.0,,0.0,,0.0
,,,0.0,,0.40625,,,,,,,,,,,1.0,1.0,,,,,4496,,,,0.0,,0.0,,0.0
,,,0.0,,0.421875,,,,,,,,,,,1.0,1.0,,,,,4497,,,,0.0,,0.0,,0.0
,,,0.016129031777381897,,0.4965081214904785,,,,,,,,,,,1.0,1.0,,,,,4498,,,,0.0,,0.0,,0.0
,,,0.009114583022892475,,0.5546875,,,,,,,,,,,1.0,1.0,,,,,4499,,,,0.0,,0.0,,0.0
,,,0.00937500037252903,,0.5625,,,,,,,,,,,1.0,1.0,,,,,4500,,,,0.0,,0.0,,0.0
,,,0.19464285671710968,,0.7857142686843872,,,,,,,,,,,1.0,1.0,,,,,4501,,,,0.0,,0.0,,0.0
,,,0.21484375,,1.0,,,,,,,,,,,1.0,1.0,,,,,4502,,,,0.0,,0.0,,0.0
,,,0.16562500596046448,,1.0,,,,,,,,,,,1.0,1.0,,,,,4503,,,,0.0,,0.0,,0.0
,,,0.25485625863075256,,0.941724956035614,,,,,,,,,,,1.0,1.0,,,,,4504,,,,0.0,,0.0,,0.0
,,,0.06406249850988388,,0.9765625,,,,,,,,,,,1.0,1.0,,,,,4505,,,,0.0,,0.0,,0.0
,,,0.080078125,,0.953125,,,,,,,,,,,1.0,1.0,,,,,4506,,,,0.0,,0.0,,0.0
,,,0.07874015718698502,,0.9448819160461426,,,,,,,,,,,1.0,1.0,,,,,4507,,,,0.0,,0.0,,0.0
48,0.13357780873775482,0.18776124715805054,,0.6470520496368408,,,,,,,,,,,,,,60.382911682128906,572757.375,4.100706100463867,489.857421875,10828,,,0.0,,0.0,,0.0,
48,,,,,,1.513939619064331,,-17.66442108154297,,8.941388130187988,,,,,,,,,,,,10828,2.4502055644989014,,,,,,,
,,,,,,,,,,,,,,0.00024112318037756446,0.03,,,,,,,10849,,,,,,,,
49,,,,,,,1.5108805894851685,,-17.716203689575195,,8.8359375,0.0002410922897979617,0.029999999329447746,,,1.0,1.0,,,,,10849,,2.3592758178710938,,,,,,
,,,,,,,,,,,,,,0.0002395774686084127,0.03,,,,,,,10899,,,,,,,,
49,,,,,,,1.5081244707107544,,-17.713668823242188,,8.6875,0.00023954652715474367,0.029999999329447746,,,1.0,1.0,,,,,10899,,2.549642562866211,,,,,,
,,,,,,,,,,,,,,0.00023802930091072907,0.03,,,,,,,10949,,,,,,,,
49,,,,,,,1.4971487522125244,,-17.727325439453125,,8.3671875,0.00023799831978976727,0.029999999329447746,,,1.0,1.0,,,,,10949,,2.490863800048828,,,,,,
,,,,,,,,,,,,,,0.00023647877384199592,0.03,,,,,,,10999,,,,,,,,
49,,,,,,,1.4905896186828613,,-17.706083297729492,,8.2734375,0.00023644774046260864,0.029999999329447746,,,1.0,1.0,,,,,10999,,2.3067703247070312,,,,,,
,,,,,,,,,,,,,,0.00023492598410684642,0.03,,,,,,,11049,,,,,,,,
49,,,,,,,1.515706181526184,,-17.73809814453125,,9.1953125,0.0002348949055885896,0.029999999329447746,,,1.0,1.0,,,,,11049,,2.4265079498291016,,,,,,
,,,0.0,,0.375,,,,,,,,,,,1.0,1.0,,,,,4508,,,,0.0,,0.0,,0.0
,,,0.00390625,,0.421875,,,,,,,,,,,1.0,1.0,,,,,4509,,,,0.0,,0.0,,0.0
,,,0.05432447791099548,,0.7079207897186279,,,,,,,,,,,1.0,1.0,,,,,4510,,,,0.0,,0.0,,0.0
,,,0.1458333283662796,,1.0,,,,,,,,,,,1.0,1.0,,,,,4511,,,,0.0,,0.0,,0.0
,,,0.07187499850988388,,1.0,,,,,,,,,,,1.0,1.0,,,,,4512,,,,0.0,,0.0,,0.0
,,,0.07692307978868484,,0.875,,,,,,,,,,,1.0,1.0,,,,,4513,,,,0.0,,0.0,,0.0
,,,0.0015625000232830644,,0.8359375,,,,,,,,,,,1.0,1.0,,,,,4514,,,,0.0,,0.0,,0.0
,,,0.0031250000465661287,,0.8125,,,,,,,,,,,1.0,1.0,,,,,4515,,,,0.0,,0.0,,0.0
,,,0.08490566164255142,,0.9056603908538818,,,,,,,,,,,1.0,1.0,,,,,4516,,,,0.0,,0.0,,0.0
,,,0.1953125,,1.0,,,,,,,,,,,1.0,1.0,,,,,4517,,,,0.0,,0.0,,0.0
,,,0.0770089253783226,,0.9921875,,,,,,,,,,,1.0,1.0,,,,,4518,,,,0.0,,0.0,,0.0
,,,0.09765625,,0.984375,,,,,,,,,,,1.0,1.0,,,,,4519,,,,0.0,,0.0,,0.0
,,,0.08622222393751144,,0.7080000042915344,,,,,,,,,,,1.0,1.0,,,,,4520,,,,0.0,,0.0,,0.0
,,,0.02790178544819355,,0.3984375,,,,,,,,,,,1.0,1.0,,,,,4521,,,,0.0,,0.0,,0.0
,,,0.02790178544819355,,0.359375,,,,,,,,,,,1.0,1.0,,,,,4522,,,,0.0,,0.0,,0.0
,,,0.0317460335791111,,0.5154061913490295,,,,,,,,,,,1.0,1.0,,,,,4523,,,,0.0,,0.0,,0.0
,,,0.0,,0.640625,,,,,,,,,,,1.0,1.0,,,,,4524,,,,0.0,,0.0,,0.0
,,,0.0,,0.6953125,,,,,,,,,,,1.0,1.0,,,,,4525,,,,0.0,,0.0,,0.0
,,,0.05442177131772041,,0.8977272510528564,,,,,,,,,,,1.0,1.0,,,,,4526,,,,0.0,,0.0,,0.0
,,,0.06640625,,0.9921875,,,,,,,,,,,1.0,1.0,,,,,4527,,,,0.0,,0.0,,0.0
,,,0.1171875,,1.0,,,,,,,,,,,1.0,1.0,,,,,4528,,,,0.0,,0.0,,0.0
,,,0.06060606241226196,,0.5547945499420166,,,,,,,,,,,1.0,1.0,,,,,4529,,,,0.0,,0.0,,0.0
,,,0.0013020833721384406,,0.140625,,,,,,,,,,,1.0,1.0,,,,,4530,,,,0.0,,0.0,,0.0
,,,0.0011160714784637094,,0.140625,,,,,,,,,,,1.0,1.0,,,,,4531,,,,0.0,,0.0,,0.0
,,,0.009852216579020023,,0.3559113144874573,,,,,,,,,,,1.0,1.0,,,,,4532,,,,0.0,,0.0,,0.0
,,,0.012500000186264515,,0.53125,,,,,,,,,,,1.0,1.0,,,,,4533,,,,0.0,,0.0,,0.0
,,,0.015625,,0.6171875,,,,,,,,,,,1.0,1.0,,,,,4534,,,,0.0,,0.0,,0.0
,,,0.013333333656191826,,0.3621383607387543,,,,,,,,,,,1.0,1.0,,,,,4535,,,,0.0,,0.0,,0.0
,,,0.0,,0.1640625,,,,,,,,,,,1.0,1.0,,,,,4536,,,,0.0,,0.0,,0.0
,,,0.0,,0.140625,,,,,,,,,,,1.0,1.0,,,,,4537,,,,0.0,,0.0,,0.0
,,,0.0,,0.2742817997932434,,,,,,,,,,,1.0,1.0,,,,,4538,,,,0.0,,0.0,,0.0
,,,0.0,,0.375,,,,,,,,,,,1.0,1.0,,,,,4539,,,,0.0,,0.0,,0.0
,,,0.004687500186264515,,0.359375,,,,,,,,,,,1.0,1.0,,,,,4540,,,,0.0,,0.0,,0.0
,,,0.05892857164144516,,0.7068965435028076,,,,,,,,,,,1.0,1.0,,,,,4541,,,,0.0,,0.0,,0.0
,,,0.10546875,,1.0,,,,,,,,,,,1.0,1.0,,,,,4542,,,,0.0,,0.0,,0.0
,,,0.1458333283662796,,0.9921875,,,,,,,,,,,1.0,1.0,,,,,4543,,,,0.0,,0.0,,0.0
,,,0.08167359977960587,,0.9029850959777832,,,,,,,,,,,1.0,1.0,,,,,4544,,,,0.0,,0.0,,0.0
,,,0.0031250000465661287,,0.8125,,,,,,,,,,,1.0,1.0,,,,,4545,,,,0.0,,0.0,,0.0
,,,0.0013020833721384406,,0.8359375,,,,,,,,,,,1.0,1.0,,,,,4546,,,,0.0,,0.0,,0.0
,,,0.11394383758306503,,0.9047619104385376,,,,,,,,,,,1.0,1.0,,,,,4547,,,,0.0,,0.0,,0.0
,,,0.09765625,,1.0,,,,,,,,,,,1.0,1.0,,,,,4548,,,,0.0,,0.0,,0.0
,,,0.0736607164144516,,0.9921875,,,,,,,,,,,1.0,1.0,,,,,4549,,,,0.0,,0.0,,0.0
,,,0.11704544723033905,,0.675000011920929,,,,,,,,,,,1.0,1.0,,,,,4550,,,,0.0,,0.0,,0.0
,,,0.02790178544819355,,0.3671875,,,,,,,,,,,1.0,1.0,,,,,4551,,,,0.0,,0.0,,0.0
,,,0.0263671875,,0.390625,,,,,,,,,,,1.0,1.0,,,,,4552,,,,0.0,,0.0,,0.0
,,,0.02364066243171692,,0.5444305539131165,,,,,,,,,,,1.0,1.0,,,,,4553,,,,0.0,,0.0,,0.0
,,,0.0,,0.6484375,,,,,,,,,,,1.0,1.0,,,,,4554,,,,0.0,,0.0,,0.0
,,,0.0,,0.765625,,,,,,,,,,,1.0,1.0,,,,,4555,,,,0.0,,0.0,,0.0
,,,0.0013020833721384406,,0.6796875,,,,,,,,,,,1.0,1.0,,,,,4556,,,,0.0,,0.0,,0.0
,,,0.07086614519357681,,0.4960629940032959,,,,,,,,,,,1.0,1.0,,,,,4557,,,,0.0,,0.0,,0.0
,,,0.080078125,,1.0,,,,,,,,,,,1.0,1.0,,,,,4558,,,,0.0,,0.0,,0.0
,,,0.140625,,0.9921875,,,,,,,,,,,1.0,1.0,,,,,4559,,,,0.0,,0.0,,0.0
,,,0.03694581612944603,,0.5732758641242981,,,,,,,,,,,1.0,1.0,,,,,4560,,,,0.0,,0.0,,0.0
,,,0.0011160714784637094,,0.1640625,,,,,,,,,,,1.0,1.0,,,,,4561,,,,0.0,,0.0,,0.0
,,,0.0011160714784637094,,0.1328125,,,,,,,,,,,1.0,1.0,,,,,4562,,,,0.0,,0.0,,0.0
,,,0.007072135806083679,,0.31664833426475525,,,,,,,,,,,1.0,1.0,,,,,4563,,,,0.0,,0.0,,0.0
,,,0.01116071455180645,,0.5859375,,,,,,,,,,,1.0,1.0,,,,,4564,,,,0.0,,0.0,,0.0
,,,0.013020833022892475,,0.6015625,,,,,,,,,,,1.0,1.0,,,,,4565,,,,0.0,,0.0,,0.0
,,,0.010416666977107525,,0.3697916567325592,,,,,,,,,,,1.0,1.0,,,,,4566,,,,0.0,,0.0,,0.0
,,,0.0,,0.125,,,,,,,,,,,1.0,1.0,,,,,4567,,,,0.0,,0.0,,0.0
,,,0.0,,0.1171875,,,,,,,,,,,1.0,1.0,,,,,4568,,,,0.0,,0.0,,0.0
,,,0.0,,0.29263564944267273,,,,,,,,,,,1.0,1.0,,,,,4569,,,,0.0,,0.0,,0.0
,,,0.0013020833721384406,,0.3203125,,,,,,,,,,,1.0,1.0,,,,,4570,,,,0.0,,0.0,,0.0
,,,0.0022321429569274187,,0.40625,,,,,,,,,,,1.0,1.0,,,,,4571,,,,0.0,,0.0,,0.0
,,,0.0831858366727829,,0.699999988079071,,,,,,,,,,,1.0,1.0,,,,,4572,,,,0.0,,0.0,,0.0
,,,0.0546875,,0.9921875,,,,,,,,,,,1.0,1.0,,,,,4573,,,,0.0,,0.0,,0.0
,,,0.099609375,,1.0,,,,,,,,,,,1.0,1.0,,,,,4574,,,,0.0,,0.0,,0.0
,,,0.07393939793109894,,0.9045454263687134,,,,,,,,,,,1.0,1.0,,,,,4575,,,,0.0,,0.0,,0.0
,,,0.005859375,,0.8203125,,,,,,,,,,,1.0,1.0,,,,,4576,,,,0.0,,0.0,,0.0
,,,0.0022321429569274187,,0.84375,,,,,,,,,,,1.0,1.0,,,,,4577,,,,0.0,,0.0,,0.0
,,,0.111111119389534,,0.824999988079071,,,,,,,,,,,1.0,1.0,,,,,4578,,,,0.0,,0.0,,0.0
,,,0.078125,,1.0,,,,,,,,,,,1.0,1.0,,,,,4579,,,,0.0,,0.0,,0.0
,,,0.0963541641831398,,0.9921875,,,,,,,,,,,1.0,1.0,,,,,4580,,,,0.0,,0.0,,0.0
,,,0.10312360525131226,,0.69973224401474,,,,,,,,,,,1.0,1.0,,,,,4581,,,,0.0,,0.0,,0.0
,,,0.02864583395421505,,0.375,,,,,,,,,,,1.0,1.0,,,,,4582,,,,0.0,,0.0,,0.0
,,,0.029296875,,0.3984375,,,,,,,,,,,1.0,1.0,,,,,4583,,,,0.0,,0.0,,0.0
,,,0.022058824077248573,,0.5434173941612244,,,,,,,,,,,1.0,1.0,,,,,4584,,,,0.0,,0.0,,0.0
,,,0.0,,0.6171875,,,,,,,,,,,1.0,1.0,,,,,4585,,,,0.0,,0.0,,0.0
,,,0.0013020833721384406,,0.71875,,,,,,,,,,,1.0,1.0,,,,,4586,,,,0.0,,0.0,,0.0
,,,0.06802721321582794,,0.8662790656089783,,,,,,,,,,,1.0,1.0,,,,,4587,,,,0.0,,0.0,,0.0
,,,0.076171875,,0.9921875,,,,,,,,,,,1.0,1.0,,,,,4588,,,,0.0,,0.0,,0.0
,,,0.1171875,,1.0,,,,,,,,,,,1.0,1.0,,,,,4589,,,,0.0,,0.0,,0.0
,,,0.07010309398174286,,0.5645161271095276,,,,,,,,,,,1.0,1.0,,,,,4590,,,,0.0,,0.0,,0.0
,,,0.0011160714784637094,,0.140625,,,,,,,,,,,1.0,1.0,,,,,4591,,,,0.0,,0.0,,0.0
,,,0.0009765625,,0.125,,,,,,,,,,,1.0,1.0,,,,,4592,,,,0.0,,0.0,,0.0
,,,0.0342261902987957,,0.3928571343421936,,,,,,,,,,,1.0,1.0,,,,,4593,,,,0.0,,0.0,,0.0
,,,0.0065104165114462376,,0.53125,,,,,,,,,,,1.0,1.0,,,,,4594,,,,0.0,,0.0,,0.0
,,,0.0066964286379516125,,0.578125,,,,,,,,,,,1.0,1.0,,,,,4595,,,,0.0,,0.0,,0.0
,,,0.00997150968760252,,0.34032636880874634,,,,,,,,,,,1.0,1.0,,,,,4596,,,,0.0,,0.0,,0.0
,,,0.0,,0.1640625,,,,,,,,,,,1.0,1.0,,,,,4597,,,,0.0,,0.0,,0.0
,,,0.0,,0.109375,,,,,,,,,,,1.0,1.0,,,,,4598,,,,0.0,,0.0,,0.0
,,,0.0,,0.19685038924217224,,,,,,,,,,,1.0,1.0,,,,,4599,,,,0.0,,0.0,,0.0
49,0.1380189210176468,0.15975946187973022,,0.6130909323692322,,,,,,,,,,,,,,52.95543670654297,595512.25,3.9694507122039795,496.3461608886719,11049,,,0.0,,0.0,,0.0,
49,,,,,,1.5086959600448608,,-17.720884323120117,,8.800392150878906,,,,,,,,,,,,11049,2.4602315425872803,,,,,,,
,,,,,,,,,,,,,,0.00023337102855103427,0.03,,,,,,,11099,,,,,,,,
50,,,,,,,1.5128614902496338,,-17.725797653198242,,8.8984375,0.00023333990247920156,0.029999999329447746,,,1.0,1.0,,,,,11099,,2.421184539794922,,,,,,
,,,,,,,,,,,,,,0.00023181400415539242,0.03,,,,,,,11149,,,,,,,,
50,,,,,,,1.5283701419830322,,-17.60875701904297,,9.1015625,0.0002317828475497663,0.029999999329447746,,,1.0,1.0,,,,,11149,,2.4686813354492188,,,,,,
,,,,,,,,,,,,,,0.0002302550080297857,0.03,,,,,,,11199,,,,,,,,
50,,,,,,,1.5232012271881104,,-17.713865280151367,,8.96875,0.00023022381355986,0.029999999329447746,,,1.0,1.0,,,,,11199,,2.5979652404785156,,,,,,
,,,,,,,,,,,,,,0.00022869413740705266,0.03,,,,,,,11249,,,,,,,,
50,,,,,,,1.5080349445343018,,-17.7405948638916,,8.9609375,0.00022866290237288922,0.029999999329447746,,,1.0,1.0,,,,,11249,,2.4755687713623047,,,,,,
,,,0.0,,0.90625,,,,,,,,,,,1.0,1.0,,,,,4600,,,,0.0,,0.0,,0.0
,,,0.0,,0.8984375,,,,,,,,,,,1.0,1.0,,,,,4601,,,,0.0,,0.0,,0.0
,,,0.0,,0.7147048115730286,,,,,,,,,,,1.0,1.0,,,,,4602,,,,0.0,,0.0,,0.0
,,,0.0,,0.40625,,,,,,,,,,,1.0,1.0,,,,,4603,,,,0.0,,0.0,,0.0
,,,0.0,,0.3671875,,,,,,,,,,,1.0,1.0,,,,,4604,,,,0.0,,0.0,,0.0
,,,0.2916666567325592,,0.6490384340286255,,,,,,,,,,,1.0,1.0,,,,,4605,,,,0.0,,0.0,,0.0
,,,0.2395833283662796,,1.0,,,,,,,,,,,1.0,1.0,,,,,4606,,,,0.0,,0.0,,0.0
,,,0.3515625,,1.0,,,,,,,,,,,1.0,1.0,,,,,4607,,,,0.0,,0.0,,0.0
,,,0.14150944352149963,,0.5681818127632141,,,,,,,,,,,1.0,1.0,,,,,4608,,,,0.0,,0.0,,0.0
,,,0.0,,0.0625,,,,,,,,,,,1.0,1.0,,,,,4609,,,,0.0,,0.0,,0.0
,,,0.0,,0.0546875,,,,,,,,,,,1.0,1.0,,,,,4610,,,,0.0,,0.0,,0.0
,,,0.0,,0.0625,,,,,,,,,,,1.0,1.0,,,,,4611,,,,0.0,,0.0,,0.0
,,,0.06400000303983688,,0.3840000033378601,,,,,,,,,,,1.0,1.0,,,,,4612,,,,0.0,,0.0,,0.0
,,,0.1067708358168602,,0.703125,,,,,,,,,,,1.0,1.0,,,,,4613,,,,0.0,,0.0,,0.0
,,,0.0833333358168602,,0.7734375,,,,,,,,,,,1.0,1.0,,,,,4614,,,,0.0,,0.0,,0.0
,,,0.0833333358168602,,0.8123249411582947,,,,,,,,,,,1.0,1.0,,,,,4615,,,,0.0,,0.0,,0.0
,,,0.0,,0.9296875,,,,,,,,,,,1.0,1.0,,,,,4616,,,,0.0,,0.0,,0.0
,,,0.0,,0.9453125,,,,,,,,,,,1.0,1.0,,,,,4617,,,,0.0,,0.0,,0.0
,,,0.0,,0.8214285373687744,,,,,,,,,,,1.0,1.0,,,,,4618,,,,0.0,,0.0,,0.0
,,,0.0,,0.5859375,,,,,,,,,,,1.0,1.0,,,,,4619,,,,0.0,,0.0,,0.0
,,,0.0,,0.6328125,,,,,,,,,,,1.0,1.0,,,,,4620,,,,0.0,,0.0,,0.0
,,,0.0,,0.5351183414459229,,,,,,,,,,,1.0,1.0,,,,,4621,,,,0.0,,0.0,,0.0
,,,0.0031250000465661287,,0.46875,,,,,,,,,,,1.0,1.0,,,,,4622,,,,0.0,,0.0,,0.0
,,,0.0015625000232830644,,0.390625,,,,,,,,,,,1.0,1.0,,,,,4623,,,,0.0,,0.0,,0.0
,,,0.10000000149011612,,0.6499999761581421,,,,,,,,,,,1.0,1.0,,,,,4624,,,,0.0,,0.0,,0.0
,,,0.1848958283662796,,1.0,,,,,,,,,,,1.0,1.0,,,,,4625,,,,0.0,,0.0,,0.0
,,,0.1822916716337204,,1.0,,,,,,,,,,,1.0,1.0,,,,,4626,,,,0.0,,0.0,,0.0
,,,0.15943396091461182,,0.7508176565170288,,,,,,,,,,,1.0,1.0,,,,,4627,,,,0.0,,0.0,,0.0
,,,0.00390625,,0.578125,,,,,,,,,,,1.0,1.0,,,,,4628,,,,0.0,,0.0,,0.0
,,,0.00390625,,0.515625,,,,,,,,,,,1.0,1.0,,,,,4629,,,,0.0,,0.0,,0.0
,,,0.008823529817163944,,0.7240766286849976,,,,,,,,,,,1.0,1.0,,,,,4630,,,,0.0,,0.0,,0.0
,,,0.0,,0.8984375,,,,,,,,,,,1.0,1.0,,,,,4631,,,,0.0,,0.0,,0.0
,,,0.0,,0.890625,,,,,,,,,,,1.0,1.0,,,,,4632,,,,0.0,,0.0,,0.0
,,,0.0,,0.6684728860855103,,,,,,,,,,,1.0,1.0,,,,,4633,,,,0.0,,0.0,,0.0
,,,0.0,,0.390625,,,,,,,,,,,1.0,1.0,,,,,4634,,,,0.0,,0.0,,0.0
,,,0.0,,0.3828125,,,,,,,,,,,1.0,1.0,,,,,4635,,,,0.0,,0.0,,0.0
,,,0.24378108978271484,,0.6475409865379333,,,,,,,,,,,1.0,1.0,,,,,4636,,,,0.0,,0.0,,0.0
,,,0.35546875,,1.0,,,,,,,,,,,1.0,1.0,,,,,4637,,,,0.0,,0.0,,0.0
,,,0.181640625,,1.0,,,,,,,,,,,1.0,1.0,,,,,4638,,,,0.0,,0.0,,0.0
,,,0.13015873730182648,,0.5230769515037537,,,,,,,,,,,1.0,1.0,,,,,4639,,,,0.0,,0.0,,0.0
,,,0.0,,0.0625,,,,,,,,,,,1.0,1.0,,,,,4640,,,,0.0,,0.0,,0.0
,,,0.0,,0.0859375,,,,,,,,,,,1.0,1.0,,,,,4641,,,,0.0,,0.0,,0.0
,,,0.08749999850988388,,0.3909091055393219,,,,,,,,,,,1.0,1.0,,,,,4642,,,,0.0,,0.0,,0.0
,,,0.0833333358168602,,0.75,,,,,,,,,,,1.0,1.0,,,,,4643,,,,0.0,,0.0,,0.0
,,,0.0963541641831398,,0.7578125,,,,,,,,,,,1.0,1.0,,,,,4644,,,,0.0,,0.0,,0.0
,,,0.07446808367967606,,0.8989361524581909,,,,,,,,,,,1.0,1.0,,,,,4645,,,,0.0,,0.0,,0.0
,,,0.0,,0.96875,,,,,,,,,,,1.0,1.0,,,,,4646,,,,0.0,,0.0,,0.0
,,,0.0,,0.96875,,,,,,,,,,,1.0,1.0,,,,,4647,,,,0.0,,0.0,,0.0
,,,0.0,,0.984375,,,,,,,,,,,1.0,1.0,,,,,4648,,,,0.0,,0.0,,0.0
,,,0.0,,0.8385826349258423,,,,,,,,,,,1.0,1.0,,,,,4649,,,,0.0,,0.0,,0.0
,,,0.0,,0.59375,,,,,,,,,,,1.0,1.0,,,,,4650,,,,0.0,,0.0,,0.0
,,,0.0,,0.6484375,,,,,,,,,,,1.0,1.0,,,,,4651,,,,0.0,,0.0,,0.0
,,,0.0,,0.4899425208568573,,,,,,,,,,,1.0,1.0,,,,,4652,,,,0.0,,0.0,,0.0
,,,0.0031250000465661287,,0.3984375,,,,,,,,,,,1.0,1.0,,,,,4653,,,,0.0,,0.0,,0.0
,,,0.0031250000465661287,,0.390625,,,,,,,,,,,1.0,1.0,,,,,4654,,,,0.0,,0.0,,0.0
,,,0.12376237660646439,,0.6666666865348816,,,,,,,,,,,1.0,1.0,,,,,4655,,,,0.0,,0.0,,0.0
,,,0.203125,,1.0,,,,,,,,,,,1.0,1.0,,,,,4656,,,,0.0,,0.0,,0.0
,,,0.1796875,,0.9921875,,,,,,,,,,,1.0,1.0,,,,,4657,,,,0.0,,0.0,,0.0
,,,0.140625,,0.75,,,,,,,,,,,1.0,1.0,,,,,4658,,,,0.0,,0.0,,0.0
,,,0.00390625,,0.4921875,,,,,,,,,,,1.0,1.0,,,,,4659,,,,0.0,,0.0,,0.0
,,,0.0052083334885537624,,0.53125,,,,,,,,,,,1.0,1.0,,,,,4660,,,,0.0,,0.0,,0.0
,,,0.009523809887468815,,0.7034883499145508,,,,,,,,,,,1.0,1.0,,,,,4661,,,,0.0,,0.0,,0.0
,,,0.0,,0.8984375,,,,,,,,,,,1.0,1.0,,,,,4662,,,,0.0,,0.0,,0.0
,,,0.0,,0.9140625,,,,,,,,,,,1.0,1.0,,,,,4663,,,,0.0,,0.0,,0.0
,,,0.0,,0.6746312379837036,,,,,,,,,,,1.0,1.0,,,,,4664,,,,0.0,,0.0,,0.0
,,,0.0,,0.3359375,,,,,,,,,,,1.0,1.0,,,,,4665,,,,0.0,,0.0,,0.0
,,,0.0,,0.3671875,,,,,,,,,,,1.0,1.0,,,,,4666,,,,0.0,,0.0,,0.0
,,,0.1772727221250534,,0.5833333134651184,,,,,,,,,,,1.0,1.0,,,,,4667,,,,0.0,,0.0,,0.0
,,,0.37890625,,1.0,,,,,,,,,,,1.0,1.0,,,,,4668,,,,0.0,,0.0,,0.0
,,,0.173828125,,1.0,,,,,,,,,,,1.0,1.0,,,,,4669,,,,0.0,,0.0,,0.0
,,,0.125,,0.5416666865348816,,,,,,,,,,,1.0,1.0,,,,,4670,,,,0.0,,0.0,,0.0
,,,0.0,,0.0546875,,,,,,,,,,,1.0,1.0,,,,,4671,,,,0.0,,0.0,,0.0
,,,0.0,,0.0859375,,,,,,,,,,,1.0,1.0,,,,,4672,,,,0.0,,0.0,,0.0
,,,0.0602409653365612,,0.3836680054664612,,,,,,,,,,,1.0,1.0,,,,,4673,,,,0.0,,0.0,,0.0
,,,0.0859375,,0.734375,,,,,,,,,,,1.0,1.0,,,,,4674,,,,0.0,,0.0,,0.0
,,,0.09375,,0.7890625,,,,,,,,,,,1.0,1.0,,,,,4675,,,,0.0,,0.0,,0.0
,,,0.053921569138765335,,0.839954137802124,,,,,,,,,,,1.0,1.0,,,,,4676,,,,0.0,,0.0,,0.0
,,,0.0,,0.9609375,,,,,,,,,,,1.0,1.0,,,,,4677,,,,0.0,,0.0,,0.0
,,,0.0,,0.953125,,,,,,,,,,,1.0,1.0,,,,,4678,,,,0.0,,0.0,,0.0
,,,0.0,,0.8394241333007812,,,,,,,,,,,1.0,1.0,,,,,4679,,,,0.0,,0.0,,0.0
,,,0.0,,0.5546875,,,,,,,,,,,1.0,1.0,,,,,4680,,,,0.0,,0.0,,0.0
,,,0.0,,0.640625,,,,,,,,,,,1.0,1.0,,,,,4681,,,,0.0,,0.0,,0.0
,,,0.0,,0.518290638923645,,,,,,,,,,,1.0,1.0,,,,,4682,,,,0.0,,0.0,,0.0
,,,0.00390625,,0.4140625,,,,,,,,,,,1.0,1.0,,,,,4683,,,,0.0,,0.0,,0.0
,,,0.0031250000465661287,,0.3203125,,,,,,,,,,,1.0,1.0,,,,,4684,,,,0.0,,0.0,,0.0
,,,0.1741071492433548,,0.6919642686843872,,,,,,,,,,,1.0,1.0,,,,,4685,,,,0.0,,0.0,,0.0
,,,0.1614583283662796,,1.0,,,,,,,,,,,1.0,1.0,,,,,4686,,,,0.0,,0.0,,0.0
,,,0.1822916716337204,,1.0,,,,,,,,,,,1.0,1.0,,,,,4687,,,,0.0,,0.0,,0.0
,,,0.14743590354919434,,0.6689976453781128,,,,,,,,,,,1.0,1.0,,,,,4688,,,,0.0,,0.0,,0.0
,,,0.005859375,,0.5625,,,,,,,,,,,1.0,1.0,,,,,4689,,,,0.0,,0.0,,0.0
,,,0.0,,0.5234375,,,,,,,,,,,1.0,1.0,,,,,4690,,,,0.0,,0.0,,0.0
,,,0.007874015718698502,,0.5275590419769287,,,,,,,,,,,1.0,1.0,,,,,4691,,,,0.0,,0.0,,0.0
50,0.1366814523935318,0.15741407871246338,,0.6598315834999084,,,,,,,,,,,,,,56.38349533081055,449762.53125,4.032176494598389,492.5388488769531,11270,,,0.0,,0.0,,0.0,
50,,,,,,1.5093162059783936,,-17.709741592407227,,8.809672355651855,,,,,,,,,,,,11270,2.4739749431610107,,,,,,,
,,,,,,,,,,,,,,0.00022713148963694285,0.03,,,,,,,11299,,,,,,,,
51,,,,,,,1.4997047185897827,,-17.71578025817871,,8.4765625,0.0002271002158522606,0.029999999329447746,,,1.0,1.0,,,,,11299,,2.288215160369873,,,,,,
,,,,,,,,,,,,,,0.00022556716218004406,0.03,,,,,,,11349,,,,,,,,
51,,,,,,,1.5042275190353394,,-17.702632904052734,,8.6875,0.0002255358558613807,0.029999999329447746,,,1.0,1.0,,,,,11349,,2.4631190299987793,,,,,,
,,,,,,,,,,,,,,0.00022400125260170454,0.03,,,,,,,11399,,,,,,,,
51,,,,,,,1.5302411317825317,,-17.71961212158203,,9.6015625,0.00022396992426365614,0.029999999329447746,,,1.0,1.0,,,,,11399,,2.2586183547973633,,,,,,
,,,,,,,,,,,,,,0.00022243385856594755,0.03,,,,,,,11449,,,,,,,,
51,,,,,,,1.5009067058563232,,-17.71653175354004,,8.1875,0.00022240249381866306,0.029999999329447746,,,1.0,1.0,,,,,11449,,2.509556531906128,,,,,,
,,,0.0,,0.046875,,,,,,,,,,,1.0,1.0,,,,,4692,,,,0.0,,0.0,,0.0
,,,0.0,,0.0703125,,,,,,,,,,,1.0,1.0,,,,,4693,,,,0.0,,0.0,,0.0
,,,0.0,,0.07535753399133682,,,,,,,,,,,1.0,1.0,,,,,4694,,,,0.0,,0.0,,0.0
,,,0.0,,0.078125,,,,,,,,,,,1.0,1.0,,,,,4695,,,,0.0,,0.0,,0.0
,,,0.0,,0.109375,,,,,,,,,,,1.0,1.0,,,,,4696,,,,0.0,,0.0,,0.0
,,,0.013888888992369175,,0.5336538553237915,,,,,,,,,,,1.0,1.0,,,,,4697,,,,0.0,,0.0,,0.0
,,,0.0390625,,0.9921875,,,,,,,,,,,1.0,1.0,,,,,4698,,,,0.0,,0.0,,0.0
,,,0.03125,,1.0,,,,,,,,,,,1.0,1.0,,,,,4699,,,,0.0,,0.0,,0.0
,,,0.05102916061878204,,0.8722126483917236,,,,,,,,,,,1.0,1.0,,,,,4700,,,,0.0,,0.0,,0.0
,,,0.0033482143189758062,,0.828125,,,,,,,,,,,1.0,1.0,,,,,4701,,,,0.0,,0.0,,0.0
,,,0.0029296875,,0.75,,,,,,,,,,,1.0,1.0,,,,,4702,,,,0.0,,0.0,,0.0
,,,0.0009765625,,0.7578125,,,,,,,,,,,1.0,1.0,,,,,4703,,,,0.0,,0.0,,0.0
,,,0.047999996691942215,,0.7680000066757202,,,,,,,,,,,1.0,1.0,,,,,4704,,,,0.0,,0.0,,0.0
,,,0.0283203125,,0.4765625,,,,,,,,,,,1.0,1.0,,,,,4705,,,,0.0,,0.0,,0.0
,,,0.0403645820915699,,0.5078125,,,,,,,,,,,1.0,1.0,,,,,4706,,,,0.0,,0.0,,0.0
,,,0.04691876843571663,,0.6666666865348816,,,,,,,,,,,1.0,1.0,,,,,4707,,,,0.0,,0.0,,0.0
,,,0.0167410708963871,,0.9921875,,,,,,,,,,,1.0,1.0,,,,,4708,,,,0.0,,0.0,,0.0
,,,0.013671875,,1.0,,,,,,,,,,,1.0,1.0,,,,,4709,,,,0.0,,0.0,,0.0
,,,0.2113095223903656,,1.0,,,,,,,,,,,1.0,1.0,,,,,4710,,,,0.0,,0.0,,0.0
,,,0.14453125,,0.984375,,,,,,,,,,,1.0,1.0,,,,,4711,,,,0.0,,0.0,,0.0
,,,0.22265625,,0.9921875,,,,,,,,,,,1.0,1.0,,,,,4712,,,,0.0,,0.0,,0.0
,,,0.11364526301622391,,0.534246563911438,,,,,,,,,,,1.0,1.0,,,,,4713,,,,0.0,,0.0,,0.0
,,,0.0,,0.0546875,,,,,,,,,,,1.0,1.0,,,,,4714,,,,0.0,,0.0,,0.0
,,,0.0,,0.09375,,,,,,,,,,,1.0,1.0,,,,,4715,,,,0.0,,0.0,,0.0
,,,0.010775862261652946,,0.44236454367637634,,,,,,,,,,,1.0,1.0,,,,,4716,,,,0.0,,0.0,,0.0
,,,0.03281249850988388,,0.8515625,,,,,,,,,,,1.0,1.0,,,,,4717,,,,0.0,,0.0,,0.0
,,,0.013020833022892475,,0.796875,,,,,,,,,,,1.0,1.0,,,,,4718,,,,0.0,,0.0,,0.0
,,,0.02982928976416588,,0.6757232546806335,,,,,,,,,,,1.0,1.0,,,,,4719,,,,0.0,,0.0,,0.0
,,,0.0066964286379516125,,0.7890625,,,,,,,,,,,1.0,1.0,,,,,4720,,,,0.0,,0.0,,0.0
,,,0.005580357275903225,,0.7890625,,,,,,,,,,,1.0,1.0,,,,,4721,,,,0.0,,0.0,,0.0
,,,0.004411764908581972,,0.45841312408447266,,,,,,,,,,,1.0,1.0,,,,,4722,,,,0.0,,0.0,,0.0
,,,0.0,,0.09375,,,,,,,,,,,1.0,1.0,,,,,4723,,,,0.0,,0.0,,0.0
,,,0.0,,0.078125,,,,,,,,,,,1.0,1.0,,,,,4724,,,,0.0,,0.0,,0.0
,,,0.0,,0.11724138259887695,,,,,,,,,,,1.0,1.0,,,,,4725,,,,0.0,,0.0,,0.0
,,,0.0,,0.109375,,,,,,,,,,,1.0,1.0,,,,,4726,,,,0.0,,0.0,,0.0
,,,0.0,,0.09375,,,,,,,,,,,1.0,1.0,,,,,4727,,,,0.0,,0.0,,0.0
,,,0.04477611929178238,,0.5409836173057556,,,,,,,,,,,1.0,1.0,,,,,4728,,,,0.0,,0.0,,0.0
,,,0.0455729179084301,,1.0,,,,,,,,,,,1.0,1.0,,,,,4729,,,,0.0,,0.0,,0.0
,,,0.046875,,0.9921875,,,,,,,,,,,1.0,1.0,,,,,4730,,,,0.0,,0.0,,0.0
,,,0.026210825890302658,,0.9074481129646301,,,,,,,,,,,1.0,1.0,,,,,4731,,,,0.0,,0.0,,0.0
,,,0.0011160714784637094,,0.71875,,,,,,,,,,,1.0,1.0,,,,,4732,,,,0.0,,0.0,,0.0
,,,0.001953125,,0.6796875,,,,,,,,,,,1.0,1.0,,,,,4733,,,,0.0,,0.0,,0.0
,,,0.051623377948999405,,0.6806818246841431,,,,,,,,,,,1.0,1.0,,,,,4734,,,,0.0,,0.0,,0.0
,,,0.0323660708963871,,0.4296875,,,,,,,,,,,1.0,1.0,,,,,4735,,,,0.0,,0.0,,0.0
,,,0.0301339291036129,,0.515625,,,,,,,,,,,1.0,1.0,,,,,4736,,,,0.0,,0.0,,0.0
,,,0.0467548705637455,,0.7393617033958435,,,,,,,,,,,1.0,1.0,,,,,4737,,,,0.0,,0.0,,0.0
,,,0.01227678544819355,,1.0,,,,,,,,,,,1.0,1.0,,,,,4738,,,,0.0,,0.0,,0.0
,,,0.02031249925494194,,0.9921875,,,,,,,,,,,1.0,1.0,,,,,4739,,,,0.0,,0.0,,0.0
,,,0.012500000186264515,,1.0,,,,,,,,,,,1.0,1.0,,,,,4740,,,,0.0,,0.0,,0.0
,,,0.16692914068698883,,1.0,,,,,,,,,,,1.0,1.0,,,,,4741,,,,0.0,,0.0,,0.0
,,,0.1419270783662796,,0.9921875,,,,,,,,,,,1.0,1.0,,,,,4742,,,,0.0,,0.0,,0.0
,,,0.16093750298023224,,1.0,,,,,,,,,,,1.0,1.0,,,,,4743,,,,0.0,,0.0,,0.0
,,,0.10524424910545349,,0.5387930870056152,,,,,,,,,,,1.0,1.0,,,,,4744,,,,0.0,,0.0,,0.0
,,,0.0009765625,,0.0625,,,,,,,,,,,1.0,1.0,,,,,4745,,,,0.0,,0.0,,0.0
,,,0.0,,0.046875,,,,,,,,,,,1.0,1.0,,,,,4746,,,,0.0,,0.0,,0.0
,,,0.01555869821459055,,0.442977637052536,,,,,,,,,,,1.0,1.0,,,,,4747,,,,0.0,,0.0,,0.0
,,,0.01953125,,0.8203125,,,,,,,,,,,1.0,1.0,,,,,4748,,,,0.0,,0.0,,0.0
,,,0.0223214291036129,,0.75,,,,,,,,,,,1.0,1.0,,,,,4749,,,,0.0,,0.0,,0.0
,,,0.0451388880610466,,0.765625,,,,,,,,,,,1.0,1.0,,,,,4750,,,,0.0,,0.0,,0.0
,,,0.008928571827709675,,0.796875,,,,,,,,,,,1.0,1.0,,,,,4751,,,,0.0,,0.0,,0.0
,,,0.0052083334885537624,,0.78125,,,,,,,,,,,1.0,1.0,,,,,4752,,,,0.0,,0.0,,0.0
,,,0.0,,0.5041528344154358,,,,,,,,,,,1.0,1.0,,,,,4753,,,,0.0,,0.0,,0.0
,,,0.0,,0.078125,,,,,,,,,,,1.0,1.0,,,,,4754,,,,0.0,,0.0,,0.0
,,,0.0,,0.0546875,,,,,,,,,,,1.0,1.0,,,,,4755,,,,0.0,,0.0,,0.0
,,,0.0,,0.11740413308143616,,,,,,,,,,,1.0,1.0,,,,,4756,,,,0.0,,0.0,,0.0
,,,0.0,,0.109375,,,,,,,,,,,1.0,1.0,,,,,4757,,,,0.0,,0.0,,0.0
,,,0.0,,0.140625,,,,,,,,,,,1.0,1.0,,,,,4758,,,,0.0,,0.0,,0.0
,,,0.040909092873334885,,0.4954545497894287,,,,,,,,,,,1.0,1.0,,,,,4759,,,,0.0,,0.0,,0.0
,,,0.0403645820915699,,1.0,,,,,,,,,,,1.0,1.0,,,,,4760,,,,0.0,,0.0,,0.0
,,,0.05078125,,0.9921875,,,,,,,,,,,1.0,1.0,,,,,4761,,,,0.0,,0.0,,0.0
,,,0.031172839924693108,,0.8888888955116272,,,,,,,,,,,1.0,1.0,,,,,4762,,,,0.0,,0.0,,0.0
,,,0.0,,0.734375,,,,,,,,,,,1.0,1.0,,,,,4763,,,,0.0,,0.0,,0.0
,,,0.0033482143189758062,,0.671875,,,,,,,,,,,1.0,1.0,,,,,4764,,,,0.0,,0.0,,0.0
,,,0.04130808636546135,,0.6155288219451904,,,,,,,,,,,1.0,1.0,,,,,4765,,,,0.0,,0.0,,0.0
,,,0.03125,,0.4765625,,,,,,,,,,,1.0,1.0,,,,,4766,,,,0.0,,0.0,,0.0
,,,0.0341796875,,0.515625,,,,,,,,,,,1.0,1.0,,,,,4767,,,,0.0,,0.0,,0.0
,,,0.041603006422519684,,0.699388861656189,,,,,,,,,,,1.0,1.0,,,,,4768,,,,0.0,,0.0,,0.0
,,,0.0078125,,0.9921875,,,,,,,,,,,1.0,1.0,,,,,4769,,,,0.0,,0.0,,0.0
,,,0.012500000186264515,,1.0,,,,,,,,,,,1.0,1.0,,,,,4770,,,,0.0,,0.0,,0.0
,,,0.15079365670681,,0.9941860437393188,,,,,,,,,,,1.0,1.0,,,,,4771,,,,0.0,,0.0,,0.0
,,,0.1432291716337204,,1.0,,,,,,,,,,,1.0,1.0,,,,,4772,,,,0.0,,0.0,,0.0
,,,0.17343750596046448,,0.9921875,,,,,,,,,,,1.0,1.0,,,,,4773,,,,0.0,,0.0,,0.0
,,,0.11340206116437912,,0.5161290168762207,,,,,,,,,,,1.0,1.0,,,,,4774,,,,0.0,,0.0,,0.0
,,,0.0009765625,,0.1328125,,,,,,,,,,,1.0,1.0,,,,,4775,,,,0.0,,0.0,,0.0
,,,0.0,,0.0546875,,,,,,,,,,,1.0,1.0,,,,,4776,,,,0.0,,0.0,,0.0
,,,0.0078125,,0.4375,,,,,,,,,,,1.0,1.0,,,,,4777,,,,0.0,,0.0,,0.0
,,,0.02083333395421505,,0.7890625,,,,,,,,,,,1.0,1.0,,,,,4778,,,,0.0,,0.0,,0.0
,,,0.01692708395421505,,0.859375,,,,,,,,,,,1.0,1.0,,,,,4779,,,,0.0,,0.0,,0.0
,,,0.04079253971576691,,0.6487956643104553,,,,,,,,,,,1.0,1.0,,,,,4780,,,,0.0,,0.0,,0.0
,,,0.008928571827709675,,0.8125,,,,,,,,,,,1.0,1.0,,,,,4781,,,,0.0,,0.0,,0.0
,,,0.004464285913854837,,0.734375,,,,,,,,,,,1.0,1.0,,,,,4782,,,,0.0,,0.0,,0.0
,,,0.007874015718698502,,0.8425197005271912,,,,,,,,,,,1.0,1.0,,,,,4783,,,,0.0,,0.0,,0.0
51,0.1403857171535492,0.15751966834068298,,0.6064927577972412,,,,,,,,,,,,,,64.0372085571289,386259.03125,4.159464359283447,477.27117919921875,11491,,,0.0,,0.0,,0.0,
51,,,,,,1.5106090307235718,,-17.717432022094727,,8.79447078704834,,,,,,,,,,,,11491,2.4084279537200928,,,,,,,
,,,,,,,,,,,,,,0.00022086507782938033,0.03,,,,,,,11499,,,,,,,,
52,,,,,,,1.5065340995788574,,-17.70107650756836,,8.6328125,0.00022083369549363852,0.029999999329447746,,,1.0,1.0,,,,,11499,,2.2243409156799316,,,,,,
,,,,,,,,,,,,,,0.00021929500823509722,0.03,,,,,,,11549,,,,,,,,
52,,,,,,,1.5166285037994385,,-17.726320266723633,,8.9921875,0.00021926358749624342,0.029999999329447746,,,1.0,1.0,,,,,11549,,2.6965274810791016,,,,,,
,,,,,,,,,,,,,,0.0002177237477065771,0.03,,,,,,,11599,,,,,,,,
52,,,,,,,1.5046887397766113,,-17.736127853393555,,8.2578125,0.00021769231534563005,0.029999999329447746,,,1.0,1.0,,,,,11599,,2.3704917430877686,,,,,,
,,,,,,,,,,,,,,0.00021615139424157565,0.03,,,,,,,11649,,,,,,,,
52,,,,,,,1.522566318511963,,-17.70928192138672,,9.2578125,0.00021611993724945933,0.029999999329447746,,,1.0,1.0,,,,,11649,,2.3917348384857178,,,,,,
,,,,,,,,,,,,,,0.0002145780459060145,0.03,,,,,,,11699,,,,,,,,
52,,,,,,,1.5132640600204468,,-17.71976089477539,,8.7109375,0.00021454656962305307,0.029999999329447746,,,1.0,1.0,,,,,11699,,2.434175968170166,,,,,,
,,,0.0,,0.3828125,,,,,,,,,,,1.0,1.0,,,,,4784,,,,0.0,,0.0,,0.0
,,,0.0029296875,,0.28125,,,,,,,,,,,1.0,1.0,,,,,4785,,,,0.0,,0.0,,0.0
,,,0.018518518656492233,,0.6672167181968689,,,,,,,,,,,1.0,1.0,,,,,4786,,,,0.0,,0.0,,0.0
,,,0.010044642724096775,,0.78125,,,,,,,,,,,1.0,1.0,,,,,4787,,,,0.0,,0.0,,0.0
,,,0.010416666977107525,,0.796875,,,,,,,,,,,1.0,1.0,,,,,4788,,,,0.0,,0.0,,0.0
,,,0.005494505632668734,,0.41826921701431274,,,,,,,,,,,1.0,1.0,,,,,4789,,,,0.0,,0.0,,0.0
,,,0.0,,0.0703125,,,,,,,,,,,1.0,1.0,,,,,4790,,,,0.0,,0.0,,0.0
,,,0.0,,0.0859375,,,,,,,,,,,1.0,1.0,,,,,4791,,,,0.0,,0.0,,0.0
,,,0.03030303120613098,,0.4875643253326416,,,,,,,,,,,1.0,1.0,,,,,4792,,,,0.0,,0.0,,0.0
,,,0.02678571455180645,,0.984375,,,,,,,,,,,1.0,1.0,,,,,4793,,,,0.0,,0.0,,0.0
,,,0.021484375,,1.0,,,,,,,,,,,1.0,1.0,,,,,4794,,,,0.0,,0.0,,0.0
,,,0.025390625,,0.984375,,,,,,,,,,,1.0,1.0,,,,,4795,,,,0.0,,0.0,,0.0
,,,0.14355555176734924,,0.8999999761581421,,,,,,,,,,,1.0,1.0,,,,,4796,,,,0.0,,0.0,,0.0
,,,0.060546875,,0.7734375,,,,,,,,,,,1.0,1.0,,,,,4797,,,,0.0,,0.0,,0.0
,,,0.064453125,,0.7109375,,,,,,,,,,,1.0,1.0,,,,,4798,,,,0.0,,0.0,,0.0
,,,0.15953049063682556,,0.8846871852874756,,,,,,,,,,,1.0,1.0,,,,,4799,,,,0.0,,0.0,,0.0
,,,0.1037946417927742,,1.0,,,,,,,,,,,1.0,1.0,,,,,4800,,,,0.0,,0.0,,0.0
,,,0.1082589253783226,,1.0,,,,,,,,,,,1.0,1.0,,,,,4801,,,,0.0,,0.0,,0.0
,,,0.11085343360900879,,0.9047619104385376,,,,,,,,,,,1.0,1.0,,,,,4802,,,,0.0,,0.0,,0.0
,,,0.0078125,,0.84375,,,,,,,,,,,1.0,1.0,,,,,4803,,,,0.0,,0.0,,0.0
,,,0.005859375,,0.7421875,,,,,,,,,,,1.0,1.0,,,,,4804,,,,0.0,,0.0,,0.0
,,,0.0060606058686971664,,0.43872976303100586,,,,,,,,,,,1.0,1.0,,,,,4805,,,,0.0,,0.0,,0.0
,,,0.0,,0.0234375,,,,,,,,,,,1.0,1.0,,,,,4806,,,,0.0,,0.0,,0.0
,,,0.0,,0.046875,,,,,,,,,,,1.0,1.0,,,,,4807,,,,0.0,,0.0,,0.0
,,,0.008620689623057842,,0.4726601243019104,,,,,,,,,,,1.0,1.0,,,,,4808,,,,0.0,,0.0,,0.0
,,,0.01785714365541935,,0.828125,,,,,,,,,,,1.0,1.0,,,,,4809,,,,0.0,,0.0,,0.0
,,,0.015625,,0.8671875,,,,,,,,,,,1.0,1.0,,,,,4810,,,,0.0,,0.0,,0.0
,,,0.04934411495923996,,0.8617609739303589,,,,,,,,,,,1.0,1.0,,,,,4811,,,,0.0,,0.0,,0.0
,,,0.02566964365541935,,0.765625,,,,,,,,,,,1.0,1.0,,,,,4812,,,,0.0,,0.0,,0.0
,,,0.02008928544819355,,0.6875,,,,,,,,,,,1.0,1.0,,,,,4813,,,,0.0,,0.0,,0.0
,,,0.019117647781968117,,0.5625171065330505,,,,,,,,,,,1.0,1.0,,,,,4814,,,,0.0,,0.0,,0.0
,,,0.001953125,,0.4453125,,,,,,,,,,,1.0,1.0,,,,,4815,,,,0.0,,0.0,,0.0
,,,0.001953125,,0.359375,,,,,,,,,,,1.0,1.0,,,,,4816,,,,0.0,,0.0,,0.0
,,,0.009298029355704784,,0.6211822628974915,,,,,,,,,,,1.0,1.0,,,,,4817,,,,0.0,,0.0,,0.0
,,,0.01116071455180645,,0.71875,,,,,,,,,,,1.0,1.0,,,,,4818,,,,0.0,,0.0,,0.0
,,,0.01227678544819355,,0.859375,,,,,,,,,,,1.0,1.0,,,,,4819,,,,0.0,,0.0,,0.0
,,,0.006147541105747223,,0.4232933819293976,,,,,,,,,,,1.0,1.0,,,,,4820,,,,0.0,,0.0,,0.0
,,,0.0,,0.0859375,,,,,,,,,,,1.0,1.0,,,,,4821,,,,0.0,,0.0,,0.0
,,,0.0,,0.078125,,,,,,,,,,,1.0,1.0,,,,,4822,,,,0.0,,0.0,,0.0
,,,0.020512821152806282,,0.523809552192688,,,,,,,,,,,1.0,1.0,,,,,4823,,,,0.0,,0.0,,0.0
,,,0.02008928544819355,,0.9765625,,,,,,,,,,,1.0,1.0,,,,,4824,,,,0.0,,0.0,,0.0
,,,0.0323660708963871,,0.984375,,,,,,,,,,,1.0,1.0,,,,,4825,,,,0.0,,0.0,,0.0
,,,0.08295454829931259,,0.9079545736312866,,,,,,,,,,,1.0,1.0,,,,,4826,,,,0.0,,0.0,,0.0
,,,0.05859375,,0.7890625,,,,,,,,,,,1.0,1.0,,,,,4827,,,,0.0,,0.0,,0.0
,,,0.05859375,,0.78125,,,,,,,,,,,1.0,1.0,,,,,4828,,,,0.0,,0.0,,0.0
,,,0.20807258784770966,,0.8670212626457214,,,,,,,,,,,1.0,1.0,,,,,4829,,,,0.0,,0.0,,0.0
,,,0.12109375,,1.0,,,,,,,,,,,1.0,1.0,,,,,4830,,,,0.0,,0.0,,0.0
,,,0.1026785746216774,,1.0,,,,,,,,,,,1.0,1.0,,,,,4831,,,,0.0,,0.0,,0.0
,,,0.0927734375,,1.0,,,,,,,,,,,1.0,1.0,,,,,4832,,,,0.0,,0.0,,0.0
,,,0.1784776896238327,,0.9094488620758057,,,,,,,,,,,1.0,1.0,,,,,4833,,,,0.0,,0.0,,0.0
,,,0.005580357275903225,,0.78125,,,,,,,,,,,1.0,1.0,,,,,4834,,,,0.0,,0.0,,0.0
,,,0.0029296875,,0.7421875,,,,,,,,,,,1.0,1.0,,,,,4835,,,,0.0,,0.0,,0.0
,,,0.02083333395421505,,0.3965517282485962,,,,,,,,,,,1.0,1.0,,,,,4836,,,,0.0,,0.0,,0.0
,,,0.0,,0.03125,,,,,,,,,,,1.0,1.0,,,,,4837,,,,0.0,,0.0,,0.0
,,,0.0,,0.03125,,,,,,,,,,,1.0,1.0,,,,,4838,,,,0.0,,0.0,,0.0
,,,0.008800880052149296,,0.48386505246162415,,,,,,,,,,,1.0,1.0,,,,,4839,,,,0.0,,0.0,,0.0
,,,0.013392857275903225,,0.90625,,,,,,,,,,,1.0,1.0,,,,,4840,,,,0.0,,0.0,,0.0
,,,0.02008928544819355,,0.8359375,,,,,,,,,,,1.0,1.0,,,,,4841,,,,0.0,,0.0,,0.0
,,,0.0401785746216774,,0.84375,,,,,,,,,,,1.0,1.0,,,,,4842,,,,0.0,,0.0,,0.0
,,,0.01822916604578495,,0.6953125,,,,,,,,,,,1.0,1.0,,,,,4843,,,,0.0,,0.0,,0.0
,,,0.0223214291036129,,0.734375,,,,,,,,,,,1.0,1.0,,,,,4844,,,,0.0,,0.0,,0.0
,,,0.014880952425301075,,0.5193798542022705,,,,,,,,,,,1.0,1.0,,,,,4845,,,,0.0,,0.0,,0.0
,,,0.001953125,,0.3828125,,,,,,,,,,,1.0,1.0,,,,,4846,,,,0.0,,0.0,,0.0
,,,0.001953125,,0.3515625,,,,,,,,,,,1.0,1.0,,,,,4847,,,,0.0,,0.0,,0.0
,,,0.005530973430722952,,0.6404129862785339,,,,,,,,,,,1.0,1.0,,,,,4848,,,,0.0,,0.0,,0.0
,,,0.01116071455180645,,0.796875,,,,,,,,,,,1.0,1.0,,,,,4849,,,,0.0,,0.0,,0.0
,,,0.004464285913854837,,0.8515625,,,,,,,,,,,1.0,1.0,,,,,4850,,,,0.0,,0.0,,0.0
,,,0.007936508394777775,,0.41161617636680603,,,,,,,,,,,1.0,1.0,,,,,4851,,,,0.0,,0.0,,0.0
,,,0.0,,0.0625,,,,,,,,,,,1.0,1.0,,,,,4852,,,,0.0,,0.0,,0.0
,,,0.0,,0.0859375,,,,,,,,,,,1.0,1.0,,,,,4853,,,,0.0,,0.0,,0.0
,,,0.018518518656492233,,0.49537035822868347,,,,,,,,,,,1.0,1.0,,,,,4854,,,,0.0,,0.0,,0.0
,,,0.02566964365541935,,0.9765625,,,,,,,,,,,1.0,1.0,,,,,4855,,,,0.0,,0.0,,0.0
,,,0.02901785634458065,,0.984375,,,,,,,,,,,1.0,1.0,,,,,4856,,,,0.0,,0.0,,0.0
,,,0.10483839362859726,,0.8804551362991333,,,,,,,,,,,1.0,1.0,,,,,4857,,,,0.0,,0.0,,0.0
,,,0.0576171875,,0.796875,,,,,,,,,,,1.0,1.0,,,,,4858,,,,0.0,,0.0,,0.0
,,,0.0703125,,0.765625,,,,,,,,,,,1.0,1.0,,,,,4859,,,,0.0,,0.0,,0.0
,,,0.18228504061698914,,0.8529411554336548,,,,,,,,,,,1.0,1.0,,,,,4860,,,,0.0,,0.0,,0.0
,,,0.1004464253783226,,1.0,,,,,,,,,,,1.0,1.0,,,,,4861,,,,0.0,,0.0,,0.0
,,,0.1341145783662796,,1.0,,,,,,,,,,,1.0,1.0,,,,,4862,,,,0.0,,0.0,,0.0
,,,0.11212624609470367,,0.9047619104385376,,,,,,,,,,,1.0,1.0,,,,,4863,,,,0.0,,0.0,,0.0
,,,0.005580357275903225,,0.7890625,,,,,,,,,,,1.0,1.0,,,,,4864,,,,0.0,,0.0,,0.0
,,,0.004464285913854837,,0.8046875,,,,,,,,,,,1.0,1.0,,,,,4865,,,,0.0,,0.0,,0.0
,,,0.0012886597542092204,,0.3711340129375458,,,,,,,,,,,1.0,1.0,,,,,4866,,,,0.0,,0.0,,0.0
,,,0.0,,0.0390625,,,,,,,,,,,1.0,1.0,,,,,4867,,,,0.0,,0.0,,0.0
,,,0.0,,0.0390625,,,,,,,,,,,1.0,1.0,,,,,4868,,,,0.0,,0.0,,0.0
,,,0.013888888992369175,,0.5133928656578064,,,,,,,,,,,1.0,1.0,,,,,4869,,,,0.0,,0.0,,0.0
,,,0.0146484375,,0.9140625,,,,,,,,,,,1.0,1.0,,,,,4870,,,,0.0,,0.0,,0.0
,,,0.0146484375,,0.8828125,,,,,,,,,,,1.0,1.0,,,,,4871,,,,0.0,,0.0,,0.0
,,,0.07392607629299164,,0.7455322742462158,,,,,,,,,,,1.0,1.0,,,,,4872,,,,0.0,,0.0,,0.0
,,,0.01897321455180645,,0.796875,,,,,,,,,,,1.0,1.0,,,,,4873,,,,0.0,,0.0,,0.0
,,,0.0126953125,,0.6875,,,,,,,,,,,1.0,1.0,,,,,4874,,,,0.0,,0.0,,0.0
,,,0.025871766731142998,,0.7795275449752808,,,,,,,,,,,1.0,1.0,,,,,4875,,,,0.0,,0.0,,0.0
52,0.13008466362953186,0.18004769086837769,,0.6454428434371948,,,,,,,,,,,,,,70.3034896850586,279403.375,4.252821445465088,468.98504638671875,11712,,,0.0,,0.0,,0.0,
52,,,,,,1.5156434774398804,,-17.714902877807617,,8.919312477111816,,,,,,,,,,,,11712,2.4442927837371826,,,,,,,
,,,,,,,,,,,,,,0.00021300380082786381,0.03,,,,,,,11749,,,,,,,,
53,,,,,,,1.52084481716156,,-17.729045867919922,,9.1953125,0.0002129723143298179,0.029999999329447746,,,1.0,1.0,,,,,11749,,2.405003786087036,,,,,,
,,,,,,,,,,,,,,0.00021142875719102258,0.03,,,,,,,11799,,,,,,,,
53,,,,,,,1.5197944641113281,,-17.735332489013672,,9.1953125,0.00021139724412932992,0.029999999329447746,,,1.0,1.0,,,,,11799,,2.2994775772094727,,,,,,
,,,,,,,,,,,,,,0.0002098530132291952,0.03,,,,,,,11849,,,,,,,,
53,,,,,,,1.5014405250549316,,-17.72351837158203,,8.6171875,0.00020982148998882622,0.029999999329447746,,,1.0,1.0,,,,,11849,,2.257997512817383,,,,,,
,,,,,,,,,,,,,,0.00020827666721976416,0.03,,,,,,,11899,,,,,,,,
53,,,,,,,1.5048930644989014,,-17.73322296142578,,8.578125,0.00020824513921979815,0.029999999329447746,,,1.0,1.0,,,,,11899,,2.3094639778137207,,,,,,
,,,0.0,,0.671875,,,,,,,,,,,1.0,1.0,,,,,4876,,,,0.0,,0.0,,0.0
,,,0.0026041667442768812,,0.703125,,,,,,,,,,,1.0,1.0,,,,,4877,,,,0.0,,0.0,,0.0
,,,0.0,,0.797213077545166,,,,,,,,,,,1.0,1.0,,,,,4878,,,,0.0,,0.0,,0.0
,,,0.001953125,,0.75,,,,,,,,,,,1.0,1.0,,,,,4879,,,,0.0,,0.0,,0.0
,,,0.0026041667442768812,,0.75,,,,,,,,,,,1.0,1.0,,,,,4880,,,,0.0,,0.0,,0.0
,,,0.0,,0.5160256624221802,,,,,,,,,,,1.0,1.0,,,,,4881,,,,0.0,,0.0,,0.0
,,,0.0,,0.328125,,,,,,,,,,,1.0,1.0,,,,,4882,,,,0.0,,0.0,,0.0
,,,0.0,,0.28125,,,,,,,,,,,1.0,1.0,,,,,4883,,,,0.0,,0.0,,0.0
,,,0.007575757801532745,,0.5960549116134644,,,,,,,,,,,1.0,1.0,,,,,4884,,,,0.0,,0.0,,0.0
,,,0.0031250000465661287,,0.71875,,,,,,,,,,,1.0,1.0,,,,,4885,,,,0.0,,0.0,,0.0
,,,0.0,,0.625,,,,,,,,,,,1.0,1.0,,,,,4886,,,,0.0,,0.0,,0.0
,,,0.0,,0.71875,,,,,,,,,,,1.0,1.0,,,,,4887,,,,0.0,,0.0,,0.0
,,,0.041600000113248825,,0.7599999904632568,,,,,,,,,,,1.0,1.0,,,,,4888,,,,0.0,,0.0,,0.0
,,,0.041015625,,0.5234375,,,,,,,,,,,1.0,1.0,,,,,4889,,,,0.0,,0.0,,0.0
,,,0.046875,,0.4921875,,,,,,,,,,,1.0,1.0,,,,,4890,,,,0.0,,0.0,,0.0
,,,0.03703703731298447,,0.28618115186691284,,,,,,,,,,,1.0,1.0,,,,,4891,,,,0.0,,0.0,,0.0
,,,0.0,,0.0078125,,,,,,,,,,,1.0,1.0,,,,,4892,,,,0.0,,0.0,,0.0
,,,0.0,,0.015625,,,,,,,,,,,1.0,1.0,,,,,4893,,,,0.0,,0.0,,0.0
,,,0.07857142388820648,,0.5113636255264282,,,,,,,,,,,1.0,1.0,,,,,4894,,,,0.0,,0.0,,0.0
,,,0.07421875,,1.0,,,,,,,,,,,1.0,1.0,,,,,4895,,,,0.0,,0.0,,0.0
,,,0.05781250074505806,,1.0,,,,,,,,,,,1.0,1.0,,,,,4896,,,,0.0,,0.0,,0.0
,,,0.28611457347869873,,0.9840598106384277,,,,,,,,,,,1.0,1.0,,,,,4897,,,,0.0,,0.0,,0.0
,,,0.2630208432674408,,1.0,,,,,,,,,,,1.0,1.0,,,,,4898,,,,0.0,,0.0,,0.0
,,,0.19921875,,0.984375,,,,,,,,,,,1.0,1.0,,,,,4899,,,,0.0,,0.0,,0.0
,,,0.13333334028720856,,0.6120689511299133,,,,,,,,,,,1.0,1.0,,,,,4900,,,,0.0,,0.0,,0.0
,,,0.0,,0.2734375,,,,,,,,,,,1.0,1.0,,,,,4901,,,,0.0,,0.0,,0.0
,,,0.00390625,,0.203125,,,,,,,,,,,1.0,1.0,,,,,4902,,,,0.0,,0.0,,0.0
,,,0.07861635088920593,,0.6305660605430603,,,,,,,,,,,1.0,1.0,,,,,4903,,,,0.0,,0.0,,0.0
,,,0.1328125,,0.9609375,,,,,,,,,,,1.0,1.0,,,,,4904,,,,0.0,,0.0,,0.0
,,,0.0716145858168602,,0.9296875,,,,,,,,,,,1.0,1.0,,,,,4905,,,,0.0,,0.0,,0.0
,,,0.11169631034135818,,0.8662106990814209,,,,,,,,,,,1.0,1.0,,,,,4906,,,,0.0,,0.0,,0.0
,,,0.0015625000232830644,,0.7421875,,,,,,,,,,,1.0,1.0,,,,,4907,,,,0.0,,0.0,,0.0
,,,0.0015625000232830644,,0.7265625,,,,,,,,,,,1.0,1.0,,,,,4908,,,,0.0,,0.0,,0.0
,,,0.0028735632076859474,,0.7347290515899658,,,,,,,,,,,1.0,1.0,,,,,4909,,,,0.0,,0.0,,0.0
,,,0.001953125,,0.6953125,,,,,,,,,,,1.0,1.0,,,,,4910,,,,0.0,,0.0,,0.0
,,,0.0015625000232830644,,0.84375,,,,,,,,,,,1.0,1.0,,,,,4911,,,,0.0,,0.0,,0.0
,,,0.003278688294813037,,0.539026141166687,,,,,,,,,,,1.0,1.0,,,,,4912,,,,0.0,,0.0,,0.0
,,,0.0015625000232830644,,0.34375,,,,,,,,,,,1.0,1.0,,,,,4913,,,,0.0,,0.0,,0.0
,,,0.0,,0.2890625,,,,,,,,,,,1.0,1.0,,,,,4914,,,,0.0,,0.0,,0.0
,,,0.003076923079788685,,0.5361416339874268,,,,,,,,,,,1.0,1.0,,,,,4915,,,,0.0,,0.0,,0.0
,,,0.0013020833721384406,,0.6796875,,,,,,,,,,,1.0,1.0,,,,,4916,,,,0.0,,0.0,,0.0
,,,0.0,,0.6796875,,,,,,,,,,,1.0,1.0,,,,,4917,,,,0.0,,0.0,,0.0
,,,0.03999999910593033,,0.5761363506317139,,,,,,,,,,,1.0,1.0,,,,,4918,,,,0.0,,0.0,,0.0
,,,0.03593749925494194,,0.515625,,,,,,,,,,,1.0,1.0,,,,,4919,,,,0.0,,0.0,,0.0
,,,0.0390625,,0.53125,,,,,,,,,,,1.0,1.0,,,,,4920,,,,0.0,,0.0,,0.0
,,,0.030141843482851982,,0.28723403811454773,,,,,,,,,,,1.0,1.0,,,,,4921,,,,0.0,,0.0,,0.0
,,,0.0,,0.0078125,,,,,,,,,,,1.0,1.0,,,,,4922,,,,0.0,,0.0,,0.0
,,,0.0,,0.0078125,,,,,,,,,,,1.0,1.0,,,,,4923,,,,0.0,,0.0,,0.0
,,,0.0,,0.0,,,,,,,,,,,1.0,1.0,,,,,4924,,,,0.0,,0.0,,0.0
,,,0.08267716318368912,,0.4921259880065918,,,,,,,,,,,1.0,1.0,,,,,4925,,,,0.0,,0.0,,0.0
,,,0.060546875,,0.9921875,,,,,,,,,,,1.0,1.0,,,,,4926,,,,0.0,,0.0,,0.0
,,,0.083984375,,1.0,,,,,,,,,,,1.0,1.0,,,,,4927,,,,0.0,,0.0,,0.0
,,,0.2938218414783478,,1.0,,,,,,,,,,,1.0,1.0,,,,,4928,,,,0.0,,0.0,,0.0
,,,0.197265625,,0.984375,,,,,,,,,,,1.0,1.0,,,,,4929,,,,0.0,,0.0,,0.0
,,,0.201171875,,1.0,,,,,,,,,,,1.0,1.0,,,,,4930,,,,0.0,,0.0,,0.0
,,,0.13333334028720856,,0.6237623691558838,,,,,,,,,,,1.0,1.0,,,,,4931,,,,0.0,,0.0,,0.0
,,,0.0,,0.234375,,,,,,,,,,,1.0,1.0,,,,,4932,,,,0.0,,0.0,,0.0
,,,0.0,,0.234375,,,,,,,,,,,1.0,1.0,,,,,4933,,,,0.0,,0.0,,0.0
,,,0.0833333283662796,,0.5989583730697632,,,,,,,,,,,1.0,1.0,,,,,4934,,,,0.0,,0.0,,0.0
,,,0.1328125,,0.9609375,,,,,,,,,,,1.0,1.0,,,,,4935,,,,0.0,,0.0,,0.0
,,,0.115234375,,0.953125,,,,,,,,,,,1.0,1.0,,,,,4936,,,,0.0,,0.0,,0.0
,,,0.08084164559841156,,0.8604651093482971,,,,,,,,,,,1.0,1.0,,,,,4937,,,,0.0,,0.0,,0.0
,,,0.0031250000465661287,,0.7265625,,,,,,,,,,,1.0,1.0,,,,,4938,,,,0.0,,0.0,,0.0
,,,0.0015625000232830644,,0.7109375,,,,,,,,,,,1.0,1.0,,,,,4939,,,,0.0,,0.0,,0.0
,,,0.01510324515402317,,0.8648967742919922,,,,,,,,,,,1.0,1.0,,,,,4940,,,,0.0,,0.0,,0.0
,,,0.0,,0.7421875,,,,,,,,,,,1.0,1.0,,,,,4941,,,,0.0,,0.0,,0.0
,,,0.0,,0.7890625,,,,,,,,,,,1.0,1.0,,,,,4942,,,,0.0,,0.0,,0.0
,,,0.0,,0.5338383913040161,,,,,,,,,,,1.0,1.0,,,,,4943,,,,0.0,,0.0,,0.0
,,,0.0,,0.3046875,,,,,,,,,,,1.0,1.0,,,,,4944,,,,0.0,,0.0,,0.0
,,,0.0,,0.28125,,,,,,,,,,,1.0,1.0,,,,,4945,,,,0.0,,0.0,,0.0
,,,0.0055555556900799274,,0.5768518447875977,,,,,,,,,,,1.0,1.0,,,,,4946,,,,0.0,,0.0,,0.0
,,,0.0,,0.6875,,,,,,,,,,,1.0,1.0,,,,,4947,,,,0.0,,0.0,,0.0
,,,0.0,,0.65625,,,,,,,,,,,1.0,1.0,,,,,4948,,,,0.0,,0.0,,0.0
,,,0.04578313231468201,,0.6224899291992188,,,,,,,,,,,1.0,1.0,,,,,4949,,,,0.0,,0.0,,0.0
,,,0.02656250074505806,,0.5625,,,,,,,,,,,1.0,1.0,,,,,4950,,,,0.0,,0.0,,0.0
,,,0.044921875,,0.5390625,,,,,,,,,,,1.0,1.0,,,,,4951,,,,0.0,,0.0,,0.0
,,,0.0313725508749485,,0.2580850422382355,,,,,,,,,,,1.0,1.0,,,,,4952,,,,0.0,,0.0,,0.0
,,,0.0,,0.0,,,,,,,,,,,1.0,1.0,,,,,4953,,,,0.0,,0.0,,0.0
,,,0.0,,0.0,,,,,,,,,,,1.0,1.0,,,,,4954,,,,0.0,,0.0,,0.0
,,,0.08095238357782364,,0.488095223903656,,,,,,,,,,,1.0,1.0,,,,,4955,,,,0.0,,0.0,,0.0
,,,0.1041666641831398,,1.0,,,,,,,,,,,1.0,1.0,,,,,4956,,,,0.0,,0.0,,0.0
,,,0.072265625,,1.0,,,,,,,,,,,1.0,1.0,,,,,4957,,,,0.0,,0.0,,0.0
,,,0.40716105699539185,,1.0,,,,,,,,,,,1.0,1.0,,,,,4958,,,,0.0,,0.0,,0.0
,,,0.18359375,,1.0,,,,,,,,,,,1.0,1.0,,,,,4959,,,,0.0,,0.0,,0.0
,,,0.1953125,,1.0,,,,,,,,,,,1.0,1.0,,,,,4960,,,,0.0,,0.0,,0.0
,,,0.15714284777641296,,0.59375,,,,,,,,,,,1.0,1.0,,,,,4961,,,,0.0,,0.0,,0.0
,,,0.0,,0.296875,,,,,,,,,,,1.0,1.0,,,,,4962,,,,0.0,,0.0,,0.0
,,,0.0015625000232830644,,0.1875,,,,,,,,,,,1.0,1.0,,,,,4963,,,,0.0,,0.0,,0.0
,,,0.11363636702299118,,0.561383068561554,,,,,,,,,,,1.0,1.0,,,,,4964,,,,0.0,,0.0,,0.0
,,,0.125,,0.96875,,,,,,,,,,,1.0,1.0,,,,,4965,,,,0.0,,0.0,,0.0
,,,0.1067708358168602,,0.9296875,,,,,,,,,,,1.0,1.0,,,,,4966,,,,0.0,,0.0,,0.0
,,,0.11417322605848312,,1.0,,,,,,,,,,,1.0,1.0,,,,,4967,,,,0.0,,0.0,,0.0
53,0.14360640943050385,0.17280864715576172,,0.6215733289718628,,,,,,,,,,,,,,68.74532318115234,329282.125,4.230408668518066,474.900634765625,11933,,,0.0,,0.0,,0.0,
53,,,,,,1.5118597745895386,,-17.727935791015625,,8.73844051361084,,,,,,,,,,,,11933,2.4488120079040527,,,,,,,
,,,,,,,,,,,,,,0.00020669981747766132,0.03,,,,,,,11949,,,,,,,,
54,,,,,,,1.509749174118042,,-17.733375549316406,,8.875,0.0002066682791337371,0.029999999329447746,,,1.0,1.0,,,,,11949,,2.4685916900634766,,,,,,
,,,,,,,,,,,,,,0.00020512256234923615,0.03,,,,,,,11999,,,,,,,,
54,,,,,,,1.5385007858276367,,-17.71590805053711,,9.609375,0.00020509101159404963,0.029999999329447746,,,1.0,1.0,,,,,11999,,2.4987127780914307,,,,,,
,,,,,,,,,,,,,,0.00020354500020612065,0.03,,,,,,,12049,,,,,,,,
54,,,,,,,1.5339266061782837,,-17.720333099365234,,9.4296875,0.0002035134530160576,0.029999999329447746,,,1.0,1.0,,,,,12049,,2.4703495502471924,,,,,,
,,,,,,,,,,,,,,0.00020196722943909573,0.03,,,,,,,12099,,,,,,,,
54,,,,,,,1.5322719812393188,,-17.684846878051758,,9.171875,0.00020193567615933716,0.029999999329447746,,,1.0,1.0,,,,,12099,,2.4023289680480957,,,,,,
,,,,,,,,,,,,,,0.00020038934845195382,0.03,,,,,,,12149,,,,,,,,
54,,,,,,,1.5137627124786377,,-17.736858367919922,,8.8203125,0.00020035779743921012,0.029999999329447746,,,1.0,1.0,,,,,12149,,2.3002285957336426,,,,,,
,,,0.0,,0.65625,,,,,,,,,,,1.0,1.0,,,,,4968,,,,0.0,,0.0,,0.0
,,,0.0,,0.703125,,,,,,,,,,,1.0,1.0,,,,,4969,,,,0.0,,0.0,,0.0
,,,0.0,,0.8590025901794434,,,,,,,,,,,1.0,1.0,,,,,4970,,,,0.0,,0.0,,0.0
,,,0.0,,0.9140625,,,,,,,,,,,1.0,1.0,,,,,4971,,,,0.0,,0.0,,0.0
,,,0.0,,0.96875,,,,,,,,,,,1.0,1.0,,,,,4972,,,,0.0,,0.0,,0.0
,,,0.5,,0.9615384340286255,,,,,,,,,,,1.0,1.0,,,,,4973,,,,0.0,,0.0,,0.0
,,,1.0,,1.0,,,,,,,,,,,1.0,1.0,,,,,4974,,,,0.0,,0.0,,0.0
,,,1.0,,1.0,,,,,,,,,,,1.0,1.0,,,,,4975,,,,0.0,,0.0,,0.0
,,,0.33018866181373596,,0.9090908765792847,,,,,,,,,,,1.0,1.0,,,,,4976,,,,0.0,,0.0,,0.0
,,,0.0,,0.8359375,,,,,,,,,,,1.0,1.0,,,,,4977,,,,0.0,,0.0,,0.0
,,,0.0,,0.84375,,,,,,,,,,,1.0,1.0,,,,,4978,,,,0.0,,0.0,,0.0
,,,0.0,,0.8125,,,,,,,,,,,1.0,1.0,,,,,4979,,,,0.0,,0.0,,0.0
,,,0.03999999910593033,,0.8040000200271606,,,,,,,,,,,1.0,1.0,,,,,4980,,,,0.0,,0.0,,0.0
,,,0.0859375,,0.578125,,,,,,,,,,,1.0,1.0,,,,,4981,,,,0.0,,0.0,,0.0
,,,0.0494791679084301,,0.5703125,,,,,,,,,,,1.0,1.0,,,,,4982,,,,0.0,,0.0,,0.0
,,,0.07407407462596893,,0.2987861931324005,,,,,,,,,,,1.0,1.0,,,,,4983,,,,0.0,,0.0,,0.0
,,,0.0,,0.03125,,,,,,,,,,,1.0,1.0,,,,,4984,,,,0.0,,0.0,,0.0
,,,0.0,,0.015625,,,,,,,,,,,1.0,1.0,,,,,4985,,,,0.0,,0.0,,0.0
,,,0.0,,0.4161255359649658,,,,,,,,,,,1.0,1.0,,,,,4986,,,,0.0,,0.0,,0.0
,,,0.0,,0.8125,,,,,,,,,,,1.0,1.0,,,,,4987,,,,0.0,,0.0,,0.0
,,,0.0,,0.8046875,,,,,,,,,,,1.0,1.0,,,,,4988,,,,0.0,,0.0,,0.0
,,,0.0,,0.4206724762916565,,,,,,,,,,,1.0,1.0,,,,,4989,,,,0.0,,0.0,,0.0
,,,0.0,,0.109375,,,,,,,,,,,1.0,1.0,,,,,4990,,,,0.0,,0.0,,0.0
,,,0.0,,0.1328125,,,,,,,,,,,1.0,1.0,,,,,4991,,,,0.0,,0.0,,0.0
,,,0.0,,0.5256157517433167,,,,,,,,,,,1.0,1.0,,,,,4992,,,,0.0,,0.0,,0.0
,,,0.0,,0.9609375,,,,,,,,,,,1.0,1.0,,,,,4993,,,,0.0,,0.0,,0.0
,,,0.0,,0.953125,,,,,,,,,,,1.0,1.0,,,,,4994,,,,0.0,,0.0,,0.0
,,,0.0033333334140479565,,0.757987380027771,,,,,,,,,,,1.0,1.0,,,,,4995,,,,0.0,,0.0,,0.0
,,,0.0,,0.7109375,,,,,,,,,,,1.0,1.0,,,,,4996,,,,0.0,,0.0,,0.0
,,,0.0,,0.5703125,,,,,,,,,,,1.0,1.0,,,,,4997,,,,0.0,,0.0,,0.0
,,,0.0,,0.6787961721420288,,,,,,,,,,,1.0,1.0,,,,,4998,,,,0.0,,0.0,,0.0
,,,0.0,,0.6796875,,,,,,,,,,,1.0,1.0,,,,,4999,,,,0.0,,0.0,,0.0
,,,0.0,,0.703125,,,,,,,,,,,1.0,1.0,,,,,5000,,,,0.0,,0.0,,0.0
,,,0.0,,0.8435960412025452,,,,,,,,,,,1.0,1.0,,,,,5001,,,,0.0,,0.0,,0.0
,,,0.0,,0.9296875,,,,,,,,,,,1.0,1.0,,,,,5002,,,,0.0,,0.0,,0.0
,,,0.0,,0.96875,,,,,,,,,,,1.0,1.0,,,,,5003,,,,0.0,,0.0,,0.0
,,,0.5,,0.9672131538391113,,,,,,,,,,,1.0,1.0,,,,,5004,,,,0.0,,0.0,,0.0
,,,1.0,,1.0,,,,,,,,,,,1.0,1.0,,,,,5005,,,,0.0,,0.0,,0.0
,,,0.49609375,,1.0,,,,,,,,,,,1.0,1.0,,,,,5006,,,,0.0,,0.0,,0.0
,,,0.3333333432674408,,0.9230769276618958,,,,,,,,,,,1.0,1.0,,,,,5007,,,,0.0,,0.0,,0.0
,,,0.0,,0.828125,,,,,,,,,,,1.0,1.0,,,,,5008,,,,0.0,,0.0,,0.0
,,,0.0,,0.84375,,,,,,,,,,,1.0,1.0,,,,,5009,,,,0.0,,0.0,,0.0
,,,0.05833333358168602,,0.7329545021057129,,,,,,,,,,,1.0,1.0,,,,,5010,,,,0.0,,0.0,,0.0
,,,0.08984375,,0.578125,,,,,,,,,,,1.0,1.0,,,,,5011,,,,0.0,,0.0,,0.0
,,,0.0859375,,0.5703125,,,,,,,,,,,1.0,1.0,,,,,5012,,,,0.0,,0.0,,0.0
,,,0.042553190141916275,,0.2978723347187042,,,,,,,,,,,1.0,1.0,,,,,5013,,,,0.0,,0.0,,0.0
,,,0.0,,0.0078125,,,,,,,,,,,1.0,1.0,,,,,5014,,,,0.0,,0.0,,0.0
,,,0.0,,0.0078125,,,,,,,,,,,1.0,1.0,,,,,5015,,,,0.0,,0.0,,0.0
,,,0.0,,0.0078125,,,,,,,,,,,1.0,1.0,,,,,5016,,,,0.0,,0.0,,0.0
,,,0.0,,0.4015747904777527,,,,,,,,,,,1.0,1.0,,,,,5017,,,,0.0,,0.0,,0.0
,,,0.0,,0.8359375,,,,,,,,,,,1.0,1.0,,,,,5018,,,,0.0,,0.0,,0.0
,,,0.0,,0.7890625,,,,,,,,,,,1.0,1.0,,,,,5019,,,,0.0,,0.0,,0.0
,,,0.0,,0.40229886770248413,,,,,,,,,,,1.0,1.0,,,,,5020,,,,0.0,,0.0,,0.0
,,,0.0,,0.1484375,,,,,,,,,,,1.0,1.0,,,,,5021,,,,0.0,,0.0,,0.0
,,,0.0,,0.1171875,,,,,,,,,,,1.0,1.0,,,,,5022,,,,0.0,,0.0,,0.0
,,,0.0,,0.525852620601654,,,,,,,,,,,1.0,1.0,,,,,5023,,,,0.0,,0.0,,0.0
,,,0.0,,0.9375,,,,,,,,,,,1.0,1.0,,,,,5024,,,,0.0,,0.0,,0.0
,,,0.0,,0.9140625,,,,,,,,,,,1.0,1.0,,,,,5025,,,,0.0,,0.0,,0.0
,,,0.0,,0.796875,,,,,,,,,,,1.0,1.0,,,,,5026,,,,0.0,,0.0,,0.0
,,,0.0,,0.6796875,,,,,,,,,,,1.0,1.0,,,,,5027,,,,0.0,,0.0,,0.0
,,,0.0,,0.65625,,,,,,,,,,,1.0,1.0,,,,,5028,,,,0.0,,0.0,,0.0
,,,0.0,,0.6586378812789917,,,,,,,,,,,1.0,1.0,,,,,5029,,,,0.0,,0.0,,0.0
,,,0.0,,0.7109375,,,,,,,,,,,1.0,1.0,,,,,5030,,,,0.0,,0.0,,0.0
,,,0.0,,0.7578125,,,,,,,,,,,1.0,1.0,,,,,5031,,,,0.0,,0.0,,0.0
,,,0.0,,0.8778761029243469,,,,,,,,,,,1.0,1.0,,,,,5032,,,,0.0,,0.0,,0.0
,,,0.0,,0.9375,,,,,,,,,,,1.0,1.0,,,,,5033,,,,0.0,,0.0,,0.0
,,,0.0,,0.953125,,,,,,,,,,,1.0,1.0,,,,,5034,,,,0.0,,0.0,,0.0
,,,0.5277777910232544,,0.9444444179534912,,,,,,,,,,,1.0,1.0,,,,,5035,,,,0.0,,0.0,,0.0
,,,1.0,,1.0,,,,,,,,,,,1.0,1.0,,,,,5036,,,,0.0,,0.0,,0.0
,,,1.0,,1.0,,,,,,,,,,,1.0,1.0,,,,,5037,,,,0.0,,0.0,,0.0
,,,0.3333333432674408,,0.9305555820465088,,,,,,,,,,,1.0,1.0,,,,,5038,,,,0.0,,0.0,,0.0
,,,0.0,,0.8515625,,,,,,,,,,,1.0,1.0,,,,,5039,,,,0.0,,0.0,,0.0
,,,0.0,,0.84375,,,,,,,,,,,1.0,1.0,,,,,5040,,,,0.0,,0.0,,0.0
,,,0.05120481923222542,,0.7234270572662354,,,,,,,,,,,1.0,1.0,,,,,5041,,,,0.0,,0.0,,0.0
,,,0.03125,,0.5703125,,,,,,,,,,,1.0,1.0,,,,,5042,,,,0.0,,0.0,,0.0
,,,0.046875,,0.5703125,,,,,,,,,,,1.0,1.0,,,,,5043,,,,0.0,,0.0,,0.0
,,,0.03921568766236305,,0.29080724716186523,,,,,,,,,,,1.0,1.0,,,,,5044,,,,0.0,,0.0,,0.0
,,,0.0,,0.015625,,,,,,,,,,,1.0,1.0,,,,,5045,,,,0.0,,0.0,,0.0
,,,0.0,,0.0078125,,,,,,,,,,,1.0,1.0,,,,,5046,,,,0.0,,0.0,,0.0
,,,0.0,,0.4401993453502655,,,,,,,,,,,1.0,1.0,,,,,5047,,,,0.0,,0.0,,0.0
,,,0.0,,0.7578125,,,,,,,,,,,1.0,1.0,,,,,5048,,,,0.0,,0.0,,0.0
,,,0.0,,0.75,,,,,,,,,,,1.0,1.0,,,,,5049,,,,0.0,,0.0,,0.0
,,,0.0,,0.402726948261261,,,,,,,,,,,1.0,1.0,,,,,5050,,,,0.0,,0.0,,0.0
,,,0.0,,0.140625,,,,,,,,,,,1.0,1.0,,,,,5051,,,,0.0,,0.0,,0.0
,,,0.0,,0.1484375,,,,,,,,,,,1.0,1.0,,,,,5052,,,,0.0,,0.0,,0.0
,,,0.0,,0.5178571343421936,,,,,,,,,,,1.0,1.0,,,,,5053,,,,0.0,,0.0,,0.0
,,,0.0,,0.9140625,,,,,,,,,,,1.0,1.0,,,,,5054,,,,0.0,,0.0,,0.0
,,,0.0,,0.953125,,,,,,,,,,,1.0,1.0,,,,,5055,,,,0.0,,0.0,,0.0
,,,0.0,,0.8294483423233032,,,,,,,,,,,1.0,1.0,,,,,5056,,,,0.0,,0.0,,0.0
,,,0.0,,0.7265625,,,,,,,,,,,1.0,1.0,,,,,5057,,,,0.0,,0.0,,0.0
,,,0.0,,0.625,,,,,,,,,,,1.0,1.0,,,,,5058,,,,0.0,,0.0,,0.0
,,,0.0,,0.6850393414497375,,,,,,,,,,,1.0,1.0,,,,,5059,,,,0.0,,0.0,,0.0
54,0.1416378766298294,0.11675125360488892,,0.6607612371444702,,,,,,,,,,,,,,66.00479125976562,450875.03125,4.189727306365967,471.9229431152344,12154,,,0.0,,0.0,,0.0,
54,,,,,,1.5130057334899902,,-17.714378356933594,,8.685237884521484,,,,,,,,,,,,12154,2.4025979042053223,,,,,,,
,,,,,,,,,,,,,,0.0001988114556553613,0.03,,,,,,,12199,,,,,,,,
55,,,,,,,1.5157763957977295,,-17.713882446289062,,8.7421875,0.00019877990416716784,0.029999999329447746,,,1.0,1.0,,,,,12199,,2.501758575439453,,,,,,
,,,,,,,,,,,,,,0.0001972336494607214,0.03,,,,,,,12249,,,,,,,,
55,,,,,,,1.491337776184082,,-17.726280212402344,,7.8984375,0.00019720209820661694,0.029999999329447746,,,1.0,1.0,,,,,12249,,2.333226203918457,,,,,,
,,,,,,,,,,,,,,0.00019565602827403632,0.03,,,,,,,12299,,,,,,,,
55,,,,,,,1.523233413696289,,-17.731246948242188,,9.0859375,0.000195624481420964,0.029999999329447746,,,1.0,1.0,,,,,12299,,2.5526506900787354,,,,,,
,,,,,,,,,,,,,,0.00019407869048976889,0.03,,,,,,,12349,,,,,,,,
55,,,,,,,1.55061936378479,,-17.74077606201172,,9.9765625,0.0001940471411217004,0.029999999329447746,,,1.0,1.0,,,,,12349,,2.3728013038635254,,,,,,
,,,0.02678571455180645,,0.78125,,,,,,,,,,,1.0,1.0,,,,,5060,,,,0.0,,0.0,,0.0
,,,0.0301339291036129,,0.8125,,,,,,,,,,,1.0,1.0,,,,,5061,,,,0.0,,0.0,,0.0
,,,0.029702970758080482,,0.6886688470840454,,,,,,,,,,,1.0,1.0,,,,,5062,,,,0.0,,0.0,,0.0
,,,0.0029296875,,0.6171875,,,,,,,,,,,1.0,1.0,,,,,5063,,,,0.0,,0.0,,0.0
,,,0.0011160714784637094,,0.578125,,,,,,,,,,,1.0,1.0,,,,,5064,,,,0.0,,0.0,,0.0
,,,0.004807692486792803,,0.7676281929016113,,,,,,,,,,,1.0,1.0,,,,,5065,,,,0.0,,0.0,,0.0
,,,0.0078125,,0.953125,,,,,,,,,,,1.0,1.0,,,,,5066,,,,0.0,,0.0,,0.0
,,,0.0078125,,0.921875,,,,,,,,,,,1.0,1.0,,,,,5067,,,,0.0,,0.0,,0.0
,,,0.001347708865068853,,0.8126071691513062,,,,,,,,,,,1.0,1.0,,,,,5068,,,,0.0,,0.0,,0.0
,,,0.0,,0.4375,,,,,,,,,,,1.0,1.0,,,,,5069,,,,0.0,,0.0,,0.0
,,,0.0009765625,,0.46875,,,,,,,,,,,1.0,1.0,,,,,5070,,,,0.0,,0.0,,0.0
,,,0.001953125,,0.53125,,,,,,,,,,,1.0,1.0,,,,,5071,,,,0.0,,0.0,,0.0
,,,0.07085714489221573,,0.3479999899864197,,,,,,,,,,,1.0,1.0,,,,,5072,,,,0.0,,0.0,,0.0
,,,0.0625,,0.71875,,,,,,,,,,,1.0,1.0,,,,,5073,,,,0.0,,0.0,,0.0
,,,0.07421875,,0.671875,,,,,,,,,,,1.0,1.0,,,,,5074,,,,0.0,,0.0,,0.0
,,,0.0913698822259903,,0.7997199296951294,,,,,,,,,,,1.0,1.0,,,,,5075,,,,0.0,,0.0,,0.0
,,,0.02083333395421505,,0.9375,,,,,,,,,,,1.0,1.0,,,,,5076,,,,0.0,,0.0,,0.0
,,,0.01171875,,0.953125,,,,,,,,,,,1.0,1.0,,,,,5077,,,,0.0,,0.0,,0.0
,,,0.033369407057762146,,0.8950216770172119,,,,,,,,,,,1.0,1.0,,,,,5078,,,,0.0,,0.0,,0.0
,,,0.013020833022892475,,0.828125,,,,,,,,,,,1.0,1.0,,,,,5079,,,,0.0,,0.0,,0.0
,,,0.008928571827709675,,0.8125,,,,,,,,,,,1.0,1.0,,,,,5080,,,,0.0,,0.0,,0.0
,,,0.007792207878082991,,0.47061020135879517,,,,,,,,,,,1.0,1.0,,,,,5081,,,,0.0,,0.0,,0.0
,,,0.0,,0.1015625,,,,,,,,,,,1.0,1.0,,,,,5082,,,,0.0,,0.0,,0.0
,,,0.0,,0.1328125,,,,,,,,,,,1.0,1.0,,,,,5083,,,,0.0,,0.0,,0.0
,,,0.0014285714132711291,,0.05714285746216774,,,,,,,,,,,1.0,1.0,,,,,5084,,,,0.0,,0.0,,0.0
,,,0.0,,0.078125,,,,,,,,,,,1.0,1.0,,,,,5085,,,,0.0,,0.0,,0.0
,,,0.0,,0.0234375,,,,,,,,,,,1.0,1.0,,,,,5086,,,,0.0,,0.0,,0.0
,,,0.12028302252292633,,0.5266666412353516,,,,,,,,,,,1.0,1.0,,,,,5087,,,,0.0,,0.0,,0.0
,,,0.1272321492433548,,1.0,,,,,,,,,,,1.0,1.0,,,,,5088,,,,0.0,,0.0,,0.0
,,,0.125,,1.0,,,,,,,,,,,1.0,1.0,,,,,5089,,,,0.0,,0.0,,0.0
,,,0.18581852316856384,,0.8894665241241455,,,,,,,,,,,1.0,1.0,,,,,5090,,,,0.0,,0.0,,0.0
,,,0.0338541679084301,,0.7578125,,,,,,,,,,,1.0,1.0,,,,,5091,,,,0.0,,0.0,,0.0
,,,0.02566964365541935,,0.75,,,,,,,,,,,1.0,1.0,,,,,5092,,,,0.0,,0.0,,0.0
,,,0.03201970458030701,,0.6320196986198425,,,,,,,,,,,1.0,1.0,,,,,5093,,,,0.0,,0.0,,0.0
,,,0.0009765625,,0.5703125,,,,,,,,,,,1.0,1.0,,,,,5094,,,,0.0,,0.0,,0.0
,,,0.0026041667442768812,,0.5859375,,,,,,,,,,,1.0,1.0,,,,,5095,,,,0.0,,0.0,,0.0
,,,0.010660980828106403,,0.7473697066307068,,,,,,,,,,,1.0,1.0,,,,,5096,,,,0.0,,0.0,,0.0
,,,0.00390625,,0.953125,,,,,,,,,,,1.0,1.0,,,,,5097,,,,0.0,,0.0,,0.0
,,,0.005859375,,0.9375,,,,,,,,,,,1.0,1.0,,,,,5098,,,,0.0,,0.0,,0.0
,,,0.013827838934957981,,0.70647132396698,,,,,,,,,,,1.0,1.0,,,,,5099,,,,0.0,,0.0,,0.0
,,,0.0,,0.484375,,,,,,,,,,,1.0,1.0,,,,,5100,,,,0.0,,0.0,,0.0
,,,0.0,,0.53125,,,,,,,,,,,1.0,1.0,,,,,5101,,,,0.0,,0.0,,0.0
,,,0.07110389322042465,,0.6295454502105713,,,,,,,,,,,1.0,1.0,,,,,5102,,,,0.0,,0.0,,0.0
,,,0.0807291641831398,,0.6875,,,,,,,,,,,1.0,1.0,,,,,5103,,,,0.0,,0.0,,0.0
,,,0.0580357126891613,,0.6796875,,,,,,,,,,,1.0,1.0,,,,,5104,,,,0.0,,0.0,,0.0
,,,0.07149562239646912,,0.8322903513908386,,,,,,,,,,,1.0,1.0,,,,,5105,,,,0.0,,0.0,,0.0
,,,0.02120535634458065,,0.9140625,,,,,,,,,,,1.0,1.0,,,,,5106,,,,0.0,,0.0,,0.0
,,,0.009765625,,0.9375,,,,,,,,,,,1.0,1.0,,,,,5107,,,,0.0,,0.0,,0.0
,,,0.01822916604578495,,0.9375,,,,,,,,,,,1.0,1.0,,,,,5108,,,,0.0,,0.0,,0.0
,,,0.01443569641560316,,0.9173228740692139,,,,,,,,,,,1.0,1.0,,,,,5109,,,,0.0,,0.0,,0.0
,,,0.01116071455180645,,0.8125,,,,,,,,,,,1.0,1.0,,,,,5110,,,,0.0,,0.0,,0.0
,,,0.0066964286379516125,,0.828125,,,,,,,,,,,1.0,1.0,,,,,5111,,,,0.0,,0.0,,0.0
,,,0.01149425283074379,,0.38074713945388794,,,,,,,,,,,1.0,1.0,,,,,5112,,,,0.0,,0.0,,0.0
,,,0.0,,0.109375,,,,,,,,,,,1.0,1.0,,,,,5113,,,,0.0,,0.0,,0.0
,,,0.0,,0.140625,,,,,,,,,,,1.0,1.0,,,,,5114,,,,0.0,,0.0,,0.0
,,,0.0,,0.0889255627989769,,,,,,,,,,,1.0,1.0,,,,,5115,,,,0.0,,0.0,,0.0
,,,0.0,,0.0390625,,,,,,,,,,,1.0,1.0,,,,,5116,,,,0.0,,0.0,,0.0
,,,0.0,,0.0390625,,,,,,,,,,,1.0,1.0,,,,,5117,,,,0.0,,0.0,,0.0
,,,0.1294642835855484,,0.53125,,,,,,,,,,,1.0,1.0,,,,,5118,,,,0.0,,0.0,,0.0
,,,0.14453125,,0.984375,,,,,,,,,,,1.0,1.0,,,,,5119,,,,0.0,,0.0,,0.0
,,,0.1471354216337204,,0.9921875,,,,,,,,,,,1.0,1.0,,,,,5120,,,,0.0,,0.0,,0.0
,,,0.17774087190628052,,0.8779069781303406,,,,,,,,,,,1.0,1.0,,,,,5121,,,,0.0,,0.0,,0.0
,,,0.02566964365541935,,0.765625,,,,,,,,,,,1.0,1.0,,,,,5122,,,,0.0,,0.0,,0.0
,,,0.0301339291036129,,0.875,,,,,,,,,,,1.0,1.0,,,,,5123,,,,0.0,,0.0,,0.0
,,,0.020311841741204262,,0.7209439277648926,,,,,,,,,,,1.0,1.0,,,,,5124,,,,0.0,,0.0,,0.0
,,,0.0011160714784637094,,0.5234375,,,,,,,,,,,1.0,1.0,,,,,5125,,,,0.0,,0.0,,0.0
,,,0.0,,0.546875,,,,,,,,,,,1.0,1.0,,,,,5126,,,,0.0,,0.0,,0.0
,,,0.005194805096834898,,0.7782828211784363,,,,,,,,,,,1.0,1.0,,,,,5127,,,,0.0,,0.0,,0.0
,,,0.01116071455180645,,0.9375,,,,,,,,,,,1.0,1.0,,,,,5128,,,,0.0,,0.0,,0.0
,,,0.004464285913854837,,0.9453125,,,,,,,,,,,1.0,1.0,,,,,5129,,,,0.0,,0.0,,0.0
,,,0.008564814925193787,,0.7314814925193787,,,,,,,,,,,1.0,1.0,,,,,5130,,,,0.0,,0.0,,0.0
,,,0.0009765625,,0.4765625,,,,,,,,,,,1.0,1.0,,,,,5131,,,,0.0,,0.0,,0.0
,,,0.0011160714784637094,,0.5078125,,,,,,,,,,,1.0,1.0,,,,,5132,,,,0.0,,0.0,,0.0
,,,0.0602409653365612,,0.597991943359375,,,,,,,,,,,1.0,1.0,,,,,5133,,,,0.0,,0.0,,0.0
,,,0.0636160746216774,,0.7421875,,,,,,,,,,,1.0,1.0,,,,,5134,,,,0.0,,0.0,,0.0
,,,0.0859375,,0.671875,,,,,,,,,,,1.0,1.0,,,,,5135,,,,0.0,,0.0,,0.0
,,,0.0677361860871315,,0.8172905445098877,,,,,,,,,,,1.0,1.0,,,,,5136,,,,0.0,,0.0,,0.0
,,,0.01785714365541935,,0.9296875,,,,,,,,,,,1.0,1.0,,,,,5137,,,,0.0,,0.0,,0.0
,,,0.010416666977107525,,0.96875,,,,,,,,,,,1.0,1.0,,,,,5138,,,,0.0,,0.0,,0.0
,,,0.030938539654016495,,0.8640642166137695,,,,,,,,,,,1.0,1.0,,,,,5139,,,,0.0,,0.0,,0.0
,,,0.01116071455180645,,0.8203125,,,,,,,,,,,1.0,1.0,,,,,5140,,,,0.0,,0.0,,0.0
,,,0.010044642724096775,,0.859375,,,,,,,,,,,1.0,1.0,,,,,5141,,,,0.0,,0.0,,0.0
,,,0.009020618163049221,,0.4343199133872986,,,,,,,,,,,1.0,1.0,,,,,5142,,,,0.0,,0.0,,0.0
,,,0.0009765625,,0.1171875,,,,,,,,,,,1.0,1.0,,,,,5143,,,,0.0,,0.0,,0.0
,,,0.0,,0.1015625,,,,,,,,,,,1.0,1.0,,,,,5144,,,,0.0,,0.0,,0.0
,,,0.0017857144121080637,,0.1071428582072258,,,,,,,,,,,1.0,1.0,,,,,5145,,,,0.0,,0.0,,0.0
,,,0.0,,0.046875,,,,,,,,,,,1.0,1.0,,,,,5146,,,,0.0,,0.0,,0.0
,,,0.0,,0.0234375,,,,,,,,,,,1.0,1.0,,,,,5147,,,,0.0,,0.0,,0.0
,,,0.1428571492433548,,0.5256410241127014,,,,,,,,,,,1.0,1.0,,,,,5148,,,,0.0,,0.0,,0.0
,,,0.15234375,,0.9921875,,,,,,,,,,,1.0,1.0,,,,,5149,,,,0.0,,0.0,,0.0
,,,0.1194196417927742,,0.9765625,,,,,,,,,,,1.0,1.0,,,,,5150,,,,0.0,,0.0,,0.0
,,,0.18425196409225464,,0.9842519760131836,,,,,,,,,,,1.0,1.0,,,,,5151,,,,0.0,,0.0,,0.0
55,0.16535291075706482,0.18072009086608887,,0.6403837203979492,,,,,,,,,,,,,,64.18698120117188,575021.125,4.161800384521484,472.0523681640625,12375,,,0.0,,0.0,,0.0,
55,,,,,,1.5121595859527588,,-17.729461669921875,,8.612732887268066,,,,,,,,,,,,12375,2.41524600982666,,,,,,,
,,,,,,,,,,,,,,0.00019250173448470697,0.03,,,,,,,12399,,,,,,,,
56,,,,,,,1.5188939571380615,,-17.746566772460938,,9.28125,0.00019247019372414798,0.029999999329447746,,,1.0,1.0,,,,,12399,,2.291450023651123,,,,,,
,,,,,,,,,,,,,,0.00019092525861182682,0.03,,,,,,,12449,,,,,,,,
56,,,,,,,1.5194010734558105,,-17.72312355041504,,8.9921875,0.0001908937410917133,0.029999999329447746,,,1.0,1.0,,,,,12449,,2.453579902648926,,,,,,
,,,,,,,,,,,,,,0.00018934936119416004,0.03,,,,,,,12499,,,,,,,,
56,,,,,,,1.5191688537597656,,-17.740137100219727,,8.7109375,0.00018931785598397255,0.029999999329447746,,,1.0,1.0,,,,,12499,,2.4774067401885986,,,,,,
,,,,,,,,,,,,,,0.0001877741405186602,0.03,,,,,,,12549,,,,,,,,
56,,,,,,,1.5025181770324707,,-17.740676879882812,,8.4296875,0.0001877426402643323,0.029999999329447746,,,1.0,1.0,,,,,12549,,2.520843982696533,,,,,,
,,,0.046875,,0.875,,,,,,,,,,,1.0,1.0,,,,,5152,,,,0.0,,0.0,,0.0
,,,0.0479910708963871,,0.9140625,,,,,,,,,,,1.0,1.0,,,,,5153,,,,0.0,,0.0,,0.0
,,,0.053813718259334564,,0.9035570025444031,,,,,,,,,,,1.0,1.0,,,,,5154,,,,0.0,,0.0,,0.0
,,,0.02901785634458065,,0.859375,,,,,,,,,,,1.0,1.0,,,,,5155,,,,0.0,,0.0,,0.0
,,,0.0245535708963871,,0.8046875,,,,,,,,,,,1.0,1.0,,,,,5156,,,,0.0,,0.0,,0.0
,,,0.03579059988260269,,0.8012820482254028,,,,,,,,,,,1.0,1.0,,,,,5157,,,,0.0,,0.0,,0.0
,,,0.0052083334885537624,,0.6796875,,,,,,,,,,,1.0,1.0,,,,,5158,,,,0.0,,0.0,,0.0
,,,0.0033482143189758062,,0.6328125,,,,,,,,,,,1.0,1.0,,,,,5159,,,,0.0,,0.0,,0.0
,,,0.04781303554773331,,0.8113207817077637,,,,,,,,,,,1.0,1.0,,,,,5160,,,,0.0,,0.0,,0.0
,,,0.1015625,,1.0,,,,,,,,,,,1.0,1.0,,,,,5161,,,,0.0,,0.0,,0.0
,,,0.0751953125,,1.0,,,,,,,,,,,1.0,1.0,,,,,5162,,,,0.0,,0.0,,0.0
,,,0.072265625,,1.0,,,,,,,,,,,1.0,1.0,,,,,5163,,,,0.0,,0.0,,0.0
,,,0.06476190686225891,,0.7120000123977661,,,,,,,,,,,1.0,1.0,,,,,5164,,,,0.0,,0.0,,0.0
,,,0.0244140625,,0.375,,,,,,,,,,,1.0,1.0,,,,,5165,,,,0.0,,0.0,,0.0
,,,0.01953125,,0.375,,,,,,,,,,,1.0,1.0,,,,,5166,,,,0.0,,0.0,,0.0
,,,0.02777777798473835,,0.2969187796115875,,,,,,,,,,,1.0,1.0,,,,,5167,,,,0.0,,0.0,,0.0
,,,0.0,,0.375,,,,,,,,,,,1.0,1.0,,,,,5168,,,,0.0,,0.0,,0.0
,,,0.0,,0.296875,,,,,,,,,,,1.0,1.0,,,,,5169,,,,0.0,,0.0,,0.0
,,,0.028911564499139786,,0.5833333730697632,,,,,,,,,,,1.0,1.0,,,,,5170,,,,0.0,,0.0,,0.0
,,,0.02901785634458065,,0.71875,,,,,,,,,,,1.0,1.0,,,,,5171,,,,0.0,,0.0,,0.0
,,,0.02678571455180645,,0.796875,,,,,,,,,,,1.0,1.0,,,,,5172,,,,0.0,,0.0,,0.0
,,,0.026650061830878258,,0.5919053554534912,,,,,,,,,,,1.0,1.0,,,,,5173,,,,0.0,,0.0,,0.0
,,,0.0022321429569274187,,0.3984375,,,,,,,,,,,1.0,1.0,,,,,5174,,,,0.0,,0.0,,0.0
,,,0.004464285913854837,,0.4375,,,,,,,,,,,1.0,1.0,,,,,5175,,,,0.0,,0.0,,0.0
,,,0.0063492064364254475,,0.3662561774253845,,,,,,,,,,,1.0,1.0,,,,,5176,,,,0.0,,0.0,,0.0
,,,0.0,,0.21875,,,,,,,,,,,1.0,1.0,,,,,5177,,,,0.0,,0.0,,0.0
,,,0.0,,0.1953125,,,,,,,,,,,1.0,1.0,,,,,5178,,,,0.0,,0.0,,0.0
,,,0.04009433835744858,,0.6344654560089111,,,,,,,,,,,1.0,1.0,,,,,5179,,,,0.0,,0.0,,0.0
,,,0.0491071417927742,,0.9296875,,,,,,,,,,,1.0,1.0,,,,,5180,,,,0.0,,0.0,,0.0
,,,0.0412946417927742,,0.8828125,,,,,,,,,,,1.0,1.0,,,,,5181,,,,0.0,,0.0,,0.0
,,,0.08036935329437256,,0.8950752019882202,,,,,,,,,,,1.0,1.0,,,,,5182,,,,0.0,,0.0,,0.0
,,,0.0513392873108387,,0.90625,,,,,,,,,,,1.0,1.0,,,,,5183,,,,0.0,,0.0,,0.0
,,,0.0520833320915699,,0.890625,,,,,,,,,,,1.0,1.0,,,,,5184,,,,0.0,,0.0,,0.0
,,,0.07783251255750656,,0.8667487502098083,,,,,,,,,,,1.0,1.0,,,,,5185,,,,0.0,,0.0,,0.0
,,,0.0234375,,0.7734375,,,,,,,,,,,1.0,1.0,,,,,5186,,,,0.0,,0.0,,0.0
,,,0.03750000149011612,,0.8671875,,,,,,,,,,,1.0,1.0,,,,,5187,,,,0.0,,0.0,,0.0
,,,0.03502976894378662,,0.8075605630874634,,,,,,,,,,,1.0,1.0,,,,,5188,,,,0.0,,0.0,,0.0
,,,0.0033482143189758062,,0.65625,,,,,,,,,,,1.0,1.0,,,,,5189,,,,0.0,,0.0,,0.0
,,,0.001953125,,0.640625,,,,,,,,,,,1.0,1.0,,,,,5190,,,,0.0,,0.0,,0.0
,,,0.07032967358827591,,0.80976802110672,,,,,,,,,,,1.0,1.0,,,,,5191,,,,0.0,,0.0,,0.0
,,,0.072265625,,1.0,,,,,,,,,,,1.0,1.0,,,,,5192,,,,0.0,,0.0,,0.0
,,,0.0803571417927742,,1.0,,,,,,,,,,,1.0,1.0,,,,,5193,,,,0.0,,0.0,,0.0
,,,0.09448051452636719,,0.6875,,,,,,,,,,,1.0,1.0,,,,,5194,,,,0.0,,0.0,,0.0
,,,0.02566964365541935,,0.375,,,,,,,,,,,1.0,1.0,,,,,5195,,,,0.0,,0.0,,0.0
,,,0.0223214291036129,,0.375,,,,,,,,,,,1.0,1.0,,,,,5196,,,,0.0,,0.0,,0.0
,,,0.02009456232190132,,0.3210262954235077,,,,,,,,,,,1.0,1.0,,,,,5197,,,,0.0,,0.0,,0.0
,,,0.0,,0.265625,,,,,,,,,,,1.0,1.0,,,,,5198,,,,0.0,,0.0,,0.0
,,,0.0,,0.328125,,,,,,,,,,,1.0,1.0,,,,,5199,,,,0.0,,0.0,,0.0
,,,0.0,,0.2421875,,,,,,,,,,,1.0,1.0,,,,,5200,,,,0.0,,0.0,,0.0
,,,0.02812148444354534,,0.4251968562602997,,,,,,,,,,,1.0,1.0,,,,,5201,,,,0.0,,0.0,,0.0
,,,0.03515625,,0.7890625,,,,,,,,,,,1.0,1.0,,,,,5202,,,,0.0,,0.0,,0.0
,,,0.02994791604578495,,0.7734375,,,,,,,,,,,1.0,1.0,,,,,5203,,,,0.0,,0.0,,0.0
,,,0.03340517356991768,,0.6451148986816406,,,,,,,,,,,1.0,1.0,,,,,5204,,,,0.0,,0.0,,0.0
,,,0.00390625,,0.4296875,,,,,,,,,,,1.0,1.0,,,,,5205,,,,0.0,,0.0,,0.0
,,,0.0087890625,,0.4765625,,,,,,,,,,,1.0,1.0,,,,,5206,,,,0.0,,0.0,,0.0
,,,0.004115226212888956,,0.2891455888748169,,,,,,,,,,,1.0,1.0,,,,,5207,,,,0.0,,0.0,,0.0
,,,0.0,,0.1953125,,,,,,,,,,,1.0,1.0,,,,,5208,,,,0.0,,0.0,,0.0
,,,0.0,,0.1875,,,,,,,,,,,1.0,1.0,,,,,5209,,,,0.0,,0.0,,0.0
,,,0.04296875,,0.5989583730697632,,,,,,,,,,,1.0,1.0,,,,,5210,,,,0.0,,0.0,,0.0
,,,0.041015625,,0.9140625,,,,,,,,,,,1.0,1.0,,,,,5211,,,,0.0,,0.0,,0.0
,,,0.0535714291036129,,0.9375,,,,,,,,,,,1.0,1.0,,,,,5212,,,,0.0,,0.0,,0.0
,,,0.09710686653852463,,0.906423032283783,,,,,,,,,,,1.0,1.0,,,,,5213,,,,0.0,,0.0,,0.0
,,,0.0446428582072258,,0.90625,,,,,,,,,,,1.0,1.0,,,,,5214,,,,0.0,,0.0,,0.0
,,,0.0502232126891613,,0.921875,,,,,,,,,,,1.0,1.0,,,,,5215,,,,0.0,,0.0,,0.0
,,,0.0835791528224945,,0.8625369071960449,,,,,,,,,,,1.0,1.0,,,,,5216,,,,0.0,,0.0,,0.0
,,,0.0234375,,0.828125,,,,,,,,,,,1.0,1.0,,,,,5217,,,,0.0,,0.0,,0.0
,,,0.02968749962747097,,0.859375,,,,,,,,,,,1.0,1.0,,,,,5218,,,,0.0,,0.0,,0.0
,,,0.033838383853435516,,0.8494949340820312,,,,,,,,,,,1.0,1.0,,,,,5219,,,,0.0,,0.0,,0.0
,,,0.004464285913854837,,0.6640625,,,,,,,,,,,1.0,1.0,,,,,5220,,,,0.0,,0.0,,0.0
,,,0.0,,0.6875,,,,,,,,,,,1.0,1.0,,,,,5221,,,,0.0,,0.0,,0.0
,,,0.07407407462596893,,0.8500000238418579,,,,,,,,,,,1.0,1.0,,,,,5222,,,,0.0,,0.0,,0.0
,,,0.0830078125,,1.0,,,,,,,,,,,1.0,1.0,,,,,5223,,,,0.0,,0.0,,0.0
,,,0.072265625,,1.0,,,,,,,,,,,1.0,1.0,,,,,5224,,,,0.0,,0.0,,0.0
,,,0.10346146672964096,,0.6927710771560669,,,,,,,,,,,1.0,1.0,,,,,5225,,,,0.0,,0.0,,0.0
,,,0.0245535708963871,,0.3828125,,,,,,,,,,,1.0,1.0,,,,,5226,,,,0.0,,0.0,,0.0
,,,0.0224609375,,0.3984375,,,,,,,,,,,1.0,1.0,,,,,5227,,,,0.0,,0.0,,0.0
,,,0.019607843831181526,,0.34211868047714233,,,,,,,,,,,1.0,1.0,,,,,5228,,,,0.0,,0.0,,0.0
,,,0.0,,0.3359375,,,,,,,,,,,1.0,1.0,,,,,5229,,,,0.0,,0.0,,0.0
,,,0.0,,0.3125,,,,,,,,,,,1.0,1.0,,,,,5230,,,,0.0,,0.0,,0.0
,,,0.02380952425301075,,0.5207641124725342,,,,,,,,,,,1.0,1.0,,,,,5231,,,,0.0,,0.0,,0.0
,,,0.04062499850988388,,0.765625,,,,,,,,,,,1.0,1.0,,,,,5232,,,,0.0,,0.0,,0.0
,,,0.0245535708963871,,0.75,,,,,,,,,,,1.0,1.0,,,,,5233,,,,0.0,,0.0,,0.0
,,,0.027228133752942085,,0.6563019752502441,,,,,,,,,,,1.0,1.0,,,,,5234,,,,0.0,,0.0,,0.0
,,,0.005580357275903225,,0.4375,,,,,,,,,,,1.0,1.0,,,,,5235,,,,0.0,,0.0,,0.0
,,,0.001953125,,0.4375,,,,,,,,,,,1.0,1.0,,,,,5236,,,,0.0,,0.0,,0.0
,,,0.009920635260641575,,0.3660714328289032,,,,,,,,,,,1.0,1.0,,,,,5237,,,,0.0,,0.0,,0.0
,,,0.0,,0.2109375,,,,,,,,,,,1.0,1.0,,,,,5238,,,,0.0,,0.0,,0.0
,,,0.0,,0.1484375,,,,,,,,,,,1.0,1.0,,,,,5239,,,,0.0,,0.0,,0.0
,,,0.051948051899671555,,0.6196581125259399,,,,,,,,,,,1.0,1.0,,,,,5240,,,,0.0,,0.0,,0.0
,,,0.0419921875,,0.9296875,,,,,,,,,,,1.0,1.0,,,,,5241,,,,0.0,,0.0,,0.0
,,,0.0457589291036129,,0.8828125,,,,,,,,,,,1.0,1.0,,,,,5242,,,,0.0,,0.0,,0.0
,,,0.06411698460578918,,0.9291338324546814,,,,,,,,,,,1.0,1.0,,,,,5243,,,,0.0,,0.0,,0.0
56,0.15696009993553162,0.18477167189121246,,0.6461482048034668,,,,,,,,,,,,,,64.37027740478516,529801.375,4.164651870727539,471.91259765625,12596,,,0.0,,0.0,,0.0,
56,,,,,,1.5103713274002075,,-17.732954025268555,,8.625777244567871,,,,,,,,,,,,12596,2.431641101837158,,,,,,,
,,,,,,,,,,,,,,0.00018619969483007307,0.03,,,,,,,12599,,,,,,,,
57,,,,,,,1.5052497386932373,,-17.739137649536133,,8.2109375,0.00018616821034811437,0.029999999329447746,,,1.0,1.0,,,,,12599,,2.231985330581665,,,,,,
,,,,,,,,,,,,,,0.0001846261223248098,0.03,,,,,,,12649,,,,,,,,
57,,,,,,,1.520071029663086,,-17.741352081298828,,8.875,0.00018459465354681015,0.029999999329447746,,,1.0,1.0,,,,,12649,,2.533259391784668,,,,,,
,,,,,,,,,,,,,,0.00018305352114482166,0.03,,,,,,,12699,,,,,,,,
57,,,,,,,1.5339607000350952,,-17.718936920166016,,8.71875,0.00018302208627574146,0.029999999329447746,,,1.0,1.0,,,,,12699,,2.508871078491211,,,,,,
,,,,,,,,,,,,,,0.00018148198937147954,0.03,,,,,,,12749,,,,,,,,
57,,,,,,,1.5190224647521973,,-17.731447219848633,,8.890625,0.0001814505667425692,0.029999999329447746,,,1.0,1.0,,,,,12749,,2.938516855239868,,,,,,
,,,,,,,,,,,,,,0.00017991162501945697,0.03,,,,,,,12799,,,,,,,,
57,,,,,,,1.5102086067199707,,-17.744699478149414,,8.578125,0.00017988022591453046,0.029999999329447746,,,1.0,1.0,,,,,12799,,2.424528121948242,,,,,,
,,,0.0,,0.1328125,,,,,,,,,,,1.0,1.0,,,,,5244,,,,0.0,,0.0,,0.0
,,,0.0,,0.1796875,,,,,,,,,,,1.0,1.0,,,,,5245,,,,0.0,,0.0,,0.0
,,,0.01049688272178173,,0.5557389259338379,,,,,,,,,,,1.0,1.0,,,,,5246,,,,0.0,,0.0,,0.0
,,,0.0026041667442768812,,0.8046875,,,,,,,,,,,1.0,1.0,,,,,5247,,,,0.0,,0.0,,0.0
,,,0.004687500186264515,,0.8515625,,,,,,,,,,,1.0,1.0,,,,,5248,,,,0.0,,0.0,,0.0
,,,0.03792734816670418,,0.9182692170143127,,,,,,,,,,,1.0,1.0,,,,,5249,,,,0.0,,0.0,,0.0
,,,0.05312500149011612,,1.0,,,,,,,,,,,1.0,1.0,,,,,5250,,,,0.0,,0.0,,0.0
,,,0.04843749850988388,,1.0,,,,,,,,,,,1.0,1.0,,,,,5251,,,,0.0,,0.0,,0.0
,,,0.02964959666132927,,0.5909091234207153,,,,,,,,,,,1.0,1.0,,,,,5252,,,,0.0,,0.0,,0.0
,,,0.0,,0.1328125,,,,,,,,,,,1.0,1.0,,,,,5253,,,,0.0,,0.0,,0.0
,,,0.0,,0.1015625,,,,,,,,,,,1.0,1.0,,,,,5254,,,,0.0,,0.0,,0.0
,,,0.0,,0.1640625,,,,,,,,,,,1.0,1.0,,,,,5255,,,,0.0,,0.0,,0.0
,,,0.03085714392364025,,0.29600000381469727,,,,,,,,,,,1.0,1.0,,,,,5256,,,,0.0,,0.0,,0.0
,,,0.02901785634458065,,0.5625,,,,,,,,,,,1.0,1.0,,,,,5257,,,,0.0,,0.0,,0.0
,,,0.0323660708963871,,0.5546875,,,,,,,,,,,1.0,1.0,,,,,5258,,,,0.0,,0.0,,0.0
,,,0.1746031790971756,,0.7777777910232544,,,,,,,,,,,1.0,1.0,,,,,5259,,,,0.0,,0.0,,0.0
,,,0.12109375,,1.0,,,,,,,,,,,1.0,1.0,,,,,5260,,,,0.0,,0.0,,0.0
,,,0.1302083283662796,,1.0,,,,,,,,,,,1.0,1.0,,,,,5261,,,,0.0,,0.0,,0.0
,,,0.12518037855625153,,0.9821428656578064,,,,,,,,,,,1.0,1.0,,,,,5262,,,,0.0,,0.0,,0.0
,,,0.001953125,,0.953125,,,,,,,,,,,1.0,1.0,,,,,5263,,,,0.0,,0.0,,0.0
,,,0.0026041667442768812,,0.9453125,,,,,,,,,,,1.0,1.0,,,,,5264,,,,0.0,,0.0,,0.0
,,,0.003913894295692444,,0.6758406162261963,,,,,,,,,,,1.0,1.0,,,,,5265,,,,0.0,,0.0,,0.0
,,,0.0066964286379516125,,0.3203125,,,,,,,,,,,1.0,1.0,,,,,5266,,,,0.0,,0.0,,0.0
,,,0.01227678544819355,,0.3984375,,,,,,,,,,,1.0,1.0,,,,,5267,,,,0.0,,0.0,,0.0
,,,0.012500000186264515,,0.5347290635108948,,,,,,,,,,,1.0,1.0,,,,,5268,,,,0.0,,0.0,,0.0
,,,0.00390625,,0.65625,,,,,,,,,,,1.0,1.0,,,,,5269,,,,0.0,,0.0,,0.0
,,,0.0,,0.6328125,,,,,,,,,,,1.0,1.0,,,,,5270,,,,0.0,,0.0,,0.0
,,,0.013477088883519173,,0.7994968891143799,,,,,,,,,,,1.0,1.0,,,,,5271,,,,0.0,,0.0,,0.0
,,,0.01116071455180645,,0.9140625,,,,,,,,,,,1.0,1.0,,,,,5272,,,,0.0,,0.0,,0.0
,,,0.021484375,,0.8125,,,,,,,,,,,1.0,1.0,,,,,5273,,,,0.0,,0.0,,0.0
,,,0.01764705963432789,,0.48796170949935913,,,,,,,,,,,1.0,1.0,,,,,5274,,,,0.0,,0.0,,0.0
,,,0.0,,0.1328125,,,,,,,,,,,1.0,1.0,,,,,5275,,,,0.0,,0.0,,0.0
,,,0.0,,0.1796875,,,,,,,,,,,1.0,1.0,,,,,5276,,,,0.0,,0.0,,0.0
,,,0.005726600997149944,,0.5162561535835266,,,,,,,,,,,1.0,1.0,,,,,5277,,,,0.0,,0.0,,0.0
,,,0.0062500000931322575,,0.78125,,,,,,,,,,,1.0,1.0,,,,,5278,,,,0.0,,0.0,,0.0
,,,0.0031250000465661287,,0.8671875,,,,,,,,,,,1.0,1.0,,,,,5279,,,,0.0,,0.0,,0.0
,,,0.07909224182367325,,0.9262294769287109,,,,,,,,,,,1.0,1.0,,,,,5280,,,,0.0,,0.0,,0.0
,,,0.072265625,,1.0,,,,,,,,,,,1.0,1.0,,,,,5281,,,,0.0,,0.0,,0.0
,,,0.0263671875,,1.0,,,,,,,,,,,1.0,1.0,,,,,5282,,,,0.0,,0.0,,0.0
,,,0.04232804477214813,,0.5615384578704834,,,,,,,,,,,1.0,1.0,,,,,5283,,,,0.0,,0.0,,0.0
,,,0.0,,0.15625,,,,,,,,,,,1.0,1.0,,,,,5284,,,,0.0,,0.0,,0.0
,,,0.0,,0.1953125,,,,,,,,,,,1.0,1.0,,,,,5285,,,,0.0,,0.0,,0.0
,,,0.0357142873108387,,0.3454545736312866,,,,,,,,,,,1.0,1.0,,,,,5286,,,,0.0,,0.0,,0.0
,,,0.0263671875,,0.515625,,,,,,,,,,,1.0,1.0,,,,,5287,,,,0.0,,0.0,,0.0
,,,0.02566964365541935,,0.53125,,,,,,,,,,,1.0,1.0,,,,,5288,,,,0.0,,0.0,,0.0
,,,0.18848559260368347,,0.8085106611251831,,,,,,,,,,,1.0,1.0,,,,,5289,,,,0.0,,0.0,,0.0
,,,0.1315104216337204,,1.0,,,,,,,,,,,1.0,1.0,,,,,5290,,,,0.0,,0.0,,0.0
,,,0.203125,,1.0,,,,,,,,,,,1.0,1.0,,,,,5291,,,,0.0,,0.0,,0.0
,,,0.16093750298023224,,1.0,,,,,,,,,,,1.0,1.0,,,,,5292,,,,0.0,,0.0,,0.0
,,,0.26377952098846436,,0.9763779640197754,,,,,,,,,,,1.0,1.0,,,,,5293,,,,0.0,,0.0,,0.0
,,,0.001953125,,0.9609375,,,,,,,,,,,1.0,1.0,,,,,5294,,,,0.0,,0.0,,0.0
,,,0.00390625,,0.953125,,,,,,,,,,,1.0,1.0,,,,,5295,,,,0.0,,0.0,,0.0
,,,0.007389162667095661,,0.6896551847457886,,,,,,,,,,,1.0,1.0,,,,,5296,,,,0.0,,0.0,,0.0
,,,0.0078125,,0.34375,,,,,,,,,,,1.0,1.0,,,,,5297,,,,0.0,,0.0,,0.0
,,,0.0087890625,,0.4375,,,,,,,,,,,1.0,1.0,,,,,5298,,,,0.0,,0.0,,0.0
,,,0.01049688272178173,,0.5058672428131104,,,,,,,,,,,1.0,1.0,,,,,5299,,,,0.0,,0.0,,0.0
,,,0.0,,0.7265625,,,,,,,,,,,1.0,1.0,,,,,5300,,,,0.0,,0.0,,0.0
,,,0.0,,0.6875,,,,,,,,,,,1.0,1.0,,,,,5301,,,,0.0,,0.0,,0.0
,,,0.01041666604578495,,0.796875,,,,,,,,,,,1.0,1.0,,,,,5302,,,,0.0,,0.0,,0.0
,,,0.01171875,,0.875,,,,,,,,,,,1.0,1.0,,,,,5303,,,,0.0,,0.0,,0.0
,,,0.0234375,,0.890625,,,,,,,,,,,1.0,1.0,,,,,5304,,,,0.0,,0.0,,0.0
,,,0.02380952425301075,,0.5044296979904175,,,,,,,,,,,1.0,1.0,,,,,5305,,,,0.0,,0.0,,0.0
,,,0.0,,0.1640625,,,,,,,,,,,1.0,1.0,,,,,5306,,,,0.0,,0.0,,0.0
,,,0.0009765625,,0.2109375,,,,,,,,,,,1.0,1.0,,,,,5307,,,,0.0,,0.0,,0.0
,,,0.0012642225483432412,,0.47817108035087585,,,,,,,,,,,1.0,1.0,,,,,5308,,,,0.0,,0.0,,0.0
,,,0.0026041667442768812,,0.8203125,,,,,,,,,,,1.0,1.0,,,,,5309,,,,0.0,,0.0,,0.0
,,,0.0015625000232830644,,0.84375,,,,,,,,,,,1.0,1.0,,,,,5310,,,,0.0,,0.0,,0.0
,,,0.03333333507180214,,0.9722222089767456,,,,,,,,,,,1.0,1.0,,,,,5311,,,,0.0,,0.0,,0.0
,,,0.04843749850988388,,1.0,,,,,,,,,,,1.0,1.0,,,,,5312,,,,0.0,,0.0,,0.0
,,,0.03281249850988388,,1.0,,,,,,,,,,,1.0,1.0,,,,,5313,,,,0.0,,0.0,,0.0
,,,0.0357142873108387,,0.5833333134651184,,,,,,,,,,,1.0,1.0,,,,,5314,,,,0.0,,0.0,,0.0
,,,0.0,,0.1015625,,,,,,,,,,,1.0,1.0,,,,,5315,,,,0.0,,0.0,,0.0
,,,0.0,,0.140625,,,,,,,,,,,1.0,1.0,,,,,5316,,,,0.0,,0.0,,0.0
,,,0.03815260902047157,,0.34471216797828674,,,,,,,,,,,1.0,1.0,,,,,5317,,,,0.0,,0.0,,0.0
,,,0.0263671875,,0.4921875,,,,,,,,,,,1.0,1.0,,,,,5318,,,,0.0,,0.0,,0.0
,,,0.029296875,,0.5703125,,,,,,,,,,,1.0,1.0,,,,,5319,,,,0.0,,0.0,,0.0
,,,0.19118919968605042,,0.7549020051956177,,,,,,,,,,,1.0,1.0,,,,,5320,,,,0.0,,0.0,,0.0
,,,0.12890625,,1.0,,,,,,,,,,,1.0,1.0,,,,,5321,,,,0.0,,0.0,,0.0
,,,0.16562500596046448,,1.0,,,,,,,,,,,1.0,1.0,,,,,5322,,,,0.0,,0.0,,0.0
,,,0.184163898229599,,0.988095223903656,,,,,,,,,,,1.0,1.0,,,,,5323,,,,0.0,,0.0,,0.0
,,,0.00390625,,0.9375,,,,,,,,,,,1.0,1.0,,,,,5324,,,,0.0,,0.0,,0.0
,,,0.00390625,,0.9375,,,,,,,,,,,1.0,1.0,,,,,5325,,,,0.0,,0.0,,0.0
,,,0.00755380280315876,,0.6993681192398071,,,,,,,,,,,1.0,1.0,,,,,5326,,,,0.0,,0.0,,0.0
,,,0.004464285913854837,,0.328125,,,,,,,,,,,1.0,1.0,,,,,5327,,,,0.0,,0.0,,0.0
,,,0.010044642724096775,,0.3359375,,,,,,,,,,,1.0,1.0,,,,,5328,,,,0.0,,0.0,,0.0
,,,0.011479591950774193,,0.59375,,,,,,,,,,,1.0,1.0,,,,,5329,,,,0.0,,0.0,,0.0
,,,0.0015625000232830644,,0.6640625,,,,,,,,,,,1.0,1.0,,,,,5330,,,,0.0,,0.0,,0.0
,,,0.0,,0.7109375,,,,,,,,,,,1.0,1.0,,,,,5331,,,,0.0,,0.0,,0.0
,,,0.03030303120613098,,0.8049728274345398,,,,,,,,,,,1.0,1.0,,,,,5332,,,,0.0,,0.0,,0.0
,,,0.01227678544819355,,0.9140625,,,,,,,,,,,1.0,1.0,,,,,5333,,,,0.0,,0.0,,0.0
,,,0.0234375,,0.859375,,,,,,,,,,,1.0,1.0,,,,,5334,,,,0.0,,0.0,,0.0
,,,0.025196850299835205,,0.9212598204612732,,,,,,,,,,,1.0,1.0,,,,,5335,,,,0.0,,0.0,,0.0
57,0.1481190323829651,0.143220454454422,,0.6594195365905762,,,,,,,,,,,,,,64.26964569091797,342375.71875,4.163087368011475,474.1891784667969,12817,,,0.0,,0.0,,0.0,
57,,,,,,1.5149760246276855,,-17.735448837280273,,8.674331665039062,,,,,,,,,,,,12817,2.47194504737854,,,,,,,
,,,,,,,,,,,,,,0.00017834252603061643,0.03,,,,,,,12849,,,,,,,,
58,,,,,,,1.4984489679336548,,-17.737449645996094,,8.09375,0.00017831115110311657,0.029999999329447746,,,1.0,1.0,,,,,12849,,2.3152894973754883,,,,,,
,,,,,,,,,,,,,,0.00017677479026790115,0.03,,,,,,,12899,,,,,,,,
58,,,,,,,1.5131961107254028,,-17.717283248901367,,8.796875,0.00017674344417173415,0.029999999329447746,,,1.0,1.0,,,,,12899,,2.5229344367980957,,,,,,
,,,,,,,,,,,,,,0.0001752085155092315,0.03,,,,,,,12949,,,,,,,,
58,,,,,,,1.4997402429580688,,-17.72846221923828,,8.328125,0.0001751772069837898,0.029999999329447746,,,1.0,1.0,,,,,12949,,2.502078056335449,,,,,,
,,,,,,,,,,,,,,0.0001736437994414066,0.03,,,,,,,12999,,,,,,,,
58,,,,,,,1.5316143035888672,,-17.72698402404785,,9.2421875,0.00017361252685077488,0.029999999329447746,,,1.0,1.0,,,,,12999,,2.9969024658203125,,,,,,
,,,0.00390625,,0.5546875,,,,,,,,,,,1.0,1.0,,,,,5336,,,,0.0,,0.0,,0.0
,,,0.001953125,,0.5859375,,,,,,,,,,,1.0,1.0,,,,,5337,,,,0.0,,0.0,,0.0
,,,0.011367803439497948,,0.6204620599746704,,,,,,,,,,,1.0,1.0,,,,,5338,,,,0.0,,0.0,,0.0
,,,0.001953125,,0.5703125,,,,,,,,,,,1.0,1.0,,,,,5339,,,,0.0,,0.0,,0.0
,,,0.0,,0.515625,,,,,,,,,,,1.0,1.0,,,,,5340,,,,0.0,,0.0,,0.0
,,,0.0019230770412832499,,0.5977563858032227,,,,,,,,,,,1.0,1.0,,,,,5341,,,,0.0,,0.0,,0.0
,,,0.0,,0.7890625,,,,,,,,,,,1.0,1.0,,,,,5342,,,,0.0,,0.0,,0.0
,,,0.0,,0.7734375,,,,,,,,,,,1.0,1.0,,,,,5343,,,,0.0,,0.0,,0.0
,,,0.0363636389374733,,0.8867924213409424,,,,,,,,,,,1.0,1.0,,,,,5344,,,,0.0,,0.0,,0.0
,,,0.03125,,0.9921875,,,,,,,,,,,1.0,1.0,,,,,5345,,,,0.0,,0.0,,0.0
,,,0.01785714365541935,,1.0,,,,,,,,,,,1.0,1.0,,,,,5346,,,,0.0,,0.0,,0.0
,,,0.02812499925494194,,1.0,,,,,,,,,,,1.0,1.0,,,,,5347,,,,0.0,,0.0,,0.0
,,,0.019428571686148643,,0.6240000128746033,,,,,,,,,,,1.0,1.0,,,,,5348,,,,0.0,,0.0,,0.0
,,,0.0234375,,0.328125,,,,,,,,,,,1.0,1.0,,,,,5349,,,,0.0,,0.0,,0.0
,,,0.0234375,,0.2890625,,,,,,,,,,,1.0,1.0,,,,,5350,,,,0.0,,0.0,,0.0
,,,0.06666667014360428,,0.2222222238779068,,,,,,,,,,,1.0,1.0,,,,,5351,,,,0.0,,0.0,,0.0
,,,0.0,,0.0,,,,,,,,,,,1.0,1.0,,,,,5352,,,,0.0,,0.0,,0.0
,,,0.0,,0.0078125,,,,,,,,,,,1.0,1.0,,,,,5353,,,,0.0,,0.0,,0.0
,,,0.0,,0.4345238208770752,,,,,,,,,,,1.0,1.0,,,,,5354,,,,0.0,,0.0,,0.0
,,,0.0,,0.84375,,,,,,,,,,,1.0,1.0,,,,,5355,,,,0.0,,0.0,,0.0
,,,0.0,,0.859375,,,,,,,,,,,1.0,1.0,,,,,5356,,,,0.0,,0.0,,0.0
,,,0.0,,0.5505604147911072,,,,,,,,,,,1.0,1.0,,,,,5357,,,,0.0,,0.0,,0.0
,,,0.0031250000465661287,,0.34375,,,,,,,,,,,1.0,1.0,,,,,5358,,,,0.0,,0.0,,0.0
,,,0.0015625000232830644,,0.296875,,,,,,,,,,,1.0,1.0,,,,,5359,,,,0.0,,0.0,,0.0
,,,0.0028735632076859474,,0.5438423752784729,,,,,,,,,,,1.0,1.0,,,,,5360,,,,0.0,,0.0,,0.0
,,,0.0033482143189758062,,0.8984375,,,,,,,,,,,1.0,1.0,,,,,5361,,,,0.0,,0.0,,0.0
,,,0.0,,0.84375,,,,,,,,,,,1.0,1.0,,,,,5362,,,,0.0,,0.0,,0.0
,,,0.2438993752002716,,0.9466666579246521,,,,,,,,,,,1.0,1.0,,,,,5363,,,,0.0,,0.0,,0.0
,,,0.3203125,,1.0,,,,,,,,,,,1.0,1.0,,,,,5364,,,,0.0,,0.0,,0.0
,,,0.3151041567325592,,1.0,,,,,,,,,,,1.0,1.0,,,,,5365,,,,0.0,,0.0,,0.0
,,,0.341085284948349,,0.7325581312179565,,,,,,,,,,,1.0,1.0,,,,,5366,,,,0.0,,0.0,,0.0
,,,0.00390625,,0.4921875,,,,,,,,,,,1.0,1.0,,,,,5367,,,,0.0,,0.0,,0.0
,,,0.00390625,,0.5859375,,,,,,,,,,,1.0,1.0,,,,,5368,,,,0.0,,0.0,,0.0
,,,0.01149425283074379,,0.5817734003067017,,,,,,,,,,,1.0,1.0,,,,,5369,,,,0.0,,0.0,,0.0
,,,0.0015625000232830644,,0.515625,,,,,,,,,,,1.0,1.0,,,,,5370,,,,0.0,,0.0,,0.0
,,,0.0,,0.5,,,,,,,,,,,1.0,1.0,,,,,5371,,,,0.0,,0.0,,0.0
,,,0.0,,0.5780523419380188,,,,,,,,,,,1.0,1.0,,,,,5372,,,,0.0,,0.0,,0.0
,,,0.0,,0.7890625,,,,,,,,,,,1.0,1.0,,,,,5373,,,,0.0,,0.0,,0.0
,,,0.0,,0.7890625,,,,,,,,,,,1.0,1.0,,,,,5374,,,,0.0,,0.0,,0.0
,,,0.03076923079788685,,0.8968254327774048,,,,,,,,,,,1.0,1.0,,,,,5375,,,,0.0,,0.0,,0.0
,,,0.0234375,,0.984375,,,,,,,,,,,1.0,1.0,,,,,5376,,,,0.0,,0.0,,0.0
,,,0.01953125,,0.9921875,,,,,,,,,,,1.0,1.0,,,,,5377,,,,0.0,,0.0,,0.0
,,,0.07215908914804459,,0.625,,,,,,,,,,,1.0,1.0,,,,,5378,,,,0.0,,0.0,,0.0
,,,0.01785714365541935,,0.2578125,,,,,,,,,,,1.0,1.0,,,,,5379,,,,0.0,,0.0,,0.0
,,,0.02083333395421505,,0.3203125,,,,,,,,,,,1.0,1.0,,,,,5380,,,,0.0,,0.0,,0.0
,,,0.01975683867931366,,0.1808510571718216,,,,,,,,,,,1.0,1.0,,,,,5381,,,,0.0,,0.0,,0.0
,,,0.0,,0.0,,,,,,,,,,,1.0,1.0,,,,,5382,,,,0.0,,0.0,,0.0
,,,0.0,,0.0,,,,,,,,,,,1.0,1.0,,,,,5383,,,,0.0,,0.0,,0.0
,,,0.0,,0.0078125,,,,,,,,,,,1.0,1.0,,,,,5384,,,,0.0,,0.0,,0.0
,,,0.0,,0.4291338622570038,,,,,,,,,,,1.0,1.0,,,,,5385,,,,0.0,,0.0,,0.0
,,,0.0,,0.875,,,,,,,,,,,1.0,1.0,,,,,5386,,,,0.0,,0.0,,0.0
,,,0.0026041667442768812,,0.828125,,,,,,,,,,,1.0,1.0,,,,,5387,,,,0.0,,0.0,,0.0
,,,0.02107279747724533,,0.6048851013183594,,,,,,,,,,,1.0,1.0,,,,,5388,,,,0.0,,0.0,,0.0
,,,0.0015625000232830644,,0.2890625,,,,,,,,,,,1.0,1.0,,,,,5389,,,,0.0,,0.0,,0.0
,,,0.0026041667442768812,,0.3125,,,,,,,,,,,1.0,1.0,,,,,5390,,,,0.0,,0.0,,0.0
,,,0.001650164951570332,,0.5418041944503784,,,,,,,,,,,1.0,1.0,,,,,5391,,,,0.0,,0.0,,0.0
,,,0.0052083334885537624,,0.875,,,,,,,,,,,1.0,1.0,,,,,5392,,,,0.0,,0.0,,0.0
,,,0.004687500186264515,,0.90625,,,,,,,,,,,1.0,1.0,,,,,5393,,,,0.0,,0.0,,0.0
,,,0.2473958283662796,,0.921875,,,,,,,,,,,1.0,1.0,,,,,5394,,,,0.0,,0.0,,0.0
,,,0.3125,,1.0,,,,,,,,,,,1.0,1.0,,,,,5395,,,,0.0,,0.0,,0.0
,,,0.3203125,,1.0,,,,,,,,,,,1.0,1.0,,,,,5396,,,,0.0,,0.0,,0.0
,,,0.341085284948349,,0.7441860437393188,,,,,,,,,,,1.0,1.0,,,,,5397,,,,0.0,,0.0,,0.0
,,,0.001953125,,0.5390625,,,,,,,,,,,1.0,1.0,,,,,5398,,,,0.0,,0.0,,0.0
,,,0.0078125,,0.59375,,,,,,,,,,,1.0,1.0,,,,,5399,,,,0.0,,0.0,,0.0
,,,0.013333333656191826,,0.5943952798843384,,,,,,,,,,,1.0,1.0,,,,,5400,,,,0.0,,0.0,,0.0
,,,0.001953125,,0.4765625,,,,,,,,,,,1.0,1.0,,,,,5401,,,,0.0,,0.0,,0.0
,,,0.0,,0.453125,,,,,,,,,,,1.0,1.0,,,,,5402,,,,0.0,,0.0,,0.0
,,,0.0,,0.6823232173919678,,,,,,,,,,,1.0,1.0,,,,,5403,,,,0.0,,0.0,,0.0
,,,0.0,,0.75,,,,,,,,,,,1.0,1.0,,,,,5404,,,,0.0,,0.0,,0.0
,,,0.0,,0.8515625,,,,,,,,,,,1.0,1.0,,,,,5405,,,,0.0,,0.0,,0.0
,,,0.023148147389292717,,0.875,,,,,,,,,,,1.0,1.0,,,,,5406,,,,0.0,,0.0,,0.0
,,,0.02473958395421505,,0.9921875,,,,,,,,,,,1.0,1.0,,,,,5407,,,,0.0,,0.0,,0.0
,,,0.046875,,1.0,,,,,,,,,,,1.0,1.0,,,,,5408,,,,0.0,,0.0,,0.0
,,,0.03507362678647041,,0.6325300931930542,,,,,,,,,,,1.0,1.0,,,,,5409,,,,0.0,,0.0,,0.0
,,,0.02083333395421505,,0.28125,,,,,,,,,,,1.0,1.0,,,,,5410,,,,0.0,,0.0,,0.0
,,,0.01897321455180645,,0.34375,,,,,,,,,,,1.0,1.0,,,,,5411,,,,0.0,,0.0,,0.0
,,,0.026143791154026985,,0.1666666716337204,,,,,,,,,,,1.0,1.0,,,,,5412,,,,0.0,,0.0,,0.0
,,,0.0,,0.0,,,,,,,,,,,1.0,1.0,,,,,5413,,,,0.0,,0.0,,0.0
,,,0.0,,0.0078125,,,,,,,,,,,1.0,1.0,,,,,5414,,,,0.0,,0.0,,0.0
,,,0.0,,0.4642857015132904,,,,,,,,,,,1.0,1.0,,,,,5415,,,,0.0,,0.0,,0.0
,,,0.0,,0.875,,,,,,,,,,,1.0,1.0,,,,,5416,,,,0.0,,0.0,,0.0
,,,0.0,,0.8828125,,,,,,,,,,,1.0,1.0,,,,,5417,,,,0.0,,0.0,,0.0
,,,0.0014727540547028184,,0.5246092081069946,,,,,,,,,,,1.0,1.0,,,,,5418,,,,0.0,,0.0,,0.0
,,,0.010937499813735485,,0.3203125,,,,,,,,,,,1.0,1.0,,,,,5419,,,,0.0,,0.0,,0.0
,,,0.0,,0.25,,,,,,,,,,,1.0,1.0,,,,,5420,,,,0.0,,0.0,,0.0
,,,0.0029761905316263437,,0.5803571343421936,,,,,,,,,,,1.0,1.0,,,,,5421,,,,0.0,,0.0,,0.0
,,,0.0031250000465661287,,0.8984375,,,,,,,,,,,1.0,1.0,,,,,5422,,,,0.0,,0.0,,0.0
,,,0.0013020833721384406,,0.8671875,,,,,,,,,,,1.0,1.0,,,,,5423,,,,0.0,,0.0,,0.0
,,,0.25427350401878357,,0.9316239356994629,,,,,,,,,,,1.0,1.0,,,,,5424,,,,0.0,,0.0,,0.0
,,,0.234375,,1.0,,,,,,,,,,,1.0,1.0,,,,,5425,,,,0.0,,0.0,,0.0
,,,0.3177083432674408,,1.0,,,,,,,,,,,1.0,1.0,,,,,5426,,,,0.0,,0.0,,0.0
,,,1.0,,1.0,,,,,,,,,,,1.0,1.0,,,,,5427,,,,0.0,,0.0,,0.0
58,0.14798946678638458,0.12888328731060028,,0.6168262958526611,,,,,,,,,,,,,,62.510555267333984,285024.625,4.135335445404053,471.5323181152344,13038,,,0.0,,0.0,,0.0,
58,,,,,,1.510820746421814,,-17.717426300048828,,8.56790828704834,,,,,,,,,,,,13038,2.5027520656585693,,,,,,,
,,,,,,,,,,,,,,0.000172080739654012,0.03,,,,,,,13049,,,,,,,,
59,,,,,,,1.507739782333374,,-17.726804733276367,,8.5390625,0.00017204949108418077,0.029999999329447746,,,1.0,1.0,,,,,13049,,2.8277218341827393,,,,,,
,,,,,,,,,,,,,,0.00017051943363333247,0.03,,,,,,,13099,,,,,,,,
59,,,,,,,1.5173542499542236,,-17.735321044921875,,8.625,0.00017048823065124452,0.029999999329447746,,,1.0,1.0,,,,,13099,,2.53890323638916,,,,,,
,,,,,,,,,,,,,,0.00016895997875627264,0.03,,,,,,,13149,,,,,,,,
59,,,,,,,1.496079683303833,,-17.7159423828125,,8.1484375,0.00016892880375962704,0.029999999329447746,,,1.0,1.0,,,,,13149,,2.6035990715026855,,,,,,
,,,,,,,,,,,,,,0.00016740247228428352,0.03,,,,,,,13199,,,,,,,,
59,,,,,,,1.5134620666503906,,-17.738067626953125,,8.5625,0.0001673713413765654,0.029999999329447746,,,1.0,1.0,,,,,13199,,2.3421034812927246,,,,,,
,,,,,,,,,,,,,,0.00016584701135729607,0.03,,,,,,,13249,,,,,,,,
59,,,,,,,1.5010312795639038,,-17.695226669311523,,8.1796875,0.00016581593081355095,0.029999999329447746,,,1.0,1.0,,,,,13249,,2.6965293884277344,,,,,,
,,,0.0011160714784637094,,0.53125,,,,,,,,,,,1.0,1.0,,,,,5428,,,,0.0,,0.0,,0.0
,,,0.0015625000232830644,,0.625,,,,,,,,,,,1.0,1.0,,,,,5429,,,,0.0,,0.0,,0.0
,,,0.006600659806281328,,0.7044371366500854,,,,,,,,,,,1.0,1.0,,,,,5430,,,,0.0,,0.0,,0.0
,,,0.0031250000465661287,,0.8984375,,,,,,,,,,,1.0,1.0,,,,,5431,,,,0.0,,0.0,,0.0
,,,0.0031250000465661287,,0.875,,,,,,,,,,,1.0,1.0,,,,,5432,,,,0.0,,0.0,,0.0
,,,0.007692308165132999,,0.6458333134651184,,,,,,,,,,,1.0,1.0,,,,,5433,,,,0.0,,0.0,,0.0
,,,0.0,,0.4609375,,,,,,,,,,,1.0,1.0,,,,,5434,,,,0.0,,0.0,,0.0
,,,0.0,,0.4140625,,,,,,,,,,,1.0,1.0,,,,,5435,,,,0.0,,0.0,,0.0
,,,0.03246753290295601,,0.7122641801834106,,,,,,,,,,,1.0,1.0,,,,,5436,,,,0.0,,0.0,,0.0
,,,0.0390625,,1.0,,,,,,,,,,,1.0,1.0,,,,,5437,,,,0.0,,0.0,,0.0
,,,0.02678571455180645,,0.984375,,,,,,,,,,,1.0,1.0,,,,,5438,,,,0.0,,0.0,,0.0
,,,0.0390625,,1.0,,,,,,,,,,,1.0,1.0,,,,,5439,,,,0.0,,0.0,,0.0
,,,0.010999999940395355,,0.6599999666213989,,,,,,,,,,,1.0,1.0,,,,,5440,,,,0.0,,0.0,,0.0
,,,0.01215277798473835,,0.25,,,,,,,,,,,1.0,1.0,,,,,5441,,,,0.0,,0.0,,0.0
,,,0.013020833022892475,,0.265625,,,,,,,,,,,1.0,1.0,,,,,5442,,,,0.0,,0.0,,0.0
,,,0.05068694055080414,,0.6666666865348816,,,,,,,,,,,1.0,1.0,,,,,5443,,,,0.0,,0.0,,0.0
,,,0.05312500149011612,,0.984375,,,,,,,,,,,1.0,1.0,,,,,5444,,,,0.0,,0.0,,0.0
,,,0.0625,,0.9921875,,,,,,,,,,,1.0,1.0,,,,,5445,,,,0.0,,0.0,,0.0
,,,0.19155845046043396,,1.0,,,,,,,,,,,1.0,1.0,,,,,5446,,,,0.0,,0.0,,0.0
,,,0.2682291567325592,,0.9921875,,,,,,,,,,,1.0,1.0,,,,,5447,,,,0.0,,0.0,,0.0
,,,0.203125,,0.984375,,,,,,,,,,,1.0,1.0,,,,,5448,,,,0.0,,0.0,,0.0
,,,0.11139476299285889,,0.8082191944122314,,,,,,,,,,,1.0,1.0,,,,,5449,,,,0.0,,0.0,,0.0
,,,0.0,,0.53125,,,,,,,,,,,1.0,1.0,,,,,5450,,,,0.0,,0.0,,0.0
,,,0.004464285913854837,,0.6015625,,,,,,,,,,,1.0,1.0,,,,,5451,,,,0.0,,0.0,,0.0
,,,0.008571429178118706,,0.5588669776916504,,,,,,,,,,,1.0,1.0,,,,,5452,,,,0.0,,0.0,,0.0
,,,0.0013020833721384406,,0.609375,,,,,,,,,,,1.0,1.0,,,,,5453,,,,0.0,,0.0,,0.0
,,,0.0,,0.59375,,,,,,,,,,,1.0,1.0,,,,,5454,,,,0.0,,0.0,,0.0
,,,0.0,,0.31773585081100464,,,,,,,,,,,1.0,1.0,,,,,5455,,,,0.0,,0.0,,0.0
,,,0.0,,0.0234375,,,,,,,,,,,1.0,1.0,,,,,5456,,,,0.0,,0.0,,0.0
,,,0.0,,0.046875,,,,,,,,,,,1.0,1.0,,,,,5457,,,,0.0,,0.0,,0.0
,,,0.0,,0.2678522765636444,,,,,,,,,,,1.0,1.0,,,,,5458,,,,0.0,,0.0,,0.0
,,,0.0,,0.4765625,,,,,,,,,,,1.0,1.0,,,,,5459,,,,0.0,,0.0,,0.0
,,,0.0013020833721384406,,0.6015625,,,,,,,,,,,1.0,1.0,,,,,5460,,,,0.0,,0.0,,0.0
,,,0.01665024645626545,,0.7460590600967407,,,,,,,,,,,1.0,1.0,,,,,5461,,,,0.0,,0.0,,0.0
,,,0.0015625000232830644,,0.8828125,,,,,,,,,,,1.0,1.0,,,,,5462,,,,0.0,,0.0,,0.0
,,,0.005859375,,0.875,,,,,,,,,,,1.0,1.0,,,,,5463,,,,0.0,,0.0,,0.0
,,,0.0,,0.5874724984169006,,,,,,,,,,,1.0,1.0,,,,,5464,,,,0.0,,0.0,,0.0
,,,0.0,,0.4453125,,,,,,,,,,,1.0,1.0,,,,,5465,,,,0.0,,0.0,,0.0
,,,0.0,,0.421875,,,,,,,,,,,1.0,1.0,,,,,5466,,,,0.0,,0.0,,0.0
,,,0.03846153989434242,,0.7063491940498352,,,,,,,,,,,1.0,1.0,,,,,5467,,,,0.0,,0.0,,0.0
,,,0.04296875,,0.9921875,,,,,,,,,,,1.0,1.0,,,,,5468,,,,0.0,,0.0,,0.0
,,,0.03125,,0.9921875,,,,,,,,,,,1.0,1.0,,,,,5469,,,,0.0,,0.0,,0.0
,,,0.042424242943525314,,0.625,,,,,,,,,,,1.0,1.0,,,,,5470,,,,0.0,,0.0,,0.0
,,,0.02500000037252903,,0.2734375,,,,,,,,,,,1.0,1.0,,,,,5471,,,,0.0,,0.0,,0.0
,,,0.014508928172290325,,0.25,,,,,,,,,,,1.0,1.0,,,,,5472,,,,0.0,,0.0,,0.0
,,,0.03736813738942146,,0.6223404407501221,,,,,,,,,,,1.0,1.0,,,,,5473,,,,0.0,,0.0,,0.0
,,,0.04374999925494194,,1.0,,,,,,,,,,,1.0,1.0,,,,,5474,,,,0.0,,0.0,,0.0
,,,0.05624999850988388,,0.984375,,,,,,,,,,,1.0,1.0,,,,,5475,,,,0.0,,0.0,,0.0
,,,0.0546875,,1.0,,,,,,,,,,,1.0,1.0,,,,,5476,,,,0.0,,0.0,,0.0
,,,0.218503937125206,,0.9960629940032959,,,,,,,,,,,1.0,1.0,,,,,5477,,,,0.0,,0.0,,0.0
,,,0.16718749701976776,,1.0,,,,,,,,,,,1.0,1.0,,,,,5478,,,,0.0,,0.0,,0.0
,,,0.15468749403953552,,0.9921875,,,,,,,,,,,1.0,1.0,,,,,5479,,,,0.0,,0.0,,0.0
,,,0.16810345649719238,,0.767241358757019,,,,,,,,,,,1.0,1.0,,,,,5480,,,,0.0,,0.0,,0.0
,,,0.0022321429569274187,,0.4609375,,,,,,,,,,,1.0,1.0,,,,,5481,,,,0.0,,0.0,,0.0
,,,0.0022321429569274187,,0.578125,,,,,,,,,,,1.0,1.0,,,,,5482,,,,0.0,,0.0,,0.0
,,,0.001650164951570332,,0.47359734773635864,,,,,,,,,,,1.0,1.0,,,,,5483,,,,0.0,,0.0,,0.0
,,,0.0013020833721384406,,0.65625,,,,,,,,,,,1.0,1.0,,,,,5484,,,,0.0,,0.0,,0.0
,,,0.0,,0.5625,,,,,,,,,,,1.0,1.0,,,,,5485,,,,0.0,,0.0,,0.0
,,,0.0,,0.3229166567325592,,,,,,,,,,,1.0,1.0,,,,,5486,,,,0.0,,0.0,,0.0
,,,0.0,,0.015625,,,,,,,,,,,1.0,1.0,,,,,5487,,,,0.0,,0.0,,0.0
,,,0.0,,0.0546875,,,,,,,,,,,1.0,1.0,,,,,5488,,,,0.0,,0.0,,0.0
,,,0.0,,0.2627353370189667,,,,,,,,,,,1.0,1.0,,,,,5489,,,,0.0,,0.0,,0.0
,,,0.0031250000465661287,,0.625,,,,,,,,,,,1.0,1.0,,,,,5490,,,,0.0,,0.0,,0.0
,,,0.005580357275903225,,0.609375,,,,,,,,,,,1.0,1.0,,,,,5491,,,,0.0,,0.0,,0.0
,,,0.0017699114978313446,,0.7380530834197998,,,,,,,,,,,1.0,1.0,,,,,5492,,,,0.0,,0.0,,0.0
,,,0.0031250000465661287,,0.84375,,,,,,,,,,,1.0,1.0,,,,,5493,,,,0.0,,0.0,,0.0
,,,0.005859375,,0.828125,,,,,,,,,,,1.0,1.0,,,,,5494,,,,0.0,,0.0,,0.0
,,,0.0,,0.6070706844329834,,,,,,,,,,,1.0,1.0,,,,,5495,,,,0.0,,0.0,,0.0
,,,0.0,,0.4375,,,,,,,,,,,1.0,1.0,,,,,5496,,,,0.0,,0.0,,0.0
,,,0.0,,0.421875,,,,,,,,,,,1.0,1.0,,,,,5497,,,,0.0,,0.0,,0.0
,,,0.05000000074505806,,0.699999988079071,,,,,,,,,,,1.0,1.0,,,,,5498,,,,0.0,,0.0,,0.0
,,,0.0338541679084301,,0.9921875,,,,,,,,,,,1.0,1.0,,,,,5499,,,,0.0,,0.0,,0.0
,,,0.04296875,,0.9921875,,,,,,,,,,,1.0,1.0,,,,,5500,,,,0.0,,0.0,,0.0
,,,0.03704819083213806,,0.6566265225410461,,,,,,,,,,,1.0,1.0,,,,,5501,,,,0.0,,0.0,,0.0
,,,0.013671875,,0.2578125,,,,,,,,,,,1.0,1.0,,,,,5502,,,,0.0,,0.0,,0.0
,,,0.015625,,0.2421875,,,,,,,,,,,1.0,1.0,,,,,5503,,,,0.0,,0.0,,0.0
,,,0.05576776713132858,,0.6176470518112183,,,,,,,,,,,1.0,1.0,,,,,5504,,,,0.0,,0.0,,0.0
,,,0.04843749850988388,,0.9765625,,,,,,,,,,,1.0,1.0,,,,,5505,,,,0.0,,0.0,,0.0
,,,0.05000000074505806,,1.0,,,,,,,,,,,1.0,1.0,,,,,5506,,,,0.0,,0.0,,0.0
,,,0.2634274661540985,,1.0,,,,,,,,,,,1.0,1.0,,,,,5507,,,,0.0,,0.0,,0.0
,,,0.2109375,,0.9921875,,,,,,,,,,,1.0,1.0,,,,,5508,,,,0.0,,0.0,,0.0
,,,0.1640625,,0.984375,,,,,,,,,,,1.0,1.0,,,,,5509,,,,0.0,,0.0,,0.0
,,,0.11340206116437912,,0.7903225421905518,,,,,,,,,,,1.0,1.0,,,,,5510,,,,0.0,,0.0,,0.0
,,,0.004464285913854837,,0.5859375,,,,,,,,,,,1.0,1.0,,,,,5511,,,,0.0,,0.0,,0.0
,,,0.0011160714784637094,,0.4765625,,,,,,,,,,,1.0,1.0,,,,,5512,,,,0.0,,0.0,,0.0
,,,0.0012755102943629026,,0.5982142686843872,,,,,,,,,,,1.0,1.0,,,,,5513,,,,0.0,,0.0,,0.0
,,,0.0,,0.6328125,,,,,,,,,,,1.0,1.0,,,,,5514,,,,0.0,,0.0,,0.0
,,,0.0013020833721384406,,0.59375,,,,,,,,,,,1.0,1.0,,,,,5515,,,,0.0,,0.0,,0.0
,,,0.0,,0.3061383366584778,,,,,,,,,,,1.0,1.0,,,,,5516,,,,0.0,,0.0,,0.0
,,,0.0,,0.046875,,,,,,,,,,,1.0,1.0,,,,,5517,,,,0.0,,0.0,,0.0
,,,0.0,,0.015625,,,,,,,,,,,1.0,1.0,,,,,5518,,,,0.0,,0.0,,0.0
,,,0.0,,0.06299212574958801,,,,,,,,,,,1.0,1.0,,,,,5519,,,,0.0,,0.0,,0.0
59,0.13828736543655396,0.14333365857601166,,0.6282594203948975,,,,,,,,,,,,,,59.94740676879883,270214.9375,4.093467712402344,474.84503173828125,13259,,,0.0,,0.0,,0.0,
59,,,,,,1.5101841688156128,,-17.724681854248047,,8.520556449890137,,,,,,,,,,,,13259,2.5162007808685303,,,,,,,
,,,,,,,,,,,,,,0.00016429369298766273,0.03,,,,,,,13299,,,,,,,,
60,,,,,,,1.5003974437713623,,-17.73849868774414,,8.2890625,0.00016426264483015984,0.029999999329447746,,,1.0,1.0,,,,,13299,,2.3386871814727783,,,,,,
,,,,,,,,,,,,,,0.00016274261405410732,0.03,,,,,,,13349,,,,,,,,
60,,,,,,,1.5061116218566895,,-17.75602912902832,,8.6953125,0.00016271161439362913,0.029999999329447746,,,1.0,1.0,,,,,13349,,2.4457271099090576,,,,,,
,,,,,,,,,,,,,,0.0001611938712956825,0.03,,,,,,,13399,,,,,,,,
60,,,,,,,1.5416717529296875,,-17.73233413696289,,9.8046875,0.0001611629268154502,0.029999999329447746,,,1.0,1.0,,,,,13399,,2.3307762145996094,,,,,,
,,,,,,,,,,,,,,0.00015964756130573633,0.03,,,,,,,13449,,,,,,,,
60,,,,,,,1.5126750469207764,,-17.724578857421875,,8.6171875,0.00015961665485519916,0.029999999329447746,,,1.0,1.0,,,,,13449,,2.3667688369750977,,,,,,
,,,0.0,,0.2421875,,,,,,,,,,,1.0,1.0,,,,,5520,,,,0.0,,0.0,,0.0
,,,0.0015625000232830644,,0.2265625,,,,,,,,,,,1.0,1.0,,,,,5521,,,,0.0,,0.0,,0.0
,,,0.001650164951570332,,0.5793913006782532,,,,,,,,,,,1.0,1.0,,,,,5522,,,,0.0,,0.0,,0.0
,,,0.0015625000232830644,,0.7734375,,,,,,,,,,,1.0,1.0,,,,,5523,,,,0.0,,0.0,,0.0
,,,0.0,,0.765625,,,,,,,,,,,1.0,1.0,,,,,5524,,,,0.0,,0.0,,0.0
,,,0.0019230770412832499,,0.8894230723381042,,,,,,,,,,,1.0,1.0,,,,,5525,,,,0.0,,0.0,,0.0
,,,0.001953125,,0.9765625,,,,,,,,,,,1.0,1.0,,,,,5526,,,,0.0,,0.0,,0.0
,,,0.0,,0.953125,,,,,,,,,,,1.0,1.0,,,,,5527,,,,0.0,,0.0,,0.0
,,,0.009090909734368324,,0.8447684645652771,,,,,,,,,,,1.0,1.0,,,,,5528,,,,0.0,,0.0,,0.0
,,,0.0,,0.7734375,,,,,,,,,,,1.0,1.0,,,,,5529,,,,0.0,,0.0,,0.0
,,,0.0031250000465661287,,0.765625,,,,,,,,,,,1.0,1.0,,,,,5530,,,,0.0,,0.0,,0.0
,,,0.0015625000232830644,,0.7265625,,,,,,,,,,,1.0,1.0,,,,,5531,,,,0.0,,0.0,,0.0
,,,0.18333333730697632,,0.7613333463668823,,,,,,,,,,,1.0,1.0,,,,,5532,,,,0.0,,0.0,,0.0
,,,0.087890625,,0.78125,,,,,,,,,,,1.0,1.0,,,,,5533,,,,0.0,,0.0,,0.0
,,,0.095703125,,0.7578125,,,,,,,,,,,1.0,1.0,,,,,5534,,,,0.0,,0.0,,0.0
,,,0.06834734231233597,,0.7334266901016235,,,,,,,,,,,1.0,1.0,,,,,5535,,,,0.0,,0.0,,0.0
,,,0.001953125,,0.71875,,,,,,,,,,,1.0,1.0,,,,,5536,,,,0.0,,0.0,,0.0
,,,0.0,,0.71875,,,,,,,,,,,1.0,1.0,,,,,5537,,,,0.0,,0.0,,0.0
,,,0.0,,0.3181818127632141,,,,,,,,,,,1.0,1.0,,,,,5538,,,,0.0,,0.0,,0.0
,,,0.0,,0.0,,,,,,,,,,,1.0,1.0,,,,,5539,,,,0.0,,0.0,,0.0
,,,0.0,,0.0,,,,,,,,,,,1.0,1.0,,,,,5540,,,,0.0,,0.0,,0.0
,,,0.0,,0.06849315017461777,,,,,,,,,,,1.0,1.0,,,,,5541,,,,0.0,,0.0,,0.0
,,,0.0,,0.1796875,,,,,,,,,,,1.0,1.0,,,,,5542,,,,0.0,,0.0,,0.0
,,,0.0,,0.1640625,,,,,,,,,,,1.0,1.0,,,,,5543,,,,0.0,,0.0,,0.0
,,,0.013793103396892548,,0.38768473267555237,,,,,,,,,,,1.0,1.0,,,,,5544,,,,0.0,,0.0,,0.0
,,,0.02604166604578495,,0.8671875,,,,,,,,,,,1.0,1.0,,,,,5545,,,,0.0,,0.0,,0.0
,,,0.01953125,,0.78125,,,,,,,,,,,1.0,1.0,,,,,5546,,,,0.0,,0.0,,0.0
,,,0.3448218107223511,,0.8999999761581421,,,,,,,,,,,1.0,1.0,,,,,5547,,,,0.0,,0.0,,0.0
,,,0.3255208432674408,,1.0,,,,,,,,,,,1.0,1.0,,,,,5548,,,,0.0,,0.0,,0.0
,,,0.3203125,,0.9921875,,,,,,,,,,,1.0,1.0,,,,,5549,,,,0.0,,0.0,,0.0
,,,0.25,,0.6162790656089783,,,,,,,,,,,1.0,1.0,,,,,5550,,,,0.0,,0.0,,0.0
,,,0.0,,0.25,,,,,,,,,,,1.0,1.0,,,,,5551,,,,0.0,,0.0,,0.0
,,,0.0,,0.234375,,,,,,,,,,,1.0,1.0,,,,,5552,,,,0.0,,0.0,,0.0
,,,0.0028735632076859474,,0.576600968837738,,,,,,,,,,,1.0,1.0,,,,,5553,,,,0.0,,0.0,,0.0
,,,0.0026041667442768812,,0.796875,,,,,,,,,,,1.0,1.0,,,,,5554,,,,0.0,,0.0,,0.0
,,,0.0,,0.7890625,,,,,,,,,,,1.0,1.0,,,,,5555,,,,0.0,,0.0,,0.0
,,,0.0,,0.8606557250022888,,,,,,,,,,,1.0,1.0,,,,,5556,,,,0.0,,0.0,,0.0
,,,0.0,,0.9453125,,,,,,,,,,,1.0,1.0,,,,,5557,,,,0.0,,0.0,,0.0
,,,0.0,,0.984375,,,,,,,,,,,1.0,1.0,,,,,5558,,,,0.0,,0.0,,0.0
,,,0.003076923079788685,,0.860805869102478,,,,,,,,,,,1.0,1.0,,,,,5559,,,,0.0,,0.0,,0.0
,,,0.0078125,,0.8203125,,,,,,,,,,,1.0,1.0,,,,,5560,,,,0.0,,0.0,,0.0
,,,0.005859375,,0.765625,,,,,,,,,,,1.0,1.0,,,,,5561,,,,0.0,,0.0,,0.0
,,,0.10852272808551788,,0.7409090995788574,,,,,,,,,,,1.0,1.0,,,,,5562,,,,0.0,,0.0,,0.0
,,,0.1015625,,0.8125,,,,,,,,,,,1.0,1.0,,,,,5563,,,,0.0,,0.0,,0.0
,,,0.1015625,,0.8125,,,,,,,,,,,1.0,1.0,,,,,5564,,,,0.0,,0.0,,0.0
,,,0.07582394778728485,,0.7306007742881775,,,,,,,,,,,1.0,1.0,,,,,5565,,,,0.0,,0.0,,0.0
,,,0.0,,0.7109375,,,,,,,,,,,1.0,1.0,,,,,5566,,,,0.0,,0.0,,0.0
,,,0.0,,0.6953125,,,,,,,,,,,1.0,1.0,,,,,5567,,,,0.0,,0.0,,0.0
,,,0.0,,0.7890625,,,,,,,,,,,1.0,1.0,,,,,5568,,,,0.0,,0.0,,0.0
,,,0.0,,0.5,,,,,,,,,,,1.0,1.0,,,,,5569,,,,0.0,,0.0,,0.0
,,,0.0,,0.0,,,,,,,,,,,1.0,1.0,,,,,5570,,,,0.0,,0.0,,0.0
,,,0.0,,0.0,,,,,,,,,,,1.0,1.0,,,,,5571,,,,0.0,,0.0,,0.0
,,,0.0,,0.10775861889123917,,,,,,,,,,,1.0,1.0,,,,,5572,,,,0.0,,0.0,,0.0
,,,0.0,,0.0859375,,,,,,,,,,,1.0,1.0,,,,,5573,,,,0.0,,0.0,,0.0
,,,0.0015625000232830644,,0.140625,,,,,,,,,,,1.0,1.0,,,,,5574,,,,0.0,,0.0,,0.0
,,,0.005940594244748354,,0.5084341764450073,,,,,,,,,,,1.0,1.0,,,,,5575,,,,0.0,,0.0,,0.0
,,,0.0390625,,0.84375,,,,,,,,,,,1.0,1.0,,,,,5576,,,,0.0,,0.0,,0.0
,,,0.015625,,0.796875,,,,,,,,,,,1.0,1.0,,,,,5577,,,,0.0,,0.0,,0.0
,,,0.2526041865348816,,0.90625,,,,,,,,,,,1.0,1.0,,,,,5578,,,,0.0,,0.0,,0.0
,,,0.244140625,,0.9921875,,,,,,,,,,,1.0,1.0,,,,,5579,,,,0.0,,0.0,,0.0
,,,0.244140625,,1.0,,,,,,,,,,,1.0,1.0,,,,,5580,,,,0.0,,0.0,,0.0
,,,0.20000000298023224,,0.6220930218696594,,,,,,,,,,,1.0,1.0,,,,,5581,,,,0.0,,0.0,,0.0
,,,0.0,,0.2109375,,,,,,,,,,,1.0,1.0,,,,,5582,,,,0.0,,0.0,,0.0
,,,0.0,,0.28125,,,,,,,,,,,1.0,1.0,,,,,5583,,,,0.0,,0.0,,0.0
,,,0.0,,0.6958702206611633,,,,,,,,,,,1.0,1.0,,,,,5584,,,,0.0,,0.0,,0.0
,,,0.0,,0.78125,,,,,,,,,,,1.0,1.0,,,,,5585,,,,0.0,,0.0,,0.0
,,,0.0,,0.7890625,,,,,,,,,,,1.0,1.0,,,,,5586,,,,0.0,,0.0,,0.0
,,,0.0,,0.7964646816253662,,,,,,,,,,,1.0,1.0,,,,,5587,,,,0.0,,0.0,,0.0
,,,0.0,,0.96875,,,,,,,,,,,1.0,1.0,,,,,5588,,,,0.0,,0.0,,0.0
,,,0.0,,0.9609375,,,,,,,,,,,1.0,1.0,,,,,5589,,,,0.0,,0.0,,0.0
,,,0.0055555556900799274,,0.8685184717178345,,,,,,,,,,,1.0,1.0,,,,,5590,,,,0.0,,0.0,,0.0
,,,0.0031250000465661287,,0.71875,,,,,,,,,,,1.0,1.0,,,,,5591,,,,0.0,,0.0,,0.0
,,,0.0078125,,0.7578125,,,,,,,,,,,1.0,1.0,,,,,5592,,,,0.0,,0.0,,0.0
,,,0.08878178894519806,,0.7026773691177368,,,,,,,,,,,1.0,1.0,,,,,5593,,,,0.0,,0.0,,0.0
,,,0.087890625,,0.7734375,,,,,,,,,,,1.0,1.0,,,,,5594,,,,0.0,,0.0,,0.0
,,,0.07656250149011612,,0.7890625,,,,,,,,,,,1.0,1.0,,,,,5595,,,,0.0,,0.0,,0.0
,,,0.0773279070854187,,0.785077691078186,,,,,,,,,,,1.0,1.0,,,,,5596,,,,0.0,,0.0,,0.0
,,,0.0015625000232830644,,0.65625,,,,,,,,,,,1.0,1.0,,,,,5597,,,,0.0,,0.0,,0.0
,,,0.0,,0.7109375,,,,,,,,,,,1.0,1.0,,,,,5598,,,,0.0,,0.0,,0.0
,,,0.0,,0.39534884691238403,,,,,,,,,,,1.0,1.0,,,,,5599,,,,0.0,,0.0,,0.0
,,,0.0,,0.0,,,,,,,,,,,1.0,1.0,,,,,5600,,,,0.0,,0.0,,0.0
,,,0.0,,0.0,,,,,,,,,,,1.0,1.0,,,,,5601,,,,0.0,,0.0,,0.0
,,,0.0,,0.06451612710952759,,,,,,,,,,,1.0,1.0,,,,,5602,,,,0.0,,0.0,,0.0
,,,0.0,,0.1953125,,,,,,,,,,,1.0,1.0,,,,,5603,,,,0.0,,0.0,,0.0
,,,0.0,,0.1328125,,,,,,,,,,,1.0,1.0,,,,,5604,,,,0.0,,0.0,,0.0
,,,0.012500000186264515,,0.4285714328289032,,,,,,,,,,,1.0,1.0,,,,,5605,,,,0.0,,0.0,,0.0
,,,0.0078125,,0.796875,,,,,,,,,,,1.0,1.0,,,,,5606,,,,0.0,,0.0,,0.0
,,,0.02083333395421505,,0.796875,,,,,,,,,,,1.0,1.0,,,,,5607,,,,0.0,,0.0,,0.0
,,,0.2102564126253128,,0.9102563858032227,,,,,,,,,,,1.0,1.0,,,,,5608,,,,0.0,,0.0,,0.0
,,,0.4921875,,1.0,,,,,,,,,,,1.0,1.0,,,,,5609,,,,0.0,,0.0,,0.0
,,,0.48828125,,0.9921875,,,,,,,,,,,1.0,1.0,,,,,5610,,,,0.0,,0.0,,0.0
,,,0.4960629940032959,,1.0,,,,,,,,,,,1.0,1.0,,,,,5611,,,,0.0,,0.0,,0.0
60,0.1372799575328827,0.1469368189573288,,0.6228297352790833,,,,,,,,,,,,,,67.93346405029297,198095.796875,4.218528747558594,460.9680480957031,13480,,,0.0,,0.0,,0.0,
60,,,,,,1.5144442319869995,,-17.734493255615234,,8.700032234191895,,,,,,,,,,,,13480,2.426945447921753,,,,,,,
,,,,,,,,,,,,,,0.0001581037805258877,0.03,,,,,,,13499,,,,,,,,
61,,,,,,,1.4975826740264893,,-17.716156005859375,,8.0859375,0.0001580729294801131,0.029999999329447746,,,1.0,1.0,,,,,13499,,2.4983959197998047,,,,,,
,,,,,,,,,,,,,,0.00015656262524001158,0.03,,,,,,,13549,,,,,,,,
61,,,,,,,1.5006256103515625,,-17.74366569519043,,8.1875,0.00015653182344976813,0.029999999329447746,,,1.0,1.0,,,,,13549,,2.319098472595215,,,,,,
,,,,,,,,,,,,,,0.0001550241915682337,0.03,,,,,,,13599,,,,,,,,
61,,,,,,,1.5158107280731201,,-17.72848892211914,,8.8828125,0.0001549934531794861,0.029999999329447746,,,1.0,1.0,,,,,13599,,2.482243061065674,,,,,,
,,,,,,,,,,,,,,0.0001534885754609361,0.03,,,,,,,13649,,,,,,,,
61,,,,,,,1.5135923624038696,,-17.74863624572754,,8.5546875,0.00015345789142884314,0.029999999329447746,,,1.0,1.0,,,,,13649,,2.5508651733398438,,,,,,
,,,,,,,,,,,,,,0.0001519558726927723,0.03,,,,,,,13699,,,,,,,,
61,,,,,,,1.5198469161987305,,-17.74517059326172,,8.796875,0.0001519252546131611,0.029999999329447746,,,1.0,1.0,,,,,13699,,2.3157806396484375,,,,,,
,,,0.0,,0.4765625,,,,,,,,,,,1.0,1.0,,,,,5612,,,,0.0,,0.0,,0.0
,,,0.0,,0.375,,,,,,,,,,,1.0,1.0,,,,,5613,,,,0.0,,0.0,,0.0
,,,0.0,,0.4869820475578308,,,,,,,,,,,1.0,1.0,,,,,5614,,,,0.0,,0.0,,0.0
,,,0.0,,0.375,,,,,,,,,,,1.0,1.0,,,,,5615,,,,0.0,,0.0,,0.0
,,,0.0,,0.3984375,,,,,,,,,,,1.0,1.0,,,,,5616,,,,0.0,,0.0,,0.0
,,,0.0,,0.6698718070983887,,,,,,,,,,,1.0,1.0,,,,,5617,,,,0.0,,0.0,,0.0
,,,0.0,,0.7265625,,,,,,,,,,,1.0,1.0,,,,,5618,,,,0.0,,0.0,,0.0
,,,0.0,,0.640625,,,,,,,,,,,1.0,1.0,,,,,5619,,,,0.0,,0.0,,0.0
,,,0.0,,0.8168953657150269,,,,,,,,,,,1.0,1.0,,,,,5620,,,,0.0,,0.0,,0.0
,,,0.0015625000232830644,,0.953125,,,,,,,,,,,1.0,1.0,,,,,5621,,,,0.0,,0.0,,0.0
,,,0.004464285913854837,,0.9296875,,,,,,,,,,,1.0,1.0,,,,,5622,,,,0.0,,0.0,,0.0
,,,0.0052083334885537624,,0.9140625,,,,,,,,,,,1.0,1.0,,,,,5623,,,,0.0,,0.0,,0.0
,,,0.10704761743545532,,0.7173333168029785,,,,,,,,,,,1.0,1.0,,,,,5624,,,,0.0,,0.0,,0.0
,,,0.0677083358168602,,0.75,,,,,,,,,,,1.0,1.0,,,,,5625,,,,0.0,,0.0,,0.0
,,,0.0598958320915699,,0.734375,,,,,,,,,,,1.0,1.0,,,,,5626,,,,0.0,,0.0,,0.0
,,,0.06666667014360428,,0.2777777910232544,,,,,,,,,,,1.0,1.0,,,,,5627,,,,0.0,,0.0,,0.0
,,,0.0,,0.0,,,,,,,,,,,1.0,1.0,,,,,5628,,,,0.0,,0.0,,0.0
,,,0.0,,0.0,,,,,,,,,,,1.0,1.0,,,,,5629,,,,0.0,,0.0,,0.0
,,,0.03741496801376343,,0.5,,,,,,,,,,,1.0,1.0,,,,,5630,,,,0.0,,0.0,,0.0
,,,0.03515625,,0.9921875,,,,,,,,,,,1.0,1.0,,,,,5631,,,,0.0,,0.0,,0.0
,,,0.044921875,,0.9921875,,,,,,,,,,,1.0,1.0,,,,,5632,,,,0.0,,0.0,,0.0
,,,0.043254461139440536,,0.8835616111755371,,,,,,,,,,,1.0,1.0,,,,,5633,,,,0.0,,0.0,,0.0
,,,0.02656250074505806,,0.7578125,,,,,,,,,,,1.0,1.0,,,,,5634,,,,0.0,,0.0,,0.0
,,,0.0234375,,0.7421875,,,,,,,,,,,1.0,1.0,,,,,5635,,,,0.0,,0.0,,0.0
,,,0.029162563383579254,,0.6256157755851746,,,,,,,,,,,1.0,1.0,,,,,5636,,,,0.0,,0.0,,0.0
,,,0.0013020833721384406,,0.4375,,,,,,,,,,,1.0,1.0,,,,,5637,,,,0.0,,0.0,,0.0
,,,0.0,,0.4375,,,,,,,,,,,1.0,1.0,,,,,5638,,,,0.0,,0.0,,0.0
,,,0.23446540534496307,,0.7333333492279053,,,,,,,,,,,1.0,1.0,,,,,5639,,,,0.0,,0.0,,0.0
,,,0.228515625,,1.0,,,,,,,,,,,1.0,1.0,,,,,5640,,,,0.0,,0.0,,0.0
,,,0.296875,,0.9921875,,,,,,,,,,,1.0,1.0,,,,,5641,,,,0.0,,0.0,,0.0
,,,0.14705882966518402,,0.7209302186965942,,,,,,,,,,,1.0,1.0,,,,,5642,,,,0.0,,0.0,,0.0
,,,0.0,,0.453125,,,,,,,,,,,1.0,1.0,,,,,5643,,,,0.0,,0.0,,0.0
,,,0.0015625000232830644,,0.4296875,,,,,,,,,,,1.0,1.0,,,,,5644,,,,0.0,,0.0,,0.0
,,,0.0021551724057644606,,0.44261085987091064,,,,,,,,,,,1.0,1.0,,,,,5645,,,,0.0,,0.0,,0.0
,,,0.0,,0.4375,,,,,,,,,,,1.0,1.0,,,,,5646,,,,0.0,,0.0,,0.0
,,,0.0,,0.4375,,,,,,,,,,,1.0,1.0,,,,,5647,,,,0.0,,0.0,,0.0
,,,0.0,,0.586249053478241,,,,,,,,,,,1.0,1.0,,,,,5648,,,,0.0,,0.0,,0.0
,,,0.0,,0.6796875,,,,,,,,,,,1.0,1.0,,,,,5649,,,,0.0,,0.0,,0.0
,,,0.0,,0.6875,,,,,,,,,,,1.0,1.0,,,,,5650,,,,0.0,,0.0,,0.0
,,,0.002197802299633622,,0.8179486989974976,,,,,,,,,,,1.0,1.0,,,,,5651,,,,0.0,,0.0,,0.0
,,,0.0031250000465661287,,0.9140625,,,,,,,,,,,1.0,1.0,,,,,5652,,,,0.0,,0.0,,0.0
,,,0.0062500000931322575,,0.9609375,,,,,,,,,,,1.0,1.0,,,,,5653,,,,0.0,,0.0,,0.0
,,,0.06439393758773804,,0.8556817770004272,,,,,,,,,,,1.0,1.0,,,,,5654,,,,0.0,,0.0,,0.0
,,,0.0580357126891613,,0.7578125,,,,,,,,,,,1.0,1.0,,,,,5655,,,,0.0,,0.0,,0.0
,,,0.0651041641831398,,0.78125,,,,,,,,,,,1.0,1.0,,,,,5656,,,,0.0,,0.0,,0.0
,,,0.050151973962783813,,0.3617021143436432,,,,,,,,,,,1.0,1.0,,,,,5657,,,,0.0,,0.0,,0.0
,,,0.0,,0.0,,,,,,,,,,,1.0,1.0,,,,,5658,,,,0.0,,0.0,,0.0
,,,0.0,,0.0,,,,,,,,,,,1.0,1.0,,,,,5659,,,,0.0,,0.0,,0.0
,,,0.0,,0.0,,,,,,,,,,,1.0,1.0,,,,,5660,,,,0.0,,0.0,,0.0
,,,0.044619422405958176,,0.5,,,,,,,,,,,1.0,1.0,,,,,5661,,,,0.0,,0.0,,0.0
,,,0.06640625,,0.984375,,,,,,,,,,,1.0,1.0,,,,,5662,,,,0.0,,0.0,,0.0
,,,0.060546875,,0.9921875,,,,,,,,,,,1.0,1.0,,,,,5663,,,,0.0,,0.0,,0.0
,,,0.052203066647052765,,0.8793103694915771,,,,,,,,,,,1.0,1.0,,,,,5664,,,,0.0,,0.0,,0.0
,,,0.01718750037252903,,0.7421875,,,,,,,,,,,1.0,1.0,,,,,5665,,,,0.0,,0.0,,0.0
,,,0.014322916977107525,,0.7421875,,,,,,,,,,,1.0,1.0,,,,,5666,,,,0.0,,0.0,,0.0
,,,0.006172839552164078,,0.5993766188621521,,,,,,,,,,,1.0,1.0,,,,,5667,,,,0.0,,0.0,,0.0
,,,0.0,,0.4375,,,,,,,,,,,1.0,1.0,,,,,5668,,,,0.0,,0.0,,0.0
,,,0.0013020833721384406,,0.4453125,,,,,,,,,,,1.0,1.0,,,,,5669,,,,0.0,,0.0,,0.0
,,,0.17916665971279144,,0.734375,,,,,,,,,,,1.0,1.0,,,,,5670,,,,0.0,,0.0,,0.0
,,,0.228515625,,0.9921875,,,,,,,,,,,1.0,1.0,,,,,5671,,,,0.0,,0.0,,0.0
,,,0.224609375,,1.0,,,,,,,,,,,1.0,1.0,,,,,5672,,,,0.0,,0.0,,0.0
,,,0.1547618955373764,,0.7441860437393188,,,,,,,,,,,1.0,1.0,,,,,5673,,,,0.0,,0.0,,0.0
,,,0.0,,0.484375,,,,,,,,,,,1.0,1.0,,,,,5674,,,,0.0,,0.0,,0.0
,,,0.0,,0.4140625,,,,,,,,,,,1.0,1.0,,,,,5675,,,,0.0,,0.0,,0.0
,,,0.0,,0.3545722961425781,,,,,,,,,,,1.0,1.0,,,,,5676,,,,0.0,,0.0,,0.0
,,,0.0,,0.421875,,,,,,,,,,,1.0,1.0,,,,,5677,,,,0.0,,0.0,,0.0
,,,0.0,,0.4765625,,,,,,,,,,,1.0,1.0,,,,,5678,,,,0.0,,0.0,,0.0
,,,0.0,,0.5909091234207153,,,,,,,,,,,1.0,1.0,,,,,5679,,,,0.0,,0.0,,0.0
,,,0.0,,0.625,,,,,,,,,,,1.0,1.0,,,,,5680,,,,0.0,,0.0,,0.0
,,,0.0,,0.703125,,,,,,,,,,,1.0,1.0,,,,,5681,,,,0.0,,0.0,,0.0
,,,0.0,,0.8037036657333374,,,,,,,,,,,1.0,1.0,,,,,5682,,,,0.0,,0.0,,0.0
,,,0.0013020833721384406,,0.9453125,,,,,,,,,,,1.0,1.0,,,,,5683,,,,0.0,,0.0,,0.0
,,,0.0062500000931322575,,0.90625,,,,,,,,,,,1.0,1.0,,,,,5684,,,,0.0,,0.0,,0.0
,,,0.06996876746416092,,0.8925033807754517,,,,,,,,,,,1.0,1.0,,,,,5685,,,,0.0,,0.0,,0.0
,,,0.08437500149011612,,0.765625,,,,,,,,,,,1.0,1.0,,,,,5686,,,,0.0,,0.0,,0.0
,,,0.07187499850988388,,0.78125,,,,,,,,,,,1.0,1.0,,,,,5687,,,,0.0,,0.0,,0.0
,,,0.0476190485060215,,0.3333333432674408,,,,,,,,,,,1.0,1.0,,,,,5688,,,,0.0,,0.0,,0.0
,,,0.0,,0.0,,,,,,,,,,,1.0,1.0,,,,,5689,,,,0.0,,0.0,,0.0
,,,0.0,,0.0,,,,,,,,,,,1.0,1.0,,,,,5690,,,,0.0,,0.0,,0.0
,,,0.0634920671582222,,0.5,,,,,,,,,,,1.0,1.0,,,,,5691,,,,0.0,,0.0,,0.0
,,,0.04374999925494194,,0.9921875,,,,,,,,,,,1.0,1.0,,,,,5692,,,,0.0,,0.0,,0.0
,,,0.05312500149011612,,0.984375,,,,,,,,,,,1.0,1.0,,,,,5693,,,,0.0,,0.0,,0.0
,,,0.043177030980587006,,0.962587296962738,,,,,,,,,,,1.0,1.0,,,,,5694,,,,0.0,,0.0,,0.0
,,,0.01897321455180645,,0.75,,,,,,,,,,,1.0,1.0,,,,,5695,,,,0.0,,0.0,,0.0
,,,0.01875000074505806,,0.75,,,,,,,,,,,1.0,1.0,,,,,5696,,,,0.0,,0.0,,0.0
,,,0.01636904664337635,,0.5491071343421936,,,,,,,,,,,1.0,1.0,,,,,5697,,,,0.0,,0.0,,0.0
,,,0.0026041667442768812,,0.484375,,,,,,,,,,,1.0,1.0,,,,,5698,,,,0.0,,0.0,,0.0
,,,0.0,,0.453125,,,,,,,,,,,1.0,1.0,,,,,5699,,,,0.0,,0.0,,0.0
,,,0.18352758884429932,,0.7179487347602844,,,,,,,,,,,1.0,1.0,,,,,5700,,,,0.0,,0.0,,0.0
,,,0.1484375,,1.0,,,,,,,,,,,1.0,1.0,,,,,5701,,,,0.0,,0.0,,0.0
,,,0.296875,,0.9921875,,,,,,,,,,,1.0,1.0,,,,,5702,,,,0.0,,0.0,,0.0
,,,0.30446192622184753,,1.0,,,,,,,,,,,1.0,1.0,,,,,5703,,,,0.0,,0.0,,0.0
61,0.13569459319114685,0.16597041487693787,,0.6450216174125671,,,,,,,,,,,,,,60.51945495605469,259934.921875,4.102964878082275,475.38433837890625,13701,,,0.0,,0.0,,0.0,
61,,,,,,1.5109121799468994,,-17.7340087890625,,8.58660888671875,,,,,,,,,,,,13701,2.465158700942993,,,,,,,
,,,,,,,,,,,,,,0.000150426178856694,0.03,,,,,,,13749,,,,,,,,
62,,,,,,,1.5073347091674805,,-17.74492645263672,,8.3046875,0.00015039561549201608,0.029999999329447746,,,1.0,1.0,,,,,13749,,2.59445858001709,,,,,,
,,,,,,,,,,,,,,0.0001488995893579893,0.03,,,,,,,13799,,,,,,,,
62,,,,,,,1.4972469806671143,,-17.742984771728516,,7.91015625,0.00014886909048072994,0.029999999329447746,,,1.0,1.0,,,,,13799,,2.664825439453125,,,,,,
,,,,,,,,,,,,,,0.00014737619940833222,0.03,,,,,,,13849,,,,,,,,
62,,,,,,,1.5139806270599365,,-17.752790451049805,,8.625,0.00014734576689079404,0.029999999329447746,,,1.0,1.0,,,,,13849,,2.3508620262145996,,,,,,
,,,,,,,,,,,,,,0.00014585610401984458,0.03,,,,,,,13899,,,,,,,,
62,,,,,,,1.4912464618682861,,-17.704938888549805,,7.9921875,0.00014582573203369975,0.029999999329447746,,,1.0,1.0,,,,,13899,,2.3154468536376953,,,,,,
,,,0.0792410746216774,,1.0,,,,,,,,,,,1.0,1.0,,,,,5704,,,,0.0,,0.0,,0.0
,,,0.0892857164144516,,0.9609375,,,,,,,,,,,1.0,1.0,,,,,5705,,,,0.0,,0.0,,0.0
,,,0.10891088843345642,,0.5271360278129578,,,,,,,,,,,1.0,1.0,,,,,5706,,,,0.0,,0.0,,0.0
,,,0.0,,0.09375,,,,,,,,,,,1.0,1.0,,,,,5707,,,,0.0,,0.0,,0.0
,,,0.0,,0.0546875,,,,,,,,,,,1.0,1.0,,,,,5708,,,,0.0,,0.0,,0.0
,,,0.046875,,0.5240384340286255,,,,,,,,,,,1.0,1.0,,,,,5709,,,,0.0,,0.0,,0.0
,,,0.03515625,,0.9609375,,,,,,,,,,,1.0,1.0,,,,,5710,,,,0.0,,0.0,,0.0
,,,0.02790178544819355,,0.9609375,,,,,,,,,,,1.0,1.0,,,,,5711,,,,0.0,,0.0,,0.0
,,,0.03537735715508461,,0.6355060338973999,,,,,,,,,,,1.0,1.0,,,,,5712,,,,0.0,,0.0,,0.0
,,,0.0011160714784637094,,0.234375,,,,,,,,,,,1.0,1.0,,,,,5713,,,,0.0,,0.0,,0.0
,,,0.0008680555620230734,,0.265625,,,,,,,,,,,1.0,1.0,,,,,5714,,,,0.0,,0.0,,0.0
,,,0.0,,0.2265625,,,,,,,,,,,1.0,1.0,,,,,5715,,,,0.0,,0.0,,0.0
,,,0.0617142878472805,,0.5146666765213013,,,,,,,,,,,1.0,1.0,,,,,5716,,,,0.0,,0.0,,0.0
,,,0.0380859375,,0.6484375,,,,,,,,,,,1.0,1.0,,,,,5717,,,,0.0,,0.0,,0.0
,,,0.0625,,0.65625,,,,,,,,,,,1.0,1.0,,,,,5718,,,,0.0,,0.0,,0.0
,,,0.014405762776732445,,0.7408963441848755,,,,,,,,,,,1.0,1.0,,,,,5719,,,,0.0,,0.0,,0.0
,,,0.0078125,,0.890625,,,,,,,,,,,1.0,1.0,,,,,5720,,,,0.0,,0.0,,0.0
,,,0.013392857275903225,,0.859375,,,,,,,,,,,1.0,1.0,,,,,5721,,,,0.0,,0.0,,0.0
,,,0.026109308004379272,,0.8479437232017517,,,,,,,,,,,1.0,1.0,,,,,5722,,,,0.0,,0.0,,0.0
,,,0.0167410708963871,,0.84375,,,,,,,,,,,1.0,1.0,,,,,5723,,,,0.0,,0.0,,0.0
,,,0.0167410708963871,,0.828125,,,,,,,,,,,1.0,1.0,,,,,5724,,,,0.0,,0.0,,0.0
,,,0.009682441130280495,,0.6099626421928406,,,,,,,,,,,1.0,1.0,,,,,5725,,,,0.0,,0.0,,0.0
,,,0.001953125,,0.28125,,,,,,,,,,,1.0,1.0,,,,,5726,,,,0.0,,0.0,,0.0
,,,0.0029296875,,0.25,,,,,,,,,,,1.0,1.0,,,,,5727,,,,0.0,,0.0,,0.0
,,,0.007512315176427364,,0.3972906470298767,,,,,,,,,,,1.0,1.0,,,,,5728,,,,0.0,,0.0,,0.0
,,,0.0048828125,,0.671875,,,,,,,,,,,1.0,1.0,,,,,5729,,,,0.0,,0.0,,0.0
,,,0.0078125,,0.609375,,,,,,,,,,,1.0,1.0,,,,,5730,,,,0.0,,0.0,,0.0
,,,0.08118598163127899,,0.8250313997268677,,,,,,,,,,,1.0,1.0,,,,,5731,,,,0.0,,0.0,,0.0
,,,0.0716145858168602,,0.9609375,,,,,,,,,,,1.0,1.0,,,,,5732,,,,0.0,,0.0,,0.0
,,,0.0625,,0.8828125,,,,,,,,,,,1.0,1.0,,,,,5733,,,,0.0,,0.0,,0.0
,,,0.13885089755058289,,0.9941176176071167,,,,,,,,,,,1.0,1.0,,,,,5734,,,,0.0,,0.0,,0.0
,,,0.078125,,0.9765625,,,,,,,,,,,1.0,1.0,,,,,5735,,,,0.0,,0.0,,0.0
,,,0.0859375,,0.9765625,,,,,,,,,,,1.0,1.0,,,,,5736,,,,0.0,,0.0,,0.0
,,,0.061302680522203445,,0.5285714268684387,,,,,,,,,,,1.0,1.0,,,,,5737,,,,0.0,,0.0,,0.0
,,,0.0,,0.0390625,,,,,,,,,,,1.0,1.0,,,,,5738,,,,0.0,,0.0,,0.0
,,,0.0,,0.0546875,,,,,,,,,,,1.0,1.0,,,,,5739,,,,0.0,,0.0,,0.0
,,,0.03731343150138855,,0.5007340312004089,,,,,,,,,,,1.0,1.0,,,,,5740,,,,0.0,,0.0,,0.0
,,,0.0263671875,,0.9765625,,,,,,,,,,,1.0,1.0,,,,,5741,,,,0.0,,0.0,,0.0
,,,0.02790178544819355,,0.9609375,,,,,,,,,,,1.0,1.0,,,,,5742,,,,0.0,,0.0,,0.0
,,,0.02380952425301075,,0.6225885152816772,,,,,,,,,,,1.0,1.0,,,,,5743,,,,0.0,,0.0,,0.0
,,,0.0008680555620230734,,0.2734375,,,,,,,,,,,1.0,1.0,,,,,5744,,,,0.0,,0.0,,0.0
,,,0.0,,0.28125,,,,,,,,,,,1.0,1.0,,,,,5745,,,,0.0,,0.0,,0.0
,,,0.04374999925494194,,0.4488636255264282,,,,,,,,,,,1.0,1.0,,,,,5746,,,,0.0,,0.0,,0.0
,,,0.0558035708963871,,0.671875,,,,,,,,,,,1.0,1.0,,,,,5747,,,,0.0,,0.0,,0.0
,,,0.044921875,,0.6328125,,,,,,,,,,,1.0,1.0,,,,,5748,,,,0.0,,0.0,,0.0
,,,0.05491238832473755,,0.7762828469276428,,,,,,,,,,,1.0,1.0,,,,,5749,,,,0.0,,0.0,,0.0
,,,0.014322916977107525,,0.8359375,,,,,,,,,,,1.0,1.0,,,,,5750,,,,0.0,,0.0,,0.0
,,,0.01215277798473835,,0.8515625,,,,,,,,,,,1.0,1.0,,,,,5751,,,,0.0,,0.0,,0.0
,,,0.008928571827709675,,0.84375,,,,,,,,,,,1.0,1.0,,,,,5752,,,,0.0,,0.0,,0.0
,,,0.01706036739051342,,0.921259880065918,,,,,,,,,,,1.0,1.0,,,,,5753,,,,0.0,,0.0,,0.0
,,,0.01171875,,0.8984375,,,,,,,,,,,1.0,1.0,,,,,5754,,,,0.0,,0.0,,0.0
,,,0.013392857275903225,,0.8046875,,,,,,,,,,,1.0,1.0,,,,,5755,,,,0.0,,0.0,,0.0
,,,0.012571839615702629,,0.5804597735404968,,,,,,,,,,,1.0,1.0,,,,,5756,,,,0.0,,0.0,,0.0
,,,0.0009765625,,0.2890625,,,,,,,,,,,1.0,1.0,,,,,5757,,,,0.0,,0.0,,0.0
,,,0.001953125,,0.28125,,,,,,,,,,,1.0,1.0,,,,,5758,,,,0.0,,0.0,,0.0
,,,0.012972130440175533,,0.4217088222503662,,,,,,,,,,,1.0,1.0,,,,,5759,,,,0.0,,0.0,,0.0
,,,0.0029296875,,0.71875,,,,,,,,,,,1.0,1.0,,,,,5760,,,,0.0,,0.0,,0.0
,,,0.005580357275903225,,0.671875,,,,,,,,,,,1.0,1.0,,,,,5761,,,,0.0,,0.0,,0.0
,,,0.0669642835855484,,0.7708333730697632,,,,,,,,,,,1.0,1.0,,,,,5762,,,,0.0,,0.0,,0.0
,,,0.0634765625,,0.90625,,,,,,,,,,,1.0,1.0,,,,,5763,,,,0.0,,0.0,,0.0
,,,0.0859375,,0.9296875,,,,,,,,,,,1.0,1.0,,,,,5764,,,,0.0,,0.0,,0.0
,,,0.14752411842346191,,0.9523809552192688,,,,,,,,,,,1.0,1.0,,,,,5765,,,,0.0,,0.0,,0.0
,,,0.0803571417927742,,0.9765625,,,,,,,,,,,1.0,1.0,,,,,5766,,,,0.0,,0.0,,0.0
,,,0.0870535746216774,,0.9765625,,,,,,,,,,,1.0,1.0,,,,,5767,,,,0.0,,0.0,,0.0
,,,0.07500000298023224,,0.5353982448577881,,,,,,,,,,,1.0,1.0,,,,,5768,,,,0.0,,0.0,,0.0
,,,0.0,,0.046875,,,,,,,,,,,1.0,1.0,,,,,5769,,,,0.0,,0.0,,0.0
,,,0.0,,0.046875,,,,,,,,,,,1.0,1.0,,,,,5770,,,,0.0,,0.0,,0.0
,,,0.028409091755747795,,0.5141414403915405,,,,,,,,,,,1.0,1.0,,,,,5771,,,,0.0,,0.0,,0.0
,,,0.0301339291036129,,0.96875,,,,,,,,,,,1.0,1.0,,,,,5772,,,,0.0,,0.0,,0.0
,,,0.0345982126891613,,0.9609375,,,,,,,,,,,1.0,1.0,,,,,5773,,,,0.0,,0.0,,0.0
,,,0.032407406717538834,,0.604629635810852,,,,,,,,,,,1.0,1.0,,,,,5774,,,,0.0,,0.0,,0.0
,,,0.0,,0.25,,,,,,,,,,,1.0,1.0,,,,,5775,,,,0.0,,0.0,,0.0
,,,0.0008680555620230734,,0.28125,,,,,,,,,,,1.0,1.0,,,,,5776,,,,0.0,,0.0,,0.0
,,,0.04551539570093155,,0.5170013308525085,,,,,,,,,,,1.0,1.0,,,,,5777,,,,0.0,,0.0,,0.0
,,,0.048828125,,0.6796875,,,,,,,,,,,1.0,1.0,,,,,5778,,,,0.0,,0.0,,0.0
,,,0.0479910708963871,,0.6484375,,,,,,,,,,,1.0,1.0,,,,,5779,,,,0.0,,0.0,,0.0
,,,0.05790043622255325,,0.7422969341278076,,,,,,,,,,,1.0,1.0,,,,,5780,,,,0.0,,0.0,,0.0
,,,0.0126953125,,0.828125,,,,,,,,,,,1.0,1.0,,,,,5781,,,,0.0,,0.0,,0.0
,,,0.010044642724096775,,0.8828125,,,,,,,,,,,1.0,1.0,,,,,5782,,,,0.0,,0.0,,0.0
,,,0.03021673858165741,,0.8590807914733887,,,,,,,,,,,1.0,1.0,,,,,5783,,,,0.0,,0.0,,0.0
,,,0.01171875,,0.828125,,,,,,,,,,,1.0,1.0,,,,,5784,,,,0.0,,0.0,,0.0
,,,0.02008928544819355,,0.8984375,,,,,,,,,,,1.0,1.0,,,,,5785,,,,0.0,,0.0,,0.0
,,,0.01966245472431183,,0.5104755163192749,,,,,,,,,,,1.0,1.0,,,,,5786,,,,0.0,,0.0,,0.0
,,,0.0,,0.2734375,,,,,,,,,,,1.0,1.0,,,,,5787,,,,0.0,,0.0,,0.0
,,,0.001953125,,0.2734375,,,,,,,,,,,1.0,1.0,,,,,5788,,,,0.0,,0.0,,0.0
,,,0.008928571827709675,,0.4910714328289032,,,,,,,,,,,1.0,1.0,,,,,5789,,,,0.0,,0.0,,0.0
,,,0.00390625,,0.625,,,,,,,,,,,1.0,1.0,,,,,5790,,,,0.0,,0.0,,0.0
,,,0.0078125,,0.6328125,,,,,,,,,,,1.0,1.0,,,,,5791,,,,0.0,,0.0,,0.0
,,,0.09457208961248398,,0.8290598392486572,,,,,,,,,,,1.0,1.0,,,,,5792,,,,0.0,,0.0,,0.0
,,,0.0846354141831398,,0.9375,,,,,,,,,,,1.0,1.0,,,,,5793,,,,0.0,,0.0,,0.0
,,,0.0680803582072258,,0.8671875,,,,,,,,,,,1.0,1.0,,,,,5794,,,,0.0,,0.0,,0.0
,,,0.08398950099945068,,0.9527559280395508,,,,,,,,,,,1.0,1.0,,,,,5795,,,,0.0,,0.0,,0.0
62,0.1400374174118042,0.19302409887313843,,0.6482575535774231,,,,,,,,,,,,,,62.46332931518555,256181.859375,4.134579658508301,473.41668701171875,13922,,,0.0,,0.0,,0.0,
62,,,,,,1.513533353805542,,-17.746564865112305,,8.63655948638916,,,,,,,,,,,,13922,2.52150559425354,,,,,,,
,,,,,,,,,,,,,,0.00014433939799917,0.03,,,,,,,13949,,,,,,,,
63,,,,,,,1.5215564966201782,,-17.758333206176758,,8.9296875,0.0001443091023247689,0.029999999329447746,,,1.0,1.0,,,,,13949,,2.393507957458496,,,,,,
,,,,,,,,,,,,,,0.00014282617594156126,0.03,,,,,,,13999,,,,,,,,
63,,,,,,,1.5085420608520508,,-17.740787506103516,,8.7265625,0.00014279595052357763,0.029999999329447746,,,1.0,1.0,,,,,13999,,2.695059299468994,,,,,,
,,,,,,,,,,,,,,0.00014131653222497977,0.03,,,,,,,14049,,,,,,,,
63,,,,,,,1.52890145778656,,-17.751108169555664,,9.171875,0.00014128637849353254,0.029999999329447746,,,1.0,1.0,,,,,14049,,2.3631865978240967,,,,,,
,,,,,,,,,,,,,,0.0001398105610042104,0.03,,,,,,,14099,,,,,,,,
63,,,,,,,1.5300805568695068,,-17.734838485717773,,9.3984375,0.000139780473546125,0.029999999329447746,,,1.0,1.0,,,,,14099,,2.7103238105773926,,,,,,
,,,0.014322916977107525,,0.9296875,,,,,,,,,,,1.0,1.0,,,,,5796,,,,0.0,,0.0,,0.0
,,,0.014508928172290325,,0.921875,,,,,,,,,,,1.0,1.0,,,,,5797,,,,0.0,,0.0,,0.0
,,,0.11467336863279343,,0.9702970385551453,,,,,,,,,,,1.0,1.0,,,,,5798,,,,0.0,,0.0,,0.0
,,,0.09375,,0.9921875,,,,,,,,,,,1.0,1.0,,,,,5799,,,,0.0,,0.0,,0.0
,,,0.0924479141831398,,1.0,,,,,,,,,,,1.0,1.0,,,,,5800,,,,0.0,,0.0,,0.0
,,,0.16282051801681519,,0.995192289352417,,,,,,,,,,,1.0,1.0,,,,,5801,,,,0.0,,0.0,,0.0
,,,0.0390625,,1.0,,,,,,,,,,,1.0,1.0,,,,,5802,,,,0.0,,0.0,,0.0
,,,0.03515625,,1.0,,,,,,,,,,,1.0,1.0,,,,,5803,,,,0.0,,0.0,,0.0
,,,0.03369272127747536,,0.5407375693321228,,,,,,,,,,,1.0,1.0,,,,,5804,,,,0.0,,0.0,,0.0
,,,0.0,,0.0625,,,,,,,,,,,1.0,1.0,,,,,5805,,,,0.0,,0.0,,0.0
,,,0.0,,0.0390625,,,,,,,,,,,1.0,1.0,,,,,5806,,,,0.0,,0.0,,0.0
,,,0.0,,0.0390625,,,,,,,,,,,1.0,1.0,,,,,5807,,,,0.0,,0.0,,0.0
,,,0.01899999938905239,,0.17599999904632568,,,,,,,,,,,1.0,1.0,,,,,5808,,,,0.0,,0.0,,0.0
,,,0.01785714365541935,,0.3203125,,,,,,,,,,,1.0,1.0,,,,,5809,,,,0.0,,0.0,,0.0
,,,0.02008928544819355,,0.375,,,,,,,,,,,1.0,1.0,,,,,5810,,,,0.0,,0.0,,0.0
,,,0.013888888992369175,,0.25070029497146606,,,,,,,,,,,1.0,1.0,,,,,5811,,,,0.0,,0.0,,0.0
,,,0.0,,0.1328125,,,,,,,,,,,1.0,1.0,,,,,5812,,,,0.0,,0.0,,0.0
,,,0.0,,0.1015625,,,,,,,,,,,1.0,1.0,,,,,5813,,,,0.0,,0.0,,0.0
,,,0.0,,0.09848485141992569,,,,,,,,,,,1.0,1.0,,,,,5814,,,,0.0,,0.0,,0.0
,,,0.0,,0.1484375,,,,,,,,,,,1.0,1.0,,,,,5815,,,,0.0,,0.0,,0.0
,,,0.0,,0.125,,,,,,,,,,,1.0,1.0,,,,,5816,,,,0.0,,0.0,,0.0
,,,0.030821917578577995,,0.4882938861846924,,,,,,,,,,,1.0,1.0,,,,,5817,,,,0.0,,0.0,,0.0
,,,0.0368303582072258,,0.8359375,,,,,,,,,,,1.0,1.0,,,,,5818,,,,0.0,,0.0,,0.0
,,,0.02678571455180645,,0.765625,,,,,,,,,,,1.0,1.0,,,,,5819,,,,0.0,,0.0,,0.0
,,,0.036382827907800674,,0.756403923034668,,,,,,,,,,,1.0,1.0,,,,,5820,,,,0.0,,0.0,,0.0
,,,0.0065104165114462376,,0.7421875,,,,,,,,,,,1.0,1.0,,,,,5821,,,,0.0,,0.0,,0.0
,,,0.0065104165114462376,,0.65625,,,,,,,,,,,1.0,1.0,,,,,5822,,,,0.0,,0.0,,0.0
,,,0.09341719001531601,,0.8144654035568237,,,,,,,,,,,1.0,1.0,,,,,5823,,,,0.0,,0.0,,0.0
,,,0.11093749850988388,,0.9609375,,,,,,,,,,,1.0,1.0,,,,,5824,,,,0.0,,0.0,,0.0
,,,0.0714285746216774,,0.9765625,,,,,,,,,,,1.0,1.0,,,,,5825,,,,0.0,,0.0,,0.0
,,,0.1271773874759674,,0.953351616859436,,,,,,,,,,,1.0,1.0,,,,,5826,,,,0.0,,0.0,,0.0
,,,0.01692708395421505,,0.9375,,,,,,,,,,,1.0,1.0,,,,,5827,,,,0.0,,0.0,,0.0
,,,0.014322916977107525,,0.9296875,,,,,,,,,,,1.0,1.0,,,,,5828,,,,0.0,,0.0,,0.0
,,,0.10506685078144073,,0.9741379022598267,,,,,,,,,,,1.0,1.0,,,,,5829,,,,0.0,,0.0,,0.0
,,,0.09843750298023224,,0.9765625,,,,,,,,,,,1.0,1.0,,,,,5830,,,,0.0,,0.0,,0.0
,,,0.10781250149011612,,1.0,,,,,,,,,,,1.0,1.0,,,,,5831,,,,0.0,,0.0,,0.0
,,,0.14401760697364807,,1.0,,,,,,,,,,,1.0,1.0,,,,,5832,,,,0.0,,0.0,,0.0
,,,0.0377604179084301,,1.0,,,,,,,,,,,1.0,1.0,,,,,5833,,,,0.0,,0.0,,0.0
,,,0.02120535634458065,,1.0,,,,,,,,,,,1.0,1.0,,,,,5834,,,,0.0,,0.0,,0.0
,,,0.03401360660791397,,0.5382173657417297,,,,,,,,,,,1.0,1.0,,,,,5835,,,,0.0,,0.0,,0.0
,,,0.0,,0.046875,,,,,,,,,,,1.0,1.0,,,,,5836,,,,0.0,,0.0,,0.0
,,,0.0,,0.03125,,,,,,,,,,,1.0,1.0,,,,,5837,,,,0.0,,0.0,,0.0
,,,0.01875000074505806,,0.24772727489471436,,,,,,,,,,,1.0,1.0,,,,,5838,,,,0.0,,0.0,,0.0
,,,0.02120535634458065,,0.3203125,,,,,,,,,,,1.0,1.0,,,,,5839,,,,0.0,,0.0,,0.0
,,,0.01116071455180645,,0.3515625,,,,,,,,,,,1.0,1.0,,,,,5840,,,,0.0,,0.0,,0.0
,,,0.007978723384439945,,0.2503128945827484,,,,,,,,,,,1.0,1.0,,,,,5841,,,,0.0,,0.0,,0.0
,,,0.0,,0.1328125,,,,,,,,,,,1.0,1.0,,,,,5842,,,,0.0,,0.0,,0.0
,,,0.0,,0.1171875,,,,,,,,,,,1.0,1.0,,,,,5843,,,,0.0,,0.0,,0.0
,,,0.0,,0.125,,,,,,,,,,,1.0,1.0,,,,,5844,,,,0.0,,0.0,,0.0
,,,0.0,,0.05118110403418541,,,,,,,,,,,1.0,1.0,,,,,5845,,,,0.0,,0.0,,0.0
,,,0.0,,0.1875,,,,,,,,,,,1.0,1.0,,,,,5846,,,,0.0,,0.0,,0.0
,,,0.0,,0.0859375,,,,,,,,,,,1.0,1.0,,,,,5847,,,,0.0,,0.0,,0.0
,,,0.027093594893813133,,0.4267241358757019,,,,,,,,,,,1.0,1.0,,,,,5848,,,,0.0,,0.0,,0.0
,,,0.0377604179084301,,0.7734375,,,,,,,,,,,1.0,1.0,,,,,5849,,,,0.0,,0.0,,0.0
,,,0.02678571455180645,,0.796875,,,,,,,,,,,1.0,1.0,,,,,5850,,,,0.0,,0.0,,0.0
,,,0.044109173119068146,,0.7552255392074585,,,,,,,,,,,1.0,1.0,,,,,5851,,,,0.0,,0.0,,0.0
,,,0.0065104165114462376,,0.7421875,,,,,,,,,,,1.0,1.0,,,,,5852,,,,0.0,,0.0,,0.0
,,,0.0078125,,0.6875,,,,,,,,,,,1.0,1.0,,,,,5853,,,,0.0,,0.0,,0.0
,,,0.0868055522441864,,0.828125,,,,,,,,,,,1.0,1.0,,,,,5854,,,,0.0,,0.0,,0.0
,,,0.0658482164144516,,0.953125,,,,,,,,,,,1.0,1.0,,,,,5855,,,,0.0,,0.0,,0.0
,,,0.1171875,,0.9765625,,,,,,,,,,,1.0,1.0,,,,,5856,,,,0.0,,0.0,,0.0
,,,0.0948425829410553,,0.9532115459442139,,,,,,,,,,,1.0,1.0,,,,,5857,,,,0.0,,0.0,,0.0
,,,0.014322916977107525,,0.9296875,,,,,,,,,,,1.0,1.0,,,,,5858,,,,0.0,,0.0,,0.0
,,,0.01785714365541935,,0.9375,,,,,,,,,,,1.0,1.0,,,,,5859,,,,0.0,,0.0,,0.0
,,,0.09744346141815186,,0.991150438785553,,,,,,,,,,,1.0,1.0,,,,,5860,,,,0.0,,0.0,,0.0
,,,0.10312499850988388,,0.984375,,,,,,,,,,,1.0,1.0,,,,,5861,,,,0.0,,0.0,,0.0
,,,0.10781250149011612,,1.0,,,,,,,,,,,1.0,1.0,,,,,5862,,,,0.0,,0.0,,0.0
,,,0.10868687182664871,,0.9722222089767456,,,,,,,,,,,1.0,1.0,,,,,5863,,,,0.0,,0.0,,0.0
,,,0.0338541679084301,,1.0,,,,,,,,,,,1.0,1.0,,,,,5864,,,,0.0,,0.0,,0.0
,,,0.03593749925494194,,0.9765625,,,,,,,,,,,1.0,1.0,,,,,5865,,,,0.0,,0.0,,0.0
,,,0.0357142873108387,,0.5416666865348816,,,,,,,,,,,1.0,1.0,,,,,5866,,,,0.0,,0.0,,0.0
,,,0.0,,0.015625,,,,,,,,,,,1.0,1.0,,,,,5867,,,,0.0,,0.0,,0.0
,,,0.0,,0.0625,,,,,,,,,,,1.0,1.0,,,,,5868,,,,0.0,,0.0,,0.0
,,,0.022590361535549164,,0.22101740539073944,,,,,,,,,,,1.0,1.0,,,,,5869,,,,0.0,,0.0,,0.0
,,,0.01785714365541935,,0.3125,,,,,,,,,,,1.0,1.0,,,,,5870,,,,0.0,,0.0,,0.0
,,,0.01227678544819355,,0.3828125,,,,,,,,,,,1.0,1.0,,,,,5871,,,,0.0,,0.0,,0.0
,,,0.0049019609577953815,,0.2414056658744812,,,,,,,,,,,1.0,1.0,,,,,5872,,,,0.0,,0.0,,0.0
,,,0.0,,0.1171875,,,,,,,,,,,1.0,1.0,,,,,5873,,,,0.0,,0.0,,0.0
,,,0.0,,0.1640625,,,,,,,,,,,1.0,1.0,,,,,5874,,,,0.0,,0.0,,0.0
,,,0.0,,0.11738649010658264,,,,,,,,,,,1.0,1.0,,,,,5875,,,,0.0,,0.0,,0.0
,,,0.0,,0.1328125,,,,,,,,,,,1.0,1.0,,,,,5876,,,,0.0,,0.0,,0.0
,,,0.0,,0.1484375,,,,,,,,,,,1.0,1.0,,,,,5877,,,,0.0,,0.0,,0.0
,,,0.02016128972172737,,0.5405719876289368,,,,,,,,,,,1.0,1.0,,,,,5878,,,,0.0,,0.0,,0.0
,,,0.02901785634458065,,0.7890625,,,,,,,,,,,1.0,1.0,,,,,5879,,,,0.0,,0.0,,0.0
,,,0.02864583395421505,,0.796875,,,,,,,,,,,1.0,1.0,,,,,5880,,,,0.0,,0.0,,0.0
,,,0.042091839015483856,,0.8526785373687744,,,,,,,,,,,1.0,1.0,,,,,5881,,,,0.0,,0.0,,0.0
,,,0.0065104165114462376,,0.6875,,,,,,,,,,,1.0,1.0,,,,,5882,,,,0.0,,0.0,,0.0
,,,0.00390625,,0.7109375,,,,,,,,,,,1.0,1.0,,,,,5883,,,,0.0,,0.0,,0.0
,,,0.08003108203411102,,0.8376068472862244,,,,,,,,,,,1.0,1.0,,,,,5884,,,,0.0,,0.0,,0.0
,,,0.0725446417927742,,0.96875,,,,,,,,,,,1.0,1.0,,,,,5885,,,,0.0,,0.0,,0.0
,,,0.0725446417927742,,0.9609375,,,,,,,,,,,1.0,1.0,,,,,5886,,,,0.0,,0.0,,0.0
,,,0.11181101948022842,,0.9685039520263672,,,,,,,,,,,1.0,1.0,,,,,5887,,,,0.0,,0.0,,0.0
63,0.14082784950733185,0.17342816293239594,,0.606397271156311,,,,,,,,,,,,,,60.34008026123047,377950.0625,4.099996566772461,474.94793701171875,14143,,,0.0,,0.0,,0.0,
63,,,,,,1.5093008279800415,,-17.748191833496094,,8.510022163391113,,,,,,,,,,,,14143,2.4710822105407715,,,,,,,
,,,,,,,,,,,,,,0.00013830835620498843,0.03,,,,,,,14149,,,,,,,,
64,,,,,,,1.5095481872558594,,-17.7490177154541,,8.4375,0.00013827835209667683,0.029999999329447746,,,1.0,1.0,,,,,14149,,2.5612850189208984,,,,,,
,,,,,,,,,,,,,,0.0001368100115181416,0.03,,,,,,,14199,,,,,,,,
64,,,,,,,1.5100716352462769,,-17.747337341308594,,8.1953125,0.00013678008690476418,0.029999999329447746,,,1.0,1.0,,,,,14199,,2.307351589202881,,,,,,
,,,,,,,,,,,,,,0.00013531562039374658,0.03,,,,,,,14249,,,,,,,,
64,,,,,,,1.4972624778747559,,-17.710180282592773,,7.890625,0.00013528577983379364,0.029999999329447746,,,1.0,1.0,,,,,14249,,2.8610658645629883,,,,,,
,,,,,,,,,,,,,,0.0001338252760353009,0.03,,,,,,,14299,,,,,,,,
64,,,,,,,1.5113316774368286,,-17.740211486816406,,8.359375,0.0001337955181952566,0.029999999329447746,,,1.0,1.0,,,,,14299,,2.408214569091797,,,,,,
,,,,,,,,,,,,,,0.00013233907139391002,0.03,,,,,,,14349,,,,,,,,
64,,,,,,,1.5242633819580078,,-17.738927841186523,,8.84375,0.0001323093893006444,0.029999999329447746,,,1.0,1.0,,,,,14349,,2.460855484008789,,,,,,
,,,0.01875000074505806,,0.8671875,,,,,,,,,,,1.0,1.0,,,,,5888,,,,0.0,,0.0,,0.0
,,,0.02083333395421505,,0.9296875,,,,,,,,,,,1.0,1.0,,,,,5889,,,,0.0,,0.0,,0.0
,,,0.011315417475998402,,0.45049506425857544,,,,,,,,,,,1.0,1.0,,,,,5890,,,,0.0,,0.0,,0.0
,,,0.0,,0.0,,,,,,,,,,,1.0,1.0,,,,,5891,,,,0.0,,0.0,,0.0
,,,0.0,,0.0,,,,,,,,,,,1.0,1.0,,,,,5892,,,,0.0,,0.0,,0.0
,,,0.0,,0.0,,,,,,,,,,,1.0,1.0,,,,,5893,,,,0.0,,0.0,,0.0
,,,0.0,,0.0859375,,,,,,,,,,,1.0,1.0,,,,,5894,,,,0.0,,0.0,,0.0
,,,0.0,,0.09375,,,,,,,,,,,1.0,1.0,,,,,5895,,,,0.0,,0.0,,0.0
,,,0.006493506487458944,,0.40994852781295776,,,,,,,,,,,1.0,1.0,,,,,5896,,,,0.0,,0.0,,0.0
,,,0.0013020833721384406,,0.765625,,,,,,,,,,,1.0,1.0,,,,,5897,,,,0.0,,0.0,,0.0
,,,0.0,,0.7890625,,,,,,,,,,,1.0,1.0,,,,,5898,,,,0.0,,0.0,,0.0
,,,0.0,,0.7578125,,,,,,,,,,,1.0,1.0,,,,,5899,,,,0.0,,0.0,,0.0
,,,0.052000001072883606,,0.765333354473114,,,,,,,,,,,1.0,1.0,,,,,5900,,,,0.0,,0.0,,0.0
,,,0.0442708320915699,,0.78125,,,,,,,,,,,1.0,1.0,,,,,5901,,,,0.0,,0.0,,0.0
,,,0.0533854179084301,,0.84375,,,,,,,,,,,1.0,1.0,,,,,5902,,,,0.0,,0.0,,0.0
,,,0.0476190485060215,,0.6073762774467468,,,,,,,,,,,1.0,1.0,,,,,5903,,,,0.0,,0.0,,0.0
,,,0.0022321429569274187,,0.453125,,,,,,,,,,,1.0,1.0,,,,,5904,,,,0.0,,0.0,,0.0
,,,0.0,,0.4140625,,,,,,,,,,,1.0,1.0,,,,,5905,,,,0.0,,0.0,,0.0
,,,0.0,,0.24512988328933716,,,,,,,,,,,1.0,1.0,,,,,5906,,,,0.0,,0.0,,0.0
,,,0.0,,0.0078125,,,,,,,,,,,1.0,1.0,,,,,5907,,,,0.0,,0.0,,0.0
,,,0.0,,0.0078125,,,,,,,,,,,1.0,1.0,,,,,5908,,,,0.0,,0.0,,0.0
,,,0.11872146278619766,,0.5022416114807129,,,,,,,,,,,1.0,1.0,,,,,5909,,,,0.0,,0.0,,0.0
,,,0.15937499701976776,,1.0,,,,,,,,,,,1.0,1.0,,,,,5910,,,,0.0,,0.0,,0.0
,,,0.12890625,,0.9921875,,,,,,,,,,,1.0,1.0,,,,,5911,,,,0.0,,0.0,,0.0
,,,0.21182265877723694,,0.982758641242981,,,,,,,,,,,1.0,1.0,,,,,5912,,,,0.0,,0.0,,0.0
,,,0.0638020858168602,,0.9609375,,,,,,,,,,,1.0,1.0,,,,,5913,,,,0.0,,0.0,,0.0
,,,0.06640625,,0.96875,,,,,,,,,,,1.0,1.0,,,,,5914,,,,0.0,,0.0,,0.0
,,,0.13771069049835205,,0.9394968748092651,,,,,,,,,,,1.0,1.0,,,,,5915,,,,0.0,,0.0,,0.0
,,,0.0546875,,0.9140625,,,,,,,,,,,1.0,1.0,,,,,5916,,,,0.0,,0.0,,0.0
,,,0.03515625,,0.8671875,,,,,,,,,,,1.0,1.0,,,,,5917,,,,0.0,,0.0,,0.0
,,,0.03288646042346954,,0.9181942939758301,,,,,,,,,,,1.0,1.0,,,,,5918,,,,0.0,,0.0,,0.0
,,,0.014322916977107525,,0.8515625,,,,,,,,,,,1.0,1.0,,,,,5919,,,,0.0,,0.0,,0.0
,,,0.0234375,,0.8984375,,,,,,,,,,,1.0,1.0,,,,,5920,,,,0.0,,0.0,,0.0
,,,0.008620689623057842,,0.43103447556495667,,,,,,,,,,,1.0,1.0,,,,,5921,,,,0.0,,0.0,,0.0
,,,0.0,,0.0,,,,,,,,,,,1.0,1.0,,,,,5922,,,,0.0,,0.0,,0.0
,,,0.0,,0.0,,,,,,,,,,,1.0,1.0,,,,,5923,,,,0.0,,0.0,,0.0
,,,0.0,,0.05970149114727974,,,,,,,,,,,1.0,1.0,,,,,5924,,,,0.0,,0.0,,0.0
,,,0.0,,0.078125,,,,,,,,,,,1.0,1.0,,,,,5925,,,,0.0,,0.0,,0.0
,,,0.0,,0.078125,,,,,,,,,,,1.0,1.0,,,,,5926,,,,0.0,,0.0,,0.0
,,,0.002197802299633622,,0.41611722111701965,,,,,,,,,,,1.0,1.0,,,,,5927,,,,0.0,,0.0,,0.0
,,,0.0,,0.734375,,,,,,,,,,,1.0,1.0,,,,,5928,,,,0.0,,0.0,,0.0
,,,0.0026041667442768812,,0.8359375,,,,,,,,,,,1.0,1.0,,,,,5929,,,,0.0,,0.0,,0.0
,,,0.05416666343808174,,0.8545454740524292,,,,,,,,,,,1.0,1.0,,,,,5930,,,,0.0,,0.0,,0.0
,,,0.0494791679084301,,0.828125,,,,,,,,,,,1.0,1.0,,,,,5931,,,,0.0,,0.0,,0.0
,,,0.05937499925494194,,0.796875,,,,,,,,,,,1.0,1.0,,,,,5932,,,,0.0,,0.0,,0.0
,,,0.04523511603474617,,0.6379849910736084,,,,,,,,,,,1.0,1.0,,,,,5933,,,,0.0,,0.0,,0.0
,,,0.0,,0.453125,,,,,,,,,,,1.0,1.0,,,,,5934,,,,0.0,,0.0,,0.0
,,,0.0011160714784637094,,0.4296875,,,,,,,,,,,1.0,1.0,,,,,5935,,,,0.0,,0.0,,0.0
,,,0.0,,0.4609375,,,,,,,,,,,1.0,1.0,,,,,5936,,,,0.0,,0.0,,0.0
,,,0.0,,0.5118110179901123,,,,,,,,,,,1.0,1.0,,,,,5937,,,,0.0,,0.0,,0.0
,,,0.0,,0.0390625,,,,,,,,,,,1.0,1.0,,,,,5938,,,,0.0,,0.0,,0.0
,,,0.0,,0.0234375,,,,,,,,,,,1.0,1.0,,,,,5939,,,,0.0,,0.0,,0.0
,,,0.12212643772363663,,0.5330460071563721,,,,,,,,,,,1.0,1.0,,,,,5940,,,,0.0,,0.0,,0.0
,,,0.1302083283662796,,1.0,,,,,,,,,,,1.0,1.0,,,,,5941,,,,0.0,,0.0,,0.0
,,,0.15625,,0.984375,,,,,,,,,,,1.0,1.0,,,,,5942,,,,0.0,,0.0,,0.0
,,,0.23080308735370636,,0.9814814925193787,,,,,,,,,,,1.0,1.0,,,,,5943,,,,0.0,,0.0,,0.0
,,,0.07500000298023224,,0.9921875,,,,,,,,,,,1.0,1.0,,,,,5944,,,,0.0,,0.0,,0.0
,,,0.0559895820915699,,0.984375,,,,,,,,,,,1.0,1.0,,,,,5945,,,,0.0,,0.0,,0.0
,,,0.09375,,0.9479166269302368,,,,,,,,,,,1.0,1.0,,,,,5946,,,,0.0,,0.0,,0.0
,,,0.0377604179084301,,0.875,,,,,,,,,,,1.0,1.0,,,,,5947,,,,0.0,,0.0,,0.0
,,,0.03125,,0.875,,,,,,,,,,,1.0,1.0,,,,,5948,,,,0.0,,0.0,,0.0
,,,0.05913621187210083,,0.9061461687088013,,,,,,,,,,,1.0,1.0,,,,,5949,,,,0.0,,0.0,,0.0
,,,0.01171875,,0.8515625,,,,,,,,,,,1.0,1.0,,,,,5950,,,,0.0,,0.0,,0.0
,,,0.01822916604578495,,0.9140625,,,,,,,,,,,1.0,1.0,,,,,5951,,,,0.0,,0.0,,0.0
,,,0.011111111380159855,,0.5,,,,,,,,,,,1.0,1.0,,,,,5952,,,,0.0,,0.0,,0.0
,,,0.0,,0.0,,,,,,,,,,,1.0,1.0,,,,,5953,,,,0.0,,0.0,,0.0
,,,0.0,,0.0,,,,,,,,,,,1.0,1.0,,,,,5954,,,,0.0,,0.0,,0.0
,,,0.0,,0.05000000074505806,,,,,,,,,,,1.0,1.0,,,,,5955,,,,0.0,,0.0,,0.0
,,,0.0,,0.0703125,,,,,,,,,,,1.0,1.0,,,,,5956,,,,0.0,,0.0,,0.0
,,,0.0,,0.0703125,,,,,,,,,,,1.0,1.0,,,,,5957,,,,0.0,,0.0,,0.0
,,,0.0,,0.35648149251937866,,,,,,,,,,,1.0,1.0,,,,,5958,,,,0.0,,0.0,,0.0
,,,0.0026041667442768812,,0.765625,,,,,,,,,,,1.0,1.0,,,,,5959,,,,0.0,,0.0,,0.0
,,,0.0013020833721384406,,0.8125,,,,,,,,,,,1.0,1.0,,,,,5960,,,,0.0,,0.0,,0.0
,,,0.056224897503852844,,0.7730923891067505,,,,,,,,,,,1.0,1.0,,,,,5961,,,,0.0,,0.0,,0.0
,,,0.0455729179084301,,0.875,,,,,,,,,,,1.0,1.0,,,,,5962,,,,0.0,,0.0,,0.0
,,,0.0494791679084301,,0.8359375,,,,,,,,,,,1.0,1.0,,,,,5963,,,,0.0,,0.0,,0.0
,,,0.04387209564447403,,0.6748154163360596,,,,,,,,,,,1.0,1.0,,,,,5964,,,,0.0,,0.0,,0.0
,,,0.0,,0.4453125,,,,,,,,,,,1.0,1.0,,,,,5965,,,,0.0,,0.0,,0.0
,,,0.0,,0.453125,,,,,,,,,,,1.0,1.0,,,,,5966,,,,0.0,,0.0,,0.0
,,,0.0,,0.2854374349117279,,,,,,,,,,,1.0,1.0,,,,,5967,,,,0.0,,0.0,,0.0
,,,0.0,,0.015625,,,,,,,,,,,1.0,1.0,,,,,5968,,,,0.0,,0.0,,0.0
,,,0.0,,0.015625,,,,,,,,,,,1.0,1.0,,,,,5969,,,,0.0,,0.0,,0.0
,,,0.1105990782380104,,0.4838709533214569,,,,,,,,,,,1.0,1.0,,,,,5970,,,,0.0,,0.0,,0.0
,,,0.15000000596046448,,0.984375,,,,,,,,,,,1.0,1.0,,,,,5971,,,,0.0,,0.0,,0.0
,,,0.1328125,,0.9921875,,,,,,,,,,,1.0,1.0,,,,,5972,,,,0.0,,0.0,,0.0
,,,0.1741071492433548,,0.9910714626312256,,,,,,,,,,,1.0,1.0,,,,,5973,,,,0.0,,0.0,,0.0
,,,0.078125,,0.984375,,,,,,,,,,,1.0,1.0,,,,,5974,,,,0.0,,0.0,,0.0
,,,0.07500000298023224,,0.9765625,,,,,,,,,,,1.0,1.0,,,,,5975,,,,0.0,,0.0,,0.0
,,,0.15135976672172546,,0.9459984302520752,,,,,,,,,,,1.0,1.0,,,,,5976,,,,0.0,,0.0,,0.0
,,,0.04296875,,0.9140625,,,,,,,,,,,1.0,1.0,,,,,5977,,,,0.0,,0.0,,0.0
,,,0.03281249850988388,,0.8359375,,,,,,,,,,,1.0,1.0,,,,,5978,,,,0.0,,0.0,,0.0
,,,0.04251968488097191,,0.874015748500824,,,,,,,,,,,1.0,1.0,,,,,5979,,,,0.0,,0.0,,0.0
64,0.1320386528968811,0.17559349536895752,,0.5908422470092773,,,,,,,,,,,,,,65.29749298095703,372168.15625,4.178953647613525,465.7268981933594,14364,,,0.0,,0.0,,0.0,
64,,,,,,1.5112687349319458,,-17.743270874023438,,8.437711715698242,,,,,,,,,,,,14364,2.488703966140747,,,,,,,
,,,,,,,,,,,,,,0.00013085709916248962,0.03,,,,,,,14399,,,,,,,,
65,,,,,,,1.5046958923339844,,-17.73639678955078,,8.28125,0.0001308275095652789,0.029999999329447746,,,1.0,1.0,,,,,14399,,2.4977054595947266,,,,,,
,,,,,,,,,,,,,,0.00012937945176998494,0.03,,,,,,,14449,,,,,,,,
65,,,,,,,1.5208399295806885,,-17.754955291748047,,8.9453125,0.00012934993719682097,0.029999999329447746,,,1.0,1.0,,,,,14449,,2.253965139389038,,,,,,
,,,,,,,,,,,,,,0.00012790622137560565,0.03,,,,,,,14499,,,,,,,,
65,,,,,,,1.4915211200714111,,-17.750728607177734,,7.91015625,0.0001278768031625077,0.029999999329447746,,,1.0,1.0,,,,,14499,,2.529348373413086,,,,,,
,,,,,,,,,,,,,,0.0001264374998630786,0.03,,,,,,,14549,,,,,,,,
65,,,,,,,1.5149898529052734,,-17.749258041381836,,8.5,0.00012640816567000002,0.029999999329447746,,,1.0,1.0,,,,,14549,,2.5283114910125732,,,,,,
,,,0.0,,0.0,,,,,,,,,,,1.0,1.0,,,,,5980,,,,0.0,,0.0,,0.0
,,,0.0,,0.0,,,,,,,,,,,1.0,1.0,,,,,5981,,,,0.0,,0.0,,0.0
,,,0.006172839552164078,,0.5,,,,,,,,,,,1.0,1.0,,,,,5982,,,,0.0,,0.0,,0.0
,,,0.0026041667442768812,,0.9921875,,,,,,,,,,,1.0,1.0,,,,,5983,,,,0.0,,0.0,,0.0
,,,0.0062500000931322575,,1.0,,,,,,,,,,,1.0,1.0,,,,,5984,,,,0.0,,0.0,,0.0
,,,0.11298076808452606,,1.0,,,,,,,,,,,1.0,1.0,,,,,5985,,,,0.0,,0.0,,0.0
,,,0.09843750298023224,,1.0,,,,,,,,,,,1.0,1.0,,,,,5986,,,,0.0,,0.0,,0.0
,,,0.07343749701976776,,1.0,,,,,,,,,,,1.0,1.0,,,,,5987,,,,0.0,,0.0,,0.0
,,,0.04582210257649422,,0.5,,,,,,,,,,,1.0,1.0,,,,,5988,,,,0.0,,0.0,,0.0
,,,0.0,,0.0,,,,,,,,,,,1.0,1.0,,,,,5989,,,,0.0,,0.0,,0.0
,,,0.0,,0.0,,,,,,,,,,,1.0,1.0,,,,,5990,,,,0.0,,0.0,,0.0
,,,0.0,,0.0078125,,,,,,,,,,,1.0,1.0,,,,,5991,,,,0.0,,0.0,,0.0
,,,0.02742857113480568,,0.29600000381469727,,,,,,,,,,,1.0,1.0,,,,,5992,,,,0.0,,0.0,,0.0
,,,0.0364583320915699,,0.5859375,,,,,,,,,,,1.0,1.0,,,,,5993,,,,0.0,,0.0,,0.0
,,,0.0403645820915699,,0.5859375,,,,,,,,,,,1.0,1.0,,,,,5994,,,,0.0,,0.0,,0.0
,,,0.15032680332660675,,0.8333333730697632,,,,,,,,,,,1.0,1.0,,,,,5995,,,,0.0,,0.0,,0.0
,,,0.09843750298023224,,1.0,,,,,,,,,,,1.0,1.0,,,,,5996,,,,0.0,,0.0,,0.0
,,,0.12031249701976776,,1.0,,,,,,,,,,,1.0,1.0,,,,,5997,,,,0.0,,0.0,,0.0
,,,0.09545454382896423,,0.8333333730697632,,,,,,,,,,,1.0,1.0,,,,,5998,,,,0.0,,0.0,,0.0
,,,0.0,,0.671875,,,,,,,,,,,1.0,1.0,,,,,5999,,,,0.0,,0.0,,0.0
,,,0.0,,0.578125,,,,,,,,,,,1.0,1.0,,,,,6000,,,,0.0,,0.0,,0.0
,,,0.001956947147846222,,0.39140722155570984,,,,,,,,,,,1.0,1.0,,,,,6001,,,,0.0,,0.0,,0.0
,,,0.005580357275903225,,0.203125,,,,,,,,,,,1.0,1.0,,,,,6002,,,,0.0,,0.0,,0.0
,,,0.0013020833721384406,,0.1484375,,,,,,,,,,,1.0,1.0,,,,,6003,,,,0.0,,0.0,,0.0
,,,0.017241379246115685,,0.5857142806053162,,,,,,,,,,,1.0,1.0,,,,,6004,,,,0.0,,0.0,,0.0
,,,0.02473958395421505,,1.0,,,,,,,,,,,1.0,1.0,,,,,6005,,,,0.0,,0.0,,0.0
,,,0.01875000074505806,,0.9765625,,,,,,,,,,,1.0,1.0,,,,,6006,,,,0.0,,0.0,,0.0
,,,0.019999999552965164,,0.8140880465507507,,,,,,,,,,,1.0,1.0,,,,,6007,,,,0.0,,0.0,,0.0
,,,0.0013020833721384406,,0.6484375,,,,,,,,,,,1.0,1.0,,,,,6008,,,,0.0,,0.0,,0.0
,,,0.0,,0.515625,,,,,,,,,,,1.0,1.0,,,,,6009,,,,0.0,,0.0,,0.0
,,,0.0,,0.3176470696926117,,,,,,,,,,,1.0,1.0,,,,,6010,,,,0.0,,0.0,,0.0
,,,0.0,,0.0,,,,,,,,,,,1.0,1.0,,,,,6011,,,,0.0,,0.0,,0.0
,,,0.0,,0.0,,,,,,,,,,,1.0,1.0,,,,,6012,,,,0.0,,0.0,,0.0
,,,0.009523809887468815,,0.5,,,,,,,,,,,1.0,1.0,,,,,6013,,,,0.0,,0.0,,0.0
,,,0.0026041667442768812,,1.0,,,,,,,,,,,1.0,1.0,,,,,6014,,,,0.0,,0.0,,0.0
,,,0.0062500000931322575,,1.0,,,,,,,,,,,1.0,1.0,,,,,6015,,,,0.0,,0.0,,0.0
,,,0.13506239652633667,,1.0,,,,,,,,,,,1.0,1.0,,,,,6016,,,,0.0,,0.0,,0.0
,,,0.0859375,,1.0,,,,,,,,,,,1.0,1.0,,,,,6017,,,,0.0,,0.0,,0.0
,,,0.08124999701976776,,1.0,,,,,,,,,,,1.0,1.0,,,,,6018,,,,0.0,,0.0,,0.0
,,,0.05895691737532616,,0.5,,,,,,,,,,,1.0,1.0,,,,,6019,,,,0.0,,0.0,,0.0
,,,0.0,,0.0,,,,,,,,,,,1.0,1.0,,,,,6020,,,,0.0,,0.0,,0.0
,,,0.0,,0.0,,,,,,,,,,,1.0,1.0,,,,,6021,,,,0.0,,0.0,,0.0
,,,0.02142857201397419,,0.30000001192092896,,,,,,,,,,,1.0,1.0,,,,,6022,,,,0.0,,0.0,,0.0
,,,0.04062499850988388,,0.5625,,,,,,,,,,,1.0,1.0,,,,,6023,,,,0.0,,0.0,,0.0
,,,0.0301339291036129,,0.5625,,,,,,,,,,,1.0,1.0,,,,,6024,,,,0.0,,0.0,,0.0
,,,0.12411347776651382,,0.8191488981246948,,,,,,,,,,,1.0,1.0,,,,,6025,,,,0.0,,0.0,,0.0
,,,0.13671875,,1.0,,,,,,,,,,,1.0,1.0,,,,,6026,,,,0.0,,0.0,,0.0
,,,0.12343750149011612,,1.0,,,,,,,,,,,1.0,1.0,,,,,6027,,,,0.0,,0.0,,0.0
,,,0.134765625,,1.0,,,,,,,,,,,1.0,1.0,,,,,6028,,,,0.0,,0.0,,0.0
,,,0.20000000298023224,,0.7992125749588013,,,,,,,,,,,1.0,1.0,,,,,6029,,,,0.0,,0.0,,0.0
,,,0.0,,0.6015625,,,,,,,,,,,1.0,1.0,,,,,6030,,,,0.0,,0.0,,0.0
,,,0.0,,0.5625,,,,,,,,,,,1.0,1.0,,,,,6031,,,,0.0,,0.0,,0.0
,,,0.004926108289510012,,0.4295976758003235,,,,,,,,,,,1.0,1.0,,,,,6032,,,,0.0,,0.0,,0.0
,,,0.0013020833721384406,,0.1640625,,,,,,,,,,,1.0,1.0,,,,,6033,,,,0.0,,0.0,,0.0
,,,0.0013020833721384406,,0.1875,,,,,,,,,,,1.0,1.0,,,,,6034,,,,0.0,,0.0,,0.0
,,,0.01155115570873022,,0.6111111044883728,,,,,,,,,,,1.0,1.0,,,,,6035,,,,0.0,,0.0,,0.0
,,,0.02656250074505806,,1.0,,,,,,,,,,,1.0,1.0,,,,,6036,,,,0.0,,0.0,,0.0
,,,0.0234375,,0.984375,,,,,,,,,,,1.0,1.0,,,,,6037,,,,0.0,,0.0,,0.0
,,,0.03125,,0.75,,,,,,,,,,,1.0,1.0,,,,,6038,,,,0.0,,0.0,,0.0
,,,0.0,,0.5625,,,,,,,,,,,1.0,1.0,,,,,6039,,,,0.0,,0.0,,0.0
,,,0.0013020833721384406,,0.59375,,,,,,,,,,,1.0,1.0,,,,,6040,,,,0.0,,0.0,,0.0
,,,0.0,,0.2857142984867096,,,,,,,,,,,1.0,1.0,,,,,6041,,,,0.0,,0.0,,0.0
,,,0.0,,0.0,,,,,,,,,,,1.0,1.0,,,,,6042,,,,0.0,,0.0,,0.0
,,,0.0,,0.0,,,,,,,,,,,1.0,1.0,,,,,6043,,,,0.0,,0.0,,0.0
,,,0.003792667528614402,,0.5,,,,,,,,,,,1.0,1.0,,,,,6044,,,,0.0,,0.0,,0.0
,,,0.001953125,,1.0,,,,,,,,,,,1.0,1.0,,,,,6045,,,,0.0,,0.0,,0.0
,,,0.0078125,,1.0,,,,,,,,,,,1.0,1.0,,,,,6046,,,,0.0,,0.0,,0.0
,,,0.12525252997875214,,1.0,,,,,,,,,,,1.0,1.0,,,,,6047,,,,0.0,,0.0,,0.0
,,,0.09218750149011612,,1.0,,,,,,,,,,,1.0,1.0,,,,,6048,,,,0.0,,0.0,,0.0
,,,0.0611979179084301,,1.0,,,,,,,,,,,1.0,1.0,,,,,6049,,,,0.0,,0.0,,0.0
,,,0.05833333358168602,,0.5046296119689941,,,,,,,,,,,1.0,1.0,,,,,6050,,,,0.0,,0.0,,0.0
,,,0.0,,0.0,,,,,,,,,,,1.0,1.0,,,,,6051,,,,0.0,,0.0,,0.0
,,,0.0,,0.0,,,,,,,,,,,1.0,1.0,,,,,6052,,,,0.0,,0.0,,0.0
,,,0.032702237367630005,,0.33038821816444397,,,,,,,,,,,1.0,1.0,,,,,6053,,,,0.0,,0.0,,0.0
,,,0.02734375,,0.6015625,,,,,,,,,,,1.0,1.0,,,,,6054,,,,0.0,,0.0,,0.0
,,,0.0364583320915699,,0.578125,,,,,,,,,,,1.0,1.0,,,,,6055,,,,0.0,,0.0,,0.0
,,,0.12469230592250824,,0.813725471496582,,,,,,,,,,,1.0,1.0,,,,,6056,,,,0.0,,0.0,,0.0
,,,0.130859375,,1.0,,,,,,,,,,,1.0,1.0,,,,,6057,,,,0.0,,0.0,,0.0
,,,0.12031249701976776,,1.0,,,,,,,,,,,1.0,1.0,,,,,6058,,,,0.0,,0.0,,0.0
,,,0.08914729207754135,,0.7857142686843872,,,,,,,,,,,1.0,1.0,,,,,6059,,,,0.0,,0.0,,0.0
,,,0.0,,0.6328125,,,,,,,,,,,1.0,1.0,,,,,6060,,,,0.0,,0.0,,0.0
,,,0.0,,0.6484375,,,,,,,,,,,1.0,1.0,,,,,6061,,,,0.0,,0.0,,0.0
,,,0.0,,0.3486863970756531,,,,,,,,,,,1.0,1.0,,,,,6062,,,,0.0,,0.0,,0.0
,,,0.0065104165114462376,,0.234375,,,,,,,,,,,1.0,1.0,,,,,6063,,,,0.0,,0.0,,0.0
,,,0.0013020833721384406,,0.1796875,,,,,,,,,,,1.0,1.0,,,,,6064,,,,0.0,,0.0,,0.0
,,,0.0342261902987957,,0.5982142686843872,,,,,,,,,,,1.0,1.0,,,,,6065,,,,0.0,,0.0,,0.0
,,,0.0338541679084301,,1.0,,,,,,,,,,,1.0,1.0,,,,,6066,,,,0.0,,0.0,,0.0
,,,0.02031249925494194,,0.984375,,,,,,,,,,,1.0,1.0,,,,,6067,,,,0.0,,0.0,,0.0
,,,0.01994301937520504,,0.7144522070884705,,,,,,,,,,,1.0,1.0,,,,,6068,,,,0.0,,0.0,,0.0
,,,0.0013020833721384406,,0.59375,,,,,,,,,,,1.0,1.0,,,,,6069,,,,0.0,,0.0,,0.0
,,,0.0,,0.515625,,,,,,,,,,,1.0,1.0,,,,,6070,,,,0.0,,0.0,,0.0
,,,0.0015748031437397003,,0.6062992215156555,,,,,,,,,,,1.0,1.0,,,,,6071,,,,0.0,,0.0,,0.0
65,0.1300298273563385,0.134383425116539,,0.5968735218048096,,,,,,,,,,,,,,61.287052154541016,429025.0,4.1155686378479,469.2552795410156,14585,,,0.0,,0.0,,0.0,
65,,,,,,1.5132499933242798,,-17.74933624267578,,8.537012100219727,,,,,,,,,,,,14585,2.4479787349700928,,,,,,,
,,,,,,,,,,,,,,0.00012497337883491644,0.03,,,,,,,14599,,,,,,,,
66,,,,,,,1.5188896656036377,,-17.748870849609375,,8.671875,0.0001249441411346197,0.029999999329447746,,,1.0,1.0,,,,,14599,,2.8730430603027344,,,,,,
,,,,,,,,,,,,,,0.0001235139496067045,0.03,,,,,,,14649,,,,,,,,
66,,,,,,,1.5218863487243652,,-17.745094299316406,,8.8125,0.00012348480231594294,0.029999999329447746,,,1.0,1.0,,,,,14649,,2.49349308013916,,,,,,
,,,,,,,,,,,,,,0.0001220593032014064,0.03,,,,,,,14699,,,,,,,,
66,,,,,,,1.4910080432891846,,-17.769561767578125,,7.765625,0.00012203025835333392,0.029999999329447746,,,1.0,1.0,,,,,14699,,2.5371017456054688,,,,,,
,,,,,,,,,,,,,,0.00012060953034368615,0.03,,,,,,,14749,,,,,,,,
66,,,,,,,1.5309680700302124,,-17.74930763244629,,9.1015625,0.00012058058200636879,0.029999999329447746,,,1.0,1.0,,,,,14749,,2.393153190612793,,,,,,
,,,,,,,,,,,,,,0.00011916472145425002,0.03,,,,,,,14799,,,,,,,,
66,,,,,,,1.519654393196106,,-17.7646427154541,,8.59375,0.00011913587513845414,0.029999999329447746,,,1.0,1.0,,,,,14799,,2.2833847999572754,,,,,,
,,,0.0225694440305233,,0.7734375,,,,,,,,,,,1.0,1.0,,,,,6072,,,,0.0,,0.0,,0.0
,,,0.02777777798473835,,0.75,,,,,,,,,,,1.0,1.0,,,,,6073,,,,0.0,,0.0,,0.0
,,,0.038463104516267776,,0.7651265263557434,,,,,,,,,,,1.0,1.0,,,,,6074,,,,0.0,,0.0,,0.0
,,,0.009548611007630825,,0.703125,,,,,,,,,,,1.0,1.0,,,,,6075,,,,0.0,,0.0,,0.0
,,,0.0086805559694767,,0.7109375,,,,,,,,,,,1.0,1.0,,,,,6076,,,,0.0,,0.0,,0.0
,,,0.018874645233154297,,0.7612179517745972,,,,,,,,,,,1.0,1.0,,,,,6077,,,,0.0,,0.0,,0.0
,,,0.013888888992369175,,0.828125,,,,,,,,,,,1.0,1.0,,,,,6078,,,,0.0,,0.0,,0.0
,,,0.007031249813735485,,0.8671875,,,,,,,,,,,1.0,1.0,,,,,6079,,,,0.0,,0.0,,0.0
,,,0.01037735864520073,,0.47469985485076904,,,,,,,,,,,1.0,1.0,,,,,6080,,,,0.0,,0.0,,0.0
,,,0.0,,0.046875,,,,,,,,,,,1.0,1.0,,,,,6081,,,,0.0,,0.0,,0.0
,,,0.0,,0.0546875,,,,,,,,,,,1.0,1.0,,,,,6082,,,,0.0,,0.0,,0.0
,,,0.0007812500116415322,,0.0859375,,,,,,,,,,,1.0,1.0,,,,,6083,,,,0.0,,0.0,,0.0
,,,0.02800000086426735,,0.30000001192092896,,,,,,,,,,,1.0,1.0,,,,,6084,,,,0.0,,0.0,,0.0
,,,0.0234375,,0.5625,,,,,,,,,,,1.0,1.0,,,,,6085,,,,0.0,,0.0,,0.0
,,,0.0283203125,,0.5078125,,,,,,,,,,,1.0,1.0,,,,,6086,,,,0.0,,0.0,,0.0
,,,0.04637410491704941,,0.7838468551635742,,,,,,,,,,,1.0,1.0,,,,,6087,,,,0.0,,0.0,,0.0
,,,0.013020833022892475,,0.8203125,,,,,,,,,,,1.0,1.0,,,,,6088,,,,0.0,,0.0,,0.0
,,,0.0069444444961845875,,0.71875,,,,,,,,,,,1.0,1.0,,,,,6089,,,,0.0,,0.0,,0.0
,,,0.08103355020284653,,0.8279221057891846,,,,,,,,,,,1.0,1.0,,,,,6090,,,,0.0,,0.0,,0.0
,,,0.072265625,,0.9296875,,,,,,,,,,,1.0,1.0,,,,,6091,,,,0.0,,0.0,,0.0
,,,0.0616319440305233,,0.9453125,,,,,,,,,,,1.0,1.0,,,,,6092,,,,0.0,,0.0,,0.0
,,,0.11183062940835953,,0.9589041471481323,,,,,,,,,,,1.0,1.0,,,,,6093,,,,0.0,,0.0,,0.0
,,,0.0555555559694767,,0.875,,,,,,,,,,,1.0,1.0,,,,,6094,,,,0.0,,0.0,,0.0
,,,0.046875,,0.890625,,,,,,,,,,,1.0,1.0,,,,,6095,,,,0.0,,0.0,,0.0
,,,0.055610291659832,,0.7662561535835266,,,,,,,,,,,1.0,1.0,,,,,6096,,,,0.0,,0.0,,0.0
,,,0.025390625,,0.78125,,,,,,,,,,,1.0,1.0,,,,,6097,,,,0.0,,0.0,,0.0
,,,0.0185546875,,0.6953125,,,,,,,,,,,1.0,1.0,,,,,6098,,,,0.0,,0.0,,0.0
,,,0.027393432334065437,,0.6308176517486572,,,,,,,,,,,1.0,1.0,,,,,6099,,,,0.0,,0.0,,0.0
,,,0.01328125037252903,,0.4296875,,,,,,,,,,,1.0,1.0,,,,,6100,,,,0.0,,0.0,,0.0
,,,0.0147569440305233,,0.4453125,,,,,,,,,,,1.0,1.0,,,,,6101,,,,0.0,,0.0,,0.0
,,,0.03115975111722946,,0.6425445079803467,,,,,,,,,,,1.0,1.0,,,,,6102,,,,0.0,,0.0,,0.0
,,,0.0251736119389534,,0.7265625,,,,,,,,,,,1.0,1.0,,,,,6103,,,,0.0,,0.0,,0.0
,,,0.02604166604578495,,0.765625,,,,,,,,,,,1.0,1.0,,,,,6104,,,,0.0,,0.0,,0.0
,,,0.03601532429456711,,0.7536945939064026,,,,,,,,,,,1.0,1.0,,,,,6105,,,,0.0,,0.0,,0.0
,,,0.010416666977107525,,0.625,,,,,,,,,,,1.0,1.0,,,,,6106,,,,0.0,,0.0,,0.0
,,,0.0146484375,,0.65625,,,,,,,,,,,1.0,1.0,,,,,6107,,,,0.0,,0.0,,0.0
,,,0.029086127877235413,,0.7375825643539429,,,,,,,,,,,1.0,1.0,,,,,6108,,,,0.0,,0.0,,0.0
,,,0.01128472201526165,,0.8828125,,,,,,,,,,,1.0,1.0,,,,,6109,,,,0.0,,0.0,,0.0
,,,0.008593750186264515,,0.875,,,,,,,,,,,1.0,1.0,,,,,6110,,,,0.0,,0.0,,0.0
,,,0.011111111380159855,,0.4590964615345001,,,,,,,,,,,1.0,1.0,,,,,6111,,,,0.0,,0.0,,0.0
,,,0.0,,0.015625,,,,,,,,,,,1.0,1.0,,,,,6112,,,,0.0,,0.0,,0.0
,,,0.0,,0.0390625,,,,,,,,,,,1.0,1.0,,,,,6113,,,,0.0,,0.0,,0.0
,,,0.030000001192092896,,0.31022727489471436,,,,,,,,,,,1.0,1.0,,,,,6114,,,,0.0,,0.0,,0.0
,,,0.03125,,0.53125,,,,,,,,,,,1.0,1.0,,,,,6115,,,,0.0,,0.0,,0.0
,,,0.02109375037252903,,0.5703125,,,,,,,,,,,1.0,1.0,,,,,6116,,,,0.0,,0.0,,0.0
,,,0.04116256535053253,,0.703066349029541,,,,,,,,,,,1.0,1.0,,,,,6117,,,,0.0,,0.0,,0.0
,,,0.0069444444961845875,,0.8125,,,,,,,,,,,1.0,1.0,,,,,6118,,,,0.0,,0.0,,0.0
,,,0.0078125,,0.7890625,,,,,,,,,,,1.0,1.0,,,,,6119,,,,0.0,,0.0,,0.0
,,,0.01215277798473835,,0.7890625,,,,,,,,,,,1.0,1.0,,,,,6120,,,,0.0,,0.0,,0.0
,,,0.06299212574958801,,0.9724409580230713,,,,,,,,,,,1.0,1.0,,,,,6121,,,,0.0,,0.0,,0.0
,,,0.0642361119389534,,0.9375,,,,,,,,,,,1.0,1.0,,,,,6122,,,,0.0,,0.0,,0.0
,,,0.0572916679084301,,0.9609375,,,,,,,,,,,1.0,1.0,,,,,6123,,,,0.0,,0.0,,0.0
,,,0.10057471692562103,,0.9353448152542114,,,,,,,,,,,1.0,1.0,,,,,6124,,,,0.0,,0.0,,0.0
,,,0.046875,,0.8515625,,,,,,,,,,,1.0,1.0,,,,,6125,,,,0.0,,0.0,,0.0
,,,0.0477430559694767,,0.9140625,,,,,,,,,,,1.0,1.0,,,,,6126,,,,0.0,,0.0,,0.0
,,,0.059568919241428375,,0.8107811212539673,,,,,,,,,,,1.0,1.0,,,,,6127,,,,0.0,,0.0,,0.0
,,,0.01822916604578495,,0.7890625,,,,,,,,,,,1.0,1.0,,,,,6128,,,,0.0,,0.0,,0.0
,,,0.01215277798473835,,0.71875,,,,,,,,,,,1.0,1.0,,,,,6129,,,,0.0,,0.0,,0.0
,,,0.03125,,0.5052083730697632,,,,,,,,,,,1.0,1.0,,,,,6130,,,,0.0,,0.0,,0.0
,,,0.01171875,,0.40625,,,,,,,,,,,1.0,1.0,,,,,6131,,,,0.0,,0.0,,0.0
,,,0.015625,,0.4296875,,,,,,,,,,,1.0,1.0,,,,,6132,,,,0.0,,0.0,,0.0
,,,0.03519133850932121,,0.5866556167602539,,,,,,,,,,,1.0,1.0,,,,,6133,,,,0.0,,0.0,,0.0
,,,0.02864583395421505,,0.7734375,,,,,,,,,,,1.0,1.0,,,,,6134,,,,0.0,,0.0,,0.0
,,,0.03125,,0.7421875,,,,,,,,,,,1.0,1.0,,,,,6135,,,,0.0,,0.0,,0.0
,,,0.03598820045590401,,0.7893805503845215,,,,,,,,,,,1.0,1.0,,,,,6136,,,,0.0,,0.0,,0.0
,,,0.0107421875,,0.6953125,,,,,,,,,,,1.0,1.0,,,,,6137,,,,0.0,,0.0,,0.0
,,,0.0126953125,,0.6796875,,,,,,,,,,,1.0,1.0,,,,,6138,,,,0.0,,0.0,,0.0
,,,0.023456789553165436,,0.7328282594680786,,,,,,,,,,,1.0,1.0,,,,,6139,,,,0.0,,0.0,,0.0
,,,0.010416666977107525,,0.890625,,,,,,,,,,,1.0,1.0,,,,,6140,,,,0.0,,0.0,,0.0
,,,0.01015624962747097,,0.8984375,,,,,,,,,,,1.0,1.0,,,,,6141,,,,0.0,,0.0,,0.0
,,,0.00592592591419816,,0.42314815521240234,,,,,,,,,,,1.0,1.0,,,,,6142,,,,0.0,,0.0,,0.0
,,,0.0,,0.0078125,,,,,,,,,,,1.0,1.0,,,,,6143,,,,0.0,,0.0,,0.0
,,,0.0007812500116415322,,0.046875,,,,,,,,,,,1.0,1.0,,,,,6144,,,,0.0,,0.0,,0.0
,,,0.034939758479595184,,0.3234270513057709,,,,,,,,,,,1.0,1.0,,,,,6145,,,,0.0,,0.0,,0.0
,,,0.02421874925494194,,0.515625,,,,,,,,,,,1.0,1.0,,,,,6146,,,,0.0,,0.0,,0.0
,,,0.0303819440305233,,0.546875,,,,,,,,,,,1.0,1.0,,,,,6147,,,,0.0,,0.0,,0.0
,,,0.039866454899311066,,0.7065190076828003,,,,,,,,,,,1.0,1.0,,,,,6148,,,,0.0,,0.0,,0.0
,,,0.010416666977107525,,0.796875,,,,,,,,,,,1.0,1.0,,,,,6149,,,,0.0,,0.0,,0.0
,,,0.01128472201526165,,0.78125,,,,,,,,,,,1.0,1.0,,,,,6150,,,,0.0,,0.0,,0.0
,,,0.07122093439102173,,0.906423032283783,,,,,,,,,,,1.0,1.0,,,,,6151,,,,0.0,,0.0,,0.0
,,,0.0616319440305233,,0.9453125,,,,,,,,,,,1.0,1.0,,,,,6152,,,,0.0,,0.0,,0.0
,,,0.0659722238779068,,0.921875,,,,,,,,,,,1.0,1.0,,,,,6153,,,,0.0,,0.0,,0.0
,,,0.10501421988010406,,0.9632524251937866,,,,,,,,,,,1.0,1.0,,,,,6154,,,,0.0,,0.0,,0.0
,,,0.0460069440305233,,0.8671875,,,,,,,,,,,1.0,1.0,,,,,6155,,,,0.0,,0.0,,0.0
,,,0.046875,,0.875,,,,,,,,,,,1.0,1.0,,,,,6156,,,,0.0,,0.0,,0.0
,,,0.0515872985124588,,0.8125,,,,,,,,,,,1.0,1.0,,,,,6157,,,,0.0,,0.0,,0.0
,,,0.0205078125,,0.7421875,,,,,,,,,,,1.0,1.0,,,,,6158,,,,0.0,,0.0,,0.0
,,,0.0164930559694767,,0.703125,,,,,,,,,,,1.0,1.0,,,,,6159,,,,0.0,,0.0,,0.0
,,,0.07295174151659012,,0.7723387479782104,,,,,,,,,,,1.0,1.0,,,,,6160,,,,0.0,,0.0,,0.0
,,,0.015625,,0.4765625,,,,,,,,,,,1.0,1.0,,,,,6161,,,,0.0,,0.0,,0.0
,,,0.01215277798473835,,0.4453125,,,,,,,,,,,1.0,1.0,,,,,6162,,,,0.0,,0.0,,0.0
,,,0.014763779938220978,,0.4803149700164795,,,,,,,,,,,1.0,1.0,,,,,6163,,,,0.0,,0.0,,0.0
66,0.1477033793926239,0.20289823412895203,,0.6716576218605042,,,,,,,,,,,,,,67.65155029296875,647971.625,4.214370250701904,456.2832946777344,14806,,,0.0,,0.0,,0.0,
66,,,,,,1.513827919960022,,-17.753175735473633,,8.485011100769043,,,,,,,,,,,,14806,2.4711177349090576,,,,,,,
,,,,,,,,,,,,,,0.00011772496664420729,0.03,,,,,,,14849,,,,,,,,
67,,,,,,,1.5110247135162354,,-17.747282028198242,,8.53125,0.00011769622506108135,0.029999999329447746,,,1.0,1.0,,,,,14849,,2.354684829711914,,,,,,
,,,,,,,,,,,,,,0.00011629035570944984,0.03,,,,,,,14899,,,,,,,,
67,,,,,,,1.5155978202819824,,-17.75450325012207,,8.875,0.00011626171908574179,0.029999999329447746,,,1.0,1.0,,,,,14899,,2.7204532623291016,,,,,,
,,,,,,,,,,,,,,0.00011486097812505202,0.03,,,,,,,14949,,,,,,,,
67,,,,,,,1.521249771118164,,-17.753190994262695,,8.9609375,0.00011483244452392682,0.029999999329447746,,,1.0,1.0,,,,,14949,,2.5792388916015625,,,,,,
,,,,,,,,,,,,,,0.00011343692303968976,0.03,,,,,,,14999,,,,,,,,
67,,,,,,,1.5188170671463013,,-17.763273239135742,,8.6875,0.00011340849596308544,0.029999999329447746,,,1.0,1.0,,,,,14999,,2.544527530670166,,,,,,
,,,0.0078125,,0.84375,,,,,,,,,,,1.0,1.0,,,,,6164,,,,0.0,,0.0,,0.0
,,,0.0078125,,0.890625,,,,,,,,,,,1.0,1.0,,,,,6165,,,,0.0,,0.0,,0.0
,,,0.002475247485563159,,0.4108910858631134,,,,,,,,,,,1.0,1.0,,,,,6166,,,,0.0,,0.0,,0.0
,,,0.0,,0.0234375,,,,,,,,,,,1.0,1.0,,,,,6167,,,,0.0,,0.0,,0.0
,,,0.0,,0.03125,,,,,,,,,,,1.0,1.0,,,,,6168,,,,0.0,,0.0,,0.0
,,,0.0,,0.004807692486792803,,,,,,,,,,,1.0,1.0,,,,,6169,,,,0.0,,0.0,,0.0
,,,0.0,,0.0,,,,,,,,,,,1.0,1.0,,,,,6170,,,,0.0,,0.0,,0.0
,,,0.0,,0.0,,,,,,,,,,,1.0,1.0,,,,,6171,,,,0.0,,0.0,,0.0
,,,0.006493506487458944,,0.4545454680919647,,,,,,,,,,,1.0,1.0,,,,,6172,,,,0.0,,0.0,,0.0
,,,0.0026041667442768812,,0.9453125,,,,,,,,,,,1.0,1.0,,,,,6173,,,,0.0,,0.0,,0.0
,,,0.0,,0.921875,,,,,,,,,,,1.0,1.0,,,,,6174,,,,0.0,,0.0,,0.0
,,,0.0033482143189758062,,0.921875,,,,,,,,,,,1.0,1.0,,,,,6175,,,,0.0,,0.0,,0.0
,,,0.03200000151991844,,0.7879999876022339,,,,,,,,,,,1.0,1.0,,,,,6176,,,,0.0,,0.0,,0.0
,,,0.0245535708963871,,0.515625,,,,,,,,,,,1.0,1.0,,,,,6177,,,,0.0,,0.0,,0.0
,,,0.02566964365541935,,0.5390625,,,,,,,,,,,1.0,1.0,,,,,6178,,,,0.0,,0.0,,0.0
,,,0.0317460335791111,,0.3702147603034973,,,,,,,,,,,1.0,1.0,,,,,6179,,,,0.0,,0.0,,0.0
,,,0.0,,0.203125,,,,,,,,,,,1.0,1.0,,,,,6180,,,,0.0,,0.0,,0.0
,,,0.0,,0.1953125,,,,,,,,,,,1.0,1.0,,,,,6181,,,,0.0,,0.0,,0.0
,,,0.1547619104385376,,0.5795454382896423,,,,,,,,,,,1.0,1.0,,,,,6182,,,,0.0,,0.0,,0.0
,,,0.265625,,1.0,,,,,,,,,,,1.0,1.0,,,,,6183,,,,0.0,,0.0,,0.0
,,,0.15781250596046448,,1.0,,,,,,,,,,,1.0,1.0,,,,,6184,,,,0.0,,0.0,,0.0
,,,0.28692400455474854,,0.9863013625144958,,,,,,,,,,,1.0,1.0,,,,,6185,,,,0.0,,0.0,,0.0
,,,0.0792410746216774,,0.9765625,,,,,,,,,,,1.0,1.0,,,,,6186,,,,0.0,,0.0,,0.0
,,,0.0703125,,1.0,,,,,,,,,,,1.0,1.0,,,,,6187,,,,0.0,,0.0,,0.0
,,,0.11320197582244873,,0.9224138259887695,,,,,,,,,,,1.0,1.0,,,,,6188,,,,0.0,,0.0,,0.0
,,,0.01171875,,0.921875,,,,,,,,,,,1.0,1.0,,,,,6189,,,,0.0,,0.0,,0.0
,,,0.00390625,,0.875,,,,,,,,,,,1.0,1.0,,,,,6190,,,,0.0,,0.0,,0.0
,,,0.013878406956791878,,0.7835220098495483,,,,,,,,,,,1.0,1.0,,,,,6191,,,,0.0,,0.0,,0.0
,,,0.00390625,,0.75,,,,,,,,,,,1.0,1.0,,,,,6192,,,,0.0,,0.0,,0.0
,,,0.012500000186264515,,0.6171875,,,,,,,,,,,1.0,1.0,,,,,6193,,,,0.0,,0.0,,0.0
,,,0.018370140343904495,,0.7361149191856384,,,,,,,,,,,1.0,1.0,,,,,6194,,,,0.0,,0.0,,0.0
,,,0.0052083334885537624,,0.7890625,,,,,,,,,,,1.0,1.0,,,,,6195,,,,0.0,,0.0,,0.0
,,,0.010416666977107525,,0.8828125,,,,,,,,,,,1.0,1.0,,,,,6196,,,,0.0,,0.0,,0.0
,,,0.004926108289510012,,0.429556667804718,,,,,,,,,,,1.0,1.0,,,,,6197,,,,0.0,,0.0,,0.0
,,,0.0,,0.03125,,,,,,,,,,,1.0,1.0,,,,,6198,,,,0.0,,0.0,,0.0
,,,0.0,,0.0078125,,,,,,,,,,,1.0,1.0,,,,,6199,,,,0.0,,0.0,,0.0
,,,0.0,,0.008196720853447914,,,,,,,,,,,1.0,1.0,,,,,6200,,,,0.0,,0.0,,0.0
,,,0.0,,0.0,,,,,,,,,,,1.0,1.0,,,,,6201,,,,0.0,,0.0,,0.0
,,,0.0,,0.0,,,,,,,,,,,1.0,1.0,,,,,6202,,,,0.0,,0.0,,0.0
,,,0.006593406666070223,,0.4615384638309479,,,,,,,,,,,1.0,1.0,,,,,6203,,,,0.0,,0.0,,0.0
,,,0.0031250000465661287,,0.921875,,,,,,,,,,,1.0,1.0,,,,,6204,,,,0.0,,0.0,,0.0
,,,0.004464285913854837,,0.90625,,,,,,,,,,,1.0,1.0,,,,,6205,,,,0.0,,0.0,,0.0
,,,0.03333333507180214,,0.7477272748947144,,,,,,,,,,,1.0,1.0,,,,,6206,,,,0.0,,0.0,,0.0
,,,0.02994791604578495,,0.5078125,,,,,,,,,,,1.0,1.0,,,,,6207,,,,0.0,,0.0,,0.0
,,,0.02566964365541935,,0.5234375,,,,,,,,,,,1.0,1.0,,,,,6208,,,,0.0,,0.0,,0.0
,,,0.021276595070958138,,0.3754693269729614,,,,,,,,,,,1.0,1.0,,,,,6209,,,,0.0,,0.0,,0.0
,,,0.0,,0.25,,,,,,,,,,,1.0,1.0,,,,,6210,,,,0.0,,0.0,,0.0
,,,0.0,,0.1875,,,,,,,,,,,1.0,1.0,,,,,6211,,,,0.0,,0.0,,0.0
,,,0.0,,0.171875,,,,,,,,,,,1.0,1.0,,,,,6212,,,,0.0,,0.0,,0.0
,,,0.15275590121746063,,0.5,,,,,,,,,,,1.0,1.0,,,,,6213,,,,0.0,,0.0,,0.0
,,,0.1263020783662796,,1.0,,,,,,,,,,,1.0,1.0,,,,,6214,,,,0.0,,0.0,,0.0
,,,0.20703125,,1.0,,,,,,,,,,,1.0,1.0,,,,,6215,,,,0.0,,0.0,,0.0
,,,0.1978653520345688,,0.982758641242981,,,,,,,,,,,1.0,1.0,,,,,6216,,,,0.0,,0.0,,0.0
,,,0.0747767835855484,,0.984375,,,,,,,,,,,1.0,1.0,,,,,6217,,,,0.0,,0.0,,0.0
,,,0.13671875,,0.9921875,,,,,,,,,,,1.0,1.0,,,,,6218,,,,0.0,,0.0,,0.0
,,,0.11853685230016708,,0.9554455280303955,,,,,,,,,,,1.0,1.0,,,,,6219,,,,0.0,,0.0,,0.0
,,,0.00390625,,0.875,,,,,,,,,,,1.0,1.0,,,,,6220,,,,0.0,,0.0,,0.0
,,,0.0013020833721384406,,0.90625,,,,,,,,,,,1.0,1.0,,,,,6221,,,,0.0,,0.0,,0.0
,,,0.015625,,0.8125,,,,,,,,,,,1.0,1.0,,,,,6222,,,,0.0,,0.0,,0.0
,,,0.0078125,,0.6875,,,,,,,,,,,1.0,1.0,,,,,6223,,,,0.0,,0.0,,0.0
,,,0.01718750037252903,,0.6640625,,,,,,,,,,,1.0,1.0,,,,,6224,,,,0.0,,0.0,,0.0
,,,0.018588831648230553,,0.7106866240501404,,,,,,,,,,,1.0,1.0,,,,,6225,,,,0.0,,0.0,,0.0
,,,0.0078125,,0.84375,,,,,,,,,,,1.0,1.0,,,,,6226,,,,0.0,,0.0,,0.0
,,,0.0065104165114462376,,0.890625,,,,,,,,,,,1.0,1.0,,,,,6227,,,,0.0,,0.0,,0.0
,,,0.009523809887468815,,0.404424786567688,,,,,,,,,,,1.0,1.0,,,,,6228,,,,0.0,,0.0,,0.0
,,,0.0,,0.0234375,,,,,,,,,,,1.0,1.0,,,,,6229,,,,0.0,,0.0,,0.0
,,,0.0,,0.015625,,,,,,,,,,,1.0,1.0,,,,,6230,,,,0.0,,0.0,,0.0
,,,0.0,,0.0,,,,,,,,,,,1.0,1.0,,,,,6231,,,,0.0,,0.0,,0.0
,,,0.0,,0.0,,,,,,,,,,,1.0,1.0,,,,,6232,,,,0.0,,0.0,,0.0
,,,0.0,,0.0,,,,,,,,,,,1.0,1.0,,,,,6233,,,,0.0,,0.0,,0.0
,,,0.007936508394777775,,0.46296295523643494,,,,,,,,,,,1.0,1.0,,,,,6234,,,,0.0,,0.0,,0.0
,,,0.0026041667442768812,,0.9453125,,,,,,,,,,,1.0,1.0,,,,,6235,,,,0.0,,0.0,,0.0
,,,0.0026041667442768812,,0.9296875,,,,,,,,,,,1.0,1.0,,,,,6236,,,,0.0,,0.0,,0.0
,,,0.029259895905852318,,0.7428380250930786,,,,,,,,,,,1.0,1.0,,,,,6237,,,,0.0,,0.0,,0.0
,,,0.02604166604578495,,0.53125,,,,,,,,,,,1.0,1.0,,,,,6238,,,,0.0,,0.0,,0.0
,,,0.02864583395421505,,0.5390625,,,,,,,,,,,1.0,1.0,,,,,6239,,,,0.0,,0.0,,0.0
,,,0.022875817492604256,,0.38158899545669556,,,,,,,,,,,1.0,1.0,,,,,6240,,,,0.0,,0.0,,0.0
,,,0.0,,0.2109375,,,,,,,,,,,1.0,1.0,,,,,6241,,,,0.0,,0.0,,0.0
,,,0.0,,0.171875,,,,,,,,,,,1.0,1.0,,,,,6242,,,,0.0,,0.0,,0.0
,,,0.15714284777641296,,0.6162790656089783,,,,,,,,,,,1.0,1.0,,,,,6243,,,,0.0,,0.0,,0.0
,,,0.2708333432674408,,1.0,,,,,,,,,,,1.0,1.0,,,,,6244,,,,0.0,,0.0,,0.0
,,,0.15937499701976776,,1.0,,,,,,,,,,,1.0,1.0,,,,,6245,,,,0.0,,0.0,,0.0
,,,0.23273473978042603,,0.9838709831237793,,,,,,,,,,,1.0,1.0,,,,,6246,,,,0.0,,0.0,,0.0
,,,0.0792410746216774,,0.9765625,,,,,,,,,,,1.0,1.0,,,,,6247,,,,0.0,,0.0,,0.0
,,,0.10781250149011612,,1.0,,,,,,,,,,,1.0,1.0,,,,,6248,,,,0.0,,0.0,,0.0
,,,0.09375,,1.0,,,,,,,,,,,1.0,1.0,,,,,6249,,,,0.0,,0.0,,0.0
,,,0.0078125,,0.875,,,,,,,,,,,1.0,1.0,,,,,6250,,,,0.0,,0.0,,0.0
,,,0.0031250000465661287,,0.8828125,,,,,,,,,,,1.0,1.0,,,,,6251,,,,0.0,,0.0,,0.0
,,,0.03978244215250015,,0.8294483423233032,,,,,,,,,,,1.0,1.0,,,,,6252,,,,0.0,,0.0,,0.0
,,,0.015625,,0.6875,,,,,,,,,,,1.0,1.0,,,,,6253,,,,0.0,,0.0,,0.0
,,,0.0065104165114462376,,0.6640625,,,,,,,,,,,1.0,1.0,,,,,6254,,,,0.0,,0.0,,0.0
,,,0.014173229224979877,,0.6692913174629211,,,,,,,,,,,1.0,1.0,,,,,6255,,,,0.0,,0.0,,0.0
67,0.13854895532131195,0.16546966135501862,,0.6087031364440918,,,,,,,,,,,,,,60.299007415771484,508957.59375,4.099315643310547,467.1279296875,15027,,,0.0,,0.0,,0.0,
67,,,,,,1.5134339332580566,,-17.754791259765625,,8.557515144348145,,,,,,,,,,,,15027,2.448976993560791,,,,,,,
,,,,,,,,,,,,,,0.00011201827927008079,0.03,,,,,,,15049,,,,,,,,
68,,,,,,,1.5267302989959717,,-17.765670776367188,,8.8828125,0.00011198996071470901,0.029999999329447746,,,1.0,1.0,,,,,15049,,2.715334892272949,,,,,,
,,,,,,,,,,,,,,0.00011060513529544525,0.03,,,,,,,15099,,,,,,,,
68,,,,,,,1.5025742053985596,,-17.76598358154297,,8.359375,0.00011057692609028891,0.029999999329447746,,,1.0,1.0,,,,,15099,,2.5150861740112305,,,,,,
,,,,,,,,,,,,,,0.00010919757925198721,0.03,,,,,,,15149,,,,,,,,
68,,,,,,,1.516849160194397,,-17.748958587646484,,8.59375,0.00010916948667727411,0.029999999329447746,,,1.0,1.0,,,,,15149,,2.1410624980926514,,,,,,
,,,,,,,,,,,,,,0.00010779569892739755,0.03,,,,,,,15199,,,,,,,,
68,,,,,,,1.4979361295700073,,-17.755708694458008,,7.796875,0.00010776772251119837,0.029999999329447746,,,1.0,1.0,,,,,15199,,2.2643752098083496,,,,,,
,,,0.0078125,,0.9375,,,,,,,,,,,1.0,1.0,,,,,6256,,,,0.0,,0.0,,0.0
,,,0.0065104165114462376,,0.9453125,,,,,,,,,,,1.0,1.0,,,,,6257,,,,0.0,,0.0,,0.0
,,,0.016606422141194344,,0.90117347240448,,,,,,,,,,,1.0,1.0,,,,,6258,,,,0.0,,0.0,,0.0
,,,0.0062500000931322575,,0.84375,,,,,,,,,,,1.0,1.0,,,,,6259,,,,0.0,,0.0,,0.0
,,,0.0078125,,0.828125,,,,,,,,,,,1.0,1.0,,,,,6260,,,,0.0,,0.0,,0.0
,,,0.0012019231216982007,,0.5352563858032227,,,,,,,,,,,1.0,1.0,,,,,6261,,,,0.0,,0.0,,0.0
,,,0.0,,0.234375,,,,,,,,,,,1.0,1.0,,,,,6262,,,,0.0,,0.0,,0.0
,,,0.0,,0.28125,,,,,,,,,,,1.0,1.0,,,,,6263,,,,0.0,,0.0,,0.0
,,,0.06363636255264282,,0.599056601524353,,,,,,,,,,,1.0,1.0,,,,,6264,,,,0.0,,0.0,,0.0
,,,0.04531250149011612,,1.0,,,,,,,,,,,1.0,1.0,,,,,6265,,,,0.0,,0.0,,0.0
,,,0.03593749925494194,,0.9765625,,,,,,,,,,,1.0,1.0,,,,,6266,,,,0.0,,0.0,,0.0
,,,0.0338541679084301,,1.0,,,,,,,,,,,1.0,1.0,,,,,6267,,,,0.0,,0.0,,0.0
,,,0.12495238333940506,,0.8079999685287476,,,,,,,,,,,1.0,1.0,,,,,6268,,,,0.0,,0.0,,0.0
,,,0.02994791604578495,,0.59375,,,,,,,,,,,1.0,1.0,,,,,6269,,,,0.0,,0.0,,0.0
,,,0.0338541679084301,,0.5625,,,,,,,,,,,1.0,1.0,,,,,6270,,,,0.0,,0.0,,0.0
,,,0.12776221334934235,,0.7777777910232544,,,,,,,,,,,1.0,1.0,,,,,6271,,,,0.0,,0.0,,0.0
,,,0.1028645858168602,,1.0,,,,,,,,,,,1.0,1.0,,,,,6272,,,,0.0,,0.0,,0.0
,,,0.1171875,,0.9921875,,,,,,,,,,,1.0,1.0,,,,,6273,,,,0.0,,0.0,,0.0
,,,0.0714285746216774,,0.511904776096344,,,,,,,,,,,1.0,1.0,,,,,6274,,,,0.0,,0.0,,0.0
,,,0.0,,0.0390625,,,,,,,,,,,1.0,1.0,,,,,6275,,,,0.0,,0.0,,0.0
,,,0.0,,0.0078125,,,,,,,,,,,1.0,1.0,,,,,6276,,,,0.0,,0.0,,0.0
,,,0.005870841443538666,,0.2762141823768616,,,,,,,,,,,1.0,1.0,,,,,6277,,,,0.0,,0.0,,0.0
,,,0.005580357275903225,,0.53125,,,,,,,,,,,1.0,1.0,,,,,6278,,,,0.0,,0.0,,0.0
,,,0.0078125,,0.5234375,,,,,,,,,,,1.0,1.0,,,,,6279,,,,0.0,,0.0,,0.0
,,,0.06034482643008232,,0.75,,,,,,,,,,,1.0,1.0,,,,,6280,,,,0.0,,0.0,,0.0
,,,0.08906249701976776,,1.0,,,,,,,,,,,1.0,1.0,,,,,6281,,,,0.0,,0.0,,0.0
,,,0.0572916679084301,,1.0,,,,,,,,,,,1.0,1.0,,,,,6282,,,,0.0,,0.0,,0.0
,,,0.06857142597436905,,0.5310691595077515,,,,,,,,,,,1.0,1.0,,,,,6283,,,,0.0,,0.0,,0.0
,,,0.0,,0.0390625,,,,,,,,,,,1.0,1.0,,,,,6284,,,,0.0,,0.0,,0.0
,,,0.0,,0.0703125,,,,,,,,,,,1.0,1.0,,,,,6285,,,,0.0,,0.0,,0.0
,,,0.009966777637600899,,0.48303693532943726,,,,,,,,,,,1.0,1.0,,,,,6286,,,,0.0,,0.0,,0.0
,,,0.01171875,,0.9296875,,,,,,,,,,,1.0,1.0,,,,,6287,,,,0.0,,0.0,,0.0
,,,0.01171875,,0.9453125,,,,,,,,,,,1.0,1.0,,,,,6288,,,,0.0,,0.0,,0.0
,,,0.023786066100001335,,0.9155172109603882,,,,,,,,,,,1.0,1.0,,,,,6289,,,,0.0,,0.0,,0.0
,,,0.0026041667442768812,,0.7890625,,,,,,,,,,,1.0,1.0,,,,,6290,,,,0.0,,0.0,,0.0
,,,0.0078125,,0.796875,,,,,,,,,,,1.0,1.0,,,,,6291,,,,0.0,,0.0,,0.0
,,,0.0023419202771037817,,0.5523611307144165,,,,,,,,,,,1.0,1.0,,,,,6292,,,,0.0,,0.0,,0.0
,,,0.0,,0.2890625,,,,,,,,,,,1.0,1.0,,,,,6293,,,,0.0,,0.0,,0.0
,,,0.0,,0.296875,,,,,,,,,,,1.0,1.0,,,,,6294,,,,0.0,,0.0,,0.0
,,,0.04395604506134987,,0.571672797203064,,,,,,,,,,,1.0,1.0,,,,,6295,,,,0.0,,0.0,,0.0
,,,0.0368303582072258,,0.9765625,,,,,,,,,,,1.0,1.0,,,,,6296,,,,0.0,,0.0,,0.0
,,,0.02864583395421505,,0.9921875,,,,,,,,,,,1.0,1.0,,,,,6297,,,,0.0,,0.0,,0.0
,,,0.04261363670229912,,0.824999988079071,,,,,,,,,,,1.0,1.0,,,,,6298,,,,0.0,,0.0,,0.0
,,,0.02790178544819355,,0.609375,,,,,,,,,,,1.0,1.0,,,,,6299,,,,0.0,,0.0,,0.0
,,,0.0245535708963871,,0.515625,,,,,,,,,,,1.0,1.0,,,,,6300,,,,0.0,,0.0,,0.0
,,,0.14111389219760895,,0.7765957117080688,,,,,,,,,,,1.0,1.0,,,,,6301,,,,0.0,,0.0,,0.0
,,,0.1041666641831398,,1.0,,,,,,,,,,,1.0,1.0,,,,,6302,,,,0.0,,0.0,,0.0
,,,0.08984375,,0.9921875,,,,,,,,,,,1.0,1.0,,,,,6303,,,,0.0,,0.0,,0.0
,,,0.12968750298023224,,0.9921875,,,,,,,,,,,1.0,1.0,,,,,6304,,,,0.0,,0.0,,0.0
,,,0.0,,0.5236220359802246,,,,,,,,,,,1.0,1.0,,,,,6305,,,,0.0,,0.0,,0.0
,,,0.0,,0.03125,,,,,,,,,,,1.0,1.0,,,,,6306,,,,0.0,,0.0,,0.0
,,,0.0,,0.0234375,,,,,,,,,,,1.0,1.0,,,,,6307,,,,0.0,,0.0,,0.0
,,,0.00754310330376029,,0.3117816150188446,,,,,,,,,,,1.0,1.0,,,,,6308,,,,0.0,,0.0,,0.0
,,,0.0033482143189758062,,0.5234375,,,,,,,,,,,1.0,1.0,,,,,6309,,,,0.0,,0.0,,0.0
,,,0.0011160714784637094,,0.53125,,,,,,,,,,,1.0,1.0,,,,,6310,,,,0.0,,0.0,,0.0
,,,0.07590759545564651,,0.7407407760620117,,,,,,,,,,,1.0,1.0,,,,,6311,,,,0.0,,0.0,,0.0
,,,0.09375,,1.0,,,,,,,,,,,1.0,1.0,,,,,6312,,,,0.0,,0.0,,0.0
,,,0.0690104141831398,,0.9921875,,,,,,,,,,,1.0,1.0,,,,,6313,,,,0.0,,0.0,,0.0
,,,0.0401785708963871,,0.5208333134651184,,,,,,,,,,,1.0,1.0,,,,,6314,,,,0.0,,0.0,,0.0
,,,0.0,,0.078125,,,,,,,,,,,1.0,1.0,,,,,6315,,,,0.0,,0.0,,0.0
,,,0.0,,0.0703125,,,,,,,,,,,1.0,1.0,,,,,6316,,,,0.0,,0.0,,0.0
,,,0.007267442066222429,,0.4714839458465576,,,,,,,,,,,1.0,1.0,,,,,6317,,,,0.0,,0.0,,0.0
,,,0.010044642724096775,,0.8984375,,,,,,,,,,,1.0,1.0,,,,,6318,,,,0.0,,0.0,,0.0
,,,0.0167410708963871,,0.9375,,,,,,,,,,,1.0,1.0,,,,,6319,,,,0.0,,0.0,,0.0
,,,0.007079645991325378,,0.9115043878555298,,,,,,,,,,,1.0,1.0,,,,,6320,,,,0.0,,0.0,,0.0
,,,0.0078125,,0.734375,,,,,,,,,,,1.0,1.0,,,,,6321,,,,0.0,,0.0,,0.0
,,,0.004687500186264515,,0.78125,,,,,,,,,,,1.0,1.0,,,,,6322,,,,0.0,,0.0,,0.0
,,,0.0069444444961845875,,0.5388889312744141,,,,,,,,,,,1.0,1.0,,,,,6323,,,,0.0,,0.0,,0.0
,,,0.0,,0.2890625,,,,,,,,,,,1.0,1.0,,,,,6324,,,,0.0,,0.0,,0.0
,,,0.0,,0.265625,,,,,,,,,,,1.0,1.0,,,,,6325,,,,0.0,,0.0,,0.0
,,,0.04497354477643967,,0.574999988079071,,,,,,,,,,,1.0,1.0,,,,,6326,,,,0.0,,0.0,,0.0
,,,0.02678571455180645,,0.9765625,,,,,,,,,,,1.0,1.0,,,,,6327,,,,0.0,,0.0,,0.0
,,,0.0390625,,1.0,,,,,,,,,,,1.0,1.0,,,,,6328,,,,0.0,,0.0,,0.0
,,,0.06245936453342438,,0.8313252925872803,,,,,,,,,,,1.0,1.0,,,,,6329,,,,0.0,,0.0,,0.0
,,,0.0234375,,0.6328125,,,,,,,,,,,1.0,1.0,,,,,6330,,,,0.0,,0.0,,0.0
,,,0.03515625,,0.515625,,,,,,,,,,,1.0,1.0,,,,,6331,,,,0.0,,0.0,,0.0
,,,0.135472372174263,,0.7941176891326904,,,,,,,,,,,1.0,1.0,,,,,6332,,,,0.0,,0.0,,0.0
,,,0.0837053582072258,,0.9921875,,,,,,,,,,,1.0,1.0,,,,,6333,,,,0.0,,0.0,,0.0
,,,0.09375,,1.0,,,,,,,,,,,1.0,1.0,,,,,6334,,,,0.0,,0.0,,0.0
,,,0.08305647224187851,,0.5357142686843872,,,,,,,,,,,1.0,1.0,,,,,6335,,,,0.0,,0.0,,0.0
,,,0.0,,0.046875,,,,,,,,,,,1.0,1.0,,,,,6336,,,,0.0,,0.0,,0.0
,,,0.0,,0.0234375,,,,,,,,,,,1.0,1.0,,,,,6337,,,,0.0,,0.0,,0.0
,,,0.004608294926583767,,0.24642500281333923,,,,,,,,,,,1.0,1.0,,,,,6338,,,,0.0,,0.0,,0.0
,,,0.009114583022892475,,0.515625,,,,,,,,,,,1.0,1.0,,,,,6339,,,,0.0,,0.0,,0.0
,,,0.0033482143189758062,,0.53125,,,,,,,,,,,1.0,1.0,,,,,6340,,,,0.0,,0.0,,0.0
,,,0.08673468977212906,,0.7544642686843872,,,,,,,,,,,1.0,1.0,,,,,6341,,,,0.0,,0.0,,0.0
,,,0.115234375,,1.0,,,,,,,,,,,1.0,1.0,,,,,6342,,,,0.0,,0.0,,0.0
,,,0.0690104141831398,,1.0,,,,,,,,,,,1.0,1.0,,,,,6343,,,,0.0,,0.0,,0.0
,,,0.07281607389450073,,0.5823620557785034,,,,,,,,,,,1.0,1.0,,,,,6344,,,,0.0,,0.0,,0.0
,,,0.0,,0.0546875,,,,,,,,,,,1.0,1.0,,,,,6345,,,,0.0,,0.0,,0.0
,,,0.0,,0.0859375,,,,,,,,,,,1.0,1.0,,,,,6346,,,,0.0,,0.0,,0.0
,,,0.001124859438277781,,0.07874015718698502,,,,,,,,,,,1.0,1.0,,,,,6347,,,,0.0,,0.0,,0.0
68,0.13152098655700684,0.15797677636146545,,0.6184638738632202,,,,,,,,,,,,,,61.770328521728516,551076.3125,4.123423099517822,465.3756103515625,15248,,,0.0,,0.0,,0.0,
68,,,,,,1.5094728469848633,,-17.759693145751953,,8.422175407409668,,,,,,,,,,,,15248,2.4615402221679688,,,,,,,
,,,,,,,,,,,,,,0.00010639958175537897,0.03,,,,,,,15249,,,,,,,,
69,,,,,,,1.514223575592041,,-17.753856658935547,,8.3515625,0.00010637172090355307,0.029999999329447746,,,,,,,,,15249,,2.397167205810547,,,,,,
,,,,,,,,,,,,,,0.00010500931481019316,0.03,,,,,,,15299,,,,,,,,
69,,,,,,,1.4990233182907104,,-17.751306533813477,,8.03125,0.00010498156916582957,0.029999999329447746,,,1.0,1.0,,,,,15299,,2.134218454360962,,,,,,
,,,,,,,,,,,,,,0.00010362498480122925,0.03,,,,,,,15349,,,,,,,,
69,,,,,,,1.4931435585021973,,-17.76573371887207,,8.1171875,0.00010359736188547686,0.029999999329447746,,,1.0,1.0,,,,,15349,,2.3015966415405273,,,,,,
,,,,,,,,,,,,,,0.00010224667806759671,0.03,,,,,,,15399,,,,,,,,
69,,,,,,,1.5176187753677368,,-17.762208938598633,,8.65625,0.00010221917182207108,0.029999999329447746,,,1.0,1.0,,,,,15399,,2.4344935417175293,,,,,,
,,,,,,,,,,,,,,0.00010087448057273998,0.03,,,,,,,15449,,,,,,,,
69,,,,,,,1.5232083797454834,,-17.756628036499023,,8.6953125,0.00010084710083901882,0.029999999329447746,,,1.0,1.0,,,,,15449,,2.534566879272461,,,,,,
,,,0.0,,0.5546875,,,,,,,,,,,1.0,1.0,,,,,6348,,,,0.0,,0.0,,0.0
,,,0.0,,0.6484375,,,,,,,,,,,1.0,1.0,,,,,6349,,,,0.0,,0.0,,0.0
,,,0.0014144271844998002,,0.7093876004219055,,,,,,,,,,,1.0,1.0,,,,,6350,,,,0.0,,0.0,,0.0
,,,0.0,,0.7109375,,,,,,,,,,,1.0,1.0,,,,,6351,,,,0.0,,0.0,,0.0
,,,0.0052083334885537624,,0.734375,,,,,,,,,,,1.0,1.0,,,,,6352,,,,0.0,,0.0,,0.0
,,,0.0,,0.5320512652397156,,,,,,,,,,,1.0,1.0,,,,,6353,,,,0.0,,0.0,,0.0
,,,0.0,,0.1953125,,,,,,,,,,,1.0,1.0,,,,,6354,,,,0.0,,0.0,,0.0
,,,0.0,,0.2421875,,,,,,,,,,,1.0,1.0,,,,,6355,,,,0.0,,0.0,,0.0
,,,0.0,,0.27701544761657715,,,,,,,,,,,1.0,1.0,,,,,6356,,,,0.0,,0.0,,0.0
,,,0.0,,0.2421875,,,,,,,,,,,1.0,1.0,,,,,6357,,,,0.0,,0.0,,0.0
,,,0.0,,0.21875,,,,,,,,,,,1.0,1.0,,,,,6358,,,,0.0,,0.0,,0.0
,,,0.0,,0.265625,,,,,,,,,,,1.0,1.0,,,,,6359,,,,0.0,,0.0,,0.0
,,,0.06079999729990959,,0.7613333463668823,,,,,,,,,,,1.0,1.0,,,,,6360,,,,0.0,,0.0,,0.0
,,,0.072265625,,0.765625,,,,,,,,,,,1.0,1.0,,,,,6361,,,,0.0,,0.0,,0.0
,,,0.080078125,,0.78125,,,,,,,,,,,1.0,1.0,,,,,6362,,,,0.0,,0.0,,0.0
,,,0.05284780636429787,,0.9444444179534912,,,,,,,,,,,1.0,1.0,,,,,6363,,,,0.0,,0.0,,0.0
,,,0.01953125,,1.0,,,,,,,,,,,1.0,1.0,,,,,6364,,,,0.0,,0.0,,0.0
,,,0.02604166604578495,,1.0,,,,,,,,,,,1.0,1.0,,,,,6365,,,,0.0,,0.0,,0.0
,,,0.24648268520832062,,1.0,,,,,,,,,,,1.0,1.0,,,,,6366,,,,0.0,,0.0,,0.0
,,,0.3125,,1.0,,,,,,,,,,,1.0,1.0,,,,,6367,,,,0.0,,0.0,,0.0
,,,0.3203125,,1.0,,,,,,,,,,,1.0,1.0,,,,,6368,,,,0.0,,0.0,,0.0
,,,0.19272726774215698,,0.5753424763679504,,,,,,,,,,,1.0,1.0,,,,,6369,,,,0.0,,0.0,,0.0
,,,0.0,,0.140625,,,,,,,,,,,1.0,1.0,,,,,6370,,,,0.0,,0.0,,0.0
,,,0.0,,0.109375,,,,,,,,,,,1.0,1.0,,,,,6371,,,,0.0,,0.0,,0.0
,,,0.031034480780363083,,0.5571428537368774,,,,,,,,,,,1.0,1.0,,,,,6372,,,,0.0,,0.0,,0.0
,,,0.037109375,,0.9921875,,,,,,,,,,,1.0,1.0,,,,,6373,,,,0.0,,0.0,,0.0
,,,0.041015625,,0.9921875,,,,,,,,,,,1.0,1.0,,,,,6374,,,,0.0,,0.0,,0.0
,,,0.03844024986028671,,0.8762264251708984,,,,,,,,,,,1.0,1.0,,,,,6375,,,,0.0,,0.0,,0.0
,,,0.0,,0.78125,,,,,,,,,,,1.0,1.0,,,,,6376,,,,0.0,,0.0,,0.0
,,,0.0062500000931322575,,0.765625,,,,,,,,,,,1.0,1.0,,,,,6377,,,,0.0,,0.0,,0.0
,,,0.0,,0.6441860198974609,,,,,,,,,,,1.0,1.0,,,,,6378,,,,0.0,,0.0,,0.0
,,,0.0,,0.5703125,,,,,,,,,,,1.0,1.0,,,,,6379,,,,0.0,,0.0,,0.0
,,,0.0,,0.5859375,,,,,,,,,,,1.0,1.0,,,,,6380,,,,0.0,,0.0,,0.0
,,,0.0023809524718672037,,0.690640389919281,,,,,,,,,,,1.0,1.0,,,,,6381,,,,0.0,,0.0,,0.0
,,,0.0015625000232830644,,0.59375,,,,,,,,,,,1.0,1.0,,,,,6382,,,,0.0,,0.0,,0.0
,,,0.0026041667442768812,,0.7421875,,,,,,,,,,,1.0,1.0,,,,,6383,,,,0.0,,0.0,,0.0
,,,0.0,,0.5017127394676208,,,,,,,,,,,1.0,1.0,,,,,6384,,,,0.0,,0.0,,0.0
,,,0.0,,0.21875,,,,,,,,,,,1.0,1.0,,,,,6385,,,,0.0,,0.0,,0.0
,,,0.0,,0.265625,,,,,,,,,,,1.0,1.0,,,,,6386,,,,0.0,,0.0,,0.0
,,,0.0,,0.25054946541786194,,,,,,,,,,,1.0,1.0,,,,,6387,,,,0.0,,0.0,,0.0
,,,0.0,,0.2421875,,,,,,,,,,,1.0,1.0,,,,,6388,,,,0.0,,0.0,,0.0
,,,0.0,,0.25,,,,,,,,,,,1.0,1.0,,,,,6389,,,,0.0,,0.0,,0.0
,,,0.054999999701976776,,0.5613636374473572,,,,,,,,,,,1.0,1.0,,,,,6390,,,,0.0,,0.0,,0.0
,,,0.0703125,,0.7734375,,,,,,,,,,,1.0,1.0,,,,,6391,,,,0.0,,0.0,,0.0
,,,0.05624999850988388,,0.7890625,,,,,,,,,,,1.0,1.0,,,,,6392,,,,0.0,,0.0,,0.0
,,,0.10653942078351974,,0.8989361524581909,,,,,,,,,,,1.0,1.0,,,,,6393,,,,0.0,,0.0,,0.0
,,,0.01822916604578495,,1.0,,,,,,,,,,,1.0,1.0,,,,,6394,,,,0.0,,0.0,,0.0
,,,0.021484375,,1.0,,,,,,,,,,,1.0,1.0,,,,,6395,,,,0.0,,0.0,,0.0
,,,0.017578125,,1.0,,,,,,,,,,,1.0,1.0,,,,,6396,,,,0.0,,0.0,,0.0
,,,0.2303149551153183,,1.0,,,,,,,,,,,1.0,1.0,,,,,6397,,,,0.0,,0.0,,0.0
,,,0.240234375,,1.0,,,,,,,,,,,1.0,1.0,,,,,6398,,,,0.0,,0.0,,0.0
,,,0.236328125,,1.0,,,,,,,,,,,1.0,1.0,,,,,6399,,,,0.0,,0.0,,0.0
,,,0.1190476194024086,,0.5905172228813171,,,,,,,,,,,1.0,1.0,,,,,6400,,,,0.0,,0.0,,0.0
,,,0.0,,0.125,,,,,,,,,,,1.0,1.0,,,,,6401,,,,0.0,,0.0,,0.0
,,,0.0,,0.109375,,,,,,,,,,,1.0,1.0,,,,,6402,,,,0.0,,0.0,,0.0
,,,0.02772277221083641,,0.5740740895271301,,,,,,,,,,,1.0,1.0,,,,,6403,,,,0.0,,0.0,,0.0
,,,0.046875,,0.9921875,,,,,,,,,,,1.0,1.0,,,,,6404,,,,0.0,,0.0,,0.0
,,,0.015625,,0.984375,,,,,,,,,,,1.0,1.0,,,,,6405,,,,0.0,,0.0,,0.0
,,,0.0295138880610466,,0.8854166269302368,,,,,,,,,,,1.0,1.0,,,,,6406,,,,0.0,,0.0,,0.0
,,,0.0,,0.8125,,,,,,,,,,,1.0,1.0,,,,,6407,,,,0.0,,0.0,,0.0
,,,0.0031250000465661287,,0.8046875,,,,,,,,,,,1.0,1.0,,,,,6408,,,,0.0,,0.0,,0.0
,,,0.0,,0.6486710906028748,,,,,,,,,,,1.0,1.0,,,,,6409,,,,0.0,,0.0,,0.0
,,,0.0,,0.546875,,,,,,,,,,,1.0,1.0,,,,,6410,,,,0.0,,0.0,,0.0
,,,0.0,,0.6484375,,,,,,,,,,,1.0,1.0,,,,,6411,,,,0.0,,0.0,,0.0
,,,0.0014749262481927872,,0.7539823055267334,,,,,,,,,,,1.0,1.0,,,,,6412,,,,0.0,,0.0,,0.0
,,,0.0,,0.734375,,,,,,,,,,,1.0,1.0,,,,,6413,,,,0.0,,0.0,,0.0
,,,0.0,,0.7421875,,,,,,,,,,,1.0,1.0,,,,,6414,,,,0.0,,0.0,,0.0
,,,0.0,,0.45202019810676575,,,,,,,,,,,1.0,1.0,,,,,6415,,,,0.0,,0.0,,0.0
,,,0.0,,0.2890625,,,,,,,,,,,1.0,1.0,,,,,6416,,,,0.0,,0.0,,0.0
,,,0.0,,0.2265625,,,,,,,,,,,1.0,1.0,,,,,6417,,,,0.0,,0.0,,0.0
,,,0.0,,0.17499999701976776,,,,,,,,,,,1.0,1.0,,,,,6418,,,,0.0,,0.0,,0.0
,,,0.0,,0.2421875,,,,,,,,,,,1.0,1.0,,,,,6419,,,,0.0,,0.0,,0.0
,,,0.0,,0.25,,,,,,,,,,,1.0,1.0,,,,,6420,,,,0.0,,0.0,,0.0
,,,0.06746987998485565,,0.5661311745643616,,,,,,,,,,,1.0,1.0,,,,,6421,,,,0.0,,0.0,,0.0
,,,0.0703125,,0.734375,,,,,,,,,,,1.0,1.0,,,,,6422,,,,0.0,,0.0,,0.0
,,,0.05937499925494194,,0.8046875,,,,,,,,,,,1.0,1.0,,,,,6423,,,,0.0,,0.0,,0.0
,,,0.07435701787471771,,0.9019607901573181,,,,,,,,,,,1.0,1.0,,,,,6424,,,,0.0,,0.0,,0.0
,,,0.0078125,,1.0,,,,,,,,,,,1.0,1.0,,,,,6425,,,,0.0,,0.0,,0.0
,,,0.015625,,1.0,,,,,,,,,,,1.0,1.0,,,,,6426,,,,0.0,,0.0,,0.0
,,,0.34053152799606323,,1.0,,,,,,,,,,,1.0,1.0,,,,,6427,,,,0.0,,0.0,,0.0
,,,0.3203125,,1.0,,,,,,,,,,,1.0,1.0,,,,,6428,,,,0.0,,0.0,,0.0
,,,0.23828125,,0.9921875,,,,,,,,,,,1.0,1.0,,,,,6429,,,,0.0,,0.0,,0.0
,,,0.1855670064687729,,0.5645161271095276,,,,,,,,,,,1.0,1.0,,,,,6430,,,,0.0,,0.0,,0.0
,,,0.0,,0.1484375,,,,,,,,,,,1.0,1.0,,,,,6431,,,,0.0,,0.0,,0.0
,,,0.0,,0.1328125,,,,,,,,,,,1.0,1.0,,,,,6432,,,,0.0,,0.0,,0.0
,,,0.0625,,0.5446428656578064,,,,,,,,,,,1.0,1.0,,,,,6433,,,,0.0,,0.0,,0.0
,,,0.0442708320915699,,0.9921875,,,,,,,,,,,1.0,1.0,,,,,6434,,,,0.0,,0.0,,0.0
,,,0.029296875,,0.9921875,,,,,,,,,,,1.0,1.0,,,,,6435,,,,0.0,,0.0,,0.0
,,,0.023931624367833138,,0.9459984302520752,,,,,,,,,,,1.0,1.0,,,,,6436,,,,0.0,,0.0,,0.0
,,,0.0013020833721384406,,0.8046875,,,,,,,,,,,1.0,1.0,,,,,6437,,,,0.0,,0.0,,0.0
,,,0.0031250000465661287,,0.7421875,,,,,,,,,,,1.0,1.0,,,,,6438,,,,0.0,,0.0,,0.0
,,,0.0,,0.8582677245140076,,,,,,,,,,,1.0,1.0,,,,,6439,,,,0.0,,0.0,,0.0
69,0.14091184735298157,0.14694447815418243,,0.6502261161804199,,,,,,,,,,,,,,57.68642044067383,616400.875,4.0550217628479,471.3093566894531,15469,,,0.0,,0.0,,0.0,
69,,,,,,1.5104507207870483,,-17.760955810546875,,8.471419334411621,,,,,,,,,,,,15469,2.431093215942383,,,,,,,
,,,,,,,,,,,,,,9.950847789907682e-05,0.03,,,,,,,15499,,,,,,,,
70,,,,,,,1.515580177307129,,-17.768573760986328,,8.671875,9.948122169589624e-05,0.029999999329447746,,,1.0,1.0,,,,,15499,,2.4617176055908203,,,,,,
,,,,,,,,,,,,,,9.814875524266132e-05,0.03,,,,,,,15549,,,,,,,,
70,,,,,,,1.5075318813323975,,-17.753494262695312,,8.3515625,9.812162898015231e-05,0.029999999329447746,,,1.0,1.0,,,,,15549,,2.403252601623535,,,,,,
,,,,,,,,,,,,,,9.679539740786993e-05,0.03,,,,,,,15599,,,,,,,,
70,,,,,,,1.5067781209945679,,-17.757661819458008,,8.234375,9.676839545136318e-05,0.029999999329447746,,,1.0,1.0,,,,,15599,,2.243359088897705,,,,,,
,,,,,,,,,,,,,,9.544848880211213e-05,0.03,,,,,,,15649,,,,,,,,
70,,,,,,,1.499876856803894,,-17.7575740814209,,7.8984375,9.542161569697782e-05,0.029999999329447746,,,1.0,1.0,,,,,15649,,2.4736011028289795,,,,,,
,,,0.0399305559694767,,0.8671875,,,,,,,,,,,1.0,1.0,,,,,6440,,,,0.0,,0.0,,0.0
,,,0.0434027761220932,,0.890625,,,,,,,,,,,1.0,1.0,,,,,6441,,,,0.0,,0.0,,0.0
,,,0.10406225174665451,,0.9270260334014893,,,,,,,,,,,1.0,1.0,,,,,6442,,,,0.0,,0.0,,0.0
,,,0.0668402761220932,,0.953125,,,,,,,,,,,1.0,1.0,,,,,6443,,,,0.0,,0.0,,0.0
,,,0.0712890625,,0.9296875,,,,,,,,,,,1.0,1.0,,,,,6444,,,,0.0,,0.0,,0.0
,,,0.07799144834280014,,0.8766025304794312,,,,,,,,,,,1.0,1.0,,,,,6445,,,,0.0,,0.0,,0.0
,,,0.0146484375,,0.65625,,,,,,,,,,,1.0,1.0,,,,,6446,,,,0.0,,0.0,,0.0
,,,0.009765625,,0.734375,,,,,,,,,,,1.0,1.0,,,,,6447,,,,0.0,,0.0,,0.0
,,,0.015532685443758965,,0.7024013996124268,,,,,,,,,,,1.0,1.0,,,,,6448,,,,0.0,,0.0,,0.0
,,,0.0234375,,0.8359375,,,,,,,,,,,1.0,1.0,,,,,6449,,,,0.0,,0.0,,0.0
,,,0.017578125,,0.859375,,,,,,,,,,,1.0,1.0,,,,,6450,,,,0.0,,0.0,,0.0
,,,0.0234375,,0.8515625,,,,,,,,,,,1.0,1.0,,,,,6451,,,,0.0,,0.0,,0.0
,,,0.07100000232458115,,0.9399999976158142,,,,,,,,,,,1.0,1.0,,,,,6452,,,,0.0,,0.0,,0.0
,,,0.0693359375,,0.796875,,,,,,,,,,,1.0,1.0,,,,,6453,,,,0.0,,0.0,,0.0
,,,0.068359375,,0.796875,,,,,,,,,,,1.0,1.0,,,,,6454,,,,0.0,,0.0,,0.0
,,,0.06826435029506683,,0.8604108095169067,,,,,,,,,,,1.0,1.0,,,,,6455,,,,0.0,,0.0,,0.0
,,,0.0086805559694767,,0.84375,,,,,,,,,,,1.0,1.0,,,,,6456,,,,0.0,,0.0,,0.0
,,,0.009765625,,0.84375,,,,,,,,,,,1.0,1.0,,,,,6457,,,,0.0,,0.0,,0.0
,,,0.0025252525229007006,,0.4166666567325592,,,,,,,,,,,1.0,1.0,,,,,6458,,,,0.0,,0.0,,0.0
,,,0.0007812500116415322,,0.1328125,,,,,,,,,,,1.0,1.0,,,,,6459,,,,0.0,,0.0,,0.0
,,,0.0,,0.09375,,,,,,,,,,,1.0,1.0,,,,,6460,,,,0.0,,0.0,,0.0
,,,0.005479452200233936,,0.32602739334106445,,,,,,,,,,,1.0,1.0,,,,,6461,,,,0.0,,0.0,,0.0
,,,0.0048828125,,0.4375,,,,,,,,,,,1.0,1.0,,,,,6462,,,,0.0,,0.0,,0.0
,,,0.0034722222480922937,,0.4296875,,,,,,,,,,,1.0,1.0,,,,,6463,,,,0.0,,0.0,,0.0
,,,0.02900930494070053,,0.6194581389427185,,,,,,,,,,,1.0,1.0,,,,,6464,,,,0.0,,0.0,,0.0
,,,0.0341796875,,0.8359375,,,,,,,,,,,1.0,1.0,,,,,6465,,,,0.0,,0.0,,0.0
,,,0.0321180559694767,,0.8515625,,,,,,,,,,,1.0,1.0,,,,,6466,,,,0.0,,0.0,,0.0
,,,0.04512578994035721,,0.6802515983581543,,,,,,,,,,,1.0,1.0,,,,,6467,,,,0.0,,0.0,,0.0
,,,0.010416666977107525,,0.4375,,,,,,,,,,,1.0,1.0,,,,,6468,,,,0.0,,0.0,,0.0
,,,0.013671875,,0.4296875,,,,,,,,,,,1.0,1.0,,,,,6469,,,,0.0,,0.0,,0.0
,,,0.06265389919281006,,0.6482900381088257,,,,,,,,,,,1.0,1.0,,,,,6470,,,,0.0,,0.0,,0.0
,,,0.044921875,,0.8828125,,,,,,,,,,,1.0,1.0,,,,,6471,,,,0.0,,0.0,,0.0
,,,0.0355902761220932,,0.8359375,,,,,,,,,,,1.0,1.0,,,,,6472,,,,0.0,,0.0,,0.0
,,,0.10049261152744293,,0.9268472790718079,,,,,,,,,,,1.0,1.0,,,,,6473,,,,0.0,,0.0,,0.0
,,,0.068359375,,0.953125,,,,,,,,,,,1.0,1.0,,,,,6474,,,,0.0,,0.0,,0.0
,,,0.0810546875,,0.953125,,,,,,,,,,,1.0,1.0,,,,,6475,,,,0.0,,0.0,,0.0
,,,0.0909387469291687,,0.8634695410728455,,,,,,,,,,,1.0,1.0,,,,,6476,,,,0.0,,0.0,,0.0
,,,0.017578125,,0.71875,,,,,,,,,,,1.0,1.0,,,,,6477,,,,0.0,,0.0,,0.0
,,,0.0126953125,,0.6328125,,,,,,,,,,,1.0,1.0,,,,,6478,,,,0.0,,0.0,,0.0
,,,0.029385430738329887,,0.7323565483093262,,,,,,,,,,,1.0,1.0,,,,,6479,,,,0.0,,0.0,,0.0
,,,0.0185546875,,0.765625,,,,,,,,,,,1.0,1.0,,,,,6480,,,,0.0,,0.0,,0.0
,,,0.0173611119389534,,0.84375,,,,,,,,,,,1.0,1.0,,,,,6481,,,,0.0,,0.0,,0.0
,,,0.09848485141992569,,0.8579545021057129,,,,,,,,,,,1.0,1.0,,,,,6482,,,,0.0,,0.0,,0.0
,,,0.0859375,,0.796875,,,,,,,,,,,1.0,1.0,,,,,6483,,,,0.0,,0.0,,0.0
,,,0.0712890625,,0.828125,,,,,,,,,,,1.0,1.0,,,,,6484,,,,0.0,,0.0,,0.0
,,,0.060005560517311096,,0.7359199523925781,,,,,,,,,,,1.0,1.0,,,,,6485,,,,0.0,,0.0,,0.0
,,,0.009765625,,0.8515625,,,,,,,,,,,1.0,1.0,,,,,6486,,,,0.0,,0.0,,0.0
,,,0.0087890625,,0.78125,,,,,,,,,,,1.0,1.0,,,,,6487,,,,0.0,,0.0,,0.0
,,,0.005859375,,0.8203125,,,,,,,,,,,1.0,1.0,,,,,6488,,,,0.0,,0.0,,0.0
,,,0.0,,0.5433070659637451,,,,,,,,,,,1.0,1.0,,,,,6489,,,,0.0,,0.0,,0.0
,,,0.0008680555620230734,,0.15625,,,,,,,,,,,1.0,1.0,,,,,6490,,,,0.0,,0.0,,0.0
,,,0.0,,0.1015625,,,,,,,,,,,1.0,1.0,,,,,6491,,,,0.0,,0.0,,0.0
,,,0.005172413773834705,,0.27729886770248413,,,,,,,,,,,1.0,1.0,,,,,6492,,,,0.0,,0.0,,0.0
,,,0.0031250000465661287,,0.4140625,,,,,,,,,,,1.0,1.0,,,,,6493,,,,0.0,,0.0,,0.0
,,,0.00390625,,0.4453125,,,,,,,,,,,1.0,1.0,,,,,6494,,,,0.0,,0.0,,0.0
,,,0.02721753530204296,,0.6046937704086304,,,,,,,,,,,1.0,1.0,,,,,6495,,,,0.0,,0.0,,0.0
,,,0.0390625,,0.828125,,,,,,,,,,,1.0,1.0,,,,,6496,,,,0.0,,0.0,,0.0
,,,0.02690972201526165,,0.8828125,,,,,,,,,,,1.0,1.0,,,,,6497,,,,0.0,,0.0,,0.0
,,,0.0403645820915699,,0.6510416269302368,,,,,,,,,,,1.0,1.0,,,,,6498,,,,0.0,,0.0,,0.0
,,,0.01128472201526165,,0.4296875,,,,,,,,,,,1.0,1.0,,,,,6499,,,,0.0,,0.0,,0.0
,,,0.01171875,,0.4375,,,,,,,,,,,1.0,1.0,,,,,6500,,,,0.0,,0.0,,0.0
,,,0.0657530426979065,,0.6508859395980835,,,,,,,,,,,1.0,1.0,,,,,6501,,,,0.0,,0.0,,0.0
,,,0.0419921875,,0.8828125,,,,,,,,,,,1.0,1.0,,,,,6502,,,,0.0,,0.0,,0.0
,,,0.0364583320915699,,0.8671875,,,,,,,,,,,1.0,1.0,,,,,6503,,,,0.0,,0.0,,0.0
,,,0.0925598219037056,,0.8690265417098999,,,,,,,,,,,1.0,1.0,,,,,6504,,,,0.0,,0.0,,0.0
,,,0.06640625,,0.9453125,,,,,,,,,,,1.0,1.0,,,,,6505,,,,0.0,,0.0,,0.0
,,,0.0694444477558136,,0.953125,,,,,,,,,,,1.0,1.0,,,,,6506,,,,0.0,,0.0,,0.0
,,,0.1176767647266388,,0.776262640953064,,,,,,,,,,,1.0,1.0,,,,,6507,,,,0.0,,0.0,,0.0
,,,0.0146484375,,0.7109375,,,,,,,,,,,1.0,1.0,,,,,6508,,,,0.0,,0.0,,0.0
,,,0.0147569440305233,,0.65625,,,,,,,,,,,1.0,1.0,,,,,6509,,,,0.0,,0.0,,0.0
,,,0.029398147016763687,,0.7166666984558105,,,,,,,,,,,1.0,1.0,,,,,6510,,,,0.0,,0.0,,0.0
,,,0.02083333395421505,,0.796875,,,,,,,,,,,1.0,1.0,,,,,6511,,,,0.0,,0.0,,0.0
,,,0.01822916604578495,,0.890625,,,,,,,,,,,1.0,1.0,,,,,6512,,,,0.0,,0.0,,0.0
,,,0.09543359279632568,,0.7985274791717529,,,,,,,,,,,1.0,1.0,,,,,6513,,,,0.0,,0.0,,0.0
,,,0.0572916679084301,,0.8203125,,,,,,,,,,,1.0,1.0,,,,,6514,,,,0.0,,0.0,,0.0
,,,0.0634765625,,0.8046875,,,,,,,,,,,1.0,1.0,,,,,6515,,,,0.0,,0.0,,0.0
,,,0.0623885914683342,,0.8078685998916626,,,,,,,,,,,1.0,1.0,,,,,6516,,,,0.0,,0.0,,0.0
,,,0.0107421875,,0.8515625,,,,,,,,,,,1.0,1.0,,,,,6517,,,,0.0,,0.0,,0.0
,,,0.0078125,,0.8359375,,,,,,,,,,,1.0,1.0,,,,,6518,,,,0.0,,0.0,,0.0
,,,0.005167958792299032,,0.4955703318119049,,,,,,,,,,,1.0,1.0,,,,,6519,,,,0.0,,0.0,,0.0
,,,0.0,,0.1171875,,,,,,,,,,,1.0,1.0,,,,,6520,,,,0.0,,0.0,,0.0
,,,0.0008680555620230734,,0.125,,,,,,,,,,,1.0,1.0,,,,,6521,,,,0.0,,0.0,,0.0
,,,0.0,,0.2238111048936844,,,,,,,,,,,1.0,1.0,,,,,6522,,,,0.0,,0.0,,0.0
,,,0.0052083334885537624,,0.4296875,,,,,,,,,,,1.0,1.0,,,,,6523,,,,0.0,,0.0,,0.0
,,,0.0008680555620230734,,0.40625,,,,,,,,,,,1.0,1.0,,,,,6524,,,,0.0,,0.0,,0.0
,,,0.02678571455180645,,0.6428571343421936,,,,,,,,,,,1.0,1.0,,,,,6525,,,,0.0,,0.0,,0.0
,,,0.0263671875,,0.7890625,,,,,,,,,,,1.0,1.0,,,,,6526,,,,0.0,,0.0,,0.0
,,,0.0338541679084301,,0.8203125,,,,,,,,,,,1.0,1.0,,,,,6527,,,,0.0,,0.0,,0.0
,,,0.05691530928015709,,0.691530704498291,,,,,,,,,,,1.0,1.0,,,,,6528,,,,0.0,,0.0,,0.0
,,,0.0086805559694767,,0.4921875,,,,,,,,,,,1.0,1.0,,,,,6529,,,,0.0,,0.0,,0.0
,,,0.0087890625,,0.390625,,,,,,,,,,,1.0,1.0,,,,,6530,,,,0.0,,0.0,,0.0
,,,0.019685039296746254,,0.4960629940032959,,,,,,,,,,,1.0,1.0,,,,,6531,,,,0.0,,0.0,,0.0
70,0.13849113881587982,0.22483639419078827,,0.6799029111862183,,,,,,,,,,,,,,61.23788833618164,826155.6875,4.1147661209106445,464.2083435058594,15690,,,0.0,,0.0,,0.0,
70,,,,,,1.5106539726257324,,-17.762434005737305,,8.427583694458008,,,,,,,,,,,,15690,2.4394161701202393,,,,,,,
,,,,,,,,,,,,,,9.410811343056625e-05,0.03,,,,,,,15699,,,,,,,,
71,,,,,,,1.4820767641067505,,-17.76900863647461,,7.54296875,9.408136975253001e-05,0.029999999329447746,,,1.0,1.0,,,,,15699,,2.415146827697754,,,,,,
,,,,,,,,,,,,,,9.277435489094022e-05,0.03,,,,,,,15749,,,,,,,,
71,,,,,,,1.534442663192749,,-17.755491256713867,,9.296875,9.27477449295111e-05,0.029999999329447746,,,1.0,1.0,,,,,15749,,2.3585033416748047,,,,,,
,,,,,,,,,,,,,,9.144729636825751e-05,0.03,,,,,,,15799,,,,,,,,
71,,,,,,,1.5079609155654907,,-17.771915435791016,,8.375,9.142082126345485e-05,0.029999999329447746,,,1.0,1.0,,,,,15799,,2.5109081268310547,,,,,,
,,,,,,,,,,,,,,9.012702062966914e-05,0.03,,,,,,,15849,,,,,,,,
71,,,,,,,1.5305678844451904,,-17.757225036621094,,8.8203125,9.010068606585264e-05,0.029999999329447746,,,1.0,1.0,,,,,15849,,2.3332278728485107,,,,,,
,,,,,,,,,,,,,,8.881361001929145e-05,0.03,,,,,,,15899,,,,,,,,
71,,,,,,,1.5040022134780884,,-17.746137619018555,,8.1640625,8.87874120962806e-05,0.029999999329447746,,,1.0,1.0,,,,,15899,,2.293327569961548,,,,,,
,,,0.0,,0.09375,,,,,,,,,,,1.0,1.0,,,,,6532,,,,0.0,,0.0,,0.0
,,,0.0,,0.0390625,,,,,,,,,,,1.0,1.0,,,,,6533,,,,0.0,,0.0,,0.0
,,,0.0,,0.12357902526855469,,,,,,,,,,,1.0,1.0,,,,,6534,,,,0.0,,0.0,,0.0
,,,0.0,,0.140625,,,,,,,,,,,1.0,1.0,,,,,6535,,,,0.0,,0.0,,0.0
,,,0.0,,0.1484375,,,,,,,,,,,1.0,1.0,,,,,6536,,,,0.0,,0.0,,0.0
,,,0.0,,0.2964743673801422,,,,,,,,,,,1.0,1.0,,,,,6537,,,,0.0,,0.0,,0.0
,,,0.0,,0.578125,,,,,,,,,,,1.0,1.0,,,,,6538,,,,0.0,,0.0,,0.0
,,,0.0,,0.4296875,,,,,,,,,,,1.0,1.0,,,,,6539,,,,0.0,,0.0,,0.0
,,,0.0,,0.33619213104248047,,,,,,,,,,,1.0,1.0,,,,,6540,,,,0.0,,0.0,,0.0
,,,0.0,,0.109375,,,,,,,,,,,1.0,1.0,,,,,6541,,,,0.0,,0.0,,0.0
,,,0.0,,0.09375,,,,,,,,,,,1.0,1.0,,,,,6542,,,,0.0,,0.0,,0.0
,,,0.0,,0.0546875,,,,,,,,,,,1.0,1.0,,,,,6543,,,,0.0,,0.0,,0.0
,,,0.07428570836782455,,0.4440000057220459,,,,,,,,,,,1.0,1.0,,,,,6544,,,,0.0,,0.0,,0.0
,,,0.08437500149011612,,0.859375,,,,,,,,,,,1.0,1.0,,,,,6545,,,,0.0,,0.0,,0.0
,,,0.08437500149011612,,0.828125,,,,,,,,,,,1.0,1.0,,,,,6546,,,,0.0,,0.0,,0.0
,,,0.09259259700775146,,0.8384687304496765,,,,,,,,,,,1.0,1.0,,,,,6547,,,,0.0,,0.0,,0.0
,,,0.0,,0.921875,,,,,,,,,,,1.0,1.0,,,,,6548,,,,0.0,,0.0,,0.0
,,,0.0,,0.9453125,,,,,,,,,,,1.0,1.0,,,,,6549,,,,0.0,,0.0,,0.0
,,,0.1269841343164444,,0.9545454978942871,,,,,,,,,,,1.0,1.0,,,,,6550,,,,0.0,,0.0,,0.0
,,,0.19921875,,0.9921875,,,,,,,,,,,1.0,1.0,,,,,6551,,,,0.0,,0.0,,0.0
,,,0.1796875,,0.9921875,,,,,,,,,,,1.0,1.0,,,,,6552,,,,0.0,,0.0,,0.0
,,,0.1773349940776825,,0.8150684833526611,,,,,,,,,,,1.0,1.0,,,,,6553,,,,0.0,,0.0,,0.0
,,,0.010937499813735485,,0.625,,,,,,,,,,,1.0,1.0,,,,,6554,,,,0.0,,0.0,,0.0
,,,0.012500000186264515,,0.6484375,,,,,,,,,,,1.0,1.0,,,,,6555,,,,0.0,,0.0,,0.0
,,,0.029261084273457527,,0.7812807559967041,,,,,,,,,,,1.0,1.0,,,,,6556,,,,0.0,,0.0,,0.0
,,,0.02656250074505806,,0.9765625,,,,,,,,,,,1.0,1.0,,,,,6557,,,,0.0,,0.0,,0.0
,,,0.033203125,,0.9609375,,,,,,,,,,,1.0,1.0,,,,,6558,,,,0.0,,0.0,,0.0
,,,0.12588679790496826,,0.9866666793823242,,,,,,,,,,,1.0,1.0,,,,,6559,,,,0.0,,0.0,,0.0
,,,0.10468749701976776,,1.0,,,,,,,,,,,1.0,1.0,,,,,6560,,,,0.0,,0.0,,0.0
,,,0.11328125,,0.9921875,,,,,,,,,,,1.0,1.0,,,,,6561,,,,0.0,,0.0,,0.0
,,,0.08627451211214066,,0.5232558250427246,,,,,,,,,,,1.0,1.0,,,,,6562,,,,0.0,,0.0,,0.0
,,,0.0,,0.078125,,,,,,,,,,,1.0,1.0,,,,,6563,,,,0.0,,0.0,,0.0
,,,0.0,,0.078125,,,,,,,,,,,1.0,1.0,,,,,6564,,,,0.0,,0.0,,0.0
,,,0.0,,0.08866995573043823,,,,,,,,,,,1.0,1.0,,,,,6565,,,,0.0,,0.0,,0.0
,,,0.0,,0.0859375,,,,,,,,,,,1.0,1.0,,,,,6566,,,,0.0,,0.0,,0.0
,,,0.0,,0.1796875,,,,,,,,,,,1.0,1.0,,,,,6567,,,,0.0,,0.0,,0.0
,,,0.0,,0.3662833571434021,,,,,,,,,,,1.0,1.0,,,,,6568,,,,0.0,,0.0,,0.0
,,,0.0,,0.53125,,,,,,,,,,,1.0,1.0,,,,,6569,,,,0.0,,0.0,,0.0
,,,0.0,,0.53125,,,,,,,,,,,1.0,1.0,,,,,6570,,,,0.0,,0.0,,0.0
,,,0.0,,0.32295483350753784,,,,,,,,,,,1.0,1.0,,,,,6571,,,,0.0,,0.0,,0.0
,,,0.0,,0.1015625,,,,,,,,,,,1.0,1.0,,,,,6572,,,,0.0,,0.0,,0.0
,,,0.0,,0.0625,,,,,,,,,,,1.0,1.0,,,,,6573,,,,0.0,,0.0,,0.0
,,,0.09583333134651184,,0.46590909361839294,,,,,,,,,,,1.0,1.0,,,,,6574,,,,0.0,,0.0,,0.0
,,,0.08437500149011612,,0.8125,,,,,,,,,,,1.0,1.0,,,,,6575,,,,0.0,,0.0,,0.0
,,,0.123046875,,0.8359375,,,,,,,,,,,1.0,1.0,,,,,6576,,,,0.0,,0.0,,0.0
,,,0.08156028389930725,,0.9214643239974976,,,,,,,,,,,1.0,1.0,,,,,6577,,,,0.0,,0.0,,0.0
,,,0.0,,0.9375,,,,,,,,,,,1.0,1.0,,,,,6578,,,,0.0,,0.0,,0.0
,,,0.0,,0.9140625,,,,,,,,,,,1.0,1.0,,,,,6579,,,,0.0,,0.0,,0.0
,,,0.0,,0.9453125,,,,,,,,,,,1.0,1.0,,,,,6580,,,,0.0,,0.0,,0.0
,,,0.127296581864357,,1.0,,,,,,,,,,,1.0,1.0,,,,,6581,,,,0.0,,0.0,,0.0
,,,0.19921875,,0.9921875,,,,,,,,,,,1.0,1.0,,,,,6582,,,,0.0,,0.0,,0.0
,,,0.1953125,,1.0,,,,,,,,,,,1.0,1.0,,,,,6583,,,,0.0,,0.0,,0.0
,,,0.16379311680793762,,0.7887930870056152,,,,,,,,,,,1.0,1.0,,,,,6584,,,,0.0,,0.0,,0.0
,,,0.0062500000931322575,,0.6328125,,,,,,,,,,,1.0,1.0,,,,,6585,,,,0.0,,0.0,,0.0
,,,0.00937500037252903,,0.671875,,,,,,,,,,,1.0,1.0,,,,,6586,,,,0.0,,0.0,,0.0
,,,0.03857719153165817,,0.7764943242073059,,,,,,,,,,,1.0,1.0,,,,,6587,,,,0.0,,0.0,,0.0
,,,0.01718750037252903,,0.9375,,,,,,,,,,,1.0,1.0,,,,,6588,,,,0.0,,0.0,,0.0
,,,0.01875000074505806,,0.9765625,,,,,,,,,,,1.0,1.0,,,,,6589,,,,0.0,,0.0,,0.0
,,,0.10625000298023224,,0.96875,,,,,,,,,,,1.0,1.0,,,,,6590,,,,0.0,,0.0,,0.0
,,,0.09375,,0.9921875,,,,,,,,,,,1.0,1.0,,,,,6591,,,,0.0,,0.0,,0.0
,,,0.15625,,1.0,,,,,,,,,,,1.0,1.0,,,,,6592,,,,0.0,,0.0,,0.0
,,,0.0634920671582222,,0.5290697813034058,,,,,,,,,,,1.0,1.0,,,,,6593,,,,0.0,,0.0,,0.0
,,,0.0,,0.03125,,,,,,,,,,,1.0,1.0,,,,,6594,,,,0.0,,0.0,,0.0
,,,0.0,,0.078125,,,,,,,,,,,1.0,1.0,,,,,6595,,,,0.0,,0.0,,0.0
,,,0.0,,0.13746312260627747,,,,,,,,,,,1.0,1.0,,,,,6596,,,,0.0,,0.0,,0.0
,,,0.0,,0.1171875,,,,,,,,,,,1.0,1.0,,,,,6597,,,,0.0,,0.0,,0.0
,,,0.0,,0.1171875,,,,,,,,,,,1.0,1.0,,,,,6598,,,,0.0,,0.0,,0.0
,,,0.0,,0.35151517391204834,,,,,,,,,,,1.0,1.0,,,,,6599,,,,0.0,,0.0,,0.0
,,,0.0,,0.4921875,,,,,,,,,,,1.0,1.0,,,,,6600,,,,0.0,,0.0,,0.0
,,,0.0,,0.484375,,,,,,,,,,,1.0,1.0,,,,,6601,,,,0.0,,0.0,,0.0
,,,0.0,,0.26944446563720703,,,,,,,,,,,1.0,1.0,,,,,6602,,,,0.0,,0.0,,0.0
,,,0.0,,0.0859375,,,,,,,,,,,1.0,1.0,,,,,6603,,,,0.0,,0.0,,0.0
,,,0.0,,0.1015625,,,,,,,,,,,1.0,1.0,,,,,6604,,,,0.0,,0.0,,0.0
,,,0.0863453820347786,,0.45595717430114746,,,,,,,,,,,1.0,1.0,,,,,6605,,,,0.0,,0.0,,0.0
,,,0.08437500149011612,,0.828125,,,,,,,,,,,1.0,1.0,,,,,6606,,,,0.0,,0.0,,0.0
,,,0.09687499701976776,,0.8828125,,,,,,,,,,,1.0,1.0,,,,,6607,,,,0.0,,0.0,,0.0
,,,0.07189542800188065,,0.8759867548942566,,,,,,,,,,,1.0,1.0,,,,,6608,,,,0.0,,0.0,,0.0
,,,0.0,,0.9609375,,,,,,,,,,,1.0,1.0,,,,,6609,,,,0.0,,0.0,,0.0
,,,0.0,,0.9375,,,,,,,,,,,1.0,1.0,,,,,6610,,,,0.0,,0.0,,0.0
,,,0.14761903882026672,,0.9651162624359131,,,,,,,,,,,1.0,1.0,,,,,6611,,,,0.0,,0.0,,0.0
,,,0.16093750298023224,,1.0,,,,,,,,,,,1.0,1.0,,,,,6612,,,,0.0,,0.0,,0.0
,,,0.1796875,,0.9921875,,,,,,,,,,,1.0,1.0,,,,,6613,,,,0.0,,0.0,,0.0
,,,0.1698703020811081,,0.7903225421905518,,,,,,,,,,,1.0,1.0,,,,,6614,,,,0.0,,0.0,,0.0
,,,0.01406249962747097,,0.5625,,,,,,,,,,,1.0,1.0,,,,,6615,,,,0.0,,0.0,,0.0
,,,0.010937499813735485,,0.6875,,,,,,,,,,,1.0,1.0,,,,,6616,,,,0.0,,0.0,,0.0
,,,0.05892857164144516,,0.8169642686843872,,,,,,,,,,,1.0,1.0,,,,,6617,,,,0.0,,0.0,,0.0
,,,0.037109375,,0.9609375,,,,,,,,,,,1.0,1.0,,,,,6618,,,,0.0,,0.0,,0.0
,,,0.02031249925494194,,0.953125,,,,,,,,,,,1.0,1.0,,,,,6619,,,,0.0,,0.0,,0.0
,,,0.063973069190979,,0.9743589758872986,,,,,,,,,,,1.0,1.0,,,,,6620,,,,0.0,,0.0,,0.0
,,,0.10625000298023224,,1.0,,,,,,,,,,,1.0,1.0,,,,,6621,,,,0.0,,0.0,,0.0
,,,0.09062500298023224,,0.984375,,,,,,,,,,,1.0,1.0,,,,,6622,,,,0.0,,0.0,,0.0
,,,0.10433071106672287,,1.0,,,,,,,,,,,1.0,1.0,,,,,6623,,,,0.0,,0.0,,0.0
71,0.14976325631141663,0.18783262372016907,,0.616877019405365,,,,,,,,,,,,,,61.2791633605957,747776.9375,4.1154398918151855,463.42041015625,15911,,,0.0,,0.0,,0.0,
71,,,,,,1.5124621391296387,,-17.76334571838379,,8.464137077331543,,,,,,,,,,,,15911,2.3837084770202637,,,,,,,
,,,,,,,,,,,,,,8.750714645307036e-05,0.03,,,,,,,15949,,,,,,,,
72,,,,,,,1.5202763080596924,,-17.765335083007812,,8.796875,8.748108666623011e-05,0.029999999329447746,,,1.0,1.0,,,,,15949,,2.632373332977295,,,,,,
,,,,,,,,,,,,,,8.620771141367264e-05,0.03,,,,,,,15999,,,,,,,,
72,,,,,,,1.5161092281341553,,-17.75494956970215,,8.359375,8.618179708719254e-05,0.029999999329447746,,,1.0,1.0,,,,,15999,,2.295832633972168,,,,,,
,,,,,,,,,,,,,,8.491538594540352e-05,0.03,,,,,,,16049,,,,,,,,
72,,,,,,,1.493442177772522,,-17.70802116394043,,7.89453125,8.488961611874402e-05,0.029999999329447746,,,1.0,1.0,,,,,16049,,2.833134651184082,,,,,,
,,,,,,,,,,,,,,8.363025064915236e-05,0.03,,,,,,,16099,,,,,,,,
72,,,,,,,1.5260906219482422,,-17.761676788330078,,8.765625,8.360462379641831e-05,0.029999999329447746,,,1.0,1.0,,,,,16099,,2.531771183013916,,,,,,
,,,0.0026041667442768812,,0.390625,,,,,,,,,,,1.0,1.0,,,,,6624,,,,0.0,,0.0,,0.0
,,,0.0033482143189758062,,0.4296875,,,,,,,,,,,1.0,1.0,,,,,6625,,,,0.0,,0.0,,0.0
,,,0.008342500776052475,,0.5548221468925476,,,,,,,,,,,1.0,1.0,,,,,6626,,,,0.0,,0.0,,0.0
,,,0.0,,0.421875,,,,,,,,,,,1.0,1.0,,,,,6627,,,,0.0,,0.0,,0.0
,,,0.0033482143189758062,,0.453125,,,,,,,,,,,1.0,1.0,,,,,6628,,,,0.0,,0.0,,0.0
,,,0.004807692486792803,,0.2211538404226303,,,,,,,,,,,1.0,1.0,,,,,6629,,,,0.0,,0.0,,0.0
,,,0.0,,0.1171875,,,,,,,,,,,1.0,1.0,,,,,6630,,,,0.0,,0.0,,0.0
,,,0.0,,0.125,,,,,,,,,,,1.0,1.0,,,,,6631,,,,0.0,,0.0,,0.0
,,,0.012987012974917889,,0.38336193561553955,,,,,,,,,,,1.0,1.0,,,,,6632,,,,0.0,,0.0,,0.0
,,,0.015625,,0.84375,,,,,,,,,,,1.0,1.0,,,,,6633,,,,0.0,,0.0,,0.0
,,,0.006076388992369175,,0.8515625,,,,,,,,,,,1.0,1.0,,,,,6634,,,,0.0,,0.0,,0.0
,,,0.0066964286379516125,,0.8359375,,,,,,,,,,,1.0,1.0,,,,,6635,,,,0.0,,0.0,,0.0
,,,0.1662222146987915,,0.7573333382606506,,,,,,,,,,,1.0,1.0,,,,,6636,,,,0.0,,0.0,,0.0
,,,0.0950520858168602,,0.8671875,,,,,,,,,,,1.0,1.0,,,,,6637,,,,0.0,,0.0,,0.0
,,,0.11562500149011612,,0.8515625,,,,,,,,,,,1.0,1.0,,,,,6638,,,,0.0,,0.0,,0.0
,,,0.10539215803146362,,0.9915966391563416,,,,,,,,,,,1.0,1.0,,,,,6639,,,,0.0,,0.0,,0.0
,,,0.0364583320915699,,0.96875,,,,,,,,,,,1.0,1.0,,,,,6640,,,,0.0,,0.0,,0.0
,,,0.0263671875,,0.984375,,,,,,,,,,,1.0,1.0,,,,,6641,,,,0.0,,0.0,,0.0
,,,0.15295815467834473,,1.0,,,,,,,,,,,1.0,1.0,,,,,6642,,,,0.0,,0.0,,0.0
,,,0.17578125,,0.9921875,,,,,,,,,,,1.0,1.0,,,,,6643,,,,0.0,,0.0,,0.0
,,,0.12656250596046448,,0.984375,,,,,,,,,,,1.0,1.0,,,,,6644,,,,0.0,,0.0,,0.0
,,,0.20483186841011047,,0.9520547986030579,,,,,,,,,,,1.0,1.0,,,,,6645,,,,0.0,,0.0,,0.0
,,,0.0424107126891613,,0.8828125,,,,,,,,,,,1.0,1.0,,,,,6646,,,,0.0,,0.0,,0.0
,,,0.041015625,,0.875,,,,,,,,,,,1.0,1.0,,,,,6647,,,,0.0,,0.0,,0.0
,,,0.03877551108598709,,0.503201961517334,,,,,,,,,,,1.0,1.0,,,,,6648,,,,0.0,,0.0,,0.0
,,,0.0017361111240461469,,0.2421875,,,,,,,,,,,1.0,1.0,,,,,6649,,,,0.0,,0.0,,0.0
,,,0.0,,0.2265625,,,,,,,,,,,1.0,1.0,,,,,6650,,,,0.0,,0.0,,0.0
,,,0.008385743945837021,,0.37245285511016846,,,,,,,,,,,1.0,1.0,,,,,6651,,,,0.0,,0.0,,0.0
,,,0.0078125,,0.546875,,,,,,,,,,,1.0,1.0,,,,,6652,,,,0.0,,0.0,,0.0
,,,0.0078125,,0.515625,,,,,,,,,,,1.0,1.0,,,,,6653,,,,0.0,,0.0,,0.0
,,,0.008823529817163944,,0.4507524073123932,,,,,,,,,,,1.0,1.0,,,,,6654,,,,0.0,,0.0,,0.0
,,,0.001953125,,0.4765625,,,,,,,,,,,1.0,1.0,,,,,6655,,,,0.0,,0.0,,0.0
,,,0.0033482143189758062,,0.453125,,,,,,,,,,,1.0,1.0,,,,,6656,,,,0.0,,0.0,,0.0
,,,0.0,,0.3810344934463501,,,,,,,,,,,1.0,1.0,,,,,6657,,,,0.0,,0.0,,0.0
,,,0.00390625,,0.4375,,,,,,,,,,,1.0,1.0,,,,,6658,,,,0.0,,0.0,,0.0
,,,0.0022321429569274187,,0.5703125,,,,,,,,,,,1.0,1.0,,,,,6659,,,,0.0,,0.0,,0.0
,,,0.004098360426723957,,0.27355027198791504,,,,,,,,,,,1.0,1.0,,,,,6660,,,,0.0,,0.0,,0.0
,,,0.0,,0.140625,,,,,,,,,,,1.0,1.0,,,,,6661,,,,0.0,,0.0,,0.0
,,,0.0,,0.109375,,,,,,,,,,,1.0,1.0,,,,,6662,,,,0.0,,0.0,,0.0
,,,0.013186813332140446,,0.4702075719833374,,,,,,,,,,,1.0,1.0,,,,,6663,,,,0.0,,0.0,,0.0
,,,0.0087890625,,0.8515625,,,,,,,,,,,1.0,1.0,,,,,6664,,,,0.0,,0.0,,0.0
,,,0.0078125,,0.828125,,,,,,,,,,,1.0,1.0,,,,,6665,,,,0.0,,0.0,,0.0
,,,0.10984848439693451,,0.8647726774215698,,,,,,,,,,,1.0,1.0,,,,,6666,,,,0.0,,0.0,,0.0
,,,0.0859375,,0.8671875,,,,,,,,,,,1.0,1.0,,,,,6667,,,,0.0,,0.0,,0.0
,,,0.0924479141831398,,0.90625,,,,,,,,,,,1.0,1.0,,,,,6668,,,,0.0,,0.0,,0.0
,,,0.16458071768283844,,0.9468085169792175,,,,,,,,,,,1.0,1.0,,,,,6669,,,,0.0,,0.0,,0.0
,,,0.02734375,,0.953125,,,,,,,,,,,1.0,1.0,,,,,6670,,,,0.0,,0.0,,0.0
,,,0.0234375,,0.984375,,,,,,,,,,,1.0,1.0,,,,,6671,,,,0.0,,0.0,,0.0
,,,0.03515625,,1.0,,,,,,,,,,,1.0,1.0,,,,,6672,,,,0.0,,0.0,,0.0
,,,0.13858267664909363,,0.9960629940032959,,,,,,,,,,,1.0,1.0,,,,,6673,,,,0.0,,0.0,,0.0
,,,0.109375,,0.9921875,,,,,,,,,,,1.0,1.0,,,,,6674,,,,0.0,,0.0,,0.0
,,,0.1067708358168602,,0.9921875,,,,,,,,,,,1.0,1.0,,,,,6675,,,,0.0,,0.0,,0.0
,,,0.16427204012870789,,0.9267241358757019,,,,,,,,,,,1.0,1.0,,,,,6676,,,,0.0,,0.0,,0.0
,,,0.046875,,0.8125,,,,,,,,,,,1.0,1.0,,,,,6677,,,,0.0,,0.0,,0.0
,,,0.0457589291036129,,0.8984375,,,,,,,,,,,1.0,1.0,,,,,6678,,,,0.0,,0.0,,0.0
,,,0.05432447791099548,,0.5583058595657349,,,,,,,,,,,1.0,1.0,,,,,6679,,,,0.0,,0.0,,0.0
,,,0.0022321429569274187,,0.234375,,,,,,,,,,,1.0,1.0,,,,,6680,,,,0.0,,0.0,,0.0
,,,0.0,,0.2578125,,,,,,,,,,,1.0,1.0,,,,,6681,,,,0.0,,0.0,,0.0
,,,0.0026041667442768812,,0.3385416567325592,,,,,,,,,,,1.0,1.0,,,,,6682,,,,0.0,,0.0,,0.0
,,,0.005580357275903225,,0.5078125,,,,,,,,,,,1.0,1.0,,,,,6683,,,,0.0,,0.0,,0.0
,,,0.009114583022892475,,0.578125,,,,,,,,,,,1.0,1.0,,,,,6684,,,,0.0,,0.0,,0.0
,,,0.008859357796609402,,0.45376524329185486,,,,,,,,,,,1.0,1.0,,,,,6685,,,,0.0,,0.0,,0.0
,,,0.0029296875,,0.4453125,,,,,,,,,,,1.0,1.0,,,,,6686,,,,0.0,,0.0,,0.0
,,,0.0052083334885537624,,0.46875,,,,,,,,,,,1.0,1.0,,,,,6687,,,,0.0,,0.0,,0.0
,,,0.0019665684085339308,,0.3722713887691498,,,,,,,,,,,1.0,1.0,,,,,6688,,,,0.0,,0.0,,0.0
,,,0.0022321429569274187,,0.453125,,,,,,,,,,,1.0,1.0,,,,,6689,,,,0.0,,0.0,,0.0
,,,0.0022321429569274187,,0.46875,,,,,,,,,,,1.0,1.0,,,,,6690,,,,0.0,,0.0,,0.0
,,,0.0,,0.28131312131881714,,,,,,,,,,,1.0,1.0,,,,,6691,,,,0.0,,0.0,,0.0
,,,0.0,,0.1484375,,,,,,,,,,,1.0,1.0,,,,,6692,,,,0.0,,0.0,,0.0
,,,0.0,,0.0859375,,,,,,,,,,,1.0,1.0,,,,,6693,,,,0.0,,0.0,,0.0
,,,0.008101851679384708,,0.42592594027519226,,,,,,,,,,,1.0,1.0,,,,,6694,,,,0.0,,0.0,,0.0
,,,0.0069444444961845875,,0.8515625,,,,,,,,,,,1.0,1.0,,,,,6695,,,,0.0,,0.0,,0.0
,,,0.0068359375,,0.8203125,,,,,,,,,,,1.0,1.0,,,,,6696,,,,0.0,,0.0,,0.0
,,,0.11615350097417831,,0.8851405382156372,,,,,,,,,,,1.0,1.0,,,,,6697,,,,0.0,,0.0,,0.0
,,,0.0712890625,,0.90625,,,,,,,,,,,1.0,1.0,,,,,6698,,,,0.0,,0.0,,0.0
,,,0.0950520858168602,,0.875,,,,,,,,,,,1.0,1.0,,,,,6699,,,,0.0,,0.0,,0.0
,,,0.11095347255468369,,0.9411764740943909,,,,,,,,,,,1.0,1.0,,,,,6700,,,,0.0,,0.0,,0.0
,,,0.04531250149011612,,0.984375,,,,,,,,,,,1.0,1.0,,,,,6701,,,,0.0,,0.0,,0.0
,,,0.02604166604578495,,0.9765625,,,,,,,,,,,1.0,1.0,,,,,6702,,,,0.0,,0.0,,0.0
,,,0.15402361750602722,,1.0,,,,,,,,,,,1.0,1.0,,,,,6703,,,,0.0,,0.0,,0.0
,,,0.13124999403953552,,0.9921875,,,,,,,,,,,1.0,1.0,,,,,6704,,,,0.0,,0.0,,0.0
,,,0.1184895858168602,,0.9765625,,,,,,,,,,,1.0,1.0,,,,,6705,,,,0.0,,0.0,,0.0
,,,0.17352843284606934,,0.9303292036056519,,,,,,,,,,,1.0,1.0,,,,,6706,,,,0.0,,0.0,,0.0
,,,0.0481770820915699,,0.8515625,,,,,,,,,,,1.0,1.0,,,,,6707,,,,0.0,,0.0,,0.0
,,,0.0424107126891613,,0.8984375,,,,,,,,,,,1.0,1.0,,,,,6708,,,,0.0,,0.0,,0.0
,,,0.0317460335791111,,0.6116071343421936,,,,,,,,,,,1.0,1.0,,,,,6709,,,,0.0,,0.0,,0.0
,,,0.0026041667442768812,,0.2421875,,,,,,,,,,,1.0,1.0,,,,,6710,,,,0.0,,0.0,,0.0
,,,0.0011160714784637094,,0.265625,,,,,,,,,,,1.0,1.0,,,,,6711,,,,0.0,,0.0,,0.0
,,,0.025974025949835777,,0.41219890117645264,,,,,,,,,,,1.0,1.0,,,,,6712,,,,0.0,,0.0,,0.0
,,,0.0065104165114462376,,0.4609375,,,,,,,,,,,1.0,1.0,,,,,6713,,,,0.0,,0.0,,0.0
,,,0.004464285913854837,,0.5390625,,,,,,,,,,,1.0,1.0,,,,,6714,,,,0.0,,0.0,,0.0
,,,0.009186351671814919,,0.5748031735420227,,,,,,,,,,,1.0,1.0,,,,,6715,,,,0.0,,0.0,,0.0
72,0.13234931230545044,0.19173073768615723,,0.6330721378326416,,,,,,,,,,,,,,65.74542236328125,760420.375,4.185790061950684,455.960693359375,16132,,,0.0,,0.0,,0.0,
72,,,,,,1.5083216428756714,,-17.751333236694336,,8.267410278320312,,,,,,,,,,,,16132,2.5140063762664795,,,,,,,
,,,,,,,,,,,,,,8.235238567736552e-05,0.03,,,,,,,16149,,,,,,,,
73,,,,,,,1.5111844539642334,,-17.760700225830078,,8.5390625,8.232690015574917e-05,0.029999999329447746,,,1.0,1.0,,,,,16149,,2.8457963466644287,,,,,,
,,,,,,,,,,,,,,8.108187072904731e-05,0.03,,,,,,,16199,,,,,,,,
73,,,,,,,1.493253469467163,,-17.766254425048828,,7.90234375,8.105653250822797e-05,0.029999999329447746,,,1.0,1.0,,,,,16199,,2.2788281440734863,,,,,,
,,,,,,,,,,,,,,7.981878504478958e-05,0.03,,,,,,,16249,,,,,,,,
73,,,,,,,1.5161057710647583,,-17.7593994140625,,8.34375,7.979360088938847e-05,0.029999999329447746,,,1.0,1.0,,,,,16249,,2.4274709224700928,,,,,,
,,,,,,,,,,,,,,7.856320740182914e-05,0.03,,,,,,,16299,,,,,,,,
73,,,,,,,1.5131994485855103,,-17.768993377685547,,8.5078125,7.853817078284919e-05,0.029999999329447746,,,1.0,1.0,,,,,16299,,2.2185912132263184,,,,,,
,,,,,,,,,,,,,,7.731521610913462e-05,0.03,,,,,,,16349,,,,,,,,
73,,,,,,,1.513366937637329,,-17.760900497436523,,8.3046875,7.729033677605912e-05,0.029999999329447746,,,1.0,1.0,,,,,16349,,2.3413143157958984,,,,,,
,,,0.0224609375,,0.734375,,,,,,,,,,,1.0,1.0,,,,,6716,,,,0.0,,0.0,,0.0
,,,0.0166015625,,0.78125,,,,,,,,,,,1.0,1.0,,,,,6717,,,,0.0,,0.0,,0.0
,,,0.01980198174715042,,0.39603960514068604,,,,,,,,,,,1.0,1.0,,,,,6718,,,,0.0,,0.0,,0.0
,,,0.0,,0.0625,,,,,,,,,,,1.0,1.0,,,,,6719,,,,0.0,,0.0,,0.0
,,,0.0,,0.0234375,,,,,,,,,,,1.0,1.0,,,,,6720,,,,0.0,,0.0,,0.0
,,,0.0,,0.044871795922517776,,,,,,,,,,,1.0,1.0,,,,,6721,,,,0.0,,0.0,,0.0
,,,0.0,,0.03125,,,,,,,,,,,1.0,1.0,,,,,6722,,,,0.0,,0.0,,0.0
,,,0.0,,0.0390625,,,,,,,,,,,1.0,1.0,,,,,6723,,,,0.0,,0.0,,0.0
,,,0.01515151560306549,,0.5055745840072632,,,,,,,,,,,1.0,1.0,,,,,6724,,,,0.0,,0.0,,0.0
,,,0.0390625,,0.9375,,,,,,,,,,,1.0,1.0,,,,,6725,,,,0.0,,0.0,,0.0
,,,0.0380859375,,0.9609375,,,,,,,,,,,1.0,1.0,,,,,6726,,,,0.0,,0.0,,0.0
,,,0.048828125,,0.953125,,,,,,,,,,,1.0,1.0,,,,,6727,,,,0.0,,0.0,,0.0
,,,0.1393333375453949,,0.6813333034515381,,,,,,,,,,,1.0,1.0,,,,,6728,,,,0.0,,0.0,,0.0
,,,0.048828125,,0.640625,,,,,,,,,,,1.0,1.0,,,,,6729,,,,0.0,,0.0,,0.0
,,,0.0569196417927742,,0.65625,,,,,,,,,,,1.0,1.0,,,,,6730,,,,0.0,,0.0,,0.0
,,,0.08204948902130127,,0.8604108095169067,,,,,,,,,,,1.0,1.0,,,,,6731,,,,0.0,,0.0,,0.0
,,,0.009765625,,0.8359375,,,,,,,,,,,1.0,1.0,,,,,6732,,,,0.0,,0.0,,0.0
,,,0.0167410708963871,,0.859375,,,,,,,,,,,1.0,1.0,,,,,6733,,,,0.0,,0.0,,0.0
,,,0.06642316281795502,,0.8971861600875854,,,,,,,,,,,1.0,1.0,,,,,6734,,,,0.0,,0.0,,0.0
,,,0.0498046875,,0.9921875,,,,,,,,,,,1.0,1.0,,,,,6735,,,,0.0,,0.0,,0.0
,,,0.046875,,0.9765625,,,,,,,,,,,1.0,1.0,,,,,6736,,,,0.0,,0.0,,0.0
,,,0.05460771918296814,,0.8539227843284607,,,,,,,,,,,1.0,1.0,,,,,6737,,,,0.0,,0.0,,0.0
,,,0.02120535634458065,,0.7421875,,,,,,,,,,,1.0,1.0,,,,,6738,,,,0.0,,0.0,,0.0
,,,0.0234375,,0.6796875,,,,,,,,,,,1.0,1.0,,,,,6739,,,,0.0,,0.0,,0.0
,,,0.025061577558517456,,0.6231527328491211,,,,,,,,,,,1.0,1.0,,,,,6740,,,,0.0,,0.0,,0.0
,,,0.0146484375,,0.6015625,,,,,,,,,,,1.0,1.0,,,,,6741,,,,0.0,,0.0,,0.0
,,,0.013671875,,0.59375,,,,,,,,,,,1.0,1.0,,,,,6742,,,,0.0,,0.0,,0.0
,,,0.07387840747833252,,0.7072955965995789,,,,,,,,,,,1.0,1.0,,,,,6743,,,,0.0,,0.0,,0.0
,,,0.0625,,0.8984375,,,,,,,,,,,1.0,1.0,,,,,6744,,,,0.0,,0.0,,0.0
,,,0.0595703125,,0.8828125,,,,,,,,,,,1.0,1.0,,,,,6745,,,,0.0,,0.0,,0.0
,,,0.08361833542585373,,0.8251709938049316,,,,,,,,,,,1.0,1.0,,,,,6746,,,,0.0,,0.0,,0.0
,,,0.01953125,,0.78125,,,,,,,,,,,1.0,1.0,,,,,6747,,,,0.0,,0.0,,0.0
,,,0.01953125,,0.8203125,,,,,,,,,,,1.0,1.0,,,,,6748,,,,0.0,,0.0,,0.0
,,,0.019157089293003082,,0.39507392048835754,,,,,,,,,,,1.0,1.0,,,,,6749,,,,0.0,,0.0,,0.0
,,,0.0,,0.0625,,,,,,,,,,,1.0,1.0,,,,,6750,,,,0.0,,0.0,,0.0
,,,0.0,,0.0234375,,,,,,,,,,,1.0,1.0,,,,,6751,,,,0.0,,0.0,,0.0
,,,0.0,,0.08502569049596786,,,,,,,,,,,1.0,1.0,,,,,6752,,,,0.0,,0.0,,0.0
,,,0.0,,0.0390625,,,,,,,,,,,1.0,1.0,,,,,6753,,,,0.0,,0.0,,0.0
,,,0.0,,0.0703125,,,,,,,,,,,1.0,1.0,,,,,6754,,,,0.0,,0.0,,0.0
,,,0.025641025975346565,,0.4930402934551239,,,,,,,,,,,1.0,1.0,,,,,6755,,,,0.0,,0.0,,0.0
,,,0.037109375,,0.96875,,,,,,,,,,,1.0,1.0,,,,,6756,,,,0.0,,0.0,,0.0
,,,0.044921875,,0.96875,,,,,,,,,,,1.0,1.0,,,,,6757,,,,0.0,,0.0,,0.0
,,,0.11278408765792847,,0.8409091234207153,,,,,,,,,,,1.0,1.0,,,,,6758,,,,0.0,,0.0,,0.0
,,,0.0458984375,,0.65625,,,,,,,,,,,1.0,1.0,,,,,6759,,,,0.0,,0.0,,0.0
,,,0.0458984375,,0.671875,,,,,,,,,,,1.0,1.0,,,,,6760,,,,0.0,,0.0,,0.0
,,,0.07188673317432404,,0.8110137581825256,,,,,,,,,,,1.0,1.0,,,,,6761,,,,0.0,,0.0,,0.0
,,,0.0068359375,,0.8671875,,,,,,,,,,,1.0,1.0,,,,,6762,,,,0.0,,0.0,,0.0
,,,0.0107421875,,0.8828125,,,,,,,,,,,1.0,1.0,,,,,6763,,,,0.0,,0.0,,0.0
,,,0.0167410708963871,,0.8984375,,,,,,,,,,,1.0,1.0,,,,,6764,,,,0.0,,0.0,,0.0
,,,0.04921259731054306,,0.9881889820098877,,,,,,,,,,,1.0,1.0,,,,,6765,,,,0.0,,0.0,,0.0
,,,0.046875,,1.0,,,,,,,,,,,1.0,1.0,,,,,6766,,,,0.0,,0.0,,0.0
,,,0.044921875,,0.96875,,,,,,,,,,,1.0,1.0,,,,,6767,,,,0.0,,0.0,,0.0
,,,0.08800286799669266,,0.811781644821167,,,,,,,,,,,1.0,1.0,,,,,6768,,,,0.0,,0.0,,0.0
,,,0.0283203125,,0.703125,,,,,,,,,,,1.0,1.0,,,,,6769,,,,0.0,,0.0,,0.0
,,,0.0224609375,,0.7109375,,,,,,,,,,,1.0,1.0,,,,,6770,,,,0.0,,0.0,,0.0
,,,0.03676200658082962,,0.6563989520072937,,,,,,,,,,,1.0,1.0,,,,,6771,,,,0.0,,0.0,,0.0
,,,0.0126953125,,0.5859375,,,,,,,,,,,1.0,1.0,,,,,6772,,,,0.0,,0.0,,0.0
,,,0.0107421875,,0.625,,,,,,,,,,,1.0,1.0,,,,,6773,,,,0.0,,0.0,,0.0
,,,0.0768229141831398,,0.7291666269302368,,,,,,,,,,,1.0,1.0,,,,,6774,,,,0.0,,0.0,,0.0
,,,0.0658482164144516,,0.9140625,,,,,,,,,,,1.0,1.0,,,,,6775,,,,0.0,,0.0,,0.0
,,,0.060546875,,0.921875,,,,,,,,,,,1.0,1.0,,,,,6776,,,,0.0,,0.0,,0.0
,,,0.08444075286388397,,0.8776301145553589,,,,,,,,,,,1.0,1.0,,,,,6777,,,,0.0,,0.0,,0.0
,,,0.0224609375,,0.796875,,,,,,,,,,,1.0,1.0,,,,,6778,,,,0.0,,0.0,,0.0
,,,0.0244140625,,0.8125,,,,,,,,,,,1.0,1.0,,,,,6779,,,,0.0,,0.0,,0.0
,,,0.014814815483987331,,0.36430680751800537,,,,,,,,,,,1.0,1.0,,,,,6780,,,,0.0,,0.0,,0.0
,,,0.0,,0.046875,,,,,,,,,,,1.0,1.0,,,,,6781,,,,0.0,,0.0,,0.0
,,,0.0,,0.03125,,,,,,,,,,,1.0,1.0,,,,,6782,,,,0.0,,0.0,,0.0
,,,0.0,,0.05959595739841461,,,,,,,,,,,1.0,1.0,,,,,6783,,,,0.0,,0.0,,0.0
,,,0.0,,0.0625,,,,,,,,,,,1.0,1.0,,,,,6784,,,,0.0,,0.0,,0.0
,,,0.0,,0.078125,,,,,,,,,,,1.0,1.0,,,,,6785,,,,0.0,,0.0,,0.0
,,,0.03395061567425728,,0.5425925850868225,,,,,,,,,,,1.0,1.0,,,,,6786,,,,0.0,,0.0,,0.0
,,,0.0439453125,,0.9609375,,,,,,,,,,,1.0,1.0,,,,,6787,,,,0.0,,0.0,,0.0
,,,0.044921875,,0.9375,,,,,,,,,,,1.0,1.0,,,,,6788,,,,0.0,,0.0,,0.0
,,,0.1004016101360321,,0.8563587665557861,,,,,,,,,,,1.0,1.0,,,,,6789,,,,0.0,,0.0,,0.0
,,,0.048828125,,0.6484375,,,,,,,,,,,1.0,1.0,,,,,6790,,,,0.0,,0.0,,0.0
,,,0.046875,,0.65625,,,,,,,,,,,1.0,1.0,,,,,6791,,,,0.0,,0.0,,0.0
,,,0.05793226510286331,,0.7456073760986328,,,,,,,,,,,1.0,1.0,,,,,6792,,,,0.0,,0.0,,0.0
,,,0.014508928172290325,,0.84375,,,,,,,,,,,1.0,1.0,,,,,6793,,,,0.0,,0.0,,0.0
,,,0.0087890625,,0.8671875,,,,,,,,,,,1.0,1.0,,,,,6794,,,,0.0,,0.0,,0.0
,,,0.06955979764461517,,0.9418604373931885,,,,,,,,,,,1.0,1.0,,,,,6795,,,,0.0,,0.0,,0.0
,,,0.056640625,,0.9921875,,,,,,,,,,,1.0,1.0,,,,,6796,,,,0.0,,0.0,,0.0
,,,0.0478515625,,0.984375,,,,,,,,,,,1.0,1.0,,,,,6797,,,,0.0,,0.0,,0.0
,,,0.05591120570898056,,0.8709677457809448,,,,,,,,,,,1.0,1.0,,,,,6798,,,,0.0,,0.0,,0.0
,,,0.0205078125,,0.71875,,,,,,,,,,,1.0,1.0,,,,,6799,,,,0.0,,0.0,,0.0
,,,0.0224609375,,0.703125,,,,,,,,,,,1.0,1.0,,,,,6800,,,,0.0,,0.0,,0.0
,,,0.02678571455180645,,0.6785714626312256,,,,,,,,,,,1.0,1.0,,,,,6801,,,,0.0,,0.0,,0.0
,,,0.01897321455180645,,0.6015625,,,,,,,,,,,1.0,1.0,,,,,6802,,,,0.0,,0.0,,0.0
,,,0.009765625,,0.6015625,,,,,,,,,,,1.0,1.0,,,,,6803,,,,0.0,,0.0,,0.0
,,,0.09236596524715424,,0.7665113210678101,,,,,,,,,,,1.0,1.0,,,,,6804,,,,0.0,,0.0,,0.0
,,,0.05859375,,0.890625,,,,,,,,,,,1.0,1.0,,,,,6805,,,,0.0,,0.0,,0.0
,,,0.0537109375,,0.9140625,,,,,,,,,,,1.0,1.0,,,,,6806,,,,0.0,,0.0,,0.0
,,,0.06299212574958801,,0.9527559280395508,,,,,,,,,,,1.0,1.0,,,,,6807,,,,0.0,,0.0,,0.0
73,0.1300698220729828,0.21371890604496002,,0.6573091745376587,,,,,,,,,,,,,,65.92298126220703,502740.5,4.1884870529174805,455.09130859375,16353,,,0.0,,0.0,,0.0,
73,,,,,,1.513459324836731,,-17.76065444946289,,8.454645156860352,,,,,,,,,,,,16353,2.436464786529541,,,,,,,
,,,,,,,,,,,,,,7.60748890025226e-05,0.03,,,,,,,16399,,,,,,,,
74,,,,,,,1.513448715209961,,-17.73824119567871,,8.4609375,7.605016435263678e-05,0.029999999329447746,,,1.0,1.0,,,,,16399,,2.456688404083252,,,,,,
,,,,,,,,,,,,,,7.484230343980284e-05,0.03,,,,,,,16449,,,,,,,,
74,,,,,,,1.511006474494934,,-17.74494743347168,,8.1875,7.481773354811594e-05,0.029999999329447746,,,1.0,1.0,,,,,16449,,2.378305435180664,,,,,,
,,,,,,,,,,,,,,7.361753629595401e-05,0.03,,,,,,,16499,,,,,,,,
74,,,,,,,1.49811851978302,,-17.763591766357422,,7.9140625,7.359312439803034e-05,0.029999999329447746,,,1.0,1.0,,,,,16499,,2.4267139434814453,,,,,,
,,,,,,,,,,,,,,7.24006639583285e-05,0.03,,,,,,,16549,,,,,,,,
74,,,,,,,1.5033806562423706,,-17.750497817993164,,8.28125,7.237640966195613e-05,0.029999999329447746,,,1.0,1.0,,,,,16549,,2.530461311340332,,,,,,
,,,0.013020833022892475,,0.9453125,,,,,,,,,,,1.0,1.0,,,,,6808,,,,0.0,,0.0,,0.0
,,,0.010416666977107525,,0.9296875,,,,,,,,,,,1.0,1.0,,,,,6809,,,,0.0,,0.0,,0.0
,,,0.014144271612167358,,0.5665566921234131,,,,,,,,,,,1.0,1.0,,,,,6810,,,,0.0,,0.0,,0.0
,,,0.0,,0.3046875,,,,,,,,,,,1.0,1.0,,,,,6811,,,,0.0,,0.0,,0.0
,,,0.0015625000232830644,,0.2109375,,,,,,,,,,,1.0,1.0,,,,,6812,,,,0.0,,0.0,,0.0
,,,0.0012019231216982007,,0.35576921701431274,,,,,,,,,,,1.0,1.0,,,,,6813,,,,0.0,,0.0,,0.0
,,,0.0,,0.4609375,,,,,,,,,,,1.0,1.0,,,,,6814,,,,0.0,,0.0,,0.0
,,,0.0,,0.5,,,,,,,,,,,1.0,1.0,,,,,6815,,,,0.0,,0.0,,0.0
,,,0.0,,0.30017155408859253,,,,,,,,,,,1.0,1.0,,,,,6816,,,,0.0,,0.0,,0.0
,,,0.0,,0.0703125,,,,,,,,,,,1.0,1.0,,,,,6817,,,,0.0,,0.0,,0.0
,,,0.0,,0.0703125,,,,,,,,,,,1.0,1.0,,,,,6818,,,,0.0,,0.0,,0.0
,,,0.0,,0.046875,,,,,,,,,,,1.0,1.0,,,,,6819,,,,0.0,,0.0,,0.0
,,,0.05257142707705498,,0.3840000033378601,,,,,,,,,,,1.0,1.0,,,,,6820,,,,0.0,,0.0,,0.0
,,,0.05078125,,0.7265625,,,,,,,,,,,1.0,1.0,,,,,6821,,,,0.0,,0.0,,0.0
,,,0.0546875,,0.7109375,,,,,,,,,,,1.0,1.0,,,,,6822,,,,0.0,,0.0,,0.0
,,,0.0476190485060215,,0.4444444477558136,,,,,,,,,,,1.0,1.0,,,,,6823,,,,0.0,,0.0,,0.0
,,,0.0,,0.0,,,,,,,,,,,1.0,1.0,,,,,6824,,,,0.0,,0.0,,0.0
,,,0.0,,0.0,,,,,,,,,,,1.0,1.0,,,,,6825,,,,0.0,,0.0,,0.0
,,,0.1051587238907814,,0.494047611951828,,,,,,,,,,,1.0,1.0,,,,,6826,,,,0.0,,0.0,,0.0
,,,0.09765625,,1.0,,,,,,,,,,,1.0,1.0,,,,,6827,,,,0.0,,0.0,,0.0
,,,0.1106770858168602,,0.9921875,,,,,,,,,,,1.0,1.0,,,,,6828,,,,0.0,,0.0,,0.0
,,,0.15923619270324707,,0.897260308265686,,,,,,,,,,,1.0,1.0,,,,,6829,,,,0.0,,0.0,,0.0
,,,0.0377604179084301,,0.84375,,,,,,,,,,,1.0,1.0,,,,,6830,,,,0.0,,0.0,,0.0
,,,0.0325520820915699,,0.84375,,,,,,,,,,,1.0,1.0,,,,,6831,,,,0.0,,0.0,,0.0
,,,0.12816092371940613,,0.8571428656578064,,,,,,,,,,,1.0,1.0,,,,,6832,,,,0.0,,0.0,,0.0
,,,0.078125,,1.0,,,,,,,,,,,1.0,1.0,,,,,6833,,,,0.0,,0.0,,0.0
,,,0.0950520858168602,,0.9921875,,,,,,,,,,,1.0,1.0,,,,,6834,,,,0.0,,0.0,,0.0
,,,0.1012398898601532,,0.9489308595657349,,,,,,,,,,,1.0,1.0,,,,,6835,,,,0.0,,0.0,,0.0
,,,0.0390625,,0.90625,,,,,,,,,,,1.0,1.0,,,,,6836,,,,0.0,,0.0,,0.0
,,,0.03281249850988388,,0.8984375,,,,,,,,,,,1.0,1.0,,,,,6837,,,,0.0,,0.0,,0.0
,,,0.04295485466718674,,0.9824897050857544,,,,,,,,,,,1.0,1.0,,,,,6838,,,,0.0,,0.0,,0.0
,,,0.010416666977107525,,0.9453125,,,,,,,,,,,1.0,1.0,,,,,6839,,,,0.0,,0.0,,0.0
,,,0.01953125,,0.8984375,,,,,,,,,,,1.0,1.0,,,,,6840,,,,0.0,,0.0,,0.0
,,,0.014778325334191322,,0.6241379380226135,,,,,,,,,,,1.0,1.0,,,,,6841,,,,0.0,,0.0,,0.0
,,,0.0,,0.2109375,,,,,,,,,,,1.0,1.0,,,,,6842,,,,0.0,,0.0,,0.0
,,,0.0013020833721384406,,0.234375,,,,,,,,,,,1.0,1.0,,,,,6843,,,,0.0,,0.0,,0.0
,,,0.0,,0.3677513897418976,,,,,,,,,,,1.0,1.0,,,,,6844,,,,0.0,,0.0,,0.0
,,,0.0,,0.515625,,,,,,,,,,,1.0,1.0,,,,,6845,,,,0.0,,0.0,,0.0
,,,0.0,,0.5625,,,,,,,,,,,1.0,1.0,,,,,6846,,,,0.0,,0.0,,0.0
,,,0.0,,0.2924298048019409,,,,,,,,,,,1.0,1.0,,,,,6847,,,,0.0,,0.0,,0.0
,,,0.0,,0.0859375,,,,,,,,,,,1.0,1.0,,,,,6848,,,,0.0,,0.0,,0.0
,,,0.0,,0.0390625,,,,,,,,,,,1.0,1.0,,,,,6849,,,,0.0,,0.0,,0.0
,,,0.06428571045398712,,0.47613638639450073,,,,,,,,,,,1.0,1.0,,,,,6850,,,,0.0,,0.0,,0.0
,,,0.0598958320915699,,0.734375,,,,,,,,,,,1.0,1.0,,,,,6851,,,,0.0,,0.0,,0.0
,,,0.04296875,,0.703125,,,,,,,,,,,1.0,1.0,,,,,6852,,,,0.0,,0.0,,0.0
,,,0.054711248725652695,,0.36702126264572144,,,,,,,,,,,1.0,1.0,,,,,6853,,,,0.0,,0.0,,0.0
,,,0.0,,0.0,,,,,,,,,,,1.0,1.0,,,,,6854,,,,0.0,,0.0,,0.0
,,,0.0,,0.0,,,,,,,,,,,1.0,1.0,,,,,6855,,,,0.0,,0.0,,0.0
,,,0.0,,0.0,,,,,,,,,,,1.0,1.0,,,,,6856,,,,0.0,,0.0,,0.0
,,,0.09561304748058319,,0.4960629940032959,,,,,,,,,,,1.0,1.0,,,,,6857,,,,0.0,,0.0,,0.0
,,,0.14687499403953552,,1.0,,,,,,,,,,,1.0,1.0,,,,,6858,,,,0.0,,0.0,,0.0
,,,0.1041666641831398,,1.0,,,,,,,,,,,1.0,1.0,,,,,6859,,,,0.0,,0.0,,0.0
,,,0.14559386670589447,,0.8793103694915771,,,,,,,,,,,1.0,1.0,,,,,6860,,,,0.0,,0.0,,0.0
,,,0.03515625,,0.8359375,,,,,,,,,,,1.0,1.0,,,,,6861,,,,0.0,,0.0,,0.0
,,,0.0245535708963871,,0.84375,,,,,,,,,,,1.0,1.0,,,,,6862,,,,0.0,,0.0,,0.0
,,,0.13231879472732544,,0.8703703880310059,,,,,,,,,,,1.0,1.0,,,,,6863,,,,0.0,,0.0,,0.0
,,,0.0989583358168602,,1.0,,,,,,,,,,,1.0,1.0,,,,,6864,,,,0.0,,0.0,,0.0
,,,0.0859375,,0.984375,,,,,,,,,,,1.0,1.0,,,,,6865,,,,0.0,,0.0,,0.0
,,,0.1163194477558136,,0.9375,,,,,,,,,,,1.0,1.0,,,,,6866,,,,0.0,,0.0,,0.0
,,,0.0377604179084301,,0.921875,,,,,,,,,,,1.0,1.0,,,,,6867,,,,0.0,,0.0,,0.0
,,,0.03515625,,0.9375,,,,,,,,,,,1.0,1.0,,,,,6868,,,,0.0,,0.0,,0.0
,,,0.05518641695380211,,0.9648393988609314,,,,,,,,,,,1.0,1.0,,,,,6869,,,,0.0,,0.0,,0.0
,,,0.014322916977107525,,0.9375,,,,,,,,,,,1.0,1.0,,,,,6870,,,,0.0,,0.0,,0.0
,,,0.01953125,,0.9375,,,,,,,,,,,1.0,1.0,,,,,6871,,,,0.0,,0.0,,0.0
,,,0.009523809887468815,,0.6061946749687195,,,,,,,,,,,1.0,1.0,,,,,6872,,,,0.0,,0.0,,0.0
,,,0.0,,0.234375,,,,,,,,,,,1.0,1.0,,,,,6873,,,,0.0,,0.0,,0.0
,,,0.0026041667442768812,,0.25,,,,,,,,,,,1.0,1.0,,,,,6874,,,,0.0,,0.0,,0.0
,,,0.0,,0.37929293513298035,,,,,,,,,,,1.0,1.0,,,,,6875,,,,0.0,,0.0,,0.0
,,,0.0011160714784637094,,0.5625,,,,,,,,,,,1.0,1.0,,,,,6876,,,,0.0,,0.0,,0.0
,,,0.0,,0.5234375,,,,,,,,,,,1.0,1.0,,,,,6877,,,,0.0,,0.0,,0.0
,,,0.0,,0.2101851999759674,,,,,,,,,,,1.0,1.0,,,,,6878,,,,0.0,,0.0,,0.0
,,,0.0,,0.0703125,,,,,,,,,,,1.0,1.0,,,,,6879,,,,0.0,,0.0,,0.0
,,,0.0,,0.03125,,,,,,,,,,,1.0,1.0,,,,,6880,,,,0.0,,0.0,,0.0
,,,0.06196213513612747,,0.41887548565864563,,,,,,,,,,,1.0,1.0,,,,,6881,,,,0.0,,0.0,,0.0
,,,0.046875,,0.7421875,,,,,,,,,,,1.0,1.0,,,,,6882,,,,0.0,,0.0,,0.0
,,,0.0520833320915699,,0.6640625,,,,,,,,,,,1.0,1.0,,,,,6883,,,,0.0,,0.0,,0.0
,,,0.053221289068460464,,0.4019607901573181,,,,,,,,,,,1.0,1.0,,,,,6884,,,,0.0,,0.0,,0.0
,,,0.0,,0.0,,,,,,,,,,,1.0,1.0,,,,,6885,,,,0.0,,0.0,,0.0
,,,0.0,,0.0,,,,,,,,,,,1.0,1.0,,,,,6886,,,,0.0,,0.0,,0.0
,,,0.1230158731341362,,0.5,,,,,,,,,,,1.0,1.0,,,,,6887,,,,0.0,,0.0,,0.0
,,,0.09375,,1.0,,,,,,,,,,,1.0,1.0,,,,,6888,,,,0.0,,0.0,,0.0
,,,0.11328125,,1.0,,,,,,,,,,,1.0,1.0,,,,,6889,,,,0.0,,0.0,,0.0
,,,0.13878726959228516,,0.9354838728904724,,,,,,,,,,,1.0,1.0,,,,,6890,,,,0.0,,0.0,,0.0
,,,0.0338541679084301,,0.75,,,,,,,,,,,1.0,1.0,,,,,6891,,,,0.0,,0.0,,0.0
,,,0.0338541679084301,,0.828125,,,,,,,,,,,1.0,1.0,,,,,6892,,,,0.0,,0.0,,0.0
,,,0.1428571492433548,,0.9017857313156128,,,,,,,,,,,1.0,1.0,,,,,6893,,,,0.0,,0.0,,0.0
,,,0.0807291641831398,,1.0,,,,,,,,,,,1.0,1.0,,,,,6894,,,,0.0,,0.0,,0.0
,,,0.0885416641831398,,1.0,,,,,,,,,,,1.0,1.0,,,,,6895,,,,0.0,,0.0,,0.0
,,,0.11434862017631531,,0.941724956035614,,,,,,,,,,,1.0,1.0,,,,,6896,,,,0.0,,0.0,,0.0
,,,0.0416666679084301,,0.921875,,,,,,,,,,,1.0,1.0,,,,,6897,,,,0.0,,0.0,,0.0
,,,0.03515625,,0.890625,,,,,,,,,,,1.0,1.0,,,,,6898,,,,0.0,,0.0,,0.0
,,,0.04094488173723221,,0.9527559280395508,,,,,,,,,,,1.0,1.0,,,,,6899,,,,0.0,,0.0,,0.0
74,0.13561643660068512,0.20321890711784363,,0.6214641332626343,,,,,,,,,,,,,,64.36078643798828,619169.0,4.164504528045654,454.2661437988281,16574,,,0.0,,0.0,,0.0,
74,,,,,,1.5123695135116577,,-17.75815773010254,,8.388044357299805,,,,,,,,,,,,16574,2.427675485610962,,,,,,,
,,,,,,,,,,,,,,7.119176232188852e-05,0.03,,,,,,,16599,,,,,,,,
75,,,,,,,1.51141357421875,,-17.727298736572266,,8.2421875,7.116766937542707e-05,0.029999999329447746,,,1.0,1.0,,,,,16599,,2.4126970767974854,,,,,,
,,,,,,,,,,,,,,6.99909067844726e-05,0.03,,,,,,,16649,,,,,,,,
75,,,,,,,1.5126954317092896,,-17.76732635498047,,8.3359375,6.996696902206168e-05,0.029999999329447746,,,1.0,1.0,,,,,16649,,2.2889270782470703,,,,,,
,,,,,,,,,,,,,,6.879817224209322e-05,0.03,,,,,,,16699,,,,,,,,
75,,,,,,,1.5178616046905518,,-17.765443801879883,,8.6015625,6.877440318930894e-05,0.029999999329447746,,,1.0,1.0,,,,,16699,,2.472896099090576,,,,,,
,,,,,,,,,,,,,,6.761363308426538e-05,0.03,,,,,,,16749,,,,,,,,
75,,,,,,,1.5197172164916992,,-17.750713348388672,,8.4765625,6.759002280887216e-05,0.029999999329447746,,,1.0,1.0,,,,,16749,,2.5105807781219482,,,,,,
,,,0.14218750596046448,,1.0,,,,,,,,,,,1.0,1.0,,,,,6900,,,,0.0,,0.0,,0.0
,,,0.16249999403953552,,0.9921875,,,,,,,,,,,1.0,1.0,,,,,6901,,,,0.0,,0.0,,0.0
,,,0.1460212618112564,,0.8839384317398071,,,,,,,,,,,1.0,1.0,,,,,6902,,,,0.0,,0.0,,0.0
,,,0.01406249962747097,,0.8671875,,,,,,,,,,,1.0,1.0,,,,,6903,,,,0.0,,0.0,,0.0
,,,0.0062500000931322575,,0.8515625,,,,,,,,,,,1.0,1.0,,,,,6904,,,,0.0,,0.0,,0.0
,,,0.006410256493836641,,0.7419872283935547,,,,,,,,,,,1.0,1.0,,,,,6905,,,,0.0,,0.0,,0.0
,,,0.0,,0.5859375,,,,,,,,,,,1.0,1.0,,,,,6906,,,,0.0,,0.0,,0.0
,,,0.0,,0.5625,,,,,,,,,,,1.0,1.0,,,,,6907,,,,0.0,,0.0,,0.0
,,,0.0,,0.5454545021057129,,,,,,,,,,,1.0,1.0,,,,,6908,,,,0.0,,0.0,,0.0
,,,0.00390625,,0.609375,,,,,,,,,,,1.0,1.0,,,,,6909,,,,0.0,,0.0,,0.0
,,,0.0,,0.59375,,,,,,,,,,,1.0,1.0,,,,,6910,,,,0.0,,0.0,,0.0
,,,0.0,,0.5390625,,,,,,,,,,,1.0,1.0,,,,,6911,,,,0.0,,0.0,,0.0
,,,0.07466667145490646,,0.8960000276565552,,,,,,,,,,,1.0,1.0,,,,,6912,,,,0.0,,0.0,,0.0
,,,0.07656250149011612,,0.7734375,,,,,,,,,,,1.0,1.0,,,,,6913,,,,0.0,,0.0,,0.0
,,,0.07968749850988388,,0.6953125,,,,,,,,,,,1.0,1.0,,,,,6914,,,,0.0,,0.0,,0.0
,,,0.0476190485060215,,0.48972922563552856,,,,,,,,,,,1.0,1.0,,,,,6915,,,,0.0,,0.0,,0.0
,,,0.0,,0.25,,,,,,,,,,,1.0,1.0,,,,,6916,,,,0.0,,0.0,,0.0
,,,0.0,,0.2421875,,,,,,,,,,,1.0,1.0,,,,,6917,,,,0.0,,0.0,,0.0
,,,0.05238095670938492,,0.5795454382896423,,,,,,,,,,,1.0,1.0,,,,,6918,,,,0.0,,0.0,,0.0
,,,0.05156249925494194,,1.0,,,,,,,,,,,1.0,1.0,,,,,6919,,,,0.0,,0.0,,0.0
,,,0.04062499850988388,,0.9921875,,,,,,,,,,,1.0,1.0,,,,,6920,,,,0.0,,0.0,,0.0
,,,0.072727270424366,,0.5410959124565125,,,,,,,,,,,1.0,1.0,,,,,6921,,,,0.0,,0.0,,0.0
,,,0.0,,0.1171875,,,,,,,,,,,1.0,1.0,,,,,6922,,,,0.0,,0.0,,0.0
,,,0.0,,0.109375,,,,,,,,,,,1.0,1.0,,,,,6923,,,,0.0,,0.0,,0.0
,,,0.0,,0.05714285746216774,,,,,,,,,,,1.0,1.0,,,,,6924,,,,0.0,,0.0,,0.0
,,,0.0,,0.0,,,,,,,,,,,1.0,1.0,,,,,6925,,,,0.0,,0.0,,0.0
,,,0.0,,0.0,,,,,,,,,,,1.0,1.0,,,,,6926,,,,0.0,,0.0,,0.0
,,,0.04716980829834938,,0.4811320900917053,,,,,,,,,,,1.0,1.0,,,,,6927,,,,0.0,,0.0,,0.0
,,,0.06093750149011612,,0.953125,,,,,,,,,,,1.0,1.0,,,,,6928,,,,0.0,,0.0,,0.0
,,,0.0546875,,0.9609375,,,,,,,,,,,1.0,1.0,,,,,6929,,,,0.0,,0.0,,0.0
,,,0.23824897408485413,,0.9941176176071167,,,,,,,,,,,1.0,1.0,,,,,6930,,,,0.0,,0.0,,0.0
,,,0.15156249701976776,,1.0,,,,,,,,,,,1.0,1.0,,,,,6931,,,,0.0,,0.0,,0.0
,,,0.16093750298023224,,0.9921875,,,,,,,,,,,1.0,1.0,,,,,6932,,,,0.0,,0.0,,0.0
,,,0.1311986893415451,,0.9357142448425293,,,,,,,,,,,1.0,1.0,,,,,6933,,,,0.0,,0.0,,0.0
,,,0.0031250000465661287,,0.8359375,,,,,,,,,,,1.0,1.0,,,,,6934,,,,0.0,,0.0,,0.0
,,,0.0065104165114462376,,0.8515625,,,,,,,,,,,1.0,1.0,,,,,6935,,,,0.0,,0.0,,0.0
,,,0.005464480724185705,,0.7172743082046509,,,,,,,,,,,1.0,1.0,,,,,6936,,,,0.0,,0.0,,0.0
,,,0.0013020833721384406,,0.5703125,,,,,,,,,,,1.0,1.0,,,,,6937,,,,0.0,,0.0,,0.0
,,,0.0011160714784637094,,0.5703125,,,,,,,,,,,1.0,1.0,,,,,6938,,,,0.0,,0.0,,0.0
,,,0.0,,0.6164835691452026,,,,,,,,,,,1.0,1.0,,,,,6939,,,,0.0,,0.0,,0.0
,,,0.0011160714784637094,,0.5859375,,,,,,,,,,,1.0,1.0,,,,,6940,,,,0.0,,0.0,,0.0
,,,0.0,,0.6328125,,,,,,,,,,,1.0,1.0,,,,,6941,,,,0.0,,0.0,,0.0
,,,0.07689393311738968,,0.7318181991577148,,,,,,,,,,,1.0,1.0,,,,,6942,,,,0.0,,0.0,,0.0
,,,0.0703125,,0.7890625,,,,,,,,,,,1.0,1.0,,,,,6943,,,,0.0,,0.0,,0.0
,,,0.078125,,0.765625,,,,,,,,,,,1.0,1.0,,,,,6944,,,,0.0,,0.0,,0.0
,,,0.0797872319817543,,0.47528159618377686,,,,,,,,,,,1.0,1.0,,,,,6945,,,,0.0,,0.0,,0.0
,,,0.0,,0.21875,,,,,,,,,,,1.0,1.0,,,,,6946,,,,0.0,,0.0,,0.0
,,,0.0,,0.2265625,,,,,,,,,,,1.0,1.0,,,,,6947,,,,0.0,,0.0,,0.0
,,,0.0,,0.1796875,,,,,,,,,,,1.0,1.0,,,,,6948,,,,0.0,,0.0,,0.0
,,,0.04593175649642944,,0.5,,,,,,,,,,,1.0,1.0,,,,,6949,,,,0.0,,0.0,,0.0
,,,0.0546875,,0.9921875,,,,,,,,,,,1.0,1.0,,,,,6950,,,,0.0,,0.0,,0.0
,,,0.072265625,,1.0,,,,,,,,,,,1.0,1.0,,,,,6951,,,,0.0,,0.0,,0.0
,,,0.069444440305233,,0.556034505367279,,,,,,,,,,,1.0,1.0,,,,,6952,,,,0.0,,0.0,,0.0
,,,0.0,,0.1171875,,,,,,,,,,,1.0,1.0,,,,,6953,,,,0.0,,0.0,,0.0
,,,0.0,,0.0703125,,,,,,,,,,,1.0,1.0,,,,,6954,,,,0.0,,0.0,,0.0
,,,0.0,,0.07407407462596893,,,,,,,,,,,1.0,1.0,,,,,6955,,,,0.0,,0.0,,0.0
,,,0.0,,0.0,,,,,,,,,,,1.0,1.0,,,,,6956,,,,0.0,,0.0,,0.0
,,,0.0,,0.0,,,,,,,,,,,1.0,1.0,,,,,6957,,,,0.0,,0.0,,0.0
,,,0.0416666641831398,,0.484375,,,,,,,,,,,1.0,1.0,,,,,6958,,,,0.0,,0.0,,0.0
,,,0.06562499701976776,,0.953125,,,,,,,,,,,1.0,1.0,,,,,6959,,,,0.0,,0.0,,0.0
,,,0.06562499701976776,,0.9921875,,,,,,,,,,,1.0,1.0,,,,,6960,,,,0.0,,0.0,,0.0
,,,0.2040974497795105,,0.976190447807312,,,,,,,,,,,1.0,1.0,,,,,6961,,,,0.0,,0.0,,0.0
,,,0.1953125,,0.9921875,,,,,,,,,,,1.0,1.0,,,,,6962,,,,0.0,,0.0,,0.0
,,,0.15000000596046448,,0.9921875,,,,,,,,,,,1.0,1.0,,,,,6963,,,,0.0,,0.0,,0.0
,,,0.21592921018600464,,0.9247787594795227,,,,,,,,,,,1.0,1.0,,,,,6964,,,,0.0,,0.0,,0.0
,,,0.0078125,,0.7890625,,,,,,,,,,,1.0,1.0,,,,,6965,,,,0.0,,0.0,,0.0
,,,0.0078125,,0.84375,,,,,,,,,,,1.0,1.0,,,,,6966,,,,0.0,,0.0,,0.0
,,,0.009259259328246117,,0.6898989677429199,,,,,,,,,,,1.0,1.0,,,,,6967,,,,0.0,,0.0,,0.0
,,,0.0,,0.5859375,,,,,,,,,,,1.0,1.0,,,,,6968,,,,0.0,,0.0,,0.0
,,,0.0,,0.5390625,,,,,,,,,,,1.0,1.0,,,,,6969,,,,0.0,,0.0,,0.0
,,,0.0015432098880410194,,0.6074073910713196,,,,,,,,,,,1.0,1.0,,,,,6970,,,,0.0,,0.0,,0.0
,,,0.0013020833721384406,,0.5859375,,,,,,,,,,,1.0,1.0,,,,,6971,,,,0.0,,0.0,,0.0
,,,0.0,,0.6328125,,,,,,,,,,,1.0,1.0,,,,,6972,,,,0.0,,0.0,,0.0
,,,0.07028112560510635,,0.7429718971252441,,,,,,,,,,,1.0,1.0,,,,,6973,,,,0.0,,0.0,,0.0
,,,0.07187499850988388,,0.7421875,,,,,,,,,,,1.0,1.0,,,,,6974,,,,0.0,,0.0,,0.0
,,,0.07968749850988388,,0.75,,,,,,,,,,,1.0,1.0,,,,,6975,,,,0.0,,0.0,,0.0
,,,0.05042016878724098,,0.46664121747016907,,,,,,,,,,,1.0,1.0,,,,,6976,,,,0.0,,0.0,,0.0
,,,0.0,,0.1953125,,,,,,,,,,,1.0,1.0,,,,,6977,,,,0.0,,0.0,,0.0
,,,0.0,,0.203125,,,,,,,,,,,1.0,1.0,,,,,6978,,,,0.0,,0.0,,0.0
,,,0.0396825410425663,,0.5872092843055725,,,,,,,,,,,1.0,1.0,,,,,6979,,,,0.0,,0.0,,0.0
,,,0.0807291641831398,,1.0,,,,,,,,,,,1.0,1.0,,,,,6980,,,,0.0,,0.0,,0.0
,,,0.04531250149011612,,0.9921875,,,,,,,,,,,1.0,1.0,,,,,6981,,,,0.0,,0.0,,0.0
,,,0.07010309398174286,,0.5483871102333069,,,,,,,,,,,1.0,1.0,,,,,6982,,,,0.0,,0.0,,0.0
,,,0.0,,0.140625,,,,,,,,,,,1.0,1.0,,,,,6983,,,,0.0,,0.0,,0.0
,,,0.0,,0.0859375,,,,,,,,,,,1.0,1.0,,,,,6984,,,,0.0,,0.0,,0.0
,,,0.0,,0.0446428582072258,,,,,,,,,,,1.0,1.0,,,,,6985,,,,0.0,,0.0,,0.0
,,,0.0,,0.0,,,,,,,,,,,1.0,1.0,,,,,6986,,,,0.0,,0.0,,0.0
,,,0.0,,0.0,,,,,,,,,,,1.0,1.0,,,,,6987,,,,0.0,,0.0,,0.0
,,,0.07575757801532745,,0.5,,,,,,,,,,,1.0,1.0,,,,,6988,,,,0.0,,0.0,,0.0
,,,0.05781250074505806,,0.96875,,,,,,,,,,,1.0,1.0,,,,,6989,,,,0.0,,0.0,,0.0
,,,0.04531250149011612,,0.9609375,,,,,,,,,,,1.0,1.0,,,,,6990,,,,0.0,,0.0,,0.0
,,,0.08346457034349442,,0.9921259880065918,,,,,,,,,,,1.0,1.0,,,,,6991,,,,0.0,,0.0,,0.0
75,0.13627023994922638,0.18005964159965515,,0.6042604446411133,,,,,,,,,,,,,,63.92399597167969,634911.5,4.1576948165893555,458.7635498046875,16795,,,0.0,,0.0,,0.0,
75,,,,,,1.5124800205230713,,-17.75399398803711,,8.331960678100586,,,,,,,,,,,,16795,2.437453031539917,,,,,,,
,,,,,,,,,,,,,,6.643736318936723e-05,0.03,,,,,,,16799,,,,,,,,
76,,,,,,,1.524244785308838,,-17.74467658996582,,8.7265625,6.641392246820033e-05,0.029999999329447746,,,1.0,1.0,,,,,16799,,2.210434913635254,,,,,,
,,,,,,,,,,,,,,6.526943592003209e-05,0.03,,,,,,,16849,,,,,,,,
76,,,,,,,1.51216459274292,,-17.75030517578125,,8.0625,6.524616037495434e-05,0.029999999329447746,,,1.0,1.0,,,,,16849,,2.582669734954834,,,,,,
,,,,,,,,,,,,,,6.410992411857324e-05,0.03,,,,,,,16899,,,,,,,,
76,,,,,,,1.5218266248703003,,-17.765474319458008,,8.796875,6.408682384062558e-05,0.029999999329447746,,,1.0,1.0,,,,,16899,,2.6091651916503906,,,,,,
,,,,,,,,,,,,,,6.295890010244087e-05,0.03,,,,,,,16949,,,,,,,,
76,,,,,,,1.5168638229370117,,-17.75927734375,,8.578125,6.293596379691735e-05,0.029999999329447746,,,1.0,1.0,,,,,16949,,2.427751064300537,,,,,,
,,,,,,,,,,,,,,6.18164356597111e-05,0.03,,,,,,,16999,,,,,,,,
76,,,,,,,1.5130648612976074,,-17.76999855041504,,8.203125,6.179367483127862e-05,0.029999999329447746,,,1.0,1.0,,,,,16999,,2.486572265625,,,,,,
,,,0.00937500037252903,,0.53125,,,,,,,,,,,1.0,1.0,,,,,6992,,,,0.0,,0.0,,0.0
,,,0.009114583022892475,,0.6015625,,,,,,,,,,,1.0,1.0,,,,,6993,,,,0.0,,0.0,,0.0
,,,0.006188118830323219,,0.33645033836364746,,,,,,,,,,,1.0,1.0,,,,,6994,,,,0.0,,0.0,,0.0
,,,0.0,,0.09375,,,,,,,,,,,1.0,1.0,,,,,6995,,,,0.0,,0.0,,0.0
,,,0.0,,0.1328125,,,,,,,,,,,1.0,1.0,,,,,6996,,,,0.0,,0.0,,0.0
,,,0.0,,0.442307710647583,,,,,,,,,,,1.0,1.0,,,,,6997,,,,0.0,,0.0,,0.0
,,,0.0,,0.7578125,,,,,,,,,,,1.0,1.0,,,,,6998,,,,0.0,,0.0,,0.0
,,,0.0,,0.7421875,,,,,,,,,,,1.0,1.0,,,,,6999,,,,0.0,,0.0,,0.0
,,,0.0,,0.6179245710372925,,,,,,,,,,,1.0,1.0,,,,,7000,,,,0.0,,0.0,,0.0
,,,0.0,,0.4453125,,,,,,,,,,,1.0,1.0,,,,,7001,,,,0.0,,0.0,,0.0
,,,0.0,,0.4140625,,,,,,,,,,,1.0,1.0,,,,,7002,,,,0.0,,0.0,,0.0
,,,0.0,,0.46875,,,,,,,,,,,1.0,1.0,,,,,7003,,,,0.0,,0.0,,0.0
,,,0.12000000476837158,,0.781333327293396,,,,,,,,,,,1.0,1.0,,,,,7004,,,,0.0,,0.0,,0.0
,,,0.12656250596046448,,0.8828125,,,,,,,,,,,1.0,1.0,,,,,7005,,,,0.0,,0.0,,0.0
,,,0.142578125,,0.8046875,,,,,,,,,,,1.0,1.0,,,,,7006,,,,0.0,,0.0,,0.0
,,,0.14309057593345642,,0.9579831957817078,,,,,,,,,,,1.0,1.0,,,,,7007,,,,0.0,,0.0,,0.0
,,,0.0,,0.9140625,,,,,,,,,,,1.0,1.0,,,,,7008,,,,0.0,,0.0,,0.0
,,,0.0,,0.921875,,,,,,,,,,,1.0,1.0,,,,,7009,,,,0.0,,0.0,,0.0
,,,0.0476190485060215,,0.9886363744735718,,,,,,,,,,,1.0,1.0,,,,,7010,,,,0.0,,0.0,,0.0
,,,0.04531250149011612,,0.9921875,,,,,,,,,,,1.0,1.0,,,,,7011,,,,0.0,,0.0,,0.0
,,,0.05624999850988388,,0.9921875,,,,,,,,,,,1.0,1.0,,,,,7012,,,,0.0,,0.0,,0.0
,,,0.02988792024552822,,0.6963885426521301,,,,,,,,,,,1.0,1.0,,,,,7013,,,,0.0,,0.0,,0.0
,,,0.00390625,,0.3359375,,,,,,,,,,,1.0,1.0,,,,,7014,,,,0.0,,0.0,,0.0
,,,0.0052083334885537624,,0.359375,,,,,,,,,,,1.0,1.0,,,,,7015,,,,0.0,,0.0,,0.0
,,,0.012889983132481575,,0.31945812702178955,,,,,,,,,,,1.0,1.0,,,,,7016,,,,0.0,,0.0,,0.0
,,,0.0,,0.359375,,,,,,,,,,,1.0,1.0,,,,,7017,,,,0.0,,0.0,,0.0
,,,0.0013020833721384406,,0.3671875,,,,,,,,,,,1.0,1.0,,,,,7018,,,,0.0,,0.0,,0.0
,,,0.13115304708480835,,0.6866666674613953,,,,,,,,,,,1.0,1.0,,,,,7019,,,,0.0,,0.0,,0.0
,,,0.1419270783662796,,0.9921875,,,,,,,,,,,1.0,1.0,,,,,7020,,,,0.0,,0.0,,0.0
,,,0.19140625,,0.984375,,,,,,,,,,,1.0,1.0,,,,,7021,,,,0.0,,0.0,,0.0
,,,0.24384404718875885,,0.7789329290390015,,,,,,,,,,,1.0,1.0,,,,,7022,,,,0.0,,0.0,,0.0
,,,0.010937499813735485,,0.5859375,,,,,,,,,,,1.0,1.0,,,,,7023,,,,0.0,,0.0,,0.0
,,,0.0033482143189758062,,0.53125,,,,,,,,,,,1.0,1.0,,,,,7024,,,,0.0,,0.0,,0.0
,,,0.004926108289510012,,0.2928571403026581,,,,,,,,,,,1.0,1.0,,,,,7025,,,,0.0,,0.0,,0.0
,,,0.0,,0.140625,,,,,,,,,,,1.0,1.0,,,,,7026,,,,0.0,,0.0,,0.0
,,,0.0,,0.1171875,,,,,,,,,,,1.0,1.0,,,,,7027,,,,0.0,,0.0,,0.0
,,,0.0,,0.4223146438598633,,,,,,,,,,,1.0,1.0,,,,,7028,,,,0.0,,0.0,,0.0
,,,0.0,,0.7109375,,,,,,,,,,,1.0,1.0,,,,,7029,,,,0.0,,0.0,,0.0
,,,0.0,,0.6640625,,,,,,,,,,,1.0,1.0,,,,,7030,,,,0.0,,0.0,,0.0
,,,0.0,,0.5874236822128296,,,,,,,,,,,1.0,1.0,,,,,7031,,,,0.0,,0.0,,0.0
,,,0.0,,0.5078125,,,,,,,,,,,1.0,1.0,,,,,7032,,,,0.0,,0.0,,0.0
,,,0.0,,0.4765625,,,,,,,,,,,1.0,1.0,,,,,7033,,,,0.0,,0.0,,0.0
,,,0.11666666716337204,,0.6727272868156433,,,,,,,,,,,1.0,1.0,,,,,7034,,,,0.0,,0.0,,0.0
,,,0.158203125,,0.8671875,,,,,,,,,,,1.0,1.0,,,,,7035,,,,0.0,,0.0,,0.0
,,,0.09765625,,0.8359375,,,,,,,,,,,1.0,1.0,,,,,7036,,,,0.0,,0.0,,0.0
,,,0.12553191184997559,,0.9108260273933411,,,,,,,,,,,1.0,1.0,,,,,7037,,,,0.0,,0.0,,0.0
,,,0.004687500186264515,,0.921875,,,,,,,,,,,1.0,1.0,,,,,7038,,,,0.0,,0.0,,0.0
,,,0.0013020833721384406,,0.9140625,,,,,,,,,,,1.0,1.0,,,,,7039,,,,0.0,,0.0,,0.0
,,,0.0031250000465661287,,0.953125,,,,,,,,,,,1.0,1.0,,,,,7040,,,,0.0,,0.0,,0.0
,,,0.04199475049972534,,0.9960629940032959,,,,,,,,,,,1.0,1.0,,,,,7041,,,,0.0,,0.0,,0.0
,,,0.0703125,,1.0,,,,,,,,,,,1.0,1.0,,,,,7042,,,,0.0,,0.0,,0.0
,,,0.064453125,,1.0,,,,,,,,,,,1.0,1.0,,,,,7043,,,,0.0,,0.0,,0.0
,,,0.019636016339063644,,0.6939655542373657,,,,,,,,,,,1.0,1.0,,,,,7044,,,,0.0,,0.0,,0.0
,,,0.0065104165114462376,,0.3515625,,,,,,,,,,,1.0,1.0,,,,,7045,,,,0.0,,0.0,,0.0
,,,0.010937499813735485,,0.296875,,,,,,,,,,,1.0,1.0,,,,,7046,,,,0.0,,0.0,,0.0
,,,0.0028288543689996004,,0.2781444787979126,,,,,,,,,,,1.0,1.0,,,,,7047,,,,0.0,,0.0,,0.0
,,,0.0013020833721384406,,0.3828125,,,,,,,,,,,1.0,1.0,,,,,7048,,,,0.0,,0.0,,0.0
,,,0.0,,0.2890625,,,,,,,,,,,1.0,1.0,,,,,7049,,,,0.0,,0.0,,0.0
,,,0.1354166716337204,,0.6875,,,,,,,,,,,1.0,1.0,,,,,7050,,,,0.0,,0.0,,0.0
,,,0.1302083283662796,,0.984375,,,,,,,,,,,1.0,1.0,,,,,7051,,,,0.0,,0.0,,0.0
,,,0.265625,,1.0,,,,,,,,,,,1.0,1.0,,,,,7052,,,,0.0,,0.0,,0.0
,,,0.15263934433460236,,0.7846068143844604,,,,,,,,,,,1.0,1.0,,,,,7053,,,,0.0,,0.0,,0.0
,,,0.01406249962747097,,0.6328125,,,,,,,,,,,1.0,1.0,,,,,7054,,,,0.0,,0.0,,0.0
,,,0.0026041667442768812,,0.546875,,,,,,,,,,,1.0,1.0,,,,,7055,,,,0.0,,0.0,,0.0
,,,0.011111111380159855,,0.2731563448905945,,,,,,,,,,,1.0,1.0,,,,,7056,,,,0.0,,0.0,,0.0
,,,0.0,,0.1171875,,,,,,,,,,,1.0,1.0,,,,,7057,,,,0.0,,0.0,,0.0
,,,0.0,,0.09375,,,,,,,,,,,1.0,1.0,,,,,7058,,,,0.0,,0.0,,0.0
,,,0.0,,0.40101009607315063,,,,,,,,,,,1.0,1.0,,,,,7059,,,,0.0,,0.0,,0.0
,,,0.0,,0.703125,,,,,,,,,,,1.0,1.0,,,,,7060,,,,0.0,,0.0,,0.0
,,,0.0,,0.6953125,,,,,,,,,,,1.0,1.0,,,,,7061,,,,0.0,,0.0,,0.0
,,,0.0,,0.6888889074325562,,,,,,,,,,,1.0,1.0,,,,,7062,,,,0.0,,0.0,,0.0
,,,0.0,,0.4375,,,,,,,,,,,1.0,1.0,,,,,7063,,,,0.0,,0.0,,0.0
,,,0.0,,0.4453125,,,,,,,,,,,1.0,1.0,,,,,7064,,,,0.0,,0.0,,0.0
,,,0.1469879448413849,,0.6953146457672119,,,,,,,,,,,1.0,1.0,,,,,7065,,,,0.0,,0.0,,0.0
,,,0.11406250298023224,,0.8515625,,,,,,,,,,,1.0,1.0,,,,,7066,,,,0.0,,0.0,,0.0
,,,0.0989583358168602,,0.875,,,,,,,,,,,1.0,1.0,,,,,7067,,,,0.0,,0.0,,0.0
,,,0.1552075445652008,,0.9052711725234985,,,,,,,,,,,1.0,1.0,,,,,7068,,,,0.0,,0.0,,0.0
,,,0.004687500186264515,,0.90625,,,,,,,,,,,1.0,1.0,,,,,7069,,,,0.0,,0.0,,0.0
,,,0.0026041667442768812,,0.9296875,,,,,,,,,,,1.0,1.0,,,,,7070,,,,0.0,,0.0,,0.0
,,,0.04928017780184746,,0.9709302186965942,,,,,,,,,,,1.0,1.0,,,,,7071,,,,0.0,,0.0,,0.0
,,,0.0703125,,0.9921875,,,,,,,,,,,1.0,1.0,,,,,7072,,,,0.0,,0.0,,0.0
,,,0.046875,,0.984375,,,,,,,,,,,1.0,1.0,,,,,7073,,,,0.0,,0.0,,0.0
,,,0.03802239149808884,,0.7419354915618896,,,,,,,,,,,1.0,1.0,,,,,7074,,,,0.0,,0.0,,0.0
,,,0.009114583022892475,,0.40625,,,,,,,,,,,1.0,1.0,,,,,7075,,,,0.0,,0.0,,0.0
,,,0.0065104165114462376,,0.3359375,,,,,,,,,,,1.0,1.0,,,,,7076,,,,0.0,,0.0,,0.0
,,,0.012755102477967739,,0.3169642686843872,,,,,,,,,,,1.0,1.0,,,,,7077,,,,0.0,,0.0,,0.0
,,,0.0022321429569274187,,0.359375,,,,,,,,,,,1.0,1.0,,,,,7078,,,,0.0,,0.0,,0.0
,,,0.0008680555620230734,,0.2890625,,,,,,,,,,,1.0,1.0,,,,,7079,,,,0.0,,0.0,,0.0
,,,0.12987013161182404,,0.7179487347602844,,,,,,,,,,,1.0,1.0,,,,,7080,,,,0.0,,0.0,,0.0
,,,0.16875000298023224,,1.0,,,,,,,,,,,1.0,1.0,,,,,7081,,,,0.0,,0.0,,0.0
,,,0.189453125,,0.984375,,,,,,,,,,,1.0,1.0,,,,,7082,,,,0.0,,0.0,,0.0
,,,0.278215229511261,,0.9763779640197754,,,,,,,,,,,1.0,1.0,,,,,7083,,,,0.0,,0.0,,0.0
76,0.13465651869773865,0.17965583503246307,,0.6333887577056885,,,,,,,,,,,,,,63.17729949951172,900516.6875,4.145945072174072,460.01373291015625,17016,,,0.0,,0.0,,0.0,
76,,,,,,1.511096715927124,,-17.757434844970703,,8.31099796295166,,,,,,,,,,,,17016,2.4653995037078857,,,,,,,
,,,,,,,,,,,,,,6.0682602044609254e-05,0.03,,,,,,,17049,,,,,,,,
77,,,,,,,1.520043969154358,,-17.77560043334961,,8.671875,6.066001515137032e-05,0.029999999329447746,,,1.0,1.0,,,,,17049,,2.3333964347839355,,,,,,
,,,,,,,,,,,,,,5.9557469973065746e-05,0.03,,,,,,,17099,,,,,,,,
77,,,,,,,1.5201389789581299,,-17.767515182495117,,8.6171875,5.9535057516768575e-05,0.029999999329447746,,,1.0,1.0,,,,,17099,,2.4977054595947266,,,,,,
,,,,,,,,,,,,,,5.844110961830532e-05,0.03,,,,,,,17149,,,,,,,,
77,,,,,,,1.5244865417480469,,-17.77395248413086,,8.578125,5.841887104907073e-05,0.029999999329447746,,,1.0,1.0,,,,,17149,,2.3149662017822266,,,,,,
,,,,,,,,,,,,,,5.733359060647063e-05,0.03,,,,,,,17199,,,,,,,,
77,,,,,,,1.5115857124328613,,-17.774208068847656,,8.3671875,5.7311532145831734e-05,0.029999999329447746,,,1.0,1.0,,,,,17199,,2.313262939453125,,,,,,
,,,0.01822916604578495,,0.9453125,,,,,,,,,,,1.0,1.0,,,,,7084,,,,0.0,,0.0,,0.0
,,,0.0234375,,0.953125,,,,,,,,,,,1.0,1.0,,,,,7085,,,,0.0,,0.0,,0.0
,,,0.15029597282409668,,0.9455445408821106,,,,,,,,,,,1.0,1.0,,,,,7086,,,,0.0,,0.0,,0.0
,,,0.232421875,,1.0,,,,,,,,,,,1.0,1.0,,,,,7087,,,,0.0,,0.0,,0.0
,,,0.224609375,,1.0,,,,,,,,,,,1.0,1.0,,,,,7088,,,,0.0,,0.0,,0.0
,,,0.1458333283662796,,1.0,,,,,,,,,,,1.0,1.0,,,,,7089,,,,0.0,,0.0,,0.0
,,,0.0,,0.9765625,,,,,,,,,,,1.0,1.0,,,,,7090,,,,0.0,,0.0,,0.0
,,,0.0015625000232830644,,0.984375,,,,,,,,,,,1.0,1.0,,,,,7091,,,,0.0,,0.0,,0.0
,,,0.009148084558546543,,0.6951115131378174,,,,,,,,,,,1.0,1.0,,,,,7092,,,,0.0,,0.0,,0.0
,,,0.0013020833721384406,,0.4140625,,,,,,,,,,,1.0,1.0,,,,,7093,,,,0.0,,0.0,,0.0
,,,0.0,,0.375,,,,,,,,,,,1.0,1.0,,,,,7094,,,,0.0,,0.0,,0.0
,,,0.0,,0.3828125,,,,,,,,,,,1.0,1.0,,,,,7095,,,,0.0,,0.0,,0.0
,,,0.036571431905031204,,0.6173333525657654,,,,,,,,,,,1.0,1.0,,,,,7096,,,,0.0,,0.0,,0.0
,,,0.0416666679084301,,0.515625,,,,,,,,,,,1.0,1.0,,,,,7097,,,,0.0,,0.0,,0.0
,,,0.046875,,0.5,,,,,,,,,,,1.0,1.0,,,,,7098,,,,0.0,,0.0,,0.0
,,,0.03703703731298447,,0.3333333432674408,,,,,,,,,,,1.0,1.0,,,,,7099,,,,0.0,,0.0,,0.0
,,,0.0,,0.0,,,,,,,,,,,1.0,1.0,,,,,7100,,,,0.0,,0.0,,0.0
,,,0.0,,0.0,,,,,,,,,,,1.0,1.0,,,,,7101,,,,0.0,,0.0,,0.0
,,,0.0436507947742939,,0.5,,,,,,,,,,,1.0,1.0,,,,,7102,,,,0.0,,0.0,,0.0
,,,0.0625,,1.0,,,,,,,,,,,1.0,1.0,,,,,7103,,,,0.0,,0.0,,0.0
,,,0.04843749850988388,,0.9921875,,,,,,,,,,,1.0,1.0,,,,,7104,,,,0.0,,0.0,,0.0
,,,0.07556662708520889,,0.9726027250289917,,,,,,,,,,,1.0,1.0,,,,,7105,,,,0.0,,0.0,,0.0
,,,0.0325520820915699,,0.84375,,,,,,,,,,,1.0,1.0,,,,,7106,,,,0.0,,0.0,,0.0
,,,0.02473958395421505,,0.8671875,,,,,,,,,,,1.0,1.0,,,,,7107,,,,0.0,,0.0,,0.0
,,,0.02448979578912258,,0.45443350076675415,,,,,,,,,,,1.0,1.0,,,,,7108,,,,0.0,,0.0,,0.0
,,,0.0,,0.0703125,,,,,,,,,,,1.0,1.0,,,,,7109,,,,0.0,,0.0,,0.0
,,,0.0,,0.0390625,,,,,,,,,,,1.0,1.0,,,,,7110,,,,0.0,,0.0,,0.0
,,,0.005390835460275412,,0.2652830183506012,,,,,,,,,,,1.0,1.0,,,,,7111,,,,0.0,,0.0,,0.0
,,,0.0,,0.421875,,,,,,,,,,,1.0,1.0,,,,,7112,,,,0.0,,0.0,,0.0
,,,0.0,,0.4375,,,,,,,,,,,1.0,1.0,,,,,7113,,,,0.0,,0.0,,0.0
,,,0.02657807245850563,,0.7764706015586853,,,,,,,,,,,1.0,1.0,,,,,7114,,,,0.0,,0.0,,0.0
,,,0.02968749962747097,,0.9453125,,,,,,,,,,,1.0,1.0,,,,,7115,,,,0.0,,0.0,,0.0
,,,0.013020833022892475,,0.9140625,,,,,,,,,,,1.0,1.0,,,,,7116,,,,0.0,,0.0,,0.0
,,,0.19950738549232483,,0.982758641242981,,,,,,,,,,,1.0,1.0,,,,,7117,,,,0.0,,0.0,,0.0
,,,0.18437500298023224,,1.0,,,,,,,,,,,1.0,1.0,,,,,7118,,,,0.0,,0.0,,0.0
,,,0.296875,,1.0,,,,,,,,,,,1.0,1.0,,,,,7119,,,,0.0,,0.0,,0.0
,,,0.1241217777132988,,0.9850746393203735,,,,,,,,,,,1.0,1.0,,,,,7120,,,,0.0,,0.0,,0.0
,,,0.0015625000232830644,,0.984375,,,,,,,,,,,1.0,1.0,,,,,7121,,,,0.0,,0.0,,0.0
,,,0.00390625,,0.9765625,,,,,,,,,,,1.0,1.0,,,,,7122,,,,0.0,,0.0,,0.0
,,,0.002197802299633622,,0.6841269731521606,,,,,,,,,,,1.0,1.0,,,,,7123,,,,0.0,,0.0,,0.0
,,,0.0,,0.4140625,,,,,,,,,,,1.0,1.0,,,,,7124,,,,0.0,,0.0,,0.0
,,,0.0,,0.3671875,,,,,,,,,,,1.0,1.0,,,,,7125,,,,0.0,,0.0,,0.0
,,,0.03214285522699356,,0.5034090876579285,,,,,,,,,,,1.0,1.0,,,,,7126,,,,0.0,,0.0,,0.0
,,,0.046875,,0.5,,,,,,,,,,,1.0,1.0,,,,,7127,,,,0.0,,0.0,,0.0
,,,0.0345982126891613,,0.4921875,,,,,,,,,,,1.0,1.0,,,,,7128,,,,0.0,,0.0,,0.0
,,,0.04432624205946922,,0.26595744490623474,,,,,,,,,,,1.0,1.0,,,,,7129,,,,0.0,,0.0,,0.0
,,,0.0,,0.0,,,,,,,,,,,1.0,1.0,,,,,7130,,,,0.0,,0.0,,0.0
,,,0.0,,0.0,,,,,,,,,,,1.0,1.0,,,,,7131,,,,0.0,,0.0,,0.0
,,,0.0,,0.0,,,,,,,,,,,1.0,1.0,,,,,7132,,,,0.0,,0.0,,0.0
,,,0.038245219737291336,,0.5,,,,,,,,,,,1.0,1.0,,,,,7133,,,,0.0,,0.0,,0.0
,,,0.0390625,,0.9921875,,,,,,,,,,,1.0,1.0,,,,,7134,,,,0.0,,0.0,,0.0
,,,0.0677083358168602,,0.9921875,,,,,,,,,,,1.0,1.0,,,,,7135,,,,0.0,,0.0,,0.0
,,,0.05229885131120682,,0.9267241358757019,,,,,,,,,,,1.0,1.0,,,,,7136,,,,0.0,,0.0,,0.0
,,,0.03437500074505806,,0.84375,,,,,,,,,,,1.0,1.0,,,,,7137,,,,0.0,,0.0,,0.0
,,,0.02473958395421505,,0.84375,,,,,,,,,,,1.0,1.0,,,,,7138,,,,0.0,,0.0,,0.0
,,,0.03703703731298447,,0.4642464220523834,,,,,,,,,,,1.0,1.0,,,,,7139,,,,0.0,,0.0,,0.0
,,,0.0,,0.046875,,,,,,,,,,,1.0,1.0,,,,,7140,,,,0.0,,0.0,,0.0
,,,0.0,,0.0625,,,,,,,,,,,1.0,1.0,,,,,7141,,,,0.0,,0.0,,0.0
,,,0.0017361111240461469,,0.28125,,,,,,,,,,,1.0,1.0,,,,,7142,,,,0.0,,0.0,,0.0
,,,0.0,,0.4375,,,,,,,,,,,1.0,1.0,,,,,7143,,,,0.0,,0.0,,0.0
,,,0.0,,0.421875,,,,,,,,,,,1.0,1.0,,,,,7144,,,,0.0,,0.0,,0.0
,,,0.014950165525078773,,0.685215950012207,,,,,,,,,,,1.0,1.0,,,,,7145,,,,0.0,,0.0,,0.0
,,,0.037109375,,0.9453125,,,,,,,,,,,1.0,1.0,,,,,7146,,,,0.0,,0.0,,0.0
,,,0.010044642724096775,,0.9140625,,,,,,,,,,,1.0,1.0,,,,,7147,,,,0.0,,0.0,,0.0
,,,0.19563423097133636,,1.0,,,,,,,,,,,1.0,1.0,,,,,7148,,,,0.0,,0.0,,0.0
,,,0.224609375,,1.0,,,,,,,,,,,1.0,1.0,,,,,7149,,,,0.0,,0.0,,0.0
,,,0.212890625,,1.0,,,,,,,,,,,1.0,1.0,,,,,7150,,,,0.0,,0.0,,0.0
,,,0.1666666567325592,,1.0,,,,,,,,,,,1.0,1.0,,,,,7151,,,,0.0,,0.0,,0.0
,,,0.001953125,,0.9765625,,,,,,,,,,,1.0,1.0,,,,,7152,,,,0.0,,0.0,,0.0
,,,0.0,,0.9921875,,,,,,,,,,,1.0,1.0,,,,,7153,,,,0.0,,0.0,,0.0
,,,0.011111111380159855,,0.6629629731178284,,,,,,,,,,,1.0,1.0,,,,,7154,,,,0.0,,0.0,,0.0
,,,0.0,,0.359375,,,,,,,,,,,1.0,1.0,,,,,7155,,,,0.0,,0.0,,0.0
,,,0.0,,0.3828125,,,,,,,,,,,1.0,1.0,,,,,7156,,,,0.0,,0.0,,0.0
,,,0.048192769289016724,,0.5336010456085205,,,,,,,,,,,1.0,1.0,,,,,7157,,,,0.0,,0.0,,0.0
,,,0.0455729179084301,,0.4453125,,,,,,,,,,,1.0,1.0,,,,,7158,,,,0.0,,0.0,,0.0
,,,0.0442708320915699,,0.53125,,,,,,,,,,,1.0,1.0,,,,,7159,,,,0.0,,0.0,,0.0
,,,0.030812324956059456,,0.2450980395078659,,,,,,,,,,,1.0,1.0,,,,,7160,,,,0.0,,0.0,,0.0
,,,0.0,,0.0,,,,,,,,,,,1.0,1.0,,,,,7161,,,,0.0,,0.0,,0.0
,,,0.0,,0.0,,,,,,,,,,,1.0,1.0,,,,,7162,,,,0.0,,0.0,,0.0
,,,0.0555555559694767,,0.5,,,,,,,,,,,1.0,1.0,,,,,7163,,,,0.0,,0.0,,0.0
,,,0.02604166604578495,,1.0,,,,,,,,,,,1.0,1.0,,,,,7164,,,,0.0,,0.0,,0.0
,,,0.052734375,,1.0,,,,,,,,,,,1.0,1.0,,,,,7165,,,,0.0,,0.0,,0.0
,,,0.08056201785802841,,0.9354838728904724,,,,,,,,,,,1.0,1.0,,,,,7166,,,,0.0,,0.0,,0.0
,,,0.02864583395421505,,0.828125,,,,,,,,,,,1.0,1.0,,,,,7167,,,,0.0,,0.0,,0.0
,,,0.02120535634458065,,0.8125,,,,,,,,,,,1.0,1.0,,,,,7168,,,,0.0,,0.0,,0.0
,,,0.02678571455180645,,0.4776785671710968,,,,,,,,,,,1.0,1.0,,,,,7169,,,,0.0,,0.0,,0.0
,,,0.0,,0.0703125,,,,,,,,,,,1.0,1.0,,,,,7170,,,,0.0,,0.0,,0.0
,,,0.0,,0.046875,,,,,,,,,,,1.0,1.0,,,,,7171,,,,0.0,,0.0,,0.0
,,,0.0,,0.2486402541399002,,,,,,,,,,,1.0,1.0,,,,,7172,,,,0.0,,0.0,,0.0
,,,0.00390625,,0.46875,,,,,,,,,,,1.0,1.0,,,,,7173,,,,0.0,,0.0,,0.0
,,,0.0,,0.3671875,,,,,,,,,,,1.0,1.0,,,,,7174,,,,0.0,,0.0,,0.0
,,,0.0,,0.4645669162273407,,,,,,,,,,,1.0,1.0,,,,,7175,,,,0.0,,0.0,,0.0
77,0.13636274635791779,0.1670914590358734,,0.6180187463760376,,,,,,,,,,,,,,63.20285415649414,622920.75,4.1463494300842285,460.6400146484375,17237,,,0.0,,0.0,,0.0,
77,,,,,,1.5137872695922852,,-17.773048400878906,,8.407770156860352,,,,,,,,,,,,17237,2.447115182876587,,,,,,,
,,,,,,,,,,,,,,5.62349820122797e-05,0.03,,,,,,,17249,,,,,,,,
78,,,,,,,1.5220881700515747,,-17.773866653442383,,8.7265625,5.6213102652691305e-05,0.029999999329447746,,,1.0,1.0,,,,,17249,,2.460131883621216,,,,,,
,,,,,,,,,,,,,,5.5145352354717724e-05,0.03,,,,,,,17299,,,,,,,,
78,,,,,,,1.5156513452529907,,-17.773794174194336,,8.484375,5.512365169124678e-05,0.029999999329447746,,,1.0,1.0,,,,,17299,,2.5626516342163086,,,,,,
,,,,,,,,,,,,,,5.406476959276393e-05,0.03,,,,,,,17349,,,,,,,,
78,,,,,,,1.5228638648986816,,-17.767343521118164,,8.6484375,5.4043252021074295e-05,0.029999999329447746,,,1.0,1.0,,,,,17349,,2.4617223739624023,,,,,,
,,,,,,,,,,,,,,5.299330112115259e-05,0.03,,,,,,,17399,,,,,,,,
78,,,,,,,1.5019645690917969,,-17.783313751220703,,7.98828125,5.297196548781358e-05,0.029999999329447746,,,1.0,1.0,,,,,17399,,2.3971872329711914,,,,,,
,,,,,,,,,,,,,,5.1931013766169995e-05,0.03,,,,,,,17449,,,,,,,,
78,,,,,,,1.503076195716858,,-17.775453567504883,,7.8203125,5.190986121306196e-05,0.029999999329447746,,,1.0,1.0,,,,,17449,,2.422811508178711,,,,,,
,,,0.0,,0.2265625,,,,,,,,,,,1.0,1.0,,,,,7176,,,,0.0,,0.0,,0.0
,,,0.0009765625,,0.234375,,,,,,,,,,,1.0,1.0,,,,,7177,,,,0.0,,0.0,,0.0
,,,0.14979831874370575,,0.6386138796806335,,,,,,,,,,,1.0,1.0,,,,,7178,,,,0.0,,0.0,,0.0
,,,0.16875000298023224,,1.0,,,,,,,,,,,1.0,1.0,,,,,7179,,,,0.0,,0.0,,0.0
,,,0.15625,,1.0,,,,,,,,,,,1.0,1.0,,,,,7180,,,,0.0,,0.0,,0.0
,,,0.14807692170143127,,0.5,,,,,,,,,,,1.0,1.0,,,,,7181,,,,0.0,,0.0,,0.0
,,,0.0,,0.0,,,,,,,,,,,1.0,1.0,,,,,7182,,,,0.0,,0.0,,0.0
,,,0.0,,0.0078125,,,,,,,,,,,1.0,1.0,,,,,7183,,,,0.0,,0.0,,0.0
,,,0.0,,0.07761578261852264,,,,,,,,,,,1.0,1.0,,,,,7184,,,,0.0,,0.0,,0.0
,,,0.0,,0.015625,,,,,,,,,,,1.0,1.0,,,,,7185,,,,0.0,,0.0,,0.0
,,,0.0,,0.015625,,,,,,,,,,,1.0,1.0,,,,,7186,,,,0.0,,0.0,,0.0
,,,0.0,,0.0234375,,,,,,,,,,,1.0,1.0,,,,,7187,,,,0.0,,0.0,,0.0
,,,0.03085714392364025,,0.20000000298023224,,,,,,,,,,,1.0,1.0,,,,,7188,,,,0.0,,0.0,,0.0
,,,0.02994791604578495,,0.40625,,,,,,,,,,,1.0,1.0,,,,,7189,,,,0.0,,0.0,,0.0
,,,0.0244140625,,0.3828125,,,,,,,,,,,1.0,1.0,,,,,7190,,,,0.0,,0.0,,0.0
,,,0.007002801168709993,,0.7138188481330872,,,,,,,,,,,1.0,1.0,,,,,7191,,,,0.0,,0.0,,0.0
,,,0.02500000037252903,,1.0,,,,,,,,,,,1.0,1.0,,,,,7192,,,,0.0,,0.0,,0.0
,,,0.03125,,0.9921875,,,,,,,,,,,1.0,1.0,,,,,7193,,,,0.0,,0.0,,0.0
,,,0.013636363670229912,,0.9523809552192688,,,,,,,,,,,1.0,1.0,,,,,7194,,,,0.0,,0.0,,0.0
,,,0.0031250000465661287,,0.9453125,,,,,,,,,,,1.0,1.0,,,,,7195,,,,0.0,,0.0,,0.0
,,,0.0031250000465661287,,0.890625,,,,,,,,,,,1.0,1.0,,,,,7196,,,,0.0,,0.0,,0.0
,,,0.02283105067908764,,0.8128268718719482,,,,,,,,,,,1.0,1.0,,,,,7197,,,,0.0,,0.0,,0.0
,,,0.02120535634458065,,0.6796875,,,,,,,,,,,1.0,1.0,,,,,7198,,,,0.0,,0.0,,0.0
,,,0.01227678544819355,,0.6640625,,,,,,,,,,,1.0,1.0,,,,,7199,,,,0.0,,0.0,,0.0
,,,0.14295567572116852,,0.8571428656578064,,,,,,,,,,,1.0,1.0,,,,,7200,,,,0.0,,0.0,,0.0
,,,0.123046875,,0.9921875,,,,,,,,,,,1.0,1.0,,,,,7201,,,,0.0,,0.0,,0.0
,,,0.140625,,1.0,,,,,,,,,,,1.0,1.0,,,,,7202,,,,0.0,,0.0,,0.0
,,,0.09295597672462463,,0.9111949801445007,,,,,,,,,,,1.0,1.0,,,,,7203,,,,0.0,,0.0,,0.0
,,,0.0052083334885537624,,0.8125,,,,,,,,,,,1.0,1.0,,,,,7204,,,,0.0,,0.0,,0.0
,,,0.00390625,,0.8046875,,,,,,,,,,,1.0,1.0,,,,,7205,,,,0.0,,0.0,,0.0
,,,0.003921568859368563,,0.5805745720863342,,,,,,,,,,,1.0,1.0,,,,,7206,,,,0.0,,0.0,,0.0
,,,0.0,,0.2109375,,,,,,,,,,,1.0,1.0,,,,,7207,,,,0.0,,0.0,,0.0
,,,0.0,,0.2421875,,,,,,,,,,,1.0,1.0,,,,,7208,,,,0.0,,0.0,,0.0
,,,0.14573071897029877,,0.6206896305084229,,,,,,,,,,,1.0,1.0,,,,,7209,,,,0.0,,0.0,,0.0
,,,0.16093750298023224,,1.0,,,,,,,,,,,1.0,1.0,,,,,7210,,,,0.0,,0.0,,0.0
,,,0.1875,,1.0,,,,,,,,,,,1.0,1.0,,,,,7211,,,,0.0,,0.0,,0.0
,,,0.14426228404045105,,0.5,,,,,,,,,,,1.0,1.0,,,,,7212,,,,0.0,,0.0,,0.0
,,,0.0,,0.0,,,,,,,,,,,1.0,1.0,,,,,7213,,,,0.0,,0.0,,0.0
,,,0.0,,0.0234375,,,,,,,,,,,1.0,1.0,,,,,7214,,,,0.0,,0.0,,0.0
,,,0.0,,0.04639804735779762,,,,,,,,,,,1.0,1.0,,,,,7215,,,,0.0,,0.0,,0.0
,,,0.0,,0.015625,,,,,,,,,,,1.0,1.0,,,,,7216,,,,0.0,,0.0,,0.0
,,,0.0,,0.015625,,,,,,,,,,,1.0,1.0,,,,,7217,,,,0.0,,0.0,,0.0
,,,0.02500000037252903,,0.22272726893424988,,,,,,,,,,,1.0,1.0,,,,,7218,,,,0.0,,0.0,,0.0
,,,0.02566964365541935,,0.3671875,,,,,,,,,,,1.0,1.0,,,,,7219,,,,0.0,,0.0,,0.0
,,,0.021484375,,0.359375,,,,,,,,,,,1.0,1.0,,,,,7220,,,,0.0,,0.0,,0.0
,,,0.043357767164707184,,0.7234042882919312,,,,,,,,,,,1.0,1.0,,,,,7221,,,,0.0,,0.0,,0.0
,,,0.015625,,1.0,,,,,,,,,,,1.0,1.0,,,,,7222,,,,0.0,,0.0,,0.0
,,,0.0234375,,0.9921875,,,,,,,,,,,1.0,1.0,,,,,7223,,,,0.0,,0.0,,0.0
,,,0.025390625,,0.9921875,,,,,,,,,,,1.0,1.0,,,,,7224,,,,0.0,,0.0,,0.0
,,,0.0,,0.9645669460296631,,,,,,,,,,,1.0,1.0,,,,,7225,,,,0.0,,0.0,,0.0
,,,0.0013020833721384406,,0.921875,,,,,,,,,,,1.0,1.0,,,,,7226,,,,0.0,,0.0,,0.0
,,,0.0015625000232830644,,0.890625,,,,,,,,,,,1.0,1.0,,,,,7227,,,,0.0,,0.0,,0.0
,,,0.021192528307437897,,0.8074712753295898,,,,,,,,,,,1.0,1.0,,,,,7228,,,,0.0,,0.0,,0.0
,,,0.01897321455180645,,0.71875,,,,,,,,,,,1.0,1.0,,,,,7229,,,,0.0,,0.0,,0.0
,,,0.01227678544819355,,0.7578125,,,,,,,,,,,1.0,1.0,,,,,7230,,,,0.0,,0.0,,0.0
,,,0.09471423923969269,,0.8234323263168335,,,,,,,,,,,1.0,1.0,,,,,7231,,,,0.0,,0.0,,0.0
,,,0.123046875,,1.0,,,,,,,,,,,1.0,1.0,,,,,7232,,,,0.0,,0.0,,0.0
,,,0.10625000298023224,,1.0,,,,,,,,,,,1.0,1.0,,,,,7233,,,,0.0,,0.0,,0.0
,,,0.1145833358168602,,0.90625,,,,,,,,,,,1.0,1.0,,,,,7234,,,,0.0,,0.0,,0.0
,,,0.0062500000931322575,,0.859375,,,,,,,,,,,1.0,1.0,,,,,7235,,,,0.0,,0.0,,0.0
,,,0.0031250000465661287,,0.8046875,,,,,,,,,,,1.0,1.0,,,,,7236,,,,0.0,,0.0,,0.0
,,,0.007936508394777775,,0.6038205623626709,,,,,,,,,,,1.0,1.0,,,,,7237,,,,0.0,,0.0,,0.0
,,,0.0,,0.21875,,,,,,,,,,,1.0,1.0,,,,,7238,,,,0.0,,0.0,,0.0
,,,0.0009765625,,0.28125,,,,,,,,,,,1.0,1.0,,,,,7239,,,,0.0,,0.0,,0.0
,,,0.22123894095420837,,0.5666666626930237,,,,,,,,,,,1.0,1.0,,,,,7240,,,,0.0,,0.0,,0.0
,,,0.1953125,,1.0,,,,,,,,,,,1.0,1.0,,,,,7241,,,,0.0,,0.0,,0.0
,,,0.15000000596046448,,1.0,,,,,,,,,,,1.0,1.0,,,,,7242,,,,0.0,,0.0,,0.0
,,,0.1111111119389534,,0.4722222089767456,,,,,,,,,,,1.0,1.0,,,,,7243,,,,0.0,,0.0,,0.0
,,,0.0,,0.0078125,,,,,,,,,,,1.0,1.0,,,,,7244,,,,0.0,,0.0,,0.0
,,,0.0,,0.0234375,,,,,,,,,,,1.0,1.0,,,,,7245,,,,0.0,,0.0,,0.0
,,,0.0,,0.018518518656492233,,,,,,,,,,,1.0,1.0,,,,,7246,,,,0.0,,0.0,,0.0
,,,0.0,,0.015625,,,,,,,,,,,1.0,1.0,,,,,7247,,,,0.0,,0.0,,0.0
,,,0.0,,0.0390625,,,,,,,,,,,1.0,1.0,,,,,7248,,,,0.0,,0.0,,0.0
,,,0.0301204826682806,,0.239089697599411,,,,,,,,,,,1.0,1.0,,,,,7249,,,,0.0,,0.0,,0.0
,,,0.03125,,0.3671875,,,,,,,,,,,1.0,1.0,,,,,7250,,,,0.0,,0.0,,0.0
,,,0.0301339291036129,,0.40625,,,,,,,,,,,1.0,1.0,,,,,7251,,,,0.0,,0.0,,0.0
,,,0.04008876159787178,,0.7156862616539001,,,,,,,,,,,1.0,1.0,,,,,7252,,,,0.0,,0.0,,0.0
,,,0.025390625,,0.984375,,,,,,,,,,,1.0,1.0,,,,,7253,,,,0.0,,0.0,,0.0
,,,0.03125,,0.9921875,,,,,,,,,,,1.0,1.0,,,,,7254,,,,0.0,,0.0,,0.0
,,,0.03211517259478569,,0.9642857313156128,,,,,,,,,,,1.0,1.0,,,,,7255,,,,0.0,,0.0,,0.0
,,,0.0015625000232830644,,0.9375,,,,,,,,,,,1.0,1.0,,,,,7256,,,,0.0,,0.0,,0.0
,,,0.0013020833721384406,,0.90625,,,,,,,,,,,1.0,1.0,,,,,7257,,,,0.0,,0.0,,0.0
,,,0.02150537632405758,,0.8129364848136902,,,,,,,,,,,1.0,1.0,,,,,7258,,,,0.0,,0.0,,0.0
,,,0.015625,,0.65625,,,,,,,,,,,1.0,1.0,,,,,7259,,,,0.0,,0.0,,0.0
,,,0.01171875,,0.75,,,,,,,,,,,1.0,1.0,,,,,7260,,,,0.0,,0.0,,0.0
,,,0.12117347121238708,,0.875,,,,,,,,,,,1.0,1.0,,,,,7261,,,,0.0,,0.0,,0.0
,,,0.10781250149011612,,0.984375,,,,,,,,,,,1.0,1.0,,,,,7262,,,,0.0,,0.0,,0.0
,,,0.0807291641831398,,1.0,,,,,,,,,,,1.0,1.0,,,,,7263,,,,0.0,,0.0,,0.0
,,,0.11282052099704742,,0.9502719640731812,,,,,,,,,,,1.0,1.0,,,,,7264,,,,0.0,,0.0,,0.0
,,,0.0078125,,0.859375,,,,,,,,,,,1.0,1.0,,,,,7265,,,,0.0,,0.0,,0.0
,,,0.004687500186264515,,0.8515625,,,,,,,,,,,1.0,1.0,,,,,7266,,,,0.0,,0.0,,0.0
,,,0.006299212574958801,,0.8661417365074158,,,,,,,,,,,1.0,1.0,,,,,7267,,,,0.0,,0.0,,0.0
78,0.13414183259010315,0.17653010785579681,,0.6133532524108887,,,,,,,,,,,,,,63.38626480102539,524452.75,4.149247169494629,460.2392272949219,17458,,,0.0,,0.0,,0.0,
78,,,,,,1.5115270614624023,,-17.777179718017578,,8.311280250549316,,,,,,,,,,,,17458,2.423668384552002,,,,,,,
,,,,,,,,,,,,,,5.0877973781486464e-05,0.03,,,,,,,17499,,,,,,,,
79,,,,,,,1.5206265449523926,,-17.773283004760742,,8.7109375,5.0857008318416774e-05,0.029999999329447746,,,1.0,1.0,,,,,17499,,2.3679380416870117,,,,,,
,,,,,,,,,,,,,,4.98342468440242e-05,0.03,,,,,,,17549,,,,,,,,
79,,,,,,,1.5075485706329346,,-17.779874801635742,,8.2265625,4.9813468649517745e-05,0.029999999329447746,,,1.0,1.0,,,,,17549,,2.4086179733276367,,,,,,
,,,,,,,,,,,,,,4.879989804986117e-05,0.03,,,,,,,17599,,,,,,,,
79,,,,,,,1.5129992961883545,,-17.778976440429688,,8.2265625,4.87793076899834e-05,0.029999999329447746,,,1.0,1.0,,,,,17599,,2.570899486541748,,,,,,
,,,,,,,,,,,,,,4.777499191017108e-05,0.03,,,,,,,17649,,,,,,,,
79,,,,,,,1.5123780965805054,,-17.78116226196289,,8.2109375,4.775459092343226e-05,0.029999999329447746,,,1.0,1.0,,,,,17649,,2.3221559524536133,,,,,,
,,,0.0859375,,1.0,,,,,,,,,,,1.0,1.0,,,,,7268,,,,0.0,,0.0,,0.0
,,,0.13671875,,0.9921875,,,,,,,,,,,1.0,1.0,,,,,7269,,,,0.0,,0.0,,0.0
,,,0.22992299497127533,,1.0,,,,,,,,,,,1.0,1.0,,,,,7270,,,,0.0,,0.0,,0.0
,,,0.14453125,,1.0,,,,,,,,,,,1.0,1.0,,,,,7271,,,,0.0,,0.0,,0.0
,,,0.1692708283662796,,1.0,,,,,,,,,,,1.0,1.0,,,,,7272,,,,0.0,,0.0,,0.0
,,,0.10576923191547394,,0.5737179517745972,,,,,,,,,,,1.0,1.0,,,,,7273,,,,0.0,,0.0,,0.0
,,,0.0,,0.109375,,,,,,,,,,,1.0,1.0,,,,,7274,,,,0.0,,0.0,,0.0
,,,0.0,,0.1015625,,,,,,,,,,,1.0,1.0,,,,,7275,,,,0.0,,0.0,,0.0
,,,0.007575757801532745,,0.1693825125694275,,,,,,,,,,,1.0,1.0,,,,,7276,,,,0.0,,0.0,,0.0
,,,0.0,,0.125,,,,,,,,,,,1.0,1.0,,,,,7277,,,,0.0,,0.0,,0.0
,,,0.0013020833721384406,,0.1796875,,,,,,,,,,,1.0,1.0,,,,,7278,,,,0.0,,0.0,,0.0
,,,0.0,,0.1640625,,,,,,,,,,,1.0,1.0,,,,,7279,,,,0.0,,0.0,,0.0
,,,0.03333333507180214,,0.42266666889190674,,,,,,,,,,,1.0,1.0,,,,,7280,,,,0.0,,0.0,,0.0
,,,0.02604166604578495,,0.46875,,,,,,,,,,,1.0,1.0,,,,,7281,,,,0.0,,0.0,,0.0
,,,0.0364583320915699,,0.5,,,,,,,,,,,1.0,1.0,,,,,7282,,,,0.0,,0.0,,0.0
,,,0.018518518656492233,,0.6139122247695923,,,,,,,,,,,1.0,1.0,,,,,7283,,,,0.0,,0.0,,0.0
,,,0.0,,0.53125,,,,,,,,,,,1.0,1.0,,,,,7284,,,,0.0,,0.0,,0.0
,,,0.0,,0.5703125,,,,,,,,,,,1.0,1.0,,,,,7285,,,,0.0,,0.0,,0.0
,,,0.08571428805589676,,0.75,,,,,,,,,,,1.0,1.0,,,,,7286,,,,0.0,,0.0,,0.0
,,,0.09218750149011612,,1.0,,,,,,,,,,,1.0,1.0,,,,,7287,,,,0.0,,0.0,,0.0
,,,0.09062500298023224,,0.984375,,,,,,,,,,,1.0,1.0,,,,,7288,,,,0.0,,0.0,,0.0
,,,0.06969697028398514,,0.5136986374855042,,,,,,,,,,,1.0,1.0,,,,,7289,,,,0.0,,0.0,,0.0
,,,0.0,,0.0,,,,,,,,,,,1.0,1.0,,,,,7290,,,,0.0,,0.0,,0.0
,,,0.0,,0.0,,,,,,,,,,,1.0,1.0,,,,,7291,,,,0.0,,0.0,,0.0
,,,0.002463054144755006,,0.5,,,,,,,,,,,1.0,1.0,,,,,7292,,,,0.0,,0.0,,0.0
,,,0.0062500000931322575,,0.9609375,,,,,,,,,,,1.0,1.0,,,,,7293,,,,0.0,,0.0,,0.0
,,,0.0065104165114462376,,0.9921875,,,,,,,,,,,1.0,1.0,,,,,7294,,,,0.0,,0.0,,0.0
,,,0.02368972823023796,,0.7630188465118408,,,,,,,,,,,1.0,1.0,,,,,7295,,,,0.0,,0.0,,0.0
,,,0.0026041667442768812,,0.6640625,,,,,,,,,,,1.0,1.0,,,,,7296,,,,0.0,,0.0,,0.0
,,,0.0052083334885537624,,0.6015625,,,,,,,,,,,1.0,1.0,,,,,7297,,,,0.0,,0.0,,0.0
,,,0.08727770298719406,,0.8236662149429321,,,,,,,,,,,1.0,1.0,,,,,7298,,,,0.0,,0.0,,0.0
,,,0.1875,,1.0,,,,,,,,,,,1.0,1.0,,,,,7299,,,,0.0,,0.0,,0.0
,,,0.13671875,,1.0,,,,,,,,,,,1.0,1.0,,,,,7300,,,,0.0,,0.0,,0.0
,,,0.27290642261505127,,1.0,,,,,,,,,,,1.0,1.0,,,,,7301,,,,0.0,,0.0,,0.0
,,,0.126953125,,0.9921875,,,,,,,,,,,1.0,1.0,,,,,7302,,,,0.0,,0.0,,0.0
,,,0.10468749701976776,,1.0,,,,,,,,,,,1.0,1.0,,,,,7303,,,,0.0,,0.0,,0.0
,,,0.09508197009563446,,0.5597015023231506,,,,,,,,,,,1.0,1.0,,,,,7304,,,,0.0,,0.0,,0.0
,,,0.0,,0.109375,,,,,,,,,,,1.0,1.0,,,,,7305,,,,0.0,,0.0,,0.0
,,,0.0,,0.0546875,,,,,,,,,,,1.0,1.0,,,,,7306,,,,0.0,,0.0,,0.0
,,,0.007692307699471712,,0.14713065326213837,,,,,,,,,,,1.0,1.0,,,,,7307,,,,0.0,,0.0,,0.0
,,,0.0,,0.1328125,,,,,,,,,,,1.0,1.0,,,,,7308,,,,0.0,,0.0,,0.0
,,,0.0011160714784637094,,0.1796875,,,,,,,,,,,1.0,1.0,,,,,7309,,,,0.0,,0.0,,0.0
,,,0.03214285522699356,,0.35568180680274963,,,,,,,,,,,1.0,1.0,,,,,7310,,,,0.0,,0.0,,0.0
,,,0.02994791604578495,,0.484375,,,,,,,,,,,1.0,1.0,,,,,7311,,,,0.0,,0.0,,0.0
,,,0.02473958395421505,,0.515625,,,,,,,,,,,1.0,1.0,,,,,7312,,,,0.0,,0.0,,0.0
,,,0.03495440632104874,,0.5400500297546387,,,,,,,,,,,1.0,1.0,,,,,7313,,,,0.0,,0.0,,0.0
,,,0.0,,0.65625,,,,,,,,,,,1.0,1.0,,,,,7314,,,,0.0,,0.0,,0.0
,,,0.0,,0.5078125,,,,,,,,,,,1.0,1.0,,,,,7315,,,,0.0,,0.0,,0.0
,,,0.0,,0.546875,,,,,,,,,,,1.0,1.0,,,,,7316,,,,0.0,,0.0,,0.0
,,,0.09921260178089142,,0.5,,,,,,,,,,,1.0,1.0,,,,,7317,,,,0.0,,0.0,,0.0
,,,0.0703125,,1.0,,,,,,,,,,,1.0,1.0,,,,,7318,,,,0.0,,0.0,,0.0
,,,0.099609375,,1.0,,,,,,,,,,,1.0,1.0,,,,,7319,,,,0.0,,0.0,,0.0
,,,0.0833333358168602,,0.5086206793785095,,,,,,,,,,,1.0,1.0,,,,,7320,,,,0.0,,0.0,,0.0
,,,0.0,,0.0,,,,,,,,,,,1.0,1.0,,,,,7321,,,,0.0,,0.0,,0.0
,,,0.0,,0.0078125,,,,,,,,,,,1.0,1.0,,,,,7322,,,,0.0,,0.0,,0.0
,,,0.007920792326331139,,0.4801980257034302,,,,,,,,,,,1.0,1.0,,,,,7323,,,,0.0,,0.0,,0.0
,,,0.01406249962747097,,0.96875,,,,,,,,,,,1.0,1.0,,,,,7324,,,,0.0,,0.0,,0.0
,,,0.012500000186264515,,0.9765625,,,,,,,,,,,1.0,1.0,,,,,7325,,,,0.0,,0.0,,0.0
,,,0.01215277798473835,,0.7239583730697632,,,,,,,,,,,1.0,1.0,,,,,7326,,,,0.0,,0.0,,0.0
,,,0.004687500186264515,,0.6328125,,,,,,,,,,,1.0,1.0,,,,,7327,,,,0.0,,0.0,,0.0
,,,0.00390625,,0.609375,,,,,,,,,,,1.0,1.0,,,,,7328,,,,0.0,,0.0,,0.0
,,,0.08942414075136185,,0.8690476417541504,,,,,,,,,,,1.0,1.0,,,,,7329,,,,0.0,,0.0,,0.0
,,,0.138671875,,1.0,,,,,,,,,,,1.0,1.0,,,,,7330,,,,0.0,,0.0,,0.0
,,,0.13671875,,1.0,,,,,,,,,,,1.0,1.0,,,,,7331,,,,0.0,,0.0,,0.0
,,,0.2648967504501343,,1.0,,,,,,,,,,,1.0,1.0,,,,,7332,,,,0.0,,0.0,,0.0
,,,0.171875,,1.0,,,,,,,,,,,1.0,1.0,,,,,7333,,,,0.0,,0.0,,0.0
,,,0.1875,,1.0,,,,,,,,,,,1.0,1.0,,,,,7334,,,,0.0,,0.0,,0.0
,,,0.06666667014360428,,0.581818163394928,,,,,,,,,,,1.0,1.0,,,,,7335,,,,0.0,,0.0,,0.0
,,,0.0,,0.0703125,,,,,,,,,,,1.0,1.0,,,,,7336,,,,0.0,,0.0,,0.0
,,,0.0,,0.0703125,,,,,,,,,,,1.0,1.0,,,,,7337,,,,0.0,,0.0,,0.0
,,,0.0026455025654286146,,0.17222222685813904,,,,,,,,,,,1.0,1.0,,,,,7338,,,,0.0,,0.0,,0.0
,,,0.0,,0.109375,,,,,,,,,,,1.0,1.0,,,,,7339,,,,0.0,,0.0,,0.0
,,,0.0011160714784637094,,0.234375,,,,,,,,,,,1.0,1.0,,,,,7340,,,,0.0,,0.0,,0.0
,,,0.04417670890688896,,0.35073626041412354,,,,,,,,,,,1.0,1.0,,,,,7341,,,,0.0,,0.0,,0.0
,,,0.02604166604578495,,0.4140625,,,,,,,,,,,1.0,1.0,,,,,7342,,,,0.0,,0.0,,0.0
,,,0.04062499850988388,,0.5078125,,,,,,,,,,,1.0,1.0,,,,,7343,,,,0.0,,0.0,,0.0
,,,0.02521008439362049,,0.5373058319091797,,,,,,,,,,,1.0,1.0,,,,,7344,,,,0.0,,0.0,,0.0
,,,0.0,,0.578125,,,,,,,,,,,1.0,1.0,,,,,7345,,,,0.0,,0.0,,0.0
,,,0.0,,0.5703125,,,,,,,,,,,1.0,1.0,,,,,7346,,,,0.0,,0.0,,0.0
,,,0.095238097012043,,0.7616279125213623,,,,,,,,,,,1.0,1.0,,,,,7347,,,,0.0,,0.0,,0.0
,,,0.107421875,,1.0,,,,,,,,,,,1.0,1.0,,,,,7348,,,,0.0,,0.0,,0.0
,,,0.08906249701976776,,1.0,,,,,,,,,,,1.0,1.0,,,,,7349,,,,0.0,,0.0,,0.0
,,,0.06804123520851135,,0.5161290168762207,,,,,,,,,,,1.0,1.0,,,,,7350,,,,0.0,,0.0,,0.0
,,,0.0,,0.0078125,,,,,,,,,,,1.0,1.0,,,,,7351,,,,0.0,,0.0,,0.0
,,,0.0,,0.0,,,,,,,,,,,1.0,1.0,,,,,7352,,,,0.0,,0.0,,0.0
,,,0.008928571827709675,,0.5,,,,,,,,,,,1.0,1.0,,,,,7353,,,,0.0,,0.0,,0.0
,,,0.0078125,,0.9609375,,,,,,,,,,,1.0,1.0,,,,,7354,,,,0.0,,0.0,,0.0
,,,0.010937499813735485,,0.9921875,,,,,,,,,,,1.0,1.0,,,,,7355,,,,0.0,,0.0,,0.0
,,,0.011396012268960476,,0.693084716796875,,,,,,,,,,,1.0,1.0,,,,,7356,,,,0.0,,0.0,,0.0
,,,0.0052083334885537624,,0.609375,,,,,,,,,,,1.0,1.0,,,,,7357,,,,0.0,,0.0,,0.0
,,,0.0031250000465661287,,0.5625,,,,,,,,,,,1.0,1.0,,,,,7358,,,,0.0,,0.0,,0.0
,,,0.003937007859349251,,0.6771653294563293,,,,,,,,,,,1.0,1.0,,,,,7359,,,,0.0,,0.0,,0.0
79,0.13426876068115234,0.17658743262290955,,0.5921425819396973,,,,,,,,,,,,,,64.94081115722656,399064.28125,4.173476219177246,456.73736572265625,17679,,,0.0,,0.0,,0.0,
79,,,,,,1.5136828422546387,,-17.77651023864746,,8.39635181427002,,,,,,,,,,,,17679,2.447439670562744,,,,,,,
,,,,,,,,,,,,,,4.675959234719971e-05,0.03,,,,,,,17699,,,,,,,,
80,,,,,,,1.5092582702636719,,-17.78054428100586,,8.2109375,4.6739380195504054e-05,0.029999999329447746,,,1.0,1.0,,,,,17699,,2.386436939239502,,,,,,
,,,,,,,,,,,,,,4.575376269027841e-05,0.03,,,,,,,17749,,,,,,,,
80,,,,,,,1.511925220489502,,-17.787446975708008,,8.3359375,4.5733744627796113e-05,0.029999999329447746,,,1.0,1.0,,,,,17749,,2.3293020725250244,,,,,,
,,,,,,,,,,,,,,4.47575656718744e-05,0.03,,,,,,,17799,,,,,,,,
80,,,,,,,1.5146492719650269,,-17.77287483215332,,8.234375,4.4737738789990544e-05,0.029999999329447746,,,1.0,1.0,,,,,17799,,2.4694762229919434,,,,,,
,,,,,,,,,,,,,,4.3771063423677766e-05,0.03,,,,,,,17849,,,,,,,,
80,,,,,,,1.5197373628616333,,-17.78028106689453,,8.859375,4.375143180368468e-05,0.029999999329447746,,,1.0,1.0,,,,,17849,,2.4560775756835938,,,,,,
,,,,,,,,,,,,,,4.279431747272682e-05,0.03,,,,,,,17899,,,,,,,,
80,,,,,,,1.523584008216858,,-17.776737213134766,,8.8984375,4.277488187653944e-05,0.029999999329447746,,,1.0,1.0,,,,,17899,,2.2626090049743652,,,,,,
,,,0.010416666977107525,,0.8515625,,,,,,,,,,,1.0,1.0,,,,,7360,,,,0.0,,0.0,,0.0
,,,0.0065104165114462376,,0.875,,,,,,,,,,,1.0,1.0,,,,,7361,,,,0.0,,0.0,,0.0
,,,0.018151814118027687,,0.4108910858631134,,,,,,,,,,,1.0,1.0,,,,,7362,,,,0.0,,0.0,,0.0
,,,0.0,,0.0,,,,,,,,,,,1.0,1.0,,,,,7363,,,,0.0,,0.0,,0.0
,,,0.0,,0.0078125,,,,,,,,,,,1.0,1.0,,,,,7364,,,,0.0,,0.0,,0.0
,,,0.0,,0.375,,,,,,,,,,,1.0,1.0,,,,,7365,,,,0.0,,0.0,,0.0
,,,0.0065104165114462376,,0.609375,,,,,,,,,,,1.0,1.0,,,,,7366,,,,0.0,,0.0,,0.0
,,,0.0,,0.578125,,,,,,,,,,,1.0,1.0,,,,,7367,,,,0.0,,0.0,,0.0
,,,0.006861063651740551,,0.5707547068595886,,,,,,,,,,,1.0,1.0,,,,,7368,,,,0.0,,0.0,,0.0
,,,0.0066964286379516125,,0.390625,,,,,,,,,,,1.0,1.0,,,,,7369,,,,0.0,,0.0,,0.0
,,,0.0,,0.4140625,,,,,,,,,,,1.0,1.0,,,,,7370,,,,0.0,,0.0,,0.0
,,,0.0008680555620230734,,0.4375,,,,,,,,,,,1.0,1.0,,,,,7371,,,,0.0,,0.0,,0.0
,,,0.02971428632736206,,0.40666666626930237,,,,,,,,,,,1.0,1.0,,,,,7372,,,,0.0,,0.0,,0.0
,,,0.0205078125,,0.453125,,,,,,,,,,,1.0,1.0,,,,,7373,,,,0.0,,0.0,,0.0
,,,0.02864583395421505,,0.4453125,,,,,,,,,,,1.0,1.0,,,,,7374,,,,0.0,,0.0,,0.0
,,,0.0416666679084301,,0.6465919613838196,,,,,,,,,,,1.0,1.0,,,,,7375,,,,0.0,,0.0,,0.0
,,,0.0022321429569274187,,0.8671875,,,,,,,,,,,1.0,1.0,,,,,7376,,,,0.0,,0.0,,0.0
,,,0.0052083334885537624,,0.8515625,,,,,,,,,,,1.0,1.0,,,,,7377,,,,0.0,,0.0,,0.0
,,,0.12283550202846527,,0.8917748928070068,,,,,,,,,,,1.0,1.0,,,,,7378,,,,0.0,,0.0,,0.0
,,,0.1640625,,0.984375,,,,,,,,,,,1.0,1.0,,,,,7379,,,,0.0,,0.0,,0.0
,,,0.0982142835855484,,0.984375,,,,,,,,,,,1.0,1.0,,,,,7380,,,,0.0,,0.0,,0.0
,,,0.17822451889514923,,0.9589041471481323,,,,,,,,,,,1.0,1.0,,,,,7381,,,,0.0,,0.0,,0.0
,,,0.11093749850988388,,0.921875,,,,,,,,,,,1.0,1.0,,,,,7382,,,,0.0,,0.0,,0.0
,,,0.11406250298023224,,0.9453125,,,,,,,,,,,1.0,1.0,,,,,7383,,,,0.0,,0.0,,0.0
,,,0.12257799506187439,,0.9541871547698975,,,,,,,,,,,1.0,1.0,,,,,7384,,,,0.0,,0.0,,0.0
,,,0.05156249925494194,,0.9375,,,,,,,,,,,1.0,1.0,,,,,7385,,,,0.0,,0.0,,0.0
,,,0.04296875,,0.953125,,,,,,,,,,,1.0,1.0,,,,,7386,,,,0.0,,0.0,,0.0
,,,0.028050314635038376,,0.6026415228843689,,,,,,,,,,,1.0,1.0,,,,,7387,,,,0.0,,0.0,,0.0
,,,0.0022321429569274187,,0.2109375,,,,,,,,,,,1.0,1.0,,,,,7388,,,,0.0,,0.0,,0.0
,,,0.0011160714784637094,,0.2265625,,,,,,,,,,,1.0,1.0,,,,,7389,,,,0.0,,0.0,,0.0
,,,0.006475148256868124,,0.5303693413734436,,,,,,,,,,,1.0,1.0,,,,,7390,,,,0.0,,0.0,,0.0
,,,0.014508928172290325,,0.8671875,,,,,,,,,,,1.0,1.0,,,,,7391,,,,0.0,,0.0,,0.0
,,,0.0066964286379516125,,0.8359375,,,,,,,,,,,1.0,1.0,,,,,7392,,,,0.0,,0.0,,0.0
,,,0.008620689623057842,,0.43103447556495667,,,,,,,,,,,1.0,1.0,,,,,7393,,,,0.0,,0.0,,0.0
,,,0.0,,0.0,,,,,,,,,,,1.0,1.0,,,,,7394,,,,0.0,,0.0,,0.0
,,,0.0,,0.0,,,,,,,,,,,1.0,1.0,,,,,7395,,,,0.0,,0.0,,0.0
,,,0.002487562131136656,,0.35820895433425903,,,,,,,,,,,1.0,1.0,,,,,7396,,,,0.0,,0.0,,0.0
,,,0.00390625,,0.671875,,,,,,,,,,,1.0,1.0,,,,,7397,,,,0.0,,0.0,,0.0
,,,0.0022321429569274187,,0.609375,,,,,,,,,,,1.0,1.0,,,,,7398,,,,0.0,,0.0,,0.0
,,,0.005769230891019106,,0.5720390677452087,,,,,,,,,,,1.0,1.0,,,,,7399,,,,0.0,,0.0,,0.0
,,,0.0011160714784637094,,0.421875,,,,,,,,,,,1.0,1.0,,,,,7400,,,,0.0,,0.0,,0.0
,,,0.0,,0.390625,,,,,,,,,,,1.0,1.0,,,,,7401,,,,0.0,,0.0,,0.0
,,,0.03750000149011612,,0.49204546213150024,,,,,,,,,,,1.0,1.0,,,,,7402,,,,0.0,,0.0,,0.0
,,,0.02083333395421505,,0.421875,,,,,,,,,,,1.0,1.0,,,,,7403,,,,0.0,,0.0,,0.0
,,,0.0223214291036129,,0.4765625,,,,,,,,,,,1.0,1.0,,,,,7404,,,,0.0,,0.0,,0.0
,,,0.03058510646224022,,0.6805381774902344,,,,,,,,,,,1.0,1.0,,,,,7405,,,,0.0,,0.0,,0.0
,,,0.0011160714784637094,,0.875,,,,,,,,,,,1.0,1.0,,,,,7406,,,,0.0,,0.0,,0.0
,,,0.0011160714784637094,,0.8984375,,,,,,,,,,,1.0,1.0,,,,,7407,,,,0.0,,0.0,,0.0
,,,0.0022321429569274187,,0.8671875,,,,,,,,,,,1.0,1.0,,,,,7408,,,,0.0,,0.0,,0.0
,,,0.14330708980560303,,0.9921259880065918,,,,,,,,,,,1.0,1.0,,,,,7409,,,,0.0,,0.0,,0.0
,,,0.1640625,,0.9921875,,,,,,,,,,,1.0,1.0,,,,,7410,,,,0.0,,0.0,,0.0
,,,0.1171875,,0.9921875,,,,,,,,,,,1.0,1.0,,,,,7411,,,,0.0,,0.0,,0.0
,,,0.2485632300376892,,0.9698275923728943,,,,,,,,,,,1.0,1.0,,,,,7412,,,,0.0,,0.0,,0.0
,,,0.0911458358168602,,0.921875,,,,,,,,,,,1.0,1.0,,,,,7413,,,,0.0,,0.0,,0.0
,,,0.10000000149011612,,0.9140625,,,,,,,,,,,1.0,1.0,,,,,7414,,,,0.0,,0.0,,0.0
,,,0.0930815264582634,,0.9382104873657227,,,,,,,,,,,1.0,1.0,,,,,7415,,,,0.0,,0.0,,0.0
,,,0.05312500149011612,,0.9921875,,,,,,,,,,,1.0,1.0,,,,,7416,,,,0.0,,0.0,,0.0
,,,0.04062499850988388,,0.9609375,,,,,,,,,,,1.0,1.0,,,,,7417,,,,0.0,,0.0,,0.0
,,,0.02604166604578495,,0.578125,,,,,,,,,,,1.0,1.0,,,,,7418,,,,0.0,,0.0,,0.0
,,,0.0013020833721384406,,0.1875,,,,,,,,,,,1.0,1.0,,,,,7419,,,,0.0,,0.0,,0.0
,,,0.0013020833721384406,,0.1875,,,,,,,,,,,1.0,1.0,,,,,7420,,,,0.0,,0.0,,0.0
,,,0.004360465332865715,,0.5315614342689514,,,,,,,,,,,1.0,1.0,,,,,7421,,,,0.0,,0.0,,0.0
,,,0.01406249962747097,,0.875,,,,,,,,,,,1.0,1.0,,,,,7422,,,,0.0,,0.0,,0.0
,,,0.01406249962747097,,0.8515625,,,,,,,,,,,1.0,1.0,,,,,7423,,,,0.0,,0.0,,0.0
,,,0.009523809887468815,,0.4333333373069763,,,,,,,,,,,1.0,1.0,,,,,7424,,,,0.0,,0.0,,0.0
,,,0.0,,0.0,,,,,,,,,,,1.0,1.0,,,,,7425,,,,0.0,,0.0,,0.0
,,,0.0,,0.0,,,,,,,,,,,1.0,1.0,,,,,7426,,,,0.0,,0.0,,0.0
,,,0.002597402548417449,,0.3499999940395355,,,,,,,,,,,1.0,1.0,,,,,7427,,,,0.0,,0.0,,0.0
,,,0.0052083334885537624,,0.5859375,,,,,,,,,,,1.0,1.0,,,,,7428,,,,0.0,,0.0,,0.0
,,,0.0033482143189758062,,0.625,,,,,,,,,,,1.0,1.0,,,,,7429,,,,0.0,,0.0,,0.0
,,,0.009722222574055195,,0.45370370149612427,,,,,,,,,,,1.0,1.0,,,,,7430,,,,0.0,,0.0,,0.0
,,,0.0013020833721384406,,0.375,,,,,,,,,,,1.0,1.0,,,,,7431,,,,0.0,,0.0,,0.0
,,,0.0008680555620230734,,0.4453125,,,,,,,,,,,1.0,1.0,,,,,7432,,,,0.0,,0.0,,0.0
,,,0.042226046323776245,,0.483132541179657,,,,,,,,,,,1.0,1.0,,,,,7433,,,,0.0,,0.0,,0.0
,,,0.0173611119389534,,0.4296875,,,,,,,,,,,1.0,1.0,,,,,7434,,,,0.0,,0.0,,0.0
,,,0.0245535708963871,,0.453125,,,,,,,,,,,1.0,1.0,,,,,7435,,,,0.0,,0.0,,0.0
,,,0.022058824077248573,,0.6540616154670715,,,,,,,,,,,1.0,1.0,,,,,7436,,,,0.0,,0.0,,0.0
,,,0.0,,0.875,,,,,,,,,,,1.0,1.0,,,,,7437,,,,0.0,,0.0,,0.0
,,,0.0011160714784637094,,0.8828125,,,,,,,,,,,1.0,1.0,,,,,7438,,,,0.0,,0.0,,0.0
,,,0.1404208093881607,,0.9069766998291016,,,,,,,,,,,1.0,1.0,,,,,7439,,,,0.0,,0.0,,0.0
,,,0.0982142835855484,,0.984375,,,,,,,,,,,1.0,1.0,,,,,7440,,,,0.0,,0.0,,0.0
,,,0.13750000298023224,,0.9921875,,,,,,,,,,,1.0,1.0,,,,,7441,,,,0.0,,0.0,,0.0
,,,0.2627868354320526,,0.9838709831237793,,,,,,,,,,,1.0,1.0,,,,,7442,,,,0.0,,0.0,,0.0
,,,0.0572916679084301,,0.90625,,,,,,,,,,,1.0,1.0,,,,,7443,,,,0.0,,0.0,,0.0
,,,0.11406250298023224,,0.9609375,,,,,,,,,,,1.0,1.0,,,,,7444,,,,0.0,,0.0,,0.0
,,,0.09464286267757416,,0.9598214626312256,,,,,,,,,,,1.0,1.0,,,,,7445,,,,0.0,,0.0,,0.0
,,,0.064453125,,0.953125,,,,,,,,,,,1.0,1.0,,,,,7446,,,,0.0,,0.0,,0.0
,,,0.048828125,,0.9609375,,,,,,,,,,,1.0,1.0,,,,,7447,,,,0.0,,0.0,,0.0
,,,0.029304029420018196,,0.6604506969451904,,,,,,,,,,,1.0,1.0,,,,,7448,,,,0.0,,0.0,,0.0
,,,0.0029296875,,0.171875,,,,,,,,,,,1.0,1.0,,,,,7449,,,,0.0,,0.0,,0.0
,,,0.0,,0.15625,,,,,,,,,,,1.0,1.0,,,,,7450,,,,0.0,,0.0,,0.0
,,,0.001124859438277781,,0.22047244012355804,,,,,,,,,,,1.0,1.0,,,,,7451,,,,0.0,,0.0,,0.0
80,0.13202281296253204,0.175461545586586,,0.6315322518348694,,,,,,,,,,,,,,64.7809066772461,387697.53125,4.171010971069336,458.4717712402344,17900,,,0.0,,0.0,,0.0,
80,,,,,,1.5142247676849365,,-17.779041290283203,,8.435944557189941,,,,,,,,,,,,17900,2.4519991874694824,,,,,,,
,,,,,,,,,,,,,,4.182738873757051e-05,0.03,,,,,,,17949,,,,,,,,
81,,,,,,,1.513807773590088,,-17.78431510925293,,8.3203125,4.180815085419454e-05,0.029999999329447746,,,1.0,1.0,,,,,17949,,2.474121570587158,,,,,,
,,,,,,,,,,,,,,4.0870337524469033e-05,0.03,,,,,,,17999,,,,,,,,
81,,,,,,,1.517354130744934,,-17.77703857421875,,8.5234375,4.085129694431089e-05,0.029999999329447746,,,1.0,1.0,,,,,17999,,2.3247733116149902,,,,,,
,,,,,,,,,,,,,,3.992322352363265e-05,0.03,,,,,,,18049,,,,,,,,
81,,,,,,,1.5290541648864746,,-17.779146194458008,,8.703125,3.9904381992528215e-05,0.029999999329447746,,,1.0,1.0,,,,,18049,,2.346010208129883,,,,,,
,,,,,,,,,,,,,,3.8986105805498846e-05,0.03,,,,,,,18099,,,,,,,,
81,,,,,,,1.5123686790466309,,-17.7926082611084,,8.15625,3.896746420650743e-05,0.029999999329447746,,,1.0,1.0,,,,,18099,,2.502126693725586,,,,,,
,,,0.009765625,,0.9765625,,,,,,,,,,,1.0,1.0,,,,,7452,,,,0.0,,0.0,,0.0
,,,0.0052083334885537624,,0.984375,,,,,,,,,,,1.0,1.0,,,,,7453,,,,0.0,,0.0,,0.0
,,,0.007920792326331139,,0.9765310287475586,,,,,,,,,,,1.0,1.0,,,,,7454,,,,0.0,,0.0,,0.0
,,,0.0,,0.9765625,,,,,,,,,,,1.0,1.0,,,,,7455,,,,0.0,,0.0,,0.0
,,,0.0026041667442768812,,0.96875,,,,,,,,,,,1.0,1.0,,,,,7456,,,,0.0,,0.0,,0.0
,,,0.0,,0.6314102411270142,,,,,,,,,,,1.0,1.0,,,,,7457,,,,0.0,,0.0,,0.0
,,,0.0,,0.3671875,,,,,,,,,,,1.0,1.0,,,,,7458,,,,0.0,,0.0,,0.0
,,,0.0,,0.25,,,,,,,,,,,1.0,1.0,,,,,7459,,,,0.0,,0.0,,0.0
,,,0.20000000298023224,,0.6462264060974121,,,,,,,,,,,1.0,1.0,,,,,7460,,,,0.0,,0.0,,0.0
,,,1.0,,1.0,,,,,,,,,,,1.0,1.0,,,,,7461,,,,0.0,,0.0,,0.0
,,,0.244140625,,1.0,,,,,,,,,,,1.0,1.0,,,,,7462,,,,0.0,,0.0,,0.0
,,,0.3255208432674408,,1.0,,,,,,,,,,,1.0,1.0,,,,,7463,,,,0.0,,0.0,,0.0
,,,0.30000001192092896,,0.8320000171661377,,,,,,,,,,,1.0,1.0,,,,,7464,,,,0.0,,0.0,,0.0
,,,0.041015625,,0.5546875,,,,,,,,,,,1.0,1.0,,,,,7465,,,,0.0,,0.0,,0.0
,,,0.04296875,,0.6015625,,,,,,,,,,,1.0,1.0,,,,,7466,,,,0.0,,0.0,,0.0
,,,0.04444444552063942,,0.2222222238779068,,,,,,,,,,,1.0,1.0,,,,,7467,,,,0.0,,0.0,,0.0
,,,0.0,,0.0,,,,,,,,,,,1.0,1.0,,,,,7468,,,,0.0,,0.0,,0.0
,,,0.0,,0.0234375,,,,,,,,,,,1.0,1.0,,,,,7469,,,,0.0,,0.0,,0.0
,,,0.0,,0.1964285671710968,,,,,,,,,,,1.0,1.0,,,,,7470,,,,0.0,,0.0,,0.0
,,,0.0,,0.4609375,,,,,,,,,,,1.0,1.0,,,,,7471,,,,0.0,,0.0,,0.0
,,,0.0,,0.3984375,,,,,,,,,,,1.0,1.0,,,,,7472,,,,0.0,,0.0,,0.0
,,,0.0,,0.5038605332374573,,,,,,,,,,,1.0,1.0,,,,,7473,,,,0.0,,0.0,,0.0
,,,0.015625,,0.734375,,,,,,,,,,,1.0,1.0,,,,,7474,,,,0.0,,0.0,,0.0
,,,0.009765625,,0.734375,,,,,,,,,,,1.0,1.0,,,,,7475,,,,0.0,,0.0,,0.0
,,,0.015763547271490097,,0.8857142925262451,,,,,,,,,,,1.0,1.0,,,,,7476,,,,0.0,,0.0,,0.0
,,,0.0031250000465661287,,0.9921875,,,,,,,,,,,1.0,1.0,,,,,7477,,,,0.0,,0.0,,0.0
,,,0.0078125,,0.984375,,,,,,,,,,,1.0,1.0,,,,,7478,,,,0.0,,0.0,,0.0
,,,0.005333333276212215,,0.6470440626144409,,,,,,,,,,,1.0,1.0,,,,,7479,,,,0.0,,0.0,,0.0
,,,0.0,,0.3046875,,,,,,,,,,,1.0,1.0,,,,,7480,,,,0.0,,0.0,,0.0
,,,0.0,,0.265625,,,,,,,,,,,1.0,1.0,,,,,7481,,,,0.0,,0.0,,0.0
,,,0.009302325546741486,,0.6354309320449829,,,,,,,,,,,1.0,1.0,,,,,7482,,,,0.0,,0.0,,0.0
,,,0.0,,0.984375,,,,,,,,,,,1.0,1.0,,,,,7483,,,,0.0,,0.0,,0.0
,,,0.00390625,,1.0,,,,,,,,,,,1.0,1.0,,,,,7484,,,,0.0,,0.0,,0.0
,,,0.01034482754766941,,0.984236478805542,,,,,,,,,,,1.0,1.0,,,,,7485,,,,0.0,,0.0,,0.0
,,,0.0,,0.953125,,,,,,,,,,,1.0,1.0,,,,,7486,,,,0.0,,0.0,,0.0
,,,0.0,,0.984375,,,,,,,,,,,1.0,1.0,,,,,7487,,,,0.0,,0.0,,0.0
,,,0.0,,0.6477856636047363,,,,,,,,,,,1.0,1.0,,,,,7488,,,,0.0,,0.0,,0.0
,,,0.0,,0.328125,,,,,,,,,,,1.0,1.0,,,,,7489,,,,0.0,,0.0,,0.0
,,,0.0,,0.3203125,,,,,,,,,,,1.0,1.0,,,,,7490,,,,0.0,,0.0,,0.0
,,,0.3333333432674408,,0.6428571343421936,,,,,,,,,,,1.0,1.0,,,,,7491,,,,0.0,,0.0,,0.0
,,,0.49609375,,1.0,,,,,,,,,,,1.0,1.0,,,,,7492,,,,0.0,,0.0,,0.0
,,,0.240234375,,1.0,,,,,,,,,,,1.0,1.0,,,,,7493,,,,0.0,,0.0,,0.0
,,,0.2818181812763214,,0.862500011920929,,,,,,,,,,,1.0,1.0,,,,,7494,,,,0.0,,0.0,,0.0
,,,0.044921875,,0.6328125,,,,,,,,,,,1.0,1.0,,,,,7495,,,,0.0,,0.0,,0.0
,,,0.03515625,,0.578125,,,,,,,,,,,1.0,1.0,,,,,7496,,,,0.0,,0.0,,0.0
,,,0.03404255211353302,,0.2978723347187042,,,,,,,,,,,1.0,1.0,,,,,7497,,,,0.0,,0.0,,0.0
,,,0.0,,0.0,,,,,,,,,,,1.0,1.0,,,,,7498,,,,0.0,,0.0,,0.0
,,,0.0,,0.0,,,,,,,,,,,1.0,1.0,,,,,7499,,,,0.0,,0.0,,0.0
,,,0.0,,0.015625,,,,,,,,,,,1.0,1.0,,,,,7500,,,,0.0,,0.0,,0.0
,,,0.0,,0.17322835326194763,,,,,,,,,,,1.0,1.0,,,,,7501,,,,0.0,,0.0,,0.0
,,,0.0,,0.4453125,,,,,,,,,,,1.0,1.0,,,,,7502,,,,0.0,,0.0,,0.0
,,,0.0,,0.3671875,,,,,,,,,,,1.0,1.0,,,,,7503,,,,0.0,,0.0,,0.0
,,,0.005747126415371895,,0.5905172824859619,,,,,,,,,,,1.0,1.0,,,,,7504,,,,0.0,,0.0,,0.0
,,,0.004687500186264515,,0.765625,,,,,,,,,,,1.0,1.0,,,,,7505,,,,0.0,,0.0,,0.0
,,,0.013020833022892475,,0.7421875,,,,,,,,,,,1.0,1.0,,,,,7506,,,,0.0,,0.0,,0.0
,,,0.020755408331751823,,0.8234323263168335,,,,,,,,,,,1.0,1.0,,,,,7507,,,,0.0,,0.0,,0.0
,,,0.005859375,,1.0,,,,,,,,,,,1.0,1.0,,,,,7508,,,,0.0,,0.0,,0.0
,,,0.00390625,,0.96875,,,,,,,,,,,1.0,1.0,,,,,7509,,,,0.0,,0.0,,0.0
,,,0.0,,0.6197916865348816,,,,,,,,,,,1.0,1.0,,,,,7510,,,,0.0,,0.0,,0.0
,,,0.0,,0.3359375,,,,,,,,,,,1.0,1.0,,,,,7511,,,,0.0,,0.0,,0.0
,,,0.0,,0.28125,,,,,,,,,,,1.0,1.0,,,,,7512,,,,0.0,,0.0,,0.0
,,,0.0069767446257174015,,0.619601309299469,,,,,,,,,,,1.0,1.0,,,,,7513,,,,0.0,,0.0,,0.0
,,,0.001953125,,0.984375,,,,,,,,,,,1.0,1.0,,,,,7514,,,,0.0,,0.0,,0.0
,,,0.009765625,,0.984375,,,,,,,,,,,1.0,1.0,,,,,7515,,,,0.0,,0.0,,0.0
,,,0.0,,0.982300877571106,,,,,,,,,,,1.0,1.0,,,,,7516,,,,0.0,,0.0,,0.0
,,,0.0,,0.9609375,,,,,,,,,,,1.0,1.0,,,,,7517,,,,0.0,,0.0,,0.0
,,,0.0,,0.9921875,,,,,,,,,,,1.0,1.0,,,,,7518,,,,0.0,,0.0,,0.0
,,,0.0,,0.6494949460029602,,,,,,,,,,,1.0,1.0,,,,,7519,,,,0.0,,0.0,,0.0
,,,0.0,,0.28125,,,,,,,,,,,1.0,1.0,,,,,7520,,,,0.0,,0.0,,0.0
,,,0.0,,0.3203125,,,,,,,,,,,1.0,1.0,,,,,7521,,,,0.0,,0.0,,0.0
,,,0.5,,0.550000011920929,,,,,,,,,,,1.0,1.0,,,,,7522,,,,0.0,,0.0,,0.0
,,,0.328125,,1.0,,,,,,,,,,,1.0,1.0,,,,,7523,,,,0.0,,0.0,,0.0
,,,0.240234375,,1.0,,,,,,,,,,,1.0,1.0,,,,,7524,,,,0.0,,0.0,,0.0
,,,0.30468541383743286,,0.8554216623306274,,,,,,,,,,,1.0,1.0,,,,,7525,,,,0.0,,0.0,,0.0
,,,0.02968749962747097,,0.5703125,,,,,,,,,,,1.0,1.0,,,,,7526,,,,0.0,,0.0,,0.0
,,,0.041015625,,0.578125,,,,,,,,,,,1.0,1.0,,,,,7527,,,,0.0,,0.0,,0.0
,,,0.029411764815449715,,0.28100332617759705,,,,,,,,,,,1.0,1.0,,,,,7528,,,,0.0,,0.0,,0.0
,,,0.0,,0.0,,,,,,,,,,,1.0,1.0,,,,,7529,,,,0.0,,0.0,,0.0
,,,0.0,,0.0,,,,,,,,,,,1.0,1.0,,,,,7530,,,,0.0,,0.0,,0.0
,,,0.0,,0.20819491147994995,,,,,,,,,,,1.0,1.0,,,,,7531,,,,0.0,,0.0,,0.0
,,,0.0,,0.421875,,,,,,,,,,,1.0,1.0,,,,,7532,,,,0.0,,0.0,,0.0
,,,0.0,,0.390625,,,,,,,,,,,1.0,1.0,,,,,7533,,,,0.0,,0.0,,0.0
,,,0.0,,0.5359162092208862,,,,,,,,,,,1.0,1.0,,,,,7534,,,,0.0,,0.0,,0.0
,,,0.00937500037252903,,0.7265625,,,,,,,,,,,1.0,1.0,,,,,7535,,,,0.0,,0.0,,0.0
,,,0.010416666977107525,,0.765625,,,,,,,,,,,1.0,1.0,,,,,7536,,,,0.0,,0.0,,0.0
,,,0.008928571827709675,,0.8660714626312256,,,,,,,,,,,1.0,1.0,,,,,7537,,,,0.0,,0.0,,0.0
,,,0.010416666977107525,,0.9921875,,,,,,,,,,,1.0,1.0,,,,,7538,,,,0.0,,0.0,,0.0
,,,0.0031250000465661287,,1.0,,,,,,,,,,,1.0,1.0,,,,,7539,,,,0.0,,0.0,,0.0
,,,0.004273504484444857,,0.6604506969451904,,,,,,,,,,,1.0,1.0,,,,,7540,,,,0.0,,0.0,,0.0
,,,0.0,,0.375,,,,,,,,,,,1.0,1.0,,,,,7541,,,,0.0,,0.0,,0.0
,,,0.0,,0.2109375,,,,,,,,,,,1.0,1.0,,,,,7542,,,,0.0,,0.0,,0.0
,,,0.0,,0.31496062874794006,,,,,,,,,,,1.0,1.0,,,,,7543,,,,0.0,,0.0,,0.0
81,0.1384095698595047,0.12397859990596771,,0.628711462020874,,,,,,,,,,,,,,65.25955200195312,365458.71875,4.178372383117676,454.95318603515625,18121,,,0.0,,0.0,,0.0,
81,,,,,,1.5130902528762817,,-17.781204223632812,,8.359428405761719,,,,,,,,,,,,18121,2.4385933876037598,,,,,,,
,,,,,,,,,,,,,,3.805904281704818e-05,0.03,,,,,,,18149,,,,,,,,
82,,,,,,,1.5061652660369873,,-17.773771286010742,,7.97265625,3.804060543188825e-05,0.029999999329447746,,,1.0,1.0,,,,,18149,,2.528933525085449,,,,,,
,,,,,,,,,,,,,,3.7142092378158946e-05,0.03,,,,,,,18199,,,,,,,,
82,,,,,,,1.4928405284881592,,-17.780540466308594,,7.7734375,3.712385660037398e-05,0.029999999329447746,,,1.0,1.0,,,,,18199,,2.4893975257873535,,,,,,
,,,,,,,,,,,,,,3.623531167800115e-05,0.03,,,,,,,18249,,,,,,,,
82,,,,,,,1.5228978395462036,,-17.777132034301758,,8.625,3.621727955760434e-05,0.029999999329447746,,,1.0,1.0,,,,,18249,,2.247415065765381,,,,,,
,,,,,,,,,,,,,,3.5338757271469564e-05,0.03,,,,,,,18299,,,,,,,,
82,,,,,,,1.5162079334259033,,-17.77719497680664,,8.234375,3.5320932511240244e-05,0.029999999329447746,,,1.0,1.0,,,,,18299,,2.507883310317993,,,,,,
,,,0.0,,0.0,,,,,,,,,,,1.0,1.0,,,,,7544,,,,0.0,,0.0,,0.0
,,,0.0,,0.0078125,,,,,,,,,,,1.0,1.0,,,,,7545,,,,0.0,,0.0,,0.0
,,,0.013888888992369175,,0.4913824796676636,,,,,,,,,,,1.0,1.0,,,,,7546,,,,0.0,,0.0,,0.0
,,,0.014322916977107525,,0.96875,,,,,,,,,,,1.0,1.0,,,,,7547,,,,0.0,,0.0,,0.0
,,,0.01875000074505806,,0.9609375,,,,,,,,,,,1.0,1.0,,,,,7548,,,,0.0,,0.0,,0.0
,,,0.07115384936332703,,0.9807692170143127,,,,,,,,,,,1.0,1.0,,,,,7549,,,,0.0,,0.0,,0.0
,,,0.07968749850988388,,1.0,,,,,,,,,,,1.0,1.0,,,,,7550,,,,0.0,,0.0,,0.0
,,,0.07968749850988388,,1.0,,,,,,,,,,,1.0,1.0,,,,,7551,,,,0.0,,0.0,,0.0
,,,0.05896226316690445,,0.5681818127632141,,,,,,,,,,,1.0,1.0,,,,,7552,,,,0.0,,0.0,,0.0
,,,0.0,,0.015625,,,,,,,,,,,1.0,1.0,,,,,7553,,,,0.0,,0.0,,0.0
,,,0.0,,0.0,,,,,,,,,,,1.0,1.0,,,,,7554,,,,0.0,,0.0,,0.0
,,,0.0,,0.015625,,,,,,,,,,,1.0,1.0,,,,,7555,,,,0.0,,0.0,,0.0
,,,0.04100000113248825,,0.29600000381469727,,,,,,,,,,,1.0,1.0,,,,,7556,,,,0.0,,0.0,,0.0
,,,0.046875,,0.5390625,,,,,,,,,,,1.0,1.0,,,,,7557,,,,0.0,,0.0,,0.0
,,,0.0412946417927742,,0.484375,,,,,,,,,,,1.0,1.0,,,,,7558,,,,0.0,,0.0,,0.0
,,,0.06922769546508789,,0.7777777910232544,,,,,,,,,,,1.0,1.0,,,,,7559,,,,0.0,,0.0,,0.0
,,,0.0234375,,0.9921875,,,,,,,,,,,1.0,1.0,,,,,7560,,,,0.0,,0.0,,0.0
,,,0.03125,,0.9921875,,,,,,,,,,,1.0,1.0,,,,,7561,,,,0.0,,0.0,,0.0
,,,0.006493506487458944,,0.5535714030265808,,,,,,,,,,,1.0,1.0,,,,,7562,,,,0.0,,0.0,,0.0
,,,0.0,,0.21875,,,,,,,,,,,1.0,1.0,,,,,7563,,,,0.0,,0.0,,0.0
,,,0.0,,0.1640625,,,,,,,,,,,1.0,1.0,,,,,7564,,,,0.0,,0.0,,0.0
,,,0.0034246575087308884,,0.3100871741771698,,,,,,,,,,,1.0,1.0,,,,,7565,,,,0.0,,0.0,,0.0
,,,0.0066964286379516125,,0.3984375,,,,,,,,,,,1.0,1.0,,,,,7566,,,,0.0,,0.0,,0.0
,,,0.0066964286379516125,,0.3984375,,,,,,,,,,,1.0,1.0,,,,,7567,,,,0.0,,0.0,,0.0
,,,0.04510907828807831,,0.6699507236480713,,,,,,,,,,,1.0,1.0,,,,,7568,,,,0.0,,0.0,,0.0
,,,0.0457589291036129,,0.9921875,,,,,,,,,,,1.0,1.0,,,,,7569,,,,0.0,,0.0,,0.0
,,,0.0638020858168602,,0.96875,,,,,,,,,,,1.0,1.0,,,,,7570,,,,0.0,,0.0,,0.0
,,,0.148218035697937,,0.9933333396911621,,,,,,,,,,,1.0,1.0,,,,,7571,,,,0.0,,0.0,,0.0
,,,0.125,,1.0,,,,,,,,,,,1.0,1.0,,,,,7572,,,,0.0,,0.0,,0.0
,,,0.1028645858168602,,1.0,,,,,,,,,,,1.0,1.0,,,,,7573,,,,0.0,,0.0,,0.0
,,,0.07352941483259201,,0.5,,,,,,,,,,,1.0,1.0,,,,,7574,,,,0.0,,0.0,,0.0
,,,0.0,,0.0078125,,,,,,,,,,,1.0,1.0,,,,,7575,,,,0.0,,0.0,,0.0
,,,0.0,,0.0078125,,,,,,,,,,,1.0,1.0,,,,,7576,,,,0.0,,0.0,,0.0
,,,0.016326529905200005,,0.5029556751251221,,,,,,,,,,,1.0,1.0,,,,,7577,,,,0.0,,0.0,,0.0
,,,0.015625,,0.96875,,,,,,,,,,,1.0,1.0,,,,,7578,,,,0.0,,0.0,,0.0
,,,0.02031249925494194,,0.96875,,,,,,,,,,,1.0,1.0,,,,,7579,,,,0.0,,0.0,,0.0
,,,0.08177147060632706,,0.9672131538391113,,,,,,,,,,,1.0,1.0,,,,,7580,,,,0.0,,0.0,,0.0
,,,0.0755208358168602,,1.0,,,,,,,,,,,1.0,1.0,,,,,7581,,,,0.0,,0.0,,0.0
,,,0.0611979179084301,,0.9921875,,,,,,,,,,,1.0,1.0,,,,,7582,,,,0.0,,0.0,,0.0
,,,0.0575396828353405,,0.5230769515037537,,,,,,,,,,,1.0,1.0,,,,,7583,,,,0.0,,0.0,,0.0
,,,0.0,,0.0078125,,,,,,,,,,,1.0,1.0,,,,,7584,,,,0.0,,0.0,,0.0
,,,0.0,,0.03125,,,,,,,,,,,1.0,1.0,,,,,7585,,,,0.0,,0.0,,0.0
,,,0.05312500149011612,,0.30454546213150024,,,,,,,,,,,1.0,1.0,,,,,7586,,,,0.0,,0.0,,0.0
,,,0.0457589291036129,,0.5546875,,,,,,,,,,,1.0,1.0,,,,,7587,,,,0.0,,0.0,,0.0
,,,0.0435267873108387,,0.5,,,,,,,,,,,1.0,1.0,,,,,7588,,,,0.0,,0.0,,0.0
,,,0.07536205649375916,,0.771276593208313,,,,,,,,,,,1.0,1.0,,,,,7589,,,,0.0,,0.0,,0.0
,,,0.01718750037252903,,1.0,,,,,,,,,,,1.0,1.0,,,,,7590,,,,0.0,,0.0,,0.0
,,,0.02604166604578495,,0.9921875,,,,,,,,,,,1.0,1.0,,,,,7591,,,,0.0,,0.0,,0.0
,,,0.02604166604578495,,1.0,,,,,,,,,,,1.0,1.0,,,,,7592,,,,0.0,,0.0,,0.0
,,,0.0,,0.5708661675453186,,,,,,,,,,,1.0,1.0,,,,,7593,,,,0.0,,0.0,,0.0
,,,0.0,,0.15625,,,,,,,,,,,1.0,1.0,,,,,7594,,,,0.0,,0.0,,0.0
,,,0.0,,0.140625,,,,,,,,,,,1.0,1.0,,,,,7595,,,,0.0,,0.0,,0.0
,,,0.005387931130826473,,0.26436781883239746,,,,,,,,,,,1.0,1.0,,,,,7596,,,,0.0,,0.0,,0.0
,,,0.0033482143189758062,,0.3828125,,,,,,,,,,,1.0,1.0,,,,,7597,,,,0.0,,0.0,,0.0
,,,0.005580357275903225,,0.375,,,,,,,,,,,1.0,1.0,,,,,7598,,,,0.0,,0.0,,0.0
,,,0.046309392899274826,,0.675284206867218,,,,,,,,,,,1.0,1.0,,,,,7599,,,,0.0,,0.0,,0.0
,,,0.0368303582072258,,0.984375,,,,,,,,,,,1.0,1.0,,,,,7600,,,,0.0,,0.0,,0.0
,,,0.05859375,,0.9921875,,,,,,,,,,,1.0,1.0,,,,,7601,,,,0.0,,0.0,,0.0
,,,0.130952388048172,,0.984375,,,,,,,,,,,1.0,1.0,,,,,7602,,,,0.0,,0.0,,0.0
,,,0.1171875,,0.9921875,,,,,,,,,,,1.0,1.0,,,,,7603,,,,0.0,,0.0,,0.0
,,,0.09375,,1.0,,,,,,,,,,,1.0,1.0,,,,,7604,,,,0.0,,0.0,,0.0
,,,0.0714285746216774,,0.488095223903656,,,,,,,,,,,1.0,1.0,,,,,7605,,,,0.0,,0.0,,0.0
,,,0.0,,0.0078125,,,,,,,,,,,1.0,1.0,,,,,7606,,,,0.0,,0.0,,0.0
,,,0.0,,0.015625,,,,,,,,,,,1.0,1.0,,,,,7607,,,,0.0,,0.0,,0.0
,,,0.007374631240963936,,0.491150438785553,,,,,,,,,,,1.0,1.0,,,,,7608,,,,0.0,,0.0,,0.0
,,,0.014322916977107525,,0.9609375,,,,,,,,,,,1.0,1.0,,,,,7609,,,,0.0,,0.0,,0.0
,,,0.02031249925494194,,0.96875,,,,,,,,,,,1.0,1.0,,,,,7610,,,,0.0,,0.0,,0.0
,,,0.0876767635345459,,0.9722222089767456,,,,,,,,,,,1.0,1.0,,,,,7611,,,,0.0,,0.0,,0.0
,,,0.0638020858168602,,1.0,,,,,,,,,,,1.0,1.0,,,,,7612,,,,0.0,,0.0,,0.0
,,,0.0591517873108387,,1.0,,,,,,,,,,,1.0,1.0,,,,,7613,,,,0.0,,0.0,,0.0
,,,0.05624999850988388,,0.5231481194496155,,,,,,,,,,,1.0,1.0,,,,,7614,,,,0.0,,0.0,,0.0
,,,0.0,,0.0078125,,,,,,,,,,,1.0,1.0,,,,,7615,,,,0.0,,0.0,,0.0
,,,0.0,,0.0390625,,,,,,,,,,,1.0,1.0,,,,,7616,,,,0.0,,0.0,,0.0
,,,0.046686746180057526,,0.3072289228439331,,,,,,,,,,,1.0,1.0,,,,,7617,,,,0.0,,0.0,,0.0
,,,0.0435267873108387,,0.5390625,,,,,,,,,,,1.0,1.0,,,,,7618,,,,0.0,,0.0,,0.0
,,,0.0479910708963871,,0.5234375,,,,,,,,,,,1.0,1.0,,,,,7619,,,,0.0,,0.0,,0.0
,,,0.06147913634777069,,0.7450980544090271,,,,,,,,,,,1.0,1.0,,,,,7620,,,,0.0,,0.0,,0.0
,,,0.04218750074505806,,0.9921875,,,,,,,,,,,1.0,1.0,,,,,7621,,,,0.0,,0.0,,0.0
,,,0.01953125,,1.0,,,,,,,,,,,1.0,1.0,,,,,7622,,,,0.0,,0.0,,0.0
,,,0.01827242597937584,,0.5714285969734192,,,,,,,,,,,1.0,1.0,,,,,7623,,,,0.0,,0.0,,0.0
,,,0.0,,0.09375,,,,,,,,,,,1.0,1.0,,,,,7624,,,,0.0,,0.0,,0.0
,,,0.0,,0.15625,,,,,,,,,,,1.0,1.0,,,,,7625,,,,0.0,,0.0,,0.0
,,,0.004032257944345474,,0.2979713976383209,,,,,,,,,,,1.0,1.0,,,,,7626,,,,0.0,,0.0,,0.0
,,,0.0066964286379516125,,0.40625,,,,,,,,,,,1.0,1.0,,,,,7627,,,,0.0,,0.0,,0.0
,,,0.0066964286379516125,,0.4296875,,,,,,,,,,,1.0,1.0,,,,,7628,,,,0.0,,0.0,,0.0
,,,0.0535714291036129,,0.6830357313156128,,,,,,,,,,,1.0,1.0,,,,,7629,,,,0.0,,0.0,,0.0
,,,0.06406249850988388,,0.9765625,,,,,,,,,,,1.0,1.0,,,,,7630,,,,0.0,,0.0,,0.0
,,,0.0390625,,0.9921875,,,,,,,,,,,1.0,1.0,,,,,7631,,,,0.0,,0.0,,0.0
,,,0.13934214413166046,,0.9871795177459717,,,,,,,,,,,1.0,1.0,,,,,7632,,,,0.0,,0.0,,0.0
,,,0.13750000298023224,,1.0,,,,,,,,,,,1.0,1.0,,,,,7633,,,,0.0,,0.0,,0.0
,,,0.0859375,,1.0,,,,,,,,,,,1.0,1.0,,,,,7634,,,,0.0,,0.0,,0.0
,,,0.09842520207166672,,1.0,,,,,,,,,,,1.0,1.0,,,,,7635,,,,0.0,,0.0,,0.0
82,0.1381104439496994,0.19112847745418549,,0.6057818531990051,,,,,,,,,,,,,,63.214603424072266,388624.125,4.146535396575928,456.6882019042969,18342,,,0.0,,0.0,,0.0,
82,,,,,,1.5077546834945679,,-17.77665138244629,,8.143240928649902,,,,,,,,,,,,18342,2.4367988109588623,,,,,,,
,,,,,,,,,,,,,,3.445248507565645e-05,0.03,,,,,,,18349,,,,,,,,
83,,,,,,,1.5058925151824951,,-17.782468795776367,,8.2734375,3.4434866392984986e-05,0.029999999329447746,,,1.0,1.0,,,,,18349,,2.269094467163086,,,,,,
,,,,,,,,,,,,,,3.3576550366364216e-05,0.03,,,,,,,18399,,,,,,,,
83,,,,,,,1.5051316022872925,,-17.7863712310791,,7.8671875,3.3559135772520676e-05,0.029999999329447746,,,1.0,1.0,,,,,18399,,2.3766262531280518,,,,,,
,,,,,,,,,,,,,,3.2711007774657815e-05,0.03,,,,,,,18449,,,,,,,,
83,,,,,,,1.5111451148986816,,-17.781539916992188,,8.296875,3.2693802495487034e-05,0.029999999329447746,,,1.0,1.0,,,,,18449,,2.3435420989990234,,,,,,
,,,,,,,,,,,,,,3.185591128345749e-05,0.03,,,,,,,18499,,,,,,,,
83,,,,,,,1.5159645080566406,,-17.78567886352539,,8.3671875,3.183891749358736e-05,0.029999999329447746,,,1.0,1.0,,,,,18499,,2.3168599605560303,,,,,,
,,,,,,,,,,,,,,3.1011314224171854e-05,0.03,,,,,,,18549,,,,,,,,
83,,,,,,,1.5062782764434814,,-17.78073501586914,,7.984375,3.0994528060546145e-05,0.029999999329447746,,,1.0,1.0,,,,,18549,,2.3574981689453125,,,,,,
,,,0.001953125,,0.234375,,,,,,,,,,,1.0,1.0,,,,,7636,,,,0.0,,0.0,,0.0
,,,0.0008680555620230734,,0.234375,,,,,,,,,,,1.0,1.0,,,,,7637,,,,0.0,,0.0,,0.0
,,,0.015646008774638176,,0.6151448488235474,,,,,,,,,,,1.0,1.0,,,,,7638,,,,0.0,,0.0,,0.0
,,,0.01171875,,0.953125,,,,,,,,,,,1.0,1.0,,,,,7639,,,,0.0,,0.0,,0.0
,,,0.01116071455180645,,0.9453125,,,,,,,,,,,1.0,1.0,,,,,7640,,,,0.0,,0.0,,0.0
,,,0.012019230984151363,,0.45673078298568726,,,,,,,,,,,1.0,1.0,,,,,7641,,,,0.0,,0.0,,0.0
,,,0.0,,0.015625,,,,,,,,,,,1.0,1.0,,,,,7642,,,,0.0,,0.0,,0.0
,,,0.0,,0.0,,,,,,,,,,,1.0,1.0,,,,,7643,,,,0.0,,0.0,,0.0
,,,0.011363636702299118,,0.3456260859966278,,,,,,,,,,,1.0,1.0,,,,,7644,,,,0.0,,0.0,,0.0
,,,0.008928571827709675,,0.8046875,,,,,,,,,,,1.0,1.0,,,,,7645,,,,0.0,,0.0,,0.0
,,,0.0029296875,,0.890625,,,,,,,,,,,1.0,1.0,,,,,7646,,,,0.0,,0.0,,0.0
,,,0.0078125,,0.859375,,,,,,,,,,,1.0,1.0,,,,,7647,,,,0.0,,0.0,,0.0
,,,0.06971428543329239,,0.8479999899864197,,,,,,,,,,,1.0,1.0,,,,,7648,,,,0.0,,0.0,,0.0
,,,0.0537109375,,0.625,,,,,,,,,,,1.0,1.0,,,,,7649,,,,0.0,,0.0,,0.0
,,,0.0425347238779068,,0.625,,,,,,,,,,,1.0,1.0,,,,,7650,,,,0.0,,0.0,,0.0
,,,0.09959539771080017,,0.9318394064903259,,,,,,,,,,,1.0,1.0,,,,,7651,,,,0.0,,0.0,,0.0
,,,0.005859375,,0.9921875,,,,,,,,,,,1.0,1.0,,,,,7652,,,,0.0,,0.0,,0.0
,,,0.009114583022892475,,0.96875,,,,,,,,,,,1.0,1.0,,,,,7653,,,,0.0,,0.0,,0.0
,,,0.05256647989153862,,0.9886363744735718,,,,,,,,,,,1.0,1.0,,,,,7654,,,,0.0,,0.0,,0.0
,,,0.07343749701976776,,0.9921875,,,,,,,,,,,1.0,1.0,,,,,7655,,,,0.0,,0.0,,0.0
,,,0.0598958320915699,,0.984375,,,,,,,,,,,1.0,1.0,,,,,7656,,,,0.0,,0.0,,0.0
,,,0.04810531809926033,,0.6712328791618347,,,,,,,,,,,1.0,1.0,,,,,7657,,,,0.0,,0.0,,0.0
,,,0.0026041667442768812,,0.234375,,,,,,,,,,,1.0,1.0,,,,,7658,,,,0.0,,0.0,,0.0
,,,0.0087890625,,0.265625,,,,,,,,,,,1.0,1.0,,,,,7659,,,,0.0,,0.0,,0.0
,,,0.008264915086328983,,0.37561577558517456,,,,,,,,,,,1.0,1.0,,,,,7660,,,,0.0,,0.0,,0.0
,,,0.0048828125,,0.4375,,,,,,,,,,,1.0,1.0,,,,,7661,,,,0.0,,0.0,,0.0
,,,0.001953125,,0.5078125,,,,,,,,,,,1.0,1.0,,,,,7662,,,,0.0,,0.0,,0.0
,,,0.11892182379961014,,0.7266666889190674,,,,,,,,,,,1.0,1.0,,,,,7663,,,,0.0,,0.0,,0.0
,,,0.15468749403953552,,1.0,,,,,,,,,,,1.0,1.0,,,,,7664,,,,0.0,,0.0,,0.0
,,,0.1223958358168602,,0.9921875,,,,,,,,,,,1.0,1.0,,,,,7665,,,,0.0,,0.0,,0.0
,,,0.10584815591573715,,0.6279069781303406,,,,,,,,,,,1.0,1.0,,,,,7666,,,,0.0,,0.0,,0.0
,,,0.0009765625,,0.265625,,,,,,,,,,,1.0,1.0,,,,,7667,,,,0.0,,0.0,,0.0
,,,0.0008680555620230734,,0.2265625,,,,,,,,,,,1.0,1.0,,,,,7668,,,,0.0,,0.0,,0.0
,,,0.01681034453213215,,0.61231529712677,,,,,,,,,,,1.0,1.0,,,,,7669,,,,0.0,,0.0,,0.0
,,,0.01116071455180645,,0.9140625,,,,,,,,,,,1.0,1.0,,,,,7670,,,,0.0,,0.0,,0.0
,,,0.01171875,,0.9296875,,,,,,,,,,,1.0,1.0,,,,,7671,,,,0.0,,0.0,,0.0
,,,0.01024590153247118,,0.4418888986110687,,,,,,,,,,,1.0,1.0,,,,,7672,,,,0.0,,0.0,,0.0
,,,0.0,,0.015625,,,,,,,,,,,1.0,1.0,,,,,7673,,,,0.0,,0.0,,0.0
,,,0.0,,0.015625,,,,,,,,,,,1.0,1.0,,,,,7674,,,,0.0,,0.0,,0.0
,,,0.009615384973585606,,0.4156288206577301,,,,,,,,,,,1.0,1.0,,,,,7675,,,,0.0,,0.0,,0.0
,,,0.0026041667442768812,,0.875,,,,,,,,,,,1.0,1.0,,,,,7676,,,,0.0,,0.0,,0.0
,,,0.008928571827709675,,0.8828125,,,,,,,,,,,1.0,1.0,,,,,7677,,,,0.0,,0.0,,0.0
,,,0.07435064762830734,,0.7943181991577148,,,,,,,,,,,1.0,1.0,,,,,7678,,,,0.0,,0.0,,0.0
,,,0.0537109375,,0.6796875,,,,,,,,,,,1.0,1.0,,,,,7679,,,,0.0,,0.0,,0.0
,,,0.0477430559694767,,0.6171875,,,,,,,,,,,1.0,1.0,,,,,7680,,,,0.0,,0.0,,0.0
,,,0.054095398634672165,,0.8297872543334961,,,,,,,,,,,1.0,1.0,,,,,7681,,,,0.0,,0.0,,0.0
,,,0.008928571827709675,,0.9609375,,,,,,,,,,,1.0,1.0,,,,,7682,,,,0.0,,0.0,,0.0
,,,0.0066964286379516125,,0.9921875,,,,,,,,,,,1.0,1.0,,,,,7683,,,,0.0,,0.0,,0.0
,,,0.009114583022892475,,0.9609375,,,,,,,,,,,1.0,1.0,,,,,7684,,,,0.0,,0.0,,0.0
,,,0.043869517743587494,,0.9921259880065918,,,,,,,,,,,1.0,1.0,,,,,7685,,,,0.0,,0.0,,0.0
,,,0.05859375,,0.9921875,,,,,,,,,,,1.0,1.0,,,,,7686,,,,0.0,,0.0,,0.0
,,,0.0481770820915699,,0.9921875,,,,,,,,,,,1.0,1.0,,,,,7687,,,,0.0,,0.0,,0.0
,,,0.027298850938677788,,0.642241358757019,,,,,,,,,,,1.0,1.0,,,,,7688,,,,0.0,,0.0,,0.0
,,,0.00390625,,0.2578125,,,,,,,,,,,1.0,1.0,,,,,7689,,,,0.0,,0.0,,0.0
,,,0.008928571827709675,,0.28125,,,,,,,,,,,1.0,1.0,,,,,7690,,,,0.0,,0.0,,0.0
,,,0.010430672205984592,,0.3573524057865143,,,,,,,,,,,1.0,1.0,,,,,7691,,,,0.0,,0.0,,0.0
,,,0.0034722222480922937,,0.484375,,,,,,,,,,,1.0,1.0,,,,,7692,,,,0.0,,0.0,,0.0
,,,0.0033482143189758062,,0.4453125,,,,,,,,,,,1.0,1.0,,,,,7693,,,,0.0,,0.0,,0.0
,,,0.1145833283662796,,0.734375,,,,,,,,,,,1.0,1.0,,,,,7694,,,,0.0,,0.0,,0.0
,,,0.15156249701976776,,0.9921875,,,,,,,,,,,1.0,1.0,,,,,7695,,,,0.0,,0.0,,0.0
,,,0.1328125,,1.0,,,,,,,,,,,1.0,1.0,,,,,7696,,,,0.0,,0.0,,0.0
,,,0.1011904776096344,,0.5988371968269348,,,,,,,,,,,1.0,1.0,,,,,7697,,,,0.0,,0.0,,0.0
,,,0.0009765625,,0.2421875,,,,,,,,,,,1.0,1.0,,,,,7698,,,,0.0,,0.0,,0.0
,,,0.0008680555620230734,,0.2265625,,,,,,,,,,,1.0,1.0,,,,,7699,,,,0.0,,0.0,,0.0
,,,0.013906448148190975,,0.5935103297233582,,,,,,,,,,,1.0,1.0,,,,,7700,,,,0.0,,0.0,,0.0
,,,0.01171875,,0.90625,,,,,,,,,,,1.0,1.0,,,,,7701,,,,0.0,,0.0,,0.0
,,,0.01953125,,0.9375,,,,,,,,,,,1.0,1.0,,,,,7702,,,,0.0,,0.0,,0.0
,,,0.01587301678955555,,0.4535353481769562,,,,,,,,,,,1.0,1.0,,,,,7703,,,,0.0,,0.0,,0.0
,,,0.0,,0.0,,,,,,,,,,,1.0,1.0,,,,,7704,,,,0.0,,0.0,,0.0
,,,0.0,,0.0234375,,,,,,,,,,,1.0,1.0,,,,,7705,,,,0.0,,0.0,,0.0
,,,0.006613756529986858,,0.41203704476356506,,,,,,,,,,,1.0,1.0,,,,,7706,,,,0.0,,0.0,,0.0
,,,0.010416666977107525,,0.8984375,,,,,,,,,,,1.0,1.0,,,,,7707,,,,0.0,,0.0,,0.0
,,,0.0078125,,0.875,,,,,,,,,,,1.0,1.0,,,,,7708,,,,0.0,,0.0,,0.0
,,,0.09375278651714325,,0.853145956993103,,,,,,,,,,,1.0,1.0,,,,,7709,,,,0.0,,0.0,,0.0
,,,0.0602678582072258,,0.609375,,,,,,,,,,,1.0,1.0,,,,,7710,,,,0.0,,0.0,,0.0
,,,0.0442708320915699,,0.6484375,,,,,,,,,,,1.0,1.0,,,,,7711,,,,0.0,,0.0,,0.0
,,,0.06438939273357391,,0.839954137802124,,,,,,,,,,,1.0,1.0,,,,,7712,,,,0.0,,0.0,,0.0
,,,0.0087890625,,0.984375,,,,,,,,,,,1.0,1.0,,,,,7713,,,,0.0,,0.0,,0.0
,,,0.0078125,,0.9921875,,,,,,,,,,,1.0,1.0,,,,,7714,,,,0.0,,0.0,,0.0
,,,0.07973422110080719,,0.9883720874786377,,,,,,,,,,,1.0,1.0,,,,,7715,,,,0.0,,0.0,,0.0
,,,0.0361328125,,0.9921875,,,,,,,,,,,1.0,1.0,,,,,7716,,,,0.0,,0.0,,0.0
,,,0.0580357126891613,,0.9921875,,,,,,,,,,,1.0,1.0,,,,,7717,,,,0.0,,0.0,,0.0
,,,0.03976435586810112,,0.6400066614151001,,,,,,,,,,,1.0,1.0,,,,,7718,,,,0.0,,0.0,,0.0
,,,0.00390625,,0.28125,,,,,,,,,,,1.0,1.0,,,,,7719,,,,0.0,,0.0,,0.0
,,,0.0068359375,,0.3203125,,,,,,,,,,,1.0,1.0,,,,,7720,,,,0.0,,0.0,,0.0
,,,0.0059523810632526875,,0.4598214328289032,,,,,,,,,,,1.0,1.0,,,,,7721,,,,0.0,,0.0,,0.0
,,,0.00390625,,0.4765625,,,,,,,,,,,1.0,1.0,,,,,7722,,,,0.0,,0.0,,0.0
,,,0.0008680555620230734,,0.4765625,,,,,,,,,,,1.0,1.0,,,,,7723,,,,0.0,,0.0,,0.0
,,,0.10633810609579086,,0.7264957427978516,,,,,,,,,,,1.0,1.0,,,,,7724,,,,0.0,,0.0,,0.0
,,,0.1194196417927742,,1.0,,,,,,,,,,,1.0,1.0,,,,,7725,,,,0.0,,0.0,,0.0
,,,0.1004464253783226,,0.9765625,,,,,,,,,,,1.0,1.0,,,,,7726,,,,0.0,,0.0,,0.0
,,,0.16377952694892883,,0.9921259880065918,,,,,,,,,,,1.0,1.0,,,,,7727,,,,0.0,,0.0,,0.0
83,0.1355557143688202,0.1824726164340973,,0.6417351365089417,,,,,,,,,,,,,,65.5174331665039,410323.09375,4.182316303253174,453.97247314453125,18563,,,0.0,,0.0,,0.0,
83,,,,,,1.5138263702392578,,-17.78368377685547,,8.371977806091309,,,,,,,,,,,,18563,2.4000370502471924,,,,,,,
,,,,,,,,,,,,,,3.0177269273371768e-05,0.03,,,,,,,18599,,,,,,,,
84,,,,,,,1.5122034549713135,,-17.779809951782227,,8.296875,3.016069604200311e-05,0.029999999329447746,,,1.0,1.0,,,,,18599,,2.369521141052246,,,,,,
,,,,,,,,,,,,,,2.9353828449504915e-05,0.03,,,,,,,18649,,,,,,,,
84,,,,,,,1.5053431987762451,,-17.787782669067383,,8.203125,2.9337468731682748e-05,0.029999999329447746,,,1.0,1.0,,,,,18649,,2.7961621284484863,,,,,,
,,,,,,,,,,,,,,2.8541043109651523e-05,0.03,,,,,,,18699,,,,,,,,
84,,,,,,,1.5177462100982666,,-17.784025192260742,,8.5859375,2.8524897061288357e-05,0.029999999329447746,,,1.0,1.0,,,,,18699,,2.2461280822753906,,,,,,
,,,,,,,,,,,,,,2.7738963946321223e-05,0.03,,,,,,,18749,,,,,,,,
84,,,,,,,1.505843162536621,,-17.780654907226562,,7.8828125,2.7723031962523237e-05,0.029999999329447746,,,1.0,1.0,,,,,18749,,2.593005657196045,,,,,,
,,,0.02734375,,1.0,,,,,,,,,,,1.0,1.0,,,,,7728,,,,0.0,,0.0,,0.0
,,,0.0234375,,0.984375,,,,,,,,,,,1.0,1.0,,,,,7729,,,,0.0,,0.0,,0.0
,,,0.11118444800376892,,0.9752475023269653,,,,,,,,,,,1.0,1.0,,,,,7730,,,,0.0,,0.0,,0.0
,,,0.0859375,,0.9921875,,,,,,,,,,,1.0,1.0,,,,,7731,,,,0.0,,0.0,,0.0
,,,0.0703125,,0.9921875,,,,,,,,,,,1.0,1.0,,,,,7732,,,,0.0,,0.0,,0.0
,,,0.05128205195069313,,0.5945512652397156,,,,,,,,,,,1.0,1.0,,,,,7733,,,,0.0,,0.0,,0.0
,,,0.0,,0.3359375,,,,,,,,,,,1.0,1.0,,,,,7734,,,,0.0,,0.0,,0.0
,,,0.0,,0.2578125,,,,,,,,,,,1.0,1.0,,,,,7735,,,,0.0,,0.0,,0.0
,,,0.006493506487458944,,0.4511148929595947,,,,,,,,,,,1.0,1.0,,,,,7736,,,,0.0,,0.0,,0.0
,,,0.0,,0.4609375,,,,,,,,,,,1.0,1.0,,,,,7737,,,,0.0,,0.0,,0.0
,,,0.0009765625,,0.4296875,,,,,,,,,,,1.0,1.0,,,,,7738,,,,0.0,,0.0,,0.0
,,,0.0,,0.4453125,,,,,,,,,,,1.0,1.0,,,,,7739,,,,0.0,,0.0,,0.0
,,,0.08133333176374435,,0.737333357334137,,,,,,,,,,,1.0,1.0,,,,,7740,,,,0.0,,0.0,,0.0
,,,0.0755208358168602,,0.7734375,,,,,,,,,,,1.0,1.0,,,,,7741,,,,0.0,,0.0,,0.0
,,,0.09062500298023224,,0.7421875,,,,,,,,,,,1.0,1.0,,,,,7742,,,,0.0,,0.0,,0.0
,,,0.24519142508506775,,0.8888888955116272,,,,,,,,,,,1.0,1.0,,,,,7743,,,,0.0,,0.0,,0.0
,,,0.1236979141831398,,1.0,,,,,,,,,,,1.0,1.0,,,,,7744,,,,0.0,,0.0,,0.0
,,,0.203125,,1.0,,,,,,,,,,,1.0,1.0,,,,,7745,,,,0.0,,0.0,,0.0
,,,0.09415584802627563,,0.9464285373687744,,,,,,,,,,,1.0,1.0,,,,,7746,,,,0.0,,0.0,,0.0
,,,0.0,,0.9296875,,,,,,,,,,,1.0,1.0,,,,,7747,,,,0.0,,0.0,,0.0
,,,0.00390625,,0.8671875,,,,,,,,,,,1.0,1.0,,,,,7748,,,,0.0,,0.0,,0.0
,,,0.007827788591384888,,0.8037359714508057,,,,,,,,,,,1.0,1.0,,,,,7749,,,,0.0,,0.0,,0.0
,,,0.0126953125,,0.5546875,,,,,,,,,,,1.0,1.0,,,,,7750,,,,0.0,,0.0,,0.0
,,,0.01116071455180645,,0.53125,,,,,,,,,,,1.0,1.0,,,,,7751,,,,0.0,,0.0,,0.0
,,,0.018367348238825798,,0.5859606266021729,,,,,,,,,,,1.0,1.0,,,,,7752,,,,0.0,,0.0,,0.0
,,,0.0,,0.65625,,,,,,,,,,,1.0,1.0,,,,,7753,,,,0.0,,0.0,,0.0
,,,0.0,,0.5234375,,,,,,,,,,,1.0,1.0,,,,,7754,,,,0.0,,0.0,,0.0
,,,0.002222222276031971,,0.32327044010162354,,,,,,,,,,,1.0,1.0,,,,,7755,,,,0.0,,0.0,,0.0
,,,0.0,,0.0703125,,,,,,,,,,,1.0,1.0,,,,,7756,,,,0.0,,0.0,,0.0
,,,0.0,,0.0390625,,,,,,,,,,,1.0,1.0,,,,,7757,,,,0.0,,0.0,,0.0
,,,0.023255813866853714,,0.5470588207244873,,,,,,,,,,,1.0,1.0,,,,,7758,,,,0.0,,0.0,,0.0
,,,0.02864583395421505,,0.984375,,,,,,,,,,,1.0,1.0,,,,,7759,,,,0.0,,0.0,,0.0
,,,0.0234375,,0.96875,,,,,,,,,,,1.0,1.0,,,,,7760,,,,0.0,,0.0,,0.0
,,,0.08187192678451538,,0.9756157398223877,,,,,,,,,,,1.0,1.0,,,,,7761,,,,0.0,,0.0,,0.0
,,,0.07421875,,0.9921875,,,,,,,,,,,1.0,1.0,,,,,7762,,,,0.0,,0.0,,0.0
,,,0.0625,,1.0,,,,,,,,,,,1.0,1.0,,,,,7763,,,,0.0,,0.0,,0.0
,,,0.06557376682758331,,0.6328603029251099,,,,,,,,,,,1.0,1.0,,,,,7764,,,,0.0,,0.0,,0.0
,,,0.0,,0.375,,,,,,,,,,,1.0,1.0,,,,,7765,,,,0.0,,0.0,,0.0
,,,0.0,,0.2734375,,,,,,,,,,,1.0,1.0,,,,,7766,,,,0.0,,0.0,,0.0
,,,0.002197802299633622,,0.38131868839263916,,,,,,,,,,,1.0,1.0,,,,,7767,,,,0.0,,0.0,,0.0
,,,0.0,,0.3828125,,,,,,,,,,,1.0,1.0,,,,,7768,,,,0.0,,0.0,,0.0
,,,0.0022321429569274187,,0.453125,,,,,,,,,,,1.0,1.0,,,,,7769,,,,0.0,,0.0,,0.0
,,,0.08749999850988388,,0.675000011920929,,,,,,,,,,,1.0,1.0,,,,,7770,,,,0.0,,0.0,,0.0
,,,0.0703125,,0.71875,,,,,,,,,,,1.0,1.0,,,,,7771,,,,0.0,,0.0,,0.0
,,,0.126953125,,0.7265625,,,,,,,,,,,1.0,1.0,,,,,7772,,,,0.0,,0.0,,0.0
,,,0.2599499225616455,,0.8776595592498779,,,,,,,,,,,1.0,1.0,,,,,7773,,,,0.0,,0.0,,0.0
,,,0.1276041716337204,,1.0,,,,,,,,,,,1.0,1.0,,,,,7774,,,,0.0,,0.0,,0.0
,,,0.205078125,,1.0,,,,,,,,,,,1.0,1.0,,,,,7775,,,,0.0,,0.0,,0.0
,,,0.16875000298023224,,1.0,,,,,,,,,,,1.0,1.0,,,,,7776,,,,0.0,,0.0,,0.0
,,,0.20000000298023224,,0.9566929340362549,,,,,,,,,,,1.0,1.0,,,,,7777,,,,0.0,,0.0,,0.0
,,,0.0052083334885537624,,0.8984375,,,,,,,,,,,1.0,1.0,,,,,7778,,,,0.0,,0.0,,0.0
,,,0.0015625000232830644,,0.9453125,,,,,,,,,,,1.0,1.0,,,,,7779,,,,0.0,,0.0,,0.0
,,,0.007389162667095661,,0.8017241358757019,,,,,,,,,,,1.0,1.0,,,,,7780,,,,0.0,,0.0,,0.0
,,,0.010044642724096775,,0.53125,,,,,,,,,,,1.0,1.0,,,,,7781,,,,0.0,,0.0,,0.0
,,,0.010416666977107525,,0.6015625,,,,,,,,,,,1.0,1.0,,,,,7782,,,,0.0,,0.0,,0.0
,,,0.012345679104328156,,0.5377704501152039,,,,,,,,,,,1.0,1.0,,,,,7783,,,,0.0,,0.0,,0.0
,,,0.0,,0.671875,,,,,,,,,,,1.0,1.0,,,,,7784,,,,0.0,,0.0,,0.0
,,,0.0015625000232830644,,0.53125,,,,,,,,,,,1.0,1.0,,,,,7785,,,,0.0,,0.0,,0.0
,,,0.0,,0.3125,,,,,,,,,,,1.0,1.0,,,,,7786,,,,0.0,,0.0,,0.0
,,,0.0,,0.0625,,,,,,,,,,,1.0,1.0,,,,,7787,,,,0.0,,0.0,,0.0
,,,0.0,,0.046875,,,,,,,,,,,1.0,1.0,,,,,7788,,,,0.0,,0.0,,0.0
,,,0.023255813866853714,,0.565614640712738,,,,,,,,,,,1.0,1.0,,,,,7789,,,,0.0,,0.0,,0.0
,,,0.03125,,1.0,,,,,,,,,,,1.0,1.0,,,,,7790,,,,0.0,,0.0,,0.0
,,,0.02213541604578495,,0.953125,,,,,,,,,,,1.0,1.0,,,,,7791,,,,0.0,,0.0,,0.0
,,,0.08121927082538605,,0.9666666984558105,,,,,,,,,,,1.0,1.0,,,,,7792,,,,0.0,,0.0,,0.0
,,,0.09375,,0.9765625,,,,,,,,,,,1.0,1.0,,,,,7793,,,,0.0,,0.0,,0.0
,,,0.06562499701976776,,0.9921875,,,,,,,,,,,1.0,1.0,,,,,7794,,,,0.0,,0.0,,0.0
,,,0.055555559694767,,0.6590908765792847,,,,,,,,,,,1.0,1.0,,,,,7795,,,,0.0,,0.0,,0.0
,,,0.0,,0.28125,,,,,,,,,,,1.0,1.0,,,,,7796,,,,0.0,,0.0,,0.0
,,,0.0,,0.265625,,,,,,,,,,,1.0,1.0,,,,,7797,,,,0.0,,0.0,,0.0
,,,0.0013227512827143073,,0.3768518567085266,,,,,,,,,,,1.0,1.0,,,,,7798,,,,0.0,,0.0,,0.0
,,,0.0015625000232830644,,0.421875,,,,,,,,,,,1.0,1.0,,,,,7799,,,,0.0,,0.0,,0.0
,,,0.0009765625,,0.421875,,,,,,,,,,,1.0,1.0,,,,,7800,,,,0.0,,0.0,,0.0
,,,0.08835341781377792,,0.6309236884117126,,,,,,,,,,,1.0,1.0,,,,,7801,,,,0.0,,0.0,,0.0
,,,0.0859375,,0.7421875,,,,,,,,,,,1.0,1.0,,,,,7802,,,,0.0,,0.0,,0.0
,,,0.08906249701976776,,0.71875,,,,,,,,,,,1.0,1.0,,,,,7803,,,,0.0,,0.0,,0.0
,,,0.2485867142677307,,0.8725490570068359,,,,,,,,,,,1.0,1.0,,,,,7804,,,,0.0,,0.0,,0.0
,,,0.1197916641831398,,1.0,,,,,,,,,,,1.0,1.0,,,,,7805,,,,0.0,,0.0,,0.0
,,,0.19921875,,1.0,,,,,,,,,,,1.0,1.0,,,,,7806,,,,0.0,,0.0,,0.0
,,,0.13759689033031464,,0.9642857313156128,,,,,,,,,,,1.0,1.0,,,,,7807,,,,0.0,,0.0,,0.0
,,,0.0,,0.9140625,,,,,,,,,,,1.0,1.0,,,,,7808,,,,0.0,,0.0,,0.0
,,,0.00390625,,0.921875,,,,,,,,,,,1.0,1.0,,,,,7809,,,,0.0,,0.0,,0.0
,,,0.0,,0.780678391456604,,,,,,,,,,,1.0,1.0,,,,,7810,,,,0.0,,0.0,,0.0
,,,0.015625,,0.6015625,,,,,,,,,,,1.0,1.0,,,,,7811,,,,0.0,,0.0,,0.0
,,,0.010044642724096775,,0.5078125,,,,,,,,,,,1.0,1.0,,,,,7812,,,,0.0,,0.0,,0.0
,,,0.010204082354903221,,0.5357142686843872,,,,,,,,,,,1.0,1.0,,,,,7813,,,,0.0,,0.0,,0.0
,,,0.0,,0.6015625,,,,,,,,,,,1.0,1.0,,,,,7814,,,,0.0,,0.0,,0.0
,,,0.0,,0.5859375,,,,,,,,,,,1.0,1.0,,,,,7815,,,,0.0,,0.0,,0.0
,,,0.0024420025292783976,,0.3360528349876404,,,,,,,,,,,1.0,1.0,,,,,7816,,,,0.0,,0.0,,0.0
,,,0.0,,0.078125,,,,,,,,,,,1.0,1.0,,,,,7817,,,,0.0,,0.0,,0.0
,,,0.0,,0.046875,,,,,,,,,,,1.0,1.0,,,,,7818,,,,0.0,,0.0,,0.0
,,,0.0,,0.06299212574958801,,,,,,,,,,,1.0,1.0,,,,,7819,,,,0.0,,0.0,,0.0
84,0.1368861198425293,0.18160156905651093,,0.6601718664169312,,,,,,,,,,,,,,63.991886138916016,399666.375,4.158756256103516,455.607421875,18784,,,0.0,,0.0,,0.0,
84,,,,,,1.5121641159057617,,-17.787094116210938,,8.290918350219727,,,,,,,,,,,,18784,2.3890373706817627,,,,,,,
,,,,,,,,,,,,,,2.694764098429141e-05,0.03,,,,,,,18799,,,,,,,,
85,,,,,,,1.504441738128662,,-17.79463005065918,,8.0859375,2.6931924367090687e-05,0.029999999329447746,,,1.0,1.0,,,,,18799,,2.578780174255371,,,,,,
,,,,,,,,,,,,,,2.6167123577487204e-05,0.03,,,,,,,18849,,,,,,,,
85,,,,,,,1.5151722431182861,,-17.7872314453125,,8.2734375,2.6151623387704603e-05,0.029999999329447746,,,1.0,1.0,,,,,18849,,2.236514091491699,,,,,,
,,,,,,,,,,,,,,2.5397460405903595e-05,0.03,,,,,,,18899,,,,,,,,
85,,,,,,,1.5170905590057373,,-17.79708480834961,,8.40625,2.538217813707888e-05,0.029999999329447746,,,1.0,1.0,,,,,18899,,2.370208263397217,,,,,,
,,,,,,,,,,,,,,2.463869947256891e-05,0.03,,,,,,,18949,,,,,,,,
85,,,,,,,1.5146037340164185,,-17.790607452392578,,8.328125,2.4623635908938013e-05,0.029999999329447746,,,1.0,1.0,,,,,18949,,2.428243637084961,,,,,,
,,,,,,,,,,,,,,2.389088810055111e-05,0.03,,,,,,,18999,,,,,,,,
85,,,,,,,1.5152664184570312,,-17.77301025390625,,8.3984375,2.387604399700649e-05,0.029999999329447746,,,1.0,1.0,,,,,18999,,2.2826297283172607,,,,,,
,,,0.0,,0.0390625,,,,,,,,,,,1.0,1.0,,,,,7820,,,,0.0,,0.0,,0.0
,,,0.0,,0.0390625,,,,,,,,,,,1.0,1.0,,,,,7821,,,,0.0,,0.0,,0.0
,,,0.0,,0.38155481219291687,,,,,,,,,,,1.0,1.0,,,,,7822,,,,0.0,,0.0,,0.0
,,,0.004464285913854837,,0.765625,,,,,,,,,,,1.0,1.0,,,,,7823,,,,0.0,,0.0,,0.0
,,,0.0031250000465661287,,0.75,,,,,,,,,,,1.0,1.0,,,,,7824,,,,0.0,,0.0,,0.0
,,,0.0013736264081671834,,0.42628204822540283,,,,,,,,,,,1.0,1.0,,,,,7825,,,,0.0,,0.0,,0.0
,,,0.0,,0.1015625,,,,,,,,,,,1.0,1.0,,,,,7826,,,,0.0,,0.0,,0.0
,,,0.0,,0.1875,,,,,,,,,,,1.0,1.0,,,,,7827,,,,0.0,,0.0,,0.0
,,,0.04545454680919647,,0.5566037893295288,,,,,,,,,,,1.0,1.0,,,,,7828,,,,0.0,,0.0,,0.0
,,,0.0401785708963871,,1.0,,,,,,,,,,,1.0,1.0,,,,,7829,,,,0.0,,0.0,,0.0
,,,0.0513392873108387,,1.0,,,,,,,,,,,1.0,1.0,,,,,7830,,,,0.0,,0.0,,0.0
,,,0.046875,,0.9921875,,,,,,,,,,,1.0,1.0,,,,,7831,,,,0.0,,0.0,,0.0
,,,0.12666666507720947,,0.9240000247955322,,,,,,,,,,,1.0,1.0,,,,,7832,,,,0.0,,0.0,,0.0
,,,0.0848214253783226,,0.84375,,,,,,,,,,,1.0,1.0,,,,,7833,,,,0.0,,0.0,,0.0
,,,0.0747767835855484,,0.8046875,,,,,,,,,,,1.0,1.0,,,,,7834,,,,0.0,,0.0,,0.0
,,,0.07469654828310013,,0.8720821738243103,,,,,,,,,,,1.0,1.0,,,,,7835,,,,0.0,,0.0,,0.0
,,,0.0013020833721384406,,0.96875,,,,,,,,,,,1.0,1.0,,,,,7836,,,,0.0,,0.0,,0.0
,,,0.0052083334885537624,,0.9609375,,,,,,,,,,,1.0,1.0,,,,,7837,,,,0.0,,0.0,,0.0
,,,0.13852813839912415,,0.959956705570221,,,,,,,,,,,1.0,1.0,,,,,7838,,,,0.0,,0.0,,0.0
,,,0.1060267835855484,,1.0,,,,,,,,,,,1.0,1.0,,,,,7839,,,,0.0,,0.0,,0.0
,,,0.14687499403953552,,0.984375,,,,,,,,,,,1.0,1.0,,,,,7840,,,,0.0,,0.0,,0.0
,,,0.11691869795322418,,0.8013699054718018,,,,,,,,,,,1.0,1.0,,,,,7841,,,,0.0,,0.0,,0.0
,,,0.01227678544819355,,0.5703125,,,,,,,,,,,1.0,1.0,,,,,7842,,,,0.0,,0.0,,0.0
,,,0.0167410708963871,,0.609375,,,,,,,,,,,1.0,1.0,,,,,7843,,,,0.0,,0.0,,0.0
,,,0.033908046782016754,,0.7583743929862976,,,,,,,,,,,1.0,1.0,,,,,7844,,,,0.0,,0.0,,0.0
,,,0.015625,,0.8828125,,,,,,,,,,,1.0,1.0,,,,,7845,,,,0.0,,0.0,,0.0
,,,0.02031249925494194,,0.90625,,,,,,,,,,,1.0,1.0,,,,,7846,,,,0.0,,0.0,,0.0
,,,0.02253369241952896,,0.7374842762947083,,,,,,,,,,,1.0,1.0,,,,,7847,,,,0.0,,0.0,,0.0
,,,0.0052083334885537624,,0.5,,,,,,,,,,,1.0,1.0,,,,,7848,,,,0.0,,0.0,,0.0
,,,0.00390625,,0.5,,,,,,,,,,,1.0,1.0,,,,,7849,,,,0.0,,0.0,,0.0
,,,0.00147058826405555,,0.2879617214202881,,,,,,,,,,,1.0,1.0,,,,,7850,,,,0.0,,0.0,,0.0
,,,0.0,,0.0390625,,,,,,,,,,,1.0,1.0,,,,,7851,,,,0.0,,0.0,,0.0
,,,0.0,,0.03125,,,,,,,,,,,1.0,1.0,,,,,7852,,,,0.0,,0.0,,0.0
,,,0.006122448947280645,,0.435960590839386,,,,,,,,,,,1.0,1.0,,,,,7853,,,,0.0,,0.0,,0.0
,,,0.00390625,,0.6875,,,,,,,,,,,1.0,1.0,,,,,7854,,,,0.0,,0.0,,0.0
,,,0.004687500186264515,,0.6953125,,,,,,,,,,,1.0,1.0,,,,,7855,,,,0.0,,0.0,,0.0
,,,0.0,,0.4032297432422638,,,,,,,,,,,1.0,1.0,,,,,7856,,,,0.0,,0.0,,0.0
,,,0.0,,0.109375,,,,,,,,,,,1.0,1.0,,,,,7857,,,,0.0,,0.0,,0.0
,,,0.0,,0.140625,,,,,,,,,,,1.0,1.0,,,,,7858,,,,0.0,,0.0,,0.0
,,,0.04395604506134987,,0.5555555820465088,,,,,,,,,,,1.0,1.0,,,,,7859,,,,0.0,,0.0,,0.0
,,,0.0479910708963871,,0.9921875,,,,,,,,,,,1.0,1.0,,,,,7860,,,,0.0,,0.0,,0.0
,,,0.0479910708963871,,1.0,,,,,,,,,,,1.0,1.0,,,,,7861,,,,0.0,,0.0,,0.0
,,,0.18106061220169067,,0.949999988079071,,,,,,,,,,,1.0,1.0,,,,,7862,,,,0.0,,0.0,,0.0
,,,0.0881696417927742,,0.84375,,,,,,,,,,,1.0,1.0,,,,,7863,,,,0.0,,0.0,,0.0
,,,0.0792410746216774,,0.8046875,,,,,,,,,,,1.0,1.0,,,,,7864,,,,0.0,,0.0,,0.0
,,,0.0881458967924118,,0.9042553305625916,,,,,,,,,,,1.0,1.0,,,,,7865,,,,0.0,,0.0,,0.0
,,,0.0065104165114462376,,0.9453125,,,,,,,,,,,1.0,1.0,,,,,7866,,,,0.0,,0.0,,0.0
,,,0.0078125,,0.9609375,,,,,,,,,,,1.0,1.0,,,,,7867,,,,0.0,,0.0,,0.0
,,,0.0026041667442768812,,0.9609375,,,,,,,,,,,1.0,1.0,,,,,7868,,,,0.0,,0.0,,0.0
,,,0.11942257732152939,,0.9960629940032959,,,,,,,,,,,1.0,1.0,,,,,7869,,,,0.0,,0.0,,0.0
,,,0.1184895858168602,,0.9921875,,,,,,,,,,,1.0,1.0,,,,,7870,,,,0.0,,0.0,,0.0
,,,0.12109375,,0.9921875,,,,,,,,,,,1.0,1.0,,,,,7871,,,,0.0,,0.0,,0.0
,,,0.15613025426864624,,0.8017241358757019,,,,,,,,,,,1.0,1.0,,,,,7872,,,,0.0,,0.0,,0.0
,,,0.0107421875,,0.6015625,,,,,,,,,,,1.0,1.0,,,,,7873,,,,0.0,,0.0,,0.0
,,,0.01171875,,0.59375,,,,,,,,,,,1.0,1.0,,,,,7874,,,,0.0,,0.0,,0.0
,,,0.0333700031042099,,0.6875687837600708,,,,,,,,,,,1.0,1.0,,,,,7875,,,,0.0,,0.0,,0.0
,,,0.01692708395421505,,0.9375,,,,,,,,,,,1.0,1.0,,,,,7876,,,,0.0,,0.0,,0.0
,,,0.02083333395421505,,0.8984375,,,,,,,,,,,1.0,1.0,,,,,7877,,,,0.0,,0.0,,0.0
,,,0.02777777798473835,,0.671875,,,,,,,,,,,1.0,1.0,,,,,7878,,,,0.0,,0.0,,0.0
,,,0.001953125,,0.484375,,,,,,,,,,,1.0,1.0,,,,,7879,,,,0.0,,0.0,,0.0
,,,0.00390625,,0.578125,,,,,,,,,,,1.0,1.0,,,,,7880,,,,0.0,,0.0,,0.0
,,,0.0,,0.27934664487838745,,,,,,,,,,,1.0,1.0,,,,,7881,,,,0.0,,0.0,,0.0
,,,0.0,,0.0390625,,,,,,,,,,,1.0,1.0,,,,,7882,,,,0.0,,0.0,,0.0
,,,0.0,,0.0546875,,,,,,,,,,,1.0,1.0,,,,,7883,,,,0.0,,0.0,,0.0
,,,0.0019665684085339308,,0.389380544424057,,,,,,,,,,,1.0,1.0,,,,,7884,,,,0.0,,0.0,,0.0
,,,0.001953125,,0.7109375,,,,,,,,,,,1.0,1.0,,,,,7885,,,,0.0,,0.0,,0.0
,,,0.00390625,,0.671875,,,,,,,,,,,1.0,1.0,,,,,7886,,,,0.0,,0.0,,0.0
,,,0.0,,0.3510100841522217,,,,,,,,,,,1.0,1.0,,,,,7887,,,,0.0,,0.0,,0.0
,,,0.0,,0.1796875,,,,,,,,,,,1.0,1.0,,,,,7888,,,,0.0,,0.0,,0.0
,,,0.0,,0.1171875,,,,,,,,,,,1.0,1.0,,,,,7889,,,,0.0,,0.0,,0.0
,,,0.050264548510313034,,0.6000000238418579,,,,,,,,,,,1.0,1.0,,,,,7890,,,,0.0,,0.0,,0.0
,,,0.05078125,,1.0,,,,,,,,,,,1.0,1.0,,,,,7891,,,,0.0,,0.0,,0.0
,,,0.0419921875,,0.96875,,,,,,,,,,,1.0,1.0,,,,,7892,,,,0.0,,0.0,,0.0
,,,0.2153145968914032,,0.9216867685317993,,,,,,,,,,,1.0,1.0,,,,,7893,,,,0.0,,0.0,,0.0
,,,0.0837053582072258,,0.84375,,,,,,,,,,,1.0,1.0,,,,,7894,,,,0.0,,0.0,,0.0
,,,0.0770089253783226,,0.8515625,,,,,,,,,,,1.0,1.0,,,,,7895,,,,0.0,,0.0,,0.0
,,,0.09520171582698822,,0.8987777233123779,,,,,,,,,,,1.0,1.0,,,,,7896,,,,0.0,,0.0,,0.0
,,,0.005859375,,0.9609375,,,,,,,,,,,1.0,1.0,,,,,7897,,,,0.0,,0.0,,0.0
,,,0.0066964286379516125,,0.96875,,,,,,,,,,,1.0,1.0,,,,,7898,,,,0.0,,0.0,,0.0
,,,0.1138269305229187,,0.9648393988609314,,,,,,,,,,,1.0,1.0,,,,,7899,,,,0.0,,0.0,,0.0
,,,0.1060267835855484,,1.0,,,,,,,,,,,1.0,1.0,,,,,7900,,,,0.0,,0.0,,0.0
,,,0.109375,,0.9921875,,,,,,,,,,,1.0,1.0,,,,,7901,,,,0.0,,0.0,,0.0
,,,0.11672763526439667,,0.8335550427436829,,,,,,,,,,,1.0,1.0,,,,,7902,,,,0.0,,0.0,,0.0
,,,0.015625,,0.578125,,,,,,,,,,,1.0,1.0,,,,,7903,,,,0.0,,0.0,,0.0
,,,0.0078125,,0.6328125,,,,,,,,,,,1.0,1.0,,,,,7904,,,,0.0,,0.0,,0.0
,,,0.0412946417927742,,0.7366071343421936,,,,,,,,,,,1.0,1.0,,,,,7905,,,,0.0,,0.0,,0.0
,,,0.01227678544819355,,0.8984375,,,,,,,,,,,1.0,1.0,,,,,7906,,,,0.0,,0.0,,0.0
,,,0.01171875,,0.9296875,,,,,,,,,,,1.0,1.0,,,,,7907,,,,0.0,,0.0,,0.0
,,,0.03651903569698334,,0.7043511867523193,,,,,,,,,,,1.0,1.0,,,,,7908,,,,0.0,,0.0,,0.0
,,,0.0033482143189758062,,0.4609375,,,,,,,,,,,1.0,1.0,,,,,7909,,,,0.0,,0.0,,0.0
,,,0.0,,0.4921875,,,,,,,,,,,1.0,1.0,,,,,7910,,,,0.0,,0.0,,0.0
,,,0.0,,0.5669291615486145,,,,,,,,,,,1.0,1.0,,,,,7911,,,,0.0,,0.0,,0.0
85,0.13161879777908325,0.19442439079284668,,0.668523907661438,,,,,,,,,,,,,,61.910011291503906,417131.03125,4.1256818771362305,460.09222412109375,19005,,,0.0,,0.0,,0.0,
85,,,,,,1.51300847530365,,-17.78797149658203,,8.314515113830566,,,,,,,,,,,,19005,2.3844730854034424,,,,,,,
,,,,,,,,,,,,,,2.31540729300064e-05,0.03,,,,,,,19049,,,,,,,,
86,,,,,,,1.520382046699524,,-17.789836883544922,,8.421875,2.3139449695008807e-05,0.029999999329447746,,,1.0,1.0,,,,,19049,,2.2780909538269043,,,,,,
,,,,,,,,,,,,,,2.242829991527017e-05,0.03,,,,,,,19099,,,,,,,,
86,,,,,,,1.5003058910369873,,-17.789823532104492,,7.8515625,2.2413896658690646e-05,0.029999999329447746,,,1.0,1.0,,,,,19099,,2.42710542678833,,,,,,
,,,,,,,,,,,,,,2.171361432199094e-05,0.03,,,,,,,19149,,,,,,,,
86,,,,,,,1.5097622871398926,,-17.79374885559082,,8.203125,2.1699434000765905e-05,0.029999999329447746,,,1.0,1.0,,,,,19149,,2.618839740753174,,,,,,
,,,,,,,,,,,,,,2.101006072430723e-05,0.03,,,,,,,19199,,,,,,,,
86,,,,,,,1.5157856941223145,,-17.790246963500977,,8.3125,2.0996103557990864e-05,0.029999999329447746,,,1.0,1.0,,,,,19199,,2.4851911067962646,,,,,,
,,,0.0009765625,,0.171875,,,,,,,,,,,1.0,1.0,,,,,7912,,,,0.0,,0.0,,0.0
,,,0.0011160714784637094,,0.1640625,,,,,,,,,,,1.0,1.0,,,,,7913,,,,0.0,,0.0,,0.0
,,,0.04877154156565666,,0.6138613820075989,,,,,,,,,,,1.0,1.0,,,,,7914,,,,0.0,,0.0,,0.0
,,,0.08437500149011612,,1.0,,,,,,,,,,,1.0,1.0,,,,,7915,,,,0.0,,0.0,,0.0
,,,0.08906249701976776,,0.984375,,,,,,,,,,,1.0,1.0,,,,,7916,,,,0.0,,0.0,,0.0
,,,0.12087912857532501,,0.995192289352417,,,,,,,,,,,1.0,1.0,,,,,7917,,,,0.0,,0.0,,0.0
,,,0.0794270858168602,,0.9921875,,,,,,,,,,,1.0,1.0,,,,,7918,,,,0.0,,0.0,,0.0
,,,0.0846354141831398,,1.0,,,,,,,,,,,1.0,1.0,,,,,7919,,,,0.0,,0.0,,0.0
,,,0.04926624894142151,,0.49528300762176514,,,,,,,,,,,1.0,1.0,,,,,7920,,,,0.0,,0.0,,0.0
,,,0.0,,0.0,,,,,,,,,,,1.0,1.0,,,,,7921,,,,0.0,,0.0,,0.0
,,,0.0,,0.0,,,,,,,,,,,1.0,1.0,,,,,7922,,,,0.0,,0.0,,0.0
,,,0.0,,0.0,,,,,,,,,,,1.0,1.0,,,,,7923,,,,0.0,,0.0,,0.0
,,,0.04899999871850014,,0.29600000381469727,,,,,,,,,,,1.0,1.0,,,,,7924,,,,0.0,,0.0,,0.0
,,,0.046875,,0.5234375,,,,,,,,,,,1.0,1.0,,,,,7925,,,,0.0,,0.0,,0.0
,,,0.0435267873108387,,0.484375,,,,,,,,,,,1.0,1.0,,,,,7926,,,,0.0,,0.0,,0.0
,,,0.09710551798343658,,0.7735761404037476,,,,,,,,,,,1.0,1.0,,,,,7927,,,,0.0,,0.0,,0.0
,,,0.0401785708963871,,1.0,,,,,,,,,,,1.0,1.0,,,,,7928,,,,0.0,,0.0,,0.0
,,,0.05156249925494194,,0.984375,,,,,,,,,,,1.0,1.0,,,,,7929,,,,0.0,,0.0,,0.0
,,,0.03246753290295601,,0.9583333730697632,,,,,,,,,,,1.0,1.0,,,,,7930,,,,0.0,,0.0,,0.0
,,,0.02187499962747097,,0.9609375,,,,,,,,,,,1.0,1.0,,,,,7931,,,,0.0,,0.0,,0.0
,,,0.013392857275903225,,0.890625,,,,,,,,,,,1.0,1.0,,,,,7932,,,,0.0,,0.0,,0.0
,,,0.04106030985713005,,0.8220423460006714,,,,,,,,,,,1.0,1.0,,,,,7933,,,,0.0,,0.0,,0.0
,,,0.0390625,,0.7265625,,,,,,,,,,,1.0,1.0,,,,,7934,,,,0.0,,0.0,,0.0
,,,0.0322265625,,0.734375,,,,,,,,,,,1.0,1.0,,,,,7935,,,,0.0,,0.0,,0.0
,,,0.049014780670404434,,0.7637931108474731,,,,,,,,,,,1.0,1.0,,,,,7936,,,,0.0,,0.0,,0.0
,,,0.0065104165114462376,,0.8671875,,,,,,,,,,,1.0,1.0,,,,,7937,,,,0.0,,0.0,,0.0
,,,0.010044642724096775,,0.859375,,,,,,,,,,,1.0,1.0,,,,,7938,,,,0.0,,0.0,,0.0
,,,0.009999999776482582,,0.5670440196990967,,,,,,,,,,,1.0,1.0,,,,,7939,,,,0.0,,0.0,,0.0
,,,0.0013020833721384406,,0.28125,,,,,,,,,,,1.0,1.0,,,,,7940,,,,0.0,,0.0,,0.0
,,,0.0009765625,,0.296875,,,,,,,,,,,1.0,1.0,,,,,7941,,,,0.0,,0.0,,0.0
,,,0.0013071895809844136,,0.2459644377231598,,,,,,,,,,,1.0,1.0,,,,,7942,,,,0.0,,0.0,,0.0
,,,0.0,,0.125,,,,,,,,,,,1.0,1.0,,,,,7943,,,,0.0,,0.0,,0.0
,,,0.0,,0.1328125,,,,,,,,,,,1.0,1.0,,,,,7944,,,,0.0,,0.0,,0.0
,,,0.05036946013569832,,0.6379310488700867,,,,,,,,,,,1.0,1.0,,,,,7945,,,,0.0,,0.0,,0.0
,,,0.09062500298023224,,0.9921875,,,,,,,,,,,1.0,1.0,,,,,7946,,,,0.0,,0.0,,0.0
,,,0.09531249850988388,,1.0,,,,,,,,,,,1.0,1.0,,,,,7947,,,,0.0,,0.0,,0.0
,,,0.13971127569675446,,0.9843406081199646,,,,,,,,,,,1.0,1.0,,,,,7948,,,,0.0,,0.0,,0.0
,,,0.11406250298023224,,0.9921875,,,,,,,,,,,1.0,1.0,,,,,7949,,,,0.0,,0.0,,0.0
,,,0.0569196417927742,,1.0,,,,,,,,,,,1.0,1.0,,,,,7950,,,,0.0,,0.0,,0.0
,,,0.05291005223989487,,0.4920634925365448,,,,,,,,,,,1.0,1.0,,,,,7951,,,,0.0,,0.0,,0.0
,,,0.0,,0.0,,,,,,,,,,,1.0,1.0,,,,,7952,,,,0.0,,0.0,,0.0
,,,0.0,,0.0,,,,,,,,,,,1.0,1.0,,,,,7953,,,,0.0,,0.0,,0.0
,,,0.04444444552063942,,0.3125,,,,,,,,,,,1.0,1.0,,,,,7954,,,,0.0,,0.0,,0.0
,,,0.044921875,,0.53125,,,,,,,,,,,1.0,1.0,,,,,7955,,,,0.0,,0.0,,0.0
,,,0.03515625,,0.4921875,,,,,,,,,,,1.0,1.0,,,,,7956,,,,0.0,,0.0,,0.0
,,,0.0864473432302475,,0.767208993434906,,,,,,,,,,,1.0,1.0,,,,,7957,,,,0.0,,0.0,,0.0
,,,0.0390625,,1.0,,,,,,,,,,,1.0,1.0,,,,,7958,,,,0.0,,0.0,,0.0
,,,0.0533854179084301,,0.984375,,,,,,,,,,,1.0,1.0,,,,,7959,,,,0.0,,0.0,,0.0
,,,0.0234375,,0.9921875,,,,,,,,,,,1.0,1.0,,,,,7960,,,,0.0,,0.0,,0.0
,,,0.01312335953116417,,0.9527559280395508,,,,,,,,,,,1.0,1.0,,,,,7961,,,,0.0,,0.0,,0.0
,,,0.01692708395421505,,0.8828125,,,,,,,,,,,1.0,1.0,,,,,7962,,,,0.0,,0.0,,0.0
,,,0.015625,,0.9375,,,,,,,,,,,1.0,1.0,,,,,7963,,,,0.0,,0.0,,0.0
,,,0.03448275849223137,,0.7988505959510803,,,,,,,,,,,1.0,1.0,,,,,7964,,,,0.0,,0.0,,0.0
,,,0.0361328125,,0.7734375,,,,,,,,,,,1.0,1.0,,,,,7965,,,,0.0,,0.0,,0.0
,,,0.0345982126891613,,0.75,,,,,,,,,,,1.0,1.0,,,,,7966,,,,0.0,,0.0,,0.0
,,,0.04589030519127846,,0.7504583597183228,,,,,,,,,,,1.0,1.0,,,,,7967,,,,0.0,,0.0,,0.0
,,,0.01116071455180645,,0.8515625,,,,,,,,,,,1.0,1.0,,,,,7968,,,,0.0,,0.0,,0.0
,,,0.013392857275903225,,0.8828125,,,,,,,,,,,1.0,1.0,,,,,7969,,,,0.0,,0.0,,0.0
,,,0.01692708395421505,,0.609375,,,,,,,,,,,1.0,1.0,,,,,7970,,,,0.0,,0.0,,0.0
,,,0.0022321429569274187,,0.34375,,,,,,,,,,,1.0,1.0,,,,,7971,,,,0.0,,0.0,,0.0
,,,0.0008680555620230734,,0.3125,,,,,,,,,,,1.0,1.0,,,,,7972,,,,0.0,,0.0,,0.0
,,,0.0026455027982592583,,0.20681063830852509,,,,,,,,,,,1.0,1.0,,,,,7973,,,,0.0,,0.0,,0.0
,,,0.0009765625,,0.171875,,,,,,,,,,,1.0,1.0,,,,,7974,,,,0.0,,0.0,,0.0
,,,0.0009765625,,0.1796875,,,,,,,,,,,1.0,1.0,,,,,7975,,,,0.0,,0.0,,0.0
,,,0.06321112811565399,,0.5666666626930237,,,,,,,,,,,1.0,1.0,,,,,7976,,,,0.0,,0.0,,0.0
,,,0.07421875,,0.9921875,,,,,,,,,,,1.0,1.0,,,,,7977,,,,0.0,,0.0,,0.0
,,,0.0677083358168602,,0.9921875,,,,,,,,,,,1.0,1.0,,,,,7978,,,,0.0,,0.0,,0.0
,,,0.11885522305965424,,0.9909090995788574,,,,,,,,,,,1.0,1.0,,,,,7979,,,,0.0,,0.0,,0.0
,,,0.09687499701976776,,0.9921875,,,,,,,,,,,1.0,1.0,,,,,7980,,,,0.0,,0.0,,0.0
,,,0.0703125,,0.9921875,,,,,,,,,,,1.0,1.0,,,,,7981,,,,0.0,,0.0,,0.0
,,,0.04444444552063942,,0.5,,,,,,,,,,,1.0,1.0,,,,,7982,,,,0.0,,0.0,,0.0
,,,0.0,,0.0,,,,,,,,,,,1.0,1.0,,,,,7983,,,,0.0,,0.0,,0.0
,,,0.0,,0.0,,,,,,,,,,,1.0,1.0,,,,,7984,,,,0.0,,0.0,,0.0
,,,0.052710842341184616,,0.3313252925872803,,,,,,,,,,,1.0,1.0,,,,,7985,,,,0.0,,0.0,,0.0
,,,0.046875,,0.546875,,,,,,,,,,,1.0,1.0,,,,,7986,,,,0.0,,0.0,,0.0
,,,0.0412946417927742,,0.5078125,,,,,,,,,,,1.0,1.0,,,,,7987,,,,0.0,,0.0,,0.0
,,,0.08003202080726624,,0.7288005948066711,,,,,,,,,,,1.0,1.0,,,,,7988,,,,0.0,,0.0,,0.0
,,,0.0283203125,,1.0,,,,,,,,,,,1.0,1.0,,,,,7989,,,,0.0,,0.0,,0.0
,,,0.0390625,,0.9921875,,,,,,,,,,,1.0,1.0,,,,,7990,,,,0.0,,0.0,,0.0
,,,0.031100036576390266,,0.9404761791229248,,,,,,,,,,,1.0,1.0,,,,,7991,,,,0.0,,0.0,,0.0
,,,0.01171875,,0.953125,,,,,,,,,,,1.0,1.0,,,,,7992,,,,0.0,,0.0,,0.0
,,,0.02120535634458065,,0.9296875,,,,,,,,,,,1.0,1.0,,,,,7993,,,,0.0,,0.0,,0.0
,,,0.04845836013555527,,0.7929830551147461,,,,,,,,,,,1.0,1.0,,,,,7994,,,,0.0,,0.0,,0.0
,,,0.0424107126891613,,0.703125,,,,,,,,,,,1.0,1.0,,,,,7995,,,,0.0,,0.0,,0.0
,,,0.0357142873108387,,0.7421875,,,,,,,,,,,1.0,1.0,,,,,7996,,,,0.0,,0.0,,0.0
,,,0.06377550959587097,,0.78125,,,,,,,,,,,1.0,1.0,,,,,7997,,,,0.0,,0.0,,0.0
,,,0.014322916977107525,,0.8515625,,,,,,,,,,,1.0,1.0,,,,,7998,,,,0.0,,0.0,,0.0
,,,0.013392857275903225,,0.859375,,,,,,,,,,,1.0,1.0,,,,,7999,,,,0.0,,0.0,,0.0
,,,0.012820512987673283,,0.6588966846466064,,,,,,,,,,,1.0,1.0,,,,,8000,,,,0.0,,0.0,,0.0
,,,0.001953125,,0.3125,,,,,,,,,,,1.0,1.0,,,,,8001,,,,0.0,,0.0,,0.0
,,,0.0008680555620230734,,0.328125,,,,,,,,,,,1.0,1.0,,,,,8002,,,,0.0,,0.0,,0.0
,,,0.005249343812465668,,0.29133859276771545,,,,,,,,,,,1.0,1.0,,,,,8003,,,,0.0,,0.0,,0.0
86,0.13209934532642365,0.1935291588306427,,0.6497273445129395,,,,,,,,,,,,,,63.19459533691406,359986.125,4.146218776702881,458.6385803222656,19226,,,0.0,,0.0,,0.0,
86,,,,,,1.5139403343200684,,-17.786888122558594,,8.358915328979492,,,,,,,,,,,,19226,2.417731523513794,,,,,,,
,,,,,,,,,,,,,,2.031768300206744e-05,0.03,,,,,,,19249,,,,,,,,
87,,,,,,,1.5130047798156738,,-17.788057327270508,,8.21875,2.030394898611121e-05,0.029999999329447746,,,1.0,1.0,,,,,19249,,2.3596572875976562,,,,,,
,,,,,,,,,,,,,,1.963652433809326e-05,0.03,,,,,,,19299,,,,,,,,
87,,,,,,,1.5209254026412964,,-17.780378341674805,,8.3515625,1.9623015759862028e-05,0.029999999329447746,,,1.0,1.0,,,,,19299,,2.3229565620422363,,,,,,
,,,,,,,,,,,,,,1.8966627215486225e-05,0.03,,,,,,,19349,,,,,,,,
87,,,,,,,1.5154094696044922,,-17.79079818725586,,8.171875,1.89533438970102e-05,0.029999999329447746,,,1.0,1.0,,,,,19349,,2.273695945739746,,,,,,
,,,,,,,,,,,,,,1.830803341497815e-05,0.03,,,,,,,19399,,,,,,,,
87,,,,,,,1.5004386901855469,,-17.796144485473633,,7.890625,1.829497705330141e-05,0.029999999329447746,,,1.0,1.0,,,,,19399,,2.314736843109131,,,,,,
,,,0.009114583022892475,,0.515625,,,,,,,,,,,1.0,1.0,,,,,8004,,,,0.0,,0.0,,0.0
,,,0.0026041667442768812,,0.5859375,,,,,,,,,,,1.0,1.0,,,,,8005,,,,0.0,,0.0,,0.0
,,,0.0699792206287384,,0.7983131408691406,,,,,,,,,,,1.0,1.0,,,,,8006,,,,0.0,,0.0,,0.0
,,,0.0690104141831398,,1.0,,,,,,,,,,,1.0,1.0,,,,,8007,,,,0.0,,0.0,,0.0
,,,0.125,,0.96875,,,,,,,,,,,1.0,1.0,,,,,8008,,,,0.0,,0.0,,0.0
,,,0.23076923191547394,,1.0,,,,,,,,,,,1.0,1.0,,,,,8009,,,,0.0,,0.0,,0.0
,,,0.0911458358168602,,0.9921875,,,,,,,,,,,1.0,1.0,,,,,8010,,,,0.0,,0.0,,0.0
,,,0.09843750298023224,,1.0,,,,,,,,,,,1.0,1.0,,,,,8011,,,,0.0,,0.0,,0.0
,,,0.06700257211923599,,0.5994853973388672,,,,,,,,,,,1.0,1.0,,,,,8012,,,,0.0,,0.0,,0.0
,,,0.0,,0.1171875,,,,,,,,,,,1.0,1.0,,,,,8013,,,,0.0,,0.0,,0.0
,,,0.0011160714784637094,,0.1015625,,,,,,,,,,,1.0,1.0,,,,,8014,,,,0.0,,0.0,,0.0
,,,0.0,,0.1484375,,,,,,,,,,,1.0,1.0,,,,,8015,,,,0.0,,0.0,,0.0
,,,0.013000000268220901,,0.13600000739097595,,,,,,,,,,,1.0,1.0,,,,,8016,,,,0.0,,0.0,,0.0
,,,0.01227678544819355,,0.2421875,,,,,,,,,,,1.0,1.0,,,,,8017,,,,0.0,,0.0,,0.0
,,,0.02120535634458065,,0.2578125,,,,,,,,,,,1.0,1.0,,,,,8018,,,,0.0,,0.0,,0.0
,,,0.04828598350286484,,0.7222222089767456,,,,,,,,,,,1.0,1.0,,,,,8019,,,,0.0,,0.0,,0.0
,,,0.03515625,,0.9921875,,,,,,,,,,,1.0,1.0,,,,,8020,,,,0.0,,0.0,,0.0
,,,0.04531250149011612,,0.9921875,,,,,,,,,,,1.0,1.0,,,,,8021,,,,0.0,,0.0,,0.0
,,,0.03787878900766373,,0.9107142686843872,,,,,,,,,,,1.0,1.0,,,,,8022,,,,0.0,,0.0,,0.0
,,,0.0052083334885537624,,0.921875,,,,,,,,,,,1.0,1.0,,,,,8023,,,,0.0,,0.0,,0.0
,,,0.0065104165114462376,,0.78125,,,,,,,,,,,1.0,1.0,,,,,8024,,,,0.0,,0.0,,0.0
,,,0.07152345031499863,,0.860896646976471,,,,,,,,,,,1.0,1.0,,,,,8025,,,,0.0,,0.0,,0.0
,,,0.0419921875,,0.84375,,,,,,,,,,,1.0,1.0,,,,,8026,,,,0.0,,0.0,,0.0
,,,0.046875,,0.8203125,,,,,,,,,,,1.0,1.0,,,,,8027,,,,0.0,,0.0,,0.0
,,,0.0446428582072258,,0.5177339911460876,,,,,,,,,,,1.0,1.0,,,,,8028,,,,0.0,,0.0,,0.0
,,,0.0011160714784637094,,0.2421875,,,,,,,,,,,1.0,1.0,,,,,8029,,,,0.0,,0.0,,0.0
,,,0.0,,0.1875,,,,,,,,,,,1.0,1.0,,,,,8030,,,,0.0,,0.0,,0.0
,,,0.005674353335052729,,0.4285534620285034,,,,,,,,,,,1.0,1.0,,,,,8031,,,,0.0,,0.0,,0.0
,,,0.00390625,,0.484375,,,,,,,,,,,1.0,1.0,,,,,8032,,,,0.0,,0.0,,0.0
,,,0.0011160714784637094,,0.5390625,,,,,,,,,,,1.0,1.0,,,,,8033,,,,0.0,,0.0,,0.0
,,,0.007318741641938686,,0.5437756776809692,,,,,,,,,,,1.0,1.0,,,,,8034,,,,0.0,,0.0,,0.0
,,,0.00390625,,0.625,,,,,,,,,,,1.0,1.0,,,,,8035,,,,0.0,,0.0,,0.0
,,,0.0052083334885537624,,0.53125,,,,,,,,,,,1.0,1.0,,,,,8036,,,,0.0,,0.0,,0.0
,,,0.08579639345407486,,0.7859605550765991,,,,,,,,,,,1.0,1.0,,,,,8037,,,,0.0,,0.0,,0.0
,,,0.111328125,,0.984375,,,,,,,,,,,1.0,1.0,,,,,8038,,,,0.0,,0.0,,0.0
,,,0.123046875,,1.0,,,,,,,,,,,1.0,1.0,,,,,8039,,,,0.0,,0.0,,0.0
,,,0.17748960852622986,,0.9836065769195557,,,,,,,,,,,1.0,1.0,,,,,8040,,,,0.0,,0.0,,0.0
,,,0.09843750298023224,,0.9921875,,,,,,,,,,,1.0,1.0,,,,,8041,,,,0.0,,0.0,,0.0
,,,0.08984375,,0.984375,,,,,,,,,,,1.0,1.0,,,,,8042,,,,0.0,,0.0,,0.0
,,,0.051526252180337906,,0.5997558236122131,,,,,,,,,,,1.0,1.0,,,,,8043,,,,0.0,,0.0,,0.0
,,,0.0,,0.1484375,,,,,,,,,,,1.0,1.0,,,,,8044,,,,0.0,,0.0,,0.0
,,,0.0,,0.1484375,,,,,,,,,,,1.0,1.0,,,,,8045,,,,0.0,,0.0,,0.0
,,,0.013888888992369175,,0.2545454502105713,,,,,,,,,,,1.0,1.0,,,,,8046,,,,0.0,,0.0,,0.0
,,,0.0126953125,,0.2578125,,,,,,,,,,,1.0,1.0,,,,,8047,,,,0.0,,0.0,,0.0
,,,0.010044642724096775,,0.234375,,,,,,,,,,,1.0,1.0,,,,,8048,,,,0.0,,0.0,,0.0
,,,0.0361563041806221,,0.6489361524581909,,,,,,,,,,,1.0,1.0,,,,,8049,,,,0.0,,0.0,,0.0
,,,0.03515625,,1.0,,,,,,,,,,,1.0,1.0,,,,,8050,,,,0.0,,0.0,,0.0
,,,0.02678571455180645,,0.984375,,,,,,,,,,,1.0,1.0,,,,,8051,,,,0.0,,0.0,,0.0
,,,0.03125,,1.0,,,,,,,,,,,1.0,1.0,,,,,8052,,,,0.0,,0.0,,0.0
,,,0.0015748031437397003,,0.9094488620758057,,,,,,,,,,,1.0,1.0,,,,,8053,,,,0.0,,0.0,,0.0
,,,0.004464285913854837,,0.8125,,,,,,,,,,,1.0,1.0,,,,,8054,,,,0.0,,0.0,,0.0
,,,0.0062500000931322575,,0.8203125,,,,,,,,,,,1.0,1.0,,,,,8055,,,,0.0,,0.0,,0.0
,,,0.058908045291900635,,0.9008620977401733,,,,,,,,,,,1.0,1.0,,,,,8056,,,,0.0,,0.0,,0.0
,,,0.0458984375,,0.8671875,,,,,,,,,,,1.0,1.0,,,,,8057,,,,0.0,,0.0,,0.0
,,,0.0458984375,,0.828125,,,,,,,,,,,1.0,1.0,,,,,8058,,,,0.0,,0.0,,0.0
,,,0.042328041046857834,,0.5830582976341248,,,,,,,,,,,1.0,1.0,,,,,8059,,,,0.0,,0.0,,0.0
,,,0.0,,0.25,,,,,,,,,,,1.0,1.0,,,,,8060,,,,0.0,,0.0,,0.0
,,,0.0,,0.2265625,,,,,,,,,,,1.0,1.0,,,,,8061,,,,0.0,,0.0,,0.0
,,,0.0057870373129844666,,0.4010416567325592,,,,,,,,,,,1.0,1.0,,,,,8062,,,,0.0,,0.0,,0.0
,,,0.0033482143189758062,,0.5234375,,,,,,,,,,,1.0,1.0,,,,,8063,,,,0.0,,0.0,,0.0
,,,0.00390625,,0.5703125,,,,,,,,,,,1.0,1.0,,,,,8064,,,,0.0,,0.0,,0.0
,,,0.008859357796609402,,0.5531561374664307,,,,,,,,,,,1.0,1.0,,,,,8065,,,,0.0,,0.0,,0.0
,,,0.00390625,,0.6796875,,,,,,,,,,,1.0,1.0,,,,,8066,,,,0.0,,0.0,,0.0
,,,0.005580357275903225,,0.609375,,,,,,,,,,,1.0,1.0,,,,,8067,,,,0.0,,0.0,,0.0
,,,0.09474926441907883,,0.7622418999671936,,,,,,,,,,,1.0,1.0,,,,,8068,,,,0.0,,0.0,,0.0
,,,0.107421875,,0.984375,,,,,,,,,,,1.0,1.0,,,,,8069,,,,0.0,,0.0,,0.0
,,,0.08906249701976776,,0.9921875,,,,,,,,,,,1.0,1.0,,,,,8070,,,,0.0,,0.0,,0.0
,,,0.2613636255264282,,0.9722222089767456,,,,,,,,,,,1.0,1.0,,,,,8071,,,,0.0,,0.0,,0.0
,,,0.0872395858168602,,0.9921875,,,,,,,,,,,1.0,1.0,,,,,8072,,,,0.0,,0.0,,0.0
,,,0.09375,,0.9921875,,,,,,,,,,,1.0,1.0,,,,,8073,,,,0.0,,0.0,,0.0
,,,0.05132275074720383,,0.5648148059844971,,,,,,,,,,,1.0,1.0,,,,,8074,,,,0.0,,0.0,,0.0
,,,0.0,,0.1875,,,,,,,,,,,1.0,1.0,,,,,8075,,,,0.0,,0.0,,0.0
,,,0.0009765625,,0.171875,,,,,,,,,,,1.0,1.0,,,,,8076,,,,0.0,,0.0,,0.0
,,,0.016566265374422073,,0.2918339967727661,,,,,,,,,,,1.0,1.0,,,,,8077,,,,0.0,,0.0,,0.0
,,,0.01128472201526165,,0.234375,,,,,,,,,,,1.0,1.0,,,,,8078,,,,0.0,,0.0,,0.0
,,,0.013888888992369175,,0.2734375,,,,,,,,,,,1.0,1.0,,,,,8079,,,,0.0,,0.0,,0.0
,,,0.04183491691946983,,0.6372548937797546,,,,,,,,,,,1.0,1.0,,,,,8080,,,,0.0,,0.0,,0.0
,,,0.03593749925494194,,0.9921875,,,,,,,,,,,1.0,1.0,,,,,8081,,,,0.0,,0.0,,0.0
,,,0.02566964365541935,,0.9921875,,,,,,,,,,,1.0,1.0,,,,,8082,,,,0.0,,0.0,,0.0
,,,0.04197120666503906,,0.8928571343421936,,,,,,,,,,,1.0,1.0,,,,,8083,,,,0.0,,0.0,,0.0
,,,0.0052083334885537624,,0.84375,,,,,,,,,,,1.0,1.0,,,,,8084,,,,0.0,,0.0,,0.0
,,,0.0011160714784637094,,0.8359375,,,,,,,,,,,1.0,1.0,,,,,8085,,,,0.0,,0.0,,0.0
,,,0.0677308514714241,,0.8581643104553223,,,,,,,,,,,1.0,1.0,,,,,8086,,,,0.0,,0.0,,0.0
,,,0.0513392873108387,,0.8359375,,,,,,,,,,,1.0,1.0,,,,,8087,,,,0.0,,0.0,,0.0
,,,0.048828125,,0.84375,,,,,,,,,,,1.0,1.0,,,,,8088,,,,0.0,,0.0,,0.0
,,,0.0396825410425663,,0.6294642686843872,,,,,,,,,,,1.0,1.0,,,,,8089,,,,0.0,,0.0,,0.0
,,,0.0,,0.3046875,,,,,,,,,,,1.0,1.0,,,,,8090,,,,0.0,,0.0,,0.0
,,,0.0011160714784637094,,0.2421875,,,,,,,,,,,1.0,1.0,,,,,8091,,,,0.0,,0.0,,0.0
,,,0.011363636702299118,,0.37956488132476807,,,,,,,,,,,1.0,1.0,,,,,8092,,,,0.0,,0.0,,0.0
,,,0.0029296875,,0.515625,,,,,,,,,,,1.0,1.0,,,,,8093,,,,0.0,,0.0,,0.0
,,,0.004464285913854837,,0.4921875,,,,,,,,,,,1.0,1.0,,,,,8094,,,,0.0,,0.0,,0.0
,,,0.007874015718698502,,0.5433070659637451,,,,,,,,,,,1.0,1.0,,,,,8095,,,,0.0,,0.0,,0.0
87,0.1292380690574646,0.17139795422554016,,0.6435776352882385,,,,,,,,,,,,,,63.346229553222656,376216.1875,4.14861536026001,458.5661926269531,19447,,,0.0,,0.0,,0.0,
87,,,,,,1.5118829011917114,,-17.789302825927734,,8.2699556350708,,,,,,,,,,,,19447,2.4159884452819824,,,,,,,
,,,,,,,,,,,,,,1.766078401232535e-05,0.03,,,,,,,19449,,,,,,,,
88,,,,,,,1.505394458770752,,-17.793807983398438,,7.91015625,1.7647955246502534e-05,0.029999999329447746,,,1.0,1.0,,,,,19449,,2.485971450805664,,,,,,
,,,,,,,,,,,,,,1.70249193757468e-05,0.03,,,,,,,19499,,,,,,,,
88,,,,,,,1.4938106536865234,,-17.79378890991211,,7.75,1.7012318494380452e-05,0.029999999329447746,,,1.0,1.0,,,,,19499,,2.5603294372558594,,,,,,
,,,,,,,,,,,,,,1.6400479163406417e-05,0.03,,,,,,,19549,,,,,,,,
88,,,,,,,1.4932610988616943,,-17.785888671875,,7.61328125,1.638810681470204e-05,0.029999999329447746,,,1.0,1.0,,,,,19549,,2.3694844245910645,,,,,,
,,,,,,,,,,,,,,1.578750232093956e-05,0.03,,,,,,,19599,,,,,,,,
88,,,,,,,1.514124870300293,,-17.791900634765625,,8.453125,1.577536022523418e-05,0.029999999329447746,,,1.0,1.0,,,,,19599,,2.5775508880615234,,,,,,
,,,,,,,,,,,,,,1.5186027079024056e-05,0.03,,,,,,,19649,,,,,,,,
88,,,,,,,1.509903907775879,,-17.78783416748047,,8.0703125,1.517411510576494e-05,0.029999999329447746,,,1.0,1.0,,,,,19649,,2.3586337566375732,,,,,,
,,,0.0377604179084301,,0.890625,,,,,,,,,,,1.0,1.0,,,,,8096,,,,0.0,,0.0,,0.0
,,,0.02864583395421505,,0.859375,,,,,,,,,,,1.0,1.0,,,,,8097,,,,0.0,,0.0,,0.0
,,,0.1441144049167633,,0.936927080154419,,,,,,,,,,,1.0,1.0,,,,,8098,,,,0.0,,0.0,,0.0
,,,0.0846354141831398,,0.9609375,,,,,,,,,,,1.0,1.0,,,,,8099,,,,0.0,,0.0,,0.0
,,,0.0872395858168602,,0.9921875,,,,,,,,,,,1.0,1.0,,,,,8100,,,,0.0,,0.0,,0.0
,,,0.07417582720518112,,0.4951923191547394,,,,,,,,,,,1.0,1.0,,,,,8101,,,,0.0,,0.0,,0.0
,,,0.0,,0.046875,,,,,,,,,,,1.0,1.0,,,,,8102,,,,0.0,,0.0,,0.0
,,,0.0,,0.015625,,,,,,,,,,,1.0,1.0,,,,,8103,,,,0.0,,0.0,,0.0
,,,0.0,,0.4867066740989685,,,,,,,,,,,1.0,1.0,,,,,8104,,,,0.0,,0.0,,0.0
,,,0.0323660708963871,,0.96875,,,,,,,,,,,1.0,1.0,,,,,8105,,,,0.0,,0.0,,0.0
,,,0.0364583320915699,,0.96875,,,,,,,,,,,1.0,1.0,,,,,8106,,,,0.0,,0.0,,0.0
,,,0.02604166604578495,,0.9765625,,,,,,,,,,,1.0,1.0,,,,,8107,,,,0.0,,0.0,,0.0
,,,0.1608888953924179,,0.9440000057220459,,,,,,,,,,,1.0,1.0,,,,,8108,,,,0.0,,0.0,,0.0
,,,0.0770089253783226,,0.8984375,,,,,,,,,,,1.0,1.0,,,,,8109,,,,0.0,,0.0,,0.0
,,,0.0792410746216774,,0.828125,,,,,,,,,,,1.0,1.0,,,,,8110,,,,0.0,,0.0,,0.0
,,,0.095238097012043,,0.3888888955116272,,,,,,,,,,,1.0,1.0,,,,,8111,,,,0.0,,0.0,,0.0
,,,0.0,,0.0,,,,,,,,,,,1.0,1.0,,,,,8112,,,,0.0,,0.0,,0.0
,,,0.0,,0.0,,,,,,,,,,,1.0,1.0,,,,,8113,,,,0.0,,0.0,,0.0
,,,0.028911564499139786,,0.4464285671710968,,,,,,,,,,,1.0,1.0,,,,,8114,,,,0.0,,0.0,,0.0
,,,0.0401785708963871,,0.96875,,,,,,,,,,,1.0,1.0,,,,,8115,,,,0.0,,0.0,,0.0
,,,0.0338541679084301,,0.90625,,,,,,,,,,,1.0,1.0,,,,,8116,,,,0.0,,0.0,,0.0
,,,0.1177251935005188,,0.965753436088562,,,,,,,,,,,1.0,1.0,,,,,8117,,,,0.0,,0.0,,0.0
,,,0.0747767835855484,,0.9140625,,,,,,,,,,,1.0,1.0,,,,,8118,,,,0.0,,0.0,,0.0
,,,0.09375,,0.9296875,,,,,,,,,,,1.0,1.0,,,,,8119,,,,0.0,,0.0,,0.0
,,,0.05714285746216774,,0.4714285731315613,,,,,,,,,,,1.0,1.0,,,,,8120,,,,0.0,,0.0,,0.0
,,,0.0,,0.0,,,,,,,,,,,1.0,1.0,,,,,8121,,,,0.0,,0.0,,0.0
,,,0.0,,0.0,,,,,,,,,,,1.0,1.0,,,,,8122,,,,0.0,,0.0,,0.0
,,,0.0,,0.30188679695129395,,,,,,,,,,,1.0,1.0,,,,,8123,,,,0.0,,0.0,,0.0
,,,0.0022321429569274187,,0.46875,,,,,,,,,,,1.0,1.0,,,,,8124,,,,0.0,,0.0,,0.0
,,,0.0033482143189758062,,0.515625,,,,,,,,,,,1.0,1.0,,,,,8125,,,,0.0,,0.0,,0.0
,,,0.03322259336709976,,0.7124487161636353,,,,,,,,,,,1.0,1.0,,,,,8126,,,,0.0,,0.0,,0.0
,,,0.0377604179084301,,0.8984375,,,,,,,,,,,1.0,1.0,,,,,8127,,,,0.0,,0.0,,0.0
,,,0.0338541679084301,,0.875,,,,,,,,,,,1.0,1.0,,,,,8128,,,,0.0,,0.0,,0.0
,,,0.15361247956752777,,0.9197044372558594,,,,,,,,,,,1.0,1.0,,,,,8129,,,,0.0,,0.0,,0.0
,,,0.0846354141831398,,0.953125,,,,,,,,,,,1.0,1.0,,,,,8130,,,,0.0,,0.0,,0.0
,,,0.0885416641831398,,0.9765625,,,,,,,,,,,1.0,1.0,,,,,8131,,,,0.0,,0.0,,0.0
,,,0.07728337496519089,,0.49926596879959106,,,,,,,,,,,1.0,1.0,,,,,8132,,,,0.0,,0.0,,0.0
,,,0.0,,0.0234375,,,,,,,,,,,1.0,1.0,,,,,8133,,,,0.0,,0.0,,0.0
,,,0.0,,0.0390625,,,,,,,,,,,1.0,1.0,,,,,8134,,,,0.0,,0.0,,0.0
,,,0.02500000037252903,,0.5081807374954224,,,,,,,,,,,1.0,1.0,,,,,8135,,,,0.0,,0.0,,0.0
,,,0.0368303582072258,,0.953125,,,,,,,,,,,1.0,1.0,,,,,8136,,,,0.0,,0.0,,0.0
,,,0.02734375,,0.96875,,,,,,,,,,,1.0,1.0,,,,,8137,,,,0.0,,0.0,,0.0
,,,0.13257575035095215,,0.9579545259475708,,,,,,,,,,,1.0,1.0,,,,,8138,,,,0.0,,0.0,,0.0
,,,0.08984375,,0.875,,,,,,,,,,,1.0,1.0,,,,,8139,,,,0.0,,0.0,,0.0
,,,0.0747767835855484,,0.921875,,,,,,,,,,,1.0,1.0,,,,,8140,,,,0.0,,0.0,,0.0
,,,0.07294832915067673,,0.42553192377090454,,,,,,,,,,,1.0,1.0,,,,,8141,,,,0.0,,0.0,,0.0
,,,0.0,,0.0,,,,,,,,,,,1.0,1.0,,,,,8142,,,,0.0,,0.0,,0.0
,,,0.0,,0.0,,,,,,,,,,,1.0,1.0,,,,,8143,,,,0.0,,0.0,,0.0
,,,0.0,,0.0,,,,,,,,,,,1.0,1.0,,,,,8144,,,,0.0,,0.0,,0.0
,,,0.038245219737291336,,0.4566929042339325,,,,,,,,,,,1.0,1.0,,,,,8145,,,,0.0,,0.0,,0.0
,,,0.03125,,0.9296875,,,,,,,,,,,1.0,1.0,,,,,8146,,,,0.0,,0.0,,0.0
,,,0.04296875,,0.9609375,,,,,,,,,,,1.0,1.0,,,,,8147,,,,0.0,,0.0,,0.0
,,,0.11063218116760254,,0.9482758641242981,,,,,,,,,,,1.0,1.0,,,,,8148,,,,0.0,,0.0,,0.0
,,,0.0680803582072258,,0.9453125,,,,,,,,,,,1.0,1.0,,,,,8149,,,,0.0,,0.0,,0.0
,,,0.0703125,,0.953125,,,,,,,,,,,1.0,1.0,,,,,8150,,,,0.0,,0.0,,0.0
,,,0.0634920671582222,,0.4444444477558136,,,,,,,,,,,1.0,1.0,,,,,8151,,,,0.0,,0.0,,0.0
,,,0.0,,0.0,,,,,,,,,,,1.0,1.0,,,,,8152,,,,0.0,,0.0,,0.0
,,,0.0,,0.0,,,,,,,,,,,1.0,1.0,,,,,8153,,,,0.0,,0.0,,0.0
,,,0.0,,0.28125,,,,,,,,,,,1.0,1.0,,,,,8154,,,,0.0,,0.0,,0.0
,,,0.0022321429569274187,,0.5234375,,,,,,,,,,,1.0,1.0,,,,,8155,,,,0.0,,0.0,,0.0
,,,0.0022321429569274187,,0.421875,,,,,,,,,,,1.0,1.0,,,,,8156,,,,0.0,,0.0,,0.0
,,,0.023255813866853714,,0.6979513168334961,,,,,,,,,,,1.0,1.0,,,,,8157,,,,0.0,,0.0,,0.0
,,,0.0403645820915699,,0.921875,,,,,,,,,,,1.0,1.0,,,,,8158,,,,0.0,,0.0,,0.0
,,,0.0338541679084301,,0.890625,,,,,,,,,,,1.0,1.0,,,,,8159,,,,0.0,,0.0,,0.0
,,,0.1306784749031067,,0.9156342148780823,,,,,,,,,,,1.0,1.0,,,,,8160,,,,0.0,,0.0,,0.0
,,,0.0794270858168602,,0.9609375,,,,,,,,,,,1.0,1.0,,,,,8161,,,,0.0,,0.0,,0.0
,,,0.0714285746216774,,0.9921875,,,,,,,,,,,1.0,1.0,,,,,8162,,,,0.0,,0.0,,0.0
,,,0.0793650820851326,,0.5409091114997864,,,,,,,,,,,1.0,1.0,,,,,8163,,,,0.0,,0.0,,0.0
,,,0.0,,0.0234375,,,,,,,,,,,1.0,1.0,,,,,8164,,,,0.0,,0.0,,0.0
,,,0.0,,0.0234375,,,,,,,,,,,1.0,1.0,,,,,8165,,,,0.0,,0.0,,0.0
,,,0.03125,,0.47685185074806213,,,,,,,,,,,1.0,1.0,,,,,8166,,,,0.0,,0.0,,0.0
,,,0.0455729179084301,,0.984375,,,,,,,,,,,1.0,1.0,,,,,8167,,,,0.0,,0.0,,0.0
,,,0.0338541679084301,,0.984375,,,,,,,,,,,1.0,1.0,,,,,8168,,,,0.0,,0.0,,0.0
,,,0.14176706969738007,,0.9638553857803345,,,,,,,,,,,1.0,1.0,,,,,8169,,,,0.0,,0.0,,0.0
,,,0.0792410746216774,,0.8828125,,,,,,,,,,,1.0,1.0,,,,,8170,,,,0.0,,0.0,,0.0
,,,0.0859375,,0.875,,,,,,,,,,,1.0,1.0,,,,,8171,,,,0.0,,0.0,,0.0
,,,0.07282913476228714,,0.4019607901573181,,,,,,,,,,,1.0,1.0,,,,,8172,,,,0.0,,0.0,,0.0
,,,0.0,,0.0,,,,,,,,,,,1.0,1.0,,,,,8173,,,,0.0,,0.0,,0.0
,,,0.0,,0.0,,,,,,,,,,,1.0,1.0,,,,,8174,,,,0.0,,0.0,,0.0
,,,0.05442177131772041,,0.4642857015132904,,,,,,,,,,,1.0,1.0,,,,,8175,,,,0.0,,0.0,,0.0
,,,0.04296875,,0.9453125,,,,,,,,,,,1.0,1.0,,,,,8176,,,,0.0,,0.0,,0.0
,,,0.0357142873108387,,0.9296875,,,,,,,,,,,1.0,1.0,,,,,8177,,,,0.0,,0.0,,0.0
,,,0.10791486501693726,,0.9639174938201904,,,,,,,,,,,1.0,1.0,,,,,8178,,,,0.0,,0.0,,0.0
,,,0.078125,,0.9140625,,,,,,,,,,,1.0,1.0,,,,,8179,,,,0.0,,0.0,,0.0
,,,0.0846354141831398,,0.9609375,,,,,,,,,,,1.0,1.0,,,,,8180,,,,0.0,,0.0,,0.0
,,,0.06632652878761292,,0.4732142984867096,,,,,,,,,,,1.0,1.0,,,,,8181,,,,0.0,,0.0,,0.0
,,,0.0,,0.0,,,,,,,,,,,1.0,1.0,,,,,8182,,,,0.0,,0.0,,0.0
,,,0.0,,0.0,,,,,,,,,,,1.0,1.0,,,,,8183,,,,0.0,,0.0,,0.0
,,,0.0,,0.22727273404598236,,,,,,,,,,,1.0,1.0,,,,,8184,,,,0.0,,0.0,,0.0
,,,0.0022321429569274187,,0.5078125,,,,,,,,,,,1.0,1.0,,,,,8185,,,,0.0,,0.0,,0.0
,,,0.0011160714784637094,,0.4375,,,,,,,,,,,1.0,1.0,,,,,8186,,,,0.0,,0.0,,0.0
,,,0.003374578198418021,,0.4881889820098877,,,,,,,,,,,1.0,1.0,,,,,8187,,,,0.0,,0.0,,0.0
88,0.1313818097114563,0.22453489899635315,,0.611333966255188,,,,,,,,,,,,,,63.67368698120117,383893.84375,4.15377140045166,458.4636535644531,19668,,,0.0,,0.0,,0.0,
88,,,,,,1.510833740234375,,-17.78981590270996,,8.217477798461914,,,,,,,,,,,,19668,2.444580078125,,,,,,,
,,,,,,,,,,,,,,1.4596090950995787e-05,0.03,,,,,,,19699,,,,,,,,
89,,,,,,,1.5116369724273682,,-17.786392211914062,,8.2734375,1.4584410564566497e-05,0.029999999329447746,,,1.0,1.0,,,,,19699,,2.247190475463867,,,,,,
,,,,,,,,,,,,,,1.4017730730509154e-05,0.03,,,,,,,19749,,,,,,,,
89,,,,,,,1.496659517288208,,-17.792057037353516,,7.87109375,1.4006282071932219e-05,0.029999999329447746,,,1.0,1.0,,,,,19749,,2.1732795238494873,,,,,,
,,,,,,,,,,,,,,1.3450982489242123e-05,0.03,,,,,,,19799,,,,,,,,
89,,,,,,,1.500897765159607,,-17.80447769165039,,7.80078125,1.3439766007650178e-05,0.029999999329447746,,,1.0,1.0,,,,,19799,,2.6006531715393066,,,,,,
,,,,,,,,,,,,,,1.289588157464651e-05,0.03,,,,,,,19849,,,,,,,,
89,,,,,,,1.498621940612793,,-17.795658111572266,,7.86328125,1.2884898751508445e-05,0.029999999329447746,,,1.0,1.0,,,,,19849,,2.5871224403381348,,,,,,
,,,0.0066964286379516125,,0.6640625,,,,,,,,,,,1.0,1.0,,,,,8188,,,,0.0,,0.0,,0.0
,,,0.001953125,,0.6171875,,,,,,,,,,,1.0,1.0,,,,,8189,,,,0.0,,0.0,,0.0
,,,0.0037128713447600603,,0.3366336524486542,,,,,,,,,,,1.0,1.0,,,,,8190,,,,0.0,,0.0,,0.0
,,,0.0,,0.0,,,,,,,,,,,1.0,1.0,,,,,8191,,,,0.0,,0.0,,0.0
,,,0.0,,0.0078125,,,,,,,,,,,1.0,1.0,,,,,8192,,,,0.0,,0.0,,0.0
,,,0.095238097012043,,0.5,,,,,,,,,,,1.0,1.0,,,,,8193,,,,0.0,,0.0,,0.0
,,,0.1119791641831398,,1.0,,,,,,,,,,,1.0,1.0,,,,,8194,,,,0.0,,0.0,,0.0
,,,0.1041666641831398,,0.9921875,,,,,,,,,,,1.0,1.0,,,,,8195,,,,0.0,,0.0,,0.0
,,,0.08466062694787979,,0.9952830076217651,,,,,,,,,,,1.0,1.0,,,,,8196,,,,0.0,,0.0,,0.0
,,,0.02083333395421505,,0.9921875,,,,,,,,,,,1.0,1.0,,,,,8197,,,,0.0,,0.0,,0.0
,,,0.02120535634458065,,0.9765625,,,,,,,,,,,1.0,1.0,,,,,8198,,,,0.0,,0.0,,0.0
,,,0.02120535634458065,,0.9765625,,,,,,,,,,,1.0,1.0,,,,,8199,,,,0.0,,0.0,,0.0
,,,0.12304762005805969,,0.9440000057220459,,,,,,,,,,,1.0,1.0,,,,,8200,,,,0.0,,0.0,,0.0
,,,0.0747767835855484,,0.875,,,,,,,,,,,1.0,1.0,,,,,8201,,,,0.0,,0.0,,0.0
,,,0.0758928582072258,,0.8671875,,,,,,,,,,,1.0,1.0,,,,,8202,,,,0.0,,0.0,,0.0
,,,0.0793650820851326,,0.3888888955116272,,,,,,,,,,,1.0,1.0,,,,,8203,,,,0.0,,0.0,,0.0
,,,0.0,,0.0,,,,,,,,,,,1.0,1.0,,,,,8204,,,,0.0,,0.0,,0.0
,,,0.0,,0.0,,,,,,,,,,,1.0,1.0,,,,,8205,,,,0.0,,0.0,,0.0
,,,0.069444440305233,,0.488095223903656,,,,,,,,,,,1.0,1.0,,,,,8206,,,,0.0,,0.0,,0.0
,,,0.0546875,,0.9921875,,,,,,,,,,,1.0,1.0,,,,,8207,,,,0.0,,0.0,,0.0
,,,0.0651041641831398,,0.9609375,,,,,,,,,,,1.0,1.0,,,,,8208,,,,0.0,,0.0,,0.0
,,,0.0682440847158432,,0.7739726305007935,,,,,,,,,,,1.0,1.0,,,,,8209,,,,0.0,,0.0,,0.0
,,,0.009765625,,0.5859375,,,,,,,,,,,1.0,1.0,,,,,8210,,,,0.0,,0.0,,0.0
,,,0.01785714365541935,,0.5234375,,,,,,,,,,,1.0,1.0,,,,,8211,,,,0.0,,0.0,,0.0
,,,0.011083744466304779,,0.45541873574256897,,,,,,,,,,,1.0,1.0,,,,,8212,,,,0.0,,0.0,,0.0
,,,0.0,,0.3671875,,,,,,,,,,,1.0,1.0,,,,,8213,,,,0.0,,0.0,,0.0
,,,0.0,,0.3125,,,,,,,,,,,1.0,1.0,,,,,8214,,,,0.0,,0.0,,0.0
,,,0.013459119945764542,,0.6583647727966309,,,,,,,,,,,1.0,1.0,,,,,8215,,,,0.0,,0.0,,0.0
,,,0.03593749925494194,,0.9453125,,,,,,,,,,,1.0,1.0,,,,,8216,,,,0.0,,0.0,,0.0
,,,0.02213541604578495,,0.921875,,,,,,,,,,,1.0,1.0,,,,,8217,,,,0.0,,0.0,,0.0
,,,0.03353527560830116,,0.8603283166885376,,,,,,,,,,,1.0,1.0,,,,,8218,,,,0.0,,0.0,,0.0
,,,0.004464285913854837,,0.65625,,,,,,,,,,,1.0,1.0,,,,,8219,,,,0.0,,0.0,,0.0
,,,0.0,,0.65625,,,,,,,,,,,1.0,1.0,,,,,8220,,,,0.0,,0.0,,0.0
,,,0.0021551724057644606,,0.32758620381355286,,,,,,,,,,,1.0,1.0,,,,,8221,,,,0.0,,0.0,,0.0
,,,0.0,,0.0,,,,,,,,,,,1.0,1.0,,,,,8222,,,,0.0,,0.0,,0.0
,,,0.0,,0.015625,,,,,,,,,,,1.0,1.0,,,,,8223,,,,0.0,,0.0,,0.0
,,,0.09452736377716064,,0.5,,,,,,,,,,,1.0,1.0,,,,,8224,,,,0.0,,0.0,,0.0
,,,0.09375,,1.0,,,,,,,,,,,1.0,1.0,,,,,8225,,,,0.0,,0.0,,0.0
,,,0.13124999403953552,,0.9921875,,,,,,,,,,,1.0,1.0,,,,,8226,,,,0.0,,0.0,,0.0
,,,0.10821559280157089,,0.9920635223388672,,,,,,,,,,,1.0,1.0,,,,,8227,,,,0.0,,0.0,,0.0
,,,0.02968749962747097,,1.0,,,,,,,,,,,1.0,1.0,,,,,8228,,,,0.0,,0.0,,0.0
,,,0.02213541604578495,,0.984375,,,,,,,,,,,1.0,1.0,,,,,8229,,,,0.0,,0.0,,0.0
,,,0.12689393758773804,,0.9761363863945007,,,,,,,,,,,1.0,1.0,,,,,8230,,,,0.0,,0.0,,0.0
,,,0.0859375,,0.8828125,,,,,,,,,,,1.0,1.0,,,,,8231,,,,0.0,,0.0,,0.0
,,,0.0859375,,0.859375,,,,,,,,,,,1.0,1.0,,,,,8232,,,,0.0,,0.0,,0.0
,,,0.06146572157740593,,0.4308510720729828,,,,,,,,,,,1.0,1.0,,,,,8233,,,,0.0,,0.0,,0.0
,,,0.0,,0.0,,,,,,,,,,,1.0,1.0,,,,,8234,,,,0.0,,0.0,,0.0
,,,0.0,,0.0,,,,,,,,,,,1.0,1.0,,,,,8235,,,,0.0,,0.0,,0.0
,,,0.0,,0.0,,,,,,,,,,,1.0,1.0,,,,,8236,,,,0.0,,0.0,,0.0
,,,0.05286839231848717,,0.4881889820098877,,,,,,,,,,,1.0,1.0,,,,,8237,,,,0.0,,0.0,,0.0
,,,0.06640625,,0.984375,,,,,,,,,,,1.0,1.0,,,,,8238,,,,0.0,,0.0,,0.0
,,,0.0677083358168602,,0.9765625,,,,,,,,,,,1.0,1.0,,,,,8239,,,,0.0,,0.0,,0.0
,,,0.11699507385492325,,0.7456896305084229,,,,,,,,,,,1.0,1.0,,,,,8240,,,,0.0,,0.0,,0.0
,,,0.01171875,,0.5078125,,,,,,,,,,,1.0,1.0,,,,,8241,,,,0.0,,0.0,,0.0
,,,0.01785714365541935,,0.5859375,,,,,,,,,,,1.0,1.0,,,,,8242,,,,0.0,,0.0,,0.0
,,,0.009259259328246117,,0.40667399764060974,,,,,,,,,,,1.0,1.0,,,,,8243,,,,0.0,,0.0,,0.0
,,,0.0,,0.3828125,,,,,,,,,,,1.0,1.0,,,,,8244,,,,0.0,,0.0,,0.0
,,,0.0,,0.3203125,,,,,,,,,,,1.0,1.0,,,,,8245,,,,0.0,,0.0,,0.0
,,,0.0193452388048172,,0.6354166269302368,,,,,,,,,,,1.0,1.0,,,,,8246,,,,0.0,,0.0,,0.0
,,,0.01897321455180645,,0.9296875,,,,,,,,,,,1.0,1.0,,,,,8247,,,,0.0,,0.0,,0.0
,,,0.02734375,,0.96875,,,,,,,,,,,1.0,1.0,,,,,8248,,,,0.0,,0.0,,0.0
,,,0.013526340946555138,,0.8253045082092285,,,,,,,,,,,1.0,1.0,,,,,8249,,,,0.0,,0.0,,0.0
,,,0.0029296875,,0.6015625,,,,,,,,,,,1.0,1.0,,,,,8250,,,,0.0,,0.0,,0.0
,,,0.0033482143189758062,,0.6796875,,,,,,,,,,,1.0,1.0,,,,,8251,,,,0.0,,0.0,,0.0
,,,0.0,,0.30442479252815247,,,,,,,,,,,1.0,1.0,,,,,8252,,,,0.0,,0.0,,0.0
,,,0.0,,0.0,,,,,,,,,,,1.0,1.0,,,,,8253,,,,0.0,,0.0,,0.0
,,,0.0,,0.0078125,,,,,,,,,,,1.0,1.0,,,,,8254,,,,0.0,,0.0,,0.0
,,,0.09740259498357773,,0.5,,,,,,,,,,,1.0,1.0,,,,,8255,,,,0.0,,0.0,,0.0
,,,0.08984375,,1.0,,,,,,,,,,,1.0,1.0,,,,,8256,,,,0.0,,0.0,,0.0
,,,0.0837053582072258,,0.9765625,,,,,,,,,,,1.0,1.0,,,,,8257,,,,0.0,,0.0,,0.0
,,,0.10291005671024323,,1.0,,,,,,,,,,,1.0,1.0,,,,,8258,,,,0.0,,0.0,,0.0
,,,0.0234375,,0.9921875,,,,,,,,,,,1.0,1.0,,,,,8259,,,,0.0,,0.0,,0.0
,,,0.01897321455180645,,0.9921875,,,,,,,,,,,1.0,1.0,,,,,8260,,,,0.0,,0.0,,0.0
,,,0.1360553354024887,,0.9638553857803345,,,,,,,,,,,1.0,1.0,,,,,8261,,,,0.0,,0.0,,0.0
,,,0.0833333358168602,,0.8515625,,,,,,,,,,,1.0,1.0,,,,,8262,,,,0.0,,0.0,,0.0
,,,0.0770089253783226,,0.828125,,,,,,,,,,,1.0,1.0,,,,,8263,,,,0.0,,0.0,,0.0
,,,0.0784313753247261,,0.3921568691730499,,,,,,,,,,,1.0,1.0,,,,,8264,,,,0.0,,0.0,,0.0
,,,0.0,,0.0,,,,,,,,,,,1.0,1.0,,,,,8265,,,,0.0,,0.0,,0.0
,,,0.0,,0.0,,,,,,,,,,,1.0,1.0,,,,,8266,,,,0.0,,0.0,,0.0
,,,0.0515873022377491,,0.5,,,,,,,,,,,1.0,1.0,,,,,8267,,,,0.0,,0.0,,0.0
,,,0.08124999701976776,,0.9765625,,,,,,,,,,,1.0,1.0,,,,,8268,,,,0.0,,0.0,,0.0
,,,0.0638020858168602,,0.96875,,,,,,,,,,,1.0,1.0,,,,,8269,,,,0.0,,0.0,,0.0
,,,0.06665399670600891,,0.7426005601882935,,,,,,,,,,,1.0,1.0,,,,,8270,,,,0.0,,0.0,,0.0
,,,0.010044642724096775,,0.515625,,,,,,,,,,,1.0,1.0,,,,,8271,,,,0.0,,0.0,,0.0
,,,0.0107421875,,0.5078125,,,,,,,,,,,1.0,1.0,,,,,8272,,,,0.0,,0.0,,0.0
,,,0.01116071455180645,,0.3526785671710968,,,,,,,,,,,1.0,1.0,,,,,8273,,,,0.0,,0.0,,0.0
,,,0.0009765625,,0.3984375,,,,,,,,,,,1.0,1.0,,,,,8274,,,,0.0,,0.0,,0.0
,,,0.0,,0.3671875,,,,,,,,,,,1.0,1.0,,,,,8275,,,,0.0,,0.0,,0.0
,,,0.025974025949835777,,0.634032666683197,,,,,,,,,,,1.0,1.0,,,,,8276,,,,0.0,,0.0,,0.0
,,,0.02473958395421505,,0.9609375,,,,,,,,,,,1.0,1.0,,,,,8277,,,,0.0,,0.0,,0.0
,,,0.02083333395421505,,0.9375,,,,,,,,,,,1.0,1.0,,,,,8278,,,,0.0,,0.0,,0.0
,,,0.026771653443574905,,0.960629940032959,,,,,,,,,,,1.0,1.0,,,,,8279,,,,0.0,,0.0,,0.0
89,0.13627812266349792,0.19374293088912964,,0.6325795650482178,,,,,,,,,,,,,,65.00084686279297,366541.1875,4.174400329589844,456.5721740722656,19889,,,0.0,,0.0,,0.0,
89,,,,,,1.5120207071304321,,-17.791303634643555,,8.250813484191895,,,,,,,,,,,,19889,2.4733290672302246,,,,,,,
,,,,,,,,,,,,,,1.2352462607743534e-05,0.03,,,,,,,19899,,,,,,,,
90,,,,,,,1.5132384300231934,,-17.78807258605957,,8.3046875,1.2341713954810984e-05,0.029999999329447746,,,1.0,1.0,,,,,19899,,2.6639580726623535,,,,,,
,,,,,,,,,,,,,,1.1820759480964366e-05,0.03,,,,,,,19949,,,,,,,,
90,,,,,,,1.5132510662078857,,-17.783597946166992,,8.125,1.1810245268861763e-05,0.029999999329447746,,,1.0,1.0,,,,,19949,,2.5164637565612793,,,,,,
,,,,,,,,,,,,,,1.1300805356036402e-05,0.03,,,,,,,19999,,,,,,,,
90,,,,,,,1.517263412475586,,-17.794553756713867,,8.3671875,1.1290526344964746e-05,0.029999999329447746,,,1.0,1.0,,,,,19999,,2.645315170288086,,,,,,
,,,,,,,,,,,,,,1.0792632661914969e-05,0.03,,,,,,,20049,,,,,,,,
90,,,,,,,1.5051875114440918,,-17.79610824584961,,8.0390625,1.0782589924929198e-05,0.029999999329447746,,,1.0,1.0,,,,,20049,,2.2612199783325195,,,,,,
,,,,,,,,,,,,,,1.0296273092760793e-05,0.03,,,,,,,20099,,,,,,,,
90,,,,,,,1.5110583305358887,,-17.796175003051758,,8.2109375,1.0286466931574978e-05,0.029999999329447746,,,1.0,1.0,,,,,20099,,2.3057610988616943,,,,,,
,,,0.0,,0.1171875,,,,,,,,,,,1.0,1.0,,,,,8280,,,,0.0,,0.0,,0.0
,,,0.0008680555620230734,,0.0625,,,,,,,,,,,1.0,1.0,,,,,8281,,,,0.0,,0.0,,0.0
,,,0.0972222238779068,,0.5643564462661743,,,,,,,,,,,1.0,1.0,,,,,8282,,,,0.0,,0.0,,0.0
,,,0.14374999701976776,,1.0,,,,,,,,,,,1.0,1.0,,,,,8283,,,,0.0,,0.0,,0.0
,,,0.1184895858168602,,0.984375,,,,,,,,,,,1.0,1.0,,,,,8284,,,,0.0,,0.0,,0.0
,,,0.12019231170415878,,0.9791666269302368,,,,,,,,,,,1.0,1.0,,,,,8285,,,,0.0,,0.0,,0.0
,,,0.00390625,,0.921875,,,,,,,,,,,1.0,1.0,,,,,8286,,,,0.0,,0.0,,0.0
,,,0.0011160714784637094,,0.90625,,,,,,,,,,,1.0,1.0,,,,,8287,,,,0.0,,0.0,,0.0
,,,0.008040308952331543,,0.6385077238082886,,,,,,,,,,,1.0,1.0,,,,,8288,,,,0.0,,0.0,,0.0
,,,0.00390625,,0.484375,,,,,,,,,,,1.0,1.0,,,,,8289,,,,0.0,,0.0,,0.0
,,,0.0,,0.4609375,,,,,,,,,,,1.0,1.0,,,,,8290,,,,0.0,,0.0,,0.0
,,,0.0,,0.4609375,,,,,,,,,,,1.0,1.0,,,,,8291,,,,0.0,,0.0,,0.0
,,,0.06700000166893005,,0.7053333520889282,,,,,,,,,,,1.0,1.0,,,,,8292,,,,0.0,,0.0,,0.0
,,,0.0703125,,0.7109375,,,,,,,,,,,1.0,1.0,,,,,8293,,,,0.0,,0.0,,0.0
,,,0.064453125,,0.6484375,,,,,,,,,,,1.0,1.0,,,,,8294,,,,0.0,,0.0,,0.0
,,,0.16993466019630432,,0.8846871852874756,,,,,,,,,,,1.0,1.0,,,,,8295,,,,0.0,,0.0,,0.0
,,,0.0457589291036129,,0.9921875,,,,,,,,,,,1.0,1.0,,,,,8296,,,,0.0,,0.0,,0.0
,,,0.0379464291036129,,1.0,,,,,,,,,,,1.0,1.0,,,,,8297,,,,0.0,,0.0,,0.0
,,,0.022727273404598236,,0.5,,,,,,,,,,,1.0,1.0,,,,,8298,,,,0.0,,0.0,,0.0
,,,0.0,,0.015625,,,,,,,,,,,1.0,1.0,,,,,8299,,,,0.0,,0.0,,0.0
,,,0.0,,0.0078125,,,,,,,,,,,1.0,1.0,,,,,8300,,,,0.0,,0.0,,0.0
,,,0.013698630034923553,,0.30821916460990906,,,,,,,,,,,1.0,1.0,,,,,8301,,,,0.0,,0.0,,0.0
,,,0.01897321455180645,,0.6796875,,,,,,,,,,,1.0,1.0,,,,,8302,,,,0.0,,0.0,,0.0
,,,0.03125,,0.65625,,,,,,,,,,,1.0,1.0,,,,,8303,,,,0.0,,0.0,,0.0
,,,0.022906403988599777,,0.7266010046005249,,,,,,,,,,,1.0,1.0,,,,,8304,,,,0.0,,0.0,,0.0
,,,0.013020833022892475,,0.8671875,,,,,,,,,,,1.0,1.0,,,,,8305,,,,0.0,,0.0,,0.0
,,,0.01171875,,0.8515625,,,,,,,,,,,1.0,1.0,,,,,8306,,,,0.0,,0.0,,0.0
,,,0.07263252884149551,,0.9077987670898438,,,,,,,,,,,1.0,1.0,,,,,8307,,,,0.0,,0.0,,0.0
,,,0.046875,,0.984375,,,,,,,,,,,1.0,1.0,,,,,8308,,,,0.0,,0.0,,0.0
,,,0.0520833320915699,,0.953125,,,,,,,,,,,1.0,1.0,,,,,8309,,,,0.0,,0.0,,0.0
,,,0.038235295563936234,,0.5580027103424072,,,,,,,,,,,1.0,1.0,,,,,8310,,,,0.0,,0.0,,0.0
,,,0.0008680555620230734,,0.1015625,,,,,,,,,,,1.0,1.0,,,,,8311,,,,0.0,,0.0,,0.0
,,,0.0009765625,,0.0859375,,,,,,,,,,,1.0,1.0,,,,,8312,,,,0.0,,0.0,,0.0
,,,0.09642857313156128,,0.5344827771186829,,,,,,,,,,,1.0,1.0,,,,,8313,,,,0.0,,0.0,,0.0
,,,0.1080729141831398,,0.984375,,,,,,,,,,,1.0,1.0,,,,,8314,,,,0.0,,0.0,,0.0
,,,0.1145833358168602,,1.0,,,,,,,,,,,1.0,1.0,,,,,8315,,,,0.0,,0.0,,0.0
,,,0.10049285739660263,,0.9850746393203735,,,,,,,,,,,1.0,1.0,,,,,8316,,,,0.0,,0.0,,0.0
,,,0.0013020833721384406,,0.90625,,,,,,,,,,,1.0,1.0,,,,,8317,,,,0.0,,0.0,,0.0
,,,0.0033482143189758062,,0.875,,,,,,,,,,,1.0,1.0,,,,,8318,,,,0.0,,0.0,,0.0
,,,0.001923076924867928,,0.6672771573066711,,,,,,,,,,,1.0,1.0,,,,,8319,,,,0.0,,0.0,,0.0
,,,0.001953125,,0.4765625,,,,,,,,,,,1.0,1.0,,,,,8320,,,,0.0,,0.0,,0.0
,,,0.0,,0.46875,,,,,,,,,,,1.0,1.0,,,,,8321,,,,0.0,,0.0,,0.0
,,,0.09448051452636719,,0.656818151473999,,,,,,,,,,,1.0,1.0,,,,,8322,,,,0.0,,0.0,,0.0
,,,0.0714285746216774,,0.7109375,,,,,,,,,,,1.0,1.0,,,,,8323,,,,0.0,,0.0,,0.0
,,,0.0669642835855484,,0.671875,,,,,,,,,,,1.0,1.0,,,,,8324,,,,0.0,,0.0,,0.0
,,,0.1265123039484024,,0.8457446694374084,,,,,,,,,,,1.0,1.0,,,,,8325,,,,0.0,,0.0,,0.0
,,,0.0345982126891613,,0.9765625,,,,,,,,,,,1.0,1.0,,,,,8326,,,,0.0,,0.0,,0.0
,,,0.05859375,,0.9765625,,,,,,,,,,,1.0,1.0,,,,,8327,,,,0.0,,0.0,,0.0
,,,0.0301339291036129,,1.0,,,,,,,,,,,1.0,1.0,,,,,8328,,,,0.0,,0.0,,0.0
,,,0.0,,0.5039370059967041,,,,,,,,,,,1.0,1.0,,,,,8329,,,,0.0,,0.0,,0.0
,,,0.0,,0.015625,,,,,,,,,,,1.0,1.0,,,,,8330,,,,0.0,,0.0,,0.0
,,,0.0,,0.0078125,,,,,,,,,,,1.0,1.0,,,,,8331,,,,0.0,,0.0,,0.0
,,,0.019396550953388214,,0.2931034564971924,,,,,,,,,,,1.0,1.0,,,,,8332,,,,0.0,,0.0,,0.0
,,,0.02994791604578495,,0.6484375,,,,,,,,,,,1.0,1.0,,,,,8333,,,,0.0,,0.0,,0.0
,,,0.0205078125,,0.6953125,,,,,,,,,,,1.0,1.0,,,,,8334,,,,0.0,,0.0,,0.0
,,,0.020483000203967094,,0.6615328192710876,,,,,,,,,,,1.0,1.0,,,,,8335,,,,0.0,,0.0,,0.0
,,,0.01116071455180645,,0.8671875,,,,,,,,,,,1.0,1.0,,,,,8336,,,,0.0,,0.0,,0.0
,,,0.0107421875,,0.7890625,,,,,,,,,,,1.0,1.0,,,,,8337,,,,0.0,,0.0,,0.0
,,,0.0744047611951828,,0.90625,,,,,,,,,,,1.0,1.0,,,,,8338,,,,0.0,,0.0,,0.0
,,,0.0457589291036129,,0.9375,,,,,,,,,,,1.0,1.0,,,,,8339,,,,0.0,,0.0,,0.0
,,,0.0494791679084301,,0.953125,,,,,,,,,,,1.0,1.0,,,,,8340,,,,0.0,,0.0,,0.0
,,,0.0317460335791111,,0.5055370926856995,,,,,,,,,,,1.0,1.0,,,,,8341,,,,0.0,,0.0,,0.0
,,,0.0,,0.109375,,,,,,,,,,,1.0,1.0,,,,,8342,,,,0.0,,0.0,,0.0
,,,0.0,,0.1171875,,,,,,,,,,,1.0,1.0,,,,,8343,,,,0.0,,0.0,,0.0
,,,0.0951327458024025,,0.5666666626930237,,,,,,,,,,,1.0,1.0,,,,,8344,,,,0.0,,0.0,,0.0
,,,0.140625,,0.9921875,,,,,,,,,,,1.0,1.0,,,,,8345,,,,0.0,,0.0,,0.0
,,,0.109375,,1.0,,,,,,,,,,,1.0,1.0,,,,,8346,,,,0.0,,0.0,,0.0
,,,0.09255050122737885,,0.949999988079071,,,,,,,,,,,1.0,1.0,,,,,8347,,,,0.0,,0.0,,0.0
,,,0.0011160714784637094,,0.8984375,,,,,,,,,,,1.0,1.0,,,,,8348,,,,0.0,,0.0,,0.0
,,,0.0,,0.8359375,,,,,,,,,,,1.0,1.0,,,,,8349,,,,0.0,,0.0,,0.0
,,,0.0013227512827143073,,0.6861110925674438,,,,,,,,,,,1.0,1.0,,,,,8350,,,,0.0,,0.0,,0.0
,,,0.0,,0.4375,,,,,,,,,,,1.0,1.0,,,,,8351,,,,0.0,,0.0,,0.0
,,,0.0,,0.4921875,,,,,,,,,,,1.0,1.0,,,,,8352,,,,0.0,,0.0,,0.0
,,,0.09267546236515045,,0.6207496523857117,,,,,,,,,,,1.0,1.0,,,,,8353,,,,0.0,,0.0,,0.0
,,,0.056640625,,0.71875,,,,,,,,,,,1.0,1.0,,,,,8354,,,,0.0,,0.0,,0.0
,,,0.0703125,,0.6796875,,,,,,,,,,,1.0,1.0,,,,,8355,,,,0.0,,0.0,,0.0
,,,0.10596511512994766,,0.826839804649353,,,,,,,,,,,1.0,1.0,,,,,8356,,,,0.0,,0.0,,0.0
,,,0.041015625,,0.96875,,,,,,,,,,,1.0,1.0,,,,,8357,,,,0.0,,0.0,,0.0
,,,0.05624999850988388,,0.9921875,,,,,,,,,,,1.0,1.0,,,,,8358,,,,0.0,,0.0,,0.0
,,,0.031561460345983505,,0.5,,,,,,,,,,,1.0,1.0,,,,,8359,,,,0.0,,0.0,,0.0
,,,0.0,,0.0,,,,,,,,,,,1.0,1.0,,,,,8360,,,,0.0,,0.0,,0.0
,,,0.0,,0.0234375,,,,,,,,,,,1.0,1.0,,,,,8361,,,,0.0,,0.0,,0.0
,,,0.01075268816202879,,0.3006318509578705,,,,,,,,,,,1.0,1.0,,,,,8362,,,,0.0,,0.0,,0.0
,,,0.02008928544819355,,0.6640625,,,,,,,,,,,1.0,1.0,,,,,8363,,,,0.0,,0.0,,0.0
,,,0.02566964365541935,,0.671875,,,,,,,,,,,1.0,1.0,,,,,8364,,,,0.0,,0.0,,0.0
,,,0.0436507947742939,,0.75,,,,,,,,,,,1.0,1.0,,,,,8365,,,,0.0,,0.0,,0.0
,,,0.008928571827709675,,0.8125,,,,,,,,,,,1.0,1.0,,,,,8366,,,,0.0,,0.0,,0.0
,,,0.008928571827709675,,0.78125,,,,,,,,,,,1.0,1.0,,,,,8367,,,,0.0,,0.0,,0.0
,,,0.104340098798275,,0.8648018836975098,,,,,,,,,,,1.0,1.0,,,,,8368,,,,0.0,,0.0,,0.0
,,,0.0533854179084301,,0.9921875,,,,,,,,,,,1.0,1.0,,,,,8369,,,,0.0,,0.0,,0.0
,,,0.0424107126891613,,0.921875,,,,,,,,,,,1.0,1.0,,,,,8370,,,,0.0,,0.0,,0.0
,,,0.05905511975288391,,0.9685039520263672,,,,,,,,,,,1.0,1.0,,,,,8371,,,,0.0,,0.0,,0.0
90,0.13493403792381287,0.2079797387123108,,0.6602522134780884,,,,,,,,,,,,,,63.60013198852539,389453.90625,4.152615547180176,458.28515625,20110,,,0.0,,0.0,,0.0,
90,,,,,,1.5107543468475342,,-17.791793823242188,,8.20978832244873,,,,,,,,,,,,20110,2.4268712997436523,,,,,,,
,,,,,,,,,,,,,,9.81175760596319e-06,0.03,,,,,,,20149,,,,,,,,
91,,,,,,,1.5182358026504517,,-17.792068481445312,,8.4140625,9.802188287721947e-06,0.029999999329447746,,,1.0,1.0,,,,,20149,,2.2863426208496094,,,,,,
,,,,,,,,,,,,,,9.339116420209475e-06,0.03,,,,,,,20199,,,,,,,,
91,,,,,,,1.4998371601104736,,-17.794649124145508,,7.796875,9.329784916189965e-06,0.029999999329447746,,,1.0,1.0,,,,,20199,,2.3319737911224365,,,,,,
,,,,,,,,,,,,,,8.878379013600014e-06,0.03,,,,,,,20249,,,,,,,,
91,,,,,,,1.5184435844421387,,-17.797494888305664,,8.546875,8.869285920809489e-06,0.029999999329447746,,,1.0,1.0,,,,,20249,,2.423604726791382,,,,,,
,,,,,,,,,,,,,,8.429574121809886e-06,0.03,,,,,,,20299,,,,,,,,
91,,,,,,,1.5099048614501953,,-17.79796600341797,,8.0859375,8.420719495916273e-06,0.029999999329447746,,,1.0,1.0,,,,,20299,,2.325547218322754,,,,,,
,,,0.0924479141831398,,0.9921875,,,,,,,,,,,1.0,1.0,,,,,8372,,,,0.0,,0.0,,0.0
,,,0.0848214253783226,,0.9921875,,,,,,,,,,,1.0,1.0,,,,,8373,,,,0.0,,0.0,,0.0
,,,0.09900990128517151,,0.5,,,,,,,,,,,1.0,1.0,,,,,8374,,,,0.0,,0.0,,0.0
,,,0.0,,0.0078125,,,,,,,,,,,1.0,1.0,,,,,8375,,,,0.0,,0.0,,0.0
,,,0.0,,0.0,,,,,,,,,,,1.0,1.0,,,,,8376,,,,0.0,,0.0,,0.0
,,,0.0,,0.25,,,,,,,,,,,1.0,1.0,,,,,8377,,,,0.0,,0.0,,0.0
,,,0.0011160714784637094,,0.6484375,,,,,,,,,,,1.0,1.0,,,,,8378,,,,0.0,,0.0,,0.0
,,,0.0011160714784637094,,0.65625,,,,,,,,,,,1.0,1.0,,,,,8379,,,,0.0,,0.0,,0.0
,,,0.007841215468943119,,0.7735849022865295,,,,,,,,,,,1.0,1.0,,,,,8380,,,,0.0,,0.0,,0.0
,,,0.015625,,0.953125,,,,,,,,,,,1.0,1.0,,,,,8381,,,,0.0,,0.0,,0.0
,,,0.01116071455180645,,0.953125,,,,,,,,,,,1.0,1.0,,,,,8382,,,,0.0,,0.0,,0.0
,,,0.009114583022892475,,0.9453125,,,,,,,,,,,1.0,1.0,,,,,8383,,,,0.0,,0.0,,0.0
,,,0.18346667289733887,,0.9480000138282776,,,,,,,,,,,1.0,1.0,,,,,8384,,,,0.0,,0.0,,0.0
,,,0.08203125,,0.8671875,,,,,,,,,,,1.0,1.0,,,,,8385,,,,0.0,,0.0,,0.0
,,,0.0833333358168602,,0.8359375,,,,,,,,,,,1.0,1.0,,,,,8386,,,,0.0,,0.0,,0.0
,,,0.1111111119389534,,0.3888888955116272,,,,,,,,,,,1.0,1.0,,,,,8387,,,,0.0,,0.0,,0.0
,,,0.0,,0.0,,,,,,,,,,,1.0,1.0,,,,,8388,,,,0.0,,0.0,,0.0
,,,0.0,,0.0,,,,,,,,,,,1.0,1.0,,,,,8389,,,,0.0,,0.0,,0.0
,,,0.0,,0.011904762126505375,,,,,,,,,,,1.0,1.0,,,,,8390,,,,0.0,,0.0,,0.0
,,,0.0,,0.09375,,,,,,,,,,,1.0,1.0,,,,,8391,,,,0.0,,0.0,,0.0
,,,0.0,,0.0703125,,,,,,,,,,,1.0,1.0,,,,,8392,,,,0.0,,0.0,,0.0
,,,0.007827788591384888,,0.34458279609680176,,,,,,,,,,,1.0,1.0,,,,,8393,,,,0.0,,0.0,,0.0
,,,0.009114583022892475,,0.6875,,,,,,,,,,,1.0,1.0,,,,,8394,,,,0.0,,0.0,,0.0
,,,0.014508928172290325,,0.6484375,,,,,,,,,,,1.0,1.0,,,,,8395,,,,0.0,,0.0,,0.0
,,,0.08661740273237228,,0.8214285373687744,,,,,,,,,,,1.0,1.0,,,,,8396,,,,0.0,,0.0,,0.0
,,,0.07421875,,1.0,,,,,,,,,,,1.0,1.0,,,,,8397,,,,0.0,,0.0,,0.0
,,,0.08281250298023224,,0.9765625,,,,,,,,,,,1.0,1.0,,,,,8398,,,,0.0,,0.0,,0.0
,,,0.1714717000722885,,0.9516980648040771,,,,,,,,,,,1.0,1.0,,,,,8399,,,,0.0,,0.0,,0.0
,,,0.0703125,,0.9609375,,,,,,,,,,,1.0,1.0,,,,,8400,,,,0.0,,0.0,,0.0
,,,0.0833333358168602,,0.953125,,,,,,,,,,,1.0,1.0,,,,,8401,,,,0.0,,0.0,,0.0
,,,0.163611501455307,,0.9764705896377563,,,,,,,,,,,1.0,1.0,,,,,8402,,,,0.0,,0.0,,0.0
,,,0.1041666641831398,,0.9765625,,,,,,,,,,,1.0,1.0,,,,,8403,,,,0.0,,0.0,,0.0
,,,0.0885416641831398,,0.984375,,,,,,,,,,,1.0,1.0,,,,,8404,,,,0.0,,0.0,,0.0
,,,0.07881773263216019,,0.5142857432365417,,,,,,,,,,,1.0,1.0,,,,,8405,,,,0.0,,0.0,,0.0
,,,0.0,,0.0078125,,,,,,,,,,,1.0,1.0,,,,,8406,,,,0.0,,0.0,,0.0
,,,0.0,,0.0078125,,,,,,,,,,,1.0,1.0,,,,,8407,,,,0.0,,0.0,,0.0
,,,0.0,,0.3283582031726837,,,,,,,,,,,1.0,1.0,,,,,8408,,,,0.0,,0.0,,0.0
,,,0.0,,0.6171875,,,,,,,,,,,1.0,1.0,,,,,8409,,,,0.0,,0.0,,0.0
,,,0.0011160714784637094,,0.6953125,,,,,,,,,,,1.0,1.0,,,,,8410,,,,0.0,,0.0,,0.0
,,,0.008791209198534489,,0.8340659141540527,,,,,,,,,,,1.0,1.0,,,,,8411,,,,0.0,,0.0,,0.0
,,,0.015625,,0.953125,,,,,,,,,,,1.0,1.0,,,,,8412,,,,0.0,,0.0,,0.0
,,,0.01692708395421505,,0.953125,,,,,,,,,,,1.0,1.0,,,,,8413,,,,0.0,,0.0,,0.0
,,,0.145454540848732,,0.9454545378684998,,,,,,,,,,,1.0,1.0,,,,,8414,,,,0.0,,0.0,,0.0
,,,0.09375,,0.875,,,,,,,,,,,1.0,1.0,,,,,8415,,,,0.0,,0.0,,0.0
,,,0.0807291641831398,,0.828125,,,,,,,,,,,1.0,1.0,,,,,8416,,,,0.0,,0.0,,0.0
,,,0.07180850952863693,,0.43617022037506104,,,,,,,,,,,1.0,1.0,,,,,8417,,,,0.0,,0.0,,0.0
,,,0.0,,0.0,,,,,,,,,,,1.0,1.0,,,,,8418,,,,0.0,,0.0,,0.0
,,,0.0,,0.0,,,,,,,,,,,1.0,1.0,,,,,8419,,,,0.0,,0.0,,0.0
,,,0.0,,0.0,,,,,,,,,,,1.0,1.0,,,,,8420,,,,0.0,,0.0,,0.0
,,,0.0,,0.031496062874794006,,,,,,,,,,,1.0,1.0,,,,,8421,,,,0.0,,0.0,,0.0
,,,0.0,,0.1328125,,,,,,,,,,,1.0,1.0,,,,,8422,,,,0.0,,0.0,,0.0
,,,0.0,,0.0859375,,,,,,,,,,,1.0,1.0,,,,,8423,,,,0.0,,0.0,,0.0
,,,0.008620689623057842,,0.36925286054611206,,,,,,,,,,,1.0,1.0,,,,,8424,,,,0.0,,0.0,,0.0
,,,0.013020833022892475,,0.6875,,,,,,,,,,,1.0,1.0,,,,,8425,,,,0.0,,0.0,,0.0
,,,0.014322916977107525,,0.6796875,,,,,,,,,,,1.0,1.0,,,,,8426,,,,0.0,,0.0,,0.0
,,,0.08538076281547546,,0.7728272676467896,,,,,,,,,,,1.0,1.0,,,,,8427,,,,0.0,,0.0,,0.0
,,,0.0669642835855484,,0.984375,,,,,,,,,,,1.0,1.0,,,,,8428,,,,0.0,,0.0,,0.0
,,,0.09375,,0.984375,,,,,,,,,,,1.0,1.0,,,,,8429,,,,0.0,,0.0,,0.0
,,,0.1354166716337204,,0.96875,,,,,,,,,,,1.0,1.0,,,,,8430,,,,0.0,,0.0,,0.0
,,,0.0677083358168602,,0.9296875,,,,,,,,,,,1.0,1.0,,,,,8431,,,,0.0,,0.0,,0.0
,,,0.07968749850988388,,0.953125,,,,,,,,,,,1.0,1.0,,,,,8432,,,,0.0,,0.0,,0.0
,,,0.15282392501831055,,0.976190447807312,,,,,,,,,,,1.0,1.0,,,,,8433,,,,0.0,,0.0,,0.0
,,,0.0963541641831398,,0.9765625,,,,,,,,,,,1.0,1.0,,,,,8434,,,,0.0,,0.0,,0.0
,,,0.08984375,,1.0,,,,,,,,,,,1.0,1.0,,,,,8435,,,,0.0,,0.0,,0.0
,,,0.10476190596818924,,0.508849561214447,,,,,,,,,,,1.0,1.0,,,,,8436,,,,0.0,,0.0,,0.0
,,,0.0,,0.0,,,,,,,,,,,1.0,1.0,,,,,8437,,,,0.0,,0.0,,0.0
,,,0.0,,0.0,,,,,,,,,,,1.0,1.0,,,,,8438,,,,0.0,,0.0,,0.0
,,,0.0011363636003807187,,0.33181819319725037,,,,,,,,,,,1.0,1.0,,,,,8439,,,,0.0,,0.0,,0.0
,,,0.0,,0.6328125,,,,,,,,,,,1.0,1.0,,,,,8440,,,,0.0,,0.0,,0.0
,,,0.0,,0.6640625,,,,,,,,,,,1.0,1.0,,,,,8441,,,,0.0,,0.0,,0.0
,,,0.017195766791701317,,0.8064814805984497,,,,,,,,,,,1.0,1.0,,,,,8442,,,,0.0,,0.0,,0.0
,,,0.0078125,,0.9609375,,,,,,,,,,,1.0,1.0,,,,,8443,,,,0.0,,0.0,,0.0
,,,0.013392857275903225,,0.9609375,,,,,,,,,,,1.0,1.0,,,,,8444,,,,0.0,,0.0,,0.0
,,,0.11151272058486938,,0.9346719980239868,,,,,,,,,,,1.0,1.0,,,,,8445,,,,0.0,,0.0,,0.0
,,,0.0885416641831398,,0.90625,,,,,,,,,,,1.0,1.0,,,,,8446,,,,0.0,,0.0,,0.0
,,,0.10468749701976776,,0.8203125,,,,,,,,,,,1.0,1.0,,,,,8447,,,,0.0,,0.0,,0.0
,,,0.07002801448106766,,0.3921568691730499,,,,,,,,,,,1.0,1.0,,,,,8448,,,,0.0,,0.0,,0.0
,,,0.0,,0.0,,,,,,,,,,,1.0,1.0,,,,,8449,,,,0.0,,0.0,,0.0
,,,0.0,,0.0,,,,,,,,,,,1.0,1.0,,,,,8450,,,,0.0,,0.0,,0.0
,,,0.0,,0.011904762126505375,,,,,,,,,,,1.0,1.0,,,,,8451,,,,0.0,,0.0,,0.0
,,,0.0,,0.0859375,,,,,,,,,,,1.0,1.0,,,,,8452,,,,0.0,,0.0,,0.0
,,,0.0,,0.1171875,,,,,,,,,,,1.0,1.0,,,,,8453,,,,0.0,,0.0,,0.0
,,,0.02304147370159626,,0.4115397334098816,,,,,,,,,,,1.0,1.0,,,,,8454,,,,0.0,,0.0,,0.0
,,,0.0078125,,0.6484375,,,,,,,,,,,1.0,1.0,,,,,8455,,,,0.0,,0.0,,0.0
,,,0.013020833022892475,,0.6328125,,,,,,,,,,,1.0,1.0,,,,,8456,,,,0.0,,0.0,,0.0
,,,0.1026785746216774,,0.84375,,,,,,,,,,,1.0,1.0,,,,,8457,,,,0.0,,0.0,,0.0
,,,0.0794270858168602,,0.9921875,,,,,,,,,,,1.0,1.0,,,,,8458,,,,0.0,,0.0,,0.0
,,,0.0729166641831398,,0.9921875,,,,,,,,,,,1.0,1.0,,,,,8459,,,,0.0,,0.0,,0.0
,,,0.15125614404678345,,0.9374514818191528,,,,,,,,,,,1.0,1.0,,,,,8460,,,,0.0,,0.0,,0.0
,,,0.0703125,,0.984375,,,,,,,,,,,1.0,1.0,,,,,8461,,,,0.0,,0.0,,0.0
,,,0.06640625,,0.9140625,,,,,,,,,,,1.0,1.0,,,,,8462,,,,0.0,,0.0,,0.0
,,,0.06299212574958801,,0.9448819160461426,,,,,,,,,,,1.0,1.0,,,,,8463,,,,0.0,,0.0,,0.0
91,0.1343902349472046,0.21524107456207275,,0.6143320798873901,,,,,,,,,,,,,,62.793617248535156,382427.75,4.139853477478027,459.7166748046875,20331,,,0.0,,0.0,,0.0,
91,,,,,,1.513071894645691,,-17.79258155822754,,8.28208065032959,,,,,,,,,,,,20331,2.369913339614868,,,,,,,
,,,,,,,,,,,,,,7.992729736296532e-06,0.03,,,,,,,20349,,,,,,,,
92,,,,,,,1.5201690196990967,,-17.785612106323242,,8.5546875,7.984114745340776e-06,0.029999999329447746,,,1.0,1.0,,,,,20349,,2.5186822414398193,,,,,,
,,,,,,,,,,,,,,7.567873102554149e-06,0.03,,,,,,,20399,,,,,,,,
92,,,,,,,1.5107011795043945,,-17.78260040283203,,8.1953125,7.559498499176698e-06,0.029999999329447746,,,1.0,1.0,,,,,20399,,2.3852362632751465,,,,,,
,,,,,,,,,,,,,,7.155030718414253e-06,0.03,,,,,,,20449,,,,,,,,
92,,,,,,,1.5098369121551514,,-17.80055046081543,,8.265625,7.14689667802304e-06,0.029999999329447746,,,1.0,1.0,,,,,20449,,2.3898792266845703,,,,,,
,,,,,,,,,,,,,,6.754228332393065e-06,0.03,,,,,,,20499,,,,,,,,
92,,,,,,,1.508365273475647,,-17.795026779174805,,8.0,6.746335202478804e-06,0.029999999329447746,,,1.0,1.0,,,,,20499,,2.28806471824646,,,,,,
,,,,,,,,,,,,,,6.365490942085704e-06,0.03,,,,,,,20549,,,,,,,,
92,,,,,,,1.519749402999878,,-17.79957389831543,,8.28125,6.357839538395638e-06,0.029999999329447746,,,1.0,1.0,,,,,20549,,2.2098560333251953,,,,,,
,,,0.0283203125,,0.890625,,,,,,,,,,,1.0,1.0,,,,,8464,,,,0.0,,0.0,,0.0
,,,0.025390625,,0.8984375,,,,,,,,,,,1.0,1.0,,,,,8465,,,,0.0,,0.0,,0.0
,,,0.027227722108364105,,0.5368536710739136,,,,,,,,,,,1.0,1.0,,,,,8466,,,,0.0,,0.0,,0.0
,,,0.0008680555620230734,,0.1796875,,,,,,,,,,,1.0,1.0,,,,,8467,,,,0.0,,0.0,,0.0
,,,0.0,,0.1875,,,,,,,,,,,1.0,1.0,,,,,8468,,,,0.0,,0.0,,0.0
,,,0.0833333358168602,,0.5961538553237915,,,,,,,,,,,1.0,1.0,,,,,8469,,,,0.0,,0.0,,0.0
,,,0.1004464253783226,,0.984375,,,,,,,,,,,1.0,1.0,,,,,8470,,,,0.0,,0.0,,0.0
,,,0.0849609375,,0.9765625,,,,,,,,,,,1.0,1.0,,,,,8471,,,,0.0,,0.0,,0.0
,,,0.09294597059488297,,0.6269297003746033,,,,,,,,,,,1.0,1.0,,,,,8472,,,,0.0,,0.0,,0.0
,,,0.0017361111240461469,,0.1640625,,,,,,,,,,,1.0,1.0,,,,,8473,,,,0.0,,0.0,,0.0
,,,0.0,,0.15625,,,,,,,,,,,1.0,1.0,,,,,8474,,,,0.0,,0.0,,0.0
,,,0.0008680555620230734,,0.1796875,,,,,,,,,,,1.0,1.0,,,,,8475,,,,0.0,,0.0,,0.0
,,,0.06577777862548828,,0.3919999897480011,,,,,,,,,,,1.0,1.0,,,,,8476,,,,0.0,,0.0,,0.0
,,,0.0673828125,,0.78125,,,,,,,,,,,1.0,1.0,,,,,8477,,,,0.0,,0.0,,0.0
,,,0.0634765625,,0.765625,,,,,,,,,,,1.0,1.0,,,,,8478,,,,0.0,,0.0,,0.0
,,,0.06395892053842545,,0.8552754521369934,,,,,,,,,,,1.0,1.0,,,,,8479,,,,0.0,,0.0,,0.0
,,,0.015625,,0.90625,,,,,,,,,,,1.0,1.0,,,,,8480,,,,0.0,,0.0,,0.0
,,,0.01692708395421505,,0.9609375,,,,,,,,,,,1.0,1.0,,,,,8481,,,,0.0,,0.0,,0.0
,,,0.023500310257077217,,0.9301947951316833,,,,,,,,,,,1.0,1.0,,,,,8482,,,,0.0,,0.0,,0.0
,,,0.0234375,,0.921875,,,,,,,,,,,1.0,1.0,,,,,8483,,,,0.0,,0.0,,0.0
,,,0.0205078125,,0.859375,,,,,,,,,,,1.0,1.0,,,,,8484,,,,0.0,,0.0,,0.0
,,,0.022198006510734558,,0.6850560307502747,,,,,,,,,,,1.0,1.0,,,,,8485,,,,0.0,,0.0,,0.0
,,,0.0126953125,,0.4609375,,,,,,,,,,,1.0,1.0,,,,,8486,,,,0.0,,0.0,,0.0
,,,0.0126953125,,0.4375,,,,,,,,,,,1.0,1.0,,,,,8487,,,,0.0,,0.0,,0.0
,,,0.028694581240415573,,0.545073926448822,,,,,,,,,,,1.0,1.0,,,,,8488,,,,0.0,,0.0,,0.0
,,,0.02678571455180645,,0.90625,,,,,,,,,,,1.0,1.0,,,,,8489,,,,0.0,,0.0,,0.0
,,,0.0223214291036129,,0.9140625,,,,,,,,,,,1.0,1.0,,,,,8490,,,,0.0,,0.0,,0.0
,,,0.03207547217607498,,0.7729560136795044,,,,,,,,,,,1.0,1.0,,,,,8491,,,,0.0,,0.0,,0.0
,,,0.0078125,,0.609375,,,,,,,,,,,1.0,1.0,,,,,8492,,,,0.0,,0.0,,0.0
,,,0.004464285913854837,,0.5859375,,,,,,,,,,,1.0,1.0,,,,,8493,,,,0.0,,0.0,,0.0
,,,0.04514363780617714,,0.7359781265258789,,,,,,,,,,,1.0,1.0,,,,,8494,,,,0.0,,0.0,,0.0
,,,0.0390625,,0.9140625,,,,,,,,,,,1.0,1.0,,,,,8495,,,,0.0,,0.0,,0.0
,,,0.033203125,,0.90625,,,,,,,,,,,1.0,1.0,,,,,8496,,,,0.0,,0.0,,0.0
,,,0.030651340261101723,,0.4881773293018341,,,,,,,,,,,1.0,1.0,,,,,8497,,,,0.0,,0.0,,0.0
,,,0.0,,0.171875,,,,,,,,,,,1.0,1.0,,,,,8498,,,,0.0,,0.0,,0.0
,,,0.0,,0.1796875,,,,,,,,,,,1.0,1.0,,,,,8499,,,,0.0,,0.0,,0.0
,,,0.07960198819637299,,0.5990946888923645,,,,,,,,,,,1.0,1.0,,,,,8500,,,,0.0,,0.0,,0.0
,,,0.1223958358168602,,0.984375,,,,,,,,,,,1.0,1.0,,,,,8501,,,,0.0,,0.0,,0.0
,,,0.1004464253783226,,0.984375,,,,,,,,,,,1.0,1.0,,,,,8502,,,,0.0,,0.0,,0.0
,,,0.0793108120560646,,0.5997558236122131,,,,,,,,,,,1.0,1.0,,,,,8503,,,,0.0,,0.0,,0.0
,,,0.0009765625,,0.140625,,,,,,,,,,,1.0,1.0,,,,,8504,,,,0.0,,0.0,,0.0
,,,0.0008680555620230734,,0.1640625,,,,,,,,,,,1.0,1.0,,,,,8505,,,,0.0,,0.0,,0.0
,,,0.08055555820465088,,0.5170454382896423,,,,,,,,,,,1.0,1.0,,,,,8506,,,,0.0,,0.0,,0.0
,,,0.078125,,0.8203125,,,,,,,,,,,1.0,1.0,,,,,8507,,,,0.0,,0.0,,0.0
,,,0.0615234375,,0.7578125,,,,,,,,,,,1.0,1.0,,,,,8508,,,,0.0,,0.0,,0.0
,,,0.08119524270296097,,0.8829787373542786,,,,,,,,,,,1.0,1.0,,,,,8509,,,,0.0,,0.0,,0.0
,,,0.0126953125,,0.9765625,,,,,,,,,,,1.0,1.0,,,,,8510,,,,0.0,,0.0,,0.0
,,,0.0167410708963871,,0.9453125,,,,,,,,,,,1.0,1.0,,,,,8511,,,,0.0,,0.0,,0.0
,,,0.01692708395421505,,0.953125,,,,,,,,,,,1.0,1.0,,,,,8512,,,,0.0,,0.0,,0.0
,,,0.015748031437397003,,0.9527559280395508,,,,,,,,,,,1.0,1.0,,,,,8513,,,,0.0,,0.0,,0.0
,,,0.017578125,,0.90625,,,,,,,,,,,1.0,1.0,,,,,8514,,,,0.0,,0.0,,0.0
,,,0.0223214291036129,,0.921875,,,,,,,,,,,1.0,1.0,,,,,8515,,,,0.0,,0.0,,0.0
,,,0.031198687851428986,,0.6393678188323975,,,,,,,,,,,1.0,1.0,,,,,8516,,,,0.0,,0.0,,0.0
,,,0.0107421875,,0.4296875,,,,,,,,,,,1.0,1.0,,,,,8517,,,,0.0,,0.0,,0.0
,,,0.0107421875,,0.4609375,,,,,,,,,,,1.0,1.0,,,,,8518,,,,0.0,,0.0,,0.0
,,,0.024110745638608932,,0.6023102402687073,,,,,,,,,,,1.0,1.0,,,,,8519,,,,0.0,,0.0,,0.0
,,,0.02790178544819355,,0.875,,,,,,,,,,,1.0,1.0,,,,,8520,,,,0.0,,0.0,,0.0
,,,0.013671875,,0.859375,,,,,,,,,,,1.0,1.0,,,,,8521,,,,0.0,,0.0,,0.0
,,,0.02734375,,0.703125,,,,,,,,,,,1.0,1.0,,,,,8522,,,,0.0,,0.0,,0.0
,,,0.0069444444961845875,,0.5625,,,,,,,,,,,1.0,1.0,,,,,8523,,,,0.0,,0.0,,0.0
,,,0.0068359375,,0.6015625,,,,,,,,,,,1.0,1.0,,,,,8524,,,,0.0,,0.0,,0.0
,,,0.04083610326051712,,0.7397563457489014,,,,,,,,,,,1.0,1.0,,,,,8525,,,,0.0,,0.0,,0.0
,,,0.0403645820915699,,0.859375,,,,,,,,,,,1.0,1.0,,,,,8526,,,,0.0,,0.0,,0.0
,,,0.0322265625,,0.8671875,,,,,,,,,,,1.0,1.0,,,,,8527,,,,0.0,,0.0,,0.0
,,,0.020884955301880836,,0.5507374405860901,,,,,,,,,,,1.0,1.0,,,,,8528,,,,0.0,,0.0,,0.0
,,,0.0,,0.140625,,,,,,,,,,,1.0,1.0,,,,,8529,,,,0.0,,0.0,,0.0
,,,0.0,,0.234375,,,,,,,,,,,1.0,1.0,,,,,8530,,,,0.0,,0.0,,0.0
,,,0.08282828330993652,,0.6020202040672302,,,,,,,,,,,1.0,1.0,,,,,8531,,,,0.0,,0.0,,0.0
,,,0.087890625,,0.984375,,,,,,,,,,,1.0,1.0,,,,,8532,,,,0.0,,0.0,,0.0
,,,0.0771484375,,0.96875,,,,,,,,,,,1.0,1.0,,,,,8533,,,,0.0,,0.0,,0.0
,,,0.0909465029835701,,0.5490740537643433,,,,,,,,,,,1.0,1.0,,,,,8534,,,,0.0,,0.0,,0.0
,,,0.0009765625,,0.171875,,,,,,,,,,,1.0,1.0,,,,,8535,,,,0.0,,0.0,,0.0
,,,0.0008680555620230734,,0.2109375,,,,,,,,,,,1.0,1.0,,,,,8536,,,,0.0,,0.0,,0.0
,,,0.0709504708647728,,0.5004016160964966,,,,,,,,,,,1.0,1.0,,,,,8537,,,,0.0,,0.0,,0.0
,,,0.064453125,,0.78125,,,,,,,,,,,1.0,1.0,,,,,8538,,,,0.0,,0.0,,0.0
,,,0.0673828125,,0.796875,,,,,,,,,,,1.0,1.0,,,,,8539,,,,0.0,,0.0,,0.0
,,,0.07184237986803055,,0.8595620393753052,,,,,,,,,,,1.0,1.0,,,,,8540,,,,0.0,,0.0,,0.0
,,,0.014508928172290325,,0.9375,,,,,,,,,,,1.0,1.0,,,,,8541,,,,0.0,,0.0,,0.0
,,,0.015625,,0.953125,,,,,,,,,,,1.0,1.0,,,,,8542,,,,0.0,,0.0,,0.0
,,,0.03331487625837326,,0.9119601249694824,,,,,,,,,,,1.0,1.0,,,,,8543,,,,0.0,,0.0,,0.0
,,,0.0234375,,0.9296875,,,,,,,,,,,1.0,1.0,,,,,8544,,,,0.0,,0.0,,0.0
,,,0.01953125,,0.9375,,,,,,,,,,,1.0,1.0,,,,,8545,,,,0.0,,0.0,,0.0
,,,0.02228134498000145,,0.6207183003425598,,,,,,,,,,,1.0,1.0,,,,,8546,,,,0.0,,0.0,,0.0
,,,0.0078125,,0.4140625,,,,,,,,,,,1.0,1.0,,,,,8547,,,,0.0,,0.0,,0.0
,,,0.0107421875,,0.484375,,,,,,,,,,,1.0,1.0,,,,,8548,,,,0.0,,0.0,,0.0
,,,0.046875,,0.6830357313156128,,,,,,,,,,,1.0,1.0,,,,,8549,,,,0.0,,0.0,,0.0
,,,0.02901785634458065,,0.90625,,,,,,,,,,,1.0,1.0,,,,,8550,,,,0.0,,0.0,,0.0
,,,0.017578125,,0.859375,,,,,,,,,,,1.0,1.0,,,,,8551,,,,0.0,,0.0,,0.0
,,,0.02525252476334572,,0.8038073182106018,,,,,,,,,,,1.0,1.0,,,,,8552,,,,0.0,,0.0,,0.0
,,,0.0087890625,,0.5234375,,,,,,,,,,,1.0,1.0,,,,,8553,,,,0.0,,0.0,,0.0
,,,0.0066964286379516125,,0.5703125,,,,,,,,,,,1.0,1.0,,,,,8554,,,,0.0,,0.0,,0.0
,,,0.008858268149197102,,0.6456692814826965,,,,,,,,,,,1.0,1.0,,,,,8555,,,,0.0,,0.0,,0.0
92,0.14262226223945618,0.20421132445335388,,0.6749920845031738,,,,,,,,,,,,,,63.94951248168945,415136.75,4.1580939292907715,457.797119140625,20552,,,0.0,,0.0,,0.0,
92,,,,,,1.5115396976470947,,-17.792890548706055,,8.237998008728027,,,,,,,,,,,,20552,2.4225683212280273,,,,,,,
,,,,,,,,,,,,,,5.988842792606921e-06,0.03,,,,,,,20599,,,,,,,,
93,,,,,,,1.5108668804168701,,-17.797212600708008,,8.1484375,5.981433332635788e-06,0.029999999329447746,,,1.0,1.0,,,,,20599,,2.2352991104125977,,,,,,
,,,,,,,,,,,,,,5.624307375079262e-06,0.03,,,,,,,20649,,,,,,,,
93,,,,,,,1.5268845558166504,,-17.786935806274414,,8.875,5.617140232061502e-06,0.029999999329447746,,,1.0,1.0,,,,,20649,,2.5027434825897217,,,,,,
,,,,,,,,,,,,,,5.2719074251675995e-06,0.03,,,,,,,20699,,,,,,,,
93,,,,,,,1.5141127109527588,,-17.79734992980957,,8.234375,5.264983428787673e-06,0.029999999329447746,,,1.0,1.0,,,,,20699,,2.6124801635742188,,,,,,
,,,,,,,,,,,,,,4.931664921661422e-06,0.03,,,,,,,20749,,,,,,,,
93,,,,,,,1.5157573223114014,,-17.791271209716797,,8.4375,4.924984295939794e-06,0.029999999329447746,,,1.0,1.0,,,,,20749,,2.664896011352539,,,,,,
,,,0.0481770820915699,,0.84375,,,,,,,,,,,1.0,1.0,,,,,8556,,,,0.0,,0.0,,0.0
,,,0.0533854179084301,,0.875,,,,,,,,,,,1.0,1.0,,,,,8557,,,,0.0,,0.0,,0.0
,,,0.12730717658996582,,0.9072240591049194,,,,,,,,,,,1.0,1.0,,,,,8558,,,,0.0,,0.0,,0.0
,,,0.0419921875,,0.8984375,,,,,,,,,,,1.0,1.0,,,,,8559,,,,0.0,,0.0,,0.0
,,,0.0598958320915699,,0.8984375,,,,,,,,,,,1.0,1.0,,,,,8560,,,,0.0,,0.0,,0.0
,,,0.0572916679084301,,0.7756410241127014,,,,,,,,,,,1.0,1.0,,,,,8561,,,,0.0,,0.0,,0.0
,,,0.0048828125,,0.59375,,,,,,,,,,,1.0,1.0,,,,,8562,,,,0.0,,0.0,,0.0
,,,0.0078125,,0.6640625,,,,,,,,,,,1.0,1.0,,,,,8563,,,,0.0,,0.0,,0.0
,,,0.001179245300590992,,0.6766723394393921,,,,,,,,,,,1.0,1.0,,,,,8564,,,,0.0,,0.0,,0.0
,,,0.004464285913854837,,0.5078125,,,,,,,,,,,1.0,1.0,,,,,8565,,,,0.0,,0.0,,0.0
,,,0.0026041667442768812,,0.5,,,,,,,,,,,1.0,1.0,,,,,8566,,,,0.0,,0.0,,0.0
,,,0.005580357275903225,,0.515625,,,,,,,,,,,1.0,1.0,,,,,8567,,,,0.0,,0.0,,0.0
,,,0.024888889864087105,,0.382666677236557,,,,,,,,,,,1.0,1.0,,,,,8568,,,,0.0,,0.0,,0.0
,,,0.02604166604578495,,0.4140625,,,,,,,,,,,1.0,1.0,,,,,8569,,,,0.0,,0.0,,0.0
,,,0.0283203125,,0.4375,,,,,,,,,,,1.0,1.0,,,,,8570,,,,0.0,,0.0,,0.0
,,,0.07212885469198227,,0.7609710693359375,,,,,,,,,,,1.0,1.0,,,,,8571,,,,0.0,,0.0,,0.0
,,,0.0368303582072258,,0.9765625,,,,,,,,,,,1.0,1.0,,,,,8572,,,,0.0,,0.0,,0.0
,,,0.0322265625,,0.96875,,,,,,,,,,,1.0,1.0,,,,,8573,,,,0.0,,0.0,,0.0
,,,0.0416666679084301,,0.7440476417541504,,,,,,,,,,,1.0,1.0,,,,,8574,,,,0.0,,0.0,,0.0
,,,0.0029296875,,0.5078125,,,,,,,,,,,1.0,1.0,,,,,8575,,,,0.0,,0.0,,0.0
,,,0.0026041667442768812,,0.4765625,,,,,,,,,,,1.0,1.0,,,,,8576,,,,0.0,,0.0,,0.0
,,,0.0036363634280860424,,0.25691157579421997,,,,,,,,,,,1.0,1.0,,,,,8577,,,,0.0,,0.0,,0.0
,,,0.0,,0.0390625,,,,,,,,,,,1.0,1.0,,,,,8578,,,,0.0,,0.0,,0.0
,,,0.0,,0.015625,,,,,,,,,,,1.0,1.0,,,,,8579,,,,0.0,,0.0,,0.0
,,,0.07821565866470337,,0.5113300681114197,,,,,,,,,,,1.0,1.0,,,,,8580,,,,0.0,,0.0,,0.0
,,,0.1002604141831398,,0.984375,,,,,,,,,,,1.0,1.0,,,,,8581,,,,0.0,,0.0,,0.0
,,,0.0881696417927742,,0.96875,,,,,,,,,,,1.0,1.0,,,,,8582,,,,0.0,,0.0,,0.0
,,,0.1172686517238617,,0.8667924404144287,,,,,,,,,,,1.0,1.0,,,,,8583,,,,0.0,,0.0,,0.0
,,,0.029296875,,0.6953125,,,,,,,,,,,1.0,1.0,,,,,8584,,,,0.0,,0.0,,0.0
,,,0.0245535708963871,,0.7109375,,,,,,,,,,,1.0,1.0,,,,,8585,,,,0.0,,0.0,,0.0
,,,0.07844440639019012,,0.7538987398147583,,,,,,,,,,,1.0,1.0,,,,,8586,,,,0.0,,0.0,,0.0
,,,0.0625,,0.8359375,,,,,,,,,,,1.0,1.0,,,,,8587,,,,0.0,,0.0,,0.0
,,,0.0455729179084301,,0.8359375,,,,,,,,,,,1.0,1.0,,,,,8588,,,,0.0,,0.0,,0.0
,,,0.10073891282081604,,0.8837438225746155,,,,,,,,,,,1.0,1.0,,,,,8589,,,,0.0,,0.0,,0.0
,,,0.0491071417927742,,0.90625,,,,,,,,,,,1.0,1.0,,,,,8590,,,,0.0,,0.0,,0.0
,,,0.0638020858168602,,0.9296875,,,,,,,,,,,1.0,1.0,,,,,8591,,,,0.0,,0.0,,0.0
,,,0.05049547553062439,,0.7881086468696594,,,,,,,,,,,1.0,1.0,,,,,8592,,,,0.0,,0.0,,0.0
,,,0.0033482143189758062,,0.6328125,,,,,,,,,,,1.0,1.0,,,,,8593,,,,0.0,,0.0,,0.0
,,,0.0052083334885537624,,0.6796875,,,,,,,,,,,1.0,1.0,,,,,8594,,,,0.0,,0.0,,0.0
,,,0.003968254197388887,,0.5479853749275208,,,,,,,,,,,1.0,1.0,,,,,8595,,,,0.0,,0.0,,0.0
,,,0.0026041667442768812,,0.5078125,,,,,,,,,,,1.0,1.0,,,,,8596,,,,0.0,,0.0,,0.0
,,,0.0008680555620230734,,0.5,,,,,,,,,,,1.0,1.0,,,,,8597,,,,0.0,,0.0,,0.0
,,,0.03267045319080353,,0.48636361956596375,,,,,,,,,,,1.0,1.0,,,,,8598,,,,0.0,,0.0,,0.0
,,,0.02734375,,0.40625,,,,,,,,,,,1.0,1.0,,,,,8599,,,,0.0,,0.0,,0.0
,,,0.025390625,,0.3828125,,,,,,,,,,,1.0,1.0,,,,,8600,,,,0.0,,0.0,,0.0
,,,0.06734981387853622,,0.7352941036224365,,,,,,,,,,,1.0,1.0,,,,,8601,,,,0.0,,0.0,,0.0
,,,0.0357142873108387,,0.96875,,,,,,,,,,,1.0,1.0,,,,,8602,,,,0.0,,0.0,,0.0
,,,0.046875,,0.984375,,,,,,,,,,,1.0,1.0,,,,,8603,,,,0.0,,0.0,,0.0
,,,0.04296875,,0.984375,,,,,,,,,,,1.0,1.0,,,,,8604,,,,0.0,,0.0,,0.0
,,,0.002249718876555562,,0.7362204790115356,,,,,,,,,,,1.0,1.0,,,,,8605,,,,0.0,,0.0,,0.0
,,,0.0029296875,,0.515625,,,,,,,,,,,1.0,1.0,,,,,8606,,,,0.0,,0.0,,0.0
,,,0.0029296875,,0.5234375,,,,,,,,,,,1.0,1.0,,,,,8607,,,,0.0,,0.0,,0.0
,,,0.0,,0.26293104887008667,,,,,,,,,,,1.0,1.0,,,,,8608,,,,0.0,,0.0,,0.0
,,,0.0,,0.0078125,,,,,,,,,,,1.0,1.0,,,,,8609,,,,0.0,,0.0,,0.0
,,,0.0,,0.0234375,,,,,,,,,,,1.0,1.0,,,,,8610,,,,0.0,,0.0,,0.0
,,,0.07764942944049835,,0.535753607749939,,,,,,,,,,,1.0,1.0,,,,,8611,,,,0.0,,0.0,,0.0
,,,0.1158854141831398,,1.0,,,,,,,,,,,1.0,1.0,,,,,8612,,,,0.0,,0.0,,0.0
,,,0.0732421875,,0.96875,,,,,,,,,,,1.0,1.0,,,,,8613,,,,0.0,,0.0,,0.0
,,,0.127976194024086,,0.828125,,,,,,,,,,,1.0,1.0,,,,,8614,,,,0.0,,0.0,,0.0
,,,0.01953125,,0.71875,,,,,,,,,,,1.0,1.0,,,,,8615,,,,0.0,,0.0,,0.0
,,,0.0205078125,,0.734375,,,,,,,,,,,1.0,1.0,,,,,8616,,,,0.0,,0.0,,0.0
,,,0.07055845856666565,,0.7577519416809082,,,,,,,,,,,1.0,1.0,,,,,8617,,,,0.0,,0.0,,0.0
,,,0.0401785708963871,,0.84375,,,,,,,,,,,1.0,1.0,,,,,8618,,,,0.0,,0.0,,0.0
,,,0.0502232126891613,,0.84375,,,,,,,,,,,1.0,1.0,,,,,8619,,,,0.0,,0.0,,0.0
,,,0.10639134794473648,,0.9244837760925293,,,,,,,,,,,1.0,1.0,,,,,8620,,,,0.0,,0.0,,0.0
,,,0.046875,,0.859375,,,,,,,,,,,1.0,1.0,,,,,8621,,,,0.0,,0.0,,0.0
,,,0.0502232126891613,,0.9453125,,,,,,,,,,,1.0,1.0,,,,,8622,,,,0.0,,0.0,,0.0
,,,0.060750361531972885,,0.7626262903213501,,,,,,,,,,,1.0,1.0,,,,,8623,,,,0.0,,0.0,,0.0
,,,0.001953125,,0.6484375,,,,,,,,,,,1.0,1.0,,,,,8624,,,,0.0,,0.0,,0.0
,,,0.0029296875,,0.6328125,,,,,,,,,,,1.0,1.0,,,,,8625,,,,0.0,,0.0,,0.0
,,,0.012433862313628197,,0.5249999761581421,,,,,,,,,,,1.0,1.0,,,,,8626,,,,0.0,,0.0,,0.0
,,,0.001953125,,0.578125,,,,,,,,,,,1.0,1.0,,,,,8627,,,,0.0,,0.0,,0.0
,,,0.0,,0.4921875,,,,,,,,,,,1.0,1.0,,,,,8628,,,,0.0,,0.0,,0.0
,,,0.03868808597326279,,0.5136546492576599,,,,,,,,,,,1.0,1.0,,,,,8629,,,,0.0,,0.0,,0.0
,,,0.0244140625,,0.40625,,,,,,,,,,,1.0,1.0,,,,,8630,,,,0.0,,0.0,,0.0
,,,0.0334821417927742,,0.421875,,,,,,,,,,,1.0,1.0,,,,,8631,,,,0.0,,0.0,,0.0
,,,0.06799083203077316,,0.7450980544090271,,,,,,,,,,,1.0,1.0,,,,,8632,,,,0.0,,0.0,,0.0
,,,0.0334821417927742,,0.9453125,,,,,,,,,,,1.0,1.0,,,,,8633,,,,0.0,,0.0,,0.0
,,,0.0334821417927742,,0.96875,,,,,,,,,,,1.0,1.0,,,,,8634,,,,0.0,,0.0,,0.0
,,,0.03828508034348488,,0.7206533551216125,,,,,,,,,,,1.0,1.0,,,,,8635,,,,0.0,,0.0,,0.0
,,,0.0022321429569274187,,0.4921875,,,,,,,,,,,1.0,1.0,,,,,8636,,,,0.0,,0.0,,0.0
,,,0.0048828125,,0.515625,,,,,,,,,,,1.0,1.0,,,,,8637,,,,0.0,,0.0,,0.0
,,,0.002290950622409582,,0.2532424330711365,,,,,,,,,,,1.0,1.0,,,,,8638,,,,0.0,,0.0,,0.0
,,,0.0,,0.0234375,,,,,,,,,,,1.0,1.0,,,,,8639,,,,0.0,,0.0,,0.0
,,,0.0,,0.0234375,,,,,,,,,,,1.0,1.0,,,,,8640,,,,0.0,,0.0,,0.0
,,,0.06339285522699356,,0.5178571343421936,,,,,,,,,,,1.0,1.0,,,,,8641,,,,0.0,,0.0,,0.0
,,,0.09765625,,0.9765625,,,,,,,,,,,1.0,1.0,,,,,8642,,,,0.0,,0.0,,0.0
,,,0.076171875,,0.9765625,,,,,,,,,,,1.0,1.0,,,,,8643,,,,0.0,,0.0,,0.0
,,,0.13497613370418549,,0.751359760761261,,,,,,,,,,,1.0,1.0,,,,,8644,,,,0.0,,0.0,,0.0
,,,0.0323660708963871,,0.71875,,,,,,,,,,,1.0,1.0,,,,,8645,,,,0.0,,0.0,,0.0
,,,0.01953125,,0.6953125,,,,,,,,,,,1.0,1.0,,,,,8646,,,,0.0,,0.0,,0.0
,,,0.03051181137561798,,0.7244094610214233,,,,,,,,,,,1.0,1.0,,,,,8647,,,,0.0,,0.0,,0.0
93,0.13205239176750183,0.20410296320915222,,0.6535788774490356,,,,,,,,,,,,,,62.53300476074219,399766.875,4.13569450378418,459.3637390136719,20773,,,0.0,,0.0,,0.0,
93,,,,,,1.5123845338821411,,-17.793458938598633,,8.252669334411621,,,,,,,,,,,,20773,2.4233205318450928,,,,,,,
,,,,,,,,,,,,,,4.6036010851038495e-06,0.03,,,,,,,20799,,,,,,,,
94,,,,,,,1.499847412109375,,-17.80595588684082,,7.73046875,4.597164206643356e-06,0.029999999329447746,,,1.0,1.0,,,,,20799,,2.238917350769043,,,,,,
,,,,,,,,,,,,,,4.2877363764682985e-06,0.03,,,,,,,20849,,,,,,,,
94,,,,,,,1.5093295574188232,,-17.787900924682617,,8.078125,4.281543624529149e-06,0.029999999329447746,,,1.0,1.0,,,,,20849,,2.446475028991699,,,,,,
,,,,,,,,,,,,,,3.984090495882192e-06,0.03,,,,,,,20899,,,,,,,,
94,,,,,,,1.5122567415237427,,-17.794496536254883,,8.3515625,3.978142558480613e-06,0.029999999329447746,,,1.0,1.0,,,,,20899,,2.3590335845947266,,,,,,
,,,,,,,,,,,,,,3.6926823813983886e-06,0.03,,,,,,,20949,,,,,,,,
94,,,,,,,1.5138189792633057,,-17.796751022338867,,8.125,3.686979198391782e-06,0.029999999329447746,,,1.0,1.0,,,,,20949,,2.472968339920044,,,,,,
,,,0.0,,0.0234375,,,,,,,,,,,1.0,1.0,,,,,8648,,,,0.0,,0.0,,0.0
,,,0.0,,0.015625,,,,,,,,,,,1.0,1.0,,,,,8649,,,,0.0,,0.0,,0.0
,,,0.0,,0.009900989942252636,,,,,,,,,,,1.0,1.0,,,,,8650,,,,0.0,,0.0,,0.0
,,,0.0,,0.03125,,,,,,,,,,,1.0,1.0,,,,,8651,,,,0.0,,0.0,,0.0
,,,0.0,,0.0390625,,,,,,,,,,,1.0,1.0,,,,,8652,,,,0.0,,0.0,,0.0
,,,0.0,,0.29006412625312805,,,,,,,,,,,1.0,1.0,,,,,8653,,,,0.0,,0.0,,0.0
,,,0.0,,0.65625,,,,,,,,,,,1.0,1.0,,,,,8654,,,,0.0,,0.0,,0.0
,,,0.0,,0.7109375,,,,,,,,,,,1.0,1.0,,,,,8655,,,,0.0,,0.0,,0.0
,,,0.0,,0.525300145149231,,,,,,,,,,,1.0,1.0,,,,,8656,,,,0.0,,0.0,,0.0
,,,0.0,,0.40625,,,,,,,,,,,1.0,1.0,,,,,8657,,,,0.0,,0.0,,0.0
,,,0.0,,0.453125,,,,,,,,,,,1.0,1.0,,,,,8658,,,,0.0,,0.0,,0.0
,,,0.0,,0.3828125,,,,,,,,,,,1.0,1.0,,,,,8659,,,,0.0,,0.0,,0.0
,,,0.08666666597127914,,0.5386666655540466,,,,,,,,,,,1.0,1.0,,,,,8660,,,,0.0,,0.0,,0.0
,,,0.0755208358168602,,0.7734375,,,,,,,,,,,1.0,1.0,,,,,8661,,,,0.0,,0.0,,0.0
,,,0.09218750149011612,,0.7578125,,,,,,,,,,,1.0,1.0,,,,,8662,,,,0.0,,0.0,,0.0
,,,0.15950825810432434,,0.8888888955116272,,,,,,,,,,,1.0,1.0,,,,,8663,,,,0.0,,0.0,,0.0
,,,0.10781250149011612,,1.0,,,,,,,,,,,1.0,1.0,,,,,8664,,,,0.0,,0.0,,0.0
,,,0.119140625,,1.0,,,,,,,,,,,1.0,1.0,,,,,8665,,,,0.0,,0.0,,0.0
,,,0.19545453786849976,,1.0,,,,,,,,,,,1.0,1.0,,,,,8666,,,,0.0,,0.0,,0.0
,,,0.125,,0.9921875,,,,,,,,,,,1.0,1.0,,,,,8667,,,,0.0,,0.0,,0.0
,,,0.1015625,,1.0,,,,,,,,,,,1.0,1.0,,,,,8668,,,,0.0,,0.0,,0.0
,,,0.08107098191976547,,0.6917808055877686,,,,,,,,,,,1.0,1.0,,,,,8669,,,,0.0,,0.0,,0.0
,,,0.0052083334885537624,,0.375,,,,,,,,,,,1.0,1.0,,,,,8670,,,,0.0,,0.0,,0.0
,,,0.0078125,,0.359375,,,,,,,,,,,1.0,1.0,,,,,8671,,,,0.0,,0.0,,0.0
,,,0.010016420856118202,,0.5955665111541748,,,,,,,,,,,1.0,1.0,,,,,8672,,,,0.0,,0.0,,0.0
,,,0.014322916977107525,,0.984375,,,,,,,,,,,1.0,1.0,,,,,8673,,,,0.0,,0.0,,0.0
,,,0.015625,,0.9765625,,,,,,,,,,,1.0,1.0,,,,,8674,,,,0.0,,0.0,,0.0
,,,0.07859119772911072,,0.9800000190734863,,,,,,,,,,,1.0,1.0,,,,,8675,,,,0.0,,0.0,,0.0
,,,0.07187499850988388,,1.0,,,,,,,,,,,1.0,1.0,,,,,8676,,,,0.0,,0.0,,0.0
,,,0.08984375,,0.9921875,,,,,,,,,,,1.0,1.0,,,,,8677,,,,0.0,,0.0,,0.0
,,,0.06078431382775307,,0.505745530128479,,,,,,,,,,,1.0,1.0,,,,,8678,,,,0.0,,0.0,,0.0
,,,0.0,,0.015625,,,,,,,,,,,1.0,1.0,,,,,8679,,,,0.0,,0.0,,0.0
,,,0.0,,0.0078125,,,,,,,,,,,1.0,1.0,,,,,8680,,,,0.0,,0.0,,0.0
,,,0.0,,0.04729064181447029,,,,,,,,,,,1.0,1.0,,,,,8681,,,,0.0,,0.0,,0.0
,,,0.0,,0.046875,,,,,,,,,,,1.0,1.0,,,,,8682,,,,0.0,,0.0,,0.0
,,,0.0,,0.078125,,,,,,,,,,,1.0,1.0,,,,,8683,,,,0.0,,0.0,,0.0
,,,0.0,,0.36041104793548584,,,,,,,,,,,1.0,1.0,,,,,8684,,,,0.0,,0.0,,0.0
,,,0.0,,0.65625,,,,,,,,,,,1.0,1.0,,,,,8685,,,,0.0,,0.0,,0.0
,,,0.0,,0.6796875,,,,,,,,,,,1.0,1.0,,,,,8686,,,,0.0,,0.0,,0.0
,,,0.0,,0.5876678824424744,,,,,,,,,,,1.0,1.0,,,,,8687,,,,0.0,,0.0,,0.0
,,,0.0013020833721384406,,0.390625,,,,,,,,,,,1.0,1.0,,,,,8688,,,,0.0,,0.0,,0.0
,,,0.0,,0.40625,,,,,,,,,,,1.0,1.0,,,,,8689,,,,0.0,,0.0,,0.0
,,,0.10999999940395355,,0.5988636612892151,,,,,,,,,,,1.0,1.0,,,,,8690,,,,0.0,,0.0,,0.0
,,,0.08906249701976776,,0.734375,,,,,,,,,,,1.0,1.0,,,,,8691,,,,0.0,,0.0,,0.0
,,,0.0703125,,0.6953125,,,,,,,,,,,1.0,1.0,,,,,8692,,,,0.0,,0.0,,0.0
,,,0.1595744788646698,,0.8723404407501221,,,,,,,,,,,1.0,1.0,,,,,8693,,,,0.0,,0.0,,0.0
,,,0.08749999850988388,,1.0,,,,,,,,,,,1.0,1.0,,,,,8694,,,,0.0,,0.0,,0.0
,,,0.10000000149011612,,1.0,,,,,,,,,,,1.0,1.0,,,,,8695,,,,0.0,,0.0,,0.0
,,,0.130859375,,1.0,,,,,,,,,,,1.0,1.0,,,,,8696,,,,0.0,,0.0,,0.0
,,,0.11181101948022842,,1.0,,,,,,,,,,,1.0,1.0,,,,,8697,,,,0.0,,0.0,,0.0
,,,0.146484375,,1.0,,,,,,,,,,,1.0,1.0,,,,,8698,,,,0.0,,0.0,,0.0
,,,0.12109375,,1.0,,,,,,,,,,,1.0,1.0,,,,,8699,,,,0.0,,0.0,,0.0
,,,0.09051724523305893,,0.6379310488700867,,,,,,,,,,,1.0,1.0,,,,,8700,,,,0.0,,0.0,,0.0
,,,0.00390625,,0.3203125,,,,,,,,,,,1.0,1.0,,,,,8701,,,,0.0,,0.0,,0.0
,,,0.0026041667442768812,,0.359375,,,,,,,,,,,1.0,1.0,,,,,8702,,,,0.0,,0.0,,0.0
,,,0.02389683574438095,,0.5962596535682678,,,,,,,,,,,1.0,1.0,,,,,8703,,,,0.0,,0.0,,0.0
,,,0.013020833022892475,,1.0,,,,,,,,,,,1.0,1.0,,,,,8704,,,,0.0,,0.0,,0.0
,,,0.01171875,,0.921875,,,,,,,,,,,1.0,1.0,,,,,8705,,,,0.0,,0.0,,0.0
,,,0.08541667461395264,,0.953125,,,,,,,,,,,1.0,1.0,,,,,8706,,,,0.0,,0.0,,0.0
,,,0.0703125,,0.9765625,,,,,,,,,,,1.0,1.0,,,,,8707,,,,0.0,,0.0,,0.0
,,,0.09765625,,1.0,,,,,,,,,,,1.0,1.0,,,,,8708,,,,0.0,,0.0,,0.0
,,,0.08095238357782364,,0.49390918016433716,,,,,,,,,,,1.0,1.0,,,,,8709,,,,0.0,,0.0,,0.0
,,,0.0,,0.015625,,,,,,,,,,,1.0,1.0,,,,,8710,,,,0.0,,0.0,,0.0
,,,0.0,,0.015625,,,,,,,,,,,1.0,1.0,,,,,8711,,,,0.0,,0.0,,0.0
,,,0.0,,0.017699114978313446,,,,,,,,,,,1.0,1.0,,,,,8712,,,,0.0,,0.0,,0.0
,,,0.0,,0.03125,,,,,,,,,,,1.0,1.0,,,,,8713,,,,0.0,,0.0,,0.0
,,,0.0,,0.0546875,,,,,,,,,,,1.0,1.0,,,,,8714,,,,0.0,,0.0,,0.0
,,,0.0,,0.3545454442501068,,,,,,,,,,,1.0,1.0,,,,,8715,,,,0.0,,0.0,,0.0
,,,0.0,,0.65625,,,,,,,,,,,1.0,1.0,,,,,8716,,,,0.0,,0.0,,0.0
,,,0.0,,0.625,,,,,,,,,,,1.0,1.0,,,,,8717,,,,0.0,,0.0,,0.0
,,,0.0,,0.42407405376434326,,,,,,,,,,,1.0,1.0,,,,,8718,,,,0.0,,0.0,,0.0
,,,0.0,,0.4453125,,,,,,,,,,,1.0,1.0,,,,,8719,,,,0.0,,0.0,,0.0
,,,0.0,,0.3984375,,,,,,,,,,,1.0,1.0,,,,,8720,,,,0.0,,0.0,,0.0
,,,0.08605851978063583,,0.5702811479568481,,,,,,,,,,,1.0,1.0,,,,,8721,,,,0.0,,0.0,,0.0
,,,0.08437500149011612,,0.765625,,,,,,,,,,,1.0,1.0,,,,,8722,,,,0.0,,0.0,,0.0
,,,0.09375,,0.7421875,,,,,,,,,,,1.0,1.0,,,,,8723,,,,0.0,,0.0,,0.0
,,,0.162804514169693,,0.8529411554336548,,,,,,,,,,,1.0,1.0,,,,,8724,,,,0.0,,0.0,,0.0
,,,0.1015625,,1.0,,,,,,,,,,,1.0,1.0,,,,,8725,,,,0.0,,0.0,,0.0
,,,0.10000000149011612,,1.0,,,,,,,,,,,1.0,1.0,,,,,8726,,,,0.0,,0.0,,0.0
,,,0.20930233597755432,,1.0,,,,,,,,,,,1.0,1.0,,,,,8727,,,,0.0,,0.0,,0.0
,,,0.10312499850988388,,1.0,,,,,,,,,,,1.0,1.0,,,,,8728,,,,0.0,,0.0,,0.0
,,,0.10468749701976776,,1.0,,,,,,,,,,,1.0,1.0,,,,,8729,,,,0.0,,0.0,,0.0
,,,0.09278350323438644,,0.6290322542190552,,,,,,,,,,,1.0,1.0,,,,,8730,,,,0.0,,0.0,,0.0
,,,0.0052083334885537624,,0.3203125,,,,,,,,,,,1.0,1.0,,,,,8731,,,,0.0,,0.0,,0.0
,,,0.0078125,,0.3515625,,,,,,,,,,,1.0,1.0,,,,,8732,,,,0.0,,0.0,,0.0
,,,0.02678571455180645,,0.65625,,,,,,,,,,,1.0,1.0,,,,,8733,,,,0.0,,0.0,,0.0
,,,0.012500000186264515,,0.96875,,,,,,,,,,,1.0,1.0,,,,,8734,,,,0.0,,0.0,,0.0
,,,0.0078125,,0.9609375,,,,,,,,,,,1.0,1.0,,,,,8735,,,,0.0,,0.0,,0.0
,,,0.11763791739940643,,0.9700855016708374,,,,,,,,,,,1.0,1.0,,,,,8736,,,,0.0,,0.0,,0.0
,,,0.09765625,,1.0,,,,,,,,,,,1.0,1.0,,,,,8737,,,,0.0,,0.0,,0.0
,,,0.06562499701976776,,0.9921875,,,,,,,,,,,1.0,1.0,,,,,8738,,,,0.0,,0.0,,0.0
,,,0.08031495660543442,,0.9921259880065918,,,,,,,,,,,1.0,1.0,,,,,8739,,,,0.0,,0.0,,0.0
94,0.1408989131450653,0.19548958539962769,,0.616653323173523,,,,,,,,,,,,,,63.750823974609375,371810.28125,4.154982089996338,457.9471435546875,20994,,,0.0,,0.0,,0.0,
94,,,,,,1.5132644176483154,,-17.79335594177246,,8.273720741271973,,,,,,,,,,,,20994,2.453620195388794,,,,,,,
,,,,,,,,,,,,,,3.413530207813984e-06,0.03,,,,,,,20999,,,,,,,,
95,,,,,,,1.5123411417007446,,-17.801551818847656,,8.109375,3.4080721889040433e-06,0.029999999329447746,,,1.0,1.0,,,,,20999,,2.4625778198242188,,,,,,
,,,,,,,,,,,,,,3.1466513855368105e-06,0.03,,,,,,,21049,,,,,,,,
95,,,,,,,1.5101242065429688,,-17.794157028198242,,8.2109375,3.1414390377904056e-06,0.029999999329447746,,,1.0,1.0,,,,,21049,,2.4853029251098633,,,,,,
,,,,,,,,,,,,,,2.892062559499556e-06,0.03,,,,,,,21099,,,,,,,,
95,,,,,,,1.515418529510498,,-17.792049407958984,,8.40625,2.8870963433291763e-06,0.029999999329447746,,,1.0,1.0,,,,,21099,,2.4798364639282227,,,,,,
,,,,,,,,,,,,,,2.649779608121618e-06,0.03,,,,,,,21149,,,,,,,,
95,,,,,,,1.5073728561401367,,-17.802627563476562,,7.97265625,2.6450595669302857e-06,0.029999999329447746,,,1.0,1.0,,,,,21149,,2.2241721153259277,,,,,,
,,,,,,,,,,,,,,2.4198176423188392e-06,0.03,,,,,,,21199,,,,,,,,
95,,,,,,,1.4957454204559326,,-17.802772521972656,,7.7421875,2.4153441700036637e-06,0.029999999329447746,,,1.0,1.0,,,,,21199,,2.3487510681152344,,,,,,
,,,0.0029296875,,0.3984375,,,,,,,,,,,1.0,1.0,,,,,8740,,,,0.0,,0.0,,0.0
,,,0.0048828125,,0.3984375,,,,,,,,,,,1.0,1.0,,,,,8741,,,,0.0,,0.0,,0.0
,,,0.11390722543001175,,0.7277227640151978,,,,,,,,,,,1.0,1.0,,,,,8742,,,,0.0,,0.0,,0.0
,,,0.1026785746216774,,0.984375,,,,,,,,,,,1.0,1.0,,,,,8743,,,,0.0,,0.0,,0.0
,,,0.1184895858168602,,0.984375,,,,,,,,,,,1.0,1.0,,,,,8744,,,,0.0,,0.0,,0.0
,,,0.10760072618722916,,0.9583333730697632,,,,,,,,,,,1.0,1.0,,,,,8745,,,,0.0,,0.0,,0.0
,,,0.004464285913854837,,0.890625,,,,,,,,,,,1.0,1.0,,,,,8746,,,,0.0,,0.0,,0.0
,,,0.004687500186264515,,0.875,,,,,,,,,,,1.0,1.0,,,,,8747,,,,0.0,,0.0,,0.0
,,,0.010398799553513527,,0.8932247161865234,,,,,,,,,,,1.0,1.0,,,,,8748,,,,0.0,,0.0,,0.0
,,,0.01227678544819355,,0.7734375,,,,,,,,,,,1.0,1.0,,,,,8749,,,,0.0,,0.0,,0.0
,,,0.010044642724096775,,0.7734375,,,,,,,,,,,1.0,1.0,,,,,8750,,,,0.0,,0.0,,0.0
,,,0.01116071455180645,,0.7890625,,,,,,,,,,,1.0,1.0,,,,,8751,,,,0.0,,0.0,,0.0
,,,0.05000000074505806,,0.6413333415985107,,,,,,,,,,,1.0,1.0,,,,,8752,,,,0.0,,0.0,,0.0
,,,0.0458984375,,0.6015625,,,,,,,,,,,1.0,1.0,,,,,8753,,,,0.0,,0.0,,0.0
,,,0.0524553582072258,,0.578125,,,,,,,,,,,1.0,1.0,,,,,8754,,,,0.0,,0.0,,0.0
,,,0.0694444477558136,,0.35854342579841614,,,,,,,,,,,1.0,1.0,,,,,8755,,,,0.0,,0.0,,0.0
,,,0.0,,0.078125,,,,,,,,,,,1.0,1.0,,,,,8756,,,,0.0,,0.0,,0.0
,,,0.0,,0.1171875,,,,,,,,,,,1.0,1.0,,,,,8757,,,,0.0,,0.0,,0.0
,,,0.0,,0.034632034599781036,,,,,,,,,,,1.0,1.0,,,,,8758,,,,0.0,,0.0,,0.0
,,,0.0,,0.078125,,,,,,,,,,,1.0,1.0,,,,,8759,,,,0.0,,0.0,,0.0
,,,0.0,,0.0390625,,,,,,,,,,,1.0,1.0,,,,,8760,,,,0.0,,0.0,,0.0
,,,0.04718416929244995,,0.4109589159488678,,,,,,,,,,,1.0,1.0,,,,,8761,,,,0.0,,0.0,,0.0
,,,0.044921875,,0.78125,,,,,,,,,,,1.0,1.0,,,,,8762,,,,0.0,,0.0,,0.0
,,,0.041015625,,0.8515625,,,,,,,,,,,1.0,1.0,,,,,8763,,,,0.0,,0.0,,0.0
,,,0.09673645347356796,,0.9327585697174072,,,,,,,,,,,1.0,1.0,,,,,8764,,,,0.0,,0.0,,0.0
,,,0.0647321417927742,,0.9765625,,,,,,,,,,,1.0,1.0,,,,,8765,,,,0.0,,0.0,,0.0
,,,0.052734375,,0.9765625,,,,,,,,,,,1.0,1.0,,,,,8766,,,,0.0,,0.0,,0.0
,,,0.1466163545846939,,0.9450314044952393,,,,,,,,,,,1.0,1.0,,,,,8767,,,,0.0,,0.0,,0.0
,,,0.0379464291036129,,0.953125,,,,,,,,,,,1.0,1.0,,,,,8768,,,,0.0,,0.0,,0.0
,,,0.0345982126891613,,0.9453125,,,,,,,,,,,1.0,1.0,,,,,8769,,,,0.0,,0.0,,0.0
,,,0.03660130873322487,,0.7147742509841919,,,,,,,,,,,1.0,1.0,,,,,8770,,,,0.0,,0.0,,0.0
,,,0.0048828125,,0.4765625,,,,,,,,,,,1.0,1.0,,,,,8771,,,,0.0,,0.0,,0.0
,,,0.001953125,,0.40625,,,,,,,,,,,1.0,1.0,,,,,8772,,,,0.0,,0.0,,0.0
,,,0.1050492599606514,,0.7241379022598267,,,,,,,,,,,1.0,1.0,,,,,8773,,,,0.0,,0.0,,0.0
,,,0.0993303582072258,,0.9765625,,,,,,,,,,,1.0,1.0,,,,,8774,,,,0.0,,0.0,,0.0
,,,0.12109375,,1.0,,,,,,,,,,,1.0,1.0,,,,,8775,,,,0.0,,0.0,,0.0
,,,0.12519370019435883,,0.9328358173370361,,,,,,,,,,,1.0,1.0,,,,,8776,,,,0.0,,0.0,,0.0
,,,0.0033482143189758062,,0.890625,,,,,,,,,,,1.0,1.0,,,,,8777,,,,0.0,,0.0,,0.0
,,,0.005580357275903225,,0.890625,,,,,,,,,,,1.0,1.0,,,,,8778,,,,0.0,,0.0,,0.0
,,,0.013326356187462807,,0.8437118530273438,,,,,,,,,,,1.0,1.0,,,,,8779,,,,0.0,,0.0,,0.0
,,,0.0107421875,,0.8515625,,,,,,,,,,,1.0,1.0,,,,,8780,,,,0.0,,0.0,,0.0
,,,0.005859375,,0.7421875,,,,,,,,,,,1.0,1.0,,,,,8781,,,,0.0,,0.0,,0.0
,,,0.06883116811513901,,0.7295454740524292,,,,,,,,,,,1.0,1.0,,,,,8782,,,,0.0,,0.0,,0.0
,,,0.046875,,0.5859375,,,,,,,,,,,1.0,1.0,,,,,8783,,,,0.0,,0.0,,0.0
,,,0.0419921875,,0.5859375,,,,,,,,,,,1.0,1.0,,,,,8784,,,,0.0,,0.0,,0.0
,,,0.051861703395843506,,0.3379223942756653,,,,,,,,,,,1.0,1.0,,,,,8785,,,,0.0,,0.0,,0.0
,,,0.0,,0.078125,,,,,,,,,,,1.0,1.0,,,,,8786,,,,0.0,,0.0,,0.0
,,,0.0,,0.0859375,,,,,,,,,,,1.0,1.0,,,,,8787,,,,0.0,,0.0,,0.0
,,,0.0,,0.0625,,,,,,,,,,,1.0,1.0,,,,,8788,,,,0.0,,0.0,,0.0
,,,0.0,,0.015748031437397003,,,,,,,,,,,1.0,1.0,,,,,8789,,,,0.0,,0.0,,0.0
,,,0.0,,0.0390625,,,,,,,,,,,1.0,1.0,,,,,8790,,,,0.0,,0.0,,0.0
,,,0.0,,0.0625,,,,,,,,,,,1.0,1.0,,,,,8791,,,,0.0,,0.0,,0.0
,,,0.03639846667647362,,0.3965517282485962,,,,,,,,,,,1.0,1.0,,,,,8792,,,,0.0,,0.0,,0.0
,,,0.0580357126891613,,0.84375,,,,,,,,,,,1.0,1.0,,,,,8793,,,,0.0,,0.0,,0.0
,,,0.044921875,,0.8671875,,,,,,,,,,,1.0,1.0,,,,,8794,,,,0.0,,0.0,,0.0
,,,0.10290612280368805,,0.8925559520721436,,,,,,,,,,,1.0,1.0,,,,,8795,,,,0.0,,0.0,,0.0
,,,0.0595703125,,0.9765625,,,,,,,,,,,1.0,1.0,,,,,8796,,,,0.0,,0.0,,0.0
,,,0.0513392873108387,,0.9609375,,,,,,,,,,,1.0,1.0,,,,,8797,,,,0.0,,0.0,,0.0
,,,0.1116071417927742,,0.9322916269302368,,,,,,,,,,,1.0,1.0,,,,,8798,,,,0.0,,0.0,,0.0
,,,0.0412946417927742,,0.8984375,,,,,,,,,,,1.0,1.0,,,,,8799,,,,0.0,,0.0,,0.0
,,,0.0455729179084301,,0.921875,,,,,,,,,,,1.0,1.0,,,,,8800,,,,0.0,,0.0,,0.0
,,,0.02976190485060215,,0.7148393988609314,,,,,,,,,,,1.0,1.0,,,,,8801,,,,0.0,,0.0,,0.0
,,,0.005859375,,0.453125,,,,,,,,,,,1.0,1.0,,,,,8802,,,,0.0,,0.0,,0.0
,,,0.00390625,,0.3828125,,,,,,,,,,,1.0,1.0,,,,,8803,,,,0.0,,0.0,,0.0
,,,0.10619468986988068,,0.699999988079071,,,,,,,,,,,1.0,1.0,,,,,8804,,,,0.0,,0.0,,0.0
,,,0.1119791641831398,,0.9765625,,,,,,,,,,,1.0,1.0,,,,,8805,,,,0.0,,0.0,,0.0
,,,0.1158854141831398,,1.0,,,,,,,,,,,1.0,1.0,,,,,8806,,,,0.0,,0.0,,0.0
,,,0.105772003531456,,0.9409090876579285,,,,,,,,,,,1.0,1.0,,,,,8807,,,,0.0,,0.0,,0.0
,,,0.0066964286379516125,,0.890625,,,,,,,,,,,1.0,1.0,,,,,8808,,,,0.0,,0.0,,0.0
,,,0.00390625,,0.84375,,,,,,,,,,,1.0,1.0,,,,,8809,,,,0.0,,0.0,,0.0
,,,0.013227513059973717,,0.7981481552124023,,,,,,,,,,,1.0,1.0,,,,,8810,,,,0.0,,0.0,,0.0
,,,0.0087890625,,0.8203125,,,,,,,,,,,1.0,1.0,,,,,8811,,,,0.0,,0.0,,0.0
,,,0.004464285913854837,,0.7734375,,,,,,,,,,,1.0,1.0,,,,,8812,,,,0.0,,0.0,,0.0
,,,0.06976477056741714,,0.7484605312347412,,,,,,,,,,,1.0,1.0,,,,,8813,,,,0.0,,0.0,,0.0
,,,0.046875,,0.6015625,,,,,,,,,,,1.0,1.0,,,,,8814,,,,0.0,,0.0,,0.0
,,,0.0439453125,,0.5703125,,,,,,,,,,,1.0,1.0,,,,,8815,,,,0.0,,0.0,,0.0
,,,0.046568628400564194,,0.35905271768569946,,,,,,,,,,,1.0,1.0,,,,,8816,,,,0.0,,0.0,,0.0
,,,0.0,,0.0625,,,,,,,,,,,1.0,1.0,,,,,8817,,,,0.0,,0.0,,0.0
,,,0.0,,0.0703125,,,,,,,,,,,1.0,1.0,,,,,8818,,,,0.0,,0.0,,0.0
,,,0.0,,0.035160575062036514,,,,,,,,,,,1.0,1.0,,,,,8819,,,,0.0,,0.0,,0.0
,,,0.0,,0.078125,,,,,,,,,,,1.0,1.0,,,,,8820,,,,0.0,,0.0,,0.0
,,,0.0,,0.03125,,,,,,,,,,,1.0,1.0,,,,,8821,,,,0.0,,0.0,,0.0
,,,0.04301075264811516,,0.4832058548927307,,,,,,,,,,,1.0,1.0,,,,,8822,,,,0.0,,0.0,,0.0
,,,0.0598958320915699,,0.7890625,,,,,,,,,,,1.0,1.0,,,,,8823,,,,0.0,,0.0,,0.0
,,,0.0558035708963871,,0.8515625,,,,,,,,,,,1.0,1.0,,,,,8824,,,,0.0,,0.0,,0.0
,,,0.1216517835855484,,0.9107142686843872,,,,,,,,,,,1.0,1.0,,,,,8825,,,,0.0,,0.0,,0.0
,,,0.0647321417927742,,0.9609375,,,,,,,,,,,1.0,1.0,,,,,8826,,,,0.0,,0.0,,0.0
,,,0.0580357126891613,,0.96875,,,,,,,,,,,1.0,1.0,,,,,8827,,,,0.0,,0.0,,0.0
,,,0.1401931494474411,,0.9289044141769409,,,,,,,,,,,1.0,1.0,,,,,8828,,,,0.0,,0.0,,0.0
,,,0.0345982126891613,,0.9453125,,,,,,,,,,,1.0,1.0,,,,,8829,,,,0.0,,0.0,,0.0
,,,0.0435267873108387,,0.8828125,,,,,,,,,,,1.0,1.0,,,,,8830,,,,0.0,,0.0,,0.0
,,,0.04724409431219101,,0.9370078444480896,,,,,,,,,,,1.0,1.0,,,,,8831,,,,0.0,,0.0,,0.0
95,0.13336655497550964,0.23061922192573547,,0.6544127464294434,,,,,,,,,,,,,,63.222110748291016,386389.5625,4.14665412902832,458.62591552734375,21215,,,0.0,,0.0,,0.0,
95,,,,,,1.5121197700500488,,-17.79450798034668,,8.235435485839844,,,,,,,,,,,,21215,2.3747191429138184,,,,,,,
,,,,,,,,,,,,,,2.2021910045609194e-06,0.03,,,,,,,21249,,,,,,,,
96,,,,,,,1.5097087621688843,,-17.79751968383789,,8.21875,2.1979644770908635e-06,0.029999999329447746,,,1.0,1.0,,,,,21249,,2.2151131629943848,,,,,,
,,,,,,,,,,,,,,1.9969132679771464e-06,0.03,,,,,,,21299,,,,,,,,
96,,,,,,,1.5233715772628784,,-17.791706085205078,,8.484375,1.9929336758650606e-06,0.029999999329447746,,,1.0,1.0,,,,,21299,,2.31198787689209,,,,,,
,,,,,,,,,,,,,,1.8039972355095408e-06,0.03,,,,,,,21349,,,,,,,,
96,,,,,,,1.5207942724227905,,-17.7946720123291,,8.484375,1.8002650676862686e-06,0.029999999329447746,,,1.0,1.0,,,,,21349,,2.51497745513916,,,,,,
,,,,,,,,,,,,,,1.6234549391146124e-06,0.03,,,,,,,21399,,,,,,,,
96,,,,,,,1.5135548114776611,,-17.79563331604004,,8.421875,1.6199703622987727e-06,0.029999999329447746,,,1.0,1.0,,,,,21399,,2.3075623512268066,,,,,,
,,,0.03125,,0.9140625,,,,,,,,,,,1.0,1.0,,,,,8832,,,,0.0,,0.0,,0.0
,,,0.0341796875,,0.953125,,,,,,,,,,,1.0,1.0,,,,,8833,,,,0.0,,0.0,,0.0
,,,0.03677510842680931,,0.7011368274688721,,,,,,,,,,,1.0,1.0,,,,,8834,,,,0.0,,0.0,,0.0
,,,0.005580357275903225,,0.6015625,,,,,,,,,,,1.0,1.0,,,,,8835,,,,0.0,,0.0,,0.0
,,,0.0078125,,0.515625,,,,,,,,,,,1.0,1.0,,,,,8836,,,,0.0,,0.0,,0.0
,,,0.01007326040416956,,0.6875,,,,,,,,,,,1.0,1.0,,,,,8837,,,,0.0,,0.0,,0.0
,,,0.0022321429569274187,,0.7734375,,,,,,,,,,,1.0,1.0,,,,,8838,,,,0.0,,0.0,,0.0
,,,0.0022321429569274187,,0.7890625,,,,,,,,,,,1.0,1.0,,,,,8839,,,,0.0,,0.0,,0.0
,,,0.0020964359864592552,,0.40008577704429626,,,,,,,,,,,1.0,1.0,,,,,8840,,,,0.0,,0.0,,0.0
,,,0.0,,0.046875,,,,,,,,,,,1.0,1.0,,,,,8841,,,,0.0,,0.0,,0.0
,,,0.0,,0.046875,,,,,,,,,,,1.0,1.0,,,,,8842,,,,0.0,,0.0,,0.0
,,,0.0,,0.078125,,,,,,,,,,,1.0,1.0,,,,,8843,,,,0.0,,0.0,,0.0
,,,0.0868571400642395,,0.41999998688697815,,,,,,,,,,,1.0,1.0,,,,,8844,,,,0.0,,0.0,,0.0
,,,0.09765625,,0.8359375,,,,,,,,,,,1.0,1.0,,,,,8845,,,,0.0,,0.0,,0.0
,,,0.0770089253783226,,0.8125,,,,,,,,,,,1.0,1.0,,,,,8846,,,,0.0,,0.0,,0.0
,,,0.1001400575041771,,0.8678804636001587,,,,,,,,,,,1.0,1.0,,,,,8847,,,,0.0,,0.0,,0.0
,,,0.01897321455180645,,0.96875,,,,,,,,,,,1.0,1.0,,,,,8848,,,,0.0,,0.0,,0.0
,,,0.02566964365541935,,0.984375,,,,,,,,,,,1.0,1.0,,,,,8849,,,,0.0,,0.0,,0.0
,,,0.017676766961812973,,0.5064935088157654,,,,,,,,,,,1.0,1.0,,,,,8850,,,,0.0,,0.0,,0.0
,,,0.0,,0.0234375,,,,,,,,,,,1.0,1.0,,,,,8851,,,,0.0,,0.0,,0.0
,,,0.0,,0.0546875,,,,,,,,,,,1.0,1.0,,,,,8852,,,,0.0,,0.0,,0.0
,,,0.0015220700297504663,,0.182565376162529,,,,,,,,,,,1.0,1.0,,,,,8853,,,,0.0,,0.0,,0.0
,,,0.001953125,,0.328125,,,,,,,,,,,1.0,1.0,,,,,8854,,,,0.0,,0.0,,0.0
,,,0.005859375,,0.3671875,,,,,,,,,,,1.0,1.0,,,,,8855,,,,0.0,,0.0,,0.0
,,,0.0664408877491951,,0.6184729337692261,,,,,,,,,,,1.0,1.0,,,,,8856,,,,0.0,,0.0,,0.0
,,,0.064453125,,0.9609375,,,,,,,,,,,1.0,1.0,,,,,8857,,,,0.0,,0.0,,0.0
,,,0.0725446417927742,,0.9765625,,,,,,,,,,,1.0,1.0,,,,,8858,,,,0.0,,0.0,,0.0
,,,0.20062893629074097,,0.9611320495605469,,,,,,,,,,,1.0,1.0,,,,,8859,,,,0.0,,0.0,,0.0
,,,0.09375,,0.96875,,,,,,,,,,,1.0,1.0,,,,,8860,,,,0.0,,0.0,,0.0
,,,0.0904017835855484,,0.9453125,,,,,,,,,,,1.0,1.0,,,,,8861,,,,0.0,,0.0,,0.0
,,,0.11870725452899933,,0.9708617925643921,,,,,,,,,,,1.0,1.0,,,,,8862,,,,0.0,,0.0,,0.0
,,,0.0334821417927742,,0.9296875,,,,,,,,,,,1.0,1.0,,,,,8863,,,,0.0,,0.0,,0.0
,,,0.0361328125,,0.9296875,,,,,,,,,,,1.0,1.0,,,,,8864,,,,0.0,,0.0,,0.0
,,,0.0340605191886425,,0.732512354850769,,,,,,,,,,,1.0,1.0,,,,,8865,,,,0.0,,0.0,,0.0
,,,0.0066964286379516125,,0.578125,,,,,,,,,,,1.0,1.0,,,,,8866,,,,0.0,,0.0,,0.0
,,,0.0078125,,0.5625,,,,,,,,,,,1.0,1.0,,,,,8867,,,,0.0,,0.0,,0.0
,,,0.013422349467873573,,0.6816735863685608,,,,,,,,,,,1.0,1.0,,,,,8868,,,,0.0,,0.0,,0.0
,,,0.005580357275903225,,0.7421875,,,,,,,,,,,1.0,1.0,,,,,8869,,,,0.0,,0.0,,0.0
,,,0.005580357275903225,,0.796875,,,,,,,,,,,1.0,1.0,,,,,8870,,,,0.0,,0.0,,0.0
,,,0.003968254197388887,,0.4273504316806793,,,,,,,,,,,1.0,1.0,,,,,8871,,,,0.0,,0.0,,0.0
,,,0.0,,0.046875,,,,,,,,,,,1.0,1.0,,,,,8872,,,,0.0,,0.0,,0.0
,,,0.0,,0.0546875,,,,,,,,,,,1.0,1.0,,,,,8873,,,,0.0,,0.0,,0.0
,,,0.08124999701976776,,0.5022727251052856,,,,,,,,,,,1.0,1.0,,,,,8874,,,,0.0,,0.0,,0.0
,,,0.0814732164144516,,0.828125,,,,,,,,,,,1.0,1.0,,,,,8875,,,,0.0,,0.0,,0.0
,,,0.078125,,0.8046875,,,,,,,,,,,1.0,1.0,,,,,8876,,,,0.0,,0.0,,0.0
,,,0.11576970666646957,,0.9095745086669922,,,,,,,,,,,1.0,1.0,,,,,8877,,,,0.0,,0.0,,0.0
,,,0.0223214291036129,,0.9921875,,,,,,,,,,,1.0,1.0,,,,,8878,,,,0.0,,0.0,,0.0
,,,0.015625,,0.9609375,,,,,,,,,,,1.0,1.0,,,,,8879,,,,0.0,,0.0,,0.0
,,,0.0223214291036129,,0.96875,,,,,,,,,,,1.0,1.0,,,,,8880,,,,0.0,,0.0,,0.0
,,,0.0,,0.5354330539703369,,,,,,,,,,,1.0,1.0,,,,,8881,,,,0.0,,0.0,,0.0
,,,0.0,,0.0625,,,,,,,,,,,1.0,1.0,,,,,8882,,,,0.0,,0.0,,0.0
,,,0.0,,0.0859375,,,,,,,,,,,1.0,1.0,,,,,8883,,,,0.0,,0.0,,0.0
,,,0.0009578543831594288,,0.1882183998823166,,,,,,,,,,,1.0,1.0,,,,,8884,,,,0.0,,0.0,,0.0
,,,0.0029296875,,0.3125,,,,,,,,,,,1.0,1.0,,,,,8885,,,,0.0,,0.0,,0.0
,,,0.004464285913854837,,0.375,,,,,,,,,,,1.0,1.0,,,,,8886,,,,0.0,,0.0,,0.0
,,,0.06651081889867783,,0.591309130191803,,,,,,,,,,,1.0,1.0,,,,,8887,,,,0.0,,0.0,,0.0
,,,0.09375,,0.9765625,,,,,,,,,,,1.0,1.0,,,,,8888,,,,0.0,,0.0,,0.0
,,,0.0691964253783226,,0.953125,,,,,,,,,,,1.0,1.0,,,,,8889,,,,0.0,,0.0,,0.0
,,,0.15625,,0.953125,,,,,,,,,,,1.0,1.0,,,,,8890,,,,0.0,,0.0,,0.0
,,,0.0892857164144516,,0.96875,,,,,,,,,,,1.0,1.0,,,,,8891,,,,0.0,,0.0,,0.0
,,,0.0948660746216774,,0.984375,,,,,,,,,,,1.0,1.0,,,,,8892,,,,0.0,,0.0,,0.0
,,,0.10811184346675873,,0.9476743936538696,,,,,,,,,,,1.0,1.0,,,,,8893,,,,0.0,,0.0,,0.0
,,,0.0416666679084301,,0.9296875,,,,,,,,,,,1.0,1.0,,,,,8894,,,,0.0,,0.0,,0.0
,,,0.0302734375,,0.90625,,,,,,,,,,,1.0,1.0,,,,,8895,,,,0.0,,0.0,,0.0
,,,0.021576065570116043,,0.7787610292434692,,,,,,,,,,,1.0,1.0,,,,,8896,,,,0.0,,0.0,,0.0
,,,0.005580357275903225,,0.53125,,,,,,,,,,,1.0,1.0,,,,,8897,,,,0.0,,0.0,,0.0
,,,0.0033482143189758062,,0.5859375,,,,,,,,,,,1.0,1.0,,,,,8898,,,,0.0,,0.0,,0.0
,,,0.007792207878082991,,0.631313145160675,,,,,,,,,,,1.0,1.0,,,,,8899,,,,0.0,,0.0,,0.0
,,,0.004464285913854837,,0.7890625,,,,,,,,,,,1.0,1.0,,,,,8900,,,,0.0,,0.0,,0.0
,,,0.005859375,,0.8359375,,,,,,,,,,,1.0,1.0,,,,,8901,,,,0.0,,0.0,,0.0
,,,0.0071428571827709675,,0.4259259104728699,,,,,,,,,,,1.0,1.0,,,,,8902,,,,0.0,,0.0,,0.0
,,,0.0,,0.0859375,,,,,,,,,,,1.0,1.0,,,,,8903,,,,0.0,,0.0,,0.0
,,,0.0,,0.09375,,,,,,,,,,,1.0,1.0,,,,,8904,,,,0.0,,0.0,,0.0
,,,0.07981927692890167,,0.46198126673698425,,,,,,,,,,,1.0,1.0,,,,,8905,,,,0.0,,0.0,,0.0
,,,0.0859375,,0.8359375,,,,,,,,,,,1.0,1.0,,,,,8906,,,,0.0,,0.0,,0.0
,,,0.078125,,0.8359375,,,,,,,,,,,1.0,1.0,,,,,8907,,,,0.0,,0.0,,0.0
,,,0.09327367693185806,,0.8465750217437744,,,,,,,,,,,1.0,1.0,,,,,8908,,,,0.0,,0.0,,0.0
,,,0.0338541679084301,,0.96875,,,,,,,,,,,1.0,1.0,,,,,8909,,,,0.0,,0.0,,0.0
,,,0.02566964365541935,,0.984375,,,,,,,,,,,1.0,1.0,,,,,8910,,,,0.0,,0.0,,0.0
,,,0.01744186133146286,,0.5002768635749817,,,,,,,,,,,1.0,1.0,,,,,8911,,,,0.0,,0.0,,0.0
,,,0.0,,0.1015625,,,,,,,,,,,1.0,1.0,,,,,8912,,,,0.0,,0.0,,0.0
,,,0.0,,0.0390625,,,,,,,,,,,1.0,1.0,,,,,8913,,,,0.0,,0.0,,0.0
,,,0.0,,0.1760891228914261,,,,,,,,,,,1.0,1.0,,,,,8914,,,,0.0,,0.0,,0.0
,,,0.0029296875,,0.3125,,,,,,,,,,,1.0,1.0,,,,,8915,,,,0.0,,0.0,,0.0
,,,0.00390625,,0.34375,,,,,,,,,,,1.0,1.0,,,,,8916,,,,0.0,,0.0,,0.0
,,,0.0904017835855484,,0.625,,,,,,,,,,,1.0,1.0,,,,,8917,,,,0.0,,0.0,,0.0
,,,0.10312499850988388,,0.9765625,,,,,,,,,,,1.0,1.0,,,,,8918,,,,0.0,,0.0,,0.0
,,,0.0669642835855484,,0.96875,,,,,,,,,,,1.0,1.0,,,,,8919,,,,0.0,,0.0,,0.0
,,,0.1886816918849945,,0.9032634496688843,,,,,,,,,,,1.0,1.0,,,,,8920,,,,0.0,,0.0,,0.0
,,,0.0859375,,1.0,,,,,,,,,,,1.0,1.0,,,,,8921,,,,0.0,,0.0,,0.0
,,,0.0892857164144516,,0.9765625,,,,,,,,,,,1.0,1.0,,,,,8922,,,,0.0,,0.0,,0.0
,,,0.09786276519298553,,0.9921259880065918,,,,,,,,,,,1.0,1.0,,,,,8923,,,,0.0,,0.0,,0.0
96,0.1348283290863037,0.2225620150566101,,0.6457118988037109,,,,,,,,,,,,,,63.398834228515625,395490.0625,4.149445533752441,458.1696472167969,21436,,,0.0,,0.0,,0.0,
96,,,,,,1.512899398803711,,-17.793794631958008,,8.257193565368652,,,,,,,,,,,,21436,2.4503424167633057,,,,,,,
,,,,,,,,,,,,,,1.4552976390127888e-06,0.03,,,,,,,21449,,,,,,,,
97,,,,,,,1.509832501411438,,-17.795623779296875,,8.3515625,1.452060928386345e-06,0.029999999329447746,,,1.0,1.0,,,,,21449,,2.3770461082458496,,,,,,
,,,,,,,,,,,,,,1.29953582298617e-06,0.03,,,,,,,21499,,,,,,,,
97,,,,,,,1.5101028680801392,,-17.79339027404785,,8.2109375,1.2965471114512184e-06,0.029999999329447746,,,1.0,1.0,,,,,21499,,2.794163703918457,,,,,,
,,,,,,,,,,,,,,1.156179205724481e-06,0.03,,,,,,,21549,,,,,,,,
97,,,,,,,1.5098813772201538,,-17.792409896850586,,8.296875,1.1534386885614367e-06,0.029999999329447746,,,1.0,1.0,,,,,21549,,2.578439950942993,,,,,,
,,,,,,,,,,,,,,1.025236728219057e-06,0.03,,,,,,,21599,,,,,,,,
97,,,,,,,1.498664379119873,,-17.791229248046875,,7.7109375,1.0227445272903424e-06,0.029999999329447746,,,1.0,1.0,,,,,21599,,2.2538602352142334,,,,,,
,,,,,,,,,,,,,,9.067165572052909e-07,0.03,,,,,,,21649,,,,,,,,
97,,,,,,,1.5076565742492676,,-17.79496955871582,,8.0625,9.04472926777089e-07,0.029999999329447746,,,1.0,1.0,,,,,21649,,2.343167304992676,,,,,,
,,,0.0015625000232830644,,0.921875,,,,,,,,,,,1.0,1.0,,,,,8924,,,,0.0,,0.0,,0.0
,,,0.00390625,,0.90625,,,,,,,,,,,1.0,1.0,,,,,8925,,,,0.0,,0.0,,0.0
,,,0.005657708737999201,,0.8813714981079102,,,,,,,,,,,1.0,1.0,,,,,8926,,,,0.0,,0.0,,0.0
,,,0.0,,0.8515625,,,,,,,,,,,1.0,1.0,,,,,8927,,,,0.0,,0.0,,0.0
,,,0.0,,0.890625,,,,,,,,,,,1.0,1.0,,,,,8928,,,,0.0,,0.0,,0.0
,,,0.0,,0.4134615361690521,,,,,,,,,,,1.0,1.0,,,,,8929,,,,0.0,,0.0,,0.0
,,,0.0,,0.0,,,,,,,,,,,1.0,1.0,,,,,8930,,,,0.0,,0.0,,0.0
,,,0.0,,0.0,,,,,,,,,,,1.0,1.0,,,,,8931,,,,0.0,,0.0,,0.0
,,,0.027272727340459824,,0.47727271914482117,,,,,,,,,,,1.0,1.0,,,,,8932,,,,0.0,,0.0,,0.0
,,,0.0078125,,0.953125,,,,,,,,,,,1.0,1.0,,,,,8933,,,,0.0,,0.0,,0.0
,,,0.00390625,,0.953125,,,,,,,,,,,1.0,1.0,,,,,8934,,,,0.0,,0.0,,0.0
,,,0.0078125,,0.9375,,,,,,,,,,,1.0,1.0,,,,,8935,,,,0.0,,0.0,,0.0
,,,0.04266666993498802,,0.6133333444595337,,,,,,,,,,,1.0,1.0,,,,,8936,,,,0.0,,0.0,,0.0
,,,0.0442708320915699,,0.546875,,,,,,,,,,,1.0,1.0,,,,,8937,,,,0.0,,0.0,,0.0
,,,0.05312500149011612,,0.53125,,,,,,,,,,,1.0,1.0,,,,,8938,,,,0.0,,0.0,,0.0
,,,0.08888889104127884,,0.5476190447807312,,,,,,,,,,,1.0,1.0,,,,,8939,,,,0.0,,0.0,,0.0
,,,0.0,,0.3359375,,,,,,,,,,,1.0,1.0,,,,,8940,,,,0.0,,0.0,,0.0
,,,0.0,,0.34375,,,,,,,,,,,1.0,1.0,,,,,8941,,,,0.0,,0.0,,0.0
,,,0.18571427464485168,,0.6531385183334351,,,,,,,,,,,1.0,1.0,,,,,8942,,,,0.0,,0.0,,0.0
,,,0.2421875,,1.0,,,,,,,,,,,1.0,1.0,,,,,8943,,,,0.0,,0.0,,0.0
,,,0.234375,,1.0,,,,,,,,,,,1.0,1.0,,,,,8944,,,,0.0,,0.0,,0.0
,,,0.19178083539009094,,0.9246575236320496,,,,,,,,,,,1.0,1.0,,,,,8945,,,,0.0,,0.0,,0.0
,,,0.03125,,0.8828125,,,,,,,,,,,1.0,1.0,,,,,8946,,,,0.0,,0.0,,0.0
,,,0.02864583395421505,,0.8984375,,,,,,,,,,,1.0,1.0,,,,,8947,,,,0.0,,0.0,,0.0
,,,0.018367348238825798,,0.6940886378288269,,,,,,,,,,,1.0,1.0,,,,,8948,,,,0.0,,0.0,,0.0
,,,0.0015625000232830644,,0.4140625,,,,,,,,,,,1.0,1.0,,,,,8949,,,,0.0,,0.0,,0.0
,,,0.0,,0.40625,,,,,,,,,,,1.0,1.0,,,,,8950,,,,0.0,,0.0,,0.0
,,,0.0031446542125195265,,0.5329560041427612,,,,,,,,,,,1.0,1.0,,,,,8951,,,,0.0,,0.0,,0.0
,,,0.005859375,,0.671875,,,,,,,,,,,1.0,1.0,,,,,8952,,,,0.0,,0.0,,0.0
,,,0.0022321429569274187,,0.6640625,,,,,,,,,,,1.0,1.0,,,,,8953,,,,0.0,,0.0,,0.0
,,,0.003921568859368563,,0.8121751546859741,,,,,,,,,,,1.0,1.0,,,,,8954,,,,0.0,,0.0,,0.0
,,,0.0031250000465661287,,0.953125,,,,,,,,,,,1.0,1.0,,,,,8955,,,,0.0,,0.0,,0.0
,,,0.0031250000465661287,,0.890625,,,,,,,,,,,1.0,1.0,,,,,8956,,,,0.0,,0.0,,0.0
,,,0.02413793094456196,,0.8884236812591553,,,,,,,,,,,1.0,1.0,,,,,8957,,,,0.0,,0.0,,0.0
,,,0.0,,0.84375,,,,,,,,,,,1.0,1.0,,,,,8958,,,,0.0,,0.0,,0.0
,,,0.0,,0.8984375,,,,,,,,,,,1.0,1.0,,,,,8959,,,,0.0,,0.0,,0.0
,,,0.0,,0.35245901346206665,,,,,,,,,,,1.0,1.0,,,,,8960,,,,0.0,,0.0,,0.0
,,,0.0,,0.0,,,,,,,,,,,1.0,1.0,,,,,8961,,,,0.0,,0.0,,0.0
,,,0.0,,0.0,,,,,,,,,,,1.0,1.0,,,,,8962,,,,0.0,,0.0,,0.0
,,,0.015384615398943424,,0.4692307710647583,,,,,,,,,,,1.0,1.0,,,,,8963,,,,0.0,,0.0,,0.0
,,,0.0065104165114462376,,0.96875,,,,,,,,,,,1.0,1.0,,,,,8964,,,,0.0,,0.0,,0.0
,,,0.005580357275903225,,0.9140625,,,,,,,,,,,1.0,1.0,,,,,8965,,,,0.0,,0.0,,0.0
,,,0.06409090757369995,,0.7909090518951416,,,,,,,,,,,1.0,1.0,,,,,8966,,,,0.0,,0.0,,0.0
,,,0.05000000074505806,,0.484375,,,,,,,,,,,1.0,1.0,,,,,8967,,,,0.0,,0.0,,0.0
,,,0.03515625,,0.53125,,,,,,,,,,,1.0,1.0,,,,,8968,,,,0.0,,0.0,,0.0
,,,0.05319148674607277,,0.453066349029541,,,,,,,,,,,1.0,1.0,,,,,8969,,,,0.0,,0.0,,0.0
,,,0.0,,0.4140625,,,,,,,,,,,1.0,1.0,,,,,8970,,,,0.0,,0.0,,0.0
,,,0.0,,0.390625,,,,,,,,,,,1.0,1.0,,,,,8971,,,,0.0,,0.0,,0.0
,,,0.0,,0.3828125,,,,,,,,,,,1.0,1.0,,,,,8972,,,,0.0,,0.0,,0.0
,,,0.24015748500823975,,0.4960629940032959,,,,,,,,,,,1.0,1.0,,,,,8973,,,,0.0,,0.0,,0.0
,,,0.2421875,,1.0,,,,,,,,,,,1.0,1.0,,,,,8974,,,,0.0,,0.0,,0.0
,,,0.23828125,,1.0,,,,,,,,,,,1.0,1.0,,,,,8975,,,,0.0,,0.0,,0.0
,,,0.18965518474578857,,0.9267241358757019,,,,,,,,,,,1.0,1.0,,,,,8976,,,,0.0,,0.0,,0.0
,,,0.02901785634458065,,0.8984375,,,,,,,,,,,1.0,1.0,,,,,8977,,,,0.0,,0.0,,0.0
,,,0.02864583395421505,,0.9296875,,,,,,,,,,,1.0,1.0,,,,,8978,,,,0.0,,0.0,,0.0
,,,0.03086419589817524,,0.6659332513809204,,,,,,,,,,,1.0,1.0,,,,,8979,,,,0.0,,0.0,,0.0
,,,0.0,,0.46875,,,,,,,,,,,1.0,1.0,,,,,8980,,,,0.0,,0.0,,0.0
,,,0.0,,0.3984375,,,,,,,,,,,1.0,1.0,,,,,8981,,,,0.0,,0.0,,0.0
,,,0.0052083334885537624,,0.5260416269302368,,,,,,,,,,,1.0,1.0,,,,,8982,,,,0.0,,0.0,,0.0
,,,0.00390625,,0.65625,,,,,,,,,,,1.0,1.0,,,,,8983,,,,0.0,,0.0,,0.0
,,,0.0078125,,0.6640625,,,,,,,,,,,1.0,1.0,,,,,8984,,,,0.0,,0.0,,0.0
,,,0.0,,0.8225359916687012,,,,,,,,,,,1.0,1.0,,,,,8985,,,,0.0,,0.0,,0.0
,,,0.0031250000465661287,,0.9375,,,,,,,,,,,1.0,1.0,,,,,8986,,,,0.0,,0.0,,0.0
,,,0.0078125,,0.8984375,,,,,,,,,,,1.0,1.0,,,,,8987,,,,0.0,,0.0,,0.0
,,,0.0,,0.8958702087402344,,,,,,,,,,,1.0,1.0,,,,,8988,,,,0.0,,0.0,,0.0
,,,0.0,,0.84375,,,,,,,,,,,1.0,1.0,,,,,8989,,,,0.0,,0.0,,0.0
,,,0.0,,0.859375,,,,,,,,,,,1.0,1.0,,,,,8990,,,,0.0,,0.0,,0.0
,,,0.0,,0.3888888955116272,,,,,,,,,,,1.0,1.0,,,,,8991,,,,0.0,,0.0,,0.0
,,,0.0,,0.0,,,,,,,,,,,1.0,1.0,,,,,8992,,,,0.0,,0.0,,0.0
,,,0.0,,0.0,,,,,,,,,,,1.0,1.0,,,,,8993,,,,0.0,,0.0,,0.0
,,,0.007407407276332378,,0.47685185074806213,,,,,,,,,,,1.0,1.0,,,,,8994,,,,0.0,,0.0,,0.0
,,,0.0062500000931322575,,0.9609375,,,,,,,,,,,1.0,1.0,,,,,8995,,,,0.0,,0.0,,0.0
,,,0.0066964286379516125,,0.9296875,,,,,,,,,,,1.0,1.0,,,,,8996,,,,0.0,,0.0,,0.0
,,,0.07116466015577316,,0.7840695977210999,,,,,,,,,,,1.0,1.0,,,,,8997,,,,0.0,,0.0,,0.0
,,,0.0403645820915699,,0.53125,,,,,,,,,,,1.0,1.0,,,,,8998,,,,0.0,,0.0,,0.0
,,,0.04843749850988388,,0.5078125,,,,,,,,,,,1.0,1.0,,,,,8999,,,,0.0,,0.0,,0.0
,,,0.03921568766236305,,0.453144907951355,,,,,,,,,,,1.0,1.0,,,,,9000,,,,0.0,,0.0,,0.0
,,,0.0,,0.3828125,,,,,,,,,,,1.0,1.0,,,,,9001,,,,0.0,,0.0,,0.0
,,,0.0,,0.328125,,,,,,,,,,,1.0,1.0,,,,,9002,,,,0.0,,0.0,,0.0
,,,0.2380952388048172,,0.7206533551216125,,,,,,,,,,,1.0,1.0,,,,,9003,,,,0.0,,0.0,,0.0
,,,0.3229166567325592,,1.0,,,,,,,,,,,1.0,1.0,,,,,9004,,,,0.0,,0.0,,0.0
,,,0.240234375,,1.0,,,,,,,,,,,1.0,1.0,,,,,9005,,,,0.0,,0.0,,0.0
,,,0.27452611923217773,,0.9838709831237793,,,,,,,,,,,1.0,1.0,,,,,9006,,,,0.0,,0.0,,0.0
,,,0.0390625,,0.875,,,,,,,,,,,1.0,1.0,,,,,9007,,,,0.0,,0.0,,0.0
,,,0.02790178544819355,,0.90625,,,,,,,,,,,1.0,1.0,,,,,9008,,,,0.0,,0.0,,0.0
,,,0.02678571455180645,,0.7723214626312256,,,,,,,,,,,1.0,1.0,,,,,9009,,,,0.0,,0.0,,0.0
,,,0.0013020833721384406,,0.4140625,,,,,,,,,,,1.0,1.0,,,,,9010,,,,0.0,,0.0,,0.0
,,,0.0,,0.40625,,,,,,,,,,,1.0,1.0,,,,,9011,,,,0.0,,0.0,,0.0
,,,0.0,,0.5446775555610657,,,,,,,,,,,1.0,1.0,,,,,9012,,,,0.0,,0.0,,0.0
,,,0.0062500000931322575,,0.6640625,,,,,,,,,,,1.0,1.0,,,,,9013,,,,0.0,,0.0,,0.0
,,,0.0011160714784637094,,0.625,,,,,,,,,,,1.0,1.0,,,,,9014,,,,0.0,,0.0,,0.0
,,,0.010498687624931335,,0.6456692814826965,,,,,,,,,,,1.0,1.0,,,,,9015,,,,0.0,,0.0,,0.0
97,0.1333804726600647,0.14817169308662415,,0.6611135601997375,,,,,,,,,,,,,,63.43067932128906,374040.46875,4.149947643280029,457.439208984375,21657,,,0.0,,0.0,,0.0,
97,,,,,,1.511220932006836,,-17.794219970703125,,8.19897174835205,,,,,,,,,,,,21657,2.4061615467071533,,,,,,,
,,,,,,,,,,,,,,8.006260846532623e-07,0.03,,,,,,,21699,,,,,,,,
98,,,,,,,1.509594440460205,,-17.79404640197754,,8.125,7.98631106135872e-07,0.029999999329447746,,,1.0,1.0,,,,,21699,,2.577730178833008,,,,,,
,,,,,,,,,,,,,,7.069719273067056e-07,0.03,,,,,,,21749,,,,,,,,
98,,,,,,,1.5121543407440186,,-17.799823760986328,,8.296875,7.052257160466979e-07,0.029999999329447746,,,1.0,1.0,,,,,21749,,2.313322067260742,,,,,,
,,,,,,,,,,,,,,6.257599262703038e-07,0.03,,,,,,,21799,,,,,,,,
98,,,,,,,1.506587266921997,,-17.797025680541992,,8.296875,6.242626113817096e-07,0.029999999329447746,,,1.0,1.0,,,,,21799,,2.371140956878662,,,,,,
,,,,,,,,,,,,,,5.56995146645456e-07,0.03,,,,,,,21849,,,,,,,,
98,,,,,,,1.5170481204986572,,-17.790977478027344,,8.328125,5.557468512051855e-07,0.029999999329447746,,,1.0,1.0,,,,,21849,,2.321390151977539,,,,,,
,,,0.0390625,,0.8671875,,,,,,,,,,,1.0,1.0,,,,,9016,,,,0.0,,0.0,,0.0
,,,0.0357142873108387,,0.8359375,,,,,,,,,,,1.0,1.0,,,,,9017,,,,0.0,,0.0,,0.0
,,,0.09085075557231903,,0.8676201105117798,,,,,,,,,,,1.0,1.0,,,,,9018,,,,0.0,,0.0,,0.0
,,,0.0602678582072258,,0.96875,,,,,,,,,,,1.0,1.0,,,,,9019,,,,0.0,,0.0,,0.0
,,,0.0729166641831398,,0.9609375,,,,,,,,,,,1.0,1.0,,,,,9020,,,,0.0,,0.0,,0.0
,,,0.06364469230175018,,0.9551281929016113,,,,,,,,,,,1.0,1.0,,,,,9021,,,,0.0,,0.0,,0.0
,,,0.004464285913854837,,0.953125,,,,,,,,,,,1.0,1.0,,,,,9022,,,,0.0,,0.0,,0.0
,,,0.01227678544819355,,0.9375,,,,,,,,,,,1.0,1.0,,,,,9023,,,,0.0,,0.0,,0.0
,,,0.008254717104136944,,0.6213550567626953,,,,,,,,,,,1.0,1.0,,,,,9024,,,,0.0,,0.0,,0.0
,,,0.001953125,,0.296875,,,,,,,,,,,1.0,1.0,,,,,9025,,,,0.0,,0.0,,0.0
,,,0.0017361111240461469,,0.3203125,,,,,,,,,,,1.0,1.0,,,,,9026,,,,0.0,,0.0,,0.0
,,,0.0008680555620230734,,0.3359375,,,,,,,,,,,1.0,1.0,,,,,9027,,,,0.0,,0.0,,0.0
,,,0.03440000116825104,,0.4306666851043701,,,,,,,,,,,1.0,1.0,,,,,9028,,,,0.0,,0.0,,0.0
,,,0.0400390625,,0.5078125,,,,,,,,,,,1.0,1.0,,,,,9029,,,,0.0,,0.0,,0.0
,,,0.03125,,0.4453125,,,,,,,,,,,1.0,1.0,,,,,9030,,,,0.0,,0.0,,0.0
,,,0.04170557111501694,,0.6633986830711365,,,,,,,,,,,1.0,1.0,,,,,9031,,,,0.0,,0.0,,0.0
,,,0.004464285913854837,,0.7890625,,,,,,,,,,,1.0,1.0,,,,,9032,,,,0.0,,0.0,,0.0
,,,0.00390625,,0.8203125,,,,,,,,,,,1.0,1.0,,,,,9033,,,,0.0,,0.0,,0.0
,,,0.001700680353678763,,0.6645021438598633,,,,,,,,,,,1.0,1.0,,,,,9034,,,,0.0,,0.0,,0.0
,,,0.0009765625,,0.453125,,,,,,,,,,,1.0,1.0,,,,,9035,,,,0.0,,0.0,,0.0
,,,0.0017361111240461469,,0.4765625,,,,,,,,,,,1.0,1.0,,,,,9036,,,,0.0,,0.0,,0.0
,,,0.004109588917344809,,0.39850562810897827,,,,,,,,,,,1.0,1.0,,,,,9037,,,,0.0,,0.0,,0.0
,,,0.00434027798473835,,0.3515625,,,,,,,,,,,1.0,1.0,,,,,9038,,,,0.0,,0.0,,0.0
,,,0.0078125,,0.359375,,,,,,,,,,,1.0,1.0,,,,,9039,,,,0.0,,0.0,,0.0
,,,0.011477832682430744,,0.49334973096847534,,,,,,,,,,,1.0,1.0,,,,,9040,,,,0.0,,0.0,,0.0
,,,0.015625,,0.7109375,,,,,,,,,,,1.0,1.0,,,,,9041,,,,0.0,,0.0,,0.0
,,,0.009765625,,0.6875,,,,,,,,,,,1.0,1.0,,,,,9042,,,,0.0,,0.0,,0.0
,,,0.11148247867822647,,0.7677987813949585,,,,,,,,,,,1.0,1.0,,,,,9043,,,,0.0,,0.0,,0.0
,,,0.1184895858168602,,1.0,,,,,,,,,,,1.0,1.0,,,,,9044,,,,0.0,,0.0,,0.0
,,,0.11328125,,0.9765625,,,,,,,,,,,1.0,1.0,,,,,9045,,,,0.0,,0.0,,0.0
,,,0.11145690828561783,,0.901094377040863,,,,,,,,,,,1.0,1.0,,,,,9046,,,,0.0,,0.0,,0.0
,,,0.0390625,,0.84375,,,,,,,,,,,1.0,1.0,,,,,9047,,,,0.0,,0.0,,0.0
,,,0.0412946417927742,,0.7890625,,,,,,,,,,,1.0,1.0,,,,,9048,,,,0.0,,0.0,,0.0
,,,0.11748768389225006,,0.9182265996932983,,,,,,,,,,,1.0,1.0,,,,,9049,,,,0.0,,0.0,,0.0
,,,0.0580357126891613,,0.9296875,,,,,,,,,,,1.0,1.0,,,,,9050,,,,0.0,,0.0,,0.0
,,,0.0647321417927742,,0.9609375,,,,,,,,,,,1.0,1.0,,,,,9051,,,,0.0,,0.0,,0.0
,,,0.06957018375396729,,0.906043529510498,,,,,,,,,,,1.0,1.0,,,,,9052,,,,0.0,,0.0,,0.0
,,,0.0065104165114462376,,0.921875,,,,,,,,,,,1.0,1.0,,,,,9053,,,,0.0,,0.0,,0.0
,,,0.0068359375,,0.921875,,,,,,,,,,,1.0,1.0,,,,,9054,,,,0.0,,0.0,,0.0
,,,0.015733473002910614,,0.6374847292900085,,,,,,,,,,,1.0,1.0,,,,,9055,,,,0.0,,0.0,,0.0
,,,0.001953125,,0.34375,,,,,,,,,,,1.0,1.0,,,,,9056,,,,0.0,,0.0,,0.0
,,,0.0007812500116415322,,0.328125,,,,,,,,,,,1.0,1.0,,,,,9057,,,,0.0,,0.0,,0.0
,,,0.04829545319080353,,0.4534091055393219,,,,,,,,,,,1.0,1.0,,,,,9058,,,,0.0,,0.0,,0.0
,,,0.02968749962747097,,0.4453125,,,,,,,,,,,1.0,1.0,,,,,9059,,,,0.0,,0.0,,0.0
,,,0.0329861119389534,,0.46875,,,,,,,,,,,1.0,1.0,,,,,9060,,,,0.0,,0.0,,0.0
,,,0.03754693269729614,,0.7005631923675537,,,,,,,,,,,1.0,1.0,,,,,9061,,,,0.0,,0.0,,0.0
,,,0.00390625,,0.875,,,,,,,,,,,1.0,1.0,,,,,9062,,,,0.0,,0.0,,0.0
,,,0.0,,0.8359375,,,,,,,,,,,1.0,1.0,,,,,9063,,,,0.0,,0.0,,0.0
,,,0.0033482143189758062,,0.84375,,,,,,,,,,,1.0,1.0,,,,,9064,,,,0.0,,0.0,,0.0
,,,0.002249718876555562,,0.7559055089950562,,,,,,,,,,,1.0,1.0,,,,,9065,,,,0.0,,0.0,,0.0
,,,0.0,,0.5,,,,,,,,,,,1.0,1.0,,,,,9066,,,,0.0,,0.0,,0.0
,,,0.0,,0.46875,,,,,,,,,,,1.0,1.0,,,,,9067,,,,0.0,,0.0,,0.0
,,,0.006704980507493019,,0.4597700834274292,,,,,,,,,,,1.0,1.0,,,,,9068,,,,0.0,,0.0,,0.0
,,,0.005580357275903225,,0.3671875,,,,,,,,,,,1.0,1.0,,,,,9069,,,,0.0,,0.0,,0.0
,,,0.007031249813735485,,0.3828125,,,,,,,,,,,1.0,1.0,,,,,9070,,,,0.0,,0.0,,0.0
,,,0.01511632651090622,,0.45269525051116943,,,,,,,,,,,1.0,1.0,,,,,9071,,,,0.0,,0.0,,0.0
,,,0.01171875,,0.6875,,,,,,,,,,,1.0,1.0,,,,,9072,,,,0.0,,0.0,,0.0
,,,0.01128472201526165,,0.671875,,,,,,,,,,,1.0,1.0,,,,,9073,,,,0.0,,0.0,,0.0
,,,0.1175595223903656,,0.7760416269302368,,,,,,,,,,,1.0,1.0,,,,,9074,,,,0.0,,0.0,,0.0
,,,0.0982142835855484,,0.984375,,,,,,,,,,,1.0,1.0,,,,,9075,,,,0.0,,0.0,,0.0
,,,0.1197916641831398,,0.984375,,,,,,,,,,,1.0,1.0,,,,,9076,,,,0.0,,0.0,,0.0
,,,0.08870431780815125,,0.918327808380127,,,,,,,,,,,1.0,1.0,,,,,9077,,,,0.0,,0.0,,0.0
,,,0.04296875,,0.8203125,,,,,,,,,,,1.0,1.0,,,,,9078,,,,0.0,,0.0,,0.0
,,,0.0435267873108387,,0.828125,,,,,,,,,,,1.0,1.0,,,,,9079,,,,0.0,,0.0,,0.0
,,,0.13156342506408691,,0.9578170776367188,,,,,,,,,,,1.0,1.0,,,,,9080,,,,0.0,,0.0,,0.0
,,,0.0690104141831398,,0.921875,,,,,,,,,,,1.0,1.0,,,,,9081,,,,0.0,,0.0,,0.0
,,,0.052734375,,0.9609375,,,,,,,,,,,1.0,1.0,,,,,9082,,,,0.0,,0.0,,0.0
,,,0.06060606241226196,,0.9636363983154297,,,,,,,,,,,1.0,1.0,,,,,9083,,,,0.0,,0.0,,0.0
,,,0.009114583022892475,,0.90625,,,,,,,,,,,1.0,1.0,,,,,9084,,,,0.0,,0.0,,0.0
,,,0.0031250000465661287,,0.9375,,,,,,,,,,,1.0,1.0,,,,,9085,,,,0.0,,0.0,,0.0
,,,0.002314814832061529,,0.6370370388031006,,,,,,,,,,,1.0,1.0,,,,,9086,,,,0.0,,0.0,,0.0
,,,0.0022321429569274187,,0.2890625,,,,,,,,,,,1.0,1.0,,,,,9087,,,,0.0,,0.0,,0.0
,,,0.0034722222480922937,,0.3359375,,,,,,,,,,,1.0,1.0,,,,,9088,,,,0.0,,0.0,,0.0
,,,0.04396846890449524,,0.43868809938430786,,,,,,,,,,,1.0,1.0,,,,,9089,,,,0.0,,0.0,,0.0
,,,0.0321180559694767,,0.46875,,,,,,,,,,,1.0,1.0,,,,,9090,,,,0.0,,0.0,,0.0
,,,0.0347222238779068,,0.4765625,,,,,,,,,,,1.0,1.0,,,,,9091,,,,0.0,,0.0,,0.0
,,,0.031208444386720657,,0.6638655662536621,,,,,,,,,,,1.0,1.0,,,,,9092,,,,0.0,,0.0,,0.0
,,,0.0022321429569274187,,0.828125,,,,,,,,,,,1.0,1.0,,,,,9093,,,,0.0,,0.0,,0.0
,,,0.004464285913854837,,0.8671875,,,,,,,,,,,1.0,1.0,,,,,9094,,,,0.0,,0.0,,0.0
,,,0.006723619997501373,,0.6331672072410583,,,,,,,,,,,1.0,1.0,,,,,9095,,,,0.0,,0.0,,0.0
,,,0.0017361111240461469,,0.4921875,,,,,,,,,,,1.0,1.0,,,,,9096,,,,0.0,,0.0,,0.0
,,,0.0,,0.4375,,,,,,,,,,,1.0,1.0,,,,,9097,,,,0.0,,0.0,,0.0
,,,0.003225806402042508,,0.33455270528793335,,,,,,,,,,,1.0,1.0,,,,,9098,,,,0.0,,0.0,,0.0
,,,0.0107421875,,0.3828125,,,,,,,,,,,1.0,1.0,,,,,9099,,,,0.0,,0.0,,0.0
,,,0.0068359375,,0.3515625,,,,,,,,,,,1.0,1.0,,,,,9100,,,,0.0,,0.0,,0.0
,,,0.01785714365541935,,0.5669642686843872,,,,,,,,,,,1.0,1.0,,,,,9101,,,,0.0,,0.0,,0.0
,,,0.01822916604578495,,0.6015625,,,,,,,,,,,1.0,1.0,,,,,9102,,,,0.0,,0.0,,0.0
,,,0.013020833022892475,,0.6875,,,,,,,,,,,1.0,1.0,,,,,9103,,,,0.0,,0.0,,0.0
,,,0.09945610165596008,,0.7750582695007324,,,,,,,,,,,1.0,1.0,,,,,9104,,,,0.0,,0.0,,0.0
,,,0.083984375,,1.0,,,,,,,,,,,1.0,1.0,,,,,9105,,,,0.0,,0.0,,0.0
,,,0.0798611119389534,,0.984375,,,,,,,,,,,1.0,1.0,,,,,9106,,,,0.0,,0.0,,0.0
,,,0.11679790169000626,,1.0,,,,,,,,,,,1.0,1.0,,,,,9107,,,,0.0,,0.0,,0.0
98,0.141452357172966,0.1975870430469513,,0.6838437914848328,,,,,,,,,,,,,,63.75951385498047,384887.40625,4.155118465423584,457.82147216796875,21878,,,0.0,,0.0,,0.0,
98,,,,,,1.5126011371612549,,-17.794986724853516,,8.252191543579102,,,,,,,,,,,,21878,2.404334783554077,,,,,,,
,,,,,,,,,,,,,,5.00681877214272e-07,0.03,,,,,,,21899,,,,,,,,
99,,,,,,,1.5154340267181396,,-17.78765106201172,,8.46875,4.996826419301215e-07,0.029999999329447746,,,1.0,1.0,,,,,21899,,2.4614169597625732,,,,,,
,,,,,,,,,,,,,,4.5682363017222914e-07,0.03,,,,,,,21949,,,,,,,,
99,,,,,,,1.511422872543335,,-17.79166030883789,,8.3515625,4.560735362701962e-07,0.029999999329447746,,,1.0,1.0,,,,,21949,,2.432310104370117,,,,,,
,,,,,,,,,,,,,,4.254231409089469e-07,0.03,,,,,,,21999,,,,,,,,
99,,,,,,,1.5031585693359375,,-17.79309844970703,,7.890625,4.249222058660962e-07,0.029999999329447746,,,1.0,1.0,,,,,21999,,2.4333791732788086,,,,,,
,,,,,,,,,,,,,,4.064823678377146e-07,0.03,,,,,,,22049,,,,,,,,
99,,,,,,,1.516444206237793,,-17.788375854492188,,8.4609375,4.0623064023748157e-07,0.029999999329447746,,,1.0,1.0,,,,,22049,,2.167370080947876,,,,,,
,,,,,,,,,,,,,,4.00002492273313e-07,0.03,,,,,,,22099,,,,,,,,
99,,,,,,,1.4992371797561646,,-17.786205291748047,,7.81640625,4.0000000467443897e-07,0.029999999329447746,,,1.0,1.0,,,,,22099,,2.5234568119049072,,,,,,
,,,0.0,,0.0078125,,,,,,,,,,,1.0,1.0,,,,,9108,,,,0.0,,0.0,,0.0
,,,0.0,,0.0,,,,,,,,,,,1.0,1.0,,,,,9109,,,,0.0,,0.0,,0.0
,,,0.0,,0.18646864593029022,,,,,,,,,,,1.0,1.0,,,,,9110,,,,0.0,,0.0,,0.0
,,,0.0,,0.28125,,,,,,,,,,,1.0,1.0,,,,,9111,,,,0.0,,0.0,,0.0
,,,0.0,,0.25,,,,,,,,,,,1.0,1.0,,,,,9112,,,,0.0,,0.0,,0.0
,,,0.0,,0.3669871687889099,,,,,,,,,,,1.0,1.0,,,,,9113,,,,0.0,,0.0,,0.0
,,,0.0,,0.578125,,,,,,,,,,,1.0,1.0,,,,,9114,,,,0.0,,0.0,,0.0
,,,0.0,,0.5390625,,,,,,,,,,,1.0,1.0,,,,,9115,,,,0.0,,0.0,,0.0
,,,0.0,,0.32675814628601074,,,,,,,,,,,1.0,1.0,,,,,9116,,,,0.0,,0.0,,0.0
,,,0.0,,0.1171875,,,,,,,,,,,1.0,1.0,,,,,9117,,,,0.0,,0.0,,0.0
,,,0.0,,0.1328125,,,,,,,,,,,1.0,1.0,,,,,9118,,,,0.0,,0.0,,0.0
,,,0.0,,0.171875,,,,,,,,,,,1.0,1.0,,,,,9119,,,,0.0,,0.0,,0.0
,,,0.06079999729990959,,0.3959999978542328,,,,,,,,,,,1.0,1.0,,,,,9120,,,,0.0,,0.0,,0.0
,,,0.05781250074505806,,0.75,,,,,,,,,,,1.0,1.0,,,,,9121,,,,0.0,,0.0,,0.0
,,,0.05624999850988388,,0.6953125,,,,,,,,,,,1.0,1.0,,,,,9122,,,,0.0,,0.0,,0.0
,,,0.13426704704761505,,0.8888888955116272,,,,,,,,,,,1.0,1.0,,,,,9123,,,,0.0,,0.0,,0.0
,,,0.0755208358168602,,1.0,,,,,,,,,,,1.0,1.0,,,,,9124,,,,0.0,,0.0,,0.0
,,,0.05859375,,1.0,,,,,,,,,,,1.0,1.0,,,,,9125,,,,0.0,,0.0,,0.0
,,,0.0416666679084301,,0.976190447807312,,,,,,,,,,,1.0,1.0,,,,,9126,,,,0.0,,0.0,,0.0
,,,0.0015625000232830644,,0.9140625,,,,,,,,,,,1.0,1.0,,,,,9127,,,,0.0,,0.0,,0.0
,,,0.0015625000232830644,,0.9453125,,,,,,,,,,,1.0,1.0,,,,,9128,,,,0.0,,0.0,,0.0
,,,0.012162722647190094,,0.8038605451583862,,,,,,,,,,,1.0,1.0,,,,,9129,,,,0.0,,0.0,,0.0
,,,0.0062500000931322575,,0.65625,,,,,,,,,,,1.0,1.0,,,,,9130,,,,0.0,,0.0,,0.0
,,,0.01406249962747097,,0.640625,,,,,,,,,,,1.0,1.0,,,,,9131,,,,0.0,,0.0,,0.0
,,,0.18443350493907928,,0.8571428656578064,,,,,,,,,,,1.0,1.0,,,,,9132,,,,0.0,,0.0,,0.0
,,,0.208984375,,1.0,,,,,,,,,,,1.0,1.0,,,,,9133,,,,0.0,,0.0,,0.0
,,,0.224609375,,0.9921875,,,,,,,,,,,1.0,1.0,,,,,9134,,,,0.0,,0.0,,0.0
,,,0.3447379469871521,,0.9933333396911621,,,,,,,,,,,1.0,1.0,,,,,9135,,,,0.0,,0.0,,0.0
,,,0.046875,,1.0,,,,,,,,,,,1.0,1.0,,,,,9136,,,,0.0,,0.0,,0.0
,,,0.046875,,0.9921875,,,,,,,,,,,1.0,1.0,,,,,9137,,,,0.0,,0.0,,0.0
,,,0.037254903465509415,,0.4941176474094391,,,,,,,,,,,1.0,1.0,,,,,9138,,,,0.0,,0.0,,0.0
,,,0.0,,0.0078125,,,,,,,,,,,1.0,1.0,,,,,9139,,,,0.0,,0.0,,0.0
,,,0.0,,0.0078125,,,,,,,,,,,1.0,1.0,,,,,9140,,,,0.0,,0.0,,0.0
,,,0.0,,0.15295566618442535,,,,,,,,,,,1.0,1.0,,,,,9141,,,,0.0,,0.0,,0.0
,,,0.0,,0.234375,,,,,,,,,,,1.0,1.0,,,,,9142,,,,0.0,,0.0,,0.0
,,,0.0,,0.265625,,,,,,,,,,,1.0,1.0,,,,,9143,,,,0.0,,0.0,,0.0
,,,0.0,,0.40127232670783997,,,,,,,,,,,1.0,1.0,,,,,9144,,,,0.0,,0.0,,0.0
,,,0.0,,0.5546875,,,,,,,,,,,1.0,1.0,,,,,9145,,,,0.0,,0.0,,0.0
,,,0.0,,0.6171875,,,,,,,,,,,1.0,1.0,,,,,9146,,,,0.0,,0.0,,0.0
,,,0.0,,0.32295483350753784,,,,,,,,,,,1.0,1.0,,,,,9147,,,,0.0,,0.0,,0.0
,,,0.0,,0.109375,,,,,,,,,,,1.0,1.0,,,,,9148,,,,0.0,,0.0,,0.0
,,,0.0,,0.1484375,,,,,,,,,,,1.0,1.0,,,,,9149,,,,0.0,,0.0,,0.0
,,,0.05833333358168602,,0.4693181812763214,,,,,,,,,,,1.0,1.0,,,,,9150,,,,0.0,,0.0,,0.0
,,,0.0546875,,0.71875,,,,,,,,,,,1.0,1.0,,,,,9151,,,,0.0,,0.0,,0.0
,,,0.05624999850988388,,0.6796875,,,,,,,,,,,1.0,1.0,,,,,9152,,,,0.0,,0.0,,0.0
,,,0.11464330554008484,,0.8776595592498779,,,,,,,,,,,1.0,1.0,,,,,9153,,,,0.0,,0.0,,0.0
,,,0.0755208358168602,,1.0,,,,,,,,,,,1.0,1.0,,,,,9154,,,,0.0,,0.0,,0.0
,,,0.05859375,,1.0,,,,,,,,,,,1.0,1.0,,,,,9155,,,,0.0,,0.0,,0.0
,,,0.0963541641831398,,1.0,,,,,,,,,,,1.0,1.0,,,,,9156,,,,0.0,,0.0,,0.0
,,,0.0019685039296746254,,0.9763779640197754,,,,,,,,,,,1.0,1.0,,,,,9157,,,,0.0,,0.0,,0.0
,,,0.0,,0.9140625,,,,,,,,,,,1.0,1.0,,,,,9158,,,,0.0,,0.0,,0.0
,,,0.0,,0.96875,,,,,,,,,,,1.0,1.0,,,,,9159,,,,0.0,,0.0,,0.0
,,,0.0071839080192148685,,0.8017241358757019,,,,,,,,,,,1.0,1.0,,,,,9160,,,,0.0,,0.0,,0.0
,,,0.012500000186264515,,0.65625,,,,,,,,,,,1.0,1.0,,,,,9161,,,,0.0,,0.0,,0.0
,,,0.01406249962747097,,0.7109375,,,,,,,,,,,1.0,1.0,,,,,9162,,,,0.0,,0.0,,0.0
,,,0.18364502489566803,,0.8148148059844971,,,,,,,,,,,1.0,1.0,,,,,9163,,,,0.0,,0.0,,0.0
,,,0.2109375,,1.0,,,,,,,,,,,1.0,1.0,,,,,9164,,,,0.0,,0.0,,0.0
,,,0.234375,,0.9921875,,,,,,,,,,,1.0,1.0,,,,,9165,,,,0.0,,0.0,,0.0
,,,0.3854166567325592,,0.984375,,,,,,,,,,,1.0,1.0,,,,,9166,,,,0.0,,0.0,,0.0
,,,0.06640625,,0.9921875,,,,,,,,,,,1.0,1.0,,,,,9167,,,,0.0,,0.0,,0.0
,,,0.046875,,1.0,,,,,,,,,,,1.0,1.0,,,,,9168,,,,0.0,,0.0,,0.0
,,,0.040816329419612885,,0.488095223903656,,,,,,,,,,,1.0,1.0,,,,,9169,,,,0.0,,0.0,,0.0
,,,0.0,,0.0,,,,,,,,,,,1.0,1.0,,,,,9170,,,,0.0,,0.0,,0.0
,,,0.0,,0.0234375,,,,,,,,,,,1.0,1.0,,,,,9171,,,,0.0,,0.0,,0.0
,,,0.0,,0.1150442510843277,,,,,,,,,,,1.0,1.0,,,,,9172,,,,0.0,,0.0,,0.0
,,,0.0,,0.2578125,,,,,,,,,,,1.0,1.0,,,,,9173,,,,0.0,,0.0,,0.0
,,,0.0,,0.234375,,,,,,,,,,,1.0,1.0,,,,,9174,,,,0.0,,0.0,,0.0
,,,0.0,,0.43030303716659546,,,,,,,,,,,1.0,1.0,,,,,9175,,,,0.0,,0.0,,0.0
,,,0.0,,0.5625,,,,,,,,,,,1.0,1.0,,,,,9176,,,,0.0,,0.0,,0.0
,,,0.0,,0.6015625,,,,,,,,,,,1.0,1.0,,,,,9177,,,,0.0,,0.0,,0.0
,,,0.0,,0.27129629254341125,,,,,,,,,,,1.0,1.0,,,,,9178,,,,0.0,,0.0,,0.0
,,,0.0,,0.109375,,,,,,,,,,,1.0,1.0,,,,,9179,,,,0.0,,0.0,,0.0
,,,0.0,,0.109375,,,,,,,,,,,1.0,1.0,,,,,9180,,,,0.0,,0.0,,0.0
,,,0.06746987998485565,,0.45314592123031616,,,,,,,,,,,1.0,1.0,,,,,9181,,,,0.0,,0.0,,0.0
,,,0.0703125,,0.703125,,,,,,,,,,,1.0,1.0,,,,,9182,,,,0.0,,0.0,,0.0
,,,0.05312500149011612,,0.734375,,,,,,,,,,,1.0,1.0,,,,,9183,,,,0.0,,0.0,,0.0
,,,0.07821916788816452,,0.8627451062202454,,,,,,,,,,,1.0,1.0,,,,,9184,,,,0.0,,0.0,,0.0
,,,0.0729166641831398,,1.0,,,,,,,,,,,1.0,1.0,,,,,9185,,,,0.0,,0.0,,0.0
,,,0.0807291641831398,,1.0,,,,,,,,,,,1.0,1.0,,,,,9186,,,,0.0,,0.0,,0.0
,,,0.06104651093482971,,0.988095223903656,,,,,,,,,,,1.0,1.0,,,,,9187,,,,0.0,,0.0,,0.0
,,,0.004687500186264515,,0.953125,,,,,,,,,,,1.0,1.0,,,,,9188,,,,0.0,,0.0,,0.0
,,,0.0,,0.9609375,,,,,,,,,,,1.0,1.0,,,,,9189,,,,0.0,,0.0,,0.0
,,,0.0,,0.7381110787391663,,,,,,,,,,,1.0,1.0,,,,,9190,,,,0.0,,0.0,,0.0
,,,0.01406249962747097,,0.6796875,,,,,,,,,,,1.0,1.0,,,,,9191,,,,0.0,,0.0,,0.0
,,,0.01718750037252903,,0.6796875,,,,,,,,,,,1.0,1.0,,,,,9192,,,,0.0,,0.0,,0.0
,,,0.20714285969734192,,0.8348214626312256,,,,,,,,,,,1.0,1.0,,,,,9193,,,,0.0,,0.0,,0.0
,,,0.2864583432674408,,1.0,,,,,,,,,,,1.0,1.0,,,,,9194,,,,0.0,,0.0,,0.0
,,,0.17656250298023224,,1.0,,,,,,,,,,,1.0,1.0,,,,,9195,,,,0.0,,0.0,,0.0
,,,0.3067210614681244,,0.9914529919624329,,,,,,,,,,,1.0,1.0,,,,,9196,,,,0.0,,0.0,,0.0
,,,0.05156249925494194,,1.0,,,,,,,,,,,1.0,1.0,,,,,9197,,,,0.0,,0.0,,0.0
,,,0.04374999925494194,,0.9921875,,,,,,,,,,,1.0,1.0,,,,,9198,,,,0.0,,0.0,,0.0
,,,0.07677165418863297,,1.0,,,,,,,,,,,1.0,1.0,,,,,9199,,,,0.0,,0.0,,0.0
99,0.13322198390960693,0.17149153351783752,,0.6281921863555908,,,,,,,,,,,,,,63.35181427001953,411354.1875,4.148703575134277,458.13726806640625,22099,,,0.0,,0.0,,0.0,
99,,,,,,1.5124828815460205,,-17.794239044189453,,8.236336708068848,,,,,,,,,,,,22099,2.3993821144104004,,,,,,,
