epoch,eval/knn_probe_top1,eval/linear_probe_top1_epoch,eval/linear_probe_top1_step,eval/linear_probe_top5_epoch,eval/linear_probe_top5_step,fit/inv_epoch,fit/inv_step,fit/loss_epoch,fit/loss_step,fit/sigreg_epoch,fit/sigreg_step,hparams/lr_default_0,hparams/lr_linear_probe,lr-AdamW,lr-AdamW-1,queue/embedding_fill_pct,queue/label_fill_pct,rankme,rankme/condition_number,rankme/entropy,rankme/top_singular_value,step,train/linear_probe_loss_epoch,train/linear_probe_loss_step,validate/inv_epoch,validate/inv_step,validate/loss_epoch,validate/loss_step,validate/sigreg_epoch,validate/sigreg_step
,,,,,,,,,,,,,,1.2780090497737552e-05,0.03,,,,,,,49,,,,,,,,
0,,,,,,,0.3958680033683777,,3.265061378479004,,127.0625,1.2959276318724733e-05,0.029999999329447746,,,1.0,1.0,,,,,49,,2.295363426208496,,,,,,
,,,,,,,,,,,,,,2.1739366515837093e-05,0.03,,,,,,,99,,,,,,,,
0,,,,,,,0.5941059589385986,,2.101313591003418,,63.25,2.1918551283306442e-05,0.029999999329447746,,,1.0,1.0,,,,,99,,2.259331703186035,,,,,,
,,,,,,,,,,,,,,3.06986425339366e-05,0.03,,,,,,,149,,,,,,,,
0,,,,,,,0.6185480952262878,,1.7149890661239624,,45.625,3.087782897637226e-05,0.029999999329447746,,,1.0,1.0,,,,,149,,2.5227575302124023,,,,,,
,,,,,,,,,,,,,,3.9657918552036127e-05,0.03,,,,,,,199,,,,,,,,
0,,,,,,,0.6657025814056396,,1.6187598705291748,,39.5,3.983710485044867e-05,0.029999999329447746,,,1.0,1.0,,,,,199,,2.7790396213531494,,,,,,
,,,0.009548611007630825,,0.3203125,,,,,,,,,,,1.0,1.0,,,,,0,,,,0.0,,0.0,,0.0
,,,0.01015624962747097,,0.2734375,,,,,,,,,,,1.0,1.0,,,,,1,,,,0.0,,0.0,,0.0
,,,0.009900989942252636,,0.44976162910461426,,,,,,,,,,,1.0,1.0,,,,,2,,,,0.0,,0.0,,0.0
,,,0.009114583022892475,,0.6484375,,,,,,,,,,,1.0,1.0,,,,,3,,,,0.0,,0.0,,0.0
,,,0.0078125,,0.6953125,,,,,,,,,,,1.0,1.0,,,,,4,,,,0.0,,0.0,,0.0
,,,0.0743589773774147,,0.870192289352417,,,,,,,,,,,1.0,1.0,,,,,5,,,,0.0,,0.0,,0.0
,,,0.06718750298023224,,0.9375,,,,,,,,,,,1.0,1.0,,,,,6,,,,0.0,,0.0,,0.0
,,,0.06093750149011612,,0.96875,,,,,,,,,,,1.0,1.0,,,,,7,,,,0.0,,0.0,,0.0
,,,0.08653516322374344,,0.9356775283813477,,,,,,,,,,,1.0,1.0,,,,,8,,,,0.0,,0.0,,0.0
,,,0.0381944440305233,,0.859375,,,,,,,,,,,1.0,1.0,,,,,9,,,,0.0,,0.0,,0.0
,,,0.052734375,,0.828125,,,,,,,,,,,1.0,1.0,,,,,10,,,,0.0,,0.0,,0.0
,,,0.05078125,,0.8359375,,,,,,,,,,,1.0,1.0,,,,,11,,,,0.0,,0.0,,0.0
,,,0.1236666738986969,,0.7613333463668823,,,,,,,,,,,1.0,1.0,,,,,12,,,,0.0,,0.0,,0.0
,,,0.078125,,0.734375,,,,,,,,,,,1.0,1.0,,,,,13,,,,0.0,,0.0,,0.0
,,,0.0616319440305233,,0.71875,,,,,,,,,,,1.0,1.0,,,,,14,,,,0.0,,0.0,,0.0
,,,0.0784313753247261,,0.8478057980537415,,,,,,,,,,,1.0,1.0,,,,,15,,,,0.0,,0.0,,0.0
,,,0.010416666977107525,,0.828125,,,,,,,,,,,1.0,1.0,,,,,16,,,,0.0,,0.0,,0.0
,,,0.010416666977107525,,0.7890625,,,,,,,,,,,1.0,1.0,,,,,17,,,,0.0,,0.0,,0.0
,,,0.021645020693540573,,0.6185064911842346,,,,,,,,,,,1.0,1.0,,,,,18,,,,0.0,,0.0,,0.0
,,,0.0054687499068677425,,0.5078125,,,,,,,,,,,1.0,1.0,,,,,19,,,,0.0,,0.0,,0.0
,,,0.0026041667442768812,,0.484375,,,,,,,,,,,1.0,1.0,,,,,20,,,,0.0,,0.0,,0.0
,,,0.031033623963594437,,0.6973848342895508,,,,,,,,,,,1.0,1.0,,,,,21,,,,0.0,,0.0,,0.0
,,,0.0295138880610466,,0.875,,,,,,,,,,,1.0,1.0,,,,,22,,,,0.0,,0.0,,0.0
,,,0.02500000037252903,,0.8125,,,,,,,,,,,1.0,1.0,,,,,23,,,,0.0,,0.0,,0.0
,,,0.08023399114608765,,0.8408867120742798,,,,,,,,,,,1.0,1.0,,,,,24,,,,0.0,,0.0,,0.0
,,,0.0434027761220932,,0.8671875,,,,,,,,,,,1.0,1.0,,,,,25,,,,0.0,,0.0,,0.0
,,,0.02968749962747097,,0.8125,,,,,,,,,,,1.0,1.0,,,,,26,,,,0.0,,0.0,,0.0
,,,0.05011879652738571,,0.7423899173736572,,,,,,,,,,,1.0,1.0,,,,,27,,,,0.0,,0.0,,0.0
,,,0.0062500000931322575,,0.6171875,,,,,,,,,,,1.0,1.0,,,,,28,,,,0.0,,0.0,,0.0
,,,0.0062500000931322575,,0.6796875,,,,,,,,,,,1.0,1.0,,,,,29,,,,0.0,,0.0,,0.0
,,,0.014318285509943962,,0.48084816336631775,,,,,,,,,,,1.0,1.0,,,,,30,,,,0.0,,0.0,,0.0
,,,0.01171875,,0.34375,,,,,,,,,,,1.0,1.0,,,,,31,,,,0.0,,0.0,,0.0
,,,0.0078125,,0.28125,,,,,,,,,,,1.0,1.0,,,,,32,,,,0.0,,0.0,,0.0
,,,0.012906404212117195,,0.47512316703796387,,,,,,,,,,,1.0,1.0,,,,,33,,,,0.0,,0.0,,0.0
,,,0.005580357275903225,,0.6015625,,,,,,,,,,,1.0,1.0,,,,,34,,,,0.0,,0.0,,0.0
,,,0.00937500037252903,,0.734375,,,,,,,,,,,1.0,1.0,,,,,35,,,,0.0,,0.0,,0.0
,,,0.06491313874721527,,0.8136774897575378,,,,,,,,,,,1.0,1.0,,,,,36,,,,0.0,,0.0,,0.0
,,,0.078125,,0.953125,,,,,,,,,,,1.0,1.0,,,,,37,,,,0.0,,0.0,,0.0
,,,0.05624999850988388,,0.96875,,,,,,,,,,,1.0,1.0,,,,,38,,,,0.0,,0.0,,0.0
,,,0.08488401025533676,,0.8995115756988525,,,,,,,,,,,1.0,1.0,,,,,39,,,,0.0,,0.0,,0.0
,,,0.052734375,,0.84375,,,,,,,,,,,1.0,1.0,,,,,40,,,,0.0,,0.0,,0.0
,,,0.0451388880610466,,0.8515625,,,,,,,,,,,1.0,1.0,,,,,41,,,,0.0,,0.0,,0.0
,,,0.13409091532230377,,0.8636363744735718,,,,,,,,,,,1.0,1.0,,,,,42,,,,0.0,,0.0,,0.0
,,,0.0892857164144516,,0.796875,,,,,,,,,,,1.0,1.0,,,,,43,,,,0.0,,0.0,,0.0
,,,0.06640625,,0.703125,,,,,,,,,,,1.0,1.0,,,,,44,,,,0.0,,0.0,,0.0
,,,0.07534418255090714,,0.8388611078262329,,,,,,,,,,,1.0,1.0,,,,,45,,,,0.0,,0.0,,0.0
,,,0.01128472201526165,,0.8046875,,,,,,,,,,,1.0,1.0,,,,,46,,,,0.0,,0.0,,0.0
,,,0.0086805559694767,,0.8359375,,,,,,,,,,,1.0,1.0,,,,,47,,,,0.0,,0.0,,0.0
,,,0.013888888992369175,,0.78125,,,,,,,,,,,1.0,1.0,,,,,48,,,,0.0,,0.0,,0.0
,,,0.004724409431219101,,0.7362204790115356,,,,,,,,,,,1.0,1.0,,,,,49,,,,0.0,,0.0,,0.0
,,,0.00390625,,0.5,,,,,,,,,,,1.0,1.0,,,,,50,,,,0.0,,0.0,,0.0
,,,0.0023437500931322575,,0.5,,,,,,,,,,,1.0,1.0,,,,,51,,,,0.0,,0.0,,0.0
,,,0.03607918322086334,,0.7931034564971924,,,,,,,,,,,1.0,1.0,,,,,52,,,,0.0,,0.0,,0.0
,,,0.0329861119389534,,0.8359375,,,,,,,,,,,1.0,1.0,,,,,53,,,,0.0,,0.0,,0.0
,,,0.0302734375,,0.8125,,,,,,,,,,,1.0,1.0,,,,,54,,,,0.0,,0.0,,0.0
,,,0.06869575381278992,,0.8096809387207031,,,,,,,,,,,1.0,1.0,,,,,55,,,,0.0,,0.0,,0.0
,,,0.0347222238779068,,0.8515625,,,,,,,,,,,1.0,1.0,,,,,56,,,,0.0,,0.0,,0.0
,,,0.0390625,,0.8046875,,,,,,,,,,,1.0,1.0,,,,,57,,,,0.0,,0.0,,0.0
,,,0.0520833320915699,,0.7604166269302368,,,,,,,,,,,1.0,1.0,,,,,58,,,,0.0,,0.0,,0.0
,,,0.0086805559694767,,0.671875,,,,,,,,,,,1.0,1.0,,,,,59,,,,0.0,,0.0,,0.0
,,,0.0078125,,0.6796875,,,,,,,,,,,1.0,1.0,,,,,60,,,,0.0,,0.0,,0.0
,,,0.010397441685199738,,0.537929117679596,,,,,,,,,,,1.0,1.0,,,,,61,,,,0.0,,0.0,,0.0
,,,0.01015624962747097,,0.296875,,,,,,,,,,,1.0,1.0,,,,,62,,,,0.0,,0.0,,0.0
,,,0.01015624962747097,,0.3046875,,,,,,,,,,,1.0,1.0,,,,,63,,,,0.0,,0.0,,0.0
,,,0.0044247787445783615,,0.4808259606361389,,,,,,,,,,,1.0,1.0,,,,,64,,,,0.0,,0.0,,0.0
,,,0.006076388992369175,,0.6015625,,,,,,,,,,,1.0,1.0,,,,,65,,,,0.0,,0.0,,0.0
,,,0.0086805559694767,,0.78125,,,,,,,,,,,1.0,1.0,,,,,66,,,,0.0,,0.0,,0.0
,,,0.07383838295936584,,0.7040404081344604,,,,,,,,,,,1.0,1.0,,,,,67,,,,0.0,,0.0,,0.0
,,,0.06718750298023224,,0.9609375,,,,,,,,,,,1.0,1.0,,,,,68,,,,0.0,,0.0,,0.0
,,,0.05000000074505806,,0.953125,,,,,,,,,,,1.0,1.0,,,,,69,,,,0.0,,0.0,,0.0
,,,0.12148147821426392,,0.9351851940155029,,,,,,,,,,,1.0,1.0,,,,,70,,,,0.0,,0.0,,0.0
,,,0.052734375,,0.8359375,,,,,,,,,,,1.0,1.0,,,,,71,,,,0.0,,0.0,,0.0
,,,0.0580357126891613,,0.828125,,,,,,,,,,,1.0,1.0,,,,,72,,,,0.0,,0.0,,0.0
,,,0.13259705901145935,,0.86104416847229,,,,,,,,,,,1.0,1.0,,,,,73,,,,0.0,,0.0,,0.0
,,,0.0859375,,0.7734375,,,,,,,,,,,1.0,1.0,,,,,74,,,,0.0,,0.0,,0.0
,,,0.0633680522441864,,0.71875,,,,,,,,,,,1.0,1.0,,,,,75,,,,0.0,,0.0,,0.0
,,,0.06725236028432846,,0.7783294916152954,,,,,,,,,,,1.0,1.0,,,,,76,,,,0.0,,0.0,,0.0
,,,0.010937499813735485,,0.828125,,,,,,,,,,,1.0,1.0,,,,,77,,,,0.0,,0.0,,0.0
,,,0.008593750186264515,,0.828125,,,,,,,,,,,1.0,1.0,,,,,78,,,,0.0,,0.0,,0.0
,,,0.02225913666188717,,0.6337209343910217,,,,,,,,,,,1.0,1.0,,,,,79,,,,0.0,,0.0,,0.0
,,,0.0052083334885537624,,0.4921875,,,,,,,,,,,1.0,1.0,,,,,80,,,,0.0,,0.0,,0.0
,,,0.0015625000232830644,,0.4765625,,,,,,,,,,,1.0,1.0,,,,,81,,,,0.0,,0.0,,0.0
,,,0.02993016317486763,,0.7570668458938599,,,,,,,,,,,1.0,1.0,,,,,82,,,,0.0,,0.0,,0.0
,,,0.02864583395421505,,0.8046875,,,,,,,,,,,1.0,1.0,,,,,83,,,,0.0,,0.0,,0.0
,,,0.02864583395421505,,0.796875,,,,,,,,,,,1.0,1.0,,,,,84,,,,0.0,,0.0,,0.0
,,,0.0625,,0.8616071343421936,,,,,,,,,,,1.0,1.0,,,,,85,,,,0.0,,0.0,,0.0
,,,0.0416666679084301,,0.859375,,,,,,,,,,,1.0,1.0,,,,,86,,,,0.0,,0.0,,0.0
,,,0.0347222238779068,,0.8125,,,,,,,,,,,1.0,1.0,,,,,87,,,,0.0,,0.0,,0.0
,,,0.07187257707118988,,0.8776223659515381,,,,,,,,,,,1.0,1.0,,,,,88,,,,0.0,,0.0,,0.0
,,,0.0078125,,0.6171875,,,,,,,,,,,1.0,1.0,,,,,89,,,,0.0,,0.0,,0.0
,,,0.006076388992369175,,0.6640625,,,,,,,,,,,1.0,1.0,,,,,90,,,,0.0,,0.0,,0.0
,,,0.007874015718698502,,0.7559055089950562,,,,,,,,,,,1.0,1.0,,,,,91,,,,0.0,,0.0,,0.0
0,0.29294919967651367,0.2582213878631592,,0.7204295992851257,,,,,,,,,,,,,,110.07283782958984,378326.0625,4.701142311096191,320.51055908203125,220,,,0.0,,0.0,,0.0,
0,,,,,,0.518417477607727,,2.616276979446411,,92.41912078857422,,,,,,,,,,,,220,2.669534683227539,,,,,,,
,,,,,,,,,,,,,,4.861719457013563e-05,0.03,,,,,,,249,,,,,,,,
1,,,,,,,0.6344883441925049,,1.4676276445388794,,34.0625,4.879638072452508e-05,0.029999999329447746,,,1.0,1.0,,,,,249,,2.3429737091064453,,,,,,
,,,,,,,,,,,,,,5.757647058823518e-05,0.03,,,,,,,299,,,,,,,,
1,,,,,,,0.6338698863983154,,1.370347261428833,,29.421875,5.775565659860149e-05,0.029999999329447746,,,1.0,1.0,,,,,299,,2.3245902061462402,,,,,,
,,,,,,,,,,,,,,6.653574660633477e-05,0.03,,,,,,,349,,,,,,,,
1,,,,,,,0.6536641120910645,,1.2895855903625488,,24.921875,6.67149288346991e-05,0.029999999329447746,,,1.0,1.0,,,,,349,,2.7887771129608154,,,,,,
,,,,,,,,,,,,,,7.54950226244342e-05,0.03,,,,,,,399,,,,,,,,
1,,,,,,,0.6310071349143982,,1.240202784538269,,23.671875,7.567420834675431e-05,0.029999999329447746,,,1.0,1.0,,,,,399,,2.5088939666748047,,,,,,
,,,0.03984374925494194,,0.8359375,,,,,,,,,,,1.0,1.0,,,,,92,,,,0.0,,0.0,,0.0
,,,0.052734375,,0.875,,,,,,,,,,,1.0,1.0,,,,,93,,,,0.0,,0.0,,0.0
,,,0.09886321425437927,,0.857902467250824,,,,,,,,,,,1.0,1.0,,,,,94,,,,0.0,,0.0,,0.0
,,,0.0556640625,,0.890625,,,,,,,,,,,1.0,1.0,,,,,95,,,,0.0,,0.0,,0.0
,,,0.04453124850988388,,0.890625,,,,,,,,,,,1.0,1.0,,,,,96,,,,0.0,,0.0,,0.0
,,,0.05000000074505806,,0.879807710647583,,,,,,,,,,,1.0,1.0,,,,,97,,,,0.0,,0.0,,0.0
,,,0.00434027798473835,,0.796875,,,,,,,,,,,1.0,1.0,,,,,98,,,,0.0,,0.0,,0.0
,,,0.0078125,,0.8359375,,,,,,,,,,,1.0,1.0,,,,,99,,,,0.0,,0.0,,0.0
,,,0.022126929834485054,,0.8507719039916992,,,,,,,,,,,1.0,1.0,,,,,100,,,,0.0,,0.0,,0.0
,,,0.02734375,,0.7890625,,,,,,,,,,,1.0,1.0,,,,,101,,,,0.0,,0.0,,0.0
,,,0.02734375,,0.890625,,,,,,,,,,,1.0,1.0,,,,,102,,,,0.0,,0.0,,0.0
,,,0.03046875074505806,,0.890625,,,,,,,,,,,1.0,1.0,,,,,103,,,,0.0,,0.0,,0.0
,,,0.10613332688808441,,0.9520000219345093,,,,,,,,,,,1.0,1.0,,,,,104,,,,0.0,,0.0,,0.0
,,,0.0763888880610466,,0.8515625,,,,,,,,,,,1.0,1.0,,,,,105,,,,0.0,,0.0,,0.0
,,,0.0625,,0.8671875,,,,,,,,,,,1.0,1.0,,,,,106,,,,0.0,,0.0,,0.0
,,,0.11372549831867218,,0.8436040878295898,,,,,,,,,,,1.0,1.0,,,,,107,,,,0.0,,0.0,,0.0
,,,0.0581597238779068,,0.8203125,,,,,,,,,,,1.0,1.0,,,,,108,,,,0.0,,0.0,,0.0
,,,0.0555555559694767,,0.875,,,,,,,,,,,1.0,1.0,,,,,109,,,,0.0,,0.0,,0.0
,,,0.05963203310966492,,0.8154761791229248,,,,,,,,,,,1.0,1.0,,,,,110,,,,0.0,,0.0,,0.0
,,,0.01640624925494194,,0.875,,,,,,,,,,,1.0,1.0,,,,,111,,,,0.0,,0.0,,0.0
,,,0.01640624925494194,,0.859375,,,,,,,,,,,1.0,1.0,,,,,112,,,,0.0,,0.0,,0.0
,,,0.03967621549963951,,0.8199253082275391,,,,,,,,,,,1.0,1.0,,,,,113,,,,0.0,,0.0,,0.0
,,,0.0373263880610466,,0.7109375,,,,,,,,,,,1.0,1.0,,,,,114,,,,0.0,,0.0,,0.0
,,,0.02812499925494194,,0.7421875,,,,,,,,,,,1.0,1.0,,,,,115,,,,0.0,,0.0,,0.0
,,,0.052364531904459,,0.6660098433494568,,,,,,,,,,,1.0,1.0,,,,,116,,,,0.0,,0.0,,0.0
,,,0.01822916604578495,,0.5,,,,,,,,,,,1.0,1.0,,,,,117,,,,0.0,,0.0,,0.0
,,,0.02109375037252903,,0.5390625,,,,,,,,,,,1.0,1.0,,,,,118,,,,0.0,,0.0,,0.0
,,,0.04109014570713043,,0.6378616094589233,,,,,,,,,,,1.0,1.0,,,,,119,,,,0.0,,0.0,,0.0
,,,0.01640624925494194,,0.84375,,,,,,,,,,,1.0,1.0,,,,,120,,,,0.0,,0.0,,0.0
,,,0.013888888992369175,,0.828125,,,,,,,,,,,1.0,1.0,,,,,121,,,,0.0,,0.0,,0.0
,,,0.05953488498926163,,0.8596442937850952,,,,,,,,,,,1.0,1.0,,,,,122,,,,0.0,,0.0,,0.0
,,,0.04218750074505806,,0.84375,,,,,,,,,,,1.0,1.0,,,,,123,,,,0.0,,0.0,,0.0
,,,0.0460069440305233,,0.890625,,,,,,,,,,,1.0,1.0,,,,,124,,,,0.0,,0.0,,0.0
,,,0.08793103694915771,,0.8596059083938599,,,,,,,,,,,1.0,1.0,,,,,125,,,,0.0,,0.0,,0.0
,,,0.04218750074505806,,0.9140625,,,,,,,,,,,1.0,1.0,,,,,126,,,,0.0,,0.0,,0.0
,,,0.04843749850988388,,0.8828125,,,,,,,,,,,1.0,1.0,,,,,127,,,,0.0,,0.0,,0.0
,,,0.04502079635858536,,0.8456079959869385,,,,,,,,,,,1.0,1.0,,,,,128,,,,0.0,,0.0,,0.0
,,,0.004687500186264515,,0.84375,,,,,,,,,,,1.0,1.0,,,,,129,,,,0.0,,0.0,,0.0
,,,0.00937500037252903,,0.8203125,,,,,,,,,,,1.0,1.0,,,,,130,,,,0.0,,0.0,,0.0
,,,0.031111110001802444,,0.8273504376411438,,,,,,,,,,,1.0,1.0,,,,,131,,,,0.0,,0.0,,0.0
,,,0.02812499925494194,,0.8046875,,,,,,,,,,,1.0,1.0,,,,,132,,,,0.0,,0.0,,0.0
,,,0.03125,,0.890625,,,,,,,,,,,1.0,1.0,,,,,133,,,,0.0,,0.0,,0.0
,,,0.10227273404598236,,0.905681848526001,,,,,,,,,,,1.0,1.0,,,,,134,,,,0.0,,0.0,,0.0
,,,0.06875000149011612,,0.875,,,,,,,,,,,1.0,1.0,,,,,135,,,,0.0,,0.0,,0.0
,,,0.0711805522441864,,0.8671875,,,,,,,,,,,1.0,1.0,,,,,136,,,,0.0,,0.0,,0.0
,,,0.12102628499269485,,0.8332290649414062,,,,,,,,,,,1.0,1.0,,,,,137,,,,0.0,,0.0,,0.0
,,,0.0555555559694767,,0.8125,,,,,,,,,,,1.0,1.0,,,,,138,,,,0.0,,0.0,,0.0
,,,0.0595703125,,0.8125,,,,,,,,,,,1.0,1.0,,,,,139,,,,0.0,,0.0,,0.0
,,,0.0564236119389534,,0.8203125,,,,,,,,,,,1.0,1.0,,,,,140,,,,0.0,,0.0,,0.0
,,,0.12248469144105911,,0.9448819160461426,,,,,,,,,,,1.0,1.0,,,,,141,,,,0.0,,0.0,,0.0
,,,0.014843749813735485,,0.890625,,,,,,,,,,,1.0,1.0,,,,,142,,,,0.0,,0.0,,0.0
,,,0.0147569440305233,,0.828125,,,,,,,,,,,1.0,1.0,,,,,143,,,,0.0,,0.0,,0.0
,,,0.031034480780363083,,0.75,,,,,,,,,,,1.0,1.0,,,,,144,,,,0.0,,0.0,,0.0
,,,0.02500000037252903,,0.6796875,,,,,,,,,,,1.0,1.0,,,,,145,,,,0.0,,0.0,,0.0
,,,0.03359375149011612,,0.765625,,,,,,,,,,,1.0,1.0,,,,,146,,,,0.0,,0.0,,0.0
,,,0.05757242441177368,,0.6439310312271118,,,,,,,,,,,1.0,1.0,,,,,147,,,,0.0,,0.0,,0.0
,,,0.0234375,,0.5234375,,,,,,,,,,,1.0,1.0,,,,,148,,,,0.0,,0.0,,0.0
,,,0.02265625074505806,,0.5234375,,,,,,,,,,,1.0,1.0,,,,,149,,,,0.0,,0.0,,0.0
,,,0.0260416679084301,,0.5833333730697632,,,,,,,,,,,1.0,1.0,,,,,150,,,,0.0,,0.0,,0.0
,,,0.01640624925494194,,0.8515625,,,,,,,,,,,1.0,1.0,,,,,151,,,,0.0,,0.0,,0.0
,,,0.0164930559694767,,0.8359375,,,,,,,,,,,1.0,1.0,,,,,152,,,,0.0,,0.0,,0.0
,,,0.0643964558839798,,0.8646179437637329,,,,,,,,,,,1.0,1.0,,,,,153,,,,0.0,,0.0,,0.0
,,,0.03359375149011612,,0.8203125,,,,,,,,,,,1.0,1.0,,,,,154,,,,0.0,,0.0,,0.0
,,,0.04218750074505806,,0.9140625,,,,,,,,,,,1.0,1.0,,,,,155,,,,0.0,,0.0,,0.0
,,,0.10789904743432999,,0.8758112192153931,,,,,,,,,,,1.0,1.0,,,,,156,,,,0.0,,0.0,,0.0
,,,0.04531250149011612,,0.8984375,,,,,,,,,,,1.0,1.0,,,,,157,,,,0.0,,0.0,,0.0
,,,0.04218750074505806,,0.8828125,,,,,,,,,,,1.0,1.0,,,,,158,,,,0.0,,0.0,,0.0
,,,0.038787879049777985,,0.8348484635353088,,,,,,,,,,,1.0,1.0,,,,,159,,,,0.0,,0.0,,0.0
,,,0.0078125,,0.828125,,,,,,,,,,,1.0,1.0,,,,,160,,,,0.0,,0.0,,0.0
,,,0.010937499813735485,,0.8125,,,,,,,,,,,1.0,1.0,,,,,161,,,,0.0,,0.0,,0.0
,,,0.02629629522562027,,0.8027777671813965,,,,,,,,,,,1.0,1.0,,,,,162,,,,0.0,,0.0,,0.0
,,,0.03046875074505806,,0.8671875,,,,,,,,,,,1.0,1.0,,,,,163,,,,0.0,,0.0,,0.0
,,,0.02890625037252903,,0.8984375,,,,,,,,,,,1.0,1.0,,,,,164,,,,0.0,,0.0,,0.0
,,,0.0979384183883667,,0.913386881351471,,,,,,,,,,,1.0,1.0,,,,,165,,,,0.0,,0.0,,0.0
,,,0.07109375298023224,,0.8828125,,,,,,,,,,,1.0,1.0,,,,,166,,,,0.0,,0.0,,0.0
,,,0.0711805522441864,,0.8671875,,,,,,,,,,,1.0,1.0,,,,,167,,,,0.0,,0.0,,0.0
,,,0.106875479221344,,0.8176724910736084,,,,,,,,,,,1.0,1.0,,,,,168,,,,0.0,,0.0,,0.0
,,,0.0572916679084301,,0.8125,,,,,,,,,,,1.0,1.0,,,,,169,,,,0.0,,0.0,,0.0
,,,0.0520833320915699,,0.8203125,,,,,,,,,,,1.0,1.0,,,,,170,,,,0.0,,0.0,,0.0
,,,0.0689922496676445,,0.8474528789520264,,,,,,,,,,,1.0,1.0,,,,,171,,,,0.0,,0.0,,0.0
,,,0.01128472201526165,,0.875,,,,,,,,,,,1.0,1.0,,,,,172,,,,0.0,,0.0,,0.0
,,,0.014843749813735485,,0.890625,,,,,,,,,,,1.0,1.0,,,,,173,,,,0.0,,0.0,,0.0
,,,0.05224476009607315,,0.8485201001167297,,,,,,,,,,,1.0,1.0,,,,,174,,,,0.0,,0.0,,0.0
,,,0.02890625037252903,,0.703125,,,,,,,,,,,1.0,1.0,,,,,175,,,,0.0,,0.0,,0.0
,,,0.02656250074505806,,0.734375,,,,,,,,,,,1.0,1.0,,,,,176,,,,0.0,,0.0,,0.0
,,,0.05892857164144516,,0.7455357313156128,,,,,,,,,,,1.0,1.0,,,,,177,,,,0.0,,0.0,,0.0
,,,0.01640624925494194,,0.5,,,,,,,,,,,1.0,1.0,,,,,178,,,,0.0,,0.0,,0.0
,,,0.0251736119389534,,0.546875,,,,,,,,,,,1.0,1.0,,,,,179,,,,0.0,,0.0,,0.0
,,,0.029603730887174606,,0.6569541692733765,,,,,,,,,,,1.0,1.0,,,,,180,,,,0.0,,0.0,,0.0
,,,0.01996527798473835,,0.8203125,,,,,,,,,,,1.0,1.0,,,,,181,,,,0.0,,0.0,,0.0
,,,0.01328125037252903,,0.875,,,,,,,,,,,1.0,1.0,,,,,182,,,,0.0,,0.0,,0.0
,,,0.019247595220804214,,0.8425197005271912,,,,,,,,,,,1.0,1.0,,,,,183,,,,0.0,,0.0,,0.0
1,0.38471248745918274,0.31713569164276123,,0.8091581463813782,,,,,,,,,,,,,,115.46887969970703,186142.671875,4.7490010261535645,393.8771667480469,441,,,0.0,,0.0,,0.0,
1,,,,,,0.638410747051239,,1.3495782613754272,,28.494979858398438,,,,,,,,,,,,441,2.4375128746032715,,,,,,,
,,,,,,,,,,,,,,8.445429864253375e-05,0.03,,,,,,,449,,,,,,,,
2,,,,,,,0.6033844351768494,,1.1798124313354492,,22.21875,8.463348058285192e-05,0.029999999329447746,,,1.0,1.0,,,,,449,,1.9242913722991943,,,,,,
,,,,,,,,,,,,,,9.341357466063334e-05,0.03,,,,,,,499,,,,,,,,
2,,,,,,,0.627144992351532,,1.1824231147766113,,21.328125,9.359276009490713e-05,0.029999999329447746,,,1.0,1.0,,,,,499,,2.6072912216186523,,,,,,
,,,,,,,,,,,,,,0.00010237285067873297,0.03,,,,,,,549,,,,,,,,
2,,,,,,,0.6424328684806824,,1.159806728363037,,19.328125,0.00010255203960696235,0.029999999329447746,,,1.0,1.0,,,,,549,,2.621217727661133,,,,,,
,,,,,,,,,,,,,,0.00011133212669683259,0.03,,,,,,,599,,,,,,,,
2,,,,,,,0.5909779667854309,,1.1130027770996094,,19.875,0.00011151131184305996,0.029999999329447746,,,1.0,1.0,,,,,599,,2.294480323791504,,,,,,
,,,,,,,,,,,,,,0.00012029140271493208,0.03,,,,,,,649,,,,,,,,
2,,,,,,,0.6213358640670776,,1.1417266130447388,,19.40625,0.00012047059135511518,0.029999999329447746,,,1.0,1.0,,,,,649,,2.1761367321014404,,,,,,
,,,0.03125,,0.7421875,,,,,,,,,,,1.0,1.0,,,,,184,,,,0.0,,0.0,,0.0
,,,0.0401785708963871,,0.765625,,,,,,,,,,,1.0,1.0,,,,,185,,,,0.0,,0.0,,0.0
,,,0.10899238288402557,,0.8590025901794434,,,,,,,,,,,1.0,1.0,,,,,186,,,,0.0,,0.0,,0.0
,,,0.09375,,0.953125,,,,,,,,,,,1.0,1.0,,,,,187,,,,0.0,,0.0,,0.0
,,,0.0892857164144516,,0.890625,,,,,,,,,,,1.0,1.0,,,,,188,,,,0.0,,0.0,,0.0
,,,0.13644689321517944,,0.8942307829856873,,,,,,,,,,,1.0,1.0,,,,,189,,,,0.0,,0.0,,0.0
,,,0.0546875,,0.9765625,,,,,,,,,,,1.0,1.0,,,,,190,,,,0.0,,0.0,,0.0
,,,0.0380859375,,0.96875,,,,,,,,,,,1.0,1.0,,,,,191,,,,0.0,,0.0,,0.0
,,,0.08083190023899078,,0.9120926260948181,,,,,,,,,,,1.0,1.0,,,,,192,,,,0.0,,0.0,,0.0
,,,0.0361328125,,0.96875,,,,,,,,,,,1.0,1.0,,,,,193,,,,0.0,,0.0,,0.0
,,,0.046875,,0.96875,,,,,,,,,,,1.0,1.0,,,,,194,,,,0.0,,0.0,,0.0
,,,0.0381944440305233,,0.9921875,,,,,,,,,,,1.0,1.0,,,,,195,,,,0.0,,0.0,,0.0
,,,0.09893333911895752,,0.8960000276565552,,,,,,,,,,,1.0,1.0,,,,,196,,,,0.0,,0.0,,0.0
,,,0.0694444477558136,,0.7578125,,,,,,,,,,,1.0,1.0,,,,,197,,,,0.0,,0.0,,0.0
,,,0.0590277761220932,,0.7109375,,,,,,,,,,,1.0,1.0,,,,,198,,,,0.0,,0.0,,0.0
,,,0.1254279464483261,,0.8720821738243103,,,,,,,,,,,1.0,1.0,,,,,199,,,,0.0,,0.0,,0.0
,,,0.0791015625,,0.9921875,,,,,,,,,,,1.0,1.0,,,,,200,,,,0.0,,0.0,,0.0
,,,0.0732421875,,0.984375,,,,,,,,,,,1.0,1.0,,,,,201,,,,0.0,,0.0,,0.0
,,,0.1286332607269287,,0.9193723201751709,,,,,,,,,,,1.0,1.0,,,,,202,,,,0.0,,0.0,,0.0
,,,0.0373263880610466,,0.890625,,,,,,,,,,,1.0,1.0,,,,,203,,,,0.0,,0.0,,0.0
,,,0.0439453125,,0.8984375,,,,,,,,,,,1.0,1.0,,,,,204,,,,0.0,,0.0,,0.0
,,,0.03185277432203293,,0.6303860545158386,,,,,,,,,,,1.0,1.0,,,,,205,,,,0.0,,0.0,,0.0
,,,0.0078125,,0.3828125,,,,,,,,,,,1.0,1.0,,,,,206,,,,0.0,,0.0,,0.0
,,,0.0062500000931322575,,0.4140625,,,,,,,,,,,1.0,1.0,,,,,207,,,,0.0,,0.0,,0.0
,,,0.00916256196796894,,0.6236453056335449,,,,,,,,,,,1.0,1.0,,,,,208,,,,0.0,,0.0,,0.0
,,,0.0078125,,0.828125,,,,,,,,,,,1.0,1.0,,,,,209,,,,0.0,,0.0,,0.0
,,,0.00434027798473835,,0.8359375,,,,,,,,,,,1.0,1.0,,,,,210,,,,0.0,,0.0,,0.0
,,,0.08575471490621567,,0.8461635112762451,,,,,,,,,,,1.0,1.0,,,,,211,,,,0.0,,0.0,,0.0
,,,0.0904017835855484,,0.9609375,,,,,,,,,,,1.0,1.0,,,,,212,,,,0.0,,0.0,,0.0
,,,0.0595703125,,0.9296875,,,,,,,,,,,1.0,1.0,,,,,213,,,,0.0,,0.0,,0.0
,,,0.11068986356258392,,0.836798906326294,,,,,,,,,,,1.0,1.0,,,,,214,,,,0.0,,0.0,,0.0
,,,0.0361328125,,0.7109375,,,,,,,,,,,1.0,1.0,,,,,215,,,,0.0,,0.0,,0.0
,,,0.0345982126891613,,0.75,,,,,,,,,,,1.0,1.0,,,,,216,,,,0.0,,0.0,,0.0
,,,0.11052955687046051,,0.8679803013801575,,,,,,,,,,,1.0,1.0,,,,,217,,,,0.0,,0.0,,0.0
,,,0.0948660746216774,,0.9296875,,,,,,,,,,,1.0,1.0,,,,,218,,,,0.0,,0.0,,0.0
,,,0.0825892835855484,,0.890625,,,,,,,,,,,1.0,1.0,,,,,219,,,,0.0,,0.0,,0.0
,,,0.1478206217288971,,0.9373623728752136,,,,,,,,,,,1.0,1.0,,,,,220,,,,0.0,,0.0,,0.0
,,,0.0546875,,0.9765625,,,,,,,,,,,1.0,1.0,,,,,221,,,,0.0,,0.0,,0.0
,,,0.0251736119389534,,0.9296875,,,,,,,,,,,1.0,1.0,,,,,222,,,,0.0,,0.0,,0.0
,,,0.060968659818172455,,0.9372405409812927,,,,,,,,,,,1.0,1.0,,,,,223,,,,0.0,,0.0,,0.0
,,,0.04296875,,0.9609375,,,,,,,,,,,1.0,1.0,,,,,224,,,,0.0,,0.0,,0.0
,,,0.0347222238779068,,0.984375,,,,,,,,,,,1.0,1.0,,,,,225,,,,0.0,,0.0,,0.0
,,,0.11388888955116272,,0.8943182229995728,,,,,,,,,,,1.0,1.0,,,,,226,,,,0.0,,0.0,,0.0
,,,0.06406249850988388,,0.7734375,,,,,,,,,,,1.0,1.0,,,,,227,,,,0.0,,0.0,,0.0
,,,0.0642361119389534,,0.71875,,,,,,,,,,,1.0,1.0,,,,,228,,,,0.0,,0.0,,0.0
,,,0.09887359291315079,,0.8989361524581909,,,,,,,,,,,1.0,1.0,,,,,229,,,,0.0,,0.0,,0.0
,,,0.0673828125,,0.96875,,,,,,,,,,,1.0,1.0,,,,,230,,,,0.0,,0.0,,0.0
,,,0.0651041641831398,,0.984375,,,,,,,,,,,1.0,1.0,,,,,231,,,,0.0,,0.0,,0.0
,,,0.0892857164144516,,0.953125,,,,,,,,,,,1.0,1.0,,,,,232,,,,0.0,,0.0,,0.0
,,,0.1604330688714981,,0.960629940032959,,,,,,,,,,,1.0,1.0,,,,,233,,,,0.0,,0.0,,0.0
,,,0.0478515625,,0.875,,,,,,,,,,,1.0,1.0,,,,,234,,,,0.0,,0.0,,0.0
,,,0.0424107126891613,,0.859375,,,,,,,,,,,1.0,1.0,,,,,235,,,,0.0,,0.0,,0.0
,,,0.016091953963041306,,0.647988498210907,,,,,,,,,,,1.0,1.0,,,,,236,,,,0.0,,0.0,,0.0
,,,0.0078125,,0.375,,,,,,,,,,,1.0,1.0,,,,,237,,,,0.0,,0.0,,0.0
,,,0.0054687499068677425,,0.4375,,,,,,,,,,,1.0,1.0,,,,,238,,,,0.0,,0.0,,0.0
,,,0.012357901781797409,,0.665199875831604,,,,,,,,,,,1.0,1.0,,,,,239,,,,0.0,,0.0,,0.0
,,,0.0078125,,0.84375,,,,,,,,,,,1.0,1.0,,,,,240,,,,0.0,,0.0,,0.0
,,,0.0087890625,,0.796875,,,,,,,,,,,1.0,1.0,,,,,241,,,,0.0,,0.0,,0.0
,,,0.1011904701590538,,0.8541666269302368,,,,,,,,,,,1.0,1.0,,,,,242,,,,0.0,,0.0,,0.0
,,,0.0693359375,,0.9375,,,,,,,,,,,1.0,1.0,,,,,243,,,,0.0,,0.0,,0.0
,,,0.060546875,,0.9453125,,,,,,,,,,,1.0,1.0,,,,,244,,,,0.0,,0.0,,0.0
,,,0.12846069037914276,,0.8363786935806274,,,,,,,,,,,1.0,1.0,,,,,245,,,,0.0,,0.0,,0.0
,,,0.0283203125,,0.6953125,,,,,,,,,,,1.0,1.0,,,,,246,,,,0.0,,0.0,,0.0
,,,0.0295138880610466,,0.78125,,,,,,,,,,,1.0,1.0,,,,,247,,,,0.0,,0.0,,0.0
,,,0.11720746755599976,,0.8734513521194458,,,,,,,,,,,1.0,1.0,,,,,248,,,,0.0,,0.0,,0.0
,,,0.0915178582072258,,0.90625,,,,,,,,,,,1.0,1.0,,,,,249,,,,0.0,,0.0,,0.0
,,,0.0915178582072258,,0.9296875,,,,,,,,,,,1.0,1.0,,,,,250,,,,0.0,,0.0,,0.0
,,,0.13924963772296906,,0.8939393758773804,,,,,,,,,,,1.0,1.0,,,,,251,,,,0.0,,0.0,,0.0
,,,0.0446428582072258,,0.96875,,,,,,,,,,,1.0,1.0,,,,,252,,,,0.0,,0.0,,0.0
,,,0.02604166604578495,,0.90625,,,,,,,,,,,1.0,1.0,,,,,253,,,,0.0,,0.0,,0.0
,,,0.07500000298023224,,0.9768518209457397,,,,,,,,,,,1.0,1.0,,,,,254,,,,0.0,,0.0,,0.0
,,,0.044921875,,0.953125,,,,,,,,,,,1.0,1.0,,,,,255,,,,0.0,,0.0,,0.0
,,,0.0373263880610466,,0.9921875,,,,,,,,,,,1.0,1.0,,,,,256,,,,0.0,,0.0,,0.0
,,,0.12208835780620575,,0.8975903987884521,,,,,,,,,,,1.0,1.0,,,,,257,,,,0.0,,0.0,,0.0
,,,0.0720486119389534,,0.8125,,,,,,,,,,,1.0,1.0,,,,,258,,,,0.0,,0.0,,0.0
,,,0.0625,,0.71875,,,,,,,,,,,1.0,1.0,,,,,259,,,,0.0,,0.0,,0.0
,,,0.10035651177167892,,0.8660554885864258,,,,,,,,,,,1.0,1.0,,,,,260,,,,0.0,,0.0,,0.0
,,,0.076171875,,0.9765625,,,,,,,,,,,1.0,1.0,,,,,261,,,,0.0,,0.0,,0.0
,,,0.072265625,,0.9765625,,,,,,,,,,,1.0,1.0,,,,,262,,,,0.0,,0.0,,0.0
,,,0.12465393543243408,,0.9471206665039062,,,,,,,,,,,1.0,1.0,,,,,263,,,,0.0,,0.0,,0.0
,,,0.033203125,,0.875,,,,,,,,,,,1.0,1.0,,,,,264,,,,0.0,,0.0,,0.0
,,,0.044921875,,0.8984375,,,,,,,,,,,1.0,1.0,,,,,265,,,,0.0,,0.0,,0.0
,,,0.038096293807029724,,0.6749251484870911,,,,,,,,,,,1.0,1.0,,,,,266,,,,0.0,,0.0,,0.0
,,,0.008593750186264515,,0.375,,,,,,,,,,,1.0,1.0,,,,,267,,,,0.0,,0.0,,0.0
,,,0.009548611007630825,,0.3984375,,,,,,,,,,,1.0,1.0,,,,,268,,,,0.0,,0.0,,0.0
,,,0.004464285913854837,,0.65625,,,,,,,,,,,1.0,1.0,,,,,269,,,,0.0,,0.0,,0.0
,,,0.0078125,,0.796875,,,,,,,,,,,1.0,1.0,,,,,270,,,,0.0,,0.0,,0.0
,,,0.0062500000931322575,,0.84375,,,,,,,,,,,1.0,1.0,,,,,271,,,,0.0,,0.0,,0.0
,,,0.07070707529783249,,0.8150738477706909,,,,,,,,,,,1.0,1.0,,,,,272,,,,0.0,,0.0,,0.0
,,,0.0870535746216774,,0.953125,,,,,,,,,,,1.0,1.0,,,,,273,,,,0.0,,0.0,,0.0
,,,0.0615234375,,0.921875,,,,,,,,,,,1.0,1.0,,,,,274,,,,0.0,,0.0,,0.0
,,,0.08098988234996796,,0.9370078444480896,,,,,,,,,,,1.0,1.0,,,,,275,,,,0.0,,0.0,,0.0
2,0.42320069670677185,0.3729694187641144,,0.8376738429069519,,,,,,,,,,,,,,114.1400146484375,124424.34375,4.737425804138184,402.3914489746094,662,,,0.0,,0.0,,0.0,
2,,,,,,0.6227352619171143,,1.151601791381836,,19.9722843170166,,,,,,,,,,,,662,2.4251890182495117,,,,,,,
,,,,,,,,,,,,,,0.0001292506787330315,0.03,,,,,,,699,,,,,,,,
3,,,,,,,0.599518895149231,,1.0664079189300537,,17.109375,0.0001294298708671704,0.029999999329447746,,,1.0,1.0,,,,,699,,2.712214231491089,,,,,,
,,,,,,,,,,,,,,0.00013820995475113102,0.03,,,,,,,749,,,,,,,,
3,,,,,,,0.5916579365730286,,1.0307697057724,,15.9921875,0.00013838913582731038,0.029999999329447746,,,1.0,1.0,,,,,749,,2.802424430847168,,,,,,
,,,,,,,,,,,,,,0.00014716923076923066,0.03,,,,,,,799,,,,,,,,
3,,,,,,,0.5984306335449219,,1.0533032417297363,,16.84375,0.0001473484153393656,0.029999999329447746,,,1.0,1.0,,,,,799,,2.551196336746216,,,,,,
,,,,,,,,,,,,,,0.0001561285067873302,0.03,,,,,,,849,,,,,,,,
3,,,,,,,0.5767184495925903,,1.0289976596832275,,16.78125,0.00015630769485142082,0.029999999329447746,,,1.0,1.0,,,,,849,,2.1668622493743896,,,,,,
,,,0.015625,,0.5859375,,,,,,,,,,,1.0,1.0,,,,,276,,,,0.0,,0.0,,0.0
,,,0.012500000186264515,,0.6953125,,,,,,,,,,,1.0,1.0,,,,,277,,,,0.0,,0.0,,0.0
,,,0.08071547746658325,,0.8008800745010376,,,,,,,,,,,1.0,1.0,,,,,278,,,,0.0,,0.0,,0.0
,,,0.0442708320915699,,0.921875,,,,,,,,,,,1.0,1.0,,,,,279,,,,0.0,,0.0,,0.0
,,,0.0794270858168602,,0.9296875,,,,,,,,,,,1.0,1.0,,,,,280,,,,0.0,,0.0,,0.0
,,,0.08618233352899551,,0.9150640964508057,,,,,,,,,,,1.0,1.0,,,,,281,,,,0.0,,0.0,,0.0
,,,0.0303819440305233,,0.8515625,,,,,,,,,,,1.0,1.0,,,,,282,,,,0.0,,0.0,,0.0
,,,0.03125,,0.875,,,,,,,,,,,1.0,1.0,,,,,283,,,,0.0,,0.0,,0.0
,,,0.07585287094116211,,0.8563464879989624,,,,,,,,,,,1.0,1.0,,,,,284,,,,0.0,,0.0,,0.0
,,,0.0364583320915699,,0.84375,,,,,,,,,,,1.0,1.0,,,,,285,,,,0.0,,0.0,,0.0
,,,0.02864583395421505,,0.859375,,,,,,,,,,,1.0,1.0,,,,,286,,,,0.0,,0.0,,0.0
,,,0.04140625149011612,,0.8671875,,,,,,,,,,,1.0,1.0,,,,,287,,,,0.0,,0.0,,0.0
,,,0.10057143121957779,,0.809333324432373,,,,,,,,,,,1.0,1.0,,,,,288,,,,0.0,,0.0,,0.0
,,,0.0869140625,,0.890625,,,,,,,,,,,1.0,1.0,,,,,289,,,,0.0,,0.0,,0.0
,,,0.0711805522441864,,0.890625,,,,,,,,,,,1.0,1.0,,,,,290,,,,0.0,,0.0,,0.0
,,,0.08113912492990494,,0.7310924530029297,,,,,,,,,,,1.0,1.0,,,,,291,,,,0.0,,0.0,,0.0
,,,0.00390625,,0.3671875,,,,,,,,,,,1.0,1.0,,,,,292,,,,0.0,,0.0,,0.0
,,,0.004687500186264515,,0.4140625,,,,,,,,,,,1.0,1.0,,,,,293,,,,0.0,,0.0,,0.0
,,,0.07456710189580917,,0.7213203310966492,,,,,,,,,,,1.0,1.0,,,,,294,,,,0.0,,0.0,,0.0
,,,0.0751953125,,0.9765625,,,,,,,,,,,1.0,1.0,,,,,295,,,,0.0,,0.0,,0.0
,,,0.0732421875,,0.9765625,,,,,,,,,,,1.0,1.0,,,,,296,,,,0.0,,0.0,,0.0
,,,0.15232165157794952,,0.9566625356674194,,,,,,,,,,,1.0,1.0,,,,,297,,,,0.0,,0.0,,0.0
,,,0.0625,,0.9453125,,,,,,,,,,,1.0,1.0,,,,,298,,,,0.0,,0.0,,0.0
,,,0.0581597238779068,,0.921875,,,,,,,,,,,1.0,1.0,,,,,299,,,,0.0,,0.0,,0.0
,,,0.13823892176151276,,0.9598522186279297,,,,,,,,,,,1.0,1.0,,,,,300,,,,0.0,,0.0,,0.0
,,,0.0732421875,,0.96875,,,,,,,,,,,1.0,1.0,,,,,301,,,,0.0,,0.0,,0.0
,,,0.076171875,,0.9765625,,,,,,,,,,,1.0,1.0,,,,,302,,,,0.0,,0.0,,0.0
,,,0.15421384572982788,,0.9572327136993408,,,,,,,,,,,1.0,1.0,,,,,303,,,,0.0,,0.0,,0.0
,,,0.08203125,,0.984375,,,,,,,,,,,1.0,1.0,,,,,304,,,,0.0,,0.0,,0.0
,,,0.078125,,0.9609375,,,,,,,,,,,1.0,1.0,,,,,305,,,,0.0,,0.0,,0.0
,,,0.10420656949281693,,0.7963064312934875,,,,,,,,,,,1.0,1.0,,,,,306,,,,0.0,,0.0,,0.0
,,,0.015625,,0.6171875,,,,,,,,,,,1.0,1.0,,,,,307,,,,0.0,,0.0,,0.0
,,,0.012500000186264515,,0.671875,,,,,,,,,,,1.0,1.0,,,,,308,,,,0.0,,0.0,,0.0
,,,0.07727832347154617,,0.786206841468811,,,,,,,,,,,1.0,1.0,,,,,309,,,,0.0,,0.0,,0.0
,,,0.05859375,,0.921875,,,,,,,,,,,1.0,1.0,,,,,310,,,,0.0,,0.0,,0.0
,,,0.06640625,,0.9140625,,,,,,,,,,,1.0,1.0,,,,,311,,,,0.0,,0.0,,0.0
,,,0.09145528823137283,,0.885123610496521,,,,,,,,,,,1.0,1.0,,,,,312,,,,0.0,,0.0,,0.0
,,,0.0321180559694767,,0.9140625,,,,,,,,,,,1.0,1.0,,,,,313,,,,0.0,,0.0,,0.0
,,,0.0322265625,,0.8203125,,,,,,,,,,,1.0,1.0,,,,,314,,,,0.0,,0.0,,0.0
,,,0.07106227427721024,,0.8831502199172974,,,,,,,,,,,1.0,1.0,,,,,315,,,,0.0,,0.0,,0.0
,,,0.0338541679084301,,0.8359375,,,,,,,,,,,1.0,1.0,,,,,316,,,,0.0,,0.0,,0.0
,,,0.03125,,0.859375,,,,,,,,,,,1.0,1.0,,,,,317,,,,0.0,,0.0,,0.0
,,,0.11742424964904785,,0.9022727012634277,,,,,,,,,,,1.0,1.0,,,,,318,,,,0.0,,0.0,,0.0
,,,0.091796875,,0.921875,,,,,,,,,,,1.0,1.0,,,,,319,,,,0.0,,0.0,,0.0
,,,0.0729166641831398,,0.90625,,,,,,,,,,,1.0,1.0,,,,,320,,,,0.0,,0.0,,0.0
,,,0.07801418006420135,,0.6326658725738525,,,,,,,,,,,1.0,1.0,,,,,321,,,,0.0,,0.0,,0.0
,,,0.0054687499068677425,,0.4375,,,,,,,,,,,1.0,1.0,,,,,322,,,,0.0,,0.0,,0.0
,,,0.0031250000465661287,,0.3984375,,,,,,,,,,,1.0,1.0,,,,,323,,,,0.0,,0.0,,0.0
,,,0.007031249813735485,,0.484375,,,,,,,,,,,1.0,1.0,,,,,324,,,,0.0,,0.0,,0.0
,,,0.0673665776848793,,0.4881889820098877,,,,,,,,,,,1.0,1.0,,,,,325,,,,0.0,,0.0,,0.0
,,,0.0791015625,,0.9765625,,,,,,,,,,,1.0,1.0,,,,,326,,,,0.0,,0.0,,0.0
,,,0.064453125,,0.9765625,,,,,,,,,,,1.0,1.0,,,,,327,,,,0.0,,0.0,,0.0
,,,0.12397372722625732,,0.9655172824859619,,,,,,,,,,,1.0,1.0,,,,,328,,,,0.0,,0.0,,0.0
,,,0.0633680522441864,,0.9296875,,,,,,,,,,,1.0,1.0,,,,,329,,,,0.0,,0.0,,0.0
,,,0.0693359375,,0.953125,,,,,,,,,,,1.0,1.0,,,,,330,,,,0.0,,0.0,,0.0
,,,0.12744978070259094,,0.9567290544509888,,,,,,,,,,,1.0,1.0,,,,,331,,,,0.0,,0.0,,0.0
,,,0.07421875,,0.9765625,,,,,,,,,,,1.0,1.0,,,,,332,,,,0.0,,0.0,,0.0
,,,0.07421875,,0.953125,,,,,,,,,,,1.0,1.0,,,,,333,,,,0.0,,0.0,,0.0
,,,0.1588541567325592,,0.9583333730697632,,,,,,,,,,,1.0,1.0,,,,,334,,,,0.0,,0.0,,0.0
,,,0.0771484375,,0.9765625,,,,,,,,,,,1.0,1.0,,,,,335,,,,0.0,,0.0,,0.0
,,,0.0771484375,,0.96875,,,,,,,,,,,1.0,1.0,,,,,336,,,,0.0,,0.0,,0.0
,,,0.09480743110179901,,0.7843300104141235,,,,,,,,,,,1.0,1.0,,,,,337,,,,0.0,,0.0,,0.0
,,,0.01215277798473835,,0.625,,,,,,,,,,,1.0,1.0,,,,,338,,,,0.0,,0.0,,0.0
,,,0.01822916604578495,,0.7109375,,,,,,,,,,,1.0,1.0,,,,,339,,,,0.0,,0.0,,0.0
,,,0.0675516203045845,,0.8023598790168762,,,,,,,,,,,1.0,1.0,,,,,340,,,,0.0,,0.0,,0.0
,,,0.0615234375,,0.9140625,,,,,,,,,,,1.0,1.0,,,,,341,,,,0.0,,0.0,,0.0
,,,0.0768229141831398,,0.921875,,,,,,,,,,,1.0,1.0,,,,,342,,,,0.0,,0.0,,0.0
,,,0.08686868846416473,,0.8994949460029602,,,,,,,,,,,1.0,1.0,,,,,343,,,,0.0,,0.0,,0.0
,,,0.02690972201526165,,0.8828125,,,,,,,,,,,1.0,1.0,,,,,344,,,,0.0,,0.0,,0.0
,,,0.0321180559694767,,0.8359375,,,,,,,,,,,1.0,1.0,,,,,345,,,,0.0,,0.0,,0.0
,,,0.07139918208122253,,0.8962962627410889,,,,,,,,,,,1.0,1.0,,,,,346,,,,0.0,,0.0,,0.0
,,,0.0361328125,,0.859375,,,,,,,,,,,1.0,1.0,,,,,347,,,,0.0,,0.0,,0.0
,,,0.03281249850988388,,0.8359375,,,,,,,,,,,1.0,1.0,,,,,348,,,,0.0,,0.0,,0.0
,,,0.14591699838638306,,0.9092369079589844,,,,,,,,,,,1.0,1.0,,,,,349,,,,0.0,,0.0,,0.0
,,,0.08984375,,0.9296875,,,,,,,,,,,1.0,1.0,,,,,350,,,,0.0,,0.0,,0.0
,,,0.0729166641831398,,0.9140625,,,,,,,,,,,1.0,1.0,,,,,351,,,,0.0,,0.0,,0.0
,,,0.0725235566496849,,0.6586452722549438,,,,,,,,,,,1.0,1.0,,,,,352,,,,0.0,,0.0,,0.0
,,,0.00434027798473835,,0.3671875,,,,,,,,,,,1.0,1.0,,,,,353,,,,0.0,,0.0,,0.0
,,,0.00434027798473835,,0.453125,,,,,,,,,,,1.0,1.0,,,,,354,,,,0.0,,0.0,,0.0
,,,0.08311184495687485,,0.7264673113822937,,,,,,,,,,,1.0,1.0,,,,,355,,,,0.0,,0.0,,0.0
,,,0.0814732164144516,,0.96875,,,,,,,,,,,1.0,1.0,,,,,356,,,,0.0,,0.0,,0.0
,,,0.0751953125,,0.984375,,,,,,,,,,,1.0,1.0,,,,,357,,,,0.0,,0.0,,0.0
,,,0.167466402053833,,0.9684070348739624,,,,,,,,,,,1.0,1.0,,,,,358,,,,0.0,,0.0,,0.0
,,,0.06640625,,0.9375,,,,,,,,,,,1.0,1.0,,,,,359,,,,0.0,,0.0,,0.0
,,,0.0607638880610466,,0.9140625,,,,,,,,,,,1.0,1.0,,,,,360,,,,0.0,,0.0,,0.0
,,,0.1495535671710968,,0.9553571343421936,,,,,,,,,,,1.0,1.0,,,,,361,,,,0.0,,0.0,,0.0
,,,0.0607638880610466,,0.953125,,,,,,,,,,,1.0,1.0,,,,,362,,,,0.0,,0.0,,0.0
,,,0.076171875,,0.96875,,,,,,,,,,,1.0,1.0,,,,,363,,,,0.0,,0.0,,0.0
,,,0.1521950364112854,,0.883449912071228,,,,,,,,,,,1.0,1.0,,,,,364,,,,0.0,,0.0,,0.0
,,,0.083984375,,0.984375,,,,,,,,,,,1.0,1.0,,,,,365,,,,0.0,,0.0,,0.0
,,,0.0771484375,,0.9609375,,,,,,,,,,,1.0,1.0,,,,,366,,,,0.0,,0.0,,0.0
,,,0.08366141468286514,,0.9763779640197754,,,,,,,,,,,1.0,1.0,,,,,367,,,,0.0,,0.0,,0.0
3,0.4899172782897949,0.4316427409648895,,0.8481141328811646,,,,,,,,,,,,,,113.74241638183594,133683.640625,4.733936309814453,428.95318603515625,883,,,0.0,,0.0,,0.0,
3,,,,,,0.6060395836830139,,1.0615594387054443,,16.644832611083984,,,,,,,,,,,,883,2.3726561069488525,,,,,,,
,,,,,,,,,,,,,,0.00016508778280542984,0.03,,,,,,,899,,,,,,,,
4,,,,,,,0.5902004241943359,,1.0109806060791016,,15.1015625,0.00016526697436347604,0.029999999329447746,,,1.0,1.0,,,,,899,,2.4679410457611084,,,,,,
,,,,,,,,,,,,,,0.0001740470588235294,0.03,,,,,,,949,,,,,,,,
4,,,,,,,0.5994431972503662,,1.0190551280975342,,14.953125,0.00017422623932361603,0.029999999329447746,,,1.0,1.0,,,,,949,,1.8993209600448608,,,,,,
,,,,,,,,,,,,,,0.00018300633484162905,0.03,,,,,,,999,,,,,,,,
4,,,,,,,0.586470901966095,,1.0056347846984863,,15.0390625,0.00018318551883567125,0.029999999329447746,,,1.0,1.0,,,,,999,,1.7486045360565186,,,,,,
,,,,,,,,,,,,,,0.00019196561085972868,0.03,,,,,,,1049,,,,,,,,
4,,,,,,,0.5897165536880493,,0.985575258731842,,13.921875,0.00019214479834772646,0.029999999329447746,,,1.0,1.0,,,,,1049,,2.499673843383789,,,,,,
,,,,,,,,,,,,,,0.00020092488687782826,0.03,,,,,,,1099,,,,,,,,
4,,,,,,,0.5706515312194824,,0.9644877910614014,,13.90625,0.00020110407785978168,0.029999999329447746,,,1.0,1.0,,,,,1099,,1.9514319896697998,,,,,,
,,,0.04218750074505806,,0.8515625,,,,,,,,,,,1.0,1.0,,,,,368,,,,0.0,,0.0,,0.0
,,,0.0677083358168602,,0.8671875,,,,,,,,,,,1.0,1.0,,,,,369,,,,0.0,,0.0,,0.0
,,,0.12258892506361008,,0.9405940771102905,,,,,,,,,,,1.0,1.0,,,,,370,,,,0.0,,0.0,,0.0
,,,0.1005859375,,0.9921875,,,,,,,,,,,1.0,1.0,,,,,371,,,,0.0,,0.0,,0.0
,,,0.0807291641831398,,0.984375,,,,,,,,,,,1.0,1.0,,,,,372,,,,0.0,,0.0,,0.0
,,,0.1434294879436493,,0.9391025304794312,,,,,,,,,,,1.0,1.0,,,,,373,,,,0.0,,0.0,,0.0
,,,0.04374999925494194,,0.9609375,,,,,,,,,,,1.0,1.0,,,,,374,,,,0.0,,0.0,,0.0
,,,0.04531250149011612,,0.9765625,,,,,,,,,,,1.0,1.0,,,,,375,,,,0.0,,0.0,,0.0
,,,0.0807032585144043,,0.9262435436248779,,,,,,,,,,,1.0,1.0,,,,,376,,,,0.0,,0.0,,0.0
,,,0.0590277761220932,,0.953125,,,,,,,,,,,1.0,1.0,,,,,377,,,,0.0,,0.0,,0.0
,,,0.04609375074505806,,0.9453125,,,,,,,,,,,1.0,1.0,,,,,378,,,,0.0,,0.0,,0.0
,,,0.05546874925494194,,0.9375,,,,,,,,,,,1.0,1.0,,,,,379,,,,0.0,,0.0,,0.0
,,,0.10725926607847214,,0.7893333435058594,,,,,,,,,,,1.0,1.0,,,,,380,,,,0.0,,0.0,,0.0
,,,0.0771484375,,0.8515625,,,,,,,,,,,1.0,1.0,,,,,381,,,,0.0,,0.0,,0.0
,,,0.0694444477558136,,0.8984375,,,,,,,,,,,1.0,1.0,,,,,382,,,,0.0,,0.0,,0.0
,,,0.12190061807632446,,0.8015873432159424,,,,,,,,,,,1.0,1.0,,,,,383,,,,0.0,,0.0,,0.0
,,,0.0347222238779068,,0.6640625,,,,,,,,,,,1.0,1.0,,,,,384,,,,0.0,,0.0,,0.0
,,,0.02968749962747097,,0.6796875,,,,,,,,,,,1.0,1.0,,,,,385,,,,0.0,,0.0,,0.0
,,,0.06515151262283325,,0.7521644830703735,,,,,,,,,,,1.0,1.0,,,,,386,,,,0.0,,0.0,,0.0
,,,0.03046875074505806,,0.84375,,,,,,,,,,,1.0,1.0,,,,,387,,,,0.0,,0.0,,0.0
,,,0.0234375,,0.8125,,,,,,,,,,,1.0,1.0,,,,,388,,,,0.0,,0.0,,0.0
,,,0.09220977127552032,,0.9067248106002808,,,,,,,,,,,1.0,1.0,,,,,389,,,,0.0,,0.0,,0.0
,,,0.05390625074505806,,0.9609375,,,,,,,,,,,1.0,1.0,,,,,390,,,,0.0,,0.0,,0.0
,,,0.0555555559694767,,0.953125,,,,,,,,,,,1.0,1.0,,,,,391,,,,0.0,,0.0,,0.0
,,,0.13354679942131042,,0.9613300561904907,,,,,,,,,,,1.0,1.0,,,,,392,,,,0.0,,0.0,,0.0
,,,0.095703125,,0.9765625,,,,,,,,,,,1.0,1.0,,,,,393,,,,0.0,,0.0,,0.0
,,,0.078125,,0.96875,,,,,,,,,,,1.0,1.0,,,,,394,,,,0.0,,0.0,,0.0
,,,0.13389238715171814,,0.8762264251708984,,,,,,,,,,,1.0,1.0,,,,,395,,,,0.0,,0.0,,0.0
,,,0.0633680522441864,,0.8828125,,,,,,,,,,,1.0,1.0,,,,,396,,,,0.0,,0.0,,0.0
,,,0.04140625149011612,,0.90625,,,,,,,,,,,1.0,1.0,,,,,397,,,,0.0,,0.0,,0.0
,,,0.1144854873418808,,0.9123119115829468,,,,,,,,,,,1.0,1.0,,,,,398,,,,0.0,,0.0,,0.0
,,,0.0512152761220932,,0.8671875,,,,,,,,,,,1.0,1.0,,,,,399,,,,0.0,,0.0,,0.0
,,,0.05624999850988388,,0.8515625,,,,,,,,,,,1.0,1.0,,,,,400,,,,0.0,,0.0,,0.0
,,,0.1279802918434143,,0.9396551847457886,,,,,,,,,,,1.0,1.0,,,,,401,,,,0.0,,0.0,,0.0
,,,0.091796875,,0.9765625,,,,,,,,,,,1.0,1.0,,,,,402,,,,0.0,,0.0,,0.0
,,,0.0772569477558136,,0.9765625,,,,,,,,,,,1.0,1.0,,,,,403,,,,0.0,,0.0,,0.0
,,,0.11093711107969284,,0.9462931156158447,,,,,,,,,,,1.0,1.0,,,,,404,,,,0.0,,0.0,,0.0
,,,0.05000000074505806,,0.9765625,,,,,,,,,,,1.0,1.0,,,,,405,,,,0.0,,0.0,,0.0
,,,0.04218750074505806,,0.96875,,,,,,,,,,,1.0,1.0,,,,,406,,,,0.0,,0.0,,0.0
,,,0.08761905133724213,,0.9297924041748047,,,,,,,,,,,1.0,1.0,,,,,407,,,,0.0,,0.0,,0.0
,,,0.05390625074505806,,0.9453125,,,,,,,,,,,1.0,1.0,,,,,408,,,,0.0,,0.0,,0.0
,,,0.0546875,,0.9765625,,,,,,,,,,,1.0,1.0,,,,,409,,,,0.0,,0.0,,0.0
,,,0.13131313025951385,,0.9227272868156433,,,,,,,,,,,1.0,1.0,,,,,410,,,,0.0,,0.0,,0.0
,,,0.0892857164144516,,0.8828125,,,,,,,,,,,1.0,1.0,,,,,411,,,,0.0,,0.0,,0.0
,,,0.078125,,0.8828125,,,,,,,,,,,1.0,1.0,,,,,412,,,,0.0,,0.0,,0.0
,,,0.12140175700187683,,0.7903629541397095,,,,,,,,,,,1.0,1.0,,,,,413,,,,0.0,,0.0,,0.0
,,,0.0329861119389534,,0.6953125,,,,,,,,,,,1.0,1.0,,,,,414,,,,0.0,,0.0,,0.0
,,,0.03046875074505806,,0.6484375,,,,,,,,,,,1.0,1.0,,,,,415,,,,0.0,,0.0,,0.0
,,,0.03359375149011612,,0.6953125,,,,,,,,,,,1.0,1.0,,,,,416,,,,0.0,,0.0,,0.0
,,,0.03228346258401871,,0.4015747904777527,,,,,,,,,,,1.0,1.0,,,,,417,,,,0.0,,0.0,,0.0
,,,0.03203124925494194,,0.8359375,,,,,,,,,,,1.0,1.0,,,,,418,,,,0.0,,0.0,,0.0
,,,0.01953125,,0.7890625,,,,,,,,,,,1.0,1.0,,,,,419,,,,0.0,,0.0,,0.0
,,,0.07270114868879318,,0.9741379022598267,,,,,,,,,,,1.0,1.0,,,,,420,,,,0.0,,0.0,,0.0
,,,0.0581597238779068,,0.9453125,,,,,,,,,,,1.0,1.0,,,,,421,,,,0.0,,0.0,,0.0
,,,0.05546874925494194,,0.9765625,,,,,,,,,,,1.0,1.0,,,,,422,,,,0.0,,0.0,,0.0
,,,0.1399340033531189,,0.9431610107421875,,,,,,,,,,,1.0,1.0,,,,,423,,,,0.0,,0.0,,0.0
,,,0.0876736119389534,,0.9921875,,,,,,,,,,,1.0,1.0,,,,,424,,,,0.0,,0.0,,0.0
,,,0.1116071417927742,,0.9765625,,,,,,,,,,,1.0,1.0,,,,,425,,,,0.0,,0.0,,0.0
,,,0.12615740299224854,,0.890625,,,,,,,,,,,1.0,1.0,,,,,426,,,,0.0,,0.0,,0.0
,,,0.04921875149011612,,0.8828125,,,,,,,,,,,1.0,1.0,,,,,427,,,,0.0,,0.0,,0.0
,,,0.04609375074505806,,0.90625,,,,,,,,,,,1.0,1.0,,,,,428,,,,0.0,,0.0,,0.0
,,,0.10614617168903351,,0.8765226602554321,,,,,,,,,,,1.0,1.0,,,,,429,,,,0.0,,0.0,,0.0
,,,0.0625,,0.8515625,,,,,,,,,,,1.0,1.0,,,,,430,,,,0.0,,0.0,,0.0
,,,0.05390625074505806,,0.8671875,,,,,,,,,,,1.0,1.0,,,,,431,,,,0.0,,0.0,,0.0
,,,0.1329793483018875,,0.9666666984558105,,,,,,,,,,,1.0,1.0,,,,,432,,,,0.0,,0.0,,0.0
,,,0.1060267835855484,,0.96875,,,,,,,,,,,1.0,1.0,,,,,433,,,,0.0,,0.0,,0.0
,,,0.0772569477558136,,0.96875,,,,,,,,,,,1.0,1.0,,,,,434,,,,0.0,,0.0,,0.0
,,,0.11494949460029602,,0.968181848526001,,,,,,,,,,,1.0,1.0,,,,,435,,,,0.0,,0.0,,0.0
,,,0.04843749850988388,,0.9765625,,,,,,,,,,,1.0,1.0,,,,,436,,,,0.0,,0.0,,0.0
,,,0.03984374925494194,,0.9453125,,,,,,,,,,,1.0,1.0,,,,,437,,,,0.0,,0.0,,0.0
,,,0.11407407373189926,,0.9675925970077515,,,,,,,,,,,1.0,1.0,,,,,438,,,,0.0,,0.0,,0.0
,,,0.04843749850988388,,0.9453125,,,,,,,,,,,1.0,1.0,,,,,439,,,,0.0,,0.0,,0.0
,,,0.0633680522441864,,0.9765625,,,,,,,,,,,1.0,1.0,,,,,440,,,,0.0,,0.0,,0.0
,,,0.13309535384178162,,0.8842034935951233,,,,,,,,,,,1.0,1.0,,,,,441,,,,0.0,,0.0,,0.0
,,,0.0881696417927742,,0.9140625,,,,,,,,,,,1.0,1.0,,,,,442,,,,0.0,,0.0,,0.0
,,,0.0720486119389534,,0.875,,,,,,,,,,,1.0,1.0,,,,,443,,,,0.0,,0.0,,0.0
,,,0.10649916529655457,,0.8146167993545532,,,,,,,,,,,1.0,1.0,,,,,444,,,,0.0,,0.0,,0.0
,,,0.0329861119389534,,0.65625,,,,,,,,,,,1.0,1.0,,,,,445,,,,0.0,,0.0,,0.0
,,,0.02968749962747097,,0.671875,,,,,,,,,,,1.0,1.0,,,,,446,,,,0.0,,0.0,,0.0
,,,0.07059800624847412,,0.7358803749084473,,,,,,,,,,,1.0,1.0,,,,,447,,,,0.0,,0.0,,0.0
,,,0.0329861119389534,,0.859375,,,,,,,,,,,1.0,1.0,,,,,448,,,,0.0,,0.0,,0.0
,,,0.02421874925494194,,0.78125,,,,,,,,,,,1.0,1.0,,,,,449,,,,0.0,,0.0,,0.0
,,,0.1074899211525917,,0.9226803779602051,,,,,,,,,,,1.0,1.0,,,,,450,,,,0.0,,0.0,,0.0
,,,0.05234374850988388,,0.9375,,,,,,,,,,,1.0,1.0,,,,,451,,,,0.0,,0.0,,0.0
,,,0.0546875,,0.9453125,,,,,,,,,,,1.0,1.0,,,,,452,,,,0.0,,0.0,,0.0
,,,0.14374999701976776,,0.9955357313156128,,,,,,,,,,,1.0,1.0,,,,,453,,,,0.0,,0.0,,0.0
,,,0.07109375298023224,,0.96875,,,,,,,,,,,1.0,1.0,,,,,454,,,,0.0,,0.0,,0.0
,,,0.08124999701976776,,0.9765625,,,,,,,,,,,1.0,1.0,,,,,455,,,,0.0,,0.0,,0.0
,,,0.14976690709590912,,0.8465423583984375,,,,,,,,,,,1.0,1.0,,,,,456,,,,0.0,,0.0,,0.0
,,,0.04765624925494194,,0.8671875,,,,,,,,,,,1.0,1.0,,,,,457,,,,0.0,,0.0,,0.0
,,,0.04765624925494194,,0.890625,,,,,,,,,,,1.0,1.0,,,,,458,,,,0.0,,0.0,,0.0
,,,0.05433070659637451,,0.9055117964744568,,,,,,,,,,,1.0,1.0,,,,,459,,,,0.0,,0.0,,0.0
4,0.5226765871047974,0.524192750453949,,0.8956562280654907,,,,,,,,,,,,,,114.43898010253906,128631.7734375,4.740041732788086,464.3916320800781,1104,,,0.0,,0.0,,0.0,
4,,,,,,0.5848037004470825,,1.0046309232711792,,15.075332641601562,,,,,,,,,,,,1104,2.2650983333587646,,,,,,,
,,,,,,,,,,,,,,0.0002098841628959279,0.03,,,,,,,1149,,,,,,,,
5,,,,,,,0.5873308181762695,,0.9978823661804199,,14.4609375,0.00021006334281992167,0.029999999329447746,,,1.0,1.0,,,,,1149,,2.6376914978027344,,,,,,
,,,,,,,,,,,,,,0.0002188434389140275,0.03,,,,,,,1199,,,,,,,,
5,,,,,,,0.5682840347290039,,1.0026969909667969,,15.7890625,0.0002190226223319769,0.029999999329447746,,,1.0,1.0,,,,,1199,,2.489900588989258,,,,,,
,,,,,,,,,,,,,,0.000227802714932127,0.03,,,,,,,1249,,,,,,,,
5,,,,,,,0.552588701248169,,0.9503357410430908,,14.109375,0.0002279819018440321,0.029999999329447746,,,1.0,1.0,,,,,1249,,1.7954576015472412,,,,,,
,,,,,,,,,,,,,,0.0002367619909502264,0.03,,,,,,,1299,,,,,,,,
5,,,,,,,0.5436493158340454,,0.9425684213638306,,14.265625,0.00023694118135608733,0.029999999329447746,,,1.0,1.0,,,,,1299,,2.040721893310547,,,,,,
,,,0.0321180559694767,,0.796875,,,,,,,,,,,1.0,1.0,,,,,460,,,,0.0,,0.0,,0.0
,,,0.0295138880610466,,0.875,,,,,,,,,,,1.0,1.0,,,,,461,,,,0.0,,0.0,,0.0
,,,0.12736830115318298,,0.9356435537338257,,,,,,,,,,,1.0,1.0,,,,,462,,,,0.0,,0.0,,0.0
,,,0.1283482164144516,,0.984375,,,,,,,,,,,1.0,1.0,,,,,463,,,,0.0,,0.0,,0.0
,,,0.1283482164144516,,1.0,,,,,,,,,,,1.0,1.0,,,,,464,,,,0.0,,0.0,,0.0
,,,0.1586538553237915,,0.9487179517745972,,,,,,,,,,,1.0,1.0,,,,,465,,,,0.0,,0.0,,0.0
,,,0.0364583320915699,,0.953125,,,,,,,,,,,1.0,1.0,,,,,466,,,,0.0,,0.0,,0.0
,,,0.02812499925494194,,0.9765625,,,,,,,,,,,1.0,1.0,,,,,467,,,,0.0,,0.0,,0.0
,,,0.07641509175300598,,0.948113203048706,,,,,,,,,,,1.0,1.0,,,,,468,,,,0.0,,0.0,,0.0
,,,0.0538194440305233,,0.9921875,,,,,,,,,,,1.0,1.0,,,,,469,,,,0.0,,0.0,,0.0
,,,0.046875,,0.953125,,,,,,,,,,,1.0,1.0,,,,,470,,,,0.0,,0.0,,0.0
,,,0.05546874925494194,,0.9765625,,,,,,,,,,,1.0,1.0,,,,,471,,,,0.0,,0.0,,0.0
,,,0.1823333352804184,,0.7893333435058594,,,,,,,,,,,1.0,1.0,,,,,472,,,,0.0,,0.0,,0.0
,,,0.1071428582072258,,0.890625,,,,,,,,,,,1.0,1.0,,,,,473,,,,0.0,,0.0,,0.0
,,,0.0859375,,0.8828125,,,,,,,,,,,1.0,1.0,,,,,474,,,,0.0,,0.0,,0.0
,,,0.15458035469055176,,0.915032684803009,,,,,,,,,,,1.0,1.0,,,,,475,,,,0.0,,0.0,,0.0
,,,0.072265625,,0.9375,,,,,,,,,,,1.0,1.0,,,,,476,,,,0.0,,0.0,,0.0
,,,0.0642361119389534,,0.9296875,,,,,,,,,,,1.0,1.0,,,,,477,,,,0.0,,0.0,,0.0
,,,0.12085136771202087,,0.9247835874557495,,,,,,,,,,,1.0,1.0,,,,,478,,,,0.0,,0.0,,0.0
,,,0.0494791679084301,,0.9140625,,,,,,,,,,,1.0,1.0,,,,,479,,,,0.0,,0.0,,0.0
,,,0.0529513880610466,,0.8828125,,,,,,,,,,,1.0,1.0,,,,,480,,,,0.0,,0.0,,0.0
,,,0.14006850123405457,,0.9635118246078491,,,,,,,,,,,1.0,1.0,,,,,481,,,,0.0,,0.0,,0.0
,,,0.0598958320915699,,0.9453125,,,,,,,,,,,1.0,1.0,,,,,482,,,,0.0,,0.0,,0.0
,,,0.04843749850988388,,0.953125,,,,,,,,,,,1.0,1.0,,,,,483,,,,0.0,,0.0,,0.0
,,,0.1465517282485962,,0.9684728980064392,,,,,,,,,,,1.0,1.0,,,,,484,,,,0.0,,0.0,,0.0
,,,0.1026785746216774,,1.0,,,,,,,,,,,1.0,1.0,,,,,485,,,,0.0,,0.0,,0.0
,,,0.0815972238779068,,0.984375,,,,,,,,,,,1.0,1.0,,,,,486,,,,0.0,,0.0,,0.0
,,,0.09054087847471237,,0.7169811129570007,,,,,,,,,,,1.0,1.0,,,,,487,,,,0.0,,0.0,,0.0
,,,0.008593750186264515,,0.4375,,,,,,,,,,,1.0,1.0,,,,,488,,,,0.0,,0.0,,0.0
,,,0.01015624962747097,,0.328125,,,,,,,,,,,1.0,1.0,,,,,489,,,,0.0,,0.0,,0.0
,,,0.03964432328939438,,0.6244869828224182,,,,,,,,,,,1.0,1.0,,,,,490,,,,0.0,,0.0,,0.0
,,,0.0338541679084301,,0.8125,,,,,,,,,,,1.0,1.0,,,,,491,,,,0.0,,0.0,,0.0
,,,0.02604166604578495,,0.859375,,,,,,,,,,,1.0,1.0,,,,,492,,,,0.0,,0.0,,0.0
,,,0.13032293319702148,,0.9253695011138916,,,,,,,,,,,1.0,1.0,,,,,493,,,,0.0,,0.0,,0.0
,,,0.1283482164144516,,0.9921875,,,,,,,,,,,1.0,1.0,,,,,494,,,,0.0,,0.0,,0.0
,,,0.1083984375,,0.9921875,,,,,,,,,,,1.0,1.0,,,,,495,,,,0.0,,0.0,,0.0
,,,0.15953022241592407,,0.9544898271560669,,,,,,,,,,,1.0,1.0,,,,,496,,,,0.0,,0.0,,0.0
,,,0.0347222238779068,,0.96875,,,,,,,,,,,1.0,1.0,,,,,497,,,,0.0,,0.0,,0.0
,,,0.02187499962747097,,0.9453125,,,,,,,,,,,1.0,1.0,,,,,498,,,,0.0,,0.0,,0.0
,,,0.10128205269575119,,0.9446886777877808,,,,,,,,,,,1.0,1.0,,,,,499,,,,0.0,,0.0,,0.0
,,,0.0564236119389534,,0.9765625,,,,,,,,,,,1.0,1.0,,,,,500,,,,0.0,,0.0,,0.0
,,,0.04921875149011612,,0.9765625,,,,,,,,,,,1.0,1.0,,,,,501,,,,0.0,,0.0,,0.0
,,,0.13704544305801392,,0.9522727131843567,,,,,,,,,,,1.0,1.0,,,,,502,,,,0.0,,0.0,,0.0
,,,0.0947265625,,0.890625,,,,,,,,,,,1.0,1.0,,,,,503,,,,0.0,,0.0,,0.0
,,,0.0927734375,,0.90625,,,,,,,,,,,1.0,1.0,,,,,504,,,,0.0,,0.0,,0.0
,,,0.15425531566143036,,0.9120776057243347,,,,,,,,,,,1.0,1.0,,,,,505,,,,0.0,,0.0,,0.0
,,,0.083984375,,0.9375,,,,,,,,,,,1.0,1.0,,,,,506,,,,0.0,,0.0,,0.0
,,,0.0770089253783226,,0.9375,,,,,,,,,,,1.0,1.0,,,,,507,,,,0.0,,0.0,,0.0
,,,0.0830078125,,0.921875,,,,,,,,,,,1.0,1.0,,,,,508,,,,0.0,,0.0,,0.0
,,,0.04286964237689972,,0.9685039520263672,,,,,,,,,,,1.0,1.0,,,,,509,,,,0.0,,0.0,,0.0
,,,0.0520833320915699,,0.8828125,,,,,,,,,,,1.0,1.0,,,,,510,,,,0.0,,0.0,,0.0
,,,0.0503472238779068,,0.921875,,,,,,,,,,,1.0,1.0,,,,,511,,,,0.0,,0.0,,0.0
,,,0.1458333432674408,,0.9698275923728943,,,,,,,,,,,1.0,1.0,,,,,512,,,,0.0,,0.0,,0.0
,,,0.0546875,,0.9375,,,,,,,,,,,1.0,1.0,,,,,513,,,,0.0,,0.0,,0.0
,,,0.0564236119389534,,0.9765625,,,,,,,,,,,1.0,1.0,,,,,514,,,,0.0,,0.0,,0.0
,,,0.15484048426151276,,0.9666299819946289,,,,,,,,,,,1.0,1.0,,,,,515,,,,0.0,,0.0,,0.0
,,,0.1005859375,,0.9921875,,,,,,,,,,,1.0,1.0,,,,,516,,,,0.0,,0.0,,0.0
,,,0.0888671875,,0.9921875,,,,,,,,,,,1.0,1.0,,,,,517,,,,0.0,,0.0,,0.0
,,,0.08437500149011612,,0.7135416865348816,,,,,,,,,,,1.0,1.0,,,,,518,,,,0.0,,0.0,,0.0
,,,0.010937499813735485,,0.390625,,,,,,,,,,,1.0,1.0,,,,,519,,,,0.0,,0.0,,0.0
,,,0.008593750186264515,,0.3203125,,,,,,,,,,,1.0,1.0,,,,,520,,,,0.0,,0.0,,0.0
,,,0.04097452759742737,,0.6032668948173523,,,,,,,,,,,1.0,1.0,,,,,521,,,,0.0,,0.0,,0.0
,,,0.0303819440305233,,0.828125,,,,,,,,,,,1.0,1.0,,,,,522,,,,0.0,,0.0,,0.0
,,,0.02864583395421505,,0.875,,,,,,,,,,,1.0,1.0,,,,,523,,,,0.0,,0.0,,0.0
,,,0.13783186674118042,,0.9578170776367188,,,,,,,,,,,1.0,1.0,,,,,524,,,,0.0,,0.0,,0.0
,,,0.1123046875,,0.9921875,,,,,,,,,,,1.0,1.0,,,,,525,,,,0.0,,0.0,,0.0
,,,0.1083984375,,0.984375,,,,,,,,,,,1.0,1.0,,,,,526,,,,0.0,,0.0,,0.0
,,,0.14231200516223907,,0.968181848526001,,,,,,,,,,,1.0,1.0,,,,,527,,,,0.0,,0.0,,0.0
,,,0.03125,,0.984375,,,,,,,,,,,1.0,1.0,,,,,528,,,,0.0,,0.0,,0.0
,,,0.02500000037252903,,0.9140625,,,,,,,,,,,1.0,1.0,,,,,529,,,,0.0,,0.0,,0.0
,,,0.09341563284397125,,0.9453703165054321,,,,,,,,,,,1.0,1.0,,,,,530,,,,0.0,,0.0,,0.0
,,,0.0625,,0.96875,,,,,,,,,,,1.0,1.0,,,,,531,,,,0.0,,0.0,,0.0
,,,0.05390625074505806,,0.984375,,,,,,,,,,,1.0,1.0,,,,,532,,,,0.0,,0.0,,0.0
,,,0.12618473172187805,,0.9365462064743042,,,,,,,,,,,1.0,1.0,,,,,533,,,,0.0,,0.0,,0.0
,,,0.1104910746216774,,0.8828125,,,,,,,,,,,1.0,1.0,,,,,534,,,,0.0,,0.0,,0.0
,,,0.095703125,,0.90625,,,,,,,,,,,1.0,1.0,,,,,535,,,,0.0,,0.0,,0.0
,,,0.1360948383808136,,0.9053984880447388,,,,,,,,,,,1.0,1.0,,,,,536,,,,0.0,,0.0,,0.0
,,,0.0751953125,,0.921875,,,,,,,,,,,1.0,1.0,,,,,537,,,,0.0,,0.0,,0.0
,,,0.0685763880610466,,0.953125,,,,,,,,,,,1.0,1.0,,,,,538,,,,0.0,,0.0,,0.0
,,,0.12526148557662964,,0.9177740812301636,,,,,,,,,,,1.0,1.0,,,,,539,,,,0.0,,0.0,,0.0
,,,0.0434027761220932,,0.9375,,,,,,,,,,,1.0,1.0,,,,,540,,,,0.0,,0.0,,0.0
,,,0.046875,,0.890625,,,,,,,,,,,1.0,1.0,,,,,541,,,,0.0,,0.0,,0.0
,,,0.14233455061912537,,0.9536082744598389,,,,,,,,,,,1.0,1.0,,,,,542,,,,0.0,,0.0,,0.0
,,,0.0581597238779068,,0.9453125,,,,,,,,,,,1.0,1.0,,,,,543,,,,0.0,,0.0,,0.0
,,,0.05156249925494194,,0.953125,,,,,,,,,,,1.0,1.0,,,,,544,,,,0.0,,0.0,,0.0
,,,0.1774553656578064,,0.9553571343421936,,,,,,,,,,,1.0,1.0,,,,,545,,,,0.0,,0.0,,0.0
,,,0.0970982164144516,,0.984375,,,,,,,,,,,1.0,1.0,,,,,546,,,,0.0,,0.0,,0.0
,,,0.0947265625,,0.984375,,,,,,,,,,,1.0,1.0,,,,,547,,,,0.0,,0.0,,0.0
,,,0.08344988524913788,,0.6818181872367859,,,,,,,,,,,1.0,1.0,,,,,548,,,,0.0,,0.0,,0.0
,,,0.010937499813735485,,0.3828125,,,,,,,,,,,1.0,1.0,,,,,549,,,,0.0,,0.0,,0.0
,,,0.00937500037252903,,0.375,,,,,,,,,,,1.0,1.0,,,,,550,,,,0.0,,0.0,,0.0
,,,0.011023622006177902,,0.36220473051071167,,,,,,,,,,,1.0,1.0,,,,,551,,,,0.0,,0.0,,0.0
5,0.5492151975631714,0.5133922100067139,,0.882317304611206,,,,,,,,,,,,,,114.76368713378906,150520.53125,4.742875099182129,467.5544128417969,1325,,,0.0,,0.0,,0.0,
5,,,,,,0.5669047832489014,,0.971551239490509,,14.449660301208496,,,,,,,,,,,,1325,2.220057725906372,,,,,,,
,,,,,,,,,,,,,,0.0002457212669683259,0.03,,,,,,,1349,,,,,,,,
6,,,,,,,0.5290269255638123,,0.9232053756713867,,14.25,0.0002459004463162273,0.029999999329447746,,,1.0,1.0,,,,,1349,,2.176259994506836,,,,,,
,,,,,,,,,,,,,,0.00025468054298642554,0.03,,,,,,,1399,,,,,,,,
6,,,,,,,0.5538231134414673,,0.9804443120956421,,15.265625,0.00025485974038019776,0.029999999329447746,,,1.0,1.0,,,,,1399,,2.4019742012023926,,,,,,
,,,,,,,,,,,,,,0.00026363981900452514,0.03,,,,,,,1449,,,,,,,,
6,,,,,,,0.5738089680671692,,0.9660115242004395,,13.890625,0.00026381900534033775,0.029999999329447746,,,1.0,1.0,,,,,1449,,2.0056564807891846,,,,,,
,,,,,,,,,,,,,,0.00027259909502262486,0.03,,,,,,,1499,,,,,,,,
6,,,,,,,0.5432233810424805,,0.9653027653694153,,15.5859375,0.00027277827030047774,0.029999999329447746,,,1.0,1.0,,,,,1499,,1.8663077354431152,,,,,,
,,,0.046875,,0.8671875,,,,,,,,,,,1.0,1.0,,,,,552,,,,0.0,,0.0,,0.0
,,,0.0633680522441864,,0.9296875,,,,,,,,,,,1.0,1.0,,,,,553,,,,0.0,,0.0,,0.0
,,,0.12414945662021637,,0.9035570025444031,,,,,,,,,,,1.0,1.0,,,,,554,,,,0.0,,0.0,,0.0
,,,0.0694444477558136,,0.90625,,,,,,,,,,,1.0,1.0,,,,,555,,,,0.0,,0.0,,0.0
,,,0.0590277761220932,,0.9453125,,,,,,,,,,,1.0,1.0,,,,,556,,,,0.0,,0.0,,0.0
,,,0.08205127716064453,,0.9615384340286255,,,,,,,,,,,1.0,1.0,,,,,557,,,,0.0,,0.0,,0.0
,,,0.02777777798473835,,0.9765625,,,,,,,,,,,1.0,1.0,,,,,558,,,,0.0,,0.0,,0.0
,,,0.02604166604578495,,0.984375,,,,,,,,,,,1.0,1.0,,,,,559,,,,0.0,,0.0,,0.0
,,,0.09271012246608734,,0.9489707946777344,,,,,,,,,,,1.0,1.0,,,,,560,,,,0.0,,0.0,,0.0
,,,0.05624999850988388,,0.9375,,,,,,,,,,,1.0,1.0,,,,,561,,,,0.0,,0.0,,0.0
,,,0.05078125,,0.9140625,,,,,,,,,,,1.0,1.0,,,,,562,,,,0.0,,0.0,,0.0
,,,0.0703125,,0.9453125,,,,,,,,,,,1.0,1.0,,,,,563,,,,0.0,,0.0,,0.0
,,,0.1913333386182785,,0.8173333406448364,,,,,,,,,,,1.0,1.0,,,,,564,,,,0.0,,0.0,,0.0
,,,0.10546875,,0.96875,,,,,,,,,,,1.0,1.0,,,,,565,,,,0.0,,0.0,,0.0
,,,0.07890625298023224,,0.9609375,,,,,,,,,,,1.0,1.0,,,,,566,,,,0.0,,0.0,,0.0
,,,0.15665525197982788,,0.9663865566253662,,,,,,,,,,,1.0,1.0,,,,,567,,,,0.0,,0.0,,0.0
,,,0.0673828125,,0.8984375,,,,,,,,,,,1.0,1.0,,,,,568,,,,0.0,,0.0,,0.0
,,,0.0607638880610466,,0.890625,,,,,,,,,,,1.0,1.0,,,,,569,,,,0.0,,0.0,,0.0
,,,0.10227272659540176,,0.8679653406143188,,,,,,,,,,,1.0,1.0,,,,,570,,,,0.0,,0.0,,0.0
,,,0.05078125,,0.8984375,,,,,,,,,,,1.0,1.0,,,,,571,,,,0.0,,0.0,,0.0
,,,0.0555555559694767,,0.8984375,,,,,,,,,,,1.0,1.0,,,,,572,,,,0.0,,0.0,,0.0
,,,0.08834370970726013,,0.8518057465553284,,,,,,,,,,,1.0,1.0,,,,,573,,,,0.0,,0.0,,0.0
,,,0.02890625037252903,,0.7890625,,,,,,,,,,,1.0,1.0,,,,,574,,,,0.0,,0.0,,0.0
,,,0.03125,,0.78125,,,,,,,,,,,1.0,1.0,,,,,575,,,,0.0,,0.0,,0.0
,,,0.09064039587974548,,0.8741379380226135,,,,,,,,,,,1.0,1.0,,,,,576,,,,0.0,,0.0,,0.0
,,,0.078125,,0.9609375,,,,,,,,,,,1.0,1.0,,,,,577,,,,0.0,,0.0,,0.0
,,,0.0677083358168602,,0.9765625,,,,,,,,,,,1.0,1.0,,,,,578,,,,0.0,,0.0,,0.0
,,,0.15793152153491974,,0.9800000190734863,,,,,,,,,,,1.0,1.0,,,,,579,,,,0.0,,0.0,,0.0
,,,0.1227678582072258,,1.0,,,,,,,,,,,1.0,1.0,,,,,580,,,,0.0,,0.0,,0.0
,,,0.0911458358168602,,0.9921875,,,,,,,,,,,1.0,1.0,,,,,581,,,,0.0,,0.0,,0.0
,,,0.12541723251342773,,0.9243502020835876,,,,,,,,,,,1.0,1.0,,,,,582,,,,0.0,,0.0,,0.0
,,,0.05000000074505806,,0.8984375,,,,,,,,,,,1.0,1.0,,,,,583,,,,0.0,,0.0,,0.0
,,,0.068359375,,0.9140625,,,,,,,,,,,1.0,1.0,,,,,584,,,,0.0,,0.0,,0.0
,,,0.12129174172878265,,0.9211822748184204,,,,,,,,,,,1.0,1.0,,,,,585,,,,0.0,,0.0,,0.0
,,,0.0625,,0.90625,,,,,,,,,,,1.0,1.0,,,,,586,,,,0.0,,0.0,,0.0
,,,0.0616319440305233,,0.921875,,,,,,,,,,,1.0,1.0,,,,,587,,,,0.0,,0.0,,0.0
,,,0.08424271643161774,,0.9597504138946533,,,,,,,,,,,1.0,1.0,,,,,588,,,,0.0,,0.0,,0.0
,,,0.02777777798473835,,0.9609375,,,,,,,,,,,1.0,1.0,,,,,589,,,,0.0,,0.0,,0.0
,,,0.0251736119389534,,0.9609375,,,,,,,,,,,1.0,1.0,,,,,590,,,,0.0,,0.0,,0.0
,,,0.08866911381483078,,0.9766788482666016,,,,,,,,,,,1.0,1.0,,,,,591,,,,0.0,,0.0,,0.0
,,,0.06015624850988388,,0.9296875,,,,,,,,,,,1.0,1.0,,,,,592,,,,0.0,,0.0,,0.0
,,,0.0598958320915699,,0.9296875,,,,,,,,,,,1.0,1.0,,,,,593,,,,0.0,,0.0,,0.0
,,,0.19346590340137482,,0.9477273225784302,,,,,,,,,,,1.0,1.0,,,,,594,,,,0.0,,0.0,,0.0
,,,0.0928819477558136,,0.9609375,,,,,,,,,,,1.0,1.0,,,,,595,,,,0.0,,0.0,,0.0
,,,0.1238839253783226,,0.9765625,,,,,,,,,,,1.0,1.0,,,,,596,,,,0.0,,0.0,,0.0
,,,0.13404256105422974,,0.9439924955368042,,,,,,,,,,,1.0,1.0,,,,,597,,,,0.0,,0.0,,0.0
,,,0.0693359375,,0.8984375,,,,,,,,,,,1.0,1.0,,,,,598,,,,0.0,,0.0,,0.0
,,,0.0615234375,,0.9296875,,,,,,,,,,,1.0,1.0,,,,,599,,,,0.0,,0.0,,0.0
,,,0.0633680522441864,,0.8515625,,,,,,,,,,,1.0,1.0,,,,,600,,,,0.0,,0.0,,0.0
,,,0.04724409431219101,,0.9488189220428467,,,,,,,,,,,1.0,1.0,,,,,601,,,,0.0,,0.0,,0.0
,,,0.04921875149011612,,0.8671875,,,,,,,,,,,1.0,1.0,,,,,602,,,,0.0,,0.0,,0.0
,,,0.04921875149011612,,0.9140625,,,,,,,,,,,1.0,1.0,,,,,603,,,,0.0,,0.0,,0.0
,,,0.09856322407722473,,0.7629310488700867,,,,,,,,,,,1.0,1.0,,,,,604,,,,0.0,,0.0,,0.0
,,,0.03359375149011612,,0.7890625,,,,,,,,,,,1.0,1.0,,,,,605,,,,0.0,,0.0,,0.0
,,,0.02812499925494194,,0.8125,,,,,,,,,,,1.0,1.0,,,,,606,,,,0.0,,0.0,,0.0
,,,0.09424275904893875,,0.8456178903579712,,,,,,,,,,,1.0,1.0,,,,,607,,,,0.0,,0.0,,0.0
,,,0.0849609375,,0.9765625,,,,,,,,,,,1.0,1.0,,,,,608,,,,0.0,,0.0,,0.0
,,,0.0703125,,0.9609375,,,,,,,,,,,1.0,1.0,,,,,609,,,,0.0,,0.0,,0.0
,,,0.14004629850387573,,0.96875,,,,,,,,,,,1.0,1.0,,,,,610,,,,0.0,,0.0,,0.0
,,,0.0894097238779068,,0.9921875,,,,,,,,,,,1.0,1.0,,,,,611,,,,0.0,,0.0,,0.0
,,,0.0928819477558136,,0.9921875,,,,,,,,,,,1.0,1.0,,,,,612,,,,0.0,,0.0,,0.0
,,,0.14181125164031982,,0.9360464811325073,,,,,,,,,,,1.0,1.0,,,,,613,,,,0.0,,0.0,,0.0
,,,0.05156249925494194,,0.8984375,,,,,,,,,,,1.0,1.0,,,,,614,,,,0.0,,0.0,,0.0
,,,0.0693359375,,0.90625,,,,,,,,,,,1.0,1.0,,,,,615,,,,0.0,,0.0,,0.0
,,,0.12418879568576813,,0.9312684535980225,,,,,,,,,,,1.0,1.0,,,,,616,,,,0.0,,0.0,,0.0
,,,0.0651041641831398,,0.921875,,,,,,,,,,,1.0,1.0,,,,,617,,,,0.0,,0.0,,0.0
,,,0.05624999850988388,,0.921875,,,,,,,,,,,1.0,1.0,,,,,618,,,,0.0,,0.0,,0.0
,,,0.08282828330993652,,0.9540404081344604,,,,,,,,,,,1.0,1.0,,,,,619,,,,0.0,,0.0,,0.0
,,,0.0295138880610466,,0.96875,,,,,,,,,,,1.0,1.0,,,,,620,,,,0.0,,0.0,,0.0
,,,0.0234375,,0.953125,,,,,,,,,,,1.0,1.0,,,,,621,,,,0.0,,0.0,,0.0
,,,0.09296296536922455,,0.9814814925193787,,,,,,,,,,,1.0,1.0,,,,,622,,,,0.0,,0.0,,0.0
,,,0.0546875,,0.9140625,,,,,,,,,,,1.0,1.0,,,,,623,,,,0.0,,0.0,,0.0
,,,0.05703125149011612,,0.9453125,,,,,,,,,,,1.0,1.0,,,,,624,,,,0.0,,0.0,,0.0
,,,0.19176706671714783,,0.9323962926864624,,,,,,,,,,,1.0,1.0,,,,,625,,,,0.0,,0.0,,0.0
,,,0.0946180522441864,,0.953125,,,,,,,,,,,1.0,1.0,,,,,626,,,,0.0,,0.0,,0.0
,,,0.0954861119389534,,0.9765625,,,,,,,,,,,1.0,1.0,,,,,627,,,,0.0,,0.0,,0.0
,,,0.132340207695961,,0.9316271543502808,,,,,,,,,,,1.0,1.0,,,,,628,,,,0.0,,0.0,,0.0
,,,0.0598958320915699,,0.90625,,,,,,,,,,,1.0,1.0,,,,,629,,,,0.0,,0.0,,0.0
,,,0.0654296875,,0.9140625,,,,,,,,,,,1.0,1.0,,,,,630,,,,0.0,,0.0,,0.0
,,,0.10459579527378082,,0.8889811635017395,,,,,,,,,,,1.0,1.0,,,,,631,,,,0.0,,0.0,,0.0
,,,0.04843749850988388,,0.8984375,,,,,,,,,,,1.0,1.0,,,,,632,,,,0.0,,0.0,,0.0
,,,0.04921875149011612,,0.859375,,,,,,,,,,,1.0,1.0,,,,,633,,,,0.0,,0.0,,0.0
,,,0.10043232142925262,,0.8355503678321838,,,,,,,,,,,1.0,1.0,,,,,634,,,,0.0,,0.0,,0.0
,,,0.03125,,0.796875,,,,,,,,,,,1.0,1.0,,,,,635,,,,0.0,,0.0,,0.0
,,,0.03125,,0.78125,,,,,,,,,,,1.0,1.0,,,,,636,,,,0.0,,0.0,,0.0
,,,0.10982142388820648,,0.8660714626312256,,,,,,,,,,,1.0,1.0,,,,,637,,,,0.0,,0.0,,0.0
,,,0.0791015625,,0.9609375,,,,,,,,,,,1.0,1.0,,,,,638,,,,0.0,,0.0,,0.0
,,,0.0746527761220932,,0.96875,,,,,,,,,,,1.0,1.0,,,,,639,,,,0.0,,0.0,,0.0
,,,0.14918415248394012,,0.9700855016708374,,,,,,,,,,,1.0,1.0,,,,,640,,,,0.0,,0.0,,0.0
,,,0.1194196417927742,,1.0,,,,,,,,,,,1.0,1.0,,,,,641,,,,0.0,,0.0,,0.0
,,,0.0876736119389534,,0.9921875,,,,,,,,,,,1.0,1.0,,,,,642,,,,0.0,,0.0,,0.0
,,,0.0953630805015564,,0.9921259880065918,,,,,,,,,,,1.0,1.0,,,,,643,,,,0.0,,0.0,,0.0
6,0.5678414106369019,0.557066798210144,,0.9223776459693909,,,,,,,,,,,,,,112.86264038085938,119365.859375,4.726171493530273,473.62799072265625,1546,,,0.0,,0.0,,0.0,
6,,,,,,0.5535868406295776,,0.949515163898468,,14.153103828430176,,,,,,,,,,,,1546,1.9577302932739258,,,,,,,
,,,,,,,,,,,,,,0.0002815583710407244,0.03,,,,,,,1549,,,,,,,,
7,,,,,,,0.5213085412979126,,0.9157934188842773,,14.34375,0.0002817375643644482,0.029999999329447746,,,1.0,1.0,,,,,1549,,1.6998718976974487,,,,,,
,,,,,,,,,,,,,,0.000290517647058824,0.03,,,,,,,1599,,,,,,,,
7,,,,,,,0.5356312990188599,,0.9363787770271301,,14.6796875,0.0002906968293245882,0.029999999329447746,,,1.0,1.0,,,,,1599,,1.9311282634735107,,,,,,
,,,,,,,,,,,,,,0.00029947692307692383,0.03,,,,,,,1649,,,,,,,,
7,,,,,,,0.5520650148391724,,0.9355566501617432,,13.578125,0.00029965609428472817,0.029999999329447746,,,1.0,1.0,,,,,1649,,1.8725736141204834,,,,,,
,,,,,,,,,,,,,,0.0003084361990950235,0.03,,,,,,,1699,,,,,,,,
7,,,,,,,0.5565698146820068,,0.9551458358764648,,13.9296875,0.0003086153883486986,0.029999999329447746,,,1.0,1.0,,,,,1699,,1.6992735862731934,,,,,,
,,,,,,,,,,,,,,0.0003173954751131231,0.03,,,,,,,1749,,,,,,,,
7,,,,,,,0.5367013216018677,,0.9265080094337463,,14.1328125,0.0003175746533088386,0.029999999329447746,,,1.0,1.0,,,,,1749,,2.1579790115356445,,,,,,
,,,0.0086805559694767,,0.703125,,,,,,,,,,,1.0,1.0,,,,,644,,,,0.0,,0.0,,0.0
,,,0.0185546875,,0.75,,,,,,,,,,,1.0,1.0,,,,,645,,,,0.0,,0.0,,0.0
,,,0.07040704786777496,,0.8243491053581238,,,,,,,,,,,1.0,1.0,,,,,646,,,,0.0,,0.0,,0.0
,,,0.068359375,,0.9296875,,,,,,,,,,,1.0,1.0,,,,,647,,,,0.0,,0.0,,0.0
,,,0.0911458358168602,,0.9296875,,,,,,,,,,,1.0,1.0,,,,,648,,,,0.0,,0.0,,0.0
,,,0.10737179219722748,,0.9310897588729858,,,,,,,,,,,1.0,1.0,,,,,649,,,,0.0,,0.0,,0.0
,,,0.02864583395421505,,0.9375,,,,,,,,,,,1.0,1.0,,,,,650,,,,0.0,,0.0,,0.0
,,,0.0251736119389534,,0.9453125,,,,,,,,,,,1.0,1.0,,,,,651,,,,0.0,,0.0,,0.0
,,,0.08176100254058838,,0.9215266108512878,,,,,,,,,,,1.0,1.0,,,,,652,,,,0.0,,0.0,,0.0
,,,0.0647321417927742,,0.9140625,,,,,,,,,,,1.0,1.0,,,,,653,,,,0.0,,0.0,,0.0
,,,0.0460069440305233,,0.9453125,,,,,,,,,,,1.0,1.0,,,,,654,,,,0.0,,0.0,,0.0
,,,0.04218750074505806,,0.921875,,,,,,,,,,,1.0,1.0,,,,,655,,,,0.0,,0.0,,0.0
,,,0.10866667330265045,,0.7573333382606506,,,,,,,,,,,1.0,1.0,,,,,656,,,,0.0,,0.0,,0.0
,,,0.060546875,,0.796875,,,,,,,,,,,1.0,1.0,,,,,657,,,,0.0,,0.0,,0.0
,,,0.04921875149011612,,0.765625,,,,,,,,,,,1.0,1.0,,,,,658,,,,0.0,,0.0,,0.0
,,,0.1439775973558426,,0.9276376962661743,,,,,,,,,,,1.0,1.0,,,,,659,,,,0.0,,0.0,,0.0
,,,0.16249999403953552,,0.9609375,,,,,,,,,,,1.0,1.0,,,,,660,,,,0.0,,0.0,,0.0
,,,0.095703125,,0.9453125,,,,,,,,,,,1.0,1.0,,,,,661,,,,0.0,,0.0,,0.0
,,,0.153273805975914,,0.9080086946487427,,,,,,,,,,,1.0,1.0,,,,,662,,,,0.0,,0.0,,0.0
,,,0.0576171875,,0.875,,,,,,,,,,,1.0,1.0,,,,,663,,,,0.0,,0.0,,0.0
,,,0.0680803582072258,,0.8984375,,,,,,,,,,,1.0,1.0,,,,,664,,,,0.0,,0.0,,0.0
,,,0.1058807224035263,,0.9612702131271362,,,,,,,,,,,1.0,1.0,,,,,665,,,,0.0,,0.0,,0.0
,,,0.0751953125,,0.953125,,,,,,,,,,,1.0,1.0,,,,,666,,,,0.0,,0.0,,0.0
,,,0.0654296875,,0.9609375,,,,,,,,,,,1.0,1.0,,,,,667,,,,0.0,,0.0,,0.0
,,,0.09275862574577332,,0.9684728980064392,,,,,,,,,,,1.0,1.0,,,,,668,,,,0.0,,0.0,,0.0
,,,0.06640625,,0.96875,,,,,,,,,,,1.0,1.0,,,,,669,,,,0.0,,0.0,,0.0
,,,0.0373263880610466,,0.9453125,,,,,,,,,,,1.0,1.0,,,,,670,,,,0.0,,0.0,,0.0
,,,0.138364776968956,,0.9638993740081787,,,,,,,,,,,1.0,1.0,,,,,671,,,,0.0,,0.0,,0.0
,,,0.1149553582072258,,1.0,,,,,,,,,,,1.0,1.0,,,,,672,,,,0.0,,0.0,,0.0
,,,0.0966796875,,1.0,,,,,,,,,,,1.0,1.0,,,,,673,,,,0.0,,0.0,,0.0
,,,0.09150326997041702,,0.8720930218696594,,,,,,,,,,,1.0,1.0,,,,,674,,,,0.0,,0.0,,0.0
,,,0.0147569440305233,,0.6875,,,,,,,,,,,1.0,1.0,,,,,675,,,,0.0,,0.0,,0.0
,,,0.01822916604578495,,0.796875,,,,,,,,,,,1.0,1.0,,,,,676,,,,0.0,,0.0,,0.0
,,,0.07372742891311646,,0.8019704818725586,,,,,,,,,,,1.0,1.0,,,,,677,,,,0.0,,0.0,,0.0
,,,0.0673828125,,0.9296875,,,,,,,,,,,1.0,1.0,,,,,678,,,,0.0,,0.0,,0.0
,,,0.078125,,0.921875,,,,,,,,,,,1.0,1.0,,,,,679,,,,0.0,,0.0,,0.0
,,,0.09906750917434692,,0.9217029809951782,,,,,,,,,,,1.0,1.0,,,,,680,,,,0.0,,0.0,,0.0
,,,0.02777777798473835,,0.9453125,,,,,,,,,,,1.0,1.0,,,,,681,,,,0.0,,0.0,,0.0
,,,0.0302734375,,0.9296875,,,,,,,,,,,1.0,1.0,,,,,682,,,,0.0,,0.0,,0.0
,,,0.07420974224805832,,0.9451770782470703,,,,,,,,,,,1.0,1.0,,,,,683,,,,0.0,,0.0,,0.0
,,,0.0613839291036129,,0.9140625,,,,,,,,,,,1.0,1.0,,,,,684,,,,0.0,,0.0,,0.0
,,,0.0451388880610466,,0.953125,,,,,,,,,,,1.0,1.0,,,,,685,,,,0.0,,0.0,,0.0
,,,0.10479797422885895,,0.8920454978942871,,,,,,,,,,,1.0,1.0,,,,,686,,,,0.0,,0.0,,0.0
,,,0.06640625,,0.8359375,,,,,,,,,,,1.0,1.0,,,,,687,,,,0.0,,0.0,,0.0
,,,0.0615234375,,0.765625,,,,,,,,,,,1.0,1.0,,,,,688,,,,0.0,,0.0,,0.0
,,,0.12778472900390625,,0.9095745086669922,,,,,,,,,,,1.0,1.0,,,,,689,,,,0.0,,0.0,,0.0
,,,0.09765625,,0.9609375,,,,,,,,,,,1.0,1.0,,,,,690,,,,0.0,,0.0,,0.0
,,,0.1328125,,0.953125,,,,,,,,,,,1.0,1.0,,,,,691,,,,0.0,,0.0,,0.0
,,,0.0986328125,,0.9140625,,,,,,,,,,,1.0,1.0,,,,,692,,,,0.0,,0.0,,0.0
,,,0.24015748500823975,,0.9566929340362549,,,,,,,,,,,1.0,1.0,,,,,693,,,,0.0,,0.0,,0.0
,,,0.0680803582072258,,0.875,,,,,,,,,,,1.0,1.0,,,,,694,,,,0.0,,0.0,,0.0
,,,0.0524553582072258,,0.921875,,,,,,,,,,,1.0,1.0,,,,,695,,,,0.0,,0.0,,0.0
,,,0.10696040838956833,,0.982758641242981,,,,,,,,,,,1.0,1.0,,,,,696,,,,0.0,,0.0,,0.0
,,,0.0848214253783226,,0.9375,,,,,,,,,,,1.0,1.0,,,,,697,,,,0.0,,0.0,,0.0
,,,0.0625,,0.9765625,,,,,,,,,,,1.0,1.0,,,,,698,,,,0.0,,0.0,,0.0
,,,0.10544758290052414,,0.9666299819946289,,,,,,,,,,,1.0,1.0,,,,,699,,,,0.0,,0.0,,0.0
,,,0.0569196417927742,,0.9765625,,,,,,,,,,,1.0,1.0,,,,,700,,,,0.0,,0.0,,0.0
,,,0.0400390625,,0.953125,,,,,,,,,,,1.0,1.0,,,,,701,,,,0.0,,0.0,,0.0
,,,0.1681547611951828,,0.9479166269302368,,,,,,,,,,,1.0,1.0,,,,,702,,,,0.0,,0.0,,0.0
,,,0.0908203125,,1.0,,,,,,,,,,,1.0,1.0,,,,,703,,,,0.0,,0.0,,0.0
,,,0.1005859375,,0.9921875,,,,,,,,,,,1.0,1.0,,,,,704,,,,0.0,,0.0,,0.0
,,,0.11288759112358093,,0.8488371968269348,,,,,,,,,,,1.0,1.0,,,,,705,,,,0.0,,0.0,,0.0
,,,0.013888888992369175,,0.7265625,,,,,,,,,,,1.0,1.0,,,,,706,,,,0.0,,0.0,,0.0
,,,0.0224609375,,0.7578125,,,,,,,,,,,1.0,1.0,,,,,707,,,,0.0,,0.0,,0.0
,,,0.06096361577510834,,0.8935103416442871,,,,,,,,,,,1.0,1.0,,,,,708,,,,0.0,,0.0,,0.0
,,,0.0703125,,0.9296875,,,,,,,,,,,1.0,1.0,,,,,709,,,,0.0,,0.0,,0.0
,,,0.0859375,,0.921875,,,,,,,,,,,1.0,1.0,,,,,710,,,,0.0,,0.0,,0.0
,,,0.08787878602743149,,0.9035353660583496,,,,,,,,,,,1.0,1.0,,,,,711,,,,0.0,,0.0,,0.0
,,,0.02265625074505806,,0.96875,,,,,,,,,,,1.0,1.0,,,,,712,,,,0.0,,0.0,,0.0
,,,0.0322265625,,0.90625,,,,,,,,,,,1.0,1.0,,,,,713,,,,0.0,,0.0,,0.0
,,,0.07674897462129593,,0.9675925970077515,,,,,,,,,,,1.0,1.0,,,,,714,,,,0.0,,0.0,,0.0
,,,0.0451388880610466,,0.953125,,,,,,,,,,,1.0,1.0,,,,,715,,,,0.0,,0.0,,0.0
,,,0.0486111119389534,,0.9453125,,,,,,,,,,,1.0,1.0,,,,,716,,,,0.0,,0.0,,0.0
,,,0.10983191430568695,,0.8730924129486084,,,,,,,,,,,1.0,1.0,,,,,717,,,,0.0,,0.0,,0.0
,,,0.0703125,,0.8203125,,,,,,,,,,,1.0,1.0,,,,,718,,,,0.0,,0.0,,0.0
,,,0.0607638880610466,,0.7734375,,,,,,,,,,,1.0,1.0,,,,,719,,,,0.0,,0.0,,0.0
,,,0.11846192181110382,,0.9052711725234985,,,,,,,,,,,1.0,1.0,,,,,720,,,,0.0,,0.0,,0.0
,,,0.1328125,,0.9609375,,,,,,,,,,,1.0,1.0,,,,,721,,,,0.0,,0.0,,0.0
,,,0.1149553582072258,,0.9453125,,,,,,,,,,,1.0,1.0,,,,,722,,,,0.0,,0.0,,0.0
,,,0.15843023359775543,,0.9119601249694824,,,,,,,,,,,1.0,1.0,,,,,723,,,,0.0,,0.0,,0.0
,,,0.0569196417927742,,0.890625,,,,,,,,,,,1.0,1.0,,,,,724,,,,0.0,,0.0,,0.0
,,,0.0669642835855484,,0.890625,,,,,,,,,,,1.0,1.0,,,,,725,,,,0.0,,0.0,,0.0
,,,0.14042234420776367,,0.9477884769439697,,,,,,,,,,,1.0,1.0,,,,,726,,,,0.0,,0.0,,0.0
,,,0.0685763880610466,,0.953125,,,,,,,,,,,1.0,1.0,,,,,727,,,,0.0,,0.0,,0.0
,,,0.068359375,,0.9453125,,,,,,,,,,,1.0,1.0,,,,,728,,,,0.0,,0.0,,0.0
,,,0.127976194024086,,0.9910714626312256,,,,,,,,,,,1.0,1.0,,,,,729,,,,0.0,,0.0,,0.0
,,,0.0479910708963871,,0.9765625,,,,,,,,,,,1.0,1.0,,,,,730,,,,0.0,,0.0,,0.0
,,,0.05078125,,0.9609375,,,,,,,,,,,1.0,1.0,,,,,731,,,,0.0,,0.0,,0.0
,,,0.11907537281513214,,0.9246309399604797,,,,,,,,,,,1.0,1.0,,,,,732,,,,0.0,,0.0,,0.0
,,,0.1149553582072258,,1.0,,,,,,,,,,,1.0,1.0,,,,,733,,,,0.0,,0.0,,0.0
,,,0.1071428582072258,,0.9921875,,,,,,,,,,,1.0,1.0,,,,,734,,,,0.0,,0.0,,0.0
,,,0.11473565548658371,,1.0,,,,,,,,,,,1.0,1.0,,,,,735,,,,0.0,,0.0,,0.0
7,0.5776597261428833,0.4835541248321533,,0.9104220867156982,,,,,,,,,,,,,,115.19528198242188,108779.4765625,4.746628761291504,474.12579345703125,1767,,,0.0,,0.0,,0.0,
7,,,,,,0.5433562397956848,,0.9416000843048096,,14.383767127990723,,,,,,,,,,,,1767,1.848595142364502,,,,,,,
,,,,,,,,,,,,,,0.000326354751131223,0.03,,,,,,,1799,,,,,,,,
8,,,,,,,0.546710193157196,,0.9371469020843506,,14.171875,0.00032653394737280905,0.029999999329447746,,,1.0,1.0,,,,,1799,,1.871269941329956,,,,,,
,,,,,,,,,,,,,,0.0003353140271493229,0.03,,,,,,,1849,,,,,,,,
8,,,,,,,0.539332926273346,,0.9337536096572876,,14.421875,0.00033549321233294904,0.029999999329447746,,,1.0,1.0,,,,,1849,,1.6741254329681396,,,,,,
,,,,,,,,,,,,,,0.0003442733031674226,0.03,,,,,,,1899,,,,,,,,
8,,,,,,,0.5522487759590149,,0.9622793197631836,,15.09375,0.00034445247729308903,0.029999999329447746,,,1.0,1.0,,,,,1899,,1.7656912803649902,,,,,,
,,,,,,,,,,,,,,0.0003532325791855225,0.03,,,,,,,1949,,,,,,,,
8,,,,,,,0.5197132229804993,,0.9137843251228333,,14.2890625,0.0003534117713570595,0.029999999329447746,,,1.0,1.0,,,,,1949,,1.5529065132141113,,,,,,
,,,0.072265625,,0.8828125,,,,,,,,,,,1.0,1.0,,,,,736,,,,0.0,,0.0,,0.0
,,,0.0711805522441864,,0.90625,,,,,,,,,,,1.0,1.0,,,,,737,,,,0.0,,0.0,,0.0
,,,0.16314223408699036,,0.9184085130691528,,,,,,,,,,,1.0,1.0,,,,,738,,,,0.0,,0.0,,0.0
,,,0.0986328125,,0.96875,,,,,,,,,,,1.0,1.0,,,,,739,,,,0.0,,0.0,,0.0
,,,0.0798611119389534,,0.953125,,,,,,,,,,,1.0,1.0,,,,,740,,,,0.0,,0.0,,0.0
,,,0.1326121836900711,,0.9391025304794312,,,,,,,,,,,1.0,1.0,,,,,741,,,,0.0,,0.0,,0.0
,,,0.0251736119389534,,0.9765625,,,,,,,,,,,1.0,1.0,,,,,742,,,,0.0,,0.0,,0.0
,,,0.0295138880610466,,0.9453125,,,,,,,,,,,1.0,1.0,,,,,743,,,,0.0,,0.0,,0.0
,,,0.11089193820953369,,0.9716981053352356,,,,,,,,,,,1.0,1.0,,,,,744,,,,0.0,,0.0,,0.0
,,,0.10546875,,0.9765625,,,,,,,,,,,1.0,1.0,,,,,745,,,,0.0,,0.0,,0.0
,,,0.0911458358168602,,1.0,,,,,,,,,,,1.0,1.0,,,,,746,,,,0.0,,0.0,,0.0
,,,0.1015625,,0.984375,,,,,,,,,,,1.0,1.0,,,,,747,,,,0.0,,0.0,,0.0
,,,0.18533334136009216,,0.8053333759307861,,,,,,,,,,,1.0,1.0,,,,,748,,,,0.0,,0.0,,0.0
,,,0.1116071417927742,,0.9609375,,,,,,,,,,,1.0,1.0,,,,,749,,,,0.0,,0.0,,0.0
,,,0.07656250149011612,,0.9375,,,,,,,,,,,1.0,1.0,,,,,750,,,,0.0,,0.0,,0.0
,,,0.15943044424057007,,0.9831932783126831,,,,,,,,,,,1.0,1.0,,,,,751,,,,0.0,,0.0,,0.0
,,,0.0498046875,,0.953125,,,,,,,,,,,1.0,1.0,,,,,752,,,,0.0,,0.0,,0.0
,,,0.0338541679084301,,0.9296875,,,,,,,,,,,1.0,1.0,,,,,753,,,,0.0,,0.0,,0.0
,,,0.11123135685920715,,0.8836579918861389,,,,,,,,,,,1.0,1.0,,,,,754,,,,0.0,,0.0,,0.0
,,,0.05624999850988388,,0.828125,,,,,,,,,,,1.0,1.0,,,,,755,,,,0.0,,0.0,,0.0
,,,0.05156249925494194,,0.78125,,,,,,,,,,,1.0,1.0,,,,,756,,,,0.0,,0.0,,0.0
,,,0.076014943420887,,0.7173100709915161,,,,,,,,,,,1.0,1.0,,,,,757,,,,0.0,,0.0,,0.0
,,,0.01953125,,0.6640625,,,,,,,,,,,1.0,1.0,,,,,758,,,,0.0,,0.0,,0.0
,,,0.02109375037252903,,0.6953125,,,,,,,,,,,1.0,1.0,,,,,759,,,,0.0,,0.0,,0.0
,,,0.10216748714447021,,0.8214285373687744,,,,,,,,,,,1.0,1.0,,,,,760,,,,0.0,,0.0,,0.0
,,,0.1149553582072258,,0.9921875,,,,,,,,,,,1.0,1.0,,,,,761,,,,0.0,,0.0,,0.0
,,,0.1064453125,,1.0,,,,,,,,,,,1.0,1.0,,,,,762,,,,0.0,,0.0,,0.0
,,,0.1164025217294693,,0.9528301954269409,,,,,,,,,,,1.0,1.0,,,,,763,,,,0.0,,0.0,,0.0
,,,0.046875,,0.9296875,,,,,,,,,,,1.0,1.0,,,,,764,,,,0.0,,0.0,,0.0
,,,0.03671874850988388,,0.8828125,,,,,,,,,,,1.0,1.0,,,,,765,,,,0.0,,0.0,,0.0
,,,0.11947104334831238,,0.9589602947235107,,,,,,,,,,,1.0,1.0,,,,,766,,,,0.0,,0.0,,0.0
,,,0.05937499925494194,,0.875,,,,,,,,,,,1.0,1.0,,,,,767,,,,0.0,,0.0,,0.0
,,,0.0685763880610466,,0.890625,,,,,,,,,,,1.0,1.0,,,,,768,,,,0.0,,0.0,,0.0
,,,0.16392993927001953,,0.9598522186279297,,,,,,,,,,,1.0,1.0,,,,,769,,,,0.0,,0.0,,0.0
,,,0.099609375,,0.9453125,,,,,,,,,,,1.0,1.0,,,,,770,,,,0.0,,0.0,,0.0
,,,0.08984375,,0.9609375,,,,,,,,,,,1.0,1.0,,,,,771,,,,0.0,,0.0,,0.0
,,,0.10716906934976578,,0.9612184762954712,,,,,,,,,,,1.0,1.0,,,,,772,,,,0.0,,0.0,,0.0
,,,0.02777777798473835,,0.953125,,,,,,,,,,,1.0,1.0,,,,,773,,,,0.0,,0.0,,0.0
,,,0.0355902761220932,,0.953125,,,,,,,,,,,1.0,1.0,,,,,774,,,,0.0,,0.0,,0.0
,,,0.1053968220949173,,0.9846153855323792,,,,,,,,,,,1.0,1.0,,,,,775,,,,0.0,,0.0,,0.0
,,,0.1064453125,,0.9921875,,,,,,,,,,,1.0,1.0,,,,,776,,,,0.0,,0.0,,0.0
,,,0.1205357164144516,,1.0,,,,,,,,,,,1.0,1.0,,,,,777,,,,0.0,,0.0,,0.0
,,,0.2025568187236786,,0.9636363983154297,,,,,,,,,,,1.0,1.0,,,,,778,,,,0.0,,0.0,,0.0
,,,0.0876736119389534,,0.953125,,,,,,,,,,,1.0,1.0,,,,,779,,,,0.0,,0.0,,0.0
,,,0.1328125,,0.953125,,,,,,,,,,,1.0,1.0,,,,,780,,,,0.0,,0.0,,0.0
,,,0.12550410628318787,,0.953379213809967,,,,,,,,,,,1.0,1.0,,,,,781,,,,0.0,,0.0,,0.0
,,,0.0636160746216774,,0.96875,,,,,,,,,,,1.0,1.0,,,,,782,,,,0.0,,0.0,,0.0
,,,0.0424107126891613,,0.9453125,,,,,,,,,,,1.0,1.0,,,,,783,,,,0.0,,0.0,,0.0
,,,0.0442708320915699,,0.9140625,,,,,,,,,,,1.0,1.0,,,,,784,,,,0.0,,0.0,,0.0
,,,0.05686789005994797,,0.9173228740692139,,,,,,,,,,,1.0,1.0,,,,,785,,,,0.0,,0.0,,0.0
,,,0.0546875,,0.8125,,,,,,,,,,,1.0,1.0,,,,,786,,,,0.0,,0.0,,0.0
,,,0.05000000074505806,,0.7890625,,,,,,,,,,,1.0,1.0,,,,,787,,,,0.0,,0.0,,0.0
,,,0.07155172526836395,,0.7140804529190063,,,,,,,,,,,1.0,1.0,,,,,788,,,,0.0,,0.0,,0.0
,,,0.02187499962747097,,0.6640625,,,,,,,,,,,1.0,1.0,,,,,789,,,,0.0,,0.0,,0.0
,,,0.0225694440305233,,0.6953125,,,,,,,,,,,1.0,1.0,,,,,790,,,,0.0,,0.0,,0.0
,,,0.11279794573783875,,0.8518518209457397,,,,,,,,,,,1.0,1.0,,,,,791,,,,0.0,,0.0,,0.0
,,,0.1044921875,,0.9921875,,,,,,,,,,,1.0,1.0,,,,,792,,,,0.0,,0.0,,0.0
,,,0.13671875,,1.0,,,,,,,,,,,1.0,1.0,,,,,793,,,,0.0,,0.0,,0.0
,,,0.11354166269302368,,0.953125,,,,,,,,,,,1.0,1.0,,,,,794,,,,0.0,,0.0,,0.0
,,,0.0442708320915699,,0.8984375,,,,,,,,,,,1.0,1.0,,,,,795,,,,0.0,,0.0,,0.0
,,,0.0434027761220932,,0.921875,,,,,,,,,,,1.0,1.0,,,,,796,,,,0.0,,0.0,,0.0
,,,0.10941307246685028,,0.9119601249694824,,,,,,,,,,,1.0,1.0,,,,,797,,,,0.0,,0.0,,0.0
,,,0.0659722238779068,,0.8984375,,,,,,,,,,,1.0,1.0,,,,,798,,,,0.0,,0.0,,0.0
,,,0.0849609375,,0.90625,,,,,,,,,,,1.0,1.0,,,,,799,,,,0.0,,0.0,,0.0
,,,0.1503244936466217,,0.9489675760269165,,,,,,,,,,,1.0,1.0,,,,,800,,,,0.0,,0.0,,0.0
,,,0.0885416641831398,,0.953125,,,,,,,,,,,1.0,1.0,,,,,801,,,,0.0,,0.0,,0.0
,,,0.0908203125,,0.953125,,,,,,,,,,,1.0,1.0,,,,,802,,,,0.0,,0.0,,0.0
,,,0.10650953650474548,,0.968181848526001,,,,,,,,,,,1.0,1.0,,,,,803,,,,0.0,,0.0,,0.0
,,,0.0303819440305233,,0.984375,,,,,,,,,,,1.0,1.0,,,,,804,,,,0.0,,0.0,,0.0
,,,0.0234375,,0.9296875,,,,,,,,,,,1.0,1.0,,,,,805,,,,0.0,,0.0,,0.0
,,,0.13806584477424622,,0.9861111044883728,,,,,,,,,,,1.0,1.0,,,,,806,,,,0.0,,0.0,,0.0
,,,0.0920138880610466,,1.0,,,,,,,,,,,1.0,1.0,,,,,807,,,,0.0,,0.0,,0.0
,,,0.1205357164144516,,1.0,,,,,,,,,,,1.0,1.0,,,,,808,,,,0.0,,0.0,,0.0
,,,0.20264390110969543,,0.9536813497543335,,,,,,,,,,,1.0,1.0,,,,,809,,,,0.0,,0.0,,0.0
,,,0.0885416641831398,,0.953125,,,,,,,,,,,1.0,1.0,,,,,810,,,,0.0,,0.0,,0.0
,,,0.1276041716337204,,0.9609375,,,,,,,,,,,1.0,1.0,,,,,811,,,,0.0,,0.0,,0.0
,,,0.12970036268234253,,0.9477972984313965,,,,,,,,,,,1.0,1.0,,,,,812,,,,0.0,,0.0,,0.0
,,,0.0580357126891613,,0.9609375,,,,,,,,,,,1.0,1.0,,,,,813,,,,0.0,,0.0,,0.0
,,,0.0338541679084301,,0.9375,,,,,,,,,,,1.0,1.0,,,,,814,,,,0.0,,0.0,,0.0
,,,0.10077519714832306,,0.8997784852981567,,,,,,,,,,,1.0,1.0,,,,,815,,,,0.0,,0.0,,0.0
,,,0.0538194440305233,,0.8125,,,,,,,,,,,1.0,1.0,,,,,816,,,,0.0,,0.0,,0.0
,,,0.0546875,,0.7890625,,,,,,,,,,,1.0,1.0,,,,,817,,,,0.0,,0.0,,0.0
,,,0.08057864010334015,,0.7891585826873779,,,,,,,,,,,1.0,1.0,,,,,818,,,,0.0,,0.0,,0.0
,,,0.02265625074505806,,0.5859375,,,,,,,,,,,1.0,1.0,,,,,819,,,,0.0,,0.0,,0.0
,,,0.01640624925494194,,0.6875,,,,,,,,,,,1.0,1.0,,,,,820,,,,0.0,,0.0,,0.0
,,,0.11249999701976776,,0.84375,,,,,,,,,,,1.0,1.0,,,,,821,,,,0.0,,0.0,,0.0
,,,0.1149553582072258,,0.9921875,,,,,,,,,,,1.0,1.0,,,,,822,,,,0.0,,0.0,,0.0
,,,0.1183035746216774,,1.0,,,,,,,,,,,1.0,1.0,,,,,823,,,,0.0,,0.0,,0.0
,,,0.11862212419509888,,0.9090908765792847,,,,,,,,,,,1.0,1.0,,,,,824,,,,0.0,,0.0,,0.0
,,,0.04140625149011612,,0.921875,,,,,,,,,,,1.0,1.0,,,,,825,,,,0.0,,0.0,,0.0
,,,0.03828125074505806,,0.8828125,,,,,,,,,,,1.0,1.0,,,,,826,,,,0.0,,0.0,,0.0
,,,0.04566929116845131,,0.9448819160461426,,,,,,,,,,,1.0,1.0,,,,,827,,,,0.0,,0.0,,0.0
8,0.5910194516181946,0.5609515905380249,,0.9083678126335144,,,,,,,,,,,,,,114.23001861572266,103926.890625,4.738214015960693,482.0722351074219,1988,,,0.0,,0.0,,0.0,
8,,,,,,0.5357556343078613,,0.9358004927635193,,14.505656242370605,,,,,,,,,,,,1988,1.8103208541870117,,,,,,,
,,,,,,,,,,,,,,0.00036219185520362237,0.03,,,,,,,1999,,,,,,,,
9,,,,,,,0.5041890144348145,,0.9062713384628296,,14.765625,0.00036237103631719947,0.029999999329447746,,,1.0,1.0,,,,,1999,,1.6946793794631958,,,,,,
,,,,,,,,,,,,,,0.0003711511312217221,0.03,,,,,,,2049,,,,,,,,
9,,,,,,,0.5177923440933228,,0.9504473209381104,,15.9453125,0.0003713303303811699,0.029999999329447746,,,1.0,1.0,,,,,2049,,2.042325973510742,,,,,,
,,,,,,,,,,,,,,0.0003801104072398215,0.03,,,,,,,2099,,,,,,,,
9,,,,,,,0.5213863849639893,,0.9135389924049377,,14.2734375,0.0003802895953413099,0.029999999329447746,,,1.0,1.0,,,,,2099,,2.163937568664551,,,,,,
,,,,,,,,,,,,,,0.00038906968325792113,0.03,,,,,,,2149,,,,,,,,
9,,,,,,,0.5235592126846313,,0.9263386130332947,,14.75,0.0003892488603014499,0.029999999329447746,,,1.0,1.0,,,,,2149,,2.189426898956299,,,,,,
,,,,,,,,,,,,,,0.00039802895927602085,0.03,,,,,,,2199,,,,,,,,
9,,,,,,,0.5434577465057373,,0.9356507658958435,,14.203125,0.00039820815436542034,0.029999999329447746,,,1.0,1.0,,,,,2199,,1.42242431640625,,,,,,
,,,0.07421875,,0.9375,,,,,,,,,,,1.0,1.0,,,,,828,,,,0.0,,0.0,,0.0
,,,0.0751953125,,0.9765625,,,,,,,,,,,1.0,1.0,,,,,829,,,,0.0,,0.0,,0.0
,,,0.14118078351020813,,0.9481114745140076,,,,,,,,,,,1.0,1.0,,,,,830,,,,0.0,,0.0,,0.0
,,,0.0751953125,,0.9140625,,,,,,,,,,,1.0,1.0,,,,,831,,,,0.0,,0.0,,0.0
,,,0.0703125,,0.875,,,,,,,,,,,1.0,1.0,,,,,832,,,,0.0,,0.0,,0.0
,,,0.0872507095336914,,0.879807710647583,,,,,,,,,,,1.0,1.0,,,,,833,,,,0.0,,0.0,,0.0
,,,0.0364583320915699,,0.9375,,,,,,,,,,,1.0,1.0,,,,,834,,,,0.0,,0.0,,0.0
,,,0.0338541679084301,,0.9609375,,,,,,,,,,,1.0,1.0,,,,,835,,,,0.0,,0.0,,0.0
,,,0.11217838525772095,,0.9811320900917053,,,,,,,,,,,1.0,1.0,,,,,836,,,,0.0,,0.0,,0.0
,,,0.0850694477558136,,0.9765625,,,,,,,,,,,1.0,1.0,,,,,837,,,,0.0,,0.0,,0.0
,,,0.0746527761220932,,0.984375,,,,,,,,,,,1.0,1.0,,,,,838,,,,0.0,,0.0,,0.0
,,,0.1116071417927742,,0.984375,,,,,,,,,,,1.0,1.0,,,,,839,,,,0.0,,0.0,,0.0
,,,0.17233332991600037,,0.8253333568572998,,,,,,,,,,,1.0,1.0,,,,,840,,,,0.0,,0.0,,0.0
,,,0.087890625,,0.984375,,,,,,,,,,,1.0,1.0,,,,,841,,,,0.0,,0.0,,0.0
,,,0.0859375,,0.9765625,,,,,,,,,,,1.0,1.0,,,,,842,,,,0.0,,0.0,,0.0
,,,0.261704683303833,,0.9915966391563416,,,,,,,,,,,1.0,1.0,,,,,843,,,,0.0,,0.0,,0.0
,,,0.1261160671710968,,0.984375,,,,,,,,,,,1.0,1.0,,,,,844,,,,0.0,,0.0,,0.0
,,,0.1116071417927742,,0.96875,,,,,,,,,,,1.0,1.0,,,,,845,,,,0.0,,0.0,,0.0
,,,0.16750842332839966,,0.9420995712280273,,,,,,,,,,,1.0,1.0,,,,,846,,,,0.0,,0.0,,0.0
,,,0.068359375,,0.9296875,,,,,,,,,,,1.0,1.0,,,,,847,,,,0.0,,0.0,,0.0
,,,0.0616319440305233,,0.921875,,,,,,,,,,,1.0,1.0,,,,,848,,,,0.0,,0.0,,0.0
,,,0.12707901000976562,,0.9362391233444214,,,,,,,,,,,1.0,1.0,,,,,849,,,,0.0,,0.0,,0.0
,,,0.0694444477558136,,0.96875,,,,,,,,,,,1.0,1.0,,,,,850,,,,0.0,,0.0,,0.0
,,,0.080078125,,0.96875,,,,,,,,,,,1.0,1.0,,,,,851,,,,0.0,,0.0,,0.0
,,,0.09591132402420044,,0.9081280827522278,,,,,,,,,,,1.0,1.0,,,,,852,,,,0.0,,0.0,,0.0
,,,0.03125,,0.8359375,,,,,,,,,,,1.0,1.0,,,,,853,,,,0.0,,0.0,,0.0
,,,0.0373263880610466,,0.828125,,,,,,,,,,,1.0,1.0,,,,,854,,,,0.0,,0.0,,0.0
,,,0.08176100254058838,,0.7911949753761292,,,,,,,,,,,1.0,1.0,,,,,855,,,,0.0,,0.0,,0.0
,,,0.037109375,,0.8203125,,,,,,,,,,,1.0,1.0,,,,,856,,,,0.0,,0.0,,0.0
,,,0.0303819440305233,,0.78125,,,,,,,,,,,1.0,1.0,,,,,857,,,,0.0,,0.0,,0.0
,,,0.11801186203956604,,0.9119014739990234,,,,,,,,,,,1.0,1.0,,,,,858,,,,0.0,,0.0,,0.0
,,,0.0814732164144516,,0.9296875,,,,,,,,,,,1.0,1.0,,,,,859,,,,0.0,,0.0,,0.0
,,,0.0625,,0.984375,,,,,,,,,,,1.0,1.0,,,,,860,,,,0.0,,0.0,,0.0
,,,0.15689656138420105,,0.947044312953949,,,,,,,,,,,1.0,1.0,,,,,861,,,,0.0,,0.0,,0.0
,,,0.072265625,,0.8828125,,,,,,,,,,,1.0,1.0,,,,,862,,,,0.0,,0.0,,0.0
,,,0.0693359375,,0.8828125,,,,,,,,,,,1.0,1.0,,,,,863,,,,0.0,,0.0,,0.0
,,,0.09376614540815353,,0.8971127867698669,,,,,,,,,,,1.0,1.0,,,,,864,,,,0.0,,0.0,,0.0
,,,0.03125,,0.9609375,,,,,,,,,,,1.0,1.0,,,,,865,,,,0.0,,0.0,,0.0
,,,0.041015625,,0.953125,,,,,,,,,,,1.0,1.0,,,,,866,,,,0.0,,0.0,,0.0
,,,0.11577805131673813,,0.9687423706054688,,,,,,,,,,,1.0,1.0,,,,,867,,,,0.0,,0.0,,0.0
,,,0.0859375,,0.9765625,,,,,,,,,,,1.0,1.0,,,,,868,,,,0.0,,0.0,,0.0
,,,0.1004464253783226,,0.9921875,,,,,,,,,,,1.0,1.0,,,,,869,,,,0.0,,0.0,,0.0
,,,0.18409091234207153,,0.9704545736312866,,,,,,,,,,,1.0,1.0,,,,,870,,,,0.0,,0.0,,0.0
,,,0.1060267835855484,,0.984375,,,,,,,,,,,1.0,1.0,,,,,871,,,,0.0,,0.0,,0.0
,,,0.0888671875,,0.984375,,,,,,,,,,,1.0,1.0,,,,,872,,,,0.0,,0.0,,0.0
,,,0.16770963370800018,,0.9799749851226807,,,,,,,,,,,1.0,1.0,,,,,873,,,,0.0,,0.0,,0.0
,,,0.14453125,,0.984375,,,,,,,,,,,1.0,1.0,,,,,874,,,,0.0,,0.0,,0.0
,,,0.103515625,,0.984375,,,,,,,,,,,1.0,1.0,,,,,875,,,,0.0,,0.0,,0.0
,,,0.0894097238779068,,0.9453125,,,,,,,,,,,1.0,1.0,,,,,876,,,,0.0,,0.0,,0.0
,,,0.17760279774665833,,0.9645669460296631,,,,,,,,,,,1.0,1.0,,,,,877,,,,0.0,,0.0,,0.0
,,,0.064453125,,0.9296875,,,,,,,,,,,1.0,1.0,,,,,878,,,,0.0,,0.0,,0.0
,,,0.05000000074505806,,0.921875,,,,,,,,,,,1.0,1.0,,,,,879,,,,0.0,,0.0,,0.0
,,,0.07442528754472733,,0.9410919547080994,,,,,,,,,,,1.0,1.0,,,,,880,,,,0.0,,0.0,,0.0
,,,0.0711805522441864,,0.953125,,,,,,,,,,,1.0,1.0,,,,,881,,,,0.0,,0.0,,0.0
,,,0.0677083358168602,,0.9765625,,,,,,,,,,,1.0,1.0,,,,,882,,,,0.0,,0.0,,0.0
,,,0.12109358608722687,,0.8936560153961182,,,,,,,,,,,1.0,1.0,,,,,883,,,,0.0,,0.0,,0.0
,,,0.0355902761220932,,0.8671875,,,,,,,,,,,1.0,1.0,,,,,884,,,,0.0,,0.0,,0.0
,,,0.041015625,,0.8046875,,,,,,,,,,,1.0,1.0,,,,,885,,,,0.0,,0.0,,0.0
,,,0.0690104216337204,,0.7760416269302368,,,,,,,,,,,1.0,1.0,,,,,886,,,,0.0,,0.0,,0.0
,,,0.03125,,0.796875,,,,,,,,,,,1.0,1.0,,,,,887,,,,0.0,,0.0,,0.0
,,,0.0364583320915699,,0.8046875,,,,,,,,,,,1.0,1.0,,,,,888,,,,0.0,,0.0,,0.0
,,,0.102866992354393,,0.9111295938491821,,,,,,,,,,,1.0,1.0,,,,,889,,,,0.0,,0.0,,0.0
,,,0.0651041641831398,,0.9453125,,,,,,,,,,,1.0,1.0,,,,,890,,,,0.0,,0.0,,0.0
,,,0.0870535746216774,,0.9765625,,,,,,,,,,,1.0,1.0,,,,,891,,,,0.0,,0.0,,0.0
,,,0.14299410581588745,,0.9601770043373108,,,,,,,,,,,1.0,1.0,,,,,892,,,,0.0,,0.0,,0.0
,,,0.076171875,,0.8671875,,,,,,,,,,,1.0,1.0,,,,,893,,,,0.0,,0.0,,0.0
,,,0.0712890625,,0.8828125,,,,,,,,,,,1.0,1.0,,,,,894,,,,0.0,,0.0,,0.0
,,,0.08473625034093857,,0.9080808162689209,,,,,,,,,,,1.0,1.0,,,,,895,,,,0.0,,0.0,,0.0
,,,0.0295138880610466,,0.9609375,,,,,,,,,,,1.0,1.0,,,,,896,,,,0.0,,0.0,,0.0
,,,0.03281249850988388,,0.953125,,,,,,,,,,,1.0,1.0,,,,,897,,,,0.0,,0.0,,0.0
,,,0.13991770148277283,,0.9861111044883728,,,,,,,,,,,1.0,1.0,,,,,898,,,,0.0,,0.0,,0.0
,,,0.0763888880610466,,0.984375,,,,,,,,,,,1.0,1.0,,,,,899,,,,0.0,,0.0,,0.0
,,,0.125,,0.9765625,,,,,,,,,,,1.0,1.0,,,,,900,,,,0.0,,0.0,,0.0
,,,0.19661980867385864,,0.9768407344818115,,,,,,,,,,,1.0,1.0,,,,,901,,,,0.0,,0.0,,0.0
,,,0.087890625,,0.9921875,,,,,,,,,,,1.0,1.0,,,,,902,,,,0.0,,0.0,,0.0
,,,0.1223958358168602,,0.984375,,,,,,,,,,,1.0,1.0,,,,,903,,,,0.0,,0.0,,0.0
,,,0.1888846457004547,,0.983702540397644,,,,,,,,,,,1.0,1.0,,,,,904,,,,0.0,,0.0,,0.0
,,,0.1484375,,0.984375,,,,,,,,,,,1.0,1.0,,,,,905,,,,0.0,,0.0,,0.0
,,,0.1005859375,,0.9765625,,,,,,,,,,,1.0,1.0,,,,,906,,,,0.0,,0.0,,0.0
,,,0.15038760006427765,,0.935215950012207,,,,,,,,,,,1.0,1.0,,,,,907,,,,0.0,,0.0,,0.0
,,,0.064453125,,0.9296875,,,,,,,,,,,1.0,1.0,,,,,908,,,,0.0,,0.0,,0.0
,,,0.0581597238779068,,0.9296875,,,,,,,,,,,1.0,1.0,,,,,909,,,,0.0,,0.0,,0.0
,,,0.12278018146753311,,0.9374791979789734,,,,,,,,,,,1.0,1.0,,,,,910,,,,0.0,,0.0,,0.0
,,,0.0642361119389534,,0.96875,,,,,,,,,,,1.0,1.0,,,,,911,,,,0.0,,0.0,,0.0
,,,0.0694444477558136,,0.953125,,,,,,,,,,,1.0,1.0,,,,,912,,,,0.0,,0.0,,0.0
,,,0.1294642835855484,,0.9553571343421936,,,,,,,,,,,1.0,1.0,,,,,913,,,,0.0,,0.0,,0.0
,,,0.0347222238779068,,0.8359375,,,,,,,,,,,1.0,1.0,,,,,914,,,,0.0,,0.0,,0.0
,,,0.044921875,,0.8515625,,,,,,,,,,,1.0,1.0,,,,,915,,,,0.0,,0.0,,0.0
,,,0.03815074265003204,,0.752525269985199,,,,,,,,,,,1.0,1.0,,,,,916,,,,0.0,,0.0,,0.0
,,,0.0321180559694767,,0.828125,,,,,,,,,,,1.0,1.0,,,,,917,,,,0.0,,0.0,,0.0
,,,0.0303819440305233,,0.8359375,,,,,,,,,,,1.0,1.0,,,,,918,,,,0.0,,0.0,,0.0
,,,0.03937007859349251,,0.8110235929489136,,,,,,,,,,,1.0,1.0,,,,,919,,,,0.0,,0.0,,0.0
9,0.5929835438728333,0.5584168434143066,,0.9275110960006714,,,,,,,,,,,,,,114.98838806152344,96516.4453125,4.744831085205078,477.0205078125,2209,,,0.0,,0.0,,0.0,
9,,,,,,0.5284461379051208,,0.9337139129638672,,14.939620971679688,,,,,,,,,,,,2209,1.9772952795028687,,,,,,,
,,,,,,,,,,,,,,0.0003999962092642757,0.03,,,,,,,2249,,,,,,,,
10,,,,,,,0.5343776941299438,,0.919240415096283,,14.0390625,0.0003999960026703775,0.029999999329447746,,,1.0,1.0,,,,,2249,,1.8556327819824219,,,,,,
,,,,,,,,,,,,,,0.0003999802590281656,0.03,,,,,,,2299,,,,,,,,
10,,,,,,,0.5338395237922668,,0.9471563696861267,,15.3984375,0.00039997982094064355,0.029999999329447746,,,1.0,1.0,,,,,2299,,1.5686895847320557,,,,,,
,,,,,,,,,,,,,,0.00039995184872147294,0.03,,,,,,,2349,,,,,,,,
10,,,,,,,0.5285615921020508,,0.9304067492485046,,14.7421875,0.00039995115366764367,0.029999999329447746,,,1.0,1.0,,,,,2349,,1.8803822994232178,,,,,,
,,,,,,,,,,,,,,0.00039991098011611664,0.03,,,,,,,2399,,,,,,,,
10,,,,,,,0.5183616280555725,,0.9117032885551453,,14.5234375,0.0003999100299552083,0.029999999329447746,,,1.0,1.0,,,,,2399,,1.88850998878479,,,,,,
,,,0.05859375,,0.8671875,,,,,,,,,,,1.0,1.0,,,,,920,,,,0.0,,0.0,,0.0
,,,0.0576171875,,0.9140625,,,,,,,,,,,1.0,1.0,,,,,921,,,,0.0,,0.0,,0.0
,,,0.1367395967245102,,0.9653465747833252,,,,,,,,,,,1.0,1.0,,,,,922,,,,0.0,,0.0,,0.0
,,,0.1354166716337204,,0.9921875,,,,,,,,,,,1.0,1.0,,,,,923,,,,0.0,,0.0,,0.0
,,,0.1315104216337204,,0.9921875,,,,,,,,,,,1.0,1.0,,,,,924,,,,0.0,,0.0,,0.0
,,,0.12774725258350372,,0.8397436141967773,,,,,,,,,,,1.0,1.0,,,,,925,,,,0.0,,0.0,,0.0
,,,0.0078125,,0.6640625,,,,,,,,,,,1.0,1.0,,,,,926,,,,0.0,,0.0,,0.0
,,,0.01171875,,0.734375,,,,,,,,,,,1.0,1.0,,,,,927,,,,0.0,,0.0,,0.0
,,,0.09768439084291458,,0.8451972603797913,,,,,,,,,,,1.0,1.0,,,,,928,,,,0.0,,0.0,,0.0
,,,0.1082589253783226,,0.984375,,,,,,,,,,,1.0,1.0,,,,,929,,,,0.0,,0.0,,0.0
,,,0.0966796875,,0.984375,,,,,,,,,,,1.0,1.0,,,,,930,,,,0.0,,0.0,,0.0
,,,0.1127232164144516,,0.9921875,,,,,,,,,,,1.0,1.0,,,,,931,,,,0.0,,0.0,,0.0
,,,0.1478518545627594,,0.7933333516120911,,,,,,,,,,,1.0,1.0,,,,,932,,,,0.0,,0.0,,0.0
,,,0.0703125,,0.890625,,,,,,,,,,,1.0,1.0,,,,,933,,,,0.0,,0.0,,0.0
,,,0.0642361119389534,,0.859375,,,,,,,,,,,1.0,1.0,,,,,934,,,,0.0,,0.0,,0.0
,,,0.14554154872894287,,0.9108309745788574,,,,,,,,,,,1.0,1.0,,,,,935,,,,0.0,,0.0,,0.0
,,,0.05078125,,0.9140625,,,,,,,,,,,1.0,1.0,,,,,936,,,,0.0,,0.0,,0.0
,,,0.0361328125,,0.8828125,,,,,,,,,,,1.0,1.0,,,,,937,,,,0.0,,0.0,,0.0
,,,0.185837984085083,,0.9312770366668701,,,,,,,,,,,1.0,1.0,,,,,938,,,,0.0,,0.0,,0.0
,,,0.1354166716337204,,0.984375,,,,,,,,,,,1.0,1.0,,,,,939,,,,0.0,,0.0,,0.0
,,,0.1015625,,0.984375,,,,,,,,,,,1.0,1.0,,,,,940,,,,0.0,,0.0,,0.0
,,,0.2036292403936386,,0.9407222867012024,,,,,,,,,,,1.0,1.0,,,,,941,,,,0.0,,0.0,,0.0
,,,0.0625,,0.90625,,,,,,,,,,,1.0,1.0,,,,,942,,,,0.0,,0.0,,0.0
,,,0.0572916679084301,,0.921875,,,,,,,,,,,1.0,1.0,,,,,943,,,,0.0,,0.0,,0.0
,,,0.14176245033740997,,0.9399014711380005,,,,,,,,,,,1.0,1.0,,,,,944,,,,0.0,,0.0,,0.0
,,,0.17031249403953552,,0.984375,,,,,,,,,,,1.0,1.0,,,,,945,,,,0.0,,0.0,,0.0
,,,0.1025390625,,0.9765625,,,,,,,,,,,1.0,1.0,,,,,946,,,,0.0,,0.0,,0.0
,,,0.23895178735256195,,0.9838993549346924,,,,,,,,,,,1.0,1.0,,,,,947,,,,0.0,,0.0,,0.0
,,,0.1236979141831398,,1.0,,,,,,,,,,,1.0,1.0,,,,,948,,,,0.0,,0.0,,0.0
,,,0.0982142835855484,,0.984375,,,,,,,,,,,1.0,1.0,,,,,949,,,,0.0,,0.0,,0.0
,,,0.16740277409553528,,0.9474692344665527,,,,,,,,,,,1.0,1.0,,,,,950,,,,0.0,,0.0,,0.0
,,,0.05859375,,0.8671875,,,,,,,,,,,1.0,1.0,,,,,951,,,,0.0,,0.0,,0.0
,,,0.0669642835855484,,0.90625,,,,,,,,,,,1.0,1.0,,,,,952,,,,0.0,,0.0,,0.0
,,,0.1307060718536377,,0.982758641242981,,,,,,,,,,,1.0,1.0,,,,,953,,,,0.0,,0.0,,0.0
,,,0.1149553582072258,,0.9921875,,,,,,,,,,,1.0,1.0,,,,,954,,,,0.0,,0.0,,0.0
,,,0.1302083283662796,,0.984375,,,,,,,,,,,1.0,1.0,,,,,955,,,,0.0,,0.0,,0.0
,,,0.09572356939315796,,0.8268901109695435,,,,,,,,,,,1.0,1.0,,,,,956,,,,0.0,,0.0,,0.0
,,,0.008593750186264515,,0.6640625,,,,,,,,,,,1.0,1.0,,,,,957,,,,0.0,,0.0,,0.0
,,,0.01328125037252903,,0.765625,,,,,,,,,,,1.0,1.0,,,,,958,,,,0.0,,0.0,,0.0
,,,0.09605209529399872,,0.8814407587051392,,,,,,,,,,,1.0,1.0,,,,,959,,,,0.0,,0.0,,0.0
,,,0.1082589253783226,,1.0,,,,,,,,,,,1.0,1.0,,,,,960,,,,0.0,,0.0,,0.0
,,,0.1328125,,0.984375,,,,,,,,,,,1.0,1.0,,,,,961,,,,0.0,,0.0,,0.0
,,,0.1633838415145874,,0.969318151473999,,,,,,,,,,,1.0,1.0,,,,,962,,,,0.0,,0.0,,0.0
,,,0.0729166641831398,,0.890625,,,,,,,,,,,1.0,1.0,,,,,963,,,,0.0,,0.0,,0.0
,,,0.0703125,,0.875,,,,,,,,,,,1.0,1.0,,,,,964,,,,0.0,,0.0,,0.0
,,,0.10450562834739685,,0.8920525312423706,,,,,,,,,,,1.0,1.0,,,,,965,,,,0.0,,0.0,,0.0
,,,0.0537109375,,0.9296875,,,,,,,,,,,1.0,1.0,,,,,966,,,,0.0,,0.0,,0.0
,,,0.041015625,,0.8984375,,,,,,,,,,,1.0,1.0,,,,,967,,,,0.0,,0.0,,0.0
,,,0.0498046875,,0.8828125,,,,,,,,,,,1.0,1.0,,,,,968,,,,0.0,,0.0,,0.0
,,,0.11698538064956665,,0.9881889820098877,,,,,,,,,,,1.0,1.0,,,,,969,,,,0.0,,0.0,,0.0
,,,0.0986328125,,0.984375,,,,,,,,,,,1.0,1.0,,,,,970,,,,0.0,,0.0,,0.0
,,,0.1015625,,0.96875,,,,,,,,,,,1.0,1.0,,,,,971,,,,0.0,,0.0,,0.0
,,,0.16379310190677643,,0.9525861740112305,,,,,,,,,,,1.0,1.0,,,,,972,,,,0.0,,0.0,,0.0
,,,0.0572916679084301,,0.8984375,,,,,,,,,,,1.0,1.0,,,,,973,,,,0.0,,0.0,,0.0
,,,0.064453125,,0.9375,,,,,,,,,,,1.0,1.0,,,,,974,,,,0.0,,0.0,,0.0
,,,0.2200831174850464,,0.9345434904098511,,,,,,,,,,,1.0,1.0,,,,,975,,,,0.0,,0.0,,0.0
,,,0.1083984375,,0.984375,,,,,,,,,,,1.0,1.0,,,,,976,,,,0.0,,0.0,,0.0
,,,0.1341145783662796,,0.9765625,,,,,,,,,,,1.0,1.0,,,,,977,,,,0.0,,0.0,,0.0
,,,0.212797611951828,,0.9947916269302368,,,,,,,,,,,1.0,1.0,,,,,978,,,,0.0,,0.0,,0.0
,,,0.1184895858168602,,0.9765625,,,,,,,,,,,1.0,1.0,,,,,979,,,,0.0,,0.0,,0.0
,,,0.0927734375,,0.984375,,,,,,,,,,,1.0,1.0,,,,,980,,,,0.0,,0.0,,0.0
,,,0.15490032732486725,,0.9357696771621704,,,,,,,,,,,1.0,1.0,,,,,981,,,,0.0,,0.0,,0.0
,,,0.0546875,,0.890625,,,,,,,,,,,1.0,1.0,,,,,982,,,,0.0,,0.0,,0.0
,,,0.0538194440305233,,0.921875,,,,,,,,,,,1.0,1.0,,,,,983,,,,0.0,,0.0,,0.0
,,,0.1349065899848938,,1.0,,,,,,,,,,,1.0,1.0,,,,,984,,,,0.0,,0.0,,0.0
,,,0.1104910746216774,,0.9921875,,,,,,,,,,,1.0,1.0,,,,,985,,,,0.0,,0.0,,0.0
,,,0.16562500596046448,,0.96875,,,,,,,,,,,1.0,1.0,,,,,986,,,,0.0,,0.0,,0.0
,,,0.08414141833782196,,0.8409091234207153,,,,,,,,,,,1.0,1.0,,,,,987,,,,0.0,,0.0,,0.0
,,,0.010937499813735485,,0.6953125,,,,,,,,,,,1.0,1.0,,,,,988,,,,0.0,,0.0,,0.0
,,,0.010937499813735485,,0.765625,,,,,,,,,,,1.0,1.0,,,,,989,,,,0.0,,0.0,,0.0
,,,0.10308641940355301,,0.9157407283782959,,,,,,,,,,,1.0,1.0,,,,,990,,,,0.0,,0.0,,0.0
,,,0.09375,,1.0,,,,,,,,,,,1.0,1.0,,,,,991,,,,0.0,,0.0,,0.0
,,,0.1149553582072258,,0.984375,,,,,,,,,,,1.0,1.0,,,,,992,,,,0.0,,0.0,,0.0
,,,0.16766324639320374,,0.9467202425003052,,,,,,,,,,,1.0,1.0,,,,,993,,,,0.0,,0.0,,0.0
,,,0.0763888880610466,,0.9140625,,,,,,,,,,,1.0,1.0,,,,,994,,,,0.0,,0.0,,0.0
,,,0.0711805522441864,,0.8671875,,,,,,,,,,,1.0,1.0,,,,,995,,,,0.0,,0.0,,0.0
,,,0.09704892337322235,,0.8891010880470276,,,,,,,,,,,1.0,1.0,,,,,996,,,,0.0,,0.0,,0.0
,,,0.0613839291036129,,0.921875,,,,,,,,,,,1.0,1.0,,,,,997,,,,0.0,,0.0,,0.0
,,,0.0412946417927742,,0.890625,,,,,,,,,,,1.0,1.0,,,,,998,,,,0.0,,0.0,,0.0
,,,0.16687430441379547,,0.9299557209014893,,,,,,,,,,,1.0,1.0,,,,,999,,,,0.0,,0.0,,0.0
,,,0.0986328125,,0.9765625,,,,,,,,,,,1.0,1.0,,,,,1000,,,,0.0,,0.0,,0.0
,,,0.095703125,,0.984375,,,,,,,,,,,1.0,1.0,,,,,1001,,,,0.0,,0.0,,0.0
,,,0.20998620986938477,,0.9684070348739624,,,,,,,,,,,1.0,1.0,,,,,1002,,,,0.0,,0.0,,0.0
,,,0.0590277761220932,,0.8984375,,,,,,,,,,,1.0,1.0,,,,,1003,,,,0.0,,0.0,,0.0
,,,0.0572916679084301,,0.890625,,,,,,,,,,,1.0,1.0,,,,,1004,,,,0.0,,0.0,,0.0
,,,0.153769850730896,,0.9732142686843872,,,,,,,,,,,1.0,1.0,,,,,1005,,,,0.0,,0.0,,0.0
,,,0.201171875,,0.96875,,,,,,,,,,,1.0,1.0,,,,,1006,,,,0.0,,0.0,,0.0
,,,0.0954861119389534,,0.984375,,,,,,,,,,,1.0,1.0,,,,,1007,,,,0.0,,0.0,,0.0
,,,0.22196322679519653,,0.9502719640731812,,,,,,,,,,,1.0,1.0,,,,,1008,,,,0.0,,0.0,,0.0
,,,0.1026785746216774,,1.0,,,,,,,,,,,1.0,1.0,,,,,1009,,,,0.0,,0.0,,0.0
,,,0.1004464253783226,,0.9765625,,,,,,,,,,,1.0,1.0,,,,,1010,,,,0.0,,0.0,,0.0
,,,0.10911136120557785,,0.9763779640197754,,,,,,,,,,,1.0,1.0,,,,,1011,,,,0.0,,0.0,,0.0
10,0.6251918077468872,0.6023365259170532,,0.9247720241546631,,,,,,,,,,,,,,117.25251770019531,100701.453125,4.76432991027832,481.009033203125,2430,,,0.0,,0.0,,0.0,
10,,,,,,0.5169382095336914,,0.905426561832428,,14.229072570800781,,,,,,,,,,,,2430,1.792893409729004,,,,,,,
,,,,,,,,,,,,,,0.0003998576557610259,0.03,,,,,,,2449,,,,,,,,
11,,,,,,,0.49410325288772583,,0.8673074245452881,,13.7421875,0.00039985644980333745,0.029999999329447746,,,1.0,1.0,,,,,2449,,1.6281251907348633,,,,,,
,,,,,,,,,,,,,,0.0003997918789819808,0.03,,,,,,,2499,,,,,,,,
11,,,,,,,0.5279463529586792,,0.9015684127807617,,13.625,0.0003997904423158616,0.029999999329447746,,,1.0,1.0,,,,,2499,,1.5152785778045654,,,,,,
,,,,,,,,,,,,,,0.00039971365388140513,0.03,,,,,,,2549,,,,,,,,
11,,,,,,,0.5244404077529907,,0.8814423084259033,,12.8984375,0.00039971194928511977,0.029999999329447746,,,1.0,1.0,,,,,2549,,1.4837381839752197,,,,,,
,,,,,,,,,,,,,,0.00039962298533811105,0.03,,,,,,,2599,,,,,,,,
11,,,,,,,0.5131957530975342,,0.8823845982551575,,13.4296875,0.0003996210580226034,0.029999999329447746,,,1.0,1.0,,,,,2599,,1.4759570360183716,,,,,,
,,,,,,,,,,,,,,0.0003995198790069932,0.03,,,,,,,2649,,,,,,,,
11,,,,,,,0.4860866963863373,,0.8621745705604553,,13.5546875,0.0003995176812168211,0.029999999329447746,,,1.0,1.0,,,,,2649,,1.7887883186340332,,,,,,
,,,0.0494791679084301,,0.796875,,,,,,,,,,,1.0,1.0,,,,,1012,,,,0.0,,0.0,,0.0
,,,0.04218750074505806,,0.875,,,,,,,,,,,1.0,1.0,,,,,1013,,,,0.0,,0.0,,0.0
,,,0.1587010622024536,,0.9306930303573608,,,,,,,,,,,1.0,1.0,,,,,1014,,,,0.0,,0.0,,0.0
,,,0.1875,,1.0,,,,,,,,,,,1.0,1.0,,,,,1015,,,,0.0,,0.0,,0.0
,,,0.328125,,1.0,,,,,,,,,,,1.0,1.0,,,,,1016,,,,0.0,,0.0,,0.0
,,,0.15544871985912323,,0.9583333730697632,,,,,,,,,,,1.0,1.0,,,,,1017,,,,0.0,,0.0,,0.0
,,,0.01640624925494194,,0.921875,,,,,,,,,,,1.0,1.0,,,,,1018,,,,0.0,,0.0,,0.0
,,,0.0243055559694767,,0.9140625,,,,,,,,,,,1.0,1.0,,,,,1019,,,,0.0,,0.0,,0.0
,,,0.06509433686733246,,0.9575471878051758,,,,,,,,,,,1.0,1.0,,,,,1020,,,,0.0,,0.0,,0.0
,,,0.0668402761220932,,0.96875,,,,,,,,,,,1.0,1.0,,,,,1021,,,,0.0,,0.0,,0.0
,,,0.05781250074505806,,0.9609375,,,,,,,,,,,1.0,1.0,,,,,1022,,,,0.0,,0.0,,0.0
,,,0.1067708358168602,,0.9609375,,,,,,,,,,,1.0,1.0,,,,,1023,,,,0.0,,0.0,,0.0
,,,0.1823333352804184,,0.8053333759307861,,,,,,,,,,,1.0,1.0,,,,,1024,,,,0.0,,0.0,,0.0
,,,0.0947265625,,0.96875,,,,,,,,,,,1.0,1.0,,,,,1025,,,,0.0,,0.0,,0.0
,,,0.1004464253783226,,0.9296875,,,,,,,,,,,1.0,1.0,,,,,1026,,,,0.0,,0.0,,0.0
,,,0.2194211184978485,,0.9957983493804932,,,,,,,,,,,1.0,1.0,,,,,1027,,,,0.0,,0.0,,0.0
,,,0.08203125,,0.96875,,,,,,,,,,,1.0,1.0,,,,,1028,,,,0.0,,0.0,,0.0
,,,0.05937499925494194,,0.953125,,,,,,,,,,,1.0,1.0,,,,,1029,,,,0.0,,0.0,,0.0
,,,0.1512746512889862,,0.9594155550003052,,,,,,,,,,,1.0,1.0,,,,,1030,,,,0.0,,0.0,,0.0
,,,0.0807291641831398,,0.96875,,,,,,,,,,,1.0,1.0,,,,,1031,,,,0.0,,0.0,,0.0
,,,0.0888671875,,0.953125,,,,,,,,,,,1.0,1.0,,,,,1032,,,,0.0,,0.0,,0.0
,,,0.14744707942008972,,0.9635118246078491,,,,,,,,,,,1.0,1.0,,,,,1033,,,,0.0,,0.0,,0.0
,,,0.046875,,0.8984375,,,,,,,,,,,1.0,1.0,,,,,1034,,,,0.0,,0.0,,0.0
,,,0.04453124850988388,,0.90625,,,,,,,,,,,1.0,1.0,,,,,1035,,,,0.0,,0.0,,0.0
,,,0.14802956581115723,,0.9485222101211548,,,,,,,,,,,1.0,1.0,,,,,1036,,,,0.0,,0.0,,0.0
,,,0.1015625,,0.96875,,,,,,,,,,,1.0,1.0,,,,,1037,,,,0.0,,0.0,,0.0
,,,0.1205357164144516,,0.9765625,,,,,,,,,,,1.0,1.0,,,,,1038,,,,0.0,,0.0,,0.0
,,,0.1781850904226303,,0.9178616404533386,,,,,,,,,,,1.0,1.0,,,,,1039,,,,0.0,,0.0,,0.0
,,,0.0625,,0.890625,,,,,,,,,,,1.0,1.0,,,,,1040,,,,0.0,,0.0,,0.0
,,,0.0546875,,0.828125,,,,,,,,,,,1.0,1.0,,,,,1041,,,,0.0,,0.0,,0.0
,,,0.09242133796215057,,0.865389883518219,,,,,,,,,,,1.0,1.0,,,,,1042,,,,0.0,,0.0,,0.0
,,,0.0494791679084301,,0.796875,,,,,,,,,,,1.0,1.0,,,,,1043,,,,0.0,,0.0,,0.0
,,,0.04140625149011612,,0.859375,,,,,,,,,,,1.0,1.0,,,,,1044,,,,0.0,,0.0,,0.0
,,,0.14054188132286072,,0.9396551847457886,,,,,,,,,,,1.0,1.0,,,,,1045,,,,0.0,,0.0,,0.0
,,,0.23828125,,1.0,,,,,,,,,,,1.0,1.0,,,,,1046,,,,0.0,,0.0,,0.0
,,,0.328125,,1.0,,,,,,,,,,,1.0,1.0,,,,,1047,,,,0.0,,0.0,,0.0
,,,0.14851969480514526,,0.9552239179611206,,,,,,,,,,,1.0,1.0,,,,,1048,,,,0.0,,0.0,,0.0
,,,0.01796874962747097,,0.921875,,,,,,,,,,,1.0,1.0,,,,,1049,,,,0.0,,0.0,,0.0
,,,0.01640624925494194,,0.9140625,,,,,,,,,,,1.0,1.0,,,,,1050,,,,0.0,,0.0,,0.0
,,,0.08058608323335648,,0.936996340751648,,,,,,,,,,,1.0,1.0,,,,,1051,,,,0.0,,0.0,,0.0
,,,0.0712890625,,0.96875,,,,,,,,,,,1.0,1.0,,,,,1052,,,,0.0,,0.0,,0.0
,,,0.078125,,0.96875,,,,,,,,,,,1.0,1.0,,,,,1053,,,,0.0,,0.0,,0.0
,,,0.2181818187236786,,0.9522727131843567,,,,,,,,,,,1.0,1.0,,,,,1054,,,,0.0,,0.0,,0.0
,,,0.09765625,,0.9453125,,,,,,,,,,,1.0,1.0,,,,,1055,,,,0.0,,0.0,,0.0
,,,0.09375,,0.9609375,,,,,,,,,,,1.0,1.0,,,,,1056,,,,0.0,,0.0,,0.0
,,,0.17396745085716248,,0.9586983919143677,,,,,,,,,,,1.0,1.0,,,,,1057,,,,0.0,,0.0,,0.0
,,,0.1145833358168602,,0.984375,,,,,,,,,,,1.0,1.0,,,,,1058,,,,0.0,,0.0,,0.0
,,,0.0659722238779068,,0.9609375,,,,,,,,,,,1.0,1.0,,,,,1059,,,,0.0,,0.0,,0.0
,,,0.0703125,,0.9453125,,,,,,,,,,,1.0,1.0,,,,,1060,,,,0.0,,0.0,,0.0
,,,0.18722659349441528,,0.9803149700164795,,,,,,,,,,,1.0,1.0,,,,,1061,,,,0.0,,0.0,,0.0
,,,0.08984375,,0.9375,,,,,,,,,,,1.0,1.0,,,,,1062,,,,0.0,,0.0,,0.0
,,,0.0729166641831398,,0.9609375,,,,,,,,,,,1.0,1.0,,,,,1063,,,,0.0,,0.0,,0.0
,,,0.11853448301553726,,0.9698275923728943,,,,,,,,,,,1.0,1.0,,,,,1064,,,,0.0,,0.0,,0.0
,,,0.04453124850988388,,0.8671875,,,,,,,,,,,1.0,1.0,,,,,1065,,,,0.0,,0.0,,0.0
,,,0.052734375,,0.90625,,,,,,,,,,,1.0,1.0,,,,,1066,,,,0.0,,0.0,,0.0
,,,0.15919509530067444,,0.9530619382858276,,,,,,,,,,,1.0,1.0,,,,,1067,,,,0.0,,0.0,,0.0
,,,0.1194196417927742,,0.96875,,,,,,,,,,,1.0,1.0,,,,,1068,,,,0.0,,0.0,,0.0
,,,0.13671875,,0.984375,,,,,,,,,,,1.0,1.0,,,,,1069,,,,0.0,,0.0,,0.0
,,,0.1549479216337204,,0.921875,,,,,,,,,,,1.0,1.0,,,,,1070,,,,0.0,,0.0,,0.0
,,,0.0615234375,,0.8359375,,,,,,,,,,,1.0,1.0,,,,,1071,,,,0.0,,0.0,,0.0
,,,0.046875,,0.8671875,,,,,,,,,,,1.0,1.0,,,,,1072,,,,0.0,,0.0,,0.0
,,,0.10612772405147552,,0.8532668352127075,,,,,,,,,,,1.0,1.0,,,,,1073,,,,0.0,,0.0,,0.0
,,,0.0460069440305233,,0.8359375,,,,,,,,,,,1.0,1.0,,,,,1074,,,,0.0,,0.0,,0.0
,,,0.046875,,0.8515625,,,,,,,,,,,1.0,1.0,,,,,1075,,,,0.0,,0.0,,0.0
,,,0.2019384801387787,,0.9666666984558105,,,,,,,,,,,1.0,1.0,,,,,1076,,,,0.0,,0.0,,0.0
,,,0.3229166567325592,,1.0,,,,,,,,,,,1.0,1.0,,,,,1077,,,,0.0,,0.0,,0.0
,,,0.19374999403953552,,1.0,,,,,,,,,,,1.0,1.0,,,,,1078,,,,0.0,,0.0,,0.0
,,,0.11444443464279175,,0.9545454978942871,,,,,,,,,,,1.0,1.0,,,,,1079,,,,0.0,,0.0,,0.0
,,,0.0234375,,0.9375,,,,,,,,,,,1.0,1.0,,,,,1080,,,,0.0,,0.0,,0.0
,,,0.01406249962747097,,0.8984375,,,,,,,,,,,1.0,1.0,,,,,1081,,,,0.0,,0.0,,0.0
,,,0.09567900747060776,,0.9814814925193787,,,,,,,,,,,1.0,1.0,,,,,1082,,,,0.0,,0.0,,0.0
,,,0.0633680522441864,,0.9765625,,,,,,,,,,,1.0,1.0,,,,,1083,,,,0.0,,0.0,,0.0
,,,0.0830078125,,0.9765625,,,,,,,,,,,1.0,1.0,,,,,1084,,,,0.0,,0.0,,0.0
,,,0.2218014895915985,,0.9254350662231445,,,,,,,,,,,1.0,1.0,,,,,1085,,,,0.0,,0.0,,0.0
,,,0.095703125,,0.96875,,,,,,,,,,,1.0,1.0,,,,,1086,,,,0.0,,0.0,,0.0
,,,0.12890625,,0.9296875,,,,,,,,,,,1.0,1.0,,,,,1087,,,,0.0,,0.0,,0.0
,,,0.16125541925430298,,0.9674051403999329,,,,,,,,,,,1.0,1.0,,,,,1088,,,,0.0,,0.0,,0.0
,,,0.1119791641831398,,0.9765625,,,,,,,,,,,1.0,1.0,,,,,1089,,,,0.0,,0.0,,0.0
,,,0.0711805522441864,,0.953125,,,,,,,,,,,1.0,1.0,,,,,1090,,,,0.0,,0.0,,0.0
,,,0.15706902742385864,,0.9529346227645874,,,,,,,,,,,1.0,1.0,,,,,1091,,,,0.0,,0.0,,0.0
,,,0.0703125,,0.9609375,,,,,,,,,,,1.0,1.0,,,,,1092,,,,0.0,,0.0,,0.0
,,,0.0815972238779068,,0.9296875,,,,,,,,,,,1.0,1.0,,,,,1093,,,,0.0,,0.0,,0.0
,,,0.16457432508468628,,0.9845360517501831,,,,,,,,,,,1.0,1.0,,,,,1094,,,,0.0,,0.0,,0.0
,,,0.0451388880610466,,0.90625,,,,,,,,,,,1.0,1.0,,,,,1095,,,,0.0,,0.0,,0.0
,,,0.04609375074505806,,0.890625,,,,,,,,,,,1.0,1.0,,,,,1096,,,,0.0,,0.0,,0.0
,,,0.1468254029750824,,0.9642857313156128,,,,,,,,,,,1.0,1.0,,,,,1097,,,,0.0,,0.0,,0.0
,,,0.1116071417927742,,0.9765625,,,,,,,,,,,1.0,1.0,,,,,1098,,,,0.0,,0.0,,0.0
,,,0.1380208283662796,,0.9609375,,,,,,,,,,,1.0,1.0,,,,,1099,,,,0.0,,0.0,,0.0
,,,0.1549561619758606,,0.8593628406524658,,,,,,,,,,,1.0,1.0,,,,,1100,,,,0.0,,0.0,,0.0
,,,0.0576171875,,0.8828125,,,,,,,,,,,1.0,1.0,,,,,1101,,,,0.0,,0.0,,0.0
,,,0.0615234375,,0.8359375,,,,,,,,,,,1.0,1.0,,,,,1102,,,,0.0,,0.0,,0.0
,,,0.053368330001831055,,0.874015748500824,,,,,,,,,,,1.0,1.0,,,,,1103,,,,0.0,,0.0,,0.0
11,0.627881646156311,0.6025075912475586,,0.9343705177307129,,,,,,,,,,,,,,120.05644226074219,96508.078125,4.787961959838867,464.4110412597656,2651,,,0.0,,0.0,,0.0,
11,,,,,,0.506949245929718,,0.8767120242118835,,13.460972785949707,,,,,,,,,,,,2651,1.5238661766052246,,,,,,,
,,,,,,,,,,,,,,0.00039940434131867847,0.03,,,,,,,2699,,,,,,,,
12,,,,,,,0.5124437808990479,,0.8734902143478394,,13.1796875,0.0003994019061792642,0.029999999329447746,,,1.0,1.0,,,,,2699,,1.5933921337127686,,,,,,
,,,,,,,,,,,,,,0.0003992763794791224,0.03,,,,,,,2749,,,,,,,,
12,,,,,,,0.4872261583805084,,0.8314725160598755,,12.640625,0.0003992737038061023,0.029999999329447746,,,1.0,1.0,,,,,2749,,1.6076374053955078,,,,,,
,,,,,,,,,,,,,,0.0003991360014691612,0.03,,,,,,,2799,,,,,,,,
12,,,,,,,0.5125666260719299,,0.8466143608093262,,11.875,0.00039913307409733534,0.029999999329447746,,,1.0,1.0,,,,,2799,,1.3037067651748657,,,,,,
,,,,,,,,,,,,,,0.00039898321604401395,0.03,,,,,,,2849,,,,,,,,
12,,,,,,,0.48674070835113525,,0.8684644103050232,,14.25,0.00039898004615679383,0.029999999329447746,,,1.0,1.0,,,,,2849,,1.7082622051239014,,,,,,
,,,0.0755208358168602,,0.9921875,,,,,,,,,,,1.0,1.0,,,,,1104,,,,0.0,,0.0,,0.0
,,,0.0947265625,,0.9921875,,,,,,,,,,,1.0,1.0,,,,,1105,,,,0.0,,0.0,,0.0
,,,0.18261826038360596,,0.9530619382858276,,,,,,,,,,,1.0,1.0,,,,,1106,,,,0.0,,0.0,,0.0
,,,0.1183035746216774,,0.953125,,,,,,,,,,,1.0,1.0,,,,,1107,,,,0.0,,0.0,,0.0
,,,0.125,,0.9609375,,,,,,,,,,,1.0,1.0,,,,,1108,,,,0.0,,0.0,,0.0
,,,0.19184979796409607,,0.9711538553237915,,,,,,,,,,,1.0,1.0,,,,,1109,,,,0.0,,0.0,,0.0
,,,0.0642361119389534,,0.984375,,,,,,,,,,,1.0,1.0,,,,,1110,,,,0.0,,0.0,,0.0
,,,0.0642361119389534,,0.9765625,,,,,,,,,,,1.0,1.0,,,,,1111,,,,0.0,,0.0,,0.0
,,,0.16048456728458405,,0.9764150977134705,,,,,,,,,,,1.0,1.0,,,,,1112,,,,0.0,,0.0,,0.0
,,,0.1149553582072258,,0.96875,,,,,,,,,,,1.0,1.0,,,,,1113,,,,0.0,,0.0,,0.0
,,,0.0885416641831398,,0.984375,,,,,,,,,,,1.0,1.0,,,,,1114,,,,0.0,,0.0,,0.0
,,,0.0876736119389534,,0.9921875,,,,,,,,,,,1.0,1.0,,,,,1115,,,,0.0,,0.0,,0.0
,,,0.1505185216665268,,0.7853333353996277,,,,,,,,,,,1.0,1.0,,,,,1116,,,,0.0,,0.0,,0.0
,,,0.078125,,0.8984375,,,,,,,,,,,1.0,1.0,,,,,1117,,,,0.0,,0.0,,0.0
,,,0.07421875,,0.8671875,,,,,,,,,,,1.0,1.0,,,,,1118,,,,0.0,,0.0,,0.0
,,,0.1558123230934143,,0.9234360456466675,,,,,,,,,,,1.0,1.0,,,,,1119,,,,0.0,,0.0,,0.0
,,,0.0758928582072258,,0.96875,,,,,,,,,,,1.0,1.0,,,,,1120,,,,0.0,,0.0,,0.0
,,,0.0703125,,0.9453125,,,,,,,,,,,1.0,1.0,,,,,1121,,,,0.0,,0.0,,0.0
,,,0.1145983636379242,,0.8538961410522461,,,,,,,,,,,1.0,1.0,,,,,1122,,,,0.0,,0.0,,0.0
,,,0.0503472238779068,,0.71875,,,,,,,,,,,1.0,1.0,,,,,1123,,,,0.0,,0.0,,0.0
,,,0.0486111119389534,,0.7265625,,,,,,,,,,,1.0,1.0,,,,,1124,,,,0.0,,0.0,,0.0
,,,0.12563996016979218,,0.8271481990814209,,,,,,,,,,,1.0,1.0,,,,,1125,,,,0.0,,0.0,,0.0
,,,0.07109375298023224,,0.9609375,,,,,,,,,,,1.0,1.0,,,,,1126,,,,0.0,,0.0,,0.0
,,,0.07656250149011612,,0.96875,,,,,,,,,,,1.0,1.0,,,,,1127,,,,0.0,,0.0,,0.0
,,,0.1487192064523697,,0.984236478805542,,,,,,,,,,,1.0,1.0,,,,,1128,,,,0.0,,0.0,,0.0
,,,0.1116071417927742,,0.9921875,,,,,,,,,,,1.0,1.0,,,,,1129,,,,0.0,,0.0,,0.0
,,,0.0911458358168602,,0.9765625,,,,,,,,,,,1.0,1.0,,,,,1130,,,,0.0,,0.0,,0.0
,,,0.1492452770471573,,0.9178616404533386,,,,,,,,,,,1.0,1.0,,,,,1131,,,,0.0,,0.0,,0.0
,,,0.06640625,,0.9453125,,,,,,,,,,,1.0,1.0,,,,,1132,,,,0.0,,0.0,,0.0
,,,0.0451388880610466,,0.953125,,,,,,,,,,,1.0,1.0,,,,,1133,,,,0.0,,0.0,,0.0
,,,0.16063612699508667,,0.9647058844566345,,,,,,,,,,,1.0,1.0,,,,,1134,,,,0.0,,0.0,,0.0
,,,0.0729166641831398,,0.984375,,,,,,,,,,,1.0,1.0,,,,,1135,,,,0.0,,0.0,,0.0
,,,0.0807291641831398,,0.9921875,,,,,,,,,,,1.0,1.0,,,,,1136,,,,0.0,,0.0,,0.0
,,,0.18873152136802673,,0.9628078937530518,,,,,,,,,,,1.0,1.0,,,,,1137,,,,0.0,,0.0,,0.0
,,,0.1160714253783226,,0.9375,,,,,,,,,,,1.0,1.0,,,,,1138,,,,0.0,,0.0,,0.0
,,,0.1071428582072258,,0.96875,,,,,,,,,,,1.0,1.0,,,,,1139,,,,0.0,,0.0,,0.0
,,,0.155645951628685,,0.9672131538391113,,,,,,,,,,,1.0,1.0,,,,,1140,,,,0.0,,0.0,,0.0
,,,0.0677083358168602,,0.9765625,,,,,,,,,,,1.0,1.0,,,,,1141,,,,0.0,,0.0,,0.0
,,,0.0642361119389534,,0.953125,,,,,,,,,,,1.0,1.0,,,,,1142,,,,0.0,,0.0,,0.0
,,,0.1893249750137329,,0.9687423706054688,,,,,,,,,,,1.0,1.0,,,,,1143,,,,0.0,,0.0,,0.0
,,,0.1025390625,,0.9765625,,,,,,,,,,,1.0,1.0,,,,,1144,,,,0.0,,0.0,,0.0
,,,0.0859375,,0.9921875,,,,,,,,,,,1.0,1.0,,,,,1145,,,,0.0,,0.0,,0.0
,,,0.14818182587623596,,0.9454545378684998,,,,,,,,,,,1.0,1.0,,,,,1146,,,,0.0,,0.0,,0.0
,,,0.0746527761220932,,0.8984375,,,,,,,,,,,1.0,1.0,,,,,1147,,,,0.0,,0.0,,0.0
,,,0.0810546875,,0.9140625,,,,,,,,,,,1.0,1.0,,,,,1148,,,,0.0,,0.0,,0.0
,,,0.14494681358337402,,0.9214643239974976,,,,,,,,,,,1.0,1.0,,,,,1149,,,,0.0,,0.0,,0.0
,,,0.072265625,,0.96875,,,,,,,,,,,1.0,1.0,,,,,1150,,,,0.0,,0.0,,0.0
,,,0.0725446417927742,,0.9609375,,,,,,,,,,,1.0,1.0,,,,,1151,,,,0.0,,0.0,,0.0
,,,0.0677083358168602,,0.9140625,,,,,,,,,,,1.0,1.0,,,,,1152,,,,0.0,,0.0,,0.0
,,,0.04811898618936539,,0.874015748500824,,,,,,,,,,,1.0,1.0,,,,,1153,,,,0.0,,0.0,,0.0
,,,0.0520833320915699,,0.7421875,,,,,,,,,,,1.0,1.0,,,,,1154,,,,0.0,,0.0,,0.0
,,,0.0434027761220932,,0.65625,,,,,,,,,,,1.0,1.0,,,,,1155,,,,0.0,,0.0,,0.0
,,,0.08908045291900635,,0.7744252681732178,,,,,,,,,,,1.0,1.0,,,,,1156,,,,0.0,,0.0,,0.0
,,,0.07265625149011612,,0.9375,,,,,,,,,,,1.0,1.0,,,,,1157,,,,0.0,,0.0,,0.0
,,,0.0833333358168602,,0.9765625,,,,,,,,,,,1.0,1.0,,,,,1158,,,,0.0,,0.0,,0.0
,,,0.169213205575943,,0.9765310287475586,,,,,,,,,,,1.0,1.0,,,,,1159,,,,0.0,,0.0,,0.0
,,,0.1005859375,,0.984375,,,,,,,,,,,1.0,1.0,,,,,1160,,,,0.0,,0.0,,0.0
,,,0.099609375,,0.984375,,,,,,,,,,,1.0,1.0,,,,,1161,,,,0.0,,0.0,,0.0
,,,0.1588541716337204,,0.9270833730697632,,,,,,,,,,,1.0,1.0,,,,,1162,,,,0.0,,0.0,,0.0
,,,0.0595703125,,0.90625,,,,,,,,,,,1.0,1.0,,,,,1163,,,,0.0,,0.0,,0.0
,,,0.04374999925494194,,0.9609375,,,,,,,,,,,1.0,1.0,,,,,1164,,,,0.0,,0.0,,0.0
,,,0.12919896841049194,,0.9703764915466309,,,,,,,,,,,1.0,1.0,,,,,1165,,,,0.0,,0.0,,0.0
,,,0.087890625,,0.9921875,,,,,,,,,,,1.0,1.0,,,,,1166,,,,0.0,,0.0,,0.0
,,,0.1026785746216774,,0.984375,,,,,,,,,,,1.0,1.0,,,,,1167,,,,0.0,,0.0,,0.0
,,,0.2067846655845642,,0.9690265655517578,,,,,,,,,,,1.0,1.0,,,,,1168,,,,0.0,,0.0,,0.0
,,,0.1138392835855484,,0.953125,,,,,,,,,,,1.0,1.0,,,,,1169,,,,0.0,,0.0,,0.0
,,,0.1263020783662796,,0.9453125,,,,,,,,,,,1.0,1.0,,,,,1170,,,,0.0,,0.0,,0.0
,,,0.15037879347801208,,0.9585858583450317,,,,,,,,,,,1.0,1.0,,,,,1171,,,,0.0,,0.0,,0.0
,,,0.0703125,,0.984375,,,,,,,,,,,1.0,1.0,,,,,1172,,,,0.0,,0.0,,0.0
,,,0.0607638880610466,,0.9453125,,,,,,,,,,,1.0,1.0,,,,,1173,,,,0.0,,0.0,,0.0
,,,0.23950615525245667,,0.9861111044883728,,,,,,,,,,,1.0,1.0,,,,,1174,,,,0.0,,0.0,,0.0
,,,0.0868055522441864,,0.984375,,,,,,,,,,,1.0,1.0,,,,,1175,,,,0.0,,0.0,,0.0
,,,0.1025390625,,0.9921875,,,,,,,,,,,1.0,1.0,,,,,1176,,,,0.0,,0.0,,0.0
,,,0.16293321549892426,,0.9356091022491455,,,,,,,,,,,1.0,1.0,,,,,1177,,,,0.0,,0.0,,0.0
,,,0.0791015625,,0.9296875,,,,,,,,,,,1.0,1.0,,,,,1178,,,,0.0,,0.0,,0.0
,,,0.087890625,,0.890625,,,,,,,,,,,1.0,1.0,,,,,1179,,,,0.0,,0.0,,0.0
,,,0.13598167896270752,,0.9150751233100891,,,,,,,,,,,1.0,1.0,,,,,1180,,,,0.0,,0.0,,0.0
,,,0.0712890625,,0.9609375,,,,,,,,,,,1.0,1.0,,,,,1181,,,,0.0,,0.0,,0.0
,,,0.068359375,,0.9375,,,,,,,,,,,1.0,1.0,,,,,1182,,,,0.0,,0.0,,0.0
,,,0.10808416455984116,,0.8582502603530884,,,,,,,,,,,1.0,1.0,,,,,1183,,,,0.0,,0.0,,0.0
,,,0.0460069440305233,,0.6953125,,,,,,,,,,,1.0,1.0,,,,,1184,,,,0.0,,0.0,,0.0
,,,0.0477430559694767,,0.71875,,,,,,,,,,,1.0,1.0,,,,,1185,,,,0.0,,0.0,,0.0
,,,0.14030225574970245,,0.8350515365600586,,,,,,,,,,,1.0,1.0,,,,,1186,,,,0.0,,0.0,,0.0
,,,0.06875000149011612,,0.953125,,,,,,,,,,,1.0,1.0,,,,,1187,,,,0.0,,0.0,,0.0
,,,0.07343749701976776,,0.9453125,,,,,,,,,,,1.0,1.0,,,,,1188,,,,0.0,,0.0,,0.0
,,,0.16339285671710968,,0.9955357313156128,,,,,,,,,,,1.0,1.0,,,,,1189,,,,0.0,,0.0,,0.0
,,,0.1276041716337204,,0.984375,,,,,,,,,,,1.0,1.0,,,,,1190,,,,0.0,,0.0,,0.0
,,,0.1015625,,0.984375,,,,,,,,,,,1.0,1.0,,,,,1191,,,,0.0,,0.0,,0.0
,,,0.13451826572418213,,0.8550893664360046,,,,,,,,,,,1.0,1.0,,,,,1192,,,,0.0,,0.0,,0.0
,,,0.064453125,,0.90625,,,,,,,,,,,1.0,1.0,,,,,1193,,,,0.0,,0.0,,0.0
,,,0.04140625149011612,,0.921875,,,,,,,,,,,1.0,1.0,,,,,1194,,,,0.0,,0.0,,0.0
,,,0.06200787425041199,,0.9448819160461426,,,,,,,,,,,1.0,1.0,,,,,1195,,,,0.0,,0.0,,0.0
12,0.6528184413909912,0.649248480796814,,0.9327961206436157,,,,,,,,,,,,,,118.81038665771484,101386.5703125,4.777528762817383,473.11407470703125,2872,,,0.0,,0.0,,0.0,
12,,,,,,0.5000267028808594,,0.8594409227371216,,13.031639099121094,,,,,,,,,,,,2872,1.6937990188598633,,,,,,,
,,,,,,,,,,,,,,0.00039881803273273645,0.03,,,,,,,2899,,,,,,,,
13,,,,,,,0.5136877298355103,,0.8613876700401306,,12.3125,0.0003988145908806473,0.029999999329447746,,,1.0,1.0,,,,,2899,,1.2244596481323242,,,,,,
,,,,,,,,,,,,,,0.0003986404618376262,0.03,,,,,,,2949,,,,,,,,
13,,,,,,,0.5202327966690063,,0.8753319978713989,,12.7265625,0.0003986367955803871,0.029999999329447746,,,1.0,1.0,,,,,2949,,1.5355193614959717,,,,,,
,,,,,,,,,,,,,,0.000398450514433581,0.03,,,,,,,2999,,,,,,,,
13,,,,,,,0.49707722663879395,,0.8373358249664307,,12.1484375,0.00039844660204835236,0.029999999329447746,,,1.0,1.0,,,,,2999,,1.3973625898361206,,,,,,
,,,,,,,,,,,,,,0.0003982482023674068,0.03,,,,,,,3049,,,,,,,,
13,,,,,,,0.48961901664733887,,0.8391584157943726,,12.7734375,0.0003982440393883735,0.029999999329447746,,,1.0,1.0,,,,,3049,,1.4471887350082397,,,,,,
,,,0.04062499850988388,,0.78125,,,,,,,,,,,1.0,1.0,,,,,1196,,,,0.0,,0.0,,0.0
,,,0.0494791679084301,,0.8515625,,,,,,,,,,,1.0,1.0,,,,,1197,,,,0.0,,0.0,,0.0
,,,0.1391272395849228,,0.910891056060791,,,,,,,,,,,1.0,1.0,,,,,1198,,,,0.0,,0.0,,0.0
,,,0.1575520783662796,,0.9921875,,,,,,,,,,,1.0,1.0,,,,,1199,,,,0.0,,0.0,,0.0
,,,0.1497395783662796,,1.0,,,,,,,,,,,1.0,1.0,,,,,1200,,,,0.0,,0.0,,0.0
,,,0.1666666716337204,,0.990384578704834,,,,,,,,,,,1.0,1.0,,,,,1201,,,,0.0,,0.0,,0.0
,,,0.0355902761220932,,0.9609375,,,,,,,,,,,1.0,1.0,,,,,1202,,,,0.0,,0.0,,0.0
,,,0.0458984375,,0.9765625,,,,,,,,,,,1.0,1.0,,,,,1203,,,,0.0,,0.0,,0.0
,,,0.12628644704818726,,0.9764150977134705,,,,,,,,,,,1.0,1.0,,,,,1204,,,,0.0,,0.0,,0.0
,,,0.095703125,,0.984375,,,,,,,,,,,1.0,1.0,,,,,1205,,,,0.0,,0.0,,0.0
,,,0.0927734375,,0.9921875,,,,,,,,,,,1.0,1.0,,,,,1206,,,,0.0,,0.0,,0.0
,,,0.1160714253783226,,1.0,,,,,,,,,,,1.0,1.0,,,,,1207,,,,0.0,,0.0,,0.0
,,,0.22095239162445068,,0.8173333406448364,,,,,,,,,,,1.0,1.0,,,,,1208,,,,0.0,,0.0,,0.0
,,,0.1419270783662796,,0.96875,,,,,,,,,,,1.0,1.0,,,,,1209,,,,0.0,,0.0,,0.0
,,,0.1194196417927742,,0.9765625,,,,,,,,,,,1.0,1.0,,,,,1210,,,,0.0,,0.0,,0.0
,,,0.13237887620925903,,0.8865545988082886,,,,,,,,,,,1.0,1.0,,,,,1211,,,,0.0,,0.0,,0.0
,,,0.02690972201526165,,0.796875,,,,,,,,,,,1.0,1.0,,,,,1212,,,,0.0,,0.0,,0.0
,,,0.029296875,,0.75,,,,,,,,,,,1.0,1.0,,,,,1213,,,,0.0,,0.0,,0.0
,,,0.08279220759868622,,0.8279221057891846,,,,,,,,,,,1.0,1.0,,,,,1214,,,,0.0,,0.0,,0.0
,,,0.0703125,,0.9296875,,,,,,,,,,,1.0,1.0,,,,,1215,,,,0.0,,0.0,,0.0
,,,0.0590277761220932,,0.9140625,,,,,,,,,,,1.0,1.0,,,,,1216,,,,0.0,,0.0,,0.0
,,,0.13785803318023682,,0.9271482229232788,,,,,,,,,,,1.0,1.0,,,,,1217,,,,0.0,,0.0,,0.0
,,,0.0625,,0.90625,,,,,,,,,,,1.0,1.0,,,,,1218,,,,0.0,,0.0,,0.0
,,,0.0607638880610466,,0.953125,,,,,,,,,,,1.0,1.0,,,,,1219,,,,0.0,,0.0,,0.0
,,,0.17339901626110077,,0.9413793087005615,,,,,,,,,,,1.0,1.0,,,,,1220,,,,0.0,,0.0,,0.0
,,,0.1160714253783226,,0.984375,,,,,,,,,,,1.0,1.0,,,,,1221,,,,0.0,,0.0,,0.0
,,,0.1044921875,,0.9609375,,,,,,,,,,,1.0,1.0,,,,,1222,,,,0.0,,0.0,,0.0
,,,0.21433961391448975,,0.9772326946258545,,,,,,,,,,,1.0,1.0,,,,,1223,,,,0.0,,0.0,,0.0
,,,0.15625,,0.984375,,,,,,,,,,,1.0,1.0,,,,,1224,,,,0.0,,0.0,,0.0
,,,0.0959821417927742,,0.9765625,,,,,,,,,,,1.0,1.0,,,,,1225,,,,0.0,,0.0,,0.0
,,,0.14181487262248993,,0.8894665241241455,,,,,,,,,,,1.0,1.0,,,,,1226,,,,0.0,,0.0,,0.0
,,,0.04374999925494194,,0.8203125,,,,,,,,,,,1.0,1.0,,,,,1227,,,,0.0,,0.0,,0.0
,,,0.04062499850988388,,0.8515625,,,,,,,,,,,1.0,1.0,,,,,1228,,,,0.0,,0.0,,0.0
,,,0.1785714328289032,,0.8894088268280029,,,,,,,,,,,1.0,1.0,,,,,1229,,,,0.0,,0.0,,0.0
,,,0.1283482164144516,,0.984375,,,,,,,,,,,1.0,1.0,,,,,1230,,,,0.0,,0.0,,0.0
,,,0.1510416716337204,,0.9921875,,,,,,,,,,,1.0,1.0,,,,,1231,,,,0.0,,0.0,,0.0
,,,0.17529448866844177,,0.9843406081199646,,,,,,,,,,,1.0,1.0,,,,,1232,,,,0.0,,0.0,,0.0
,,,0.0434027761220932,,0.9609375,,,,,,,,,,,1.0,1.0,,,,,1233,,,,0.0,,0.0,,0.0
,,,0.0380859375,,0.96875,,,,,,,,,,,1.0,1.0,,,,,1234,,,,0.0,,0.0,,0.0
,,,0.11043278127908707,,0.968498170375824,,,,,,,,,,,1.0,1.0,,,,,1235,,,,0.0,,0.0,,0.0
,,,0.1082589253783226,,0.9921875,,,,,,,,,,,1.0,1.0,,,,,1236,,,,0.0,,0.0,,0.0
,,,0.0868055522441864,,1.0,,,,,,,,,,,1.0,1.0,,,,,1237,,,,0.0,,0.0,,0.0
,,,0.3413636088371277,,0.9818181991577148,,,,,,,,,,,1.0,1.0,,,,,1238,,,,0.0,,0.0,,0.0
,,,0.1216517835855484,,0.96875,,,,,,,,,,,1.0,1.0,,,,,1239,,,,0.0,,0.0,,0.0
,,,0.18281249701976776,,0.96875,,,,,,,,,,,1.0,1.0,,,,,1240,,,,0.0,,0.0,,0.0
,,,0.1533166468143463,,0.8075720071792603,,,,,,,,,,,1.0,1.0,,,,,1241,,,,0.0,,0.0,,0.0
,,,0.033203125,,0.84375,,,,,,,,,,,1.0,1.0,,,,,1242,,,,0.0,,0.0,,0.0
,,,0.02604166604578495,,0.765625,,,,,,,,,,,1.0,1.0,,,,,1243,,,,0.0,,0.0,,0.0
,,,0.0381944440305233,,0.78125,,,,,,,,,,,1.0,1.0,,,,,1244,,,,0.0,,0.0,,0.0
,,,0.04986876621842384,,0.9527559280395508,,,,,,,,,,,1.0,1.0,,,,,1245,,,,0.0,,0.0,,0.0
,,,0.07421875,,0.890625,,,,,,,,,,,1.0,1.0,,,,,1246,,,,0.0,,0.0,,0.0
,,,0.0546875,,0.8828125,,,,,,,,,,,1.0,1.0,,,,,1247,,,,0.0,,0.0,,0.0
,,,0.08269476890563965,,0.9109195470809937,,,,,,,,,,,1.0,1.0,,,,,1248,,,,0.0,,0.0,,0.0
,,,0.0581597238779068,,0.921875,,,,,,,,,,,1.0,1.0,,,,,1249,,,,0.0,,0.0,,0.0
,,,0.0825892835855484,,0.9453125,,,,,,,,,,,1.0,1.0,,,,,1250,,,,0.0,,0.0,,0.0
,,,0.17308397591114044,,0.9530619382858276,,,,,,,,,,,1.0,1.0,,,,,1251,,,,0.0,,0.0,,0.0
,,,0.1227678582072258,,0.9921875,,,,,,,,,,,1.0,1.0,,,,,1252,,,,0.0,,0.0,,0.0
,,,0.1025390625,,0.9609375,,,,,,,,,,,1.0,1.0,,,,,1253,,,,0.0,,0.0,,0.0
,,,0.2202380895614624,,0.96875,,,,,,,,,,,1.0,1.0,,,,,1254,,,,0.0,,0.0,,0.0
,,,0.091796875,,0.96875,,,,,,,,,,,1.0,1.0,,,,,1255,,,,0.0,,0.0,,0.0
,,,0.1026785746216774,,1.0,,,,,,,,,,,1.0,1.0,,,,,1256,,,,0.0,,0.0,,0.0
,,,0.11810630559921265,,0.9011628031730652,,,,,,,,,,,1.0,1.0,,,,,1257,,,,0.0,,0.0,,0.0
,,,0.0512152761220932,,0.84375,,,,,,,,,,,1.0,1.0,,,,,1258,,,,0.0,,0.0,,0.0
,,,0.04531250149011612,,0.84375,,,,,,,,,,,1.0,1.0,,,,,1259,,,,0.0,,0.0,,0.0
,,,0.1744837760925293,,0.9289085865020752,,,,,,,,,,,1.0,1.0,,,,,1260,,,,0.0,,0.0,,0.0
,,,0.1484375,,0.9765625,,,,,,,,,,,1.0,1.0,,,,,1261,,,,0.0,,0.0,,0.0
,,,0.1484375,,0.984375,,,,,,,,,,,1.0,1.0,,,,,1262,,,,0.0,,0.0,,0.0
,,,0.12895622849464417,,0.9863636493682861,,,,,,,,,,,1.0,1.0,,,,,1263,,,,0.0,,0.0,,0.0
,,,0.048828125,,0.9609375,,,,,,,,,,,1.0,1.0,,,,,1264,,,,0.0,,0.0,,0.0
,,,0.0380859375,,0.953125,,,,,,,,,,,1.0,1.0,,,,,1265,,,,0.0,,0.0,,0.0
,,,0.10144033282995224,,0.9657407402992249,,,,,,,,,,,1.0,1.0,,,,,1266,,,,0.0,,0.0,,0.0
,,,0.0966796875,,1.0,,,,,,,,,,,1.0,1.0,,,,,1267,,,,0.0,,0.0,,0.0
,,,0.0986328125,,1.0,,,,,,,,,,,1.0,1.0,,,,,1268,,,,0.0,,0.0,,0.0
,,,0.2819277048110962,,0.9708166122436523,,,,,,,,,,,1.0,1.0,,,,,1269,,,,0.0,,0.0,,0.0
,,,0.14453125,,0.984375,,,,,,,,,,,1.0,1.0,,,,,1270,,,,0.0,,0.0,,0.0
,,,0.1294642835855484,,0.9765625,,,,,,,,,,,1.0,1.0,,,,,1271,,,,0.0,,0.0,,0.0
,,,0.12232621014118195,,0.8764960765838623,,,,,,,,,,,1.0,1.0,,,,,1272,,,,0.0,,0.0,,0.0
,,,0.0303819440305233,,0.78125,,,,,,,,,,,1.0,1.0,,,,,1273,,,,0.0,,0.0,,0.0
,,,0.0303819440305233,,0.78125,,,,,,,,,,,1.0,1.0,,,,,1274,,,,0.0,,0.0,,0.0
,,,0.08610188961029053,,0.88344407081604,,,,,,,,,,,1.0,1.0,,,,,1275,,,,0.0,,0.0,,0.0
,,,0.05859375,,0.8828125,,,,,,,,,,,1.0,1.0,,,,,1276,,,,0.0,,0.0,,0.0
,,,0.0607638880610466,,0.859375,,,,,,,,,,,1.0,1.0,,,,,1277,,,,0.0,,0.0,,0.0
,,,0.15073162317276,,0.9374791979789734,,,,,,,,,,,1.0,1.0,,,,,1278,,,,0.0,,0.0,,0.0
,,,0.0598958320915699,,0.8984375,,,,,,,,,,,1.0,1.0,,,,,1279,,,,0.0,,0.0,,0.0
,,,0.0546875,,0.9375,,,,,,,,,,,1.0,1.0,,,,,1280,,,,0.0,,0.0,,0.0
,,,0.1964285671710968,,0.96875,,,,,,,,,,,1.0,1.0,,,,,1281,,,,0.0,,0.0,,0.0
,,,0.1328125,,0.9921875,,,,,,,,,,,1.0,1.0,,,,,1282,,,,0.0,,0.0,,0.0
,,,0.1160714253783226,,0.96875,,,,,,,,,,,1.0,1.0,,,,,1283,,,,0.0,,0.0,,0.0
,,,0.1647241711616516,,0.8962703943252563,,,,,,,,,,,1.0,1.0,,,,,1284,,,,0.0,,0.0,,0.0
,,,0.1116071417927742,,0.9921875,,,,,,,,,,,1.0,1.0,,,,,1285,,,,0.0,,0.0,,0.0
,,,0.0830078125,,0.96875,,,,,,,,,,,1.0,1.0,,,,,1286,,,,0.0,,0.0,,0.0
,,,0.12860892713069916,,1.0,,,,,,,,,,,1.0,1.0,,,,,1287,,,,0.0,,0.0,,0.0
13,0.6431566476821899,0.6219369769096375,,0.9308900833129883,,,,,,,,,,,,,,123.57418823242188,85811.3984375,4.8168416023254395,463.583740234375,3093,,,0.0,,0.0,,0.0,
13,,,,,,0.49244797229766846,,0.8486524820327759,,12.94124698638916,,,,,,,,,,,,3093,1.5800546407699585,,,,,,,
,,,,,,,,,,,,,,0.0003980335382570804,0.03,,,,,,,3099,,,,,,,,
14,,,,,,,0.4991220533847809,,0.8476471304893494,,12.6875,0.0003980291076004505,0.029999999329447746,,,1.0,1.0,,,,,3099,,1.4033243656158447,,,,,,
,,,,,,,,,,,,,,0.0003978065354909618,0.03,,,,,,,3149,,,,,,,,
14,,,,,,,0.5074095129966736,,0.8370102643966675,,11.703125,0.00039780186489224434,0.029999999329447746,,,1.0,1.0,,,,,3149,,1.5090253353118896,,,,,,
,,,,,,,,,,,,,,0.0003975672082269585,0.03,,,,,,,3199,,,,,,,,
14,,,,,,,0.4919602870941162,,0.8405788540840149,,12.7578125,0.0003975622821599245,0.029999999329447746,,,1.0,1.0,,,,,3199,,1.3207366466522217,,,,,,
,,,,,,,,,,,,,,0.00039731557139164366,0.03,,,,,,,3249,,,,,,,,
14,,,,,,,0.5268189907073975,,0.8592382669448853,,11.9609375,0.00039731041761115193,0.029999999329447746,,,1.0,1.0,,,,,3249,,1.3608043193817139,,,,,,
,,,,,,,,,,,,,,0.00039705164067932404,0.03,,,,,,,3299,,,,,,,,
14,,,,,,,0.46750548481941223,,0.7912204265594482,,11.6328125,0.00039704624214209616,0.029999999329447746,,,1.0,1.0,,,,,3299,,1.335632562637329,,,,,,
,,,0.0948660746216774,,0.9453125,,,,,,,,,,,1.0,1.0,,,,,1288,,,,0.0,,0.0,,0.0
,,,0.0694444477558136,,1.0,,,,,,,,,,,1.0,1.0,,,,,1289,,,,0.0,,0.0,,0.0
,,,0.15053170919418335,,0.9666299819946289,,,,,,,,,,,1.0,1.0,,,,,1290,,,,0.0,,0.0,,0.0
,,,0.1484375,,0.96875,,,,,,,,,,,1.0,1.0,,,,,1291,,,,0.0,,0.0,,0.0
,,,0.125,,0.96875,,,,,,,,,,,1.0,1.0,,,,,1292,,,,0.0,,0.0,,0.0
,,,0.13069799542427063,,0.9439102411270142,,,,,,,,,,,1.0,1.0,,,,,1293,,,,0.0,,0.0,,0.0
,,,0.03515625,,1.0,,,,,,,,,,,1.0,1.0,,,,,1294,,,,0.0,,0.0,,0.0
,,,0.04296875,,0.96875,,,,,,,,,,,1.0,1.0,,,,,1295,,,,0.0,,0.0,,0.0
,,,0.0939965695142746,,0.9356775283813477,,,,,,,,,,,1.0,1.0,,,,,1296,,,,0.0,,0.0,,0.0
,,,0.0668402761220932,,0.9453125,,,,,,,,,,,1.0,1.0,,,,,1297,,,,0.0,,0.0,,0.0
,,,0.080078125,,0.9296875,,,,,,,,,,,1.0,1.0,,,,,1298,,,,0.0,,0.0,,0.0
,,,0.080078125,,0.953125,,,,,,,,,,,1.0,1.0,,,,,1299,,,,0.0,,0.0,,0.0
,,,0.12325926125049591,,0.8173333406448364,,,,,,,,,,,1.0,1.0,,,,,1300,,,,0.0,,0.0,,0.0
,,,0.0966796875,,1.0,,,,,,,,,,,1.0,1.0,,,,,1301,,,,0.0,,0.0,,0.0
,,,0.0815972238779068,,0.984375,,,,,,,,,,,1.0,1.0,,,,,1302,,,,0.0,,0.0,,0.0
,,,0.15919701755046844,,0.970588207244873,,,,,,,,,,,1.0,1.0,,,,,1303,,,,0.0,,0.0,,0.0
,,,0.0658482164144516,,0.953125,,,,,,,,,,,1.0,1.0,,,,,1304,,,,0.0,,0.0,,0.0
,,,0.0625,,0.9453125,,,,,,,,,,,1.0,1.0,,,,,1305,,,,0.0,,0.0,,0.0
,,,0.14766713976860046,,0.948051929473877,,,,,,,,,,,1.0,1.0,,,,,1306,,,,0.0,,0.0,,0.0
,,,0.078125,,0.953125,,,,,,,,,,,1.0,1.0,,,,,1307,,,,0.0,,0.0,,0.0
,,,0.0830078125,,0.9296875,,,,,,,,,,,1.0,1.0,,,,,1308,,,,0.0,,0.0,,0.0
,,,0.16200360655784607,,0.9658779501914978,,,,,,,,,,,1.0,1.0,,,,,1309,,,,0.0,,0.0,,0.0
,,,0.0824652761220932,,0.9921875,,,,,,,,,,,1.0,1.0,,,,,1310,,,,0.0,,0.0,,0.0
,,,0.078125,,0.96875,,,,,,,,,,,1.0,1.0,,,,,1311,,,,0.0,,0.0,,0.0
,,,0.1862616240978241,,0.9770935773849487,,,,,,,,,,,1.0,1.0,,,,,1312,,,,0.0,,0.0,,0.0
,,,0.1316964328289032,,1.0,,,,,,,,,,,1.0,1.0,,,,,1313,,,,0.0,,0.0,,0.0
,,,0.1171875,,0.984375,,,,,,,,,,,1.0,1.0,,,,,1314,,,,0.0,,0.0,,0.0
,,,0.13489866256713867,,0.8679245710372925,,,,,,,,,,,1.0,1.0,,,,,1315,,,,0.0,,0.0,,0.0
,,,0.0503472238779068,,0.7890625,,,,,,,,,,,1.0,1.0,,,,,1316,,,,0.0,,0.0,,0.0
,,,0.03515625,,0.6953125,,,,,,,,,,,1.0,1.0,,,,,1317,,,,0.0,,0.0,,0.0
,,,0.1577291488647461,,0.8999999761581421,,,,,,,,,,,1.0,1.0,,,,,1318,,,,0.0,,0.0,,0.0
,,,0.0870535746216774,,0.953125,,,,,,,,,,,1.0,1.0,,,,,1319,,,,0.0,,0.0,,0.0
,,,0.06484375149011612,,0.984375,,,,,,,,,,,1.0,1.0,,,,,1320,,,,0.0,,0.0,,0.0
,,,0.15182265639305115,,0.9770935773849487,,,,,,,,,,,1.0,1.0,,,,,1321,,,,0.0,,0.0,,0.0
,,,0.1432291716337204,,0.96875,,,,,,,,,,,1.0,1.0,,,,,1322,,,,0.0,,0.0,,0.0
,,,0.1471354216337204,,0.953125,,,,,,,,,,,1.0,1.0,,,,,1323,,,,0.0,,0.0,,0.0
,,,0.11972106248140335,,0.9768779277801514,,,,,,,,,,,1.0,1.0,,,,,1324,,,,0.0,,0.0,,0.0
,,,0.04140625149011612,,1.0,,,,,,,,,,,1.0,1.0,,,,,1325,,,,0.0,,0.0,,0.0
,,,0.04374999925494194,,0.9609375,,,,,,,,,,,1.0,1.0,,,,,1326,,,,0.0,,0.0,,0.0
,,,0.0918925553560257,,0.9377289414405823,,,,,,,,,,,1.0,1.0,,,,,1327,,,,0.0,,0.0,,0.0
,,,0.0849609375,,0.921875,,,,,,,,,,,1.0,1.0,,,,,1328,,,,0.0,,0.0,,0.0
,,,0.076171875,,0.9609375,,,,,,,,,,,1.0,1.0,,,,,1329,,,,0.0,,0.0,,0.0
,,,0.18522727489471436,,0.9534090757369995,,,,,,,,,,,1.0,1.0,,,,,1330,,,,0.0,,0.0,,0.0
,,,0.0859375,,0.9765625,,,,,,,,,,,1.0,1.0,,,,,1331,,,,0.0,,0.0,,0.0
,,,0.0885416641831398,,0.9921875,,,,,,,,,,,1.0,1.0,,,,,1332,,,,0.0,,0.0,,0.0
,,,0.13711583614349365,,0.9799749851226807,,,,,,,,,,,1.0,1.0,,,,,1333,,,,0.0,,0.0,,0.0
,,,0.0691964253783226,,0.9375,,,,,,,,,,,1.0,1.0,,,,,1334,,,,0.0,,0.0,,0.0
,,,0.0658482164144516,,0.9453125,,,,,,,,,,,1.0,1.0,,,,,1335,,,,0.0,,0.0,,0.0
,,,0.0693359375,,0.9375,,,,,,,,,,,1.0,1.0,,,,,1336,,,,0.0,,0.0,,0.0
,,,0.06850393116474152,,0.9803149700164795,,,,,,,,,,,1.0,1.0,,,,,1337,,,,0.0,,0.0,,0.0
,,,0.0746527761220932,,0.9453125,,,,,,,,,,,1.0,1.0,,,,,1338,,,,0.0,,0.0,,0.0
,,,0.080078125,,0.921875,,,,,,,,,,,1.0,1.0,,,,,1339,,,,0.0,,0.0,,0.0
,,,0.14080460369586945,,0.9956896305084229,,,,,,,,,,,1.0,1.0,,,,,1340,,,,0.0,,0.0,,0.0
,,,0.07187499850988388,,0.9765625,,,,,,,,,,,1.0,1.0,,,,,1341,,,,0.0,,0.0,,0.0
,,,0.1015625,,0.984375,,,,,,,,,,,1.0,1.0,,,,,1342,,,,0.0,,0.0,,0.0
,,,0.214475616812706,,0.9950494766235352,,,,,,,,,,,1.0,1.0,,,,,1343,,,,0.0,,0.0,,0.0
,,,0.1328125,,1.0,,,,,,,,,,,1.0,1.0,,,,,1344,,,,0.0,,0.0,,0.0
,,,0.1316964328289032,,0.984375,,,,,,,,,,,1.0,1.0,,,,,1345,,,,0.0,,0.0,,0.0
,,,0.1458333432674408,,0.890625,,,,,,,,,,,1.0,1.0,,,,,1346,,,,0.0,,0.0,,0.0
,,,0.04140625149011612,,0.7265625,,,,,,,,,,,1.0,1.0,,,,,1347,,,,0.0,,0.0,,0.0
,,,0.0477430559694767,,0.75,,,,,,,,,,,1.0,1.0,,,,,1348,,,,0.0,,0.0,,0.0
,,,0.142364963889122,,0.8756921291351318,,,,,,,,,,,1.0,1.0,,,,,1349,,,,0.0,,0.0,,0.0
,,,0.06171875074505806,,0.984375,,,,,,,,,,,1.0,1.0,,,,,1350,,,,0.0,,0.0,,0.0
,,,0.0772569477558136,,0.9765625,,,,,,,,,,,1.0,1.0,,,,,1351,,,,0.0,,0.0,,0.0
,,,0.16650278866291046,,0.982300877571106,,,,,,,,,,,1.0,1.0,,,,,1352,,,,0.0,,0.0,,0.0
,,,0.1261160671710968,,0.96875,,,,,,,,,,,1.0,1.0,,,,,1353,,,,0.0,,0.0,,0.0
,,,0.1216517835855484,,0.9609375,,,,,,,,,,,1.0,1.0,,,,,1354,,,,0.0,,0.0,,0.0
,,,0.12989898025989532,,0.9909090995788574,,,,,,,,,,,1.0,1.0,,,,,1355,,,,0.0,,0.0,,0.0
,,,0.046875,,1.0,,,,,,,,,,,1.0,1.0,,,,,1356,,,,0.0,,0.0,,0.0
,,,0.04062499850988388,,0.9375,,,,,,,,,,,1.0,1.0,,,,,1357,,,,0.0,,0.0,,0.0
,,,0.09925925731658936,,0.9675925970077515,,,,,,,,,,,1.0,1.0,,,,,1358,,,,0.0,,0.0,,0.0
,,,0.0720486119389534,,0.9296875,,,,,,,,,,,1.0,1.0,,,,,1359,,,,0.0,,0.0,,0.0
,,,0.0926339253783226,,0.96875,,,,,,,,,,,1.0,1.0,,,,,1360,,,,0.0,,0.0,,0.0
,,,0.18423694372177124,,0.9485943913459778,,,,,,,,,,,1.0,1.0,,,,,1361,,,,0.0,,0.0,,0.0
,,,0.1015625,,0.9921875,,,,,,,,,,,1.0,1.0,,,,,1362,,,,0.0,,0.0,,0.0
,,,0.1025390625,,0.9921875,,,,,,,,,,,1.0,1.0,,,,,1363,,,,0.0,,0.0,,0.0
,,,0.12092918157577515,,0.983702540397644,,,,,,,,,,,1.0,1.0,,,,,1364,,,,0.0,,0.0,,0.0
,,,0.0703125,,0.9296875,,,,,,,,,,,1.0,1.0,,,,,1365,,,,0.0,,0.0,,0.0
,,,0.0576171875,,0.9375,,,,,,,,,,,1.0,1.0,,,,,1366,,,,0.0,,0.0,,0.0
,,,0.1426725685596466,,0.9590254426002502,,,,,,,,,,,1.0,1.0,,,,,1367,,,,0.0,,0.0,,0.0
,,,0.0763888880610466,,0.9609375,,,,,,,,,,,1.0,1.0,,,,,1368,,,,0.0,,0.0,,0.0
,,,0.0703125,,0.9296875,,,,,,,,,,,1.0,1.0,,,,,1369,,,,0.0,,0.0,,0.0
,,,0.18328067660331726,,0.9477884769439697,,,,,,,,,,,1.0,1.0,,,,,1370,,,,0.0,,0.0,,0.0
,,,0.07421875,,1.0,,,,,,,,,,,1.0,1.0,,,,,1371,,,,0.0,,0.0,,0.0
,,,0.07187499850988388,,0.96875,,,,,,,,,,,1.0,1.0,,,,,1372,,,,0.0,,0.0,,0.0
,,,0.1974206268787384,,0.9910714626312256,,,,,,,,,,,1.0,1.0,,,,,1373,,,,0.0,,0.0,,0.0
,,,0.1272321492433548,,0.9921875,,,,,,,,,,,1.0,1.0,,,,,1374,,,,0.0,,0.0,,0.0
,,,0.1339285671710968,,0.9921875,,,,,,,,,,,1.0,1.0,,,,,1375,,,,0.0,,0.0,,0.0
,,,0.10054390132427216,,0.8636363744735718,,,,,,,,,,,1.0,1.0,,,,,1376,,,,0.0,,0.0,,0.0
,,,0.05859375,,0.78125,,,,,,,,,,,1.0,1.0,,,,,1377,,,,0.0,,0.0,,0.0
,,,0.03828125074505806,,0.7109375,,,,,,,,,,,1.0,1.0,,,,,1378,,,,0.0,,0.0,,0.0
,,,0.057742781937122345,,0.7716535329818726,,,,,,,,,,,1.0,1.0,,,,,1379,,,,0.0,,0.0,,0.0
14,0.6771298050880432,0.660273551940918,,0.9458304643630981,,,,,,,,,,,,,,125.69754028320312,85749.1015625,4.833878517150879,452.4955749511719,3314,,,0.0,,0.0,,0.0,
14,,,,,,0.48473048210144043,,0.8342464566230774,,12.722426414489746,,,,,,,,,,,,3314,1.4130545854568481,,,,,,,
,,,,,,,,,,,,,,0.00039677543255106163,0.03,,,,,,,3349,,,,,,,,
15,,,,,,,0.5056610107421875,,0.8145121335983276,,10.7421875,0.00039676978485658765,0.029999999329447746,,,1.0,1.0,,,,,3349,,1.6569437980651855,,,,,,
,,,,,,,,,,,,,,0.00039648696423364826,0.03,,,,,,,3399,,,,,,,,
15,,,,,,,0.4680921733379364,,0.8281069993972778,,13.234375,0.00039648107485845685,0.029999999329447746,,,1.0,1.0,,,,,3399,,1.4948750734329224,,,,,,
,,,,,,,,,,,,,,0.0003961862537185288,0.03,,,,,,,3449,,,,,,,,
15,,,,,,,0.4879615008831024,,0.8177740573883057,,11.9140625,0.00039618011214770377,0.029999999329447746,,,1.0,1.0,,,,,3449,,1.1615006923675537,,,,,,
,,,,,,,,,,,,,,0.00039587331976068054,0.03,,,,,,,3499,,,,,,,,
15,,,,,,,0.4687749147415161,,0.8189530372619629,,12.5859375,0.00039586692582815886,0.029999999329447746,,,1.0,1.0,,,,,3499,,1.5044329166412354,,,,,,
,,,0.0625,,0.8515625,,,,,,,,,,,1.0,1.0,,,,,1380,,,,0.0,,0.0,,0.0
,,,0.0872395858168602,,0.9375,,,,,,,,,,,1.0,1.0,,,,,1381,,,,0.0,,0.0,,0.0
,,,0.11123335361480713,,0.936927080154419,,,,,,,,,,,1.0,1.0,,,,,1382,,,,0.0,,0.0,,0.0
,,,0.0915178582072258,,0.9609375,,,,,,,,,,,1.0,1.0,,,,,1383,,,,0.0,,0.0,,0.0
,,,0.0963541641831398,,0.96875,,,,,,,,,,,1.0,1.0,,,,,1384,,,,0.0,,0.0,,0.0
,,,0.11467236280441284,,0.9711538553237915,,,,,,,,,,,1.0,1.0,,,,,1385,,,,0.0,,0.0,,0.0
,,,0.0677083358168602,,1.0,,,,,,,,,,,1.0,1.0,,,,,1386,,,,0.0,,0.0,,0.0
,,,0.0963541641831398,,1.0,,,,,,,,,,,1.0,1.0,,,,,1387,,,,0.0,,0.0,,0.0
,,,0.12054507434368134,,0.9952830076217651,,,,,,,,,,,1.0,1.0,,,,,1388,,,,0.0,,0.0,,0.0
,,,0.0633680522441864,,0.953125,,,,,,,,,,,1.0,1.0,,,,,1389,,,,0.0,,0.0,,0.0
,,,0.0615234375,,0.9609375,,,,,,,,,,,1.0,1.0,,,,,1390,,,,0.0,,0.0,,0.0
,,,0.0642361119389534,,0.9453125,,,,,,,,,,,1.0,1.0,,,,,1391,,,,0.0,,0.0,,0.0
,,,0.1913333386182785,,0.8213333487510681,,,,,,,,,,,1.0,1.0,,,,,1392,,,,0.0,,0.0,,0.0
,,,0.1015625,,0.9921875,,,,,,,,,,,1.0,1.0,,,,,1393,,,,0.0,,0.0,,0.0
,,,0.0911458358168602,,0.984375,,,,,,,,,,,1.0,1.0,,,,,1394,,,,0.0,,0.0,,0.0
,,,0.1639174222946167,,0.9789916276931763,,,,,,,,,,,1.0,1.0,,,,,1395,,,,0.0,,0.0,,0.0
,,,0.1026785746216774,,0.953125,,,,,,,,,,,1.0,1.0,,,,,1396,,,,0.0,,0.0,,0.0
,,,0.08203125,,0.9296875,,,,,,,,,,,1.0,1.0,,,,,1397,,,,0.0,,0.0,,0.0
,,,0.23005566000938416,,0.9431818127632141,,,,,,,,,,,1.0,1.0,,,,,1398,,,,0.0,,0.0,,0.0
,,,0.1261160671710968,,1.0,,,,,,,,,,,1.0,1.0,,,,,1399,,,,0.0,,0.0,,0.0
,,,0.1261160671710968,,0.9921875,,,,,,,,,,,1.0,1.0,,,,,1400,,,,0.0,,0.0,,0.0
,,,0.1493648886680603,,0.9726027250289917,,,,,,,,,,,1.0,1.0,,,,,1401,,,,0.0,,0.0,,0.0
,,,0.0625,,0.90625,,,,,,,,,,,1.0,1.0,,,,,1402,,,,0.0,,0.0,,0.0
,,,0.0659722238779068,,0.921875,,,,,,,,,,,1.0,1.0,,,,,1403,,,,0.0,,0.0,,0.0
,,,0.12255062162876129,,0.9125615358352661,,,,,,,,,,,1.0,1.0,,,,,1404,,,,0.0,,0.0,,0.0
,,,0.0770089253783226,,0.90625,,,,,,,,,,,1.0,1.0,,,,,1405,,,,0.0,,0.0,,0.0
,,,0.0792410746216774,,0.90625,,,,,,,,,,,1.0,1.0,,,,,1406,,,,0.0,,0.0,,0.0
,,,0.19241689145565033,,0.9344654083251953,,,,,,,,,,,1.0,1.0,,,,,1407,,,,0.0,,0.0,,0.0
,,,0.16249999403953552,,1.0,,,,,,,,,,,1.0,1.0,,,,,1408,,,,0.0,,0.0,,0.0
,,,0.1116071417927742,,0.953125,,,,,,,,,,,1.0,1.0,,,,,1409,,,,0.0,,0.0,,0.0
,,,0.21869584918022156,,0.9417237043380737,,,,,,,,,,,1.0,1.0,,,,,1410,,,,0.0,,0.0,,0.0
,,,0.0669642835855484,,0.859375,,,,,,,,,,,1.0,1.0,,,,,1411,,,,0.0,,0.0,,0.0
,,,0.0529513880610466,,0.9453125,,,,,,,,,,,1.0,1.0,,,,,1412,,,,0.0,,0.0,,0.0
,,,0.11455938965082169,,0.9354679584503174,,,,,,,,,,,1.0,1.0,,,,,1413,,,,0.0,,0.0,,0.0
,,,0.0771484375,,0.953125,,,,,,,,,,,1.0,1.0,,,,,1414,,,,0.0,,0.0,,0.0
,,,0.11406250298023224,,0.953125,,,,,,,,,,,1.0,1.0,,,,,1415,,,,0.0,,0.0,,0.0
,,,0.14298385381698608,,0.9754098653793335,,,,,,,,,,,1.0,1.0,,,,,1416,,,,0.0,,0.0,,0.0
,,,0.0771484375,,1.0,,,,,,,,,,,1.0,1.0,,,,,1417,,,,0.0,,0.0,,0.0
,,,0.0732421875,,1.0,,,,,,,,,,,1.0,1.0,,,,,1418,,,,0.0,,0.0,,0.0
,,,0.1340116709470749,,0.9689865708351135,,,,,,,,,,,1.0,1.0,,,,,1419,,,,0.0,,0.0,,0.0
,,,0.09765625,,0.96875,,,,,,,,,,,1.0,1.0,,,,,1420,,,,0.0,,0.0,,0.0
,,,0.0673828125,,0.96875,,,,,,,,,,,1.0,1.0,,,,,1421,,,,0.0,,0.0,,0.0
,,,0.16287878155708313,,0.9534090757369995,,,,,,,,,,,1.0,1.0,,,,,1422,,,,0.0,,0.0,,0.0
,,,0.10546875,,0.984375,,,,,,,,,,,1.0,1.0,,,,,1423,,,,0.0,,0.0,,0.0
,,,0.10546875,,0.9921875,,,,,,,,,,,1.0,1.0,,,,,1424,,,,0.0,,0.0,,0.0
,,,0.15755805373191833,,0.97465580701828,,,,,,,,,,,1.0,1.0,,,,,1425,,,,0.0,,0.0,,0.0
,,,0.1037946417927742,,0.953125,,,,,,,,,,,1.0,1.0,,,,,1426,,,,0.0,,0.0,,0.0
,,,0.1004464253783226,,0.953125,,,,,,,,,,,1.0,1.0,,,,,1427,,,,0.0,,0.0,,0.0
,,,0.0859375,,0.8984375,,,,,,,,,,,1.0,1.0,,,,,1428,,,,0.0,,0.0,,0.0
,,,0.12485939264297485,,1.0,,,,,,,,,,,1.0,1.0,,,,,1429,,,,0.0,,0.0,,0.0
,,,0.1471354216337204,,1.0,,,,,,,,,,,1.0,1.0,,,,,1430,,,,0.0,,0.0,,0.0
,,,0.1458333283662796,,0.9921875,,,,,,,,,,,1.0,1.0,,,,,1431,,,,0.0,,0.0,,0.0
,,,0.13275861740112305,,0.9655172824859619,,,,,,,,,,,1.0,1.0,,,,,1432,,,,0.0,,0.0,,0.0
,,,0.0581597238779068,,0.8828125,,,,,,,,,,,1.0,1.0,,,,,1433,,,,0.0,,0.0,,0.0
,,,0.0677083358168602,,0.9375,,,,,,,,,,,1.0,1.0,,,,,1434,,,,0.0,,0.0,,0.0
,,,0.13875138759613037,,0.9085074663162231,,,,,,,,,,,1.0,1.0,,,,,1435,,,,0.0,,0.0,,0.0
,,,0.0924479141831398,,0.9453125,,,,,,,,,,,1.0,1.0,,,,,1436,,,,0.0,,0.0,,0.0
,,,0.0825892835855484,,0.875,,,,,,,,,,,1.0,1.0,,,,,1437,,,,0.0,,0.0,,0.0
,,,0.1692708432674408,,0.9427083730697632,,,,,,,,,,,1.0,1.0,,,,,1438,,,,0.0,,0.0,,0.0
,,,0.1393229216337204,,0.96875,,,,,,,,,,,1.0,1.0,,,,,1439,,,,0.0,,0.0,,0.0
,,,0.1341145783662796,,0.9921875,,,,,,,,,,,1.0,1.0,,,,,1440,,,,0.0,,0.0,,0.0
,,,0.2263750433921814,,0.9418604373931885,,,,,,,,,,,1.0,1.0,,,,,1441,,,,0.0,,0.0,,0.0
,,,0.0595703125,,0.890625,,,,,,,,,,,1.0,1.0,,,,,1442,,,,0.0,,0.0,,0.0
,,,0.0595703125,,0.9140625,,,,,,,,,,,1.0,1.0,,,,,1443,,,,0.0,,0.0,,0.0
,,,0.13023598492145538,,0.9445427656173706,,,,,,,,,,,1.0,1.0,,,,,1444,,,,0.0,,0.0,,0.0
,,,0.0892857164144516,,0.9609375,,,,,,,,,,,1.0,1.0,,,,,1445,,,,0.0,,0.0,,0.0
,,,0.0848214253783226,,0.9375,,,,,,,,,,,1.0,1.0,,,,,1446,,,,0.0,,0.0,,0.0
,,,0.14444445073604584,,0.9722222089767456,,,,,,,,,,,1.0,1.0,,,,,1447,,,,0.0,,0.0,,0.0
,,,0.0989583358168602,,1.0,,,,,,,,,,,1.0,1.0,,,,,1448,,,,0.0,,0.0,,0.0
,,,0.0677083358168602,,0.9921875,,,,,,,,,,,1.0,1.0,,,,,1449,,,,0.0,,0.0,,0.0
,,,0.16550925374031067,,0.9768518209457397,,,,,,,,,,,1.0,1.0,,,,,1450,,,,0.0,,0.0,,0.0
,,,0.0747767835855484,,0.9765625,,,,,,,,,,,1.0,1.0,,,,,1451,,,,0.0,,0.0,,0.0
,,,0.0642361119389534,,0.9609375,,,,,,,,,,,1.0,1.0,,,,,1452,,,,0.0,,0.0,,0.0
,,,0.17914992570877075,,0.9374833106994629,,,,,,,,,,,1.0,1.0,,,,,1453,,,,0.0,,0.0,,0.0
,,,0.1238839253783226,,1.0,,,,,,,,,,,1.0,1.0,,,,,1454,,,,0.0,,0.0,,0.0
,,,0.0946180522441864,,0.984375,,,,,,,,,,,1.0,1.0,,,,,1455,,,,0.0,,0.0,,0.0
,,,0.14334097504615784,,0.9707155227661133,,,,,,,,,,,1.0,1.0,,,,,1456,,,,0.0,,0.0,,0.0
,,,0.1004464253783226,,0.9453125,,,,,,,,,,,1.0,1.0,,,,,1457,,,,0.0,,0.0,,0.0
,,,0.08984375,,0.953125,,,,,,,,,,,1.0,1.0,,,,,1458,,,,0.0,,0.0,,0.0
,,,0.20037375390529633,,0.9418604373931885,,,,,,,,,,,1.0,1.0,,,,,1459,,,,0.0,,0.0,,0.0
,,,0.1216517835855484,,1.0,,,,,,,,,,,1.0,1.0,,,,,1460,,,,0.0,,0.0,,0.0
,,,0.1458333283662796,,1.0,,,,,,,,,,,1.0,1.0,,,,,1461,,,,0.0,,0.0,,0.0
,,,0.2145945131778717,,0.9787163138389587,,,,,,,,,,,1.0,1.0,,,,,1462,,,,0.0,,0.0,,0.0
,,,0.0572916679084301,,0.90625,,,,,,,,,,,1.0,1.0,,,,,1463,,,,0.0,,0.0,,0.0
,,,0.0607638880610466,,0.890625,,,,,,,,,,,1.0,1.0,,,,,1464,,,,0.0,,0.0,,0.0
,,,0.1458333432674408,,0.90625,,,,,,,,,,,1.0,1.0,,,,,1465,,,,0.0,,0.0,,0.0
,,,0.0725446417927742,,0.890625,,,,,,,,,,,1.0,1.0,,,,,1466,,,,0.0,,0.0,,0.0
,,,0.072265625,,0.9296875,,,,,,,,,,,1.0,1.0,,,,,1467,,,,0.0,,0.0,,0.0
,,,0.20357421040534973,,0.9032634496688843,,,,,,,,,,,1.0,1.0,,,,,1468,,,,0.0,,0.0,,0.0
,,,0.1341145783662796,,0.9921875,,,,,,,,,,,1.0,1.0,,,,,1469,,,,0.0,,0.0,,0.0
,,,0.1005859375,,0.96875,,,,,,,,,,,1.0,1.0,,,,,1470,,,,0.0,,0.0,,0.0
,,,0.14041994512081146,,0.9921259880065918,,,,,,,,,,,1.0,1.0,,,,,1471,,,,0.0,,0.0,,0.0
15,0.666337788105011,0.657382607460022,,0.9533126354217529,,,,,,,,,,,,,,127.75080108642578,88279.7890625,4.850081443786621,449.1710205078125,3535,,,0.0,,0.0,,0.0,
15,,,,,,0.4770801365375519,,0.8175786733627319,,12.334877014160156,,,,,,,,,,,,3535,1.4198615550994873,,,,,,,
,,,,,,,,,,,,,,0.0003955481818774437,0.03,,,,,,,3549,,,,,,,,
16,,,,,,,0.4547730088233948,,0.8023674488067627,,12.9453125,0.00039554154500365257,0.029999999329447746,,,1.0,1.0,,,,,3549,,1.0885329246520996,,,,,,
,,,,,,,,,,,,,,0.00039521086034730306,0.03,,,,,,,3599,,,,,,,,
16,,,,,,,0.47779232263565063,,0.8373189568519592,,12.9375,0.0003952039987780154,0.029999999329447746,,,1.0,1.0,,,,,3599,,1.2034430503845215,,,,,,
,,,,,,,,,,,,,,0.00039486137620862354,0.03,,,,,,,3649,,,,,,,,
16,,,,,,,0.47639814019203186,,0.8259842991828918,,12.7890625,0.0003948542580474168,0.029999999329447746,,,1.0,1.0,,,,,3649,,1.2330749034881592,,,,,,
,,,,,,,,,,,,,,0.0003944997512583391,0.03,,,,,,,3699,,,,,,,,
16,,,,,,,0.4670870304107666,,0.8052859306335449,,12.390625,0.0003944923810195178,0.029999999329447746,,,1.0,1.0,,,,,3699,,1.1509606838226318,,,,,,
,,,,,,,,,,,,,,0.0003941260080505921,0.03,,,,,,,3749,,,,,,,,
16,,,,,,,0.4824526309967041,,0.8073294162750244,,11.7421875,0.00039411839679814875,0.029999999329447746,,,1.0,1.0,,,,,3749,,1.4593110084533691,,,,,,
,,,0.0966796875,,0.9765625,,,,,,,,,,,1.0,1.0,,,,,1472,,,,0.0,,0.0,,0.0
,,,0.0876736119389534,,0.984375,,,,,,,,,,,1.0,1.0,,,,,1473,,,,0.0,,0.0,,0.0
,,,0.17112822830677032,,0.9666299819946289,,,,,,,,,,,1.0,1.0,,,,,1474,,,,0.0,,0.0,,0.0
,,,0.1116071417927742,,0.9609375,,,,,,,,,,,1.0,1.0,,,,,1475,,,,0.0,,0.0,,0.0
,,,0.0849609375,,0.953125,,,,,,,,,,,1.0,1.0,,,,,1476,,,,0.0,,0.0,,0.0
,,,0.1417378932237625,,0.9455127716064453,,,,,,,,,,,1.0,1.0,,,,,1477,,,,0.0,,0.0,,0.0
,,,0.0546875,,0.9609375,,,,,,,,,,,1.0,1.0,,,,,1478,,,,0.0,,0.0,,0.0
,,,0.0590277761220932,,0.9765625,,,,,,,,,,,1.0,1.0,,,,,1479,,,,0.0,,0.0,,0.0
,,,0.12384219467639923,,0.9905660152435303,,,,,,,,,,,1.0,1.0,,,,,1480,,,,0.0,,0.0,,0.0
,,,0.0720486119389534,,0.9453125,,,,,,,,,,,1.0,1.0,,,,,1481,,,,0.0,,0.0,,0.0
,,,0.0993303582072258,,0.9453125,,,,,,,,,,,1.0,1.0,,,,,1482,,,,0.0,,0.0,,0.0
,,,0.0737847238779068,,0.9609375,,,,,,,,,,,1.0,1.0,,,,,1483,,,,0.0,,0.0,,0.0
,,,0.22895237803459167,,0.8213333487510681,,,,,,,,,,,1.0,1.0,,,,,1484,,,,0.0,,0.0,,0.0
,,,0.1283482164144516,,0.9921875,,,,,,,,,,,1.0,1.0,,,,,1485,,,,0.0,,0.0,,0.0
,,,0.11328125,,0.9921875,,,,,,,,,,,1.0,1.0,,,,,1486,,,,0.0,,0.0,,0.0
,,,0.18697479367256165,,0.9831932783126831,,,,,,,,,,,1.0,1.0,,,,,1487,,,,0.0,,0.0,,0.0
,,,0.0703125,,0.9453125,,,,,,,,,,,1.0,1.0,,,,,1488,,,,0.0,,0.0,,0.0
,,,0.0634765625,,0.9609375,,,,,,,,,,,1.0,1.0,,,,,1489,,,,0.0,,0.0,,0.0
,,,0.13538959622383118,,0.948051929473877,,,,,,,,,,,1.0,1.0,,,,,1490,,,,0.0,,0.0,,0.0
,,,0.0772569477558136,,0.9609375,,,,,,,,,,,1.0,1.0,,,,,1491,,,,0.0,,0.0,,0.0
,,,0.06640625,,0.9375,,,,,,,,,,,1.0,1.0,,,,,1492,,,,0.0,,0.0,,0.0
,,,0.16604399681091309,,0.9590286016464233,,,,,,,,,,,1.0,1.0,,,,,1493,,,,0.0,,0.0,,0.0
,,,0.0763888880610466,,0.96875,,,,,,,,,,,1.0,1.0,,,,,1494,,,,0.0,,0.0,,0.0
,,,0.0824652761220932,,0.953125,,,,,,,,,,,1.0,1.0,,,,,1495,,,,0.0,,0.0,,0.0
,,,0.17575260996818542,,0.9741379022598267,,,,,,,,,,,1.0,1.0,,,,,1496,,,,0.0,,0.0,,0.0
,,,0.1238839253783226,,1.0,,,,,,,,,,,1.0,1.0,,,,,1497,,,,0.0,,0.0,,0.0
,,,0.1064453125,,0.9765625,,,,,,,,,,,1.0,1.0,,,,,1498,,,,0.0,,0.0,,0.0
,,,0.12872955203056335,,0.9178616404533386,,,,,,,,,,,1.0,1.0,,,,,1499,,,,0.0,,0.0,,0.0
,,,0.05703125149011612,,0.8671875,,,,,,,,,,,1.0,1.0,,,,,1500,,,,0.0,,0.0,,0.0
,,,0.04374999925494194,,0.8359375,,,,,,,,,,,1.0,1.0,,,,,1501,,,,0.0,,0.0,,0.0
,,,0.15576836466789246,,0.92366623878479,,,,,,,,,,,1.0,1.0,,,,,1502,,,,0.0,,0.0,,0.0
,,,0.0927734375,,0.984375,,,,,,,,,,,1.0,1.0,,,,,1503,,,,0.0,,0.0,,0.0
,,,0.0894097238779068,,0.9765625,,,,,,,,,,,1.0,1.0,,,,,1504,,,,0.0,,0.0,,0.0
,,,0.15157634019851685,,0.9541871547698975,,,,,,,,,,,1.0,1.0,,,,,1505,,,,0.0,,0.0,,0.0
,,,0.1060267835855484,,0.9609375,,,,,,,,,,,1.0,1.0,,,,,1506,,,,0.0,,0.0,,0.0
,,,0.1004464253783226,,0.953125,,,,,,,,,,,1.0,1.0,,,,,1507,,,,0.0,,0.0,,0.0
,,,0.11348176747560501,,0.9522877931594849,,,,,,,,,,,1.0,1.0,,,,,1508,,,,0.0,,0.0,,0.0
,,,0.05546874925494194,,0.9765625,,,,,,,,,,,1.0,1.0,,,,,1509,,,,0.0,,0.0,,0.0
,,,0.0633680522441864,,0.96875,,,,,,,,,,,1.0,1.0,,,,,1510,,,,0.0,,0.0,,0.0
,,,0.11873016506433487,,0.9612942934036255,,,,,,,,,,,1.0,1.0,,,,,1511,,,,0.0,,0.0,,0.0
,,,0.1004464253783226,,0.9453125,,,,,,,,,,,1.0,1.0,,,,,1512,,,,0.0,,0.0,,0.0
,,,0.0810546875,,0.953125,,,,,,,,,,,1.0,1.0,,,,,1513,,,,0.0,,0.0,,0.0
,,,0.20681817829608917,,0.9704545736312866,,,,,,,,,,,1.0,1.0,,,,,1514,,,,0.0,,0.0,,0.0
,,,0.1305803507566452,,0.984375,,,,,,,,,,,1.0,1.0,,,,,1515,,,,0.0,,0.0,,0.0
,,,0.18437500298023224,,0.9921875,,,,,,,,,,,1.0,1.0,,,,,1516,,,,0.0,,0.0,,0.0
,,,0.1792083978652954,,0.9652690887451172,,,,,,,,,,,1.0,1.0,,,,,1517,,,,0.0,,0.0,,0.0
,,,0.0564236119389534,,0.9609375,,,,,,,,,,,1.0,1.0,,,,,1518,,,,0.0,,0.0,,0.0
,,,0.0714285746216774,,0.9609375,,,,,,,,,,,1.0,1.0,,,,,1519,,,,0.0,,0.0,,0.0
,,,0.06640625,,0.953125,,,,,,,,,,,1.0,1.0,,,,,1520,,,,0.0,,0.0,,0.0
,,,0.07716535031795502,,0.9803149700164795,,,,,,,,,,,1.0,1.0,,,,,1521,,,,0.0,,0.0,,0.0
,,,0.0746527761220932,,0.9375,,,,,,,,,,,1.0,1.0,,,,,1522,,,,0.0,,0.0,,0.0
,,,0.06484375149011612,,0.921875,,,,,,,,,,,1.0,1.0,,,,,1523,,,,0.0,,0.0,,0.0
,,,0.12155172228813171,,0.982758641242981,,,,,,,,,,,1.0,1.0,,,,,1524,,,,0.0,,0.0,,0.0
,,,0.0789930522441864,,0.9609375,,,,,,,,,,,1.0,1.0,,,,,1525,,,,0.0,,0.0,,0.0
,,,0.0824652761220932,,0.9765625,,,,,,,,,,,1.0,1.0,,,,,1526,,,,0.0,,0.0,,0.0
,,,0.19655299186706543,,0.985148549079895,,,,,,,,,,,1.0,1.0,,,,,1527,,,,0.0,,0.0,,0.0
,,,0.1261160671710968,,0.9921875,,,,,,,,,,,1.0,1.0,,,,,1528,,,,0.0,,0.0,,0.0
,,,0.0928819477558136,,0.984375,,,,,,,,,,,1.0,1.0,,,,,1529,,,,0.0,,0.0,,0.0
,,,0.13333334028720856,,0.9166666269302368,,,,,,,,,,,1.0,1.0,,,,,1530,,,,0.0,,0.0,,0.0
,,,0.05390625074505806,,0.8515625,,,,,,,,,,,1.0,1.0,,,,,1531,,,,0.0,,0.0,,0.0
,,,0.05234374850988388,,0.8671875,,,,,,,,,,,1.0,1.0,,,,,1532,,,,0.0,,0.0,,0.0
,,,0.15140888094902039,,0.9169435501098633,,,,,,,,,,,1.0,1.0,,,,,1533,,,,0.0,,0.0,,0.0
,,,0.0966796875,,0.9765625,,,,,,,,,,,1.0,1.0,,,,,1534,,,,0.0,,0.0,,0.0
,,,0.1025390625,,0.9765625,,,,,,,,,,,1.0,1.0,,,,,1535,,,,0.0,,0.0,,0.0
,,,0.13345132768154144,,0.9734513163566589,,,,,,,,,,,1.0,1.0,,,,,1536,,,,0.0,,0.0,,0.0
,,,0.0927734375,,0.96875,,,,,,,,,,,1.0,1.0,,,,,1537,,,,0.0,,0.0,,0.0
,,,0.0888671875,,0.9375,,,,,,,,,,,1.0,1.0,,,,,1538,,,,0.0,,0.0,,0.0
,,,0.10656565427780151,,0.9585858583450317,,,,,,,,,,,1.0,1.0,,,,,1539,,,,0.0,,0.0,,0.0
,,,0.072265625,,0.9765625,,,,,,,,,,,1.0,1.0,,,,,1540,,,,0.0,,0.0,,0.0
,,,0.05624999850988388,,0.96875,,,,,,,,,,,1.0,1.0,,,,,1541,,,,0.0,,0.0,,0.0
,,,0.11981481313705444,,0.9768518209457397,,,,,,,,,,,1.0,1.0,,,,,1542,,,,0.0,,0.0,,0.0
,,,0.0869140625,,0.953125,,,,,,,,,,,1.0,1.0,,,,,1543,,,,0.0,,0.0,,0.0
,,,0.0948660746216774,,0.9453125,,,,,,,,,,,1.0,1.0,,,,,1544,,,,0.0,,0.0,,0.0
,,,0.1798304319381714,,0.9597054719924927,,,,,,,,,,,1.0,1.0,,,,,1545,,,,0.0,,0.0,,0.0
,,,0.1305803507566452,,1.0,,,,,,,,,,,1.0,1.0,,,,,1546,,,,0.0,,0.0,,0.0
,,,0.1316964328289032,,0.9921875,,,,,,,,,,,1.0,1.0,,,,,1547,,,,0.0,,0.0,,0.0
,,,0.1965513527393341,,0.983702540397644,,,,,,,,,,,1.0,1.0,,,,,1548,,,,0.0,,0.0,,0.0
,,,0.0572916679084301,,0.953125,,,,,,,,,,,1.0,1.0,,,,,1549,,,,0.0,,0.0,,0.0
,,,0.0703125,,0.9609375,,,,,,,,,,,1.0,1.0,,,,,1550,,,,0.0,,0.0,,0.0
,,,0.1546081006526947,,0.9590254426002502,,,,,,,,,,,1.0,1.0,,,,,1551,,,,0.0,,0.0,,0.0
,,,0.0763888880610466,,0.9609375,,,,,,,,,,,1.0,1.0,,,,,1552,,,,0.0,,0.0,,0.0
,,,0.06562499701976776,,0.9140625,,,,,,,,,,,1.0,1.0,,,,,1553,,,,0.0,,0.0,,0.0
,,,0.15088126063346863,,0.9587628841400146,,,,,,,,,,,1.0,1.0,,,,,1554,,,,0.0,,0.0,,0.0
,,,0.06796874850988388,,0.96875,,,,,,,,,,,1.0,1.0,,,,,1555,,,,0.0,,0.0,,0.0
,,,0.078125,,0.9375,,,,,,,,,,,1.0,1.0,,,,,1556,,,,0.0,,0.0,,0.0
,,,0.1835317462682724,,1.0,,,,,,,,,,,1.0,1.0,,,,,1557,,,,0.0,,0.0,,0.0
,,,0.1205357164144516,,0.9765625,,,,,,,,,,,1.0,1.0,,,,,1558,,,,0.0,,0.0,,0.0
,,,0.1227678582072258,,0.984375,,,,,,,,,,,1.0,1.0,,,,,1559,,,,0.0,,0.0,,0.0
,,,0.13537080585956573,,0.809634804725647,,,,,,,,,,,1.0,1.0,,,,,1560,,,,0.0,,0.0,,0.0
,,,0.0581597238779068,,0.8671875,,,,,,,,,,,1.0,1.0,,,,,1561,,,,0.0,,0.0,,0.0
,,,0.05156249925494194,,0.8359375,,,,,,,,,,,1.0,1.0,,,,,1562,,,,0.0,,0.0,,0.0
,,,0.06474190950393677,,0.8897637724876404,,,,,,,,,,,1.0,1.0,,,,,1563,,,,0.0,,0.0,,0.0
16,0.685608983039856,0.6944156885147095,,0.9550303220748901,,,,,,,,,,,,,,128.89700317382812,85985.546875,4.859013557434082,436.7208557128906,3756,,,0.0,,0.0,,0.0,
16,,,,,,0.47264552116394043,,0.8084863424301147,,12.124399185180664,,,,,,,,,,,,3756,1.3420906066894531,,,,,,,
,,,,,,,,,,,,,,0.00039374016989532693,0.03,,,,,,,3799,,,,,,,,
17,,,,,,,0.47852563858032227,,0.7999143600463867,,11.5625,0.0003937323344871402,0.029999999329447746,,,1.0,1.0,,,,,3799,,1.3150975704193115,,,,,,
,,,,,,,,,,,,,,0.00039334226085683643,0.03,,,,,,,3849,,,,,,,,
17,,,,,,,0.45018067955970764,,0.8352543115615845,,14.5703125,0.00039333419408649206,0.029999999329447746,,,1.0,1.0,,,,,3849,,1.4825798273086548,,,,,,
,,,,,,,,,,,,,,0.00039293230575226094,0.03,,,,,,,3899,,,,,,,,
17,,,,,,,0.4536495804786682,,0.7868795990943909,,11.9453125,0.0003929239755962044,0.029999999329447746,,,1.0,1.0,,,,,3899,,1.5180833339691162,,,,,,
,,,,,,,,,,,,,,0.0003925103301500401,0.03,,,,,,,3949,,,,,,,,
17,,,,,,,0.4678694009780884,,0.7936126589775085,,11.7265625,0.00039250176632776856,0.029999999329447746,,,1.0,1.0,,,,,3949,,1.1511298418045044,,,,,,
,,,0.04374999925494194,,0.7890625,,,,,,,,,,,1.0,1.0,,,,,1564,,,,0.0,,0.0,,0.0
,,,0.0625,,0.8828125,,,,,,,,,,,1.0,1.0,,,,,1565,,,,0.0,,0.0,,0.0
,,,0.1720755398273468,,0.9455445408821106,,,,,,,,,,,1.0,1.0,,,,,1566,,,,0.0,,0.0,,0.0
,,,0.1142578125,,1.0,,,,,,,,,,,1.0,1.0,,,,,1567,,,,0.0,,0.0,,0.0
,,,0.18437500298023224,,0.9921875,,,,,,,,,,,1.0,1.0,,,,,1568,,,,0.0,,0.0,,0.0
,,,0.1477920264005661,,0.9743589758872986,,,,,,,,,,,1.0,1.0,,,,,1569,,,,0.0,,0.0,,0.0
,,,0.060546875,,0.984375,,,,,,,,,,,1.0,1.0,,,,,1570,,,,0.0,,0.0,,0.0
,,,0.0633680522441864,,0.9765625,,,,,,,,,,,1.0,1.0,,,,,1571,,,,0.0,,0.0,,0.0
,,,0.11818182468414307,,0.963121771812439,,,,,,,,,,,1.0,1.0,,,,,1572,,,,0.0,,0.0,,0.0
,,,0.0815972238779068,,0.9609375,,,,,,,,,,,1.0,1.0,,,,,1573,,,,0.0,,0.0,,0.0
,,,0.0763888880610466,,0.984375,,,,,,,,,,,1.0,1.0,,,,,1574,,,,0.0,,0.0,,0.0
,,,0.09375,,0.984375,,,,,,,,,,,1.0,1.0,,,,,1575,,,,0.0,,0.0,,0.0
,,,0.1863333284854889,,0.9880000352859497,,,,,,,,,,,1.0,1.0,,,,,1576,,,,0.0,,0.0,,0.0
,,,0.1015625,,0.9921875,,,,,,,,,,,1.0,1.0,,,,,1577,,,,0.0,,0.0,,0.0
,,,0.099609375,,0.9765625,,,,,,,,,,,1.0,1.0,,,,,1578,,,,0.0,,0.0,,0.0
,,,0.17719680070877075,,0.9873949289321899,,,,,,,,,,,1.0,1.0,,,,,1579,,,,0.0,,0.0,,0.0
,,,0.0993303582072258,,0.984375,,,,,,,,,,,1.0,1.0,,,,,1580,,,,0.0,,0.0,,0.0
,,,0.0694444477558136,,0.9921875,,,,,,,,,,,1.0,1.0,,,,,1581,,,,0.0,,0.0,,0.0
,,,0.1322510838508606,,0.923160195350647,,,,,,,,,,,1.0,1.0,,,,,1582,,,,0.0,,0.0,,0.0
,,,0.0651041641831398,,0.8515625,,,,,,,,,,,1.0,1.0,,,,,1583,,,,0.0,,0.0,,0.0
,,,0.0616319440305233,,0.84375,,,,,,,,,,,1.0,1.0,,,,,1584,,,,0.0,,0.0,,0.0
,,,0.11940224468708038,,0.890784502029419,,,,,,,,,,,1.0,1.0,,,,,1585,,,,0.0,,0.0,,0.0
,,,0.0711805522441864,,0.921875,,,,,,,,,,,1.0,1.0,,,,,1586,,,,0.0,,0.0,,0.0
,,,0.0694444477558136,,0.921875,,,,,,,,,,,1.0,1.0,,,,,1587,,,,0.0,,0.0,,0.0
,,,0.15955117344856262,,0.9399014711380005,,,,,,,,,,,1.0,1.0,,,,,1588,,,,0.0,,0.0,,0.0
,,,0.171875,,0.96875,,,,,,,,,,,1.0,1.0,,,,,1589,,,,0.0,,0.0,,0.0
,,,0.107421875,,0.9765625,,,,,,,,,,,1.0,1.0,,,,,1590,,,,0.0,,0.0,,0.0
,,,0.2254447340965271,,0.9838993549346924,,,,,,,,,,,1.0,1.0,,,,,1591,,,,0.0,,0.0,,0.0
,,,0.1238839253783226,,0.9921875,,,,,,,,,,,1.0,1.0,,,,,1592,,,,0.0,,0.0,,0.0
,,,0.095703125,,0.9765625,,,,,,,,,,,1.0,1.0,,,,,1593,,,,0.0,,0.0,,0.0
,,,0.13540051877498627,,0.9127222895622253,,,,,,,,,,,1.0,1.0,,,,,1594,,,,0.0,,0.0,,0.0
,,,0.0538194440305233,,0.8125,,,,,,,,,,,1.0,1.0,,,,,1595,,,,0.0,,0.0,,0.0
,,,0.0747767835855484,,0.8515625,,,,,,,,,,,1.0,1.0,,,,,1596,,,,0.0,,0.0,,0.0
,,,0.17321428656578064,,0.9741379022598267,,,,,,,,,,,1.0,1.0,,,,,1597,,,,0.0,,0.0,,0.0
,,,0.1510416716337204,,1.0,,,,,,,,,,,1.0,1.0,,,,,1598,,,,0.0,,0.0,,0.0
,,,0.15234375,,0.9921875,,,,,,,,,,,1.0,1.0,,,,,1599,,,,0.0,,0.0,,0.0
,,,0.13330072164535522,,0.9768779277801514,,,,,,,,,,,1.0,1.0,,,,,1600,,,,0.0,,0.0,,0.0
,,,0.0564236119389534,,0.9765625,,,,,,,,,,,1.0,1.0,,,,,1601,,,,0.0,,0.0,,0.0
,,,0.0546875,,0.9765625,,,,,,,,,,,1.0,1.0,,,,,1602,,,,0.0,,0.0,,0.0
,,,0.12175824493169785,,0.9533577561378479,,,,,,,,,,,1.0,1.0,,,,,1603,,,,0.0,,0.0,,0.0
,,,0.1060267835855484,,0.9765625,,,,,,,,,,,1.0,1.0,,,,,1604,,,,0.0,,0.0,,0.0
,,,0.078125,,0.9765625,,,,,,,,,,,1.0,1.0,,,,,1605,,,,0.0,,0.0,,0.0
,,,0.20454545319080353,,0.987500011920929,,,,,,,,,,,1.0,1.0,,,,,1606,,,,0.0,,0.0,,0.0
,,,0.1025390625,,0.984375,,,,,,,,,,,1.0,1.0,,,,,1607,,,,0.0,,0.0,,0.0
,,,0.1015625,,0.9921875,,,,,,,,,,,1.0,1.0,,,,,1608,,,,0.0,,0.0,,0.0
,,,0.18828222155570984,,0.9546307921409607,,,,,,,,,,,1.0,1.0,,,,,1609,,,,0.0,,0.0,,0.0
,,,0.0815972238779068,,0.984375,,,,,,,,,,,1.0,1.0,,,,,1610,,,,0.0,,0.0,,0.0
,,,0.0711805522441864,,0.9921875,,,,,,,,,,,1.0,1.0,,,,,1611,,,,0.0,,0.0,,0.0
,,,0.078125,,0.984375,,,,,,,,,,,1.0,1.0,,,,,1612,,,,0.0,,0.0,,0.0
,,,0.058617670089006424,,0.9173228740692139,,,,,,,,,,,1.0,1.0,,,,,1613,,,,0.0,,0.0,,0.0
,,,0.078125,,0.8046875,,,,,,,,,,,1.0,1.0,,,,,1614,,,,0.0,,0.0,,0.0
,,,0.064453125,,0.8046875,,,,,,,,,,,1.0,1.0,,,,,1615,,,,0.0,,0.0,,0.0
,,,0.09885057806968689,,0.8405172824859619,,,,,,,,,,,1.0,1.0,,,,,1616,,,,0.0,,0.0,,0.0
,,,0.0791015625,,0.9140625,,,,,,,,,,,1.0,1.0,,,,,1617,,,,0.0,,0.0,,0.0
,,,0.0830078125,,0.9296875,,,,,,,,,,,1.0,1.0,,,,,1618,,,,0.0,,0.0,,0.0
,,,0.1601678729057312,,0.9481114745140076,,,,,,,,,,,1.0,1.0,,,,,1619,,,,0.0,,0.0,,0.0
,,,0.1432291716337204,,1.0,,,,,,,,,,,1.0,1.0,,,,,1620,,,,0.0,,0.0,,0.0
,,,0.125,,0.96875,,,,,,,,,,,1.0,1.0,,,,,1621,,,,0.0,,0.0,,0.0
,,,0.19921875,,0.9895833730697632,,,,,,,,,,,1.0,1.0,,,,,1622,,,,0.0,,0.0,,0.0
,,,0.1160714253783226,,0.9765625,,,,,,,,,,,1.0,1.0,,,,,1623,,,,0.0,,0.0,,0.0
,,,0.1025390625,,0.9921875,,,,,,,,,,,1.0,1.0,,,,,1624,,,,0.0,,0.0,,0.0
,,,0.1275193691253662,,0.895348846912384,,,,,,,,,,,1.0,1.0,,,,,1625,,,,0.0,,0.0,,0.0
,,,0.0529513880610466,,0.84375,,,,,,,,,,,1.0,1.0,,,,,1626,,,,0.0,,0.0,,0.0
,,,0.0770089253783226,,0.8828125,,,,,,,,,,,1.0,1.0,,,,,1627,,,,0.0,,0.0,,0.0
,,,0.15660439431667328,,1.0,,,,,,,,,,,1.0,1.0,,,,,1628,,,,0.0,,0.0,,0.0
,,,0.15234375,,1.0,,,,,,,,,,,1.0,1.0,,,,,1629,,,,0.0,,0.0,,0.0
,,,0.1316964328289032,,0.984375,,,,,,,,,,,1.0,1.0,,,,,1630,,,,0.0,,0.0,,0.0
,,,0.14624017477035522,,0.9863636493682861,,,,,,,,,,,1.0,1.0,,,,,1631,,,,0.0,,0.0,,0.0
,,,0.0693359375,,0.9765625,,,,,,,,,,,1.0,1.0,,,,,1632,,,,0.0,,0.0,,0.0
,,,0.05000000074505806,,0.9609375,,,,,,,,,,,1.0,1.0,,,,,1633,,,,0.0,,0.0,,0.0
,,,0.1514403223991394,,0.9675925970077515,,,,,,,,,,,1.0,1.0,,,,,1634,,,,0.0,,0.0,,0.0
,,,0.1082589253783226,,0.984375,,,,,,,,,,,1.0,1.0,,,,,1635,,,,0.0,,0.0,,0.0
,,,0.0798611119389534,,0.984375,,,,,,,,,,,1.0,1.0,,,,,1636,,,,0.0,,0.0,,0.0
,,,0.20010040700435638,,0.981927752494812,,,,,,,,,,,1.0,1.0,,,,,1637,,,,0.0,,0.0,,0.0
,,,0.1015625,,1.0,,,,,,,,,,,1.0,1.0,,,,,1638,,,,0.0,,0.0,,0.0
,,,0.1227678582072258,,0.9765625,,,,,,,,,,,1.0,1.0,,,,,1639,,,,0.0,,0.0,,0.0
,,,0.16362504661083221,,0.9707155227661133,,,,,,,,,,,1.0,1.0,,,,,1640,,,,0.0,,0.0,,0.0
,,,0.0807291641831398,,0.9921875,,,,,,,,,,,1.0,1.0,,,,,1641,,,,0.0,,0.0,,0.0
,,,0.0703125,,0.9921875,,,,,,,,,,,1.0,1.0,,,,,1642,,,,0.0,,0.0,,0.0
,,,0.12801772356033325,,0.9288482666015625,,,,,,,,,,,1.0,1.0,,,,,1643,,,,0.0,,0.0,,0.0
,,,0.0616319440305233,,0.796875,,,,,,,,,,,1.0,1.0,,,,,1644,,,,0.0,,0.0,,0.0
,,,0.0732421875,,0.8203125,,,,,,,,,,,1.0,1.0,,,,,1645,,,,0.0,,0.0,,0.0
,,,0.1457340270280838,,0.8756235241889954,,,,,,,,,,,1.0,1.0,,,,,1646,,,,0.0,,0.0,,0.0
,,,0.06093750149011612,,0.9140625,,,,,,,,,,,1.0,1.0,,,,,1647,,,,0.0,,0.0,,0.0
,,,0.0771484375,,0.9296875,,,,,,,,,,,1.0,1.0,,,,,1648,,,,0.0,,0.0,,0.0
,,,0.1785714328289032,,0.96875,,,,,,,,,,,1.0,1.0,,,,,1649,,,,0.0,,0.0,,0.0
,,,0.16093750298023224,,0.9765625,,,,,,,,,,,1.0,1.0,,,,,1650,,,,0.0,,0.0,,0.0
,,,0.1432291716337204,,0.984375,,,,,,,,,,,1.0,1.0,,,,,1651,,,,0.0,,0.0,,0.0
,,,0.15549728274345398,,0.9459984302520752,,,,,,,,,,,1.0,1.0,,,,,1652,,,,0.0,,0.0,,0.0
,,,0.1044921875,,0.9921875,,,,,,,,,,,1.0,1.0,,,,,1653,,,,0.0,,0.0,,0.0
,,,0.095703125,,0.9765625,,,,,,,,,,,1.0,1.0,,,,,1654,,,,0.0,,0.0,,0.0
,,,0.12035995721817017,,0.9921259880065918,,,,,,,,,,,1.0,1.0,,,,,1655,,,,0.0,,0.0,,0.0
17,0.6785233020782471,0.6999112367630005,,0.9475707411766052,,,,,,,,,,,,,,131.1891632080078,96993.125,4.876640319824219,428.05615234375,3977,,,0.0,,0.0,,0.0,
17,,,,,,0.46624553203582764,,0.7997798919677734,,12.046521186828613,,,,,,,,,,,,3977,1.428725004196167,,,,,,,
,,,,,,,,,,,,,,0.0003920763603683188,0.03,,,,,,,3999,,,,,,,,
18,,,,,,,0.49496448040008545,,0.8280353546142578,,11.765625,0.00039206756628118455,0.029999999329447746,,,1.0,1.0,,,,,3999,,1.3077579736709595,,,,,,
,,,,,,,,,,,,,,0.0003916304234733052,0.03,,,,,,,4049,,,,,,,,
18,,,,,,,0.4489046037197113,,0.7883681058883667,,12.59375,0.00039162137545645237,0.029999999329447746,,,1.0,1.0,,,,,4049,,1.6860277652740479,,,,,,
,,,,,,,,,,,,,,0.0003911725472775835,0.03,,,,,,,4099,,,,,,,,
18,,,,,,,0.4566109776496887,,0.7835617065429688,,11.6796875,0.0003911632811650634,0.029999999329447746,,,1.0,1.0,,,,,4099,,1.3901984691619873,,,,,,
,,,,,,,,,,,,,,0.0003907027603383777,0.03,,,,,,,4149,,,,,,,,
18,,,,,,,0.4550725519657135,,0.7732666730880737,,11.5,0.00039069325430318713,0.029999999329447746,,,1.0,1.0,,,,,4149,,1.0251034498214722,,,,,,
,,,0.0642361119389534,,0.9140625,,,,,,,,,,,1.0,1.0,,,,,1656,,,,0.0,,0.0,,0.0
,,,0.0703125,,0.9453125,,,,,,,,,,,1.0,1.0,,,,,1657,,,,0.0,,0.0,,0.0
,,,0.12951961159706116,,0.9184085130691528,,,,,,,,,,,1.0,1.0,,,,,1658,,,,0.0,,0.0,,0.0
,,,0.16093750298023224,,0.984375,,,,,,,,,,,1.0,1.0,,,,,1659,,,,0.0,,0.0,,0.0
,,,0.1149553582072258,,0.984375,,,,,,,,,,,1.0,1.0,,,,,1660,,,,0.0,,0.0,,0.0
,,,0.14647436141967773,,0.9599359035491943,,,,,,,,,,,1.0,1.0,,,,,1661,,,,0.0,,0.0,,0.0
,,,0.0546875,,0.96875,,,,,,,,,,,1.0,1.0,,,,,1662,,,,0.0,,0.0,,0.0
,,,0.06796874850988388,,0.9609375,,,,,,,,,,,1.0,1.0,,,,,1663,,,,0.0,,0.0,,0.0
,,,0.13310463726520538,,0.9858490228652954,,,,,,,,,,,1.0,1.0,,,,,1664,,,,0.0,,0.0,,0.0
,,,0.1640625,,0.9921875,,,,,,,,,,,1.0,1.0,,,,,1665,,,,0.0,,0.0,,0.0
,,,0.1194196417927742,,1.0,,,,,,,,,,,1.0,1.0,,,,,1666,,,,0.0,,0.0,,0.0
,,,0.1183035746216774,,1.0,,,,,,,,,,,1.0,1.0,,,,,1667,,,,0.0,,0.0,,0.0
,,,0.16833333671092987,,0.9839999675750732,,,,,,,,,,,1.0,1.0,,,,,1668,,,,0.0,,0.0,,0.0
,,,0.0810546875,,0.9609375,,,,,,,,,,,1.0,1.0,,,,,1669,,,,0.0,,0.0,,0.0
,,,0.0711805522441864,,0.9296875,,,,,,,,,,,1.0,1.0,,,,,1670,,,,0.0,,0.0,,0.0
,,,0.1358543485403061,,0.9108309745788574,,,,,,,,,,,1.0,1.0,,,,,1671,,,,0.0,,0.0,,0.0
,,,0.0442708320915699,,0.9296875,,,,,,,,,,,1.0,1.0,,,,,1672,,,,0.0,,0.0,,0.0
,,,0.0399305559694767,,0.921875,,,,,,,,,,,1.0,1.0,,,,,1673,,,,0.0,,0.0,,0.0
,,,0.14297738671302795,,0.9318181872367859,,,,,,,,,,,1.0,1.0,,,,,1674,,,,0.0,,0.0,,0.0
,,,0.1060267835855484,,0.9921875,,,,,,,,,,,1.0,1.0,,,,,1675,,,,0.0,,0.0,,0.0
,,,0.1116071417927742,,0.96875,,,,,,,,,,,1.0,1.0,,,,,1676,,,,0.0,,0.0,,0.0
,,,0.1726304143667221,,0.9681195020675659,,,,,,,,,,,1.0,1.0,,,,,1677,,,,0.0,,0.0,,0.0
,,,0.0947265625,,0.9921875,,,,,,,,,,,1.0,1.0,,,,,1678,,,,0.0,,0.0,,0.0
,,,0.09375,,0.96875,,,,,,,,,,,1.0,1.0,,,,,1679,,,,0.0,,0.0,,0.0
,,,0.1789272129535675,,0.9613300561904907,,,,,,,,,,,1.0,1.0,,,,,1680,,,,0.0,,0.0,,0.0
,,,0.220703125,,0.984375,,,,,,,,,,,1.0,1.0,,,,,1681,,,,0.0,,0.0,,0.0
,,,0.1305803507566452,,0.984375,,,,,,,,,,,1.0,1.0,,,,,1682,,,,0.0,,0.0,,0.0
,,,0.16327044367790222,,0.9433962106704712,,,,,,,,,,,1.0,1.0,,,,,1683,,,,0.0,,0.0,,0.0
,,,0.0651041641831398,,0.953125,,,,,,,,,,,1.0,1.0,,,,,1684,,,,0.0,,0.0,,0.0
,,,0.048828125,,0.8671875,,,,,,,,,,,1.0,1.0,,,,,1685,,,,0.0,,0.0,,0.0
,,,0.1311749517917633,,0.9239398241043091,,,,,,,,,,,1.0,1.0,,,,,1686,,,,0.0,,0.0,,0.0
,,,0.0732421875,,0.90625,,,,,,,,,,,1.0,1.0,,,,,1687,,,,0.0,,0.0,,0.0
,,,0.06093750149011612,,0.9296875,,,,,,,,,,,1.0,1.0,,,,,1688,,,,0.0,,0.0,,0.0
,,,0.17758619785308838,,0.9598522186279297,,,,,,,,,,,1.0,1.0,,,,,1689,,,,0.0,,0.0,,0.0
,,,0.1127232164144516,,0.96875,,,,,,,,,,,1.0,1.0,,,,,1690,,,,0.0,,0.0,,0.0
,,,0.16249999403953552,,0.984375,,,,,,,,,,,1.0,1.0,,,,,1691,,,,0.0,,0.0,,0.0
,,,0.1324198693037033,,0.9455590844154358,,,,,,,,,,,1.0,1.0,,,,,1692,,,,0.0,,0.0,,0.0
,,,0.0703125,,0.9609375,,,,,,,,,,,1.0,1.0,,,,,1693,,,,0.0,,0.0,,0.0
,,,0.0729166641831398,,0.9765625,,,,,,,,,,,1.0,1.0,,,,,1694,,,,0.0,,0.0,,0.0
,,,0.14741554856300354,,0.9764347076416016,,,,,,,,,,,1.0,1.0,,,,,1695,,,,0.0,,0.0,,0.0
,,,0.1432291716337204,,1.0,,,,,,,,,,,1.0,1.0,,,,,1696,,,,0.0,,0.0,,0.0
,,,0.1380208283662796,,1.0,,,,,,,,,,,1.0,1.0,,,,,1697,,,,0.0,,0.0,,0.0
,,,0.18920454382896423,,0.987500011920929,,,,,,,,,,,1.0,1.0,,,,,1698,,,,0.0,,0.0,,0.0
,,,0.083984375,,0.9453125,,,,,,,,,,,1.0,1.0,,,,,1699,,,,0.0,,0.0,,0.0
,,,0.0982142835855484,,0.984375,,,,,,,,,,,1.0,1.0,,,,,1700,,,,0.0,,0.0,,0.0
,,,0.12320087850093842,,0.9173967838287354,,,,,,,,,,,1.0,1.0,,,,,1701,,,,0.0,,0.0,,0.0
,,,0.0636160746216774,,0.9296875,,,,,,,,,,,1.0,1.0,,,,,1702,,,,0.0,,0.0,,0.0
,,,0.0416666679084301,,0.953125,,,,,,,,,,,1.0,1.0,,,,,1703,,,,0.0,,0.0,,0.0
,,,0.0486111119389534,,0.90625,,,,,,,,,,,1.0,1.0,,,,,1704,,,,0.0,,0.0,,0.0
,,,0.0974409431219101,,0.9960629940032959,,,,,,,,,,,1.0,1.0,,,,,1705,,,,0.0,,0.0,,0.0
,,,0.1026785746216774,,0.984375,,,,,,,,,,,1.0,1.0,,,,,1706,,,,0.0,,0.0,,0.0
,,,0.1263020783662796,,0.9609375,,,,,,,,,,,1.0,1.0,,,,,1707,,,,0.0,,0.0,,0.0
,,,0.14367815852165222,,0.9913793206214905,,,,,,,,,,,1.0,1.0,,,,,1708,,,,0.0,,0.0,,0.0
,,,0.0986328125,,0.9765625,,,,,,,,,,,1.0,1.0,,,,,1709,,,,0.0,,0.0,,0.0
,,,0.09375,,0.9765625,,,,,,,,,,,1.0,1.0,,,,,1710,,,,0.0,,0.0,,0.0
,,,0.2274608314037323,,0.9666299819946289,,,,,,,,,,,1.0,1.0,,,,,1711,,,,0.0,,0.0,,0.0
,,,0.224609375,,1.0,,,,,,,,,,,1.0,1.0,,,,,1712,,,,0.0,,0.0,,0.0
,,,0.125,,0.9921875,,,,,,,,,,,1.0,1.0,,,,,1713,,,,0.0,,0.0,,0.0
,,,0.1527777761220932,,0.9375,,,,,,,,,,,1.0,1.0,,,,,1714,,,,0.0,,0.0,,0.0
,,,0.0673828125,,0.921875,,,,,,,,,,,1.0,1.0,,,,,1715,,,,0.0,,0.0,,0.0
,,,0.04765624925494194,,0.8984375,,,,,,,,,,,1.0,1.0,,,,,1716,,,,0.0,,0.0,,0.0
,,,0.12273901700973511,,0.9413067698478699,,,,,,,,,,,1.0,1.0,,,,,1717,,,,0.0,,0.0,,0.0
,,,0.0659722238779068,,0.9296875,,,,,,,,,,,1.0,1.0,,,,,1718,,,,0.0,,0.0,,0.0
,,,0.0685763880610466,,0.9375,,,,,,,,,,,1.0,1.0,,,,,1719,,,,0.0,,0.0,,0.0
,,,0.20775389671325684,,0.9867256879806519,,,,,,,,,,,1.0,1.0,,,,,1720,,,,0.0,,0.0,,0.0
,,,0.1116071417927742,,0.9765625,,,,,,,,,,,1.0,1.0,,,,,1721,,,,0.0,,0.0,,0.0
,,,0.1183035746216774,,0.9609375,,,,,,,,,,,1.0,1.0,,,,,1722,,,,0.0,,0.0,,0.0
,,,0.1304040253162384,,0.9727272987365723,,,,,,,,,,,1.0,1.0,,,,,1723,,,,0.0,,0.0,,0.0
,,,0.06406249850988388,,0.9765625,,,,,,,,,,,1.0,1.0,,,,,1724,,,,0.0,,0.0,,0.0
,,,0.06171875074505806,,0.953125,,,,,,,,,,,1.0,1.0,,,,,1725,,,,0.0,,0.0,,0.0
,,,0.22539682686328888,,1.0,,,,,,,,,,,1.0,1.0,,,,,1726,,,,0.0,,0.0,,0.0
,,,0.1194196417927742,,1.0,,,,,,,,,,,1.0,1.0,,,,,1727,,,,0.0,,0.0,,0.0
,,,0.1419270783662796,,1.0,,,,,,,,,,,1.0,1.0,,,,,1728,,,,0.0,,0.0,,0.0
,,,0.17394021153450012,,0.981927752494812,,,,,,,,,,,1.0,1.0,,,,,1729,,,,0.0,,0.0,,0.0
,,,0.0948660746216774,,0.9609375,,,,,,,,,,,1.0,1.0,,,,,1730,,,,0.0,,0.0,,0.0
,,,0.0908203125,,0.96875,,,,,,,,,,,1.0,1.0,,,,,1731,,,,0.0,,0.0,,0.0
,,,0.0999632179737091,,0.9152024388313293,,,,,,,,,,,1.0,1.0,,,,,1732,,,,0.0,,0.0,,0.0
,,,0.0503472238779068,,0.921875,,,,,,,,,,,1.0,1.0,,,,,1733,,,,0.0,,0.0,,0.0
,,,0.05078125,,0.9453125,,,,,,,,,,,1.0,1.0,,,,,1734,,,,0.0,,0.0,,0.0
,,,0.12873753905296326,,0.9476743936538696,,,,,,,,,,,1.0,1.0,,,,,1735,,,,0.0,,0.0,,0.0
,,,0.1026785746216774,,0.984375,,,,,,,,,,,1.0,1.0,,,,,1736,,,,0.0,,0.0,,0.0
,,,0.1060267835855484,,0.9765625,,,,,,,,,,,1.0,1.0,,,,,1737,,,,0.0,,0.0,,0.0
,,,0.22770677506923676,,0.9632524251937866,,,,,,,,,,,1.0,1.0,,,,,1738,,,,0.0,,0.0,,0.0
,,,0.0850694477558136,,0.984375,,,,,,,,,,,1.0,1.0,,,,,1739,,,,0.0,,0.0,,0.0
,,,0.099609375,,0.96875,,,,,,,,,,,1.0,1.0,,,,,1740,,,,0.0,,0.0,,0.0
,,,0.190476194024086,,0.9910714626312256,,,,,,,,,,,1.0,1.0,,,,,1741,,,,0.0,,0.0,,0.0
,,,0.1432291716337204,,0.9765625,,,,,,,,,,,1.0,1.0,,,,,1742,,,,0.0,,0.0,,0.0
,,,0.1471354216337204,,0.9921875,,,,,,,,,,,1.0,1.0,,,,,1743,,,,0.0,,0.0,,0.0
,,,0.15173715353012085,,0.9090908765792847,,,,,,,,,,,1.0,1.0,,,,,1744,,,,0.0,,0.0,,0.0
,,,0.0633680522441864,,0.9140625,,,,,,,,,,,1.0,1.0,,,,,1745,,,,0.0,,0.0,,0.0
,,,0.0595703125,,0.8984375,,,,,,,,,,,1.0,1.0,,,,,1746,,,,0.0,,0.0,,0.0
,,,0.058617670089006424,,0.913385808467865,,,,,,,,,,,1.0,1.0,,,,,1747,,,,0.0,,0.0,,0.0
18,0.7032517194747925,0.6860048770904541,,0.9592030048370361,,,,,,,,,,,,,,132.0331268310547,109754.359375,4.883052825927734,430.48773193359375,4198,,,0.0,,0.0,,0.0,
18,,,,,,0.46167829632759094,,0.7920935153961182,,11.95202922821045,,,,,,,,,,,,4198,1.3243662118911743,,,,,,,
,,,,,,,,,,,,,,0.00039022109195577254,0.03,,,,,,,4199,,,,,,,,
19,,,,,,,0.4859151542186737,,0.8220577239990234,,12.0703125,0.0003902113239746541,0.029999999329447746,,,,,,,,,4199,,1.3775289058685303,,,,,,
,,,,,,,,,,,,,,0.0003897275721708844,0.03,,,,,,,4249,,,,,,,,
19,,,,,,,0.4666841924190521,,0.785158097743988,,11.4140625,0.0003897175774909556,0.029999999329447746,,,1.0,1.0,,,,,4249,,1.0979009866714478,,,,,,
,,,,,,,,,,,,,,0.0003892222317639883,0.03,,,,,,,4299,,,,,,,,
19,,,,,,,0.4688987731933594,,0.7847888469696045,,11.328125,0.00038921201485209167,0.029999999329447746,,,1.0,1.0,,,,,4299,,1.6553202867507935,,,,,,
,,,,,,,,,,,,,,0.00038870510225259874,0.03,,,,,,,4349,,,,,,,,
19,,,,,,,0.4584541916847229,,0.7863693237304688,,11.9765625,0.0003886946360580623,0.029999999329447746,,,1.0,1.0,,,,,4349,,1.5965406894683838,,,,,,
,,,,,,,,,,,,,,0.00038817621588950295,0.03,,,,,,,4399,,,,,,,,
19,,,,,,,0.45035895705223083,,0.784854531288147,,12.296875,0.0003881655284203589,0.029999999329447746,,,1.0,1.0,,,,,4399,,1.4250686168670654,,,,,,
,,,0.10546875,,0.96875,,,,,,,,,,,1.0,1.0,,,,,1748,,,,0.0,,0.0,,0.0
,,,0.1261160671710968,,0.984375,,,,,,,,,,,1.0,1.0,,,,,1749,,,,0.0,,0.0,,0.0
,,,0.1870594471693039,,0.9950494766235352,,,,,,,,,,,1.0,1.0,,,,,1750,,,,0.0,,0.0,,0.0
,,,0.15234375,,0.9921875,,,,,,,,,,,1.0,1.0,,,,,1751,,,,0.0,,0.0,,0.0
,,,0.23828125,,0.9921875,,,,,,,,,,,1.0,1.0,,,,,1752,,,,0.0,,0.0,,0.0
,,,0.17548076808452606,,0.9535256624221802,,,,,,,,,,,1.0,1.0,,,,,1753,,,,0.0,,0.0,,0.0
,,,0.04765624925494194,,0.9609375,,,,,,,,,,,1.0,1.0,,,,,1754,,,,0.0,,0.0,,0.0
,,,0.05703125149011612,,0.9609375,,,,,,,,,,,1.0,1.0,,,,,1755,,,,0.0,,0.0,,0.0
,,,0.11597102880477905,,0.9129502773284912,,,,,,,,,,,1.0,1.0,,,,,1756,,,,0.0,,0.0,,0.0
,,,0.06718750298023224,,0.921875,,,,,,,,,,,1.0,1.0,,,,,1757,,,,0.0,,0.0,,0.0
,,,0.0703125,,0.90625,,,,,,,,,,,1.0,1.0,,,,,1758,,,,0.0,,0.0,,0.0
,,,0.06718750298023224,,0.9375,,,,,,,,,,,1.0,1.0,,,,,1759,,,,0.0,,0.0,,0.0
,,,0.16207407414913177,,0.8173333406448364,,,,,,,,,,,1.0,1.0,,,,,1760,,,,0.0,,0.0,,0.0
,,,0.1015625,,0.9609375,,,,,,,,,,,1.0,1.0,,,,,1761,,,,0.0,,0.0,,0.0
,,,0.0842013880610466,,0.9453125,,,,,,,,,,,1.0,1.0,,,,,1762,,,,0.0,,0.0,,0.0
,,,0.11391223967075348,,0.9369747638702393,,,,,,,,,,,1.0,1.0,,,,,1763,,,,0.0,,0.0,,0.0
,,,0.0419921875,,0.8671875,,,,,,,,,,,1.0,1.0,,,,,1764,,,,0.0,,0.0,,0.0
,,,0.0322265625,,0.90625,,,,,,,,,,,1.0,1.0,,,,,1765,,,,0.0,,0.0,,0.0
,,,0.16139069199562073,,0.8798701763153076,,,,,,,,,,,1.0,1.0,,,,,1766,,,,0.0,,0.0,,0.0
,,,0.0954861119389534,,0.984375,,,,,,,,,,,1.0,1.0,,,,,1767,,,,0.0,,0.0,,0.0
,,,0.109375,,0.984375,,,,,,,,,,,1.0,1.0,,,,,1768,,,,0.0,,0.0,,0.0
,,,0.18558530509471893,,0.9840598106384277,,,,,,,,,,,1.0,1.0,,,,,1769,,,,0.0,,0.0,,0.0
,,,0.0771484375,,0.953125,,,,,,,,,,,1.0,1.0,,,,,1770,,,,0.0,,0.0,,0.0
,,,0.06328125298023224,,0.953125,,,,,,,,,,,1.0,1.0,,,,,1771,,,,0.0,,0.0,,0.0
,,,0.15637657046318054,,0.9556649923324585,,,,,,,,,,,1.0,1.0,,,,,1772,,,,0.0,,0.0,,0.0
,,,0.1497395783662796,,0.9765625,,,,,,,,,,,1.0,1.0,,,,,1773,,,,0.0,,0.0,,0.0
,,,0.1294642835855484,,0.9921875,,,,,,,,,,,1.0,1.0,,,,,1774,,,,0.0,,0.0,,0.0
,,,0.17937107384204865,,0.9716981053352356,,,,,,,,,,,1.0,1.0,,,,,1775,,,,0.0,,0.0,,0.0
,,,0.0729166641831398,,0.96875,,,,,,,,,,,1.0,1.0,,,,,1776,,,,0.0,,0.0,,0.0
,,,0.0625,,0.9609375,,,,,,,,,,,1.0,1.0,,,,,1777,,,,0.0,,0.0,,0.0
,,,0.1726098209619522,,0.9764705896377563,,,,,,,,,,,1.0,1.0,,,,,1778,,,,0.0,,0.0,,0.0
,,,0.1064453125,,0.9609375,,,,,,,,,,,1.0,1.0,,,,,1779,,,,0.0,,0.0,,0.0
,,,0.0946180522441864,,0.9921875,,,,,,,,,,,1.0,1.0,,,,,1780,,,,0.0,,0.0,,0.0
,,,0.2501055598258972,,0.984236478805542,,,,,,,,,,,1.0,1.0,,,,,1781,,,,0.0,,0.0,,0.0
,,,0.1316964328289032,,1.0,,,,,,,,,,,1.0,1.0,,,,,1782,,,,0.0,,0.0,,0.0
,,,0.23828125,,0.9921875,,,,,,,,,,,1.0,1.0,,,,,1783,,,,0.0,,0.0,,0.0
,,,0.1391240507364273,,0.9694151878356934,,,,,,,,,,,1.0,1.0,,,,,1784,,,,0.0,,0.0,,0.0
,,,0.0546875,,0.9609375,,,,,,,,,,,1.0,1.0,,,,,1785,,,,0.0,,0.0,,0.0
,,,0.05156249925494194,,0.9296875,,,,,,,,,,,1.0,1.0,,,,,1786,,,,0.0,,0.0,,0.0
,,,0.1179758608341217,,0.922832727432251,,,,,,,,,,,1.0,1.0,,,,,1787,,,,0.0,,0.0,,0.0
,,,0.1049107164144516,,0.921875,,,,,,,,,,,1.0,1.0,,,,,1788,,,,0.0,,0.0,,0.0
,,,0.0703125,,0.9375,,,,,,,,,,,1.0,1.0,,,,,1789,,,,0.0,,0.0,,0.0
,,,0.14704546332359314,,0.9465909004211426,,,,,,,,,,,1.0,1.0,,,,,1790,,,,0.0,,0.0,,0.0
,,,0.0850694477558136,,0.984375,,,,,,,,,,,1.0,1.0,,,,,1791,,,,0.0,,0.0,,0.0
,,,0.0966796875,,0.96875,,,,,,,,,,,1.0,1.0,,,,,1792,,,,0.0,,0.0,,0.0
,,,0.12177722156047821,,0.9145807027816772,,,,,,,,,,,1.0,1.0,,,,,1793,,,,0.0,,0.0,,0.0
,,,0.0381944440305233,,0.8671875,,,,,,,,,,,1.0,1.0,,,,,1794,,,,0.0,,0.0,,0.0
,,,0.041015625,,0.8671875,,,,,,,,,,,1.0,1.0,,,,,1795,,,,0.0,,0.0,,0.0
,,,0.0347222238779068,,0.875,,,,,,,,,,,1.0,1.0,,,,,1796,,,,0.0,,0.0,,0.0
,,,0.11122047156095505,,0.9921259880065918,,,,,,,,,,,1.0,1.0,,,,,1797,,,,0.0,,0.0,,0.0
,,,0.10546875,,0.984375,,,,,,,,,,,1.0,1.0,,,,,1798,,,,0.0,,0.0,,0.0
,,,0.1238839253783226,,0.9765625,,,,,,,,,,,1.0,1.0,,,,,1799,,,,0.0,,0.0,,0.0
,,,0.1376117467880249,,0.982758641242981,,,,,,,,,,,1.0,1.0,,,,,1800,,,,0.0,,0.0,,0.0
,,,0.06015624850988388,,0.9453125,,,,,,,,,,,1.0,1.0,,,,,1801,,,,0.0,,0.0,,0.0
,,,0.0729166641831398,,0.953125,,,,,,,,,,,1.0,1.0,,,,,1802,,,,0.0,,0.0,,0.0
,,,0.14070406556129456,,0.9580124616622925,,,,,,,,,,,1.0,1.0,,,,,1803,,,,0.0,,0.0,,0.0
,,,0.1536458283662796,,0.984375,,,,,,,,,,,1.0,1.0,,,,,1804,,,,0.0,,0.0,,0.0
,,,0.1283482164144516,,0.9921875,,,,,,,,,,,1.0,1.0,,,,,1805,,,,0.0,,0.0,,0.0
,,,0.16203704476356506,,0.96875,,,,,,,,,,,1.0,1.0,,,,,1806,,,,0.0,,0.0,,0.0
,,,0.076171875,,0.9609375,,,,,,,,,,,1.0,1.0,,,,,1807,,,,0.0,,0.0,,0.0
,,,0.0703125,,0.96875,,,,,,,,,,,1.0,1.0,,,,,1808,,,,0.0,,0.0,,0.0
,,,0.1629752814769745,,0.9822812676429749,,,,,,,,,,,1.0,1.0,,,,,1809,,,,0.0,,0.0,,0.0
,,,0.08437500149011612,,0.96875,,,,,,,,,,,1.0,1.0,,,,,1810,,,,0.0,,0.0,,0.0
,,,0.10546875,,0.984375,,,,,,,,,,,1.0,1.0,,,,,1811,,,,0.0,,0.0,,0.0
,,,0.3141593039035797,,0.9955751895904541,,,,,,,,,,,1.0,1.0,,,,,1812,,,,0.0,,0.0,,0.0
,,,0.18906250596046448,,1.0,,,,,,,,,,,1.0,1.0,,,,,1813,,,,0.0,,0.0,,0.0
,,,0.15234375,,0.984375,,,,,,,,,,,1.0,1.0,,,,,1814,,,,0.0,,0.0,,0.0
,,,0.1434343457221985,,0.9818181991577148,,,,,,,,,,,1.0,1.0,,,,,1815,,,,0.0,,0.0,,0.0
,,,0.0572916679084301,,0.9609375,,,,,,,,,,,1.0,1.0,,,,,1816,,,,0.0,,0.0,,0.0
,,,0.0555555559694767,,0.9375,,,,,,,,,,,1.0,1.0,,,,,1817,,,,0.0,,0.0,,0.0
,,,0.10203704237937927,,0.9398148059844971,,,,,,,,,,,1.0,1.0,,,,,1818,,,,0.0,,0.0,,0.0
,,,0.0703125,,0.90625,,,,,,,,,,,1.0,1.0,,,,,1819,,,,0.0,,0.0,,0.0
,,,0.0737847238779068,,0.9609375,,,,,,,,,,,1.0,1.0,,,,,1820,,,,0.0,,0.0,,0.0
,,,0.1677822470664978,,0.9546184539794922,,,,,,,,,,,1.0,1.0,,,,,1821,,,,0.0,,0.0,,0.0
,,,0.0966796875,,0.9765625,,,,,,,,,,,1.0,1.0,,,,,1822,,,,0.0,,0.0,,0.0
,,,0.0876736119389534,,0.953125,,,,,,,,,,,1.0,1.0,,,,,1823,,,,0.0,,0.0,,0.0
,,,0.124635711312294,,0.934937596321106,,,,,,,,,,,1.0,1.0,,,,,1824,,,,0.0,,0.0,,0.0
,,,0.0399305559694767,,0.8359375,,,,,,,,,,,1.0,1.0,,,,,1825,,,,0.0,,0.0,,0.0
,,,0.033203125,,0.90625,,,,,,,,,,,1.0,1.0,,,,,1826,,,,0.0,,0.0,,0.0
,,,0.14064230024814606,,0.924418568611145,,,,,,,,,,,1.0,1.0,,,,,1827,,,,0.0,,0.0,,0.0
,,,0.10546875,,0.9765625,,,,,,,,,,,1.0,1.0,,,,,1828,,,,0.0,,0.0,,0.0
,,,0.10546875,,0.984375,,,,,,,,,,,1.0,1.0,,,,,1829,,,,0.0,,0.0,,0.0
,,,0.1932573914527893,,0.9896907210350037,,,,,,,,,,,1.0,1.0,,,,,1830,,,,0.0,,0.0,,0.0
,,,0.0685763880610466,,0.9765625,,,,,,,,,,,1.0,1.0,,,,,1831,,,,0.0,,0.0,,0.0
,,,0.06093750149011612,,0.9296875,,,,,,,,,,,1.0,1.0,,,,,1832,,,,0.0,,0.0,,0.0
,,,0.1666666716337204,,0.9776785373687744,,,,,,,,,,,1.0,1.0,,,,,1833,,,,0.0,,0.0,,0.0
,,,0.1227678582072258,,0.9765625,,,,,,,,,,,1.0,1.0,,,,,1834,,,,0.0,,0.0,,0.0
,,,0.1536458283662796,,1.0,,,,,,,,,,,1.0,1.0,,,,,1835,,,,0.0,,0.0,,0.0
,,,0.16838717460632324,,0.9048174023628235,,,,,,,,,,,1.0,1.0,,,,,1836,,,,0.0,,0.0,,0.0
,,,0.0668402761220932,,0.9765625,,,,,,,,,,,1.0,1.0,,,,,1837,,,,0.0,,0.0,,0.0
,,,0.0633680522441864,,0.9609375,,,,,,,,,,,1.0,1.0,,,,,1838,,,,0.0,,0.0,,0.0
,,,0.06649169325828552,,0.960629940032959,,,,,,,,,,,1.0,1.0,,,,,1839,,,,0.0,,0.0,,0.0
19,0.7103509306907654,0.7006158232688904,,0.9570148587226868,,,,,,,,,,,,,,133.64480590820312,114200.1796875,4.895185470581055,423.6180419921875,4419,,,0.0,,0.0,,0.0,
19,,,,,,0.4549296796321869,,0.7780224084854126,,11.654623985290527,,,,,,,,,,,,4419,1.2812188863754272,,,,,,,
,,,,,,,,,,,,,,0.0003876356056607496,0.03,,,,,,,4449,,,,,,,,
20,,,,,,,0.4728642702102661,,0.7964399456977844,,11.9453125,0.00038762466283515096,0.029999999329447746,,,1.0,1.0,,,,,4449,,0.9768664836883545,,,,,,
,,,,,,,,,,,,,,0.00038708330528359255,0.03,,,,,,,4499,,,,,,,,
20,,,,,,,0.4577953815460205,,0.7697303891181946,,11.1875,0.00038707212661392987,0.029999999329447746,,,1.0,1.0,,,,,4499,,0.9188907742500305,,,,,,
,,,,,,,,,,,,,,0.00038651934920438626,0.03,,,,,,,4549,,,,,,,,
20,,,,,,,0.46845313906669617,,0.7998756170272827,,11.9375,0.0003865079488605261,0.029999999329447746,,,1.0,1.0,,,,,4549,,1.2997910976409912,,,,,,
,,,,,,,,,,,,,,0.00038594377259643895,0.03,,,,,,,4599,,,,,,,,
20,,,,,,,0.4239349961280823,,0.777228593826294,,13.1484375,0.0003859321295749396,0.029999999329447746,,,1.0,1.0,,,,,4599,,1.6605515480041504,,,,,,
,,,0.09765625,,0.9765625,,,,,,,,,,,1.0,1.0,,,,,1840,,,,0.0,,0.0,,0.0
,,,0.15781250596046448,,1.0,,,,,,,,,,,1.0,1.0,,,,,1841,,,,0.0,,0.0,,0.0
,,,0.17863036692142487,,0.9481114745140076,,,,,,,,,,,1.0,1.0,,,,,1842,,,,0.0,,0.0,,0.0
,,,0.09375,,0.9296875,,,,,,,,,,,1.0,1.0,,,,,1843,,,,0.0,,0.0,,0.0
,,,0.0993303582072258,,0.890625,,,,,,,,,,,1.0,1.0,,,,,1844,,,,0.0,,0.0,,0.0
,,,0.14743590354919434,,0.9519230723381042,,,,,,,,,,,1.0,1.0,,,,,1845,,,,0.0,,0.0,,0.0
,,,0.0555555559694767,,1.0,,,,,,,,,,,1.0,1.0,,,,,1846,,,,0.0,,0.0,,0.0
,,,0.05624999850988388,,0.984375,,,,,,,,,,,1.0,1.0,,,,,1847,,,,0.0,,0.0,,0.0
,,,0.14941871166229248,,0.9725557565689087,,,,,,,,,,,1.0,1.0,,,,,1848,,,,0.0,,0.0,,0.0
,,,0.1183035746216774,,0.9765625,,,,,,,,,,,1.0,1.0,,,,,1849,,,,0.0,,0.0,,0.0
,,,0.1082589253783226,,0.9609375,,,,,,,,,,,1.0,1.0,,,,,1850,,,,0.0,,0.0,,0.0
,,,0.0842013880610466,,0.9765625,,,,,,,,,,,1.0,1.0,,,,,1851,,,,0.0,,0.0,,0.0
,,,0.16740740835666656,,0.8013333082199097,,,,,,,,,,,1.0,1.0,,,,,1852,,,,0.0,,0.0,,0.0
,,,0.09375,,0.9296875,,,,,,,,,,,1.0,1.0,,,,,1853,,,,0.0,,0.0,,0.0
,,,0.0703125,,0.9375,,,,,,,,,,,1.0,1.0,,,,,1854,,,,0.0,,0.0,,0.0
,,,0.17325448989868164,,0.9360411167144775,,,,,,,,,,,1.0,1.0,,,,,1855,,,,0.0,,0.0,,0.0
,,,0.1104910746216774,,0.9765625,,,,,,,,,,,1.0,1.0,,,,,1856,,,,0.0,,0.0,,0.0
,,,0.1276041716337204,,0.96875,,,,,,,,,,,1.0,1.0,,,,,1857,,,,0.0,,0.0,,0.0
,,,0.15885040163993835,,0.9707792401313782,,,,,,,,,,,1.0,1.0,,,,,1858,,,,0.0,,0.0,,0.0
,,,0.0830078125,,0.9453125,,,,,,,,,,,1.0,1.0,,,,,1859,,,,0.0,,0.0,,0.0
,,,0.1184895858168602,,0.953125,,,,,,,,,,,1.0,1.0,,,,,1860,,,,0.0,,0.0,,0.0
,,,0.13623909652233124,,0.9408468008041382,,,,,,,,,,,1.0,1.0,,,,,1861,,,,0.0,,0.0,,0.0
,,,0.0824652761220932,,0.984375,,,,,,,,,,,1.0,1.0,,,,,1862,,,,0.0,,0.0,,0.0
,,,0.07890625298023224,,0.9609375,,,,,,,,,,,1.0,1.0,,,,,1863,,,,0.0,,0.0,,0.0
,,,0.1334482729434967,,0.9440886974334717,,,,,,,,,,,1.0,1.0,,,,,1864,,,,0.0,,0.0,,0.0
,,,0.0770089253783226,,0.9296875,,,,,,,,,,,1.0,1.0,,,,,1865,,,,0.0,,0.0,,0.0
,,,0.04765624925494194,,0.921875,,,,,,,,,,,1.0,1.0,,,,,1866,,,,0.0,,0.0,,0.0
,,,0.18781670928001404,,0.9572327136993408,,,,,,,,,,,1.0,1.0,,,,,1867,,,,0.0,,0.0,,0.0
,,,0.1227678582072258,,0.9921875,,,,,,,,,,,1.0,1.0,,,,,1868,,,,0.0,,0.0,,0.0
,,,0.0876736119389534,,0.9921875,,,,,,,,,,,1.0,1.0,,,,,1869,,,,0.0,,0.0,,0.0
,,,0.22392027080059052,,0.9824897050857544,,,,,,,,,,,1.0,1.0,,,,,1870,,,,0.0,,0.0,,0.0
,,,0.0986328125,,0.984375,,,,,,,,,,,1.0,1.0,,,,,1871,,,,0.0,,0.0,,0.0
,,,0.1060267835855484,,0.9921875,,,,,,,,,,,1.0,1.0,,,,,1872,,,,0.0,,0.0,,0.0
,,,0.22188599407672882,,0.9399014711380005,,,,,,,,,,,1.0,1.0,,,,,1873,,,,0.0,,0.0,,0.0
,,,0.08984375,,0.90625,,,,,,,,,,,1.0,1.0,,,,,1874,,,,0.0,,0.0,,0.0
,,,0.11328125,,0.8984375,,,,,,,,,,,1.0,1.0,,,,,1875,,,,0.0,,0.0,,0.0
,,,0.1297338455915451,,0.9508196711540222,,,,,,,,,,,1.0,1.0,,,,,1876,,,,0.0,,0.0,,0.0
,,,0.0625,,0.9921875,,,,,,,,,,,1.0,1.0,,,,,1877,,,,0.0,,0.0,,0.0
,,,0.05234374850988388,,0.9921875,,,,,,,,,,,1.0,1.0,,,,,1878,,,,0.0,,0.0,,0.0
,,,0.14527201652526855,,0.9766788482666016,,,,,,,,,,,1.0,1.0,,,,,1879,,,,0.0,,0.0,,0.0
,,,0.1393229216337204,,0.96875,,,,,,,,,,,1.0,1.0,,,,,1880,,,,0.0,,0.0,,0.0
,,,0.0807291641831398,,0.9609375,,,,,,,,,,,1.0,1.0,,,,,1881,,,,0.0,,0.0,,0.0
,,,0.21193182468414307,,0.9511363506317139,,,,,,,,,,,1.0,1.0,,,,,1882,,,,0.0,,0.0,,0.0
,,,0.099609375,,0.9296875,,,,,,,,,,,1.0,1.0,,,,,1883,,,,0.0,,0.0,,0.0
,,,0.1071428582072258,,0.9609375,,,,,,,,,,,1.0,1.0,,,,,1884,,,,0.0,,0.0,,0.0
,,,0.17215964198112488,,0.9480600357055664,,,,,,,,,,,1.0,1.0,,,,,1885,,,,0.0,,0.0,,0.0
,,,0.1315104216337204,,0.9765625,,,,,,,,,,,1.0,1.0,,,,,1886,,,,0.0,,0.0,,0.0
,,,0.0833333358168602,,0.9765625,,,,,,,,,,,1.0,1.0,,,,,1887,,,,0.0,,0.0,,0.0
,,,0.1071428582072258,,0.984375,,,,,,,,,,,1.0,1.0,,,,,1888,,,,0.0,,0.0,,0.0
,,,0.23622047901153564,,0.9724409580230713,,,,,,,,,,,1.0,1.0,,,,,1889,,,,0.0,,0.0,,0.0
,,,0.0763888880610466,,0.9375,,,,,,,,,,,1.0,1.0,,,,,1890,,,,0.0,,0.0,,0.0
,,,0.0948660746216774,,0.9296875,,,,,,,,,,,1.0,1.0,,,,,1891,,,,0.0,,0.0,,0.0
,,,0.1074712723493576,,0.982758641242981,,,,,,,,,,,1.0,1.0,,,,,1892,,,,0.0,,0.0,,0.0
,,,0.08984375,,0.9765625,,,,,,,,,,,1.0,1.0,,,,,1893,,,,0.0,,0.0,,0.0
,,,0.07968749850988388,,0.9609375,,,,,,,,,,,1.0,1.0,,,,,1894,,,,0.0,,0.0,,0.0
,,,0.12654933333396912,,0.936927080154419,,,,,,,,,,,1.0,1.0,,,,,1895,,,,0.0,,0.0,,0.0
,,,0.0758928582072258,,0.953125,,,,,,,,,,,1.0,1.0,,,,,1896,,,,0.0,,0.0,,0.0
,,,0.0529513880610466,,0.90625,,,,,,,,,,,1.0,1.0,,,,,1897,,,,0.0,,0.0,,0.0
,,,0.1627604067325592,,0.9635416269302368,,,,,,,,,,,1.0,1.0,,,,,1898,,,,0.0,,0.0,,0.0
,,,0.1315104216337204,,0.984375,,,,,,,,,,,1.0,1.0,,,,,1899,,,,0.0,,0.0,,0.0
,,,0.1025390625,,1.0,,,,,,,,,,,1.0,1.0,,,,,1900,,,,0.0,,0.0,,0.0
,,,0.18971484899520874,,0.9764673113822937,,,,,,,,,,,1.0,1.0,,,,,1901,,,,0.0,,0.0,,0.0
,,,0.1328125,,0.9921875,,,,,,,,,,,1.0,1.0,,,,,1902,,,,0.0,,0.0,,0.0
,,,0.125,,0.9765625,,,,,,,,,,,1.0,1.0,,,,,1903,,,,0.0,,0.0,,0.0
,,,0.23573535680770874,,0.9601770043373108,,,,,,,,,,,1.0,1.0,,,,,1904,,,,0.0,,0.0,,0.0
,,,0.091796875,,0.8984375,,,,,,,,,,,1.0,1.0,,,,,1905,,,,0.0,,0.0,,0.0
,,,0.0982142835855484,,0.890625,,,,,,,,,,,1.0,1.0,,,,,1906,,,,0.0,,0.0,,0.0
,,,0.12446688860654831,,0.9444444179534912,,,,,,,,,,,1.0,1.0,,,,,1907,,,,0.0,,0.0,,0.0
,,,0.05312500149011612,,0.984375,,,,,,,,,,,1.0,1.0,,,,,1908,,,,0.0,,0.0,,0.0
,,,0.0634765625,,0.9921875,,,,,,,,,,,1.0,1.0,,,,,1909,,,,0.0,,0.0,,0.0
,,,0.16435185074806213,,0.9861111044883728,,,,,,,,,,,1.0,1.0,,,,,1910,,,,0.0,,0.0,,0.0
,,,0.1015625,,0.9609375,,,,,,,,,,,1.0,1.0,,,,,1911,,,,0.0,,0.0,,0.0
,,,0.08984375,,0.9765625,,,,,,,,,,,1.0,1.0,,,,,1912,,,,0.0,,0.0,,0.0
,,,0.2873270809650421,,0.9416332244873047,,,,,,,,,,,1.0,1.0,,,,,1913,,,,0.0,,0.0,,0.0
,,,0.0966796875,,0.9453125,,,,,,,,,,,1.0,1.0,,,,,1914,,,,0.0,,0.0,,0.0
,,,0.0966796875,,0.9609375,,,,,,,,,,,1.0,1.0,,,,,1915,,,,0.0,,0.0,,0.0
,,,0.16427582502365112,,0.9444868564605713,,,,,,,,,,,1.0,1.0,,,,,1916,,,,0.0,,0.0,,0.0
,,,0.1276041716337204,,0.9765625,,,,,,,,,,,1.0,1.0,,,,,1917,,,,0.0,,0.0,,0.0
,,,0.09765625,,0.9765625,,,,,,,,,,,1.0,1.0,,,,,1918,,,,0.0,,0.0,,0.0
,,,0.1779485046863556,,0.9883720874786377,,,,,,,,,,,1.0,1.0,,,,,1919,,,,0.0,,0.0,,0.0
,,,0.0685763880610466,,0.9375,,,,,,,,,,,1.0,1.0,,,,,1920,,,,0.0,,0.0,,0.0
,,,0.0982142835855484,,0.9453125,,,,,,,,,,,1.0,1.0,,,,,1921,,,,0.0,,0.0,,0.0
,,,0.1619184911251068,,0.9536082744598389,,,,,,,,,,,1.0,1.0,,,,,1922,,,,0.0,,0.0,,0.0
,,,0.07109375298023224,,0.96875,,,,,,,,,,,1.0,1.0,,,,,1923,,,,0.0,,0.0,,0.0
,,,0.0789930522441864,,0.953125,,,,,,,,,,,1.0,1.0,,,,,1924,,,,0.0,,0.0,,0.0
,,,0.153769850730896,,0.9553571343421936,,,,,,,,,,,1.0,1.0,,,,,1925,,,,0.0,,0.0,,0.0
,,,0.0546875,,0.921875,,,,,,,,,,,1.0,1.0,,,,,1926,,,,0.0,,0.0,,0.0
,,,0.064453125,,0.9296875,,,,,,,,,,,1.0,1.0,,,,,1927,,,,0.0,,0.0,,0.0
,,,0.11568678915500641,,0.9160839319229126,,,,,,,,,,,1.0,1.0,,,,,1928,,,,0.0,,0.0,,0.0
,,,0.1183035746216774,,1.0,,,,,,,,,,,1.0,1.0,,,,,1929,,,,0.0,,0.0,,0.0
,,,0.0859375,,0.984375,,,,,,,,,,,1.0,1.0,,,,,1930,,,,0.0,,0.0,,0.0
,,,0.11698538064956665,,0.9921259880065918,,,,,,,,,,,1.0,1.0,,,,,1931,,,,0.0,,0.0,,0.0
20,0.7082843780517578,0.7068729400634766,,0.9590402841567993,,,,,,,,,,,,,,133.7570037841797,169164.0,4.896024703979492,417.4286193847656,4640,,,0.0,,0.0,,0.0,
20,,,,,,0.4512265622615814,,0.7731794118881226,,11.637514114379883,,,,,,,,,,,,4640,1.2407329082489014,,,,,,,
,,,,,,,,,,,,,,0.0003853566113578174,0.03,,,,,,,4649,,,,,,,,
21,,,,,,,0.47511351108551025,,0.8012963533401489,,11.8984375,0.0003853447560686618,0.029999999329447746,,,1.0,1.0,,,,,4649,,1.4060256481170654,,,,,,
,,,,,,,,,,,,,,0.0003847579021091091,0.03,,,,,,,4699,,,,,,,,
21,,,,,,,0.42958396673202515,,0.7634481191635132,,12.5625,0.00038474579923786223,0.029999999329447746,,,1.0,1.0,,,,,4699,,1.1440540552139282,,,,,,
,,,,,,,,,,,,,,0.00038414768219113875,0.03,,,,,,,4749,,,,,,,,
21,,,,,,,0.43425944447517395,,0.7475000023841858,,11.1328125,0.00038413534639403224,0.029999999329447746,,,1.0,1.0,,,,,4749,,1.0783568620681763,,,,,,
,,,,,,,,,,,,,,0.00038352598966263706,0.03,,,,,,,4799,,,,,,,,
21,,,,,,,0.44002339243888855,,0.7507629990577698,,11.2890625,0.0003835134266410023,0.029999999329447746,,,1.0,1.0,,,,,4799,,1.1543211936950684,,,,,,
,,,,,,,,,,,,,,0.00038289286329786995,0.03,,,,,,,4849,,,,,,,,
21,,,,,,,0.44619220495224,,0.7526047229766846,,10.6015625,0.0003828800981864333,0.029999999329447746,,,1.0,1.0,,,,,4849,,1.5077065229415894,,,,,,
,,,0.0381944440305233,,0.8046875,,,,,,,,,,,1.0,1.0,,,,,1932,,,,0.0,,0.0,,0.0
,,,0.0458984375,,0.8671875,,,,,,,,,,,1.0,1.0,,,,,1933,,,,0.0,,0.0,,0.0
,,,0.11837184429168701,,0.896039605140686,,,,,,,,,,,1.0,1.0,,,,,1934,,,,0.0,,0.0,,0.0
,,,0.17812499403953552,,0.9765625,,,,,,,,,,,1.0,1.0,,,,,1935,,,,0.0,,0.0,,0.0
,,,0.216796875,,0.9921875,,,,,,,,,,,1.0,1.0,,,,,1936,,,,0.0,,0.0,,0.0
,,,0.2142857164144516,,0.9695512652397156,,,,,,,,,,,1.0,1.0,,,,,1937,,,,0.0,,0.0,,0.0
,,,0.05859375,,1.0,,,,,,,,,,,1.0,1.0,,,,,1938,,,,0.0,,0.0,,0.0
,,,0.05859375,,1.0,,,,,,,,,,,1.0,1.0,,,,,1939,,,,0.0,,0.0,,0.0
,,,0.13826948404312134,,0.9952830076217651,,,,,,,,,,,1.0,1.0,,,,,1940,,,,0.0,,0.0,,0.0
,,,0.1044921875,,0.9921875,,,,,,,,,,,1.0,1.0,,,,,1941,,,,0.0,,0.0,,0.0
,,,0.0868055522441864,,0.9765625,,,,,,,,,,,1.0,1.0,,,,,1942,,,,0.0,,0.0,,0.0
,,,0.0928819477558136,,1.0,,,,,,,,,,,1.0,1.0,,,,,1943,,,,0.0,,0.0,,0.0
,,,0.21980953216552734,,0.8173333406448364,,,,,,,,,,,1.0,1.0,,,,,1944,,,,0.0,,0.0,,0.0
,,,0.1104910746216774,,0.9609375,,,,,,,,,,,1.0,1.0,,,,,1945,,,,0.0,,0.0,,0.0
,,,0.0986328125,,0.9609375,,,,,,,,,,,1.0,1.0,,,,,1946,,,,0.0,,0.0,,0.0
,,,0.19409430027008057,,0.9915966391563416,,,,,,,,,,,1.0,1.0,,,,,1947,,,,0.0,,0.0,,0.0
,,,0.1119791641831398,,0.953125,,,,,,,,,,,1.0,1.0,,,,,1948,,,,0.0,,0.0,,0.0
,,,0.06796874850988388,,0.9453125,,,,,,,,,,,1.0,1.0,,,,,1949,,,,0.0,,0.0,,0.0
,,,0.18222403526306152,,0.988095223903656,,,,,,,,,,,1.0,1.0,,,,,1950,,,,0.0,,0.0,,0.0
,,,0.0966796875,,0.984375,,,,,,,,,,,1.0,1.0,,,,,1951,,,,0.0,,0.0,,0.0
,,,0.099609375,,0.9921875,,,,,,,,,,,1.0,1.0,,,,,1952,,,,0.0,,0.0,,0.0
,,,0.2073163092136383,,0.9749688506126404,,,,,,,,,,,1.0,1.0,,,,,1953,,,,0.0,,0.0,,0.0
,,,0.1083984375,,0.9921875,,,,,,,,,,,1.0,1.0,,,,,1954,,,,0.0,,0.0,,0.0
,,,0.1283482164144516,,1.0,,,,,,,,,,,1.0,1.0,,,,,1955,,,,0.0,,0.0,,0.0
,,,0.16737821698188782,,0.9238916039466858,,,,,,,,,,,1.0,1.0,,,,,1956,,,,0.0,,0.0,,0.0
,,,0.0970982164144516,,0.8984375,,,,,,,,,,,1.0,1.0,,,,,1957,,,,0.0,,0.0,,0.0
,,,0.078125,,0.9375,,,,,,,,,,,1.0,1.0,,,,,1958,,,,0.0,,0.0,,0.0
,,,0.15242138504981995,,0.9383647441864014,,,,,,,,,,,1.0,1.0,,,,,1959,,,,0.0,,0.0,,0.0
,,,0.0849609375,,0.984375,,,,,,,,,,,1.0,1.0,,,,,1960,,,,0.0,,0.0,,0.0
,,,0.0693359375,,0.9375,,,,,,,,,,,1.0,1.0,,,,,1961,,,,0.0,,0.0,,0.0
,,,0.11719106137752533,,0.93597811460495,,,,,,,,,,,1.0,1.0,,,,,1962,,,,0.0,,0.0,,0.0
,,,0.0569196417927742,,0.796875,,,,,,,,,,,1.0,1.0,,,,,1963,,,,0.0,,0.0,,0.0
,,,0.0458984375,,0.828125,,,,,,,,,,,1.0,1.0,,,,,1964,,,,0.0,,0.0,,0.0
,,,0.13196496665477753,,0.8980295658111572,,,,,,,,,,,1.0,1.0,,,,,1965,,,,0.0,,0.0,,0.0
,,,0.16875000298023224,,0.984375,,,,,,,,,,,1.0,1.0,,,,,1966,,,,0.0,,0.0,,0.0
,,,0.220703125,,0.984375,,,,,,,,,,,1.0,1.0,,,,,1967,,,,0.0,,0.0,,0.0
,,,0.17017371952533722,,0.9761438369750977,,,,,,,,,,,1.0,1.0,,,,,1968,,,,0.0,,0.0,,0.0
,,,0.064453125,,1.0,,,,,,,,,,,1.0,1.0,,,,,1969,,,,0.0,,0.0,,0.0
,,,0.0477430559694767,,1.0,,,,,,,,,,,1.0,1.0,,,,,1970,,,,0.0,,0.0,,0.0
,,,0.1615689992904663,,0.9920635223388672,,,,,,,,,,,1.0,1.0,,,,,1971,,,,0.0,,0.0,,0.0
,,,0.1044921875,,0.9921875,,,,,,,,,,,1.0,1.0,,,,,1972,,,,0.0,,0.0,,0.0
,,,0.0876736119389534,,0.9921875,,,,,,,,,,,1.0,1.0,,,,,1973,,,,0.0,,0.0,,0.0
,,,0.24707791209220886,,0.969318151473999,,,,,,,,,,,1.0,1.0,,,,,1974,,,,0.0,,0.0,,0.0
,,,0.140625,,0.9609375,,,,,,,,,,,1.0,1.0,,,,,1975,,,,0.0,,0.0,,0.0
,,,0.13671875,,0.96875,,,,,,,,,,,1.0,1.0,,,,,1976,,,,0.0,,0.0,,0.0
,,,0.16958698630332947,,0.9493116140365601,,,,,,,,,,,1.0,1.0,,,,,1977,,,,0.0,,0.0,,0.0
,,,0.1015625,,0.9921875,,,,,,,,,,,1.0,1.0,,,,,1978,,,,0.0,,0.0,,0.0
,,,0.083984375,,0.9375,,,,,,,,,,,1.0,1.0,,,,,1979,,,,0.0,,0.0,,0.0
,,,0.0737847238779068,,0.9609375,,,,,,,,,,,1.0,1.0,,,,,1980,,,,0.0,,0.0,,0.0
,,,0.10039369761943817,,0.9881889820098877,,,,,,,,,,,1.0,1.0,,,,,1981,,,,0.0,,0.0,,0.0
,,,0.1104910746216774,,0.984375,,,,,,,,,,,1.0,1.0,,,,,1982,,,,0.0,,0.0,,0.0
,,,0.09765625,,0.984375,,,,,,,,,,,1.0,1.0,,,,,1983,,,,0.0,,0.0,,0.0
,,,0.17133620381355286,,0.9956896305084229,,,,,,,,,,,1.0,1.0,,,,,1984,,,,0.0,,0.0,,0.0
,,,0.1083984375,,0.9921875,,,,,,,,,,,1.0,1.0,,,,,1985,,,,0.0,,0.0,,0.0
,,,0.1484375,,0.9921875,,,,,,,,,,,1.0,1.0,,,,,1986,,,,0.0,,0.0,,0.0
,,,0.17357291281223297,,0.9405940771102905,,,,,,,,,,,1.0,1.0,,,,,1987,,,,0.0,,0.0,,0.0
,,,0.0859375,,0.9296875,,,,,,,,,,,1.0,1.0,,,,,1988,,,,0.0,,0.0,,0.0
,,,0.087890625,,0.9296875,,,,,,,,,,,1.0,1.0,,,,,1989,,,,0.0,,0.0,,0.0
,,,0.1575520932674408,,0.9427083730697632,,,,,,,,,,,1.0,1.0,,,,,1990,,,,0.0,,0.0,,0.0
,,,0.0720486119389534,,0.953125,,,,,,,,,,,1.0,1.0,,,,,1991,,,,0.0,,0.0,,0.0
,,,0.0870535746216774,,0.9765625,,,,,,,,,,,1.0,1.0,,,,,1992,,,,0.0,,0.0,,0.0
,,,0.13289037346839905,,0.9186046123504639,,,,,,,,,,,1.0,1.0,,,,,1993,,,,0.0,,0.0,,0.0
,,,0.046875,,0.8125,,,,,,,,,,,1.0,1.0,,,,,1994,,,,0.0,,0.0,,0.0
,,,0.0460069440305233,,0.8203125,,,,,,,,,,,1.0,1.0,,,,,1995,,,,0.0,,0.0,,0.0
,,,0.14564897119998932,,0.9244837760925293,,,,,,,,,,,1.0,1.0,,,,,1996,,,,0.0,,0.0,,0.0
,,,0.17656250298023224,,0.984375,,,,,,,,,,,1.0,1.0,,,,,1997,,,,0.0,,0.0,,0.0
,,,0.1419270783662796,,0.96875,,,,,,,,,,,1.0,1.0,,,,,1998,,,,0.0,,0.0,,0.0
,,,0.17020201683044434,,0.9676767587661743,,,,,,,,,,,1.0,1.0,,,,,1999,,,,0.0,,0.0,,0.0
,,,0.0572916679084301,,1.0,,,,,,,,,,,1.0,1.0,,,,,2000,,,,0.0,,0.0,,0.0
,,,0.0512152761220932,,0.9921875,,,,,,,,,,,1.0,1.0,,,,,2001,,,,0.0,,0.0,,0.0
,,,0.15617284178733826,,0.9953703880310059,,,,,,,,,,,1.0,1.0,,,,,2002,,,,0.0,,0.0,,0.0
,,,0.0894097238779068,,0.984375,,,,,,,,,,,1.0,1.0,,,,,2003,,,,0.0,,0.0,,0.0
,,,0.0920138880610466,,1.0,,,,,,,,,,,1.0,1.0,,,,,2004,,,,0.0,,0.0,,0.0
,,,0.2399311661720276,,0.9708166122436523,,,,,,,,,,,1.0,1.0,,,,,2005,,,,0.0,,0.0,,0.0
,,,0.1205357164144516,,0.9609375,,,,,,,,,,,1.0,1.0,,,,,2006,,,,0.0,,0.0,,0.0
,,,0.1171875,,0.9609375,,,,,,,,,,,1.0,1.0,,,,,2007,,,,0.0,,0.0,,0.0
,,,0.17105934023857117,,0.9772090911865234,,,,,,,,,,,1.0,1.0,,,,,2008,,,,0.0,,0.0,,0.0
,,,0.1004464253783226,,0.9765625,,,,,,,,,,,1.0,1.0,,,,,2009,,,,0.0,,0.0,,0.0
,,,0.08984375,,0.9375,,,,,,,,,,,1.0,1.0,,,,,2010,,,,0.0,,0.0,,0.0
,,,0.14374308288097382,,0.9883720874786377,,,,,,,,,,,1.0,1.0,,,,,2011,,,,0.0,,0.0,,0.0
,,,0.09765625,,0.9765625,,,,,,,,,,,1.0,1.0,,,,,2012,,,,0.0,,0.0,,0.0
,,,0.1071428582072258,,0.984375,,,,,,,,,,,1.0,1.0,,,,,2013,,,,0.0,,0.0,,0.0
,,,0.25017815828323364,,0.9684070348739624,,,,,,,,,,,1.0,1.0,,,,,2014,,,,0.0,,0.0,,0.0
,,,0.0954861119389534,,1.0,,,,,,,,,,,1.0,1.0,,,,,2015,,,,0.0,,0.0,,0.0
,,,0.109375,,0.9921875,,,,,,,,,,,1.0,1.0,,,,,2016,,,,0.0,,0.0,,0.0
,,,0.2648809552192688,,0.9330357313156128,,,,,,,,,,,1.0,1.0,,,,,2017,,,,0.0,,0.0,,0.0
,,,0.0830078125,,0.875,,,,,,,,,,,1.0,1.0,,,,,2018,,,,0.0,,0.0,,0.0
,,,0.0772569477558136,,0.953125,,,,,,,,,,,1.0,1.0,,,,,2019,,,,0.0,,0.0,,0.0
,,,0.154720276594162,,0.8749028444290161,,,,,,,,,,,1.0,1.0,,,,,2020,,,,0.0,,0.0,,0.0
,,,0.0791015625,,0.9609375,,,,,,,,,,,1.0,1.0,,,,,2021,,,,0.0,,0.0,,0.0
,,,0.0751953125,,0.953125,,,,,,,,,,,1.0,1.0,,,,,2022,,,,0.0,,0.0,,0.0
,,,0.0856299176812172,,0.9842519760131836,,,,,,,,,,,1.0,1.0,,,,,2023,,,,0.0,,0.0,,0.0
21,0.7331188917160034,0.7007495164871216,,0.9568898677825928,,,,,,,,,,,,,,136.07777404785156,189958.5,4.91322660446167,414.0886535644531,4861,,,0.0,,0.0,,0.0,
21,,,,,,0.444644957780838,,0.7611916661262512,,11.411022186279297,,,,,,,,,,,,4861,1.1997590065002441,,,,,,,
,,,,,,,,,,,,,,0.00038224834258421806,0.03,,,,,,,4899,,,,,,,,
22,,,,,,,0.397530198097229,,0.7039243578910828,,11.0078125,0.00038223533192649484,0.029999999329447746,,,1.0,1.0,,,,,4899,,0.8862897157669067,,,,,,
,,,,,,,,,,,,,,0.00038159246771971527,0.03,,,,,,,4949,,,,,,,,
22,,,,,,,0.42740800976753235,,0.752522885799408,,12.109375,0.0003815792442765087,0.029999999329447746,,,1.0,1.0,,,,,4949,,0.8894819021224976,,,,,,
,,,,,,,,,,,,,,0.0003809252796105409,0.03,,,,,,,4999,,,,,,,,
22,,,,,,,0.4349474310874939,,0.7330396175384521,,10.65625,0.00038091183523647487,0.029999999329447746,,,1.0,1.0,,,,,4999,,1.3937387466430664,,,,,,
,,,,,,,,,,,,,,0.00038024681986846884,0.03,,,,,,,5049,,,,,,,,
22,,,,,,,0.44937437772750854,,0.7559889554977417,,10.859375,0.00038023313391022384,0.029999999329447746,,,1.0,1.0,,,,,5049,,1.0508204698562622,,,,,,
,,,0.072265625,,0.953125,,,,,,,,,,,1.0,1.0,,,,,2024,,,,0.0,,0.0,,0.0
,,,0.109375,,0.9765625,,,,,,,,,,,1.0,1.0,,,,,2025,,,,0.0,,0.0,,0.0
,,,0.13076640665531158,,0.8998900055885315,,,,,,,,,,,1.0,1.0,,,,,2026,,,,0.0,,0.0,,0.0
,,,0.1263020783662796,,0.953125,,,,,,,,,,,1.0,1.0,,,,,2027,,,,0.0,,0.0,,0.0
,,,0.140625,,0.9296875,,,,,,,,,,,1.0,1.0,,,,,2028,,,,0.0,,0.0,,0.0
,,,0.16786858439445496,,0.9407051205635071,,,,,,,,,,,1.0,1.0,,,,,2029,,,,0.0,,0.0,,0.0
,,,0.0633680522441864,,0.984375,,,,,,,,,,,1.0,1.0,,,,,2030,,,,0.0,,0.0,,0.0
,,,0.0651041641831398,,0.9921875,,,,,,,,,,,1.0,1.0,,,,,2031,,,,0.0,,0.0,,0.0
,,,0.14198589324951172,,0.9952830076217651,,,,,,,,,,,1.0,1.0,,,,,2032,,,,0.0,,0.0,,0.0
,,,0.1049107164144516,,0.984375,,,,,,,,,,,1.0,1.0,,,,,2033,,,,0.0,,0.0,,0.0
,,,0.1060267835855484,,0.9609375,,,,,,,,,,,1.0,1.0,,,,,2034,,,,0.0,,0.0,,0.0
,,,0.1037946417927742,,0.9921875,,,,,,,,,,,1.0,1.0,,,,,2035,,,,0.0,,0.0,,0.0
,,,0.21066667139530182,,0.9800000190734863,,,,,,,,,,,1.0,1.0,,,,,2036,,,,0.0,,0.0,,0.0
,,,0.0833333358168602,,0.984375,,,,,,,,,,,1.0,1.0,,,,,2037,,,,0.0,,0.0,,0.0
,,,0.078125,,0.9453125,,,,,,,,,,,1.0,1.0,,,,,2038,,,,0.0,,0.0,,0.0
,,,0.2587924003601074,,0.9402427673339844,,,,,,,,,,,1.0,1.0,,,,,2039,,,,0.0,,0.0,,0.0
,,,0.0904017835855484,,0.96875,,,,,,,,,,,1.0,1.0,,,,,2040,,,,0.0,,0.0,,0.0
,,,0.1080729141831398,,0.984375,,,,,,,,,,,1.0,1.0,,,,,2041,,,,0.0,,0.0,,0.0
,,,0.1808905452489853,,0.9940476417541504,,,,,,,,,,,1.0,1.0,,,,,2042,,,,0.0,,0.0,,0.0
,,,0.0693359375,,0.9453125,,,,,,,,,,,1.0,1.0,,,,,2043,,,,0.0,,0.0,,0.0
,,,0.0693359375,,0.9375,,,,,,,,,,,1.0,1.0,,,,,2044,,,,0.0,,0.0,,0.0
,,,0.13763386011123657,,0.9271482229232788,,,,,,,,,,,1.0,1.0,,,,,2045,,,,0.0,,0.0,,0.0
,,,0.1138392835855484,,0.9609375,,,,,,,,,,,1.0,1.0,,,,,2046,,,,0.0,,0.0,,0.0
,,,0.1116071417927742,,0.953125,,,,,,,,,,,1.0,1.0,,,,,2047,,,,0.0,,0.0,,0.0
,,,0.18731527030467987,,0.9556649923324585,,,,,,,,,,,1.0,1.0,,,,,2048,,,,0.0,,0.0,,0.0
,,,0.1341145783662796,,0.9765625,,,,,,,,,,,1.0,1.0,,,,,2049,,,,0.0,,0.0,,0.0
,,,0.1419270783662796,,0.9609375,,,,,,,,,,,1.0,1.0,,,,,2050,,,,0.0,,0.0,,0.0
,,,0.2855765223503113,,0.9866666793823242,,,,,,,,,,,1.0,1.0,,,,,2051,,,,0.0,,0.0,,0.0
,,,0.484375,,1.0,,,,,,,,,,,1.0,1.0,,,,,2052,,,,0.0,,0.0,,0.0
,,,0.109375,,1.0,,,,,,,,,,,1.0,1.0,,,,,2053,,,,0.0,,0.0,,0.0
,,,0.18881669640541077,,1.0,,,,,,,,,,,1.0,1.0,,,,,2054,,,,0.0,,0.0,,0.0
,,,0.0837053582072258,,0.9375,,,,,,,,,,,1.0,1.0,,,,,2055,,,,0.0,,0.0,,0.0
,,,0.080078125,,0.9375,,,,,,,,,,,1.0,1.0,,,,,2056,,,,0.0,,0.0,,0.0
,,,0.1429118812084198,,0.947044312953949,,,,,,,,,,,1.0,1.0,,,,,2057,,,,0.0,,0.0,,0.0
,,,0.1263020783662796,,0.9375,,,,,,,,,,,1.0,1.0,,,,,2058,,,,0.0,,0.0,,0.0
,,,0.17578125,,0.9296875,,,,,,,,,,,1.0,1.0,,,,,2059,,,,0.0,,0.0,,0.0
,,,0.14664381742477417,,0.9522877931594849,,,,,,,,,,,1.0,1.0,,,,,2060,,,,0.0,,0.0,,0.0
,,,0.0633680522441864,,0.9921875,,,,,,,,,,,1.0,1.0,,,,,2061,,,,0.0,,0.0,,0.0
,,,0.06015624850988388,,0.9921875,,,,,,,,,,,1.0,1.0,,,,,2062,,,,0.0,,0.0,,0.0
,,,0.14757835865020752,,0.9843711853027344,,,,,,,,,,,1.0,1.0,,,,,2063,,,,0.0,,0.0,,0.0
,,,0.1037946417927742,,0.984375,,,,,,,,,,,1.0,1.0,,,,,2064,,,,0.0,,0.0,,0.0
,,,0.1026785746216774,,0.9609375,,,,,,,,,,,1.0,1.0,,,,,2065,,,,0.0,,0.0,,0.0
,,,0.23181816935539246,,0.9750000238418579,,,,,,,,,,,1.0,1.0,,,,,2066,,,,0.0,,0.0,,0.0
,,,0.1104910746216774,,0.96875,,,,,,,,,,,1.0,1.0,,,,,2067,,,,0.0,,0.0,,0.0
,,,0.0876736119389534,,0.9765625,,,,,,,,,,,1.0,1.0,,,,,2068,,,,0.0,,0.0,,0.0
,,,0.1745932400226593,,0.953379213809967,,,,,,,,,,,1.0,1.0,,,,,2069,,,,0.0,,0.0,,0.0
,,,0.1004464253783226,,0.9921875,,,,,,,,,,,1.0,1.0,,,,,2070,,,,0.0,,0.0,,0.0
,,,0.1067708358168602,,0.9765625,,,,,,,,,,,1.0,1.0,,,,,2071,,,,0.0,,0.0,,0.0
,,,0.109375,,0.984375,,,,,,,,,,,1.0,1.0,,,,,2072,,,,0.0,,0.0,,0.0
,,,0.06988188624382019,,0.9881889820098877,,,,,,,,,,,1.0,1.0,,,,,2073,,,,0.0,,0.0,,0.0
,,,0.0803571417927742,,0.9296875,,,,,,,,,,,1.0,1.0,,,,,2074,,,,0.0,,0.0,,0.0
,,,0.0673828125,,0.921875,,,,,,,,,,,1.0,1.0,,,,,2075,,,,0.0,,0.0,,0.0
,,,0.1149425283074379,,0.9741379022598267,,,,,,,,,,,1.0,1.0,,,,,2076,,,,0.0,,0.0,,0.0
,,,0.095703125,,0.9453125,,,,,,,,,,,1.0,1.0,,,,,2077,,,,0.0,,0.0,,0.0
,,,0.09765625,,0.9609375,,,,,,,,,,,1.0,1.0,,,,,2078,,,,0.0,,0.0,,0.0
,,,0.18821048736572266,,0.9530619382858276,,,,,,,,,,,1.0,1.0,,,,,2079,,,,0.0,,0.0,,0.0
,,,0.1380208283662796,,0.9921875,,,,,,,,,,,1.0,1.0,,,,,2080,,,,0.0,,0.0,,0.0
,,,0.16718749701976776,,0.953125,,,,,,,,,,,1.0,1.0,,,,,2081,,,,0.0,,0.0,,0.0
,,,0.2829861044883728,,1.0,,,,,,,,,,,1.0,1.0,,,,,2082,,,,0.0,,0.0,,0.0
,,,0.1536458283662796,,1.0,,,,,,,,,,,1.0,1.0,,,,,2083,,,,0.0,,0.0,,0.0
,,,0.1497395783662796,,1.0,,,,,,,,,,,1.0,1.0,,,,,2084,,,,0.0,,0.0,,0.0
,,,0.18729235231876373,,0.9825581312179565,,,,,,,,,,,1.0,1.0,,,,,2085,,,,0.0,,0.0,,0.0
,,,0.10546875,,0.953125,,,,,,,,,,,1.0,1.0,,,,,2086,,,,0.0,,0.0,,0.0
,,,0.078125,,0.9296875,,,,,,,,,,,1.0,1.0,,,,,2087,,,,0.0,,0.0,,0.0
,,,0.1472959816455841,,0.9690265655517578,,,,,,,,,,,1.0,1.0,,,,,2088,,,,0.0,,0.0,,0.0
,,,0.1197916641831398,,0.9375,,,,,,,,,,,1.0,1.0,,,,,2089,,,,0.0,,0.0,,0.0
,,,0.14687499403953552,,0.921875,,,,,,,,,,,1.0,1.0,,,,,2090,,,,0.0,,0.0,,0.0
,,,0.11565656960010529,,0.963131308555603,,,,,,,,,,,1.0,1.0,,,,,2091,,,,0.0,,0.0,,0.0
,,,0.0642361119389534,,1.0,,,,,,,,,,,1.0,1.0,,,,,2092,,,,0.0,,0.0,,0.0
,,,0.0711805522441864,,0.984375,,,,,,,,,,,1.0,1.0,,,,,2093,,,,0.0,,0.0,,0.0
,,,0.17546296119689941,,0.9907407760620117,,,,,,,,,,,1.0,1.0,,,,,2094,,,,0.0,,0.0,,0.0
,,,0.1004464253783226,,0.96875,,,,,,,,,,,1.0,1.0,,,,,2095,,,,0.0,,0.0,,0.0
,,,0.1026785746216774,,0.9765625,,,,,,,,,,,1.0,1.0,,,,,2096,,,,0.0,,0.0,,0.0
,,,0.27559125423431396,,0.9759036302566528,,,,,,,,,,,1.0,1.0,,,,,2097,,,,0.0,,0.0,,0.0
,,,0.1116071417927742,,0.984375,,,,,,,,,,,1.0,1.0,,,,,2098,,,,0.0,,0.0,,0.0
,,,0.0894097238779068,,0.9609375,,,,,,,,,,,1.0,1.0,,,,,2099,,,,0.0,,0.0,,0.0
,,,0.17430609464645386,,0.9542908072471619,,,,,,,,,,,1.0,1.0,,,,,2100,,,,0.0,,0.0,,0.0
,,,0.09375,,0.984375,,,,,,,,,,,1.0,1.0,,,,,2101,,,,0.0,,0.0,,0.0
,,,0.1171875,,0.984375,,,,,,,,,,,1.0,1.0,,,,,2102,,,,0.0,,0.0,,0.0
,,,0.14839424192905426,,0.9941860437393188,,,,,,,,,,,1.0,1.0,,,,,2103,,,,0.0,,0.0,,0.0
,,,0.078125,,0.9453125,,,,,,,,,,,1.0,1.0,,,,,2104,,,,0.0,,0.0,,0.0
,,,0.0758928582072258,,0.9375,,,,,,,,,,,1.0,1.0,,,,,2105,,,,0.0,,0.0,,0.0
,,,0.1773362159729004,,0.9374791979789734,,,,,,,,,,,1.0,1.0,,,,,2106,,,,0.0,,0.0,,0.0
,,,0.0927734375,,0.953125,,,,,,,,,,,1.0,1.0,,,,,2107,,,,0.0,,0.0,,0.0
,,,0.091796875,,0.9296875,,,,,,,,,,,1.0,1.0,,,,,2108,,,,0.0,,0.0,,0.0
,,,0.2075892835855484,,0.9821428656578064,,,,,,,,,,,1.0,1.0,,,,,2109,,,,0.0,,0.0,,0.0
,,,0.1315104216337204,,0.984375,,,,,,,,,,,1.0,1.0,,,,,2110,,,,0.0,,0.0,,0.0
,,,0.1419270783662796,,0.9765625,,,,,,,,,,,1.0,1.0,,,,,2111,,,,0.0,,0.0,,0.0
,,,0.2925407886505127,,0.9871795177459717,,,,,,,,,,,1.0,1.0,,,,,2112,,,,0.0,,0.0,,0.0
,,,0.18906250596046448,,1.0,,,,,,,,,,,1.0,1.0,,,,,2113,,,,0.0,,0.0,,0.0
,,,0.111328125,,1.0,,,,,,,,,,,1.0,1.0,,,,,2114,,,,0.0,,0.0,,0.0
,,,0.1509186327457428,,1.0,,,,,,,,,,,1.0,1.0,,,,,2115,,,,0.0,,0.0,,0.0
22,0.723206102848053,0.7167601585388184,,0.9664900302886963,,,,,,,,,,,,,,140.14678955078125,292737.25,4.942690372467041,388.4540100097656,5082,,,0.0,,0.0,,0.0,
22,,,,,,0.4383707642555237,,0.7527801394462585,,11.363263130187988,,,,,,,,,,,,5082,1.1294145584106445,,,,,,,
,,,,,,,,,,,,,,0.0003795571308082717,0.03,,,,,,,5099,,,,,,,,
23,,,,,,,0.4332698583602905,,0.727428674697876,,10.578125,0.00037954322760924697,0.029999999329447746,,,1.0,1.0,,,,,5099,,1.158860683441162,,,,,,
,,,,,,,,,,,,,,0.0003788562554450825,0.03,,,,,,,5149,,,,,,,,
23,,,,,,,0.43685007095336914,,0.7641094326972961,,11.71875,0.00037884211633354425,0.029999999329447746,,,1.0,1.0,,,,,5149,,1.0495047569274902,,,,,,
,,,,,,,,,,,,,,0.000378144237491711,0.03,,,,,,,5199,,,,,,,,
23,,,,,,,0.4400842487812042,,0.7605587244033813,,11.7265625,0.00037812988739460707,0.029999999329447746,,,1.0,1.0,,,,,5199,,0.8981235027313232,,,,,,
,,,,,,,,,,,,,,0.0003774211213559179,0.03,,,,,,,5249,,,,,,,,
23,,,,,,,0.4477987289428711,,0.7657526135444641,,11.390625,0.0003774065407924354,0.029999999329447746,,,1.0,1.0,,,,,5249,,1.0108165740966797,,,,,,
,,,,,,,,,,,,,,0.0003766869521376454,0.03,,,,,,,5299,,,,,,,,
23,,,,,,,0.43958160281181335,,0.7673403024673462,,12.1640625,0.00037667216383852065,0.029999999329447746,,,1.0,1.0,,,,,5299,,1.3717262744903564,,,,,,
,,,0.0993303582072258,,0.953125,,,,,,,,,,,1.0,1.0,,,,,2116,,,,0.0,,0.0,,0.0
,,,0.14687499403953552,,0.984375,,,,,,,,,,,1.0,1.0,,,,,2117,,,,0.0,,0.0,,0.0
,,,0.19435277581214905,,0.9616795182228088,,,,,,,,,,,1.0,1.0,,,,,2118,,,,0.0,,0.0,,0.0
,,,0.171875,,0.9765625,,,,,,,,,,,1.0,1.0,,,,,2119,,,,0.0,,0.0,,0.0
,,,0.15781250596046448,,0.96875,,,,,,,,,,,1.0,1.0,,,,,2120,,,,0.0,,0.0,,0.0
,,,0.1933760643005371,,0.990384578704834,,,,,,,,,,,1.0,1.0,,,,,2121,,,,0.0,,0.0,,0.0
,,,0.109375,,1.0,,,,,,,,,,,1.0,1.0,,,,,2122,,,,0.0,,0.0,,0.0
,,,0.0824652761220932,,1.0,,,,,,,,,,,1.0,1.0,,,,,2123,,,,0.0,,0.0,,0.0
,,,0.1497427076101303,,1.0,,,,,,,,,,,1.0,1.0,,,,,2124,,,,0.0,,0.0,,0.0
,,,0.1471354216337204,,0.984375,,,,,,,,,,,1.0,1.0,,,,,2125,,,,0.0,,0.0,,0.0
,,,0.1064453125,,1.0,,,,,,,,,,,1.0,1.0,,,,,2126,,,,0.0,,0.0,,0.0
,,,0.1015625,,1.0,,,,,,,,,,,1.0,1.0,,,,,2127,,,,0.0,,0.0,,0.0
,,,0.16562962532043457,,0.972000002861023,,,,,,,,,,,1.0,1.0,,,,,2128,,,,0.0,,0.0,,0.0
,,,0.1138392835855484,,0.9453125,,,,,,,,,,,1.0,1.0,,,,,2129,,,,0.0,,0.0,,0.0
,,,0.0868055522441864,,0.9453125,,,,,,,,,,,1.0,1.0,,,,,2130,,,,0.0,,0.0,,0.0
,,,0.18020541965961456,,0.9789916276931763,,,,,,,,,,,1.0,1.0,,,,,2131,,,,0.0,,0.0,,0.0
,,,0.1071428582072258,,0.96875,,,,,,,,,,,1.0,1.0,,,,,2132,,,,0.0,,0.0,,0.0
,,,0.0927734375,,0.984375,,,,,,,,,,,1.0,1.0,,,,,2133,,,,0.0,,0.0,,0.0
,,,0.17329545319080353,,0.9767315983772278,,,,,,,,,,,1.0,1.0,,,,,2134,,,,0.0,,0.0,,0.0
,,,0.07187499850988388,,0.9609375,,,,,,,,,,,1.0,1.0,,,,,2135,,,,0.0,,0.0,,0.0
,,,0.109375,,0.9296875,,,,,,,,,,,1.0,1.0,,,,,2136,,,,0.0,,0.0,,0.0
,,,0.14730870723724365,,0.9475716352462769,,,,,,,,,,,1.0,1.0,,,,,2137,,,,0.0,,0.0,,0.0
,,,0.0703125,,0.9453125,,,,,,,,,,,1.0,1.0,,,,,2138,,,,0.0,,0.0,,0.0
,,,0.078125,,0.953125,,,,,,,,,,,1.0,1.0,,,,,2139,,,,0.0,,0.0,,0.0
,,,0.13749316334724426,,0.9384236335754395,,,,,,,,,,,1.0,1.0,,,,,2140,,,,0.0,,0.0,,0.0
,,,0.181640625,,0.9921875,,,,,,,,,,,1.0,1.0,,,,,2141,,,,0.0,,0.0,,0.0
,,,0.091796875,,0.9609375,,,,,,,,,,,1.0,1.0,,,,,2142,,,,0.0,,0.0,,0.0
,,,0.17254717648029327,,0.9744654297828674,,,,,,,,,,,1.0,1.0,,,,,2143,,,,0.0,,0.0,,0.0
,,,0.1071428582072258,,0.9765625,,,,,,,,,,,1.0,1.0,,,,,2144,,,,0.0,,0.0,,0.0
,,,0.05781250074505806,,0.9296875,,,,,,,,,,,1.0,1.0,,,,,2145,,,,0.0,,0.0,,0.0
,,,0.1855335235595703,,0.9823529720306396,,,,,,,,,,,1.0,1.0,,,,,2146,,,,0.0,,0.0,,0.0
,,,0.1223958358168602,,0.9453125,,,,,,,,,,,1.0,1.0,,,,,2147,,,,0.0,,0.0,,0.0
,,,0.1026785746216774,,0.984375,,,,,,,,,,,1.0,1.0,,,,,2148,,,,0.0,,0.0,,0.0
,,,0.1709359586238861,,0.9699507355690002,,,,,,,,,,,1.0,1.0,,,,,2149,,,,0.0,,0.0,,0.0
,,,0.1216517835855484,,0.9765625,,,,,,,,,,,1.0,1.0,,,,,2150,,,,0.0,,0.0,,0.0
,,,0.16249999403953552,,0.984375,,,,,,,,,,,1.0,1.0,,,,,2151,,,,0.0,,0.0,,0.0
,,,0.1613653004169464,,0.9836065769195557,,,,,,,,,,,1.0,1.0,,,,,2152,,,,0.0,,0.0,,0.0
,,,0.07968749850988388,,1.0,,,,,,,,,,,1.0,1.0,,,,,2153,,,,0.0,,0.0,,0.0
,,,0.07343749701976776,,1.0,,,,,,,,,,,1.0,1.0,,,,,2154,,,,0.0,,0.0,,0.0
,,,0.14358974993228912,,0.9846153855323792,,,,,,,,,,,1.0,1.0,,,,,2155,,,,0.0,,0.0,,0.0
,,,0.1123046875,,1.0,,,,,,,,,,,1.0,1.0,,,,,2156,,,,0.0,,0.0,,0.0
,,,0.1216517835855484,,1.0,,,,,,,,,,,1.0,1.0,,,,,2157,,,,0.0,,0.0,,0.0
,,,0.18939393758773804,,0.9750000238418579,,,,,,,,,,,1.0,1.0,,,,,2158,,,,0.0,,0.0,,0.0
,,,0.1005859375,,0.9375,,,,,,,,,,,1.0,1.0,,,,,2159,,,,0.0,,0.0,,0.0
,,,0.1005859375,,0.96875,,,,,,,,,,,1.0,1.0,,,,,2160,,,,0.0,,0.0,,0.0
,,,0.14956195652484894,,0.9586983919143677,,,,,,,,,,,1.0,1.0,,,,,2161,,,,0.0,,0.0,,0.0
,,,0.1004464253783226,,0.96875,,,,,,,,,,,1.0,1.0,,,,,2162,,,,0.0,,0.0,,0.0
,,,0.08984375,,0.9765625,,,,,,,,,,,1.0,1.0,,,,,2163,,,,0.0,,0.0,,0.0
,,,0.091796875,,1.0,,,,,,,,,,,1.0,1.0,,,,,2164,,,,0.0,,0.0,,0.0
,,,0.07611548155546188,,0.9724409580230713,,,,,,,,,,,1.0,1.0,,,,,2165,,,,0.0,,0.0,,0.0
,,,0.109375,,0.9609375,,,,,,,,,,,1.0,1.0,,,,,2166,,,,0.0,,0.0,,0.0
,,,0.1004464253783226,,0.9296875,,,,,,,,,,,1.0,1.0,,,,,2167,,,,0.0,,0.0,,0.0
,,,0.1189655214548111,,0.9698275923728943,,,,,,,,,,,1.0,1.0,,,,,2168,,,,0.0,,0.0,,0.0
,,,0.0711805522441864,,0.9296875,,,,,,,,,,,1.0,1.0,,,,,2169,,,,0.0,,0.0,,0.0
,,,0.078125,,0.9453125,,,,,,,,,,,1.0,1.0,,,,,2170,,,,0.0,,0.0,,0.0
,,,0.16717088222503662,,0.9715805053710938,,,,,,,,,,,1.0,1.0,,,,,2171,,,,0.0,,0.0,,0.0
,,,0.15156249701976776,,0.9921875,,,,,,,,,,,1.0,1.0,,,,,2172,,,,0.0,,0.0,,0.0
,,,0.1197916641831398,,0.96875,,,,,,,,,,,1.0,1.0,,,,,2173,,,,0.0,,0.0,,0.0
,,,0.15509259700775146,,0.96875,,,,,,,,,,,1.0,1.0,,,,,2174,,,,0.0,,0.0,,0.0
,,,0.0763888880610466,,0.9296875,,,,,,,,,,,1.0,1.0,,,,,2175,,,,0.0,,0.0,,0.0
,,,0.0737847238779068,,0.9921875,,,,,,,,,,,1.0,1.0,,,,,2176,,,,0.0,,0.0,,0.0
,,,0.19308653473854065,,0.9468438625335693,,,,,,,,,,,1.0,1.0,,,,,2177,,,,0.0,,0.0,,0.0
,,,0.1276041716337204,,0.96875,,,,,,,,,,,1.0,1.0,,,,,2178,,,,0.0,,0.0,,0.0
,,,0.1060267835855484,,0.96875,,,,,,,,,,,1.0,1.0,,,,,2179,,,,0.0,,0.0,,0.0
,,,0.22359882295131683,,0.982300877571106,,,,,,,,,,,1.0,1.0,,,,,2180,,,,0.0,,0.0,,0.0
,,,0.1183035746216774,,0.9765625,,,,,,,,,,,1.0,1.0,,,,,2181,,,,0.0,,0.0,,0.0
,,,0.1194196417927742,,0.96875,,,,,,,,,,,1.0,1.0,,,,,2182,,,,0.0,,0.0,,0.0
,,,0.1661054939031601,,1.0,,,,,,,,,,,1.0,1.0,,,,,2183,,,,0.0,,0.0,,0.0
,,,0.07578124850988388,,1.0,,,,,,,,,,,1.0,1.0,,,,,2184,,,,0.0,,0.0,,0.0
,,,0.07109375298023224,,1.0,,,,,,,,,,,1.0,1.0,,,,,2185,,,,0.0,,0.0,,0.0
,,,0.17037037014961243,,0.9907407760620117,,,,,,,,,,,1.0,1.0,,,,,2186,,,,0.0,,0.0,,0.0
,,,0.109375,,1.0,,,,,,,,,,,1.0,1.0,,,,,2187,,,,0.0,,0.0,,0.0
,,,0.107421875,,1.0,,,,,,,,,,,1.0,1.0,,,,,2188,,,,0.0,,0.0,,0.0
,,,0.16230255365371704,,0.9698795080184937,,,,,,,,,,,1.0,1.0,,,,,2189,,,,0.0,,0.0,,0.0
,,,0.1138392835855484,,0.9609375,,,,,,,,,,,1.0,1.0,,,,,2190,,,,0.0,,0.0,,0.0
,,,0.1183035746216774,,0.953125,,,,,,,,,,,1.0,1.0,,,,,2191,,,,0.0,,0.0,,0.0
,,,0.14987409114837646,,0.9640947580337524,,,,,,,,,,,1.0,1.0,,,,,2192,,,,0.0,,0.0,,0.0
,,,0.0908203125,,0.9765625,,,,,,,,,,,1.0,1.0,,,,,2193,,,,0.0,,0.0,,0.0
,,,0.09375,,0.96875,,,,,,,,,,,1.0,1.0,,,,,2194,,,,0.0,,0.0,,0.0
,,,0.15688446164131165,,1.0,,,,,,,,,,,1.0,1.0,,,,,2195,,,,0.0,,0.0,,0.0
,,,0.06875000149011612,,0.9296875,,,,,,,,,,,1.0,1.0,,,,,2196,,,,0.0,,0.0,,0.0
,,,0.1049107164144516,,0.9453125,,,,,,,,,,,1.0,1.0,,,,,2197,,,,0.0,,0.0,,0.0
,,,0.15074825286865234,,0.9368140697479248,,,,,,,,,,,1.0,1.0,,,,,2198,,,,0.0,,0.0,,0.0
,,,0.0720486119389534,,0.953125,,,,,,,,,,,1.0,1.0,,,,,2199,,,,0.0,,0.0,,0.0
,,,0.080078125,,0.921875,,,,,,,,,,,1.0,1.0,,,,,2200,,,,0.0,,0.0,,0.0
,,,0.14107143878936768,,0.9776785373687744,,,,,,,,,,,1.0,1.0,,,,,2201,,,,0.0,,0.0,,0.0
,,,0.1119791641831398,,0.984375,,,,,,,,,,,1.0,1.0,,,,,2202,,,,0.0,,0.0,,0.0
,,,0.1223958358168602,,0.9765625,,,,,,,,,,,1.0,1.0,,,,,2203,,,,0.0,,0.0,,0.0
,,,0.14869852364063263,,0.941724956035614,,,,,,,,,,,1.0,1.0,,,,,2204,,,,0.0,,0.0,,0.0
,,,0.0927734375,,0.9765625,,,,,,,,,,,1.0,1.0,,,,,2205,,,,0.0,,0.0,,0.0
,,,0.06328125298023224,,0.921875,,,,,,,,,,,1.0,1.0,,,,,2206,,,,0.0,,0.0,,0.0
,,,0.08464566618204117,,0.9685039520263672,,,,,,,,,,,1.0,1.0,,,,,2207,,,,0.0,,0.0,,0.0
23,0.7385732531547546,0.7443716526031494,,0.9689511060714722,,,,,,,,,,,,,,142.88946533203125,205584.921875,4.962071418762207,384.5249328613281,5303,,,0.0,,0.0,,0.0,
23,,,,,,0.43372365832328796,,0.744103193283081,,11.220800399780273,,,,,,,,,,,,5303,1.1287829875946045,,,,,,,
,,,,,,,,,,,,,,0.00037594177562620353,0.03,,,,,,,5349,,,,,,,,
24,,,,,,,0.41427475214004517,,0.7180594205856323,,10.9765625,0.0003759267565328628,0.029999999329447746,,,1.0,1.0,,,,,5349,,0.7419804930686951,,,,,,
,,,,,,,,,,,,,,0.0003751856382974157,0.03,,,,,,,5399,,,,,,,,
24,,,,,,,0.4227014183998108,,0.7177202105522156,,10.6875,0.0003751704061869532,0.029999999329447746,,,1.0,1.0,,,,,5399,,1.0340638160705566,,,,,,
,,,,,,,,,,,,,,0.00037441858731071797,0.03,,,,,,,5449,,,,,,,,
24,,,,,,,0.4156348407268524,,0.7239474058151245,,11.2578125,0.0003744031419046223,0.029999999329447746,,,1.0,1.0,,,,,5449,,1.0132322311401367,,,,,,
,,,,,,,,,,,,,,0.00037364067050622016,0.03,,,,,,,5499,,,,,,,,
24,,,,,,,0.41772225499153137,,0.7216678261756897,,10.953125,0.00037362499278970063,0.029999999329447746,,,1.0,1.0,,,,,5499,,1.1364749670028687,,,,,,
,,,0.05156249925494194,,0.8125,,,,,,,,,,,1.0,1.0,,,,,2208,,,,0.0,,0.0,,0.0
,,,0.0668402761220932,,0.875,,,,,,,,,,,1.0,1.0,,,,,2209,,,,0.0,,0.0,,0.0
,,,0.14334434270858765,,0.8874220848083496,,,,,,,,,,,1.0,1.0,,,,,2210,,,,0.0,,0.0,,0.0
,,,0.125,,0.96875,,,,,,,,,,,1.0,1.0,,,,,2211,,,,0.0,,0.0,,0.0
,,,0.17656250298023224,,0.9921875,,,,,,,,,,,1.0,1.0,,,,,2212,,,,0.0,,0.0,,0.0
,,,0.16203704476356506,,0.9647436141967773,,,,,,,,,,,1.0,1.0,,,,,2213,,,,0.0,,0.0,,0.0
,,,0.05624999850988388,,0.9765625,,,,,,,,,,,1.0,1.0,,,,,2214,,,,0.0,,0.0,,0.0
,,,0.0625,,0.9609375,,,,,,,,,,,1.0,1.0,,,,,2215,,,,0.0,,0.0,,0.0
,,,0.14656947553157806,,0.9858490228652954,,,,,,,,,,,1.0,1.0,,,,,2216,,,,0.0,,0.0,,0.0
,,,0.1083984375,,0.9921875,,,,,,,,,,,1.0,1.0,,,,,2217,,,,0.0,,0.0,,0.0
,,,0.107421875,,1.0,,,,,,,,,,,1.0,1.0,,,,,2218,,,,0.0,,0.0,,0.0
,,,0.1044921875,,0.9921875,,,,,,,,,,,1.0,1.0,,,,,2219,,,,0.0,,0.0,,0.0
,,,0.16385185718536377,,0.9880000352859497,,,,,,,,,,,1.0,1.0,,,,,2220,,,,0.0,,0.0,,0.0
,,,0.0966796875,,0.9765625,,,,,,,,,,,1.0,1.0,,,,,2221,,,,0.0,,0.0,,0.0
,,,0.1015625,,0.9765625,,,,,,,,,,,1.0,1.0,,,,,2222,,,,0.0,,0.0,,0.0
,,,0.1489781141281128,,0.9831932783126831,,,,,,,,,,,1.0,1.0,,,,,2223,,,,0.0,,0.0,,0.0
,,,0.0616319440305233,,0.9375,,,,,,,,,,,1.0,1.0,,,,,2224,,,,0.0,,0.0,,0.0
,,,0.0633680522441864,,0.9765625,,,,,,,,,,,1.0,1.0,,,,,2225,,,,0.0,,0.0,,0.0
,,,0.18262986838817596,,0.9312770366668701,,,,,,,,,,,1.0,1.0,,,,,2226,,,,0.0,,0.0,,0.0
,,,0.11328125,,0.984375,,,,,,,,,,,1.0,1.0,,,,,2227,,,,0.0,,0.0,,0.0
,,,0.1083984375,,0.9921875,,,,,,,,,,,1.0,1.0,,,,,2228,,,,0.0,,0.0,,0.0
,,,0.22255825996398926,,0.9840598106384277,,,,,,,,,,,1.0,1.0,,,,,2229,,,,0.0,,0.0,,0.0
,,,0.0927734375,,0.984375,,,,,,,,,,,1.0,1.0,,,,,2230,,,,0.0,,0.0,,0.0
,,,0.10546875,,0.9921875,,,,,,,,,,,1.0,1.0,,,,,2231,,,,0.0,,0.0,,0.0
,,,0.16425834596157074,,0.984236478805542,,,,,,,,,,,1.0,1.0,,,,,2232,,,,0.0,,0.0,,0.0
,,,0.1380208283662796,,0.96875,,,,,,,,,,,1.0,1.0,,,,,2233,,,,0.0,,0.0,,0.0
,,,0.07968749850988388,,0.9375,,,,,,,,,,,1.0,1.0,,,,,2234,,,,0.0,,0.0,,0.0
,,,0.20515722036361694,,1.0,,,,,,,,,,,1.0,1.0,,,,,2235,,,,0.0,,0.0,,0.0
,,,0.08828125149011612,,0.9921875,,,,,,,,,,,1.0,1.0,,,,,2236,,,,0.0,,0.0,,0.0
,,,0.0885416641831398,,0.984375,,,,,,,,,,,1.0,1.0,,,,,2237,,,,0.0,,0.0,,0.0
,,,0.17417921125888824,,0.9242134094238281,,,,,,,,,,,1.0,1.0,,,,,2238,,,,0.0,,0.0,,0.0
,,,0.0581597238779068,,0.8125,,,,,,,,,,,1.0,1.0,,,,,2239,,,,0.0,,0.0,,0.0
,,,0.05859375,,0.875,,,,,,,,,,,1.0,1.0,,,,,2240,,,,0.0,,0.0,,0.0
,,,0.1546250730752945,,0.8852217197418213,,,,,,,,,,,1.0,1.0,,,,,2241,,,,0.0,,0.0,,0.0
,,,0.125,,0.9765625,,,,,,,,,,,1.0,1.0,,,,,2242,,,,0.0,,0.0,,0.0
,,,0.1458333283662796,,0.9921875,,,,,,,,,,,1.0,1.0,,,,,2243,,,,0.0,,0.0,,0.0
,,,0.14017616212368011,,0.9612184762954712,,,,,,,,,,,1.0,1.0,,,,,2244,,,,0.0,,0.0,,0.0
,,,0.05390625074505806,,0.96875,,,,,,,,,,,1.0,1.0,,,,,2245,,,,0.0,,0.0,,0.0
,,,0.0642361119389534,,0.9609375,,,,,,,,,,,1.0,1.0,,,,,2246,,,,0.0,,0.0,,0.0
,,,0.14026862382888794,,0.9920635223388672,,,,,,,,,,,1.0,1.0,,,,,2247,,,,0.0,,0.0,,0.0
,,,0.1261160671710968,,0.9921875,,,,,,,,,,,1.0,1.0,,,,,2248,,,,0.0,,0.0,,0.0
,,,0.103515625,,0.984375,,,,,,,,,,,1.0,1.0,,,,,2249,,,,0.0,,0.0,,0.0
,,,0.21107953786849976,,0.9750000238418579,,,,,,,,,,,1.0,1.0,,,,,2250,,,,0.0,,0.0,,0.0
,,,0.099609375,,0.9921875,,,,,,,,,,,1.0,1.0,,,,,2251,,,,0.0,,0.0,,0.0
,,,0.13671875,,0.96875,,,,,,,,,,,1.0,1.0,,,,,2252,,,,0.0,,0.0,,0.0
,,,0.14094007015228271,,0.9599499702453613,,,,,,,,,,,1.0,1.0,,,,,2253,,,,0.0,,0.0,,0.0
,,,0.0659722238779068,,0.953125,,,,,,,,,,,1.0,1.0,,,,,2254,,,,0.0,,0.0,,0.0
,,,0.0590277761220932,,0.96875,,,,,,,,,,,1.0,1.0,,,,,2255,,,,0.0,,0.0,,0.0
,,,0.0694444477558136,,0.9296875,,,,,,,,,,,1.0,1.0,,,,,2256,,,,0.0,,0.0,,0.0
,,,0.10728346556425095,,0.9881889820098877,,,,,,,,,,,1.0,1.0,,,,,2257,,,,0.0,,0.0,,0.0
,,,0.1294642835855484,,0.9921875,,,,,,,,,,,1.0,1.0,,,,,2258,,,,0.0,,0.0,,0.0
,,,0.107421875,,0.9765625,,,,,,,,,,,1.0,1.0,,,,,2259,,,,0.0,,0.0,,0.0
,,,0.15740740299224854,,0.9913793206214905,,,,,,,,,,,1.0,1.0,,,,,2260,,,,0.0,,0.0,,0.0
,,,0.109375,,0.984375,,,,,,,,,,,1.0,1.0,,,,,2261,,,,0.0,,0.0,,0.0
,,,0.1015625,,0.984375,,,,,,,,,,,1.0,1.0,,,,,2262,,,,0.0,,0.0,,0.0
,,,0.1971488893032074,,0.985148549079895,,,,,,,,,,,1.0,1.0,,,,,2263,,,,0.0,,0.0,,0.0
,,,0.1194196417927742,,0.9765625,,,,,,,,,,,1.0,1.0,,,,,2264,,,,0.0,,0.0,,0.0
,,,0.07578124850988388,,0.953125,,,,,,,,,,,1.0,1.0,,,,,2265,,,,0.0,,0.0,,0.0
,,,0.2366071343421936,,1.0,,,,,,,,,,,1.0,1.0,,,,,2266,,,,0.0,,0.0,,0.0
,,,0.0920138880610466,,0.9921875,,,,,,,,,,,1.0,1.0,,,,,2267,,,,0.0,,0.0,,0.0
,,,0.08359374850988388,,0.96875,,,,,,,,,,,1.0,1.0,,,,,2268,,,,0.0,,0.0,,0.0
,,,0.15208564698696136,,0.9066998958587646,,,,,,,,,,,1.0,1.0,,,,,2269,,,,0.0,,0.0,,0.0
,,,0.05781250074505806,,0.8359375,,,,,,,,,,,1.0,1.0,,,,,2270,,,,0.0,,0.0,,0.0
,,,0.05624999850988388,,0.84375,,,,,,,,,,,1.0,1.0,,,,,2271,,,,0.0,,0.0,,0.0
,,,0.1630285084247589,,0.9445427656173706,,,,,,,,,,,1.0,1.0,,,,,2272,,,,0.0,,0.0,,0.0
,,,0.1216517835855484,,0.984375,,,,,,,,,,,1.0,1.0,,,,,2273,,,,0.0,,0.0,,0.0
,,,0.1458333283662796,,0.984375,,,,,,,,,,,1.0,1.0,,,,,2274,,,,0.0,,0.0,,0.0
,,,0.13595959544181824,,0.9540404081344604,,,,,,,,,,,1.0,1.0,,,,,2275,,,,0.0,,0.0,,0.0
,,,0.0607638880610466,,0.96875,,,,,,,,,,,1.0,1.0,,,,,2276,,,,0.0,,0.0,,0.0
,,,0.05703125149011612,,0.953125,,,,,,,,,,,1.0,1.0,,,,,2277,,,,0.0,,0.0,,0.0
,,,0.16584362089633942,,0.9953703880310059,,,,,,,,,,,1.0,1.0,,,,,2278,,,,0.0,,0.0,,0.0
,,,0.1227678582072258,,0.9921875,,,,,,,,,,,1.0,1.0,,,,,2279,,,,0.0,,0.0,,0.0
,,,0.1064453125,,0.9921875,,,,,,,,,,,1.0,1.0,,,,,2280,,,,0.0,,0.0,,0.0
,,,0.2079651951789856,,0.9759036302566528,,,,,,,,,,,1.0,1.0,,,,,2281,,,,0.0,,0.0,,0.0
,,,0.1015625,,0.9921875,,,,,,,,,,,1.0,1.0,,,,,2282,,,,0.0,,0.0,,0.0
,,,0.1216517835855484,,0.984375,,,,,,,,,,,1.0,1.0,,,,,2283,,,,0.0,,0.0,,0.0
,,,0.12253628671169281,,0.9544181227684021,,,,,,,,,,,1.0,1.0,,,,,2284,,,,0.0,,0.0,,0.0
,,,0.0616319440305233,,0.9375,,,,,,,,,,,1.0,1.0,,,,,2285,,,,0.0,,0.0,,0.0
,,,0.0677083358168602,,0.9765625,,,,,,,,,,,1.0,1.0,,,,,2286,,,,0.0,,0.0,,0.0
,,,0.16506706178188324,,0.9532115459442139,,,,,,,,,,,1.0,1.0,,,,,2287,,,,0.0,,0.0,,0.0
,,,0.0954861119389534,,0.9765625,,,,,,,,,,,1.0,1.0,,,,,2288,,,,0.0,,0.0,,0.0
,,,0.1123046875,,1.0,,,,,,,,,,,1.0,1.0,,,,,2289,,,,0.0,,0.0,,0.0
,,,0.23910874128341675,,0.9845360517501831,,,,,,,,,,,1.0,1.0,,,,,2290,,,,0.0,,0.0,,0.0
,,,0.0789930522441864,,0.984375,,,,,,,,,,,1.0,1.0,,,,,2291,,,,0.0,,0.0,,0.0
,,,0.0876736119389534,,0.9765625,,,,,,,,,,,1.0,1.0,,,,,2292,,,,0.0,,0.0,,0.0
,,,0.1825396716594696,,0.9910714626312256,,,,,,,,,,,1.0,1.0,,,,,2293,,,,0.0,,0.0,,0.0
,,,0.1315104216337204,,0.9765625,,,,,,,,,,,1.0,1.0,,,,,2294,,,,0.0,,0.0,,0.0
,,,0.08124999701976776,,0.953125,,,,,,,,,,,1.0,1.0,,,,,2295,,,,0.0,,0.0,,0.0
,,,0.18813131749629974,,0.9914529919624329,,,,,,,,,,,1.0,1.0,,,,,2296,,,,0.0,,0.0,,0.0
,,,0.08749999850988388,,1.0,,,,,,,,,,,1.0,1.0,,,,,2297,,,,0.0,,0.0,,0.0
,,,0.0894097238779068,,0.9765625,,,,,,,,,,,1.0,1.0,,,,,2298,,,,0.0,,0.0,,0.0
,,,0.1430446207523346,,0.9763779640197754,,,,,,,,,,,1.0,1.0,,,,,2299,,,,0.0,,0.0,,0.0
24,0.7381283044815063,0.7502070069313049,,0.9625700116157532,,,,,,,,,,,,,,144.2296600341797,163597.015625,4.971406936645508,380.0634460449219,5524,,,0.0,,0.0,,0.0,
24,,,,,,0.4278382956981659,,0.7348849773406982,,11.117258071899414,,,,,,,,,,,,5524,1.1216089725494385,,,,,,,
,,,,,,,,,,,,,,0.0003728519364017202,0.03,,,,,,,5549,,,,,,,,
25,,,,,,,0.4319925308227539,,0.7545688152313232,,11.765625,0.0003728360461536795,0.029999999329447746,,,1.0,1.0,,,,,5549,,1.177881121635437,,,,,,
,,,,,,,,,,,,,,0.0003720524341896794,0.03,,,,,,,5599,,,,,,,,
25,,,,,,,0.43777549266815186,,0.7305116653442383,,10.53125,0.00037203633110038936,0.029999999329447746,,,1.0,1.0,,,,,5599,,1.3522841930389404,,,,,,
,,,,,,,,,,,,,,0.0003712422137341534,0.03,,,,,,,5649,,,,,,,,
25,,,,,,,0.4140322804450989,,0.7398481965065002,,12.1640625,0.00037122590583749115,0.029999999329447746,,,1.0,1.0,,,,,5649,,1.0858927965164185,,,,,,
,,,,,,,,,,,,,,0.000370421325567683,0.03,,,,,,,5699,,,,,,,,
25,,,,,,,0.4244405925273895,,0.7410200238227844,,11.3515625,0.0003704047994688153,0.029999999329447746,,,1.0,1.0,,,,,5699,,1.253330945968628,,,,,,
,,,0.0633680522441864,,0.9140625,,,,,,,,,,,1.0,1.0,,,,,2300,,,,0.0,,0.0,,0.0
,,,0.0771484375,,0.96875,,,,,,,,,,,1.0,1.0,,,,,2301,,,,0.0,,0.0,,0.0
,,,0.17395490407943726,,0.9048404693603516,,,,,,,,,,,1.0,1.0,,,,,2302,,,,0.0,,0.0,,0.0
,,,0.1302083283662796,,0.9765625,,,,,,,,,,,1.0,1.0,,,,,2303,,,,0.0,,0.0,,0.0
,,,0.1484375,,1.0,,,,,,,,,,,1.0,1.0,,,,,2304,,,,0.0,,0.0,,0.0
,,,0.3057692348957062,,0.9855769276618958,,,,,,,,,,,1.0,1.0,,,,,2305,,,,0.0,,0.0,,0.0
,,,0.1025390625,,1.0,,,,,,,,,,,1.0,1.0,,,,,2306,,,,0.0,,0.0,,0.0
,,,0.1354166716337204,,1.0,,,,,,,,,,,1.0,1.0,,,,,2307,,,,0.0,,0.0,,0.0
,,,0.14532113075256348,,0.9451115131378174,,,,,,,,,,,1.0,1.0,,,,,2308,,,,0.0,,0.0,,0.0
,,,0.0888671875,,0.9609375,,,,,,,,,,,1.0,1.0,,,,,2309,,,,0.0,,0.0,,0.0
,,,0.0870535746216774,,0.953125,,,,,,,,,,,1.0,1.0,,,,,2310,,,,0.0,,0.0,,0.0
,,,0.1004464253783226,,0.9296875,,,,,,,,,,,1.0,1.0,,,,,2311,,,,0.0,,0.0,,0.0
,,,0.15851852297782898,,0.9480000138282776,,,,,,,,,,,1.0,1.0,,,,,2312,,,,0.0,,0.0,,0.0
,,,0.0763888880610466,,0.9140625,,,,,,,,,,,1.0,1.0,,,,,2313,,,,0.0,,0.0,,0.0
,,,0.06640625,,0.8671875,,,,,,,,,,,1.0,1.0,,,,,2314,,,,0.0,,0.0,,0.0
,,,0.15924888849258423,,0.9360411167144775,,,,,,,,,,,1.0,1.0,,,,,2315,,,,0.0,,0.0,,0.0
,,,0.109375,,0.96875,,,,,,,,,,,1.0,1.0,,,,,2316,,,,0.0,,0.0,,0.0
,,,0.0908203125,,0.9765625,,,,,,,,,,,1.0,1.0,,,,,2317,,,,0.0,,0.0,,0.0
,,,0.32186147570610046,,1.0,,,,,,,,,,,1.0,1.0,,,,,2318,,,,0.0,,0.0,,0.0
,,,0.1205357164144516,,0.984375,,,,,,,,,,,1.0,1.0,,,,,2319,,,,0.0,,0.0,,0.0
,,,0.17343750596046448,,1.0,,,,,,,,,,,1.0,1.0,,,,,2320,,,,0.0,,0.0,,0.0
,,,0.25126609206199646,,0.965753436088562,,,,,,,,,,,1.0,1.0,,,,,2321,,,,0.0,,0.0,,0.0
,,,0.0915178582072258,,0.953125,,,,,,,,,,,1.0,1.0,,,,,2322,,,,0.0,,0.0,,0.0
,,,0.0789930522441864,,0.953125,,,,,,,,,,,1.0,1.0,,,,,2323,,,,0.0,,0.0,,0.0
,,,0.19310344755649567,,0.9541871547698975,,,,,,,,,,,1.0,1.0,,,,,2324,,,,0.0,,0.0,,0.0
,,,0.16718749701976776,,0.984375,,,,,,,,,,,1.0,1.0,,,,,2325,,,,0.0,,0.0,,0.0
,,,0.1083984375,,0.9765625,,,,,,,,,,,1.0,1.0,,,,,2326,,,,0.0,,0.0,,0.0
,,,0.2648637294769287,,0.9905660152435303,,,,,,,,,,,1.0,1.0,,,,,2327,,,,0.0,,0.0,,0.0
,,,0.1160714253783226,,1.0,,,,,,,,,,,1.0,1.0,,,,,2328,,,,0.0,,0.0,,0.0
,,,0.0810546875,,1.0,,,,,,,,,,,1.0,1.0,,,,,2329,,,,0.0,,0.0,,0.0
,,,0.1784883737564087,,0.9941176176071167,,,,,,,,,,,1.0,1.0,,,,,2330,,,,0.0,,0.0,,0.0
,,,0.0837053582072258,,0.8984375,,,,,,,,,,,1.0,1.0,,,,,2331,,,,0.0,,0.0,,0.0
,,,0.0685763880610466,,0.9609375,,,,,,,,,,,1.0,1.0,,,,,2332,,,,0.0,,0.0,,0.0
,,,0.19479238986968994,,0.9283251166343689,,,,,,,,,,,1.0,1.0,,,,,2333,,,,0.0,,0.0,,0.0
,,,0.1315104216337204,,0.984375,,,,,,,,,,,1.0,1.0,,,,,2334,,,,0.0,,0.0,,0.0
,,,0.1796875,,0.984375,,,,,,,,,,,1.0,1.0,,,,,2335,,,,0.0,,0.0,,0.0
,,,0.1955590844154358,,0.9836065769195557,,,,,,,,,,,1.0,1.0,,,,,2336,,,,0.0,,0.0,,0.0
,,,0.1025390625,,1.0,,,,,,,,,,,1.0,1.0,,,,,2337,,,,0.0,,0.0,,0.0
,,,0.07734374701976776,,0.9921875,,,,,,,,,,,1.0,1.0,,,,,2338,,,,0.0,,0.0,,0.0
,,,0.15308642387390137,,0.9615384340286255,,,,,,,,,,,1.0,1.0,,,,,2339,,,,0.0,,0.0,,0.0
,,,0.091796875,,0.9609375,,,,,,,,,,,1.0,1.0,,,,,2340,,,,0.0,,0.0,,0.0
,,,0.0926339253783226,,0.9765625,,,,,,,,,,,1.0,1.0,,,,,2341,,,,0.0,,0.0,,0.0
,,,0.1666666716337204,,0.9340909123420715,,,,,,,,,,,1.0,1.0,,,,,2342,,,,0.0,,0.0,,0.0
,,,0.0807291641831398,,0.890625,,,,,,,,,,,1.0,1.0,,,,,2343,,,,0.0,,0.0,,0.0
,,,0.0789930522441864,,0.8984375,,,,,,,,,,,1.0,1.0,,,,,2344,,,,0.0,,0.0,,0.0
,,,0.13704630732536316,,0.9161452054977417,,,,,,,,,,,1.0,1.0,,,,,2345,,,,0.0,,0.0,,0.0
,,,0.0908203125,,0.984375,,,,,,,,,,,1.0,1.0,,,,,2346,,,,0.0,,0.0,,0.0
,,,0.08203125,,0.96875,,,,,,,,,,,1.0,1.0,,,,,2347,,,,0.0,,0.0,,0.0
,,,0.1060267835855484,,0.9921875,,,,,,,,,,,1.0,1.0,,,,,2348,,,,0.0,,0.0,,0.0
,,,0.12598425149917603,,0.9960629940032959,,,,,,,,,,,1.0,1.0,,,,,2349,,,,0.0,,0.0,,0.0
,,,0.1380208283662796,,0.9921875,,,,,,,,,,,1.0,1.0,,,,,2350,,,,0.0,,0.0,,0.0
,,,0.21875,,1.0,,,,,,,,,,,1.0,1.0,,,,,2351,,,,0.0,,0.0,,0.0
,,,0.17995689809322357,,0.9698275923728943,,,,,,,,,,,1.0,1.0,,,,,2352,,,,0.0,,0.0,,0.0
,,,0.0959821417927742,,0.9453125,,,,,,,,,,,1.0,1.0,,,,,2353,,,,0.0,,0.0,,0.0
,,,0.1026785746216774,,0.96875,,,,,,,,,,,1.0,1.0,,,,,2354,,,,0.0,,0.0,,0.0
,,,0.23028969764709473,,0.9616795182228088,,,,,,,,,,,1.0,1.0,,,,,2355,,,,0.0,,0.0,,0.0
,,,0.1458333283662796,,0.984375,,,,,,,,,,,1.0,1.0,,,,,2356,,,,0.0,,0.0,,0.0
,,,0.1432291716337204,,0.984375,,,,,,,,,,,1.0,1.0,,,,,2357,,,,0.0,,0.0,,0.0
,,,0.224702388048172,,0.9947916269302368,,,,,,,,,,,1.0,1.0,,,,,2358,,,,0.0,,0.0,,0.0
,,,0.0947265625,,1.0,,,,,,,,,,,1.0,1.0,,,,,2359,,,,0.0,,0.0,,0.0
,,,0.087890625,,0.9921875,,,,,,,,,,,1.0,1.0,,,,,2360,,,,0.0,,0.0,,0.0
,,,0.22794389724731445,,0.9825581312179565,,,,,,,,,,,1.0,1.0,,,,,2361,,,,0.0,,0.0,,0.0
,,,0.0771484375,,0.9140625,,,,,,,,,,,1.0,1.0,,,,,2362,,,,0.0,,0.0,,0.0
,,,0.0771484375,,0.9375,,,,,,,,,,,1.0,1.0,,,,,2363,,,,0.0,,0.0,,0.0
,,,0.2109566032886505,,0.9445427656173706,,,,,,,,,,,1.0,1.0,,,,,2364,,,,0.0,,0.0,,0.0
,,,0.1302083283662796,,0.9921875,,,,,,,,,,,1.0,1.0,,,,,2365,,,,0.0,,0.0,,0.0
,,,0.1953125,,0.96875,,,,,,,,,,,1.0,1.0,,,,,2366,,,,0.0,,0.0,,0.0
,,,0.17184343934059143,,1.0,,,,,,,,,,,1.0,1.0,,,,,2367,,,,0.0,,0.0,,0.0
,,,0.1216517835855484,,1.0,,,,,,,,,,,1.0,1.0,,,,,2368,,,,0.0,,0.0,,0.0
,,,0.06875000149011612,,0.9921875,,,,,,,,,,,1.0,1.0,,,,,2369,,,,0.0,,0.0,,0.0
,,,0.21666666865348816,,0.9722222089767456,,,,,,,,,,,1.0,1.0,,,,,2370,,,,0.0,,0.0,,0.0
,,,0.0849609375,,0.953125,,,,,,,,,,,1.0,1.0,,,,,2371,,,,0.0,,0.0,,0.0
,,,0.1015625,,0.9765625,,,,,,,,,,,1.0,1.0,,,,,2372,,,,0.0,,0.0,,0.0
,,,0.17209579050540924,,0.9244979619979858,,,,,,,,,,,1.0,1.0,,,,,2373,,,,0.0,,0.0,,0.0
,,,0.0908203125,,0.921875,,,,,,,,,,,1.0,1.0,,,,,2374,,,,0.0,,0.0,,0.0
,,,0.0824652761220932,,0.8671875,,,,,,,,,,,1.0,1.0,,,,,2375,,,,0.0,,0.0,,0.0
,,,0.13353705406188965,,0.9150751233100891,,,,,,,,,,,1.0,1.0,,,,,2376,,,,0.0,,0.0,,0.0
,,,0.1119791641831398,,0.96875,,,,,,,,,,,1.0,1.0,,,,,2377,,,,0.0,,0.0,,0.0
,,,0.09375,,0.9765625,,,,,,,,,,,1.0,1.0,,,,,2378,,,,0.0,,0.0,,0.0
,,,0.23232083022594452,,1.0,,,,,,,,,,,1.0,1.0,,,,,2379,,,,0.0,,0.0,,0.0
,,,0.1205357164144516,,1.0,,,,,,,,,,,1.0,1.0,,,,,2380,,,,0.0,,0.0,,0.0
,,,0.1419270783662796,,0.9921875,,,,,,,,,,,1.0,1.0,,,,,2381,,,,0.0,,0.0,,0.0
,,,0.32803457975387573,,0.9838709831237793,,,,,,,,,,,1.0,1.0,,,,,2382,,,,0.0,,0.0,,0.0
,,,0.0791015625,,0.9453125,,,,,,,,,,,1.0,1.0,,,,,2383,,,,0.0,,0.0,,0.0
,,,0.0888671875,,0.9453125,,,,,,,,,,,1.0,1.0,,,,,2384,,,,0.0,,0.0,,0.0
,,,0.2087053656578064,,0.9866071343421936,,,,,,,,,,,1.0,1.0,,,,,2385,,,,0.0,,0.0,,0.0
,,,0.16875000298023224,,0.953125,,,,,,,,,,,1.0,1.0,,,,,2386,,,,0.0,,0.0,,0.0
,,,0.1471354216337204,,0.984375,,,,,,,,,,,1.0,1.0,,,,,2387,,,,0.0,,0.0,,0.0
,,,0.2982128858566284,,1.0,,,,,,,,,,,1.0,1.0,,,,,2388,,,,0.0,,0.0,,0.0
,,,0.1138392835855484,,0.9921875,,,,,,,,,,,1.0,1.0,,,,,2389,,,,0.0,,0.0,,0.0
,,,0.0888671875,,1.0,,,,,,,,,,,1.0,1.0,,,,,2390,,,,0.0,,0.0,,0.0
,,,0.13385826349258423,,0.9921259880065918,,,,,,,,,,,1.0,1.0,,,,,2391,,,,0.0,,0.0,,0.0
25,0.734143853187561,0.7414951920509338,,0.9653977751731873,,,,,,,,,,,,,,143.0732879638672,127087.171875,4.963356971740723,378.5257568359375,5745,,,0.0,,0.0,,0.0,
25,,,,,,0.4243095815181732,,0.7299059629440308,,11.052106857299805,,,,,,,,,,,,5745,1.1443970203399658,,,,,,,
,,,,,,,,,,,,,,0.0003695898208881418,0.03,,,,,,,5749,,,,,,,,
26,,,,,,,0.4056794047355652,,0.7193158864974976,,11.4296875,0.0003695730702020228,0.029999999329447746,,,1.0,1.0,,,,,5749,,0.8560073971748352,,,,,,
,,,,,,,,,,,,,,0.0003687477515555439,0.03,,,,,,,5799,,,,,,,,
26,,,,,,,0.4626162648200989,,0.7453440427780151,,9.890625,0.0003687308053486049,0.029999999329447746,,,1.0,1.0,,,,,5799,,1.0995104312896729,,,,,,
,,,,,,,,,,,,,,0.0003678951700888084,0.03,,,,,,,5849,,,,,,,,
26,,,,,,,0.42304152250289917,,0.7213832139968872,,10.734375,0.0003678780049085617,0.029999999329447746,,,1.0,1.0,,,,,5849,,1.0484215021133423,,,,,,
,,,,,,,,,,,,,,0.00036703212966248517,0.03,,,,,,,5899,,,,,,,,
26,,,,,,,0.41373410820961,,0.7134128212928772,,10.6953125,0.00036701475619338453,0.029999999329447746,,,1.0,1.0,,,,,5899,,0.9259393215179443,,,,,,
,,,,,,,,,,,,,,0.00036615868410343655,0.03,,,,,,,5949,,,,,,,,
26,,,,,,,0.4235033094882965,,0.7179170250892639,,10.4765625,0.0003661411174107343,0.029999999329447746,,,1.0,1.0,,,,,5949,,1.549385666847229,,,,,,
,,,0.125,,0.9921875,,,,,,,,,,,1.0,1.0,,,,,2392,,,,0.0,,0.0,,0.0
,,,0.09375,,0.984375,,,,,,,,,,,1.0,1.0,,,,,2393,,,,0.0,,0.0,,0.0
,,,0.18261826038360596,,0.9666299819946289,,,,,,,,,,,1.0,1.0,,,,,2394,,,,0.0,,0.0,,0.0
,,,0.220703125,,0.9921875,,,,,,,,,,,1.0,1.0,,,,,2395,,,,0.0,,0.0,,0.0
,,,0.1640625,,0.96875,,,,,,,,,,,1.0,1.0,,,,,2396,,,,0.0,,0.0,,0.0
,,,0.16826923191547394,,0.9695512652397156,,,,,,,,,,,1.0,1.0,,,,,2397,,,,0.0,,0.0,,0.0
,,,0.0477430559694767,,0.9609375,,,,,,,,,,,1.0,1.0,,,,,2398,,,,0.0,,0.0,,0.0
,,,0.0538194440305233,,0.9296875,,,,,,,,,,,1.0,1.0,,,,,2399,,,,0.0,,0.0,,0.0
,,,0.09699828922748566,,0.9301029443740845,,,,,,,,,,,1.0,1.0,,,,,2400,,,,0.0,,0.0,,0.0
,,,0.11328125,,0.9765625,,,,,,,,,,,1.0,1.0,,,,,2401,,,,0.0,,0.0,,0.0
,,,0.0712890625,,0.984375,,,,,,,,,,,1.0,1.0,,,,,2402,,,,0.0,,0.0,,0.0
,,,0.0859375,,0.9765625,,,,,,,,,,,1.0,1.0,,,,,2403,,,,0.0,,0.0,,0.0
,,,0.14426666498184204,,0.9760000109672546,,,,,,,,,,,1.0,1.0,,,,,2404,,,,0.0,,0.0,,0.0
,,,0.1037946417927742,,0.9609375,,,,,,,,,,,1.0,1.0,,,,,2405,,,,0.0,,0.0,,0.0
,,,0.091796875,,0.90625,,,,,,,,,,,1.0,1.0,,,,,2406,,,,0.0,,0.0,,0.0
,,,0.17180205881595612,,0.9915966391563416,,,,,,,,,,,1.0,1.0,,,,,2407,,,,0.0,,0.0,,0.0
,,,0.0792410746216774,,0.9921875,,,,,,,,,,,1.0,1.0,,,,,2408,,,,0.0,,0.0,,0.0
,,,0.0633680522441864,,0.96875,,,,,,,,,,,1.0,1.0,,,,,2409,,,,0.0,,0.0,,0.0
,,,0.13588263094425201,,0.9583333730697632,,,,,,,,,,,1.0,1.0,,,,,2410,,,,0.0,,0.0,,0.0
,,,0.0870535746216774,,0.890625,,,,,,,,,,,1.0,1.0,,,,,2411,,,,0.0,,0.0,,0.0
,,,0.0771484375,,0.921875,,,,,,,,,,,1.0,1.0,,,,,2412,,,,0.0,,0.0,,0.0
,,,0.13581568002700806,,0.8953922986984253,,,,,,,,,,,1.0,1.0,,,,,2413,,,,0.0,,0.0,,0.0
,,,0.1160714253783226,,0.984375,,,,,,,,,,,1.0,1.0,,,,,2414,,,,0.0,,0.0,,0.0
,,,0.1393229216337204,,0.984375,,,,,,,,,,,1.0,1.0,,,,,2415,,,,0.0,,0.0,,0.0
,,,0.1940886676311493,,0.9770935773849487,,,,,,,,,,,1.0,1.0,,,,,2416,,,,0.0,,0.0,,0.0
,,,0.16562500596046448,,0.96875,,,,,,,,,,,1.0,1.0,,,,,2417,,,,0.0,,0.0,,0.0
,,,0.107421875,,0.984375,,,,,,,,,,,1.0,1.0,,,,,2418,,,,0.0,,0.0,,0.0
,,,0.22292453050613403,,1.0,,,,,,,,,,,1.0,1.0,,,,,2419,,,,0.0,,0.0,,0.0
,,,0.1588541716337204,,1.0,,,,,,,,,,,1.0,1.0,,,,,2420,,,,0.0,,0.0,,0.0
,,,0.18593749403953552,,1.0,,,,,,,,,,,1.0,1.0,,,,,2421,,,,0.0,,0.0,,0.0
,,,0.21939124166965485,,0.9941176176071167,,,,,,,,,,,1.0,1.0,,,,,2422,,,,0.0,,0.0,,0.0
,,,0.1015625,,0.9765625,,,,,,,,,,,1.0,1.0,,,,,2423,,,,0.0,,0.0,,0.0
,,,0.0927734375,,0.9765625,,,,,,,,,,,1.0,1.0,,,,,2424,,,,0.0,,0.0,,0.0
,,,0.22301197052001953,,0.9770935773849487,,,,,,,,,,,1.0,1.0,,,,,2425,,,,0.0,,0.0,,0.0
,,,0.1380208283662796,,0.9921875,,,,,,,,,,,1.0,1.0,,,,,2426,,,,0.0,,0.0,,0.0
,,,0.208984375,,0.96875,,,,,,,,,,,1.0,1.0,,,,,2427,,,,0.0,,0.0,,0.0
,,,0.12674333155155182,,0.9694151878356934,,,,,,,,,,,1.0,1.0,,,,,2428,,,,0.0,,0.0,,0.0
,,,0.0529513880610466,,0.9609375,,,,,,,,,,,1.0,1.0,,,,,2429,,,,0.0,,0.0,,0.0
,,,0.0576171875,,0.890625,,,,,,,,,,,1.0,1.0,,,,,2430,,,,0.0,,0.0,,0.0
,,,0.10904897749423981,,0.9528693556785583,,,,,,,,,,,1.0,1.0,,,,,2431,,,,0.0,,0.0,,0.0
,,,0.08203125,,0.984375,,,,,,,,,,,1.0,1.0,,,,,2432,,,,0.0,,0.0,,0.0
,,,0.08203125,,0.984375,,,,,,,,,,,1.0,1.0,,,,,2433,,,,0.0,,0.0,,0.0
,,,0.16085858643054962,,0.969318151473999,,,,,,,,,,,1.0,1.0,,,,,2434,,,,0.0,,0.0,,0.0
,,,0.09375,,0.9609375,,,,,,,,,,,1.0,1.0,,,,,2435,,,,0.0,,0.0,,0.0
,,,0.0833333358168602,,0.9453125,,,,,,,,,,,1.0,1.0,,,,,2436,,,,0.0,,0.0,,0.0
,,,0.15691488981246948,,0.953379213809967,,,,,,,,,,,1.0,1.0,,,,,2437,,,,0.0,,0.0,,0.0
,,,0.0904017835855484,,0.984375,,,,,,,,,,,1.0,1.0,,,,,2438,,,,0.0,,0.0,,0.0
,,,0.0712890625,,0.9765625,,,,,,,,,,,1.0,1.0,,,,,2439,,,,0.0,,0.0,,0.0
,,,0.072265625,,0.9921875,,,,,,,,,,,1.0,1.0,,,,,2440,,,,0.0,,0.0,,0.0
,,,0.06561680138111115,,0.9370079040527344,,,,,,,,,,,1.0,1.0,,,,,2441,,,,0.0,,0.0,,0.0
,,,0.0791015625,,0.890625,,,,,,,,,,,1.0,1.0,,,,,2442,,,,0.0,,0.0,,0.0
,,,0.076171875,,0.8984375,,,,,,,,,,,1.0,1.0,,,,,2443,,,,0.0,,0.0,,0.0
,,,0.1085568368434906,,0.8706896305084229,,,,,,,,,,,1.0,1.0,,,,,2444,,,,0.0,,0.0,,0.0
,,,0.0894097238779068,,0.9765625,,,,,,,,,,,1.0,1.0,,,,,2445,,,,0.0,,0.0,,0.0
,,,0.140625,,0.984375,,,,,,,,,,,1.0,1.0,,,,,2446,,,,0.0,,0.0,,0.0
,,,0.272338330745697,,0.9666299819946289,,,,,,,,,,,1.0,1.0,,,,,2447,,,,0.0,,0.0,,0.0
,,,0.1238839253783226,,0.9921875,,,,,,,,,,,1.0,1.0,,,,,2448,,,,0.0,,0.0,,0.0
,,,0.1380208283662796,,0.9765625,,,,,,,,,,,1.0,1.0,,,,,2449,,,,0.0,,0.0,,0.0
,,,0.21875,,1.0,,,,,,,,,,,1.0,1.0,,,,,2450,,,,0.0,,0.0,,0.0
,,,0.1328125,,1.0,,,,,,,,,,,1.0,1.0,,,,,2451,,,,0.0,,0.0,,0.0
,,,0.240234375,,0.9921875,,,,,,,,,,,1.0,1.0,,,,,2452,,,,0.0,,0.0,,0.0
,,,0.3393133878707886,,0.9941860437393188,,,,,,,,,,,1.0,1.0,,,,,2453,,,,0.0,,0.0,,0.0
,,,0.0966796875,,0.984375,,,,,,,,,,,1.0,1.0,,,,,2454,,,,0.0,,0.0,,0.0
,,,0.1015625,,0.96875,,,,,,,,,,,1.0,1.0,,,,,2455,,,,0.0,,0.0,,0.0
,,,0.21533924341201782,,0.991150438785553,,,,,,,,,,,1.0,1.0,,,,,2456,,,,0.0,,0.0,,0.0
,,,0.1393229216337204,,0.9765625,,,,,,,,,,,1.0,1.0,,,,,2457,,,,0.0,,0.0,,0.0
,,,0.16249999403953552,,0.9765625,,,,,,,,,,,1.0,1.0,,,,,2458,,,,0.0,,0.0,,0.0
,,,0.14006733894348145,,0.9772727489471436,,,,,,,,,,,1.0,1.0,,,,,2459,,,,0.0,,0.0,,0.0
,,,0.04843749850988388,,0.9296875,,,,,,,,,,,1.0,1.0,,,,,2460,,,,0.0,,0.0,,0.0
,,,0.04374999925494194,,0.8984375,,,,,,,,,,,1.0,1.0,,,,,2461,,,,0.0,,0.0,,0.0
,,,0.2043209969997406,,0.9611110687255859,,,,,,,,,,,1.0,1.0,,,,,2462,,,,0.0,,0.0,,0.0
,,,0.080078125,,0.984375,,,,,,,,,,,1.0,1.0,,,,,2463,,,,0.0,,0.0,,0.0
,,,0.0791015625,,0.9921875,,,,,,,,,,,1.0,1.0,,,,,2464,,,,0.0,,0.0,,0.0
,,,0.16757400333881378,,0.9647924900054932,,,,,,,,,,,1.0,1.0,,,,,2465,,,,0.0,,0.0,,0.0
,,,0.0947265625,,0.984375,,,,,,,,,,,1.0,1.0,,,,,2466,,,,0.0,,0.0,,0.0
,,,0.0850694477558136,,0.9140625,,,,,,,,,,,1.0,1.0,,,,,2467,,,,0.0,,0.0,,0.0
,,,0.1523427665233612,,0.9738986492156982,,,,,,,,,,,1.0,1.0,,,,,2468,,,,0.0,,0.0,,0.0
,,,0.0859375,,0.984375,,,,,,,,,,,1.0,1.0,,,,,2469,,,,0.0,,0.0,,0.0
,,,0.076171875,,0.984375,,,,,,,,,,,1.0,1.0,,,,,2470,,,,0.0,,0.0,,0.0
,,,0.12950658798217773,,0.9227575063705444,,,,,,,,,,,1.0,1.0,,,,,2471,,,,0.0,,0.0,,0.0
,,,0.0651041641831398,,0.859375,,,,,,,,,,,1.0,1.0,,,,,2472,,,,0.0,,0.0,,0.0
,,,0.1028645858168602,,0.9140625,,,,,,,,,,,1.0,1.0,,,,,2473,,,,0.0,,0.0,,0.0
,,,0.1635073721408844,,0.9278350472450256,,,,,,,,,,,1.0,1.0,,,,,2474,,,,0.0,,0.0,,0.0
,,,0.1138392835855484,,0.984375,,,,,,,,,,,1.0,1.0,,,,,2475,,,,0.0,,0.0,,0.0
,,,0.099609375,,0.9765625,,,,,,,,,,,1.0,1.0,,,,,2476,,,,0.0,,0.0,,0.0
,,,0.2087053656578064,,0.9910714626312256,,,,,,,,,,,1.0,1.0,,,,,2477,,,,0.0,,0.0,,0.0
,,,0.16093750298023224,,0.9765625,,,,,,,,,,,1.0,1.0,,,,,2478,,,,0.0,,0.0,,0.0
,,,0.1083984375,,0.984375,,,,,,,,,,,1.0,1.0,,,,,2479,,,,0.0,,0.0,,0.0
,,,0.21940559148788452,,1.0,,,,,,,,,,,1.0,1.0,,,,,2480,,,,0.0,,0.0,,0.0
,,,0.19062499701976776,,1.0,,,,,,,,,,,1.0,1.0,,,,,2481,,,,0.0,,0.0,,0.0
,,,0.1536458283662796,,1.0,,,,,,,,,,,1.0,1.0,,,,,2482,,,,0.0,,0.0,,0.0
,,,0.19370079040527344,,0.9921259880065918,,,,,,,,,,,1.0,1.0,,,,,2483,,,,0.0,,0.0,,0.0
26,0.7545636892318726,0.7201211452484131,,0.9652819037437439,,,,,,,,,,,,,,145.13673400878906,92723.078125,4.9776763916015625,375.64056396484375,5966,,,0.0,,0.0,,0.0,
26,,,,,,0.41989269852638245,,0.721655547618866,,10.918410301208496,,,,,,,,,,,,5966,1.0488675832748413,,,,,,,
,,,,,,,,,,,,,,0.00036527488788748246,0.03,,,,,,,5999,,,,,,,,
27,,,,,,,0.40562301874160767,,0.7073737382888794,,10.9609375,0.00036525711766444147,0.029999999329447746,,,1.0,1.0,,,,,5999,,0.8918440937995911,,,,,,
,,,,,,,,,,,,,,0.00036438079613600085,0.03,,,,,,,6049,,,,,,,,
27,,,,,,,0.4075092673301697,,0.7025362253189087,,10.7890625,0.00036436281516216695,0.029999999329447746,,,1.0,1.0,,,,,6049,,0.9326819181442261,,,,,,
,,,,,,,,,,,,,,0.00036347646461249133,0.03,,,,,,,6099,,,,,,,,
27,,,,,,,0.4285545349121094,,0.7409197092056274,,11.578125,0.00036345826811157167,0.029999999329447746,,,1.0,1.0,,,,,6099,,1.175110936164856,,,,,,
,,,,,,,,,,,,,,0.00036256194971909635,0.03,,,,,,,6149,,,,,,,,
27,,,,,,,0.3940886855125427,,0.7020541429519653,,11.2578125,0.000362543563824147,0.029999999329447746,,,1.0,1.0,,,,,6149,,1.1489379405975342,,,,,,
,,,0.08203125,,0.9765625,,,,,,,,,,,1.0,1.0,,,,,2484,,,,0.0,,0.0,,0.0
,,,0.1004464253783226,,1.0,,,,,,,,,,,1.0,1.0,,,,,2485,,,,0.0,,0.0,,0.0
,,,0.15078839659690857,,0.9801980257034302,,,,,,,,,,,1.0,1.0,,,,,2486,,,,0.0,,0.0,,0.0
,,,0.23046875,,0.984375,,,,,,,,,,,1.0,1.0,,,,,2487,,,,0.0,,0.0,,0.0
,,,0.1272321492433548,,0.9921875,,,,,,,,,,,1.0,1.0,,,,,2488,,,,0.0,,0.0,,0.0
,,,0.14921651780605316,,0.9535256624221802,,,,,,,,,,,1.0,1.0,,,,,2489,,,,0.0,,0.0,,0.0
,,,0.046875,,0.953125,,,,,,,,,,,1.0,1.0,,,,,2490,,,,0.0,,0.0,,0.0
,,,0.04453124850988388,,0.921875,,,,,,,,,,,1.0,1.0,,,,,2491,,,,0.0,,0.0,,0.0
,,,0.1161235049366951,,0.9348198771476746,,,,,,,,,,,1.0,1.0,,,,,2492,,,,0.0,,0.0,,0.0
,,,0.09375,,0.984375,,,,,,,,,,,1.0,1.0,,,,,2493,,,,0.0,,0.0,,0.0
,,,0.0833333358168602,,0.96875,,,,,,,,,,,1.0,1.0,,,,,2494,,,,0.0,,0.0,,0.0
,,,0.0789930522441864,,0.9609375,,,,,,,,,,,1.0,1.0,,,,,2495,,,,0.0,,0.0,,0.0
,,,0.18933333456516266,,0.8213333487510681,,,,,,,,,,,1.0,1.0,,,,,2496,,,,0.0,,0.0,,0.0
,,,0.1025390625,,0.984375,,,,,,,,,,,1.0,1.0,,,,,2497,,,,0.0,,0.0,,0.0
,,,0.1194196417927742,,0.9765625,,,,,,,,,,,1.0,1.0,,,,,2498,,,,0.0,,0.0,,0.0
,,,0.167040154337883,,0.9915966391563416,,,,,,,,,,,1.0,1.0,,,,,2499,,,,0.0,,0.0,,0.0
,,,0.0947265625,,0.984375,,,,,,,,,,,1.0,1.0,,,,,2500,,,,0.0,,0.0,,0.0
,,,0.0868055522441864,,0.9921875,,,,,,,,,,,1.0,1.0,,,,,2501,,,,0.0,,0.0,,0.0
,,,0.2849927842617035,,0.9940476417541504,,,,,,,,,,,1.0,1.0,,,,,2502,,,,0.0,,0.0,,0.0
,,,0.1149553582072258,,0.9921875,,,,,,,,,,,1.0,1.0,,,,,2503,,,,0.0,,0.0,,0.0
,,,0.0911458358168602,,0.984375,,,,,,,,,,,1.0,1.0,,,,,2504,,,,0.0,,0.0,,0.0
,,,0.16540473699569702,,0.9818181991577148,,,,,,,,,,,1.0,1.0,,,,,2505,,,,0.0,,0.0,,0.0
,,,0.09375,,0.9921875,,,,,,,,,,,1.0,1.0,,,,,2506,,,,0.0,,0.0,,0.0
,,,0.1497395783662796,,0.9921875,,,,,,,,,,,1.0,1.0,,,,,2507,,,,0.0,,0.0,,0.0
,,,0.20948275923728943,,0.9669950604438782,,,,,,,,,,,1.0,1.0,,,,,2508,,,,0.0,,0.0,,0.0
,,,0.1015625,,0.984375,,,,,,,,,,,1.0,1.0,,,,,2509,,,,0.0,,0.0,,0.0
,,,0.10546875,,0.9609375,,,,,,,,,,,1.0,1.0,,,,,2510,,,,0.0,,0.0,,0.0
,,,0.14359748363494873,,0.9300628900527954,,,,,,,,,,,1.0,1.0,,,,,2511,,,,0.0,,0.0,,0.0
,,,0.0798611119389534,,0.953125,,,,,,,,,,,1.0,1.0,,,,,2512,,,,0.0,,0.0,,0.0
,,,0.05624999850988388,,0.875,,,,,,,,,,,1.0,1.0,,,,,2513,,,,0.0,,0.0,,0.0
,,,0.15072199702262878,,0.9823529720306396,,,,,,,,,,,1.0,1.0,,,,,2514,,,,0.0,,0.0,,0.0
,,,0.0849609375,,0.9765625,,,,,,,,,,,1.0,1.0,,,,,2515,,,,0.0,,0.0,,0.0
,,,0.0755208358168602,,0.9921875,,,,,,,,,,,1.0,1.0,,,,,2516,,,,0.0,,0.0,,0.0
,,,0.16098521649837494,,0.9684728980064392,,,,,,,,,,,1.0,1.0,,,,,2517,,,,0.0,,0.0,,0.0
,,,0.125,,0.984375,,,,,,,,,,,1.0,1.0,,,,,2518,,,,0.0,,0.0,,0.0
,,,0.1316964328289032,,1.0,,,,,,,,,,,1.0,1.0,,,,,2519,,,,0.0,,0.0,,0.0
,,,0.13750916719436646,,0.9544898271560669,,,,,,,,,,,1.0,1.0,,,,,2520,,,,0.0,,0.0,,0.0
,,,0.04531250149011612,,0.9375,,,,,,,,,,,1.0,1.0,,,,,2521,,,,0.0,,0.0,,0.0
,,,0.05156249925494194,,0.921875,,,,,,,,,,,1.0,1.0,,,,,2522,,,,0.0,,0.0,,0.0
,,,0.11982905864715576,,0.9528693556785583,,,,,,,,,,,1.0,1.0,,,,,2523,,,,0.0,,0.0,,0.0
,,,0.1071428582072258,,0.9765625,,,,,,,,,,,1.0,1.0,,,,,2524,,,,0.0,,0.0,,0.0
,,,0.0798611119389534,,0.96875,,,,,,,,,,,1.0,1.0,,,,,2525,,,,0.0,,0.0,,0.0
,,,0.1712121218442917,,0.9579545259475708,,,,,,,,,,,1.0,1.0,,,,,2526,,,,0.0,,0.0,,0.0
,,,0.1183035746216774,,1.0,,,,,,,,,,,1.0,1.0,,,,,2527,,,,0.0,,0.0,,0.0
,,,0.1216517835855484,,0.9765625,,,,,,,,,,,1.0,1.0,,,,,2528,,,,0.0,,0.0,,0.0
,,,0.23502592742443085,,0.97465580701828,,,,,,,,,,,1.0,1.0,,,,,2529,,,,0.0,,0.0,,0.0
,,,0.0868055522441864,,0.9921875,,,,,,,,,,,1.0,1.0,,,,,2530,,,,0.0,,0.0,,0.0
,,,0.0842013880610466,,0.984375,,,,,,,,,,,1.0,1.0,,,,,2531,,,,0.0,,0.0,,0.0
,,,0.07968749850988388,,1.0,,,,,,,,,,,1.0,1.0,,,,,2532,,,,0.0,,0.0,,0.0
,,,0.07952755689620972,,0.9960629940032959,,,,,,,,,,,1.0,1.0,,,,,2533,,,,0.0,,0.0,,0.0
,,,0.1005859375,,0.9921875,,,,,,,,,,,1.0,1.0,,,,,2534,,,,0.0,,0.0,,0.0
,,,0.0911458358168602,,0.96875,,,,,,,,,,,1.0,1.0,,,,,2535,,,,0.0,,0.0,,0.0
,,,0.13793103396892548,,1.0,,,,,,,,,,,1.0,1.0,,,,,2536,,,,0.0,,0.0,,0.0
,,,0.125,,0.984375,,,,,,,,,,,1.0,1.0,,,,,2537,,,,0.0,,0.0,,0.0
,,,0.125,,1.0,,,,,,,,,,,1.0,1.0,,,,,2538,,,,0.0,,0.0,,0.0
,,,0.2440148890018463,,0.9616795182228088,,,,,,,,,,,1.0,1.0,,,,,2539,,,,0.0,,0.0,,0.0
,,,0.1205357164144516,,0.9921875,,,,,,,,,,,1.0,1.0,,,,,2540,,,,0.0,,0.0,,0.0
,,,0.1183035746216774,,0.953125,,,,,,,,,,,1.0,1.0,,,,,2541,,,,0.0,,0.0,,0.0
,,,0.14791667461395264,,0.9427083730697632,,,,,,,,,,,1.0,1.0,,,,,2542,,,,0.0,,0.0,,0.0
,,,0.06718750298023224,,0.9453125,,,,,,,,,,,1.0,1.0,,,,,2543,,,,0.0,,0.0,,0.0
,,,0.05937499925494194,,0.890625,,,,,,,,,,,1.0,1.0,,,,,2544,,,,0.0,,0.0,,0.0
,,,0.16922757029533386,,0.9941860437393188,,,,,,,,,,,1.0,1.0,,,,,2545,,,,0.0,,0.0,,0.0
,,,0.0772569477558136,,0.984375,,,,,,,,,,,1.0,1.0,,,,,2546,,,,0.0,,0.0,,0.0
,,,0.0859375,,0.9765625,,,,,,,,,,,1.0,1.0,,,,,2547,,,,0.0,,0.0,,0.0
,,,0.1551622450351715,,0.9867256879806519,,,,,,,,,,,1.0,1.0,,,,,2548,,,,0.0,,0.0,,0.0
,,,0.1283482164144516,,0.9921875,,,,,,,,,,,1.0,1.0,,,,,2549,,,,0.0,,0.0,,0.0
,,,0.1283482164144516,,0.9921875,,,,,,,,,,,1.0,1.0,,,,,2550,,,,0.0,,0.0,,0.0
,,,0.12368125468492508,,0.9449495077133179,,,,,,,,,,,1.0,1.0,,,,,2551,,,,0.0,,0.0,,0.0
,,,0.04765624925494194,,0.9140625,,,,,,,,,,,1.0,1.0,,,,,2552,,,,0.0,,0.0,,0.0
,,,0.04296875,,0.921875,,,,,,,,,,,1.0,1.0,,,,,2553,,,,0.0,,0.0,,0.0
,,,0.15555554628372192,,0.9861111044883728,,,,,,,,,,,1.0,1.0,,,,,2554,,,,0.0,,0.0,,0.0
,,,0.0842013880610466,,0.96875,,,,,,,,,,,1.0,1.0,,,,,2555,,,,0.0,,0.0,,0.0
,,,0.0888671875,,0.96875,,,,,,,,,,,1.0,1.0,,,,,2556,,,,0.0,,0.0,,0.0
,,,0.17539790272712708,,0.9657295942306519,,,,,,,,,,,1.0,1.0,,,,,2557,,,,0.0,,0.0,,0.0
,,,0.1183035746216774,,1.0,,,,,,,,,,,1.0,1.0,,,,,2558,,,,0.0,,0.0,,0.0
,,,0.1238839253783226,,0.984375,,,,,,,,,,,1.0,1.0,,,,,2559,,,,0.0,,0.0,,0.0
,,,0.17228305339813232,,0.9738986492156982,,,,,,,,,,,1.0,1.0,,,,,2560,,,,0.0,,0.0,,0.0
,,,0.0842013880610466,,0.984375,,,,,,,,,,,1.0,1.0,,,,,2561,,,,0.0,,0.0,,0.0
,,,0.1005859375,,0.984375,,,,,,,,,,,1.0,1.0,,,,,2562,,,,0.0,,0.0,,0.0
,,,0.16362127661705017,,1.0,,,,,,,,,,,1.0,1.0,,,,,2563,,,,0.0,,0.0,,0.0
,,,0.07890625298023224,,0.9921875,,,,,,,,,,,1.0,1.0,,,,,2564,,,,0.0,,0.0,,0.0
,,,0.1005859375,,0.9765625,,,,,,,,,,,1.0,1.0,,,,,2565,,,,0.0,,0.0,,0.0
,,,0.17100098729133606,,0.9845360517501831,,,,,,,,,,,1.0,1.0,,,,,2566,,,,0.0,,0.0,,0.0
,,,0.08359374850988388,,1.0,,,,,,,,,,,1.0,1.0,,,,,2567,,,,0.0,,0.0,,0.0
,,,0.1471354216337204,,0.984375,,,,,,,,,,,1.0,1.0,,,,,2568,,,,0.0,,0.0,,0.0
,,,0.2220982164144516,,1.0,,,,,,,,,,,1.0,1.0,,,,,2569,,,,0.0,,0.0,,0.0
,,,0.1149553582072258,,0.9609375,,,,,,,,,,,1.0,1.0,,,,,2570,,,,0.0,,0.0,,0.0
,,,0.1025390625,,0.984375,,,,,,,,,,,1.0,1.0,,,,,2571,,,,0.0,,0.0,,0.0
,,,0.1546231508255005,,0.883449912071228,,,,,,,,,,,1.0,1.0,,,,,2572,,,,0.0,,0.0,,0.0
,,,0.06718750298023224,,0.9296875,,,,,,,,,,,1.0,1.0,,,,,2573,,,,0.0,,0.0,,0.0
,,,0.06406249850988388,,0.9375,,,,,,,,,,,1.0,1.0,,,,,2574,,,,0.0,,0.0,,0.0
,,,0.0717410296201706,,0.9055117964744568,,,,,,,,,,,1.0,1.0,,,,,2575,,,,0.0,,0.0,,0.0
27,0.7562435865402222,0.7524190545082092,,0.9707924723625183,,,,,,,,,,,,,,147.8636016845703,70444.1171875,4.99629020690918,371.0184631347656,6187,,,0.0,,0.0,,0.0,
27,,,,,,0.4148315489292145,,0.7127878069877625,,10.789628028869629,,,,,,,,,,,,6187,0.991536557674408,,,,,,,
,,,,,,,,,,,,,,0.00036163730849308307,0.03,,,,,,,6199,,,,,,,,
28,,,,,,,0.4143640398979187,,0.70529705286026,,10.3984375,0.0003616187022998929,0.029999999329447746,,,1.0,1.0,,,,,6199,,1.0265206098556519,,,,,,
,,,,,,,,,,,,,,0.0003607025986032876,0.03,,,,,,,6249,,,,,,,,
28,,,,,,,0.4131953716278076,,0.716708242893219,,10.9296875,0.00036068379995413125,0.029999999329447746,,,1.0,1.0,,,,,6249,,1.2685025930404663,,,,,,
,,,,,,,,,,,,,,0.0003597578783465168,0.03,,,,,,,6299,,,,,,,,
28,,,,,,,0.4072284698486328,,0.706940770149231,,10.625,0.00035973888589069247,0.029999999329447746,,,1.0,1.0,,,,,6299,,1.098214030265808,,,,,,
,,,,,,,,,,,,,,0.0003588032066439132,0.03,,,,,,,6349,,,,,,,,
28,,,,,,,0.43059200048446655,,0.7307983040809631,,10.90625,0.0003587840183172375,0.029999999329447746,,,1.0,1.0,,,,,6349,,1.274815559387207,,,,,,
,,,,,,,,,,,,,,0.00035783864303727954,0.03,,,,,,,6399,,,,,,,,
28,,,,,,,0.4145700931549072,,0.700605571269989,,10.296875,0.00035781925544142723,0.029999999329447746,,,1.0,1.0,,,,,6399,,0.8411269187927246,,,,,,
,,,0.0703125,,0.8828125,,,,,,,,,,,1.0,1.0,,,,,2576,,,,0.0,,0.0,,0.0
,,,0.0791015625,,0.921875,,,,,,,,,,,1.0,1.0,,,,,2577,,,,0.0,,0.0,,0.0
,,,0.1603716015815735,,0.941877543926239,,,,,,,,,,,1.0,1.0,,,,,2578,,,,0.0,,0.0,,0.0
,,,0.1458333283662796,,0.9921875,,,,,,,,,,,1.0,1.0,,,,,2579,,,,0.0,,0.0,,0.0
,,,0.1380208283662796,,0.984375,,,,,,,,,,,1.0,1.0,,,,,2580,,,,0.0,,0.0,,0.0
,,,0.2756410241127014,,0.995192289352417,,,,,,,,,,,1.0,1.0,,,,,2581,,,,0.0,,0.0,,0.0
,,,0.0868055522441864,,1.0,,,,,,,,,,,1.0,1.0,,,,,2582,,,,0.0,,0.0,,0.0
,,,0.1015625,,1.0,,,,,,,,,,,1.0,1.0,,,,,2583,,,,0.0,,0.0,,0.0
,,,0.21387222409248352,,0.9952830076217651,,,,,,,,,,,1.0,1.0,,,,,2584,,,,0.0,,0.0,,0.0
,,,0.1536458283662796,,1.0,,,,,,,,,,,1.0,1.0,,,,,2585,,,,0.0,,0.0,,0.0
,,,0.125,,1.0,,,,,,,,,,,1.0,1.0,,,,,2586,,,,0.0,,0.0,,0.0
,,,0.171875,,0.9921875,,,,,,,,,,,1.0,1.0,,,,,2587,,,,0.0,,0.0,,0.0
,,,0.17533333599567413,,0.9559999704360962,,,,,,,,,,,1.0,1.0,,,,,2588,,,,0.0,,0.0,,0.0
,,,0.07343749701976776,,0.9453125,,,,,,,,,,,1.0,1.0,,,,,2589,,,,0.0,,0.0,,0.0
,,,0.0789930522441864,,0.9375,,,,,,,,,,,1.0,1.0,,,,,2590,,,,0.0,,0.0,,0.0
,,,0.17138707637786865,,0.9402427673339844,,,,,,,,,,,1.0,1.0,,,,,2591,,,,0.0,,0.0,,0.0
,,,0.125,,1.0,,,,,,,,,,,1.0,1.0,,,,,2592,,,,0.0,,0.0,,0.0
,,,0.095703125,,0.9921875,,,,,,,,,,,1.0,1.0,,,,,2593,,,,0.0,,0.0,,0.0
,,,0.1976461112499237,,0.9826840162277222,,,,,,,,,,,1.0,1.0,,,,,2594,,,,0.0,,0.0,,0.0
,,,0.095703125,,0.9765625,,,,,,,,,,,1.0,1.0,,,,,2595,,,,0.0,,0.0,,0.0
,,,0.1104910746216774,,0.96875,,,,,,,,,,,1.0,1.0,,,,,2596,,,,0.0,,0.0,,0.0
,,,0.17823785543441772,,0.9566625356674194,,,,,,,,,,,1.0,1.0,,,,,2597,,,,0.0,,0.0,,0.0
,,,0.091796875,,0.9296875,,,,,,,,,,,1.0,1.0,,,,,2598,,,,0.0,,0.0,,0.0
,,,0.0947265625,,0.953125,,,,,,,,,,,1.0,1.0,,,,,2599,,,,0.0,,0.0,,0.0
,,,0.16431307792663574,,0.9699507355690002,,,,,,,,,,,1.0,1.0,,,,,2600,,,,0.0,,0.0,,0.0
,,,0.15781250596046448,,0.9765625,,,,,,,,,,,1.0,1.0,,,,,2601,,,,0.0,,0.0,,0.0
,,,0.1183035746216774,,0.9609375,,,,,,,,,,,1.0,1.0,,,,,2602,,,,0.0,,0.0,,0.0
,,,0.17006289958953857,,0.9838993549346924,,,,,,,,,,,1.0,1.0,,,,,2603,,,,0.0,,0.0,,0.0
,,,0.0908203125,,0.96875,,,,,,,,,,,1.0,1.0,,,,,2604,,,,0.0,,0.0,,0.0
,,,0.0830078125,,0.984375,,,,,,,,,,,1.0,1.0,,,,,2605,,,,0.0,,0.0,,0.0
,,,0.14944520592689514,,0.9823529720306396,,,,,,,,,,,1.0,1.0,,,,,2606,,,,0.0,,0.0,,0.0
,,,0.0693359375,,0.8515625,,,,,,,,,,,1.0,1.0,,,,,2607,,,,0.0,,0.0,,0.0
,,,0.0685763880610466,,0.9140625,,,,,,,,,,,1.0,1.0,,,,,2608,,,,0.0,,0.0,,0.0
,,,0.17789408564567566,,0.9669950604438782,,,,,,,,,,,1.0,1.0,,,,,2609,,,,0.0,,0.0,,0.0
,,,0.1227678582072258,,0.9765625,,,,,,,,,,,1.0,1.0,,,,,2610,,,,0.0,,0.0,,0.0
,,,0.16718749701976776,,0.9921875,,,,,,,,,,,1.0,1.0,,,,,2611,,,,0.0,,0.0,,0.0
,,,0.2349959760904312,,0.9754098653793335,,,,,,,,,,,1.0,1.0,,,,,2612,,,,0.0,,0.0,,0.0
,,,0.078125,,1.0,,,,,,,,,,,1.0,1.0,,,,,2613,,,,0.0,,0.0,,0.0
,,,0.0927734375,,0.9921875,,,,,,,,,,,1.0,1.0,,,,,2614,,,,0.0,,0.0,,0.0
,,,0.21880342066287994,,1.0,,,,,,,,,,,1.0,1.0,,,,,2615,,,,0.0,,0.0,,0.0
,,,0.1536458283662796,,1.0,,,,,,,,,,,1.0,1.0,,,,,2616,,,,0.0,,0.0,,0.0
,,,0.1471354216337204,,1.0,,,,,,,,,,,1.0,1.0,,,,,2617,,,,0.0,,0.0,,0.0
,,,0.23571428656578064,,0.9568182229995728,,,,,,,,,,,1.0,1.0,,,,,2618,,,,0.0,,0.0,,0.0
,,,0.0807291641831398,,0.9140625,,,,,,,,,,,1.0,1.0,,,,,2619,,,,0.0,,0.0,,0.0
,,,0.07187499850988388,,0.9609375,,,,,,,,,,,1.0,1.0,,,,,2620,,,,0.0,,0.0,,0.0
,,,0.1632596254348755,,0.9586983919143677,,,,,,,,,,,1.0,1.0,,,,,2621,,,,0.0,,0.0,,0.0
,,,0.1263020783662796,,1.0,,,,,,,,,,,1.0,1.0,,,,,2622,,,,0.0,,0.0,,0.0
,,,0.19140625,,1.0,,,,,,,,,,,1.0,1.0,,,,,2623,,,,0.0,,0.0,,0.0
,,,0.0966796875,,0.9921875,,,,,,,,,,,1.0,1.0,,,,,2624,,,,0.0,,0.0,,0.0
,,,0.22145669162273407,,0.9921259880065918,,,,,,,,,,,1.0,1.0,,,,,2625,,,,0.0,,0.0,,0.0
,,,0.1315104216337204,,0.9609375,,,,,,,,,,,1.0,1.0,,,,,2626,,,,0.0,,0.0,,0.0
,,,0.1060267835855484,,0.984375,,,,,,,,,,,1.0,1.0,,,,,2627,,,,0.0,,0.0,,0.0
,,,0.14431673288345337,,0.9741379022598267,,,,,,,,,,,1.0,1.0,,,,,2628,,,,0.0,,0.0,,0.0
,,,0.087890625,,0.9140625,,,,,,,,,,,1.0,1.0,,,,,2629,,,,0.0,,0.0,,0.0
,,,0.0842013880610466,,0.9609375,,,,,,,,,,,1.0,1.0,,,,,2630,,,,0.0,,0.0,,0.0
,,,0.16428309679031372,,0.9715805053710938,,,,,,,,,,,1.0,1.0,,,,,2631,,,,0.0,,0.0,,0.0
,,,0.1160714253783226,,0.984375,,,,,,,,,,,1.0,1.0,,,,,2632,,,,0.0,,0.0,,0.0
,,,0.1171875,,0.96875,,,,,,,,,,,1.0,1.0,,,,,2633,,,,0.0,,0.0,,0.0
,,,0.1796875,,0.9739583730697632,,,,,,,,,,,1.0,1.0,,,,,2634,,,,0.0,,0.0,,0.0
,,,0.0772569477558136,,0.96875,,,,,,,,,,,1.0,1.0,,,,,2635,,,,0.0,,0.0,,0.0
,,,0.087890625,,0.9921875,,,,,,,,,,,1.0,1.0,,,,,2636,,,,0.0,,0.0,,0.0
,,,0.13209056854248047,,0.9294019937515259,,,,,,,,,,,1.0,1.0,,,,,2637,,,,0.0,,0.0,,0.0
,,,0.0651041641831398,,0.875,,,,,,,,,,,1.0,1.0,,,,,2638,,,,0.0,,0.0,,0.0
,,,0.0771484375,,0.9140625,,,,,,,,,,,1.0,1.0,,,,,2639,,,,0.0,,0.0,,0.0
,,,0.153654545545578,,0.9955751895904541,,,,,,,,,,,1.0,1.0,,,,,2640,,,,0.0,,0.0,,0.0
,,,0.125,,0.96875,,,,,,,,,,,1.0,1.0,,,,,2641,,,,0.0,,0.0,,0.0
,,,0.140625,,0.9765625,,,,,,,,,,,1.0,1.0,,,,,2642,,,,0.0,,0.0,,0.0
,,,0.2054292857646942,,1.0,,,,,,,,,,,1.0,1.0,,,,,2643,,,,0.0,,0.0,,0.0
,,,0.0868055522441864,,1.0,,,,,,,,,,,1.0,1.0,,,,,2644,,,,0.0,,0.0,,0.0
,,,0.1116071417927742,,0.9921875,,,,,,,,,,,1.0,1.0,,,,,2645,,,,0.0,,0.0,,0.0
,,,0.25555557012557983,,1.0,,,,,,,,,,,1.0,1.0,,,,,2646,,,,0.0,,0.0,,0.0
,,,0.1484375,,1.0,,,,,,,,,,,1.0,1.0,,,,,2647,,,,0.0,,0.0,,0.0
,,,0.1796875,,0.9921875,,,,,,,,,,,1.0,1.0,,,,,2648,,,,0.0,,0.0,,0.0
,,,0.20321285724639893,,0.9698795080184937,,,,,,,,,,,1.0,1.0,,,,,2649,,,,0.0,,0.0,,0.0
,,,0.0927734375,,0.953125,,,,,,,,,,,1.0,1.0,,,,,2650,,,,0.0,,0.0,,0.0
,,,0.07500000298023224,,0.9609375,,,,,,,,,,,1.0,1.0,,,,,2651,,,,0.0,,0.0,,0.0
,,,0.16209715604782104,,0.9542908072471619,,,,,,,,,,,1.0,1.0,,,,,2652,,,,0.0,,0.0,,0.0
,,,0.1037946417927742,,1.0,,,,,,,,,,,1.0,1.0,,,,,2653,,,,0.0,,0.0,,0.0
,,,0.1328125,,1.0,,,,,,,,,,,1.0,1.0,,,,,2654,,,,0.0,,0.0,,0.0
,,,0.2303433120250702,,0.9941860437393188,,,,,,,,,,,1.0,1.0,,,,,2655,,,,0.0,,0.0,,0.0
,,,0.1060267835855484,,0.984375,,,,,,,,,,,1.0,1.0,,,,,2656,,,,0.0,,0.0,,0.0
,,,0.1276041716337204,,0.96875,,,,,,,,,,,1.0,1.0,,,,,2657,,,,0.0,,0.0,,0.0
,,,0.19230130314826965,,0.9735616445541382,,,,,,,,,,,1.0,1.0,,,,,2658,,,,0.0,,0.0,,0.0
,,,0.0763888880610466,,0.953125,,,,,,,,,,,1.0,1.0,,,,,2659,,,,0.0,,0.0,,0.0
,,,0.0789930522441864,,0.921875,,,,,,,,,,,1.0,1.0,,,,,2660,,,,0.0,,0.0,,0.0
,,,0.1805555522441864,,0.9821428656578064,,,,,,,,,,,1.0,1.0,,,,,2661,,,,0.0,,0.0,,0.0
,,,0.16093750298023224,,0.984375,,,,,,,,,,,1.0,1.0,,,,,2662,,,,0.0,,0.0,,0.0
,,,0.0986328125,,0.9609375,,,,,,,,,,,1.0,1.0,,,,,2663,,,,0.0,,0.0,,0.0
,,,0.25796425342559814,,0.9914529919624329,,,,,,,,,,,1.0,1.0,,,,,2664,,,,0.0,,0.0,,0.0
,,,0.0993303582072258,,0.984375,,,,,,,,,,,1.0,1.0,,,,,2665,,,,0.0,,0.0,,0.0
,,,0.0746527761220932,,0.96875,,,,,,,,,,,1.0,1.0,,,,,2666,,,,0.0,,0.0,,0.0
,,,0.08366141468286514,,0.9763779640197754,,,,,,,,,,,1.0,1.0,,,,,2667,,,,0.0,,0.0,,0.0
28,0.7676904201507568,0.7594500780105591,,0.9691745042800903,,,,,,,,,,,,,,152.11956787109375,45578.6875,5.024666786193848,353.29412841796875,6408,,,0.0,,0.0,,0.0,
28,,,,,,0.40928325057029724,,0.7049761414527893,,10.710654258728027,,,,,,,,,,,,6408,0.9877752661705017,,,,,,,
,,,,,,,,,,,,,,0.00035686424768536574,0.03,,,,,,,6449,,,,,,,,
29,,,,,,,0.4049840569496155,,0.7079967856407166,,11.2421875,0.0003568446554709226,0.029999999329447746,,,1.0,1.0,,,,,6449,,0.8518033623695374,,,,,,
,,,,,,,,,,,,,,0.00035588008136011633,0.03,,,,,,,6499,,,,,,,,
29,,,,,,,0.42156293988227844,,0.7243300676345825,,10.9765625,0.00035586030571721494,0.029999999329447746,,,1.0,1.0,,,,,6499,,1.513750672340393,,,,,,
,,,,,,,,,,,,,,0.00035488620544288114,0.03,,,,,,,6549,,,,,,,,
29,,,,,,,0.4007970094680786,,0.6933973431587219,,10.734375,0.00035486623528413475,0.029999999329447746,,,1.0,1.0,,,,,6549,,1.0494258403778076,,,,,,
,,,,,,,,,,,,,,0.0003538826819205853,0.03,,,,,,,6599,,,,,,,,
29,,,,,,,0.39074963331222534,,0.6994699835777283,,11.1484375,0.0003538625023793429,0.029999999329447746,,,1.0,1.0,,,,,6599,,1.0976214408874512,,,,,,
,,,0.13124999403953552,,0.9296875,,,,,,,,,,,1.0,1.0,,,,,2668,,,,0.0,,0.0,,0.0
,,,0.1004464253783226,,0.9921875,,,,,,,,,,,1.0,1.0,,,,,2669,,,,0.0,,0.0,,0.0
,,,0.18692702054977417,,0.9431610107421875,,,,,,,,,,,1.0,1.0,,,,,2670,,,,0.0,,0.0,,0.0
,,,0.15625,,0.953125,,,,,,,,,,,1.0,1.0,,,,,2671,,,,0.0,,0.0,,0.0
,,,0.14453125,,0.9609375,,,,,,,,,,,1.0,1.0,,,,,2672,,,,0.0,,0.0,,0.0
,,,0.2107371836900711,,0.9647436141967773,,,,,,,,,,,1.0,1.0,,,,,2673,,,,0.0,,0.0,,0.0
,,,0.07187499850988388,,0.9921875,,,,,,,,,,,1.0,1.0,,,,,2674,,,,0.0,,0.0,,0.0
,,,0.0885416641831398,,0.984375,,,,,,,,,,,1.0,1.0,,,,,2675,,,,0.0,,0.0,,0.0
,,,0.15617495775222778,,0.9952830076217651,,,,,,,,,,,1.0,1.0,,,,,2676,,,,0.0,,0.0,,0.0
,,,0.18125000596046448,,0.9921875,,,,,,,,,,,1.0,1.0,,,,,2677,,,,0.0,,0.0,,0.0
,,,0.0859375,,0.984375,,,,,,,,,,,1.0,1.0,,,,,2678,,,,0.0,,0.0,,0.0
,,,0.0946180522441864,,0.9765625,,,,,,,,,,,1.0,1.0,,,,,2679,,,,0.0,,0.0,,0.0
,,,0.21409523487091064,,0.9760000109672546,,,,,,,,,,,1.0,1.0,,,,,2680,,,,0.0,,0.0,,0.0
,,,0.1393229216337204,,0.953125,,,,,,,,,,,1.0,1.0,,,,,2681,,,,0.0,,0.0,,0.0
,,,0.0946180522441864,,0.9765625,,,,,,,,,,,1.0,1.0,,,,,2682,,,,0.0,,0.0,,0.0
,,,0.20121382176876068,,0.9957983493804932,,,,,,,,,,,1.0,1.0,,,,,2683,,,,0.0,,0.0,,0.0
,,,0.09375,,0.9921875,,,,,,,,,,,1.0,1.0,,,,,2684,,,,0.0,,0.0,,0.0
,,,0.07968749850988388,,1.0,,,,,,,,,,,1.0,1.0,,,,,2685,,,,0.0,,0.0,,0.0
,,,0.17219817638397217,,0.9940476417541504,,,,,,,,,,,1.0,1.0,,,,,2686,,,,0.0,,0.0,,0.0
,,,0.09375,,0.9765625,,,,,,,,,,,1.0,1.0,,,,,2687,,,,0.0,,0.0,,0.0
,,,0.0966796875,,0.9609375,,,,,,,,,,,1.0,1.0,,,,,2688,,,,0.0,,0.0,,0.0
,,,0.1948007345199585,,0.9909090995788574,,,,,,,,,,,1.0,1.0,,,,,2689,,,,0.0,,0.0,,0.0
,,,0.0868055522441864,,0.9921875,,,,,,,,,,,1.0,1.0,,,,,2690,,,,0.0,,0.0,,0.0
,,,0.0911458358168602,,0.984375,,,,,,,,,,,1.0,1.0,,,,,2691,,,,0.0,,0.0,,0.0
,,,0.16518881916999817,,0.982758641242981,,,,,,,,,,,1.0,1.0,,,,,2692,,,,0.0,,0.0,,0.0
,,,0.1484375,,0.9765625,,,,,,,,,,,1.0,1.0,,,,,2693,,,,0.0,,0.0,,0.0
,,,0.109375,,0.96875,,,,,,,,,,,1.0,1.0,,,,,2694,,,,0.0,,0.0,,0.0
,,,0.1896226406097412,,0.9744654297828674,,,,,,,,,,,1.0,1.0,,,,,2695,,,,0.0,,0.0,,0.0
,,,0.1127232164144516,,1.0,,,,,,,,,,,1.0,1.0,,,,,2696,,,,0.0,,0.0,,0.0
,,,0.0789930522441864,,0.984375,,,,,,,,,,,1.0,1.0,,,,,2697,,,,0.0,,0.0,,0.0
,,,0.15601155161857605,,0.9824897050857544,,,,,,,,,,,1.0,1.0,,,,,2698,,,,0.0,,0.0,,0.0
,,,0.1158854141831398,,0.9296875,,,,,,,,,,,1.0,1.0,,,,,2699,,,,0.0,,0.0,,0.0
,,,0.083984375,,0.9765625,,,,,,,,,,,1.0,1.0,,,,,2700,,,,0.0,,0.0,,0.0
,,,0.19655171036720276,,0.947044312953949,,,,,,,,,,,1.0,1.0,,,,,2701,,,,0.0,,0.0,,0.0
,,,0.1458333283662796,,0.9453125,,,,,,,,,,,1.0,1.0,,,,,2702,,,,0.0,,0.0,,0.0
,,,0.1796875,,0.984375,,,,,,,,,,,1.0,1.0,,,,,2703,,,,0.0,,0.0,,0.0
,,,0.19219475984573364,,0.9597504138946533,,,,,,,,,,,1.0,1.0,,,,,2704,,,,0.0,,0.0,,0.0
,,,0.0986328125,,0.984375,,,,,,,,,,,1.0,1.0,,,,,2705,,,,0.0,,0.0,,0.0
,,,0.07734374701976776,,0.984375,,,,,,,,,,,1.0,1.0,,,,,2706,,,,0.0,,0.0,,0.0
,,,0.16065934300422668,,1.0,,,,,,,,,,,1.0,1.0,,,,,2707,,,,0.0,,0.0,,0.0
,,,0.111328125,,0.984375,,,,,,,,,,,1.0,1.0,,,,,2708,,,,0.0,,0.0,,0.0
,,,0.1044921875,,0.9921875,,,,,,,,,,,1.0,1.0,,,,,2709,,,,0.0,,0.0,,0.0
,,,0.21562500298023224,,0.9454545378684998,,,,,,,,,,,1.0,1.0,,,,,2710,,,,0.0,,0.0,,0.0
,,,0.1216517835855484,,0.96875,,,,,,,,,,,1.0,1.0,,,,,2711,,,,0.0,,0.0,,0.0
,,,0.14453125,,0.9765625,,,,,,,,,,,1.0,1.0,,,,,2712,,,,0.0,,0.0,,0.0
,,,0.22206330299377441,,0.9799749851226807,,,,,,,,,,,1.0,1.0,,,,,2713,,,,0.0,,0.0,,0.0
,,,0.1205357164144516,,1.0,,,,,,,,,,,1.0,1.0,,,,,2714,,,,0.0,,0.0,,0.0
,,,0.1116071417927742,,0.9921875,,,,,,,,,,,1.0,1.0,,,,,2715,,,,0.0,,0.0,,0.0
,,,0.07734374701976776,,1.0,,,,,,,,,,,1.0,1.0,,,,,2716,,,,0.0,,0.0,,0.0
,,,0.10039369761943817,,0.9842519760131836,,,,,,,,,,,1.0,1.0,,,,,2717,,,,0.0,,0.0,,0.0
,,,0.1060267835855484,,0.9609375,,,,,,,,,,,1.0,1.0,,,,,2718,,,,0.0,,0.0,,0.0
,,,0.0927734375,,0.9765625,,,,,,,,,,,1.0,1.0,,,,,2719,,,,0.0,,0.0,,0.0
,,,0.14750957489013672,,1.0,,,,,,,,,,,1.0,1.0,,,,,2720,,,,0.0,,0.0,,0.0
,,,0.0986328125,,0.9765625,,,,,,,,,,,1.0,1.0,,,,,2721,,,,0.0,,0.0,,0.0
,,,0.0920138880610466,,1.0,,,,,,,,,,,1.0,1.0,,,,,2722,,,,0.0,,0.0,,0.0
,,,0.22353188693523407,,0.985148549079895,,,,,,,,,,,1.0,1.0,,,,,2723,,,,0.0,,0.0,,0.0
,,,0.1082589253783226,,0.984375,,,,,,,,,,,1.0,1.0,,,,,2724,,,,0.0,,0.0,,0.0
,,,0.1116071417927742,,0.9609375,,,,,,,,,,,1.0,1.0,,,,,2725,,,,0.0,,0.0,,0.0
,,,0.19140625,,0.9895833730697632,,,,,,,,,,,1.0,1.0,,,,,2726,,,,0.0,,0.0,,0.0
,,,0.0824652761220932,,0.984375,,,,,,,,,,,1.0,1.0,,,,,2727,,,,0.0,,0.0,,0.0
,,,0.0824652761220932,,1.0,,,,,,,,,,,1.0,1.0,,,,,2728,,,,0.0,,0.0,,0.0
,,,0.18113234639167786,,0.9706533551216125,,,,,,,,,,,1.0,1.0,,,,,2729,,,,0.0,,0.0,,0.0
,,,0.1037946417927742,,0.9375,,,,,,,,,,,1.0,1.0,,,,,2730,,,,0.0,,0.0,,0.0
,,,0.08203125,,0.9609375,,,,,,,,,,,1.0,1.0,,,,,2731,,,,0.0,,0.0,,0.0
,,,0.19505900144577026,,0.9646017551422119,,,,,,,,,,,1.0,1.0,,,,,2732,,,,0.0,,0.0,,0.0
,,,0.17812499403953552,,0.96875,,,,,,,,,,,1.0,1.0,,,,,2733,,,,0.0,,0.0,,0.0
,,,0.1261160671710968,,0.953125,,,,,,,,,,,1.0,1.0,,,,,2734,,,,0.0,,0.0,,0.0
,,,0.16206508874893188,,0.9954545497894287,,,,,,,,,,,1.0,1.0,,,,,2735,,,,0.0,,0.0,,0.0
,,,0.0885416641831398,,0.984375,,,,,,,,,,,1.0,1.0,,,,,2736,,,,0.0,,0.0,,0.0
,,,0.07343749701976776,,0.984375,,,,,,,,,,,1.0,1.0,,,,,2737,,,,0.0,,0.0,,0.0
,,,0.18662551045417786,,0.9953703880310059,,,,,,,,,,,1.0,1.0,,,,,2738,,,,0.0,,0.0,,0.0
,,,0.109375,,0.984375,,,,,,,,,,,1.0,1.0,,,,,2739,,,,0.0,,0.0,,0.0
,,,0.10546875,,0.9921875,,,,,,,,,,,1.0,1.0,,,,,2740,,,,0.0,,0.0,,0.0
,,,0.2460126280784607,,0.958768367767334,,,,,,,,,,,1.0,1.0,,,,,2741,,,,0.0,,0.0,,0.0
,,,0.1432291716337204,,0.984375,,,,,,,,,,,1.0,1.0,,,,,2742,,,,0.0,,0.0,,0.0
,,,0.1238839253783226,,0.9765625,,,,,,,,,,,1.0,1.0,,,,,2743,,,,0.0,,0.0,,0.0
,,,0.22336207330226898,,0.983702540397644,,,,,,,,,,,1.0,1.0,,,,,2744,,,,0.0,,0.0,,0.0
,,,0.103515625,,0.9921875,,,,,,,,,,,1.0,1.0,,,,,2745,,,,0.0,,0.0,,0.0
,,,0.1015625,,1.0,,,,,,,,,,,1.0,1.0,,,,,2746,,,,0.0,,0.0,,0.0
,,,0.15897010266780853,,1.0,,,,,,,,,,,1.0,1.0,,,,,2747,,,,0.0,,0.0,,0.0
,,,0.0927734375,,0.96875,,,,,,,,,,,1.0,1.0,,,,,2748,,,,0.0,,0.0,,0.0
,,,0.1082589253783226,,0.953125,,,,,,,,,,,1.0,1.0,,,,,2749,,,,0.0,,0.0,,0.0
,,,0.20988526940345764,,0.9845360517501831,,,,,,,,,,,1.0,1.0,,,,,2750,,,,0.0,,0.0,,0.0
,,,0.099609375,,1.0,,,,,,,,,,,1.0,1.0,,,,,2751,,,,0.0,,0.0,,0.0
,,,0.0833333358168602,,0.96875,,,,,,,,,,,1.0,1.0,,,,,2752,,,,0.0,,0.0,,0.0
,,,0.2087053656578064,,1.0,,,,,,,,,,,1.0,1.0,,,,,2753,,,,0.0,,0.0,,0.0
,,,0.1158854141831398,,0.96875,,,,,,,,,,,1.0,1.0,,,,,2754,,,,0.0,,0.0,,0.0
,,,0.109375,,0.96875,,,,,,,,,,,1.0,1.0,,,,,2755,,,,0.0,,0.0,,0.0
,,,0.1675407886505127,,0.9459984302520752,,,,,,,,,,,1.0,1.0,,,,,2756,,,,0.0,,0.0,,0.0
,,,0.1127232164144516,,0.9921875,,,,,,,,,,,1.0,1.0,,,,,2757,,,,0.0,,0.0,,0.0
,,,0.07421875,,0.984375,,,,,,,,,,,1.0,1.0,,,,,2758,,,,0.0,,0.0,,0.0
,,,0.09547244012355804,,0.9921259880065918,,,,,,,,,,,1.0,1.0,,,,,2759,,,,0.0,,0.0,,0.0
29,0.7651140093803406,0.789951741695404,,0.9773701429367065,,,,,,,,,,,,,,154.89544677734375,44834.2578125,5.042750358581543,349.3313293457031,6629,,,0.0,,0.0,,0.0,
29,,,,,,0.4046229422092438,,0.7000195980072021,,10.715214729309082,,,,,,,,,,,,6629,1.00295889377594,,,,,,,
,,,,,,,,,,,,,,0.00035286957338186517,0.03,,,,,,,6649,,,,,,,,
30,,,,,,,0.3875390887260437,,0.6873757839202881,,10.859375,0.0003528492234181613,0.029999999329447746,,,1.0,1.0,,,,,6649,,0.8097535371780396,,,,,,
,,,,,,,,,,,,,,0.0003518469430131634,0.03,,,,,,,6699,,,,,,,,
30,,,,,,,0.41522330045700073,,0.7262879610061646,,11.578125,0.0003518263984005898,0.029999999329447746,,,1.0,1.0,,,,,6699,,0.58692467212677,,,,,,
,,,,,,,,,,,,,,0.00035081485459478846,0.03,,,,,,,6749,,,,,,,,
30,,,,,,,0.4198739528656006,,0.7121118903160095,,10.5,0.00035079411463811994,0.029999999329447746,,,1.0,1.0,,,,,6749,,1.3533825874328613,,,,,,
,,,,,,,,,,,,,,0.00034977337249693727,0.03,,,,,,,6799,,,,,,,,
30,,,,,,,0.41758209466934204,,0.7056098580360413,,10.578125,0.000349752459442243,0.029999999329447746,,,1.0,1.0,,,,,6799,,1.12346613407135,,,,,,
,,,,,,,,,,,,,,0.0003487225616756795,0.03,,,,,,,6849,,,,,,,,
30,,,,,,,0.4039716124534607,,0.710063636302948,,11.3671875,0.0003487014619167894,0.029999999329447746,,,1.0,1.0,,,,,6849,,0.8451066017150879,,,,,,
,,,0.1536458283662796,,0.984375,,,,,,,,,,,1.0,1.0,,,,,2760,,,,0.0,,0.0,,0.0
,,,0.18281249701976776,,1.0,,,,,,,,,,,1.0,1.0,,,,,2761,,,,0.0,,0.0,,0.0
,,,0.23982399702072144,,0.9950494766235352,,,,,,,,,,,1.0,1.0,,,,,2762,,,,0.0,,0.0,,0.0
,,,0.1272321492433548,,0.9765625,,,,,,,,,,,1.0,1.0,,,,,2763,,,,0.0,,0.0,,0.0
,,,0.18125000596046448,,0.984375,,,,,,,,,,,1.0,1.0,,,,,2764,,,,0.0,,0.0,,0.0
,,,0.20970694720745087,,0.9695512652397156,,,,,,,,,,,1.0,1.0,,,,,2765,,,,0.0,,0.0,,0.0
,,,0.0685763880610466,,0.9921875,,,,,,,,,,,1.0,1.0,,,,,2766,,,,0.0,,0.0,,0.0
,,,0.06328125298023224,,0.9921875,,,,,,,,,,,1.0,1.0,,,,,2767,,,,0.0,,0.0,,0.0
,,,0.1401372253894806,,0.9764150977134705,,,,,,,,,,,1.0,1.0,,,,,2768,,,,0.0,,0.0,,0.0
,,,0.1536458283662796,,1.0,,,,,,,,,,,1.0,1.0,,,,,2769,,,,0.0,,0.0,,0.0
,,,0.1510416716337204,,0.9921875,,,,,,,,,,,1.0,1.0,,,,,2770,,,,0.0,,0.0,,0.0
,,,0.15234375,,0.9921875,,,,,,,,,,,1.0,1.0,,,,,2771,,,,0.0,,0.0,,0.0
,,,0.2129523754119873,,0.809333324432373,,,,,,,,,,,1.0,1.0,,,,,2772,,,,0.0,,0.0,,0.0
,,,0.1419270783662796,,0.9765625,,,,,,,,,,,1.0,1.0,,,,,2773,,,,0.0,,0.0,,0.0
,,,0.1380208283662796,,0.9453125,,,,,,,,,,,1.0,1.0,,,,,2774,,,,0.0,,0.0,,0.0
,,,0.2194211184978485,,1.0,,,,,,,,,,,1.0,1.0,,,,,2775,,,,0.0,,0.0,,0.0
,,,0.12812499701976776,,0.9921875,,,,,,,,,,,1.0,1.0,,,,,2776,,,,0.0,,0.0,,0.0
,,,0.0825892835855484,,1.0,,,,,,,,,,,1.0,1.0,,,,,2777,,,,0.0,,0.0,,0.0
,,,0.13647186756134033,,0.976190447807312,,,,,,,,,,,1.0,1.0,,,,,2778,,,,0.0,,0.0,,0.0
,,,0.07265625149011612,,0.9609375,,,,,,,,,,,1.0,1.0,,,,,2779,,,,0.0,,0.0,,0.0
,,,0.091796875,,0.9296875,,,,,,,,,,,1.0,1.0,,,,,2780,,,,0.0,,0.0,,0.0
,,,0.15128269791603088,,0.9295142889022827,,,,,,,,,,,1.0,1.0,,,,,2781,,,,0.0,,0.0,,0.0
,,,0.0833333358168602,,0.9921875,,,,,,,,,,,1.0,1.0,,,,,2782,,,,0.0,,0.0,,0.0
,,,0.07968749850988388,,0.984375,,,,,,,,,,,1.0,1.0,,,,,2783,,,,0.0,,0.0,,0.0
,,,0.15402299165725708,,0.9440886974334717,,,,,,,,,,,1.0,1.0,,,,,2784,,,,0.0,,0.0,,0.0
,,,0.1004464253783226,,0.9609375,,,,,,,,,,,1.0,1.0,,,,,2785,,,,0.0,,0.0,,0.0
,,,0.095703125,,0.9453125,,,,,,,,,,,1.0,1.0,,,,,2786,,,,0.0,,0.0,,0.0
,,,0.15408805012702942,,0.9233962297439575,,,,,,,,,,,1.0,1.0,,,,,2787,,,,0.0,,0.0,,0.0
,,,0.0869140625,,0.9375,,,,,,,,,,,1.0,1.0,,,,,2788,,,,0.0,,0.0,,0.0
,,,0.068359375,,0.921875,,,,,,,,,,,1.0,1.0,,,,,2789,,,,0.0,,0.0,,0.0
,,,0.22024622559547424,,0.9647058844566345,,,,,,,,,,,1.0,1.0,,,,,2790,,,,0.0,,0.0,,0.0
,,,0.1510416716337204,,0.984375,,,,,,,,,,,1.0,1.0,,,,,2791,,,,0.0,,0.0,,0.0
,,,0.18125000596046448,,1.0,,,,,,,,,,,1.0,1.0,,,,,2792,,,,0.0,,0.0,,0.0
,,,0.2534130811691284,,0.984236478805542,,,,,,,,,,,1.0,1.0,,,,,2793,,,,0.0,,0.0,,0.0
,,,0.109375,,0.9765625,,,,,,,,,,,1.0,1.0,,,,,2794,,,,0.0,,0.0,,0.0
,,,0.1549479216337204,,0.9921875,,,,,,,,,,,1.0,1.0,,,,,2795,,,,0.0,,0.0,,0.0
,,,0.1593942791223526,,0.9686812162399292,,,,,,,,,,,1.0,1.0,,,,,2796,,,,0.0,,0.0,,0.0
,,,0.06328125298023224,,1.0,,,,,,,,,,,1.0,1.0,,,,,2797,,,,0.0,,0.0,,0.0
,,,0.0677083358168602,,0.9765625,,,,,,,,,,,1.0,1.0,,,,,2798,,,,0.0,,0.0,,0.0
,,,0.20910519361495972,,0.976190447807312,,,,,,,,,,,1.0,1.0,,,,,2799,,,,0.0,,0.0,,0.0
,,,0.15234375,,1.0,,,,,,,,,,,1.0,1.0,,,,,2800,,,,0.0,,0.0,,0.0
,,,0.23046875,,0.9921875,,,,,,,,,,,1.0,1.0,,,,,2801,,,,0.0,,0.0,,0.0
,,,0.2871212065219879,,0.9636363983154297,,,,,,,,,,,1.0,1.0,,,,,2802,,,,0.0,,0.0,,0.0
,,,0.1205357164144516,,0.9609375,,,,,,,,,,,1.0,1.0,,,,,2803,,,,0.0,,0.0,,0.0
,,,0.1432291716337204,,0.96875,,,,,,,,,,,1.0,1.0,,,,,2804,,,,0.0,,0.0,,0.0
,,,0.2044520080089569,,0.978723406791687,,,,,,,,,,,1.0,1.0,,,,,2805,,,,0.0,,0.0,,0.0
,,,0.11328125,,1.0,,,,,,,,,,,1.0,1.0,,,,,2806,,,,0.0,,0.0,,0.0
,,,0.125,,0.9921875,,,,,,,,,,,1.0,1.0,,,,,2807,,,,0.0,,0.0,,0.0
,,,0.0870535746216774,,1.0,,,,,,,,,,,1.0,1.0,,,,,2808,,,,0.0,,0.0,,0.0
,,,0.0831146091222763,,0.9685039520263672,,,,,,,,,,,1.0,1.0,,,,,2809,,,,0.0,,0.0,,0.0
,,,0.0824652761220932,,0.9375,,,,,,,,,,,1.0,1.0,,,,,2810,,,,0.0,,0.0,,0.0
,,,0.078125,,0.8828125,,,,,,,,,,,1.0,1.0,,,,,2811,,,,0.0,,0.0,,0.0
,,,0.12011494487524033,,0.954023003578186,,,,,,,,,,,1.0,1.0,,,,,2812,,,,0.0,,0.0,,0.0
,,,0.07500000298023224,,0.96875,,,,,,,,,,,1.0,1.0,,,,,2813,,,,0.0,,0.0,,0.0
,,,0.0920138880610466,,0.984375,,,,,,,,,,,1.0,1.0,,,,,2814,,,,0.0,,0.0,,0.0
,,,0.16534245014190674,,0.9702970385551453,,,,,,,,,,,1.0,1.0,,,,,2815,,,,0.0,,0.0,,0.0
,,,0.1197916641831398,,0.9765625,,,,,,,,,,,1.0,1.0,,,,,2816,,,,0.0,,0.0,,0.0
,,,0.1037946417927742,,0.9375,,,,,,,,,,,1.0,1.0,,,,,2817,,,,0.0,,0.0,,0.0
,,,0.14004629850387573,,0.953125,,,,,,,,,,,1.0,1.0,,,,,2818,,,,0.0,,0.0,,0.0
,,,0.0791015625,,0.921875,,,,,,,,,,,1.0,1.0,,,,,2819,,,,0.0,,0.0,,0.0
,,,0.0848214253783226,,0.9375,,,,,,,,,,,1.0,1.0,,,,,2820,,,,0.0,,0.0,,0.0
,,,0.19366002082824707,,0.976190447807312,,,,,,,,,,,1.0,1.0,,,,,2821,,,,0.0,,0.0,,0.0
,,,0.1497395783662796,,0.984375,,,,,,,,,,,1.0,1.0,,,,,2822,,,,0.0,,0.0,,0.0
,,,0.1536458283662796,,0.9921875,,,,,,,,,,,1.0,1.0,,,,,2823,,,,0.0,,0.0,,0.0
,,,0.2546986937522888,,0.9867256879806519,,,,,,,,,,,1.0,1.0,,,,,2824,,,,0.0,,0.0,,0.0
,,,0.15234375,,0.984375,,,,,,,,,,,1.0,1.0,,,,,2825,,,,0.0,,0.0,,0.0
,,,0.1497395783662796,,0.9765625,,,,,,,,,,,1.0,1.0,,,,,2826,,,,0.0,,0.0,,0.0
,,,0.1582491546869278,,0.9909090995788574,,,,,,,,,,,1.0,1.0,,,,,2827,,,,0.0,,0.0,,0.0
,,,0.06484375149011612,,1.0,,,,,,,,,,,1.0,1.0,,,,,2828,,,,0.0,,0.0,,0.0
,,,0.0693359375,,0.953125,,,,,,,,,,,1.0,1.0,,,,,2829,,,,0.0,,0.0,,0.0
,,,0.2211640179157257,,1.0,,,,,,,,,,,1.0,1.0,,,,,2830,,,,0.0,,0.0,,0.0
,,,0.1549479216337204,,0.9921875,,,,,,,,,,,1.0,1.0,,,,,2831,,,,0.0,,0.0,,0.0
,,,0.1796875,,0.9921875,,,,,,,,,,,1.0,1.0,,,,,2832,,,,0.0,,0.0,,0.0
,,,0.2526295781135559,,0.9708166122436523,,,,,,,,,,,1.0,1.0,,,,,2833,,,,0.0,,0.0,,0.0
,,,0.1419270783662796,,0.953125,,,,,,,,,,,1.0,1.0,,,,,2834,,,,0.0,,0.0,,0.0
,,,0.17031249403953552,,0.96875,,,,,,,,,,,1.0,1.0,,,,,2835,,,,0.0,,0.0,,0.0
,,,0.2057914137840271,,0.9803921580314636,,,,,,,,,,,1.0,1.0,,,,,2836,,,,0.0,,0.0,,0.0
,,,0.11328125,,0.9921875,,,,,,,,,,,1.0,1.0,,,,,2837,,,,0.0,,0.0,,0.0
,,,0.1067708358168602,,1.0,,,,,,,,,,,1.0,1.0,,,,,2838,,,,0.0,,0.0,,0.0
,,,0.1545465737581253,,0.976190447807312,,,,,,,,,,,1.0,1.0,,,,,2839,,,,0.0,,0.0,,0.0
,,,0.07109375298023224,,0.9375,,,,,,,,,,,1.0,1.0,,,,,2840,,,,0.0,,0.0,,0.0
,,,0.0908203125,,0.921875,,,,,,,,,,,1.0,1.0,,,,,2841,,,,0.0,,0.0,,0.0
,,,0.17710527777671814,,0.9329897165298462,,,,,,,,,,,1.0,1.0,,,,,2842,,,,0.0,,0.0,,0.0
,,,0.0842013880610466,,0.9921875,,,,,,,,,,,1.0,1.0,,,,,2843,,,,0.0,,0.0,,0.0
,,,0.0824652761220932,,0.96875,,,,,,,,,,,1.0,1.0,,,,,2844,,,,0.0,,0.0,,0.0
,,,0.2075892835855484,,0.9910714626312256,,,,,,,,,,,1.0,1.0,,,,,2845,,,,0.0,,0.0,,0.0
,,,0.0849609375,,0.9453125,,,,,,,,,,,1.0,1.0,,,,,2846,,,,0.0,,0.0,,0.0
,,,0.1060267835855484,,0.9609375,,,,,,,,,,,1.0,1.0,,,,,2847,,,,0.0,,0.0,,0.0
,,,0.1390831470489502,,0.8877233862876892,,,,,,,,,,,1.0,1.0,,,,,2848,,,,0.0,,0.0,,0.0
,,,0.0737847238779068,,0.9375,,,,,,,,,,,1.0,1.0,,,,,2849,,,,0.0,,0.0,,0.0
,,,0.0712890625,,0.90625,,,,,,,,,,,1.0,1.0,,,,,2850,,,,0.0,,0.0,,0.0
,,,0.09223847091197968,,0.9685039520263672,,,,,,,,,,,1.0,1.0,,,,,2851,,,,0.0,,0.0,,0.0
30,0.7659040093421936,0.761966347694397,,0.9692063331604004,,,,,,,,,,,,,,155.07798767089844,41415.8046875,5.043928146362305,353.6222839355469,6850,,,0.0,,0.0,,0.0,
30,,,,,,0.40060940384864807,,0.6929987072944641,,10.63896369934082,,,,,,,,,,,,6850,0.9339307546615601,,,,,,,
,,,,,,,,,,,,,,0.0003476624876689067,0.03,,,,,,,6899,,,,,,,,
31,,,,,,,0.39713379740715027,,0.6921320557594299,,10.7578125,0.00034764118026942015,0.029999999329447746,,,1.0,1.0,,,,,6899,,0.8991954326629639,,,,,,
,,,,,,,,,,,,,,0.00034659321659224546,0.03,,,,,,,6949,,,,,,,,
31,,,,,,,0.3997584283351898,,0.7052389979362488,,11.1328125,0.000346571730915457,0.029999999329447746,,,1.0,1.0,,,,,6949,,0.8683309555053711,,,,,,
,,,,,,,,,,,,,,0.0003455148151349329,0.03,,,,,,,6999,,,,,,,,
31,,,,,,,0.38097137212753296,,0.6669713854789734,,10.3359375,0.00034549314295873046,0.029999999329447746,,,1.0,1.0,,,,,6999,,0.7803120613098145,,,,,,
,,,,,,,,,,,,,,0.0003444273505556578,0.03,,,,,,,7049,,,,,,,,
31,,,,,,,0.38178226351737976,,0.6657300591468811,,10.3515625,0.00034440550371073186,0.029999999329447746,,,1.0,1.0,,,,,7049,,1.064018726348877,,,,,,
,,,0.09375,,0.9609375,,,,,,,,,,,1.0,1.0,,,,,2852,,,,0.0,,0.0,,0.0
,,,0.11328125,,0.9765625,,,,,,,,,,,1.0,1.0,,,,,2853,,,,0.0,,0.0,,0.0
,,,0.21996961534023285,,0.9801980257034302,,,,,,,,,,,1.0,1.0,,,,,2854,,,,0.0,,0.0,,0.0
,,,0.18593749403953552,,0.9921875,,,,,,,,,,,1.0,1.0,,,,,2855,,,,0.0,,0.0,,0.0
,,,0.140625,,1.0,,,,,,,,,,,1.0,1.0,,,,,2856,,,,0.0,,0.0,,0.0
,,,0.27617520093917847,,0.990384578704834,,,,,,,,,,,1.0,1.0,,,,,2857,,,,0.0,,0.0,,0.0
,,,0.1104910746216774,,1.0,,,,,,,,,,,1.0,1.0,,,,,2858,,,,0.0,,0.0,,0.0
,,,0.1171875,,1.0,,,,,,,,,,,1.0,1.0,,,,,2859,,,,0.0,,0.0,,0.0
,,,0.16571372747421265,,0.9772727489471436,,,,,,,,,,,1.0,1.0,,,,,2860,,,,0.0,,0.0,,0.0
,,,0.095703125,,0.96875,,,,,,,,,,,1.0,1.0,,,,,2861,,,,0.0,,0.0,,0.0
,,,0.0772569477558136,,0.953125,,,,,,,,,,,1.0,1.0,,,,,2862,,,,0.0,,0.0,,0.0
,,,0.1049107164144516,,0.9375,,,,,,,,,,,1.0,1.0,,,,,2863,,,,0.0,,0.0,,0.0
,,,0.16829629242420197,,0.8253333568572998,,,,,,,,,,,1.0,1.0,,,,,2864,,,,0.0,,0.0,,0.0
,,,0.1005859375,,1.0,,,,,,,,,,,1.0,1.0,,,,,2865,,,,0.0,,0.0,,0.0
,,,0.1064453125,,0.9765625,,,,,,,,,,,1.0,1.0,,,,,2866,,,,0.0,,0.0,,0.0
,,,0.20798319578170776,,0.9789916276931763,,,,,,,,,,,1.0,1.0,,,,,2867,,,,0.0,,0.0,,0.0
,,,0.0970982164144516,,0.9453125,,,,,,,,,,,1.0,1.0,,,,,2868,,,,0.0,,0.0,,0.0
,,,0.0859375,,0.9765625,,,,,,,,,,,1.0,1.0,,,,,2869,,,,0.0,,0.0,,0.0
,,,0.18492965400218964,,0.9540042877197266,,,,,,,,,,,1.0,1.0,,,,,2870,,,,0.0,,0.0,,0.0
,,,0.09765625,,0.96875,,,,,,,,,,,1.0,1.0,,,,,2871,,,,0.0,,0.0,,0.0
,,,0.1064453125,,0.9765625,,,,,,,,,,,1.0,1.0,,,,,2872,,,,0.0,,0.0,,0.0
,,,0.13940224051475525,,0.9612702131271362,,,,,,,,,,,1.0,1.0,,,,,2873,,,,0.0,,0.0,,0.0
,,,0.0737847238779068,,0.953125,,,,,,,,,,,1.0,1.0,,,,,2874,,,,0.0,,0.0,,0.0
,,,0.0815972238779068,,0.9765625,,,,,,,,,,,1.0,1.0,,,,,2875,,,,0.0,,0.0,,0.0
,,,0.14300492405891418,,0.9699507355690002,,,,,,,,,,,1.0,1.0,,,,,2876,,,,0.0,,0.0,,0.0
,,,0.13671875,,0.9609375,,,,,,,,,,,1.0,1.0,,,,,2877,,,,0.0,,0.0,,0.0
,,,0.1484375,,0.96875,,,,,,,,,,,1.0,1.0,,,,,2878,,,,0.0,,0.0,,0.0
,,,0.19295597076416016,,0.9933333396911621,,,,,,,,,,,1.0,1.0,,,,,2879,,,,0.0,,0.0,,0.0
,,,0.22265625,,1.0,,,,,,,,,,,1.0,1.0,,,,,2880,,,,0.0,,0.0,,0.0
,,,0.1171875,,1.0,,,,,,,,,,,1.0,1.0,,,,,2881,,,,0.0,,0.0,,0.0
,,,0.19743502140045166,,0.9766073822975159,,,,,,,,,,,1.0,1.0,,,,,2882,,,,0.0,,0.0,,0.0
,,,0.0859375,,0.9453125,,,,,,,,,,,1.0,1.0,,,,,2883,,,,0.0,,0.0,,0.0
,,,0.09375,,0.9765625,,,,,,,,,,,1.0,1.0,,,,,2884,,,,0.0,,0.0,,0.0
,,,0.18577586114406586,,0.9756157398223877,,,,,,,,,,,1.0,1.0,,,,,2885,,,,0.0,,0.0,,0.0
,,,0.1458333283662796,,0.9765625,,,,,,,,,,,1.0,1.0,,,,,2886,,,,0.0,,0.0,,0.0
,,,0.216796875,,1.0,,,,,,,,,,,1.0,1.0,,,,,2887,,,,0.0,,0.0,,0.0
,,,0.23052185773849487,,0.9918032884597778,,,,,,,,,,,1.0,1.0,,,,,2888,,,,0.0,,0.0,,0.0
,,,0.103515625,,1.0,,,,,,,,,,,1.0,1.0,,,,,2889,,,,0.0,,0.0,,0.0
,,,0.0824652761220932,,1.0,,,,,,,,,,,1.0,1.0,,,,,2890,,,,0.0,,0.0,,0.0
,,,0.15479853749275208,,0.9846153855323792,,,,,,,,,,,1.0,1.0,,,,,2891,,,,0.0,,0.0,,0.0
,,,0.1071428582072258,,0.96875,,,,,,,,,,,1.0,1.0,,,,,2892,,,,0.0,,0.0,,0.0
,,,0.1158854141831398,,0.9453125,,,,,,,,,,,1.0,1.0,,,,,2893,,,,0.0,,0.0,,0.0
,,,0.2340908944606781,,0.9534090757369995,,,,,,,,,,,1.0,1.0,,,,,2894,,,,0.0,,0.0,,0.0
,,,0.0946180522441864,,0.9921875,,,,,,,,,,,1.0,1.0,,,,,2895,,,,0.0,,0.0,,0.0
,,,0.1194196417927742,,0.9921875,,,,,,,,,,,1.0,1.0,,,,,2896,,,,0.0,,0.0,,0.0
,,,0.16437213122844696,,0.97465580701828,,,,,,,,,,,1.0,1.0,,,,,2897,,,,0.0,,0.0,,0.0
,,,0.1037946417927742,,0.9765625,,,,,,,,,,,1.0,1.0,,,,,2898,,,,0.0,,0.0,,0.0
,,,0.12109375,,0.9453125,,,,,,,,,,,1.0,1.0,,,,,2899,,,,0.0,,0.0,,0.0
,,,0.1145833358168602,,0.96875,,,,,,,,,,,1.0,1.0,,,,,2900,,,,0.0,,0.0,,0.0
,,,0.08573928475379944,,0.9724409580230713,,,,,,,,,,,1.0,1.0,,,,,2901,,,,0.0,,0.0,,0.0
,,,0.1104910746216774,,0.9609375,,,,,,,,,,,1.0,1.0,,,,,2902,,,,0.0,,0.0,,0.0
,,,0.1025390625,,0.96875,,,,,,,,,,,1.0,1.0,,,,,2903,,,,0.0,,0.0,,0.0
,,,0.11063218116760254,,0.936781644821167,,,,,,,,,,,1.0,1.0,,,,,2904,,,,0.0,,0.0,,0.0
,,,0.0694444477558136,,0.9453125,,,,,,,,,,,1.0,1.0,,,,,2905,,,,0.0,,0.0,,0.0
,,,0.0859375,,0.984375,,,,,,,,,,,1.0,1.0,,,,,2906,,,,0.0,,0.0,,0.0
,,,0.178951233625412,,0.9950494766235352,,,,,,,,,,,1.0,1.0,,,,,2907,,,,0.0,,0.0,,0.0
,,,0.1205357164144516,,0.984375,,,,,,,,,,,1.0,1.0,,,,,2908,,,,0.0,,0.0,,0.0
,,,0.17031249403953552,,0.96875,,,,,,,,,,,1.0,1.0,,,,,2909,,,,0.0,,0.0,,0.0
,,,0.1701388955116272,,0.984375,,,,,,,,,,,1.0,1.0,,,,,2910,,,,0.0,,0.0,,0.0
,,,0.1227678582072258,,1.0,,,,,,,,,,,1.0,1.0,,,,,2911,,,,0.0,,0.0,,0.0
,,,0.1194196417927742,,0.9921875,,,,,,,,,,,1.0,1.0,,,,,2912,,,,0.0,,0.0,,0.0
,,,0.2172124683856964,,0.9764673113822937,,,,,,,,,,,1.0,1.0,,,,,2913,,,,0.0,,0.0,,0.0
,,,0.0904017835855484,,0.9375,,,,,,,,,,,1.0,1.0,,,,,2914,,,,0.0,,0.0,,0.0
,,,0.109375,,0.9609375,,,,,,,,,,,1.0,1.0,,,,,2915,,,,0.0,,0.0,,0.0
,,,0.20514118671417236,,0.9955751895904541,,,,,,,,,,,1.0,1.0,,,,,2916,,,,0.0,,0.0,,0.0
,,,0.125,,0.9921875,,,,,,,,,,,1.0,1.0,,,,,2917,,,,0.0,,0.0,,0.0
,,,0.21484375,,0.9921875,,,,,,,,,,,1.0,1.0,,,,,2918,,,,0.0,,0.0,,0.0
,,,0.19494950771331787,,1.0,,,,,,,,,,,1.0,1.0,,,,,2919,,,,0.0,,0.0,,0.0
,,,0.1127232164144516,,1.0,,,,,,,,,,,1.0,1.0,,,,,2920,,,,0.0,,0.0,,0.0
,,,0.0824652761220932,,1.0,,,,,,,,,,,1.0,1.0,,,,,2921,,,,0.0,,0.0,,0.0
,,,0.1864197552204132,,0.9861111044883728,,,,,,,,,,,1.0,1.0,,,,,2922,,,,0.0,,0.0,,0.0
,,,0.1145833358168602,,0.9609375,,,,,,,,,,,1.0,1.0,,,,,2923,,,,0.0,,0.0,,0.0
,,,0.1263020783662796,,0.9453125,,,,,,,,,,,1.0,1.0,,,,,2924,,,,0.0,,0.0,,0.0
,,,0.22577932476997375,,0.9495314359664917,,,,,,,,,,,1.0,1.0,,,,,2925,,,,0.0,,0.0,,0.0
,,,0.08515624701976776,,0.9921875,,,,,,,,,,,1.0,1.0,,,,,2926,,,,0.0,,0.0,,0.0
,,,0.1227678582072258,,0.9921875,,,,,,,,,,,1.0,1.0,,,,,2927,,,,0.0,,0.0,,0.0
,,,0.18901196122169495,,0.9738986492156982,,,,,,,,,,,1.0,1.0,,,,,2928,,,,0.0,,0.0,,0.0
,,,0.1037946417927742,,0.96875,,,,,,,,,,,1.0,1.0,,,,,2929,,,,0.0,,0.0,,0.0
,,,0.1049107164144516,,0.9453125,,,,,,,,,,,1.0,1.0,,,,,2930,,,,0.0,,0.0,,0.0
,,,0.2119917869567871,,0.9706533551216125,,,,,,,,,,,1.0,1.0,,,,,2931,,,,0.0,,0.0,,0.0
,,,0.0824652761220932,,0.9375,,,,,,,,,,,1.0,1.0,,,,,2932,,,,0.0,,0.0,,0.0
,,,0.1341145783662796,,0.9609375,,,,,,,,,,,1.0,1.0,,,,,2933,,,,0.0,,0.0,,0.0
,,,0.1815393567085266,,0.9793814420700073,,,,,,,,,,,1.0,1.0,,,,,2934,,,,0.0,,0.0,,0.0
,,,0.0720486119389534,,0.9453125,,,,,,,,,,,1.0,1.0,,,,,2935,,,,0.0,,0.0,,0.0
,,,0.0720486119389534,,0.96875,,,,,,,,,,,1.0,1.0,,,,,2936,,,,0.0,,0.0,,0.0
,,,0.15000000596046448,,0.9910714626312256,,,,,,,,,,,1.0,1.0,,,,,2937,,,,0.0,,0.0,,0.0
,,,0.15937499701976776,,0.984375,,,,,,,,,,,1.0,1.0,,,,,2938,,,,0.0,,0.0,,0.0
,,,0.1227678582072258,,0.9765625,,,,,,,,,,,1.0,1.0,,,,,2939,,,,0.0,,0.0,,0.0
,,,0.1810411810874939,,0.9871795177459717,,,,,,,,,,,1.0,1.0,,,,,2940,,,,0.0,,0.0,,0.0
,,,0.1015625,,1.0,,,,,,,,,,,1.0,1.0,,,,,2941,,,,0.0,,0.0,,0.0
,,,0.1216517835855484,,1.0,,,,,,,,,,,1.0,1.0,,,,,2942,,,,0.0,,0.0,,0.0
,,,0.12260967493057251,,0.9842519760131836,,,,,,,,,,,1.0,1.0,,,,,2943,,,,0.0,,0.0,,0.0
31,0.7661112546920776,0.7718591690063477,,0.9752781391143799,,,,,,,,,,,,,,157.01983642578125,37278.9375,5.056372165679932,347.8356628417969,7071,,,0.0,,0.0,,0.0,
31,,,,,,0.3945632576942444,,0.6829559803009033,,10.516402244567871,,,,,,,,,,,,7071,0.9676681160926819,,,,,,,
,,,,,,,,,,,,,,0.00034333089067836557,0.03,,,,,,,7099,,,,,,,,
32,,,,,,,0.4144975244998932,,0.6808743476867676,,9.2890625,0.00034330887137912214,0.029999999329447746,,,1.0,1.0,,,,,7099,,1.1992897987365723,,,,,,
,,,,,,,,,,,,,,0.00034222550388802867,0.03,,,,,,,7149,,,,,,,,
32,,,,,,,0.3907773792743683,,0.6919091939926147,,11.046875,0.0003422033041715622,0.029999999329447746,,,1.0,1.0,,,,,7149,,0.7900261282920837,,,,,,
,,,,,,,,,,,,,,0.00034111125912638084,0.03,,,,,,,7199,,,,,,,,
32,,,,,,,0.40235912799835205,,0.6815496683120728,,10.1484375,0.0003410888893995434,0.029999999329447746,,,1.0,1.0,,,,,7199,,1.0105299949645996,,,,,,
,,,,,,,,,,,,,,0.0003399882258876178,0.03,,,,,,,7249,,,,,,,,
32,,,,,,,0.4026528596878052,,0.7047991156578064,,11.2734375,0.0003399656852707267,0.029999999329447746,,,1.0,1.0,,,,,7249,,0.9030448198318481,,,,,,
,,,0.0685763880610466,,0.9375,,,,,,,,,,,1.0,1.0,,,,,2944,,,,0.0,,0.0,,0.0
,,,0.0869140625,,0.96875,,,,,,,,,,,1.0,1.0,,,,,2945,,,,0.0,,0.0,,0.0
,,,0.15522551536560059,,0.941877543926239,,,,,,,,,,,1.0,1.0,,,,,2946,,,,0.0,,0.0,,0.0
,,,0.1536458283662796,,0.984375,,,,,,,,,,,1.0,1.0,,,,,2947,,,,0.0,,0.0,,0.0
,,,0.1261160671710968,,0.984375,,,,,,,,,,,1.0,1.0,,,,,2948,,,,0.0,,0.0,,0.0
,,,0.21108058094978333,,0.990384578704834,,,,,,,,,,,1.0,1.0,,,,,2949,,,,0.0,,0.0,,0.0
,,,0.06718750298023224,,1.0,,,,,,,,,,,1.0,1.0,,,,,2950,,,,0.0,,0.0,,0.0
,,,0.06953124701976776,,1.0,,,,,,,,,,,1.0,1.0,,,,,2951,,,,0.0,,0.0,,0.0
,,,0.15883362293243408,,0.9725557565689087,,,,,,,,,,,1.0,1.0,,,,,2952,,,,0.0,,0.0,,0.0
,,,0.1497395783662796,,0.984375,,,,,,,,,,,1.0,1.0,,,,,2953,,,,0.0,,0.0,,0.0
,,,0.1083984375,,0.984375,,,,,,,,,,,1.0,1.0,,,,,2954,,,,0.0,,0.0,,0.0
,,,0.1205357164144516,,0.9765625,,,,,,,,,,,1.0,1.0,,,,,2955,,,,0.0,,0.0,,0.0
,,,0.19233334064483643,,0.9839999675750732,,,,,,,,,,,1.0,1.0,,,,,2956,,,,0.0,,0.0,,0.0
,,,0.1160714253783226,,0.9765625,,,,,,,,,,,1.0,1.0,,,,,2957,,,,0.0,,0.0,,0.0
,,,0.099609375,,0.96875,,,,,,,,,,,1.0,1.0,,,,,2958,,,,0.0,,0.0,,0.0
,,,0.18230625987052917,,0.9873949289321899,,,,,,,,,,,1.0,1.0,,,,,2959,,,,0.0,,0.0,,0.0
,,,0.0947265625,,0.9765625,,,,,,,,,,,1.0,1.0,,,,,2960,,,,0.0,,0.0,,0.0
,,,0.1171875,,0.984375,,,,,,,,,,,1.0,1.0,,,,,2961,,,,0.0,,0.0,,0.0
,,,0.2021103948354721,,0.9886363744735718,,,,,,,,,,,1.0,1.0,,,,,2962,,,,0.0,,0.0,,0.0
,,,0.099609375,,0.9765625,,,,,,,,,,,1.0,1.0,,,,,2963,,,,0.0,,0.0,,0.0
,,,0.09375,,0.9765625,,,,,,,,,,,1.0,1.0,,,,,2964,,,,0.0,,0.0,,0.0
,,,0.17667081952095032,,0.9931507110595703,,,,,,,,,,,1.0,1.0,,,,,2965,,,,0.0,,0.0,,0.0
,,,0.0894097238779068,,0.9921875,,,,,,,,,,,1.0,1.0,,,,,2966,,,,0.0,,0.0,,0.0
,,,0.103515625,,0.9921875,,,,,,,,,,,1.0,1.0,,,,,2967,,,,0.0,,0.0,,0.0
,,,0.14492610096931458,,0.9669950604438782,,,,,,,,,,,1.0,1.0,,,,,2968,,,,0.0,,0.0,,0.0
,,,0.0869140625,,0.9296875,,,,,,,,,,,1.0,1.0,,,,,2969,,,,0.0,,0.0,,0.0
,,,0.07421875,,0.953125,,,,,,,,,,,1.0,1.0,,,,,2970,,,,0.0,,0.0,,0.0
,,,0.19710692763328552,,0.9505660533905029,,,,,,,,,,,1.0,1.0,,,,,2971,,,,0.0,,0.0,,0.0
,,,0.1484375,,1.0,,,,,,,,,,,1.0,1.0,,,,,2972,,,,0.0,,0.0,,0.0
,,,0.1015625,,0.9921875,,,,,,,,,,,1.0,1.0,,,,,2973,,,,0.0,,0.0,,0.0
,,,0.15099862217903137,,0.9882352948188782,,,,,,,,,,,1.0,1.0,,,,,2974,,,,0.0,,0.0,,0.0
,,,0.0694444477558136,,0.9375,,,,,,,,,,,1.0,1.0,,,,,2975,,,,0.0,,0.0,,0.0
,,,0.08203125,,0.9375,,,,,,,,,,,1.0,1.0,,,,,2976,,,,0.0,,0.0,,0.0
,,,0.21850809454917908,,0.9440886974334717,,,,,,,,,,,1.0,1.0,,,,,2977,,,,0.0,,0.0,,0.0
,,,0.11328125,,0.9609375,,,,,,,,,,,1.0,1.0,,,,,2978,,,,0.0,,0.0,,0.0
,,,0.18125000596046448,,0.984375,,,,,,,,,,,1.0,1.0,,,,,2979,,,,0.0,,0.0,,0.0
,,,0.14763885736465454,,0.9836065769195557,,,,,,,,,,,1.0,1.0,,,,,2980,,,,0.0,,0.0,,0.0
,,,0.0755208358168602,,1.0,,,,,,,,,,,1.0,1.0,,,,,2981,,,,0.0,,0.0,,0.0
,,,0.0849609375,,1.0,,,,,,,,,,,1.0,1.0,,,,,2982,,,,0.0,,0.0,,0.0
,,,0.20671550929546356,,0.9843711853027344,,,,,,,,,,,1.0,1.0,,,,,2983,,,,0.0,,0.0,,0.0
,,,0.1261160671710968,,0.984375,,,,,,,,,,,1.0,1.0,,,,,2984,,,,0.0,,0.0,,0.0
,,,0.1458333283662796,,0.984375,,,,,,,,,,,1.0,1.0,,,,,2985,,,,0.0,,0.0,,0.0
,,,0.2920454442501068,,0.969318151473999,,,,,,,,,,,1.0,1.0,,,,,2986,,,,0.0,,0.0,,0.0
,,,0.0928819477558136,,0.984375,,,,,,,,,,,1.0,1.0,,,,,2987,,,,0.0,,0.0,,0.0
,,,0.140625,,0.984375,,,,,,,,,,,1.0,1.0,,,,,2988,,,,0.0,,0.0,,0.0
,,,0.14662078022956848,,0.9640175104141235,,,,,,,,,,,1.0,1.0,,,,,2989,,,,0.0,,0.0,,0.0
,,,0.091796875,,0.9765625,,,,,,,,,,,1.0,1.0,,,,,2990,,,,0.0,,0.0,,0.0
,,,0.109375,,0.984375,,,,,,,,,,,1.0,1.0,,,,,2991,,,,0.0,,0.0,,0.0
,,,0.0902777761220932,,0.984375,,,,,,,,,,,1.0,1.0,,,,,2992,,,,0.0,,0.0,,0.0
,,,0.22539369761943817,,0.9921259880065918,,,,,,,,,,,1.0,1.0,,,,,2993,,,,0.0,,0.0,,0.0
,,,0.0920138880610466,,0.9765625,,,,,,,,,,,1.0,1.0,,,,,2994,,,,0.0,,0.0,,0.0
,,,0.1044921875,,0.984375,,,,,,,,,,,1.0,1.0,,,,,2995,,,,0.0,,0.0,,0.0
,,,0.14559386670589447,,0.9913793206214905,,,,,,,,,,,1.0,1.0,,,,,2996,,,,0.0,,0.0,,0.0
,,,0.0947265625,,0.9921875,,,,,,,,,,,1.0,1.0,,,,,2997,,,,0.0,,0.0,,0.0
,,,0.1227678582072258,,0.9921875,,,,,,,,,,,1.0,1.0,,,,,2998,,,,0.0,,0.0,,0.0
,,,0.16452756524085999,,0.9752475023269653,,,,,,,,,,,1.0,1.0,,,,,2999,,,,0.0,,0.0,,0.0
,,,0.1015625,,0.96875,,,,,,,,,,,1.0,1.0,,,,,3000,,,,0.0,,0.0,,0.0
,,,0.07265625149011612,,0.9296875,,,,,,,,,,,1.0,1.0,,,,,3001,,,,0.0,,0.0,,0.0
,,,0.2018229067325592,,0.9322916269302368,,,,,,,,,,,1.0,1.0,,,,,3002,,,,0.0,,0.0,,0.0
,,,0.1005859375,,1.0,,,,,,,,,,,1.0,1.0,,,,,3003,,,,0.0,,0.0,,0.0
,,,0.1283482164144516,,0.984375,,,,,,,,,,,1.0,1.0,,,,,3004,,,,0.0,,0.0,,0.0
,,,0.18120154738426208,,0.9648393988609314,,,,,,,,,,,1.0,1.0,,,,,3005,,,,0.0,,0.0,,0.0
,,,0.0720486119389534,,0.953125,,,,,,,,,,,1.0,1.0,,,,,3006,,,,0.0,,0.0,,0.0
,,,0.0755208358168602,,0.9296875,,,,,,,,,,,1.0,1.0,,,,,3007,,,,0.0,,0.0,,0.0
,,,0.19174042344093323,,0.9489675760269165,,,,,,,,,,,1.0,1.0,,,,,3008,,,,0.0,,0.0,,0.0
,,,0.11328125,,0.9609375,,,,,,,,,,,1.0,1.0,,,,,3009,,,,0.0,,0.0,,0.0
,,,0.17812499403953552,,0.984375,,,,,,,,,,,1.0,1.0,,,,,3010,,,,0.0,,0.0,,0.0
,,,0.13949495553970337,,1.0,,,,,,,,,,,1.0,1.0,,,,,3011,,,,0.0,,0.0,,0.0
,,,0.0772569477558136,,1.0,,,,,,,,,,,1.0,1.0,,,,,3012,,,,0.0,,0.0,,0.0
,,,0.0746527761220932,,0.9921875,,,,,,,,,,,1.0,1.0,,,,,3013,,,,0.0,,0.0,,0.0
,,,0.18518519401550293,,0.9953703880310059,,,,,,,,,,,1.0,1.0,,,,,3014,,,,0.0,,0.0,,0.0
,,,0.1216517835855484,,0.984375,,,,,,,,,,,1.0,1.0,,,,,3015,,,,0.0,,0.0,,0.0
,,,0.1458333283662796,,0.9921875,,,,,,,,,,,1.0,1.0,,,,,3016,,,,0.0,,0.0,,0.0
,,,0.43701472878456116,,0.9879518151283264,,,,,,,,,,,1.0,1.0,,,,,3017,,,,0.0,,0.0,,0.0
,,,0.10546875,,0.96875,,,,,,,,,,,1.0,1.0,,,,,3018,,,,0.0,,0.0,,0.0
,,,0.1238839253783226,,0.984375,,,,,,,,,,,1.0,1.0,,,,,3019,,,,0.0,,0.0,,0.0
,,,0.15926775336265564,,0.9674051403999329,,,,,,,,,,,1.0,1.0,,,,,3020,,,,0.0,,0.0,,0.0
,,,0.091796875,,0.9765625,,,,,,,,,,,1.0,1.0,,,,,3021,,,,0.0,,0.0,,0.0
,,,0.1015625,,0.984375,,,,,,,,,,,1.0,1.0,,,,,3022,,,,0.0,,0.0,,0.0
,,,0.1659468412399292,,0.9941860437393188,,,,,,,,,,,1.0,1.0,,,,,3023,,,,0.0,,0.0,,0.0
,,,0.0986328125,,0.984375,,,,,,,,,,,1.0,1.0,,,,,3024,,,,0.0,,0.0,,0.0
,,,0.103515625,,0.9765625,,,,,,,,,,,1.0,1.0,,,,,3025,,,,0.0,,0.0,,0.0
,,,0.1872667372226715,,0.9896907210350037,,,,,,,,,,,1.0,1.0,,,,,3026,,,,0.0,,0.0,,0.0
,,,0.0859375,,0.984375,,,,,,,,,,,1.0,1.0,,,,,3027,,,,0.0,,0.0,,0.0
,,,0.0947265625,,0.9921875,,,,,,,,,,,1.0,1.0,,,,,3028,,,,0.0,,0.0,,0.0
,,,0.1746031790971756,,0.9955357313156128,,,,,,,,,,,1.0,1.0,,,,,3029,,,,0.0,,0.0,,0.0
,,,0.0993303582072258,,0.9453125,,,,,,,,,,,1.0,1.0,,,,,3030,,,,0.0,,0.0,,0.0
,,,0.0772569477558136,,0.9609375,,,,,,,,,,,1.0,1.0,,,,,3031,,,,0.0,,0.0,,0.0
,,,0.1653285026550293,,0.9203574657440186,,,,,,,,,,,1.0,1.0,,,,,3032,,,,0.0,,0.0,,0.0
,,,0.1471354216337204,,1.0,,,,,,,,,,,1.0,1.0,,,,,3033,,,,0.0,,0.0,,0.0
,,,0.0876736119389534,,0.9921875,,,,,,,,,,,1.0,1.0,,,,,3034,,,,0.0,,0.0,,0.0
,,,0.12823396921157837,,0.9842519760131836,,,,,,,,,,,1.0,1.0,,,,,3035,,,,0.0,,0.0,,0.0
32,0.7744956612586975,0.7888489961624146,,0.976088285446167,,,,,,,,,,,,,,159.45428466796875,31176.375,5.0717573165893555,338.66363525390625,7292,,,0.0,,0.0,,0.0,
32,,,,,,0.3908824622631073,,0.6779916286468506,,10.4691743850708,,,,,,,,,,,,7292,0.916814386844635,,,,,,,
,,,,,,,,,,,,,,0.000338856474214062,0.03,,,,,,,7299,,,,,,,,
33,,,,,,,0.3768666088581085,,0.65477454662323,,10.15625,0.00033883374999277294,0.029999999329447746,,,1.0,1.0,,,,,7299,,0.9956405162811279,,,,,,
,,,,,,,,,,,,,,0.00033771607469179556,0.03,,,,,,,7349,,,,,,,,
33,,,,,,,0.38937240839004517,,0.6620559692382812,,9.734375,0.00033769317087717354,0.029999999329447746,,,1.0,1.0,,,,,7349,,0.844790518283844,,,,,,
,,,,,,,,,,,,,,0.0003365670984462574,0.03,,,,,,,7399,,,,,,,,
33,,,,,,,0.37444204092025757,,0.6601977348327637,,10.5234375,0.00033654403523541987,0.029999999329447746,,,1.0,1.0,,,,,7399,,0.9354760050773621,,,,,,
,,,,,,,,,,,,,,0.0003354096171378061,0.03,,,,,,,7449,,,,,,,,
33,,,,,,,0.391372412443161,,0.6738933324813843,,10.2890625,0.00033538637217134237,0.029999999329447746,,,1.0,1.0,,,,,7449,,0.7089023590087891,,,,,,
,,,,,,,,,,,,,,0.0003342437029572523,0.03,,,,,,,7499,,,,,,,,
33,,,,,,,0.3858277201652527,,0.657641589641571,,9.7890625,0.0003342202981002629,0.029999999329447746,,,1.0,1.0,,,,,7499,,0.767468273639679,,,,,,
,,,0.1796875,,0.9765625,,,,,,,,,,,1.0,1.0,,,,,3036,,,,0.0,,0.0,,0.0
,,,0.18437500298023224,,1.0,,,,,,,,,,,1.0,1.0,,,,,3037,,,,0.0,,0.0,,0.0
,,,0.194077730178833,,0.9765310287475586,,,,,,,,,,,1.0,1.0,,,,,3038,,,,0.0,,0.0,,0.0
,,,0.1419270783662796,,0.9921875,,,,,,,,,,,1.0,1.0,,,,,3039,,,,0.0,,0.0,,0.0
,,,0.10546875,,0.984375,,,,,,,,,,,1.0,1.0,,,,,3040,,,,0.0,,0.0,,0.0
,,,0.16826923191547394,,0.9599359035491943,,,,,,,,,,,1.0,1.0,,,,,3041,,,,0.0,,0.0,,0.0
,,,0.0478515625,,0.953125,,,,,,,,,,,1.0,1.0,,,,,3042,,,,0.0,,0.0,,0.0
,,,0.0477430559694767,,0.9609375,,,,,,,,,,,1.0,1.0,,,,,3043,,,,0.0,,0.0,,0.0
,,,0.11955402791500092,,0.9669811725616455,,,,,,,,,,,1.0,1.0,,,,,3044,,,,0.0,,0.0,,0.0
,,,0.1283482164144516,,0.9921875,,,,,,,,,,,1.0,1.0,,,,,3045,,,,0.0,,0.0,,0.0
,,,0.17812499403953552,,0.9921875,,,,,,,,,,,1.0,1.0,,,,,3046,,,,0.0,,0.0,,0.0
,,,0.1419270783662796,,1.0,,,,,,,,,,,1.0,1.0,,,,,3047,,,,0.0,,0.0,,0.0
,,,0.2129523754119873,,0.9800000190734863,,,,,,,,,,,1.0,1.0,,,,,3048,,,,0.0,,0.0,,0.0
,,,0.1116071417927742,,0.9765625,,,,,,,,,,,1.0,1.0,,,,,3049,,,,0.0,,0.0,,0.0
,,,0.0894097238779068,,0.9765625,,,,,,,,,,,1.0,1.0,,,,,3050,,,,0.0,,0.0,,0.0
,,,0.16993464529514313,,0.9066293239593506,,,,,,,,,,,1.0,1.0,,,,,3051,,,,0.0,,0.0,,0.0
,,,0.0625,,0.9453125,,,,,,,,,,,1.0,1.0,,,,,3052,,,,0.0,,0.0,,0.0
,,,0.0615234375,,0.90625,,,,,,,,,,,1.0,1.0,,,,,3053,,,,0.0,,0.0,,0.0
,,,0.14047619700431824,,0.9485930800437927,,,,,,,,,,,1.0,1.0,,,,,3054,,,,0.0,,0.0,,0.0
,,,0.1205357164144516,,0.9765625,,,,,,,,,,,1.0,1.0,,,,,3055,,,,0.0,,0.0,,0.0
,,,0.1458333283662796,,0.984375,,,,,,,,,,,1.0,1.0,,,,,3056,,,,0.0,,0.0,,0.0
,,,0.17005673050880432,,0.9544209241867065,,,,,,,,,,,1.0,1.0,,,,,3057,,,,0.0,,0.0,,0.0
,,,0.0763888880610466,,0.9375,,,,,,,,,,,1.0,1.0,,,,,3058,,,,0.0,,0.0,,0.0
,,,0.0807291641831398,,0.9609375,,,,,,,,,,,1.0,1.0,,,,,3059,,,,0.0,,0.0,,0.0
,,,0.1573399007320404,,0.9714285731315613,,,,,,,,,,,1.0,1.0,,,,,3060,,,,0.0,,0.0,,0.0
,,,0.17812499403953552,,0.9921875,,,,,,,,,,,1.0,1.0,,,,,3061,,,,0.0,,0.0,,0.0
,,,0.1283482164144516,,0.9921875,,,,,,,,,,,1.0,1.0,,,,,3062,,,,0.0,,0.0,,0.0
,,,0.2211320698261261,,0.9905660152435303,,,,,,,,,,,1.0,1.0,,,,,3063,,,,0.0,,0.0,,0.0
,,,0.1796875,,1.0,,,,,,,,,,,1.0,1.0,,,,,3064,,,,0.0,,0.0,,0.0
,,,0.1194196417927742,,1.0,,,,,,,,,,,1.0,1.0,,,,,3065,,,,0.0,,0.0,,0.0
,,,0.3040127754211426,,1.0,,,,,,,,,,,1.0,1.0,,,,,3066,,,,0.0,,0.0,,0.0
,,,0.1796875,,0.984375,,,,,,,,,,,1.0,1.0,,,,,3067,,,,0.0,,0.0,,0.0
,,,0.14453125,,1.0,,,,,,,,,,,1.0,1.0,,,,,3068,,,,0.0,,0.0,,0.0
,,,0.18308702111244202,,0.984236478805542,,,,,,,,,,,1.0,1.0,,,,,3069,,,,0.0,,0.0,,0.0
,,,0.103515625,,0.9609375,,,,,,,,,,,1.0,1.0,,,,,3070,,,,0.0,,0.0,,0.0
,,,0.1419270783662796,,0.9921875,,,,,,,,,,,1.0,1.0,,,,,3071,,,,0.0,,0.0,,0.0
,,,0.12508496642112732,,0.9366283416748047,,,,,,,,,,,1.0,1.0,,,,,3072,,,,0.0,,0.0,,0.0
,,,0.0451388880610466,,0.9609375,,,,,,,,,,,1.0,1.0,,,,,3073,,,,0.0,,0.0,,0.0
,,,0.0460069440305233,,0.9609375,,,,,,,,,,,1.0,1.0,,,,,3074,,,,0.0,,0.0,,0.0
,,,0.13805454969406128,,0.9603174924850464,,,,,,,,,,,1.0,1.0,,,,,3075,,,,0.0,,0.0,,0.0
,,,0.1796875,,0.9921875,,,,,,,,,,,1.0,1.0,,,,,3076,,,,0.0,,0.0,,0.0
,,,0.14453125,,0.9921875,,,,,,,,,,,1.0,1.0,,,,,3077,,,,0.0,,0.0,,0.0
,,,0.27916666865348816,,0.987500011920929,,,,,,,,,,,1.0,1.0,,,,,3078,,,,0.0,,0.0,,0.0
,,,0.1015625,,0.9609375,,,,,,,,,,,1.0,1.0,,,,,3079,,,,0.0,,0.0,,0.0
,,,0.0911458358168602,,0.984375,,,,,,,,,,,1.0,1.0,,,,,3080,,,,0.0,,0.0,,0.0
,,,0.15652377903461456,,0.9452440738677979,,,,,,,,,,,1.0,1.0,,,,,3081,,,,0.0,,0.0,,0.0
,,,0.0669642835855484,,0.9453125,,,,,,,,,,,1.0,1.0,,,,,3082,,,,0.0,,0.0,,0.0
,,,0.0595703125,,0.9375,,,,,,,,,,,1.0,1.0,,,,,3083,,,,0.0,,0.0,,0.0
,,,0.078125,,0.8984375,,,,,,,,,,,1.0,1.0,,,,,3084,,,,0.0,,0.0,,0.0
,,,0.08425197005271912,,0.9921259880065918,,,,,,,,,,,1.0,1.0,,,,,3085,,,,0.0,,0.0,,0.0
,,,0.1205357164144516,,0.984375,,,,,,,,,,,1.0,1.0,,,,,3086,,,,0.0,,0.0,,0.0
,,,0.140625,,0.96875,,,,,,,,,,,1.0,1.0,,,,,3087,,,,0.0,,0.0,,0.0
,,,0.15357598662376404,,0.9784482717514038,,,,,,,,,,,1.0,1.0,,,,,3088,,,,0.0,,0.0,,0.0
,,,0.0703125,,0.921875,,,,,,,,,,,1.0,1.0,,,,,3089,,,,0.0,,0.0,,0.0
,,,0.0842013880610466,,0.96875,,,,,,,,,,,1.0,1.0,,,,,3090,,,,0.0,,0.0,,0.0
,,,0.17088374495506287,,0.9394939541816711,,,,,,,,,,,1.0,1.0,,,,,3091,,,,0.0,,0.0,,0.0
,,,0.18281249701976776,,0.9921875,,,,,,,,,,,1.0,1.0,,,,,3092,,,,0.0,,0.0,,0.0
,,,0.1103515625,,0.9921875,,,,,,,,,,,1.0,1.0,,,,,3093,,,,0.0,,0.0,,0.0
,,,0.2213541567325592,,0.9947916269302368,,,,,,,,,,,1.0,1.0,,,,,3094,,,,0.0,,0.0,,0.0
,,,0.1419270783662796,,1.0,,,,,,,,,,,1.0,1.0,,,,,3095,,,,0.0,,0.0,,0.0
,,,0.125,,1.0,,,,,,,,,,,1.0,1.0,,,,,3096,,,,0.0,,0.0,,0.0
,,,0.36234772205352783,,1.0,,,,,,,,,,,1.0,1.0,,,,,3097,,,,0.0,,0.0,,0.0
,,,0.17812499403953552,,0.984375,,,,,,,,,,,1.0,1.0,,,,,3098,,,,0.0,,0.0,,0.0
,,,0.1432291716337204,,0.9921875,,,,,,,,,,,1.0,1.0,,,,,3099,,,,0.0,,0.0,,0.0
,,,0.24711336195468903,,0.991150438785553,,,,,,,,,,,1.0,1.0,,,,,3100,,,,0.0,,0.0,,0.0
,,,0.1194196417927742,,0.96875,,,,,,,,,,,1.0,1.0,,,,,3101,,,,0.0,,0.0,,0.0
,,,0.16093750298023224,,0.9765625,,,,,,,,,,,1.0,1.0,,,,,3102,,,,0.0,,0.0,,0.0
,,,0.12065094709396362,,0.9171717166900635,,,,,,,,,,,1.0,1.0,,,,,3103,,,,0.0,,0.0,,0.0
,,,0.04531250149011612,,0.9765625,,,,,,,,,,,1.0,1.0,,,,,3104,,,,0.0,,0.0,,0.0
,,,0.03671874850988388,,0.9453125,,,,,,,,,,,1.0,1.0,,,,,3105,,,,0.0,,0.0,,0.0
,,,0.14773662388324738,,0.970370352268219,,,,,,,,,,,1.0,1.0,,,,,3106,,,,0.0,,0.0,,0.0
,,,0.18125000596046448,,0.9921875,,,,,,,,,,,1.0,1.0,,,,,3107,,,,0.0,,0.0,,0.0
,,,0.140625,,1.0,,,,,,,,,,,1.0,1.0,,,,,3108,,,,0.0,,0.0,,0.0
,,,0.24429145455360413,,0.981927752494812,,,,,,,,,,,1.0,1.0,,,,,3109,,,,0.0,,0.0,,0.0
,,,0.099609375,,0.984375,,,,,,,,,,,1.0,1.0,,,,,3110,,,,0.0,,0.0,,0.0
,,,0.1044921875,,0.984375,,,,,,,,,,,1.0,1.0,,,,,3111,,,,0.0,,0.0,,0.0
,,,0.1613827347755432,,0.9479246139526367,,,,,,,,,,,1.0,1.0,,,,,3112,,,,0.0,,0.0,,0.0
,,,0.0669642835855484,,0.953125,,,,,,,,,,,1.0,1.0,,,,,3113,,,,0.0,,0.0,,0.0
,,,0.0615234375,,0.921875,,,,,,,,,,,1.0,1.0,,,,,3114,,,,0.0,,0.0,,0.0
,,,0.17995570600032806,,0.9418604373931885,,,,,,,,,,,1.0,1.0,,,,,3115,,,,0.0,,0.0,,0.0
,,,0.0902777761220932,,0.9765625,,,,,,,,,,,1.0,1.0,,,,,3116,,,,0.0,,0.0,,0.0
,,,0.1205357164144516,,0.984375,,,,,,,,,,,1.0,1.0,,,,,3117,,,,0.0,,0.0,,0.0
,,,0.17880500853061676,,0.9684070348739624,,,,,,,,,,,1.0,1.0,,,,,3118,,,,0.0,,0.0,,0.0
,,,0.078125,,0.9609375,,,,,,,,,,,1.0,1.0,,,,,3119,,,,0.0,,0.0,,0.0
,,,0.06953124701976776,,0.9296875,,,,,,,,,,,1.0,1.0,,,,,3120,,,,0.0,,0.0,,0.0
,,,0.1696428656578064,,0.9732142686843872,,,,,,,,,,,1.0,1.0,,,,,3121,,,,0.0,,0.0,,0.0
,,,0.17812499403953552,,1.0,,,,,,,,,,,1.0,1.0,,,,,3122,,,,0.0,,0.0,,0.0
,,,0.125,,0.9921875,,,,,,,,,,,1.0,1.0,,,,,3123,,,,0.0,,0.0,,0.0
,,,0.24630925059318542,,0.9502719640731812,,,,,,,,,,,1.0,1.0,,,,,3124,,,,0.0,,0.0,,0.0
,,,0.1238839253783226,,1.0,,,,,,,,,,,1.0,1.0,,,,,3125,,,,0.0,,0.0,,0.0
,,,0.10546875,,1.0,,,,,,,,,,,1.0,1.0,,,,,3126,,,,0.0,,0.0,,0.0
,,,0.18110236525535583,,1.0,,,,,,,,,,,1.0,1.0,,,,,3127,,,,0.0,,0.0,,0.0
33,0.7753923535346985,0.7607735395431519,,0.9728906154632568,,,,,,,,,,,,,,160.6444549560547,27103.20703125,5.079193592071533,336.3310241699219,7513,,,0.0,,0.0,,0.0,
33,,,,,,0.38605862855911255,,0.6705728769302368,,10.355769157409668,,,,,,,,,,,,7513,0.8812446594238281,,,,,,,
,,,,,,,,,,,,,,0.0003330694286213554,0.03,,,,,,,7549,,,,,,,,
34,,,,,,,0.3897000253200531,,0.6930161118507385,,10.984375,0.0003330458712298423,0.029999999329447746,,,1.0,1.0,,,,,7549,,0.7692868709564209,,,,,,
,,,,,,,,,,,,,,0.00033188686736828797,0.03,,,,,,,7599,,,,,,,,
34,,,,,,,0.3852958679199219,,0.6684118509292603,,10.2890625,0.0003318631206639111,0.029999999329447746,,,1.0,1.0,,,,,7599,,0.8647551536560059,,,,,,
,,,,,,,,,,,,,,0.00033069609295306805,0.03,,,,,,,7649,,,,,,,,
34,,,,,,,0.38405194878578186,,0.6708500385284424,,10.6640625,0.00033067219192162156,0.029999999329447746,,,1.0,1.0,,,,,7649,,0.6899200081825256,,,,,,
,,,,,,,,,,,,,,0.00032949717964296033,0.03,,,,,,,7699,,,,,,,,
34,,,,,,,0.39798933267593384,,0.6765555739402771,,9.9609375,0.00032947311410680413,0.029999999329447746,,,1.0,1.0,,,,,7699,,0.9403113126754761,,,,,,
,,,0.1510416716337204,,0.9921875,,,,,,,,,,,1.0,1.0,,,,,3128,,,,0.0,,0.0,,0.0
,,,0.1471354216337204,,1.0,,,,,,,,,,,1.0,1.0,,,,,3129,,,,0.0,,0.0,,0.0
,,,0.19366011023521423,,0.9530619382858276,,,,,,,,,,,1.0,1.0,,,,,3130,,,,0.0,,0.0,,0.0
,,,0.15234375,,0.96875,,,,,,,,,,,1.0,1.0,,,,,3131,,,,0.0,,0.0,,0.0
,,,0.1432291716337204,,0.9765625,,,,,,,,,,,1.0,1.0,,,,,3132,,,,0.0,,0.0,,0.0
,,,0.16096866130828857,,0.9439102411270142,,,,,,,,,,,1.0,1.0,,,,,3133,,,,0.0,,0.0,,0.0
,,,0.0729166641831398,,0.984375,,,,,,,,,,,1.0,1.0,,,,,3134,,,,0.0,,0.0,,0.0
,,,0.05703125149011612,,0.9921875,,,,,,,,,,,1.0,1.0,,,,,3135,,,,0.0,,0.0,,0.0
,,,0.1407471001148224,,0.9858490228652954,,,,,,,,,,,1.0,1.0,,,,,3136,,,,0.0,,0.0,,0.0
,,,0.1044921875,,0.9921875,,,,,,,,,,,1.0,1.0,,,,,3137,,,,0.0,,0.0,,0.0
,,,0.0833333358168602,,0.9765625,,,,,,,,,,,1.0,1.0,,,,,3138,,,,0.0,,0.0,,0.0
,,,0.095703125,,0.953125,,,,,,,,,,,1.0,1.0,,,,,3139,,,,0.0,,0.0,,0.0
,,,0.17007407546043396,,0.8053333759307861,,,,,,,,,,,1.0,1.0,,,,,3140,,,,0.0,,0.0,,0.0
,,,0.1083984375,,0.9921875,,,,,,,,,,,1.0,1.0,,,,,3141,,,,0.0,,0.0,,0.0
,,,0.0972222238779068,,0.984375,,,,,,,,,,,1.0,1.0,,,,,3142,,,,0.0,,0.0,,0.0
,,,0.17203548550605774,,0.9747899174690247,,,,,,,,,,,1.0,1.0,,,,,3143,,,,0.0,,0.0,,0.0
,,,0.0673828125,,0.96875,,,,,,,,,,,1.0,1.0,,,,,3144,,,,0.0,,0.0,,0.0
,,,0.0825892835855484,,0.96875,,,,,,,,,,,1.0,1.0,,,,,3145,,,,0.0,,0.0,,0.0
,,,0.16859066486358643,,0.9772727489471436,,,,,,,,,,,1.0,1.0,,,,,3146,,,,0.0,,0.0,,0.0
,,,0.0842013880610466,,0.9453125,,,,,,,,,,,1.0,1.0,,,,,3147,,,,0.0,,0.0,,0.0
,,,0.0902777761220932,,0.984375,,,,,,,,,,,1.0,1.0,,,,,3148,,,,0.0,,0.0,,0.0
,,,0.1653798222541809,,0.9727272987365723,,,,,,,,,,,1.0,1.0,,,,,3149,,,,0.0,,0.0,,0.0
,,,0.0928819477558136,,1.0,,,,,,,,,,,1.0,1.0,,,,,3150,,,,0.0,,0.0,,0.0
,,,0.1796875,,1.0,,,,,,,,,,,1.0,1.0,,,,,3151,,,,0.0,,0.0,,0.0
,,,0.1665024608373642,,0.984236478805542,,,,,,,,,,,1.0,1.0,,,,,3152,,,,0.0,,0.0,,0.0
,,,0.18593749403953552,,0.9921875,,,,,,,,,,,1.0,1.0,,,,,3153,,,,0.0,,0.0,,0.0
,,,0.1875,,1.0,,,,,,,,,,,1.0,1.0,,,,,3154,,,,0.0,,0.0,,0.0
,,,0.23989218473434448,,0.9716981053352356,,,,,,,,,,,1.0,1.0,,,,,3155,,,,0.0,,0.0,,0.0
,,,0.0920138880610466,,0.96875,,,,,,,,,,,1.0,1.0,,,,,3156,,,,0.0,,0.0,,0.0
,,,0.06718750298023224,,0.9609375,,,,,,,,,,,1.0,1.0,,,,,3157,,,,0.0,,0.0,,0.0
,,,0.2235294133424759,,0.9882352948188782,,,,,,,,,,,1.0,1.0,,,,,3158,,,,0.0,,0.0,,0.0
,,,0.17656250298023224,,0.9921875,,,,,,,,,,,1.0,1.0,,,,,3159,,,,0.0,,0.0,,0.0
,,,0.1238839253783226,,0.9921875,,,,,,,,,,,1.0,1.0,,,,,3160,,,,0.0,,0.0,,0.0
,,,0.22173646092414856,,0.9770935773849487,,,,,,,,,,,1.0,1.0,,,,,3161,,,,0.0,,0.0,,0.0
,,,0.1083984375,,0.9453125,,,,,,,,,,,1.0,1.0,,,,,3162,,,,0.0,,0.0,,0.0
,,,0.1227678582072258,,1.0,,,,,,,,,,,1.0,1.0,,,,,3163,,,,0.0,,0.0,,0.0
,,,0.1415219008922577,,0.9448250532150269,,,,,,,,,,,1.0,1.0,,,,,3164,,,,0.0,,0.0,,0.0
,,,0.06718750298023224,,0.984375,,,,,,,,,,,1.0,1.0,,,,,3165,,,,0.0,,0.0,,0.0
,,,0.0720486119389534,,0.9921875,,,,,,,,,,,1.0,1.0,,,,,3166,,,,0.0,,0.0,,0.0
,,,0.12151403725147247,,0.9841269850730896,,,,,,,,,,,1.0,1.0,,,,,3167,,,,0.0,,0.0,,0.0
,,,0.103515625,,0.9765625,,,,,,,,,,,1.0,1.0,,,,,3168,,,,0.0,,0.0,,0.0
,,,0.0947265625,,0.96875,,,,,,,,,,,1.0,1.0,,,,,3169,,,,0.0,,0.0,,0.0
,,,0.21193182468414307,,0.9522727131843567,,,,,,,,,,,1.0,1.0,,,,,3170,,,,0.0,,0.0,,0.0
,,,0.0989583358168602,,0.9765625,,,,,,,,,,,1.0,1.0,,,,,3171,,,,0.0,,0.0,,0.0
,,,0.1103515625,,0.9921875,,,,,,,,,,,1.0,1.0,,,,,3172,,,,0.0,,0.0,,0.0
,,,0.16551940143108368,,0.9599499702453613,,,,,,,,,,,1.0,1.0,,,,,3173,,,,0.0,,0.0,,0.0
,,,0.0673828125,,0.9609375,,,,,,,,,,,1.0,1.0,,,,,3174,,,,0.0,,0.0,,0.0
,,,0.0712890625,,0.9921875,,,,,,,,,,,1.0,1.0,,,,,3175,,,,0.0,,0.0,,0.0
,,,0.0803571417927742,,0.953125,,,,,,,,,,,1.0,1.0,,,,,3176,,,,0.0,,0.0,,0.0
,,,0.08346457034349442,,0.9881889820098877,,,,,,,,,,,1.0,1.0,,,,,3177,,,,0.0,,0.0,,0.0
,,,0.09765625,,0.9453125,,,,,,,,,,,1.0,1.0,,,,,3178,,,,0.0,,0.0,,0.0
,,,0.103515625,,0.9765625,,,,,,,,,,,1.0,1.0,,,,,3179,,,,0.0,,0.0,,0.0
,,,0.14367815852165222,,0.9583333730697632,,,,,,,,,,,1.0,1.0,,,,,3180,,,,0.0,,0.0,,0.0
,,,0.1044921875,,1.0,,,,,,,,,,,1.0,1.0,,,,,3181,,,,0.0,,0.0,,0.0
,,,0.107421875,,0.9921875,,,,,,,,,,,1.0,1.0,,,,,3182,,,,0.0,,0.0,,0.0
,,,0.20984598994255066,,0.9950494766235352,,,,,,,,,,,1.0,1.0,,,,,3183,,,,0.0,,0.0,,0.0
,,,0.18906250596046448,,1.0,,,,,,,,,,,1.0,1.0,,,,,3184,,,,0.0,,0.0,,0.0
,,,0.3177083432674408,,1.0,,,,,,,,,,,1.0,1.0,,,,,3185,,,,0.0,,0.0,,0.0
,,,0.1979166567325592,,0.9791666269302368,,,,,,,,,,,1.0,1.0,,,,,3186,,,,0.0,,0.0,,0.0
,,,0.0703125,,0.953125,,,,,,,,,,,1.0,1.0,,,,,3187,,,,0.0,,0.0,,0.0
,,,0.0850694477558136,,0.984375,,,,,,,,,,,1.0,1.0,,,,,3188,,,,0.0,,0.0,,0.0
,,,0.2899594008922577,,0.988095223903656,,,,,,,,,,,1.0,1.0,,,,,3189,,,,0.0,,0.0,,0.0
,,,0.1083984375,,0.9921875,,,,,,,,,,,1.0,1.0,,,,,3190,,,,0.0,,0.0,,0.0
,,,0.1484375,,0.984375,,,,,,,,,,,1.0,1.0,,,,,3191,,,,0.0,,0.0,,0.0
,,,0.22286134958267212,,0.9734513163566589,,,,,,,,,,,1.0,1.0,,,,,3192,,,,0.0,,0.0,,0.0
,,,0.1458333283662796,,0.9609375,,,,,,,,,,,1.0,1.0,,,,,3193,,,,0.0,,0.0,,0.0
,,,0.1044921875,,0.984375,,,,,,,,,,,1.0,1.0,,,,,3194,,,,0.0,,0.0,,0.0
,,,0.1509539783000946,,0.9308080673217773,,,,,,,,,,,1.0,1.0,,,,,3195,,,,0.0,,0.0,,0.0
,,,0.06484375149011612,,0.9921875,,,,,,,,,,,1.0,1.0,,,,,3196,,,,0.0,,0.0,,0.0
,,,0.072265625,,0.984375,,,,,,,,,,,1.0,1.0,,,,,3197,,,,0.0,,0.0,,0.0
,,,0.13962963223457336,,0.970370352268219,,,,,,,,,,,1.0,1.0,,,,,3198,,,,0.0,,0.0,,0.0
,,,0.0986328125,,0.9765625,,,,,,,,,,,1.0,1.0,,,,,3199,,,,0.0,,0.0,,0.0
,,,0.095703125,,0.96875,,,,,,,,,,,1.0,1.0,,,,,3200,,,,0.0,,0.0,,0.0
,,,0.18908226490020752,,0.9485943913459778,,,,,,,,,,,1.0,1.0,,,,,3201,,,,0.0,,0.0,,0.0
,,,0.15234375,,0.984375,,,,,,,,,,,1.0,1.0,,,,,3202,,,,0.0,,0.0,,0.0
,,,0.0980902761220932,,0.984375,,,,,,,,,,,1.0,1.0,,,,,3203,,,,0.0,,0.0,,0.0
,,,0.18818436563014984,,0.9642220735549927,,,,,,,,,,,1.0,1.0,,,,,3204,,,,0.0,,0.0,,0.0
,,,0.0703125,,0.96875,,,,,,,,,,,1.0,1.0,,,,,3205,,,,0.0,,0.0,,0.0
,,,0.0848214253783226,,0.9765625,,,,,,,,,,,1.0,1.0,,,,,3206,,,,0.0,,0.0,,0.0
,,,0.16119109094142914,,0.9767441749572754,,,,,,,,,,,1.0,1.0,,,,,3207,,,,0.0,,0.0,,0.0
,,,0.0876736119389534,,0.9609375,,,,,,,,,,,1.0,1.0,,,,,3208,,,,0.0,,0.0,,0.0
,,,0.1127232164144516,,0.9609375,,,,,,,,,,,1.0,1.0,,,,,3209,,,,0.0,,0.0,,0.0
,,,0.21745094656944275,,0.9793814420700073,,,,,,,,,,,1.0,1.0,,,,,3210,,,,0.0,,0.0,,0.0
,,,0.08281250298023224,,1.0,,,,,,,,,,,1.0,1.0,,,,,3211,,,,0.0,,0.0,,0.0
,,,0.140625,,1.0,,,,,,,,,,,1.0,1.0,,,,,3212,,,,0.0,,0.0,,0.0
,,,0.1974206268787384,,0.9955357313156128,,,,,,,,,,,1.0,1.0,,,,,3213,,,,0.0,,0.0,,0.0
,,,0.15234375,,0.9921875,,,,,,,,,,,1.0,1.0,,,,,3214,,,,0.0,,0.0,,0.0
,,,0.1536458283662796,,1.0,,,,,,,,,,,1.0,1.0,,,,,3215,,,,0.0,,0.0,,0.0
,,,0.38422688841819763,,0.9090908765792847,,,,,,,,,,,1.0,1.0,,,,,3216,,,,0.0,,0.0,,0.0
,,,0.07734374701976776,,0.9609375,,,,,,,,,,,1.0,1.0,,,,,3217,,,,0.0,,0.0,,0.0
,,,0.07109375298023224,,0.96875,,,,,,,,,,,1.0,1.0,,,,,3218,,,,0.0,,0.0,,0.0
,,,0.0909886285662651,,0.9842519760131836,,,,,,,,,,,1.0,1.0,,,,,3219,,,,0.0,,0.0,,0.0
34,0.7967040538787842,0.7930125594139099,,0.9778834581375122,,,,,,,,,,,,,,164.43215942382812,24321.353515625,5.1024980545043945,332.5310363769531,7734,,,0.0,,0.0,,0.0,
34,,,,,,0.3814411461353302,,0.6643725633621216,,10.327205657958984,,,,,,,,,,,,7734,0.9068916440010071,,,,,,,
,,,,,,,,,,,,,,0.00032829020221284257,0.03,,,,,,,7749,,,,,,,,
35,,,,,,,0.37074166536331177,,0.6534796357154846,,10.5078125,0.0003282659745309502,0.029999999329447746,,,1.0,1.0,,,,,7749,,1.193065881729126,,,,,,
,,,,,,,,,,,,,,0.0003270752359405422,0.03,,,,,,,7799,,,,,,,,
35,,,,,,,0.36661863327026367,,0.6421226263046265,,10.0703125,0.0003270508605055511,0.029999999329447746,,,1.0,1.0,,,,,7799,,0.8339614868164062,,,,,,
,,,,,,,,,,,,,,0.0003258523566021427,0.03,,,,,,,7849,,,,,,,,
35,,,,,,,0.3637530207633972,,0.6415475010871887,,10.0546875,0.0003258278302382678,0.029999999329447746,,,1.0,1.0,,,,,7849,,0.886196494102478,,,,,,
,,,,,,,,,,,,,,0.00032462164046725587,0.03,,,,,,,7899,,,,,,,,
35,,,,,,,0.34228166937828064,,0.6192653775215149,,10.3984375,0.00032459694193676114,0.029999999329447746,,,1.0,1.0,,,,,7899,,0.7586909532546997,,,,,,
,,,,,,,,,,,,,,0.000323383164294267,0.03,,,,,,,7949,,,,,,,,
35,,,,,,,0.3812713921070099,,0.6503903269767761,,9.78125,0.000323358312016353,0.029999999329447746,,,1.0,1.0,,,,,7949,,1.088700771331787,,,,,,
,,,0.0815972238779068,,0.9609375,,,,,,,,,,,1.0,1.0,,,,,3220,,,,0.0,,0.0,,0.0
,,,0.1127232164144516,,0.984375,,,,,,,,,,,1.0,1.0,,,,,3221,,,,0.0,,0.0,,0.0
,,,0.2014576494693756,,0.9616795182228088,,,,,,,,,,,1.0,1.0,,,,,3222,,,,0.0,,0.0,,0.0
,,,0.1216517835855484,,0.9609375,,,,,,,,,,,1.0,1.0,,,,,3223,,,,0.0,,0.0,,0.0
,,,0.1640625,,0.96875,,,,,,,,,,,1.0,1.0,,,,,3224,,,,0.0,,0.0,,0.0
,,,0.1955128163099289,,0.9599359035491943,,,,,,,,,,,1.0,1.0,,,,,3225,,,,0.0,,0.0,,0.0
,,,0.0711805522441864,,0.9921875,,,,,,,,,,,1.0,1.0,,,,,3226,,,,0.0,,0.0,,0.0
,,,0.0824652761220932,,0.9921875,,,,,,,,,,,1.0,1.0,,,,,3227,,,,0.0,,0.0,,0.0
,,,0.17648181319236755,,0.9952830076217651,,,,,,,,,,,1.0,1.0,,,,,3228,,,,0.0,,0.0,,0.0
,,,0.1339285671710968,,1.0,,,,,,,,,,,1.0,1.0,,,,,3229,,,,0.0,,0.0,,0.0
,,,0.1510416716337204,,0.984375,,,,,,,,,,,1.0,1.0,,,,,3230,,,,0.0,,0.0,,0.0
,,,0.1083984375,,0.9921875,,,,,,,,,,,1.0,1.0,,,,,3231,,,,0.0,,0.0,,0.0
,,,0.16918519139289856,,0.8293333053588867,,,,,,,,,,,1.0,1.0,,,,,3232,,,,0.0,,0.0,,0.0
,,,0.103515625,,0.984375,,,,,,,,,,,1.0,1.0,,,,,3233,,,,0.0,,0.0,,0.0
,,,0.1227678582072258,,0.984375,,,,,,,,,,,1.0,1.0,,,,,3234,,,,0.0,,0.0,,0.0
,,,0.1657848358154297,,0.9957983493804932,,,,,,,,,,,1.0,1.0,,,,,3235,,,,0.0,,0.0,,0.0
,,,0.1184895858168602,,0.984375,,,,,,,,,,,1.0,1.0,,,,,3236,,,,0.0,,0.0,,0.0
,,,0.1116071417927742,,0.9765625,,,,,,,,,,,1.0,1.0,,,,,3237,,,,0.0,,0.0,,0.0
,,,0.14971140027046204,,0.9707792401313782,,,,,,,,,,,1.0,1.0,,,,,3238,,,,0.0,,0.0,,0.0
,,,0.0720486119389534,,0.890625,,,,,,,,,,,1.0,1.0,,,,,3239,,,,0.0,,0.0,,0.0
,,,0.1028645858168602,,0.8984375,,,,,,,,,,,1.0,1.0,,,,,3240,,,,0.0,,0.0,,0.0
,,,0.13581568002700806,,0.902241587638855,,,,,,,,,,,1.0,1.0,,,,,3241,,,,0.0,,0.0,,0.0
,,,0.078125,,0.9609375,,,,,,,,,,,1.0,1.0,,,,,3242,,,,0.0,,0.0,,0.0
,,,0.1005859375,,0.9765625,,,,,,,,,,,1.0,1.0,,,,,3243,,,,0.0,,0.0,,0.0
,,,0.16874659061431885,,0.9541871547698975,,,,,,,,,,,1.0,1.0,,,,,3244,,,,0.0,,0.0,,0.0
,,,0.17499999701976776,,0.9921875,,,,,,,,,,,1.0,1.0,,,,,3245,,,,0.0,,0.0,,0.0
,,,0.1432291716337204,,0.9921875,,,,,,,,,,,1.0,1.0,,,,,3246,,,,0.0,,0.0,,0.0
,,,0.34737107157707214,,1.0,,,,,,,,,,,1.0,1.0,,,,,3247,,,,0.0,,0.0,,0.0
,,,0.1510416716337204,,1.0,,,,,,,,,,,1.0,1.0,,,,,3248,,,,0.0,,0.0,,0.0
,,,0.1183035746216774,,0.9921875,,,,,,,,,,,1.0,1.0,,,,,3249,,,,0.0,,0.0,,0.0
,,,0.18194255232810974,,0.9941176176071167,,,,,,,,,,,1.0,1.0,,,,,3250,,,,0.0,,0.0,,0.0
,,,0.0798611119389534,,0.953125,,,,,,,,,,,1.0,1.0,,,,,3251,,,,0.0,,0.0,,0.0
,,,0.1060267835855484,,0.984375,,,,,,,,,,,1.0,1.0,,,,,3252,,,,0.0,,0.0,,0.0
,,,0.23124560713768005,,0.9669950604438782,,,,,,,,,,,1.0,1.0,,,,,3253,,,,0.0,,0.0,,0.0
,,,0.1171875,,0.953125,,,,,,,,,,,1.0,1.0,,,,,3254,,,,0.0,,0.0,,0.0
,,,0.171875,,0.9765625,,,,,,,,,,,1.0,1.0,,,,,3255,,,,0.0,,0.0,,0.0
,,,0.16586467623710632,,0.9515537023544312,,,,,,,,,,,1.0,1.0,,,,,3256,,,,0.0,,0.0,,0.0
,,,0.06484375149011612,,0.9921875,,,,,,,,,,,1.0,1.0,,,,,3257,,,,0.0,,0.0,,0.0
,,,0.0703125,,0.984375,,,,,,,,,,,1.0,1.0,,,,,3258,,,,0.0,,0.0,,0.0
,,,0.18016551434993744,,1.0,,,,,,,,,,,1.0,1.0,,,,,3259,,,,0.0,,0.0,,0.0
,,,0.15625,,0.9921875,,,,,,,,,,,1.0,1.0,,,,,3260,,,,0.0,,0.0,,0.0
,,,0.1261160671710968,,0.984375,,,,,,,,,,,1.0,1.0,,,,,3261,,,,0.0,,0.0,,0.0
,,,0.1944444477558136,,0.9818181991577148,,,,,,,,,,,1.0,1.0,,,,,3262,,,,0.0,,0.0,,0.0
,,,0.1205357164144516,,1.0,,,,,,,,,,,1.0,1.0,,,,,3263,,,,0.0,,0.0,,0.0
,,,0.125,,0.984375,,,,,,,,,,,1.0,1.0,,,,,3264,,,,0.0,,0.0,,0.0
,,,0.16764011979103088,,0.9799749851226807,,,,,,,,,,,1.0,1.0,,,,,3265,,,,0.0,,0.0,,0.0
,,,0.1060267835855484,,1.0,,,,,,,,,,,1.0,1.0,,,,,3266,,,,0.0,,0.0,,0.0
,,,0.1236979141831398,,0.9765625,,,,,,,,,,,1.0,1.0,,,,,3267,,,,0.0,,0.0,,0.0
,,,0.1127232164144516,,0.9765625,,,,,,,,,,,1.0,1.0,,,,,3268,,,,0.0,,0.0,,0.0
,,,0.0717410296201706,,0.9566929340362549,,,,,,,,,,,1.0,1.0,,,,,3269,,,,0.0,,0.0,,0.0
,,,0.0830078125,,0.8984375,,,,,,,,,,,1.0,1.0,,,,,3270,,,,0.0,,0.0,,0.0
,,,0.09375,,0.8671875,,,,,,,,,,,1.0,1.0,,,,,3271,,,,0.0,,0.0,,0.0
,,,0.1034482792019844,,0.8247126340866089,,,,,,,,,,,1.0,1.0,,,,,3272,,,,0.0,,0.0,,0.0
,,,0.07578124850988388,,0.953125,,,,,,,,,,,1.0,1.0,,,,,3273,,,,0.0,,0.0,,0.0
,,,0.1183035746216774,,0.96875,,,,,,,,,,,1.0,1.0,,,,,3274,,,,0.0,,0.0,,0.0
,,,0.1653832048177719,,0.9715805053710938,,,,,,,,,,,1.0,1.0,,,,,3275,,,,0.0,,0.0,,0.0
,,,0.1796875,,0.9921875,,,,,,,,,,,1.0,1.0,,,,,3276,,,,0.0,,0.0,,0.0
,,,0.1216517835855484,,0.9921875,,,,,,,,,,,1.0,1.0,,,,,3277,,,,0.0,,0.0,,0.0
,,,0.34375,,1.0,,,,,,,,,,,1.0,1.0,,,,,3278,,,,0.0,,0.0,,0.0
,,,0.1160714253783226,,1.0,,,,,,,,,,,1.0,1.0,,,,,3279,,,,0.0,,0.0,,0.0
,,,0.18125000596046448,,1.0,,,,,,,,,,,1.0,1.0,,,,,3280,,,,0.0,,0.0,,0.0
,,,0.22710013389587402,,0.9822812676429749,,,,,,,,,,,1.0,1.0,,,,,3281,,,,0.0,,0.0,,0.0
,,,0.0842013880610466,,0.9609375,,,,,,,,,,,1.0,1.0,,,,,3282,,,,0.0,,0.0,,0.0
,,,0.1060267835855484,,0.9609375,,,,,,,,,,,1.0,1.0,,,,,3283,,,,0.0,,0.0,,0.0
,,,0.20508849620819092,,0.9778760671615601,,,,,,,,,,,1.0,1.0,,,,,3284,,,,0.0,,0.0,,0.0
,,,0.1183035746216774,,0.9765625,,,,,,,,,,,1.0,1.0,,,,,3285,,,,0.0,,0.0,,0.0
,,,0.171875,,0.9609375,,,,,,,,,,,1.0,1.0,,,,,3286,,,,0.0,,0.0,,0.0
,,,0.14680135250091553,,0.9353535175323486,,,,,,,,,,,1.0,1.0,,,,,3287,,,,0.0,,0.0,,0.0
,,,0.0755208358168602,,0.9921875,,,,,,,,,,,1.0,1.0,,,,,3288,,,,0.0,,0.0,,0.0
,,,0.06875000149011612,,0.9921875,,,,,,,,,,,1.0,1.0,,,,,3289,,,,0.0,,0.0,,0.0
,,,0.28611111640930176,,1.0,,,,,,,,,,,1.0,1.0,,,,,3290,,,,0.0,,0.0,,0.0
,,,0.15234375,,0.984375,,,,,,,,,,,1.0,1.0,,,,,3291,,,,0.0,,0.0,,0.0
,,,0.1294642835855484,,0.9921875,,,,,,,,,,,1.0,1.0,,,,,3292,,,,0.0,,0.0,,0.0
,,,0.2167670726776123,,0.9828647971153259,,,,,,,,,,,1.0,1.0,,,,,3293,,,,0.0,,0.0,,0.0
,,,0.1227678582072258,,1.0,,,,,,,,,,,1.0,1.0,,,,,3294,,,,0.0,,0.0,,0.0
,,,0.107421875,,0.984375,,,,,,,,,,,1.0,1.0,,,,,3295,,,,0.0,,0.0,,0.0
,,,0.1898077428340912,,0.983702540397644,,,,,,,,,,,1.0,1.0,,,,,3296,,,,0.0,,0.0,,0.0
,,,0.1197916641831398,,0.9921875,,,,,,,,,,,1.0,1.0,,,,,3297,,,,0.0,,0.0,,0.0
,,,0.1315104216337204,,0.984375,,,,,,,,,,,1.0,1.0,,,,,3298,,,,0.0,,0.0,,0.0
,,,0.15934538841247559,,0.9587485790252686,,,,,,,,,,,1.0,1.0,,,,,3299,,,,0.0,,0.0,,0.0
,,,0.0694444477558136,,0.8828125,,,,,,,,,,,1.0,1.0,,,,,3300,,,,0.0,,0.0,,0.0
,,,0.1028645858168602,,0.90625,,,,,,,,,,,1.0,1.0,,,,,3301,,,,0.0,,0.0,,0.0
,,,0.1823245733976364,,0.9065513610839844,,,,,,,,,,,1.0,1.0,,,,,3302,,,,0.0,,0.0,,0.0
,,,0.0842013880610466,,0.9765625,,,,,,,,,,,1.0,1.0,,,,,3303,,,,0.0,,0.0,,0.0
,,,0.07500000298023224,,0.9609375,,,,,,,,,,,1.0,1.0,,,,,3304,,,,0.0,,0.0,,0.0
,,,0.1875,,0.9821428656578064,,,,,,,,,,,1.0,1.0,,,,,3305,,,,0.0,,0.0,,0.0
,,,0.1380208283662796,,0.984375,,,,,,,,,,,1.0,1.0,,,,,3306,,,,0.0,,0.0,,0.0
,,,0.17656250298023224,,0.984375,,,,,,,,,,,1.0,1.0,,,,,3307,,,,0.0,,0.0,,0.0
,,,0.2259962260723114,,1.0,,,,,,,,,,,1.0,1.0,,,,,3308,,,,0.0,,0.0,,0.0
,,,0.17656250298023224,,1.0,,,,,,,,,,,1.0,1.0,,,,,3309,,,,0.0,,0.0,,0.0
,,,0.1183035746216774,,1.0,,,,,,,,,,,1.0,1.0,,,,,3310,,,,0.0,,0.0,,0.0
,,,0.1469816267490387,,0.9921259880065918,,,,,,,,,,,1.0,1.0,,,,,3311,,,,0.0,,0.0,,0.0
35,0.7944536209106445,0.7889536619186401,,0.9728220105171204,,,,,,,,,,,,,,167.0525665283203,19406.134765625,5.1183085441589355,315.688720703125,7955,,,0.0,,0.0,,0.0,
35,,,,,,0.3772643804550171,,0.6587815284729004,,10.276937484741211,,,,,,,,,,,,7955,0.8729578852653503,,,,,,,
,,,,,,,,,,,,,,0.00032213700532554427,0.03,,,,,,,7999,,,,,,,,
36,,,,,,,0.36408841609954834,,0.6402595639228821,,10.234375,0.0003221119986847043,0.029999999329447746,,,1.0,1.0,,,,,7999,,0.9903253316879272,,,,,,
,,,,,,,,,,,,,,0.0003208832412826248,0.03,,,,,,,8049,,,,,,,,
36,,,,,,,0.36759793758392334,,0.6485801339149475,,10.34375,0.0003208580892533064,0.029999999329447746,,,1.0,1.0,,,,,8049,,0.8744768500328064,,,,,,
,,,,,,,,,,,,,,0.00031962195036136493,0.03,,,,,,,8099,,,,,,,,
36,,,,,,,0.3714083433151245,,0.6374735832214355,,9.640625,0.0003195966419298202,0.029999999329447746,,,1.0,1.0,,,,,8099,,0.9734876751899719,,,,,,
,,,,,,,,,,,,,,0.0003183532112270643,0.03,,,,,,,8149,,,,,,,,
36,,,,,,,0.3879401385784149,,0.6591945290565491,,9.9296875,0.0003183277731295675,0.029999999329447746,,,1.0,1.0,,,,,8149,,0.9368992447853088,,,,,,
,,,0.1238839253783226,,0.984375,,,,,,,,,,,1.0,1.0,,,,,3312,,,,0.0,,0.0,,0.0
,,,0.1238839253783226,,1.0,,,,,,,,,,,1.0,1.0,,,,,3313,,,,0.0,,0.0,,0.0
,,,0.1744285523891449,,0.9431610107421875,,,,,,,,,,,1.0,1.0,,,,,3314,,,,0.0,,0.0,,0.0
,,,0.1149553582072258,,0.953125,,,,,,,,,,,1.0,1.0,,,,,3315,,,,0.0,,0.0,,0.0
,,,0.15781250596046448,,0.9609375,,,,,,,,,,,1.0,1.0,,,,,3316,,,,0.0,,0.0,,0.0
,,,0.16915954649448395,,0.9503204822540283,,,,,,,,,,,1.0,1.0,,,,,3317,,,,0.0,,0.0,,0.0
,,,0.1005859375,,1.0,,,,,,,,,,,1.0,1.0,,,,,3318,,,,0.0,,0.0,,0.0
,,,0.0946180522441864,,1.0,,,,,,,,,,,1.0,1.0,,,,,3319,,,,0.0,,0.0,,0.0
,,,0.19515913724899292,,0.9905660152435303,,,,,,,,,,,1.0,1.0,,,,,3320,,,,0.0,,0.0,,0.0
,,,0.1194196417927742,,0.9921875,,,,,,,,,,,1.0,1.0,,,,,3321,,,,0.0,,0.0,,0.0
,,,0.0876736119389534,,0.9765625,,,,,,,,,,,1.0,1.0,,,,,3322,,,,0.0,,0.0,,0.0
,,,0.1183035746216774,,0.9921875,,,,,,,,,,,1.0,1.0,,,,,3323,,,,0.0,,0.0,,0.0
,,,0.2671111226081848,,0.8253333568572998,,,,,,,,,,,1.0,1.0,,,,,3324,,,,0.0,,0.0,,0.0
,,,0.17499999701976776,,0.984375,,,,,,,,,,,1.0,1.0,,,,,3325,,,,0.0,,0.0,,0.0
,,,0.11328125,,0.9765625,,,,,,,,,,,1.0,1.0,,,,,3326,,,,0.0,,0.0,,0.0
,,,0.2218220829963684,,0.9873949289321899,,,,,,,,,,,1.0,1.0,,,,,3327,,,,0.0,,0.0,,0.0
,,,0.0859375,,0.953125,,,,,,,,,,,1.0,1.0,,,,,3328,,,,0.0,,0.0,,0.0
,,,0.09375,,0.9765625,,,,,,,,,,,1.0,1.0,,,,,3329,,,,0.0,,0.0,,0.0
,,,0.1619769036769867,,0.9534631967544556,,,,,,,,,,,1.0,1.0,,,,,3330,,,,0.0,,0.0,,0.0
,,,0.0859375,,0.9375,,,,,,,,,,,1.0,1.0,,,,,3331,,,,0.0,,0.0,,0.0
,,,0.0947265625,,0.953125,,,,,,,,,,,1.0,1.0,,,,,3332,,,,0.0,,0.0,,0.0
,,,0.19536113739013672,,0.9818181991577148,,,,,,,,,,,1.0,1.0,,,,,3333,,,,0.0,,0.0,,0.0
,,,0.1044921875,,1.0,,,,,,,,,,,1.0,1.0,,,,,3334,,,,0.0,,0.0,,0.0
,,,0.1205357164144516,,0.9921875,,,,,,,,,,,1.0,1.0,,,,,3335,,,,0.0,,0.0,,0.0
,,,0.20092365145683289,,0.9741379022598267,,,,,,,,,,,1.0,1.0,,,,,3336,,,,0.0,,0.0,,0.0
,,,0.1171875,,0.96875,,,,,,,,,,,1.0,1.0,,,,,3337,,,,0.0,,0.0,,0.0
,,,0.1064453125,,0.9765625,,,,,,,,,,,1.0,1.0,,,,,3338,,,,0.0,,0.0,,0.0
,,,0.1932390034198761,,0.9811320900917053,,,,,,,,,,,1.0,1.0,,,,,3339,,,,0.0,,0.0,,0.0
,,,0.1064453125,,0.984375,,,,,,,,,,,1.0,1.0,,,,,3340,,,,0.0,,0.0,,0.0
,,,0.06640625,,0.9765625,,,,,,,,,,,1.0,1.0,,,,,3341,,,,0.0,,0.0,,0.0
,,,0.21771545708179474,,0.9882352948188782,,,,,,,,,,,1.0,1.0,,,,,3342,,,,0.0,,0.0,,0.0
,,,0.10546875,,0.984375,,,,,,,,,,,1.0,1.0,,,,,3343,,,,0.0,,0.0,,0.0
,,,0.1194196417927742,,0.984375,,,,,,,,,,,1.0,1.0,,,,,3344,,,,0.0,,0.0,,0.0
,,,0.20418718457221985,,0.9399014711380005,,,,,,,,,,,1.0,1.0,,,,,3345,,,,0.0,,0.0,,0.0
,,,0.0947265625,,0.953125,,,,,,,,,,,1.0,1.0,,,,,3346,,,,0.0,,0.0,,0.0
,,,0.16718749701976776,,0.9609375,,,,,,,,,,,1.0,1.0,,,,,3347,,,,0.0,,0.0,,0.0
,,,0.154954731464386,,0.9515537023544312,,,,,,,,,,,1.0,1.0,,,,,3348,,,,0.0,,0.0,,0.0
,,,0.0885416641831398,,1.0,,,,,,,,,,,1.0,1.0,,,,,3349,,,,0.0,,0.0,,0.0
,,,0.1227678582072258,,0.9921875,,,,,,,,,,,1.0,1.0,,,,,3350,,,,0.0,,0.0,,0.0
,,,0.17872744798660278,,0.9841269850730896,,,,,,,,,,,1.0,1.0,,,,,3351,,,,0.0,,0.0,,0.0
,,,0.1227678582072258,,0.9765625,,,,,,,,,,,1.0,1.0,,,,,3352,,,,0.0,,0.0,,0.0
,,,0.0966796875,,0.9921875,,,,,,,,,,,1.0,1.0,,,,,3353,,,,0.0,,0.0,,0.0
,,,0.22073863446712494,,0.987500011920929,,,,,,,,,,,1.0,1.0,,,,,3354,,,,0.0,,0.0,,0.0
,,,0.2265625,,0.984375,,,,,,,,,,,1.0,1.0,,,,,3355,,,,0.0,,0.0,,0.0
,,,0.18281249701976776,,0.984375,,,,,,,,,,,1.0,1.0,,,,,3356,,,,0.0,,0.0,,0.0
,,,0.1756362020969391,,0.9946808815002441,,,,,,,,,,,1.0,1.0,,,,,3357,,,,0.0,,0.0,,0.0
,,,0.0849609375,,0.9765625,,,,,,,,,,,1.0,1.0,,,,,3358,,,,0.0,,0.0,,0.0
,,,0.0859375,,0.984375,,,,,,,,,,,1.0,1.0,,,,,3359,,,,0.0,,0.0,,0.0
,,,0.083984375,,0.9609375,,,,,,,,,,,1.0,1.0,,,,,3360,,,,0.0,,0.0,,0.0
,,,0.09011372923851013,,0.9645669460296631,,,,,,,,,,,1.0,1.0,,,,,3361,,,,0.0,,0.0,,0.0
,,,0.0947265625,,0.9453125,,,,,,,,,,,1.0,1.0,,,,,3362,,,,0.0,,0.0,,0.0
,,,0.091796875,,0.96875,,,,,,,,,,,1.0,1.0,,,,,3363,,,,0.0,,0.0,,0.0
,,,0.1763649433851242,,0.954023003578186,,,,,,,,,,,1.0,1.0,,,,,3364,,,,0.0,,0.0,,0.0
,,,0.1025390625,,0.984375,,,,,,,,,,,1.0,1.0,,,,,3365,,,,0.0,,0.0,,0.0
,,,0.0954861119389534,,1.0,,,,,,,,,,,1.0,1.0,,,,,3366,,,,0.0,,0.0,,0.0
,,,0.22992299497127533,,0.9752475023269653,,,,,,,,,,,1.0,1.0,,,,,3367,,,,0.0,,0.0,,0.0
,,,0.140625,,0.984375,,,,,,,,,,,1.0,1.0,,,,,3368,,,,0.0,,0.0,,0.0
,,,0.1205357164144516,,0.9765625,,,,,,,,,,,1.0,1.0,,,,,3369,,,,0.0,,0.0,,0.0
,,,0.2276785671710968,,0.984375,,,,,,,,,,,1.0,1.0,,,,,3370,,,,0.0,,0.0,,0.0
,,,0.0868055522441864,,0.9453125,,,,,,,,,,,1.0,1.0,,,,,3371,,,,0.0,,0.0,,0.0
,,,0.07421875,,0.9921875,,,,,,,,,,,1.0,1.0,,,,,3372,,,,0.0,,0.0,,0.0
,,,0.2086794078350067,,1.0,,,,,,,,,,,1.0,1.0,,,,,3373,,,,0.0,,0.0,,0.0
,,,0.107421875,,0.984375,,,,,,,,,,,1.0,1.0,,,,,3374,,,,0.0,,0.0,,0.0
,,,0.1183035746216774,,0.96875,,,,,,,,,,,1.0,1.0,,,,,3375,,,,0.0,,0.0,,0.0
,,,0.21681416034698486,,0.9646017551422119,,,,,,,,,,,1.0,1.0,,,,,3376,,,,0.0,,0.0,,0.0
,,,0.16093750298023224,,0.9609375,,,,,,,,,,,1.0,1.0,,,,,3377,,,,0.0,,0.0,,0.0
,,,0.1183035746216774,,0.9453125,,,,,,,,,,,1.0,1.0,,,,,3378,,,,0.0,,0.0,,0.0
,,,0.14858585596084595,,0.963131308555603,,,,,,,,,,,1.0,1.0,,,,,3379,,,,0.0,,0.0,,0.0
,,,0.0911458358168602,,0.9921875,,,,,,,,,,,1.0,1.0,,,,,3380,,,,0.0,,0.0,,0.0
,,,0.099609375,,0.984375,,,,,,,,,,,1.0,1.0,,,,,3381,,,,0.0,,0.0,,0.0
,,,0.2529100477695465,,0.9953703880310059,,,,,,,,,,,1.0,1.0,,,,,3382,,,,0.0,,0.0,,0.0
,,,0.1183035746216774,,0.9765625,,,,,,,,,,,1.0,1.0,,,,,3383,,,,0.0,,0.0,,0.0
,,,0.1138392835855484,,1.0,,,,,,,,,,,1.0,1.0,,,,,3384,,,,0.0,,0.0,,0.0
,,,0.2502581775188446,,0.9939758777618408,,,,,,,,,,,1.0,1.0,,,,,3385,,,,0.0,,0.0,,0.0
,,,0.1796875,,0.984375,,,,,,,,,,,1.0,1.0,,,,,3386,,,,0.0,,0.0,,0.0
,,,0.1328125,,0.984375,,,,,,,,,,,1.0,1.0,,,,,3387,,,,0.0,,0.0,,0.0
,,,0.19308632612228394,,0.983702540397644,,,,,,,,,,,1.0,1.0,,,,,3388,,,,0.0,,0.0,,0.0
,,,0.0970982164144516,,0.96875,,,,,,,,,,,1.0,1.0,,,,,3389,,,,0.0,,0.0,,0.0
,,,0.1026785746216774,,0.9765625,,,,,,,,,,,1.0,1.0,,,,,3390,,,,0.0,,0.0,,0.0
,,,0.16758951544761658,,0.9587485790252686,,,,,,,,,,,1.0,1.0,,,,,3391,,,,0.0,,0.0,,0.0
,,,0.0842013880610466,,0.921875,,,,,,,,,,,1.0,1.0,,,,,3392,,,,0.0,,0.0,,0.0
,,,0.15156249701976776,,0.9609375,,,,,,,,,,,1.0,1.0,,,,,3393,,,,0.0,,0.0,,0.0
,,,0.23507054150104523,,0.9793814420700073,,,,,,,,,,,1.0,1.0,,,,,3394,,,,0.0,,0.0,,0.0
,,,0.1183035746216774,,0.984375,,,,,,,,,,,1.0,1.0,,,,,3395,,,,0.0,,0.0,,0.0
,,,0.1015625,,0.984375,,,,,,,,,,,1.0,1.0,,,,,3396,,,,0.0,,0.0,,0.0
,,,0.2243303656578064,,1.0,,,,,,,,,,,1.0,1.0,,,,,3397,,,,0.0,,0.0,,0.0
,,,0.1160714253783226,,0.96875,,,,,,,,,,,1.0,1.0,,,,,3398,,,,0.0,,0.0,,0.0
,,,0.140625,,0.96875,,,,,,,,,,,1.0,1.0,,,,,3399,,,,0.0,,0.0,,0.0
,,,0.18581418693065643,,0.9502719640731812,,,,,,,,,,,1.0,1.0,,,,,3400,,,,0.0,,0.0,,0.0
,,,0.1149553582072258,,0.96875,,,,,,,,,,,1.0,1.0,,,,,3401,,,,0.0,,0.0,,0.0
,,,0.07109375298023224,,0.96875,,,,,,,,,,,1.0,1.0,,,,,3402,,,,0.0,,0.0,,0.0
,,,0.09940944612026215,,0.9921259880065918,,,,,,,,,,,1.0,1.0,,,,,3403,,,,0.0,,0.0,,0.0
36,0.7896673083305359,0.8066694736480713,,0.9754700064659119,,,,,,,,,,,,,,168.67633056640625,21426.125,5.127981662750244,319.71820068359375,8176,,,0.0,,0.0,,0.0,
36,,,,,,0.372520387172699,,0.65118008852005,,10.19421672821045,,,,,,,,,,,,8176,0.8440981507301331,,,,,,,
,,,,,,,,,,,,,,0.0003170771030095588,0.03,,,,,,,8199,,,,,,,,
37,,,,,,,0.3672846555709839,,0.6294857263565063,,9.3671875,0.0003170515119563788,0.029999999329447746,,,1.0,1.0,,,,,8199,,0.954147219657898,,,,,,
,,,,,,,,,,,,,,0.0003157937052982864,0.03,,,,,,,8249,,,,,,,,
37,,,,,,,0.3589255213737488,,0.6221955418586731,,9.5546875,0.00031576797482557595,0.029999999329447746,,,1.0,1.0,,,,,8249,,0.6751773357391357,,,,,,
,,,,,,,,,,,,,,0.00031450309813732156,0.03,,,,,,,8299,,,,,,,,
37,,,,,,,0.3993222415447235,,0.6784896850585938,,10.203125,0.0003144772199448198,0.029999999329447746,,,1.0,1.0,,,,,8299,,0.8972652554512024,,,,,,
,,,,,,,,,,,,,,0.00031320536202038523,0.03,,,,,,,8349,,,,,,,,
37,,,,,,,0.3550354838371277,,0.6344324350357056,,10.0546875,0.00031317933462560177,0.029999999329447746,,,1.0,1.0,,,,,8349,,0.9005683660507202,,,,,,
,,,0.0868055522441864,,0.9765625,,,,,,,,,,,1.0,1.0,,,,,3404,,,,0.0,,0.0,,0.0
,,,0.140625,,1.0,,,,,,,,,,,1.0,1.0,,,,,3405,,,,0.0,,0.0,,0.0
,,,0.21383388340473175,,0.9765310287475586,,,,,,,,,,,1.0,1.0,,,,,3406,,,,0.0,,0.0,,0.0
,,,0.1875,,0.9921875,,,,,,,,,,,1.0,1.0,,,,,3407,,,,0.0,,0.0,,0.0
,,,0.1510416716337204,,0.9765625,,,,,,,,,,,1.0,1.0,,,,,3408,,,,0.0,,0.0,,0.0
,,,0.19591346383094788,,0.9743589758872986,,,,,,,,,,,1.0,1.0,,,,,3409,,,,0.0,,0.0,,0.0
,,,0.0659722238779068,,0.9765625,,,,,,,,,,,1.0,1.0,,,,,3410,,,,0.0,,0.0,,0.0
,,,0.0685763880610466,,0.9921875,,,,,,,,,,,1.0,1.0,,,,,3411,,,,0.0,,0.0,,0.0
,,,0.13370496034622192,,0.9905660152435303,,,,,,,,,,,1.0,1.0,,,,,3412,,,,0.0,,0.0,,0.0
,,,0.1227678582072258,,0.9921875,,,,,,,,,,,1.0,1.0,,,,,3413,,,,0.0,,0.0,,0.0
,,,0.107421875,,0.984375,,,,,,,,,,,1.0,1.0,,,,,3414,,,,0.0,,0.0,,0.0
,,,0.1083984375,,0.9921875,,,,,,,,,,,1.0,1.0,,,,,3415,,,,0.0,,0.0,,0.0
,,,0.19733333587646484,,0.9959999918937683,,,,,,,,,,,1.0,1.0,,,,,3416,,,,0.0,,0.0,,0.0
,,,0.1305803507566452,,0.9921875,,,,,,,,,,,1.0,1.0,,,,,3417,,,,0.0,,0.0,,0.0
,,,0.0998263880610466,,0.984375,,,,,,,,,,,1.0,1.0,,,,,3418,,,,0.0,,0.0,,0.0
,,,0.21195144951343536,,1.0,,,,,,,,,,,1.0,1.0,,,,,3419,,,,0.0,,0.0,,0.0
,,,0.099609375,,0.9921875,,,,,,,,,,,1.0,1.0,,,,,3420,,,,0.0,,0.0,,0.0
,,,0.1183035746216774,,1.0,,,,,,,,,,,1.0,1.0,,,,,3421,,,,0.0,,0.0,,0.0
,,,0.18241943418979645,,0.9940476417541504,,,,,,,,,,,1.0,1.0,,,,,3422,,,,0.0,,0.0,,0.0
,,,0.08359374850988388,,0.9609375,,,,,,,,,,,1.0,1.0,,,,,3423,,,,0.0,,0.0,,0.0
,,,0.0963541641831398,,0.96875,,,,,,,,,,,1.0,1.0,,,,,3424,,,,0.0,,0.0,,0.0
,,,0.17108067870140076,,0.9703611135482788,,,,,,,,,,,1.0,1.0,,,,,3425,,,,0.0,,0.0,,0.0
,,,0.0859375,,0.9375,,,,,,,,,,,1.0,1.0,,,,,3426,,,,0.0,,0.0,,0.0
,,,0.0842013880610466,,0.953125,,,,,,,,,,,1.0,1.0,,,,,3427,,,,0.0,,0.0,,0.0
,,,0.1464039385318756,,0.947044312953949,,,,,,,,,,,1.0,1.0,,,,,3428,,,,0.0,,0.0,,0.0
,,,0.0947265625,,0.984375,,,,,,,,,,,1.0,1.0,,,,,3429,,,,0.0,,0.0,,0.0
,,,0.0885416641831398,,0.9921875,,,,,,,,,,,1.0,1.0,,,,,3430,,,,0.0,,0.0,,0.0
,,,0.1710132658481598,,0.9866666793823242,,,,,,,,,,,1.0,1.0,,,,,3431,,,,0.0,,0.0,,0.0
,,,0.1227678582072258,,0.9921875,,,,,,,,,,,1.0,1.0,,,,,3432,,,,0.0,,0.0,,0.0
,,,0.099609375,,1.0,,,,,,,,,,,1.0,1.0,,,,,3433,,,,0.0,,0.0,,0.0
,,,0.24557358026504517,,0.9882352948188782,,,,,,,,,,,1.0,1.0,,,,,3434,,,,0.0,,0.0,,0.0
,,,0.1005859375,,0.9765625,,,,,,,,,,,1.0,1.0,,,,,3435,,,,0.0,,0.0,,0.0
,,,0.1127232164144516,,1.0,,,,,,,,,,,1.0,1.0,,,,,3436,,,,0.0,,0.0,,0.0
,,,0.2508796453475952,,0.984236478805542,,,,,,,,,,,1.0,1.0,,,,,3437,,,,0.0,,0.0,,0.0
,,,0.1006944477558136,,0.984375,,,,,,,,,,,1.0,1.0,,,,,3438,,,,0.0,,0.0,,0.0
,,,0.18281249701976776,,0.9765625,,,,,,,,,,,1.0,1.0,,,,,3439,,,,0.0,,0.0,,0.0
,,,0.1650218814611435,,0.953755795955658,,,,,,,,,,,1.0,1.0,,,,,3440,,,,0.0,,0.0,,0.0
,,,0.0668402761220932,,0.984375,,,,,,,,,,,1.0,1.0,,,,,3441,,,,0.0,,0.0,,0.0
,,,0.0633680522441864,,0.9921875,,,,,,,,,,,1.0,1.0,,,,,3442,,,,0.0,,0.0,,0.0
,,,0.1307448148727417,,1.0,,,,,,,,,,,1.0,1.0,,,,,3443,,,,0.0,,0.0,,0.0
,,,0.0954861119389534,,0.9921875,,,,,,,,,,,1.0,1.0,,,,,3444,,,,0.0,,0.0,,0.0
,,,0.1432291716337204,,0.9921875,,,,,,,,,,,1.0,1.0,,,,,3445,,,,0.0,,0.0,,0.0
,,,0.2232954502105713,,0.9818181991577148,,,,,,,,,,,1.0,1.0,,,,,3446,,,,0.0,,0.0,,0.0
,,,0.18437500298023224,,1.0,,,,,,,,,,,1.0,1.0,,,,,3447,,,,0.0,,0.0,,0.0
,,,0.115234375,,1.0,,,,,,,,,,,1.0,1.0,,,,,3448,,,,0.0,,0.0,,0.0
,,,0.20126721262931824,,0.9946808815002441,,,,,,,,,,,1.0,1.0,,,,,3449,,,,0.0,,0.0,,0.0
,,,0.0928819477558136,,1.0,,,,,,,,,,,1.0,1.0,,,,,3450,,,,0.0,,0.0,,0.0
,,,0.1160714253783226,,0.9921875,,,,,,,,,,,1.0,1.0,,,,,3451,,,,0.0,,0.0,,0.0
,,,0.10546875,,1.0,,,,,,,,,,,1.0,1.0,,,,,3452,,,,0.0,,0.0,,0.0
,,,0.08267717063426971,,0.9881889820098877,,,,,,,,,,,1.0,1.0,,,,,3453,,,,0.0,,0.0,,0.0
,,,0.1458333283662796,,0.9609375,,,,,,,,,,,1.0,1.0,,,,,3454,,,,0.0,,0.0,,0.0
,,,0.1064453125,,0.984375,,,,,,,,,,,1.0,1.0,,,,,3455,,,,0.0,,0.0,,0.0
,,,0.14719030261039734,,0.982758641242981,,,,,,,,,,,1.0,1.0,,,,,3456,,,,0.0,,0.0,,0.0
,,,0.0859375,,0.9375,,,,,,,,,,,1.0,1.0,,,,,3457,,,,0.0,,0.0,,0.0
,,,0.09765625,,0.953125,,,,,,,,,,,1.0,1.0,,,,,3458,,,,0.0,,0.0,,0.0
,,,0.18665200471878052,,0.9481114745140076,,,,,,,,,,,1.0,1.0,,,,,3459,,,,0.0,,0.0,,0.0
,,,0.09765625,,1.0,,,,,,,,,,,1.0,1.0,,,,,3460,,,,0.0,,0.0,,0.0
,,,0.0850694477558136,,0.984375,,,,,,,,,,,1.0,1.0,,,,,3461,,,,0.0,,0.0,,0.0
,,,0.1770833432674408,,0.9583333730697632,,,,,,,,,,,1.0,1.0,,,,,3462,,,,0.0,,0.0,,0.0
,,,0.099609375,,1.0,,,,,,,,,,,1.0,1.0,,,,,3463,,,,0.0,,0.0,,0.0
,,,0.1227678582072258,,0.984375,,,,,,,,,,,1.0,1.0,,,,,3464,,,,0.0,,0.0,,0.0
,,,0.2336655557155609,,0.9941860437393188,,,,,,,,,,,1.0,1.0,,,,,3465,,,,0.0,,0.0,,0.0
,,,0.1183035746216774,,0.9765625,,,,,,,,,,,1.0,1.0,,,,,3466,,,,0.0,,0.0,,0.0
,,,0.1149553582072258,,0.9921875,,,,,,,,,,,1.0,1.0,,,,,3467,,,,0.0,,0.0,,0.0
,,,0.25528866052627563,,0.991150438785553,,,,,,,,,,,1.0,1.0,,,,,3468,,,,0.0,,0.0,,0.0
,,,0.1142578125,,0.984375,,,,,,,,,,,1.0,1.0,,,,,3469,,,,0.0,,0.0,,0.0
,,,0.18437500298023224,,0.9765625,,,,,,,,,,,1.0,1.0,,,,,3470,,,,0.0,,0.0,,0.0
,,,0.16442200541496277,,0.9772727489471436,,,,,,,,,,,1.0,1.0,,,,,3471,,,,0.0,,0.0,,0.0
,,,0.05781250074505806,,0.984375,,,,,,,,,,,1.0,1.0,,,,,3472,,,,0.0,,0.0,,0.0
,,,0.05234374850988388,,0.9921875,,,,,,,,,,,1.0,1.0,,,,,3473,,,,0.0,,0.0,,0.0
,,,0.14925925433635712,,1.0,,,,,,,,,,,1.0,1.0,,,,,3474,,,,0.0,,0.0,,0.0
,,,0.107421875,,0.984375,,,,,,,,,,,1.0,1.0,,,,,3475,,,,0.0,,0.0,,0.0
,,,0.1458333283662796,,1.0,,,,,,,,,,,1.0,1.0,,,,,3476,,,,0.0,,0.0,,0.0
,,,0.19443701207637787,,0.9939758777618408,,,,,,,,,,,1.0,1.0,,,,,3477,,,,0.0,,0.0,,0.0
,,,0.1549479216337204,,1.0,,,,,,,,,,,1.0,1.0,,,,,3478,,,,0.0,,0.0,,0.0
,,,0.1305803507566452,,1.0,,,,,,,,,,,1.0,1.0,,,,,3479,,,,0.0,,0.0,,0.0
,,,0.20769670605659485,,0.9901961088180542,,,,,,,,,,,1.0,1.0,,,,,3480,,,,0.0,,0.0,,0.0
,,,0.1005859375,,0.9921875,,,,,,,,,,,1.0,1.0,,,,,3481,,,,0.0,,0.0,,0.0
,,,0.1216517835855484,,1.0,,,,,,,,,,,1.0,1.0,,,,,3482,,,,0.0,,0.0,,0.0
,,,0.18832287192344666,,1.0,,,,,,,,,,,1.0,1.0,,,,,3483,,,,0.0,,0.0,,0.0
,,,0.08203125,,0.96875,,,,,,,,,,,1.0,1.0,,,,,3484,,,,0.0,,0.0,,0.0
,,,0.1471354216337204,,0.96875,,,,,,,,,,,1.0,1.0,,,,,3485,,,,0.0,,0.0,,0.0
,,,0.18612127006053925,,0.9574326276779175,,,,,,,,,,,1.0,1.0,,,,,3486,,,,0.0,,0.0,,0.0
,,,0.0798611119389534,,0.984375,,,,,,,,,,,1.0,1.0,,,,,3487,,,,0.0,,0.0,,0.0
,,,0.0842013880610466,,0.9296875,,,,,,,,,,,1.0,1.0,,,,,3488,,,,0.0,,0.0,,0.0
,,,0.2075892835855484,,0.9732142686843872,,,,,,,,,,,1.0,1.0,,,,,3489,,,,0.0,,0.0,,0.0
,,,0.091796875,,0.9765625,,,,,,,,,,,1.0,1.0,,,,,3490,,,,0.0,,0.0,,0.0
,,,0.0850694477558136,,0.9921875,,,,,,,,,,,1.0,1.0,,,,,3491,,,,0.0,,0.0,,0.0
,,,0.15617716312408447,,0.941724956035614,,,,,,,,,,,1.0,1.0,,,,,3492,,,,0.0,,0.0,,0.0
,,,0.1064453125,,0.9921875,,,,,,,,,,,1.0,1.0,,,,,3493,,,,0.0,,0.0,,0.0
,,,0.0894097238779068,,1.0,,,,,,,,,,,1.0,1.0,,,,,3494,,,,0.0,,0.0,,0.0
,,,0.10826771706342697,,0.9842519760131836,,,,,,,,,,,1.0,1.0,,,,,3495,,,,0.0,,0.0,,0.0
37,0.7997639775276184,0.8090724945068359,,0.982979416847229,,,,,,,,,,,,,,173.23130798339844,19816.09765625,5.154627799987793,314.905029296875,8397,,,0.0,,0.0,,0.0,
37,,,,,,0.3665043115615845,,0.6430634260177612,,10.122489929199219,,,,,,,,,,,,8397,0.8401429057121277,,,,,,,
,,,,,,,,,,,,,,0.0003119005778858229,0.03,,,,,,,8399,,,,,,,,
38,,,,,,,0.40253686904907227,,0.6742209196090698,,9.84375,0.0003118744061794132,0.029999999329447746,,,1.0,1.0,,,,,8399,,0.9558200836181641,,,,,,
,,,,,,,,,,,,,,0.0003105888271115569,0.03,,,,,,,8449,,,,,,,,
38,,,,,,,0.35659167170524597,,0.618496835231781,,9.484375,0.00031056252191774547,0.029999999329447746,,,1.0,1.0,,,,,8449,,0.6127873659133911,,,,,,
,,,,,,,,,,,,,,0.00030927019151001114,0.03,,,,,,,8499,,,,,,,,
38,,,,,,,0.38082537055015564,,0.661614179611206,,10.125,0.0003092437400482595,0.029999999329447746,,,1.0,1.0,,,,,8499,,0.9150238037109375,,,,,,
,,,,,,,,,,,,,,0.0003079447533230083,0.03,,,,,,,8549,,,,,,,,
38,,,,,,,0.3652839660644531,,0.6343412399291992,,9.8203125,0.0003079181769862771,0.029999999329447746,,,1.0,1.0,,,,,8549,,1.019582748413086,,,,,,
,,,,,,,,,,,,,,0.0003066125952166407,0.03,,,,,,,8599,,,,,,,,
38,,,,,,,0.3415488004684448,,0.621978223323822,,10.2265625,0.0003065858909394592,0.029999999329447746,,,1.0,1.0,,,,,8599,,0.5343345403671265,,,,,,
,,,0.1302083283662796,,0.984375,,,,,,,,,,,1.0,1.0,,,,,3496,,,,0.0,,0.0,,0.0
,,,0.16718749701976776,,1.0,,,,,,,,,,,1.0,1.0,,,,,3497,,,,0.0,,0.0,,0.0
,,,0.283889502286911,,0.985148549079895,,,,,,,,,,,1.0,1.0,,,,,3498,,,,0.0,,0.0,,0.0
,,,0.18906250596046448,,0.984375,,,,,,,,,,,1.0,1.0,,,,,3499,,,,0.0,,0.0,,0.0
,,,0.1536458283662796,,0.9921875,,,,,,,,,,,1.0,1.0,,,,,3500,,,,0.0,,0.0,,0.0
,,,0.19350960850715637,,0.9535256624221802,,,,,,,,,,,1.0,1.0,,,,,3501,,,,0.0,,0.0,,0.0
,,,0.06015624850988388,,0.9453125,,,,,,,,,,,1.0,1.0,,,,,3502,,,,0.0,,0.0,,0.0
,,,0.0625,,0.953125,,,,,,,,,,,1.0,1.0,,,,,3503,,,,0.0,,0.0,,0.0
,,,0.14373928308486938,,0.9622641801834106,,,,,,,,,,,1.0,1.0,,,,,3504,,,,0.0,,0.0,,0.0
,,,0.19218750298023224,,0.9921875,,,,,,,,,,,1.0,1.0,,,,,3505,,,,0.0,,0.0,,0.0
,,,0.1316964328289032,,0.9921875,,,,,,,,,,,1.0,1.0,,,,,3506,,,,0.0,,0.0,,0.0
,,,0.1316964328289032,,1.0,,,,,,,,,,,1.0,1.0,,,,,3507,,,,0.0,,0.0,,0.0
,,,0.15066666901111603,,0.972000002861023,,,,,,,,,,,1.0,1.0,,,,,3508,,,,0.0,,0.0,,0.0
,,,0.08046875149011612,,0.9609375,,,,,,,,,,,1.0,1.0,,,,,3509,,,,0.0,,0.0,,0.0
,,,0.0850694477558136,,0.9375,,,,,,,,,,,1.0,1.0,,,,,3510,,,,0.0,,0.0,,0.0
,,,0.20354808866977692,,0.9957983493804932,,,,,,,,,,,1.0,1.0,,,,,3511,,,,0.0,,0.0,,0.0
,,,0.1223958358168602,,1.0,,,,,,,,,,,1.0,1.0,,,,,3512,,,,0.0,,0.0,,0.0
,,,0.1025390625,,1.0,,,,,,,,,,,1.0,1.0,,,,,3513,,,,0.0,,0.0,,0.0
,,,0.2068452388048172,,0.9826840162277222,,,,,,,,,,,1.0,1.0,,,,,3514,,,,0.0,,0.0,,0.0
,,,0.103515625,,0.9765625,,,,,,,,,,,1.0,1.0,,,,,3515,,,,0.0,,0.0,,0.0
,,,0.09375,,0.96875,,,,,,,,,,,1.0,1.0,,,,,3516,,,,0.0,,0.0,,0.0
,,,0.17512106895446777,,0.9794520139694214,,,,,,,,,,,1.0,1.0,,,,,3517,,,,0.0,,0.0,,0.0
,,,0.08124999701976776,,0.9609375,,,,,,,,,,,1.0,1.0,,,,,3518,,,,0.0,,0.0,,0.0
,,,0.0972222238779068,,0.9765625,,,,,,,,,,,1.0,1.0,,,,,3519,,,,0.0,,0.0,,0.0
,,,0.15527093410491943,,0.9541871547698975,,,,,,,,,,,1.0,1.0,,,,,3520,,,,0.0,,0.0,,0.0
,,,0.1380208283662796,,0.9921875,,,,,,,,,,,1.0,1.0,,,,,3521,,,,0.0,,0.0,,0.0
,,,0.1005859375,,0.9921875,,,,,,,,,,,1.0,1.0,,,,,3522,,,,0.0,,0.0,,0.0
,,,0.19836477935314178,,0.9933333396911621,,,,,,,,,,,1.0,1.0,,,,,3523,,,,0.0,,0.0,,0.0
,,,0.10546875,,0.9921875,,,,,,,,,,,1.0,1.0,,,,,3524,,,,0.0,,0.0,,0.0
,,,0.07578124850988388,,1.0,,,,,,,,,,,1.0,1.0,,,,,3525,,,,0.0,,0.0,,0.0
,,,0.23720930516719818,,1.0,,,,,,,,,,,1.0,1.0,,,,,3526,,,,0.0,,0.0,,0.0
,,,0.1315104216337204,,0.984375,,,,,,,,,,,1.0,1.0,,,,,3527,,,,0.0,,0.0,,0.0
,,,0.1315104216337204,,0.9921875,,,,,,,,,,,1.0,1.0,,,,,3528,,,,0.0,,0.0,,0.0
,,,0.30180624127388,,0.982758641242981,,,,,,,,,,,1.0,1.0,,,,,3529,,,,0.0,,0.0,,0.0
,,,0.1272321492433548,,0.96875,,,,,,,,,,,1.0,1.0,,,,,3530,,,,0.0,,0.0,,0.0
,,,0.18593749403953552,,1.0,,,,,,,,,,,1.0,1.0,,,,,3531,,,,0.0,,0.0,,0.0
,,,0.14851969480514526,,0.9470272064208984,,,,,,,,,,,1.0,1.0,,,,,3532,,,,0.0,,0.0,,0.0
,,,0.06015624850988388,,0.96875,,,,,,,,,,,1.0,1.0,,,,,3533,,,,0.0,,0.0,,0.0
,,,0.06015624850988388,,0.9375,,,,,,,,,,,1.0,1.0,,,,,3534,,,,0.0,,0.0,,0.0
,,,0.14781442284584045,,0.9526251554489136,,,,,,,,,,,1.0,1.0,,,,,3535,,,,0.0,,0.0,,0.0
,,,0.1536458283662796,,1.0,,,,,,,,,,,1.0,1.0,,,,,3536,,,,0.0,,0.0,,0.0
,,,0.115234375,,0.9921875,,,,,,,,,,,1.0,1.0,,,,,3537,,,,0.0,,0.0,,0.0
,,,0.2525973916053772,,0.9624999761581421,,,,,,,,,,,1.0,1.0,,,,,3538,,,,0.0,,0.0,,0.0
,,,0.08359374850988388,,0.9609375,,,,,,,,,,,1.0,1.0,,,,,3539,,,,0.0,,0.0,,0.0
,,,0.07656250149011612,,0.953125,,,,,,,,,,,1.0,1.0,,,,,3540,,,,0.0,,0.0,,0.0
,,,0.14956194162368774,,0.9893617033958435,,,,,,,,,,,1.0,1.0,,,,,3541,,,,0.0,,0.0,,0.0
,,,0.1328125,,0.9921875,,,,,,,,,,,1.0,1.0,,,,,3542,,,,0.0,,0.0,,0.0
,,,0.1037946417927742,,1.0,,,,,,,,,,,1.0,1.0,,,,,3543,,,,0.0,,0.0,,0.0
,,,0.103515625,,0.984375,,,,,,,,,,,1.0,1.0,,,,,3544,,,,0.0,,0.0,,0.0
,,,0.09273841232061386,,0.9921259880065918,,,,,,,,,,,1.0,1.0,,,,,3545,,,,0.0,,0.0,,0.0
,,,0.0954861119389534,,0.96875,,,,,,,,,,,1.0,1.0,,,,,3546,,,,0.0,,0.0,,0.0
,,,0.1160714253783226,,0.9921875,,,,,,,,,,,1.0,1.0,,,,,3547,,,,0.0,,0.0,,0.0
,,,0.16123881936073303,,0.982758641242981,,,,,,,,,,,1.0,1.0,,,,,3548,,,,0.0,,0.0,,0.0
,,,0.0894097238779068,,0.96875,,,,,,,,,,,1.0,1.0,,,,,3549,,,,0.0,,0.0,,0.0
,,,0.1103515625,,0.96875,,,,,,,,,,,1.0,1.0,,,,,3550,,,,0.0,,0.0,,0.0
,,,0.19375687837600708,,0.9715805053710938,,,,,,,,,,,1.0,1.0,,,,,3551,,,,0.0,,0.0,,0.0
,,,0.1432291716337204,,0.9921875,,,,,,,,,,,1.0,1.0,,,,,3552,,,,0.0,,0.0,,0.0
,,,0.1005859375,,0.984375,,,,,,,,,,,1.0,1.0,,,,,3553,,,,0.0,,0.0,,0.0
,,,0.2291666716337204,,0.984375,,,,,,,,,,,1.0,1.0,,,,,3554,,,,0.0,,0.0,,0.0
,,,0.0876736119389534,,0.9921875,,,,,,,,,,,1.0,1.0,,,,,3555,,,,0.0,,0.0,,0.0
,,,0.0911458358168602,,1.0,,,,,,,,,,,1.0,1.0,,,,,3556,,,,0.0,,0.0,,0.0
,,,0.2627353072166443,,1.0,,,,,,,,,,,1.0,1.0,,,,,3557,,,,0.0,,0.0,,0.0
,,,0.1354166716337204,,0.9765625,,,,,,,,,,,1.0,1.0,,,,,3558,,,,0.0,,0.0,,0.0
,,,0.1380208283662796,,0.9765625,,,,,,,,,,,1.0,1.0,,,,,3559,,,,0.0,,0.0,,0.0
,,,0.3059980273246765,,0.991150438785553,,,,,,,,,,,1.0,1.0,,,,,3560,,,,0.0,,0.0,,0.0
,,,0.1305803507566452,,0.984375,,,,,,,,,,,1.0,1.0,,,,,3561,,,,0.0,,0.0,,0.0
,,,0.236328125,,0.9921875,,,,,,,,,,,1.0,1.0,,,,,3562,,,,0.0,,0.0,,0.0
,,,0.1368686854839325,,0.9590909481048584,,,,,,,,,,,1.0,1.0,,,,,3563,,,,0.0,,0.0,,0.0
,,,0.06015624850988388,,0.9765625,,,,,,,,,,,1.0,1.0,,,,,3564,,,,0.0,,0.0,,0.0
,,,0.05390625074505806,,0.921875,,,,,,,,,,,1.0,1.0,,,,,3565,,,,0.0,,0.0,,0.0
,,,0.22380952537059784,,0.970370352268219,,,,,,,,,,,1.0,1.0,,,,,3566,,,,0.0,,0.0,,0.0
,,,0.1328125,,0.9921875,,,,,,,,,,,1.0,1.0,,,,,3567,,,,0.0,,0.0,,0.0
,,,0.1536458283662796,,1.0,,,,,,,,,,,1.0,1.0,,,,,3568,,,,0.0,,0.0,,0.0
,,,0.25553643703460693,,0.9759036302566528,,,,,,,,,,,1.0,1.0,,,,,3569,,,,0.0,,0.0,,0.0
,,,0.08124999701976776,,0.96875,,,,,,,,,,,1.0,1.0,,,,,3570,,,,0.0,,0.0,,0.0
,,,0.07890625298023224,,0.9453125,,,,,,,,,,,1.0,1.0,,,,,3571,,,,0.0,,0.0,,0.0
,,,0.14919787645339966,,0.9901961088180542,,,,,,,,,,,1.0,1.0,,,,,3572,,,,0.0,,0.0,,0.0
,,,0.1082589253783226,,0.984375,,,,,,,,,,,1.0,1.0,,,,,3573,,,,0.0,,0.0,,0.0
,,,0.1127232164144516,,1.0,,,,,,,,,,,1.0,1.0,,,,,3574,,,,0.0,,0.0,,0.0
,,,0.2118632197380066,,0.9941860437393188,,,,,,,,,,,1.0,1.0,,,,,3575,,,,0.0,,0.0,,0.0
,,,0.1025390625,,0.984375,,,,,,,,,,,1.0,1.0,,,,,3576,,,,0.0,,0.0,,0.0
,,,0.1044921875,,0.9609375,,,,,,,,,,,1.0,1.0,,,,,3577,,,,0.0,,0.0,,0.0
,,,0.21470734477043152,,1.0,,,,,,,,,,,1.0,1.0,,,,,3578,,,,0.0,,0.0,,0.0
,,,0.07656250149011612,,0.96875,,,,,,,,,,,1.0,1.0,,,,,3579,,,,0.0,,0.0,,0.0
,,,0.1025390625,,0.96875,,,,,,,,,,,1.0,1.0,,,,,3580,,,,0.0,,0.0,,0.0
,,,0.16696429252624512,,0.9776785373687744,,,,,,,,,,,1.0,1.0,,,,,3581,,,,0.0,,0.0,,0.0
,,,0.1341145783662796,,0.9765625,,,,,,,,,,,1.0,1.0,,,,,3582,,,,0.0,,0.0,,0.0
,,,0.1183035746216774,,0.9921875,,,,,,,,,,,1.0,1.0,,,,,3583,,,,0.0,,0.0,,0.0
,,,0.17197617888450623,,0.9914529919624329,,,,,,,,,,,1.0,1.0,,,,,3584,,,,0.0,,0.0,,0.0
,,,0.1183035746216774,,0.9921875,,,,,,,,,,,1.0,1.0,,,,,3585,,,,0.0,,0.0,,0.0
,,,0.0850694477558136,,1.0,,,,,,,,,,,1.0,1.0,,,,,3586,,,,0.0,,0.0,,0.0
,,,0.10629921406507492,,1.0,,,,,,,,,,,1.0,1.0,,,,,3587,,,,0.0,,0.0,,0.0
38,0.794054388999939,0.810032844543457,,0.9787794351577759,,,,,,,,,,,,,,172.77462768554688,18962.470703125,5.1519880294799805,314.96917724609375,8618,,,0.0,,0.0,,0.0,
38,,,,,,0.3644424378871918,,0.6399800777435303,,10.061015129089355,,,,,,,,,,,,8618,0.7842090725898743,,,,,,,
,,,,,,,,,,,,,,0.0003052738002761147,0.03,,,,,,,8649,,,,,,,,
39,,,,,,,0.36673688888549805,,0.6205294132232666,,8.96875,0.00030524696921929717,0.029999999329447746,,,1.0,1.0,,,,,8649,,0.6024565696716309,,,,,,
,,,,,,,,,,,,,,0.0003039284520005687,0.03,,,,,,,8699,,,,,,,,
39,,,,,,,0.36331847310066223,,0.6388583183288574,,10.125,0.0003039014700334519,0.029999999329447746,,,1.0,1.0,,,,,8699,,0.9065800905227661,,,,,,
,,,,,,,,,,,,,,0.0003025766342978649,0.03,,,,,,,8749,,,,,,,,
39,,,,,,,0.33787694573402405,,0.6206218004226685,,10.5390625,0.0003025495389010757,0.029999999329447746,,,1.0,1.0,,,,,8749,,0.8438779711723328,,,,,,
,,,,,,,,,,,,,,0.0003012184314793566,0.03,,,,,,,8799,,,,,,,,
39,,,,,,,0.3510531187057495,,0.6262030005455017,,9.953125,0.00030119120492599905,0.029999999329447746,,,1.0,1.0,,,,,8799,,0.7059764266014099,,,,,,
,,,0.140625,,0.984375,,,,,,,,,,,1.0,1.0,,,,,3588,,,,0.0,,0.0,,0.0
,,,0.171875,,1.0,,,,,,,,,,,1.0,1.0,,,,,3589,,,,0.0,,0.0,,0.0
,,,0.18294420838356018,,0.9715805053710938,,,,,,,,,,,1.0,1.0,,,,,3590,,,,0.0,,0.0,,0.0
,,,0.109375,,0.9765625,,,,,,,,,,,1.0,1.0,,,,,3591,,,,0.0,,0.0,,0.0
,,,0.1227678582072258,,0.984375,,,,,,,,,,,1.0,1.0,,,,,3592,,,,0.0,,0.0,,0.0
,,,0.15527066588401794,,0.9647436141967773,,,,,,,,,,,1.0,1.0,,,,,3593,,,,0.0,,0.0,,0.0
,,,0.0572916679084301,,0.875,,,,,,,,,,,1.0,1.0,,,,,3594,,,,0.0,,0.0,,0.0
,,,0.05234374850988388,,0.8984375,,,,,,,,,,,1.0,1.0,,,,,3595,,,,0.0,,0.0,,0.0
,,,0.13636364042758942,,0.911234974861145,,,,,,,,,,,1.0,1.0,,,,,3596,,,,0.0,,0.0,,0.0
,,,0.171875,,1.0,,,,,,,,,,,1.0,1.0,,,,,3597,,,,0.0,,0.0,,0.0
,,,0.1183035746216774,,0.9765625,,,,,,,,,,,1.0,1.0,,,,,3598,,,,0.0,,0.0,,0.0
,,,0.1171875,,0.9921875,,,,,,,,,,,1.0,1.0,,,,,3599,,,,0.0,,0.0,,0.0
,,,0.22323811054229736,,0.9959999918937683,,,,,,,,,,,1.0,1.0,,,,,3600,,,,0.0,,0.0,,0.0
,,,0.1484375,,0.984375,,,,,,,,,,,1.0,1.0,,,,,3601,,,,0.0,,0.0,,0.0
,,,0.1083984375,,0.9921875,,,,,,,,,,,1.0,1.0,,,,,3602,,,,0.0,,0.0,,0.0
,,,0.2014472484588623,,0.9831932783126831,,,,,,,,,,,1.0,1.0,,,,,3603,,,,0.0,,0.0,,0.0
,,,0.0966796875,,0.984375,,,,,,,,,,,1.0,1.0,,,,,3604,,,,0.0,,0.0,,0.0
,,,0.109375,,0.9921875,,,,,,,,,,,1.0,1.0,,,,,3605,,,,0.0,,0.0,,0.0
,,,0.17580567300319672,,0.947510838508606,,,,,,,,,,,1.0,1.0,,,,,3606,,,,0.0,,0.0,,0.0
,,,0.0824652761220932,,0.921875,,,,,,,,,,,1.0,1.0,,,,,3607,,,,0.0,,0.0,,0.0
,,,0.07187499850988388,,0.9453125,,,,,,,,,,,1.0,1.0,,,,,3608,,,,0.0,,0.0,,0.0
,,,0.18123702704906464,,0.9545454978942871,,,,,,,,,,,1.0,1.0,,,,,3609,,,,0.0,,0.0,,0.0
,,,0.09375,,0.984375,,,,,,,,,,,1.0,1.0,,,,,3610,,,,0.0,,0.0,,0.0
,,,0.1294642835855484,,0.984375,,,,,,,,,,,1.0,1.0,,,,,3611,,,,0.0,,0.0,,0.0
,,,0.15896551311016083,,0.982758641242981,,,,,,,,,,,1.0,1.0,,,,,3612,,,,0.0,,0.0,,0.0
,,,0.1138392835855484,,0.9765625,,,,,,,,,,,1.0,1.0,,,,,3613,,,,0.0,,0.0,,0.0
,,,0.1005859375,,0.9765625,,,,,,,,,,,1.0,1.0,,,,,3614,,,,0.0,,0.0,,0.0
,,,0.18470999598503113,,0.9866666793823242,,,,,,,,,,,1.0,1.0,,,,,3615,,,,0.0,,0.0,,0.0
,,,0.1272321492433548,,1.0,,,,,,,,,,,1.0,1.0,,,,,3616,,,,0.0,,0.0,,0.0
,,,0.1015625,,1.0,,,,,,,,,,,1.0,1.0,,,,,3617,,,,0.0,,0.0,,0.0
,,,0.24557358026504517,,1.0,,,,,,,,,,,1.0,1.0,,,,,3618,,,,0.0,,0.0,,0.0
,,,0.1380208283662796,,0.984375,,,,,,,,,,,1.0,1.0,,,,,3619,,,,0.0,,0.0,,0.0
,,,0.1183035746216774,,1.0,,,,,,,,,,,1.0,1.0,,,,,3620,,,,0.0,,0.0,,0.0
,,,0.2174261063337326,,0.9613300561904907,,,,,,,,,,,1.0,1.0,,,,,3621,,,,0.0,,0.0,,0.0
,,,0.1216517835855484,,0.96875,,,,,,,,,,,1.0,1.0,,,,,3622,,,,0.0,,0.0,,0.0
,,,0.17499999701976776,,0.984375,,,,,,,,,,,1.0,1.0,,,,,3623,,,,0.0,,0.0,,0.0
,,,0.1386781930923462,,0.9231710433959961,,,,,,,,,,,1.0,1.0,,,,,3624,,,,0.0,,0.0,,0.0
,,,0.068359375,,0.875,,,,,,,,,,,1.0,1.0,,,,,3625,,,,0.0,,0.0,,0.0
,,,0.04765624925494194,,0.875,,,,,,,,,,,1.0,1.0,,,,,3626,,,,0.0,,0.0,,0.0
,,,0.1338217407464981,,0.9285714626312256,,,,,,,,,,,1.0,1.0,,,,,3627,,,,0.0,,0.0,,0.0
,,,0.1419270783662796,,0.9765625,,,,,,,,,,,1.0,1.0,,,,,3628,,,,0.0,,0.0,,0.0
,,,0.1354166716337204,,0.9921875,,,,,,,,,,,1.0,1.0,,,,,3629,,,,0.0,,0.0,,0.0
,,,0.28409090638160706,,0.9943181872367859,,,,,,,,,,,1.0,1.0,,,,,3630,,,,0.0,,0.0,,0.0
,,,0.1510416716337204,,0.984375,,,,,,,,,,,1.0,1.0,,,,,3631,,,,0.0,,0.0,,0.0
,,,0.1283482164144516,,1.0,,,,,,,,,,,1.0,1.0,,,,,3632,,,,0.0,,0.0,,0.0
,,,0.19727784395217896,,0.9799749851226807,,,,,,,,,,,1.0,1.0,,,,,3633,,,,0.0,,0.0,,0.0
,,,0.1049107164144516,,0.9765625,,,,,,,,,,,1.0,1.0,,,,,3634,,,,0.0,,0.0,,0.0
,,,0.095703125,,0.984375,,,,,,,,,,,1.0,1.0,,,,,3635,,,,0.0,,0.0,,0.0
,,,0.1127232164144516,,0.984375,,,,,,,,,,,1.0,1.0,,,,,3636,,,,0.0,,0.0,,0.0
,,,0.08136483281850815,,0.9566929340362549,,,,,,,,,,,1.0,1.0,,,,,3637,,,,0.0,,0.0,,0.0
,,,0.0927734375,,0.953125,,,,,,,,,,,1.0,1.0,,,,,3638,,,,0.0,,0.0,,0.0
,,,0.0798611119389534,,0.9296875,,,,,,,,,,,1.0,1.0,,,,,3639,,,,0.0,,0.0,,0.0
,,,0.14942528307437897,,0.9123563170433044,,,,,,,,,,,1.0,1.0,,,,,3640,,,,0.0,,0.0,,0.0
,,,0.0928819477558136,,0.984375,,,,,,,,,,,1.0,1.0,,,,,3641,,,,0.0,,0.0,,0.0
,,,0.11328125,,0.9921875,,,,,,,,,,,1.0,1.0,,,,,3642,,,,0.0,,0.0,,0.0
,,,0.2002200186252594,,0.985148549079895,,,,,,,,,,,1.0,1.0,,,,,3643,,,,0.0,,0.0,,0.0
,,,0.1015625,,0.984375,,,,,,,,,,,1.0,1.0,,,,,3644,,,,0.0,,0.0,,0.0
,,,0.1005859375,,0.96875,,,,,,,,,,,1.0,1.0,,,,,3645,,,,0.0,,0.0,,0.0
,,,0.21875,,1.0,,,,,,,,,,,1.0,1.0,,,,,3646,,,,0.0,,0.0,,0.0
,,,0.1160714253783226,,1.0,,,,,,,,,,,1.0,1.0,,,,,3647,,,,0.0,,0.0,,0.0
,,,0.1238839253783226,,1.0,,,,,,,,,,,1.0,1.0,,,,,3648,,,,0.0,,0.0,,0.0
,,,0.2666112780570984,,1.0,,,,,,,,,,,1.0,1.0,,,,,3649,,,,0.0,,0.0,,0.0
,,,0.1216517835855484,,0.984375,,,,,,,,,,,1.0,1.0,,,,,3650,,,,0.0,,0.0,,0.0
,,,0.1194196417927742,,0.984375,,,,,,,,,,,1.0,1.0,,,,,3651,,,,0.0,,0.0,,0.0
,,,0.2496418058872223,,0.9778760671615601,,,,,,,,,,,1.0,1.0,,,,,3652,,,,0.0,,0.0,,0.0
,,,0.1458333283662796,,0.9765625,,,,,,,,,,,1.0,1.0,,,,,3653,,,,0.0,,0.0,,0.0
,,,0.1205357164144516,,0.9609375,,,,,,,,,,,1.0,1.0,,,,,3654,,,,0.0,,0.0,,0.0
,,,0.13883276283740997,,0.949999988079071,,,,,,,,,,,1.0,1.0,,,,,3655,,,,0.0,,0.0,,0.0
,,,0.0555555559694767,,0.8515625,,,,,,,,,,,1.0,1.0,,,,,3656,,,,0.0,,0.0,,0.0
,,,0.046875,,0.859375,,,,,,,,,,,1.0,1.0,,,,,3657,,,,0.0,,0.0,,0.0
,,,0.1567901223897934,,0.949999988079071,,,,,,,,,,,1.0,1.0,,,,,3658,,,,0.0,,0.0,,0.0
,,,0.13671875,,0.96875,,,,,,,,,,,1.0,1.0,,,,,3659,,,,0.0,,0.0,,0.0
,,,0.1194196417927742,,1.0,,,,,,,,,,,1.0,1.0,,,,,3660,,,,0.0,,0.0,,0.0
,,,0.28763943910598755,,0.9888888597488403,,,,,,,,,,,1.0,1.0,,,,,3661,,,,0.0,,0.0,,0.0
,,,0.1536458283662796,,0.984375,,,,,,,,,,,1.0,1.0,,,,,3662,,,,0.0,,0.0,,0.0
,,,0.125,,1.0,,,,,,,,,,,1.0,1.0,,,,,3663,,,,0.0,,0.0,,0.0
,,,0.19143112003803253,,0.9772090911865234,,,,,,,,,,,1.0,1.0,,,,,3664,,,,0.0,,0.0,,0.0
,,,0.1082589253783226,,0.9765625,,,,,,,,,,,1.0,1.0,,,,,3665,,,,0.0,,0.0,,0.0
,,,0.1127232164144516,,0.984375,,,,,,,,,,,1.0,1.0,,,,,3666,,,,0.0,,0.0,,0.0
,,,0.1955288052558899,,0.9584717750549316,,,,,,,,,,,1.0,1.0,,,,,3667,,,,0.0,,0.0,,0.0
,,,0.0772569477558136,,0.9140625,,,,,,,,,,,1.0,1.0,,,,,3668,,,,0.0,,0.0,,0.0
,,,0.08984375,,0.9609375,,,,,,,,,,,1.0,1.0,,,,,3669,,,,0.0,,0.0,,0.0
,,,0.18527141213417053,,0.9536082744598389,,,,,,,,,,,1.0,1.0,,,,,3670,,,,0.0,,0.0,,0.0
,,,0.1194196417927742,,0.9921875,,,,,,,,,,,1.0,1.0,,,,,3671,,,,0.0,,0.0,,0.0
,,,0.0963541641831398,,0.984375,,,,,,,,,,,1.0,1.0,,,,,3672,,,,0.0,,0.0,,0.0
,,,0.2886904776096344,,0.9955357313156128,,,,,,,,,,,1.0,1.0,,,,,3673,,,,0.0,,0.0,,0.0
,,,0.091796875,,0.9765625,,,,,,,,,,,1.0,1.0,,,,,3674,,,,0.0,,0.0,,0.0
,,,0.1005859375,,0.96875,,,,,,,,,,,1.0,1.0,,,,,3675,,,,0.0,,0.0,,0.0
,,,0.1647241711616516,,0.9914529919624329,,,,,,,,,,,1.0,1.0,,,,,3676,,,,0.0,,0.0,,0.0
,,,0.1497395783662796,,1.0,,,,,,,,,,,1.0,1.0,,,,,3677,,,,0.0,,0.0,,0.0
,,,0.0894097238779068,,1.0,,,,,,,,,,,1.0,1.0,,,,,3678,,,,0.0,,0.0,,0.0
,,,0.10728346556425095,,1.0,,,,,,,,,,,1.0,1.0,,,,,3679,,,,0.0,,0.0,,0.0
39,0.7909749746322632,0.7925000190734863,,0.9692164063453674,,,,,,,,,,,,,,176.3065185546875,16516.55078125,5.172224044799805,308.4536437988281,8839,,,0.0,,0.0,,0.0,
39,,,,,,0.35988178849220276,,0.6344985365867615,,10.05942440032959,,,,,,,,,,,,8839,0.8005341291427612,,,,,,,
,,,,,,,,,,,,,,0.00029985392825462956,0.03,,,,,,,8849,,,,,,,,
40,,,,,,,0.3507375121116638,,0.6097061038017273,,9.421875,0.0002998265845235437,0.029999999329447746,,,1.0,1.0,,,,,8849,,0.6945698261260986,,,,,,
,,,,,,,,,,,,,,0.0002984832097262187,0.03,,,,,,,8899,,,,,,,,
40,,,,,,,0.3475494980812073,,0.6109114289283752,,9.484375,0.00029845573590137064,0.029999999329447746,,,1.0,1.0,,,,,8899,,0.668785810470581,,,,,,
,,,,,,,,,,,,,,0.00029710636138430063,0.03,,,,,,,8949,,,,,,,,
40,,,,,,,0.33731603622436523,,0.6192855834960938,,10.59375,0.00029707877547480166,0.029999999329447746,,,1.0,1.0,,,,,8949,,0.6440040469169617,,,,,,
,,,,,,,,,,,,,,0.0002957234691013616,0.03,,,,,,,8999,,,,,,,,
40,,,,,,,0.33500510454177856,,0.6063581705093384,,9.8359375,0.0002956957614514977,0.029999999329447746,,,1.0,1.0,,,,,8999,,0.8222591876983643,,,,,,
,,,,,,,,,,,,,,0.00029433461912684115,0.03,,,,,,,9049,,,,,,,,
40,,,,,,,0.36480653285980225,,0.6466938853263855,,10.5234375,0.00029430678114295006,0.029999999329447746,,,1.0,1.0,,,,,9049,,0.6035647392272949,,,,,,
,,,0.1025390625,,0.984375,,,,,,,,,,,1.0,1.0,,,,,3680,,,,0.0,,0.0,,0.0
,,,0.1227678582072258,,1.0,,,,,,,,,,,1.0,1.0,,,,,3681,,,,0.0,,0.0,,0.0
,,,0.18142646551132202,,0.9345434904098511,,,,,,,,,,,1.0,1.0,,,,,3682,,,,0.0,,0.0,,0.0
,,,0.1354166716337204,,0.96875,,,,,,,,,,,1.0,1.0,,,,,3683,,,,0.0,,0.0,,0.0
,,,0.1223958358168602,,0.953125,,,,,,,,,,,1.0,1.0,,,,,3684,,,,0.0,,0.0,,0.0
,,,0.25267094373703003,,0.9807692170143127,,,,,,,,,,,1.0,1.0,,,,,3685,,,,0.0,,0.0,,0.0
,,,0.0815972238779068,,0.9921875,,,,,,,,,,,1.0,1.0,,,,,3686,,,,0.0,,0.0,,0.0
,,,0.1015625,,1.0,,,,,,,,,,,1.0,1.0,,,,,3687,,,,0.0,,0.0,,0.0
,,,0.1733371615409851,,0.9725557565689087,,,,,,,,,,,1.0,1.0,,,,,3688,,,,0.0,,0.0,,0.0
,,,0.11328125,,0.984375,,,,,,,,,,,1.0,1.0,,,,,3689,,,,0.0,,0.0,,0.0
,,,0.1261160671710968,,0.984375,,,,,,,,,,,1.0,1.0,,,,,3690,,,,0.0,,0.0,,0.0
,,,0.1216517835855484,,1.0,,,,,,,,,,,1.0,1.0,,,,,3691,,,,0.0,,0.0,,0.0
,,,0.19633333384990692,,0.9880000352859497,,,,,,,,,,,1.0,1.0,,,,,3692,,,,0.0,,0.0,,0.0
,,,0.1536458283662796,,0.984375,,,,,,,,,,,1.0,1.0,,,,,3693,,,,0.0,,0.0,,0.0
,,,0.0980902761220932,,0.9921875,,,,,,,,,,,1.0,1.0,,,,,3694,,,,0.0,,0.0,,0.0
,,,0.20981726050376892,,0.9873949289321899,,,,,,,,,,,1.0,1.0,,,,,3695,,,,0.0,,0.0,,0.0
,,,0.0870535746216774,,0.96875,,,,,,,,,,,1.0,1.0,,,,,3696,,,,0.0,,0.0,,0.0
,,,0.0825892835855484,,0.9609375,,,,,,,,,,,1.0,1.0,,,,,3697,,,,0.0,,0.0,,0.0
,,,0.17951840162277222,,0.9653679132461548,,,,,,,,,,,1.0,1.0,,,,,3698,,,,0.0,,0.0,,0.0
,,,0.0902777761220932,,0.96875,,,,,,,,,,,1.0,1.0,,,,,3699,,,,0.0,,0.0,,0.0
,,,0.103515625,,0.953125,,,,,,,,,,,1.0,1.0,,,,,3700,,,,0.0,,0.0,,0.0
,,,0.1987546682357788,,0.9749688506126404,,,,,,,,,,,1.0,1.0,,,,,3701,,,,0.0,,0.0,,0.0
,,,0.1116071417927742,,0.9609375,,,,,,,,,,,1.0,1.0,,,,,3702,,,,0.0,,0.0,,0.0
,,,0.1103515625,,0.96875,,,,,,,,,,,1.0,1.0,,,,,3703,,,,0.0,,0.0,,0.0
,,,0.16906404495239258,,0.9684728980064392,,,,,,,,,,,1.0,1.0,,,,,3704,,,,0.0,,0.0,,0.0
,,,0.1432291716337204,,1.0,,,,,,,,,,,1.0,1.0,,,,,3705,,,,0.0,,0.0,,0.0
,,,0.1216517835855484,,0.9921875,,,,,,,,,,,1.0,1.0,,,,,3706,,,,0.0,,0.0,,0.0
,,,0.1942138373851776,,1.0,,,,,,,,,,,1.0,1.0,,,,,3707,,,,0.0,,0.0,,0.0
,,,0.18281249701976776,,1.0,,,,,,,,,,,1.0,1.0,,,,,3708,,,,0.0,,0.0,,0.0
,,,0.1458333283662796,,1.0,,,,,,,,,,,1.0,1.0,,,,,3709,,,,0.0,,0.0,,0.0
,,,0.26894664764404297,,1.0,,,,,,,,,,,1.0,1.0,,,,,3710,,,,0.0,,0.0,,0.0
,,,0.1127232164144516,,0.96875,,,,,,,,,,,1.0,1.0,,,,,3711,,,,0.0,,0.0,,0.0
,,,0.1160714253783226,,1.0,,,,,,,,,,,1.0,1.0,,,,,3712,,,,0.0,,0.0,,0.0
,,,0.17323482036590576,,0.9628078937530518,,,,,,,,,,,1.0,1.0,,,,,3713,,,,0.0,,0.0,,0.0
,,,0.1236979141831398,,0.9453125,,,,,,,,,,,1.0,1.0,,,,,3714,,,,0.0,,0.0,,0.0
,,,0.1276041716337204,,0.9609375,,,,,,,,,,,1.0,1.0,,,,,3715,,,,0.0,,0.0,,0.0
,,,0.15841557085514069,,0.9515537023544312,,,,,,,,,,,1.0,1.0,,,,,3716,,,,0.0,,0.0,,0.0
,,,0.0789930522441864,,1.0,,,,,,,,,,,1.0,1.0,,,,,3717,,,,0.0,,0.0,,0.0
,,,0.0908203125,,0.9921875,,,,,,,,,,,1.0,1.0,,,,,3718,,,,0.0,,0.0,,0.0
,,,0.1626916229724884,,0.9846153855323792,,,,,,,,,,,1.0,1.0,,,,,3719,,,,0.0,,0.0,,0.0
,,,0.11328125,,0.984375,,,,,,,,,,,1.0,1.0,,,,,3720,,,,0.0,,0.0,,0.0
,,,0.125,,0.9921875,,,,,,,,,,,1.0,1.0,,,,,3721,,,,0.0,,0.0,,0.0
,,,0.25551947951316833,,0.9750000238418579,,,,,,,,,,,1.0,1.0,,,,,3722,,,,0.0,,0.0,,0.0
,,,0.1142578125,,0.984375,,,,,,,,,,,1.0,1.0,,,,,3723,,,,0.0,,0.0,,0.0
,,,0.1305803507566452,,0.984375,,,,,,,,,,,1.0,1.0,,,,,3724,,,,0.0,,0.0,,0.0
,,,0.16791823506355286,,0.9852941036224365,,,,,,,,,,,1.0,1.0,,,,,3725,,,,0.0,,0.0,,0.0
,,,0.0825892835855484,,1.0,,,,,,,,,,,1.0,1.0,,,,,3726,,,,0.0,,0.0,,0.0
,,,0.0881696417927742,,0.9609375,,,,,,,,,,,1.0,1.0,,,,,3727,,,,0.0,,0.0,,0.0
,,,0.0685763880610466,,0.9609375,,,,,,,,,,,1.0,1.0,,,,,3728,,,,0.0,,0.0,,0.0
,,,0.09186352044343948,,0.9803149700164795,,,,,,,,,,,1.0,1.0,,,,,3729,,,,0.0,,0.0,,0.0
,,,0.1160714253783226,,0.953125,,,,,,,,,,,1.0,1.0,,,,,3730,,,,0.0,,0.0,,0.0
,,,0.1025390625,,0.9609375,,,,,,,,,,,1.0,1.0,,,,,3731,,,,0.0,,0.0,,0.0
,,,0.12899106740951538,,0.9870689511299133,,,,,,,,,,,1.0,1.0,,,,,3732,,,,0.0,,0.0,,0.0
,,,0.0833333358168602,,0.9609375,,,,,,,,,,,1.0,1.0,,,,,3733,,,,0.0,,0.0,,0.0
,,,0.1261160671710968,,0.9921875,,,,,,,,,,,1.0,1.0,,,,,3734,,,,0.0,,0.0,,0.0
,,,0.23945727944374084,,0.9715805053710938,,,,,,,,,,,1.0,1.0,,,,,3735,,,,0.0,,0.0,,0.0
,,,0.1796875,,1.0,,,,,,,,,,,1.0,1.0,,,,,3736,,,,0.0,,0.0,,0.0
,,,0.140625,,0.9921875,,,,,,,,,,,1.0,1.0,,,,,3737,,,,0.0,,0.0,,0.0
,,,0.2174479067325592,,1.0,,,,,,,,,,,1.0,1.0,,,,,3738,,,,0.0,,0.0,,0.0
,,,0.109375,,1.0,,,,,,,,,,,1.0,1.0,,,,,3739,,,,0.0,,0.0,,0.0
,,,0.1294642835855484,,1.0,,,,,,,,,,,1.0,1.0,,,,,3740,,,,0.0,,0.0,,0.0
,,,0.22515226900577545,,0.9941860437393188,,,,,,,,,,,1.0,1.0,,,,,3741,,,,0.0,,0.0,,0.0
,,,0.1149553582072258,,0.9765625,,,,,,,,,,,1.0,1.0,,,,,3742,,,,0.0,,0.0,,0.0
,,,0.1183035746216774,,0.9921875,,,,,,,,,,,1.0,1.0,,,,,3743,,,,0.0,,0.0,,0.0
,,,0.23573535680770874,,0.9734513163566589,,,,,,,,,,,1.0,1.0,,,,,3744,,,,0.0,,0.0,,0.0
,,,0.125,,0.9375,,,,,,,,,,,1.0,1.0,,,,,3745,,,,0.0,,0.0,,0.0
,,,0.109375,,0.9453125,,,,,,,,,,,1.0,1.0,,,,,3746,,,,0.0,,0.0,,0.0
,,,0.17777776718139648,,0.9676767587661743,,,,,,,,,,,1.0,1.0,,,,,3747,,,,0.0,,0.0,,0.0
,,,0.0789930522441864,,1.0,,,,,,,,,,,1.0,1.0,,,,,3748,,,,0.0,,0.0,,0.0
,,,0.0668402761220932,,0.9921875,,,,,,,,,,,1.0,1.0,,,,,3749,,,,0.0,,0.0,,0.0
,,,0.2099536955356598,,0.9907407760620117,,,,,,,,,,,1.0,1.0,,,,,3750,,,,0.0,,0.0,,0.0
,,,0.111328125,,0.984375,,,,,,,,,,,1.0,1.0,,,,,3751,,,,0.0,,0.0,,0.0
,,,0.125,,1.0,,,,,,,,,,,1.0,1.0,,,,,3752,,,,0.0,,0.0,,0.0
,,,0.25316503643989563,,0.9939758777618408,,,,,,,,,,,1.0,1.0,,,,,3753,,,,0.0,,0.0,,0.0
,,,0.11328125,,0.984375,,,,,,,,,,,1.0,1.0,,,,,3754,,,,0.0,,0.0,,0.0
,,,0.1536458283662796,,0.984375,,,,,,,,,,,1.0,1.0,,,,,3755,,,,0.0,,0.0,,0.0
,,,0.17602495849132538,,0.9935064911842346,,,,,,,,,,,1.0,1.0,,,,,3756,,,,0.0,,0.0,,0.0
,,,0.0904017835855484,,0.984375,,,,,,,,,,,1.0,1.0,,,,,3757,,,,0.0,,0.0,,0.0
,,,0.0791015625,,0.953125,,,,,,,,,,,1.0,1.0,,,,,3758,,,,0.0,,0.0,,0.0
,,,0.19158360362052917,,0.9883720874786377,,,,,,,,,,,1.0,1.0,,,,,3759,,,,0.0,,0.0,,0.0
,,,0.0850694477558136,,0.9453125,,,,,,,,,,,1.0,1.0,,,,,3760,,,,0.0,,0.0,,0.0
,,,0.10546875,,0.9609375,,,,,,,,,,,1.0,1.0,,,,,3761,,,,0.0,,0.0,,0.0
,,,0.23654329776763916,,0.9632524251937866,,,,,,,,,,,1.0,1.0,,,,,3762,,,,0.0,,0.0,,0.0
,,,0.099609375,,0.984375,,,,,,,,,,,1.0,1.0,,,,,3763,,,,0.0,,0.0,,0.0
,,,0.07890625298023224,,0.953125,,,,,,,,,,,1.0,1.0,,,,,3764,,,,0.0,,0.0,,0.0
,,,0.2276785671710968,,0.9910714626312256,,,,,,,,,,,1.0,1.0,,,,,3765,,,,0.0,,0.0,,0.0
,,,0.16875000298023224,,0.984375,,,,,,,,,,,1.0,1.0,,,,,3766,,,,0.0,,0.0,,0.0
,,,0.1471354216337204,,0.9921875,,,,,,,,,,,1.0,1.0,,,,,3767,,,,0.0,,0.0,,0.0
,,,0.22721722722053528,,1.0,,,,,,,,,,,1.0,1.0,,,,,3768,,,,0.0,,0.0,,0.0
,,,0.1536458283662796,,1.0,,,,,,,,,,,1.0,1.0,,,,,3769,,,,0.0,,0.0,,0.0
,,,0.1103515625,,1.0,,,,,,,,,,,1.0,1.0,,,,,3770,,,,0.0,,0.0,,0.0
,,,0.15223096311092377,,1.0,,,,,,,,,,,1.0,1.0,,,,,3771,,,,0.0,,0.0,,0.0
40,0.8029831647872925,0.8061636686325073,,0.9801387786865234,,,,,,,,,,,,,,179.55389404296875,16063.0224609375,5.1904754638671875,305.75457763671875,9060,,,0.0,,0.0,,0.0,
40,,,,,,0.35353702306747437,,0.6251417398452759,,9.959877014160156,,,,,,,,,,,,9060,0.7651007175445557,,,,,,,
,,,,,,,,,,,,,,0.0002929398980817538,0.03,,,,,,,9099,,,,,,,,
41,,,,,,,0.36109980940818787,,0.6319292187690735,,9.9609375,0.00029291195096448064,0.029999999329447746,,,1.0,1.0,,,,,9099,,0.5593792796134949,,,,,,
,,,,,,,,,,,,,,0.00029153939295328666,0.03,,,,,,,9149,,,,,,,,
41,,,,,,,0.34674084186553955,,0.6239128112792969,,10.265625,0.00029151132912375033,0.029999999329447746,,,1.0,1.0,,,,,9149,,0.5890158414840698,,,,,,
,,,,,,,,,,,,,,0.00029013319108937326,0.03,,,,,,,9199,,,,,,,,
41,,,,,,,0.33311277627944946,,0.6093236804008484,,10.1796875,0.0002901050029322505,0.029999999329447746,,,1.0,1.0,,,,,9199,,0.7520347833633423,,,,,,
,,,,,,,,,,,,,,0.00028872138019324497,0.03,,,,,,,9249,,,,,,,,
41,,,,,,,0.37753981351852417,,0.6398797035217285,,9.46875,0.000288693088805303,0.029999999329447746,,,1.0,1.0,,,,,9249,,1.1270395517349243,,,,,,
,,,0.083984375,,0.9609375,,,,,,,,,,,1.0,1.0,,,,,3772,,,,0.0,,0.0,,0.0
,,,0.09375,,0.9765625,,,,,,,,,,,1.0,1.0,,,,,3773,,,,0.0,,0.0,,0.0
,,,0.1562156230211258,,0.9468280076980591,,,,,,,,,,,1.0,1.0,,,,,3774,,,,0.0,,0.0,,0.0
,,,0.18437500298023224,,0.9765625,,,,,,,,,,,1.0,1.0,,,,,3775,,,,0.0,,0.0,,0.0
,,,0.1261160671710968,,0.9765625,,,,,,,,,,,1.0,1.0,,,,,3776,,,,0.0,,0.0,,0.0
,,,0.25427350401878357,,0.9647436141967773,,,,,,,,,,,1.0,1.0,,,,,3777,,,,0.0,,0.0,,0.0
,,,0.0494791679084301,,0.9765625,,,,,,,,,,,1.0,1.0,,,,,3778,,,,0.0,,0.0,,0.0
,,,0.0529513880610466,,0.9921875,,,,,,,,,,,1.0,1.0,,,,,3779,,,,0.0,,0.0,,0.0
,,,0.13826948404312134,,0.9678387641906738,,,,,,,,,,,1.0,1.0,,,,,3780,,,,0.0,,0.0,,0.0
,,,0.0911458358168602,,0.9921875,,,,,,,,,,,1.0,1.0,,,,,3781,,,,0.0,,0.0,,0.0
,,,0.0833333358168602,,0.9609375,,,,,,,,,,,1.0,1.0,,,,,3782,,,,0.0,,0.0,,0.0
,,,0.1138392835855484,,0.96875,,,,,,,,,,,1.0,1.0,,,,,3783,,,,0.0,,0.0,,0.0
,,,0.2604444622993469,,0.8173333406448364,,,,,,,,,,,1.0,1.0,,,,,3784,,,,0.0,,0.0,,0.0
,,,0.125,,1.0,,,,,,,,,,,1.0,1.0,,,,,3785,,,,0.0,,0.0,,0.0
,,,0.1227678582072258,,0.984375,,,,,,,,,,,1.0,1.0,,,,,3786,,,,0.0,,0.0,,0.0
,,,0.1349206417798996,,1.0,,,,,,,,,,,1.0,1.0,,,,,3787,,,,0.0,,0.0,,0.0
,,,0.0948660746216774,,0.9765625,,,,,,,,,,,1.0,1.0,,,,,3788,,,,0.0,,0.0,,0.0
,,,0.076171875,,0.9921875,,,,,,,,,,,1.0,1.0,,,,,3789,,,,0.0,,0.0,,0.0
,,,0.20021644234657288,,0.9886363744735718,,,,,,,,,,,1.0,1.0,,,,,3790,,,,0.0,,0.0,,0.0
,,,0.18437500298023224,,1.0,,,,,,,,,,,1.0,1.0,,,,,3791,,,,0.0,,0.0,,0.0
,,,0.19062499701976776,,1.0,,,,,,,,,,,1.0,1.0,,,,,3792,,,,0.0,,0.0,,0.0
,,,0.21637609601020813,,0.9909090995788574,,,,,,,,,,,1.0,1.0,,,,,3793,,,,0.0,,0.0,,0.0
,,,0.17343750596046448,,0.9765625,,,,,,,,,,,1.0,1.0,,,,,3794,,,,0.0,,0.0,,0.0
,,,0.1283482164144516,,0.984375,,,,,,,,,,,1.0,1.0,,,,,3795,,,,0.0,,0.0,,0.0
,,,0.20449507236480713,,0.9770935773849487,,,,,,,,,,,1.0,1.0,,,,,3796,,,,0.0,,0.0,,0.0
,,,0.10546875,,0.9765625,,,,,,,,,,,1.0,1.0,,,,,3797,,,,0.0,,0.0,,0.0
,,,0.1261160671710968,,0.9765625,,,,,,,,,,,1.0,1.0,,,,,3798,,,,0.0,,0.0,,0.0
,,,0.15836477279663086,,0.9528301954269409,,,,,,,,,,,1.0,1.0,,,,,3799,,,,0.0,,0.0,,0.0
,,,0.0859375,,0.9765625,,,,,,,,,,,1.0,1.0,,,,,3800,,,,0.0,,0.0,,0.0
,,,0.0703125,,0.984375,,,,,,,,,,,1.0,1.0,,,,,3801,,,,0.0,,0.0,,0.0
,,,0.16105791926383972,,0.9707250595092773,,,,,,,,,,,1.0,1.0,,,,,3802,,,,0.0,,0.0,,0.0
,,,0.0993303582072258,,0.9609375,,,,,,,,,,,1.0,1.0,,,,,3803,,,,0.0,,0.0,,0.0
,,,0.0772569477558136,,0.9609375,,,,,,,,,,,1.0,1.0,,,,,3804,,,,0.0,,0.0,,0.0
,,,0.17312534153461456,,0.9669950604438782,,,,,,,,,,,1.0,1.0,,,,,3805,,,,0.0,,0.0,,0.0
,,,0.1328125,,0.9609375,,,,,,,,,,,1.0,1.0,,,,,3806,,,,0.0,,0.0,,0.0
,,,0.1510416716337204,,0.9921875,,,,,,,,,,,1.0,1.0,,,,,3807,,,,0.0,,0.0,,0.0
,,,0.14105701446533203,,0.9679471254348755,,,,,,,,,,,1.0,1.0,,,,,3808,,,,0.0,,0.0,,0.0
,,,0.0529513880610466,,0.9765625,,,,,,,,,,,1.0,1.0,,,,,3809,,,,0.0,,0.0,,0.0
,,,0.05234374850988388,,0.984375,,,,,,,,,,,1.0,1.0,,,,,3810,,,,0.0,,0.0,,0.0
,,,0.13832587003707886,,0.9769231081008911,,,,,,,,,,,1.0,1.0,,,,,3811,,,,0.0,,0.0,,0.0
,,,0.0894097238779068,,0.984375,,,,,,,,,,,1.0,1.0,,,,,3812,,,,0.0,,0.0,,0.0
,,,0.109375,,0.9609375,,,,,,,,,,,1.0,1.0,,,,,3813,,,,0.0,,0.0,,0.0
,,,0.21732954680919647,,0.9579545259475708,,,,,,,,,,,1.0,1.0,,,,,3814,,,,0.0,,0.0,,0.0
,,,0.23046875,,0.9921875,,,,,,,,,,,1.0,1.0,,,,,3815,,,,0.0,,0.0,,0.0
,,,0.109375,,1.0,,,,,,,,,,,1.0,1.0,,,,,3816,,,,0.0,,0.0,,0.0
,,,0.17521902918815613,,0.9946808815002441,,,,,,,,,,,1.0,1.0,,,,,3817,,,,0.0,,0.0,,0.0
,,,0.0729166641831398,,1.0,,,,,,,,,,,1.0,1.0,,,,,3818,,,,0.0,,0.0,,0.0
,,,0.0849609375,,0.984375,,,,,,,,,,,1.0,1.0,,,,,3819,,,,0.0,,0.0,,0.0
,,,0.0694444477558136,,0.984375,,,,,,,,,,,1.0,1.0,,,,,3820,,,,0.0,,0.0,,0.0
,,,0.15616796910762787,,1.0,,,,,,,,,,,1.0,1.0,,,,,3821,,,,0.0,,0.0,,0.0
,,,0.1305803507566452,,0.984375,,,,,,,,,,,1.0,1.0,,,,,3822,,,,0.0,,0.0,,0.0
,,,0.23828125,,0.9921875,,,,,,,,,,,1.0,1.0,,,,,3823,,,,0.0,,0.0,,0.0
,,,0.23152709007263184,,1.0,,,,,,,,,,,1.0,1.0,,,,,3824,,,,0.0,,0.0,,0.0
,,,0.1205357164144516,,0.96875,,,,,,,,,,,1.0,1.0,,,,,3825,,,,0.0,,0.0,,0.0
,,,0.1272321492433548,,0.9921875,,,,,,,,,,,1.0,1.0,,,,,3826,,,,0.0,,0.0,,0.0
,,,0.23238512873649597,,0.9765310287475586,,,,,,,,,,,1.0,1.0,,,,,3827,,,,0.0,,0.0,,0.0
,,,0.1123046875,,0.984375,,,,,,,,,,,1.0,1.0,,,,,3828,,,,0.0,,0.0,,0.0
,,,0.1238839253783226,,0.9765625,,,,,,,,,,,1.0,1.0,,,,,3829,,,,0.0,,0.0,,0.0
,,,0.1736111044883728,,0.953125,,,,,,,,,,,1.0,1.0,,,,,3830,,,,0.0,,0.0,,0.0
,,,0.07265625149011612,,0.984375,,,,,,,,,,,1.0,1.0,,,,,3831,,,,0.0,,0.0,,0.0
,,,0.0720486119389534,,0.984375,,,,,,,,,,,1.0,1.0,,,,,3832,,,,0.0,,0.0,,0.0
,,,0.23154300451278687,,0.9645625352859497,,,,,,,,,,,1.0,1.0,,,,,3833,,,,0.0,,0.0,,0.0
,,,0.0927734375,,0.953125,,,,,,,,,,,1.0,1.0,,,,,3834,,,,0.0,,0.0,,0.0
,,,0.0869140625,,0.9453125,,,,,,,,,,,1.0,1.0,,,,,3835,,,,0.0,,0.0,,0.0
,,,0.2044985294342041,,0.9867256879806519,,,,,,,,,,,1.0,1.0,,,,,3836,,,,0.0,,0.0,,0.0
,,,0.1142578125,,0.9765625,,,,,,,,,,,1.0,1.0,,,,,3837,,,,0.0,,0.0,,0.0
,,,0.1536458283662796,,0.96875,,,,,,,,,,,1.0,1.0,,,,,3838,,,,0.0,,0.0,,0.0
,,,0.13616162538528442,,0.9585858583450317,,,,,,,,,,,1.0,1.0,,,,,3839,,,,0.0,,0.0,,0.0
,,,0.0572916679084301,,0.984375,,,,,,,,,,,1.0,1.0,,,,,3840,,,,0.0,,0.0,,0.0
,,,0.04843749850988388,,0.9921875,,,,,,,,,,,1.0,1.0,,,,,3841,,,,0.0,,0.0,,0.0
,,,0.1474074125289917,,0.9861111044883728,,,,,,,,,,,1.0,1.0,,,,,3842,,,,0.0,,0.0,,0.0
,,,0.0868055522441864,,0.9609375,,,,,,,,,,,1.0,1.0,,,,,3843,,,,0.0,,0.0,,0.0
,,,0.1149553582072258,,0.9765625,,,,,,,,,,,1.0,1.0,,,,,3844,,,,0.0,,0.0,,0.0
,,,0.2258032113313675,,0.9657295942306519,,,,,,,,,,,1.0,1.0,,,,,3845,,,,0.0,,0.0,,0.0
,,,0.220703125,,0.984375,,,,,,,,,,,1.0,1.0,,,,,3846,,,,0.0,,0.0,,0.0
,,,0.1103515625,,0.9921875,,,,,,,,,,,1.0,1.0,,,,,3847,,,,0.0,,0.0,,0.0
,,,0.17678889632225037,,1.0,,,,,,,,,,,1.0,1.0,,,,,3848,,,,0.0,,0.0,,0.0
,,,0.06484375149011612,,0.9921875,,,,,,,,,,,1.0,1.0,,,,,3849,,,,0.0,,0.0,,0.0
,,,0.0830078125,,0.9921875,,,,,,,,,,,1.0,1.0,,,,,3850,,,,0.0,,0.0,,0.0
,,,0.1782330572605133,,0.9883720874786377,,,,,,,,,,,1.0,1.0,,,,,3851,,,,0.0,,0.0,,0.0
,,,0.1536458283662796,,1.0,,,,,,,,,,,1.0,1.0,,,,,3852,,,,0.0,,0.0,,0.0
,,,0.1549479216337204,,0.984375,,,,,,,,,,,1.0,1.0,,,,,3853,,,,0.0,,0.0,,0.0
,,,0.3088349401950836,,0.9948453903198242,,,,,,,,,,,1.0,1.0,,,,,3854,,,,0.0,,0.0,,0.0
,,,0.1044921875,,1.0,,,,,,,,,,,1.0,1.0,,,,,3855,,,,0.0,,0.0,,0.0
,,,0.1238839253783226,,0.96875,,,,,,,,,,,1.0,1.0,,,,,3856,,,,0.0,,0.0,,0.0
,,,0.21875,,0.9910714626312256,,,,,,,,,,,1.0,1.0,,,,,3857,,,,0.0,,0.0,,0.0
,,,0.1194196417927742,,0.984375,,,,,,,,,,,1.0,1.0,,,,,3858,,,,0.0,,0.0,,0.0
,,,0.0972222238779068,,0.984375,,,,,,,,,,,1.0,1.0,,,,,3859,,,,0.0,,0.0,,0.0
,,,0.20202019810676575,,0.941724956035614,,,,,,,,,,,1.0,1.0,,,,,3860,,,,0.0,,0.0,,0.0
,,,0.1082589253783226,,0.953125,,,,,,,,,,,1.0,1.0,,,,,3861,,,,0.0,,0.0,,0.0
,,,0.06640625,,0.9765625,,,,,,,,,,,1.0,1.0,,,,,3862,,,,0.0,,0.0,,0.0
,,,0.08956693112850189,,0.9763779640197754,,,,,,,,,,,1.0,1.0,,,,,3863,,,,0.0,,0.0,,0.0
41,0.7975857853889465,0.7781764268875122,,0.9789751768112183,,,,,,,,,,,,,,181.4313201904297,16188.0361328125,5.2008771896362305,303.4916687011719,9281,,,0.0,,0.0,,0.0,
41,,,,,,0.3513910174369812,,0.6213098168373108,,9.886418342590332,,,,,,,,,,,,9281,0.7748597264289856,,,,,,,
,,,,,,,,,,,,,,0.0002873040483179639,0.03,,,,,,,9299,,,,,,,,
42,,,,,,,0.3511853814125061,,0.6205828785896301,,9.9609375,0.0002872756449505687,0.029999999329447746,,,1.0,1.0,,,,,9299,,0.8461806774139404,,,,,,
,,,,,,,,,,,,,,0.0002858812838609284,0.03,,,,,,,9349,,,,,,,,
42,,,,,,,0.3290833830833435,,0.6030535101890564,,10.1875,0.0002858527877833694,0.029999999329447746,,,1.0,1.0,,,,,9349,,1.0351536273956299,,,,,,
,,,,,,,,,,,,,,0.0002844531755583612,0.03,,,,,,,9399,,,,,,,,
42,,,,,,,0.33191627264022827,,0.5954549312591553,,9.640625,0.00028442454640753567,0.029999999329447746,,,1.0,1.0,,,,,9399,,0.5368858575820923,,,,,,
,,,,,,,,,,,,,,0.0002830198124797747,0.03,,,,,,,9449,,,,,,,,
42,,,,,,,0.35014623403549194,,0.629786491394043,,10.203125,0.00028299109544605017,0.029999999329447746,,,1.0,1.0,,,,,9449,,0.8149026036262512,,,,,,
,,,,,,,,,,,,,,0.0002815812840224157,0.03,,,,,,,9499,,,,,,,,
42,,,,,,,0.32911133766174316,,0.590165376663208,,9.53125,0.00028155246400274336,0.029999999329447746,,,1.0,1.0,,,,,9499,,0.683599591255188,,,,,,
,,,0.0894097238779068,,0.9765625,,,,,,,,,,,1.0,1.0,,,,,3864,,,,0.0,,0.0,,0.0
,,,0.1238839253783226,,1.0,,,,,,,,,,,1.0,1.0,,,,,3865,,,,0.0,,0.0,,0.0
,,,0.1974901258945465,,0.985148549079895,,,,,,,,,,,1.0,1.0,,,,,3866,,,,0.0,,0.0,,0.0
,,,0.18281249701976776,,0.9921875,,,,,,,,,,,1.0,1.0,,,,,3867,,,,0.0,,0.0,,0.0
,,,0.18437500298023224,,1.0,,,,,,,,,,,1.0,1.0,,,,,3868,,,,0.0,,0.0,,0.0
,,,0.20793269574642181,,0.995192289352417,,,,,,,,,,,1.0,1.0,,,,,3869,,,,0.0,,0.0,,0.0
,,,0.07343749701976776,,1.0,,,,,,,,,,,1.0,1.0,,,,,3870,,,,0.0,,0.0,,0.0
,,,0.0947265625,,0.9921875,,,,,,,,,,,1.0,1.0,,,,,3871,,,,0.0,,0.0,,0.0
,,,0.18362873792648315,,1.0,,,,,,,,,,,1.0,1.0,,,,,3872,,,,0.0,,0.0,,0.0
,,,0.3255208432674408,,0.9921875,,,,,,,,,,,1.0,1.0,,,,,3873,,,,0.0,,0.0,,0.0
,,,0.236328125,,1.0,,,,,,,,,,,1.0,1.0,,,,,3874,,,,0.0,,0.0,,0.0
,,,0.18906250596046448,,1.0,,,,,,,,,,,1.0,1.0,,,,,3875,,,,0.0,,0.0,,0.0
,,,0.3173333406448364,,0.8213333487510681,,,,,,,,,,,1.0,1.0,,,,,3876,,,,0.0,,0.0,,0.0
,,,0.18281249701976776,,1.0,,,,,,,,,,,1.0,1.0,,,,,3877,,,,0.0,,0.0,,0.0
,,,0.125,,1.0,,,,,,,,,,,1.0,1.0,,,,,3878,,,,0.0,,0.0,,0.0
,,,0.20459851622581482,,0.9873949289321899,,,,,,,,,,,1.0,1.0,,,,,3879,,,,0.0,,0.0,,0.0
,,,0.1127232164144516,,0.9765625,,,,,,,,,,,1.0,1.0,,,,,3880,,,,0.0,,0.0,,0.0
,,,0.091796875,,0.9765625,,,,,,,,,,,1.0,1.0,,,,,3881,,,,0.0,,0.0,,0.0
,,,0.23824983835220337,,0.9886363744735718,,,,,,,,,,,1.0,1.0,,,,,3882,,,,0.0,,0.0,,0.0
,,,0.1294642835855484,,0.9921875,,,,,,,,,,,1.0,1.0,,,,,3883,,,,0.0,,0.0,,0.0
,,,0.1339285671710968,,0.9765625,,,,,,,,,,,1.0,1.0,,,,,3884,,,,0.0,,0.0,,0.0
,,,0.1730732023715973,,0.9498132467269897,,,,,,,,,,,1.0,1.0,,,,,3885,,,,0.0,,0.0,,0.0
,,,0.09375,,0.9140625,,,,,,,,,,,1.0,1.0,,,,,3886,,,,0.0,,0.0,,0.0
,,,0.1025390625,,0.9453125,,,,,,,,,,,1.0,1.0,,,,,3887,,,,0.0,,0.0,,0.0
,,,0.14152708649635315,,0.9140393733978271,,,,,,,,,,,1.0,1.0,,,,,3888,,,,0.0,,0.0,,0.0
,,,0.15000000596046448,,0.9609375,,,,,,,,,,,1.0,1.0,,,,,3889,,,,0.0,,0.0,,0.0
,,,0.08984375,,0.9296875,,,,,,,,,,,1.0,1.0,,,,,3890,,,,0.0,,0.0,,0.0
,,,0.15127882361412048,,0.9772326946258545,,,,,,,,,,,1.0,1.0,,,,,3891,,,,0.0,,0.0,,0.0
,,,0.0859375,,0.984375,,,,,,,,,,,1.0,1.0,,,,,3892,,,,0.0,,0.0,,0.0
,,,0.0904017835855484,,0.953125,,,,,,,,,,,1.0,1.0,,,,,3893,,,,0.0,,0.0,,0.0
,,,0.17792978882789612,,0.9882352948188782,,,,,,,,,,,1.0,1.0,,,,,3894,,,,0.0,,0.0,,0.0
,,,0.1005859375,,0.9765625,,,,,,,,,,,1.0,1.0,,,,,3895,,,,0.0,,0.0,,0.0
,,,0.1183035746216774,,0.9921875,,,,,,,,,,,1.0,1.0,,,,,3896,,,,0.0,,0.0,,0.0
,,,0.3022988438606262,,0.982758641242981,,,,,,,,,,,1.0,1.0,,,,,3897,,,,0.0,,0.0,,0.0
,,,0.1510416716337204,,0.9921875,,,,,,,,,,,1.0,1.0,,,,,3898,,,,0.0,,0.0,,0.0
,,,0.232421875,,1.0,,,,,,,,,,,1.0,1.0,,,,,3899,,,,0.0,,0.0,,0.0
,,,0.1728244125843048,,0.9918032884597778,,,,,,,,,,,1.0,1.0,,,,,3900,,,,0.0,,0.0,,0.0
,,,0.07421875,,1.0,,,,,,,,,,,1.0,1.0,,,,,3901,,,,0.0,,0.0,,0.0
,,,0.0789930522441864,,0.9921875,,,,,,,,,,,1.0,1.0,,,,,3902,,,,0.0,,0.0,,0.0
,,,0.1835843175649643,,1.0,,,,,,,,,,,1.0,1.0,,,,,3903,,,,0.0,,0.0,,0.0
,,,0.23828125,,0.9921875,,,,,,,,,,,1.0,1.0,,,,,3904,,,,0.0,,0.0,,0.0
,,,0.1575520783662796,,1.0,,,,,,,,,,,1.0,1.0,,,,,3905,,,,0.0,,0.0,,0.0
,,,0.3736363649368286,,0.969318151473999,,,,,,,,,,,1.0,1.0,,,,,3906,,,,0.0,,0.0,,0.0
,,,0.18281249701976776,,0.9921875,,,,,,,,,,,1.0,1.0,,,,,3907,,,,0.0,,0.0,,0.0
,,,0.15234375,,1.0,,,,,,,,,,,1.0,1.0,,,,,3908,,,,0.0,,0.0,,0.0
,,,0.1588861048221588,,1.0,,,,,,,,,,,1.0,1.0,,,,,3909,,,,0.0,,0.0,,0.0
,,,0.09765625,,0.96875,,,,,,,,,,,1.0,1.0,,,,,3910,,,,0.0,,0.0,,0.0
,,,0.1127232164144516,,0.984375,,,,,,,,,,,1.0,1.0,,,,,3911,,,,0.0,,0.0,,0.0
,,,0.1263020783662796,,0.9765625,,,,,,,,,,,1.0,1.0,,,,,3912,,,,0.0,,0.0,,0.0
,,,0.12935882806777954,,0.9960629940032959,,,,,,,,,,,1.0,1.0,,,,,3913,,,,0.0,,0.0,,0.0
,,,0.1510416716337204,,0.984375,,,,,,,,,,,1.0,1.0,,,,,3914,,,,0.0,,0.0,,0.0
,,,0.1305803507566452,,0.984375,,,,,,,,,,,1.0,1.0,,,,,3915,,,,0.0,,0.0,,0.0
,,,0.15453383326530457,,0.9612069129943848,,,,,,,,,,,1.0,1.0,,,,,3916,,,,0.0,,0.0,,0.0
,,,0.0833333358168602,,0.8984375,,,,,,,,,,,1.0,1.0,,,,,3917,,,,0.0,,0.0,,0.0
,,,0.0885416641831398,,0.9453125,,,,,,,,,,,1.0,1.0,,,,,3918,,,,0.0,,0.0,,0.0
,,,0.15739722549915314,,0.9332599639892578,,,,,,,,,,,1.0,1.0,,,,,3919,,,,0.0,,0.0,,0.0
,,,0.1341145783662796,,0.9609375,,,,,,,,,,,1.0,1.0,,,,,3920,,,,0.0,,0.0,,0.0
,,,0.1037946417927742,,0.921875,,,,,,,,,,,1.0,1.0,,,,,3921,,,,0.0,,0.0,,0.0
,,,0.1527777761220932,,0.96875,,,,,,,,,,,1.0,1.0,,,,,3922,,,,0.0,,0.0,,0.0
,,,0.0763888880610466,,0.984375,,,,,,,,,,,1.0,1.0,,,,,3923,,,,0.0,,0.0,,0.0
,,,0.1026785746216774,,0.9765625,,,,,,,,,,,1.0,1.0,,,,,3924,,,,0.0,,0.0,,0.0
,,,0.1955288052558899,,0.988095223903656,,,,,,,,,,,1.0,1.0,,,,,3925,,,,0.0,,0.0,,0.0
,,,0.1216517835855484,,0.9765625,,,,,,,,,,,1.0,1.0,,,,,3926,,,,0.0,,0.0,,0.0
,,,0.10546875,,0.96875,,,,,,,,,,,1.0,1.0,,,,,3927,,,,0.0,,0.0,,0.0
,,,0.37876105308532715,,0.9955751895904541,,,,,,,,,,,1.0,1.0,,,,,3928,,,,0.0,,0.0,,0.0
,,,0.1536458283662796,,1.0,,,,,,,,,,,1.0,1.0,,,,,3929,,,,0.0,,0.0,,0.0
,,,0.18437500298023224,,1.0,,,,,,,,,,,1.0,1.0,,,,,3930,,,,0.0,,0.0,,0.0
,,,0.16621772944927216,,0.9722222089767456,,,,,,,,,,,1.0,1.0,,,,,3931,,,,0.0,,0.0,,0.0
,,,0.07656250149011612,,0.9921875,,,,,,,,,,,1.0,1.0,,,,,3932,,,,0.0,,0.0,,0.0
,,,0.0729166641831398,,1.0,,,,,,,,,,,1.0,1.0,,,,,3933,,,,0.0,,0.0,,0.0
,,,0.24470898509025574,,0.9953703880310059,,,,,,,,,,,1.0,1.0,,,,,3934,,,,0.0,,0.0,,0.0
,,,0.23828125,,1.0,,,,,,,,,,,1.0,1.0,,,,,3935,,,,0.0,,0.0,,0.0
,,,0.1536458283662796,,1.0,,,,,,,,,,,1.0,1.0,,,,,3936,,,,0.0,,0.0,,0.0
,,,0.470348060131073,,0.9768407344818115,,,,,,,,,,,1.0,1.0,,,,,3937,,,,0.0,,0.0,,0.0
,,,0.1875,,0.9921875,,,,,,,,,,,1.0,1.0,,,,,3938,,,,0.0,,0.0,,0.0
,,,0.1796875,,1.0,,,,,,,,,,,1.0,1.0,,,,,3939,,,,0.0,,0.0,,0.0
,,,0.18461930751800537,,1.0,,,,,,,,,,,1.0,1.0,,,,,3940,,,,0.0,,0.0,,0.0
,,,0.0888671875,,0.9609375,,,,,,,,,,,1.0,1.0,,,,,3941,,,,0.0,,0.0,,0.0
,,,0.1171875,,0.9921875,,,,,,,,,,,1.0,1.0,,,,,3942,,,,0.0,,0.0,,0.0
,,,0.21359357237815857,,0.9883720874786377,,,,,,,,,,,1.0,1.0,,,,,3943,,,,0.0,,0.0,,0.0
,,,0.1227678582072258,,0.9921875,,,,,,,,,,,1.0,1.0,,,,,3944,,,,0.0,,0.0,,0.0
,,,0.1575520783662796,,0.9765625,,,,,,,,,,,1.0,1.0,,,,,3945,,,,0.0,,0.0,,0.0
,,,0.19070316851139069,,0.9735616445541382,,,,,,,,,,,1.0,1.0,,,,,3946,,,,0.0,,0.0,,0.0
,,,0.091796875,,0.9140625,,,,,,,,,,,1.0,1.0,,,,,3947,,,,0.0,,0.0,,0.0
,,,0.0807291641831398,,0.921875,,,,,,,,,,,1.0,1.0,,,,,3948,,,,0.0,,0.0,,0.0
,,,0.1607142835855484,,0.9642857313156128,,,,,,,,,,,1.0,1.0,,,,,3949,,,,0.0,,0.0,,0.0
,,,0.1026785746216774,,0.953125,,,,,,,,,,,1.0,1.0,,,,,3950,,,,0.0,,0.0,,0.0
,,,0.1082589253783226,,0.9453125,,,,,,,,,,,1.0,1.0,,,,,3951,,,,0.0,,0.0,,0.0
,,,0.14037814736366272,,0.9246309399604797,,,,,,,,,,,1.0,1.0,,,,,3952,,,,0.0,,0.0,,0.0
,,,0.095703125,,0.984375,,,,,,,,,,,1.0,1.0,,,,,3953,,,,0.0,,0.0,,0.0
,,,0.0720486119389534,,0.9609375,,,,,,,,,,,1.0,1.0,,,,,3954,,,,0.0,,0.0,,0.0
,,,0.09448818862438202,,0.9763779640197754,,,,,,,,,,,1.0,1.0,,,,,3955,,,,0.0,,0.0,,0.0
42,0.8121219873428345,0.8197753429412842,,0.9770702123641968,,,,,,,,,,,,,,183.5671844482422,12225.048828125,5.212580680847168,292.8231506347656,9502,,,0.0,,0.0,,0.0,
42,,,,,,0.3458663821220398,,0.6142079830169678,,9.836644172668457,,,,,,,,,,,,9502,0.7693361043930054,,,,,,,
,,,,,,,,,,,,,,0.00028013767990569025,0.03,,,,,,,9549,,,,,,,,
43,,,,,,,0.3403054475784302,,0.5952175259590149,,9.2265625,0.0002801087684929371,0.029999999329447746,,,1.0,1.0,,,,,9549,,1.0307319164276123,,,,,,
,,,,,,,,,,,,,,0.0002786890901655671,0.03,,,,,,,9599,,,,,,,,
43,,,,,,,0.34591418504714966,,0.6211639046669006,,10.21875,0.00027866006712429225,0.029999999329447746,,,1.0,1.0,,,,,9599,,0.5772888660430908,,,,,,
,,,,,,,,,,,,,,0.00027723560514896243,0.03,,,,,,,9649,,,,,,,,
43,,,,,,,0.3057299256324768,,0.5686302185058594,,9.875,0.0002772064763121307,0.029999999329447746,,,1.0,1.0,,,,,9649,,0.4839212894439697,,,,,,
,,,,,,,,,,,,,,0.0002757773155081063,0.03,,,,,,,9699,,,,,,,,
43,,,,,,,0.3422667980194092,,0.6091713905334473,,9.75,0.0002757481124717742,0.029999999329447746,,,1.0,1.0,,,,,9699,,0.7265080213546753,,,,,,
,,,0.1064453125,,0.984375,,,,,,,,,,,1.0,1.0,,,,,3956,,,,0.0,,0.0,,0.0
,,,0.1510416716337204,,1.0,,,,,,,,,,,1.0,1.0,,,,,3957,,,,0.0,,0.0,,0.0
,,,0.21167950332164764,,0.9481114745140076,,,,,,,,,,,1.0,1.0,,,,,3958,,,,0.0,,0.0,,0.0
,,,0.1272321492433548,,0.9765625,,,,,,,,,,,1.0,1.0,,,,,3959,,,,0.0,,0.0,,0.0
,,,0.140625,,1.0,,,,,,,,,,,1.0,1.0,,,,,3960,,,,0.0,,0.0,,0.0
,,,0.22435897588729858,,0.9647436141967773,,,,,,,,,,,1.0,1.0,,,,,3961,,,,0.0,,0.0,,0.0
,,,0.06171875074505806,,0.9765625,,,,,,,,,,,1.0,1.0,,,,,3962,,,,0.0,,0.0,,0.0
,,,0.083984375,,0.9765625,,,,,,,,,,,1.0,1.0,,,,,3963,,,,0.0,,0.0,,0.0
,,,0.15589861571788788,,0.9725557565689087,,,,,,,,,,,1.0,1.0,,,,,3964,,,,0.0,,0.0,,0.0
,,,0.1194196417927742,,0.984375,,,,,,,,,,,1.0,1.0,,,,,3965,,,,0.0,,0.0,,0.0
,,,0.1432291716337204,,0.9765625,,,,,,,,,,,1.0,1.0,,,,,3966,,,,0.0,,0.0,,0.0
,,,0.1044921875,,0.9765625,,,,,,,,,,,1.0,1.0,,,,,3967,,,,0.0,,0.0,,0.0
,,,0.18033334612846375,,0.8133333325386047,,,,,,,,,,,1.0,1.0,,,,,3968,,,,0.0,,0.0,,0.0
,,,0.0842013880610466,,0.9921875,,,,,,,,,,,1.0,1.0,,,,,3969,,,,0.0,,0.0,,0.0
,,,0.0885416641831398,,0.9609375,,,,,,,,,,,1.0,1.0,,,,,3970,,,,0.0,,0.0,,0.0
,,,0.18020541965961456,,0.9318394064903259,,,,,,,,,,,1.0,1.0,,,,,3971,,,,0.0,,0.0,,0.0
,,,0.1119791641831398,,0.9765625,,,,,,,,,,,1.0,1.0,,,,,3972,,,,0.0,,0.0,,0.0
,,,0.09375,,0.9375,,,,,,,,,,,1.0,1.0,,,,,3973,,,,0.0,,0.0,,0.0
,,,0.27813851833343506,,0.9431818127632141,,,,,,,,,,,1.0,1.0,,,,,3974,,,,0.0,,0.0,,0.0
,,,0.1536458283662796,,0.9921875,,,,,,,,,,,1.0,1.0,,,,,3975,,,,0.0,,0.0,,0.0
,,,0.1549479216337204,,0.984375,,,,,,,,,,,1.0,1.0,,,,,3976,,,,0.0,,0.0,,0.0
,,,0.1958765685558319,,0.9931507110595703,,,,,,,,,,,1.0,1.0,,,,,3977,,,,0.0,,0.0,,0.0
,,,0.1183035746216774,,0.984375,,,,,,,,,,,1.0,1.0,,,,,3978,,,,0.0,,0.0,,0.0
,,,0.11328125,,0.984375,,,,,,,,,,,1.0,1.0,,,,,3979,,,,0.0,,0.0,,0.0
,,,0.19135195016860962,,0.984236478805542,,,,,,,,,,,1.0,1.0,,,,,3980,,,,0.0,,0.0,,0.0
,,,0.228515625,,1.0,,,,,,,,,,,1.0,1.0,,,,,3981,,,,0.0,,0.0,,0.0
,,,0.18437500298023224,,1.0,,,,,,,,,,,1.0,1.0,,,,,3982,,,,0.0,,0.0,,0.0
,,,0.2150314450263977,,0.9716981053352356,,,,,,,,,,,1.0,1.0,,,,,3983,,,,0.0,,0.0,,0.0
,,,0.0868055522441864,,0.984375,,,,,,,,,,,1.0,1.0,,,,,3984,,,,0.0,,0.0,,0.0
,,,0.0849609375,,0.9609375,,,,,,,,,,,1.0,1.0,,,,,3985,,,,0.0,,0.0,,0.0
,,,0.18182095885276794,,0.9941176176071167,,,,,,,,,,,1.0,1.0,,,,,3986,,,,0.0,,0.0,,0.0
,,,0.1083984375,,0.9921875,,,,,,,,,,,1.0,1.0,,,,,3987,,,,0.0,,0.0,,0.0
,,,0.1227678582072258,,0.9921875,,,,,,,,,,,1.0,1.0,,,,,3988,,,,0.0,,0.0,,0.0
,,,0.21311575174331665,,0.9613300561904907,,,,,,,,,,,1.0,1.0,,,,,3989,,,,0.0,,0.0,,0.0
,,,0.14453125,,0.984375,,,,,,,,,,,1.0,1.0,,,,,3990,,,,0.0,,0.0,,0.0
,,,0.1458333283662796,,1.0,,,,,,,,,,,1.0,1.0,,,,,3991,,,,0.0,,0.0,,0.0
,,,0.162711039185524,,0.953021764755249,,,,,,,,,,,1.0,1.0,,,,,3992,,,,0.0,,0.0,,0.0
,,,0.06328125298023224,,0.984375,,,,,,,,,,,1.0,1.0,,,,,3993,,,,0.0,,0.0,,0.0
,,,0.06328125298023224,,0.984375,,,,,,,,,,,1.0,1.0,,,,,3994,,,,0.0,,0.0,,0.0
,,,0.14185592532157898,,0.9766788482666016,,,,,,,,,,,1.0,1.0,,,,,3995,,,,0.0,,0.0,,0.0
,,,0.14453125,,0.9921875,,,,,,,,,,,1.0,1.0,,,,,3996,,,,0.0,,0.0,,0.0
,,,0.1393229216337204,,0.984375,,,,,,,,,,,1.0,1.0,,,,,3997,,,,0.0,,0.0,,0.0
,,,0.23051947355270386,,0.9636363983154297,,,,,,,,,,,1.0,1.0,,,,,3998,,,,0.0,,0.0,,0.0
,,,0.07890625298023224,,0.984375,,,,,,,,,,,1.0,1.0,,,,,3999,,,,0.0,,0.0,,0.0
,,,0.0850694477558136,,0.9765625,,,,,,,,,,,1.0,1.0,,,,,4000,,,,0.0,,0.0,,0.0
,,,0.13591989874839783,,0.9439924955368042,,,,,,,,,,,1.0,1.0,,,,,4001,,,,0.0,,0.0,,0.0
,,,0.1015625,,0.984375,,,,,,,,,,,1.0,1.0,,,,,4002,,,,0.0,,0.0,,0.0
,,,0.0810546875,,0.953125,,,,,,,,,,,1.0,1.0,,,,,4003,,,,0.0,,0.0,,0.0
,,,0.0908203125,,0.9375,,,,,,,,,,,1.0,1.0,,,,,4004,,,,0.0,,0.0,,0.0
,,,0.13385826349258423,,0.9960629940032959,,,,,,,,,,,1.0,1.0,,,,,4005,,,,0.0,,0.0,,0.0
,,,0.15625,,0.984375,,,,,,,,,,,1.0,1.0,,,,,4006,,,,0.0,,0.0,,0.0
,,,0.1549479216337204,,0.984375,,,,,,,,,,,1.0,1.0,,,,,4007,,,,0.0,,0.0,,0.0
,,,0.19380587339401245,,0.9956896305084229,,,,,,,,,,,1.0,1.0,,,,,4008,,,,0.0,,0.0,,0.0
,,,0.107421875,,0.984375,,,,,,,,,,,1.0,1.0,,,,,4009,,,,0.0,,0.0,,0.0
,,,0.1103515625,,0.9921875,,,,,,,,,,,1.0,1.0,,,,,4010,,,,0.0,,0.0,,0.0
,,,0.21200037002563477,,0.9950494766235352,,,,,,,,,,,1.0,1.0,,,,,4011,,,,0.0,,0.0,,0.0
,,,0.236328125,,1.0,,,,,,,,,,,1.0,1.0,,,,,4012,,,,0.0,,0.0,,0.0
,,,0.1549479216337204,,1.0,,,,,,,,,,,1.0,1.0,,,,,4013,,,,0.0,,0.0,,0.0
,,,0.2514880895614624,,0.9739583730697632,,,,,,,,,,,1.0,1.0,,,,,4014,,,,0.0,,0.0,,0.0
,,,0.0807291641831398,,0.984375,,,,,,,,,,,1.0,1.0,,,,,4015,,,,0.0,,0.0,,0.0
,,,0.09375,,0.96875,,,,,,,,,,,1.0,1.0,,,,,4016,,,,0.0,,0.0,,0.0
,,,0.20577242970466614,,0.9941860437393188,,,,,,,,,,,1.0,1.0,,,,,4017,,,,0.0,,0.0,,0.0
,,,0.1261160671710968,,0.9921875,,,,,,,,,,,1.0,1.0,,,,,4018,,,,0.0,,0.0,,0.0
,,,0.10546875,,0.9765625,,,,,,,,,,,1.0,1.0,,,,,4019,,,,0.0,,0.0,,0.0
,,,0.30825960636138916,,0.982300877571106,,,,,,,,,,,1.0,1.0,,,,,4020,,,,0.0,,0.0,,0.0
,,,0.14453125,,1.0,,,,,,,,,,,1.0,1.0,,,,,4021,,,,0.0,,0.0,,0.0
,,,0.125,,0.9765625,,,,,,,,,,,1.0,1.0,,,,,4022,,,,0.0,,0.0,,0.0
,,,0.14050504565238953,,0.9863636493682861,,,,,,,,,,,1.0,1.0,,,,,4023,,,,0.0,,0.0,,0.0
,,,0.0737847238779068,,0.9765625,,,,,,,,,,,1.0,1.0,,,,,4024,,,,0.0,,0.0,,0.0
,,,0.05937499925494194,,0.984375,,,,,,,,,,,1.0,1.0,,,,,4025,,,,0.0,,0.0,,0.0
,,,0.16028806567192078,,0.9861111044883728,,,,,,,,,,,1.0,1.0,,,,,4026,,,,0.0,,0.0,,0.0
,,,0.1419270783662796,,0.9921875,,,,,,,,,,,1.0,1.0,,,,,4027,,,,0.0,,0.0,,0.0
,,,0.16875000298023224,,0.984375,,,,,,,,,,,1.0,1.0,,,,,4028,,,,0.0,,0.0,,0.0
,,,0.18084189295768738,,0.9708166122436523,,,,,,,,,,,1.0,1.0,,,,,4029,,,,0.0,,0.0,,0.0
,,,0.1160714253783226,,0.9921875,,,,,,,,,,,1.0,1.0,,,,,4030,,,,0.0,,0.0,,0.0
,,,0.0876736119389534,,0.96875,,,,,,,,,,,1.0,1.0,,,,,4031,,,,0.0,,0.0,,0.0
,,,0.14143112301826477,,0.9477972984313965,,,,,,,,,,,1.0,1.0,,,,,4032,,,,0.0,,0.0,,0.0
,,,0.0982142835855484,,0.984375,,,,,,,,,,,1.0,1.0,,,,,4033,,,,0.0,,0.0,,0.0
,,,0.0746527761220932,,0.953125,,,,,,,,,,,1.0,1.0,,,,,4034,,,,0.0,,0.0,,0.0
,,,0.21795403957366943,,0.9593023061752319,,,,,,,,,,,1.0,1.0,,,,,4035,,,,0.0,,0.0,,0.0
,,,0.1328125,,0.9921875,,,,,,,,,,,1.0,1.0,,,,,4036,,,,0.0,,0.0,,0.0
,,,0.1549479216337204,,0.984375,,,,,,,,,,,1.0,1.0,,,,,4037,,,,0.0,,0.0,,0.0
,,,0.31421127915382385,,0.9896907210350037,,,,,,,,,,,1.0,1.0,,,,,4038,,,,0.0,,0.0,,0.0
,,,0.0911458358168602,,0.9921875,,,,,,,,,,,1.0,1.0,,,,,4039,,,,0.0,,0.0,,0.0
,,,0.109375,,0.984375,,,,,,,,,,,1.0,1.0,,,,,4040,,,,0.0,,0.0,,0.0
,,,0.2013888955116272,,0.9955357313156128,,,,,,,,,,,1.0,1.0,,,,,4041,,,,0.0,,0.0,,0.0
,,,0.1796875,,0.9921875,,,,,,,,,,,1.0,1.0,,,,,4042,,,,0.0,,0.0,,0.0
,,,0.18437500298023224,,1.0,,,,,,,,,,,1.0,1.0,,,,,4043,,,,0.0,,0.0,,0.0
,,,0.23942723870277405,,0.9545454978942871,,,,,,,,,,,1.0,1.0,,,,,4044,,,,0.0,,0.0,,0.0
,,,0.1149553582072258,,0.9765625,,,,,,,,,,,1.0,1.0,,,,,4045,,,,0.0,,0.0,,0.0
,,,0.078125,,0.96875,,,,,,,,,,,1.0,1.0,,,,,4046,,,,0.0,,0.0,,0.0
,,,0.09842519462108612,,0.9842519760131836,,,,,,,,,,,1.0,1.0,,,,,4047,,,,0.0,,0.0,,0.0
43,0.7990941405296326,0.813988447189331,,0.9800794124603271,,,,,,,,,,,,,,186.34506225585938,12891.8193359375,5.22760009765625,295.4352111816406,9723,,,0.0,,0.0,,0.0,
43,,,,,,0.34019190073013306,,0.6063538789749146,,9.784855842590332,,,,,,,,,,,,9723,0.726355791091919,,,,,,,
,,,,,,,,,,,,,,0.0002743143121948871,0.03,,,,,,,9749,,,,,,,,
44,,,,,,,0.32700902223587036,,0.5867992043495178,,9.3984375,0.0002742850047070533,0.029999999329447746,,,1.0,1.0,,,,,9749,,0.8625367879867554,,,,,,
,,,,,,,,,,,,,,0.00027284668645517974,0.03,,,,,,,9799,,,,,,,,
44,,,,,,,0.3325800597667694,,0.6024218201637268,,9.90625,0.0002728172985371202,0.029999999329447746,,,1.0,1.0,,,,,9799,,0.6305392980575562,,,,,,
,,,,,,,,,,,,,,0.00027137452982315465,0.03,,,,,,,9849,,,,,,,,
44,,,,,,,0.3311433494091034,,0.595116138458252,,9.6640625,0.0002713450521696359,0.029999999329447746,,,1.0,1.0,,,,,9849,,0.4764077067375183,,,,,,
,,,,,,,,,,,,,,0.0002698979341155697,0.03,,,,,,,9899,,,,,,,,
44,,,,,,,0.32695645093917847,,0.6051644086837769,,10.2734375,0.0002698683529160917,0.029999999329447746,,,1.0,1.0,,,,,9899,,0.6253445148468018,,,,,,
,,,0.0751953125,,0.9296875,,,,,,,,,,,1.0,1.0,,,,,4048,,,,0.0,,0.0,,0.0
,,,0.08203125,,0.9609375,,,,,,,,,,,1.0,1.0,,,,,4049,,,,0.0,,0.0,,0.0
,,,0.1562156230211258,,0.9319765567779541,,,,,,,,,,,1.0,1.0,,,,,4050,,,,0.0,,0.0,,0.0
,,,0.1484375,,0.9921875,,,,,,,,,,,1.0,1.0,,,,,4051,,,,0.0,,0.0,,0.0
,,,0.1497395783662796,,0.9921875,,,,,,,,,,,1.0,1.0,,,,,4052,,,,0.0,,0.0,,0.0
,,,0.23855310678482056,,0.995192289352417,,,,,,,,,,,1.0,1.0,,,,,4053,,,,0.0,,0.0,,0.0
,,,0.06328125298023224,,0.9921875,,,,,,,,,,,1.0,1.0,,,,,4054,,,,0.0,,0.0,,0.0
,,,0.078125,,0.9921875,,,,,,,,,,,1.0,1.0,,,,,4055,,,,0.0,,0.0,,0.0
,,,0.17352773249149323,,0.9952830076217651,,,,,,,,,,,1.0,1.0,,,,,4056,,,,0.0,,0.0,,0.0
,,,0.18593749403953552,,0.9921875,,,,,,,,,,,1.0,1.0,,,,,4057,,,,0.0,,0.0,,0.0
,,,0.1305803507566452,,0.9765625,,,,,,,,,,,1.0,1.0,,,,,4058,,,,0.0,,0.0,,0.0
,,,0.1549479216337204,,1.0,,,,,,,,,,,1.0,1.0,,,,,4059,,,,0.0,,0.0,,0.0
,,,0.15674073994159698,,0.9679999947547913,,,,,,,,,,,1.0,1.0,,,,,4060,,,,0.0,,0.0,,0.0
,,,0.0833333358168602,,0.9453125,,,,,,,,,,,1.0,1.0,,,,,4061,,,,0.0,,0.0,,0.0
,,,0.1082589253783226,,0.90625,,,,,,,,,,,1.0,1.0,,,,,4062,,,,0.0,,0.0,,0.0
,,,0.26688453555107117,,0.8888888955116272,,,,,,,,,,,1.0,1.0,,,,,4063,,,,0.0,,0.0,,0.0
,,,0.12890625,,0.9921875,,,,,,,,,,,1.0,1.0,,,,,4064,,,,0.0,,0.0,,0.0
,,,0.1116071417927742,,0.9921875,,,,,,,,,,,1.0,1.0,,,,,4065,,,,0.0,,0.0,,0.0
,,,0.2413419932126999,,0.988095223903656,,,,,,,,,,,1.0,1.0,,,,,4066,,,,0.0,,0.0,,0.0
,,,0.1064453125,,0.9609375,,,,,,,,,,,1.0,1.0,,,,,4067,,,,0.0,,0.0,,0.0
,,,0.1238839253783226,,0.96875,,,,,,,,,,,1.0,1.0,,,,,4068,,,,0.0,,0.0,,0.0
,,,0.21410337090492249,,0.9818181991577148,,,,,,,,,,,1.0,1.0,,,,,4069,,,,0.0,,0.0,,0.0
,,,0.1238839253783226,,0.9921875,,,,,,,,,,,1.0,1.0,,,,,4070,,,,0.0,,0.0,,0.0
,,,0.1497395783662796,,1.0,,,,,,,,,,,1.0,1.0,,,,,4071,,,,0.0,,0.0,,0.0
,,,0.18560481071472168,,0.9913793206214905,,,,,,,,,,,1.0,1.0,,,,,4072,,,,0.0,,0.0,,0.0
,,,0.220703125,,0.9921875,,,,,,,,,,,1.0,1.0,,,,,4073,,,,0.0,,0.0,,0.0
,,,0.1458333283662796,,1.0,,,,,,,,,,,1.0,1.0,,,,,4074,,,,0.0,,0.0,,0.0
,,,0.24273136258125305,,0.9811320900917053,,,,,,,,,,,1.0,1.0,,,,,4075,,,,0.0,,0.0,,0.0
,,,0.099609375,,0.984375,,,,,,,,,,,1.0,1.0,,,,,4076,,,,0.0,,0.0,,0.0
,,,0.078125,,0.9765625,,,,,,,,,,,1.0,1.0,,,,,4077,,,,0.0,,0.0,,0.0
,,,0.14158686995506287,,0.9473323822021484,,,,,,,,,,,1.0,1.0,,,,,4078,,,,0.0,,0.0,,0.0
,,,0.078125,,0.9140625,,,,,,,,,,,1.0,1.0,,,,,4079,,,,0.0,,0.0,,0.0
,,,0.0677083358168602,,0.9296875,,,,,,,,,,,1.0,1.0,,,,,4080,,,,0.0,,0.0,,0.0
,,,0.17728516459465027,,0.9512315392494202,,,,,,,,,,,1.0,1.0,,,,,4081,,,,0.0,,0.0,,0.0
,,,0.11328125,,0.984375,,,,,,,,,,,1.0,1.0,,,,,4082,,,,0.0,,0.0,,0.0
,,,0.18125000596046448,,1.0,,,,,,,,,,,1.0,1.0,,,,,4083,,,,0.0,,0.0,,0.0
,,,0.17380312085151672,,0.9843406081199646,,,,,,,,,,,1.0,1.0,,,,,4084,,,,0.0,,0.0,,0.0
,,,0.06406249850988388,,0.984375,,,,,,,,,,,1.0,1.0,,,,,4085,,,,0.0,,0.0,,0.0
,,,0.0789930522441864,,0.9921875,,,,,,,,,,,1.0,1.0,,,,,4086,,,,0.0,,0.0,,0.0
,,,0.19884005188941956,,0.9764347076416016,,,,,,,,,,,1.0,1.0,,,,,4087,,,,0.0,,0.0,,0.0
,,,0.1305803507566452,,0.9921875,,,,,,,,,,,1.0,1.0,,,,,4088,,,,0.0,,0.0,,0.0
,,,0.1549479216337204,,0.984375,,,,,,,,,,,1.0,1.0,,,,,4089,,,,0.0,,0.0,,0.0
,,,0.18131312727928162,,0.949999988079071,,,,,,,,,,,1.0,1.0,,,,,4090,,,,0.0,,0.0,,0.0
,,,0.0868055522441864,,0.953125,,,,,,,,,,,1.0,1.0,,,,,4091,,,,0.0,,0.0,,0.0
,,,0.0966796875,,0.9375,,,,,,,,,,,1.0,1.0,,,,,4092,,,,0.0,,0.0,,0.0
,,,0.1916458010673523,,0.9468085169792175,,,,,,,,,,,1.0,1.0,,,,,4093,,,,0.0,,0.0,,0.0
,,,0.171875,,1.0,,,,,,,,,,,1.0,1.0,,,,,4094,,,,0.0,,0.0,,0.0
,,,0.1302083283662796,,0.9921875,,,,,,,,,,,1.0,1.0,,,,,4095,,,,0.0,,0.0,,0.0
,,,0.1005859375,,0.9921875,,,,,,,,,,,1.0,1.0,,,,,4096,,,,0.0,,0.0,,0.0
,,,0.10826771706342697,,0.9842519760131836,,,,,,,,,,,1.0,1.0,,,,,4097,,,,0.0,,0.0,,0.0
,,,0.10546875,,0.9609375,,,,,,,,,,,1.0,1.0,,,,,4098,,,,0.0,,0.0,,0.0
,,,0.1083984375,,0.96875,,,,,,,,,,,1.0,1.0,,,,,4099,,,,0.0,,0.0,,0.0
,,,0.17624521255493164,,0.9956896305084229,,,,,,,,,,,1.0,1.0,,,,,4100,,,,0.0,,0.0,,0.0
,,,0.109375,,1.0,,,,,,,,,,,1.0,1.0,,,,,4101,,,,0.0,,0.0,,0.0
,,,0.1103515625,,1.0,,,,,,,,,,,1.0,1.0,,,,,4102,,,,0.0,,0.0,,0.0
,,,0.21167950332164764,,0.9950494766235352,,,,,,,,,,,1.0,1.0,,,,,4103,,,,0.0,,0.0,,0.0
,,,0.224609375,,0.9921875,,,,,,,,,,,1.0,1.0,,,,,4104,,,,0.0,,0.0,,0.0
,,,0.1432291716337204,,1.0,,,,,,,,,,,1.0,1.0,,,,,4105,,,,0.0,,0.0,,0.0
,,,0.21484375,,0.9895833730697632,,,,,,,,,,,1.0,1.0,,,,,4106,,,,0.0,,0.0,,0.0
,,,0.09375,,0.984375,,,,,,,,,,,1.0,1.0,,,,,4107,,,,0.0,,0.0,,0.0
,,,0.0824652761220932,,0.9765625,,,,,,,,,,,1.0,1.0,,,,,4108,,,,0.0,,0.0,,0.0
,,,0.17241141200065613,,0.9529346227645874,,,,,,,,,,,1.0,1.0,,,,,4109,,,,0.0,,0.0,,0.0
,,,0.078125,,0.9140625,,,,,,,,,,,1.0,1.0,,,,,4110,,,,0.0,,0.0,,0.0
,,,0.0729166641831398,,0.9140625,,,,,,,,,,,1.0,1.0,,,,,4111,,,,0.0,,0.0,,0.0
,,,0.22865571081638336,,0.982300877571106,,,,,,,,,,,1.0,1.0,,,,,4112,,,,0.0,,0.0,,0.0
,,,0.1536458283662796,,0.9921875,,,,,,,,,,,1.0,1.0,,,,,4113,,,,0.0,,0.0,,0.0
,,,0.23046875,,0.9921875,,,,,,,,,,,1.0,1.0,,,,,4114,,,,0.0,,0.0,,0.0
,,,0.16090908646583557,,0.9909090995788574,,,,,,,,,,,1.0,1.0,,,,,4115,,,,0.0,,0.0,,0.0
,,,0.0763888880610466,,0.984375,,,,,,,,,,,1.0,1.0,,,,,4116,,,,0.0,,0.0,,0.0
,,,0.0746527761220932,,0.984375,,,,,,,,,,,1.0,1.0,,,,,4117,,,,0.0,,0.0,,0.0
,,,0.21342593431472778,,0.9953703880310059,,,,,,,,,,,1.0,1.0,,,,,4118,,,,0.0,,0.0,,0.0
,,,0.1305803507566452,,0.9765625,,,,,,,,,,,1.0,1.0,,,,,4119,,,,0.0,,0.0,,0.0
,,,0.236328125,,1.0,,,,,,,,,,,1.0,1.0,,,,,4120,,,,0.0,,0.0,,0.0
,,,0.21455824375152588,,0.9698795080184937,,,,,,,,,,,1.0,1.0,,,,,4121,,,,0.0,,0.0,,0.0
,,,0.099609375,,0.953125,,,,,,,,,,,1.0,1.0,,,,,4122,,,,0.0,,0.0,,0.0
,,,0.0868055522441864,,0.9296875,,,,,,,,,,,1.0,1.0,,,,,4123,,,,0.0,,0.0,,0.0
,,,0.22798210382461548,,0.9215686321258545,,,,,,,,,,,1.0,1.0,,,,,4124,,,,0.0,,0.0,,0.0
,,,0.15937499701976776,,0.9921875,,,,,,,,,,,1.0,1.0,,,,,4125,,,,0.0,,0.0,,0.0
,,,0.1328125,,1.0,,,,,,,,,,,1.0,1.0,,,,,4126,,,,0.0,,0.0,,0.0
,,,0.1949058622121811,,0.9941860437393188,,,,,,,,,,,1.0,1.0,,,,,4127,,,,0.0,,0.0,,0.0
,,,0.103515625,,0.953125,,,,,,,,,,,1.0,1.0,,,,,4128,,,,0.0,,0.0,,0.0
,,,0.14453125,,0.9609375,,,,,,,,,,,1.0,1.0,,,,,4129,,,,0.0,,0.0,,0.0
,,,0.22389423847198486,,0.9896907210350037,,,,,,,,,,,1.0,1.0,,,,,4130,,,,0.0,,0.0,,0.0
,,,0.0920138880610466,,0.9921875,,,,,,,,,,,1.0,1.0,,,,,4131,,,,0.0,,0.0,,0.0
,,,0.107421875,,1.0,,,,,,,,,,,1.0,1.0,,,,,4132,,,,0.0,,0.0,,0.0
,,,0.193452388048172,,1.0,,,,,,,,,,,1.0,1.0,,,,,4133,,,,0.0,,0.0,,0.0
,,,0.21484375,,0.9921875,,,,,,,,,,,1.0,1.0,,,,,4134,,,,0.0,,0.0,,0.0
,,,0.1471354216337204,,0.9921875,,,,,,,,,,,1.0,1.0,,,,,4135,,,,0.0,,0.0,,0.0
,,,0.26793575286865234,,0.9545454978942871,,,,,,,,,,,1.0,1.0,,,,,4136,,,,0.0,,0.0,,0.0
,,,0.1171875,,0.984375,,,,,,,,,,,1.0,1.0,,,,,4137,,,,0.0,,0.0,,0.0
,,,0.08984375,,0.9765625,,,,,,,,,,,1.0,1.0,,,,,4138,,,,0.0,,0.0,,0.0
,,,0.09186352044343948,,0.9685039520263672,,,,,,,,,,,1.0,1.0,,,,,4139,,,,0.0,,0.0,,0.0
44,0.8060330152511597,0.8080393671989441,,0.9749176502227783,,,,,,,,,,,,,,186.14700317382812,13229.2958984375,5.226536750793457,291.8414611816406,9944,,,0.0,,0.0,,0.0,
44,,,,,,0.3366791009902954,,0.6031672358512878,,9.795248985290527,,,,,,,,,,,,9944,0.7072792053222656,,,,,,,
,,,,,,,,,,,,,,0.0002684169914260417,0.03,,,,,,,9949,,,,,,,,
45,,,,,,,0.32896888256073,,0.6045780181884766,,10.375,0.0002683873171918094,0.029999999329447746,,,1.0,1.0,,,,,9949,,0.7422058582305908,,,,,,
,,,,,,,,,,,,,,0.00026693179411930464,0.03,,,,,,,9999,,,,,,,,
45,,,,,,,0.33717069029808044,,0.5967154502868652,,9.46875,0.0002669020614121109,0.029999999329447746,,,1.0,1.0,,,,,9999,,0.8793633580207825,,,,,,
,,,,,,,,,,,,,,0.00026544243482544785,0.03,,,,,,,10049,,,,,,,,
45,,,,,,,0.31969258189201355,,0.5927823185920715,,10.078125,0.00026541261468082666,0.029999999329447746,,,1.0,1.0,,,,,10049,,0.7811390161514282,,,,,,
,,,,,,,,,,,,,,0.0002639490064341394,0.03,,,,,,,10099,,,,,,,,
45,,,,,,,0.33397263288497925,,0.5918123722076416,,9.40625,0.00026391909341327846,0.029999999329447746,,,1.0,1.0,,,,,10099,,0.6906192302703857,,,,,,
,,,,,,,,,,,,,,0.00026245160208883243,0.03,,,,,,,10149,,,,,,,,
45,,,,,,,0.3472069203853607,,0.5949578881263733,,9.0,0.00026242161402478814,0.029999999329447746,,,1.0,1.0,,,,,10149,,0.6225091218948364,,,,,,
,,,0.1272321492433548,,0.9921875,,,,,,,,,,,1.0,1.0,,,,,4140,,,,0.0,,0.0,,0.0
,,,0.1305803507566452,,0.9921875,,,,,,,,,,,1.0,1.0,,,,,4141,,,,0.0,,0.0,,0.0
,,,0.22249725461006165,,0.9715805053710938,,,,,,,,,,,1.0,1.0,,,,,4142,,,,0.0,,0.0,,0.0
,,,0.17499999701976776,,0.984375,,,,,,,,,,,1.0,1.0,,,,,4143,,,,0.0,,0.0,,0.0
,,,0.1205357164144516,,0.9921875,,,,,,,,,,,1.0,1.0,,,,,4144,,,,0.0,,0.0,,0.0
,,,0.25274723768234253,,0.9855769276618958,,,,,,,,,,,1.0,1.0,,,,,4145,,,,0.0,,0.0,,0.0
,,,0.0859375,,0.9921875,,,,,,,,,,,1.0,1.0,,,,,4146,,,,0.0,,0.0,,0.0
,,,0.0833333358168602,,0.9921875,,,,,,,,,,,1.0,1.0,,,,,4147,,,,0.0,,0.0,,0.0
,,,0.15977701544761658,,0.9772727489471436,,,,,,,,,,,1.0,1.0,,,,,4148,,,,0.0,,0.0,,0.0
,,,0.1875,,0.984375,,,,,,,,,,,1.0,1.0,,,,,4149,,,,0.0,,0.0,,0.0
,,,0.1536458283662796,,0.984375,,,,,,,,,,,1.0,1.0,,,,,4150,,,,0.0,,0.0,,0.0
,,,0.111328125,,1.0,,,,,,,,,,,1.0,1.0,,,,,4151,,,,0.0,,0.0,,0.0
,,,0.3888000249862671,,0.9880000352859497,,,,,,,,,,,1.0,1.0,,,,,4152,,,,0.0,,0.0,,0.0
,,,0.1497395783662796,,0.984375,,,,,,,,,,,1.0,1.0,,,,,4153,,,,0.0,,0.0,,0.0
,,,0.1272321492433548,,0.984375,,,,,,,,,,,1.0,1.0,,,,,4154,,,,0.0,,0.0,,0.0
,,,0.1814892590045929,,0.9789916276931763,,,,,,,,,,,1.0,1.0,,,,,4155,,,,0.0,,0.0,,0.0
,,,0.0703125,,0.9609375,,,,,,,,,,,1.0,1.0,,,,,4156,,,,0.0,,0.0,,0.0
,,,0.0825892835855484,,0.984375,,,,,,,,,,,1.0,1.0,,,,,4157,,,,0.0,,0.0,,0.0
,,,0.15933141112327576,,0.9410173296928406,,,,,,,,,,,1.0,1.0,,,,,4158,,,,0.0,,0.0,,0.0
,,,0.07109375298023224,,0.921875,,,,,,,,,,,1.0,1.0,,,,,4159,,,,0.0,,0.0,,0.0
,,,0.0927734375,,0.953125,,,,,,,,,,,1.0,1.0,,,,,4160,,,,0.0,,0.0,,0.0
,,,0.17418015003204346,,0.9476961493492126,,,,,,,,,,,1.0,1.0,,,,,4161,,,,0.0,,0.0,,0.0
,,,0.1471354216337204,,0.9921875,,,,,,,,,,,1.0,1.0,,,,,4162,,,,0.0,,0.0,,0.0
,,,0.109375,,1.0,,,,,,,,,,,1.0,1.0,,,,,4163,,,,0.0,,0.0,,0.0
,,,0.18396279215812683,,0.984236478805542,,,,,,,,,,,1.0,1.0,,,,,4164,,,,0.0,,0.0,,0.0
,,,0.1238839253783226,,0.984375,,,,,,,,,,,1.0,1.0,,,,,4165,,,,0.0,,0.0,,0.0
,,,0.1064453125,,0.9921875,,,,,,,,,,,1.0,1.0,,,,,4166,,,,0.0,,0.0,,0.0
,,,0.2800419330596924,,0.9811320900917053,,,,,,,,,,,1.0,1.0,,,,,4167,,,,0.0,,0.0,,0.0
,,,0.1138392835855484,,0.96875,,,,,,,,,,,1.0,1.0,,,,,4168,,,,0.0,,0.0,,0.0
,,,0.0746527761220932,,0.9375,,,,,,,,,,,1.0,1.0,,,,,4169,,,,0.0,,0.0,,0.0
,,,0.19349445402622223,,0.970588207244873,,,,,,,,,,,1.0,1.0,,,,,4170,,,,0.0,,0.0,,0.0
,,,0.1261160671710968,,0.9921875,,,,,,,,,,,1.0,1.0,,,,,4171,,,,0.0,,0.0,,0.0
,,,0.1064453125,,0.984375,,,,,,,,,,,1.0,1.0,,,,,4172,,,,0.0,,0.0,,0.0
,,,0.2554539144039154,,0.9770935773849487,,,,,,,,,,,1.0,1.0,,,,,4173,,,,0.0,,0.0,,0.0
,,,0.1205357164144516,,0.9765625,,,,,,,,,,,1.0,1.0,,,,,4174,,,,0.0,,0.0,,0.0
,,,0.14453125,,0.984375,,,,,,,,,,,1.0,1.0,,,,,4175,,,,0.0,,0.0,,0.0
,,,0.21140199899673462,,0.9679471254348755,,,,,,,,,,,1.0,1.0,,,,,4176,,,,0.0,,0.0,,0.0
,,,0.07734374701976776,,0.9921875,,,,,,,,,,,1.0,1.0,,,,,4177,,,,0.0,,0.0,,0.0
,,,0.0772569477558136,,0.9921875,,,,,,,,,,,1.0,1.0,,,,,4178,,,,0.0,,0.0,,0.0
,,,0.1590231955051422,,0.9923076629638672,,,,,,,,,,,1.0,1.0,,,,,4179,,,,0.0,,0.0,,0.0
,,,0.1549479216337204,,0.984375,,,,,,,,,,,1.0,1.0,,,,,4180,,,,0.0,,0.0,,0.0
,,,0.1283482164144516,,0.9921875,,,,,,,,,,,1.0,1.0,,,,,4181,,,,0.0,,0.0,,0.0
,,,0.2652597427368164,,0.987500011920929,,,,,,,,,,,1.0,1.0,,,,,4182,,,,0.0,,0.0,,0.0
,,,0.18593749403953552,,0.9765625,,,,,,,,,,,1.0,1.0,,,,,4183,,,,0.0,,0.0,,0.0
,,,0.1305803507566452,,0.984375,,,,,,,,,,,1.0,1.0,,,,,4184,,,,0.0,,0.0,,0.0
,,,0.20177006721496582,,0.9946808815002441,,,,,,,,,,,1.0,1.0,,,,,4185,,,,0.0,,0.0,,0.0
,,,0.0848214253783226,,0.953125,,,,,,,,,,,1.0,1.0,,,,,4186,,,,0.0,,0.0,,0.0
,,,0.0673828125,,0.9765625,,,,,,,,,,,1.0,1.0,,,,,4187,,,,0.0,,0.0,,0.0
,,,0.0926339253783226,,0.9765625,,,,,,,,,,,1.0,1.0,,,,,4188,,,,0.0,,0.0,,0.0
,,,0.08573928475379944,,0.9488189220428467,,,,,,,,,,,1.0,1.0,,,,,4189,,,,0.0,,0.0,,0.0
,,,0.0798611119389534,,0.90625,,,,,,,,,,,1.0,1.0,,,,,4190,,,,0.0,,0.0,,0.0
,,,0.07265625149011612,,0.9453125,,,,,,,,,,,1.0,1.0,,,,,4191,,,,0.0,,0.0,,0.0
,,,0.17241379618644714,,0.9080460071563721,,,,,,,,,,,1.0,1.0,,,,,4192,,,,0.0,,0.0,,0.0
,,,0.109375,,1.0,,,,,,,,,,,1.0,1.0,,,,,4193,,,,0.0,,0.0,,0.0
,,,0.125,,0.9921875,,,,,,,,,,,1.0,1.0,,,,,4194,,,,0.0,,0.0,,0.0
,,,0.21598826348781586,,0.9950494766235352,,,,,,,,,,,1.0,1.0,,,,,4195,,,,0.0,,0.0,,0.0
,,,0.1261160671710968,,0.984375,,,,,,,,,,,1.0,1.0,,,,,4196,,,,0.0,,0.0,,0.0
,,,0.1064453125,,1.0,,,,,,,,,,,1.0,1.0,,,,,4197,,,,0.0,,0.0,,0.0
,,,0.2847222089767456,,0.9791666269302368,,,,,,,,,,,1.0,1.0,,,,,4198,,,,0.0,,0.0,,0.0
,,,0.0833333358168602,,0.9453125,,,,,,,,,,,1.0,1.0,,,,,4199,,,,0.0,,0.0,,0.0
,,,0.0824652761220932,,0.96875,,,,,,,,,,,1.0,1.0,,,,,4200,,,,0.0,,0.0,,0.0
,,,0.24181300401687622,,0.9642857313156128,,,,,,,,,,,1.0,1.0,,,,,4201,,,,0.0,,0.0,,0.0
,,,0.1283482164144516,,0.96875,,,,,,,,,,,1.0,1.0,,,,,4202,,,,0.0,,0.0,,0.0
,,,0.107421875,,0.984375,,,,,,,,,,,1.0,1.0,,,,,4203,,,,0.0,,0.0,,0.0
,,,0.3699114918708801,,0.982300877571106,,,,,,,,,,,1.0,1.0,,,,,4204,,,,0.0,,0.0,,0.0
,,,0.1216517835855484,,0.9921875,,,,,,,,,,,1.0,1.0,,,,,4205,,,,0.0,,0.0,,0.0
,,,0.1471354216337204,,0.9609375,,,,,,,,,,,1.0,1.0,,,,,4206,,,,0.0,,0.0,,0.0
,,,0.179461270570755,,0.9954545497894287,,,,,,,,,,,1.0,1.0,,,,,4207,,,,0.0,,0.0,,0.0
,,,0.0850694477558136,,0.9921875,,,,,,,,,,,1.0,1.0,,,,,4208,,,,0.0,,0.0,,0.0
,,,0.0729166641831398,,1.0,,,,,,,,,,,1.0,1.0,,,,,4209,,,,0.0,,0.0,,0.0
,,,0.2168981432914734,,0.9907407760620117,,,,,,,,,,,1.0,1.0,,,,,4210,,,,0.0,,0.0,,0.0
,,,0.1294642835855484,,0.984375,,,,,,,,,,,1.0,1.0,,,,,4211,,,,0.0,,0.0,,0.0
,,,0.1497395783662796,,1.0,,,,,,,,,,,1.0,1.0,,,,,4212,,,,0.0,,0.0,,0.0
,,,0.2675846219062805,,0.9879518151283264,,,,,,,,,,,1.0,1.0,,,,,4213,,,,0.0,,0.0,,0.0
,,,0.1536458283662796,,0.984375,,,,,,,,,,,1.0,1.0,,,,,4214,,,,0.0,,0.0,,0.0
,,,0.1261160671710968,,0.984375,,,,,,,,,,,1.0,1.0,,,,,4215,,,,0.0,,0.0,,0.0
,,,0.17685255408287048,,0.9772090911865234,,,,,,,,,,,1.0,1.0,,,,,4216,,,,0.0,,0.0,,0.0
,,,0.0881696417927742,,0.9609375,,,,,,,,,,,1.0,1.0,,,,,4217,,,,0.0,,0.0,,0.0
,,,0.0712890625,,0.9765625,,,,,,,,,,,1.0,1.0,,,,,4218,,,,0.0,,0.0,,0.0
,,,0.16494402289390564,,0.9526578187942505,,,,,,,,,,,1.0,1.0,,,,,4219,,,,0.0,,0.0,,0.0
,,,0.0746527761220932,,0.8828125,,,,,,,,,,,1.0,1.0,,,,,4220,,,,0.0,,0.0,,0.0
,,,0.0824652761220932,,0.9375,,,,,,,,,,,1.0,1.0,,,,,4221,,,,0.0,,0.0,,0.0
,,,0.18771015107631683,,0.9587628841400146,,,,,,,,,,,1.0,1.0,,,,,4222,,,,0.0,,0.0,,0.0
,,,0.1205357164144516,,0.984375,,,,,,,,,,,1.0,1.0,,,,,4223,,,,0.0,,0.0,,0.0
,,,0.107421875,,1.0,,,,,,,,,,,1.0,1.0,,,,,4224,,,,0.0,,0.0,,0.0
,,,0.2254464328289032,,0.9955357313156128,,,,,,,,,,,1.0,1.0,,,,,4225,,,,0.0,,0.0,,0.0
,,,0.13671875,,0.9921875,,,,,,,,,,,1.0,1.0,,,,,4226,,,,0.0,,0.0,,0.0
,,,0.1216517835855484,,0.984375,,,,,,,,,,,1.0,1.0,,,,,4227,,,,0.0,,0.0,,0.0
,,,0.21338383853435516,,1.0,,,,,,,,,,,1.0,1.0,,,,,4228,,,,0.0,,0.0,,0.0
,,,0.1138392835855484,,0.953125,,,,,,,,,,,1.0,1.0,,,,,4229,,,,0.0,,0.0,,0.0
,,,0.0798611119389534,,0.953125,,,,,,,,,,,1.0,1.0,,,,,4230,,,,0.0,,0.0,,0.0
,,,0.08486439287662506,,0.9527559280395508,,,,,,,,,,,1.0,1.0,,,,,4231,,,,0.0,,0.0,,0.0
45,0.8120694160461426,0.8133045434951782,,0.9755172729492188,,,,,,,,,,,,,,189.81373596191406,11473.736328125,5.2460432052612305,285.0905456542969,10165,,,0.0,,0.0,,0.0,
45,,,,,,0.33242979645729065,,0.5960346460342407,,9.675727844238281,,,,,,,,,,,,10165,0.7197465300559998,,,,,,,
,,,,,,,,,,,,,,0.0002609503151809553,0.03,,,,,,,10199,,,,,,,,
46,,,,,,,0.33348536491394043,,0.5872275829315186,,9.328125,0.0002609202638268471,0.029999999329447746,,,1.0,1.0,,,,,10199,,0.8739631175994873,,,,,,
,,,,,,,,,,,,,,0.00025944523934408846,0.03,,,,,,,10249,,,,,,,,
46,,,,,,,0.32838141918182373,,0.5976847410202026,,10.015625,0.0002594151010271162,0.029999999329447746,,,1.0,1.0,,,,,10249,,0.7835929989814758,,,,,,
,,,,,,,,,,,,,,0.0002579364684481226,0.03,,,,,,,10299,,,,,,,,
46,,,,,,,0.3367406725883484,,0.5965064764022827,,9.5546875,0.0002579062420409173,0.029999999329447746,,,1.0,1.0,,,,,10299,,0.5975562334060669,,,,,,
,,,,,,,,,,,,,,0.0002564240965934056,0.03,,,,,,,10349,,,,,,,,
46,,,,,,,0.3380250334739685,,0.6107769012451172,,10.078125,0.0002563938032835722,0.029999999329447746,,,1.0,1.0,,,,,10349,,0.5667762756347656,,,,,,
,,,0.1272321492433548,,0.9921875,,,,,,,,,,,1.0,1.0,,,,,4232,,,,0.0,,0.0,,0.0
,,,0.1123046875,,1.0,,,,,,,,,,,1.0,1.0,,,,,4233,,,,0.0,,0.0,,0.0
,,,0.21167950332164764,,0.9530619382858276,,,,,,,,,,,1.0,1.0,,,,,4234,,,,0.0,,0.0,,0.0
,,,0.1283482164144516,,0.9375,,,,,,,,,,,1.0,1.0,,,,,4235,,,,0.0,,0.0,,0.0
,,,0.1083984375,,0.9453125,,,,,,,,,,,1.0,1.0,,,,,4236,,,,0.0,,0.0,,0.0
,,,0.25160256028175354,,0.9855769276618958,,,,,,,,,,,1.0,1.0,,,,,4237,,,,0.0,,0.0,,0.0
,,,0.0625,,0.9921875,,,,,,,,,,,1.0,1.0,,,,,4238,,,,0.0,,0.0,,0.0
,,,0.08984375,,1.0,,,,,,,,,,,1.0,1.0,,,,,4239,,,,0.0,,0.0,,0.0
,,,0.1550600379705429,,0.9725557565689087,,,,,,,,,,,1.0,1.0,,,,,4240,,,,0.0,,0.0,,0.0
,,,0.15234375,,0.9921875,,,,,,,,,,,1.0,1.0,,,,,4241,,,,0.0,,0.0,,0.0
,,,0.1064453125,,0.984375,,,,,,,,,,,1.0,1.0,,,,,4242,,,,0.0,,0.0,,0.0
,,,0.1183035746216774,,1.0,,,,,,,,,,,1.0,1.0,,,,,4243,,,,0.0,,0.0,,0.0
,,,0.19733333587646484,,0.9919999837875366,,,,,,,,,,,1.0,1.0,,,,,4244,,,,0.0,,0.0,,0.0
,,,0.0963541641831398,,0.984375,,,,,,,,,,,1.0,1.0,,,,,4245,,,,0.0,,0.0,,0.0
,,,0.111328125,,0.9765625,,,,,,,,,,,1.0,1.0,,,,,4246,,,,0.0,,0.0,,0.0
,,,0.20774976909160614,,1.0,,,,,,,,,,,1.0,1.0,,,,,4247,,,,0.0,,0.0,,0.0
,,,0.1236979141831398,,0.9921875,,,,,,,,,,,1.0,1.0,,,,,4248,,,,0.0,,0.0,,0.0
,,,0.1071428582072258,,0.9921875,,,,,,,,,,,1.0,1.0,,,,,4249,,,,0.0,,0.0,,0.0
,,,0.2560296654701233,,1.0,,,,,,,,,,,1.0,1.0,,,,,4250,,,,0.0,,0.0,,0.0
,,,0.1238839253783226,,0.9765625,,,,,,,,,,,1.0,1.0,,,,,4251,,,,0.0,,0.0,,0.0
,,,0.125,,0.9765625,,,,,,,,,,,1.0,1.0,,,,,4252,,,,0.0,,0.0,,0.0
,,,0.17514875531196594,,0.9612702131271362,,,,,,,,,,,1.0,1.0,,,,,4253,,,,0.0,,0.0,,0.0
,,,0.0927734375,,0.96875,,,,,,,,,,,1.0,1.0,,,,,4254,,,,0.0,,0.0,,0.0
,,,0.0928819477558136,,0.9765625,,,,,,,,,,,1.0,1.0,,,,,4255,,,,0.0,,0.0,,0.0
,,,0.16246305406093597,,0.9541871547698975,,,,,,,,,,,1.0,1.0,,,,,4256,,,,0.0,,0.0,,0.0
,,,0.17499999701976776,,0.9921875,,,,,,,,,,,1.0,1.0,,,,,4257,,,,0.0,,0.0,,0.0
,,,0.1294642835855484,,0.9921875,,,,,,,,,,,1.0,1.0,,,,,4258,,,,0.0,,0.0,,0.0
,,,0.20600628852844238,,0.9905660152435303,,,,,,,,,,,1.0,1.0,,,,,4259,,,,0.0,,0.0,,0.0
,,,0.1127232164144516,,0.9921875,,,,,,,,,,,1.0,1.0,,,,,4260,,,,0.0,,0.0,,0.0
,,,0.07734374701976776,,0.9921875,,,,,,,,,,,1.0,1.0,,,,,4261,,,,0.0,,0.0,,0.0
,,,0.2162448763847351,,0.9882352948188782,,,,,,,,,,,1.0,1.0,,,,,4262,,,,0.0,,0.0,,0.0
,,,0.1064453125,,0.984375,,,,,,,,,,,1.0,1.0,,,,,4263,,,,0.0,,0.0,,0.0
,,,0.1432291716337204,,0.9921875,,,,,,,,,,,1.0,1.0,,,,,4264,,,,0.0,,0.0,,0.0
,,,0.18976464867591858,,0.947044312953949,,,,,,,,,,,1.0,1.0,,,,,4265,,,,0.0,,0.0,,0.0
,,,0.0980902761220932,,0.9296875,,,,,,,,,,,1.0,1.0,,,,,4266,,,,0.0,,0.0,,0.0
,,,0.125,,0.96875,,,,,,,,,,,1.0,1.0,,,,,4267,,,,0.0,,0.0,,0.0
,,,0.1791350543498993,,0.9672131538391113,,,,,,,,,,,1.0,1.0,,,,,4268,,,,0.0,,0.0,,0.0
,,,0.06718750298023224,,0.9921875,,,,,,,,,,,1.0,1.0,,,,,4269,,,,0.0,,0.0,,0.0
,,,0.0729166641831398,,0.984375,,,,,,,,,,,1.0,1.0,,,,,4270,,,,0.0,,0.0,,0.0
,,,0.15738706290721893,,0.9923076629638672,,,,,,,,,,,1.0,1.0,,,,,4271,,,,0.0,,0.0,,0.0
,,,0.1484375,,0.984375,,,,,,,,,,,1.0,1.0,,,,,4272,,,,0.0,,0.0,,0.0
,,,0.1205357164144516,,1.0,,,,,,,,,,,1.0,1.0,,,,,4273,,,,0.0,,0.0,,0.0
,,,0.2538961172103882,,0.987500011920929,,,,,,,,,,,1.0,1.0,,,,,4274,,,,0.0,,0.0,,0.0
,,,0.1261160671710968,,0.984375,,,,,,,,,,,1.0,1.0,,,,,4275,,,,0.0,,0.0,,0.0
,,,0.11328125,,0.984375,,,,,,,,,,,1.0,1.0,,,,,4276,,,,0.0,,0.0,,0.0
,,,0.2353835105895996,,0.9893617033958435,,,,,,,,,,,1.0,1.0,,,,,4277,,,,0.0,,0.0,,0.0
,,,0.1104910746216774,,1.0,,,,,,,,,,,1.0,1.0,,,,,4278,,,,0.0,,0.0,,0.0
,,,0.1060267835855484,,0.984375,,,,,,,,,,,1.0,1.0,,,,,4279,,,,0.0,,0.0,,0.0
,,,0.1171875,,1.0,,,,,,,,,,,1.0,1.0,,,,,4280,,,,0.0,,0.0,,0.0
,,,0.11122047156095505,,0.9881889820098877,,,,,,,,,,,1.0,1.0,,,,,4281,,,,0.0,,0.0,,0.0
,,,0.1484375,,0.9765625,,,,,,,,,,,1.0,1.0,,,,,4282,,,,0.0,,0.0,,0.0
,,,0.10546875,,0.984375,,,,,,,,,,,1.0,1.0,,,,,4283,,,,0.0,,0.0,,0.0
,,,0.15197956562042236,,0.9410919547080994,,,,,,,,,,,1.0,1.0,,,,,4284,,,,0.0,,0.0,,0.0
,,,0.0859375,,0.9609375,,,,,,,,,,,1.0,1.0,,,,,4285,,,,0.0,,0.0,,0.0
,,,0.0928819477558136,,0.96875,,,,,,,,,,,1.0,1.0,,,,,4286,,,,0.0,,0.0,,0.0
,,,0.23275184631347656,,0.9666299819946289,,,,,,,,,,,1.0,1.0,,,,,4287,,,,0.0,,0.0,,0.0
,,,0.18281249701976776,,0.9921875,,,,,,,,,,,1.0,1.0,,,,,4288,,,,0.0,,0.0,,0.0
,,,0.1261160671710968,,0.9921875,,,,,,,,,,,1.0,1.0,,,,,4289,,,,0.0,,0.0,,0.0
,,,0.2395833283662796,,0.9895833730697632,,,,,,,,,,,1.0,1.0,,,,,4290,,,,0.0,,0.0,,0.0
,,,0.0876736119389534,,0.9921875,,,,,,,,,,,1.0,1.0,,,,,4291,,,,0.0,,0.0,,0.0
,,,0.0876736119389534,,0.984375,,,,,,,,,,,1.0,1.0,,,,,4292,,,,0.0,,0.0,,0.0
,,,0.2901439666748047,,0.9941860437393188,,,,,,,,,,,1.0,1.0,,,,,4293,,,,0.0,,0.0,,0.0
,,,0.0972222238779068,,0.9921875,,,,,,,,,,,1.0,1.0,,,,,4294,,,,0.0,,0.0,,0.0
,,,0.17031249403953552,,0.9765625,,,,,,,,,,,1.0,1.0,,,,,4295,,,,0.0,,0.0,,0.0
,,,0.2546986937522888,,0.9601770043373108,,,,,,,,,,,1.0,1.0,,,,,4296,,,,0.0,,0.0,,0.0
,,,0.0963541641831398,,0.9375,,,,,,,,,,,1.0,1.0,,,,,4297,,,,0.0,,0.0,,0.0
,,,0.1497395783662796,,0.9609375,,,,,,,,,,,1.0,1.0,,,,,4298,,,,0.0,,0.0,,0.0
,,,0.1509539783000946,,0.9722222089767456,,,,,,,,,,,1.0,1.0,,,,,4299,,,,0.0,,0.0,,0.0
,,,0.06640625,,0.9921875,,,,,,,,,,,1.0,1.0,,,,,4300,,,,0.0,,0.0,,0.0
,,,0.0625,,0.984375,,,,,,,,,,,1.0,1.0,,,,,4301,,,,0.0,,0.0,,0.0
,,,0.15574073791503906,,0.9907407760620117,,,,,,,,,,,1.0,1.0,,,,,4302,,,,0.0,,0.0,,0.0
,,,0.125,,0.9921875,,,,,,,,,,,1.0,1.0,,,,,4303,,,,0.0,,0.0,,0.0
,,,0.171875,,1.0,,,,,,,,,,,1.0,1.0,,,,,4304,,,,0.0,,0.0,,0.0
,,,0.24826925992965698,,0.9939758777618408,,,,,,,,,,,1.0,1.0,,,,,4305,,,,0.0,,0.0,,0.0
,,,0.1510416716337204,,0.984375,,,,,,,,,,,1.0,1.0,,,,,4306,,,,0.0,,0.0,,0.0
,,,0.111328125,,0.9765625,,,,,,,,,,,1.0,1.0,,,,,4307,,,,0.0,,0.0,,0.0
,,,0.20037561655044556,,0.9901961088180542,,,,,,,,,,,1.0,1.0,,,,,4308,,,,0.0,,0.0,,0.0
,,,0.1104910746216774,,0.9921875,,,,,,,,,,,1.0,1.0,,,,,4309,,,,0.0,,0.0,,0.0
,,,0.1104910746216774,,0.9921875,,,,,,,,,,,1.0,1.0,,,,,4310,,,,0.0,,0.0,,0.0
,,,0.22224529087543488,,1.0,,,,,,,,,,,1.0,1.0,,,,,4311,,,,0.0,,0.0,,0.0
,,,0.10546875,,0.9765625,,,,,,,,,,,1.0,1.0,,,,,4312,,,,0.0,,0.0,,0.0
,,,0.1261160671710968,,0.9765625,,,,,,,,,,,1.0,1.0,,,,,4313,,,,0.0,,0.0,,0.0
,,,0.1921442598104477,,0.9845360517501831,,,,,,,,,,,1.0,1.0,,,,,4314,,,,0.0,,0.0,,0.0
,,,0.07421875,,0.9609375,,,,,,,,,,,1.0,1.0,,,,,4315,,,,0.0,,0.0,,0.0
,,,0.07890625298023224,,0.984375,,,,,,,,,,,1.0,1.0,,,,,4316,,,,0.0,,0.0,,0.0
,,,0.17142856121063232,,0.9776785373687744,,,,,,,,,,,1.0,1.0,,,,,4317,,,,0.0,,0.0,,0.0
,,,0.212890625,,0.9765625,,,,,,,,,,,1.0,1.0,,,,,4318,,,,0.0,,0.0,,0.0
,,,0.1283482164144516,,0.984375,,,,,,,,,,,1.0,1.0,,,,,4319,,,,0.0,,0.0,,0.0
,,,0.25563326478004456,,1.0,,,,,,,,,,,1.0,1.0,,,,,4320,,,,0.0,,0.0,,0.0
,,,0.1127232164144516,,0.984375,,,,,,,,,,,1.0,1.0,,,,,4321,,,,0.0,,0.0,,0.0
,,,0.07968749850988388,,0.9921875,,,,,,,,,,,1.0,1.0,,,,,4322,,,,0.0,,0.0,,0.0
,,,0.10236220806837082,,0.9842519760131836,,,,,,,,,,,1.0,1.0,,,,,4323,,,,0.0,,0.0,,0.0
46,0.8068336844444275,0.8266621828079224,,0.9814050197601318,,,,,,,,,,,,,,192.9503936767578,12157.78125,5.262433052062988,289.23358154296875,10386,,,0.0,,0.0,,0.0,
46,,,,,,0.32781198620796204,,0.5905695557594299,,9.65734577178955,,,,,,,,,,,,10386,0.7144333720207214,,,,,,,
,,,,,,,,,,,,,,0.000254908218104873,0.03,,,,,,,10399,,,,,,,,
47,,,,,,,0.3104759454727173,,0.5723394751548767,,9.59375,0.0002548778720665723,0.029999999329447746,,,1.0,1.0,,,,,10399,,0.7423609495162964,,,,,,
,,,,,,,,,,,,,,0.0002533889275261653,0.03,,,,,,,10449,,,,,,,,
47,,,,,,,0.3166157603263855,,0.5980151891708374,,10.5703125,0.0002533585065975785,0.029999999329447746,,,1.0,1.0,,,,,10449,,0.5486737489700317,,,,,,
,,,,,,,,,,,,,,0.000251866319613731,0.03,,,,,,,10499,,,,,,,,
47,,,,,,,0.35302862524986267,,0.6069936752319336,,9.296875,0.0002518358232919127,0.029999999329447746,,,1.0,1.0,,,,,10499,,0.7252344489097595,,,,,,
,,,,,,,,,,,,,,0.00025034048933091687,0.03,,,,,,,10549,,,,,,,,
47,,,,,,,0.30525368452072144,,0.5753078460693359,,10.2421875,0.0002503099385648966,0.029999999329447746,,,1.0,1.0,,,,,10549,,0.5743682980537415,,,,,,
,,,,,,,,,,,,,,0.00024881153184204576,0.03,,,,,,,10599,,,,,,,,
47,,,,,,,0.333490788936615,,0.581734299659729,,9.03125,0.00024878091062419116,0.029999999329447746,,,1.0,1.0,,,,,10599,,0.9829230904579163,,,,,,
,,,0.111328125,,1.0,,,,,,,,,,,1.0,1.0,,,,,4324,,,,0.0,,0.0,,0.0
,,,0.1238839253783226,,1.0,,,,,,,,,,,1.0,1.0,,,,,4325,,,,0.0,,0.0,,0.0
,,,0.23804284632205963,,0.9765310287475586,,,,,,,,,,,1.0,1.0,,,,,4326,,,,0.0,,0.0,,0.0
,,,0.1458333283662796,,0.953125,,,,,,,,,,,1.0,1.0,,,,,4327,,,,0.0,,0.0,,0.0
,,,0.17031249403953552,,0.9765625,,,,,,,,,,,1.0,1.0,,,,,4328,,,,0.0,,0.0,,0.0
,,,0.17236466705799103,,0.9695512652397156,,,,,,,,,,,1.0,1.0,,,,,4329,,,,0.0,,0.0,,0.0
,,,0.0711805522441864,,0.9765625,,,,,,,,,,,1.0,1.0,,,,,4330,,,,0.0,,0.0,,0.0
,,,0.06484375149011612,,0.984375,,,,,,,,,,,1.0,1.0,,,,,4331,,,,0.0,,0.0,,0.0
,,,0.18258051574230194,,0.9764150977134705,,,,,,,,,,,1.0,1.0,,,,,4332,,,,0.0,,0.0,,0.0
,,,0.18593749403953552,,0.984375,,,,,,,,,,,1.0,1.0,,,,,4333,,,,0.0,,0.0,,0.0
,,,0.1294642835855484,,0.9765625,,,,,,,,,,,1.0,1.0,,,,,4334,,,,0.0,,0.0,,0.0
,,,0.1471354216337204,,1.0,,,,,,,,,,,1.0,1.0,,,,,4335,,,,0.0,,0.0,,0.0
,,,0.16740740835666656,,0.8173333406448364,,,,,,,,,,,1.0,1.0,,,,,4336,,,,0.0,,0.0,,0.0
,,,0.1194196417927742,,0.9765625,,,,,,,,,,,1.0,1.0,,,,,4337,,,,0.0,,0.0,,0.0
,,,0.107421875,,0.9609375,,,,,,,,,,,1.0,1.0,,,,,4338,,,,0.0,,0.0,,0.0
,,,0.20669934153556824,,0.9402427673339844,,,,,,,,,,,1.0,1.0,,,,,4339,,,,0.0,,0.0,,0.0
,,,0.109375,,0.9921875,,,,,,,,,,,1.0,1.0,,,,,4340,,,,0.0,,0.0,,0.0
,,,0.15937499701976776,,1.0,,,,,,,,,,,1.0,1.0,,,,,4341,,,,0.0,,0.0,,0.0
,,,0.2889610528945923,,1.0,,,,,,,,,,,1.0,1.0,,,,,4342,,,,0.0,,0.0,,0.0
,,,0.125,,0.984375,,,,,,,,,,,1.0,1.0,,,,,4343,,,,0.0,,0.0,,0.0
,,,0.1484375,,0.9921875,,,,,,,,,,,1.0,1.0,,,,,4344,,,,0.0,,0.0,,0.0
,,,0.18475162982940674,,0.9909090995788574,,,,,,,,,,,1.0,1.0,,,,,4345,,,,0.0,,0.0,,0.0
,,,0.1044921875,,0.9375,,,,,,,,,,,1.0,1.0,,,,,4346,,,,0.0,,0.0,,0.0
,,,0.1272321492433548,,0.984375,,,,,,,,,,,1.0,1.0,,,,,4347,,,,0.0,,0.0,,0.0
,,,0.1903667151927948,,0.9756157398223877,,,,,,,,,,,1.0,1.0,,,,,4348,,,,0.0,,0.0,,0.0
,,,0.17656250298023224,,0.984375,,,,,,,,,,,1.0,1.0,,,,,4349,,,,0.0,,0.0,,0.0
,,,0.1142578125,,0.9921875,,,,,,,,,,,1.0,1.0,,,,,4350,,,,0.0,,0.0,,0.0
,,,0.1500377357006073,,0.946163535118103,,,,,,,,,,,1.0,1.0,,,,,4351,,,,0.0,,0.0,,0.0
,,,0.1049107164144516,,0.9375,,,,,,,,,,,1.0,1.0,,,,,4352,,,,0.0,,0.0,,0.0
,,,0.06093750149011612,,0.90625,,,,,,,,,,,1.0,1.0,,,,,4353,,,,0.0,,0.0,,0.0
,,,0.15543091297149658,,0.9529411792755127,,,,,,,,,,,1.0,1.0,,,,,4354,,,,0.0,,0.0,,0.0
,,,0.109375,,0.9921875,,,,,,,,,,,1.0,1.0,,,,,4355,,,,0.0,,0.0,,0.0
,,,0.1044921875,,1.0,,,,,,,,,,,1.0,1.0,,,,,4356,,,,0.0,,0.0,,0.0
,,,0.25095003843307495,,0.9684728980064392,,,,,,,,,,,1.0,1.0,,,,,4357,,,,0.0,,0.0,,0.0
,,,0.1419270783662796,,0.9453125,,,,,,,,,,,1.0,1.0,,,,,4358,,,,0.0,,0.0,,0.0
,,,0.212890625,,0.984375,,,,,,,,,,,1.0,1.0,,,,,4359,,,,0.0,,0.0,,0.0
,,,0.14658673107624054,,0.9612184762954712,,,,,,,,,,,1.0,1.0,,,,,4360,,,,0.0,,0.0,,0.0
,,,0.06328125298023224,,0.9921875,,,,,,,,,,,1.0,1.0,,,,,4361,,,,0.0,,0.0,,0.0
,,,0.06953124701976776,,0.96875,,,,,,,,,,,1.0,1.0,,,,,4362,,,,0.0,,0.0,,0.0
,,,0.17487451434135437,,0.9764347076416016,,,,,,,,,,,1.0,1.0,,,,,4363,,,,0.0,,0.0,,0.0
,,,0.1549479216337204,,0.984375,,,,,,,,,,,1.0,1.0,,,,,4364,,,,0.0,,0.0,,0.0
,,,0.1294642835855484,,0.9921875,,,,,,,,,,,1.0,1.0,,,,,4365,,,,0.0,,0.0,,0.0
,,,0.22159090638160706,,0.9761363863945007,,,,,,,,,,,1.0,1.0,,,,,4366,,,,0.0,,0.0,,0.0
,,,0.0920138880610466,,0.9609375,,,,,,,,,,,1.0,1.0,,,,,4367,,,,0.0,,0.0,,0.0
,,,0.1432291716337204,,0.96875,,,,,,,,,,,1.0,1.0,,,,,4368,,,,0.0,,0.0,,0.0
,,,0.21133559942245483,,0.978723406791687,,,,,,,,,,,1.0,1.0,,,,,4369,,,,0.0,,0.0,,0.0
,,,0.1393229216337204,,0.9921875,,,,,,,,,,,1.0,1.0,,,,,4370,,,,0.0,,0.0,,0.0
,,,0.1082589253783226,,1.0,,,,,,,,,,,1.0,1.0,,,,,4371,,,,0.0,,0.0,,0.0
,,,0.1380208283662796,,1.0,,,,,,,,,,,1.0,1.0,,,,,4372,,,,0.0,,0.0,,0.0
,,,0.12373453378677368,,0.9921259880065918,,,,,,,,,,,1.0,1.0,,,,,4373,,,,0.0,,0.0,,0.0
,,,0.125,,1.0,,,,,,,,,,,1.0,1.0,,,,,4374,,,,0.0,,0.0,,0.0
,,,0.1458333283662796,,0.984375,,,,,,,,,,,1.0,1.0,,,,,4375,,,,0.0,,0.0,,0.0
,,,0.16698595881462097,,0.9870689511299133,,,,,,,,,,,1.0,1.0,,,,,4376,,,,0.0,,0.0,,0.0
,,,0.0946180522441864,,0.9453125,,,,,,,,,,,1.0,1.0,,,,,4377,,,,0.0,,0.0,,0.0
,,,0.1123046875,,0.9921875,,,,,,,,,,,1.0,1.0,,,,,4378,,,,0.0,,0.0,,0.0
,,,0.21167950332164764,,0.9715805053710938,,,,,,,,,,,1.0,1.0,,,,,4379,,,,0.0,,0.0,,0.0
,,,0.18281249701976776,,1.0,,,,,,,,,,,1.0,1.0,,,,,4380,,,,0.0,,0.0,,0.0
,,,0.1103515625,,0.9921875,,,,,,,,,,,1.0,1.0,,,,,4381,,,,0.0,,0.0,,0.0
,,,0.1666666567325592,,0.9635416269302368,,,,,,,,,,,1.0,1.0,,,,,4382,,,,0.0,,0.0,,0.0
,,,0.0755208358168602,,0.9296875,,,,,,,,,,,1.0,1.0,,,,,4383,,,,0.0,,0.0,,0.0
,,,0.06640625,,0.9296875,,,,,,,,,,,1.0,1.0,,,,,4384,,,,0.0,,0.0,,0.0
,,,0.21982282400131226,,0.9465669989585876,,,,,,,,,,,1.0,1.0,,,,,4385,,,,0.0,,0.0,,0.0
,,,0.1103515625,,1.0,,,,,,,,,,,1.0,1.0,,,,,4386,,,,0.0,,0.0,,0.0
,,,0.1419270783662796,,0.984375,,,,,,,,,,,1.0,1.0,,,,,4387,,,,0.0,,0.0,,0.0
,,,0.36637169122695923,,0.9734513163566589,,,,,,,,,,,1.0,1.0,,,,,4388,,,,0.0,,0.0,,0.0
,,,0.1419270783662796,,0.9765625,,,,,,,,,,,1.0,1.0,,,,,4389,,,,0.0,,0.0,,0.0
,,,0.17343750596046448,,0.9765625,,,,,,,,,,,1.0,1.0,,,,,4390,,,,0.0,,0.0,,0.0
,,,0.14606060087680817,,0.9863636493682861,,,,,,,,,,,1.0,1.0,,,,,4391,,,,0.0,,0.0,,0.0
,,,0.06640625,,0.9765625,,,,,,,,,,,1.0,1.0,,,,,4392,,,,0.0,,0.0,,0.0
,,,0.0859375,,0.96875,,,,,,,,,,,1.0,1.0,,,,,4393,,,,0.0,,0.0,,0.0
,,,0.19583332538604736,,0.9907407760620117,,,,,,,,,,,1.0,1.0,,,,,4394,,,,0.0,,0.0,,0.0
,,,0.1339285671710968,,0.984375,,,,,,,,,,,1.0,1.0,,,,,4395,,,,0.0,,0.0,,0.0
,,,0.17343750596046448,,1.0,,,,,,,,,,,1.0,1.0,,,,,4396,,,,0.0,,0.0,,0.0
,,,0.22660642862319946,,0.9879518151283264,,,,,,,,,,,1.0,1.0,,,,,4397,,,,0.0,,0.0,,0.0
,,,0.103515625,,0.9609375,,,,,,,,,,,1.0,1.0,,,,,4398,,,,0.0,,0.0,,0.0
,,,0.14453125,,0.9609375,,,,,,,,,,,1.0,1.0,,,,,4399,,,,0.0,,0.0,,0.0
,,,0.22339844703674316,,0.9901961088180542,,,,,,,,,,,1.0,1.0,,,,,4400,,,,0.0,,0.0,,0.0
,,,0.1341145783662796,,0.9921875,,,,,,,,,,,1.0,1.0,,,,,4401,,,,0.0,,0.0,,0.0
,,,0.1071428582072258,,1.0,,,,,,,,,,,1.0,1.0,,,,,4402,,,,0.0,,0.0,,0.0
,,,0.25889891386032104,,0.9941860437393188,,,,,,,,,,,1.0,1.0,,,,,4403,,,,0.0,,0.0,,0.0
,,,0.1160714253783226,,0.984375,,,,,,,,,,,1.0,1.0,,,,,4404,,,,0.0,,0.0,,0.0
,,,0.15234375,,0.9921875,,,,,,,,,,,1.0,1.0,,,,,4405,,,,0.0,,0.0,,0.0
,,,0.21325241029262543,,0.9948453903198242,,,,,,,,,,,1.0,1.0,,,,,4406,,,,0.0,,0.0,,0.0
,,,0.103515625,,0.9765625,,,,,,,,,,,1.0,1.0,,,,,4407,,,,0.0,,0.0,,0.0
,,,0.0954861119389534,,0.9609375,,,,,,,,,,,1.0,1.0,,,,,4408,,,,0.0,,0.0,,0.0
,,,0.2310267835855484,,0.9910714626312256,,,,,,,,,,,1.0,1.0,,,,,4409,,,,0.0,,0.0,,0.0
,,,0.17343750596046448,,0.9765625,,,,,,,,,,,1.0,1.0,,,,,4410,,,,0.0,,0.0,,0.0
,,,0.1305803507566452,,1.0,,,,,,,,,,,1.0,1.0,,,,,4411,,,,0.0,,0.0,,0.0
,,,0.16662350296974182,,0.9502719640731812,,,,,,,,,,,1.0,1.0,,,,,4412,,,,0.0,,0.0,,0.0
,,,0.0815972238779068,,0.9296875,,,,,,,,,,,1.0,1.0,,,,,4413,,,,0.0,,0.0,,0.0
,,,0.0711805522441864,,0.90625,,,,,,,,,,,1.0,1.0,,,,,4414,,,,0.0,,0.0,,0.0
,,,0.06929133832454681,,0.9370078444480896,,,,,,,,,,,1.0,1.0,,,,,4415,,,,0.0,,0.0,,0.0
47,0.8128231167793274,0.8221805095672607,,0.9756949543952942,,,,,,,,,,,,,,195.876708984375,10891.0244140625,5.277485370635986,282.2381896972656,10607,,,0.0,,0.0,,0.0,
47,,,,,,0.3240775465965271,,0.5854600667953491,,9.62302017211914,,,,,,,,,,,,10607,0.7005857825279236,,,,,,,
,,,,,,,,,,,,,,0.0002472795425064805,0.03,,,,,,,10649,,,,,,,,
48,,,,,,,0.3190707564353943,,0.5826041102409363,,9.7265625,0.0002472488849889487,0.029999999329447746,,,1.0,1.0,,,,,10649,,0.43991100788116455,,,,,,
,,,,,,,,,,,,,,0.0002457446168726769,0.03,,,,,,,10699,,,,,,,,
48,,,,,,,0.3136187195777893,,0.5657379031181335,,9.2421875,0.00024571389076299965,0.029999999329447746,,,1.0,1.0,,,,,10699,,0.6757878065109253,,,,,,
,,,,,,,,,,,,,,0.0002442068506722246,0.03,,,,,,,10749,,,,,,,,
48,,,,,,,0.31045612692832947,,0.5746394395828247,,9.8515625,0.0002441760734654963,0.029999999329447746,,,1.0,1.0,,,,,10749,,0.6578330993652344,,,,,,
,,,,,,,,,,,,,,0.00024266633981387593,0.03,,,,,,,10799,,,,,,,,
48,,,,,,,0.32559359073638916,,0.5799352526664734,,9.3984375,0.0002426355058560148,0.029999999329447746,,,1.0,1.0,,,,,10799,,0.5043472051620483,,,,,,
,,,0.1103515625,,0.984375,,,,,,,,,,,1.0,1.0,,,,,4416,,,,0.0,,0.0,,0.0
,,,0.15234375,,0.9921875,,,,,,,,,,,1.0,1.0,,,,,4417,,,,0.0,,0.0,,0.0
,,,0.19035977125167847,,0.9666299819946289,,,,,,,,,,,1.0,1.0,,,,,4418,,,,0.0,,0.0,,0.0
,,,0.1484375,,0.984375,,,,,,,,,,,1.0,1.0,,,,,4419,,,,0.0,,0.0,,0.0
,,,0.1497395783662796,,0.9765625,,,,,,,,,,,1.0,1.0,,,,,4420,,,,0.0,,0.0,,0.0
,,,0.24358974397182465,,0.9855769276618958,,,,,,,,,,,1.0,1.0,,,,,4421,,,,0.0,,0.0,,0.0
,,,0.08046875149011612,,0.9765625,,,,,,,,,,,1.0,1.0,,,,,4422,,,,0.0,,0.0,,0.0
,,,0.0876736119389534,,0.9921875,,,,,,,,,,,1.0,1.0,,,,,4423,,,,0.0,,0.0,,0.0
,,,0.15180101990699768,,0.9772727489471436,,,,,,,,,,,1.0,1.0,,,,,4424,,,,0.0,,0.0,,0.0
,,,0.1536458283662796,,0.9921875,,,,,,,,,,,1.0,1.0,,,,,4425,,,,0.0,,0.0,,0.0
,,,0.11328125,,0.984375,,,,,,,,,,,1.0,1.0,,,,,4426,,,,0.0,,0.0,,0.0
,,,0.1216517835855484,,0.9921875,,,,,,,,,,,1.0,1.0,,,,,4427,,,,0.0,,0.0,,0.0
,,,0.40066665410995483,,0.9919999837875366,,,,,,,,,,,1.0,1.0,,,,,4428,,,,0.0,,0.0,,0.0
,,,0.19062499701976776,,0.9921875,,,,,,,,,,,1.0,1.0,,,,,4429,,,,0.0,,0.0,,0.0
,,,0.1471354216337204,,1.0,,,,,,,,,,,1.0,1.0,,,,,4430,,,,0.0,,0.0,,0.0
,,,0.19514472782611847,,0.9831932783126831,,,,,,,,,,,1.0,1.0,,,,,4431,,,,0.0,,0.0,,0.0
,,,0.0982142835855484,,0.9921875,,,,,,,,,,,1.0,1.0,,,,,4432,,,,0.0,,0.0,,0.0
,,,0.0982142835855484,,0.9765625,,,,,,,,,,,1.0,1.0,,,,,4433,,,,0.0,,0.0,,0.0
,,,0.19954004883766174,,0.9767315983772278,,,,,,,,,,,1.0,1.0,,,,,4434,,,,0.0,,0.0,,0.0
,,,0.0966796875,,0.96875,,,,,,,,,,,1.0,1.0,,,,,4435,,,,0.0,,0.0,,0.0
,,,0.1025390625,,0.96875,,,,,,,,,,,1.0,1.0,,,,,4436,,,,0.0,,0.0,,0.0
,,,0.17365434765815735,,0.9818181991577148,,,,,,,,,,,1.0,1.0,,,,,4437,,,,0.0,,0.0,,0.0
,,,0.1171875,,0.984375,,,,,,,,,,,1.0,1.0,,,,,4438,,,,0.0,,0.0,,0.0
,,,0.1227678582072258,,0.9765625,,,,,,,,,,,1.0,1.0,,,,,4439,,,,0.0,,0.0,,0.0
,,,0.18812260031700134,,0.9741379022598267,,,,,,,,,,,1.0,1.0,,,,,4440,,,,0.0,,0.0,,0.0
,,,0.1127232164144516,,0.9609375,,,,,,,,,,,1.0,1.0,,,,,4441,,,,0.0,,0.0,,0.0
,,,0.1194196417927742,,0.9609375,,,,,,,,,,,1.0,1.0,,,,,4442,,,,0.0,,0.0,,0.0
,,,0.1622641533613205,,0.946163535118103,,,,,,,,,,,1.0,1.0,,,,,4443,,,,0.0,,0.0,,0.0
,,,0.09765625,,0.9765625,,,,,,,,,,,1.0,1.0,,,,,4444,,,,0.0,,0.0,,0.0
,,,0.078125,,0.9375,,,,,,,,,,,1.0,1.0,,,,,4445,,,,0.0,,0.0,,0.0
,,,0.19349445402622223,,0.9764705896377563,,,,,,,,,,,1.0,1.0,,,,,4446,,,,0.0,,0.0,,0.0
,,,0.1083984375,,0.984375,,,,,,,,,,,1.0,1.0,,,,,4447,,,,0.0,,0.0,,0.0
,,,0.1064453125,,0.984375,,,,,,,,,,,1.0,1.0,,,,,4448,,,,0.0,,0.0,,0.0
,,,0.25299084186553955,,0.9756157398223877,,,,,,,,,,,1.0,1.0,,,,,4449,,,,0.0,,0.0,,0.0
,,,0.125,,0.9765625,,,,,,,,,,,1.0,1.0,,,,,4450,,,,0.0,,0.0,,0.0
,,,0.23046875,,0.984375,,,,,,,,,,,1.0,1.0,,,,,4451,,,,0.0,,0.0,,0.0
,,,0.19139274954795837,,0.9679471254348755,,,,,,,,,,,1.0,1.0,,,,,4452,,,,0.0,,0.0,,0.0
,,,0.0859375,,0.984375,,,,,,,,,,,1.0,1.0,,,,,4453,,,,0.0,,0.0,,0.0
,,,0.0885416641831398,,1.0,,,,,,,,,,,1.0,1.0,,,,,4454,,,,0.0,,0.0,,0.0
,,,0.15599513053894043,,0.9923076629638672,,,,,,,,,,,1.0,1.0,,,,,4455,,,,0.0,,0.0,,0.0
,,,0.1536458283662796,,0.9921875,,,,,,,,,,,1.0,1.0,,,,,4456,,,,0.0,,0.0,,0.0
,,,0.11328125,,0.9921875,,,,,,,,,,,1.0,1.0,,,,,4457,,,,0.0,,0.0,,0.0
,,,0.2232954502105713,,0.9818181991577148,,,,,,,,,,,1.0,1.0,,,,,4458,,,,0.0,,0.0,,0.0
,,,0.1875,,0.9921875,,,,,,,,,,,1.0,1.0,,,,,4459,,,,0.0,,0.0,,0.0
,,,0.18437500298023224,,0.9921875,,,,,,,,,,,1.0,1.0,,,,,4460,,,,0.0,,0.0,,0.0
,,,0.21473270654678345,,0.9852941036224365,,,,,,,,,,,1.0,1.0,,,,,4461,,,,0.0,,0.0,,0.0
,,,0.1026785746216774,,0.9609375,,,,,,,,,,,1.0,1.0,,,,,4462,,,,0.0,,0.0,,0.0
,,,0.0869140625,,0.9921875,,,,,,,,,,,1.0,1.0,,,,,4463,,,,0.0,,0.0,,0.0
,,,0.08984375,,0.9765625,,,,,,,,,,,1.0,1.0,,,,,4464,,,,0.0,,0.0,,0.0
,,,0.10236220806837082,,0.9803149700164795,,,,,,,,,,,1.0,1.0,,,,,4465,,,,0.0,,0.0,,0.0
,,,0.1341145783662796,,0.96875,,,,,,,,,,,1.0,1.0,,,,,4466,,,,0.0,,0.0,,0.0
,,,0.1116071417927742,,0.96875,,,,,,,,,,,1.0,1.0,,,,,4467,,,,0.0,,0.0,,0.0
,,,0.1670258641242981,,0.954023003578186,,,,,,,,,,,1.0,1.0,,,,,4468,,,,0.0,,0.0,,0.0
,,,0.0911458358168602,,0.96875,,,,,,,,,,,1.0,1.0,,,,,4469,,,,0.0,,0.0,,0.0
,,,0.1261160671710968,,0.9921875,,,,,,,,,,,1.0,1.0,,,,,4470,,,,0.0,,0.0,,0.0
,,,0.21507149934768677,,0.9801980257034302,,,,,,,,,,,1.0,1.0,,,,,4471,,,,0.0,,0.0,,0.0
,,,0.1183035746216774,,0.96875,,,,,,,,,,,1.0,1.0,,,,,4472,,,,0.0,,0.0,,0.0
,,,0.1104910746216774,,0.96875,,,,,,,,,,,1.0,1.0,,,,,4473,,,,0.0,,0.0,,0.0
,,,0.17592592537403107,,0.9583333730697632,,,,,,,,,,,1.0,1.0,,,,,4474,,,,0.0,,0.0,,0.0
,,,0.07109375298023224,,0.9609375,,,,,,,,,,,1.0,1.0,,,,,4475,,,,0.0,,0.0,,0.0
,,,0.07500000298023224,,0.9609375,,,,,,,,,,,1.0,1.0,,,,,4476,,,,0.0,,0.0,,0.0
,,,0.24695459008216858,,0.976190447807312,,,,,,,,,,,1.0,1.0,,,,,4477,,,,0.0,,0.0,,0.0
,,,0.1283482164144516,,0.9765625,,,,,,,,,,,1.0,1.0,,,,,4478,,,,0.0,,0.0,,0.0
,,,0.1064453125,,0.9765625,,,,,,,,,,,1.0,1.0,,,,,4479,,,,0.0,,0.0,,0.0
,,,0.25596290826797485,,0.991150438785553,,,,,,,,,,,1.0,1.0,,,,,4480,,,,0.0,,0.0,,0.0
,,,0.1294642835855484,,0.9765625,,,,,,,,,,,1.0,1.0,,,,,4481,,,,0.0,,0.0,,0.0
,,,0.18593749403953552,,0.96875,,,,,,,,,,,1.0,1.0,,,,,4482,,,,0.0,,0.0,,0.0
,,,0.16606059670448303,,0.9954545497894287,,,,,,,,,,,1.0,1.0,,,,,4483,,,,0.0,,0.0,,0.0
,,,0.0842013880610466,,0.984375,,,,,,,,,,,1.0,1.0,,,,,4484,,,,0.0,,0.0,,0.0
,,,0.0807291641831398,,0.9921875,,,,,,,,,,,1.0,1.0,,,,,4485,,,,0.0,,0.0,,0.0
,,,0.19320988655090332,,0.9907407760620117,,,,,,,,,,,1.0,1.0,,,,,4486,,,,0.0,,0.0,,0.0
,,,0.1316964328289032,,0.984375,,,,,,,,,,,1.0,1.0,,,,,4487,,,,0.0,,0.0,,0.0
,,,0.125,,1.0,,,,,,,,,,,1.0,1.0,,,,,4488,,,,0.0,,0.0,,0.0
,,,0.3064703345298767,,0.9828647971153259,,,,,,,,,,,1.0,1.0,,,,,4489,,,,0.0,,0.0,,0.0
,,,0.1875,,0.9921875,,,,,,,,,,,1.0,1.0,,,,,4490,,,,0.0,,0.0,,0.0
,,,0.18437500298023224,,0.9921875,,,,,,,,,,,1.0,1.0,,,,,4491,,,,0.0,,0.0,,0.0
,,,0.22438067197799683,,0.9870129823684692,,,,,,,,,,,1.0,1.0,,,,,4492,,,,0.0,,0.0,,0.0
,,,0.1026785746216774,,0.96875,,,,,,,,,,,1.0,1.0,,,,,4493,,,,0.0,,0.0,,0.0
,,,0.087890625,,0.9921875,,,,,,,,,,,1.0,1.0,,,,,4494,,,,0.0,,0.0,,0.0
,,,0.1987818330526352,,0.9764673113822937,,,,,,,,,,,1.0,1.0,,,,,4495,,,,0.0,,0.0,,0.0
,,,0.1082589253783226,,0.9609375,,,,,,,,,,,1.0,1.0,,,,,4496,,,,0.0,,0.0,,0.0
,,,0.13671875,,0.9609375,,,,,,,,,,,1.0,1.0,,,,,4497,,,,0.0,,0.0,,0.0
,,,0.19343751668930054,,0.9793814420700073,,,,,,,,,,,1.0,1.0,,,,,4498,,,,0.0,,0.0,,0.0
,,,0.1015625,,0.9921875,,,,,,,,,,,1.0,1.0,,,,,4499,,,,0.0,,0.0,,0.0
,,,0.0920138880610466,,0.9609375,,,,,,,,,,,1.0,1.0,,,,,4500,,,,0.0,,0.0,,0.0
,,,0.204365074634552,,0.9955357313156128,,,,,,,,,,,1.0,1.0,,,,,4501,,,,0.0,,0.0,,0.0
,,,0.1341145783662796,,0.9609375,,,,,,,,,,,1.0,1.0,,,,,4502,,,,0.0,,0.0,,0.0
,,,0.1380208283662796,,0.9765625,,,,,,,,,,,1.0,1.0,,,,,4503,,,,0.0,,0.0,,0.0
,,,0.1422688364982605,,0.9829059839248657,,,,,,,,,,,1.0,1.0,,,,,4504,,,,0.0,,0.0,,0.0
,,,0.0966796875,,0.96875,,,,,,,,,,,1.0,1.0,,,,,4505,,,,0.0,,0.0,,0.0
,,,0.07109375298023224,,0.9453125,,,,,,,,,,,1.0,1.0,,,,,4506,,,,0.0,,0.0,,0.0
,,,0.08661416918039322,,0.9685039520263672,,,,,,,,,,,1.0,1.0,,,,,4507,,,,0.0,,0.0,,0.0
48,0.8170393705368042,0.8275041580200195,,0.978201150894165,,,,,,,,,,,,,,197.87449645996094,9785.78125,5.287632942199707,274.5007019042969,10828,,,0.0,,0.0,,0.0,
48,,,,,,0.31838032603263855,,0.5788348317146301,,9.599300384521484,,,,,,,,,,,,10828,0.6928882598876953,,,,,,,
,,,,,,,,,,,,,,0.00024112318037756446,0.03,,,,,,,10849,,,,,,,,
49,,,,,,,0.3045584559440613,,0.5763524770736694,,10.0859375,0.0002410922897979617,0.029999999329447746,,,1.0,1.0,,,,,10849,,0.7822408676147461,,,,,,
,,,,,,,,,,,,,,0.0002395774686084127,0.03,,,,,,,10899,,,,,,,,
49,,,,,,,0.30815887451171875,,0.5736499428749084,,9.890625,0.00023954652715474367,0.029999999329447746,,,1.0,1.0,,,,,10899,,0.633466362953186,,,,,,
,,,,,,,,,,,,,,0.00023802930091072907,0.03,,,,,,,10949,,,,,,,,
49,,,,,,,0.32917648553848267,,0.5823377966880798,,9.40625,0.00023799831978976727,0.029999999329447746,,,1.0,1.0,,,,,10949,,0.5340803861618042,,,,,,
,,,,,,,,,,,,,,0.00023647877384199592,0.03,,,,,,,10999,,,,,,,,
49,,,,,,,0.3114372789859772,,0.5707392692565918,,9.6328125,0.00023644774046260864,0.029999999329447746,,,1.0,1.0,,,,,10999,,0.5480368137359619,,,,,,
,,,,,,,,,,,,,,0.00023492598410684642,0.03,,,,,,,11049,,,,,,,,
49,,,,,,,0.3155617117881775,,0.5835243463516235,,10.0078125,0.0002348949055885896,0.029999999329447746,,,1.0,1.0,,,,,11049,,0.7609626054763794,,,,,,
,,,0.1263020783662796,,0.984375,,,,,,,,,,,1.0,1.0,,,,,4508,,,,0.0,,0.0,,0.0
,,,0.1138392835855484,,0.9921875,,,,,,,,,,,1.0,1.0,,,,,4509,,,,0.0,,0.0,,0.0
,,,0.20764577388763428,,0.9715805053710938,,,,,,,,,,,1.0,1.0,,,,,4510,,,,0.0,,0.0,,0.0
,,,0.234375,,0.9765625,,,,,,,,,,,1.0,1.0,,,,,4511,,,,0.0,,0.0,,0.0
,,,0.18125000596046448,,0.96875,,,,,,,,,,,1.0,1.0,,,,,4512,,,,0.0,,0.0,,0.0
,,,0.2032967209815979,,0.9647436141967773,,,,,,,,,,,1.0,1.0,,,,,4513,,,,0.0,,0.0,,0.0
,,,0.0633680522441864,,0.953125,,,,,,,,,,,1.0,1.0,,,,,4514,,,,0.0,,0.0,,0.0
,,,0.0616319440305233,,0.9921875,,,,,,,,,,,1.0,1.0,,,,,4515,,,,0.0,,0.0,,0.0
,,,0.12804459035396576,,0.9356775283813477,,,,,,,,,,,1.0,1.0,,,,,4516,,,,0.0,,0.0,,0.0
,,,0.1328125,,0.984375,,,,,,,,,,,1.0,1.0,,,,,4517,,,,0.0,,0.0,,0.0
,,,0.1104910746216774,,0.96875,,,,,,,,,,,1.0,1.0,,,,,4518,,,,0.0,,0.0,,0.0
,,,0.125,,0.9609375,,,,,,,,,,,1.0,1.0,,,,,4519,,,,0.0,,0.0,,0.0
,,,0.2631111145019531,,0.8293333053588867,,,,,,,,,,,1.0,1.0,,,,,4520,,,,0.0,,0.0,,0.0
,,,0.15625,,0.984375,,,,,,,,,,,1.0,1.0,,,,,4521,,,,0.0,,0.0,,0.0
,,,0.1294642835855484,,0.9921875,,,,,,,,,,,1.0,1.0,,,,,4522,,,,0.0,,0.0,,0.0
,,,0.2153361439704895,,0.9957983493804932,,,,,,,,,,,1.0,1.0,,,,,4523,,,,0.0,,0.0,,0.0
,,,0.0927734375,,0.9765625,,,,,,,,,,,1.0,1.0,,,,,4524,,,,0.0,,0.0,,0.0
,,,0.091796875,,0.9609375,,,,,,,,,,,1.0,1.0,,,,,4525,,,,0.0,,0.0,,0.0
,,,0.17328041791915894,,0.959956705570221,,,,,,,,,,,1.0,1.0,,,,,4526,,,,0.0,,0.0,,0.0
,,,0.0876736119389534,,0.9609375,,,,,,,,,,,1.0,1.0,,,,,4527,,,,0.0,,0.0,,0.0
,,,0.1149553582072258,,0.9765625,,,,,,,,,,,1.0,1.0,,,,,4528,,,,0.0,,0.0,,0.0
,,,0.21611812710762024,,0.9363636374473572,,,,,,,,,,,1.0,1.0,,,,,4529,,,,0.0,,0.0,,0.0
,,,0.16875000298023224,,0.9609375,,,,,,,,,,,1.0,1.0,,,,,4530,,,,0.0,,0.0,,0.0
,,,0.1216517835855484,,0.96875,,,,,,,,,,,1.0,1.0,,,,,4531,,,,0.0,,0.0,,0.0
,,,0.19293925166130066,,0.985714316368103,,,,,,,,,,,1.0,1.0,,,,,4532,,,,0.0,,0.0,,0.0
,,,0.17499999701976776,,1.0,,,,,,,,,,,1.0,1.0,,,,,4533,,,,0.0,,0.0,,0.0
,,,0.1549479216337204,,0.9921875,,,,,,,,,,,1.0,1.0,,,,,4534,,,,0.0,,0.0,,0.0
,,,0.3689056634902954,,1.0,,,,,,,,,,,1.0,1.0,,,,,4535,,,,0.0,,0.0,,0.0
,,,0.19374999403953552,,1.0,,,,,,,,,,,1.0,1.0,,,,,4536,,,,0.0,,0.0,,0.0
,,,0.1575520783662796,,1.0,,,,,,,,,,,1.0,1.0,,,,,4537,,,,0.0,,0.0,,0.0
,,,0.21939124166965485,,0.9941176176071167,,,,,,,,,,,1.0,1.0,,,,,4538,,,,0.0,,0.0,,0.0
,,,0.1236979141831398,,0.984375,,,,,,,,,,,1.0,1.0,,,,,4539,,,,0.0,,0.0,,0.0
,,,0.095703125,,0.984375,,,,,,,,,,,1.0,1.0,,,,,4540,,,,0.0,,0.0,,0.0
,,,0.24679802358150482,,0.985714316368103,,,,,,,,,,,1.0,1.0,,,,,4541,,,,0.0,,0.0,,0.0
,,,0.1294642835855484,,0.9609375,,,,,,,,,,,1.0,1.0,,,,,4542,,,,0.0,,0.0,,0.0
,,,0.15234375,,0.984375,,,,,,,,,,,1.0,1.0,,,,,4543,,,,0.0,,0.0,,0.0
,,,0.18360044062137604,,0.953021764755249,,,,,,,,,,,1.0,1.0,,,,,4544,,,,0.0,,0.0,,0.0
,,,0.0598958320915699,,0.96875,,,,,,,,,,,1.0,1.0,,,,,4545,,,,0.0,,0.0,,0.0
,,,0.0581597238779068,,0.9765625,,,,,,,,,,,1.0,1.0,,,,,4546,,,,0.0,,0.0,,0.0
,,,0.14361688494682312,,0.9531135559082031,,,,,,,,,,,1.0,1.0,,,,,4547,,,,0.0,,0.0,,0.0
,,,0.1315104216337204,,0.96875,,,,,,,,,,,1.0,1.0,,,,,4548,,,,0.0,,0.0,,0.0
,,,0.125,,0.9609375,,,,,,,,,,,1.0,1.0,,,,,4549,,,,0.0,,0.0,,0.0
,,,0.2360389530658722,,0.9886363744735718,,,,,,,,,,,1.0,1.0,,,,,4550,,,,0.0,,0.0,,0.0
,,,0.1316964328289032,,0.984375,,,,,,,,,,,1.0,1.0,,,,,4551,,,,0.0,,0.0,,0.0
,,,0.15625,,1.0,,,,,,,,,,,1.0,1.0,,,,,4552,,,,0.0,,0.0,,0.0
,,,0.23305919766426086,,0.9799749851226807,,,,,,,,,,,1.0,1.0,,,,,4553,,,,0.0,,0.0,,0.0
,,,0.0824652761220932,,0.984375,,,,,,,,,,,1.0,1.0,,,,,4554,,,,0.0,,0.0,,0.0
,,,0.0807291641831398,,0.9609375,,,,,,,,,,,1.0,1.0,,,,,4555,,,,0.0,,0.0,,0.0
,,,0.0986328125,,0.96875,,,,,,,,,,,1.0,1.0,,,,,4556,,,,0.0,,0.0,,0.0
,,,0.0874890610575676,,0.9803149700164795,,,,,,,,,,,1.0,1.0,,,,,4557,,,,0.0,,0.0,,0.0
,,,0.1149553582072258,,0.96875,,,,,,,,,,,1.0,1.0,,,,,4558,,,,0.0,,0.0,,0.0
,,,0.1127232164144516,,0.953125,,,,,,,,,,,1.0,1.0,,,,,4559,,,,0.0,,0.0,,0.0
,,,0.17775040864944458,,0.9123563170433044,,,,,,,,,,,1.0,1.0,,,,,4560,,,,0.0,,0.0,,0.0
,,,0.1393229216337204,,0.9609375,,,,,,,,,,,1.0,1.0,,,,,4561,,,,0.0,,0.0,,0.0
,,,0.1044921875,,0.984375,,,,,,,,,,,1.0,1.0,,,,,4562,,,,0.0,,0.0,,0.0
,,,0.2514537274837494,,0.9629629850387573,,,,,,,,,,,1.0,1.0,,,,,4563,,,,0.0,,0.0,,0.0
,,,0.23046875,,1.0,,,,,,,,,,,1.0,1.0,,,,,4564,,,,0.0,,0.0,,0.0
,,,0.15625,,0.9921875,,,,,,,,,,,1.0,1.0,,,,,4565,,,,0.0,,0.0,,0.0
,,,0.2544642686843872,,1.0,,,,,,,,,,,1.0,1.0,,,,,4566,,,,0.0,,0.0,,0.0
,,,0.23828125,,1.0,,,,,,,,,,,1.0,1.0,,,,,4567,,,,0.0,,0.0,,0.0
,,,0.19218750298023224,,0.9921875,,,,,,,,,,,1.0,1.0,,,,,4568,,,,0.0,,0.0,,0.0
,,,0.2373042106628418,,1.0,,,,,,,,,,,1.0,1.0,,,,,4569,,,,0.0,,0.0,,0.0
,,,0.1104910746216774,,0.984375,,,,,,,,,,,1.0,1.0,,,,,4570,,,,0.0,,0.0,,0.0
,,,0.09765625,,0.984375,,,,,,,,,,,1.0,1.0,,,,,4571,,,,0.0,,0.0,,0.0
,,,0.3059980273246765,,0.9778760671615601,,,,,,,,,,,1.0,1.0,,,,,4572,,,,0.0,,0.0,,0.0
,,,0.1497395783662796,,0.9765625,,,,,,,,,,,1.0,1.0,,,,,4573,,,,0.0,,0.0,,0.0
,,,0.18593749403953552,,0.9765625,,,,,,,,,,,1.0,1.0,,,,,4574,,,,0.0,,0.0,,0.0
,,,0.15420874953269958,,0.9449495077133179,,,,,,,,,,,1.0,1.0,,,,,4575,,,,0.0,,0.0,,0.0
,,,0.05546874925494194,,0.984375,,,,,,,,,,,1.0,1.0,,,,,4576,,,,0.0,,0.0,,0.0
,,,0.046875,,0.9609375,,,,,,,,,,,1.0,1.0,,,,,4577,,,,0.0,,0.0,,0.0
,,,0.1572016477584839,,0.9814814925193787,,,,,,,,,,,1.0,1.0,,,,,4578,,,,0.0,,0.0,,0.0
,,,0.1060267835855484,,0.96875,,,,,,,,,,,1.0,1.0,,,,,4579,,,,0.0,,0.0,,0.0
,,,0.1082589253783226,,0.9609375,,,,,,,,,,,1.0,1.0,,,,,4580,,,,0.0,,0.0,,0.0
,,,0.3322088420391083,,0.9777777791023254,,,,,,,,,,,1.0,1.0,,,,,4581,,,,0.0,,0.0,,0.0
,,,0.15625,,0.984375,,,,,,,,,,,1.0,1.0,,,,,4582,,,,0.0,,0.0,,0.0
,,,0.1549479216337204,,1.0,,,,,,,,,,,1.0,1.0,,,,,4583,,,,0.0,,0.0,,0.0
,,,0.202826589345932,,0.983702540397644,,,,,,,,,,,1.0,1.0,,,,,4584,,,,0.0,,0.0,,0.0
,,,0.0807291641831398,,0.96875,,,,,,,,,,,1.0,1.0,,,,,4585,,,,0.0,,0.0,,0.0
,,,0.099609375,,0.9765625,,,,,,,,,,,1.0,1.0,,,,,4586,,,,0.0,,0.0,,0.0
,,,0.17257291078567505,,0.9825581312179565,,,,,,,,,,,1.0,1.0,,,,,4587,,,,0.0,,0.0,,0.0
,,,0.0850694477558136,,0.9453125,,,,,,,,,,,1.0,1.0,,,,,4588,,,,0.0,,0.0,,0.0
,,,0.1354166716337204,,0.9765625,,,,,,,,,,,1.0,1.0,,,,,4589,,,,0.0,,0.0,,0.0
,,,0.23948881030082703,,0.9639174938201904,,,,,,,,,,,1.0,1.0,,,,,4590,,,,0.0,,0.0,,0.0
,,,0.13671875,,0.9765625,,,,,,,,,,,1.0,1.0,,,,,4591,,,,0.0,,0.0,,0.0
,,,0.1183035746216774,,0.9765625,,,,,,,,,,,1.0,1.0,,,,,4592,,,,0.0,,0.0,,0.0
,,,0.26658162474632263,,0.9821428656578064,,,,,,,,,,,1.0,1.0,,,,,4593,,,,0.0,,0.0,,0.0
,,,0.17499999701976776,,0.9921875,,,,,,,,,,,1.0,1.0,,,,,4594,,,,0.0,,0.0,,0.0
,,,0.18437500298023224,,1.0,,,,,,,,,,,1.0,1.0,,,,,4595,,,,0.0,,0.0,,0.0
,,,0.38461539149284363,,0.995726466178894,,,,,,,,,,,1.0,1.0,,,,,4596,,,,0.0,,0.0,,0.0
,,,0.1575520783662796,,1.0,,,,,,,,,,,1.0,1.0,,,,,4597,,,,0.0,,0.0,,0.0
,,,0.23828125,,1.0,,,,,,,,,,,1.0,1.0,,,,,4598,,,,0.0,,0.0,,0.0
,,,0.15748031437397003,,0.9921259880065918,,,,,,,,,,,1.0,1.0,,,,,4599,,,,0.0,,0.0,,0.0
49,0.8197910785675049,0.8137016296386719,,0.9779406189918518,,,,,,,,,,,,,,198.6732177734375,10095.68359375,5.291661262512207,276.595458984375,11049,,,0.0,,0.0,,0.0,
49,,,,,,0.31423187255859375,,0.5726525783538818,,9.520750999450684,,,,,,,,,,,,11049,0.6837260127067566,,,,,,,
,,,,,,,,,,,,,,0.00023337102855103427,0.03,,,,,,,11099,,,,,,,,
50,,,,,,,0.3008813261985779,,0.5496909618377686,,9.2109375,0.00023333990247920156,0.029999999329447746,,,1.0,1.0,,,,,11099,,0.5498745441436768,,,,,,
,,,,,,,,,,,,,,0.00023181400415539242,0.03,,,,,,,11149,,,,,,,,
50,,,,,,,0.29620859026908875,,0.5648689270019531,,9.8359375,0.0002317828475497663,0.029999999329447746,,,1.0,1.0,,,,,11149,,0.7061601281166077,,,,,,
,,,,,,,,,,,,,,0.0002302550080297857,0.03,,,,,,,11199,,,,,,,,
50,,,,,,,0.3186301290988922,,0.5778563618659973,,9.40625,0.00023022381355986,0.029999999329447746,,,1.0,1.0,,,,,11199,,0.8526057004928589,,,,,,
,,,,,,,,,,,,,,0.00022869413740705266,0.03,,,,,,,11249,,,,,,,,
50,,,,,,,0.3220633864402771,,0.5878069996833801,,10.03125,0.00022866290237288922,0.029999999329447746,,,1.0,1.0,,,,,11249,,0.6777430772781372,,,,,,
,,,0.1227678582072258,,0.9921875,,,,,,,,,,,1.0,1.0,,,,,4600,,,,0.0,,0.0,,0.0
,,,0.1227678582072258,,1.0,,,,,,,,,,,1.0,1.0,,,,,4601,,,,0.0,,0.0,,0.0
,,,0.1939045786857605,,0.9900990128517151,,,,,,,,,,,1.0,1.0,,,,,4602,,,,0.0,,0.0,,0.0
,,,0.1294642835855484,,0.9765625,,,,,,,,,,,1.0,1.0,,,,,4603,,,,0.0,,0.0,,0.0
,,,0.1510416716337204,,0.9921875,,,,,,,,,,,1.0,1.0,,,,,4604,,,,0.0,,0.0,,0.0
,,,0.18126779794692993,,0.990384578704834,,,,,,,,,,,1.0,1.0,,,,,4605,,,,0.0,,0.0,,0.0
,,,0.07109375298023224,,0.984375,,,,,,,,,,,1.0,1.0,,,,,4606,,,,0.0,,0.0,,0.0
,,,0.0894097238779068,,1.0,,,,,,,,,,,1.0,1.0,,,,,4607,,,,0.0,,0.0,,0.0
,,,0.16638079285621643,,0.9772727489471436,,,,,,,,,,,1.0,1.0,,,,,4608,,,,0.0,,0.0,,0.0
,,,0.240234375,,1.0,,,,,,,,,,,1.0,1.0,,,,,4609,,,,0.0,,0.0,,0.0
,,,0.18906250596046448,,0.9921875,,,,,,,,,,,1.0,1.0,,,,,4610,,,,0.0,,0.0,,0.0
,,,0.1510416716337204,,0.9921875,,,,,,,,,,,1.0,1.0,,,,,4611,,,,0.0,,0.0,,0.0
,,,0.22209525108337402,,0.9919999837875366,,,,,,,,,,,1.0,1.0,,,,,4612,,,,0.0,,0.0,,0.0
,,,0.1205357164144516,,0.984375,,,,,,,,,,,1.0,1.0,,,,,4613,,,,0.0,,0.0,,0.0
,,,0.1103515625,,0.953125,,,,,,,,,,,1.0,1.0,,,,,4614,,,,0.0,,0.0,,0.0
,,,0.23502734303474426,,0.9915966391563416,,,,,,,,,,,1.0,1.0,,,,,4615,,,,0.0,,0.0,,0.0
,,,0.0888671875,,0.96875,,,,,,,,,,,1.0,1.0,,,,,4616,,,,0.0,,0.0,,0.0
,,,0.1049107164144516,,0.9765625,,,,,,,,,,,1.0,1.0,,,,,4617,,,,0.0,,0.0,,0.0
,,,0.19683441519737244,,0.9540042877197266,,,,,,,,,,,1.0,1.0,,,,,4618,,,,0.0,,0.0,,0.0
,,,0.1064453125,,0.9609375,,,,,,,,,,,1.0,1.0,,,,,4619,,,,0.0,,0.0,,0.0
,,,0.1216517835855484,,0.9765625,,,,,,,,,,,1.0,1.0,,,,,4620,,,,0.0,,0.0,,0.0
,,,0.20672477781772614,,0.9749688506126404,,,,,,,,,,,1.0,1.0,,,,,4621,,,,0.0,,0.0,,0.0
,,,0.0954861119389534,,0.96875,,,,,,,,,,,1.0,1.0,,,,,4622,,,,0.0,,0.0,,0.0
,,,0.11328125,,0.96875,,,,,,,,,,,1.0,1.0,,,,,4623,,,,0.0,,0.0,,0.0
,,,0.19770115613937378,,0.9756157398223877,,,,,,,,,,,1.0,1.0,,,,,4624,,,,0.0,,0.0,,0.0
,,,0.14453125,,1.0,,,,,,,,,,,1.0,1.0,,,,,4625,,,,0.0,,0.0,,0.0
,,,0.1510416716337204,,0.9921875,,,,,,,,,,,1.0,1.0,,,,,4626,,,,0.0,,0.0,,0.0
,,,0.24891284108161926,,0.9811320900917053,,,,,,,,,,,1.0,1.0,,,,,4627,,,,0.0,,0.0,,0.0
,,,0.125,,0.9921875,,,,,,,,,,,1.0,1.0,,,,,4628,,,,0.0,,0.0,,0.0
,,,0.099609375,,0.9765625,,,,,,,,,,,1.0,1.0,,,,,4629,,,,0.0,,0.0,,0.0
,,,0.22069084644317627,,0.9941176176071167,,,,,,,,,,,1.0,1.0,,,,,4630,,,,0.0,,0.0,,0.0
,,,0.1171875,,0.984375,,,,,,,,,,,1.0,1.0,,,,,4631,,,,0.0,,0.0,,0.0
,,,0.1183035746216774,,0.9921875,,,,,,,,,,,1.0,1.0,,,,,4632,,,,0.0,,0.0,,0.0
,,,0.19195401668548584,,0.9913793206214905,,,,,,,,,,,1.0,1.0,,,,,4633,,,,0.0,,0.0,,0.0
,,,0.1484375,,0.96875,,,,,,,,,,,1.0,1.0,,,,,4634,,,,0.0,,0.0,,0.0
,,,0.228515625,,1.0,,,,,,,,,,,1.0,1.0,,,,,4635,,,,0.0,,0.0,,0.0
,,,0.20020797848701477,,0.9761438369750977,,,,,,,,,,,1.0,1.0,,,,,4636,,,,0.0,,0.0,,0.0
,,,0.07500000298023224,,0.9921875,,,,,,,,,,,1.0,1.0,,,,,4637,,,,0.0,,0.0,,0.0
,,,0.07968749850988388,,1.0,,,,,,,,,,,1.0,1.0,,,,,4638,,,,0.0,,0.0,,0.0
,,,0.1621977984905243,,0.9923076629638672,,,,,,,,,,,1.0,1.0,,,,,4639,,,,0.0,,0.0,,0.0
,,,0.328125,,0.9921875,,,,,,,,,,,1.0,1.0,,,,,4640,,,,0.0,,0.0,,0.0
,,,0.1497395783662796,,1.0,,,,,,,,,,,1.0,1.0,,,,,4641,,,,0.0,,0.0,,0.0
,,,0.2600649297237396,,0.9818181991577148,,,,,,,,,,,1.0,1.0,,,,,4642,,,,0.0,,0.0,,0.0
,,,0.109375,,0.9765625,,,,,,,,,,,1.0,1.0,,,,,4643,,,,0.0,,0.0,,0.0
,,,0.125,,0.9765625,,,,,,,,,,,1.0,1.0,,,,,4644,,,,0.0,,0.0,,0.0
,,,0.1986076384782791,,0.9840425252914429,,,,,,,,,,,1.0,1.0,,,,,4645,,,,0.0,,0.0,,0.0
,,,0.1071428582072258,,0.984375,,,,,,,,,,,1.0,1.0,,,,,4646,,,,0.0,,0.0,,0.0
,,,0.109375,,0.984375,,,,,,,,,,,1.0,1.0,,,,,4647,,,,0.0,,0.0,,0.0
,,,0.0833333358168602,,0.9609375,,,,,,,,,,,1.0,1.0,,,,,4648,,,,0.0,,0.0,,0.0
,,,0.09798774868249893,,0.9842519760131836,,,,,,,,,,,1.0,1.0,,,,,4649,,,,0.0,,0.0,,0.0
,,,0.08515624701976776,,0.9609375,,,,,,,,,,,1.0,1.0,,,,,4650,,,,0.0,,0.0,,0.0
,,,0.13671875,,0.9765625,,,,,,,,,,,1.0,1.0,,,,,4651,,,,0.0,,0.0,,0.0
,,,0.19216954708099365,,0.9956896305084229,,,,,,,,,,,1.0,1.0,,,,,4652,,,,0.0,,0.0,,0.0
,,,0.08203125,,0.953125,,,,,,,,,,,1.0,1.0,,,,,4653,,,,0.0,,0.0,,0.0
,,,0.1142578125,,0.984375,,,,,,,,,,,1.0,1.0,,,,,4654,,,,0.0,,0.0,,0.0
,,,0.301185667514801,,0.9900990128517151,,,,,,,,,,,1.0,1.0,,,,,4655,,,,0.0,,0.0,,0.0
,,,0.1458333283662796,,1.0,,,,,,,,,,,1.0,1.0,,,,,4656,,,,0.0,,0.0,,0.0
,,,0.23046875,,0.9921875,,,,,,,,,,,1.0,1.0,,,,,4657,,,,0.0,,0.0,,0.0
,,,0.2455357164144516,,0.96875,,,,,,,,,,,1.0,1.0,,,,,4658,,,,0.0,,0.0,,0.0
,,,0.1015625,,0.984375,,,,,,,,,,,1.0,1.0,,,,,4659,,,,0.0,,0.0,,0.0
,,,0.1083984375,,0.984375,,,,,,,,,,,1.0,1.0,,,,,4660,,,,0.0,,0.0,,0.0
,,,0.2437114417552948,,1.0,,,,,,,,,,,1.0,1.0,,,,,4661,,,,0.0,,0.0,,0.0
,,,0.1044921875,,0.984375,,,,,,,,,,,1.0,1.0,,,,,4662,,,,0.0,,0.0,,0.0
,,,0.1025390625,,0.984375,,,,,,,,,,,1.0,1.0,,,,,4663,,,,0.0,,0.0,,0.0
,,,0.25149598717689514,,0.991150438785553,,,,,,,,,,,1.0,1.0,,,,,4664,,,,0.0,,0.0,,0.0
,,,0.11328125,,0.984375,,,,,,,,,,,1.0,1.0,,,,,4665,,,,0.0,,0.0,,0.0
,,,0.18281249701976776,,0.984375,,,,,,,,,,,1.0,1.0,,,,,4666,,,,0.0,,0.0,,0.0
,,,0.1560606062412262,,0.9954545497894287,,,,,,,,,,,1.0,1.0,,,,,4667,,,,0.0,,0.0,,0.0
,,,0.0833333358168602,,0.9921875,,,,,,,,,,,1.0,1.0,,,,,4668,,,,0.0,,0.0,,0.0
,,,0.07656250149011612,,1.0,,,,,,,,,,,1.0,1.0,,,,,4669,,,,0.0,,0.0,,0.0
,,,0.24074074625968933,,0.9953703880310059,,,,,,,,,,,1.0,1.0,,,,,4670,,,,0.0,,0.0,,0.0
,,,0.19062499701976776,,0.9921875,,,,,,,,,,,1.0,1.0,,,,,4671,,,,0.0,,0.0,,0.0
,,,0.18125000596046448,,1.0,,,,,,,,,,,1.0,1.0,,,,,4672,,,,0.0,,0.0,,0.0
,,,0.3081659972667694,,0.9828647971153259,,,,,,,,,,,1.0,1.0,,,,,4673,,,,0.0,,0.0,,0.0
,,,0.1083984375,,0.984375,,,,,,,,,,,1.0,1.0,,,,,4674,,,,0.0,,0.0,,0.0
,,,0.1103515625,,0.96875,,,,,,,,,,,1.0,1.0,,,,,4675,,,,0.0,,0.0,,0.0
,,,0.18099765479564667,,0.9803921580314636,,,,,,,,,,,1.0,1.0,,,,,4676,,,,0.0,,0.0,,0.0
,,,0.1060267835855484,,0.9765625,,,,,,,,,,,1.0,1.0,,,,,4677,,,,0.0,,0.0,,0.0
,,,0.1104910746216774,,0.9921875,,,,,,,,,,,1.0,1.0,,,,,4678,,,,0.0,,0.0,,0.0
,,,0.16722038388252258,,0.9709302186965942,,,,,,,,,,,1.0,1.0,,,,,4679,,,,0.0,,0.0,,0.0
,,,0.103515625,,0.9609375,,,,,,,,,,,1.0,1.0,,,,,4680,,,,0.0,,0.0,,0.0
,,,0.1227678582072258,,0.9765625,,,,,,,,,,,1.0,1.0,,,,,4681,,,,0.0,,0.0,,0.0
,,,0.24851536750793457,,0.9793814420700073,,,,,,,,,,,1.0,1.0,,,,,4682,,,,0.0,,0.0,,0.0
,,,0.10546875,,0.9765625,,,,,,,,,,,1.0,1.0,,,,,4683,,,,0.0,,0.0,,0.0
,,,0.08359374850988388,,0.96875,,,,,,,,,,,1.0,1.0,,,,,4684,,,,0.0,,0.0,,0.0
,,,0.2083333283662796,,0.9955357313156128,,,,,,,,,,,1.0,1.0,,,,,4685,,,,0.0,,0.0,,0.0
,,,0.220703125,,0.984375,,,,,,,,,,,1.0,1.0,,,,,4686,,,,0.0,,0.0,,0.0
,,,0.125,,0.9921875,,,,,,,,,,,1.0,1.0,,,,,4687,,,,0.0,,0.0,,0.0
,,,0.27078479528427124,,0.9545454978942871,,,,,,,,,,,1.0,1.0,,,,,4688,,,,0.0,,0.0,,0.0
,,,0.17812499403953552,,0.984375,,,,,,,,,,,1.0,1.0,,,,,4689,,,,0.0,,0.0,,0.0
,,,0.0876736119389534,,0.984375,,,,,,,,,,,1.0,1.0,,,,,4690,,,,0.0,,0.0,,0.0
,,,0.11023622006177902,,0.9842519760131836,,,,,,,,,,,1.0,1.0,,,,,4691,,,,0.0,,0.0,,0.0
50,0.8185575008392334,0.8506082892417908,,0.9833784103393555,,,,,,,,,,,,,,200.58203125,9671.3837890625,5.301223278045654,273.40374755859375,11270,,,0.0,,0.0,,0.0,
50,,,,,,0.31010377407073975,,0.5663926601409912,,9.450933456420898,,,,,,,,,,,,11270,0.6541736125946045,,,,,,,
,,,,,,,,,,,,,,0.00022713148963694285,0.03,,,,,,,11299,,,,,,,,
51,,,,,,,0.3169572353363037,,0.5821108818054199,,9.9375,0.0002271002158522606,0.029999999329447746,,,1.0,1.0,,,,,11299,,0.7090411186218262,,,,,,
,,,,,,,,,,,,,,0.00022556716218004406,0.03,,,,,,,11349,,,,,,,,
51,,,,,,,0.2947660982608795,,0.5558102130889893,,9.6796875,0.0002255358558613807,0.029999999329447746,,,1.0,1.0,,,,,11349,,0.5044910311698914,,,,,,
,,,,,,,,,,,,,,0.00022400125260170454,0.03,,,,,,,11399,,,,,,,,
51,,,,,,,0.2866950035095215,,0.5462314486503601,,9.5546875,0.00022396992426365614,0.029999999329447746,,,1.0,1.0,,,,,11399,,0.5323342680931091,,,,,,
,,,,,,,,,,,,,,0.00022243385856594755,0.03,,,,,,,11449,,,,,,,,
51,,,,,,,0.322774201631546,,0.5800521969795227,,9.28125,0.00022240249381866306,0.029999999329447746,,,1.0,1.0,,,,,11449,,0.7771720886230469,,,,,,
,,,0.109375,,0.96875,,,,,,,,,,,1.0,1.0,,,,,4692,,,,0.0,,0.0,,0.0
,,,0.1149553582072258,,0.9765625,,,,,,,,,,,1.0,1.0,,,,,4693,,,,0.0,,0.0,,0.0
,,,0.18347391486167908,,0.9481114745140076,,,,,,,,,,,1.0,1.0,,,,,4694,,,,0.0,,0.0,,0.0
,,,0.1261160671710968,,0.984375,,,,,,,,,,,1.0,1.0,,,,,4695,,,,0.0,,0.0,,0.0
,,,0.1393229216337204,,0.9765625,,,,,,,,,,,1.0,1.0,,,,,4696,,,,0.0,,0.0,,0.0
,,,0.3583333492279053,,0.9855769276618958,,,,,,,,,,,1.0,1.0,,,,,4697,,,,0.0,,0.0,,0.0
,,,0.07578124850988388,,0.9921875,,,,,,,,,,,1.0,1.0,,,,,4698,,,,0.0,,0.0,,0.0
,,,0.1025390625,,1.0,,,,,,,,,,,1.0,1.0,,,,,4699,,,,0.0,,0.0,,0.0
,,,0.16826757788658142,,0.9772727489471436,,,,,,,,,,,1.0,1.0,,,,,4700,,,,0.0,,0.0,,0.0
,,,0.17499999701976776,,0.984375,,,,,,,,,,,1.0,1.0,,,,,4701,,,,0.0,,0.0,,0.0
,,,0.1227678582072258,,0.984375,,,,,,,,,,,1.0,1.0,,,,,4702,,,,0.0,,0.0,,0.0
,,,0.1205357164144516,,0.9921875,,,,,,,,,,,1.0,1.0,,,,,4703,,,,0.0,,0.0,,0.0
,,,0.21409523487091064,,0.9839999675750732,,,,,,,,,,,1.0,1.0,,,,,4704,,,,0.0,,0.0,,0.0
,,,0.109375,,0.984375,,,,,,,,,,,1.0,1.0,,,,,4705,,,,0.0,,0.0,,0.0
,,,0.1227678582072258,,0.9765625,,,,,,,,,,,1.0,1.0,,,,,4706,,,,0.0,,0.0,,0.0
,,,0.2161531299352646,,0.9444444179534912,,,,,,,,,,,1.0,1.0,,,,,4707,,,,0.0,,0.0,,0.0
,,,0.10546875,,0.9921875,,,,,,,,,,,1.0,1.0,,,,,4708,,,,0.0,,0.0,,0.0
,,,0.099609375,,0.9921875,,,,,,,,,,,1.0,1.0,,,,,4709,,,,0.0,,0.0,,0.0
,,,0.16049784421920776,,0.9821428656578064,,,,,,,,,,,1.0,1.0,,,,,4710,,,,0.0,,0.0,,0.0
,,,0.0833333358168602,,0.9609375,,,,,,,,,,,1.0,1.0,,,,,4711,,,,0.0,,0.0,,0.0
,,,0.1005859375,,0.9609375,,,,,,,,,,,1.0,1.0,,,,,4712,,,,0.0,,0.0,,0.0
,,,0.17163413763046265,,0.9499377012252808,,,,,,,,,,,1.0,1.0,,,,,4713,,,,0.0,,0.0,,0.0
,,,0.125,,0.984375,,,,,,,,,,,1.0,1.0,,,,,4714,,,,0.0,,0.0,,0.0
,,,0.1536458283662796,,0.984375,,,,,,,,,,,1.0,1.0,,,,,4715,,,,0.0,,0.0,,0.0
,,,0.19195401668548584,,0.9913793206214905,,,,,,,,,,,1.0,1.0,,,,,4716,,,,0.0,,0.0,,0.0
,,,0.140625,,0.9921875,,,,,,,,,,,1.0,1.0,,,,,4717,,,,0.0,,0.0,,0.0
,,,0.1205357164144516,,0.9921875,,,,,,,,,,,1.0,1.0,,,,,4718,,,,0.0,,0.0,,0.0
,,,0.2492363154888153,,0.9716981053352356,,,,,,,,,,,1.0,1.0,,,,,4719,,,,0.0,,0.0,,0.0
,,,0.1227678582072258,,0.9921875,,,,,,,,,,,1.0,1.0,,,,,4720,,,,0.0,,0.0,,0.0
,,,0.095703125,,0.984375,,,,,,,,,,,1.0,1.0,,,,,4721,,,,0.0,,0.0,,0.0
,,,0.2406488060951233,,0.9764705896377563,,,,,,,,,,,1.0,1.0,,,,,4722,,,,0.0,,0.0,,0.0
,,,0.1071428582072258,,0.96875,,,,,,,,,,,1.0,1.0,,,,,4723,,,,0.0,,0.0,,0.0
,,,0.0947265625,,0.9765625,,,,,,,,,,,1.0,1.0,,,,,4724,,,,0.0,,0.0,,0.0
,,,0.21237684786319733,,0.9684728980064392,,,,,,,,,,,1.0,1.0,,,,,4725,,,,0.0,,0.0,,0.0
,,,0.107421875,,0.96875,,,,,,,,,,,1.0,1.0,,,,,4726,,,,0.0,,0.0,,0.0
,,,0.1393229216337204,,0.984375,,,,,,,,,,,1.0,1.0,,,,,4727,,,,0.0,,0.0,,0.0
,,,0.23691844940185547,,0.9754098653793335,,,,,,,,,,,1.0,1.0,,,,,4728,,,,0.0,,0.0,,0.0
,,,0.07578124850988388,,1.0,,,,,,,,,,,1.0,1.0,,,,,4729,,,,0.0,,0.0,,0.0
,,,0.1104910746216774,,1.0,,,,,,,,,,,1.0,1.0,,,,,4730,,,,0.0,,0.0,,0.0
,,,0.18390992283821106,,0.9846153855323792,,,,,,,,,,,1.0,1.0,,,,,4731,,,,0.0,,0.0,,0.0
,,,0.1497395783662796,,0.9921875,,,,,,,,,,,1.0,1.0,,,,,4732,,,,0.0,,0.0,,0.0
,,,0.1194196417927742,,1.0,,,,,,,,,,,1.0,1.0,,,,,4733,,,,0.0,,0.0,,0.0
,,,0.2360389679670334,,0.969318151473999,,,,,,,,,,,1.0,1.0,,,,,4734,,,,0.0,,0.0,,0.0
,,,0.140625,,0.9765625,,,,,,,,,,,1.0,1.0,,,,,4735,,,,0.0,,0.0,,0.0
,,,0.107421875,,0.9921875,,,,,,,,,,,1.0,1.0,,,,,4736,,,,0.0,,0.0,,0.0
,,,0.24378687143325806,,0.9893617033958435,,,,,,,,,,,1.0,1.0,,,,,4737,,,,0.0,,0.0,,0.0
,,,0.1083984375,,1.0,,,,,,,,,,,1.0,1.0,,,,,4738,,,,0.0,,0.0,,0.0
,,,0.1025390625,,1.0,,,,,,,,,,,1.0,1.0,,,,,4739,,,,0.0,,0.0,,0.0
,,,0.10546875,,0.9921875,,,,,,,,,,,1.0,1.0,,,,,4740,,,,0.0,,0.0,,0.0
,,,0.19772528111934662,,0.9724409580230713,,,,,,,,,,,1.0,1.0,,,,,4741,,,,0.0,,0.0,,0.0
,,,0.0966796875,,0.953125,,,,,,,,,,,1.0,1.0,,,,,4742,,,,0.0,,0.0,,0.0
,,,0.0966796875,,0.9609375,,,,,,,,,,,1.0,1.0,,,,,4743,,,,0.0,,0.0,,0.0
,,,0.1270114928483963,,0.9080460071563721,,,,,,,,,,,1.0,1.0,,,,,4744,,,,0.0,,0.0,,0.0
,,,0.1238839253783226,,0.984375,,,,,,,,,,,1.0,1.0,,,,,4745,,,,0.0,,0.0,,0.0
,,,0.1536458283662796,,1.0,,,,,,,,,,,1.0,1.0,,,,,4746,,,,0.0,,0.0,,0.0
,,,0.21507149934768677,,0.9950494766235352,,,,,,,,,,,1.0,1.0,,,,,4747,,,,0.0,,0.0,,0.0
,,,0.14453125,,0.9921875,,,,,,,,,,,1.0,1.0,,,,,4748,,,,0.0,,0.0,,0.0
,,,0.1432291716337204,,0.9921875,,,,,,,,,,,1.0,1.0,,,,,4749,,,,0.0,,0.0,,0.0
,,,0.2425595223903656,,0.984375,,,,,,,,,,,1.0,1.0,,,,,4750,,,,0.0,,0.0,,0.0
,,,0.1205357164144516,,1.0,,,,,,,,,,,1.0,1.0,,,,,4751,,,,0.0,,0.0,,0.0
,,,0.1160714253783226,,0.9765625,,,,,,,,,,,1.0,1.0,,,,,4752,,,,0.0,,0.0,,0.0
,,,0.22876127064228058,,0.9703764915466309,,,,,,,,,,,1.0,1.0,,,,,4753,,,,0.0,,0.0,,0.0
,,,0.1138392835855484,,0.96875,,,,,,,,,,,1.0,1.0,,,,,4754,,,,0.0,,0.0,,0.0
,,,0.0966796875,,0.96875,,,,,,,,,,,1.0,1.0,,,,,4755,,,,0.0,,0.0,,0.0
,,,0.19364142417907715,,0.9867256879806519,,,,,,,,,,,1.0,1.0,,,,,4756,,,,0.0,,0.0,,0.0
,,,0.1064453125,,0.9765625,,,,,,,,,,,1.0,1.0,,,,,4757,,,,0.0,,0.0,,0.0
,,,0.17031249403953552,,0.9609375,,,,,,,,,,,1.0,1.0,,,,,4758,,,,0.0,,0.0,,0.0
,,,0.16711559891700745,,0.9722222089767456,,,,,,,,,,,1.0,1.0,,,,,4759,,,,0.0,,0.0,,0.0
,,,0.07500000298023224,,1.0,,,,,,,,,,,1.0,1.0,,,,,4760,,,,0.0,,0.0,,0.0
,,,0.0850694477558136,,1.0,,,,,,,,,,,1.0,1.0,,,,,4761,,,,0.0,,0.0,,0.0
,,,0.2162037044763565,,0.9861111044883728,,,,,,,,,,,1.0,1.0,,,,,4762,,,,0.0,,0.0,,0.0
,,,0.17343750596046448,,0.9921875,,,,,,,,,,,1.0,1.0,,,,,4763,,,,0.0,,0.0,,0.0
,,,0.1183035746216774,,1.0,,,,,,,,,,,1.0,1.0,,,,,4764,,,,0.0,,0.0,,0.0
,,,0.28670236468315125,,0.9708166122436523,,,,,,,,,,,1.0,1.0,,,,,4765,,,,0.0,,0.0,,0.0
,,,0.14453125,,0.984375,,,,,,,,,,,1.0,1.0,,,,,4766,,,,0.0,,0.0,,0.0
,,,0.125,,0.9921875,,,,,,,,,,,1.0,1.0,,,,,4767,,,,0.0,,0.0,,0.0
,,,0.21170741319656372,,0.9738986492156982,,,,,,,,,,,1.0,1.0,,,,,4768,,,,0.0,,0.0,,0.0
,,,0.1064453125,,1.0,,,,,,,,,,,1.0,1.0,,,,,4769,,,,0.0,,0.0,,0.0
,,,0.1015625,,1.0,,,,,,,,,,,1.0,1.0,,,,,4770,,,,0.0,,0.0,,0.0
,,,0.17292359471321106,,0.9822812676429749,,,,,,,,,,,1.0,1.0,,,,,4771,,,,0.0,,0.0,,0.0
,,,0.0807291641831398,,0.921875,,,,,,,,,,,1.0,1.0,,,,,4772,,,,0.0,,0.0,,0.0
,,,0.1302083283662796,,0.9609375,,,,,,,,,,,1.0,1.0,,,,,4773,,,,0.0,,0.0,,0.0
,,,0.2097189873456955,,0.969072163105011,,,,,,,,,,,1.0,1.0,,,,,4774,,,,0.0,,0.0,,0.0
,,,0.1064453125,,0.984375,,,,,,,,,,,1.0,1.0,,,,,4775,,,,0.0,,0.0,,0.0
,,,0.125,,0.984375,,,,,,,,,,,1.0,1.0,,,,,4776,,,,0.0,,0.0,,0.0
,,,0.2310267835855484,,1.0,,,,,,,,,,,1.0,1.0,,,,,4777,,,,0.0,,0.0,,0.0
,,,0.1354166716337204,,0.9921875,,,,,,,,,,,1.0,1.0,,,,,4778,,,,0.0,,0.0,,0.0
,,,0.1432291716337204,,0.984375,,,,,,,,,,,1.0,1.0,,,,,4779,,,,0.0,,0.0,,0.0
,,,0.26793575286865234,,0.9502719640731812,,,,,,,,,,,1.0,1.0,,,,,4780,,,,0.0,,0.0,,0.0
,,,0.140625,,0.984375,,,,,,,,,,,1.0,1.0,,,,,4781,,,,0.0,,0.0,,0.0
,,,0.1005859375,,0.9921875,,,,,,,,,,,1.0,1.0,,,,,4782,,,,0.0,,0.0,,0.0
,,,0.14435695111751556,,0.9527559280395508,,,,,,,,,,,1.0,1.0,,,,,4783,,,,0.0,,0.0,,0.0
51,0.8144557476043701,0.8305326700210571,,0.9812401533126831,,,,,,,,,,,,,,202.6156463623047,9059.2998046875,5.311310768127441,274.2635498046875,11491,,,0.0,,0.0,,0.0,
51,,,,,,0.3062271773815155,,0.5622144937515259,,9.44555950164795,,,,,,,,,,,,11491,0.6532632112503052,,,,,,,
,,,,,,,,,,,,,,0.00022086507782938033,0.03,,,,,,,11499,,,,,,,,
52,,,,,,,0.28625398874282837,,0.5517318248748779,,9.9375,0.00022083369549363852,0.029999999329447746,,,1.0,1.0,,,,,11499,,0.6520230770111084,,,,,,
,,,,,,,,,,,,,,0.00021929500823509722,0.03,,,,,,,11549,,,,,,,,
52,,,,,,,0.29804036021232605,,0.5559235215187073,,9.515625,0.00021926358749624342,0.029999999329447746,,,1.0,1.0,,,,,11549,,0.6781889200210571,,,,,,
,,,,,,,,,,,,,,0.0002177237477065771,0.03,,,,,,,11599,,,,,,,,
52,,,,,,,0.30946028232574463,,0.5620254874229431,,9.3046875,0.00021769231534563005,0.029999999329447746,,,1.0,1.0,,,,,11599,,0.5946985483169556,,,,,,
,,,,,,,,,,,,,,0.00021615139424157565,0.03,,,,,,,11649,,,,,,,,
52,,,,,,,0.3109382390975952,,0.5685262084007263,,9.515625,0.00021611993724945933,0.029999999329447746,,,1.0,1.0,,,,,11649,,0.8923865556716919,,,,,,
,,,,,,,,,,,,,,0.0002145780459060145,0.03,,,,,,,11699,,,,,,,,
52,,,,,,,0.26952627301216125,,0.5264728665351868,,9.46875,0.00021454656962305307,0.029999999329447746,,,1.0,1.0,,,,,11699,,1.1005795001983643,,,,,,
,,,0.09375,,0.9921875,,,,,,,,,,,1.0,1.0,,,,,4784,,,,0.0,,0.0,,0.0
,,,0.17343750596046448,,1.0,,,,,,,,,,,1.0,1.0,,,,,4785,,,,0.0,,0.0,,0.0
,,,0.25533029437065125,,0.9666299819946289,,,,,,,,,,,1.0,1.0,,,,,4786,,,,0.0,,0.0,,0.0
,,,0.18593749403953552,,0.9765625,,,,,,,,,,,1.0,1.0,,,,,4787,,,,0.0,,0.0,,0.0
,,,0.1272321492433548,,0.9921875,,,,,,,,,,,1.0,1.0,,,,,4788,,,,0.0,,0.0,,0.0
,,,0.16488604247570038,,0.9695512652397156,,,,,,,,,,,1.0,1.0,,,,,4789,,,,0.0,,0.0,,0.0
,,,0.0546875,,0.96875,,,,,,,,,,,1.0,1.0,,,,,4790,,,,0.0,,0.0,,0.0
,,,0.05781250074505806,,0.921875,,,,,,,,,,,1.0,1.0,,,,,4791,,,,0.0,,0.0,,0.0
,,,0.16914427280426025,,0.9489707946777344,,,,,,,,,,,1.0,1.0,,,,,4792,,,,0.0,,0.0,,0.0
,,,0.2421875,,0.9921875,,,,,,,,,,,1.0,1.0,,,,,4793,,,,0.0,,0.0,,0.0
,,,0.1294642835855484,,0.9921875,,,,,,,,,,,1.0,1.0,,,,,4794,,,,0.0,,0.0,,0.0
,,,0.1796875,,0.9921875,,,,,,,,,,,1.0,1.0,,,,,4795,,,,0.0,,0.0,,0.0
,,,0.22438094019889832,,0.8213333487510681,,,,,,,,,,,1.0,1.0,,,,,4796,,,,0.0,,0.0,,0.0
,,,0.11328125,,0.984375,,,,,,,,,,,1.0,1.0,,,,,4797,,,,0.0,,0.0,,0.0
,,,0.0972222238779068,,0.9765625,,,,,,,,,,,1.0,1.0,,,,,4798,,,,0.0,,0.0,,0.0
,,,0.17719680070877075,,0.9444444179534912,,,,,,,,,,,1.0,1.0,,,,,4799,,,,0.0,,0.0,,0.0
,,,0.0970982164144516,,1.0,,,,,,,,,,,1.0,1.0,,,,,4800,,,,0.0,,0.0,,0.0
,,,0.08203125,,0.9921875,,,,,,,,,,,1.0,1.0,,,,,4801,,,,0.0,,0.0,,0.0
,,,0.18265992403030396,,0.9653679132461548,,,,,,,,,,,1.0,1.0,,,,,4802,,,,0.0,,0.0,,0.0
,,,0.1432291716337204,,0.96875,,,,,,,,,,,1.0,1.0,,,,,4803,,,,0.0,,0.0,,0.0
,,,0.1261160671710968,,0.96875,,,,,,,,,,,1.0,1.0,,,,,4804,,,,0.0,,0.0,,0.0
,,,0.17664313316345215,,0.9362391233444214,,,,,,,,,,,1.0,1.0,,,,,4805,,,,0.0,,0.0,,0.0
,,,0.09375,,0.9375,,,,,,,,,,,1.0,1.0,,,,,4806,,,,0.0,,0.0,,0.0
,,,0.0911458358168602,,0.96875,,,,,,,,,,,1.0,1.0,,,,,4807,,,,0.0,,0.0,,0.0
,,,0.1948549449443817,,0.984236478805542,,,,,,,,,,,1.0,1.0,,,,,4808,,,,0.0,,0.0,,0.0
,,,0.1458333283662796,,1.0,,,,,,,,,,,1.0,1.0,,,,,4809,,,,0.0,,0.0,,0.0
,,,0.1316964328289032,,1.0,,,,,,,,,,,1.0,1.0,,,,,4810,,,,0.0,,0.0,,0.0
,,,0.3068763017654419,,1.0,,,,,,,,,,,1.0,1.0,,,,,4811,,,,0.0,,0.0,,0.0
,,,0.11328125,,1.0,,,,,,,,,,,1.0,1.0,,,,,4812,,,,0.0,,0.0,,0.0
,,,0.1123046875,,1.0,,,,,,,,,,,1.0,1.0,,,,,4813,,,,0.0,,0.0,,0.0
,,,0.22657319903373718,,0.9882352948188782,,,,,,,,,,,1.0,1.0,,,,,4814,,,,0.0,,0.0,,0.0
,,,0.1025390625,,0.9921875,,,,,,,,,,,1.0,1.0,,,,,4815,,,,0.0,,0.0,,0.0
,,,0.1380208283662796,,0.9921875,,,,,,,,,,,1.0,1.0,,,,,4816,,,,0.0,,0.0,,0.0
,,,0.3065681457519531,,0.9756157398223877,,,,,,,,,,,1.0,1.0,,,,,4817,,,,0.0,,0.0,,0.0
,,,0.1261160671710968,,0.9609375,,,,,,,,,,,1.0,1.0,,,,,4818,,,,0.0,,0.0,,0.0
,,,0.234375,,1.0,,,,,,,,,,,1.0,1.0,,,,,4819,,,,0.0,,0.0,,0.0
,,,0.15673001110553741,,0.953021764755249,,,,,,,,,,,1.0,1.0,,,,,4820,,,,0.0,,0.0,,0.0
,,,0.05390625074505806,,0.96875,,,,,,,,,,,1.0,1.0,,,,,4821,,,,0.0,,0.0,,0.0
,,,0.05859375,,0.921875,,,,,,,,,,,1.0,1.0,,,,,4822,,,,0.0,,0.0,,0.0
,,,0.17129290103912354,,0.9682539701461792,,,,,,,,,,,1.0,1.0,,,,,4823,,,,0.0,,0.0,,0.0
,,,0.1575520783662796,,0.9921875,,,,,,,,,,,1.0,1.0,,,,,4824,,,,0.0,,0.0,,0.0
,,,0.1484375,,0.9921875,,,,,,,,,,,1.0,1.0,,,,,4825,,,,0.0,,0.0,,0.0
,,,0.30946969985961914,,0.9818181991577148,,,,,,,,,,,1.0,1.0,,,,,4826,,,,0.0,,0.0,,0.0
,,,0.1103515625,,0.984375,,,,,,,,,,,1.0,1.0,,,,,4827,,,,0.0,,0.0,,0.0
,,,0.1316964328289032,,0.984375,,,,,,,,,,,1.0,1.0,,,,,4828,,,,0.0,,0.0,,0.0
,,,0.2022840976715088,,0.9840425252914429,,,,,,,,,,,1.0,1.0,,,,,4829,,,,0.0,,0.0,,0.0
,,,0.08984375,,1.0,,,,,,,,,,,1.0,1.0,,,,,4830,,,,0.0,,0.0,,0.0
,,,0.0849609375,,0.9921875,,,,,,,,,,,1.0,1.0,,,,,4831,,,,0.0,,0.0,,0.0
,,,0.08984375,,0.984375,,,,,,,,,,,1.0,1.0,,,,,4832,,,,0.0,,0.0,,0.0
,,,0.109251968562603,,0.9842519760131836,,,,,,,,,,,1.0,1.0,,,,,4833,,,,0.0,,0.0,,0.0
,,,0.1103515625,,0.96875,,,,,,,,,,,1.0,1.0,,,,,4834,,,,0.0,,0.0,,0.0
,,,0.1419270783662796,,0.953125,,,,,,,,,,,1.0,1.0,,,,,4835,,,,0.0,,0.0,,0.0
,,,0.16954022645950317,,0.9324712753295898,,,,,,,,,,,1.0,1.0,,,,,4836,,,,0.0,,0.0,,0.0
,,,0.07578124850988388,,0.9453125,,,,,,,,,,,1.0,1.0,,,,,4837,,,,0.0,,0.0,,0.0
,,,0.0928819477558136,,0.9921875,,,,,,,,,,,1.0,1.0,,,,,4838,,,,0.0,,0.0,,0.0
,,,0.2166299968957901,,0.9950494766235352,,,,,,,,,,,1.0,1.0,,,,,4839,,,,0.0,,0.0,,0.0
,,,0.1283482164144516,,1.0,,,,,,,,,,,1.0,1.0,,,,,4840,,,,0.0,,0.0,,0.0
,,,0.1875,,1.0,,,,,,,,,,,1.0,1.0,,,,,4841,,,,0.0,,0.0,,0.0
,,,0.255952388048172,,1.0,,,,,,,,,,,1.0,1.0,,,,,4842,,,,0.0,,0.0,,0.0
,,,0.1283482164144516,,1.0,,,,,,,,,,,1.0,1.0,,,,,4843,,,,0.0,,0.0,,0.0
,,,0.1294642835855484,,0.984375,,,,,,,,,,,1.0,1.0,,,,,4844,,,,0.0,,0.0,,0.0
,,,0.2572377920150757,,1.0,,,,,,,,,,,1.0,1.0,,,,,4845,,,,0.0,,0.0,,0.0
,,,0.13671875,,0.9921875,,,,,,,,,,,1.0,1.0,,,,,4846,,,,0.0,,0.0,,0.0
,,,0.1419270783662796,,0.9765625,,,,,,,,,,,1.0,1.0,,,,,4847,,,,0.0,,0.0,,0.0
,,,0.32005900144577026,,0.9867256879806519,,,,,,,,,,,1.0,1.0,,,,,4848,,,,0.0,,0.0,,0.0
,,,0.1272321492433548,,0.984375,,,,,,,,,,,1.0,1.0,,,,,4849,,,,0.0,,0.0,,0.0
,,,0.1536458283662796,,0.984375,,,,,,,,,,,1.0,1.0,,,,,4850,,,,0.0,,0.0,,0.0
,,,0.13979798555374146,,0.9540404081344604,,,,,,,,,,,1.0,1.0,,,,,4851,,,,0.0,,0.0,,0.0
,,,0.05312500149011612,,0.9453125,,,,,,,,,,,1.0,1.0,,,,,4852,,,,0.0,,0.0,,0.0
,,,0.0616319440305233,,0.9140625,,,,,,,,,,,1.0,1.0,,,,,4853,,,,0.0,,0.0,,0.0
,,,0.23359787464141846,,0.9953703880310059,,,,,,,,,,,1.0,1.0,,,,,4854,,,,0.0,,0.0,,0.0
,,,0.1305803507566452,,0.9921875,,,,,,,,,,,1.0,1.0,,,,,4855,,,,0.0,,0.0,,0.0
,,,0.18281249701976776,,1.0,,,,,,,,,,,1.0,1.0,,,,,4856,,,,0.0,,0.0,,0.0
,,,0.3697991967201233,,0.9828647971153259,,,,,,,,,,,1.0,1.0,,,,,4857,,,,0.0,,0.0,,0.0
,,,0.1142578125,,0.984375,,,,,,,,,,,1.0,1.0,,,,,4858,,,,0.0,,0.0,,0.0
,,,0.1294642835855484,,0.984375,,,,,,,,,,,1.0,1.0,,,,,4859,,,,0.0,,0.0,,0.0
,,,0.19467787444591522,,0.970588207244873,,,,,,,,,,,1.0,1.0,,,,,4860,,,,0.0,,0.0,,0.0
,,,0.0869140625,,1.0,,,,,,,,,,,1.0,1.0,,,,,4861,,,,0.0,,0.0,,0.0
,,,0.0849609375,,0.9921875,,,,,,,,,,,1.0,1.0,,,,,4862,,,,0.0,,0.0,,0.0
,,,0.16018825769424438,,0.9941860437393188,,,,,,,,,,,1.0,1.0,,,,,4863,,,,0.0,,0.0,,0.0
,,,0.107421875,,0.9609375,,,,,,,,,,,1.0,1.0,,,,,4864,,,,0.0,,0.0,,0.0
,,,0.125,,0.9609375,,,,,,,,,,,1.0,1.0,,,,,4865,,,,0.0,,0.0,,0.0
,,,0.21454107761383057,,0.9742268323898315,,,,,,,,,,,1.0,1.0,,,,,4866,,,,0.0,,0.0,,0.0
,,,0.0850694477558136,,0.9453125,,,,,,,,,,,1.0,1.0,,,,,4867,,,,0.0,,0.0,,0.0
,,,0.0850694477558136,,0.953125,,,,,,,,,,,1.0,1.0,,,,,4868,,,,0.0,,0.0,,0.0
,,,0.18571428954601288,,1.0,,,,,,,,,,,1.0,1.0,,,,,4869,,,,0.0,,0.0,,0.0
,,,0.17343750596046448,,0.9921875,,,,,,,,,,,1.0,1.0,,,,,4870,,,,0.0,,0.0,,0.0
,,,0.1497395783662796,,1.0,,,,,,,,,,,1.0,1.0,,,,,4871,,,,0.0,,0.0,,0.0
,,,0.2944833040237427,,1.0,,,,,,,,,,,1.0,1.0,,,,,4872,,,,0.0,,0.0,,0.0
,,,0.1294642835855484,,1.0,,,,,,,,,,,1.0,1.0,,,,,4873,,,,0.0,,0.0,,0.0
,,,0.111328125,,1.0,,,,,,,,,,,1.0,1.0,,,,,4874,,,,0.0,,0.0,,0.0
,,,0.13273340463638306,,0.9842519760131836,,,,,,,,,,,1.0,1.0,,,,,4875,,,,0.0,,0.0,,0.0
52,0.8192736506462097,0.831755518913269,,0.9794622659683228,,,,,,,,,,,,,,206.08860778808594,9998.3017578125,5.328306198120117,267.53460693359375,11712,,,0.0,,0.0,,0.0,
52,,,,,,0.30206242203712463,,0.556485652923584,,9.396210670471191,,,,,,,,,,,,11712,0.6346840858459473,,,,,,,
,,,,,,,,,,,,,,0.00021300380082786381,0.03,,,,,,,11749,,,,,,,,
53,,,,,,,0.28148841857910156,,0.5414056777954102,,9.6171875,0.0002129723143298179,0.029999999329447746,,,1.0,1.0,,,,,11749,,0.3025088906288147,,,,,,
,,,,,,,,,,,,,,0.00021142875719102258,0.03,,,,,,,11799,,,,,,,,
53,,,,,,,0.29725486040115356,,0.5518900752067566,,9.40625,0.00021139724412932992,0.029999999329447746,,,1.0,1.0,,,,,11799,,0.7485947012901306,,,,,,
,,,,,,,,,,,,,,0.0002098530132291952,0.03,,,,,,,11849,,,,,,,,
53,,,,,,,0.2965613007545471,,0.5533447265625,,9.65625,0.00020982148998882622,0.029999999329447746,,,1.0,1.0,,,,,11849,,0.3984699249267578,,,,,,
,,,,,,,,,,,,,,0.00020827666721976416,0.03,,,,,,,11899,,,,,,,,
53,,,,,,,0.3231160342693329,,0.5710030198097229,,9.0234375,0.00020824513921979815,0.029999999329447746,,,1.0,1.0,,,,,11899,,0.8228099346160889,,,,,,
,,,0.1064453125,,0.9921875,,,,,,,,,,,1.0,1.0,,,,,4876,,,,0.0,,0.0,,0.0
,,,0.111328125,,0.984375,,,,,,,,,,,1.0,1.0,,,,,4877,,,,0.0,,0.0,,0.0
,,,0.22465163469314575,,0.9900990128517151,,,,,,,,,,,1.0,1.0,,,,,4878,,,,0.0,,0.0,,0.0
,,,0.2421875,,0.9921875,,,,,,,,,,,1.0,1.0,,,,,4879,,,,0.0,,0.0,,0.0
,,,0.19062499701976776,,0.9921875,,,,,,,,,,,1.0,1.0,,,,,4880,,,,0.0,,0.0,,0.0
,,,0.20112180709838867,,0.995192289352417,,,,,,,,,,,1.0,1.0,,,,,4881,,,,0.0,,0.0,,0.0
,,,0.078125,,0.984375,,,,,,,,,,,1.0,1.0,,,,,4882,,,,0.0,,0.0,,0.0
,,,0.0685763880610466,,0.9765625,,,,,,,,,,,1.0,1.0,,,,,4883,,,,0.0,,0.0,,0.0
,,,0.1605488806962967,,0.9725557565689087,,,,,,,,,,,1.0,1.0,,,,,4884,,,,0.0,,0.0,,0.0
,,,0.1536458283662796,,0.984375,,,,,,,,,,,1.0,1.0,,,,,4885,,,,0.0,,0.0,,0.0
,,,0.1316964328289032,,0.9921875,,,,,,,,,,,1.0,1.0,,,,,4886,,,,0.0,,0.0,,0.0
,,,0.1083984375,,0.984375,,,,,,,,,,,1.0,1.0,,,,,4887,,,,0.0,,0.0,,0.0
,,,0.21638095378875732,,0.9839999675750732,,,,,,,,,,,1.0,1.0,,,,,4888,,,,0.0,,0.0,,0.0
,,,0.1064453125,,0.984375,,,,,,,,,,,1.0,1.0,,,,,4889,,,,0.0,,0.0,,0.0
,,,0.0920138880610466,,0.9609375,,,,,,,,,,,1.0,1.0,,,,,4890,,,,0.0,,0.0,,0.0
,,,0.15364664793014526,,0.9789916276931763,,,,,,,,,,,1.0,1.0,,,,,4891,,,,0.0,,0.0,,0.0
,,,0.1106770858168602,,0.9375,,,,,,,,,,,1.0,1.0,,,,,4892,,,,0.0,,0.0,,0.0
,,,0.080078125,,0.953125,,,,,,,,,,,1.0,1.0,,,,,4893,,,,0.0,,0.0,,0.0
,,,0.15519481897354126,,0.9713203310966492,,,,,,,,,,,1.0,1.0,,,,,4894,,,,0.0,,0.0,,0.0
,,,0.08828125149011612,,0.96875,,,,,,,,,,,1.0,1.0,,,,,4895,,,,0.0,,0.0,,0.0
,,,0.1261160671710968,,0.9765625,,,,,,,,,,,1.0,1.0,,,,,4896,,,,0.0,,0.0,,0.0
,,,0.20902864634990692,,0.9749688506126404,,,,,,,,,,,1.0,1.0,,,,,4897,,,,0.0,,0.0,,0.0
,,,0.0946180522441864,,0.984375,,,,,,,,,,,1.0,1.0,,,,,4898,,,,0.0,,0.0,,0.0
,,,0.0972222238779068,,0.9921875,,,,,,,,,,,1.0,1.0,,,,,4899,,,,0.0,,0.0,,0.0
,,,0.22130542993545532,,0.9913793206214905,,,,,,,,,,,1.0,1.0,,,,,4900,,,,0.0,,0.0,,0.0
,,,0.1575520783662796,,0.96875,,,,,,,,,,,1.0,1.0,,,,,4901,,,,0.0,,0.0,,0.0
,,,0.109375,,0.984375,,,,,,,,,,,1.0,1.0,,,,,4902,,,,0.0,,0.0,,0.0
,,,0.22044025361537933,,0.9811320900917053,,,,,,,,,,,1.0,1.0,,,,,4903,,,,0.0,,0.0,,0.0
,,,0.10546875,,0.984375,,,,,,,,,,,1.0,1.0,,,,,4904,,,,0.0,,0.0,,0.0
,,,0.0824652761220932,,0.9609375,,,,,,,,,,,1.0,1.0,,,,,4905,,,,0.0,,0.0,,0.0
,,,0.18446573615074158,,0.9882352948188782,,,,,,,,,,,1.0,1.0,,,,,4906,,,,0.0,,0.0,,0.0
,,,0.0954861119389534,,0.984375,,,,,,,,,,,1.0,1.0,,,,,4907,,,,0.0,,0.0,,0.0
,,,0.1261160671710968,,1.0,,,,,,,,,,,1.0,1.0,,,,,4908,,,,0.0,,0.0,,0.0
,,,0.22703202068805695,,0.982758641242981,,,,,,,,,,,1.0,1.0,,,,,4909,,,,0.0,,0.0,,0.0
,,,0.23828125,,0.984375,,,,,,,,,,,1.0,1.0,,,,,4910,,,,0.0,,0.0,,0.0
,,,0.240234375,,1.0,,,,,,,,,,,1.0,1.0,,,,,4911,,,,0.0,,0.0,,0.0
,,,0.16060680150985718,,0.9686812162399292,,,,,,,,,,,1.0,1.0,,,,,4912,,,,0.0,,0.0,,0.0
,,,0.06562499701976776,,0.9921875,,,,,,,,,,,1.0,1.0,,,,,4913,,,,0.0,,0.0,,0.0
,,,0.0737847238779068,,0.984375,,,,,,,,,,,1.0,1.0,,,,,4914,,,,0.0,,0.0,,0.0
,,,0.15743589401245117,,0.9766788482666016,,,,,,,,,,,1.0,1.0,,,,,4915,,,,0.0,,0.0,,0.0
,,,0.115234375,,0.9921875,,,,,,,,,,,1.0,1.0,,,,,4916,,,,0.0,,0.0,,0.0
,,,0.1497395783662796,,0.984375,,,,,,,,,,,1.0,1.0,,,,,4917,,,,0.0,,0.0,,0.0
,,,0.22187499701976776,,0.9818181991577148,,,,,,,,,,,1.0,1.0,,,,,4918,,,,0.0,,0.0,,0.0
,,,0.1205357164144516,,0.96875,,,,,,,,,,,1.0,1.0,,,,,4919,,,,0.0,,0.0,,0.0
,,,0.1484375,,0.984375,,,,,,,,,,,1.0,1.0,,,,,4920,,,,0.0,,0.0,,0.0
,,,0.14580726623535156,,0.9546307921409607,,,,,,,,,,,1.0,1.0,,,,,4921,,,,0.0,,0.0,,0.0
,,,0.078125,,0.9609375,,,,,,,,,,,1.0,1.0,,,,,4922,,,,0.0,,0.0,,0.0
,,,0.0959821417927742,,0.9609375,,,,,,,,,,,1.0,1.0,,,,,4923,,,,0.0,,0.0,,0.0
,,,0.0755208358168602,,0.9453125,,,,,,,,,,,1.0,1.0,,,,,4924,,,,0.0,,0.0,,0.0
,,,0.11122047156095505,,0.9803149700164795,,,,,,,,,,,1.0,1.0,,,,,4925,,,,0.0,,0.0,,0.0
,,,0.109375,,0.984375,,,,,,,,,,,1.0,1.0,,,,,4926,,,,0.0,,0.0,,0.0
,,,0.1238839253783226,,0.96875,,,,,,,,,,,1.0,1.0,,,,,4927,,,,0.0,,0.0,,0.0
,,,0.1964798867702484,,0.9913793206214905,,,,,,,,,,,1.0,1.0,,,,,4928,,,,0.0,,0.0,,0.0
,,,0.08437500149011612,,0.9765625,,,,,,,,,,,1.0,1.0,,,,,4929,,,,0.0,,0.0,,0.0
,,,0.1261160671710968,,1.0,,,,,,,,,,,1.0,1.0,,,,,4930,,,,0.0,,0.0,,0.0
,,,0.2673267424106598,,0.985148549079895,,,,,,,,,,,1.0,1.0,,,,,4931,,,,0.0,,0.0,,0.0
,,,0.19218750298023224,,0.9765625,,,,,,,,,,,1.0,1.0,,,,,4932,,,,0.0,,0.0,,0.0
,,,0.1283482164144516,,0.9921875,,,,,,,,,,,1.0,1.0,,,,,4933,,,,0.0,,0.0,,0.0
,,,0.21484375,,0.984375,,,,,,,,,,,1.0,1.0,,,,,4934,,,,0.0,,0.0,,0.0
,,,0.0986328125,,0.96875,,,,,,,,,,,1.0,1.0,,,,,4935,,,,0.0,,0.0,,0.0
,,,0.0911458358168602,,0.984375,,,,,,,,,,,1.0,1.0,,,,,4936,,,,0.0,,0.0,,0.0
,,,0.24537256360054016,,1.0,,,,,,,,,,,1.0,1.0,,,,,4937,,,,0.0,,0.0,,0.0
,,,0.0954861119389534,,0.9921875,,,,,,,,,,,1.0,1.0,,,,,4938,,,,0.0,,0.0,,0.0
,,,0.1272321492433548,,0.984375,,,,,,,,,,,1.0,1.0,,,,,4939,,,,0.0,,0.0,,0.0
,,,0.2266961634159088,,0.9955751895904541,,,,,,,,,,,1.0,1.0,,,,,4940,,,,0.0,,0.0,,0.0
,,,0.19218750298023224,,0.9921875,,,,,,,,,,,1.0,1.0,,,,,4941,,,,0.0,,0.0,,0.0
,,,0.1575520783662796,,0.984375,,,,,,,,,,,1.0,1.0,,,,,4942,,,,0.0,,0.0,,0.0
,,,0.16353535652160645,,0.9909090995788574,,,,,,,,,,,1.0,1.0,,,,,4943,,,,0.0,,0.0,,0.0
,,,0.06484375149011612,,0.984375,,,,,,,,,,,1.0,1.0,,,,,4944,,,,0.0,,0.0,,0.0
,,,0.06562499701976776,,0.984375,,,,,,,,,,,1.0,1.0,,,,,4945,,,,0.0,,0.0,,0.0
,,,0.2380952537059784,,0.9861111044883728,,,,,,,,,,,1.0,1.0,,,,,4946,,,,0.0,,0.0,,0.0
,,,0.1283482164144516,,0.9921875,,,,,,,,,,,1.0,1.0,,,,,4947,,,,0.0,,0.0,,0.0
,,,0.1497395783662796,,0.984375,,,,,,,,,,,1.0,1.0,,,,,4948,,,,0.0,,0.0,,0.0
,,,0.22105087339878082,,0.9879518151283264,,,,,,,,,,,1.0,1.0,,,,,4949,,,,0.0,,0.0,,0.0
,,,0.1238839253783226,,0.96875,,,,,,,,,,,1.0,1.0,,,,,4950,,,,0.0,,0.0,,0.0
,,,0.1272321492433548,,0.984375,,,,,,,,,,,1.0,1.0,,,,,4951,,,,0.0,,0.0,,0.0
,,,0.13817162811756134,,0.9674051403999329,,,,,,,,,,,1.0,1.0,,,,,4952,,,,0.0,,0.0,,0.0
,,,0.0859375,,0.9453125,,,,,,,,,,,1.0,1.0,,,,,4953,,,,0.0,,0.0,,0.0
,,,0.0970982164144516,,0.9609375,,,,,,,,,,,1.0,1.0,,,,,4954,,,,0.0,,0.0,,0.0
,,,0.17681801319122314,,0.9706533551216125,,,,,,,,,,,1.0,1.0,,,,,4955,,,,0.0,,0.0,,0.0
,,,0.0859375,,0.9609375,,,,,,,,,,,1.0,1.0,,,,,4956,,,,0.0,,0.0,,0.0
,,,0.17656250298023224,,0.9765625,,,,,,,,,,,1.0,1.0,,,,,4957,,,,0.0,,0.0,,0.0
,,,0.25901466608047485,,0.9845360517501831,,,,,,,,,,,1.0,1.0,,,,,4958,,,,0.0,,0.0,,0.0
,,,0.0972222238779068,,0.9765625,,,,,,,,,,,1.0,1.0,,,,,4959,,,,0.0,,0.0,,0.0
,,,0.09375,,0.984375,,,,,,,,,,,1.0,1.0,,,,,4960,,,,0.0,,0.0,,0.0
,,,0.2678571343421936,,1.0,,,,,,,,,,,1.0,1.0,,,,,4961,,,,0.0,,0.0,,0.0
,,,0.1123046875,,0.9765625,,,,,,,,,,,1.0,1.0,,,,,4962,,,,0.0,,0.0,,0.0
,,,0.1261160671710968,,0.9765625,,,,,,,,,,,1.0,1.0,,,,,4963,,,,0.0,,0.0,,0.0
,,,0.2252192199230194,,0.9502719640731812,,,,,,,,,,,1.0,1.0,,,,,4964,,,,0.0,,0.0,,0.0
,,,0.1194196417927742,,0.9765625,,,,,,,,,,,1.0,1.0,,,,,4965,,,,0.0,,0.0,,0.0
,,,0.0842013880610466,,0.9765625,,,,,,,,,,,1.0,1.0,,,,,4966,,,,0.0,,0.0,,0.0
,,,0.1053149625658989,,0.9763779640197754,,,,,,,,,,,1.0,1.0,,,,,4967,,,,0.0,,0.0,,0.0
53,0.8167532682418823,0.8367999792098999,,0.9794345498085022,,,,,,,,,,,,,,207.95314025878906,7976.22021484375,5.337312698364258,262.0982360839844,11933,,,0.0,,0.0,,0.0,
53,,,,,,0.2967548668384552,,0.5507773160934448,,9.386312484741211,,,,,,,,,,,,11933,0.6526920199394226,,,,,,,
,,,,,,,,,,,,,,0.00020669981747766132,0.03,,,,,,,11949,,,,,,,,
54,,,,,,,0.3010047376155853,,0.5509219169616699,,9.1171875,0.0002066682791337371,0.029999999329447746,,,1.0,1.0,,,,,11949,,0.723615288734436,,,,,,
,,,,,,,,,,,,,,0.00020512256234923615,0.03,,,,,,,11999,,,,,,,,
54,,,,,,,0.3146551251411438,,0.5648458003997803,,9.125,0.00020509101159404963,0.029999999329447746,,,1.0,1.0,,,,,11999,,0.7716442346572876,,,,,,
,,,,,,,,,,,,,,0.00020354500020612065,0.03,,,,,,,12049,,,,,,,,
54,,,,,,,0.30404841899871826,,0.5539110898971558,,9.0859375,0.0002035134530160576,0.029999999329447746,,,1.0,1.0,,,,,12049,,0.7374893426895142,,,,,,
,,,,,,,,,,,,,,0.00020196722943909573,0.03,,,,,,,12099,,,,,,,,
54,,,,,,,0.2924994230270386,,0.5415043234825134,,9.171875,0.00020193567615933716,0.029999999329447746,,,1.0,1.0,,,,,12099,,0.7338385581970215,,,,,,
,,,,,,,,,,,,,,0.00020038934845195382,0.03,,,,,,,12149,,,,,,,,
54,,,,,,,0.2947739362716675,,0.5660769939422607,,10.1328125,0.00020035779743921012,0.029999999329447746,,,1.0,1.0,,,,,12149,,0.5950011014938354,,,,,,
,,,0.1283482164144516,,0.9921875,,,,,,,,,,,1.0,1.0,,,,,4968,,,,0.0,,0.0,,0.0
,,,0.1471354216337204,,1.0,,,,,,,,,,,1.0,1.0,,,,,4969,,,,0.0,,0.0,,0.0
,,,0.2271268665790558,,0.9900990128517151,,,,,,,,,,,1.0,1.0,,,,,4970,,,,0.0,,0.0,,0.0
,,,0.1588541716337204,,0.9921875,,,,,,,,,,,1.0,1.0,,,,,4971,,,,0.0,,0.0,,0.0
,,,0.236328125,,0.984375,,,,,,,,,,,1.0,1.0,,,,,4972,,,,0.0,,0.0,,0.0
,,,0.2489316165447235,,0.990384578704834,,,,,,,,,,,1.0,1.0,,,,,4973,,,,0.0,,0.0,,0.0
,,,0.0659722238779068,,0.9921875,,,,,,,,,,,1.0,1.0,,,,,4974,,,,0.0,,0.0,,0.0
,,,0.0720486119389534,,0.984375,,,,,,,,,,,1.0,1.0,,,,,4975,,,,0.0,,0.0,,0.0
,,,0.15145796537399292,,0.9952830076217651,,,,,,,,,,,1.0,1.0,,,,,4976,,,,0.0,,0.0,,0.0
,,,0.0963541641831398,,0.9921875,,,,,,,,,,,1.0,1.0,,,,,4977,,,,0.0,,0.0,,0.0
,,,0.1044921875,,0.984375,,,,,,,,,,,1.0,1.0,,,,,4978,,,,0.0,,0.0,,0.0
,,,0.1419270783662796,,1.0,,,,,,,,,,,1.0,1.0,,,,,4979,,,,0.0,,0.0,,0.0
,,,0.16829629242420197,,0.9839999675750732,,,,,,,,,,,1.0,1.0,,,,,4980,,,,0.0,,0.0,,0.0
,,,0.0954861119389534,,0.9765625,,,,,,,,,,,1.0,1.0,,,,,4981,,,,0.0,,0.0,,0.0
,,,0.1261160671710968,,0.953125,,,,,,,,,,,1.0,1.0,,,,,4982,,,,0.0,,0.0,,0.0
,,,0.19596171379089355,,0.9915966391563416,,,,,,,,,,,1.0,1.0,,,,,4983,,,,0.0,,0.0,,0.0
,,,0.1236979141831398,,0.984375,,,,,,,,,,,1.0,1.0,,,,,4984,,,,0.0,,0.0,,0.0
,,,0.1127232164144516,,1.0,,,,,,,,,,,1.0,1.0,,,,,4985,,,,0.0,,0.0,,0.0
,,,0.17496392130851746,,0.9594155550003052,,,,,,,,,,,1.0,1.0,,,,,4986,,,,0.0,,0.0,,0.0
,,,0.08046875149011612,,0.9296875,,,,,,,,,,,1.0,1.0,,,,,4987,,,,0.0,,0.0,,0.0
,,,0.1015625,,0.9609375,,,,,,,,,,,1.0,1.0,,,,,4988,,,,0.0,,0.0,,0.0
,,,0.1539975106716156,,0.9430884122848511,,,,,,,,,,,1.0,1.0,,,,,4989,,,,0.0,,0.0,,0.0
,,,0.095703125,,0.96875,,,,,,,,,,,1.0,1.0,,,,,4990,,,,0.0,,0.0,,0.0
,,,0.10546875,,0.96875,,,,,,,,,,,1.0,1.0,,,,,4991,,,,0.0,,0.0,,0.0
,,,0.19135195016860962,,0.984236478805542,,,,,,,,,,,1.0,1.0,,,,,4992,,,,0.0,,0.0,,0.0
,,,0.1497395783662796,,0.9921875,,,,,,,,,,,1.0,1.0,,,,,4993,,,,0.0,,0.0,,0.0
,,,0.1510416716337204,,0.9921875,,,,,,,,,,,1.0,1.0,,,,,4994,,,,0.0,,0.0,,0.0
,,,0.24891284108161926,,0.9905660152435303,,,,,,,,,,,1.0,1.0,,,,,4995,,,,0.0,,0.0,,0.0
,,,0.1497395783662796,,0.984375,,,,,,,,,,,1.0,1.0,,,,,4996,,,,0.0,,0.0,,0.0
,,,0.1064453125,,1.0,,,,,,,,,,,1.0,1.0,,,,,4997,,,,0.0,,0.0,,0.0
,,,0.30205199122428894,,0.9882352948188782,,,,,,,,,,,1.0,1.0,,,,,4998,,,,0.0,,0.0,,0.0
,,,0.125,,0.9921875,,,,,,,,,,,1.0,1.0,,,,,4999,,,,0.0,,0.0,,0.0
,,,0.1238839253783226,,1.0,,,,,,,,,,,1.0,1.0,,,,,5000,,,,0.0,,0.0,,0.0
,,,0.3142036199569702,,0.982758641242981,,,,,,,,,,,1.0,1.0,,,,,5001,,,,0.0,,0.0,,0.0
,,,0.15625,,0.9765625,,,,,,,,,,,1.0,1.0,,,,,5002,,,,0.0,,0.0,,0.0
,,,0.18906250596046448,,0.9921875,,,,,,,,,,,1.0,1.0,,,,,5003,,,,0.0,,0.0,,0.0
,,,0.19329582154750824,,0.9761438369750977,,,,,,,,,,,1.0,1.0,,,,,5004,,,,0.0,,0.0,,0.0
,,,0.06171875074505806,,0.9921875,,,,,,,,,,,1.0,1.0,,,,,5005,,,,0.0,,0.0,,0.0
,,,0.0755208358168602,,0.9921875,,,,,,,,,,,1.0,1.0,,,,,5006,,,,0.0,,0.0,,0.0
,,,0.14652015268802643,,0.9920635223388672,,,,,,,,,,,1.0,1.0,,,,,5007,,,,0.0,,0.0,,0.0
,,,0.14453125,,0.9921875,,,,,,,,,,,1.0,1.0,,,,,5008,,,,0.0,,0.0,,0.0
,,,0.103515625,,0.984375,,,,,,,,,,,1.0,1.0,,,,,5009,,,,0.0,,0.0,,0.0
,,,0.21619316935539246,,0.987500011920929,,,,,,,,,,,1.0,1.0,,,,,5010,,,,0.0,,0.0,,0.0
,,,0.1025390625,,0.96875,,,,,,,,,,,1.0,1.0,,,,,5011,,,,0.0,,0.0,,0.0
,,,0.1123046875,,0.9765625,,,,,,,,,,,1.0,1.0,,,,,5012,,,,0.0,,0.0,,0.0
,,,0.2049436867237091,,0.9693366289138794,,,,,,,,,,,1.0,1.0,,,,,5013,,,,0.0,,0.0,,0.0
,,,0.1302083283662796,,0.9921875,,,,,,,,,,,1.0,1.0,,,,,5014,,,,0.0,,0.0,,0.0
,,,0.1104910746216774,,0.984375,,,,,,,,,,,1.0,1.0,,,,,5015,,,,0.0,,0.0,,0.0
,,,0.109375,,0.984375,,,,,,,,,,,1.0,1.0,,,,,5016,,,,0.0,,0.0,,0.0
,,,0.1053149625658989,,0.9763779640197754,,,,,,,,,,,1.0,1.0,,,,,5017,,,,0.0,,0.0,,0.0
,,,0.0920138880610466,,0.9453125,,,,,,,,,,,1.0,1.0,,,,,5018,,,,0.0,,0.0,,0.0
,,,0.1116071417927742,,0.9609375,,,,,,,,,,,1.0,1.0,,,,,5019,,,,0.0,,0.0,,0.0
,,,0.1284482777118683,,0.9454022645950317,,,,,,,,,,,1.0,1.0,,,,,5020,,,,0.0,,0.0,,0.0
,,,0.07734374701976776,,0.9609375,,,,,,,,,,,1.0,1.0,,,,,5021,,,,0.0,,0.0,,0.0
,,,0.0859375,,0.9765625,,,,,,,,,,,1.0,1.0,,,,,5022,,,,0.0,,0.0,,0.0
,,,0.2166299968957901,,1.0,,,,,,,,,,,1.0,1.0,,,,,5023,,,,0.0,,0.0,,0.0
,,,0.1536458283662796,,0.984375,,,,,,,,,,,1.0,1.0,,,,,5024,,,,0.0,,0.0,,0.0
,,,0.1497395783662796,,0.9921875,,,,,,,,,,,1.0,1.0,,,,,5025,,,,0.0,,0.0,,0.0
,,,0.2529761791229248,,0.9895833730697632,,,,,,,,,,,1.0,1.0,,,,,5026,,,,0.0,,0.0,,0.0
,,,0.107421875,,0.9921875,,,,,,,,,,,1.0,1.0,,,,,5027,,,,0.0,,0.0,,0.0
,,,0.0980902761220932,,0.984375,,,,,,,,,,,1.0,1.0,,,,,5028,,,,0.0,,0.0,,0.0
,,,0.2979881763458252,,0.988095223903656,,,,,,,,,,,1.0,1.0,,,,,5029,,,,0.0,,0.0,,0.0
,,,0.1238839253783226,,0.9921875,,,,,,,,,,,1.0,1.0,,,,,5030,,,,0.0,,0.0,,0.0
,,,0.1261160671710968,,0.984375,,,,,,,,,,,1.0,1.0,,,,,5031,,,,0.0,,0.0,,0.0
,,,0.3244837820529938,,0.9955751895904541,,,,,,,,,,,1.0,1.0,,,,,5032,,,,0.0,,0.0,,0.0
,,,0.18906250596046448,,0.984375,,,,,,,,,,,1.0,1.0,,,,,5033,,,,0.0,,0.0,,0.0
,,,0.1575520783662796,,0.9765625,,,,,,,,,,,1.0,1.0,,,,,5034,,,,0.0,,0.0,,0.0
,,,0.19987373054027557,,0.9954545497894287,,,,,,,,,,,1.0,1.0,,,,,5035,,,,0.0,,0.0,,0.0
,,,0.06015624850988388,,0.9921875,,,,,,,,,,,1.0,1.0,,,,,5036,,,,0.0,,0.0,,0.0
,,,0.06171875074505806,,0.9921875,,,,,,,,,,,1.0,1.0,,,,,5037,,,,0.0,,0.0,,0.0
,,,0.1962963044643402,,0.9953703880310059,,,,,,,,,,,1.0,1.0,,,,,5038,,,,0.0,,0.0,,0.0
,,,0.1216517835855484,,0.984375,,,,,,,,,,,1.0,1.0,,,,,5039,,,,0.0,,0.0,,0.0
,,,0.1183035746216774,,1.0,,,,,,,,,,,1.0,1.0,,,,,5040,,,,0.0,,0.0,,0.0
,,,0.2197791188955307,,0.9879518151283264,,,,,,,,,,,1.0,1.0,,,,,5041,,,,0.0,,0.0,,0.0
,,,0.1044921875,,0.96875,,,,,,,,,,,1.0,1.0,,,,,5042,,,,0.0,,0.0,,0.0
,,,0.1536458283662796,,0.9765625,,,,,,,,,,,1.0,1.0,,,,,5043,,,,0.0,,0.0,,0.0
,,,0.2052457332611084,,0.9738986492156982,,,,,,,,,,,1.0,1.0,,,,,5044,,,,0.0,,0.0,,0.0
,,,0.1104910746216774,,0.984375,,,,,,,,,,,1.0,1.0,,,,,5045,,,,0.0,,0.0,,0.0
,,,0.09765625,,0.9921875,,,,,,,,,,,1.0,1.0,,,,,5046,,,,0.0,,0.0,,0.0
,,,0.21054816246032715,,0.9883720874786377,,,,,,,,,,,1.0,1.0,,,,,5047,,,,0.0,,0.0,,0.0
,,,0.0859375,,0.9375,,,,,,,,,,,1.0,1.0,,,,,5048,,,,0.0,,0.0,,0.0
,,,0.0911458358168602,,0.9609375,,,,,,,,,,,1.0,1.0,,,,,5049,,,,0.0,,0.0,,0.0
,,,0.24262435734272003,,0.9742268323898315,,,,,,,,,,,1.0,1.0,,,,,5050,,,,0.0,,0.0,,0.0
,,,0.07578124850988388,,0.96875,,,,,,,,,,,1.0,1.0,,,,,5051,,,,0.0,,0.0,,0.0
,,,0.078125,,0.96875,,,,,,,,,,,1.0,1.0,,,,,5052,,,,0.0,,0.0,,0.0
,,,0.1994047611951828,,0.9910714626312256,,,,,,,,,,,1.0,1.0,,,,,5053,,,,0.0,,0.0,,0.0
,,,0.1497395783662796,,0.9921875,,,,,,,,,,,1.0,1.0,,,,,5054,,,,0.0,,0.0,,0.0
,,,0.1458333283662796,,0.9921875,,,,,,,,,,,1.0,1.0,,,,,5055,,,,0.0,,0.0,,0.0
,,,0.30678582191467285,,1.0,,,,,,,,,,,1.0,1.0,,,,,5056,,,,0.0,,0.0,,0.0
,,,0.1458333283662796,,0.9765625,,,,,,,,,,,1.0,1.0,,,,,5057,,,,0.0,,0.0,,0.0
,,,0.10546875,,0.9921875,,,,,,,,,,,1.0,1.0,,,,,5058,,,,0.0,,0.0,,0.0
,,,0.09973753243684769,,0.9842519760131836,,,,,,,,,,,1.0,1.0,,,,,5059,,,,0.0,,0.0,,0.0
54,0.8184853792190552,0.8342851400375366,,0.981813371181488,,,,,,,,,,,,,,210.0992431640625,8511.009765625,5.3475799560546875,264.2778625488281,12154,,,0.0,,0.0,,0.0,
54,,,,,,0.29371482133865356,,0.5468920469284058,,9.358455657958984,,,,,,,,,,,,12154,0.6298085451126099,,,,,,,
,,,,,,,,,,,,,,0.0001988114556553613,0.03,,,,,,,12199,,,,,,,,
55,,,,,,,0.3205605745315552,,0.5732476115226746,,9.1953125,0.00019877990416716784,0.029999999329447746,,,1.0,1.0,,,,,12199,,0.7358989715576172,,,,,,
,,,,,,,,,,,,,,0.0001972336494607214,0.03,,,,,,,12249,,,,,,,,
55,,,,,,,0.29586541652679443,,0.5438541173934937,,9.0546875,0.00019720209820661694,0.029999999329447746,,,1.0,1.0,,,,,12249,,0.523408055305481,,,,,,
,,,,,,,,,,,,,,0.00019565602827403632,0.03,,,,,,,12299,,,,,,,,
55,,,,,,,0.2648240327835083,,0.5060740113258362,,8.8984375,0.000195624481420964,0.029999999329447746,,,1.0,1.0,,,,,12299,,0.5699601173400879,,,,,,
,,,,,,,,,,,,,,0.00019407869048976889,0.03,,,,,,,12349,,,,,,,,
55,,,,,,,0.2948397099971771,,0.5419653654098511,,9.1640625,0.0001940471411217004,0.029999999329447746,,,1.0,1.0,,,,,12349,,0.6686511039733887,,,,,,
,,,0.1025390625,,0.9921875,,,,,,,,,,,1.0,1.0,,,,,5060,,,,0.0,,0.0,,0.0
,,,0.1227678582072258,,1.0,,,,,,,,,,,1.0,1.0,,,,,5061,,,,0.0,,0.0,,0.0
,,,0.2218555212020874,,0.985148549079895,,,,,,,,,,,1.0,1.0,,,,,5062,,,,0.0,,0.0,,0.0
,,,0.18593749403953552,,0.9921875,,,,,,,,,,,1.0,1.0,,,,,5063,,,,0.0,,0.0,,0.0
,,,0.1328125,,0.9765625,,,,,,,,,,,1.0,1.0,,,,,5064,,,,0.0,,0.0,,0.0
,,,0.2211538553237915,,0.990384578704834,,,,,,,,,,,1.0,1.0,,,,,5065,,,,0.0,,0.0,,0.0
,,,0.06406249850988388,,0.984375,,,,,,,,,,,1.0,1.0,,,,,5066,,,,0.0,,0.0,,0.0
,,,0.0772569477558136,,0.984375,,,,,,,,,,,1.0,1.0,,,,,5067,,,,0.0,,0.0,,0.0
,,,0.14296740293502808,,0.9584047794342041,,,,,,,,,,,1.0,1.0,,,,,5068,,,,0.0,,0.0,,0.0
,,,0.19218750298023224,,1.0,,,,,,,,,,,1.0,1.0,,,,,5069,,,,0.0,,0.0,,0.0
,,,0.1316964328289032,,0.9921875,,,,,,,,,,,1.0,1.0,,,,,5070,,,,0.0,,0.0,,0.0
,,,0.1510416716337204,,0.984375,,,,,,,,,,,1.0,1.0,,,,,5071,,,,0.0,,0.0,,0.0
,,,0.226666659116745,,0.9839999675750732,,,,,,,,,,,1.0,1.0,,,,,5072,,,,0.0,,0.0,,0.0
,,,0.0954861119389534,,0.9921875,,,,,,,,,,,1.0,1.0,,,,,5073,,,,0.0,,0.0,,0.0
,,,0.0946180522441864,,0.9765625,,,,,,,,,,,1.0,1.0,,,,,5074,,,,0.0,,0.0,,0.0
,,,0.2314259111881256,,0.9915966391563416,,,,,,,,,,,1.0,1.0,,,,,5075,,,,0.0,,0.0,,0.0
,,,0.0959821417927742,,0.9765625,,,,,,,,,,,1.0,1.0,,,,,5076,,,,0.0,,0.0,,0.0
,,,0.0869140625,,0.9921875,,,,,,,,,,,1.0,1.0,,,,,5077,,,,0.0,,0.0,,0.0
,,,0.24335187673568726,,0.9772727489471436,,,,,,,,,,,1.0,1.0,,,,,5078,,,,0.0,,0.0,,0.0
,,,0.1536458283662796,,1.0,,,,,,,,,,,1.0,1.0,,,,,5079,,,,0.0,,0.0,,0.0
,,,0.2421875,,1.0,,,,,,,,,,,1.0,1.0,,,,,5080,,,,0.0,,0.0,,0.0
,,,0.16854295134544373,,0.9931507110595703,,,,,,,,,,,1.0,1.0,,,,,5081,,,,0.0,,0.0,,0.0
,,,0.0920138880610466,,0.9921875,,,,,,,,,,,1.0,1.0,,,,,5082,,,,0.0,,0.0,,0.0
,,,0.0954861119389534,,0.9921875,,,,,,,,,,,1.0,1.0,,,,,5083,,,,0.0,,0.0,,0.0
,,,0.19261083006858826,,1.0,,,,,,,,,,,1.0,1.0,,,,,5084,,,,0.0,,0.0,,0.0
,,,0.232421875,,1.0,,,,,,,,,,,1.0,1.0,,,,,5085,,,,0.0,,0.0,,0.0
,,,0.1875,,1.0,,,,,,,,,,,1.0,1.0,,,,,5086,,,,0.0,,0.0,,0.0
,,,0.2804192900657654,,0.9716981053352356,,,,,,,,,,,1.0,1.0,,,,,5087,,,,0.0,,0.0,,0.0
,,,0.0894097238779068,,0.9921875,,,,,,,,,,,1.0,1.0,,,,,5088,,,,0.0,,0.0,,0.0
,,,0.07421875,,0.9765625,,,,,,,,,,,1.0,1.0,,,,,5089,,,,0.0,,0.0,,0.0
,,,0.198700413107872,,0.9823529720306396,,,,,,,,,,,1.0,1.0,,,,,5090,,,,0.0,,0.0,,0.0
,,,0.099609375,,0.9921875,,,,,,,,,,,1.0,1.0,,,,,5091,,,,0.0,,0.0,,0.0
,,,0.103515625,,0.9921875,,,,,,,,,,,1.0,1.0,,,,,5092,,,,0.0,,0.0,,0.0
,,,0.25045740604400635,,0.982758641242981,,,,,,,,,,,1.0,1.0,,,,,5093,,,,0.0,,0.0,,0.0
,,,0.1142578125,,0.984375,,,,,,,,,,,1.0,1.0,,,,,5094,,,,0.0,,0.0,,0.0
,,,0.15625,,0.984375,,,,,,,,,,,1.0,1.0,,,,,5095,,,,0.0,,0.0,,0.0
,,,0.16983389854431152,,0.9761438369750977,,,,,,,,,,,1.0,1.0,,,,,5096,,,,0.0,,0.0,,0.0
,,,0.06953124701976776,,0.9921875,,,,,,,,,,,1.0,1.0,,,,,5097,,,,0.0,,0.0,,0.0
,,,0.06796874850988388,,0.984375,,,,,,,,,,,1.0,1.0,,,,,5098,,,,0.0,,0.0,,0.0
,,,0.15103785693645477,,0.9841269850730896,,,,,,,,,,,1.0,1.0,,,,,5099,,,,0.0,,0.0,,0.0
,,,0.2421875,,1.0,,,,,,,,,,,1.0,1.0,,,,,5100,,,,0.0,,0.0,,0.0
,,,0.1510416716337204,,0.984375,,,,,,,,,,,1.0,1.0,,,,,5101,,,,0.0,,0.0,,0.0
,,,0.26363635063171387,,0.9750000238418579,,,,,,,,,,,1.0,1.0,,,,,5102,,,,0.0,,0.0,,0.0
,,,0.125,,0.96875,,,,,,,,,,,1.0,1.0,,,,,5103,,,,0.0,,0.0,,0.0
,,,0.1006944477558136,,0.9921875,,,,,,,,,,,1.0,1.0,,,,,5104,,,,0.0,,0.0,,0.0
,,,0.18624843657016754,,0.9893617033958435,,,,,,,,,,,1.0,1.0,,,,,5105,,,,0.0,,0.0,,0.0
,,,0.08984375,,0.984375,,,,,,,,,,,1.0,1.0,,,,,5106,,,,0.0,,0.0,,0.0
,,,0.0982142835855484,,0.984375,,,,,,,,,,,1.0,1.0,,,,,5107,,,,0.0,,0.0,,0.0
,,,0.091796875,,0.9765625,,,,,,,,,,,1.0,1.0,,,,,5108,,,,0.0,,0.0,,0.0
,,,0.1587926596403122,,1.0,,,,,,,,,,,1.0,1.0,,,,,5109,,,,0.0,,0.0,,0.0
,,,0.232421875,,1.0,,,,,,,,,,,1.0,1.0,,,,,5110,,,,0.0,,0.0,,0.0
,,,0.1328125,,1.0,,,,,,,,,,,1.0,1.0,,,,,5111,,,,0.0,,0.0,,0.0
,,,0.1652298867702484,,0.9956896305084229,,,,,,,,,,,1.0,1.0,,,,,5112,,,,0.0,,0.0,,0.0
,,,0.0928819477558136,,1.0,,,,,,,,,,,1.0,1.0,,,,,5113,,,,0.0,,0.0,,0.0
,,,0.0963541641831398,,1.0,,,,,,,,,,,1.0,1.0,,,,,5114,,,,0.0,,0.0,,0.0
,,,0.21539238095283508,,0.9950494766235352,,,,,,,,,,,1.0,1.0,,,,,5115,,,,0.0,,0.0,,0.0
,,,0.236328125,,1.0,,,,,,,,,,,1.0,1.0,,,,,5116,,,,0.0,,0.0,,0.0
,,,0.18906250596046448,,1.0,,,,,,,,,,,1.0,1.0,,,,,5117,,,,0.0,,0.0,,0.0
,,,0.2470238208770752,,0.9895833730697632,,,,,,,,,,,1.0,1.0,,,,,5118,,,,0.0,,0.0,,0.0
,,,0.07656250149011612,,0.984375,,,,,,,,,,,1.0,1.0,,,,,5119,,,,0.0,,0.0,,0.0
,,,0.078125,,0.984375,,,,,,,,,,,1.0,1.0,,,,,5120,,,,0.0,,0.0,,0.0
,,,0.20819491147994995,,0.976190447807312,,,,,,,,,,,1.0,1.0,,,,,5121,,,,0.0,,0.0,,0.0
,,,0.07890625298023224,,0.9921875,,,,,,,,,,,1.0,1.0,,,,,5122,,,,0.0,,0.0,,0.0
,,,0.1160714253783226,,0.9765625,,,,,,,,,,,1.0,1.0,,,,,5123,,,,0.0,,0.0,,0.0
,,,0.27180784940719604,,1.0,,,,,,,,,,,1.0,1.0,,,,,5124,,,,0.0,,0.0,,0.0
,,,0.1575520783662796,,0.984375,,,,,,,,,,,1.0,1.0,,,,,5125,,,,0.0,,0.0,,0.0
,,,0.1549479216337204,,0.9765625,,,,,,,,,,,1.0,1.0,,,,,5126,,,,0.0,,0.0,,0.0
,,,0.14696969091892242,,0.9954545497894287,,,,,,,,,,,1.0,1.0,,,,,5127,,,,0.0,,0.0,,0.0
,,,0.07421875,,0.984375,,,,,,,,,,,1.0,1.0,,,,,5128,,,,0.0,,0.0,,0.0
,,,0.0625,,0.9765625,,,,,,,,,,,1.0,1.0,,,,,5129,,,,0.0,,0.0,,0.0
,,,0.1918981522321701,,0.9750000238418579,,,,,,,,,,,1.0,1.0,,,,,5130,,,,0.0,,0.0,,0.0
,,,0.18906250596046448,,0.9921875,,,,,,,,,,,1.0,1.0,,,,,5131,,,,0.0,,0.0,,0.0
,,,0.18281249701976776,,0.9921875,,,,,,,,,,,1.0,1.0,,,,,5132,,,,0.0,,0.0,,0.0
,,,0.3081659972667694,,0.981927752494812,,,,,,,,,,,1.0,1.0,,,,,5133,,,,0.0,,0.0,,0.0
,,,0.1261160671710968,,0.9765625,,,,,,,,,,,1.0,1.0,,,,,5134,,,,0.0,,0.0,,0.0
,,,0.1142578125,,0.984375,,,,,,,,,,,1.0,1.0,,,,,5135,,,,0.0,,0.0,,0.0
,,,0.19547364115715027,,1.0,,,,,,,,,,,1.0,1.0,,,,,5136,,,,0.0,,0.0,,0.0
,,,0.083984375,,0.9765625,,,,,,,,,,,1.0,1.0,,,,,5137,,,,0.0,,0.0,,0.0
,,,0.0859375,,0.9921875,,,,,,,,,,,1.0,1.0,,,,,5138,,,,0.0,,0.0,,0.0
,,,0.21352437138557434,,0.9825581312179565,,,,,,,,,,,1.0,1.0,,,,,5139,,,,0.0,,0.0,,0.0
,,,0.1536458283662796,,1.0,,,,,,,,,,,1.0,1.0,,,,,5140,,,,0.0,,0.0,,0.0
,,,0.23828125,,1.0,,,,,,,,,,,1.0,1.0,,,,,5141,,,,0.0,,0.0,,0.0
,,,0.2632429003715515,,0.9948453903198242,,,,,,,,,,,1.0,1.0,,,,,5142,,,,0.0,,0.0,,0.0
,,,0.0911458358168602,,0.9921875,,,,,,,,,,,1.0,1.0,,,,,5143,,,,0.0,,0.0,,0.0
,,,0.0911458358168602,,1.0,,,,,,,,,,,1.0,1.0,,,,,5144,,,,0.0,,0.0,,0.0
,,,0.18125000596046448,,1.0,,,,,,,,,,,1.0,1.0,,,,,5145,,,,0.0,,0.0,,0.0
,,,0.2265625,,0.9921875,,,,,,,,,,,1.0,1.0,,,,,5146,,,,0.0,,0.0,,0.0
,,,0.18281249701976776,,1.0,,,,,,,,,,,1.0,1.0,,,,,5147,,,,0.0,,0.0,,0.0
,,,0.33519816398620605,,0.9545454978942871,,,,,,,,,,,1.0,1.0,,,,,5148,,,,0.0,,0.0,,0.0
,,,0.1005859375,,0.9765625,,,,,,,,,,,1.0,1.0,,,,,5149,,,,0.0,,0.0,,0.0
,,,0.07343749701976776,,0.9765625,,,,,,,,,,,1.0,1.0,,,,,5150,,,,0.0,,0.0,,0.0
,,,0.08573928475379944,,0.9763779640197754,,,,,,,,,,,1.0,1.0,,,,,5151,,,,0.0,,0.0,,0.0
55,0.822998046875,0.8387976288795471,,0.9880205392837524,,,,,,,,,,,,,,211.72850036621094,8604.6533203125,5.355304718017578,258.3772888183594,12375,,,0.0,,0.0,,0.0,
55,,,,,,0.2918570339679718,,0.5431854724884033,,9.26771068572998,,,,,,,,,,,,12375,0.6190769672393799,,,,,,,
,,,,,,,,,,,,,,0.00019250173448470697,0.03,,,,,,,12399,,,,,,,,
56,,,,,,,0.29975831508636475,,0.5603468418121338,,9.6875,0.00019247019372414798,0.029999999329447746,,,1.0,1.0,,,,,12399,,0.5355387926101685,,,,,,
,,,,,,,,,,,,,,0.00019092525861182682,0.03,,,,,,,12449,,,,,,,,
56,,,,,,,0.2718721032142639,,0.5160136818885803,,8.90625,0.0001908937410917133,0.029999999329447746,,,1.0,1.0,,,,,12449,,0.6731407046318054,,,,,,
,,,,,,,,,,,,,,0.00018934936119416004,0.03,,,,,,,12499,,,,,,,,
56,,,,,,,0.2923790216445923,,0.5569875240325928,,9.7734375,0.00018931785598397255,0.029999999329447746,,,1.0,1.0,,,,,12499,,0.6374875903129578,,,,,,
,,,,,,,,,,,,,,0.0001877741405186602,0.03,,,,,,,12549,,,,,,,,
56,,,,,,,0.2989385724067688,,0.5483291745185852,,9.140625,0.0001877426402643323,0.029999999329447746,,,1.0,1.0,,,,,12549,,0.560530960559845,,,,,,
,,,0.10546875,,0.984375,,,,,,,,,,,1.0,1.0,,,,,5152,,,,0.0,,0.0,,0.0
,,,0.1261160671710968,,1.0,,,,,,,,,,,1.0,1.0,,,,,5153,,,,0.0,,0.0,,0.0
,,,0.24862486124038696,,0.9950494766235352,,,,,,,,,,,1.0,1.0,,,,,5154,,,,0.0,,0.0,,0.0
,,,0.1536458283662796,,0.984375,,,,,,,,,,,1.0,1.0,,,,,5155,,,,0.0,,0.0,,0.0
,,,0.111328125,,0.984375,,,,,,,,,,,1.0,1.0,,,,,5156,,,,0.0,,0.0,,0.0
,,,0.24954211711883545,,0.990384578704834,,,,,,,,,,,1.0,1.0,,,,,5157,,,,0.0,,0.0,,0.0
,,,0.08124999701976776,,0.9921875,,,,,,,,,,,1.0,1.0,,,,,5158,,,,0.0,,0.0,,0.0
,,,0.07890625298023224,,0.984375,,,,,,,,,,,1.0,1.0,,,,,5159,,,,0.0,,0.0,,0.0
,,,0.16183534264564514,,0.9772727489471436,,,,,,,,,,,1.0,1.0,,,,,5160,,,,0.0,,0.0,,0.0
,,,0.240234375,,1.0,,,,,,,,,,,1.0,1.0,,,,,5161,,,,0.0,,0.0,,0.0
,,,0.1549479216337204,,0.9921875,,,,,,,,,,,1.0,1.0,,,,,5162,,,,0.0,,0.0,,0.0
,,,0.15234375,,0.9921875,,,,,,,,,,,1.0,1.0,,,,,5163,,,,0.0,,0.0,,0.0
,,,0.3173333406448364,,0.9959999918937683,,,,,,,,,,,1.0,1.0,,,,,5164,,,,0.0,,0.0,,0.0
,,,0.10546875,,0.984375,,,,,,,,,,,1.0,1.0,,,,,5165,,,,0.0,,0.0,,0.0
,,,0.0928819477558136,,0.9609375,,,,,,,,,,,1.0,1.0,,,,,5166,,,,0.0,,0.0,,0.0
,,,0.1648511290550232,,0.9915966391563416,,,,,,,,,,,1.0,1.0,,,,,5167,,,,0.0,,0.0,,0.0
,,,0.1127232164144516,,0.9765625,,,,,,,,,,,1.0,1.0,,,,,5168,,,,0.0,,0.0,,0.0
,,,0.095703125,,0.984375,,,,,,,,,,,1.0,1.0,,,,,5169,,,,0.0,,0.0,,0.0
,,,0.21266233921051025,,0.9653679132461548,,,,,,,,,,,1.0,1.0,,,,,5170,,,,0.0,,0.0,,0.0
,,,0.0972222238779068,,0.9765625,,,,,,,,,,,1.0,1.0,,,,,5171,,,,0.0,,0.0,,0.0
,,,0.3125,,0.9765625,,,,,,,,,,,1.0,1.0,,,,,5172,,,,0.0,,0.0,,0.0
,,,0.16719800233840942,,0.9772104620933533,,,,,,,,,,,1.0,1.0,,,,,5173,,,,0.0,,0.0,,0.0
,,,0.103515625,,0.9921875,,,,,,,,,,,1.0,1.0,,,,,5174,,,,0.0,,0.0,,0.0
,,,0.0972222238779068,,0.9921875,,,,,,,,,,,1.0,1.0,,,,,5175,,,,0.0,,0.0,,0.0
,,,0.16817733645439148,,0.982758641242981,,,,,,,,,,,1.0,1.0,,,,,5176,,,,0.0,,0.0,,0.0
,,,0.16875000298023224,,0.9921875,,,,,,,,,,,1.0,1.0,,,,,5177,,,,0.0,,0.0,,0.0
,,,0.1227678582072258,,0.9921875,,,,,,,,,,,1.0,1.0,,,,,5178,,,,0.0,,0.0,,0.0
,,,0.2818867862224579,,0.9716981053352356,,,,,,,,,,,1.0,1.0,,,,,5179,,,,0.0,,0.0,,0.0
,,,0.1227678582072258,,0.9921875,,,,,,,,,,,1.0,1.0,,,,,5180,,,,0.0,,0.0,,0.0
,,,0.099609375,,0.96875,,,,,,,,,,,1.0,1.0,,,,,5181,,,,0.0,,0.0,,0.0
,,,0.19358566403388977,,0.9764705896377563,,,,,,,,,,,1.0,1.0,,,,,5182,,,,0.0,,0.0,,0.0
,,,0.10546875,,0.984375,,,,,,,,,,,1.0,1.0,,,,,5183,,,,0.0,,0.0,,0.0
,,,0.1216517835855484,,0.9921875,,,,,,,,,,,1.0,1.0,,,,,5184,,,,0.0,,0.0,,0.0
,,,0.25869107246398926,,0.9699507355690002,,,,,,,,,,,1.0,1.0,,,,,5185,,,,0.0,,0.0,,0.0
,,,0.1471354216337204,,0.984375,,,,,,,,,,,1.0,1.0,,,,,5186,,,,0.0,,0.0,,0.0
,,,0.1510416716337204,,0.9921875,,,,,,,,,,,1.0,1.0,,,,,5187,,,,0.0,,0.0,,0.0
,,,0.18625453114509583,,0.9679471254348755,,,,,,,,,,,1.0,1.0,,,,,5188,,,,0.0,,0.0,,0.0
,,,0.08124999701976776,,0.984375,,,,,,,,,,,1.0,1.0,,,,,5189,,,,0.0,,0.0,,0.0
,,,0.1005859375,,0.9921875,,,,,,,,,,,1.0,1.0,,,,,5190,,,,0.0,,0.0,,0.0
,,,0.1684981733560562,,0.9923076629638672,,,,,,,,,,,1.0,1.0,,,,,5191,,,,0.0,,0.0,,0.0
,,,0.240234375,,1.0,,,,,,,,,,,1.0,1.0,,,,,5192,,,,0.0,,0.0,,0.0
,,,0.1549479216337204,,0.984375,,,,,,,,,,,1.0,1.0,,,,,5193,,,,0.0,,0.0,,0.0
,,,0.2292613685131073,,0.987500011920929,,,,,,,,,,,1.0,1.0,,,,,5194,,,,0.0,,0.0,,0.0
,,,0.1484375,,0.9921875,,,,,,,,,,,1.0,1.0,,,,,5195,,,,0.0,,0.0,,0.0
,,,0.1261160671710968,,0.9765625,,,,,,,,,,,1.0,1.0,,,,,5196,,,,0.0,,0.0,,0.0
,,,0.18828222155570984,,0.9893617033958435,,,,,,,,,,,1.0,1.0,,,,,5197,,,,0.0,,0.0,,0.0
,,,0.0859375,,0.984375,,,,,,,,,,,1.0,1.0,,,,,5198,,,,0.0,,0.0,,0.0
,,,0.1104910746216774,,0.9765625,,,,,,,,,,,1.0,1.0,,,,,5199,,,,0.0,,0.0,,0.0
,,,0.1138392835855484,,0.9765625,,,,,,,,,,,1.0,1.0,,,,,5200,,,,0.0,,0.0,,0.0
,,,0.11122047156095505,,0.9881889820098877,,,,,,,,,,,1.0,1.0,,,,,5201,,,,0.0,,0.0,,0.0
,,,0.1272321492433548,,0.984375,,,,,,,,,,,1.0,1.0,,,,,5202,,,,0.0,,0.0,,0.0
,,,0.1497395783662796,,0.9765625,,,,,,,,,,,1.0,1.0,,,,,5203,,,,0.0,,0.0,,0.0
,,,0.1679438054561615,,0.9956896305084229,,,,,,,,,,,1.0,1.0,,,,,5204,,,,0.0,,0.0,,0.0
,,,0.0920138880610466,,0.9921875,,,,,,,,,,,1.0,1.0,,,,,5205,,,,0.0,,0.0,,0.0
,,,0.1083984375,,0.9921875,,,,,,,,,,,1.0,1.0,,,,,5206,,,,0.0,,0.0,,0.0
,,,0.20920425653457642,,0.9950494766235352,,,,,,,,,,,1.0,1.0,,,,,5207,,,,0.0,,0.0,,0.0
,,,0.140625,,0.984375,,,,,,,,,,,1.0,1.0,,,,,5208,,,,0.0,,0.0,,0.0
,,,0.1216517835855484,,0.9921875,,,,,,,,,,,1.0,1.0,,,,,5209,,,,0.0,,0.0,,0.0
,,,0.2109375,,0.984375,,,,,,,,,,,1.0,1.0,,,,,5210,,,,0.0,,0.0,,0.0
,,,0.0902777761220932,,0.96875,,,,,,,,,,,1.0,1.0,,,,,5211,,,,0.0,,0.0,,0.0
,,,0.0902777761220932,,0.984375,,,,,,,,,,,1.0,1.0,,,,,5212,,,,0.0,,0.0,,0.0
,,,0.28036174178123474,,0.9703764915466309,,,,,,,,,,,1.0,1.0,,,,,5213,,,,0.0,,0.0,,0.0
,,,0.1238839253783226,,0.9921875,,,,,,,,,,,1.0,1.0,,,,,5214,,,,0.0,,0.0,,0.0
,,,0.1216517835855484,,0.984375,,,,,,,,,,,1.0,1.0,,,,,5215,,,,0.0,,0.0,,0.0
,,,0.31563422083854675,,0.982300877571106,,,,,,,,,,,1.0,1.0,,,,,5216,,,,0.0,,0.0,,0.0
,,,0.1471354216337204,,0.9921875,,,,,,,,,,,1.0,1.0,,,,,5217,,,,0.0,,0.0,,0.0
,,,0.18281249701976776,,0.9765625,,,,,,,,,,,1.0,1.0,,,,,5218,,,,0.0,,0.0,,0.0
,,,0.1577777862548828,,0.9676767587661743,,,,,,,,,,,1.0,1.0,,,,,5219,,,,0.0,,0.0,,0.0
,,,0.0911458358168602,,0.984375,,,,,,,,,,,1.0,1.0,,,,,5220,,,,0.0,,0.0,,0.0
,,,0.0850694477558136,,0.9921875,,,,,,,,,,,1.0,1.0,,,,,5221,,,,0.0,,0.0,,0.0
,,,0.2231481522321701,,0.9953703880310059,,,,,,,,,,,1.0,1.0,,,,,5222,,,,0.0,,0.0,,0.0
,,,0.1588541716337204,,0.9921875,,,,,,,,,,,1.0,1.0,,,,,5223,,,,0.0,,0.0,,0.0
,,,0.234375,,0.9921875,,,,,,,,,,,1.0,1.0,,,,,5224,,,,0.0,,0.0,,0.0
,,,0.31218206882476807,,0.9939758777618408,,,,,,,,,,,1.0,1.0,,,,,5225,,,,0.0,,0.0,,0.0
,,,0.1272321492433548,,0.9921875,,,,,,,,,,,1.0,1.0,,,,,5226,,,,0.0,,0.0,,0.0
,,,0.125,,0.9765625,,,,,,,,,,,1.0,1.0,,,,,5227,,,,0.0,,0.0,,0.0
,,,0.16795405745506287,,0.9803921580314636,,,,,,,,,,,1.0,1.0,,,,,5228,,,,0.0,,0.0,,0.0
,,,0.0868055522441864,,0.96875,,,,,,,,,,,1.0,1.0,,,,,5229,,,,0.0,,0.0,,0.0
,,,0.1127232164144516,,0.9921875,,,,,,,,,,,1.0,1.0,,,,,5230,,,,0.0,,0.0,,0.0
,,,0.21643134951591492,,0.9706533551216125,,,,,,,,,,,1.0,1.0,,,,,5231,,,,0.0,,0.0,,0.0
,,,0.10546875,,0.96875,,,,,,,,,,,1.0,1.0,,,,,5232,,,,0.0,,0.0,,0.0
,,,0.18281249701976776,,0.984375,,,,,,,,,,,1.0,1.0,,,,,5233,,,,0.0,,0.0,,0.0
,,,0.25421634316444397,,0.9896907210350037,,,,,,,,,,,1.0,1.0,,,,,5234,,,,0.0,,0.0,,0.0
,,,0.0920138880610466,,0.9921875,,,,,,,,,,,1.0,1.0,,,,,5235,,,,0.0,,0.0,,0.0
,,,0.0928819477558136,,0.984375,,,,,,,,,,,1.0,1.0,,,,,5236,,,,0.0,,0.0,,0.0
,,,0.2276785671710968,,1.0,,,,,,,,,,,1.0,1.0,,,,,5237,,,,0.0,,0.0,,0.0
,,,0.1328125,,0.9921875,,,,,,,,,,,1.0,1.0,,,,,5238,,,,0.0,,0.0,,0.0
,,,0.140625,,0.9765625,,,,,,,,,,,1.0,1.0,,,,,5239,,,,0.0,,0.0,,0.0
,,,0.2154512107372284,,0.9545454978942871,,,,,,,,,,,1.0,1.0,,,,,5240,,,,0.0,,0.0,,0.0
,,,0.0954861119389534,,0.984375,,,,,,,,,,,1.0,1.0,,,,,5241,,,,0.0,,0.0,,0.0
,,,0.0894097238779068,,0.9609375,,,,,,,,,,,1.0,1.0,,,,,5242,,,,0.0,,0.0,,0.0
,,,0.08267717063426971,,0.9763779640197754,,,,,,,,,,,1.0,1.0,,,,,5243,,,,0.0,,0.0,,0.0
56,0.8191384673118591,0.8541198372840881,,0.9844188690185547,,,,,,,,,,,,,,214.57412719726562,8683.734375,5.368655204772949,263.46697998046875,12596,,,0.0,,0.0,,0.0,
56,,,,,,0.2864764928817749,,0.5371391177177429,,9.263468742370605,,,,,,,,,,,,12596,0.6007198095321655,,,,,,,
,,,,,,,,,,,,,,0.00018619969483007307,0.03,,,,,,,12599,,,,,,,,
57,,,,,,,0.2678114175796509,,0.49962693452835083,,8.515625,0.00018616821034811437,0.029999999329447746,,,1.0,1.0,,,,,12599,,0.36244040727615356,,,,,,
,,,,,,,,,,,,,,0.0001846261223248098,0.03,,,,,,,12649,,,,,,,,
57,,,,,,,0.2603219747543335,,0.5198556184768677,,9.890625,0.00018459465354681015,0.029999999329447746,,,1.0,1.0,,,,,12649,,0.67927086353302,,,,,,
,,,,,,,,,,,,,,0.00018305352114482166,0.03,,,,,,,12699,,,,,,,,
57,,,,,,,0.2829691767692566,,0.5492733120918274,,10.0390625,0.00018302208627574146,0.029999999329447746,,,1.0,1.0,,,,,12699,,0.6740890741348267,,,,,,
,,,,,,,,,,,,,,0.00018148198937147954,0.03,,,,,,,12749,,,,,,,,
57,,,,,,,0.27794167399406433,,0.515381932258606,,8.6328125,0.0001814505667425692,0.029999999329447746,,,1.0,1.0,,,,,12749,,0.5251563787460327,,,,,,
,,,,,,,,,,,,,,0.00017991162501945697,0.03,,,,,,,12799,,,,,,,,
57,,,,,,,0.2772608995437622,,0.527707576751709,,9.15625,0.00017988022591453046,0.029999999329447746,,,1.0,1.0,,,,,12799,,0.7333332300186157,,,,,,
,,,0.1083984375,,0.9921875,,,,,,,,,,,1.0,1.0,,,,,5244,,,,0.0,,0.0,,0.0
,,,0.1238839253783226,,1.0,,,,,,,,,,,1.0,1.0,,,,,5245,,,,0.0,,0.0,,0.0
,,,0.22002199292182922,,0.9765310287475586,,,,,,,,,,,1.0,1.0,,,,,5246,,,,0.0,,0.0,,0.0
,,,0.1549479216337204,,0.9921875,,,,,,,,,,,1.0,1.0,,,,,5247,,,,0.0,,0.0,,0.0
,,,0.1549479216337204,,0.9765625,,,,,,,,,,,1.0,1.0,,,,,5248,,,,0.0,,0.0,,0.0
,,,0.22069595754146576,,0.990384578704834,,,,,,,,,,,1.0,1.0,,,,,5249,,,,0.0,,0.0,,0.0
,,,0.06875000149011612,,0.9609375,,,,,,,,,,,1.0,1.0,,,,,5250,,,,0.0,,0.0,,0.0
,,,0.08984375,,0.9765625,,,,,,,,,,,1.0,1.0,,,,,5251,,,,0.0,,0.0,,0.0
,,,0.1569468379020691,,0.9678387641906738,,,,,,,,,,,1.0,1.0,,,,,5252,,,,0.0,,0.0,,0.0
,,,0.18437500298023224,,1.0,,,,,,,,,,,1.0,1.0,,,,,5253,,,,0.0,,0.0,,0.0
,,,0.111328125,,0.9921875,,,,,,,,,,,1.0,1.0,,,,,5254,,,,0.0,,0.0,,0.0
,,,0.111328125,,0.984375,,,,,,,,,,,1.0,1.0,,,,,5255,,,,0.0,,0.0,,0.0
,,,0.23009523749351501,,0.9959999918937683,,,,,,,,,,,1.0,1.0,,,,,5256,,,,0.0,,0.0,,0.0
,,,0.1339285671710968,,1.0,,,,,,,,,,,1.0,1.0,,,,,5257,,,,0.0,,0.0,,0.0
,,,0.115234375,,0.984375,,,,,,,,,,,1.0,1.0,,,,,5258,,,,0.0,,0.0,,0.0
,,,0.1865338683128357,,0.9873949289321899,,,,,,,,,,,1.0,1.0,,,,,5259,,,,0.0,,0.0,,0.0
,,,0.099609375,,0.9765625,,,,,,,,,,,1.0,1.0,,,,,5260,,,,0.0,,0.0,,0.0
,,,0.0876736119389534,,0.96875,,,,,,,,,,,1.0,1.0,,,,,5261,,,,0.0,,0.0,,0.0
,,,0.2911255359649658,,0.9772727489471436,,,,,,,,,,,1.0,1.0,,,,,5262,,,,0.0,,0.0,,0.0
,,,0.1123046875,,0.984375,,,,,,,,,,,1.0,1.0,,,,,5263,,,,0.0,,0.0,,0.0
,,,0.1103515625,,0.9765625,,,,,,,,,,,1.0,1.0,,,,,5264,,,,0.0,,0.0,,0.0
,,,0.21693649888038635,,0.9794520139694214,,,,,,,,,,,1.0,1.0,,,,,5265,,,,0.0,,0.0,,0.0
,,,0.103515625,,1.0,,,,,,,,,,,1.0,1.0,,,,,5266,,,,0.0,,0.0,,0.0
,,,0.109375,,0.9921875,,,,,,,,,,,1.0,1.0,,,,,5267,,,,0.0,,0.0,,0.0
,,,0.17448276281356812,,0.9913793206214905,,,,,,,,,,,1.0,1.0,,,,,5268,,,,0.0,,0.0,,0.0
,,,0.1380208283662796,,1.0,,,,,,,,,,,1.0,1.0,,,,,5269,,,,0.0,,0.0,,0.0
,,,0.1025390625,,1.0,,,,,,,,,,,1.0,1.0,,,,,5270,,,,0.0,,0.0,,0.0
,,,0.20405659079551697,,0.9811320900917053,,,,,,,,,,,1.0,1.0,,,,,5271,,,,0.0,,0.0,,0.0
,,,0.1064453125,,0.984375,,,,,,,,,,,1.0,1.0,,,,,5272,,,,0.0,,0.0,,0.0
,,,0.07343749701976776,,0.984375,,,,,,,,,,,1.0,1.0,,,,,5273,,,,0.0,,0.0,,0.0
,,,0.21046511828899384,,0.9823529720306396,,,,,,,,,,,1.0,1.0,,,,,5274,,,,0.0,,0.0,,0.0
,,,0.107421875,,0.984375,,,,,,,,,,,1.0,1.0,,,,,5275,,,,0.0,,0.0,,0.0
,,,0.1419270783662796,,0.9921875,,,,,,,,,,,1.0,1.0,,,,,5276,,,,0.0,,0.0,,0.0
,,,0.2611541152000427,,0.984236478805542,,,,,,,,,,,1.0,1.0,,,,,5277,,,,0.0,,0.0,,0.0
,,,0.1549479216337204,,0.984375,,,,,,,,,,,1.0,1.0,,,,,5278,,,,0.0,,0.0,,0.0
,,,0.18906250596046448,,0.9765625,,,,,,,,,,,1.0,1.0,,,,,5279,,,,0.0,,0.0,,0.0
,,,0.17181850969791412,,0.9686812162399292,,,,,,,,,,,1.0,1.0,,,,,5280,,,,0.0,,0.0,,0.0
,,,0.0703125,,0.96875,,,,,,,,,,,1.0,1.0,,,,,5281,,,,0.0,,0.0,,0.0
,,,0.07109375298023224,,0.984375,,,,,,,,,,,1.0,1.0,,,,,5282,,,,0.0,,0.0,,0.0
,,,0.17316511273384094,,0.9923076629638672,,,,,,,,,,,1.0,1.0,,,,,5283,,,,0.0,,0.0,,0.0
,,,0.15234375,,1.0,,,,,,,,,,,1.0,1.0,,,,,5284,,,,0.0,,0.0,,0.0
,,,0.14453125,,0.984375,,,,,,,,,,,1.0,1.0,,,,,5285,,,,0.0,,0.0,,0.0
,,,0.2652597427368164,,0.9818181991577148,,,,,,,,,,,1.0,1.0,,,,,5286,,,,0.0,,0.0,,0.0
,,,0.1162109375,,1.0,,,,,,,,,,,1.0,1.0,,,,,5287,,,,0.0,,0.0,,0.0
,,,0.1350446492433548,,1.0,,,,,,,,,,,1.0,1.0,,,,,5288,,,,0.0,,0.0,,0.0
,,,0.23305919766426086,,0.9799749851226807,,,,,,,,,,,1.0,1.0,,,,,5289,,,,0.0,,0.0,,0.0
,,,0.0894097238779068,,0.96875,,,,,,,,,,,1.0,1.0,,,,,5290,,,,0.0,,0.0,,0.0
,,,0.0885416641831398,,0.9765625,,,,,,,,,,,1.0,1.0,,,,,5291,,,,0.0,,0.0,,0.0
,,,0.0920138880610466,,0.96875,,,,,,,,,,,1.0,1.0,,,,,5292,,,,0.0,,0.0,,0.0
,,,0.11417322605848312,,0.9960629940032959,,,,,,,,,,,1.0,1.0,,,,,5293,,,,0.0,,0.0,,0.0
,,,0.1510416716337204,,0.9609375,,,,,,,,,,,1.0,1.0,,,,,5294,,,,0.0,,0.0,,0.0
,,,0.109375,,0.9921875,,,,,,,,,,,1.0,1.0,,,,,5295,,,,0.0,,0.0,,0.0
,,,0.2504105269908905,,0.9454022645950317,,,,,,,,,,,1.0,1.0,,,,,5296,,,,0.0,,0.0,,0.0
,,,0.0911458358168602,,0.9921875,,,,,,,,,,,1.0,1.0,,,,,5297,,,,0.0,,0.0,,0.0
,,,0.1272321492433548,,1.0,,,,,,,,,,,1.0,1.0,,,,,5298,,,,0.0,,0.0,,0.0
,,,0.22433076798915863,,0.9950494766235352,,,,,,,,,,,1.0,1.0,,,,,5299,,,,0.0,,0.0,,0.0
,,,0.1393229216337204,,1.0,,,,,,,,,,,1.0,1.0,,,,,5300,,,,0.0,,0.0,,0.0
,,,0.1044921875,,1.0,,,,,,,,,,,1.0,1.0,,,,,5301,,,,0.0,,0.0,,0.0
,,,0.19921875,,0.9895833730697632,,,,,,,,,,,1.0,1.0,,,,,5302,,,,0.0,,0.0,,0.0
,,,0.08203125,,0.9921875,,,,,,,,,,,1.0,1.0,,,,,5303,,,,0.0,,0.0,,0.0
,,,0.1015625,,0.96875,,,,,,,,,,,1.0,1.0,,,,,5304,,,,0.0,,0.0,,0.0
,,,0.20577242970466614,,0.988095223903656,,,,,,,,,,,1.0,1.0,,,,,5305,,,,0.0,,0.0,,0.0
,,,0.1238839253783226,,0.96875,,,,,,,,,,,1.0,1.0,,,,,5306,,,,0.0,,0.0,,0.0
,,,0.1238839253783226,,0.9921875,,,,,,,,,,,1.0,1.0,,,,,5307,,,,0.0,,0.0,,0.0
,,,0.22728613018989563,,0.991150438785553,,,,,,,,,,,1.0,1.0,,,,,5308,,,,0.0,,0.0,,0.0
,,,0.1575520783662796,,0.984375,,,,,,,,,,,1.0,1.0,,,,,5309,,,,0.0,,0.0,,0.0
,,,0.15625,,0.96875,,,,,,,,,,,1.0,1.0,,,,,5310,,,,0.0,,0.0,,0.0
,,,0.17766553163528442,,0.9863636493682861,,,,,,,,,,,1.0,1.0,,,,,5311,,,,0.0,,0.0,,0.0
,,,0.07109375298023224,,0.9609375,,,,,,,,,,,1.0,1.0,,,,,5312,,,,0.0,,0.0,,0.0
,,,0.06562499701976776,,0.9921875,,,,,,,,,,,1.0,1.0,,,,,5313,,,,0.0,,0.0,,0.0
,,,0.16388890147209167,,0.9953703880310059,,,,,,,,,,,1.0,1.0,,,,,5314,,,,0.0,,0.0,,0.0
,,,0.18125000596046448,,0.9921875,,,,,,,,,,,1.0,1.0,,,,,5315,,,,0.0,,0.0,,0.0
,,,0.1497395783662796,,0.9921875,,,,,,,,,,,1.0,1.0,,,,,5316,,,,0.0,,0.0,,0.0
,,,0.30847835540771484,,0.9828647971153259,,,,,,,,,,,1.0,1.0,,,,,5317,,,,0.0,,0.0,,0.0
,,,0.15625,,1.0,,,,,,,,,,,1.0,1.0,,,,,5318,,,,0.0,,0.0,,0.0
,,,0.19062499701976776,,1.0,,,,,,,,,,,1.0,1.0,,,,,5319,,,,0.0,,0.0,,0.0
,,,0.24107825756072998,,0.9772090911865234,,,,,,,,,,,1.0,1.0,,,,,5320,,,,0.0,,0.0,,0.0
,,,0.0868055522441864,,0.96875,,,,,,,,,,,1.0,1.0,,,,,5321,,,,0.0,,0.0,,0.0
,,,0.0986328125,,0.984375,,,,,,,,,,,1.0,1.0,,,,,5322,,,,0.0,,0.0,,0.0
,,,0.19748984277248383,,0.9825581312179565,,,,,,,,,,,1.0,1.0,,,,,5323,,,,0.0,,0.0,,0.0
,,,0.111328125,,0.984375,,,,,,,,,,,1.0,1.0,,,,,5324,,,,0.0,,0.0,,0.0
,,,0.18125000596046448,,0.9609375,,,,,,,,,,,1.0,1.0,,,,,5325,,,,0.0,,0.0,,0.0
,,,0.23179247975349426,,0.9948453903198242,,,,,,,,,,,1.0,1.0,,,,,5326,,,,0.0,,0.0,,0.0
,,,0.103515625,,0.984375,,,,,,,,,,,1.0,1.0,,,,,5327,,,,0.0,,0.0,,0.0
,,,0.0928819477558136,,1.0,,,,,,,,,,,1.0,1.0,,,,,5328,,,,0.0,,0.0,,0.0
,,,0.2321428656578064,,1.0,,,,,,,,,,,1.0,1.0,,,,,5329,,,,0.0,,0.0,,0.0
,,,0.1160714253783226,,0.9921875,,,,,,,,,,,1.0,1.0,,,,,5330,,,,0.0,,0.0,,0.0
,,,0.1194196417927742,,1.0,,,,,,,,,,,1.0,1.0,,,,,5331,,,,0.0,,0.0,,0.0
,,,0.19667832553386688,,0.9545454978942871,,,,,,,,,,,1.0,1.0,,,,,5332,,,,0.0,,0.0,,0.0
,,,0.09375,,0.984375,,,,,,,,,,,1.0,1.0,,,,,5333,,,,0.0,,0.0,,0.0
,,,0.07500000298023224,,1.0,,,,,,,,,,,1.0,1.0,,,,,5334,,,,0.0,,0.0,,0.0
,,,0.09361329674720764,,0.960629940032959,,,,,,,,,,,1.0,1.0,,,,,5335,,,,0.0,,0.0,,0.0
57,0.8224449753761292,0.8510972261428833,,0.9853198528289795,,,,,,,,,,,,,,215.7869110107422,7627.78173828125,5.37429141998291,253.63482666015625,12817,,,0.0,,0.0,,0.0,
57,,,,,,0.2815171778202057,,0.5307873487472534,,9.225643157958984,,,,,,,,,,,,12817,0.5806984305381775,,,,,,,
,,,,,,,,,,,,,,0.00017834252603061643,0.03,,,,,,,12849,,,,,,,,
58,,,,,,,0.300525039434433,,0.5543996691703796,,9.1953125,0.00017831115110311657,0.029999999329447746,,,1.0,1.0,,,,,12849,,0.408569872379303,,,,,,
,,,,,,,,,,,,,,0.00017677479026790115,0.03,,,,,,,12899,,,,,,,,
58,,,,,,,0.26592129468917847,,0.5243963599205017,,9.5546875,0.00017674344417173415,0.029999999329447746,,,1.0,1.0,,,,,12899,,0.46289128065109253,,,,,,
,,,,,,,,,,,,,,0.0001752085155092315,0.03,,,,,,,12949,,,,,,,,
58,,,,,,,0.23366424441337585,,0.4793338179588318,,9.1640625,0.0001751772069837898,0.029999999329447746,,,1.0,1.0,,,,,12949,,0.42993593215942383,,,,,,
,,,,,,,,,,,,,,0.0001736437994414066,0.03,,,,,,,12999,,,,,,,,
58,,,,,,,0.25912585854530334,,0.5142102241516113,,9.609375,0.00017361252685077488,0.029999999329447746,,,1.0,1.0,,,,,12999,,0.7836558818817139,,,,,,
,,,0.1471354216337204,,0.9765625,,,,,,,,,,,1.0,1.0,,,,,5336,,,,0.0,,0.0,,0.0
,,,0.1227678582072258,,0.9921875,,,,,,,,,,,1.0,1.0,,,,,5337,,,,0.0,,0.0,,0.0
,,,0.2045746147632599,,0.9715805053710938,,,,,,,,,,,1.0,1.0,,,,,5338,,,,0.0,,0.0,,0.0
,,,0.15234375,,0.96875,,,,,,,,,,,1.0,1.0,,,,,5339,,,,0.0,,0.0,,0.0
,,,0.17656250298023224,,0.9765625,,,,,,,,,,,1.0,1.0,,,,,5340,,,,0.0,,0.0,,0.0
,,,0.2422161102294922,,0.9855769276618958,,,,,,,,,,,1.0,1.0,,,,,5341,,,,0.0,,0.0,,0.0
,,,0.0966796875,,0.9921875,,,,,,,,,,,1.0,1.0,,,,,5342,,,,0.0,,0.0,,0.0
,,,0.0927734375,,0.9921875,,,,,,,,,,,1.0,1.0,,,,,5343,,,,0.0,,0.0,,0.0
,,,0.1636173129081726,,0.9772727489471436,,,,,,,,,,,1.0,1.0,,,,,5344,,,,0.0,,0.0,,0.0
,,,0.1471354216337204,,1.0,,,,,,,,,,,1.0,1.0,,,,,5345,,,,0.0,,0.0,,0.0
,,,0.1160714253783226,,0.9765625,,,,,,,,,,,1.0,1.0,,,,,5346,,,,0.0,,0.0,,0.0
,,,0.1171875,,0.9921875,,,,,,,,,,,1.0,1.0,,,,,5347,,,,0.0,,0.0,,0.0
,,,0.20033332705497742,,0.8253333568572998,,,,,,,,,,,1.0,1.0,,,,,5348,,,,0.0,,0.0,,0.0
,,,0.18906250596046448,,0.9921875,,,,,,,,,,,1.0,1.0,,,,,5349,,,,0.0,,0.0,,0.0
,,,0.18906250596046448,,0.9921875,,,,,,,,,,,1.0,1.0,,,,,5350,,,,0.0,,0.0,,0.0
,,,0.2362278401851654,,0.9915966391563416,,,,,,,,,,,1.0,1.0,,,,,5351,,,,0.0,,0.0,,0.0
,,,0.1354166716337204,,0.9921875,,,,,,,,,,,1.0,1.0,,,,,5352,,,,0.0,,0.0,,0.0
,,,0.1015625,,0.9921875,,,,,,,,,,,1.0,1.0,,,,,5353,,,,0.0,,0.0,,0.0
,,,0.17977392673492432,,0.9653679132461548,,,,,,,,,,,1.0,1.0,,,,,5354,,,,0.0,,0.0,,0.0
,,,0.0894097238779068,,0.9609375,,,,,,,,,,,1.0,1.0,,,,,5355,,,,0.0,,0.0,,0.0
,,,0.0911458358168602,,0.9765625,,,,,,,,,,,1.0,1.0,,,,,5356,,,,0.0,,0.0,,0.0
,,,0.2167229950428009,,0.9726027250289917,,,,,,,,,,,1.0,1.0,,,,,5357,,,,0.0,,0.0,,0.0
,,,0.1127232164144516,,0.9609375,,,,,,,,,,,1.0,1.0,,,,,5358,,,,0.0,,0.0,,0.0
,,,0.09375,,0.9609375,,,,,,,,,,,1.0,1.0,,,,,5359,,,,0.0,,0.0,,0.0
,,,0.16187192499637604,,0.9583743810653687,,,,,,,,,,,1.0,1.0,,,,,5360,,,,0.0,,0.0,,0.0
,,,0.1160714253783226,,0.9765625,,,,,,,,,,,1.0,1.0,,,,,5361,,,,0.0,,0.0,,0.0
,,,0.103515625,,0.9609375,,,,,,,,,,,1.0,1.0,,,,,5362,,,,0.0,,0.0,,0.0
,,,0.24477986991405487,,0.9866666793823242,,,,,,,,,,,1.0,1.0,,,,,5363,,,,0.0,,0.0,,0.0
,,,0.23828125,,1.0,,,,,,,,,,,1.0,1.0,,,,,5364,,,,0.0,,0.0,,0.0
,,,0.111328125,,1.0,,,,,,,,,,,1.0,1.0,,,,,5365,,,,0.0,,0.0,,0.0
,,,0.22506839036941528,,0.9824897050857544,,,,,,,,,,,1.0,1.0,,,,,5366,,,,0.0,,0.0,,0.0
,,,0.140625,,0.9765625,,,,,,,,,,,1.0,1.0,,,,,5367,,,,0.0,,0.0,,0.0
,,,0.1183035746216774,,0.9921875,,,,,,,,,,,1.0,1.0,,,,,5368,,,,0.0,,0.0,,0.0
,,,0.24602392315864563,,0.9684728980064392,,,,,,,,,,,1.0,1.0,,,,,5369,,,,0.0,,0.0,,0.0
,,,0.1103515625,,0.9765625,,,,,,,,,,,1.0,1.0,,,,,5370,,,,0.0,,0.0,,0.0
,,,0.220703125,,0.9765625,,,,,,,,,,,1.0,1.0,,,,,5371,,,,0.0,,0.0,,0.0
,,,0.23520570993423462,,0.9679471254348755,,,,,,,,,,,1.0,1.0,,,,,5372,,,,0.0,,0.0,,0.0
,,,0.0859375,,1.0,,,,,,,,,,,1.0,1.0,,,,,5373,,,,0.0,,0.0,,0.0
,,,0.0798611119389534,,0.9921875,,,,,,,,,,,1.0,1.0,,,,,5374,,,,0.0,,0.0,,0.0
,,,0.1786731779575348,,0.9923076629638672,,,,,,,,,,,1.0,1.0,,,,,5375,,,,0.0,,0.0,,0.0
,,,0.1419270783662796,,0.984375,,,,,,,,,,,1.0,1.0,,,,,5376,,,,0.0,,0.0,,0.0
,,,0.1025390625,,0.984375,,,,,,,,,,,1.0,1.0,,,,,5377,,,,0.0,,0.0,,0.0
,,,0.25032466650009155,,0.9818181991577148,,,,,,,,,,,1.0,1.0,,,,,5378,,,,0.0,,0.0,,0.0
,,,0.19062499701976776,,0.984375,,,,,,,,,,,1.0,1.0,,,,,5379,,,,0.0,,0.0,,0.0
,,,0.1575520783662796,,0.9921875,,,,,,,,,,,1.0,1.0,,,,,5380,,,,0.0,,0.0,,0.0
,,,0.28347936272621155,,1.0,,,,,,,,,,,1.0,1.0,,,,,5381,,,,0.0,,0.0,,0.0
,,,0.1127232164144516,,0.9765625,,,,,,,,,,,1.0,1.0,,,,,5382,,,,0.0,,0.0,,0.0
,,,0.1183035746216774,,0.9921875,,,,,,,,,,,1.0,1.0,,,,,5383,,,,0.0,,0.0,,0.0
,,,0.1015625,,0.9765625,,,,,,,,,,,1.0,1.0,,,,,5384,,,,0.0,,0.0,,0.0
,,,0.10334645956754684,,0.9763779640197754,,,,,,,,,,,1.0,1.0,,,,,5385,,,,0.0,,0.0,,0.0
,,,0.0894097238779068,,0.984375,,,,,,,,,,,1.0,1.0,,,,,5386,,,,0.0,,0.0,,0.0
,,,0.1354166716337204,,0.96875,,,,,,,,,,,1.0,1.0,,,,,5387,,,,0.0,,0.0,,0.0
,,,0.15948276221752167,,0.9698275923728943,,,,,,,,,,,1.0,1.0,,,,,5388,,,,0.0,,0.0,,0.0
,,,0.0966796875,,0.953125,,,,,,,,,,,1.0,1.0,,,,,5389,,,,0.0,,0.0,,0.0
,,,0.10546875,,0.9765625,,,,,,,,,,,1.0,1.0,,,,,5390,,,,0.0,,0.0,,0.0
,,,0.21259626746177673,,0.9900990128517151,,,,,,,,,,,1.0,1.0,,,,,5391,,,,0.0,,0.0,,0.0
,,,0.1183035746216774,,0.9765625,,,,,,,,,,,1.0,1.0,,,,,5392,,,,0.0,,0.0,,0.0
,,,0.1005859375,,0.9609375,,,,,,,,,,,1.0,1.0,,,,,5393,,,,0.0,,0.0,,0.0
,,,0.2410714328289032,,0.984375,,,,,,,,,,,1.0,1.0,,,,,5394,,,,0.0,,0.0,,0.0
,,,0.115234375,,1.0,,,,,,,,,,,1.0,1.0,,,,,5395,,,,0.0,,0.0,,0.0
,,,0.1272321492433548,,0.9921875,,,,,,,,,,,1.0,1.0,,,,,5396,,,,0.0,,0.0,,0.0
,,,0.25035595893859863,,0.9941860437393188,,,,,,,,,,,1.0,1.0,,,,,5397,,,,0.0,,0.0,,0.0
,,,0.1160714253783226,,0.9765625,,,,,,,,,,,1.0,1.0,,,,,5398,,,,0.0,,0.0,,0.0
,,,0.1227678582072258,,0.984375,,,,,,,,,,,1.0,1.0,,,,,5399,,,,0.0,,0.0,,0.0
,,,0.28751230239868164,,0.982300877571106,,,,,,,,,,,1.0,1.0,,,,,5400,,,,0.0,,0.0,,0.0
,,,0.14453125,,0.9765625,,,,,,,,,,,1.0,1.0,,,,,5401,,,,0.0,,0.0,,0.0
,,,0.1796875,,0.96875,,,,,,,,,,,1.0,1.0,,,,,5402,,,,0.0,,0.0,,0.0
,,,0.17126823961734772,,0.9676767587661743,,,,,,,,,,,1.0,1.0,,,,,5403,,,,0.0,,0.0,,0.0
,,,0.0859375,,0.9921875,,,,,,,,,,,1.0,1.0,,,,,5404,,,,0.0,,0.0,,0.0
,,,0.0789930522441864,,1.0,,,,,,,,,,,1.0,1.0,,,,,5405,,,,0.0,,0.0,,0.0
,,,0.23994708061218262,,0.9953703880310059,,,,,,,,,,,1.0,1.0,,,,,5406,,,,0.0,,0.0,,0.0
,,,0.1160714253783226,,0.9765625,,,,,,,,,,,1.0,1.0,,,,,5407,,,,0.0,,0.0,,0.0
,,,0.1205357164144516,,0.9921875,,,,,,,,,,,1.0,1.0,,,,,5408,,,,0.0,,0.0,,0.0
,,,0.24681583046913147,,0.9828647971153259,,,,,,,,,,,1.0,1.0,,,,,5409,,,,0.0,,0.0,,0.0
,,,0.240234375,,0.984375,,,,,,,,,,,1.0,1.0,,,,,5410,,,,0.0,,0.0,,0.0
,,,0.1588541716337204,,0.9921875,,,,,,,,,,,1.0,1.0,,,,,5411,,,,0.0,,0.0,,0.0
,,,0.2101476937532425,,1.0,,,,,,,,,,,1.0,1.0,,,,,5412,,,,0.0,,0.0,,0.0
,,,0.1138392835855484,,0.9765625,,,,,,,,,,,1.0,1.0,,,,,5413,,,,0.0,,0.0,,0.0
,,,0.1194196417927742,,0.9921875,,,,,,,,,,,1.0,1.0,,,,,5414,,,,0.0,,0.0,,0.0
,,,0.18438538908958435,,0.9825581312179565,,,,,,,,,,,1.0,1.0,,,,,5415,,,,0.0,,0.0,,0.0
,,,0.09765625,,0.9375,,,,,,,,,,,1.0,1.0,,,,,5416,,,,0.0,,0.0,,0.0
,,,0.0928819477558136,,0.9765625,,,,,,,,,,,1.0,1.0,,,,,5417,,,,0.0,,0.0,,0.0
,,,0.24096155166625977,,0.9896907210350037,,,,,,,,,,,1.0,1.0,,,,,5418,,,,0.0,,0.0,,0.0
,,,0.1082589253783226,,0.9375,,,,,,,,,,,1.0,1.0,,,,,5419,,,,0.0,,0.0,,0.0
,,,0.0850694477558136,,0.953125,,,,,,,,,,,1.0,1.0,,,,,5420,,,,0.0,,0.0,,0.0
,,,0.2176339328289032,,0.9910714626312256,,,,,,,,,,,1.0,1.0,,,,,5421,,,,0.0,,0.0,,0.0
,,,0.1149553582072258,,0.984375,,,,,,,,,,,1.0,1.0,,,,,5422,,,,0.0,,0.0,,0.0
,,,0.1171875,,0.9609375,,,,,,,,,,,1.0,1.0,,,,,5423,,,,0.0,,0.0,,0.0
,,,0.20376846194267273,,0.9829059839248657,,,,,,,,,,,1.0,1.0,,,,,5424,,,,0.0,,0.0,,0.0
,,,0.18437500298023224,,1.0,,,,,,,,,,,1.0,1.0,,,,,5425,,,,0.0,,0.0,,0.0
,,,0.1294642835855484,,1.0,,,,,,,,,,,1.0,1.0,,,,,5426,,,,0.0,,0.0,,0.0
,,,0.11023622006177902,,0.9921259880065918,,,,,,,,,,,1.0,1.0,,,,,5427,,,,0.0,,0.0,,0.0
58,0.8175616264343262,0.8398217558860779,,0.9804769158363342,,,,,,,,,,,,,,215.65196228027344,7900.755859375,5.373665809631348,255.32736206054688,13038,,,0.0,,0.0,,0.0,
58,,,,,,0.27918991446495056,,0.5280202627182007,,9.2035493850708,,,,,,,,,,,,13038,0.6036703586578369,,,,,,,
,,,,,,,,,,,,,,0.000172080739654012,0.03,,,,,,,13049,,,,,,,,
59,,,,,,,0.27696073055267334,,0.5222758054733276,,9.1015625,0.00017204949108418077,0.029999999329447746,,,1.0,1.0,,,,,13049,,0.572990894317627,,,,,,
,,,,,,,,,,,,,,0.00017051943363333247,0.03,,,,,,,13099,,,,,,,,
59,,,,,,,0.2740950584411621,,0.5084547400474548,,8.4765625,0.00017048823065124452,0.029999999329447746,,,1.0,1.0,,,,,13099,,0.5785869359970093,,,,,,
,,,,,,,,,,,,,,0.00016895997875627264,0.03,,,,,,,13149,,,,,,,,
59,,,,,,,0.26316481828689575,,0.5126466155052185,,9.421875,0.00016892880375962704,0.029999999329447746,,,1.0,1.0,,,,,13149,,0.8984906673431396,,,,,,
,,,,,,,,,,,,,,0.00016740247228428352,0.03,,,,,,,13199,,,,,,,,
59,,,,,,,0.2796429991722107,,0.5244070887565613,,9.0078125,0.0001673713413765654,0.029999999329447746,,,1.0,1.0,,,,,13199,,0.8569298386573792,,,,,,
,,,,,,,,,,,,,,0.00016584701135729607,0.03,,,,,,,13249,,,,,,,,
59,,,,,,,0.27588051557540894,,0.5261533260345459,,9.3515625,0.00016581593081355095,0.029999999329447746,,,1.0,1.0,,,,,13249,,0.3455682396888733,,,,,,
,,,0.1083984375,,0.984375,,,,,,,,,,,1.0,1.0,,,,,5428,,,,0.0,,0.0,,0.0
,,,0.1484375,,0.9921875,,,,,,,,,,,1.0,1.0,,,,,5429,,,,0.0,,0.0,,0.0
,,,0.19528989493846893,,0.9765310287475586,,,,,,,,,,,1.0,1.0,,,,,5430,,,,0.0,,0.0,,0.0
,,,0.1575520783662796,,0.984375,,,,,,,,,,,1.0,1.0,,,,,5431,,,,0.0,,0.0,,0.0
,,,0.1549479216337204,,0.9765625,,,,,,,,,,,1.0,1.0,,,,,5432,,,,0.0,,0.0,,0.0
,,,0.2927350401878357,,0.990384578704834,,,,,,,,,,,1.0,1.0,,,,,5433,,,,0.0,,0.0,,0.0
,,,0.0842013880610466,,0.9921875,,,,,,,,,,,1.0,1.0,,,,,5434,,,,0.0,,0.0,,0.0
,,,0.0876736119389534,,1.0,,,,,,,,,,,1.0,1.0,,,,,5435,,,,0.0,,0.0,,0.0
,,,0.16355060040950775,,0.9772727489471436,,,,,,,,,,,1.0,1.0,,,,,5436,,,,0.0,,0.0,,0.0
,,,0.1575520783662796,,1.0,,,,,,,,,,,1.0,1.0,,,,,5437,,,,0.0,,0.0,,0.0
,,,0.1294642835855484,,0.9921875,,,,,,,,,,,1.0,1.0,,,,,5438,,,,0.0,,0.0,,0.0
,,,0.1123046875,,0.984375,,,,,,,,,,,1.0,1.0,,,,,5439,,,,0.0,,0.0,,0.0
,,,0.2754285931587219,,0.9919999837875366,,,,,,,,,,,1.0,1.0,,,,,5440,,,,0.0,,0.0,,0.0
,,,0.1510416716337204,,0.9921875,,,,,,,,,,,1.0,1.0,,,,,5441,,,,0.0,,0.0,,0.0
,,,0.11328125,,0.984375,,,,,,,,,,,1.0,1.0,,,,,5442,,,,0.0,,0.0,,0.0
,,,0.22302255034446716,,0.9831932783126831,,,,,,,,,,,1.0,1.0,,,,,5443,,,,0.0,,0.0,,0.0
,,,0.125,,0.9609375,,,,,,,,,,,1.0,1.0,,,,,5444,,,,0.0,,0.0,,0.0
,,,0.0888671875,,0.9609375,,,,,,,,,,,1.0,1.0,,,,,5445,,,,0.0,,0.0,,0.0
,,,0.17893217504024506,,0.9653679132461548,,,,,,,,,,,1.0,1.0,,,,,5446,,,,0.0,,0.0,,0.0
,,,0.109375,,0.984375,,,,,,,,,,,1.0,1.0,,,,,5447,,,,0.0,,0.0,,0.0
,,,0.1510416716337204,,0.9765625,,,,,,,,,,,1.0,1.0,,,,,5448,,,,0.0,,0.0,,0.0
,,,0.1896326243877411,,0.9566625356674194,,,,,,,,,,,1.0,1.0,,,,,5449,,,,0.0,,0.0,,0.0
,,,0.0868055522441864,,0.9765625,,,,,,,,,,,1.0,1.0,,,,,5450,,,,0.0,,0.0,,0.0
,,,0.0920138880610466,,0.9375,,,,,,,,,,,1.0,1.0,,,,,5451,,,,0.0,,0.0,,0.0
,,,0.1722167432308197,,0.9913793206214905,,,,,,,,,,,1.0,1.0,,,,,5452,,,,0.0,,0.0,,0.0
,,,0.18125000596046448,,0.9921875,,,,,,,,,,,1.0,1.0,,,,,5453,,,,0.0,,0.0,,0.0
,,,0.1123046875,,0.9921875,,,,,,,,,,,1.0,1.0,,,,,5454,,,,0.0,,0.0,,0.0
,,,0.2898532450199127,,0.9905660152435303,,,,,,,,,,,1.0,1.0,,,,,5455,,,,0.0,,0.0,,0.0
,,,0.23046875,,1.0,,,,,,,,,,,1.0,1.0,,,,,5456,,,,0.0,,0.0,,0.0
,,,0.1005859375,,1.0,,,,,,,,,,,1.0,1.0,,,,,5457,,,,0.0,,0.0,,0.0
,,,0.2265389859676361,,0.9941176176071167,,,,,,,,,,,1.0,1.0,,,,,5458,,,,0.0,,0.0,,0.0
,,,0.1205357164144516,,0.984375,,,,,,,,,,,1.0,1.0,,,,,5459,,,,0.0,,0.0,,0.0
,,,0.1205357164144516,,1.0,,,,,,,,,,,1.0,1.0,,,,,5460,,,,0.0,,0.0,,0.0
,,,0.260309636592865,,0.9756157398223877,,,,,,,,,,,1.0,1.0,,,,,5461,,,,0.0,,0.0,,0.0
,,,0.1339285671710968,,0.9765625,,,,,,,,,,,1.0,1.0,,,,,5462,,,,0.0,,0.0,,0.0
,,,0.18437500298023224,,0.9921875,,,,,,,,,,,1.0,1.0,,,,,5463,,,,0.0,,0.0,,0.0
,,,0.2058050036430359,,0.9754098653793335,,,,,,,,,,,1.0,1.0,,,,,5464,,,,0.0,,0.0,,0.0
,,,0.07578124850988388,,1.0,,,,,,,,,,,1.0,1.0,,,,,5465,,,,0.0,,0.0,,0.0
,,,0.0868055522441864,,1.0,,,,,,,,,,,1.0,1.0,,,,,5466,,,,0.0,,0.0,,0.0
,,,0.1652747392654419,,0.9923076629638672,,,,,,,,,,,1.0,1.0,,,,,5467,,,,0.0,,0.0,,0.0
,,,0.18906250596046448,,1.0,,,,,,,,,,,1.0,1.0,,,,,5468,,,,0.0,,0.0,,0.0
,,,0.1484375,,0.984375,,,,,,,,,,,1.0,1.0,,,,,5469,,,,0.0,,0.0,,0.0
,,,0.23068182170391083,,0.9818181991577148,,,,,,,,,,,1.0,1.0,,,,,5470,,,,0.0,,0.0,,0.0
,,,0.18437500298023224,,0.984375,,,,,,,,,,,1.0,1.0,,,,,5471,,,,0.0,,0.0,,0.0
,,,0.15234375,,1.0,,,,,,,,,,,1.0,1.0,,,,,5472,,,,0.0,,0.0,,0.0
,,,0.18008622527122498,,0.9893617033958435,,,,,,,,,,,1.0,1.0,,,,,5473,,,,0.0,,0.0,,0.0
,,,0.1015625,,0.953125,,,,,,,,,,,1.0,1.0,,,,,5474,,,,0.0,,0.0,,0.0
,,,0.1049107164144516,,0.96875,,,,,,,,,,,1.0,1.0,,,,,5475,,,,0.0,,0.0,,0.0
,,,0.0908203125,,0.9609375,,,,,,,,,,,1.0,1.0,,,,,5476,,,,0.0,,0.0,,0.0
,,,0.11220472306013107,,0.9921259880065918,,,,,,,,,,,1.0,1.0,,,,,5477,,,,0.0,,0.0,,0.0
,,,0.1458333283662796,,0.96875,,,,,,,,,,,1.0,1.0,,,,,5478,,,,0.0,,0.0,,0.0
,,,0.1419270783662796,,0.9765625,,,,,,,,,,,1.0,1.0,,,,,5479,,,,0.0,,0.0,,0.0
,,,0.15840516984462738,,0.936781644821167,,,,,,,,,,,1.0,1.0,,,,,5480,,,,0.0,,0.0,,0.0
,,,0.0986328125,,0.9453125,,,,,,,,,,,1.0,1.0,,,,,5481,,,,0.0,,0.0,,0.0
,,,0.10546875,,0.9765625,,,,,,,,,,,1.0,1.0,,,,,5482,,,,0.0,,0.0,,0.0
,,,0.21200037002563477,,0.9950494766235352,,,,,,,,,,,1.0,1.0,,,,,5483,,,,0.0,,0.0,,0.0
,,,0.1536458283662796,,0.984375,,,,,,,,,,,1.0,1.0,,,,,5484,,,,0.0,,0.0,,0.0
,,,0.1142578125,,1.0,,,,,,,,,,,1.0,1.0,,,,,5485,,,,0.0,,0.0,,0.0
,,,0.2455357164144516,,0.9947916269302368,,,,,,,,,,,1.0,1.0,,,,,5486,,,,0.0,,0.0,,0.0
,,,0.220703125,,1.0,,,,,,,,,,,1.0,1.0,,,,,5487,,,,0.0,,0.0,,0.0
,,,0.1216517835855484,,0.9921875,,,,,,,,,,,1.0,1.0,,,,,5488,,,,0.0,,0.0,,0.0
,,,0.25217530131340027,,1.0,,,,,,,,,,,1.0,1.0,,,,,5489,,,,0.0,,0.0,,0.0
,,,0.107421875,,0.9765625,,,,,,,,,,,1.0,1.0,,,,,5490,,,,0.0,,0.0,,0.0
,,,0.10546875,,0.9921875,,,,,,,,,,,1.0,1.0,,,,,5491,,,,0.0,,0.0,,0.0
,,,0.2660766839981079,,0.9867256879806519,,,,,,,,,,,1.0,1.0,,,,,5492,,,,0.0,,0.0,,0.0
,,,0.15625,,0.984375,,,,,,,,,,,1.0,1.0,,,,,5493,,,,0.0,,0.0,,0.0
,,,0.18437500298023224,,0.96875,,,,,,,,,,,1.0,1.0,,,,,5494,,,,0.0,,0.0,,0.0
,,,0.17845118045806885,,1.0,,,,,,,,,,,1.0,1.0,,,,,5495,,,,0.0,,0.0,,0.0
,,,0.078125,,1.0,,,,,,,,,,,1.0,1.0,,,,,5496,,,,0.0,,0.0,,0.0
,,,0.07578124850988388,,1.0,,,,,,,,,,,1.0,1.0,,,,,5497,,,,0.0,,0.0,,0.0
,,,0.20949074625968933,,1.0,,,,,,,,,,,1.0,1.0,,,,,5498,,,,0.0,,0.0,,0.0
,,,0.18125000596046448,,0.9921875,,,,,,,,,,,1.0,1.0,,,,,5499,,,,0.0,,0.0,,0.0
,,,0.11328125,,0.9921875,,,,,,,,,,,1.0,1.0,,,,,5500,,,,0.0,,0.0,,0.0
,,,0.3061579763889313,,0.9939758777618408,,,,,,,,,,,1.0,1.0,,,,,5501,,,,0.0,,0.0,,0.0
,,,0.18593749403953552,,0.984375,,,,,,,,,,,1.0,1.0,,,,,5502,,,,0.0,,0.0,,0.0
,,,0.1305803507566452,,1.0,,,,,,,,,,,1.0,1.0,,,,,5503,,,,0.0,,0.0,,0.0
,,,0.17451828718185425,,0.9738986492156982,,,,,,,,,,,1.0,1.0,,,,,5504,,,,0.0,,0.0,,0.0
,,,0.1037946417927742,,0.9453125,,,,,,,,,,,1.0,1.0,,,,,5505,,,,0.0,,0.0,,0.0
,,,0.09375,,0.96875,,,,,,,,,,,1.0,1.0,,,,,5506,,,,0.0,,0.0,,0.0
,,,0.18463146686553955,,0.9825581312179565,,,,,,,,,,,1.0,1.0,,,,,5507,,,,0.0,,0.0,,0.0
,,,0.140625,,0.96875,,,,,,,,,,,1.0,1.0,,,,,5508,,,,0.0,,0.0,,0.0
,,,0.1484375,,0.9609375,,,,,,,,,,,1.0,1.0,,,,,5509,,,,0.0,,0.0,,0.0
,,,0.24390706419944763,,0.9735616445541382,,,,,,,,,,,1.0,1.0,,,,,5510,,,,0.0,,0.0,,0.0
,,,0.0833333358168602,,0.9609375,,,,,,,,,,,1.0,1.0,,,,,5511,,,,0.0,,0.0,,0.0
,,,0.0986328125,,0.9375,,,,,,,,,,,1.0,1.0,,,,,5512,,,,0.0,,0.0,,0.0
,,,0.18571428954601288,,0.9955357313156128,,,,,,,,,,,1.0,1.0,,,,,5513,,,,0.0,,0.0,,0.0
,,,0.1261160671710968,,0.9921875,,,,,,,,,,,1.0,1.0,,,,,5514,,,,0.0,,0.0,,0.0
,,,0.15234375,,0.984375,,,,,,,,,,,1.0,1.0,,,,,5515,,,,0.0,,0.0,,0.0
,,,0.23332223296165466,,0.9545454978942871,,,,,,,,,,,1.0,1.0,,,,,5516,,,,0.0,,0.0,,0.0
,,,0.1458333283662796,,1.0,,,,,,,,,,,1.0,1.0,,,,,5517,,,,0.0,,0.0,,0.0
,,,0.1432291716337204,,1.0,,,,,,,,,,,1.0,1.0,,,,,5518,,,,0.0,,0.0,,0.0
,,,0.109251968562603,,0.9921259880065918,,,,,,,,,,,1.0,1.0,,,,,5519,,,,0.0,,0.0,,0.0
59,0.8197621703147888,0.8541694283485413,,0.9833142757415771,,,,,,,,,,,,,,218.0259246826172,7609.6435546875,5.384613990783691,250.15179443359375,13259,,,0.0,,0.0,,0.0,
59,,,,,,0.2765792906284332,,0.5235884189605713,,9.130938529968262,,,,,,,,,,,,13259,0.6106302738189697,,,,,,,
,,,,,,,,,,,,,,0.00016429369298766273,0.03,,,,,,,13299,,,,,,,,
60,,,,,,,0.2634202837944031,,0.5062355995178223,,8.9765625,0.00016426264483015984,0.029999999329447746,,,1.0,1.0,,,,,13299,,0.3885113596916199,,,,,,
,,,,,,,,,,,,,,0.00016274261405410732,0.03,,,,,,,13349,,,,,,,,
60,,,,,,,0.29924488067626953,,0.5560274720191956,,9.21875,0.00016271161439362913,0.029999999329447746,,,1.0,1.0,,,,,13349,,0.5340926647186279,,,,,,
,,,,,,,,,,,,,,0.0001611938712956825,0.03,,,,,,,13399,,,,,,,,
60,,,,,,,0.261374831199646,,0.4975578188896179,,8.78125,0.0001611629268154502,0.029999999329447746,,,1.0,1.0,,,,,13399,,0.6318250894546509,,,,,,
,,,,,,,,,,,,,,0.00015964756130573633,0.03,,,,,,,13449,,,,,,,,
60,,,,,,,0.2886412441730499,,0.5403680801391602,,9.3125,0.00015961665485519916,0.029999999329447746,,,1.0,1.0,,,,,13449,,0.7048636674880981,,,,,,
,,,0.0685763880610466,,0.9765625,,,,,,,,,,,1.0,1.0,,,,,5520,,,,0.0,,0.0,,0.0
,,,0.0892857164144516,,0.9765625,,,,,,,,,,,1.0,1.0,,,,,5521,,,,0.0,,0.0,,0.0
,,,0.17878824472427368,,0.9801980257034302,,,,,,,,,,,1.0,1.0,,,,,5522,,,,0.0,,0.0,,0.0
,,,0.1575520783662796,,0.984375,,,,,,,,,,,1.0,1.0,,,,,5523,,,,0.0,,0.0,,0.0
,,,0.18906250596046448,,0.9765625,,,,,,,,,,,1.0,1.0,,,,,5524,,,,0.0,,0.0,,0.0
,,,0.30502137541770935,,0.990384578704834,,,,,,,,,,,1.0,1.0,,,,,5525,,,,0.0,,0.0,,0.0
,,,0.0876736119389534,,0.9921875,,,,,,,,,,,1.0,1.0,,,,,5526,,,,0.0,,0.0,,0.0
,,,0.0902777761220932,,0.9921875,,,,,,,,,,,1.0,1.0,,,,,5527,,,,0.0,,0.0,,0.0
,,,0.15540307760238647,,0.9772727489471436,,,,,,,,,,,1.0,1.0,,,,,5528,,,,0.0,,0.0,,0.0
,,,0.2265625,,1.0,,,,,,,,,,,1.0,1.0,,,,,5529,,,,0.0,,0.0,,0.0
,,,0.1471354216337204,,0.9921875,,,,,,,,,,,1.0,1.0,,,,,5530,,,,0.0,,0.0,,0.0
,,,0.14453125,,0.9921875,,,,,,,,,,,1.0,1.0,,,,,5531,,,,0.0,,0.0,,0.0
,,,0.18533334136009216,,0.9880000352859497,,,,,,,,,,,1.0,1.0,,,,,5532,,,,0.0,,0.0,,0.0
,,,0.1104910746216774,,0.9765625,,,,,,,,,,,1.0,1.0,,,,,5533,,,,0.0,,0.0,,0.0
,,,0.0885416641831398,,0.953125,,,,,,,,,,,1.0,1.0,,,,,5534,,,,0.0,,0.0,,0.0
,,,0.17138707637786865,,0.9957983493804932,,,,,,,,,,,1.0,1.0,,,,,5535,,,,0.0,,0.0,,0.0
,,,0.1302083283662796,,0.9921875,,,,,,,,,,,1.0,1.0,,,,,5536,,,,0.0,,0.0,,0.0
,,,0.16093750298023224,,0.984375,,,,,,,,,,,1.0,1.0,,,,,5537,,,,0.0,,0.0,,0.0
,,,0.27182537317276,,1.0,,,,,,,,,,,1.0,1.0,,,,,5538,,,,0.0,,0.0,,0.0
,,,0.125,,0.984375,,,,,,,,,,,1.0,1.0,,,,,5539,,,,0.0,,0.0,,0.0
,,,0.1238839253783226,,0.9921875,,,,,,,,,,,1.0,1.0,,,,,5540,,,,0.0,,0.0,,0.0
,,,0.20504358410835266,,0.9931507110595703,,,,,,,,,,,1.0,1.0,,,,,5541,,,,0.0,,0.0,,0.0
,,,0.109375,,0.984375,,,,,,,,,,,1.0,1.0,,,,,5542,,,,0.0,,0.0,,0.0
,,,0.1123046875,,0.984375,,,,,,,,,,,1.0,1.0,,,,,5543,,,,0.0,,0.0,,0.0
,,,0.23460590839385986,,1.0,,,,,,,,,,,1.0,1.0,,,,,5544,,,,0.0,,0.0,,0.0
,,,0.18437500298023224,,1.0,,,,,,,,,,,1.0,1.0,,,,,5545,,,,0.0,,0.0,,0.0
,,,0.240234375,,1.0,,,,,,,,,,,1.0,1.0,,,,,5546,,,,0.0,,0.0,,0.0
,,,0.2804192900657654,,0.9716981053352356,,,,,,,,,,,1.0,1.0,,,,,5547,,,,0.0,,0.0,,0.0
,,,0.1116071417927742,,0.96875,,,,,,,,,,,1.0,1.0,,,,,5548,,,,0.0,,0.0,,0.0
,,,0.08203125,,0.9375,,,,,,,,,,,1.0,1.0,,,,,5549,,,,0.0,,0.0,,0.0
,,,0.1481684148311615,,0.9530779719352722,,,,,,,,,,,1.0,1.0,,,,,5550,,,,0.0,,0.0,,0.0
,,,0.0771484375,,0.9609375,,,,,,,,,,,1.0,1.0,,,,,5551,,,,0.0,,0.0,,0.0
,,,0.0720486119389534,,0.984375,,,,,,,,,,,1.0,1.0,,,,,5552,,,,0.0,,0.0,,0.0
,,,0.181718647480011,,0.982758641242981,,,,,,,,,,,1.0,1.0,,,,,5553,,,,0.0,,0.0,,0.0
,,,0.1510416716337204,,0.9765625,,,,,,,,,,,1.0,1.0,,,,,5554,,,,0.0,,0.0,,0.0
,,,0.1316964328289032,,0.984375,,,,,,,,,,,1.0,1.0,,,,,5555,,,,0.0,,0.0,,0.0
,,,0.2349959760904312,,0.9679471254348755,,,,,,,,,,,1.0,1.0,,,,,5556,,,,0.0,,0.0,,0.0
,,,0.0911458358168602,,1.0,,,,,,,,,,,1.0,1.0,,,,,5557,,,,0.0,,0.0,,0.0
,,,0.099609375,,1.0,,,,,,,,,,,1.0,1.0,,,,,5558,,,,0.0,,0.0,,0.0
,,,0.18032830953598022,,0.9923076629638672,,,,,,,,,,,1.0,1.0,,,,,5559,,,,0.0,,0.0,,0.0
,,,0.18281249701976776,,0.9921875,,,,,,,,,,,1.0,1.0,,,,,5560,,,,0.0,,0.0,,0.0
,,,0.1261160671710968,,1.0,,,,,,,,,,,1.0,1.0,,,,,5561,,,,0.0,,0.0,,0.0
,,,0.23571428656578064,,0.969318151473999,,,,,,,,,,,1.0,1.0,,,,,5562,,,,0.0,,0.0,,0.0
,,,0.1171875,,0.9765625,,,,,,,,,,,1.0,1.0,,,,,5563,,,,0.0,,0.0,,0.0
,,,0.1149553582072258,,0.9921875,,,,,,,,,,,1.0,1.0,,,,,5564,,,,0.0,,0.0,,0.0
,,,0.17361980676651,,0.9734042882919312,,,,,,,,,,,1.0,1.0,,,,,5565,,,,0.0,,0.0,,0.0
,,,0.0986328125,,0.9921875,,,,,,,,,,,1.0,1.0,,,,,5566,,,,0.0,,0.0,,0.0
,,,0.15781250596046448,,0.984375,,,,,,,,,,,1.0,1.0,,,,,5567,,,,0.0,,0.0,,0.0
,,,0.13671875,,0.9921875,,,,,,,,,,,1.0,1.0,,,,,5568,,,,0.0,,0.0,,0.0
,,,0.109251968562603,,0.9960629940032959,,,,,,,,,,,1.0,1.0,,,,,5569,,,,0.0,,0.0,,0.0
,,,0.17343750596046448,,0.984375,,,,,,,,,,,1.0,1.0,,,,,5570,,,,0.0,,0.0,,0.0
,,,0.1171875,,0.9921875,,,,,,,,,,,1.0,1.0,,,,,5571,,,,0.0,,0.0,,0.0
,,,0.1545976996421814,,0.9913793206214905,,,,,,,,,,,1.0,1.0,,,,,5572,,,,0.0,,0.0,,0.0
,,,0.09375,,0.9609375,,,,,,,,,,,1.0,1.0,,,,,5573,,,,0.0,,0.0,,0.0
,,,0.11328125,,0.9921875,,,,,,,,,,,1.0,1.0,,,,,5574,,,,0.0,,0.0,,0.0
,,,0.26664572954177856,,0.9814814925193787,,,,,,,,,,,1.0,1.0,,,,,5575,,,,0.0,,0.0,,0.0
,,,0.15625,,1.0,,,,,,,,,,,1.0,1.0,,,,,5576,,,,0.0,,0.0,,0.0
,,,0.234375,,1.0,,,,,,,,,,,1.0,1.0,,,,,5577,,,,0.0,,0.0,,0.0
,,,0.2425595223903656,,0.9739583730697632,,,,,,,,,,,1.0,1.0,,,,,5578,,,,0.0,,0.0,,0.0
,,,0.1026785746216774,,0.9375,,,,,,,,,,,1.0,1.0,,,,,5579,,,,0.0,,0.0,,0.0
,,,0.0746527761220932,,0.953125,,,,,,,,,,,1.0,1.0,,,,,5580,,,,0.0,,0.0,,0.0
,,,0.16050663590431213,,0.9526578187942505,,,,,,,,,,,1.0,1.0,,,,,5581,,,,0.0,,0.0,,0.0
,,,0.0830078125,,0.9765625,,,,,,,,,,,1.0,1.0,,,,,5582,,,,0.0,,0.0,,0.0
,,,0.08203125,,0.96875,,,,,,,,,,,1.0,1.0,,,,,5583,,,,0.0,,0.0,,0.0
,,,0.18275976181030273,,0.9955751895904541,,,,,,,,,,,1.0,1.0,,,,,5584,,,,0.0,,0.0,,0.0
,,,0.1339285671710968,,0.9765625,,,,,,,,,,,1.0,1.0,,,,,5585,,,,0.0,,0.0,,0.0
,,,0.15234375,,0.9765625,,,,,,,,,,,1.0,1.0,,,,,5586,,,,0.0,,0.0,,0.0
,,,0.1681257039308548,,0.9676767587661743,,,,,,,,,,,1.0,1.0,,,,,5587,,,,0.0,,0.0,,0.0
,,,0.103515625,,1.0,,,,,,,,,,,1.0,1.0,,,,,5588,,,,0.0,,0.0,,0.0
,,,0.0947265625,,1.0,,,,,,,,,,,1.0,1.0,,,,,5589,,,,0.0,,0.0,,0.0
,,,0.22962963581085205,,0.9953703880310059,,,,,,,,,,,1.0,1.0,,,,,5590,,,,0.0,,0.0,,0.0
,,,0.1283482164144516,,0.9921875,,,,,,,,,,,1.0,1.0,,,,,5591,,,,0.0,,0.0,,0.0
,,,0.17812499403953552,,0.9921875,,,,,,,,,,,1.0,1.0,,,,,5592,,,,0.0,,0.0,,0.0
,,,0.24574488401412964,,0.9879518151283264,,,,,,,,,,,1.0,1.0,,,,,5593,,,,0.0,,0.0,,0.0
,,,0.1380208283662796,,0.984375,,,,,,,,,,,1.0,1.0,,,,,5594,,,,0.0,,0.0,,0.0
,,,0.1205357164144516,,0.9765625,,,,,,,,,,,1.0,1.0,,,,,5595,,,,0.0,,0.0,,0.0
,,,0.1465495228767395,,0.970588207244873,,,,,,,,,,,1.0,1.0,,,,,5596,,,,0.0,,0.0,,0.0
,,,0.12890625,,0.9921875,,,,,,,,,,,1.0,1.0,,,,,5597,,,,0.0,,0.0,,0.0
,,,0.16093750298023224,,0.984375,,,,,,,,,,,1.0,1.0,,,,,5598,,,,0.0,,0.0,,0.0
,,,0.2489321231842041,,0.9941860437393188,,,,,,,,,,,1.0,1.0,,,,,5599,,,,0.0,,0.0,,0.0
,,,0.1044921875,,0.984375,,,,,,,,,,,1.0,1.0,,,,,5600,,,,0.0,,0.0,,0.0
,,,0.216796875,,0.9921875,,,,,,,,,,,1.0,1.0,,,,,5601,,,,0.0,,0.0,,0.0
,,,0.21890588104724884,,0.9948453903198242,,,,,,,,,,,1.0,1.0,,,,,5602,,,,0.0,,0.0,,0.0
,,,0.0963541641831398,,0.9765625,,,,,,,,,,,1.0,1.0,,,,,5603,,,,0.0,,0.0,,0.0
,,,0.0946180522441864,,0.9765625,,,,,,,,,,,1.0,1.0,,,,,5604,,,,0.0,,0.0,,0.0
,,,0.2767857313156128,,0.9910714626312256,,,,,,,,,,,1.0,1.0,,,,,5605,,,,0.0,,0.0,,0.0
,,,0.232421875,,1.0,,,,,,,,,,,1.0,1.0,,,,,5606,,,,0.0,,0.0,,0.0
,,,0.1875,,1.0,,,,,,,,,,,1.0,1.0,,,,,5607,,,,0.0,,0.0,,0.0
,,,0.33519816398620605,,1.0,,,,,,,,,,,1.0,1.0,,,,,5608,,,,0.0,,0.0,,0.0
,,,0.109375,,0.953125,,,,,,,,,,,1.0,1.0,,,,,5609,,,,0.0,,0.0,,0.0
,,,0.0859375,,0.9375,,,,,,,,,,,1.0,1.0,,,,,5610,,,,0.0,,0.0,,0.0
,,,0.07611548155546188,,0.9448819160461426,,,,,,,,,,,1.0,1.0,,,,,5611,,,,0.0,,0.0,,0.0
60,0.8284313678741455,0.8226129412651062,,0.9822763800621033,,,,,,,,,,,,,,219.0557098388672,8104.51318359375,5.389326095581055,255.9434051513672,13480,,,0.0,,0.0,,0.0,
60,,,,,,0.27193719148635864,,0.5190135836601257,,9.139811515808105,,,,,,,,,,,,13480,0.5799645185470581,,,,,,,
,,,,,,,,,,,,,,0.0001581037805258877,0.03,,,,,,,13499,,,,,,,,
61,,,,,,,0.2753298282623291,,0.5179369449615479,,8.9765625,0.0001580729294801131,0.029999999329447746,,,1.0,1.0,,,,,13499,,0.49706539511680603,,,,,,
,,,,,,,,,,,,,,0.00015656262524001158,0.03,,,,,,,13549,,,,,,,,
61,,,,,,,0.24720177054405212,,0.4910460114479065,,8.9921875,0.00015653182344976813,0.029999999329447746,,,1.0,1.0,,,,,13549,,0.5046120285987854,,,,,,
,,,,,,,,,,,,,,0.0001550241915682337,0.03,,,,,,,13599,,,,,,,,
61,,,,,,,0.2554892301559448,,0.49695226550102234,,9.015625,0.0001549934531794861,0.029999999329447746,,,1.0,1.0,,,,,13599,,0.5672484040260315,,,,,,
,,,,,,,,,,,,,,0.0001534885754609361,0.03,,,,,,,13649,,,,,,,,
61,,,,,,,0.2697303295135498,,0.5053918957710266,,8.578125,0.00015345789142884314,0.029999999329447746,,,1.0,1.0,,,,,13649,,0.787033200263977,,,,,,
,,,,,,,,,,,,,,0.0001519558726927723,0.03,,,,,,,13699,,,,,,,,
61,,,,,,,0.2886624336242676,,0.5377635955810547,,9.2265625,0.0001519252546131611,0.029999999329447746,,,1.0,1.0,,,,,13699,,0.4273420572280884,,,,,,
,,,0.107421875,,0.9921875,,,,,,,,,,,1.0,1.0,,,,,5612,,,,0.0,,0.0,,0.0
,,,0.1015625,,1.0,,,,,,,,,,,1.0,1.0,,,,,5613,,,,0.0,,0.0,,0.0
,,,0.20425376296043396,,0.9431610107421875,,,,,,,,,,,1.0,1.0,,,,,5614,,,,0.0,,0.0,,0.0
,,,0.1471354216337204,,0.984375,,,,,,,,,,,1.0,1.0,,,,,5615,,,,0.0,,0.0,,0.0
,,,0.1216517835855484,,0.9609375,,,,,,,,,,,1.0,1.0,,,,,5616,,,,0.0,,0.0,,0.0
,,,0.2362637221813202,,0.9807692170143127,,,,,,,,,,,1.0,1.0,,,,,5617,,,,0.0,,0.0,,0.0
,,,0.07890625298023224,,0.9921875,,,,,,,,,,,1.0,1.0,,,,,5618,,,,0.0,,0.0,,0.0
,,,0.1216517835855484,,1.0,,,,,,,,,,,1.0,1.0,,,,,5619,,,,0.0,,0.0,,0.0
,,,0.1861063539981842,,0.9498285055160522,,,,,,,,,,,1.0,1.0,,,,,5620,,,,0.0,,0.0,,0.0
,,,0.1549479216337204,,0.9921875,,,,,,,,,,,1.0,1.0,,,,,5621,,,,0.0,,0.0,,0.0
,,,0.1194196417927742,,0.9765625,,,,,,,,,,,1.0,1.0,,,,,5622,,,,0.0,,0.0,,0.0
,,,0.140625,,0.9765625,,,,,,,,,,,1.0,1.0,,,,,5623,,,,0.0,,0.0,,0.0
,,,0.22552379965782166,,0.9919999837875366,,,,,,,,,,,1.0,1.0,,,,,5624,,,,0.0,,0.0,,0.0
,,,0.18593749403953552,,0.984375,,,,,,,,,,,1.0,1.0,,,,,5625,,,,0.0,,0.0,,0.0
,,,0.1142578125,,1.0,,,,,,,,,,,1.0,1.0,,,,,5626,,,,0.0,,0.0,,0.0
,,,0.19386088848114014,,0.9957983493804932,,,,,,,,,,,1.0,1.0,,,,,5627,,,,0.0,,0.0,,0.0
,,,0.099609375,,0.9921875,,,,,,,,,,,1.0,1.0,,,,,5628,,,,0.0,,0.0,,0.0
,,,0.0908203125,,0.9921875,,,,,,,,,,,1.0,1.0,,,,,5629,,,,0.0,,0.0,,0.0
,,,0.19981060922145844,,0.9940476417541504,,,,,,,,,,,1.0,1.0,,,,,5630,,,,0.0,,0.0,,0.0
,,,0.1261160671710968,,0.9765625,,,,,,,,,,,1.0,1.0,,,,,5631,,,,0.0,,0.0,,0.0
,,,0.18437500298023224,,0.9765625,,,,,,,,,,,1.0,1.0,,,,,5632,,,,0.0,,0.0,,0.0
,,,0.1862736940383911,,0.9931507110595703,,,,,,,,,,,1.0,1.0,,,,,5633,,,,0.0,,0.0,,0.0
,,,0.0946180522441864,,0.9921875,,,,,,,,,,,1.0,1.0,,,,,5634,,,,0.0,,0.0,,0.0
,,,0.1305803507566452,,0.9765625,,,,,,,,,,,1.0,1.0,,,,,5635,,,,0.0,,0.0,,0.0
,,,0.1865352988243103,,0.984236478805542,,,,,,,,,,,1.0,1.0,,,,,5636,,,,0.0,,0.0,,0.0
,,,0.1640625,,0.984375,,,,,,,,,,,1.0,1.0,,,,,5637,,,,0.0,,0.0,,0.0
,,,0.1044921875,,0.9921875,,,,,,,,,,,1.0,1.0,,,,,5638,,,,0.0,,0.0,,0.0
,,,0.19334730505943298,,1.0,,,,,,,,,,,1.0,1.0,,,,,5639,,,,0.0,,0.0,,0.0
,,,0.232421875,,0.9921875,,,,,,,,,,,1.0,1.0,,,,,5640,,,,0.0,,0.0,,0.0
,,,0.125,,1.0,,,,,,,,,,,1.0,1.0,,,,,5641,,,,0.0,,0.0,,0.0
,,,0.24729333817958832,,0.9882352948188782,,,,,,,,,,,1.0,1.0,,,,,5642,,,,0.0,,0.0,,0.0
,,,0.0986328125,,0.9921875,,,,,,,,,,,1.0,1.0,,,,,5643,,,,0.0,,0.0,,0.0
,,,0.0986328125,,0.984375,,,,,,,,,,,1.0,1.0,,,,,5644,,,,0.0,,0.0,,0.0
,,,0.18368910253047943,,0.9684728980064392,,,,,,,,,,,1.0,1.0,,,,,5645,,,,0.0,,0.0,,0.0
,,,0.109375,,0.953125,,,,,,,,,,,1.0,1.0,,,,,5646,,,,0.0,,0.0,,0.0
,,,0.14453125,,0.953125,,,,,,,,,,,1.0,1.0,,,,,5647,,,,0.0,,0.0,,0.0
,,,0.20562148094177246,,0.9590163826942444,,,,,,,,,,,1.0,1.0,,,,,5648,,,,0.0,,0.0,,0.0
,,,0.08046875149011612,,0.9921875,,,,,,,,,,,1.0,1.0,,,,,5649,,,,0.0,,0.0,,0.0
,,,0.1205357164144516,,0.9921875,,,,,,,,,,,1.0,1.0,,,,,5650,,,,0.0,,0.0,,0.0
,,,0.16869354248046875,,0.9846153855323792,,,,,,,,,,,1.0,1.0,,,,,5651,,,,0.0,,0.0,,0.0
,,,0.1471354216337204,,0.984375,,,,,,,,,,,1.0,1.0,,,,,5652,,,,0.0,,0.0,,0.0
,,,0.1216517835855484,,0.9921875,,,,,,,,,,,1.0,1.0,,,,,5653,,,,0.0,,0.0,,0.0
,,,0.22215908765792847,,0.9761363863945007,,,,,,,,,,,1.0,1.0,,,,,5654,,,,0.0,,0.0,,0.0
,,,0.1510416716337204,,0.9921875,,,,,,,,,,,1.0,1.0,,,,,5655,,,,0.0,,0.0,,0.0
,,,0.19062499701976776,,1.0,,,,,,,,,,,1.0,1.0,,,,,5656,,,,0.0,,0.0,,0.0
,,,0.27857738733291626,,1.0,,,,,,,,,,,1.0,1.0,,,,,5657,,,,0.0,,0.0,,0.0
,,,0.1015625,,0.9921875,,,,,,,,,,,1.0,1.0,,,,,5658,,,,0.0,,0.0,,0.0
,,,0.09375,,0.9921875,,,,,,,,,,,1.0,1.0,,,,,5659,,,,0.0,,0.0,,0.0
,,,0.0859375,,0.9921875,,,,,,,,,,,1.0,1.0,,,,,5660,,,,0.0,,0.0,,0.0
,,,0.1509186327457428,,0.9960629940032959,,,,,,,,,,,1.0,1.0,,,,,5661,,,,0.0,,0.0,,0.0
,,,0.1283482164144516,,0.9609375,,,,,,,,,,,1.0,1.0,,,,,5662,,,,0.0,,0.0,,0.0
,,,0.1510416716337204,,0.984375,,,,,,,,,,,1.0,1.0,,,,,5663,,,,0.0,,0.0,,0.0
,,,0.1612069010734558,,0.9956896305084229,,,,,,,,,,,1.0,1.0,,,,,5664,,,,0.0,,0.0,,0.0
,,,0.0902777761220932,,0.984375,,,,,,,,,,,1.0,1.0,,,,,5665,,,,0.0,,0.0,,0.0
,,,0.1305803507566452,,0.9921875,,,,,,,,,,,1.0,1.0,,,,,5666,,,,0.0,,0.0,,0.0
,,,0.2429671585559845,,0.985148549079895,,,,,,,,,,,1.0,1.0,,,,,5667,,,,0.0,,0.0,,0.0
,,,0.140625,,0.9765625,,,,,,,,,,,1.0,1.0,,,,,5668,,,,0.0,,0.0,,0.0
,,,0.1194196417927742,,0.9921875,,,,,,,,,,,1.0,1.0,,,,,5669,,,,0.0,,0.0,,0.0
,,,0.2057291567325592,,0.9947916269302368,,,,,,,,,,,1.0,1.0,,,,,5670,,,,0.0,,0.0,,0.0
,,,0.1497395783662796,,0.9921875,,,,,,,,,,,1.0,1.0,,,,,5671,,,,0.0,,0.0,,0.0
,,,0.1123046875,,0.984375,,,,,,,,,,,1.0,1.0,,,,,5672,,,,0.0,,0.0,,0.0
,,,0.2903285324573517,,1.0,,,,,,,,,,,1.0,1.0,,,,,5673,,,,0.0,,0.0,,0.0
,,,0.0868055522441864,,0.9921875,,,,,,,,,,,1.0,1.0,,,,,5674,,,,0.0,,0.0,,0.0
,,,0.1127232164144516,,0.9609375,,,,,,,,,,,1.0,1.0,,,,,5675,,,,0.0,,0.0,,0.0
,,,0.21563422679901123,,0.9778760671615601,,,,,,,,,,,1.0,1.0,,,,,5676,,,,0.0,,0.0,,0.0
,,,0.1471354216337204,,0.953125,,,,,,,,,,,1.0,1.0,,,,,5677,,,,0.0,,0.0,,0.0
,,,0.17499999701976776,,0.953125,,,,,,,,,,,1.0,1.0,,,,,5678,,,,0.0,,0.0,,0.0
,,,0.1577777862548828,,0.9444444179534912,,,,,,,,,,,1.0,1.0,,,,,5679,,,,0.0,,0.0,,0.0
,,,0.08124999701976776,,0.9921875,,,,,,,,,,,1.0,1.0,,,,,5680,,,,0.0,,0.0,,0.0
,,,0.1015625,,0.9921875,,,,,,,,,,,1.0,1.0,,,,,5681,,,,0.0,,0.0,,0.0
,,,0.17481482028961182,,0.9861111044883728,,,,,,,,,,,1.0,1.0,,,,,5682,,,,0.0,,0.0,,0.0
,,,0.1216517835855484,,0.9765625,,,,,,,,,,,1.0,1.0,,,,,5683,,,,0.0,,0.0,,0.0
,,,0.1238839253783226,,1.0,,,,,,,,,,,1.0,1.0,,,,,5684,,,,0.0,,0.0,,0.0
,,,0.2548862099647522,,0.971753716468811,,,,,,,,,,,1.0,1.0,,,,,5685,,,,0.0,,0.0,,0.0
,,,0.18281249701976776,,0.9921875,,,,,,,,,,,1.0,1.0,,,,,5686,,,,0.0,,0.0,,0.0
,,,0.19374999403953552,,1.0,,,,,,,,,,,1.0,1.0,,,,,5687,,,,0.0,,0.0,,0.0
,,,0.23831351101398468,,1.0,,,,,,,,,,,1.0,1.0,,,,,5688,,,,0.0,,0.0,,0.0
,,,0.0986328125,,0.9765625,,,,,,,,,,,1.0,1.0,,,,,5689,,,,0.0,,0.0,,0.0
,,,0.09765625,,1.0,,,,,,,,,,,1.0,1.0,,,,,5690,,,,0.0,,0.0,,0.0
,,,0.18721544742584229,,0.9941860437393188,,,,,,,,,,,1.0,1.0,,,,,5691,,,,0.0,,0.0,,0.0
,,,0.1458333283662796,,0.9765625,,,,,,,,,,,1.0,1.0,,,,,5692,,,,0.0,,0.0,,0.0
,,,0.18281249701976776,,0.96875,,,,,,,,,,,1.0,1.0,,,,,5693,,,,0.0,,0.0,,0.0
,,,0.2649056911468506,,0.9948453903198242,,,,,,,,,,,1.0,1.0,,,,,5694,,,,0.0,,0.0,,0.0
,,,0.09375,,0.984375,,,,,,,,,,,1.0,1.0,,,,,5695,,,,0.0,,0.0,,0.0
,,,0.0920138880610466,,0.9921875,,,,,,,,,,,1.0,1.0,,,,,5696,,,,0.0,,0.0,,0.0
,,,0.27551019191741943,,0.9955357313156128,,,,,,,,,,,1.0,1.0,,,,,5697,,,,0.0,,0.0,,0.0
,,,0.1354166716337204,,0.96875,,,,,,,,,,,1.0,1.0,,,,,5698,,,,0.0,,0.0,,0.0
,,,0.1171875,,0.9765625,,,,,,,,,,,1.0,1.0,,,,,5699,,,,0.0,,0.0,,0.0
,,,0.2593887448310852,,1.0,,,,,,,,,,,1.0,1.0,,,,,5700,,,,0.0,,0.0,,0.0
,,,0.18437500298023224,,0.9921875,,,,,,,,,,,1.0,1.0,,,,,5701,,,,0.0,,0.0,,0.0
,,,0.1471354216337204,,1.0,,,,,,,,,,,1.0,1.0,,,,,5702,,,,0.0,,0.0,,0.0
,,,0.13273340463638306,,0.9842519760131836,,,,,,,,,,,1.0,1.0,,,,,5703,,,,0.0,,0.0,,0.0
61,0.8245194554328918,0.8546302318572998,,0.9846609830856323,,,,,,,,,,,,,,220.3638153076172,6735.62744140625,5.395279884338379,248.6107635498047,13701,,,0.0,,0.0,,0.0,
61,,,,,,0.26807692646980286,,0.5136225819587708,,9.090815544128418,,,,,,,,,,,,13701,0.561363697052002,,,,,,,
,,,,,,,,,,,,,,0.000150426178856694,0.03,,,,,,,13749,,,,,,,,
62,,,,,,,0.25072550773620605,,0.5067114233970642,,9.6875,0.00015039561549201608,0.029999999329447746,,,1.0,1.0,,,,,13749,,0.4673196077346802,,,,,,
,,,,,,,,,,,,,,0.0001488995893579893,0.03,,,,,,,13799,,,,,,,,
62,,,,,,,0.23952916264533997,,0.47074949741363525,,8.5078125,0.00014886909048072994,0.029999999329447746,,,1.0,1.0,,,,,13799,,0.5974504947662354,,,,,,
,,,,,,,,,,,,,,0.00014737619940833222,0.03,,,,,,,13849,,,,,,,,
62,,,,,,,0.25290706753730774,,0.5017441511154175,,9.34375,0.00014734576689079404,0.029999999329447746,,,1.0,1.0,,,,,13849,,0.4292455315589905,,,,,,
,,,,,,,,,,,,,,0.00014585610401984458,0.03,,,,,,,13899,,,,,,,,
62,,,,,,,0.2873198986053467,,0.5180519819259644,,8.3671875,0.00014582573203369975,0.029999999329447746,,,1.0,1.0,,,,,13899,,0.672920823097229,,,,,,
,,,0.14453125,,0.9765625,,,,,,,,,,,1.0,1.0,,,,,5704,,,,0.0,,0.0,,0.0
,,,0.1064453125,,0.9921875,,,,,,,,,,,1.0,1.0,,,,,5705,,,,0.0,,0.0,,0.0
,,,0.2175467610359192,,0.9530619382858276,,,,,,,,,,,1.0,1.0,,,,,5706,,,,0.0,,0.0,,0.0
,,,0.17499999701976776,,0.9765625,,,,,,,,,,,1.0,1.0,,,,,5707,,,,0.0,,0.0,,0.0
,,,0.140625,,0.953125,,,,,,,,,,,1.0,1.0,,,,,5708,,,,0.0,,0.0,,0.0
,,,0.4214743673801422,,0.9855769276618958,,,,,,,,,,,1.0,1.0,,,,,5709,,,,0.0,,0.0,,0.0
,,,0.0902777761220932,,0.9921875,,,,,,,,,,,1.0,1.0,,,,,5710,,,,0.0,,0.0,,0.0
,,,0.13671875,,0.984375,,,,,,,,,,,1.0,1.0,,,,,5711,,,,0.0,,0.0,,0.0
,,,0.18000763654708862,,0.9498285055160522,,,,,,,,,,,1.0,1.0,,,,,5712,,,,0.0,,0.0,,0.0
,,,0.1305803507566452,,0.984375,,,,,,,,,,,1.0,1.0,,,,,5713,,,,0.0,,0.0,,0.0
,,,0.1238839253783226,,0.9765625,,,,,,,,,,,1.0,1.0,,,,,5714,,,,0.0,,0.0,,0.0
,,,0.1432291716337204,,0.9609375,,,,,,,,,,,1.0,1.0,,,,,5715,,,,0.0,,0.0,,0.0
,,,0.269777774810791,,0.8293333053588867,,,,,,,,,,,1.0,1.0,,,,,5716,,,,0.0,,0.0,,0.0
,,,0.1305803507566452,,1.0,,,,,,,,,,,1.0,1.0,,,,,5717,,,,0.0,,0.0,,0.0
,,,0.1575520783662796,,0.9921875,,,,,,,,,,,1.0,1.0,,,,,5718,,,,0.0,,0.0,,0.0
,,,0.19304388761520386,,0.9831932783126831,,,,,,,,,,,1.0,1.0,,,,,5719,,,,0.0,,0.0,,0.0
,,,0.1106770858168602,,0.96875,,,,,,,,,,,1.0,1.0,,,,,5720,,,,0.0,,0.0,,0.0
,,,0.09375,,0.96875,,,,,,,,,,,1.0,1.0,,,,,5721,,,,0.0,,0.0,,0.0
,,,0.173641175031662,,0.9540042877197266,,,,,,,,,,,1.0,1.0,,,,,5722,,,,0.0,,0.0,,0.0
,,,0.1025390625,,0.96875,,,,,,,,,,,1.0,1.0,,,,,5723,,,,0.0,,0.0,,0.0
,,,0.1238839253783226,,0.9609375,,,,,,,,,,,1.0,1.0,,,,,5724,,,,0.0,,0.0,,0.0
,,,0.18428117036819458,,0.9590286016464233,,,,,,,,,,,1.0,1.0,,,,,5725,,,,0.0,,0.0,,0.0
,,,0.1083984375,,0.9765625,,,,,,,,,,,1.0,1.0,,,,,5726,,,,0.0,,0.0,,0.0
,,,0.109375,,1.0,,,,,,,,,,,1.0,1.0,,,,,5727,,,,0.0,,0.0,,0.0
,,,0.19644224643707275,,0.9928570985794067,,,,,,,,,,,1.0,1.0,,,,,5728,,,,0.0,,0.0,,0.0
,,,0.1536458283662796,,1.0,,,,,,,,,,,1.0,1.0,,,,,5729,,,,0.0,,0.0,,0.0
,,,0.1283482164144516,,0.9921875,,,,,,,,,,,1.0,1.0,,,,,5730,,,,0.0,,0.0,,0.0
,,,0.2903982996940613,,0.9811320900917053,,,,,,,,,,,1.0,1.0,,,,,5731,,,,0.0,,0.0,,0.0
,,,0.1536458283662796,,0.9921875,,,,,,,,,,,1.0,1.0,,,,,5732,,,,0.0,,0.0,,0.0
,,,0.1458333283662796,,1.0,,,,,,,,,,,1.0,1.0,,,,,5733,,,,0.0,,0.0,,0.0
,,,0.22804377973079681,,0.959097146987915,,,,,,,,,,,1.0,1.0,,,,,5734,,,,0.0,,0.0,,0.0
,,,0.1160714253783226,,0.984375,,,,,,,,,,,1.0,1.0,,,,,5735,,,,0.0,,0.0,,0.0
,,,0.1005859375,,0.984375,,,,,,,,,,,1.0,1.0,,,,,5736,,,,0.0,,0.0,,0.0
,,,0.2464461624622345,,0.9770935773849487,,,,,,,,,,,1.0,1.0,,,,,5737,,,,0.0,,0.0,,0.0
,,,0.14453125,,0.96875,,,,,,,,,,,1.0,1.0,,,,,5738,,,,0.0,,0.0,,0.0
,,,0.16875000298023224,,0.9609375,,,,,,,,,,,1.0,1.0,,,,,5739,,,,0.0,,0.0,,0.0
,,,0.23520570993423462,,0.9679471254348755,,,,,,,,,,,1.0,1.0,,,,,5740,,,,0.0,,0.0,,0.0
,,,0.0885416641831398,,1.0,,,,,,,,,,,1.0,1.0,,,,,5741,,,,0.0,,0.0,,0.0
,,,0.095703125,,0.9765625,,,,,,,,,,,1.0,1.0,,,,,5742,,,,0.0,,0.0,,0.0
,,,0.16705739498138428,,0.9846153855323792,,,,,,,,,,,1.0,1.0,,,,,5743,,,,0.0,,0.0,,0.0
,,,0.1510416716337204,,0.9921875,,,,,,,,,,,1.0,1.0,,,,,5744,,,,0.0,,0.0,,0.0
,,,0.1261160671710968,,0.953125,,,,,,,,,,,1.0,1.0,,,,,5745,,,,0.0,,0.0,,0.0
,,,0.25941556692123413,,0.9886363744735718,,,,,,,,,,,1.0,1.0,,,,,5746,,,,0.0,,0.0,,0.0
,,,0.18281249701976776,,1.0,,,,,,,,,,,1.0,1.0,,,,,5747,,,,0.0,,0.0,,0.0
,,,0.15625,,1.0,,,,,,,,,,,1.0,1.0,,,,,5748,,,,0.0,,0.0,,0.0
,,,0.18922090530395508,,0.9946808815002441,,,,,,,,,,,1.0,1.0,,,,,5749,,,,0.0,,0.0,,0.0
,,,0.0959821417927742,,0.9609375,,,,,,,,,,,1.0,1.0,,,,,5750,,,,0.0,,0.0,,0.0
,,,0.0982142835855484,,0.96875,,,,,,,,,,,1.0,1.0,,,,,5751,,,,0.0,,0.0,,0.0
,,,0.087890625,,0.9609375,,,,,,,,,,,1.0,1.0,,,,,5752,,,,0.0,,0.0,,0.0
,,,0.09448818862438202,,0.9803149700164795,,,,,,,,,,,1.0,1.0,,,,,5753,,,,0.0,,0.0,,0.0
,,,0.1458333283662796,,0.9765625,,,,,,,,,,,1.0,1.0,,,,,5754,,,,0.0,,0.0,,0.0
,,,0.103515625,,0.9609375,,,,,,,,,,,1.0,1.0,,,,,5755,,,,0.0,,0.0,,0.0
,,,0.14626437425613403,,0.9454022645950317,,,,,,,,,,,1.0,1.0,,,,,5756,,,,0.0,,0.0,,0.0
,,,0.0946180522441864,,0.984375,,,,,,,,,,,1.0,1.0,,,,,5757,,,,0.0,,0.0,,0.0
,,,0.1238839253783226,,0.9921875,,,,,,,,,,,1.0,1.0,,,,,5758,,,,0.0,,0.0,,0.0
,,,0.21786761283874512,,1.0,,,,,,,,,,,1.0,1.0,,,,,5759,,,,0.0,,0.0,,0.0
,,,0.15625,,1.0,,,,,,,,,,,1.0,1.0,,,,,5760,,,,0.0,,0.0,,0.0
,,,0.1796875,,0.9921875,,,,,,,,,,,1.0,1.0,,,,,5761,,,,0.0,,0.0,,0.0
,,,0.2425595223903656,,0.984375,,,,,,,,,,,1.0,1.0,,,,,5762,,,,0.0,,0.0,,0.0
,,,0.18281249701976776,,0.9921875,,,,,,,,,,,1.0,1.0,,,,,5763,,,,0.0,,0.0,,0.0
,,,0.11328125,,0.984375,,,,,,,,,,,1.0,1.0,,,,,5764,,,,0.0,,0.0,,0.0
,,,0.2437114417552948,,0.9822812676429749,,,,,,,,,,,1.0,1.0,,,,,5765,,,,0.0,,0.0,,0.0
,,,0.103515625,,0.96875,,,,,,,,,,,1.0,1.0,,,,,5766,,,,0.0,,0.0,,0.0
,,,0.103515625,,0.984375,,,,,,,,,,,1.0,1.0,,,,,5767,,,,0.0,,0.0,,0.0
,,,0.2534344792366028,,0.982300877571106,,,,,,,,,,,1.0,1.0,,,,,5768,,,,0.0,,0.0,,0.0
,,,0.14453125,,0.96875,,,,,,,,,,,1.0,1.0,,,,,5769,,,,0.0,,0.0,,0.0
,,,0.17343750596046448,,0.9609375,,,,,,,,,,,1.0,1.0,,,,,5770,,,,0.0,,0.0,,0.0
,,,0.19494950771331787,,0.9676767587661743,,,,,,,,,,,1.0,1.0,,,,,5771,,,,0.0,,0.0,,0.0
,,,0.0966796875,,0.9921875,,,,,,,,,,,1.0,1.0,,,,,5772,,,,0.0,,0.0,,0.0
,,,0.0842013880610466,,0.984375,,,,,,,,,,,1.0,1.0,,,,,5773,,,,0.0,,0.0,,0.0
,,,0.21851852536201477,,0.9907407760620117,,,,,,,,,,,1.0,1.0,,,,,5774,,,,0.0,,0.0,,0.0
,,,0.1484375,,0.9765625,,,,,,,,,,,1.0,1.0,,,,,5775,,,,0.0,,0.0,,0.0
,,,0.1261160671710968,,0.9609375,,,,,,,,,,,1.0,1.0,,,,,5776,,,,0.0,,0.0,,0.0
,,,0.22453145682811737,,0.9777777791023254,,,,,,,,,,,1.0,1.0,,,,,5777,,,,0.0,,0.0,,0.0
,,,0.18437500298023224,,1.0,,,,,,,,,,,1.0,1.0,,,,,5778,,,,0.0,,0.0,,0.0
,,,0.1575520783662796,,1.0,,,,,,,,,,,1.0,1.0,,,,,5779,,,,0.0,,0.0,,0.0
,,,0.19470970332622528,,0.9870129823684692,,,,,,,,,,,1.0,1.0,,,,,5780,,,,0.0,,0.0,,0.0
,,,0.0810546875,,0.9453125,,,,,,,,,,,1.0,1.0,,,,,5781,,,,0.0,,0.0,,0.0
,,,0.0993303582072258,,0.984375,,,,,,,,,,,1.0,1.0,,,,,5782,,,,0.0,,0.0,,0.0
,,,0.17669495940208435,,0.9767441749572754,,,,,,,,,,,1.0,1.0,,,,,5783,,,,0.0,,0.0,,0.0
,,,0.1025390625,,0.953125,,,,,,,,,,,1.0,1.0,,,,,5784,,,,0.0,,0.0,,0.0
,,,0.1458333283662796,,0.96875,,,,,,,,,,,1.0,1.0,,,,,5785,,,,0.0,,0.0,,0.0
,,,0.2531236708164215,,0.9742268323898315,,,,,,,,,,,1.0,1.0,,,,,5786,,,,0.0,,0.0,,0.0
,,,0.08437500149011612,,0.96875,,,,,,,,,,,1.0,1.0,,,,,5787,,,,0.0,,0.0,,0.0
,,,0.10546875,,0.9921875,,,,,,,,,,,1.0,1.0,,,,,5788,,,,0.0,,0.0,,0.0
,,,0.2354910671710968,,0.9955357313156128,,,,,,,,,,,1.0,1.0,,,,,5789,,,,0.0,,0.0,,0.0
,,,0.17812499403953552,,1.0,,,,,,,,,,,1.0,1.0,,,,,5790,,,,0.0,,0.0,,0.0
,,,0.1316964328289032,,1.0,,,,,,,,,,,1.0,1.0,,,,,5791,,,,0.0,,0.0,,0.0
,,,0.32323235273361206,,0.9502719640731812,,,,,,,,,,,1.0,1.0,,,,,5792,,,,0.0,,0.0,,0.0
,,,0.1283482164144516,,0.9765625,,,,,,,,,,,1.0,1.0,,,,,5793,,,,0.0,,0.0,,0.0
,,,0.1471354216337204,,1.0,,,,,,,,,,,1.0,1.0,,,,,5794,,,,0.0,,0.0,,0.0
,,,0.1131889745593071,,0.9763779640197754,,,,,,,,,,,1.0,1.0,,,,,5795,,,,0.0,,0.0,,0.0
62,0.8271851539611816,0.8483778834342957,,0.9797064065933228,,,,,,,,,,,,,,222.6092529296875,6626.58544921875,5.4054179191589355,249.1185302734375,13922,,,0.0,,0.0,,0.0,
62,,,,,,0.26450297236442566,,0.5091102719306946,,9.070595741271973,,,,,,,,,,,,13922,0.5778321623802185,,,,,,,
,,,,,,,,,,,,,,0.00014433939799917,0.03,,,,,,,13949,,,,,,,,
63,,,,,,,0.23818078637123108,,0.48097413778305054,,9.1328125,0.0001443091023247689,0.029999999329447746,,,1.0,1.0,,,,,13949,,0.5009844303131104,,,,,,
,,,,,,,,,,,,,,0.00014282617594156126,0.03,,,,,,,13999,,,,,,,,
63,,,,,,,0.2396674007177353,,0.483795702457428,,9.203125,0.00014279595052357763,0.029999999329447746,,,1.0,1.0,,,,,13999,,0.56998610496521,,,,,,
,,,,,,,,,,,,,,0.00014131653222497977,0.03,,,,,,,14049,,,,,,,,
63,,,,,,,0.2878458499908447,,0.5399805307388306,,9.3046875,0.00014128637849353254,0.029999999329447746,,,1.0,1.0,,,,,14049,,0.6149417161941528,,,,,,
,,,,,,,,,,,,,,0.0001398105610042104,0.03,,,,,,,14099,,,,,,,,
63,,,,,,,0.25592169165611267,,0.4967259168624878,,8.9921875,0.000139780473546125,0.029999999329447746,,,1.0,1.0,,,,,14099,,0.6096724271774292,,,,,,
,,,0.15234375,,0.984375,,,,,,,,,,,1.0,1.0,,,,,5796,,,,0.0,,0.0,,0.0
,,,0.1261160671710968,,1.0,,,,,,,,,,,1.0,1.0,,,,,5797,,,,0.0,,0.0,,0.0
,,,0.19940513372421265,,0.9715805053710938,,,,,,,,,,,1.0,1.0,,,,,5798,,,,0.0,,0.0,,0.0
,,,0.11328125,,0.96875,,,,,,,,,,,1.0,1.0,,,,,5799,,,,0.0,,0.0,,0.0
,,,0.1205357164144516,,0.9375,,,,,,,,,,,1.0,1.0,,,,,5800,,,,0.0,,0.0,,0.0
,,,0.2055288553237915,,0.9759615659713745,,,,,,,,,,,1.0,1.0,,,,,5801,,,,0.0,,0.0,,0.0
,,,0.07578124850988388,,0.9921875,,,,,,,,,,,1.0,1.0,,,,,5802,,,,0.0,,0.0,,0.0
,,,0.09765625,,0.9921875,,,,,,,,,,,1.0,1.0,,,,,5803,,,,0.0,,0.0,,0.0
,,,0.1716218888759613,,0.9772727489471436,,,,,,,,,,,1.0,1.0,,,,,5804,,,,0.0,,0.0,,0.0
,,,0.15625,,0.9921875,,,,,,,,,,,1.0,1.0,,,,,5805,,,,0.0,,0.0,,0.0
,,,0.1283482164144516,,0.984375,,,,,,,,,,,1.0,1.0,,,,,5806,,,,0.0,,0.0,,0.0
,,,0.1283482164144516,,0.9921875,,,,,,,,,,,1.0,1.0,,,,,5807,,,,0.0,,0.0,,0.0
,,,0.22095239162445068,,0.9880000352859497,,,,,,,,,,,1.0,1.0,,,,,5808,,,,0.0,,0.0,,0.0
,,,0.1484375,,0.984375,,,,,,,,,,,1.0,1.0,,,,,5809,,,,0.0,,0.0,,0.0
,,,0.0946180522441864,,0.9765625,,,,,,,,,,,1.0,1.0,,,,,5810,,,,0.0,,0.0,,0.0
,,,0.20669934153556824,,0.9444444179534912,,,,,,,,,,,1.0,1.0,,,,,5811,,,,0.0,,0.0,,0.0
,,,0.1119791641831398,,0.984375,,,,,,,,,,,1.0,1.0,,,,,5812,,,,0.0,,0.0,,0.0
,,,0.1015625,,0.984375,,,,,,,,,,,1.0,1.0,,,,,5813,,,,0.0,,0.0,,0.0
,,,0.18783068656921387,,0.9940476417541504,,,,,,,,,,,1.0,1.0,,,,,5814,,,,0.0,,0.0,,0.0
,,,0.111328125,,0.96875,,,,,,,,,,,1.0,1.0,,,,,5815,,,,0.0,,0.0,,0.0
,,,0.1283482164144516,,0.984375,,,,,,,,,,,1.0,1.0,,,,,5816,,,,0.0,,0.0,,0.0
,,,0.2084059715270996,,0.9863013625144958,,,,,,,,,,,1.0,1.0,,,,,5817,,,,0.0,,0.0,,0.0
,,,0.07734374701976776,,0.9609375,,,,,,,,,,,1.0,1.0,,,,,5818,,,,0.0,,0.0,,0.0
,,,0.08359374850988388,,0.953125,,,,,,,,,,,1.0,1.0,,,,,5819,,,,0.0,,0.0,,0.0
,,,0.17394089698791504,,0.985714316368103,,,,,,,,,,,1.0,1.0,,,,,5820,,,,0.0,,0.0,,0.0
,,,0.1484375,,0.9921875,,,,,,,,,,,1.0,1.0,,,,,5821,,,,0.0,,0.0,,0.0
,,,0.1316964328289032,,1.0,,,,,,,,,,,1.0,1.0,,,,,5822,,,,0.0,,0.0,,0.0
,,,0.2527223825454712,,0.9811320900917053,,,,,,,,,,,1.0,1.0,,,,,5823,,,,0.0,,0.0,,0.0
,,,0.1194196417927742,,0.96875,,,,,,,,,,,1.0,1.0,,,,,5824,,,,0.0,,0.0,,0.0
,,,0.0947265625,,0.984375,,,,,,,,,,,1.0,1.0,,,,,5825,,,,0.0,,0.0,,0.0
,,,0.21190151572227478,,0.9823529720306396,,,,,,,,,,,1.0,1.0,,,,,5826,,,,0.0,,0.0,,0.0
,,,0.1497395783662796,,0.984375,,,,,,,,,,,1.0,1.0,,,,,5827,,,,0.0,,0.0,,0.0
,,,0.1205357164144516,,1.0,,,,,,,,,,,1.0,1.0,,,,,5828,,,,0.0,,0.0,,0.0
,,,0.2562279999256134,,0.9770935773849487,,,,,,,,,,,1.0,1.0,,,,,5829,,,,0.0,,0.0,,0.0
,,,0.1064453125,,0.9375,,,,,,,,,,,1.0,1.0,,,,,5830,,,,0.0,,0.0,,0.0
,,,0.09375,,0.953125,,,,,,,,,,,1.0,1.0,,,,,5831,,,,0.0,,0.0,,0.0
,,,0.18459615111351013,,0.9597504138946533,,,,,,,,,,,1.0,1.0,,,,,5832,,,,0.0,,0.0,,0.0
,,,0.07500000298023224,,1.0,,,,,,,,,,,1.0,1.0,,,,,5833,,,,0.0,,0.0,,0.0
,,,0.0842013880610466,,0.9921875,,,,,,,,,,,1.0,1.0,,,,,5834,,,,0.0,,0.0,,0.0
,,,0.18027403950691223,,0.9923076629638672,,,,,,,,,,,1.0,1.0,,,,,5835,,,,0.0,,0.0,,0.0
,,,0.1536458283662796,,1.0,,,,,,,,,,,1.0,1.0,,,,,5836,,,,0.0,,0.0,,0.0
,,,0.1283482164144516,,0.984375,,,,,,,,,,,1.0,1.0,,,,,5837,,,,0.0,,0.0,,0.0
,,,0.3075757622718811,,0.987500011920929,,,,,,,,,,,1.0,1.0,,,,,5838,,,,0.0,,0.0,,0.0
,,,0.1227678582072258,,0.96875,,,,,,,,,,,1.0,1.0,,,,,5839,,,,0.0,,0.0,,0.0
,,,0.1294642835855484,,0.9921875,,,,,,,,,,,1.0,1.0,,,,,5840,,,,0.0,,0.0,,0.0
,,,0.19461828470230103,,0.9893617033958435,,,,,,,,,,,1.0,1.0,,,,,5841,,,,0.0,,0.0,,0.0
,,,0.1276041716337204,,0.9921875,,,,,,,,,,,1.0,1.0,,,,,5842,,,,0.0,,0.0,,0.0
,,,0.0993303582072258,,0.984375,,,,,,,,,,,1.0,1.0,,,,,5843,,,,0.0,,0.0,,0.0
,,,0.1276041716337204,,0.9921875,,,,,,,,,,,1.0,1.0,,,,,5844,,,,0.0,,0.0,,0.0
,,,0.12823396921157837,,0.9881889820098877,,,,,,,,,,,1.0,1.0,,,,,5845,,,,0.0,,0.0,,0.0
,,,0.1497395783662796,,0.984375,,,,,,,,,,,1.0,1.0,,,,,5846,,,,0.0,,0.0,,0.0
,,,0.1238839253783226,,0.9765625,,,,,,,,,,,1.0,1.0,,,,,5847,,,,0.0,,0.0,,0.0
,,,0.1743295043706894,,0.982758641242981,,,,,,,,,,,1.0,1.0,,,,,5848,,,,0.0,,0.0,,0.0
,,,0.07656250149011612,,0.9453125,,,,,,,,,,,1.0,1.0,,,,,5849,,,,0.0,,0.0,,0.0
,,,0.1064453125,,0.9765625,,,,,,,,,,,1.0,1.0,,,,,5850,,,,0.0,,0.0,,0.0
,,,0.22125962376594543,,0.9765310287475586,,,,,,,,,,,1.0,1.0,,,,,5851,,,,0.0,,0.0,,0.0
,,,0.1536458283662796,,0.9921875,,,,,,,,,,,1.0,1.0,,,,,5852,,,,0.0,,0.0,,0.0
,,,0.1549479216337204,,1.0,,,,,,,,,,,1.0,1.0,,,,,5853,,,,0.0,,0.0,,0.0
,,,0.2380952537059784,,0.984375,,,,,,,,,,,1.0,1.0,,,,,5854,,,,0.0,,0.0,,0.0
,,,0.1015625,,0.984375,,,,,,,,,,,1.0,1.0,,,,,5855,,,,0.0,,0.0,,0.0
,,,0.0876736119389534,,0.984375,,,,,,,,,,,1.0,1.0,,,,,5856,,,,0.0,,0.0,,0.0
,,,0.24007278680801392,,1.0,,,,,,,,,,,1.0,1.0,,,,,5857,,,,0.0,,0.0,,0.0
,,,0.1419270783662796,,0.984375,,,,,,,,,,,1.0,1.0,,,,,5858,,,,0.0,,0.0,,0.0
,,,0.10546875,,0.984375,,,,,,,,,,,1.0,1.0,,,,,5859,,,,0.0,,0.0,,0.0
,,,0.3126843571662903,,0.982300877571106,,,,,,,,,,,1.0,1.0,,,,,5860,,,,0.0,,0.0,,0.0
,,,0.1238839253783226,,0.9375,,,,,,,,,,,1.0,1.0,,,,,5861,,,,0.0,,0.0,,0.0
,,,0.0963541641831398,,0.953125,,,,,,,,,,,1.0,1.0,,,,,5862,,,,0.0,,0.0,,0.0
,,,0.17227834463119507,,0.9398989677429199,,,,,,,,,,,1.0,1.0,,,,,5863,,,,0.0,,0.0,,0.0
,,,0.07656250149011612,,0.9921875,,,,,,,,,,,1.0,1.0,,,,,5864,,,,0.0,,0.0,,0.0
,,,0.09375,,1.0,,,,,,,,,,,1.0,1.0,,,,,5865,,,,0.0,,0.0,,0.0
,,,0.19861111044883728,,0.9953703880310059,,,,,,,,,,,1.0,1.0,,,,,5866,,,,0.0,,0.0,,0.0
,,,0.1316964328289032,,0.984375,,,,,,,,,,,1.0,1.0,,,,,5867,,,,0.0,,0.0,,0.0
,,,0.15234375,,0.9921875,,,,,,,,,,,1.0,1.0,,,,,5868,,,,0.0,,0.0,,0.0
,,,0.37017402052879333,,0.9939758777618408,,,,,,,,,,,1.0,1.0,,,,,5869,,,,0.0,,0.0,,0.0
,,,0.1216517835855484,,0.9609375,,,,,,,,,,,1.0,1.0,,,,,5870,,,,0.0,,0.0,,0.0
,,,0.1549479216337204,,0.984375,,,,,,,,,,,1.0,1.0,,,,,5871,,,,0.0,,0.0,,0.0
,,,0.19302266836166382,,0.9803921580314636,,,,,,,,,,,1.0,1.0,,,,,5872,,,,0.0,,0.0,,0.0
,,,0.1197916641831398,,0.984375,,,,,,,,,,,1.0,1.0,,,,,5873,,,,0.0,,0.0,,0.0
,,,0.1015625,,0.9921875,,,,,,,,,,,1.0,1.0,,,,,5874,,,,0.0,,0.0,,0.0
,,,0.2178848385810852,,0.9941860437393188,,,,,,,,,,,1.0,1.0,,,,,5875,,,,0.0,,0.0,,0.0
,,,0.125,,0.96875,,,,,,,,,,,1.0,1.0,,,,,5876,,,,0.0,,0.0,,0.0
,,,0.1261160671710968,,0.9921875,,,,,,,,,,,1.0,1.0,,,,,5877,,,,0.0,,0.0,,0.0
,,,0.3002438545227051,,0.9896907210350037,,,,,,,,,,,1.0,1.0,,,,,5878,,,,0.0,,0.0,,0.0
,,,0.0850694477558136,,0.9609375,,,,,,,,,,,1.0,1.0,,,,,5879,,,,0.0,,0.0,,0.0
,,,0.078125,,0.9296875,,,,,,,,,,,1.0,1.0,,,,,5880,,,,0.0,,0.0,,0.0
,,,0.234375,,0.9955357313156128,,,,,,,,,,,1.0,1.0,,,,,5881,,,,0.0,,0.0,,0.0
,,,0.1471354216337204,,0.9921875,,,,,,,,,,,1.0,1.0,,,,,5882,,,,0.0,,0.0,,0.0
,,,0.1536458283662796,,1.0,,,,,,,,,,,1.0,1.0,,,,,5883,,,,0.0,,0.0,,0.0
,,,0.23454323410987854,,0.9545454978942871,,,,,,,,,,,1.0,1.0,,,,,5884,,,,0.0,,0.0,,0.0
,,,0.1194196417927742,,0.96875,,,,,,,,,,,1.0,1.0,,,,,5885,,,,0.0,,0.0,,0.0
,,,0.0850694477558136,,0.9921875,,,,,,,,,,,1.0,1.0,,,,,5886,,,,0.0,,0.0,,0.0
,,,0.08661416918039322,,0.9842519760131836,,,,,,,,,,,1.0,1.0,,,,,5887,,,,0.0,,0.0,,0.0
63,0.824154794216156,0.8434340357780457,,0.9810603857040405,,,,,,,,,,,,,,223.6479949951172,7176.56201171875,5.410073280334473,247.95419311523438,14143,,,0.0,,0.0,,0.0,
63,,,,,,0.26163238286972046,,0.5055198073387146,,9.038178443908691,,,,,,,,,,,,14143,0.5682889223098755,,,,,,,
,,,,,,,,,,,,,,0.00013830835620498843,0.03,,,,,,,14149,,,,,,,,
64,,,,,,,0.2484385371208191,,0.4813993573188782,,8.6171875,0.00013827835209667683,0.029999999329447746,,,1.0,1.0,,,,,14149,,0.3424360156059265,,,,,,
,,,,,,,,,,,,,,0.0001368100115181416,0.03,,,,,,,14199,,,,,,,,
64,,,,,,,0.2603675425052643,,0.5023174285888672,,8.984375,0.00013678008690476418,0.029999999329447746,,,1.0,1.0,,,,,14199,,0.7714168429374695,,,,,,
,,,,,,,,,,,,,,0.00013531562039374658,0.03,,,,,,,14249,,,,,,,,
64,,,,,,,0.2831193506717682,,0.5210264325141907,,8.8046875,0.00013528577983379364,0.029999999329447746,,,1.0,1.0,,,,,14249,,0.4014487862586975,,,,,,
,,,,,,,,,,,,,,0.0001338252760353009,0.03,,,,,,,14299,,,,,,,,
64,,,,,,,0.25286707282066345,,0.4973507821559906,,9.1015625,0.0001337955181952566,0.029999999329447746,,,1.0,1.0,,,,,14299,,0.4219468832015991,,,,,,
,,,,,,,,,,,,,,0.00013233907139391002,0.03,,,,,,,14349,,,,,,,,
64,,,,,,,0.27175402641296387,,0.5230371356010437,,9.296875,0.0001323093893006444,0.029999999329447746,,,1.0,1.0,,,,,14349,,0.5659235715866089,,,,,,
,,,0.1142578125,,0.9921875,,,,,,,,,,,1.0,1.0,,,,,5888,,,,0.0,,0.0,,0.0
,,,0.1238839253783226,,1.0,,,,,,,,,,,1.0,1.0,,,,,5889,,,,0.0,,0.0,,0.0
,,,0.20270545780658722,,1.0,,,,,,,,,,,1.0,1.0,,,,,5890,,,,0.0,,0.0,,0.0
,,,0.2421875,,0.9921875,,,,,,,,,,,1.0,1.0,,,,,5891,,,,0.0,,0.0,,0.0
,,,0.19062499701976776,,1.0,,,,,,,,,,,1.0,1.0,,,,,5892,,,,0.0,,0.0,,0.0
,,,0.2193223387002945,,0.995192289352417,,,,,,,,,,,1.0,1.0,,,,,5893,,,,0.0,,0.0,,0.0
,,,0.0729166641831398,,0.9921875,,,,,,,,,,,1.0,1.0,,,,,5894,,,,0.0,,0.0,,0.0
,,,0.06875000149011612,,0.9921875,,,,,,,,,,,1.0,1.0,,,,,5895,,,,0.0,,0.0,,0.0
,,,0.1722889244556427,,0.9584047794342041,,,,,,,,,,,1.0,1.0,,,,,5896,,,,0.0,,0.0,,0.0
,,,0.1316964328289032,,1.0,,,,,,,,,,,1.0,1.0,,,,,5897,,,,0.0,,0.0,,0.0
,,,0.1305803507566452,,0.9921875,,,,,,,,,,,1.0,1.0,,,,,5898,,,,0.0,,0.0,,0.0
,,,0.18281249701976776,,0.984375,,,,,,,,,,,1.0,1.0,,,,,5899,,,,0.0,,0.0,,0.0
,,,0.19833333790302277,,0.9959999918937683,,,,,,,,,,,1.0,1.0,,,,,5900,,,,0.0,,0.0,,0.0
,,,0.1536458283662796,,0.9921875,,,,,,,,,,,1.0,1.0,,,,,5901,,,,0.0,,0.0,,0.0
,,,0.1283482164144516,,0.984375,,,,,,,,,,,1.0,1.0,,,,,5902,,,,0.0,,0.0,,0.0
,,,0.15527544915676117,,0.9957983493804932,,,,,,,,,,,1.0,1.0,,,,,5903,,,,0.0,,0.0,,0.0
,,,0.1082589253783226,,0.984375,,,,,,,,,,,1.0,1.0,,,,,5904,,,,0.0,,0.0,,0.0
,,,0.06718750298023224,,0.9453125,,,,,,,,,,,1.0,1.0,,,,,5905,,,,0.0,,0.0,,0.0
,,,0.1586580127477646,,0.9826840162277222,,,,,,,,,,,1.0,1.0,,,,,5906,,,,0.0,,0.0,,0.0
,,,0.0859375,,0.9765625,,,,,,,,,,,1.0,1.0,,,,,5907,,,,0.0,,0.0,,0.0
,,,0.11328125,,0.984375,,,,,,,,,,,1.0,1.0,,,,,5908,,,,0.0,,0.0,,0.0
,,,0.17512106895446777,,0.9931507110595703,,,,,,,,,,,1.0,1.0,,,,,5909,,,,0.0,,0.0,,0.0
,,,0.0911458358168602,,0.953125,,,,,,,,,,,1.0,1.0,,,,,5910,,,,0.0,,0.0,,0.0
,,,0.103515625,,0.9765625,,,,,,,,,,,1.0,1.0,,,,,5911,,,,0.0,,0.0,,0.0
,,,0.18910783529281616,,0.9913793206214905,,,,,,,,,,,1.0,1.0,,,,,5912,,,,0.0,,0.0,,0.0
,,,0.1380208283662796,,0.96875,,,,,,,,,,,1.0,1.0,,,,,5913,,,,0.0,,0.0,,0.0
,,,0.0954861119389534,,0.984375,,,,,,,,,,,1.0,1.0,,,,,5914,,,,0.0,,0.0,,0.0
,,,0.21113207936286926,,0.9744654297828674,,,,,,,,,,,1.0,1.0,,,,,5915,,,,0.0,,0.0,,0.0
,,,0.1796875,,0.9921875,,,,,,,,,,,1.0,1.0,,,,,5916,,,,0.0,,0.0,,0.0
,,,0.078125,,0.9921875,,,,,,,,,,,1.0,1.0,,,,,5917,,,,0.0,,0.0,,0.0
,,,0.36005473136901855,,0.9941176176071167,,,,,,,,,,,1.0,1.0,,,,,5918,,,,0.0,,0.0,,0.0
,,,0.125,,0.9921875,,,,,,,,,,,1.0,1.0,,,,,5919,,,,0.0,,0.0,,0.0
,,,0.1458333283662796,,1.0,,,,,,,,,,,1.0,1.0,,,,,5920,,,,0.0,,0.0,,0.0
,,,0.22955664992332458,,0.9928570985794067,,,,,,,,,,,1.0,1.0,,,,,5921,,,,0.0,,0.0,,0.0
,,,0.240234375,,0.9921875,,,,,,,,,,,1.0,1.0,,,,,5922,,,,0.0,,0.0,,0.0
,,,0.19218750298023224,,1.0,,,,,,,,,,,1.0,1.0,,,,,5923,,,,0.0,,0.0,,0.0
,,,0.19889283180236816,,0.9836065769195557,,,,,,,,,,,1.0,1.0,,,,,5924,,,,0.0,,0.0,,0.0
,,,0.06875000149011612,,1.0,,,,,,,,,,,1.0,1.0,,,,,5925,,,,0.0,,0.0,,0.0
,,,0.0789930522441864,,0.9921875,,,,,,,,,,,1.0,1.0,,,,,5926,,,,0.0,,0.0,,0.0
,,,0.17316511273384094,,0.968498170375824,,,,,,,,,,,1.0,1.0,,,,,5927,,,,0.0,,0.0,,0.0
,,,0.1549479216337204,,1.0,,,,,,,,,,,1.0,1.0,,,,,5928,,,,0.0,,0.0,,0.0
,,,0.1536458283662796,,0.9765625,,,,,,,,,,,1.0,1.0,,,,,5929,,,,0.0,,0.0,,0.0
,,,0.3668181896209717,,0.987500011920929,,,,,,,,,,,1.0,1.0,,,,,5930,,,,0.0,,0.0,,0.0
,,,0.18593749403953552,,1.0,,,,,,,,,,,1.0,1.0,,,,,5931,,,,0.0,,0.0,,0.0
,,,0.1328125,,1.0,,,,,,,,,,,1.0,1.0,,,,,5932,,,,0.0,,0.0,,0.0
,,,0.17118620872497559,,0.9946808815002441,,,,,,,,,,,1.0,1.0,,,,,5933,,,,0.0,,0.0,,0.0
,,,0.0807291641831398,,0.984375,,,,,,,,,,,1.0,1.0,,,,,5934,,,,0.0,,0.0,,0.0
,,,0.087890625,,0.96875,,,,,,,,,,,1.0,1.0,,,,,5935,,,,0.0,,0.0,,0.0
,,,0.07343749701976776,,0.953125,,,,,,,,,,,1.0,1.0,,,,,5936,,,,0.0,,0.0,,0.0
,,,0.08661417663097382,,0.9842519760131836,,,,,,,,,,,1.0,1.0,,,,,5937,,,,0.0,,0.0,,0.0
,,,0.1123046875,,0.9765625,,,,,,,,,,,1.0,1.0,,,,,5938,,,,0.0,,0.0,,0.0
,,,0.1261160671710968,,0.9921875,,,,,,,,,,,1.0,1.0,,,,,5939,,,,0.0,,0.0,,0.0
,,,0.1538952738046646,,0.982758641242981,,,,,,,,,,,1.0,1.0,,,,,5940,,,,0.0,,0.0,,0.0
,,,0.08124999701976776,,0.953125,,,,,,,,,,,1.0,1.0,,,,,5941,,,,0.0,,0.0,,0.0
,,,0.1227678582072258,,0.984375,,,,,,,,,,,1.0,1.0,,,,,5942,,,,0.0,,0.0,,0.0
,,,0.20828749239444733,,1.0,,,,,,,,,,,1.0,1.0,,,,,5943,,,,0.0,,0.0,,0.0
,,,0.1205357164144516,,0.96875,,,,,,,,,,,1.0,1.0,,,,,5944,,,,0.0,,0.0,,0.0
,,,0.0954861119389534,,0.9765625,,,,,,,,,,,1.0,1.0,,,,,5945,,,,0.0,,0.0,,0.0
,,,0.1770833432674408,,0.9895833730697632,,,,,,,,,,,1.0,1.0,,,,,5946,,,,0.0,,0.0,,0.0
,,,0.1103515625,,0.984375,,,,,,,,,,,1.0,1.0,,,,,5947,,,,0.0,,0.0,,0.0
,,,0.107421875,,0.9921875,,,,,,,,,,,1.0,1.0,,,,,5948,,,,0.0,,0.0,,0.0
,,,0.29983389377593994,,1.0,,,,,,,,,,,1.0,1.0,,,,,5949,,,,0.0,,0.0,,0.0
,,,0.0928819477558136,,0.9921875,,,,,,,,,,,1.0,1.0,,,,,5950,,,,0.0,,0.0,,0.0
,,,0.1103515625,,1.0,,,,,,,,,,,1.0,1.0,,,,,5951,,,,0.0,,0.0,,0.0
,,,0.3244837820529938,,0.991150438785553,,,,,,,,,,,1.0,1.0,,,,,5952,,,,0.0,,0.0,,0.0
,,,0.244140625,,0.9921875,,,,,,,,,,,1.0,1.0,,,,,5953,,,,0.0,,0.0,,0.0
,,,0.23828125,,0.984375,,,,,,,,,,,1.0,1.0,,,,,5954,,,,0.0,,0.0,,0.0
,,,0.1745230108499527,,1.0,,,,,,,,,,,1.0,1.0,,,,,5955,,,,0.0,,0.0,,0.0
,,,0.0798611119389534,,1.0,,,,,,,,,,,1.0,1.0,,,,,5956,,,,0.0,,0.0,,0.0
,,,0.0720486119389534,,0.96875,,,,,,,,,,,1.0,1.0,,,,,5957,,,,0.0,,0.0,,0.0
,,,0.17757201194763184,,0.970370352268219,,,,,,,,,,,1.0,1.0,,,,,5958,,,,0.0,,0.0,,0.0
,,,0.232421875,,0.9921875,,,,,,,,,,,1.0,1.0,,,,,5959,,,,0.0,,0.0,,0.0
,,,0.15625,,0.984375,,,,,,,,,,,1.0,1.0,,,,,5960,,,,0.0,,0.0,,0.0
,,,0.30847835540771484,,0.9939758777618408,,,,,,,,,,,1.0,1.0,,,,,5961,,,,0.0,,0.0,,0.0
,,,0.1875,,1.0,,,,,,,,,,,1.0,1.0,,,,,5962,,,,0.0,,0.0,,0.0
,,,0.1549479216337204,,1.0,,,,,,,,,,,1.0,1.0,,,,,5963,,,,0.0,,0.0,,0.0
,,,0.15380698442459106,,0.983702540397644,,,,,,,,,,,1.0,1.0,,,,,5964,,,,0.0,,0.0,,0.0
,,,0.0833333358168602,,0.9765625,,,,,,,,,,,1.0,1.0,,,,,5965,,,,0.0,,0.0,,0.0
,,,0.078125,,0.96875,,,,,,,,,,,1.0,1.0,,,,,5966,,,,0.0,,0.0,,0.0
,,,0.16256922483444214,,0.9709302186965942,,,,,,,,,,,1.0,1.0,,,,,5967,,,,0.0,,0.0,,0.0
,,,0.08437500149011612,,0.96875,,,,,,,,,,,1.0,1.0,,,,,5968,,,,0.0,,0.0,,0.0
,,,0.1283482164144516,,0.9765625,,,,,,,,,,,1.0,1.0,,,,,5969,,,,0.0,,0.0,,0.0
,,,0.22260558605194092,,0.9948453903198242,,,,,,,,,,,1.0,1.0,,,,,5970,,,,0.0,,0.0,,0.0
,,,0.0876736119389534,,0.953125,,,,,,,,,,,1.0,1.0,,,,,5971,,,,0.0,,0.0,,0.0
,,,0.099609375,,0.9609375,,,,,,,,,,,1.0,1.0,,,,,5972,,,,0.0,,0.0,,0.0
,,,0.2023809552192688,,0.9955357313156128,,,,,,,,,,,1.0,1.0,,,,,5973,,,,0.0,,0.0,,0.0
,,,0.1183035746216774,,0.9921875,,,,,,,,,,,1.0,1.0,,,,,5974,,,,0.0,,0.0,,0.0
,,,0.1064453125,,0.9765625,,,,,,,,,,,1.0,1.0,,,,,5975,,,,0.0,,0.0,,0.0
,,,0.2091103345155716,,0.9459984302520752,,,,,,,,,,,1.0,1.0,,,,,5976,,,,0.0,,0.0,,0.0
,,,0.111328125,,0.984375,,,,,,,,,,,1.0,1.0,,,,,5977,,,,0.0,,0.0,,0.0
,,,0.09375,,0.9921875,,,,,,,,,,,1.0,1.0,,,,,5978,,,,0.0,,0.0,,0.0
,,,0.10728346556425095,,0.9921259880065918,,,,,,,,,,,1.0,1.0,,,,,5979,,,,0.0,,0.0,,0.0
64,0.8251651525497437,0.846091628074646,,0.9851859211921692,,,,,,,,,,,,,,224.43179321289062,8265.2724609375,5.413571834564209,255.0511016845703,14364,,,0.0,,0.0,,0.0,
64,,,,,,0.2584783434867859,,0.5011154413223267,,8.996853828430176,,,,,,,,,,,,14364,0.5560011863708496,,,,,,,
,,,,,,,,,,,,,,0.00013085709916248962,0.03,,,,,,,14399,,,,,,,,
65,,,,,,,0.24803726375102997,,0.49741673469543457,,9.2265625,0.0001308275095652789,0.029999999329447746,,,1.0,1.0,,,,,14399,,0.43670547008514404,,,,,,
,,,,,,,,,,,,,,0.00012937945176998494,0.03,,,,,,,14449,,,,,,,,
65,,,,,,,0.2532458007335663,,0.4984755218029022,,9.1953125,0.00012934993719682097,0.029999999329447746,,,1.0,1.0,,,,,14449,,0.5042948722839355,,,,,,
,,,,,,,,,,,,,,0.00012790622137560565,0.03,,,,,,,14499,,,,,,,,
65,,,,,,,0.2666062116622925,,0.509781539440155,,9.0234375,0.0001278768031625077,0.029999999329447746,,,1.0,1.0,,,,,14499,,0.5575629472732544,,,,,,
,,,,,,,,,,,,,,0.0001264374998630786,0.03,,,,,,,14549,,,,,,,,
65,,,,,,,0.2736198306083679,,0.5052834153175354,,8.4375,0.00012640816567000002,0.029999999329447746,,,1.0,1.0,,,,,14549,,0.6682268381118774,,,,,,
,,,0.1238839253783226,,0.9921875,,,,,,,,,,,1.0,1.0,,,,,5980,,,,0.0,,0.0,,0.0
,,,0.1083984375,,0.9921875,,,,,,,,,,,1.0,1.0,,,,,5981,,,,0.0,,0.0,,0.0
,,,0.22002199292182922,,0.9666299819946289,,,,,,,,,,,1.0,1.0,,,,,5982,,,,0.0,,0.0,,0.0
,,,0.1536458283662796,,0.96875,,,,,,,,,,,1.0,1.0,,,,,5983,,,,0.0,,0.0,,0.0
,,,0.107421875,,0.953125,,,,,,,,,,,1.0,1.0,,,,,5984,,,,0.0,,0.0,,0.0
,,,0.17343305051326752,,0.9711538553237915,,,,,,,,,,,1.0,1.0,,,,,5985,,,,0.0,,0.0,,0.0
,,,0.07187499850988388,,0.9921875,,,,,,,,,,,1.0,1.0,,,,,5986,,,,0.0,,0.0,,0.0
,,,0.0986328125,,0.9921875,,,,,,,,,,,1.0,1.0,,,,,5987,,,,0.0,,0.0,,0.0
,,,0.15977701544761658,,0.9772727489471436,,,,,,,,,,,1.0,1.0,,,,,5988,,,,0.0,,0.0,,0.0
,,,0.1283482164144516,,0.9765625,,,,,,,,,,,1.0,1.0,,,,,5989,,,,0.0,,0.0,,0.0
,,,0.1272321492433548,,0.984375,,,,,,,,,,,1.0,1.0,,,,,5990,,,,0.0,,0.0,,0.0
,,,0.1283482164144516,,0.984375,,,,,,,,,,,1.0,1.0,,,,,5991,,,,0.0,,0.0,,0.0
,,,0.22209525108337402,,0.9919999837875366,,,,,,,,,,,1.0,1.0,,,,,5992,,,,0.0,,0.0,,0.0
,,,0.1261160671710968,,0.984375,,,,,,,,,,,1.0,1.0,,,,,5993,,,,0.0,,0.0,,0.0
,,,0.0954861119389534,,0.984375,,,,,,,,,,,1.0,1.0,,,,,5994,,,,0.0,,0.0,,0.0
,,,0.1837327480316162,,0.9915966391563416,,,,,,,,,,,1.0,1.0,,,,,5995,,,,0.0,,0.0,,0.0
,,,0.1116071417927742,,0.9921875,,,,,,,,,,,1.0,1.0,,,,,5996,,,,0.0,,0.0,,0.0
,,,0.0824652761220932,,0.9765625,,,,,,,,,,,1.0,1.0,,,,,5997,,,,0.0,,0.0,,0.0
,,,0.24149659276008606,,0.959956705570221,,,,,,,,,,,1.0,1.0,,,,,5998,,,,0.0,,0.0,,0.0
,,,0.1103515625,,0.984375,,,,,,,,,,,1.0,1.0,,,,,5999,,,,0.0,,0.0,,0.0
,,,0.1536458283662796,,0.9921875,,,,,,,,,,,1.0,1.0,,,,,6000,,,,0.0,,0.0,,0.0
,,,0.21127024292945862,,0.9931507110595703,,,,,,,,,,,1.0,1.0,,,,,6001,,,,0.0,,0.0,,0.0
,,,0.1227678582072258,,0.96875,,,,,,,,,,,1.0,1.0,,,,,6002,,,,0.0,,0.0,,0.0
,,,0.1103515625,,0.9765625,,,,,,,,,,,1.0,1.0,,,,,6003,,,,0.0,,0.0,,0.0
,,,0.18429118394851685,,0.9928570985794067,,,,,,,,,,,1.0,1.0,,,,,6004,,,,0.0,,0.0,,0.0
,,,0.1640625,,0.9765625,,,,,,,,,,,1.0,1.0,,,,,6005,,,,0.0,,0.0,,0.0
,,,0.1160714253783226,,1.0,,,,,,,,,,,1.0,1.0,,,,,6006,,,,0.0,,0.0,,0.0
,,,0.24589398503303528,,0.9811320900917053,,,,,,,,,,,1.0,1.0,,,,,6007,,,,0.0,,0.0,,0.0
,,,0.15234375,,0.9921875,,,,,,,,,,,1.0,1.0,,,,,6008,,,,0.0,,0.0,,0.0
,,,0.10546875,,0.984375,,,,,,,,,,,1.0,1.0,,,,,6009,,,,0.0,,0.0,,0.0
,,,0.19620004296302795,,0.9882352948188782,,,,,,,,,,,1.0,1.0,,,,,6010,,,,0.0,,0.0,,0.0
,,,0.10546875,,1.0,,,,,,,,,,,1.0,1.0,,,,,6011,,,,0.0,,0.0,,0.0
,,,0.10546875,,0.984375,,,,,,,,,,,1.0,1.0,,,,,6012,,,,0.0,,0.0,,0.0
,,,0.2591133117675781,,0.9756157398223877,,,,,,,,,,,1.0,1.0,,,,,6013,,,,0.0,,0.0,,0.0
,,,0.1238839253783226,,0.953125,,,,,,,,,,,1.0,1.0,,,,,6014,,,,0.0,,0.0,,0.0
,,,0.1497395783662796,,0.9609375,,,,,,,,,,,1.0,1.0,,,,,6015,,,,0.0,,0.0,,0.0
,,,0.17100290954113007,,0.9515537023544312,,,,,,,,,,,1.0,1.0,,,,,6016,,,,0.0,,0.0,,0.0
,,,0.0842013880610466,,1.0,,,,,,,,,,,1.0,1.0,,,,,6017,,,,0.0,,0.0,,0.0
,,,0.1082589253783226,,0.9921875,,,,,,,,,,,1.0,1.0,,,,,6018,,,,0.0,,0.0,,0.0
,,,0.18021978437900543,,0.9846153855323792,,,,,,,,,,,1.0,1.0,,,,,6019,,,,0.0,,0.0,,0.0
,,,0.14453125,,0.9765625,,,,,,,,,,,1.0,1.0,,,,,6020,,,,0.0,,0.0,,0.0
,,,0.1294642835855484,,0.984375,,,,,,,,,,,1.0,1.0,,,,,6021,,,,0.0,,0.0,,0.0
,,,0.22784090042114258,,0.9818181991577148,,,,,,,,,,,1.0,1.0,,,,,6022,,,,0.0,,0.0,,0.0
,,,0.0954861119389534,,0.9765625,,,,,,,,,,,1.0,1.0,,,,,6023,,,,0.0,,0.0,,0.0
,,,0.1305803507566452,,0.9921875,,,,,,,,,,,1.0,1.0,,,,,6024,,,,0.0,,0.0,,0.0
,,,0.20830726623535156,,0.9799749851226807,,,,,,,,,,,1.0,1.0,,,,,6025,,,,0.0,,0.0,,0.0
,,,0.0966796875,,0.9921875,,,,,,,,,,,1.0,1.0,,,,,6026,,,,0.0,,0.0,,0.0
,,,0.0824652761220932,,0.984375,,,,,,,,,,,1.0,1.0,,,,,6027,,,,0.0,,0.0,,0.0
,,,0.0859375,,0.9765625,,,,,,,,,,,1.0,1.0,,,,,6028,,,,0.0,,0.0,,0.0
,,,0.11614172905683517,,0.9921259880065918,,,,,,,,,,,1.0,1.0,,,,,6029,,,,0.0,,0.0,,0.0
,,,0.1294642835855484,,0.9921875,,,,,,,,,,,1.0,1.0,,,,,6030,,,,0.0,,0.0,,0.0
,,,0.1471354216337204,,1.0,,,,,,,,,,,1.0,1.0,,,,,6031,,,,0.0,,0.0,,0.0
,,,0.21192528307437897,,0.9870689511299133,,,,,,,,,,,1.0,1.0,,,,,6032,,,,0.0,,0.0,,0.0
,,,0.1044921875,,0.96875,,,,,,,,,,,1.0,1.0,,,,,6033,,,,0.0,,0.0,,0.0
,,,0.1103515625,,0.984375,,,,,,,,,,,1.0,1.0,,,,,6034,,,,0.0,,0.0,,0.0
,,,0.2507203221321106,,0.9950494766235352,,,,,,,,,,,1.0,1.0,,,,,6035,,,,0.0,,0.0,,0.0
,,,0.10546875,,1.0,,,,,,,,,,,1.0,1.0,,,,,6036,,,,0.0,,0.0,,0.0
,,,0.1183035746216774,,0.9921875,,,,,,,,,,,1.0,1.0,,,,,6037,,,,0.0,,0.0,,0.0
,,,0.2410714328289032,,0.9947916269302368,,,,,,,,,,,1.0,1.0,,,,,6038,,,,0.0,,0.0,,0.0
,,,0.1064453125,,0.984375,,,,,,,,,,,1.0,1.0,,,,,6039,,,,0.0,,0.0,,0.0
,,,0.1103515625,,1.0,,,,,,,,,,,1.0,1.0,,,,,6040,,,,0.0,,0.0,,0.0
,,,0.2504350543022156,,0.976190447807312,,,,,,,,,,,1.0,1.0,,,,,6041,,,,0.0,,0.0,,0.0
,,,0.0911458358168602,,0.9921875,,,,,,,,,,,1.0,1.0,,,,,6042,,,,0.0,,0.0,,0.0
,,,0.107421875,,0.9765625,,,,,,,,,,,1.0,1.0,,,,,6043,,,,0.0,,0.0,,0.0
,,,0.26801517605781555,,0.982300877571106,,,,,,,,,,,1.0,1.0,,,,,6044,,,,0.0,,0.0,,0.0
,,,0.0963541641831398,,0.9609375,,,,,,,,,,,1.0,1.0,,,,,6045,,,,0.0,,0.0,,0.0
,,,0.1305803507566452,,0.953125,,,,,,,,,,,1.0,1.0,,,,,6046,,,,0.0,,0.0,,0.0
,,,0.14222222566604614,,0.9398989677429199,,,,,,,,,,,1.0,1.0,,,,,6047,,,,0.0,,0.0,,0.0
,,,0.0876736119389534,,1.0,,,,,,,,,,,1.0,1.0,,,,,6048,,,,0.0,,0.0,,0.0
,,,0.0908203125,,0.9921875,,,,,,,,,,,1.0,1.0,,,,,6049,,,,0.0,,0.0,,0.0
,,,0.17757201194763184,,0.9814814925193787,,,,,,,,,,,1.0,1.0,,,,,6050,,,,0.0,,0.0,,0.0
,,,0.125,,0.984375,,,,,,,,,,,1.0,1.0,,,,,6051,,,,0.0,,0.0,,0.0
,,,0.18437500298023224,,0.9921875,,,,,,,,,,,1.0,1.0,,,,,6052,,,,0.0,,0.0,,0.0
,,,0.225568950176239,,0.9828647971153259,,,,,,,,,,,1.0,1.0,,,,,6053,,,,0.0,,0.0,,0.0
,,,0.107421875,,0.9765625,,,,,,,,,,,1.0,1.0,,,,,6054,,,,0.0,,0.0,,0.0
,,,0.1316964328289032,,0.9921875,,,,,,,,,,,1.0,1.0,,,,,6055,,,,0.0,,0.0,,0.0
,,,0.2044181227684021,,0.983702540397644,,,,,,,,,,,1.0,1.0,,,,,6056,,,,0.0,,0.0,,0.0
,,,0.09765625,,0.984375,,,,,,,,,,,1.0,1.0,,,,,6057,,,,0.0,,0.0,,0.0
,,,0.0807291641831398,,0.9921875,,,,,,,,,,,1.0,1.0,,,,,6058,,,,0.0,,0.0,,0.0
,,,0.22086101770401,,0.9825581312179565,,,,,,,,,,,1.0,1.0,,,,,6059,,,,0.0,,0.0,,0.0
,,,0.109375,,0.984375,,,,,,,,,,,1.0,1.0,,,,,6060,,,,0.0,,0.0,,0.0
,,,0.18437500298023224,,0.9921875,,,,,,,,,,,1.0,1.0,,,,,6061,,,,0.0,,0.0,,0.0
,,,0.3073384165763855,,1.0,,,,,,,,,,,1.0,1.0,,,,,6062,,,,0.0,,0.0,,0.0
,,,0.1044921875,,0.96875,,,,,,,,,,,1.0,1.0,,,,,6063,,,,0.0,,0.0,,0.0
,,,0.1015625,,0.9765625,,,,,,,,,,,1.0,1.0,,,,,6064,,,,0.0,,0.0,,0.0
,,,0.2254464328289032,,0.9866071343421936,,,,,,,,,,,1.0,1.0,,,,,6065,,,,0.0,,0.0,,0.0
,,,0.1315104216337204,,0.9921875,,,,,,,,,,,1.0,1.0,,,,,6066,,,,0.0,,0.0,,0.0
,,,0.10546875,,1.0,,,,,,,,,,,1.0,1.0,,,,,6067,,,,0.0,,0.0,,0.0
,,,0.23532024025917053,,0.9502719640731812,,,,,,,,,,,1.0,1.0,,,,,6068,,,,0.0,,0.0,,0.0
,,,0.1458333283662796,,0.9921875,,,,,,,,,,,1.0,1.0,,,,,6069,,,,0.0,,0.0,,0.0
,,,0.0980902761220932,,0.9921875,,,,,,,,,,,1.0,1.0,,,,,6070,,,,0.0,,0.0,,0.0
,,,0.12598425149917603,,0.9763779640197754,,,,,,,,,,,1.0,1.0,,,,,6071,,,,0.0,,0.0,,0.0
65,0.8244286775588989,0.8489397764205933,,0.9832453727722168,,,,,,,,,,,,,,227.1881103515625,6315.92529296875,5.425778388977051,242.81332397460938,14585,,,0.0,,0.0,,0.0,
65,,,,,,0.25530996918678284,,0.49726438522338867,,8.964543342590332,,,,,,,,,,,,14585,0.5418552160263062,,,,,,,
,,,,,,,,,,,,,,0.00012497337883491644,0.03,,,,,,,14599,,,,,,,,
66,,,,,,,0.22882404923439026,,0.4563955068588257,,8.2890625,0.0001249441411346197,0.029999999329447746,,,1.0,1.0,,,,,14599,,0.3741772174835205,,,,,,
,,,,,,,,,,,,,,0.0001235139496067045,0.03,,,,,,,14649,,,,,,,,
66,,,,,,,0.23007184267044067,,0.4562588334083557,,8.390625,0.00012348480231594294,0.029999999329447746,,,1.0,1.0,,,,,14649,,0.40907779335975647,,,,,,
,,,,,,,,,,,,,,0.0001220593032014064,0.03,,,,,,,14699,,,,,,,,
66,,,,,,,0.25974592566490173,,0.4980367124080658,,8.8125,0.00012203025835333392,0.029999999329447746,,,1.0,1.0,,,,,14699,,0.6719425916671753,,,,,,
,,,,,,,,,,,,,,0.00012060953034368615,0.03,,,,,,,14749,,,,,,,,
66,,,,,,,0.24710430204868317,,0.48573318123817444,,8.7890625,0.00012058058200636879,0.029999999329447746,,,1.0,1.0,,,,,14749,,0.6274610757827759,,,,,,
,,,,,,,,,,,,,,0.00011916472145425002,0.03,,,,,,,14799,,,,,,,,
66,,,,,,,0.24142691493034363,,0.4706225097179413,,8.4375,0.00011913587513845414,0.029999999329447746,,,1.0,1.0,,,,,14799,,0.5852723121643066,,,,,,
,,,0.17343750596046448,,1.0,,,,,,,,,,,1.0,1.0,,,,,6072,,,,0.0,,0.0,,0.0
,,,0.14453125,,0.9921875,,,,,,,,,,,1.0,1.0,,,,,6073,,,,0.0,,0.0,,0.0
,,,0.1996903419494629,,0.9715805053710938,,,,,,,,,,,1.0,1.0,,,,,6074,,,,0.0,,0.0,,0.0
,,,0.1305803507566452,,0.9609375,,,,,,,,,,,1.0,1.0,,,,,6075,,,,0.0,,0.0,,0.0
,,,0.1549479216337204,,0.984375,,,,,,,,,,,1.0,1.0,,,,,6076,,,,0.0,,0.0,,0.0
,,,0.1870993673801422,,0.9807692170143127,,,,,,,,,,,1.0,1.0,,,,,6077,,,,0.0,,0.0,,0.0
,,,0.05937499925494194,,0.984375,,,,,,,,,,,1.0,1.0,,,,,6078,,,,0.0,,0.0,,0.0
,,,0.0711805522441864,,0.984375,,,,,,,,,,,1.0,1.0,,,,,6079,,,,0.0,,0.0,,0.0
,,,0.15317323803901672,,0.9905660152435303,,,,,,,,,,,1.0,1.0,,,,,6080,,,,0.0,,0.0,,0.0
,,,0.107421875,,0.9765625,,,,,,,,,,,1.0,1.0,,,,,6081,,,,0.0,,0.0,,0.0
,,,0.0963541641831398,,0.984375,,,,,,,,,,,1.0,1.0,,,,,6082,,,,0.0,,0.0,,0.0
,,,0.1025390625,,0.9765625,,,,,,,,,,,1.0,1.0,,,,,6083,,,,0.0,,0.0,,0.0
,,,0.17274074256420135,,0.9800000190734863,,,,,,,,,,,1.0,1.0,,,,,6084,,,,0.0,,0.0,,0.0
,,,0.1484375,,0.984375,,,,,,,,,,,1.0,1.0,,,,,6085,,,,0.0,,0.0,,0.0
,,,0.107421875,,0.96875,,,,,,,,,,,1.0,1.0,,,,,6086,,,,0.0,,0.0,,0.0
,,,0.1837327480316162,,0.9402427673339844,,,,,,,,,,,1.0,1.0,,,,,6087,,,,0.0,,0.0,,0.0
,,,0.1127232164144516,,0.9921875,,,,,,,,,,,1.0,1.0,,,,,6088,,,,0.0,,0.0,,0.0
,,,0.0868055522441864,,0.984375,,,,,,,,,,,1.0,1.0,,,,,6089,,,,0.0,,0.0,,0.0
,,,0.2068452388048172,,1.0,,,,,,,,,,,1.0,1.0,,,,,6090,,,,0.0,,0.0,,0.0
,,,0.125,,0.96875,,,,,,,,,,,1.0,1.0,,,,,6091,,,,0.0,,0.0,,0.0
,,,0.1497395783662796,,0.9921875,,,,,,,,,,,1.0,1.0,,,,,6092,,,,0.0,,0.0,,0.0
,,,0.2181195616722107,,0.9931507110595703,,,,,,,,,,,1.0,1.0,,,,,6093,,,,0.0,,0.0,,0.0
,,,0.0998263880610466,,0.984375,,,,,,,,,,,1.0,1.0,,,,,6094,,,,0.0,,0.0,,0.0
,,,0.1510416716337204,,0.9921875,,,,,,,,,,,1.0,1.0,,,,,6095,,,,0.0,,0.0,,0.0
,,,0.29556649923324585,,1.0,,,,,,,,,,,1.0,1.0,,,,,6096,,,,0.0,,0.0,,0.0
,,,0.17343750596046448,,0.9921875,,,,,,,,,,,1.0,1.0,,,,,6097,,,,0.0,,0.0,,0.0
,,,0.125,,1.0,,,,,,,,,,,1.0,1.0,,,,,6098,,,,0.0,,0.0,,0.0
,,,0.21072326600551605,,0.9622641801834106,,,,,,,,,,,1.0,1.0,,,,,6099,,,,0.0,,0.0,,0.0
,,,0.09375,,0.9609375,,,,,,,,,,,1.0,1.0,,,,,6100,,,,0.0,,0.0,,0.0
,,,0.087890625,,0.9296875,,,,,,,,,,,1.0,1.0,,,,,6101,,,,0.0,,0.0,,0.0
,,,0.18051376938819885,,0.958823561668396,,,,,,,,,,,1.0,1.0,,,,,6102,,,,0.0,,0.0,,0.0
,,,0.17343750596046448,,0.9921875,,,,,,,,,,,1.0,1.0,,,,,6103,,,,0.0,,0.0,,0.0
,,,0.1194196417927742,,1.0,,,,,,,,,,,1.0,1.0,,,,,6104,,,,0.0,,0.0,,0.0
,,,0.2631949186325073,,0.9684728980064392,,,,,,,,,,,1.0,1.0,,,,,6105,,,,0.0,,0.0,,0.0
,,,0.0989583358168602,,0.9609375,,,,,,,,,,,1.0,1.0,,,,,6106,,,,0.0,,0.0,,0.0
,,,0.1549479216337204,,0.9921875,,,,,,,,,,,1.0,1.0,,,,,6107,,,,0.0,,0.0,,0.0
,,,0.16121578216552734,,0.9597504138946533,,,,,,,,,,,1.0,1.0,,,,,6108,,,,0.0,,0.0,,0.0
,,,0.05937499925494194,,0.984375,,,,,,,,,,,1.0,1.0,,,,,6109,,,,0.0,,0.0,,0.0
,,,0.06718750298023224,,0.9765625,,,,,,,,,,,1.0,1.0,,,,,6110,,,,0.0,,0.0,,0.0
,,,0.17145571112632751,,0.9843711853027344,,,,,,,,,,,1.0,1.0,,,,,6111,,,,0.0,,0.0,,0.0
,,,0.1044921875,,0.9921875,,,,,,,,,,,1.0,1.0,,,,,6112,,,,0.0,,0.0,,0.0
,,,0.1103515625,,0.9765625,,,,,,,,,,,1.0,1.0,,,,,6113,,,,0.0,,0.0,,0.0
,,,0.21164771914482117,,0.9636363983154297,,,,,,,,,,,1.0,1.0,,,,,6114,,,,0.0,,0.0,,0.0
,,,0.125,,0.96875,,,,,,,,,,,1.0,1.0,,,,,6115,,,,0.0,,0.0,,0.0
,,,0.2265625,,0.9921875,,,,,,,,,,,1.0,1.0,,,,,6116,,,,0.0,,0.0,,0.0
,,,0.16451814770698547,,0.9840425252914429,,,,,,,,,,,1.0,1.0,,,,,6117,,,,0.0,,0.0,,0.0
,,,0.0859375,,0.984375,,,,,,,,,,,1.0,1.0,,,,,6118,,,,0.0,,0.0,,0.0
,,,0.1104910746216774,,0.9921875,,,,,,,,,,,1.0,1.0,,,,,6119,,,,0.0,,0.0,,0.0
,,,0.1015625,,0.9921875,,,,,,,,,,,1.0,1.0,,,,,6120,,,,0.0,,0.0,,0.0
,,,0.14960630238056183,,0.9921259880065918,,,,,,,,,,,1.0,1.0,,,,,6121,,,,0.0,,0.0,,0.0
,,,0.1283482164144516,,0.9765625,,,,,,,,,,,1.0,1.0,,,,,6122,,,,0.0,,0.0,,0.0
,,,0.1458333283662796,,1.0,,,,,,,,,,,1.0,1.0,,,,,6123,,,,0.0,,0.0,,0.0
,,,0.1756066381931305,,0.9913793206214905,,,,,,,,,,,1.0,1.0,,,,,6124,,,,0.0,,0.0,,0.0
,,,0.1272321492433548,,0.9765625,,,,,,,,,,,1.0,1.0,,,,,6125,,,,0.0,,0.0,,0.0
,,,0.1305803507566452,,1.0,,,,,,,,,,,1.0,1.0,,,,,6126,,,,0.0,,0.0,,0.0
,,,0.3628896176815033,,1.0,,,,,,,,,,,1.0,1.0,,,,,6127,,,,0.0,,0.0,,0.0
,,,0.2265625,,1.0,,,,,,,,,,,1.0,1.0,,,,,6128,,,,0.0,,0.0,,0.0
,,,0.1272321492433548,,1.0,,,,,,,,,,,1.0,1.0,,,,,6129,,,,0.0,,0.0,,0.0
,,,0.17824074625968933,,0.9739583730697632,,,,,,,,,,,1.0,1.0,,,,,6130,,,,0.0,,0.0,,0.0
,,,0.08984375,,0.953125,,,,,,,,,,,1.0,1.0,,,,,6131,,,,0.0,,0.0,,0.0
,,,0.0833333358168602,,0.9375,,,,,,,,,,,1.0,1.0,,,,,6132,,,,0.0,,0.0,,0.0
,,,0.23508939146995544,,0.9523809552192688,,,,,,,,,,,1.0,1.0,,,,,6133,,,,0.0,,0.0,,0.0
,,,0.1194196417927742,,0.9921875,,,,,,,,,,,1.0,1.0,,,,,6134,,,,0.0,,0.0,,0.0
,,,0.109375,,0.984375,,,,,,,,,,,1.0,1.0,,,,,6135,,,,0.0,,0.0,,0.0
,,,0.2622840404510498,,0.9778760671615601,,,,,,,,,,,1.0,1.0,,,,,6136,,,,0.0,,0.0,,0.0
,,,0.115234375,,0.984375,,,,,,,,,,,1.0,1.0,,,,,6137,,,,0.0,,0.0,,0.0
,,,0.1328125,,0.9765625,,,,,,,,,,,1.0,1.0,,,,,6138,,,,0.0,,0.0,,0.0
,,,0.13585858047008514,,0.9398989677429199,,,,,,,,,,,1.0,1.0,,,,,6139,,,,0.0,,0.0,,0.0
,,,0.06171875074505806,,0.984375,,,,,,,,,,,1.0,1.0,,,,,6140,,,,0.0,,0.0,,0.0
,,,0.06328125298023224,,0.9765625,,,,,,,,,,,1.0,1.0,,,,,6141,,,,0.0,,0.0,,0.0
,,,0.18004116415977478,,0.9953703880310059,,,,,,,,,,,1.0,1.0,,,,,6142,,,,0.0,,0.0,,0.0
,,,0.09375,,0.9921875,,,,,,,,,,,1.0,1.0,,,,,6143,,,,0.0,,0.0,,0.0
,,,0.1238839253783226,,0.984375,,,,,,,,,,,1.0,1.0,,,,,6144,,,,0.0,,0.0,,0.0
,,,0.2497226893901825,,0.9657295942306519,,,,,,,,,,,1.0,1.0,,,,,6145,,,,0.0,,0.0,,0.0
,,,0.1272321492433548,,0.96875,,,,,,,,,,,1.0,1.0,,,,,6146,,,,0.0,,0.0,,0.0
,,,0.2265625,,0.984375,,,,,,,,,,,1.0,1.0,,,,,6147,,,,0.0,,0.0,,0.0
,,,0.1537560522556305,,0.9803921580314636,,,,,,,,,,,1.0,1.0,,,,,6148,,,,0.0,,0.0,,0.0
,,,0.1005859375,,0.984375,,,,,,,,,,,1.0,1.0,,,,,6149,,,,0.0,,0.0,,0.0
,,,0.1127232164144516,,0.9921875,,,,,,,,,,,1.0,1.0,,,,,6150,,,,0.0,,0.0,,0.0
,,,0.24735011160373688,,0.9941860437393188,,,,,,,,,,,1.0,1.0,,,,,6151,,,,0.0,,0.0,,0.0
,,,0.1238839253783226,,0.96875,,,,,,,,,,,1.0,1.0,,,,,6152,,,,0.0,,0.0,,0.0
,,,0.18125000596046448,,0.9921875,,,,,,,,,,,1.0,1.0,,,,,6153,,,,0.0,,0.0,,0.0
,,,0.26048743724823,,1.0,,,,,,,,,,,1.0,1.0,,,,,6154,,,,0.0,,0.0,,0.0
,,,0.11328125,,0.984375,,,,,,,,,,,1.0,1.0,,,,,6155,,,,0.0,,0.0,,0.0
,,,0.125,,0.9765625,,,,,,,,,,,1.0,1.0,,,,,6156,,,,0.0,,0.0,,0.0
,,,0.3767857253551483,,1.0,,,,,,,,,,,1.0,1.0,,,,,6157,,,,0.0,,0.0,,0.0
,,,0.17343750596046448,,1.0,,,,,,,,,,,1.0,1.0,,,,,6158,,,,0.0,,0.0,,0.0
,,,0.1272321492433548,,1.0,,,,,,,,,,,1.0,1.0,,,,,6159,,,,0.0,,0.0,,0.0
,,,0.21911421418190002,,0.9090908765792847,,,,,,,,,,,1.0,1.0,,,,,6160,,,,0.0,,0.0,,0.0
,,,0.0986328125,,0.953125,,,,,,,,,,,1.0,1.0,,,,,6161,,,,0.0,,0.0,,0.0
,,,0.078125,,0.953125,,,,,,,,,,,1.0,1.0,,,,,6162,,,,0.0,,0.0,,0.0
,,,0.08223971724510193,,0.9370078444480896,,,,,,,,,,,1.0,1.0,,,,,6163,,,,0.0,,0.0,,0.0
66,0.830246090888977,0.8337415456771851,,0.9805736541748047,,,,,,,,,,,,,,227.2395782470703,7453.94970703125,5.426004886627197,246.96949768066406,14806,,,0.0,,0.0,,0.0,
66,,,,,,0.2529039978981018,,0.49320268630981445,,8.904800415039062,,,,,,,,,,,,14806,0.5449734330177307,,,,,,,
,,,,,,,,,,,,,,0.00011772496664420729,0.03,,,,,,,14849,,,,,,,,
67,,,,,,,0.2513485550880432,,0.48086681962013245,,8.484375,0.00011769622506108135,0.029999999329447746,,,1.0,1.0,,,,,14849,,0.6621003150939941,,,,,,
,,,,,,,,,,,,,,0.00011629035570944984,0.03,,,,,,,14899,,,,,,,,
67,,,,,,,0.2283363789319992,,0.4664478898048401,,8.8515625,0.00011626171908574179,0.029999999329447746,,,1.0,1.0,,,,,14899,,0.7614007592201233,,,,,,
,,,,,,,,,,,,,,0.00011486097812505202,0.03,,,,,,,14949,,,,,,,,
67,,,,,,,0.24029970169067383,,0.47910913825035095,,8.796875,0.00011483244452392682,0.029999999329447746,,,1.0,1.0,,,,,14949,,0.6130402088165283,,,,,,
,,,,,,,,,,,,,,0.00011343692303968976,0.03,,,,,,,14999,,,,,,,,
67,,,,,,,0.24436460435390472,,0.4852256178855896,,9.140625,0.00011340849596308544,0.029999999329447746,,,1.0,1.0,,,,,14999,,0.6325228810310364,,,,,,
,,,0.14453125,,1.0,,,,,,,,,,,1.0,1.0,,,,,6164,,,,0.0,,0.0,,0.0
,,,0.17031249403953552,,1.0,,,,,,,,,,,1.0,1.0,,,,,6165,,,,0.0,,0.0,,0.0
,,,0.21722587943077087,,0.9715805053710938,,,,,,,,,,,1.0,1.0,,,,,6166,,,,0.0,,0.0,,0.0
,,,0.1316964328289032,,0.984375,,,,,,,,,,,1.0,1.0,,,,,6167,,,,0.0,,0.0,,0.0
,,,0.1484375,,0.9921875,,,,,,,,,,,1.0,1.0,,,,,6168,,,,0.0,,0.0,,0.0
,,,0.20673076808452606,,0.9759615659713745,,,,,,,,,,,1.0,1.0,,,,,6169,,,,0.0,,0.0,,0.0
,,,0.07265625149011612,,0.9765625,,,,,,,,,,,1.0,1.0,,,,,6170,,,,0.0,,0.0,,0.0
,,,0.1149553582072258,,1.0,,,,,,,,,,,1.0,1.0,,,,,6171,,,,0.0,,0.0,,0.0
,,,0.1470840573310852,,0.9725557565689087,,,,,,,,,,,1.0,1.0,,,,,6172,,,,0.0,,0.0,,0.0
,,,0.1216517835855484,,0.984375,,,,,,,,,,,1.0,1.0,,,,,6173,,,,0.0,,0.0,,0.0
,,,0.1127232164144516,,0.96875,,,,,,,,,,,1.0,1.0,,,,,6174,,,,0.0,,0.0,,0.0
,,,0.1025390625,,0.984375,,,,,,,,,,,1.0,1.0,,,,,6175,,,,0.0,,0.0,,0.0
,,,0.22438094019889832,,0.9839999675750732,,,,,,,,,,,1.0,1.0,,,,,6176,,,,0.0,,0.0,,0.0
,,,0.1064453125,,0.9765625,,,,,,,,,,,1.0,1.0,,,,,6177,,,,0.0,,0.0,,0.0
,,,0.109375,,0.9609375,,,,,,,,,,,1.0,1.0,,,,,6178,,,,0.0,,0.0,,0.0
,,,0.2161531299352646,,1.0,,,,,,,,,,,1.0,1.0,,,,,6179,,,,0.0,,0.0,,0.0
,,,0.1205357164144516,,1.0,,,,,,,,,,,1.0,1.0,,,,,6180,,,,0.0,,0.0,,0.0
,,,0.13671875,,0.984375,,,,,,,,,,,1.0,1.0,,,,,6181,,,,0.0,,0.0,,0.0
,,,0.19264069199562073,,0.9594155550003052,,,,,,,,,,,1.0,1.0,,,,,6182,,,,0.0,,0.0,,0.0
,,,0.15234375,,0.9765625,,,,,,,,,,,1.0,1.0,,,,,6183,,,,0.0,,0.0,,0.0
,,,0.111328125,,0.9765625,,,,,,,,,,,1.0,1.0,,,,,6184,,,,0.0,,0.0,,0.0
,,,0.2095579206943512,,0.9931507110595703,,,,,,,,,,,1.0,1.0,,,,,6185,,,,0.0,,0.0,,0.0
,,,0.1227678582072258,,0.9609375,,,,,,,,,,,1.0,1.0,,,,,6186,,,,0.0,,0.0,,0.0
,,,0.0989583358168602,,0.96875,,,,,,,,,,,1.0,1.0,,,,,6187,,,,0.0,,0.0,,0.0
,,,0.22278325259685516,,1.0,,,,,,,,,,,1.0,1.0,,,,,6188,,,,0.0,,0.0,,0.0
,,,0.1471354216337204,,1.0,,,,,,,,,,,1.0,1.0,,,,,6189,,,,0.0,,0.0,,0.0
,,,0.18125000596046448,,1.0,,,,,,,,,,,1.0,1.0,,,,,6190,,,,0.0,,0.0,,0.0
,,,0.23859837651252747,,0.9716981053352356,,,,,,,,,,,1.0,1.0,,,,,6191,,,,0.0,,0.0,,0.0
,,,0.1227678582072258,,0.984375,,,,,,,,,,,1.0,1.0,,,,,6192,,,,0.0,,0.0,,0.0
,,,0.1005859375,,0.9921875,,,,,,,,,,,1.0,1.0,,,,,6193,,,,0.0,,0.0,,0.0
,,,0.20314636826515198,,0.9823529720306396,,,,,,,,,,,1.0,1.0,,,,,6194,,,,0.0,,0.0,,0.0
,,,0.17343750596046448,,1.0,,,,,,,,,,,1.0,1.0,,,,,6195,,,,0.0,,0.0,,0.0
,,,0.1127232164144516,,1.0,,,,,,,,,,,1.0,1.0,,,,,6196,,,,0.0,,0.0,,0.0
,,,0.26073187589645386,,0.984236478805542,,,,,,,,,,,1.0,1.0,,,,,6197,,,,0.0,,0.0,,0.0
,,,0.111328125,,0.984375,,,,,,,,,,,1.0,1.0,,,,,6198,,,,0.0,,0.0,,0.0
,,,0.1510416716337204,,0.984375,,,,,,,,,,,1.0,1.0,,,,,6199,,,,0.0,,0.0,,0.0
,,,0.21158552169799805,,0.9515537023544312,,,,,,,,,,,1.0,1.0,,,,,6200,,,,0.0,,0.0,,0.0
,,,0.07500000298023224,,0.9921875,,,,,,,,,,,1.0,1.0,,,,,6201,,,,0.0,,0.0,,0.0
,,,0.0876736119389534,,1.0,,,,,,,,,,,1.0,1.0,,,,,6202,,,,0.0,,0.0,,0.0
,,,0.14820513129234314,,0.9766788482666016,,,,,,,,,,,1.0,1.0,,,,,6203,,,,0.0,,0.0,,0.0
,,,0.1227678582072258,,0.984375,,,,,,,,,,,1.0,1.0,,,,,6204,,,,0.0,,0.0,,0.0
,,,0.1127232164144516,,0.9609375,,,,,,,,,,,1.0,1.0,,,,,6205,,,,0.0,,0.0,,0.0
,,,0.19217170774936676,,0.9624999761581421,,,,,,,,,,,1.0,1.0,,,,,6206,,,,0.0,,0.0,,0.0
,,,0.125,,0.984375,,,,,,,,,,,1.0,1.0,,,,,6207,,,,0.0,,0.0,,0.0
,,,0.1261160671710968,,0.984375,,,,,,,,,,,1.0,1.0,,,,,6208,,,,0.0,,0.0,,0.0
,,,0.1940620243549347,,0.9893617033958435,,,,,,,,,,,1.0,1.0,,,,,6209,,,,0.0,,0.0,,0.0
,,,0.111328125,,0.9921875,,,,,,,,,,,1.0,1.0,,,,,6210,,,,0.0,,0.0,,0.0
,,,0.1216517835855484,,0.9921875,,,,,,,,,,,1.0,1.0,,,,,6211,,,,0.0,,0.0,,0.0
,,,0.1227678582072258,,0.9765625,,,,,,,,,,,1.0,1.0,,,,,6212,,,,0.0,,0.0,,0.0
,,,0.09798774868249893,,0.9842519760131836,,,,,,,,,,,1.0,1.0,,,,,6213,,,,0.0,,0.0,,0.0
,,,0.15234375,,0.96875,,,,,,,,,,,1.0,1.0,,,,,6214,,,,0.0,,0.0,,0.0
,,,0.1238839253783226,,0.984375,,,,,,,,,,,1.0,1.0,,,,,6215,,,,0.0,,0.0,,0.0
,,,0.19109195470809937,,0.9913793206214905,,,,,,,,,,,1.0,1.0,,,,,6216,,,,0.0,,0.0,,0.0
,,,0.08203125,,0.953125,,,,,,,,,,,1.0,1.0,,,,,6217,,,,0.0,,0.0,,0.0
,,,0.111328125,,0.984375,,,,,,,,,,,1.0,1.0,,,,,6218,,,,0.0,,0.0,,0.0
,,,0.2504059970378876,,1.0,,,,,,,,,,,1.0,1.0,,,,,6219,,,,0.0,,0.0,,0.0
,,,0.1294642835855484,,0.9921875,,,,,,,,,,,1.0,1.0,,,,,6220,,,,0.0,,0.0,,0.0
,,,0.1432291716337204,,1.0,,,,,,,,,,,1.0,1.0,,,,,6221,,,,0.0,,0.0,,0.0
,,,0.2380952537059784,,0.9791666269302368,,,,,,,,,,,1.0,1.0,,,,,6222,,,,0.0,,0.0,,0.0
,,,0.09375,,0.9921875,,,,,,,,,,,1.0,1.0,,,,,6223,,,,0.0,,0.0,,0.0
,,,0.13671875,,0.9765625,,,,,,,,,,,1.0,1.0,,,,,6224,,,,0.0,,0.0,,0.0
,,,0.23342826962471008,,0.976190447807312,,,,,,,,,,,1.0,1.0,,,,,6225,,,,0.0,,0.0,,0.0
,,,0.1380208283662796,,1.0,,,,,,,,,,,1.0,1.0,,,,,6226,,,,0.0,,0.0,,0.0
,,,0.1171875,,0.9921875,,,,,,,,,,,1.0,1.0,,,,,6227,,,,0.0,,0.0,,0.0
,,,0.2049819827079773,,0.9867256879806519,,,,,,,,,,,1.0,1.0,,,,,6228,,,,0.0,,0.0,,0.0
,,,0.1123046875,,0.9921875,,,,,,,,,,,1.0,1.0,,,,,6229,,,,0.0,,0.0,,0.0
,,,0.15234375,,0.96875,,,,,,,,,,,1.0,1.0,,,,,6230,,,,0.0,,0.0,,0.0
,,,0.1774410754442215,,0.9398989677429199,,,,,,,,,,,1.0,1.0,,,,,6231,,,,0.0,,0.0,,0.0
,,,0.0859375,,0.9921875,,,,,,,,,,,1.0,1.0,,,,,6232,,,,0.0,,0.0,,0.0
,,,0.0815972238779068,,1.0,,,,,,,,,,,1.0,1.0,,,,,6233,,,,0.0,,0.0,,0.0
,,,0.15333333611488342,,0.9611110687255859,,,,,,,,,,,1.0,1.0,,,,,6234,,,,0.0,,0.0,,0.0
,,,0.1160714253783226,,0.9765625,,,,,,,,,,,1.0,1.0,,,,,6235,,,,0.0,,0.0,,0.0
,,,0.1015625,,0.9765625,,,,,,,,,,,1.0,1.0,,,,,6236,,,,0.0,,0.0,,0.0
,,,0.25316503643989563,,0.981927752494812,,,,,,,,,,,1.0,1.0,,,,,6237,,,,0.0,,0.0,,0.0
,,,0.107421875,,0.9765625,,,,,,,,,,,1.0,1.0,,,,,6238,,,,0.0,,0.0,,0.0
,,,0.15234375,,0.9765625,,,,,,,,,,,1.0,1.0,,,,,6239,,,,0.0,,0.0,,0.0
,,,0.19469201564788818,,1.0,,,,,,,,,,,1.0,1.0,,,,,6240,,,,0.0,,0.0,,0.0
,,,0.0954861119389534,,0.9921875,,,,,,,,,,,1.0,1.0,,,,,6241,,,,0.0,,0.0,,0.0
,,,0.1205357164144516,,0.984375,,,,,,,,,,,1.0,1.0,,,,,6242,,,,0.0,,0.0,,0.0
,,,0.17535990476608276,,0.9825581312179565,,,,,,,,,,,1.0,1.0,,,,,6243,,,,0.0,,0.0,,0.0
,,,0.107421875,,0.9609375,,,,,,,,,,,1.0,1.0,,,,,6244,,,,0.0,,0.0,,0.0
,,,0.1536458283662796,,0.9765625,,,,,,,,,,,1.0,1.0,,,,,6245,,,,0.0,,0.0,,0.0
,,,0.2529336214065552,,0.9896907210350037,,,,,,,,,,,1.0,1.0,,,,,6246,,,,0.0,,0.0,,0.0
,,,0.1044921875,,0.9765625,,,,,,,,,,,1.0,1.0,,,,,6247,,,,0.0,,0.0,,0.0
,,,0.09375,,0.9609375,,,,,,,,,,,1.0,1.0,,,,,6248,,,,0.0,,0.0,,0.0
,,,0.2640306055545807,,1.0,,,,,,,,,,,1.0,1.0,,,,,6249,,,,0.0,,0.0,,0.0
,,,0.1484375,,1.0,,,,,,,,,,,1.0,1.0,,,,,6250,,,,0.0,,0.0,,0.0
,,,0.1272321492433548,,0.9921875,,,,,,,,,,,1.0,1.0,,,,,6251,,,,0.0,,0.0,,0.0
,,,0.2622377872467041,,0.9545454978942871,,,,,,,,,,,1.0,1.0,,,,,6252,,,,0.0,,0.0,,0.0
,,,0.1432291716337204,,0.96875,,,,,,,,,,,1.0,1.0,,,,,6253,,,,0.0,,0.0,,0.0
,,,0.0902777761220932,,0.9921875,,,,,,,,,,,1.0,1.0,,,,,6254,,,,0.0,,0.0,,0.0
,,,0.13385826349258423,,0.9685039520263672,,,,,,,,,,,1.0,1.0,,,,,6255,,,,0.0,,0.0,,0.0
67,0.8294532895088196,0.8510093688964844,,0.9828959703445435,,,,,,,,,,,,,,228.7840118408203,6664.62451171875,5.432778358459473,242.29945373535156,15027,,,0.0,,0.0,,0.0,
67,,,,,,0.24816444516181946,,0.4876624047756195,,8.884544372558594,,,,,,,,,,,,15027,0.5514360070228577,,,,,,,
,,,,,,,,,,,,,,0.00011201827927008079,0.03,,,,,,,15049,,,,,,,,
68,,,,,,,0.24586130678653717,,0.48443907499313354,,8.8125,0.00011198996071470901,0.029999999329447746,,,1.0,1.0,,,,,15049,,0.5515604615211487,,,,,,
,,,,,,,,,,,,,,0.00011060513529544525,0.03,,,,,,,15099,,,,,,,,
68,,,,,,,0.22763918340206146,,0.4625878632068634,,8.71875,0.00011057692609028891,0.029999999329447746,,,1.0,1.0,,,,,15099,,0.33760198950767517,,,,,,
,,,,,,,,,,,,,,0.00010919757925198721,0.03,,,,,,,15149,,,,,,,,
68,,,,,,,0.2462562769651413,,0.5033534169197083,,9.4765625,0.00010916948667727411,0.029999999329447746,,,1.0,1.0,,,,,15149,,0.5270525217056274,,,,,,
,,,,,,,,,,,,,,0.00010779569892739755,0.03,,,,,,,15199,,,,,,,,
68,,,,,,,0.2510449290275574,,0.48279428482055664,,8.5859375,0.00010776772251119837,0.029999999329447746,,,1.0,1.0,,,,,15199,,0.4557090401649475,,,,,,
,,,0.1083984375,,0.9921875,,,,,,,,,,,1.0,1.0,,,,,6256,,,,0.0,,0.0,,0.0
,,,0.140625,,1.0,,,,,,,,,,,1.0,1.0,,,,,6257,,,,0.0,,0.0,,0.0
,,,0.2592068612575531,,0.9950494766235352,,,,,,,,,,,1.0,1.0,,,,,6258,,,,0.0,,0.0,,0.0
,,,0.11328125,,0.984375,,,,,,,,,,,1.0,1.0,,,,,6259,,,,0.0,,0.0,,0.0
,,,0.22265625,,0.9609375,,,,,,,,,,,1.0,1.0,,,,,6260,,,,0.0,,0.0,,0.0
,,,0.20432692766189575,,0.9807692170143127,,,,,,,,,,,1.0,1.0,,,,,6261,,,,0.0,,0.0,,0.0
,,,0.07578124850988388,,0.9921875,,,,,,,,,,,1.0,1.0,,,,,6262,,,,0.0,,0.0,,0.0
,,,0.078125,,0.9921875,,,,,,,,,,,1.0,1.0,,,,,6263,,,,0.0,,0.0,,0.0
,,,0.15351629257202148,,0.9772727489471436,,,,,,,,,,,1.0,1.0,,,,,6264,,,,0.0,,0.0,,0.0
,,,0.1142578125,,0.9921875,,,,,,,,,,,1.0,1.0,,,,,6265,,,,0.0,,0.0,,0.0
,,,0.1123046875,,0.9921875,,,,,,,,,,,1.0,1.0,,,,,6266,,,,0.0,,0.0,,0.0
,,,0.1227678582072258,,0.984375,,,,,,,,,,,1.0,1.0,,,,,6267,,,,0.0,,0.0,,0.0
,,,0.187333345413208,,0.9919999837875366,,,,,,,,,,,1.0,1.0,,,,,6268,,,,0.0,,0.0,,0.0
,,,0.1194196417927742,,1.0,,,,,,,,,,,1.0,1.0,,,,,6269,,,,0.0,,0.0,,0.0
,,,0.099609375,,0.9921875,,,,,,,,,,,1.0,1.0,,,,,6270,,,,0.0,,0.0,,0.0
,,,0.2386288046836853,,0.9360411167144775,,,,,,,,,,,1.0,1.0,,,,,6271,,,,0.0,,0.0,,0.0
,,,0.1380208283662796,,1.0,,,,,,,,,,,1.0,1.0,,,,,6272,,,,0.0,,0.0,,0.0
,,,0.1354166716337204,,0.9765625,,,,,,,,,,,1.0,1.0,,,,,6273,,,,0.0,,0.0,,0.0
,,,0.2083333432674408,,0.9826840162277222,,,,,,,,,,,1.0,1.0,,,,,6274,,,,0.0,,0.0,,0.0
,,,0.1142578125,,0.984375,,,,,,,,,,,1.0,1.0,,,,,6275,,,,0.0,,0.0,,0.0
,,,0.1510416716337204,,0.9921875,,,,,,,,,,,1.0,1.0,,,,,6276,,,,0.0,,0.0,,0.0
,,,0.22266501188278198,,0.9840598106384277,,,,,,,,,,,1.0,1.0,,,,,6277,,,,0.0,,0.0,,0.0
,,,0.0954861119389534,,0.9921875,,,,,,,,,,,1.0,1.0,,,,,6278,,,,0.0,,0.0,,0.0
,,,0.1294642835855484,,0.9765625,,,,,,,,,,,1.0,1.0,,,,,6279,,,,0.0,,0.0,,0.0
,,,0.30369460582733154,,0.9913793206214905,,,,,,,,,,,1.0,1.0,,,,,6280,,,,0.0,,0.0,,0.0
,,,0.17656250298023224,,0.9921875,,,,,,,,,,,1.0,1.0,,,,,6281,,,,0.0,,0.0,,0.0
,,,0.125,,1.0,,,,,,,,,,,1.0,1.0,,,,,6282,,,,0.0,,0.0,,0.0
,,,0.2800419330596924,,0.9622641801834106,,,,,,,,,,,1.0,1.0,,,,,6283,,,,0.0,,0.0,,0.0
,,,0.1160714253783226,,0.9609375,,,,,,,,,,,1.0,1.0,,,,,6284,,,,0.0,,0.0,,0.0
,,,0.07187499850988388,,0.9296875,,,,,,,,,,,1.0,1.0,,,,,6285,,,,0.0,,0.0,,0.0
,,,0.2015731930732727,,0.9647058844566345,,,,,,,,,,,1.0,1.0,,,,,6286,,,,0.0,,0.0,,0.0
,,,0.1216517835855484,,0.9921875,,,,,,,,,,,1.0,1.0,,,,,6287,,,,0.0,,0.0,,0.0
,,,0.1380208283662796,,1.0,,,,,,,,,,,1.0,1.0,,,,,6288,,,,0.0,,0.0,,0.0
,,,0.2224137932062149,,0.9913793206214905,,,,,,,,,,,1.0,1.0,,,,,6289,,,,0.0,,0.0,,0.0
,,,0.111328125,,0.9765625,,,,,,,,,,,1.0,1.0,,,,,6290,,,,0.0,,0.0,,0.0
,,,0.22265625,,0.96875,,,,,,,,,,,1.0,1.0,,,,,6291,,,,0.0,,0.0,,0.0
,,,0.1811162829399109,,0.9515537023544312,,,,,,,,,,,1.0,1.0,,,,,6292,,,,0.0,,0.0,,0.0
,,,0.07109375298023224,,1.0,,,,,,,,,,,1.0,1.0,,,,,6293,,,,0.0,,0.0,,0.0
,,,0.0842013880610466,,1.0,,,,,,,,,,,1.0,1.0,,,,,6294,,,,0.0,,0.0,,0.0
,,,0.18038257956504822,,0.9846153855323792,,,,,,,,,,,1.0,1.0,,,,,6295,,,,0.0,,0.0,,0.0
,,,0.1875,,1.0,,,,,,,,,,,1.0,1.0,,,,,6296,,,,0.0,,0.0,,0.0
,,,0.1142578125,,0.9921875,,,,,,,,,,,1.0,1.0,,,,,6297,,,,0.0,,0.0,,0.0
,,,0.24512986838817596,,0.969318151473999,,,,,,,,,,,1.0,1.0,,,,,6298,,,,0.0,,0.0,,0.0
,,,0.103515625,,0.9921875,,,,,,,,,,,1.0,1.0,,,,,6299,,,,0.0,,0.0,,0.0
,,,0.109375,,0.9921875,,,,,,,,,,,1.0,1.0,,,,,6300,,,,0.0,,0.0,,0.0
,,,0.19766896963119507,,1.0,,,,,,,,,,,1.0,1.0,,,,,6301,,,,0.0,,0.0,,0.0
,,,0.1315104216337204,,0.984375,,,,,,,,,,,1.0,1.0,,,,,6302,,,,0.0,,0.0,,0.0
,,,0.1138392835855484,,0.9921875,,,,,,,,,,,1.0,1.0,,,,,6303,,,,0.0,,0.0,,0.0
,,,0.1183035746216774,,0.9765625,,,,,,,,,,,1.0,1.0,,,,,6304,,,,0.0,,0.0,,0.0
,,,0.13160854578018188,,0.9881889820098877,,,,,,,,,,,1.0,1.0,,,,,6305,,,,0.0,,0.0,,0.0
,,,0.11328125,,0.984375,,,,,,,,,,,1.0,1.0,,,,,6306,,,,0.0,,0.0,,0.0
,,,0.1458333283662796,,0.9921875,,,,,,,,,,,1.0,1.0,,,,,6307,,,,0.0,,0.0,,0.0
,,,0.2079741358757019,,0.954023003578186,,,,,,,,,,,1.0,1.0,,,,,6308,,,,0.0,,0.0,,0.0
,,,0.09375,,0.9765625,,,,,,,,,,,1.0,1.0,,,,,6309,,,,0.0,,0.0,,0.0
,,,0.1549479216337204,,0.9921875,,,,,,,,,,,1.0,1.0,,,,,6310,,,,0.0,,0.0,,0.0
,,,0.36685001850128174,,0.9900990128517151,,,,,,,,,,,1.0,1.0,,,,,6311,,,,0.0,,0.0,,0.0
,,,0.1497395783662796,,1.0,,,,,,,,,,,1.0,1.0,,,,,6312,,,,0.0,,0.0,,0.0
,,,0.1432291716337204,,1.0,,,,,,,,,,,1.0,1.0,,,,,6313,,,,0.0,,0.0,,0.0
,,,0.28125,,0.96875,,,,,,,,,,,1.0,1.0,,,,,6314,,,,0.0,,0.0,,0.0
,,,0.095703125,,0.953125,,,,,,,,,,,1.0,1.0,,,,,6315,,,,0.0,,0.0,,0.0
,,,0.06953124701976776,,0.9453125,,,,,,,,,,,1.0,1.0,,,,,6316,,,,0.0,,0.0,,0.0
,,,0.204180508852005,,0.9642857313156128,,,,,,,,,,,1.0,1.0,,,,,6317,,,,0.0,,0.0,,0.0
,,,0.1380208283662796,,0.9921875,,,,,,,,,,,1.0,1.0,,,,,6318,,,,0.0,,0.0,,0.0
,,,0.1419270783662796,,0.9921875,,,,,,,,,,,1.0,1.0,,,,,6319,,,,0.0,,0.0,,0.0
,,,0.20301541686058044,,0.991150438785553,,,,,,,,,,,1.0,1.0,,,,,6320,,,,0.0,,0.0,,0.0
,,,0.15234375,,0.9609375,,,,,,,,,,,1.0,1.0,,,,,6321,,,,0.0,,0.0,,0.0
,,,0.1261160671710968,,0.953125,,,,,,,,,,,1.0,1.0,,,,,6322,,,,0.0,,0.0,,0.0
,,,0.14858585596084595,,0.9676767587661743,,,,,,,,,,,1.0,1.0,,,,,6323,,,,0.0,,0.0,,0.0
,,,0.07500000298023224,,0.9921875,,,,,,,,,,,1.0,1.0,,,,,6324,,,,0.0,,0.0,,0.0
,,,0.07265625149011612,,1.0,,,,,,,,,,,1.0,1.0,,,,,6325,,,,0.0,,0.0,,0.0
,,,0.18209877610206604,,0.9907407760620117,,,,,,,,,,,1.0,1.0,,,,,6326,,,,0.0,,0.0,,0.0
,,,0.1316964328289032,,0.9921875,,,,,,,,,,,1.0,1.0,,,,,6327,,,,0.0,,0.0,,0.0
,,,0.1510416716337204,,0.9921875,,,,,,,,,,,1.0,1.0,,,,,6328,,,,0.0,,0.0,,0.0
,,,0.23304647207260132,,0.9879518151283264,,,,,,,,,,,1.0,1.0,,,,,6329,,,,0.0,,0.0,,0.0
,,,0.1205357164144516,,0.9921875,,,,,,,,,,,1.0,1.0,,,,,6330,,,,0.0,,0.0,,0.0
,,,0.1083984375,,0.9921875,,,,,,,,,,,1.0,1.0,,,,,6331,,,,0.0,,0.0,,0.0
,,,0.189712256193161,,1.0,,,,,,,,,,,1.0,1.0,,,,,6332,,,,0.0,,0.0,,0.0
,,,0.13671875,,0.984375,,,,,,,,,,,1.0,1.0,,,,,6333,,,,0.0,,0.0,,0.0
,,,0.1138392835855484,,0.9921875,,,,,,,,,,,1.0,1.0,,,,,6334,,,,0.0,,0.0,,0.0
,,,0.2163621187210083,,0.9825581312179565,,,,,,,,,,,1.0,1.0,,,,,6335,,,,0.0,,0.0,,0.0
,,,0.109375,,0.9609375,,,,,,,,,,,1.0,1.0,,,,,6336,,,,0.0,,0.0,,0.0
,,,0.18125000596046448,,0.984375,,,,,,,,,,,1.0,1.0,,,,,6337,,,,0.0,,0.0,,0.0
,,,0.31099656224250793,,0.9948453903198242,,,,,,,,,,,1.0,1.0,,,,,6338,,,,0.0,,0.0,,0.0
,,,0.111328125,,0.9921875,,,,,,,,,,,1.0,1.0,,,,,6339,,,,0.0,,0.0,,0.0
,,,0.09375,,0.96875,,,,,,,,,,,1.0,1.0,,,,,6340,,,,0.0,,0.0,,0.0
,,,0.27040815353393555,,1.0,,,,,,,,,,,1.0,1.0,,,,,6341,,,,0.0,,0.0,,0.0
,,,0.17343750596046448,,0.9921875,,,,,,,,,,,1.0,1.0,,,,,6342,,,,0.0,,0.0,,0.0
,,,0.1238839253783226,,1.0,,,,,,,,,,,1.0,1.0,,,,,6343,,,,0.0,,0.0,,0.0
,,,0.25563326478004456,,0.9545454978942871,,,,,,,,,,,1.0,1.0,,,,,6344,,,,0.0,,0.0,,0.0
,,,0.1160714253783226,,0.9375,,,,,,,,,,,1.0,1.0,,,,,6345,,,,0.0,,0.0,,0.0
,,,0.0798611119389534,,0.9375,,,,,,,,,,,1.0,1.0,,,,,6346,,,,0.0,,0.0,,0.0
,,,0.0796150490641594,,0.9527559280395508,,,,,,,,,,,1.0,1.0,,,,,6347,,,,0.0,,0.0,,0.0
68,0.8339216709136963,0.8447022438049316,,0.9830970764160156,,,,,,,,,,,,,,230.94635009765625,6620.68017578125,5.442185401916504,243.3896026611328,15248,,,0.0,,0.0,,0.0,
68,,,,,,0.2455778270959854,,0.4845138490200043,,8.868301391601562,,,,,,,,,,,,15248,0.5441426038742065,,,,,,,
,,,,,,,,,,,,,,0.00010639958175537897,0.03,,,,,,,15249,,,,,,,,
69,,,,,,,0.20840486884117126,,0.4586617350578308,,9.4765625,0.00010637172090355307,0.029999999329447746,,,,,,,,,15249,,0.3854047954082489,,,,,,
,,,,,,,,,,,,,,0.00010500931481019316,0.03,,,,,,,15299,,,,,,,,
69,,,,,,,0.2449032962322235,,0.47821441292762756,,8.640625,0.00010498156916582957,0.029999999329447746,,,1.0,1.0,,,,,15299,,0.45088785886764526,,,,,,
,,,,,,,,,,,,,,0.00010362498480122925,0.03,,,,,,,15349,,,,,,,,
69,,,,,,,0.23809947073459625,,0.4700302481651306,,8.59375,0.00010359736188547686,0.029999999329447746,,,1.0,1.0,,,,,15349,,0.4870895743370056,,,,,,
,,,,,,,,,,,,,,0.00010224667806759671,0.03,,,,,,,15399,,,,,,,,
69,,,,,,,0.24285770952701569,,0.4795844554901123,,8.7734375,0.00010221917182207108,0.029999999329447746,,,1.0,1.0,,,,,15399,,0.3970602750778198,,,,,,
,,,,,,,,,,,,,,0.00010087448057273998,0.03,,,,,,,15449,,,,,,,,
69,,,,,,,0.25146085023880005,,0.48154908418655396,,8.5546875,0.00010084710083901882,0.029999999329447746,,,1.0,1.0,,,,,15449,,0.5802149772644043,,,,,,
,,,0.1005859375,,0.984375,,,,,,,,,,,1.0,1.0,,,,,6348,,,,0.0,,0.0,,0.0
,,,0.0885416641831398,,0.9921875,,,,,,,,,,,1.0,1.0,,,,,6349,,,,0.0,,0.0,,0.0
,,,0.18567413091659546,,0.9702970385551453,,,,,,,,,,,1.0,1.0,,,,,6350,,,,0.0,,0.0,,0.0
,,,0.1316964328289032,,0.9921875,,,,,,,,,,,1.0,1.0,,,,,6351,,,,0.0,,0.0,,0.0
,,,0.115234375,,0.9765625,,,,,,,,,,,1.0,1.0,,,,,6352,,,,0.0,,0.0,,0.0
,,,0.18126779794692993,,0.9807692170143127,,,,,,,,,,,1.0,1.0,,,,,6353,,,,0.0,,0.0,,0.0
,,,0.07187499850988388,,0.984375,,,,,,,,,,,1.0,1.0,,,,,6354,,,,0.0,,0.0,,0.0
,,,0.0947265625,,1.0,,,,,,,,,,,1.0,1.0,,,,,6355,,,,0.0,,0.0,,0.0
,,,0.17753002047538757,,0.9905660152435303,,,,,,,,,,,1.0,1.0,,,,,6356,,,,0.0,,0.0,,0.0
,,,0.15234375,,0.9921875,,,,,,,,,,,1.0,1.0,,,,,6357,,,,0.0,,0.0,,0.0
,,,0.111328125,,0.9921875,,,,,,,,,,,1.0,1.0,,,,,6358,,,,0.0,,0.0,,0.0
,,,0.1227678582072258,,1.0,,,,,,,,,,,1.0,1.0,,,,,6359,,,,0.0,,0.0,,0.0
,,,0.2631111145019531,,0.9880000352859497,,,,,,,,,,,1.0,1.0,,,,,6360,,,,0.0,,0.0,,0.0
,,,0.1015625,,1.0,,,,,,,,,,,1.0,1.0,,,,,6361,,,,0.0,,0.0,,0.0
,,,0.1142578125,,0.96875,,,,,,,,,,,1.0,1.0,,,,,6362,,,,0.0,,0.0,,0.0
,,,0.3067227005958557,,0.9957983493804932,,,,,,,,,,,1.0,1.0,,,,,6363,,,,0.0,,0.0,,0.0
,,,0.140625,,1.0,,,,,,,,,,,1.0,1.0,,,,,6364,,,,0.0,,0.0,,0.0
,,,0.1025390625,,0.9921875,,,,,,,,,,,1.0,1.0,,,,,6365,,,,0.0,,0.0,,0.0
,,,0.2155032455921173,,1.0,,,,,,,,,,,1.0,1.0,,,,,6366,,,,0.0,,0.0,,0.0
,,,0.111328125,,0.9921875,,,,,,,,,,,1.0,1.0,,,,,6367,,,,0.0,,0.0,,0.0
,,,0.1283482164144516,,0.9921875,,,,,,,,,,,1.0,1.0,,,,,6368,,,,0.0,,0.0,,0.0
,,,0.15897881984710693,,0.9703611135482788,,,,,,,,,,,1.0,1.0,,,,,6369,,,,0.0,,0.0,,0.0
,,,0.08124999701976776,,0.9609375,,,,,,,,,,,1.0,1.0,,,,,6370,,,,0.0,,0.0,,0.0
,,,0.107421875,,0.9609375,,,,,,,,,,,1.0,1.0,,,,,6371,,,,0.0,,0.0,,0.0
,,,0.18877941370010376,,0.984236478805542,,,,,,,,,,,1.0,1.0,,,,,6372,,,,0.0,,0.0,,0.0
,,,0.16875000298023224,,1.0,,,,,,,,,,,1.0,1.0,,,,,6373,,,,0.0,,0.0,,0.0
,,,0.1205357164144516,,0.9921875,,,,,,,,,,,1.0,1.0,,,,,6374,,,,0.0,,0.0,,0.0
,,,0.24510332942008972,,1.0,,,,,,,,,,,1.0,1.0,,,,,6375,,,,0.0,,0.0,,0.0
,,,0.1194196417927742,,0.984375,,,,,,,,,,,1.0,1.0,,,,,6376,,,,0.0,,0.0,,0.0
,,,0.0842013880610466,,0.9765625,,,,,,,,,,,1.0,1.0,,,,,6377,,,,0.0,,0.0,,0.0
,,,0.23224544525146484,,0.964842677116394,,,,,,,,,,,1.0,1.0,,,,,6378,,,,0.0,,0.0,,0.0
,,,0.0850694477558136,,0.984375,,,,,,,,,,,1.0,1.0,,,,,6379,,,,0.0,,0.0,,0.0
,,,0.0966796875,,0.9765625,,,,,,,,,,,1.0,1.0,,,,,6380,,,,0.0,,0.0,,0.0
,,,0.24679802358150482,,0.9741379022598267,,,,,,,,,,,1.0,1.0,,,,,6381,,,,0.0,,0.0,,0.0
,,,0.1305803507566452,,0.9765625,,,,,,,,,,,1.0,1.0,,,,,6382,,,,0.0,,0.0,,0.0
,,,0.1350446492433548,,0.984375,,,,,,,,,,,1.0,1.0,,,,,6383,,,,0.0,,0.0,,0.0
,,,0.1814424991607666,,0.9597504138946533,,,,,,,,,,,1.0,1.0,,,,,6384,,,,0.0,,0.0,,0.0
,,,0.07343749701976776,,1.0,,,,,,,,,,,1.0,1.0,,,,,6385,,,,0.0,,0.0,,0.0
,,,0.0772569477558136,,1.0,,,,,,,,,,,1.0,1.0,,,,,6386,,,,0.0,,0.0,,0.0
,,,0.15753358602523804,,0.9920635223388672,,,,,,,,,,,1.0,1.0,,,,,6387,,,,0.0,,0.0,,0.0
,,,0.18281249701976776,,1.0,,,,,,,,,,,1.0,1.0,,,,,6388,,,,0.0,,0.0,,0.0
,,,0.1471354216337204,,0.9921875,,,,,,,,,,,1.0,1.0,,,,,6389,,,,0.0,,0.0,,0.0
,,,0.22045454382896423,,0.987500011920929,,,,,,,,,,,1.0,1.0,,,,,6390,,,,0.0,,0.0,,0.0
,,,0.1305803507566452,,0.9921875,,,,,,,,,,,1.0,1.0,,,,,6391,,,,0.0,,0.0,,0.0
,,,0.1339285671710968,,0.9921875,,,,,,,,,,,1.0,1.0,,,,,6392,,,,0.0,,0.0,,0.0
,,,0.21730288863182068,,0.9840425252914429,,,,,,,,,,,1.0,1.0,,,,,6393,,,,0.0,,0.0,,0.0
,,,0.1419270783662796,,0.9921875,,,,,,,,,,,1.0,1.0,,,,,6394,,,,0.0,,0.0,,0.0
,,,0.1216517835855484,,0.9921875,,,,,,,,,,,1.0,1.0,,,,,6395,,,,0.0,,0.0,,0.0
,,,0.1044921875,,1.0,,,,,,,,,,,1.0,1.0,,,,,6396,,,,0.0,,0.0,,0.0
,,,0.12935882806777954,,0.9960629940032959,,,,,,,,,,,1.0,1.0,,,,,6397,,,,0.0,,0.0,,0.0
,,,0.1123046875,,0.984375,,,,,,,,,,,1.0,1.0,,,,,6398,,,,0.0,,0.0,,0.0
,,,0.1238839253783226,,0.9921875,,,,,,,,,,,1.0,1.0,,,,,6399,,,,0.0,,0.0,,0.0
,,,0.13936781883239746,,0.982758641242981,,,,,,,,,,,1.0,1.0,,,,,6400,,,,0.0,,0.0,,0.0
,,,0.0902777761220932,,0.9453125,,,,,,,,,,,1.0,1.0,,,,,6401,,,,0.0,,0.0,,0.0
,,,0.0980902761220932,,0.9921875,,,,,,,,,,,1.0,1.0,,,,,6402,,,,0.0,,0.0,,0.0
,,,0.18404433131217957,,0.9765310287475586,,,,,,,,,,,1.0,1.0,,,,,6403,,,,0.0,,0.0,,0.0
,,,0.140625,,1.0,,,,,,,,,,,1.0,1.0,,,,,6404,,,,0.0,,0.0,,0.0
,,,0.1183035746216774,,0.9921875,,,,,,,,,,,1.0,1.0,,,,,6405,,,,0.0,,0.0,,0.0
,,,0.2083333432674408,,0.9895833730697632,,,,,,,,,,,1.0,1.0,,,,,6406,,,,0.0,,0.0,,0.0
,,,0.1025390625,,0.9921875,,,,,,,,,,,1.0,1.0,,,,,6407,,,,0.0,,0.0,,0.0
,,,0.07656250149011612,,0.9609375,,,,,,,,,,,1.0,1.0,,,,,6408,,,,0.0,,0.0,,0.0
,,,0.23548489809036255,,0.9703764915466309,,,,,,,,,,,1.0,1.0,,,,,6409,,,,0.0,,0.0,,0.0
,,,0.0859375,,0.984375,,,,,,,,,,,1.0,1.0,,,,,6410,,,,0.0,,0.0,,0.0
,,,0.09765625,,0.953125,,,,,,,,,,,1.0,1.0,,,,,6411,,,,0.0,,0.0,,0.0
,,,0.22005900740623474,,0.991150438785553,,,,,,,,,,,1.0,1.0,,,,,6412,,,,0.0,,0.0,,0.0
,,,0.1339285671710968,,0.984375,,,,,,,,,,,1.0,1.0,,,,,6413,,,,0.0,,0.0,,0.0
,,,0.1032986119389534,,0.9765625,,,,,,,,,,,1.0,1.0,,,,,6414,,,,0.0,,0.0,,0.0
,,,0.15515151619911194,,0.9398989677429199,,,,,,,,,,,1.0,1.0,,,,,6415,,,,0.0,,0.0,,0.0
,,,0.07500000298023224,,1.0,,,,,,,,,,,1.0,1.0,,,,,6416,,,,0.0,,0.0,,0.0
,,,0.0763888880610466,,0.9921875,,,,,,,,,,,1.0,1.0,,,,,6417,,,,0.0,,0.0,,0.0
,,,0.20717592537403107,,1.0,,,,,,,,,,,1.0,1.0,,,,,6418,,,,0.0,,0.0,,0.0
,,,0.1484375,,0.9921875,,,,,,,,,,,1.0,1.0,,,,,6419,,,,0.0,,0.0,,0.0
,,,0.1471354216337204,,1.0,,,,,,,,,,,1.0,1.0,,,,,6420,,,,0.0,,0.0,,0.0
,,,0.22001338005065918,,0.9939758777618408,,,,,,,,,,,1.0,1.0,,,,,6421,,,,0.0,,0.0,,0.0
,,,0.1328125,,0.9921875,,,,,,,,,,,1.0,1.0,,,,,6422,,,,0.0,,0.0,,0.0
,,,0.1575520783662796,,0.984375,,,,,,,,,,,1.0,1.0,,,,,6423,,,,0.0,,0.0,,0.0
,,,0.24849940836429596,,0.9803921580314636,,,,,,,,,,,1.0,1.0,,,,,6424,,,,0.0,,0.0,,0.0
,,,0.1393229216337204,,0.9921875,,,,,,,,,,,1.0,1.0,,,,,6425,,,,0.0,,0.0,,0.0
,,,0.1216517835855484,,0.9921875,,,,,,,,,,,1.0,1.0,,,,,6426,,,,0.0,,0.0,,0.0
,,,0.19232189655303955,,1.0,,,,,,,,,,,1.0,1.0,,,,,6427,,,,0.0,,0.0,,0.0
,,,0.109375,,0.9921875,,,,,,,,,,,1.0,1.0,,,,,6428,,,,0.0,,0.0,,0.0
,,,0.1497395783662796,,0.984375,,,,,,,,,,,1.0,1.0,,,,,6429,,,,0.0,,0.0,,0.0
,,,0.29143109917640686,,0.9948453903198242,,,,,,,,,,,1.0,1.0,,,,,6430,,,,0.0,,0.0,,0.0
,,,0.0894097238779068,,0.96875,,,,,,,,,,,1.0,1.0,,,,,6431,,,,0.0,,0.0,,0.0
,,,0.08046875149011612,,0.9453125,,,,,,,,,,,1.0,1.0,,,,,6432,,,,0.0,,0.0,,0.0
,,,0.2276785671710968,,0.9955357313156128,,,,,,,,,,,1.0,1.0,,,,,6433,,,,0.0,,0.0,,0.0
,,,0.16875000298023224,,0.9921875,,,,,,,,,,,1.0,1.0,,,,,6434,,,,0.0,,0.0,,0.0
,,,0.1183035746216774,,0.9921875,,,,,,,,,,,1.0,1.0,,,,,6435,,,,0.0,,0.0,,0.0
,,,0.2519702613353729,,0.9545454978942871,,,,,,,,,,,1.0,1.0,,,,,6436,,,,0.0,,0.0,,0.0
,,,0.1044921875,,0.9921875,,,,,,,,,,,1.0,1.0,,,,,6437,,,,0.0,,0.0,,0.0
,,,0.0986328125,,0.984375,,,,,,,,,,,1.0,1.0,,,,,6438,,,,0.0,,0.0,,0.0
,,,0.0909886285662651,,0.960629940032959,,,,,,,,,,,1.0,1.0,,,,,6439,,,,0.0,,0.0,,0.0
69,0.8297499418258667,0.8441354036331177,,0.9850519895553589,,,,,,,,,,,,,,232.1239013671875,6438.09033203125,5.447271347045898,245.80332946777344,15469,,,0.0,,0.0,,0.0,
69,,,,,,0.24336637556552887,,0.4814172685146332,,8.836397171020508,,,,,,,,,,,,15469,0.541852593421936,,,,,,,
,,,,,,,,,,,,,,9.950847789907682e-05,0.03,,,,,,,15499,,,,,,,,
70,,,,,,,0.2371390163898468,,0.4817005395889282,,9.21875,9.948122169589624e-05,0.029999999329447746,,,1.0,1.0,,,,,15499,,0.5824612975120544,,,,,,
,,,,,,,,,,,,,,9.814875524266132e-05,0.03,,,,,,,15549,,,,,,,,
70,,,,,,,0.224985733628273,,0.4442606270313263,,8.125,9.812162898015231e-05,0.029999999329447746,,,1.0,1.0,,,,,15549,,0.32408174872398376,,,,,,
,,,,,,,,,,,,,,9.679539740786993e-05,0.03,,,,,,,15599,,,,,,,,
70,,,,,,,0.21913102269172668,,0.4662681221961975,,9.203125,9.676839545136318e-05,0.029999999329447746,,,1.0,1.0,,,,,15599,,0.46436557173728943,,,,,,
,,,,,,,,,,,,,,9.544848880211213e-05,0.03,,,,,,,15649,,,,,,,,
70,,,,,,,0.24109910428524017,,0.4742175042629242,,8.625,9.542161569697782e-05,0.029999999329447746,,,1.0,1.0,,,,,15649,,0.4418884813785553,,,,,,
,,,0.1328125,,0.9765625,,,,,,,,,,,1.0,1.0,,,,,6440,,,,0.0,,0.0,,0.0
,,,0.1160714253783226,,0.984375,,,,,,,,,,,1.0,1.0,,,,,6441,,,,0.0,,0.0,,0.0
,,,0.21259626746177673,,0.9715805053710938,,,,,,,,,,,1.0,1.0,,,,,6442,,,,0.0,,0.0,,0.0
,,,0.1484375,,0.984375,,,,,,,,,,,1.0,1.0,,,,,6443,,,,0.0,,0.0,,0.0
,,,0.109375,,0.9609375,,,,,,,,,,,1.0,1.0,,,,,6444,,,,0.0,,0.0,,0.0
,,,0.24816849827766418,,0.9759615659713745,,,,,,,,,,,1.0,1.0,,,,,6445,,,,0.0,,0.0,,0.0
,,,0.08671875298023224,,1.0,,,,,,,,,,,1.0,1.0,,,,,6446,,,,0.0,,0.0,,0.0
,,,0.1083984375,,0.9921875,,,,,,,,,,,1.0,1.0,,,,,6447,,,,0.0,,0.0,,0.0
,,,0.1701543778181076,,0.9772727489471436,,,,,,,,,,,1.0,1.0,,,,,6448,,,,0.0,,0.0,,0.0
,,,0.1549479216337204,,1.0,,,,,,,,,,,1.0,1.0,,,,,6449,,,,0.0,,0.0,,0.0
,,,0.1497395783662796,,0.9921875,,,,,,,,,,,1.0,1.0,,,,,6450,,,,0.0,,0.0,,0.0
,,,0.17656250298023224,,0.9921875,,,,,,,,,,,1.0,1.0,,,,,6451,,,,0.0,,0.0,,0.0
,,,0.21523809432983398,,0.9839999675750732,,,,,,,,,,,1.0,1.0,,,,,6452,,,,0.0,,0.0,,0.0
,,,0.140625,,0.984375,,,,,,,,,,,1.0,1.0,,,,,6453,,,,0.0,,0.0,,0.0
,,,0.0894097238779068,,0.953125,,,,,,,,,,,1.0,1.0,,,,,6454,,,,0.0,,0.0,,0.0
,,,0.20121382176876068,,0.9444444179534912,,,,,,,,,,,1.0,1.0,,,,,6455,,,,0.0,,0.0,,0.0
,,,0.1458333283662796,,1.0,,,,,,,,,,,1.0,1.0,,,,,6456,,,,0.0,,0.0,,0.0
,,,0.1432291716337204,,0.984375,,,,,,,,,,,1.0,1.0,,,,,6457,,,,0.0,,0.0,,0.0
,,,0.24288806319236755,,1.0,,,,,,,,,,,1.0,1.0,,,,,6458,,,,0.0,,0.0,,0.0
,,,0.11328125,,1.0,,,,,,,,,,,1.0,1.0,,,,,6459,,,,0.0,,0.0,,0.0
,,,0.1484375,,0.9765625,,,,,,,,,,,1.0,1.0,,,,,6460,,,,0.0,,0.0,,0.0
,,,0.20728518068790436,,0.9521793127059937,,,,,,,,,,,1.0,1.0,,,,,6461,,,,0.0,,0.0,,0.0
,,,0.107421875,,0.9609375,,,,,,,,,,,1.0,1.0,,,,,6462,,,,0.0,,0.0,,0.0
,,,0.08749999850988388,,0.9765625,,,,,,,,,,,1.0,1.0,,,,,6463,,,,0.0,,0.0,,0.0
,,,0.21022167801856995,,0.982758641242981,,,,,,,,,,,1.0,1.0,,,,,6464,,,,0.0,,0.0,,0.0
,,,0.2109375,,1.0,,,,,,,,,,,1.0,1.0,,,,,6465,,,,0.0,,0.0,,0.0
,,,0.1171875,,0.984375,,,,,,,,,,,1.0,1.0,,,,,6466,,,,0.0,,0.0,,0.0
,,,0.334037721157074,,1.0,,,,,,,,,,,1.0,1.0,,,,,6467,,,,0.0,,0.0,,0.0
,,,0.1064453125,,0.9921875,,,,,,,,,,,1.0,1.0,,,,,6468,,,,0.0,,0.0,,0.0
,,,0.08124999701976776,,0.9921875,,,,,,,,,,,1.0,1.0,,,,,6469,,,,0.0,,0.0,,0.0
,,,0.22055892646312714,,0.959097146987915,,,,,,,,,,,1.0,1.0,,,,,6470,,,,0.0,,0.0,,0.0
,,,0.109375,,0.9765625,,,,,,,,,,,1.0,1.0,,,,,6471,,,,0.0,,0.0,,0.0
,,,0.0966796875,,0.9921875,,,,,,,,,,,1.0,1.0,,,,,6472,,,,0.0,,0.0,,0.0
,,,0.2431386411190033,,0.9684728980064392,,,,,,,,,,,1.0,1.0,,,,,6473,,,,0.0,,0.0,,0.0
,,,0.1272321492433548,,0.96875,,,,,,,,,,,1.0,1.0,,,,,6474,,,,0.0,,0.0,,0.0
,,,0.1510416716337204,,0.9765625,,,,,,,,,,,1.0,1.0,,,,,6475,,,,0.0,,0.0,,0.0
,,,0.21699902415275574,,0.9590163826942444,,,,,,,,,,,1.0,1.0,,,,,6476,,,,0.0,,0.0,,0.0
,,,0.1272321492433548,,1.0,,,,,,,,,,,1.0,1.0,,,,,6477,,,,0.0,,0.0,,0.0
,,,0.0928819477558136,,0.9921875,,,,,,,,,,,1.0,1.0,,,,,6478,,,,0.0,,0.0,,0.0
,,,0.1716727763414383,,1.0,,,,,,,,,,,1.0,1.0,,,,,6479,,,,0.0,,0.0,,0.0
,,,0.232421875,,1.0,,,,,,,,,,,1.0,1.0,,,,,6480,,,,0.0,,0.0,,0.0
,,,0.125,,0.9921875,,,,,,,,,,,1.0,1.0,,,,,6481,,,,0.0,,0.0,,0.0
,,,0.29356059432029724,,0.9636363983154297,,,,,,,,,,,1.0,1.0,,,,,6482,,,,0.0,,0.0,,0.0
,,,0.140625,,0.9765625,,,,,,,,,,,1.0,1.0,,,,,6483,,,,0.0,,0.0,,0.0
,,,0.1484375,,0.9921875,,,,,,,,,,,1.0,1.0,,,,,6484,,,,0.0,,0.0,,0.0
,,,0.20400500297546387,,0.9734042882919312,,,,,,,,,,,1.0,1.0,,,,,6485,,,,0.0,,0.0,,0.0
,,,0.14453125,,1.0,,,,,,,,,,,1.0,1.0,,,,,6486,,,,0.0,,0.0,,0.0
,,,0.1458333283662796,,0.9921875,,,,,,,,,,,1.0,1.0,,,,,6487,,,,0.0,,0.0,,0.0
,,,0.1216517835855484,,0.9921875,,,,,,,,,,,1.0,1.0,,,,,6488,,,,0.0,,0.0,,0.0
,,,0.38110238313674927,,1.0,,,,,,,,,,,1.0,1.0,,,,,6489,,,,0.0,,0.0,,0.0
,,,0.11328125,,0.984375,,,,,,,,,,,1.0,1.0,,,,,6490,,,,0.0,,0.0,,0.0
,,,0.1471354216337204,,0.9765625,,,,,,,,,,,1.0,1.0,,,,,6491,,,,0.0,,0.0,,0.0
,,,0.18067528307437897,,0.9454022645950317,,,,,,,,,,,1.0,1.0,,,,,6492,,,,0.0,,0.0,,0.0
,,,0.0911458358168602,,0.9609375,,,,,,,,,,,1.0,1.0,,,,,6493,,,,0.0,,0.0,,0.0
,,,0.0980902761220932,,0.9921875,,,,,,,,,,,1.0,1.0,,,,,6494,,,,0.0,,0.0,,0.0
,,,0.286761999130249,,0.9950494766235352,,,,,,,,,,,1.0,1.0,,,,,6495,,,,0.0,,0.0,,0.0
,,,0.17031249403953552,,1.0,,,,,,,,,,,1.0,1.0,,,,,6496,,,,0.0,,0.0,,0.0
,,,0.1276041716337204,,0.9765625,,,,,,,,,,,1.0,1.0,,,,,6497,,,,0.0,,0.0,,0.0
,,,0.2690972089767456,,0.984375,,,,,,,,,,,1.0,1.0,,,,,6498,,,,0.0,,0.0,,0.0
,,,0.1064453125,,0.9921875,,,,,,,,,,,1.0,1.0,,,,,6499,,,,0.0,,0.0,,0.0
,,,0.09375,,0.984375,,,,,,,,,,,1.0,1.0,,,,,6500,,,,0.0,,0.0,,0.0
,,,0.22535991668701172,,0.9764673113822937,,,,,,,,,,,1.0,1.0,,,,,6501,,,,0.0,,0.0,,0.0
,,,0.1104910746216774,,0.96875,,,,,,,,,,,1.0,1.0,,,,,6502,,,,0.0,,0.0,,0.0
,,,0.1149553582072258,,0.984375,,,,,,,,,,,1.0,1.0,,,,,6503,,,,0.0,,0.0,,0.0
,,,0.23691529035568237,,0.9867256879806519,,,,,,,,,,,1.0,1.0,,,,,6504,,,,0.0,,0.0,,0.0
,,,0.1142578125,,0.953125,,,,,,,,,,,1.0,1.0,,,,,6505,,,,0.0,,0.0,,0.0
,,,0.1510416716337204,,0.9609375,,,,,,,,,,,1.0,1.0,,,,,6506,,,,0.0,,0.0,,0.0
,,,0.1623232364654541,,0.9444444179534912,,,,,,,,,,,1.0,1.0,,,,,6507,,,,0.0,,0.0,,0.0
,,,0.0998263880610466,,1.0,,,,,,,,,,,1.0,1.0,,,,,6508,,,,0.0,,0.0,,0.0
,,,0.0894097238779068,,0.9921875,,,,,,,,,,,1.0,1.0,,,,,6509,,,,0.0,,0.0,,0.0
,,,0.22083333134651184,,1.0,,,,,,,,,,,1.0,1.0,,,,,6510,,,,0.0,,0.0,,0.0
,,,0.1283482164144516,,0.9921875,,,,,,,,,,,1.0,1.0,,,,,6511,,,,0.0,,0.0,,0.0
,,,0.2265625,,0.984375,,,,,,,,,,,1.0,1.0,,,,,6512,,,,0.0,,0.0,,0.0
,,,0.285319060087204,,0.9768407344818115,,,,,,,,,,,1.0,1.0,,,,,6513,,,,0.0,,0.0,,0.0
,,,0.14453125,,0.984375,,,,,,,,,,,1.0,1.0,,,,,6514,,,,0.0,,0.0,,0.0
,,,0.1458333283662796,,0.9765625,,,,,,,,,,,1.0,1.0,,,,,6515,,,,0.0,,0.0,,0.0
,,,0.2270362675189972,,0.970588207244873,,,,,,,,,,,1.0,1.0,,,,,6516,,,,0.0,,0.0,,0.0
,,,0.17812499403953552,,1.0,,,,,,,,,,,1.0,1.0,,,,,6517,,,,0.0,,0.0,,0.0
,,,0.1458333283662796,,0.9921875,,,,,,,,,,,1.0,1.0,,,,,6518,,,,0.0,,0.0,,0.0
,,,0.22224529087543488,,0.9941860437393188,,,,,,,,,,,1.0,1.0,,,,,6519,,,,0.0,,0.0,,0.0
,,,0.1083984375,,1.0,,,,,,,,,,,1.0,1.0,,,,,6520,,,,0.0,,0.0,,0.0
,,,0.1497395783662796,,0.984375,,,,,,,,,,,1.0,1.0,,,,,6521,,,,0.0,,0.0,,0.0
,,,0.25735190510749817,,0.9793814420700073,,,,,,,,,,,1.0,1.0,,,,,6522,,,,0.0,,0.0,,0.0
,,,0.1044921875,,0.9765625,,,,,,,,,,,1.0,1.0,,,,,6523,,,,0.0,,0.0,,0.0
,,,0.0894097238779068,,0.9609375,,,,,,,,,,,1.0,1.0,,,,,6524,,,,0.0,,0.0,,0.0
,,,0.2551020383834839,,1.0,,,,,,,,,,,1.0,1.0,,,,,6525,,,,0.0,,0.0,,0.0
,,,0.1640625,,0.9921875,,,,,,,,,,,1.0,1.0,,,,,6526,,,,0.0,,0.0,,0.0
,,,0.1393229216337204,,0.9921875,,,,,,,,,,,1.0,1.0,,,,,6527,,,,0.0,,0.0,,0.0
,,,0.255115270614624,,0.9914529919624329,,,,,,,,,,,1.0,1.0,,,,,6528,,,,0.0,,0.0,,0.0
,,,0.1064453125,,1.0,,,,,,,,,,,1.0,1.0,,,,,6529,,,,0.0,,0.0,,0.0
,,,0.0920138880610466,,0.9921875,,,,,,,,,,,1.0,1.0,,,,,6530,,,,0.0,,0.0,,0.0
,,,0.10433071106672287,,0.9763779640197754,,,,,,,,,,,1.0,1.0,,,,,6531,,,,0.0,,0.0,,0.0
70,0.8326979875564575,0.853096604347229,,0.9836194515228271,,,,,,,,,,,,,,231.7389373779297,6575.681640625,5.445611476898193,239.16758728027344,15690,,,0.0,,0.0,,0.0,
70,,,,,,0.23994757235050201,,0.47716471552848816,,8.806702613830566,,,,,,,,,,,,15690,0.518374502658844,,,,,,,
,,,,,,,,,,,,,,9.410811343056625e-05,0.03,,,,,,,15699,,,,,,,,
71,,,,,,,0.2349444031715393,,0.4587550163269043,,8.1640625,9.408136975253001e-05,0.029999999329447746,,,1.0,1.0,,,,,15699,,0.524030864238739,,,,,,
,,,,,,,,,,,,,,9.277435489094022e-05,0.03,,,,,,,15749,,,,,,,,
71,,,,,,,0.22467753291130066,,0.4519290328025818,,8.4453125,9.27477449295111e-05,0.029999999329447746,,,1.0,1.0,,,,,15749,,0.5023198127746582,,,,,,
,,,,,,,,,,,,,,9.144729636825751e-05,0.03,,,,,,,15799,,,,,,,,
71,,,,,,,0.2344592809677124,,0.4655655026435852,,8.3046875,9.142082126345485e-05,0.029999999329447746,,,1.0,1.0,,,,,15799,,0.66419917345047,,,,,,
,,,,,,,,,,,,,,9.012702062966914e-05,0.03,,,,,,,15849,,,,,,,,
71,,,,,,,0.2619215250015259,,0.4921804666519165,,8.421875,9.010068606585264e-05,0.029999999329447746,,,1.0,1.0,,,,,15849,,0.6113829016685486,,,,,,
,,,,,,,,,,,,,,8.881361001929145e-05,0.03,,,,,,,15899,,,,,,,,
71,,,,,,,0.23963496088981628,,0.4766848087310791,,8.734375,8.87874120962806e-05,0.029999999329447746,,,1.0,1.0,,,,,15899,,0.6750921010971069,,,,,,
,,,0.140625,,0.984375,,,,,,,,,,,1.0,1.0,,,,,6532,,,,0.0,,0.0,,0.0
,,,0.1205357164144516,,1.0,,,,,,,,,,,1.0,1.0,,,,,6533,,,,0.0,,0.0,,0.0
,,,0.24825815856456757,,0.9702970385551453,,,,,,,,,,,1.0,1.0,,,,,6534,,,,0.0,,0.0,,0.0
,,,0.1536458283662796,,0.9921875,,,,,,,,,,,1.0,1.0,,,,,6535,,,,0.0,,0.0,,0.0
,,,0.18281249701976776,,0.9765625,,,,,,,,,,,1.0,1.0,,,,,6536,,,,0.0,,0.0,,0.0
,,,0.20392628014087677,,0.9855769276618958,,,,,,,,,,,1.0,1.0,,,,,6537,,,,0.0,,0.0,,0.0
,,,0.0807291641831398,,0.984375,,,,,,,,,,,1.0,1.0,,,,,6538,,,,0.0,,0.0,,0.0
,,,0.087890625,,0.9921875,,,,,,,,,,,1.0,1.0,,,,,6539,,,,0.0,,0.0,,0.0
,,,0.17457595467567444,,1.0,,,,,,,,,,,1.0,1.0,,,,,6540,,,,0.0,,0.0,,0.0
,,,0.1328125,,0.9921875,,,,,,,,,,,1.0,1.0,,,,,6541,,,,0.0,,0.0,,0.0
,,,0.1272321492433548,,0.9921875,,,,,,,,,,,1.0,1.0,,,,,6542,,,,0.0,,0.0,,0.0
,,,0.1510416716337204,,1.0,,,,,,,,,,,1.0,1.0,,,,,6543,,,,0.0,,0.0,,0.0
,,,0.3186666667461395,,0.9919999837875366,,,,,,,,,,,1.0,1.0,,,,,6544,,,,0.0,,0.0,,0.0
,,,0.111328125,,0.9921875,,,,,,,,,,,1.0,1.0,,,,,6545,,,,0.0,,0.0,,0.0
,,,0.0989583358168602,,0.9765625,,,,,,,,,,,1.0,1.0,,,,,6546,,,,0.0,,0.0,,0.0
,,,0.1874675750732422,,1.0,,,,,,,,,,,1.0,1.0,,,,,6547,,,,0.0,,0.0,,0.0
,,,0.1341145783662796,,0.9921875,,,,,,,,,,,1.0,1.0,,,,,6548,,,,0.0,,0.0,,0.0
,,,0.0859375,,0.984375,,,,,,,,,,,1.0,1.0,,,,,6549,,,,0.0,,0.0,,0.0
,,,0.1902356892824173,,0.9886363744735718,,,,,,,,,,,1.0,1.0,,,,,6550,,,,0.0,,0.0,,0.0
,,,0.1283482164144516,,0.984375,,,,,,,,,,,1.0,1.0,,,,,6551,,,,0.0,,0.0,,0.0
,,,0.1484375,,0.9765625,,,,,,,,,,,1.0,1.0,,,,,6552,,,,0.0,,0.0,,0.0
,,,0.17816521227359772,,0.9384807348251343,,,,,,,,,,,1.0,1.0,,,,,6553,,,,0.0,,0.0,,0.0
,,,0.1005859375,,0.921875,,,,,,,,,,,1.0,1.0,,,,,6554,,,,0.0,,0.0,,0.0
,,,0.0885416641831398,,0.96875,,,,,,,,,,,1.0,1.0,,,,,6555,,,,0.0,,0.0,,0.0
,,,0.1948549449443817,,0.985714316368103,,,,,,,,,,,1.0,1.0,,,,,6556,,,,0.0,,0.0,,0.0
,,,0.17656250298023224,,1.0,,,,,,,,,,,1.0,1.0,,,,,6557,,,,0.0,,0.0,,0.0
,,,0.11328125,,1.0,,,,,,,,,,,1.0,1.0,,,,,6558,,,,0.0,,0.0,,0.0
,,,0.34737107157707214,,0.9905660152435303,,,,,,,,,,,1.0,1.0,,,,,6559,,,,0.0,,0.0,,0.0
,,,0.17031249403953552,,0.9921875,,,,,,,,,,,1.0,1.0,,,,,6560,,,,0.0,,0.0,,0.0
,,,0.1227678582072258,,1.0,,,,,,,,,,,1.0,1.0,,,,,6561,,,,0.0,,0.0,,0.0
,,,0.18838730454444885,,0.964842677116394,,,,,,,,,,,1.0,1.0,,,,,6562,,,,0.0,,0.0,,0.0
,,,0.13671875,,0.9765625,,,,,,,,,,,1.0,1.0,,,,,6563,,,,0.0,,0.0,,0.0
,,,0.1149553582072258,,0.96875,,,,,,,,,,,1.0,1.0,,,,,6564,,,,0.0,,0.0,,0.0
,,,0.3065681457519531,,0.9756157398223877,,,,,,,,,,,1.0,1.0,,,,,6565,,,,0.0,,0.0,,0.0
,,,0.1283482164144516,,0.96875,,,,,,,,,,,1.0,1.0,,,,,6566,,,,0.0,,0.0,,0.0
,,,0.1294642835855484,,0.984375,,,,,,,,,,,1.0,1.0,,,,,6567,,,,0.0,,0.0,,0.0
,,,0.22880911827087402,,0.9679471254348755,,,,,,,,,,,1.0,1.0,,,,,6568,,,,0.0,,0.0,,0.0
,,,0.0789930522441864,,0.984375,,,,,,,,,,,1.0,1.0,,,,,6569,,,,0.0,,0.0,,0.0
,,,0.087890625,,0.9921875,,,,,,,,,,,1.0,1.0,,,,,6570,,,,0.0,,0.0,,0.0
,,,0.16065934300422668,,1.0,,,,,,,,,,,1.0,1.0,,,,,6571,,,,0.0,,0.0,,0.0
,,,0.1549479216337204,,1.0,,,,,,,,,,,1.0,1.0,,,,,6572,,,,0.0,,0.0,,0.0
,,,0.1283482164144516,,0.9921875,,,,,,,,,,,1.0,1.0,,,,,6573,,,,0.0,,0.0,,0.0
,,,0.3736363649368286,,0.987500011920929,,,,,,,,,,,1.0,1.0,,,,,6574,,,,0.0,,0.0,,0.0
,,,0.1272321492433548,,0.984375,,,,,,,,,,,1.0,1.0,,,,,6575,,,,0.0,,0.0,,0.0
,,,0.15625,,0.9921875,,,,,,,,,,,1.0,1.0,,,,,6576,,,,0.0,,0.0,,0.0
,,,0.23001965880393982,,0.9946808815002441,,,,,,,,,,,1.0,1.0,,,,,6577,,,,0.0,,0.0,,0.0
,,,0.0920138880610466,,0.9921875,,,,,,,,,,,1.0,1.0,,,,,6578,,,,0.0,,0.0,,0.0
,,,0.09765625,,0.9921875,,,,,,,,,,,1.0,1.0,,,,,6579,,,,0.0,,0.0,,0.0
,,,0.0902777761220932,,0.984375,,,,,,,,,,,1.0,1.0,,,,,6580,,,,0.0,,0.0,,0.0
,,,0.11417322605848312,,0.9921259880065918,,,,,,,,,,,1.0,1.0,,,,,6581,,,,0.0,,0.0,,0.0
,,,0.1510416716337204,,0.9765625,,,,,,,,,,,1.0,1.0,,,,,6582,,,,0.0,,0.0,,0.0
,,,0.1205357164144516,,0.96875,,,,,,,,,,,1.0,1.0,,,,,6583,,,,0.0,,0.0,,0.0
,,,0.15603448450565338,,0.9152299165725708,,,,,,,,,,,1.0,1.0,,,,,6584,,,,0.0,,0.0,,0.0
,,,0.0859375,,0.9375,,,,,,,,,,,1.0,1.0,,,,,6585,,,,0.0,,0.0,,0.0
,,,0.0920138880610466,,0.9609375,,,,,,,,,,,1.0,1.0,,,,,6586,,,,0.0,,0.0,,0.0
,,,0.2518204152584076,,1.0,,,,,,,,,,,1.0,1.0,,,,,6587,,,,0.0,,0.0,,0.0
,,,0.1796875,,1.0,,,,,,,,,,,1.0,1.0,,,,,6588,,,,0.0,,0.0,,0.0
,,,0.1316964328289032,,1.0,,,,,,,,,,,1.0,1.0,,,,,6589,,,,0.0,,0.0,,0.0
,,,0.2455357164144516,,0.9895833730697632,,,,,,,,,,,1.0,1.0,,,,,6590,,,,0.0,,0.0,,0.0
,,,0.1471354216337204,,1.0,,,,,,,,,,,1.0,1.0,,,,,6591,,,,0.0,,0.0,,0.0
,,,0.1064453125,,0.984375,,,,,,,,,,,1.0,1.0,,,,,6592,,,,0.0,,0.0,,0.0
,,,0.3436323404312134,,0.9703764915466309,,,,,,,,,,,1.0,1.0,,,,,6593,,,,0.0,,0.0,,0.0
,,,0.1160714253783226,,0.984375,,,,,,,,,,,1.0,1.0,,,,,6594,,,,0.0,,0.0,,0.0
,,,0.1380208283662796,,0.953125,,,,,,,,,,,1.0,1.0,,,,,6595,,,,0.0,,0.0,,0.0
,,,0.26354825496673584,,0.9867256879806519,,,,,,,,,,,1.0,1.0,,,,,6596,,,,0.0,,0.0,,0.0
,,,0.1142578125,,0.9765625,,,,,,,,,,,1.0,1.0,,,,,6597,,,,0.0,,0.0,,0.0
,,,0.1305803507566452,,0.9765625,,,,,,,,,,,1.0,1.0,,,,,6598,,,,0.0,,0.0,,0.0
,,,0.16621772944927216,,0.9676767587661743,,,,,,,,,,,1.0,1.0,,,,,6599,,,,0.0,,0.0,,0.0
,,,0.0763888880610466,,0.984375,,,,,,,,,,,1.0,1.0,,,,,6600,,,,0.0,,0.0,,0.0
,,,0.0763888880610466,,1.0,,,,,,,,,,,1.0,1.0,,,,,6601,,,,0.0,,0.0,,0.0
,,,0.17304526269435883,,1.0,,,,,,,,,,,1.0,1.0,,,,,6602,,,,0.0,,0.0,,0.0
,,,0.1294642835855484,,0.9921875,,,,,,,,,,,1.0,1.0,,,,,6603,,,,0.0,,0.0,,0.0
,,,0.1536458283662796,,1.0,,,,,,,,,,,1.0,1.0,,,,,6604,,,,0.0,,0.0,,0.0
,,,0.3742436468601227,,0.9939758777618408,,,,,,,,,,,1.0,1.0,,,,,6605,,,,0.0,,0.0,,0.0
,,,0.111328125,,0.9921875,,,,,,,,,,,1.0,1.0,,,,,6606,,,,0.0,,0.0,,0.0
,,,0.236328125,,0.9921875,,,,,,,,,,,1.0,1.0,,,,,6607,,,,0.0,,0.0,,0.0
,,,0.2382771372795105,,0.9901961088180542,,,,,,,,,,,1.0,1.0,,,,,6608,,,,0.0,,0.0,,0.0
,,,0.0928819477558136,,0.9921875,,,,,,,,,,,1.0,1.0,,,,,6609,,,,0.0,,0.0,,0.0
,,,0.0986328125,,0.9921875,,,,,,,,,,,1.0,1.0,,,,,6610,,,,0.0,,0.0,,0.0
,,,0.1754152774810791,,0.9764673113822937,,,,,,,,,,,1.0,1.0,,,,,6611,,,,0.0,,0.0,,0.0
,,,0.1471354216337204,,0.984375,,,,,,,,,,,1.0,1.0,,,,,6612,,,,0.0,,0.0,,0.0
,,,0.1510416716337204,,0.9765625,,,,,,,,,,,1.0,1.0,,,,,6613,,,,0.0,,0.0,,0.0
,,,0.2575419247150421,,0.9793814420700073,,,,,,,,,,,1.0,1.0,,,,,6614,,,,0.0,,0.0,,0.0
,,,0.07734374701976776,,0.921875,,,,,,,,,,,1.0,1.0,,,,,6615,,,,0.0,,0.0,,0.0
,,,0.0833333358168602,,0.9296875,,,,,,,,,,,1.0,1.0,,,,,6616,,,,0.0,,0.0,,0.0
,,,0.17946428060531616,,0.9866071343421936,,,,,,,,,,,1.0,1.0,,,,,6617,,,,0.0,,0.0,,0.0
,,,0.228515625,,1.0,,,,,,,,,,,1.0,1.0,,,,,6618,,,,0.0,,0.0,,0.0
,,,0.1283482164144516,,1.0,,,,,,,,,,,1.0,1.0,,,,,6619,,,,0.0,,0.0,,0.0
,,,0.2873607873916626,,1.0,,,,,,,,,,,1.0,1.0,,,,,6620,,,,0.0,,0.0,,0.0
,,,0.1205357164144516,,0.984375,,,,,,,,,,,1.0,1.0,,,,,6621,,,,0.0,,0.0,,0.0
,,,0.125,,1.0,,,,,,,,,,,1.0,1.0,,,,,6622,,,,0.0,,0.0,,0.0
,,,0.12373453378677368,,0.9685039520263672,,,,,,,,,,,1.0,1.0,,,,,6623,,,,0.0,,0.0,,0.0
71,0.8289568424224854,0.8522018194198608,,0.9823276996612549,,,,,,,,,,,,,,234.12327575683594,6419.7509765625,5.45584774017334,240.48451232910156,15911,,,0.0,,0.0,,0.0,
71,,,,,,0.23729997873306274,,0.47386670112609863,,8.781373977661133,,,,,,,,,,,,15911,0.534360945224762,,,,,,,
,,,,,,,,,,,,,,8.750714645307036e-05,0.03,,,,,,,15949,,,,,,,,
72,,,,,,,0.24985992908477783,,0.48663219809532166,,8.7890625,8.748108666623011e-05,0.029999999329447746,,,1.0,1.0,,,,,15949,,0.6567751169204712,,,,,,
,,,,,,,,,,,,,,8.620771141367264e-05,0.03,,,,,,,15999,,,,,,,,
72,,,,,,,0.2270578294992447,,0.45581263303756714,,8.40625,8.618179708719254e-05,0.029999999329447746,,,1.0,1.0,,,,,15999,,0.2806577682495117,,,,,,
,,,,,,,,,,,,,,8.491538594540352e-05,0.03,,,,,,,16049,,,,,,,,
72,,,,,,,0.22918564081192017,,0.4668886661529541,,8.9375,8.488961611874402e-05,0.029999999329447746,,,1.0,1.0,,,,,16049,,0.4983162581920624,,,,,,
,,,,,,,,,,,,,,8.363025064915236e-05,0.03,,,,,,,16099,,,,,,,,
72,,,,,,,0.25298961997032166,,0.4972582161426544,,8.8515625,8.360462379641831e-05,0.029999999329447746,,,1.0,1.0,,,,,16099,,0.8672844171524048,,,,,,
,,,0.1149553582072258,,0.984375,,,,,,,,,,,1.0,1.0,,,,,6624,,,,0.0,,0.0,,0.0
,,,0.1149553582072258,,0.9921875,,,,,,,,,,,1.0,1.0,,,,,6625,,,,0.0,,0.0,,0.0
,,,0.2801613509654999,,0.9666299819946289,,,,,,,,,,,1.0,1.0,,,,,6626,,,,0.0,,0.0,,0.0
,,,0.19374999403953552,,0.9921875,,,,,,,,,,,1.0,1.0,,,,,6627,,,,0.0,,0.0,,0.0
,,,0.1171875,,0.9921875,,,,,,,,,,,1.0,1.0,,,,,6628,,,,0.0,,0.0,,0.0
,,,0.2371794879436493,,0.9855769276618958,,,,,,,,,,,1.0,1.0,,,,,6629,,,,0.0,,0.0,,0.0
,,,0.0703125,,0.9921875,,,,,,,,,,,1.0,1.0,,,,,6630,,,,0.0,,0.0,,0.0
,,,0.07578124850988388,,0.9921875,,,,,,,,,,,1.0,1.0,,,,,6631,,,,0.0,,0.0,,0.0
,,,0.1542881727218628,,0.9952830076217651,,,,,,,,,,,1.0,1.0,,,,,6632,,,,0.0,,0.0,,0.0
,,,0.19218750298023224,,1.0,,,,,,,,,,,1.0,1.0,,,,,6633,,,,0.0,,0.0,,0.0
,,,0.115234375,,1.0,,,,,,,,,,,1.0,1.0,,,,,6634,,,,0.0,,0.0,,0.0
,,,0.1510416716337204,,1.0,,,,,,,,,,,1.0,1.0,,,,,6635,,,,0.0,,0.0,,0.0
,,,0.26177778840065,,0.9880000352859497,,,,,,,,,,,1.0,1.0,,,,,6636,,,,0.0,,0.0,,0.0
,,,0.1497395783662796,,0.984375,,,,,,,,,,,1.0,1.0,,,,,6637,,,,0.0,,0.0,,0.0
,,,0.1283482164144516,,0.9765625,,,,,,,,,,,1.0,1.0,,,,,6638,,,,0.0,,0.0,,0.0
,,,0.26050421595573425,,0.9957983493804932,,,,,,,,,,,1.0,1.0,,,,,6639,,,,0.0,,0.0,,0.0
,,,0.13671875,,1.0,,,,,,,,,,,1.0,1.0,,,,,6640,,,,0.0,,0.0,,0.0
,,,0.0986328125,,0.9765625,,,,,,,,,,,1.0,1.0,,,,,6641,,,,0.0,,0.0,,0.0
,,,0.1813371777534485,,0.9659091234207153,,,,,,,,,,,1.0,1.0,,,,,6642,,,,0.0,,0.0,,0.0
,,,0.107421875,,0.984375,,,,,,,,,,,1.0,1.0,,,,,6643,,,,0.0,,0.0,,0.0
,,,0.1294642835855484,,0.9609375,,,,,,,,,,,1.0,1.0,,,,,6644,,,,0.0,,0.0,,0.0
,,,0.1640099585056305,,0.9590286016464233,,,,,,,,,,,1.0,1.0,,,,,6645,,,,0.0,,0.0,,0.0
,,,0.0946180522441864,,0.96875,,,,,,,,,,,1.0,1.0,,,,,6646,,,,0.0,,0.0,,0.0
,,,0.1272321492433548,,0.96875,,,,,,,,,,,1.0,1.0,,,,,6647,,,,0.0,,0.0,,0.0
,,,0.1903667151927948,,0.9913793206214905,,,,,,,,,,,1.0,1.0,,,,,6648,,,,0.0,,0.0,,0.0
,,,0.16875000298023224,,1.0,,,,,,,,,,,1.0,1.0,,,,,6649,,,,0.0,,0.0,,0.0
,,,0.1238839253783226,,0.9921875,,,,,,,,,,,1.0,1.0,,,,,6650,,,,0.0,,0.0,,0.0
,,,0.2733752727508545,,0.9622641801834106,,,,,,,,,,,1.0,1.0,,,,,6651,,,,0.0,,0.0,,0.0
,,,0.0911458358168602,,0.984375,,,,,,,,,,,1.0,1.0,,,,,6652,,,,0.0,,0.0,,0.0
,,,0.0807291641831398,,0.984375,,,,,,,,,,,1.0,1.0,,,,,6653,,,,0.0,,0.0,,0.0
,,,0.171485036611557,,0.964842677116394,,,,,,,,,,,1.0,1.0,,,,,6654,,,,0.0,,0.0,,0.0
,,,0.099609375,,0.9765625,,,,,,,,,,,1.0,1.0,,,,,6655,,,,0.0,,0.0,,0.0
,,,0.1060267835855484,,0.9921875,,,,,,,,,,,1.0,1.0,,,,,6656,,,,0.0,,0.0,,0.0
,,,0.2578465938568115,,0.9756157398223877,,,,,,,,,,,1.0,1.0,,,,,6657,,,,0.0,,0.0,,0.0
,,,0.1588541716337204,,0.984375,,,,,,,,,,,1.0,1.0,,,,,6658,,,,0.0,,0.0,,0.0
,,,0.1575520783662796,,0.9921875,,,,,,,,,,,1.0,1.0,,,,,6659,,,,0.0,,0.0,,0.0
,,,0.18823912739753723,,0.9679471254348755,,,,,,,,,,,1.0,1.0,,,,,6660,,,,0.0,,0.0,,0.0
,,,0.07500000298023224,,0.9921875,,,,,,,,,,,1.0,1.0,,,,,6661,,,,0.0,,0.0,,0.0
,,,0.0703125,,1.0,,,,,,,,,,,1.0,1.0,,,,,6662,,,,0.0,,0.0,,0.0
,,,0.1637362688779831,,0.9920635223388672,,,,,,,,,,,1.0,1.0,,,,,6663,,,,0.0,,0.0,,0.0
,,,0.18906250596046448,,1.0,,,,,,,,,,,1.0,1.0,,,,,6664,,,,0.0,,0.0,,0.0
,,,0.1536458283662796,,1.0,,,,,,,,,,,1.0,1.0,,,,,6665,,,,0.0,,0.0,,0.0
,,,0.3034090995788574,,0.987500011920929,,,,,,,,,,,1.0,1.0,,,,,6666,,,,0.0,,0.0,,0.0
,,,0.17812499403953552,,0.9765625,,,,,,,,,,,1.0,1.0,,,,,6667,,,,0.0,,0.0,,0.0
,,,0.1536458283662796,,0.984375,,,,,,,,,,,1.0,1.0,,,,,6668,,,,0.0,,0.0,,0.0
,,,0.25254783034324646,,0.9893617033958435,,,,,,,,,,,1.0,1.0,,,,,6669,,,,0.0,,0.0,,0.0
,,,0.103515625,,0.9921875,,,,,,,,,,,1.0,1.0,,,,,6670,,,,0.0,,0.0,,0.0
,,,0.1315104216337204,,0.9921875,,,,,,,,,,,1.0,1.0,,,,,6671,,,,0.0,,0.0,,0.0
,,,0.0902777761220932,,0.96875,,,,,,,,,,,1.0,1.0,,,,,6672,,,,0.0,,0.0,,0.0
,,,0.09973753243684769,,0.9921259880065918,,,,,,,,,,,1.0,1.0,,,,,6673,,,,0.0,,0.0,,0.0
,,,0.1471354216337204,,0.984375,,,,,,,,,,,1.0,1.0,,,,,6674,,,,0.0,,0.0,,0.0
,,,0.1261160671710968,,0.9609375,,,,,,,,,,,1.0,1.0,,,,,6675,,,,0.0,,0.0,,0.0
,,,0.15964239835739136,,0.9497126340866089,,,,,,,,,,,1.0,1.0,,,,,6676,,,,0.0,,0.0,,0.0
,,,0.0911458358168602,,0.9609375,,,,,,,,,,,1.0,1.0,,,,,6677,,,,0.0,,0.0,,0.0
,,,0.1536458283662796,,0.984375,,,,,,,,,,,1.0,1.0,,,,,6678,,,,0.0,,0.0,,0.0
,,,0.2884121537208557,,0.9950494766235352,,,,,,,,,,,1.0,1.0,,,,,6679,,,,0.0,,0.0,,0.0
,,,0.14453125,,1.0,,,,,,,,,,,1.0,1.0,,,,,6680,,,,0.0,,0.0,,0.0
,,,0.1238839253783226,,0.9921875,,,,,,,,,,,1.0,1.0,,,,,6681,,,,0.0,,0.0,,0.0
,,,0.2336309552192688,,0.9739583730697632,,,,,,,,,,,1.0,1.0,,,,,6682,,,,0.0,,0.0,,0.0
,,,0.07656250149011612,,0.984375,,,,,,,,,,,1.0,1.0,,,,,6683,,,,0.0,,0.0,,0.0
,,,0.07343749701976776,,0.9765625,,,,,,,,,,,1.0,1.0,,,,,6684,,,,0.0,,0.0,,0.0
,,,0.2286030650138855,,0.9703764915466309,,,,,,,,,,,1.0,1.0,,,,,6685,,,,0.0,,0.0,,0.0
,,,0.0966796875,,0.9765625,,,,,,,,,,,1.0,1.0,,,,,6686,,,,0.0,,0.0,,0.0
,,,0.1116071417927742,,0.9765625,,,,,,,,,,,1.0,1.0,,,,,6687,,,,0.0,,0.0,,0.0
,,,0.22558996081352234,,0.9867256879806519,,,,,,,,,,,1.0,1.0,,,,,6688,,,,0.0,,0.0,,0.0
,,,0.19218750298023224,,1.0,,,,,,,,,,,1.0,1.0,,,,,6689,,,,0.0,,0.0,,0.0
,,,0.1575520783662796,,0.9765625,,,,,,,,,,,1.0,1.0,,,,,6690,,,,0.0,,0.0,,0.0
,,,0.16343435645103455,,0.9676767587661743,,,,,,,,,,,1.0,1.0,,,,,6691,,,,0.0,,0.0,,0.0
,,,0.07421875,,0.984375,,,,,,,,,,,1.0,1.0,,,,,6692,,,,0.0,,0.0,,0.0
,,,0.06953124701976776,,1.0,,,,,,,,,,,1.0,1.0,,,,,6693,,,,0.0,,0.0,,0.0
,,,0.20439815521240234,,1.0,,,,,,,,,,,1.0,1.0,,,,,6694,,,,0.0,,0.0,,0.0
,,,0.1339285671710968,,1.0,,,,,,,,,,,1.0,1.0,,,,,6695,,,,0.0,,0.0,,0.0
,,,0.18593749403953552,,1.0,,,,,,,,,,,1.0,1.0,,,,,6696,,,,0.0,,0.0,,0.0
,,,0.3061579763889313,,0.9939758777618408,,,,,,,,,,,1.0,1.0,,,,,6697,,,,0.0,,0.0,,0.0
,,,0.1796875,,0.96875,,,,,,,,,,,1.0,1.0,,,,,6698,,,,0.0,,0.0,,0.0
,,,0.15234375,,0.984375,,,,,,,,,,,1.0,1.0,,,,,6699,,,,0.0,,0.0,,0.0
,,,0.25130051374435425,,0.9901961088180542,,,,,,,,,,,1.0,1.0,,,,,6700,,,,0.0,,0.0,,0.0
,,,0.1044921875,,0.9921875,,,,,,,,,,,1.0,1.0,,,,,6701,,,,0.0,,0.0,,0.0
,,,0.1328125,,0.9921875,,,,,,,,,,,1.0,1.0,,,,,6702,,,,0.0,,0.0,,0.0
,,,0.17308969795703888,,0.9767441749572754,,,,,,,,,,,1.0,1.0,,,,,6703,,,,0.0,,0.0,,0.0
,,,0.107421875,,0.984375,,,,,,,,,,,1.0,1.0,,,,,6704,,,,0.0,,0.0,,0.0
,,,0.18437500298023224,,0.9765625,,,,,,,,,,,1.0,1.0,,,,,6705,,,,0.0,,0.0,,0.0
,,,0.22534918785095215,,0.9742268323898315,,,,,,,,,,,1.0,1.0,,,,,6706,,,,0.0,,0.0,,0.0
,,,0.1044921875,,0.9765625,,,,,,,,,,,1.0,1.0,,,,,6707,,,,0.0,,0.0,,0.0
,,,0.0911458358168602,,0.953125,,,,,,,,,,,1.0,1.0,,,,,6708,,,,0.0,,0.0,,0.0
,,,0.26658162474632263,,0.9642857313156128,,,,,,,,,,,1.0,1.0,,,,,6709,,,,0.0,,0.0,,0.0
,,,0.20703125,,1.0,,,,,,,,,,,1.0,1.0,,,,,6710,,,,0.0,,0.0,,0.0
,,,0.125,,1.0,,,,,,,,,,,1.0,1.0,,,,,6711,,,,0.0,,0.0,,0.0
,,,0.21300920844078064,,0.9502719640731812,,,,,,,,,,,1.0,1.0,,,,,6712,,,,0.0,,0.0,,0.0
,,,0.1005859375,,0.96875,,,,,,,,,,,1.0,1.0,,,,,6713,,,,0.0,,0.0,,0.0
,,,0.09375,,0.9765625,,,,,,,,,,,1.0,1.0,,,,,6714,,,,0.0,,0.0,,0.0
,,,0.07559055089950562,,0.9685039520263672,,,,,,,,,,,1.0,1.0,,,,,6715,,,,0.0,,0.0,,0.0
72,0.8312761783599854,0.8475074172019958,,0.9835557341575623,,,,,,,,,,,,,,233.00177001953125,6915.5361328125,5.451045989990234,238.81936645507812,16132,,,0.0,,0.0,,0.0,
72,,,,,,0.2347264587879181,,0.4704018235206604,,8.74452018737793,,,,,,,,,,,,16132,0.5219838619232178,,,,,,,
,,,,,,,,,,,,,,8.235238567736552e-05,0.03,,,,,,,16149,,,,,,,,
73,,,,,,,0.21542857587337494,,0.45607301592826843,,9.0390625,8.232690015574917e-05,0.029999999329447746,,,1.0,1.0,,,,,16149,,0.3971179127693176,,,,,,
,,,,,,,,,,,,,,8.108187072904731e-05,0.03,,,,,,,16199,,,,,,,,
73,,,,,,,0.22060781717300415,,0.4508589208126068,,8.5703125,8.105653250822797e-05,0.029999999329447746,,,1.0,1.0,,,,,16199,,0.33519086241722107,,,,,,
,,,,,,,,,,,,,,7.981878504478958e-05,0.03,,,,,,,16249,,,,,,,,
73,,,,,,,0.2147005945444107,,0.4568912386894226,,9.109375,7.979360088938847e-05,0.029999999329447746,,,1.0,1.0,,,,,16249,,0.349922776222229,,,,,,
,,,,,,,,,,,,,,7.856320740182914e-05,0.03,,,,,,,16299,,,,,,,,
73,,,,,,,0.2031976282596588,,0.45397505164146423,,9.5625,7.853817078284919e-05,0.029999999329447746,,,1.0,1.0,,,,,16299,,0.4075140953063965,,,,,,
,,,,,,,,,,,,,,7.731521610913462e-05,0.03,,,,,,,16349,,,,,,,,
73,,,,,,,0.20399466156959534,,0.4376555383205414,,8.78125,7.729033677605912e-05,0.029999999329447746,,,1.0,1.0,,,,,16349,,0.4002518057823181,,,,,,
,,,0.15625,,1.0,,,,,,,,,,,1.0,1.0,,,,,6716,,,,0.0,,0.0,,0.0
,,,0.1294642835855484,,0.9921875,,,,,,,,,,,1.0,1.0,,,,,6717,,,,0.0,,0.0,,0.0
,,,0.22465163469314575,,0.9715805053710938,,,,,,,,,,,1.0,1.0,,,,,6718,,,,0.0,,0.0,,0.0
,,,0.1316964328289032,,0.9765625,,,,,,,,,,,1.0,1.0,,,,,6719,,,,0.0,,0.0,,0.0
,,,0.1123046875,,0.9765625,,,,,,,,,,,1.0,1.0,,,,,6720,,,,0.0,,0.0,,0.0
,,,0.16737891733646393,,0.9711538553237915,,,,,,,,,,,1.0,1.0,,,,,6721,,,,0.0,,0.0,,0.0
,,,0.05781250074505806,,0.96875,,,,,,,,,,,1.0,1.0,,,,,6722,,,,0.0,,0.0,,0.0
,,,0.0729166641831398,,0.984375,,,,,,,,,,,1.0,1.0,,,,,6723,,,,0.0,,0.0,,0.0
,,,0.14485420286655426,,0.9489707946777344,,,,,,,,,,,1.0,1.0,,,,,6724,,,,0.0,,0.0,,0.0
,,,0.11328125,,1.0,,,,,,,,,,,1.0,1.0,,,,,6725,,,,0.0,,0.0,,0.0
,,,0.109375,,0.9921875,,,,,,,,,,,1.0,1.0,,,,,6726,,,,0.0,,0.0,,0.0
,,,0.10546875,,0.9765625,,,,,,,,,,,1.0,1.0,,,,,6727,,,,0.0,,0.0,,0.0
,,,0.27085715532302856,,0.9959999918937683,,,,,,,,,,,1.0,1.0,,,,,6728,,,,0.0,,0.0,,0.0
,,,0.15234375,,0.9921875,,,,,,,,,,,1.0,1.0,,,,,6729,,,,0.0,,0.0,,0.0
,,,0.15234375,,0.9921875,,,,,,,,,,,1.0,1.0,,,,,6730,,,,0.0,,0.0,,0.0
,,,0.21300187706947327,,0.9915966391563416,,,,,,,,,,,1.0,1.0,,,,,6731,,,,0.0,,0.0,,0.0
,,,0.1104910746216774,,0.9921875,,,,,,,,,,,1.0,1.0,,,,,6732,,,,0.0,,0.0,,0.0
,,,0.0908203125,,0.9765625,,,,,,,,,,,1.0,1.0,,,,,6733,,,,0.0,,0.0,,0.0
,,,0.15974026918411255,,0.9707792401313782,,,,,,,,,,,1.0,1.0,,,,,6734,,,,0.0,,0.0,,0.0
,,,0.1272321492433548,,0.9765625,,,,,,,,,,,1.0,1.0,,,,,6735,,,,0.0,,0.0,,0.0
,,,0.1142578125,,0.984375,,,,,,,,,,,1.0,1.0,,,,,6736,,,,0.0,,0.0,,0.0
,,,0.21752801537513733,,0.9931507110595703,,,,,,,,,,,1.0,1.0,,,,,6737,,,,0.0,,0.0,,0.0
,,,0.0859375,,0.9921875,,,,,,,,,,,1.0,1.0,,,,,6738,,,,0.0,,0.0,,0.0
,,,0.1283482164144516,,0.9765625,,,,,,,,,,,1.0,1.0,,,,,6739,,,,0.0,,0.0,,0.0
,,,0.22598522901535034,,0.9928570985794067,,,,,,,,,,,1.0,1.0,,,,,6740,,,,0.0,,0.0,,0.0
,,,0.1471354216337204,,1.0,,,,,,,,,,,1.0,1.0,,,,,6741,,,,0.0,,0.0,,0.0
,,,0.1283482164144516,,0.9921875,,,,,,,,,,,1.0,1.0,,,,,6742,,,,0.0,,0.0,,0.0
,,,0.2492363154888153,,0.9811320900917053,,,,,,,,,,,1.0,1.0,,,,,6743,,,,0.0,,0.0,,0.0
,,,0.0911458358168602,,0.96875,,,,,,,,,,,1.0,1.0,,,,,6744,,,,0.0,,0.0,,0.0
,,,0.0824652761220932,,0.9921875,,,,,,,,,,,1.0,1.0,,,,,6745,,,,0.0,,0.0,,0.0
,,,0.18957288563251495,,0.970588207244873,,,,,,,,,,,1.0,1.0,,,,,6746,,,,0.0,,0.0,,0.0
,,,0.18125000596046448,,0.9921875,,,,,,,,,,,1.0,1.0,,,,,6747,,,,0.0,,0.0,,0.0
,,,0.1103515625,,0.9921875,,,,,,,,,,,1.0,1.0,,,,,6748,,,,0.0,,0.0,,0.0
,,,0.2611541152000427,,0.984236478805542,,,,,,,,,,,1.0,1.0,,,,,6749,,,,0.0,,0.0,,0.0
,,,0.1294642835855484,,0.9609375,,,,,,,,,,,1.0,1.0,,,,,6750,,,,0.0,,0.0,,0.0
,,,0.1283482164144516,,0.984375,,,,,,,,,,,1.0,1.0,,,,,6751,,,,0.0,,0.0,,0.0
,,,0.15988364815711975,,0.9440910220146179,,,,,,,,,,,1.0,1.0,,,,,6752,,,,0.0,,0.0,,0.0
,,,0.05624999850988388,,0.984375,,,,,,,,,,,1.0,1.0,,,,,6753,,,,0.0,,0.0,,0.0
,,,0.06406249850988388,,0.9609375,,,,,,,,,,,1.0,1.0,,,,,6754,,,,0.0,,0.0,,0.0
,,,0.14170941710472107,,0.9605616331100464,,,,,,,,,,,1.0,1.0,,,,,6755,,,,0.0,,0.0,,0.0
,,,0.1283482164144516,,1.0,,,,,,,,,,,1.0,1.0,,,,,6756,,,,0.0,,0.0,,0.0
,,,0.1272321492433548,,0.984375,,,,,,,,,,,1.0,1.0,,,,,6757,,,,0.0,,0.0,,0.0
,,,0.2295454442501068,,0.9761363863945007,,,,,,,,,,,1.0,1.0,,,,,6758,,,,0.0,,0.0,,0.0
,,,0.109375,,0.9921875,,,,,,,,,,,1.0,1.0,,,,,6759,,,,0.0,,0.0,,0.0
,,,0.1575520783662796,,0.9921875,,,,,,,,,,,1.0,1.0,,,,,6760,,,,0.0,,0.0,,0.0
,,,0.2495083212852478,,1.0,,,,,,,,,,,1.0,1.0,,,,,6761,,,,0.0,,0.0,,0.0
,,,0.0859375,,0.9921875,,,,,,,,,,,1.0,1.0,,,,,6762,,,,0.0,,0.0,,0.0
,,,0.15468749403953552,,0.984375,,,,,,,,,,,1.0,1.0,,,,,6763,,,,0.0,,0.0,,0.0
,,,0.0859375,,0.9765625,,,,,,,,,,,1.0,1.0,,,,,6764,,,,0.0,,0.0,,0.0
,,,0.08897637575864792,,0.9724409580230713,,,,,,,,,,,1.0,1.0,,,,,6765,,,,0.0,,0.0,,0.0
,,,0.1497395783662796,,0.9765625,,,,,,,,,,,1.0,1.0,,,,,6766,,,,0.0,,0.0,,0.0
,,,0.11328125,,0.984375,,,,,,,,,,,1.0,1.0,,,,,6767,,,,0.0,,0.0,,0.0
,,,0.20043103396892548,,0.9956896305084229,,,,,,,,,,,1.0,1.0,,,,,6768,,,,0.0,,0.0,,0.0
,,,0.1083984375,,0.96875,,,,,,,,,,,1.0,1.0,,,,,6769,,,,0.0,,0.0,,0.0
,,,0.1316964328289032,,0.9921875,,,,,,,,,,,1.0,1.0,,,,,6770,,,,0.0,,0.0,,0.0
,,,0.3057083487510681,,1.0,,,,,,,,,,,1.0,1.0,,,,,6771,,,,0.0,,0.0,,0.0
,,,0.1497395783662796,,1.0,,,,,,,,,,,1.0,1.0,,,,,6772,,,,0.0,,0.0,,0.0
,,,0.11328125,,0.9921875,,,,,,,,,,,1.0,1.0,,,,,6773,,,,0.0,,0.0,,0.0
,,,0.1944444477558136,,0.9791666269302368,,,,,,,,,,,1.0,1.0,,,,,6774,,,,0.0,,0.0,,0.0
,,,0.07890625298023224,,0.9921875,,,,,,,,,,,1.0,1.0,,,,,6775,,,,0.0,,0.0,,0.0
,,,0.0842013880610466,,0.9765625,,,,,,,,,,,1.0,1.0,,,,,6776,,,,0.0,,0.0,,0.0
,,,0.28396087884902954,,0.9642857313156128,,,,,,,,,,,1.0,1.0,,,,,6777,,,,0.0,,0.0,,0.0
,,,0.1103515625,,0.9921875,,,,,,,,,,,1.0,1.0,,,,,6778,,,,0.0,,0.0,,0.0
,,,0.1272321492433548,,0.984375,,,,,,,,,,,1.0,1.0,,,,,6779,,,,0.0,,0.0,,0.0
,,,0.27180784940719604,,0.982300877571106,,,,,,,,,,,1.0,1.0,,,,,6780,,,,0.0,,0.0,,0.0
,,,0.11328125,,0.984375,,,,,,,,,,,1.0,1.0,,,,,6781,,,,0.0,,0.0,,0.0
,,,0.11328125,,0.9609375,,,,,,,,,,,1.0,1.0,,,,,6782,,,,0.0,,0.0,,0.0
,,,0.13606059551239014,,0.9353535175323486,,,,,,,,,,,1.0,1.0,,,,,6783,,,,0.0,,0.0,,0.0
,,,0.05859375,,0.96875,,,,,,,,,,,1.0,1.0,,,,,6784,,,,0.0,,0.0,,0.0
,,,0.05937499925494194,,0.9609375,,,,,,,,,,,1.0,1.0,,,,,6785,,,,0.0,,0.0,,0.0
,,,0.14388889074325562,,0.970370352268219,,,,,,,,,,,1.0,1.0,,,,,6786,,,,0.0,,0.0,,0.0
,,,0.1283482164144516,,1.0,,,,,,,,,,,1.0,1.0,,,,,6787,,,,0.0,,0.0,,0.0
,,,0.1103515625,,0.9765625,,,,,,,,,,,1.0,1.0,,,,,6788,,,,0.0,,0.0,,0.0
,,,0.2577930688858032,,0.9828647971153259,,,,,,,,,,,1.0,1.0,,,,,6789,,,,0.0,,0.0,,0.0
,,,0.1272321492433548,,0.9921875,,,,,,,,,,,1.0,1.0,,,,,6790,,,,0.0,,0.0,,0.0
,,,0.18906250596046448,,0.9921875,,,,,,,,,,,1.0,1.0,,,,,6791,,,,0.0,,0.0,,0.0
,,,0.20683728158473969,,1.0,,,,,,,,,,,1.0,1.0,,,,,6792,,,,0.0,,0.0,,0.0
,,,0.0868055522441864,,0.984375,,,,,,,,,,,1.0,1.0,,,,,6793,,,,0.0,,0.0,,0.0
,,,0.125,,0.9921875,,,,,,,,,,,1.0,1.0,,,,,6794,,,,0.0,,0.0,,0.0
,,,0.16600221395492554,,0.9587485790252686,,,,,,,,,,,1.0,1.0,,,,,6795,,,,0.0,,0.0,,0.0
,,,0.0963541641831398,,0.9453125,,,,,,,,,,,1.0,1.0,,,,,6796,,,,0.0,,0.0,,0.0
,,,0.1510416716337204,,0.984375,,,,,,,,,,,1.0,1.0,,,,,6797,,,,0.0,,0.0,,0.0
,,,0.23179247975349426,,0.9896907210350037,,,,,,,,,,,1.0,1.0,,,,,6798,,,,0.0,,0.0,,0.0
,,,0.10546875,,0.9921875,,,,,,,,,,,1.0,1.0,,,,,6799,,,,0.0,,0.0,,0.0
,,,0.107421875,,0.9609375,,,,,,,,,,,1.0,1.0,,,,,6800,,,,0.0,,0.0,,0.0
,,,0.234375,,1.0,,,,,,,,,,,1.0,1.0,,,,,6801,,,,0.0,,0.0,,0.0
,,,0.17343750596046448,,1.0,,,,,,,,,,,1.0,1.0,,,,,6802,,,,0.0,,0.0,,0.0
,,,0.1261160671710968,,0.9921875,,,,,,,,,,,1.0,1.0,,,,,6803,,,,0.0,,0.0,,0.0
,,,0.2369852364063263,,0.9545454978942871,,,,,,,,,,,1.0,1.0,,,,,6804,,,,0.0,,0.0,,0.0
,,,0.10546875,,0.96875,,,,,,,,,,,1.0,1.0,,,,,6805,,,,0.0,,0.0,,0.0
,,,0.07265625149011612,,0.9921875,,,,,,,,,,,1.0,1.0,,,,,6806,,,,0.0,,0.0,,0.0
,,,0.08573928475379944,,0.960629940032959,,,,,,,,,,,1.0,1.0,,,,,6807,,,,0.0,,0.0,,0.0
73,0.8300607204437256,0.841818630695343,,0.9816799759864807,,,,,,,,,,,,,,235.471923828125,6144.3798828125,5.461591720581055,239.6097412109375,16353,,,0.0,,0.0,,0.0,
73,,,,,,0.23227104544639587,,0.466738760471344,,8.704998970031738,,,,,,,,,,,,16353,0.5127297043800354,,,,,,,
,,,,,,,,,,,,,,7.60748890025226e-05,0.03,,,,,,,16399,,,,,,,,
74,,,,,,,0.23672978579998016,,0.46852099895477295,,8.59375,7.605016435263678e-05,0.029999999329447746,,,1.0,1.0,,,,,16399,,0.5354325175285339,,,,,,
,,,,,,,,,,,,,,7.484230343980284e-05,0.03,,,,,,,16449,,,,,,,,
74,,,,,,,0.24623748660087585,,0.47569406032562256,,8.4140625,7.481773354811594e-05,0.029999999329447746,,,1.0,1.0,,,,,16449,,0.6810615658760071,,,,,,
,,,,,,,,,,,,,,7.361753629595401e-05,0.03,,,,,,,16499,,,,,,,,
74,,,,,,,0.2144199013710022,,0.45340102910995483,,9.0078125,7.359312439803034e-05,0.029999999329447746,,,1.0,1.0,,,,,16499,,0.3809731900691986,,,,,,
,,,,,,,,,,,,,,7.24006639583285e-05,0.03,,,,,,,16549,,,,,,,,
74,,,,,,,0.2050994634628296,,0.45678389072418213,,9.6171875,7.237640966195613e-05,0.029999999329447746,,,1.0,1.0,,,,,16549,,0.5216269493103027,,,,,,
,,,0.109375,,0.9921875,,,,,,,,,,,1.0,1.0,,,,,6808,,,,0.0,,0.0,,0.0
,,,0.1064453125,,1.0,,,,,,,,,,,1.0,1.0,,,,,6809,,,,0.0,,0.0,,0.0
,,,0.1974901258945465,,0.9765310287475586,,,,,,,,,,,1.0,1.0,,,,,6810,,,,0.0,,0.0,,0.0
,,,0.18437500298023224,,0.984375,,,,,,,,,,,1.0,1.0,,,,,6811,,,,0.0,,0.0,,0.0
,,,0.1536458283662796,,0.9921875,,,,,,,,,,,1.0,1.0,,,,,6812,,,,0.0,,0.0,,0.0
,,,0.23168498277664185,,0.9711538553237915,,,,,,,,,,,1.0,1.0,,,,,6813,,,,0.0,,0.0,,0.0
,,,0.0946180522441864,,0.984375,,,,,,,,,,,1.0,1.0,,,,,6814,,,,0.0,,0.0,,0.0
,,,0.1005859375,,0.9765625,,,,,,,,,,,1.0,1.0,,,,,6815,,,,0.0,,0.0,,0.0
,,,0.2025085687637329,,0.9545454978942871,,,,,,,,,,,1.0,1.0,,,,,6816,,,,0.0,,0.0,,0.0
,,,0.115234375,,1.0,,,,,,,,,,,1.0,1.0,,,,,6817,,,,0.0,,0.0,,0.0
,,,0.10546875,,0.984375,,,,,,,,,,,1.0,1.0,,,,,6818,,,,0.0,,0.0,,0.0
,,,0.1294642835855484,,0.96875,,,,,,,,,,,1.0,1.0,,,,,6819,,,,0.0,,0.0,,0.0
,,,0.1993333399295807,,0.9919999837875366,,,,,,,,,,,1.0,1.0,,,,,6820,,,,0.0,,0.0,,0.0
,,,0.115234375,,1.0,,,,,,,,,,,1.0,1.0,,,,,6821,,,,0.0,,0.0,,0.0
,,,0.0954861119389534,,0.9921875,,,,,,,,,,,1.0,1.0,,,,,6822,,,,0.0,,0.0,,0.0
,,,0.20564892888069153,,0.9873949289321899,,,,,,,,,,,1.0,1.0,,,,,6823,,,,0.0,,0.0,,0.0
,,,0.095703125,,0.984375,,,,,,,,,,,1.0,1.0,,,,,6824,,,,0.0,,0.0,,0.0
,,,0.1236979141831398,,0.9765625,,,,,,,,,,,1.0,1.0,,,,,6825,,,,0.0,,0.0,,0.0
,,,0.2038690447807312,,0.9826840162277222,,,,,,,,,,,1.0,1.0,,,,,6826,,,,0.0,,0.0,,0.0
,,,0.0963541641831398,,0.9765625,,,,,,,,,,,1.0,1.0,,,,,6827,,,,0.0,,0.0,,0.0
,,,0.1205357164144516,,0.9609375,,,,,,,,,,,1.0,1.0,,,,,6828,,,,0.0,,0.0,,0.0
,,,0.15945205092430115,,0.9362391233444214,,,,,,,,,,,1.0,1.0,,,,,6829,,,,0.0,,0.0,,0.0
,,,0.103515625,,0.953125,,,,,,,,,,,1.0,1.0,,,,,6830,,,,0.0,,0.0,,0.0
,,,0.0980902761220932,,0.9765625,,,,,,,,,,,1.0,1.0,,,,,6831,,,,0.0,,0.0,,0.0
,,,0.22204433381557465,,0.9669950604438782,,,,,,,,,,,1.0,1.0,,,,,6832,,,,0.0,,0.0,,0.0
,,,0.17031249403953552,,1.0,,,,,,,,,,,1.0,1.0,,,,,6833,,,,0.0,,0.0,,0.0
,,,0.1216517835855484,,0.9921875,,,,,,,,,,,1.0,1.0,,,,,6834,,,,0.0,,0.0,,0.0
,,,0.22349056601524353,,1.0,,,,,,,,,,,1.0,1.0,,,,,6835,,,,0.0,,0.0,,0.0
,,,0.1497395783662796,,0.9921875,,,,,,,,,,,1.0,1.0,,,,,6836,,,,0.0,,0.0,,0.0
,,,0.10546875,,0.9921875,,,,,,,,,,,1.0,1.0,,,,,6837,,,,0.0,,0.0,,0.0
,,,0.2555794417858124,,0.9823529720306396,,,,,,,,,,,1.0,1.0,,,,,6838,,,,0.0,,0.0,,0.0
,,,0.1044921875,,0.9921875,,,,,,,,,,,1.0,1.0,,,,,6839,,,,0.0,,0.0,,0.0
,,,0.1015625,,1.0,,,,,,,,,,,1.0,1.0,,,,,6840,,,,0.0,,0.0,,0.0
,,,0.26073187589645386,,0.9770935773849487,,,,,,,,,,,1.0,1.0,,,,,6841,,,,0.0,,0.0,,0.0
,,,0.15234375,,0.96875,,,,,,,,,,,1.0,1.0,,,,,6842,,,,0.0,,0.0,,0.0
,,,0.1875,,0.9765625,,,,,,,,,,,1.0,1.0,,,,,6843,,,,0.0,,0.0,,0.0
,,,0.2058050036430359,,0.9597504138946533,,,,,,,,,,,1.0,1.0,,,,,6844,,,,0.0,,0.0,,0.0
,,,0.09375,,0.984375,,,,,,,,,,,1.0,1.0,,,,,6845,,,,0.0,,0.0,,0.0
,,,0.0824652761220932,,0.9921875,,,,,,,,,,,1.0,1.0,,,,,6846,,,,0.0,,0.0,,0.0
,,,0.19614705443382263,,0.9923076629638672,,,,,,,,,,,1.0,1.0,,,,,6847,,,,0.0,,0.0,,0.0
,,,0.1510416716337204,,1.0,,,,,,,,,,,1.0,1.0,,,,,6848,,,,0.0,,0.0,,0.0
,,,0.1283482164144516,,0.9765625,,,,,,,,,,,1.0,1.0,,,,,6849,,,,0.0,,0.0,,0.0
,,,0.2620129883289337,,0.9761363863945007,,,,,,,,,,,1.0,1.0,,,,,6850,,,,0.0,,0.0,,0.0
,,,0.1510416716337204,,0.984375,,,,,,,,,,,1.0,1.0,,,,,6851,,,,0.0,,0.0,,0.0
,,,0.18906250596046448,,1.0,,,,,,,,,,,1.0,1.0,,,,,6852,,,,0.0,,0.0,,0.0
,,,0.1756362020969391,,1.0,,,,,,,,,,,1.0,1.0,,,,,6853,,,,0.0,,0.0,,0.0
,,,0.0986328125,,0.9765625,,,,,,,,,,,1.0,1.0,,,,,6854,,,,0.0,,0.0,,0.0
,,,0.0927734375,,0.984375,,,,,,,,,,,1.0,1.0,,,,,6855,,,,0.0,,0.0,,0.0
,,,0.09765625,,0.9765625,,,,,,,,,,,1.0,1.0,,,,,6856,,,,0.0,,0.0,,0.0
,,,0.09623797237873077,,0.9881889820098877,,,,,,,,,,,1.0,1.0,,,,,6857,,,,0.0,,0.0,,0.0
,,,0.1432291716337204,,0.96875,,,,,,,,,,,1.0,1.0,,,,,6858,,,,0.0,,0.0,,0.0
,,,0.1205357164144516,,0.9375,,,,,,,,,,,1.0,1.0,,,,,6859,,,,0.0,,0.0,,0.0
,,,0.14195401966571808,,0.9324712753295898,,,,,,,,,,,1.0,1.0,,,,,6860,,,,0.0,,0.0,,0.0
,,,0.103515625,,0.953125,,,,,,,,,,,1.0,1.0,,,,,6861,,,,0.0,,0.0,,0.0
,,,0.1294642835855484,,0.9921875,,,,,,,,,,,1.0,1.0,,,,,6862,,,,0.0,,0.0,,0.0
,,,0.25533029437065125,,0.9900990128517151,,,,,,,,,,,1.0,1.0,,,,,6863,,,,0.0,,0.0,,0.0
,,,0.1458333283662796,,0.9921875,,,,,,,,,,,1.0,1.0,,,,,6864,,,,0.0,,0.0,,0.0
,,,0.1458333283662796,,1.0,,,,,,,,,,,1.0,1.0,,,,,6865,,,,0.0,,0.0,,0.0
,,,0.2174479067325592,,1.0,,,,,,,,,,,1.0,1.0,,,,,6866,,,,0.0,,0.0,,0.0
,,,0.1272321492433548,,0.984375,,,,,,,,,,,1.0,1.0,,,,,6867,,,,0.0,,0.0,,0.0
,,,0.125,,0.9921875,,,,,,,,,,,1.0,1.0,,,,,6868,,,,0.0,,0.0,,0.0
,,,0.2419712096452713,,0.976190447807312,,,,,,,,,,,1.0,1.0,,,,,6869,,,,0.0,,0.0,,0.0
,,,0.0920138880610466,,0.9921875,,,,,,,,,,,1.0,1.0,,,,,6870,,,,0.0,,0.0,,0.0
,,,0.1064453125,,0.9921875,,,,,,,,,,,1.0,1.0,,,,,6871,,,,0.0,,0.0,,0.0
,,,0.26354825496673584,,0.9778760671615601,,,,,,,,,,,1.0,1.0,,,,,6872,,,,0.0,,0.0,,0.0
,,,0.1875,,0.9921875,,,,,,,,,,,1.0,1.0,,,,,6873,,,,0.0,,0.0,,0.0
,,,0.1316964328289032,,0.96875,,,,,,,,,,,1.0,1.0,,,,,6874,,,,0.0,,0.0,,0.0
,,,0.179461270570755,,0.9353535175323486,,,,,,,,,,,1.0,1.0,,,,,6875,,,,0.0,,0.0,,0.0
,,,0.0885416641831398,,0.9765625,,,,,,,,,,,1.0,1.0,,,,,6876,,,,0.0,,0.0,,0.0
,,,0.0859375,,1.0,,,,,,,,,,,1.0,1.0,,,,,6877,,,,0.0,,0.0,,0.0
,,,0.19423869252204895,,0.9953703880310059,,,,,,,,,,,1.0,1.0,,,,,6878,,,,0.0,,0.0,,0.0
,,,0.1283482164144516,,0.9921875,,,,,,,,,,,1.0,1.0,,,,,6879,,,,0.0,,0.0,,0.0
,,,0.1294642835855484,,0.984375,,,,,,,,,,,1.0,1.0,,,,,6880,,,,0.0,,0.0,,0.0
,,,0.2592465281486511,,0.9828647971153259,,,,,,,,,,,1.0,1.0,,,,,6881,,,,0.0,,0.0,,0.0
,,,0.1339285671710968,,0.984375,,,,,,,,,,,1.0,1.0,,,,,6882,,,,0.0,,0.0,,0.0
,,,0.1328125,,1.0,,,,,,,,,,,1.0,1.0,,,,,6883,,,,0.0,,0.0,,0.0
,,,0.202826589345932,,0.9935064911842346,,,,,,,,,,,1.0,1.0,,,,,6884,,,,0.0,,0.0,,0.0
,,,0.09765625,,0.984375,,,,,,,,,,,1.0,1.0,,,,,6885,,,,0.0,,0.0,,0.0
,,,0.1104910746216774,,0.984375,,,,,,,,,,,1.0,1.0,,,,,6886,,,,0.0,,0.0,,0.0
,,,0.1683831810951233,,0.9764673113822937,,,,,,,,,,,1.0,1.0,,,,,6887,,,,0.0,,0.0,,0.0
,,,0.1044921875,,0.9609375,,,,,,,,,,,1.0,1.0,,,,,6888,,,,0.0,,0.0,,0.0
,,,0.1238839253783226,,0.953125,,,,,,,,,,,1.0,1.0,,,,,6889,,,,0.0,,0.0,,0.0
,,,0.2575419247150421,,0.969072163105011,,,,,,,,,,,1.0,1.0,,,,,6890,,,,0.0,,0.0,,0.0
,,,0.0911458358168602,,0.953125,,,,,,,,,,,1.0,1.0,,,,,6891,,,,0.0,,0.0,,0.0
,,,0.103515625,,0.9609375,,,,,,,,,,,1.0,1.0,,,,,6892,,,,0.0,,0.0,,0.0
,,,0.2254464328289032,,1.0,,,,,,,,,,,1.0,1.0,,,,,6893,,,,0.0,,0.0,,0.0
,,,0.1484375,,0.984375,,,,,,,,,,,1.0,1.0,,,,,6894,,,,0.0,,0.0,,0.0
,,,0.1216517835855484,,0.9921875,,,,,,,,,,,1.0,1.0,,,,,6895,,,,0.0,,0.0,,0.0
,,,0.2845118045806885,,1.0,,,,,,,,,,,1.0,1.0,,,,,6896,,,,0.0,,0.0,,0.0
,,,0.111328125,,0.9921875,,,,,,,,,,,1.0,1.0,,,,,6897,,,,0.0,,0.0,,0.0
,,,0.0946180522441864,,0.9921875,,,,,,,,,,,1.0,1.0,,,,,6898,,,,0.0,,0.0,,0.0
,,,0.12598425149917603,,0.9763779640197754,,,,,,,,,,,1.0,1.0,,,,,6899,,,,0.0,,0.0,,0.0
74,0.8305827975273132,0.8600877523422241,,0.981722354888916,,,,,,,,,,,,,,231.65972900390625,6528.91455078125,5.445269584655762,240.26031494140625,16574,,,0.0,,0.0,,0.0,
74,,,,,,0.22858189046382904,,0.46197882294654846,,8.664168357849121,,,,,,,,,,,,16574,0.501621663570404,,,,,,,
,,,,,,,,,,,,,,7.119176232188852e-05,0.03,,,,,,,16599,,,,,,,,
75,,,,,,,0.20782339572906494,,0.4501596689224243,,9.265625,7.116766937542707e-05,0.029999999329447746,,,1.0,1.0,,,,,16599,,0.4352695941925049,,,,,,
,,,,,,,,,,,,,,6.99909067844726e-05,0.03,,,,,,,16649,,,,,,,,
75,,,,,,,0.20925500988960266,,0.44572561979293823,,8.859375,6.996696902206168e-05,0.029999999329447746,,,1.0,1.0,,,,,16649,,0.39454615116119385,,,,,,
,,,,,,,,,,,,,,6.879817224209322e-05,0.03,,,,,,,16699,,,,,,,,
75,,,,,,,0.21743068099021912,,0.4596833884716034,,9.15625,6.877440318930894e-05,0.029999999329447746,,,1.0,1.0,,,,,16699,,0.660298228263855,,,,,,
,,,,,,,,,,,,,,6.761363308426538e-05,0.03,,,,,,,16749,,,,,,,,
75,,,,,,,0.2134997546672821,,0.43495845794677734,,8.140625,6.759002280887216e-05,0.029999999329447746,,,1.0,1.0,,,,,16749,,0.3506143391132355,,,,,,
,,,0.1015625,,0.96875,,,,,,,,,,,1.0,1.0,,,,,6900,,,,0.0,,0.0,,0.0
,,,0.1223958358168602,,0.96875,,,,,,,,,,,1.0,1.0,,,,,6901,,,,0.0,,0.0,,0.0
,,,0.23201844096183777,,0.9517785310745239,,,,,,,,,,,1.0,1.0,,,,,6902,,,,0.0,,0.0,,0.0
,,,0.1142578125,,0.96875,,,,,,,,,,,1.0,1.0,,,,,6903,,,,0.0,,0.0,,0.0
,,,0.1123046875,,0.9609375,,,,,,,,,,,1.0,1.0,,,,,6904,,,,0.0,,0.0,,0.0
,,,0.2152014672756195,,0.9759615659713745,,,,,,,,,,,1.0,1.0,,,,,6905,,,,0.0,,0.0,,0.0
,,,0.07500000298023224,,0.9921875,,,,,,,,,,,1.0,1.0,,,,,6906,,,,0.0,,0.0,,0.0
,,,0.08984375,,1.0,,,,,,,,,,,1.0,1.0,,,,,6907,,,,0.0,,0.0,,0.0
,,,0.16533257067203522,,0.9725557565689087,,,,,,,,,,,1.0,1.0,,,,,6908,,,,0.0,,0.0,,0.0
,,,0.234375,,0.9921875,,,,,,,,,,,1.0,1.0,,,,,6909,,,,0.0,,0.0,,0.0
,,,0.1283482164144516,,0.9921875,,,,,,,,,,,1.0,1.0,,,,,6910,,,,0.0,,0.0,,0.0
,,,0.1305803507566452,,0.9921875,,,,,,,,,,,1.0,1.0,,,,,6911,,,,0.0,,0.0,,0.0
,,,0.3186666667461395,,0.9919999837875366,,,,,,,,,,,1.0,1.0,,,,,6912,,,,0.0,,0.0,,0.0
,,,0.19218750298023224,,0.9921875,,,,,,,,,,,1.0,1.0,,,,,6913,,,,0.0,,0.0,,0.0
,,,0.1316964328289032,,0.984375,,,,,,,,,,,1.0,1.0,,,,,6914,,,,0.0,,0.0,,0.0
,,,0.2434307038784027,,1.0,,,,,,,,,,,1.0,1.0,,,,,6915,,,,0.0,,0.0,,0.0
,,,0.171875,,0.9921875,,,,,,,,,,,1.0,1.0,,,,,6916,,,,0.0,,0.0,,0.0
,,,0.1183035746216774,,0.9765625,,,,,,,,,,,1.0,1.0,,,,,6917,,,,0.0,,0.0,,0.0
,,,0.2098214328289032,,0.9940476417541504,,,,,,,,,,,1.0,1.0,,,,,6918,,,,0.0,,0.0,,0.0
,,,0.1103515625,,1.0,,,,,,,,,,,1.0,1.0,,,,,6919,,,,0.0,,0.0,,0.0
,,,0.1536458283662796,,0.9921875,,,,,,,,,,,1.0,1.0,,,,,6920,,,,0.0,,0.0,,0.0
,,,0.18270374834537506,,0.9726027250289917,,,,,,,,,,,1.0,1.0,,,,,6921,,,,0.0,,0.0,,0.0
,,,0.1025390625,,0.96875,,,,,,,,,,,1.0,1.0,,,,,6922,,,,0.0,,0.0,,0.0
,,,0.1432291716337204,,0.96875,,,,,,,,,,,1.0,1.0,,,,,6923,,,,0.0,,0.0,,0.0
,,,0.18910783529281616,,0.9699507355690002,,,,,,,,,,,1.0,1.0,,,,,6924,,,,0.0,,0.0,,0.0
,,,0.17031249403953552,,1.0,,,,,,,,,,,1.0,1.0,,,,,6925,,,,0.0,,0.0,,0.0
,,,0.1194196417927742,,1.0,,,,,,,,,,,1.0,1.0,,,,,6926,,,,0.0,,0.0,,0.0
,,,0.23701706528663635,,0.9811320900917053,,,,,,,,,,,1.0,1.0,,,,,6927,,,,0.0,,0.0,,0.0
,,,0.1194196417927742,,0.9921875,,,,,,,,,,,1.0,1.0,,,,,6928,,,,0.0,,0.0,,0.0
,,,0.06953124701976776,,0.9765625,,,,,,,,,,,1.0,1.0,,,,,6929,,,,0.0,,0.0,,0.0
,,,0.1613679826259613,,0.9473323822021484,,,,,,,,,,,1.0,1.0,,,,,6930,,,,0.0,,0.0,,0.0
,,,0.1104910746216774,,0.953125,,,,,,,,,,,1.0,1.0,,,,,6931,,,,0.0,,0.0,,0.0
,,,0.0993303582072258,,0.9609375,,,,,,,,,,,1.0,1.0,,,,,6932,,,,0.0,,0.0,,0.0
,,,0.21631774306297302,,0.9684728980064392,,,,,,,,,,,1.0,1.0,,,,,6933,,,,0.0,,0.0,,0.0
,,,0.1123046875,,0.9609375,,,,,,,,,,,1.0,1.0,,,,,6934,,,,0.0,,0.0,,0.0
,,,0.15234375,,0.9765625,,,,,,,,,,,1.0,1.0,,,,,6935,,,,0.0,,0.0,,0.0
,,,0.1966601312160492,,0.9597504138946533,,,,,,,,,,,1.0,1.0,,,,,6936,,,,0.0,,0.0,,0.0
,,,0.07500000298023224,,1.0,,,,,,,,,,,1.0,1.0,,,,,6937,,,,0.0,,0.0,,0.0
,,,0.0798611119389534,,0.9921875,,,,,,,,,,,1.0,1.0,,,,,6938,,,,0.0,,0.0,,0.0
,,,0.15431013703346252,,0.9920635223388672,,,,,,,,,,,1.0,1.0,,,,,6939,,,,0.0,,0.0,,0.0
,,,0.15625,,0.9921875,,,,,,,,,,,1.0,1.0,,,,,6940,,,,0.0,,0.0,,0.0
,,,0.1294642835855484,,0.984375,,,,,,,,,,,1.0,1.0,,,,,6941,,,,0.0,,0.0,,0.0
,,,0.3736363649368286,,0.987500011920929,,,,,,,,,,,1.0,1.0,,,,,6942,,,,0.0,,0.0,,0.0
,,,0.18437500298023224,,0.9921875,,,,,,,,,,,1.0,1.0,,,,,6943,,,,0.0,,0.0,,0.0
,,,0.19374999403953552,,0.9921875,,,,,,,,,,,1.0,1.0,,,,,6944,,,,0.0,,0.0,,0.0
,,,0.24298229813575745,,0.9946808815002441,,,,,,,,,,,1.0,1.0,,,,,6945,,,,0.0,,0.0,,0.0
,,,0.1419270783662796,,0.984375,,,,,,,,,,,1.0,1.0,,,,,6946,,,,0.0,,0.0,,0.0
,,,0.140625,,0.9921875,,,,,,,,,,,1.0,1.0,,,,,6947,,,,0.0,,0.0,,0.0
,,,0.10546875,,0.984375,,,,,,,,,,,1.0,1.0,,,,,6948,,,,0.0,,0.0,,0.0
,,,0.27221596240997314,,0.9960629940032959,,,,,,,,,,,1.0,1.0,,,,,6949,,,,0.0,,0.0,,0.0
,,,0.1272321492433548,,0.984375,,,,,,,,,,,1.0,1.0,,,,,6950,,,,0.0,,0.0,,0.0
,,,0.15234375,,0.9921875,,,,,,,,,,,1.0,1.0,,,,,6951,,,,0.0,,0.0,,0.0
,,,0.17241379618644714,,0.982758641242981,,,,,,,,,,,1.0,1.0,,,,,6952,,,,0.0,,0.0,,0.0
,,,0.0966796875,,0.953125,,,,,,,,,,,1.0,1.0,,,,,6953,,,,0.0,,0.0,,0.0
,,,0.1471354216337204,,0.9765625,,,,,,,,,,,1.0,1.0,,,,,6954,,,,0.0,,0.0,,0.0
,,,0.29788535833358765,,0.9765310287475586,,,,,,,,,,,1.0,1.0,,,,,6955,,,,0.0,,0.0,,0.0
,,,0.14453125,,1.0,,,,,,,,,,,1.0,1.0,,,,,6956,,,,0.0,,0.0,,0.0
,,,0.1183035746216774,,1.0,,,,,,,,,,,1.0,1.0,,,,,6957,,,,0.0,,0.0,,0.0
,,,0.2336309552192688,,0.9895833730697632,,,,,,,,,,,1.0,1.0,,,,,6958,,,,0.0,,0.0,,0.0
,,,0.0911458358168602,,0.984375,,,,,,,,,,,1.0,1.0,,,,,6959,,,,0.0,,0.0,,0.0
,,,0.07265625149011612,,0.9765625,,,,,,,,,,,1.0,1.0,,,,,6960,,,,0.0,,0.0,,0.0
,,,0.2303433120250702,,0.9645625352859497,,,,,,,,,,,1.0,1.0,,,,,6961,,,,0.0,,0.0,,0.0
,,,0.091796875,,0.9453125,,,,,,,,,,,1.0,1.0,,,,,6962,,,,0.0,,0.0,,0.0
,,,0.1060267835855484,,0.953125,,,,,,,,,,,1.0,1.0,,,,,6963,,,,0.0,,0.0,,0.0
,,,0.20951327681541443,,0.982300877571106,,,,,,,,,,,1.0,1.0,,,,,6964,,,,0.0,,0.0,,0.0
,,,0.1142578125,,0.9765625,,,,,,,,,,,1.0,1.0,,,,,6965,,,,0.0,,0.0,,0.0
,,,0.1510416716337204,,0.96875,,,,,,,,,,,1.0,1.0,,,,,6966,,,,0.0,,0.0,,0.0
,,,0.15333333611488342,,0.9398989677429199,,,,,,,,,,,1.0,1.0,,,,,6967,,,,0.0,,0.0,,0.0
,,,0.07500000298023224,,0.9921875,,,,,,,,,,,1.0,1.0,,,,,6968,,,,0.0,,0.0,,0.0
,,,0.06875000149011612,,0.984375,,,,,,,,,,,1.0,1.0,,,,,6969,,,,0.0,,0.0,,0.0
,,,0.18726852536201477,,0.9953703880310059,,,,,,,,,,,1.0,1.0,,,,,6970,,,,0.0,,0.0,,0.0
,,,0.1536458283662796,,0.9921875,,,,,,,,,,,1.0,1.0,,,,,6971,,,,0.0,,0.0,,0.0
,,,0.18593749403953552,,0.9921875,,,,,,,,,,,1.0,1.0,,,,,6972,,,,0.0,,0.0,,0.0
,,,0.4652610421180725,,0.9939758777618408,,,,,,,,,,,1.0,1.0,,,,,6973,,,,0.0,,0.0,,0.0
,,,0.18906250596046448,,0.9921875,,,,,,,,,,,1.0,1.0,,,,,6974,,,,0.0,,0.0,,0.0
,,,0.19374999403953552,,0.9921875,,,,,,,,,,,1.0,1.0,,,,,6975,,,,0.0,,0.0,,0.0
,,,0.24202409386634827,,0.9901961088180542,,,,,,,,,,,1.0,1.0,,,,,6976,,,,0.0,,0.0,,0.0
,,,0.171875,,0.984375,,,,,,,,,,,1.0,1.0,,,,,6977,,,,0.0,,0.0,,0.0
,,,0.1432291716337204,,0.984375,,,,,,,,,,,1.0,1.0,,,,,6978,,,,0.0,,0.0,,0.0
,,,0.19625937938690186,,0.9941860437393188,,,,,,,,,,,1.0,1.0,,,,,6979,,,,0.0,,0.0,,0.0
,,,0.1227678582072258,,0.984375,,,,,,,,,,,1.0,1.0,,,,,6980,,,,0.0,,0.0,,0.0
,,,0.18281249701976776,,0.984375,,,,,,,,,,,1.0,1.0,,,,,6981,,,,0.0,,0.0,,0.0
,,,0.25716185569763184,,1.0,,,,,,,,,,,1.0,1.0,,,,,6982,,,,0.0,,0.0,,0.0
,,,0.0885416641831398,,0.953125,,,,,,,,,,,1.0,1.0,,,,,6983,,,,0.0,,0.0,,0.0
,,,0.1302083283662796,,0.96875,,,,,,,,,,,1.0,1.0,,,,,6984,,,,0.0,,0.0,,0.0
,,,0.2976190447807312,,0.9821428656578064,,,,,,,,,,,1.0,1.0,,,,,6985,,,,0.0,,0.0,,0.0
,,,0.212890625,,0.9921875,,,,,,,,,,,1.0,1.0,,,,,6986,,,,0.0,,0.0,,0.0
,,,0.1216517835855484,,1.0,,,,,,,,,,,1.0,1.0,,,,,6987,,,,0.0,,0.0,,0.0
,,,0.2377622425556183,,0.9545454978942871,,,,,,,,,,,1.0,1.0,,,,,6988,,,,0.0,,0.0,,0.0
,,,0.1227678582072258,,0.984375,,,,,,,,,,,1.0,1.0,,,,,6989,,,,0.0,,0.0,,0.0
,,,0.07421875,,0.9765625,,,,,,,,,,,1.0,1.0,,,,,6990,,,,0.0,,0.0,,0.0
,,,0.07401575148105621,,0.9685039520263672,,,,,,,,,,,1.0,1.0,,,,,6991,,,,0.0,,0.0,,0.0
75,0.8298957347869873,0.8423510193824768,,0.9812257289886475,,,,,,,,,,,,,,236.19174194335938,6344.57666015625,5.464643955230713,236.3185577392578,16795,,,0.0,,0.0,,0.0,
75,,,,,,0.22751528024673462,,0.46148088574409485,,8.681897163391113,,,,,,,,,,,,16795,0.5156854391098022,,,,,,,
,,,,,,,,,,,,,,6.643736318936723e-05,0.03,,,,,,,16799,,,,,,,,
76,,,,,,,0.23044979572296143,,0.4498932659626007,,7.99609375,6.641392246820033e-05,0.029999999329447746,,,1.0,1.0,,,,,16799,,0.6488540768623352,,,,,,
,,,,,,,,,,,,,,6.526943592003209e-05,0.03,,,,,,,16849,,,,,,,,
76,,,,,,,0.2345903515815735,,0.47073760628700256,,8.796875,6.524616037495434e-05,0.029999999329447746,,,1.0,1.0,,,,,16849,,0.739621639251709,,,,,,
,,,,,,,,,,,,,,6.410992411857324e-05,0.03,,,,,,,16899,,,,,,,,
76,,,,,,,0.20984485745429993,,0.4321434795856476,,8.2265625,6.408682384062558e-05,0.029999999329447746,,,1.0,1.0,,,,,16899,,0.45668312907218933,,,,,,
,,,,,,,,,,,,,,6.295890010244087e-05,0.03,,,,,,,16949,,,,,,,,
76,,,,,,,0.2082926332950592,,0.4512702524662018,,9.078125,6.293596379691735e-05,0.029999999329447746,,,1.0,1.0,,,,,16949,,0.3781076669692993,,,,,,
,,,,,,,,,,,,,,6.18164356597111e-05,0.03,,,,,,,16999,,,,,,,,
76,,,,,,,0.25214144587516785,,0.4803220331668854,,8.3984375,6.179367483127862e-05,0.029999999329447746,,,1.0,1.0,,,,,16999,,0.7382458448410034,,,,,,
,,,0.1025390625,,0.984375,,,,,,,,,,,1.0,1.0,,,,,6992,,,,0.0,,0.0,,0.0
,,,0.1171875,,0.984375,,,,,,,,,,,1.0,1.0,,,,,6993,,,,0.0,,0.0,,0.0
,,,0.2521347403526306,,0.9900990128517151,,,,,,,,,,,1.0,1.0,,,,,6994,,,,0.0,,0.0,,0.0
,,,0.19374999403953552,,0.9921875,,,,,,,,,,,1.0,1.0,,,,,6995,,,,0.0,,0.0,,0.0
,,,0.23828125,,0.9921875,,,,,,,,,,,1.0,1.0,,,,,6996,,,,0.0,,0.0,,0.0
,,,0.28899574279785156,,0.9855769276618958,,,,,,,,,,,1.0,1.0,,,,,6997,,,,0.0,,0.0,,0.0
,,,0.0859375,,1.0,,,,,,,,,,,1.0,1.0,,,,,6998,,,,0.0,,0.0,,0.0
,,,0.109375,,1.0,,,,,,,,,,,1.0,1.0,,,,,6999,,,,0.0,,0.0,,0.0
,,,0.16952544450759888,,0.9725557565689087,,,,,,,,,,,1.0,1.0,,,,,7000,,,,0.0,,0.0,,0.0
,,,0.1294642835855484,,0.9921875,,,,,,,,,,,1.0,1.0,,,,,7001,,,,0.0,,0.0,,0.0
,,,0.1064453125,,0.984375,,,,,,,,,,,1.0,1.0,,,,,7002,,,,0.0,,0.0,,0.0
,,,0.17812499403953552,,0.9921875,,,,,,,,,,,1.0,1.0,,,,,7003,,,,0.0,,0.0,,0.0
,,,0.2671111226081848,,0.9959999918937683,,,,,,,,,,,1.0,1.0,,,,,7004,,,,0.0,,0.0,,0.0
,,,0.19062499701976776,,1.0,,,,,,,,,,,1.0,1.0,,,,,7005,,,,0.0,,0.0,,0.0
,,,0.1305803507566452,,0.9921875,,,,,,,,,,,1.0,1.0,,,,,7006,,,,0.0,,0.0,,0.0
,,,0.24463120102882385,,0.9957983493804932,,,,,,,,,,,1.0,1.0,,,,,7007,,,,0.0,,0.0,,0.0
,,,0.1354166716337204,,0.9921875,,,,,,,,,,,1.0,1.0,,,,,7008,,,,0.0,,0.0,,0.0
,,,0.1138392835855484,,0.984375,,,,,,,,,,,1.0,1.0,,,,,7009,,,,0.0,,0.0,,0.0
,,,0.16428571939468384,,0.988095223903656,,,,,,,,,,,1.0,1.0,,,,,7010,,,,0.0,,0.0,,0.0
,,,0.0894097238779068,,0.953125,,,,,,,,,,,1.0,1.0,,,,,7011,,,,0.0,,0.0,,0.0
,,,0.1419270783662796,,0.9609375,,,,,,,,,,,1.0,1.0,,,,,7012,,,,0.0,,0.0,,0.0
,,,0.15305104851722717,,0.9544209241867065,,,,,,,,,,,1.0,1.0,,,,,7013,,,,0.0,,0.0,,0.0
,,,0.09765625,,0.9609375,,,,,,,,,,,1.0,1.0,,,,,7014,,,,0.0,,0.0,,0.0
,,,0.1216517835855484,,0.9609375,,,,,,,,,,,1.0,1.0,,,,,7015,,,,0.0,,0.0,,0.0
,,,0.18560481071472168,,0.9699507355690002,,,,,,,,,,,1.0,1.0,,,,,7016,,,,0.0,,0.0,,0.0
,,,0.13671875,,1.0,,,,,,,,,,,1.0,1.0,,,,,7017,,,,0.0,,0.0,,0.0
,,,0.1393229216337204,,0.9921875,,,,,,,,,,,1.0,1.0,,,,,7018,,,,0.0,,0.0,,0.0
,,,0.23938903212547302,,1.0,,,,,,,,,,,1.0,1.0,,,,,7019,,,,0.0,,0.0,,0.0
,,,0.15234375,,1.0,,,,,,,,,,,1.0,1.0,,,,,7020,,,,0.0,,0.0,,0.0
,,,0.1216517835855484,,1.0,,,,,,,,,,,1.0,1.0,,,,,7021,,,,0.0,,0.0,,0.0
,,,0.21925444900989532,,0.9707250595092773,,,,,,,,,,,1.0,1.0,,,,,7022,,,,0.0,,0.0,,0.0
,,,0.099609375,,0.984375,,,,,,,,,,,1.0,1.0,,,,,7023,,,,0.0,,0.0,,0.0
,,,0.1315104216337204,,0.9765625,,,,,,,,,,,1.0,1.0,,,,,7024,,,,0.0,,0.0,,0.0
,,,0.22703202068805695,,0.9913793206214905,,,,,,,,,,,1.0,1.0,,,,,7025,,,,0.0,,0.0,,0.0
,,,0.18906250596046448,,0.9921875,,,,,,,,,,,1.0,1.0,,,,,7026,,,,0.0,,0.0,,0.0
,,,0.1588541716337204,,0.984375,,,,,,,,,,,1.0,1.0,,,,,7027,,,,0.0,,0.0,,0.0
,,,0.2798711359500885,,0.9672131538391113,,,,,,,,,,,1.0,1.0,,,,,7028,,,,0.0,,0.0,,0.0
,,,0.0885416641831398,,0.9921875,,,,,,,,,,,1.0,1.0,,,,,7029,,,,0.0,,0.0,,0.0
,,,0.0789930522441864,,0.9921875,,,,,,,,,,,1.0,1.0,,,,,7030,,,,0.0,,0.0,,0.0
,,,0.1786189079284668,,0.9769231081008911,,,,,,,,,,,1.0,1.0,,,,,7031,,,,0.0,,0.0,,0.0
,,,0.111328125,,1.0,,,,,,,,,,,1.0,1.0,,,,,7032,,,,0.0,,0.0,,0.0
,,,0.1458333283662796,,0.984375,,,,,,,,,,,1.0,1.0,,,,,7033,,,,0.0,,0.0,,0.0
,,,0.26233765482902527,,0.987500011920929,,,,,,,,,,,1.0,1.0,,,,,7034,,,,0.0,,0.0,,0.0
,,,0.18593749403953552,,1.0,,,,,,,,,,,1.0,1.0,,,,,7035,,,,0.0,,0.0,,0.0
,,,0.240234375,,0.9921875,,,,,,,,,,,1.0,1.0,,,,,7036,,,,0.0,,0.0,,0.0
,,,0.20994994044303894,,0.9852941036224365,,,,,,,,,,,1.0,1.0,,,,,7037,,,,0.0,,0.0,,0.0
,,,0.1380208283662796,,0.9921875,,,,,,,,,,,1.0,1.0,,,,,7038,,,,0.0,,0.0,,0.0
,,,0.1116071417927742,,0.9921875,,,,,,,,,,,1.0,1.0,,,,,7039,,,,0.0,,0.0,,0.0
,,,0.1025390625,,0.9921875,,,,,,,,,,,1.0,1.0,,,,,7040,,,,0.0,,0.0,,0.0
,,,0.10629921406507492,,0.9842519760131836,,,,,,,,,,,1.0,1.0,,,,,7041,,,,0.0,,0.0,,0.0
,,,0.1194196417927742,,0.953125,,,,,,,,,,,1.0,1.0,,,,,7042,,,,0.0,,0.0,,0.0
,,,0.1025390625,,0.9609375,,,,,,,,,,,1.0,1.0,,,,,7043,,,,0.0,,0.0,,0.0
,,,0.14339080452919006,,0.936781644821167,,,,,,,,,,,1.0,1.0,,,,,7044,,,,0.0,,0.0,,0.0
,,,0.0966796875,,0.9375,,,,,,,,,,,1.0,1.0,,,,,7045,,,,0.0,,0.0,,0.0
,,,0.109375,,0.9765625,,,,,,,,,,,1.0,1.0,,,,,7046,,,,0.0,,0.0,,0.0
,,,0.2079666256904602,,0.9765310287475586,,,,,,,,,,,1.0,1.0,,,,,7047,,,,0.0,,0.0,,0.0
,,,0.1432291716337204,,1.0,,,,,,,,,,,1.0,1.0,,,,,7048,,,,0.0,,0.0,,0.0
,,,0.1354166716337204,,1.0,,,,,,,,,,,1.0,1.0,,,,,7049,,,,0.0,,0.0,,0.0
,,,0.203125,,1.0,,,,,,,,,,,1.0,1.0,,,,,7050,,,,0.0,,0.0,,0.0
,,,0.1261160671710968,,1.0,,,,,,,,,,,1.0,1.0,,,,,7051,,,,0.0,,0.0,,0.0
,,,0.107421875,,0.984375,,,,,,,,,,,1.0,1.0,,,,,7052,,,,0.0,,0.0,,0.0
,,,0.21034052968025208,,0.9822812676429749,,,,,,,,,,,1.0,1.0,,,,,7053,,,,0.0,,0.0,,0.0
,,,0.1015625,,0.9765625,,,,,,,,,,,1.0,1.0,,,,,7054,,,,0.0,,0.0,,0.0
,,,0.15937499701976776,,0.984375,,,,,,,,,,,1.0,1.0,,,,,7055,,,,0.0,,0.0,,0.0
,,,0.25908133387565613,,0.9955751895904541,,,,,,,,,,,1.0,1.0,,,,,7056,,,,0.0,,0.0,,0.0
,,,0.240234375,,0.9921875,,,,,,,,,,,1.0,1.0,,,,,7057,,,,0.0,,0.0,,0.0
,,,0.18906250596046448,,0.9765625,,,,,,,,,,,1.0,1.0,,,,,7058,,,,0.0,,0.0,,0.0
,,,0.18462401628494263,,0.9444444179534912,,,,,,,,,,,1.0,1.0,,,,,7059,,,,0.0,,0.0,,0.0
,,,0.0833333358168602,,0.9921875,,,,,,,,,,,1.0,1.0,,,,,7060,,,,0.0,,0.0,,0.0
,,,0.078125,,0.9921875,,,,,,,,,,,1.0,1.0,,,,,7061,,,,0.0,,0.0,,0.0
,,,0.17448559403419495,,0.9861111044883728,,,,,,,,,,,1.0,1.0,,,,,7062,,,,0.0,,0.0,,0.0
,,,0.109375,,0.9921875,,,,,,,,,,,1.0,1.0,,,,,7063,,,,0.0,,0.0,,0.0
,,,0.17656250298023224,,0.9921875,,,,,,,,,,,1.0,1.0,,,,,7064,,,,0.0,,0.0,,0.0
,,,0.3047746419906616,,0.9939758777618408,,,,,,,,,,,1.0,1.0,,,,,7065,,,,0.0,,0.0,,0.0
,,,0.18906250596046448,,1.0,,,,,,,,,,,1.0,1.0,,,,,7066,,,,0.0,,0.0,,0.0
,,,0.23828125,,0.9921875,,,,,,,,,,,1.0,1.0,,,,,7067,,,,0.0,,0.0,,0.0
,,,0.20686911046504974,,0.9935064911842346,,,,,,,,,,,1.0,1.0,,,,,7068,,,,0.0,,0.0,,0.0
,,,0.1393229216337204,,0.9921875,,,,,,,,,,,1.0,1.0,,,,,7069,,,,0.0,,0.0,,0.0
,,,0.1104910746216774,,0.9921875,,,,,,,,,,,1.0,1.0,,,,,7070,,,,0.0,,0.0,,0.0
,,,0.17070874571800232,,1.0,,,,,,,,,,,1.0,1.0,,,,,7071,,,,0.0,,0.0,,0.0
,,,0.0894097238779068,,0.9375,,,,,,,,,,,1.0,1.0,,,,,7072,,,,0.0,,0.0,,0.0
,,,0.10546875,,0.96875,,,,,,,,,,,1.0,1.0,,,,,7073,,,,0.0,,0.0,,0.0
,,,0.1968739628791809,,0.9742268323898315,,,,,,,,,,,1.0,1.0,,,,,7074,,,,0.0,,0.0,,0.0
,,,0.0824652761220932,,0.9609375,,,,,,,,,,,1.0,1.0,,,,,7075,,,,0.0,,0.0,,0.0
,,,0.09765625,,0.9375,,,,,,,,,,,1.0,1.0,,,,,7076,,,,0.0,,0.0,,0.0
,,,0.1830357164144516,,0.9866071343421936,,,,,,,,,,,1.0,1.0,,,,,7077,,,,0.0,,0.0,,0.0
,,,0.1328125,,0.9921875,,,,,,,,,,,1.0,1.0,,,,,7078,,,,0.0,,0.0,,0.0
,,,0.1393229216337204,,1.0,,,,,,,,,,,1.0,1.0,,,,,7079,,,,0.0,,0.0,,0.0
,,,0.23532024025917053,,1.0,,,,,,,,,,,1.0,1.0,,,,,7080,,,,0.0,,0.0,,0.0
,,,0.1261160671710968,,1.0,,,,,,,,,,,1.0,1.0,,,,,7081,,,,0.0,,0.0,,0.0
,,,0.1227678582072258,,1.0,,,,,,,,,,,1.0,1.0,,,,,7082,,,,0.0,,0.0,,0.0
,,,0.09623797237873077,,0.9763779640197754,,,,,,,,,,,1.0,1.0,,,,,7083,,,,0.0,,0.0,,0.0
76,0.8333088755607605,0.8466588258743286,,0.984215259552002,,,,,,,,,,,,,,234.66119384765625,6177.306640625,5.4581427574157715,236.43650817871094,17016,,,0.0,,0.0,,0.0,
76,,,,,,0.22492554783821106,,0.4576321840286255,,8.642940521240234,,,,,,,,,,,,17016,0.5098358392715454,,,,,,,
,,,,,,,,,,,,,,6.0682602044609254e-05,0.03,,,,,,,17049,,,,,,,,
77,,,,,,,0.22724184393882751,,0.45589154958724976,,8.4765625,6.066001515137032e-05,0.029999999329447746,,,1.0,1.0,,,,,17049,,0.5434510707855225,,,,,,
,,,,,,,,,,,,,,5.9557469973065746e-05,0.03,,,,,,,17099,,,,,,,,
77,,,,,,,0.21272510290145874,,0.4598488211631775,,9.1796875,5.9535057516768575e-05,0.029999999329447746,,,1.0,1.0,,,,,17099,,0.5391559600830078,,,,,,
,,,,,,,,,,,,,,5.844110961830532e-05,0.03,,,,,,,17149,,,,,,,,
77,,,,,,,0.2183370292186737,,0.45042458176612854,,8.6953125,5.841887104907073e-05,0.029999999329447746,,,1.0,1.0,,,,,17149,,0.38555216789245605,,,,,,
,,,,,,,,,,,,,,5.733359060647063e-05,0.03,,,,,,,17199,,,,,,,,
77,,,,,,,0.21177366375923157,,0.4507192075252533,,9.0234375,5.7311532145831734e-05,0.029999999329447746,,,1.0,1.0,,,,,17199,,0.36210596561431885,,,,,,
,,,0.1294642835855484,,0.9921875,,,,,,,,,,,1.0,1.0,,,,,7084,,,,0.0,,0.0,,0.0
,,,0.18125000596046448,,1.0,,,,,,,,,,,1.0,1.0,,,,,7085,,,,0.0,,0.0,,0.0
,,,0.1985902190208435,,0.9900990128517151,,,,,,,,,,,1.0,1.0,,,,,7086,,,,0.0,,0.0,,0.0
,,,0.18281249701976776,,0.9921875,,,,,,,,,,,1.0,1.0,,,,,7087,,,,0.0,,0.0,,0.0
,,,0.18437500298023224,,0.9765625,,,,,,,,,,,1.0,1.0,,,,,7088,,,,0.0,,0.0,,0.0
,,,0.255952388048172,,0.995192289352417,,,,,,,,,,,1.0,1.0,,,,,7089,,,,0.0,,0.0,,0.0
,,,0.0946180522441864,,0.9921875,,,,,,,,,,,1.0,1.0,,,,,7090,,,,0.0,,0.0,,0.0
,,,0.125,,0.9921875,,,,,,,,,,,1.0,1.0,,,,,7091,,,,0.0,,0.0,,0.0
,,,0.20819039642810822,,0.9772727489471436,,,,,,,,,,,1.0,1.0,,,,,7092,,,,0.0,,0.0,,0.0
,,,0.1123046875,,0.9921875,,,,,,,,,,,1.0,1.0,,,,,7093,,,,0.0,,0.0,,0.0
,,,0.1272321492433548,,0.9921875,,,,,,,,,,,1.0,1.0,,,,,7094,,,,0.0,,0.0,,0.0
,,,0.15234375,,0.984375,,,,,,,,,,,1.0,1.0,,,,,7095,,,,0.0,,0.0,,0.0
,,,0.3856000006198883,,0.9919999837875366,,,,,,,,,,,1.0,1.0,,,,,7096,,,,0.0,,0.0,,0.0
,,,0.1305803507566452,,0.9921875,,,,,,,,,,,1.0,1.0,,,,,7097,,,,0.0,,0.0,,0.0
,,,0.1283482164144516,,0.9921875,,,,,,,,,,,1.0,1.0,,,,,7098,,,,0.0,,0.0,,0.0
,,,0.19304388761520386,,0.9957983493804932,,,,,,,,,,,1.0,1.0,,,,,7099,,,,0.0,,0.0,,0.0
,,,0.0982142835855484,,0.96875,,,,,,,,,,,1.0,1.0,,,,,7100,,,,0.0,,0.0,,0.0
,,,0.1026785746216774,,0.9765625,,,,,,,,,,,1.0,1.0,,,,,7101,,,,0.0,,0.0,,0.0
,,,0.19548159837722778,,1.0,,,,,,,,,,,1.0,1.0,,,,,7102,,,,0.0,,0.0,,0.0
,,,0.1796875,,0.984375,,,,,,,,,,,1.0,1.0,,,,,7103,,,,0.0,,0.0,,0.0
,,,0.228515625,,0.9765625,,,,,,,,,,,1.0,1.0,,,,,7104,,,,0.0,,0.0,,0.0
,,,0.246006041765213,,0.9863013625144958,,,,,,,,,,,1.0,1.0,,,,,7105,,,,0.0,,0.0,,0.0
,,,0.0902777761220932,,0.96875,,,,,,,,,,,1.0,1.0,,,,,7106,,,,0.0,,0.0,,0.0
,,,0.1216517835855484,,0.9765625,,,,,,,,,,,1.0,1.0,,,,,7107,,,,0.0,,0.0,,0.0
,,,0.2521463632583618,,0.9913793206214905,,,,,,,,,,,1.0,1.0,,,,,7108,,,,0.0,,0.0,,0.0
,,,0.1497395783662796,,1.0,,,,,,,,,,,1.0,1.0,,,,,7109,,,,0.0,,0.0,,0.0
,,,0.125,,1.0,,,,,,,,,,,1.0,1.0,,,,,7110,,,,0.0,,0.0,,0.0
,,,0.24003595113754272,,0.9716981053352356,,,,,,,,,,,1.0,1.0,,,,,7111,,,,0.0,,0.0,,0.0
,,,0.0833333358168602,,0.953125,,,,,,,,,,,1.0,1.0,,,,,7112,,,,0.0,,0.0,,0.0
,,,0.06484375149011612,,0.9609375,,,,,,,,,,,1.0,1.0,,,,,7113,,,,0.0,,0.0,,0.0
,,,0.19425445795059204,,0.9589602947235107,,,,,,,,,,,1.0,1.0,,,,,7114,,,,0.0,,0.0,,0.0
,,,0.1510416716337204,,1.0,,,,,,,,,,,1.0,1.0,,,,,7115,,,,0.0,,0.0,,0.0
,,,0.1238839253783226,,0.9921875,,,,,,,,,,,1.0,1.0,,,,,7116,,,,0.0,,0.0,,0.0
,,,0.22672413289546967,,0.982758641242981,,,,,,,,,,,1.0,1.0,,,,,7117,,,,0.0,,0.0,,0.0
,,,0.1316964328289032,,0.984375,,,,,,,,,,,1.0,1.0,,,,,7118,,,,0.0,,0.0,,0.0
,,,0.18437500298023224,,0.9765625,,,,,,,,,,,1.0,1.0,,,,,7119,,,,0.0,,0.0,,0.0
,,,0.2838675379753113,,0.9761438369750977,,,,,,,,,,,1.0,1.0,,,,,7120,,,,0.0,,0.0,,0.0
,,,0.0954861119389534,,1.0,,,,,,,,,,,1.0,1.0,,,,,7121,,,,0.0,,0.0,,0.0
,,,0.1227678582072258,,1.0,,,,,,,,,,,1.0,1.0,,,,,7122,,,,0.0,,0.0,,0.0
,,,0.18220052123069763,,0.9841269850730896,,,,,,,,,,,1.0,1.0,,,,,7123,,,,0.0,,0.0,,0.0
,,,0.1294642835855484,,1.0,,,,,,,,,,,1.0,1.0,,,,,7124,,,,0.0,,0.0,,0.0
,,,0.11328125,,0.984375,,,,,,,,,,,1.0,1.0,,,,,7125,,,,0.0,,0.0,,0.0
,,,0.3113636374473572,,0.9818181991577148,,,,,,,,,,,1.0,1.0,,,,,7126,,,,0.0,,0.0,,0.0
,,,0.18593749403953552,,0.984375,,,,,,,,,,,1.0,1.0,,,,,7127,,,,0.0,,0.0,,0.0
,,,0.1549479216337204,,0.9921875,,,,,,,,,,,1.0,1.0,,,,,7128,,,,0.0,,0.0,,0.0
,,,0.21321293711662292,,0.9852941036224365,,,,,,,,,,,1.0,1.0,,,,,7129,,,,0.0,,0.0,,0.0
,,,0.0830078125,,0.9921875,,,,,,,,,,,1.0,1.0,,,,,7130,,,,0.0,,0.0,,0.0
,,,0.1037946417927742,,0.96875,,,,,,,,,,,1.0,1.0,,,,,7131,,,,0.0,,0.0,,0.0
,,,0.0888671875,,0.9765625,,,,,,,,,,,1.0,1.0,,,,,7132,,,,0.0,,0.0,,0.0
,,,0.14960630238056183,,0.9921259880065918,,,,,,,,,,,1.0,1.0,,,,,7133,,,,0.0,,0.0,,0.0
,,,0.18281249701976776,,0.9765625,,,,,,,,,,,1.0,1.0,,,,,7134,,,,0.0,,0.0,,0.0
,,,0.1458333283662796,,0.9921875,,,,,,,,,,,1.0,1.0,,,,,7135,,,,0.0,,0.0,,0.0
,,,0.24343185126781464,,0.9870689511299133,,,,,,,,,,,1.0,1.0,,,,,7136,,,,0.0,,0.0,,0.0
,,,0.07734374701976776,,0.953125,,,,,,,,,,,1.0,1.0,,,,,7137,,,,0.0,,0.0,,0.0
,,,0.17812499403953552,,1.0,,,,,,,,,,,1.0,1.0,,,,,7138,,,,0.0,,0.0,,0.0
,,,0.36193621158599854,,0.9950494766235352,,,,,,,,,,,1.0,1.0,,,,,7139,,,,0.0,,0.0,,0.0
,,,0.1510416716337204,,1.0,,,,,,,,,,,1.0,1.0,,,,,7140,,,,0.0,,0.0,,0.0
,,,0.1497395783662796,,1.0,,,,,,,,,,,1.0,1.0,,,,,7141,,,,0.0,,0.0,,0.0
,,,0.2005208432674408,,0.9791666269302368,,,,,,,,,,,1.0,1.0,,,,,7142,,,,0.0,,0.0,,0.0
,,,0.091796875,,0.9453125,,,,,,,,,,,1.0,1.0,,,,,7143,,,,0.0,,0.0,,0.0
,,,0.06562499701976776,,0.9609375,,,,,,,,,,,1.0,1.0,,,,,7144,,,,0.0,,0.0,,0.0
,,,0.24007278680801392,,0.9703764915466309,,,,,,,,,,,1.0,1.0,,,,,7145,,,,0.0,,0.0,,0.0
,,,0.1458333283662796,,1.0,,,,,,,,,,,1.0,1.0,,,,,7146,,,,0.0,,0.0,,0.0
,,,0.1103515625,,0.9765625,,,,,,,,,,,1.0,1.0,,,,,7147,,,,0.0,,0.0,,0.0
,,,0.2584913671016693,,0.9955751895904541,,,,,,,,,,,1.0,1.0,,,,,7148,,,,0.0,,0.0,,0.0
,,,0.1588541716337204,,0.984375,,,,,,,,,,,1.0,1.0,,,,,7149,,,,0.0,,0.0,,0.0
,,,0.1471354216337204,,0.9765625,,,,,,,,,,,1.0,1.0,,,,,7150,,,,0.0,,0.0,,0.0
,,,0.20404040813446045,,0.9676767587661743,,,,,,,,,,,1.0,1.0,,,,,7151,,,,0.0,,0.0,,0.0
,,,0.107421875,,1.0,,,,,,,,,,,1.0,1.0,,,,,7152,,,,0.0,,0.0,,0.0
,,,0.1149553582072258,,0.9921875,,,,,,,,,,,1.0,1.0,,,,,7153,,,,0.0,,0.0,,0.0
,,,0.19012346863746643,,0.9750000238418579,,,,,,,,,,,1.0,1.0,,,,,7154,,,,0.0,,0.0,,0.0
,,,0.1142578125,,0.9921875,,,,,,,,,,,1.0,1.0,,,,,7155,,,,0.0,,0.0,,0.0
,,,0.1316964328289032,,0.9921875,,,,,,,,,,,1.0,1.0,,,,,7156,,,,0.0,,0.0,,0.0
,,,0.3746184706687927,,0.9828647971153259,,,,,,,,,,,1.0,1.0,,,,,7157,,,,0.0,,0.0,,0.0
,,,0.232421875,,0.984375,,,,,,,,,,,1.0,1.0,,,,,7158,,,,0.0,,0.0,,0.0
,,,0.1328125,,0.9921875,,,,,,,,,,,1.0,1.0,,,,,7159,,,,0.0,,0.0,,0.0
,,,0.21230310201644897,,0.9935064911842346,,,,,,,,,,,1.0,1.0,,,,,7160,,,,0.0,,0.0,,0.0
,,,0.0869140625,,0.9765625,,,,,,,,,,,1.0,1.0,,,,,7161,,,,0.0,,0.0,,0.0
,,,0.0993303582072258,,0.984375,,,,,,,,,,,1.0,1.0,,,,,7162,,,,0.0,,0.0,,0.0
,,,0.16616833209991455,,0.9706533551216125,,,,,,,,,,,1.0,1.0,,,,,7163,,,,0.0,,0.0,,0.0
,,,0.216796875,,0.984375,,,,,,,,,,,1.0,1.0,,,,,7164,,,,0.0,,0.0,,0.0
,,,0.228515625,,0.9765625,,,,,,,,,,,1.0,1.0,,,,,7165,,,,0.0,,0.0,,0.0
,,,0.3731958866119385,,1.0,,,,,,,,,,,1.0,1.0,,,,,7166,,,,0.0,,0.0,,0.0
,,,0.1194196417927742,,0.96875,,,,,,,,,,,1.0,1.0,,,,,7167,,,,0.0,,0.0,,0.0
,,,0.07656250149011612,,0.9609375,,,,,,,,,,,1.0,1.0,,,,,7168,,,,0.0,,0.0,,0.0
,,,0.3857142925262451,,1.0,,,,,,,,,,,1.0,1.0,,,,,7169,,,,0.0,,0.0,,0.0
,,,0.18125000596046448,,1.0,,,,,,,,,,,1.0,1.0,,,,,7170,,,,0.0,,0.0,,0.0
,,,0.1272321492433548,,1.0,,,,,,,,,,,1.0,1.0,,,,,7171,,,,0.0,,0.0,,0.0
,,,0.2722092866897583,,0.9545454978942871,,,,,,,,,,,1.0,1.0,,,,,7172,,,,0.0,,0.0,,0.0
,,,0.1104910746216774,,0.9609375,,,,,,,,,,,1.0,1.0,,,,,7173,,,,0.0,,0.0,,0.0
,,,0.06796874850988388,,0.9453125,,,,,,,,,,,1.0,1.0,,,,,7174,,,,0.0,,0.0,,0.0
,,,0.07786527276039124,,0.960629940032959,,,,,,,,,,,1.0,1.0,,,,,7175,,,,0.0,,0.0,,0.0
77,0.8327023386955261,0.8505371809005737,,0.9841402769088745,,,,,,,,,,,,,,235.94882202148438,6071.62451171875,5.4636149406433105,236.05677795410156,17237,,,0.0,,0.0,,0.0,
77,,,,,,0.2230386734008789,,0.45466741919517517,,8.597726821899414,,,,,,,,,,,,17237,0.5018084049224854,,,,,,,
,,,,,,,,,,,,,,5.62349820122797e-05,0.03,,,,,,,17249,,,,,,,,
78,,,,,,,0.22743666172027588,,0.47138628363609314,,9.1328125,5.6213102652691305e-05,0.029999999329447746,,,1.0,1.0,,,,,17249,,0.6665568351745605,,,,,,
,,,,,,,,,,,,,,5.5145352354717724e-05,0.03,,,,,,,17299,,,,,,,,
78,,,,,,,0.2172490954399109,,0.4452210068702698,,8.375,5.512365169124678e-05,0.029999999329447746,,,1.0,1.0,,,,,17299,,0.6102516651153564,,,,,,
,,,,,,,,,,,,,,5.406476959276393e-05,0.03,,,,,,,17349,,,,,,,,
78,,,,,,,0.2465513050556183,,0.48001471161842346,,8.5234375,5.4043252021074295e-05,0.029999999329447746,,,1.0,1.0,,,,,17349,,0.4524223208427429,,,,,,
,,,,,,,,,,,,,,5.299330112115259e-05,0.03,,,,,,,17399,,,,,,,,
78,,,,,,,0.2120678424835205,,0.45376816391944885,,9.1328125,5.297196548781358e-05,0.029999999329447746,,,1.0,1.0,,,,,17399,,0.469997376203537,,,,,,
,,,,,,,,,,,,,,5.1931013766169995e-05,0.03,,,,,,,17449,,,,,,,,
78,,,,,,,0.23605351150035858,,0.4698566198348999,,8.5,5.190986121306196e-05,0.029999999329447746,,,1.0,1.0,,,,,17449,,0.4776337444782257,,,,,,
,,,0.1149553582072258,,0.984375,,,,,,,,,,,1.0,1.0,,,,,7176,,,,0.0,,0.0,,0.0
,,,0.0986328125,,0.9921875,,,,,,,,,,,1.0,1.0,,,,,7177,,,,0.0,,0.0,,0.0
,,,0.1760583519935608,,0.9666299819946289,,,,,,,,,,,1.0,1.0,,,,,7178,,,,0.0,,0.0,,0.0
,,,0.15234375,,0.9765625,,,,,,,,,,,1.0,1.0,,,,,7179,,,,0.0,,0.0,,0.0
,,,0.107421875,,0.9609375,,,,,,,,,,,1.0,1.0,,,,,7180,,,,0.0,,0.0,,0.0
,,,0.24679487943649292,,0.9711538553237915,,,,,,,,,,,1.0,1.0,,,,,7181,,,,0.0,,0.0,,0.0
,,,0.07500000298023224,,0.9921875,,,,,,,,,,,1.0,1.0,,,,,7182,,,,0.0,,0.0,,0.0
,,,0.1071428582072258,,0.9921875,,,,,,,,,,,1.0,1.0,,,,,7183,,,,0.0,,0.0,,0.0
,,,0.1623784899711609,,0.9498285055160522,,,,,,,,,,,1.0,1.0,,,,,7184,,,,0.0,,0.0,,0.0
,,,0.1194196417927742,,0.984375,,,,,,,,,,,1.0,1.0,,,,,7185,,,,0.0,,0.0,,0.0
,,,0.125,,0.984375,,,,,,,,,,,1.0,1.0,,,,,7186,,,,0.0,,0.0,,0.0
,,,0.103515625,,0.984375,,,,,,,,,,,1.0,1.0,,,,,7187,,,,0.0,,0.0,,0.0
,,,0.22438094019889832,,0.9919999837875366,,,,,,,,,,,1.0,1.0,,,,,7188,,,,0.0,,0.0,,0.0
,,,0.1283482164144516,,1.0,,,,,,,,,,,1.0,1.0,,,,,7189,,,,0.0,,0.0,,0.0
,,,0.15625,,0.9921875,,,,,,,,,,,1.0,1.0,,,,,7190,,,,0.0,,0.0,,0.0
,,,0.241029754281044,,1.0,,,,,,,,,,,1.0,1.0,,,,,7191,,,,0.0,,0.0,,0.0
,,,0.1138392835855484,,1.0,,,,,,,,,,,1.0,1.0,,,,,7192,,,,0.0,,0.0,,0.0
,,,0.0876736119389534,,0.984375,,,,,,,,,,,1.0,1.0,,,,,7193,,,,0.0,,0.0,,0.0
,,,0.18759018182754517,,0.9821428656578064,,,,,,,,,,,1.0,1.0,,,,,7194,,,,0.0,,0.0,,0.0
,,,0.109375,,0.984375,,,,,,,,,,,1.0,1.0,,,,,7195,,,,0.0,,0.0,,0.0
,,,0.1283482164144516,,0.9921875,,,,,,,,,,,1.0,1.0,,,,,7196,,,,0.0,,0.0,,0.0
,,,0.16811954975128174,,0.9794520139694214,,,,,,,,,,,1.0,1.0,,,,,7197,,,,0.0,,0.0,,0.0
,,,0.0954861119389534,,0.9921875,,,,,,,,,,,1.0,1.0,,,,,7198,,,,0.0,,0.0,,0.0
,,,0.11328125,,0.9765625,,,,,,,,,,,1.0,1.0,,,,,7199,,,,0.0,,0.0,,0.0
,,,0.21884235739707947,,0.9913793206214905,,,,,,,,,,,1.0,1.0,,,,,7200,,,,0.0,,0.0,,0.0
,,,0.23046875,,0.9921875,,,,,,,,,,,1.0,1.0,,,,,7201,,,,0.0,,0.0,,0.0
,,,0.1305803507566452,,1.0,,,,,,,,,,,1.0,1.0,,,,,7202,,,,0.0,,0.0,,0.0
,,,0.29522013664245605,,0.9811320900917053,,,,,,,,,,,1.0,1.0,,,,,7203,,,,0.0,,0.0,,0.0
,,,0.1471354216337204,,0.9921875,,,,,,,,,,,1.0,1.0,,,,,7204,,,,0.0,,0.0,,0.0
,,,0.0885416641831398,,0.9921875,,,,,,,,,,,1.0,1.0,,,,,7205,,,,0.0,,0.0,,0.0
,,,0.19883722066879272,,0.964842677116394,,,,,,,,,,,1.0,1.0,,,,,7206,,,,0.0,,0.0,,0.0
,,,0.1015625,,0.984375,,,,,,,,,,,1.0,1.0,,,,,7207,,,,0.0,,0.0,,0.0
,,,0.0927734375,,0.9765625,,,,,,,,,,,1.0,1.0,,,,,7208,,,,0.0,,0.0,,0.0
,,,0.1865352988243103,,0.9770935773849487,,,,,,,,,,,1.0,1.0,,,,,7209,,,,0.0,,0.0,,0.0
,,,0.111328125,,0.96875,,,,,,,,,,,1.0,1.0,,,,,7210,,,,0.0,,0.0,,0.0
,,,0.1458333283662796,,0.9609375,,,,,,,,,,,1.0,1.0,,,,,7211,,,,0.0,,0.0,,0.0
,,,0.20562148094177246,,0.9515537023544312,,,,,,,,,,,1.0,1.0,,,,,7212,,,,0.0,,0.0,,0.0
,,,0.07343749701976776,,1.0,,,,,,,,,,,1.0,1.0,,,,,7213,,,,0.0,,0.0,,0.0
,,,0.0815972238779068,,1.0,,,,,,,,,,,1.0,1.0,,,,,7214,,,,0.0,,0.0,,0.0
,,,0.14349207282066345,,0.9689865708351135,,,,,,,,,,,1.0,1.0,,,,,7215,,,,0.0,,0.0,,0.0
,,,0.1044921875,,0.9921875,,,,,,,,,,,1.0,1.0,,,,,7216,,,,0.0,,0.0,,0.0
,,,0.1261160671710968,,0.984375,,,,,,,,,,,1.0,1.0,,,,,7217,,,,0.0,,0.0,,0.0
,,,0.24707791209220886,,0.9761363863945007,,,,,,,,,,,1.0,1.0,,,,,7218,,,,0.0,,0.0,,0.0
,,,0.15234375,,0.9921875,,,,,,,,,,,1.0,1.0,,,,,7219,,,,0.0,,0.0,,0.0
,,,0.18281249701976776,,0.9921875,,,,,,,,,,,1.0,1.0,,,,,7220,,,,0.0,,0.0,,0.0
,,,0.2852523922920227,,1.0,,,,,,,,,,,1.0,1.0,,,,,7221,,,,0.0,,0.0,,0.0
,,,0.16093750298023224,,1.0,,,,,,,,,,,1.0,1.0,,,,,7222,,,,0.0,,0.0,,0.0
,,,0.099609375,,0.9921875,,,,,,,,,,,1.0,1.0,,,,,7223,,,,0.0,,0.0,,0.0
,,,0.1025390625,,0.9921875,,,,,,,,,,,1.0,1.0,,,,,7224,,,,0.0,,0.0,,0.0
,,,0.09711286425590515,,0.9842519760131836,,,,,,,,,,,1.0,1.0,,,,,7225,,,,0.0,,0.0,,0.0
,,,0.1471354216337204,,0.984375,,,,,,,,,,,1.0,1.0,,,,,7226,,,,0.0,,0.0,,0.0
,,,0.1083984375,,0.9921875,,,,,,,,,,,1.0,1.0,,,,,7227,,,,0.0,,0.0,,0.0
,,,0.15287357568740845,,0.982758641242981,,,,,,,,,,,1.0,1.0,,,,,7228,,,,0.0,,0.0,,0.0
,,,0.1064453125,,0.9765625,,,,,,,,,,,1.0,1.0,,,,,7229,,,,0.0,,0.0,,0.0
,,,0.1142578125,,0.984375,,,,,,,,,,,1.0,1.0,,,,,7230,,,,0.0,,0.0,,0.0
,,,0.21323798596858978,,0.9900990128517151,,,,,,,,,,,1.0,1.0,,,,,7231,,,,0.0,,0.0,,0.0
,,,0.1875,,1.0,,,,,,,,,,,1.0,1.0,,,,,7232,,,,0.0,,0.0,,0.0
,,,0.1305803507566452,,1.0,,,,,,,,,,,1.0,1.0,,,,,7233,,,,0.0,,0.0,,0.0
,,,0.255952388048172,,0.9895833730697632,,,,,,,,,,,1.0,1.0,,,,,7234,,,,0.0,,0.0,,0.0
,,,0.1205357164144516,,0.9921875,,,,,,,,,,,1.0,1.0,,,,,7235,,,,0.0,,0.0,,0.0
,,,0.0911458358168602,,0.9765625,,,,,,,,,,,1.0,1.0,,,,,7236,,,,0.0,,0.0,,0.0
,,,0.26670360565185547,,0.9822812676429749,,,,,,,,,,,1.0,1.0,,,,,7237,,,,0.0,,0.0,,0.0
,,,0.095703125,,0.9765625,,,,,,,,,,,1.0,1.0,,,,,7238,,,,0.0,,0.0,,0.0
,,,0.09765625,,0.9765625,,,,,,,,,,,1.0,1.0,,,,,7239,,,,0.0,,0.0,,0.0
,,,0.20951327681541443,,0.982300877571106,,,,,,,,,,,1.0,1.0,,,,,7240,,,,0.0,,0.0,,0.0
,,,0.1272321492433548,,0.9765625,,,,,,,,,,,1.0,1.0,,,,,7241,,,,0.0,,0.0,,0.0
,,,0.1272321492433548,,0.9453125,,,,,,,,,,,1.0,1.0,,,,,7242,,,,0.0,,0.0,,0.0
,,,0.15505051612854004,,0.9398989677429199,,,,,,,,,,,1.0,1.0,,,,,7243,,,,0.0,,0.0,,0.0
,,,0.09375,,0.9921875,,,,,,,,,,,1.0,1.0,,,,,7244,,,,0.0,,0.0,,0.0
,,,0.0746527761220932,,1.0,,,,,,,,,,,1.0,1.0,,,,,7245,,,,0.0,,0.0,,0.0
,,,0.17592592537403107,,0.9564814567565918,,,,,,,,,,,1.0,1.0,,,,,7246,,,,0.0,,0.0,,0.0
,,,0.1183035746216774,,0.984375,,,,,,,,,,,1.0,1.0,,,,,7247,,,,0.0,,0.0,,0.0
,,,0.1419270783662796,,0.984375,,,,,,,,,,,1.0,1.0,,,,,7248,,,,0.0,,0.0,,0.0
,,,0.2502581775188446,,0.9828647971153259,,,,,,,,,,,1.0,1.0,,,,,7249,,,,0.0,,0.0,,0.0
,,,0.1497395783662796,,0.9921875,,,,,,,,,,,1.0,1.0,,,,,7250,,,,0.0,,0.0,,0.0
,,,0.18593749403953552,,0.9921875,,,,,,,,,,,1.0,1.0,,,,,7251,,,,0.0,,0.0,,0.0
,,,0.24577105045318604,,1.0,,,,,,,,,,,1.0,1.0,,,,,7252,,,,0.0,,0.0,,0.0
,,,0.1138392835855484,,1.0,,,,,,,,,,,1.0,1.0,,,,,7253,,,,0.0,,0.0,,0.0
,,,0.1005859375,,0.9921875,,,,,,,,,,,1.0,1.0,,,,,7254,,,,0.0,,0.0,,0.0
,,,0.17070874571800232,,0.9822812676429749,,,,,,,,,,,1.0,1.0,,,,,7255,,,,0.0,,0.0,,0.0
,,,0.1044921875,,0.9765625,,,,,,,,,,,1.0,1.0,,,,,7256,,,,0.0,,0.0,,0.0
,,,0.18125000596046448,,0.9765625,,,,,,,,,,,1.0,1.0,,,,,7257,,,,0.0,,0.0,,0.0
,,,0.2003103792667389,,0.9948453903198242,,,,,,,,,,,1.0,1.0,,,,,7258,,,,0.0,,0.0,,0.0
,,,0.1064453125,,0.9609375,,,,,,,,,,,1.0,1.0,,,,,7259,,,,0.0,,0.0,,0.0
,,,0.1238839253783226,,0.96875,,,,,,,,,,,1.0,1.0,,,,,7260,,,,0.0,,0.0,,0.0
,,,0.210317462682724,,1.0,,,,,,,,,,,1.0,1.0,,,,,7261,,,,0.0,,0.0,,0.0
,,,0.1536458283662796,,0.984375,,,,,,,,,,,1.0,1.0,,,,,7262,,,,0.0,,0.0,,0.0
,,,0.11328125,,1.0,,,,,,,,,,,1.0,1.0,,,,,7263,,,,0.0,,0.0,,0.0
,,,0.3732711672782898,,0.9545454978942871,,,,,,,,,,,1.0,1.0,,,,,7264,,,,0.0,,0.0,,0.0
,,,0.1432291716337204,,0.984375,,,,,,,,,,,1.0,1.0,,,,,7265,,,,0.0,,0.0,,0.0
,,,0.0911458358168602,,0.9921875,,,,,,,,,,,1.0,1.0,,,,,7266,,,,0.0,,0.0,,0.0
,,,0.10236220806837082,,0.9763779640197754,,,,,,,,,,,1.0,1.0,,,,,7267,,,,0.0,,0.0,,0.0
78,0.8309465646743774,0.8452748656272888,,0.9838733673095703,,,,,,,,,,,,,,236.8515167236328,6319.66064453125,5.467433452606201,235.44261169433594,17458,,,0.0,,0.0,,0.0,
78,,,,,,0.22119784355163574,,0.45285123586654663,,8.611336708068848,,,,,,,,,,,,17458,0.5004228353500366,,,,,,,
,,,,,,,,,,,,,,5.0877973781486464e-05,0.03,,,,,,,17499,,,,,,,,
79,,,,,,,0.21934571862220764,,0.4496520757675171,,8.5390625,5.0857008318416774e-05,0.029999999329447746,,,1.0,1.0,,,,,17499,,0.636481523513794,,,,,,
,,,,,,,,,,,,,,4.98342468440242e-05,0.03,,,,,,,17549,,,,,,,,
79,,,,,,,0.2208937108516693,,0.44396692514419556,,8.2265625,4.9813468649517745e-05,0.029999999329447746,,,1.0,1.0,,,,,17549,,0.5186746120452881,,,,,,
,,,,,,,,,,,,,,4.879989804986117e-05,0.03,,,,,,,17599,,,,,,,,
79,,,,,,,0.2190878838300705,,0.4769834280014038,,9.8203125,4.87793076899834e-05,0.029999999329447746,,,1.0,1.0,,,,,17599,,0.5386961698532104,,,,,,
,,,,,,,,,,,,,,4.777499191017108e-05,0.03,,,,,,,17649,,,,,,,,
79,,,,,,,0.21017855405807495,,0.4347150921821594,,8.3125,4.775459092343226e-05,0.029999999329447746,,,1.0,1.0,,,,,17649,,0.41616207361221313,,,,,,
,,,0.1549479216337204,,1.0,,,,,,,,,,,1.0,1.0,,,,,7268,,,,0.0,,0.0,,0.0
,,,0.1238839253783226,,1.0,,,,,,,,,,,1.0,1.0,,,,,7269,,,,0.0,,0.0,,0.0
,,,0.301185667514801,,0.9950494766235352,,,,,,,,,,,1.0,1.0,,,,,7270,,,,0.0,,0.0,,0.0
,,,0.1875,,0.96875,,,,,,,,,,,1.0,1.0,,,,,7271,,,,0.0,,0.0,,0.0
,,,0.0963541641831398,,0.9609375,,,,,,,,,,,1.0,1.0,,,,,7272,,,,0.0,,0.0,,0.0
,,,0.2649572789669037,,0.9711538553237915,,,,,,,,,,,1.0,1.0,,,,,7273,,,,0.0,,0.0,,0.0
,,,0.07500000298023224,,1.0,,,,,,,,,,,1.0,1.0,,,,,7274,,,,0.0,,0.0,,0.0
,,,0.0927734375,,1.0,,,,,,,,,,,1.0,1.0,,,,,7275,,,,0.0,,0.0,,0.0
,,,0.16218791902065277,,0.9772727489471436,,,,,,,,,,,1.0,1.0,,,,,7276,,,,0.0,,0.0,,0.0
,,,0.1123046875,,0.9921875,,,,,,,,,,,1.0,1.0,,,,,7277,,,,0.0,,0.0,,0.0
,,,0.1083984375,,0.984375,,,,,,,,,,,1.0,1.0,,,,,7278,,,,0.0,,0.0,,0.0
,,,0.125,,0.9765625,,,,,,,,,,,1.0,1.0,,,,,7279,,,,0.0,,0.0,,0.0
,,,0.23009523749351501,,0.9959999918937683,,,,,,,,,,,1.0,1.0,,,,,7280,,,,0.0,,0.0,,0.0
,,,0.18437500298023224,,1.0,,,,,,,,,,,1.0,1.0,,,,,7281,,,,0.0,,0.0,,0.0
,,,0.1024305522441864,,0.9921875,,,,,,,,,,,1.0,1.0,,,,,7282,,,,0.0,,0.0,,0.0
,,,0.2014472484588623,,0.9873949289321899,,,,,,,,,,,1.0,1.0,,,,,7283,,,,0.0,,0.0,,0.0
,,,0.1071428582072258,,0.9765625,,,,,,,,,,,1.0,1.0,,,,,7284,,,,0.0,,0.0,,0.0
,,,0.08984375,,0.9765625,,,,,,,,,,,1.0,1.0,,,,,7285,,,,0.0,,0.0,,0.0
,,,0.16450217366218567,,0.948051929473877,,,,,,,,,,,1.0,1.0,,,,,7286,,,,0.0,,0.0,,0.0
,,,0.109375,,0.984375,,,,,,,,,,,1.0,1.0,,,,,7287,,,,0.0,,0.0,,0.0
,,,0.17656250298023224,,0.9921875,,,,,,,,,,,1.0,1.0,,,,,7288,,,,0.0,,0.0,,0.0
,,,0.20784558355808258,,0.9703611135482788,,,,,,,,,,,1.0,1.0,,,,,7289,,,,0.0,,0.0,,0.0
,,,0.125,,0.984375,,,,,,,,,,,1.0,1.0,,,,,7290,,,,0.0,,0.0,,0.0
,,,0.0954861119389534,,0.9609375,,,,,,,,,,,1.0,1.0,,,,,7291,,,,0.0,,0.0,,0.0
,,,0.1647290587425232,,0.9741379022598267,,,,,,,,,,,1.0,1.0,,,,,7292,,,,0.0,,0.0,,0.0
,,,0.1216517835855484,,0.984375,,,,,,,,,,,1.0,1.0,,,,,7293,,,,0.0,,0.0,,0.0
,,,0.1064453125,,0.984375,,,,,,,,,,,1.0,1.0,,,,,7294,,,,0.0,,0.0,,0.0
,,,0.21613207459449768,,0.9838993549346924,,,,,,,,,,,1.0,1.0,,,,,7295,,,,0.0,,0.0,,0.0
,,,0.18125000596046448,,0.9921875,,,,,,,,,,,1.0,1.0,,,,,7296,,,,0.0,,0.0,,0.0
,,,0.111328125,,0.9921875,,,,,,,,,,,1.0,1.0,,,,,7297,,,,0.0,,0.0,,0.0
,,,0.22948016226291656,,0.9707250595092773,,,,,,,,,,,1.0,1.0,,,,,7298,,,,0.0,,0.0,,0.0
,,,0.1471354216337204,,1.0,,,,,,,,,,,1.0,1.0,,,,,7299,,,,0.0,,0.0,,0.0
,,,0.1216517835855484,,0.9921875,,,,,,,,,,,1.0,1.0,,,,,7300,,,,0.0,,0.0,,0.0
,,,0.3104269504547119,,0.985714316368103,,,,,,,,,,,1.0,1.0,,,,,7301,,,,0.0,,0.0,,0.0
,,,0.1272321492433548,,0.96875,,,,,,,,,,,1.0,1.0,,,,,7302,,,,0.0,,0.0,,0.0
,,,0.1305803507566452,,0.9609375,,,,,,,,,,,1.0,1.0,,,,,7303,,,,0.0,,0.0,,0.0
,,,0.1985258162021637,,0.9590163826942444,,,,,,,,,,,1.0,1.0,,,,,7304,,,,0.0,,0.0,,0.0
,,,0.0798611119389534,,1.0,,,,,,,,,,,1.0,1.0,,,,,7305,,,,0.0,,0.0,,0.0
,,,0.0789930522441864,,1.0,,,,,,,,,,,1.0,1.0,,,,,7306,,,,0.0,,0.0,,0.0
,,,0.1715642511844635,,0.9923076629638672,,,,,,,,,,,1.0,1.0,,,,,7307,,,,0.0,,0.0,,0.0
,,,0.1283482164144516,,1.0,,,,,,,,,,,1.0,1.0,,,,,7308,,,,0.0,,0.0,,0.0
,,,0.107421875,,0.9765625,,,,,,,,,,,1.0,1.0,,,,,7309,,,,0.0,,0.0,,0.0
,,,0.22784090042114258,,0.9818181991577148,,,,,,,,,,,1.0,1.0,,,,,7310,,,,0.0,,0.0,,0.0
,,,0.1305803507566452,,1.0,,,,,,,,,,,1.0,1.0,,,,,7311,,,,0.0,,0.0,,0.0
,,,0.19062499701976776,,0.9921875,,,,,,,,,,,1.0,1.0,,,,,7312,,,,0.0,,0.0,,0.0
,,,0.2414625585079193,,0.9852941036224365,,,,,,,,,,,1.0,1.0,,,,,7313,,,,0.0,,0.0,,0.0
,,,0.0824652761220932,,0.96875,,,,,,,,,,,1.0,1.0,,,,,7314,,,,0.0,,0.0,,0.0
,,,0.109375,,0.984375,,,,,,,,,,,1.0,1.0,,,,,7315,,,,0.0,,0.0,,0.0
,,,0.0842013880610466,,0.9765625,,,,,,,,,,,1.0,1.0,,,,,7316,,,,0.0,,0.0,,0.0
,,,0.12823396921157837,,0.9842519760131836,,,,,,,,,,,1.0,1.0,,,,,7317,,,,0.0,,0.0,,0.0
,,,0.1283482164144516,,0.9921875,,,,,,,,,,,1.0,1.0,,,,,7318,,,,0.0,,0.0,,0.0
,,,0.17343750596046448,,0.984375,,,,,,,,,,,1.0,1.0,,,,,7319,,,,0.0,,0.0,,0.0
,,,0.16985951364040375,,0.9870689511299133,,,,,,,,,,,1.0,1.0,,,,,7320,,,,0.0,,0.0,,0.0
,,,0.0946180522441864,,0.9609375,,,,,,,,,,,1.0,1.0,,,,,7321,,,,0.0,,0.0,,0.0
,,,0.1103515625,,0.984375,,,,,,,,,,,1.0,1.0,,,,,7322,,,,0.0,,0.0,,0.0
,,,0.18815955519676208,,0.9801980257034302,,,,,,,,,,,1.0,1.0,,,,,7323,,,,0.0,,0.0,,0.0
,,,0.111328125,,0.984375,,,,,,,,,,,1.0,1.0,,,,,7324,,,,0.0,,0.0,,0.0
,,,0.10546875,,0.984375,,,,,,,,,,,1.0,1.0,,,,,7325,,,,0.0,,0.0,,0.0
,,,0.2455357164144516,,0.9635416269302368,,,,,,,,,,,1.0,1.0,,,,,7326,,,,0.0,,0.0,,0.0
,,,0.15234375,,0.9921875,,,,,,,,,,,1.0,1.0,,,,,7327,,,,0.0,,0.0,,0.0
,,,0.1294642835855484,,0.984375,,,,,,,,,,,1.0,1.0,,,,,7328,,,,0.0,,0.0,,0.0
,,,0.29992616176605225,,0.976190447807312,,,,,,,,,,,1.0,1.0,,,,,7329,,,,0.0,,0.0,,0.0
,,,0.1227678582072258,,1.0,,,,,,,,,,,1.0,1.0,,,,,7330,,,,0.0,,0.0,,0.0
,,,0.1796875,,0.9921875,,,,,,,,,,,1.0,1.0,,,,,7331,,,,0.0,,0.0,,0.0
,,,0.22949853539466858,,0.982300877571106,,,,,,,,,,,1.0,1.0,,,,,7332,,,,0.0,,0.0,,0.0
,,,0.1123046875,,0.984375,,,,,,,,,,,1.0,1.0,,,,,7333,,,,0.0,,0.0,,0.0
,,,0.1142578125,,0.953125,,,,,,,,,,,1.0,1.0,,,,,7334,,,,0.0,,0.0,,0.0
,,,0.16936026513576508,,0.9398989677429199,,,,,,,,,,,1.0,1.0,,,,,7335,,,,0.0,,0.0,,0.0
,,,0.07343749701976776,,1.0,,,,,,,,,,,1.0,1.0,,,,,7336,,,,0.0,,0.0,,0.0
,,,0.0772569477558136,,0.9921875,,,,,,,,,,,1.0,1.0,,,,,7337,,,,0.0,,0.0,,0.0
,,,0.1765432059764862,,0.9953703880310059,,,,,,,,,,,1.0,1.0,,,,,7338,,,,0.0,,0.0,,0.0
,,,0.1238839253783226,,0.9921875,,,,,,,,,,,1.0,1.0,,,,,7339,,,,0.0,,0.0,,0.0
,,,0.1272321492433548,,0.9765625,,,,,,,,,,,1.0,1.0,,,,,7340,,,,0.0,,0.0,,0.0
,,,0.22453145682811737,,0.9939758777618408,,,,,,,,,,,1.0,1.0,,,,,7341,,,,0.0,,0.0,,0.0
,,,0.1305803507566452,,0.9921875,,,,,,,,,,,1.0,1.0,,,,,7342,,,,0.0,,0.0,,0.0
,,,0.1588541716337204,,0.9921875,,,,,,,,,,,1.0,1.0,,,,,7343,,,,0.0,,0.0,,0.0
,,,0.2364218384027481,,0.9870129823684692,,,,,,,,,,,1.0,1.0,,,,,7344,,,,0.0,,0.0,,0.0
,,,0.0868055522441864,,0.984375,,,,,,,,,,,1.0,1.0,,,,,7345,,,,0.0,,0.0,,0.0
,,,0.08984375,,0.984375,,,,,,,,,,,1.0,1.0,,,,,7346,,,,0.0,,0.0,,0.0
,,,0.1910914182662964,,0.9706533551216125,,,,,,,,,,,1.0,1.0,,,,,7347,,,,0.0,,0.0,,0.0
,,,0.107421875,,0.96875,,,,,,,,,,,1.0,1.0,,,,,7348,,,,0.0,,0.0,,0.0
,,,0.17812499403953552,,1.0,,,,,,,,,,,1.0,1.0,,,,,7349,,,,0.0,,0.0,,0.0
,,,0.29314929246902466,,0.9896907210350037,,,,,,,,,,,1.0,1.0,,,,,7350,,,,0.0,,0.0,,0.0
,,,0.10546875,,0.9765625,,,,,,,,,,,1.0,1.0,,,,,7351,,,,0.0,,0.0,,0.0
,,,0.1025390625,,0.9453125,,,,,,,,,,,1.0,1.0,,,,,7352,,,,0.0,,0.0,,0.0
,,,0.17678570747375488,,1.0,,,,,,,,,,,1.0,1.0,,,,,7353,,,,0.0,,0.0,,0.0
,,,0.1044921875,,0.9609375,,,,,,,,,,,1.0,1.0,,,,,7354,,,,0.0,,0.0,,0.0
,,,0.125,,1.0,,,,,,,,,,,1.0,1.0,,,,,7355,,,,0.0,,0.0,,0.0
,,,0.2215423583984375,,0.9374514818191528,,,,,,,,,,,1.0,1.0,,,,,7356,,,,0.0,,0.0,,0.0
,,,0.1272321492433548,,1.0,,,,,,,,,,,1.0,1.0,,,,,7357,,,,0.0,,0.0,,0.0
,,,0.15234375,,0.9921875,,,,,,,,,,,1.0,1.0,,,,,7358,,,,0.0,,0.0,,0.0
,,,0.11220472306013107,,0.9763779640197754,,,,,,,,,,,1.0,1.0,,,,,7359,,,,0.0,,0.0,,0.0
79,0.8301594257354736,0.8551465272903442,,0.9830975532531738,,,,,,,,,,,,,,238.11585998535156,6039.49560546875,5.472757339477539,235.8207550048828,17679,,,0.0,,0.0,,0.0,
79,,,,,,0.21918252110481262,,0.44985052943229675,,8.571002006530762,,,,,,,,,,,,17679,0.4853235185146332,,,,,,,
,,,,,,,,,,,,,,4.675959234719971e-05,0.03,,,,,,,17699,,,,,,,,
80,,,,,,,0.20311813056468964,,0.4306032061576843,,8.5,4.6739380195504054e-05,0.029999999329447746,,,1.0,1.0,,,,,17699,,0.3906100392341614,,,,,,
,,,,,,,,,,,,,,4.575376269027841e-05,0.03,,,,,,,17749,,,,,,,,
80,,,,,,,0.2103634476661682,,0.4415140748023987,,8.6875,4.5733744627796113e-05,0.029999999329447746,,,1.0,1.0,,,,,17749,,0.34500575065612793,,,,,,
,,,,,,,,,,,,,,4.47575656718744e-05,0.03,,,,,,,17799,,,,,,,,
80,,,,,,,0.21185889840126038,,0.43461740016937256,,8.296875,4.4737738789990544e-05,0.029999999329447746,,,1.0,1.0,,,,,17799,,0.44435155391693115,,,,,,
,,,,,,,,,,,,,,4.3771063423677766e-05,0.03,,,,,,,17849,,,,,,,,
80,,,,,,,0.22151044011116028,,0.45277461409568787,,8.5546875,4.375143180368468e-05,0.029999999329447746,,,1.0,1.0,,,,,17849,,0.5906026363372803,,,,,,
,,,,,,,,,,,,,,4.279431747272682e-05,0.03,,,,,,,17899,,,,,,,,
80,,,,,,,0.22460676729679108,,0.4537481963634491,,8.3671875,4.277488187653944e-05,0.029999999329447746,,,1.0,1.0,,,,,17899,,0.31288817524909973,,,,,,
,,,0.1083984375,,1.0,,,,,,,,,,,1.0,1.0,,,,,7360,,,,0.0,,0.0,,0.0
,,,0.1272321492433548,,0.9921875,,,,,,,,,,,1.0,1.0,,,,,7361,,,,0.0,,0.0,,0.0
,,,0.20352035760879517,,0.9900990128517151,,,,,,,,,,,1.0,1.0,,,,,7362,,,,0.0,,0.0,,0.0
,,,0.115234375,,0.9921875,,,,,,,,,,,1.0,1.0,,,,,7363,,,,0.0,,0.0,,0.0
,,,0.240234375,,1.0,,,,,,,,,,,1.0,1.0,,,,,7364,,,,0.0,,0.0,,0.0
,,,0.20633012056350708,,0.990384578704834,,,,,,,,,,,1.0,1.0,,,,,7365,,,,0.0,,0.0,,0.0
,,,0.0947265625,,0.984375,,,,,,,,,,,1.0,1.0,,,,,7366,,,,0.0,,0.0,,0.0
,,,0.0902777761220932,,1.0,,,,,,,,,,,1.0,1.0,,,,,7367,,,,0.0,,0.0,,0.0
,,,0.1480274498462677,,0.9772727489471436,,,,,,,,,,,1.0,1.0,,,,,7368,,,,0.0,,0.0,,0.0
,,,0.1083984375,,0.984375,,,,,,,,,,,1.0,1.0,,,,,7369,,,,0.0,,0.0,,0.0
,,,0.0972222238779068,,0.96875,,,,,,,,,,,1.0,1.0,,,,,7370,,,,0.0,,0.0,,0.0
,,,0.1458333283662796,,0.984375,,,,,,,,,,,1.0,1.0,,,,,7371,,,,0.0,,0.0,,0.0
,,,0.3744000196456909,,0.9959999918937683,,,,,,,,,,,1.0,1.0,,,,,7372,,,,0.0,,0.0,,0.0
,,,0.1549479216337204,,0.984375,,,,,,,,,,,1.0,1.0,,,,,7373,,,,0.0,,0.0,,0.0
,,,0.1272321492433548,,0.9921875,,,,,,,,,,,1.0,1.0,,,,,7374,,,,0.0,,0.0,,0.0
,,,0.2362278401851654,,0.9915966391563416,,,,,,,,,,,1.0,1.0,,,,,7375,,,,0.0,,0.0,,0.0
,,,0.1116071417927742,,0.9921875,,,,,,,,,,,1.0,1.0,,,,,7376,,,,0.0,,0.0,,0.0
,,,0.1082589253783226,,0.96875,,,,,,,,,,,1.0,1.0,,,,,7377,,,,0.0,,0.0,,0.0
,,,0.1620129942893982,,0.9707792401313782,,,,,,,,,,,1.0,1.0,,,,,7378,,,,0.0,,0.0,,0.0
,,,0.1216517835855484,,0.9609375,,,,,,,,,,,1.0,1.0,,,,,7379,,,,0.0,,0.0,,0.0
,,,0.1419270783662796,,0.96875,,,,,,,,,,,1.0,1.0,,,,,7380,,,,0.0,,0.0,,0.0
,,,0.1857755482196808,,0.9749688506126404,,,,,,,,,,,1.0,1.0,,,,,7381,,,,0.0,,0.0,,0.0
,,,0.08046875149011612,,0.9765625,,,,,,,,,,,1.0,1.0,,,,,7382,,,,0.0,,0.0,,0.0
,,,0.1083984375,,0.984375,,,,,,,,,,,1.0,1.0,,,,,7383,,,,0.0,,0.0,,0.0
,,,0.19961684942245483,,1.0,,,,,,,,,,,1.0,1.0,,,,,7384,,,,0.0,,0.0,,0.0
,,,0.23046875,,1.0,,,,,,,,,,,1.0,1.0,,,,,7385,,,,0.0,,0.0,,0.0
,,,0.1294642835855484,,1.0,,,,,,,,,,,1.0,1.0,,,,,7386,,,,0.0,,0.0,,0.0
,,,0.29299789667129517,,0.9811320900917053,,,,,,,,,,,1.0,1.0,,,,,7387,,,,0.0,,0.0,,0.0
,,,0.1103515625,,0.984375,,,,,,,,,,,1.0,1.0,,,,,7388,,,,0.0,,0.0,,0.0
,,,0.099609375,,0.9609375,,,,,,,,,,,1.0,1.0,,,,,7389,,,,0.0,,0.0,,0.0
,,,0.2405315637588501,,0.9764705896377563,,,,,,,,,,,1.0,1.0,,,,,7390,,,,0.0,,0.0,,0.0
,,,0.0946180522441864,,0.9921875,,,,,,,,,,,1.0,1.0,,,,,7391,,,,0.0,,0.0,,0.0
,,,0.1064453125,,0.9921875,,,,,,,,,,,1.0,1.0,,,,,7392,,,,0.0,,0.0,,0.0
,,,0.26073187589645386,,0.9913793206214905,,,,,,,,,,,1.0,1.0,,,,,7393,,,,0.0,,0.0,,0.0
,,,0.1588541716337204,,0.9921875,,,,,,,,,,,1.0,1.0,,,,,7394,,,,0.0,,0.0,,0.0
,,,0.19374999403953552,,0.9921875,,,,,,,,,,,1.0,1.0,,,,,7395,,,,0.0,,0.0,,0.0
,,,0.19870930910110474,,0.9686812162399292,,,,,,,,,,,1.0,1.0,,,,,7396,,,,0.0,,0.0,,0.0
,,,0.1127232164144516,,1.0,,,,,,,,,,,1.0,1.0,,,,,7397,,,,0.0,,0.0,,0.0
,,,0.0876736119389534,,1.0,,,,,,,,,,,1.0,1.0,,,,,7398,,,,0.0,,0.0,,0.0
,,,0.1647266447544098,,0.9923076629638672,,,,,,,,,,,1.0,1.0,,,,,7399,,,,0.0,,0.0,,0.0
,,,0.1497395783662796,,0.9921875,,,,,,,,,,,1.0,1.0,,,,,7400,,,,0.0,,0.0,,0.0
,,,0.111328125,,0.96875,,,,,,,,,,,1.0,1.0,,,,,7401,,,,0.0,,0.0,,0.0
,,,0.25162339210510254,,0.9761363863945007,,,,,,,,,,,1.0,1.0,,,,,7402,,,,0.0,,0.0,,0.0
,,,0.1458333283662796,,0.984375,,,,,,,,,,,1.0,1.0,,,,,7403,,,,0.0,,0.0,,0.0
,,,0.234375,,0.9921875,,,,,,,,,,,1.0,1.0,,,,,7404,,,,0.0,,0.0,,0.0
,,,0.20361389219760895,,1.0,,,,,,,,,,,1.0,1.0,,,,,7405,,,,0.0,,0.0,,0.0
,,,0.1127232164144516,,0.9765625,,,,,,,,,,,1.0,1.0,,,,,7406,,,,0.0,,0.0,,0.0
,,,0.091796875,,0.984375,,,,,,,,,,,1.0,1.0,,,,,7407,,,,0.0,,0.0,,0.0
,,,0.0986328125,,0.96875,,,,,,,,,,,1.0,1.0,,,,,7408,,,,0.0,,0.0,,0.0
,,,0.08740157634019852,,0.9803149700164795,,,,,,,,,,,1.0,1.0,,,,,7409,,,,0.0,,0.0,,0.0
,,,0.1458333283662796,,0.96875,,,,,,,,,,,1.0,1.0,,,,,7410,,,,0.0,,0.0,,0.0
,,,0.1171875,,0.9609375,,,,,,,,,,,1.0,1.0,,,,,7411,,,,0.0,,0.0,,0.0
,,,0.16034483909606934,,0.9123563170433044,,,,,,,,,,,1.0,1.0,,,,,7412,,,,0.0,,0.0,,0.0
,,,0.0902777761220932,,0.953125,,,,,,,,,,,1.0,1.0,,,,,7413,,,,0.0,,0.0,,0.0
,,,0.111328125,,1.0,,,,,,,,,,,1.0,1.0,,,,,7414,,,,0.0,,0.0,,0.0
,,,0.228364497423172,,1.0,,,,,,,,,,,1.0,1.0,,,,,7415,,,,0.0,,0.0,,0.0
,,,0.1549479216337204,,0.9921875,,,,,,,,,,,1.0,1.0,,,,,7416,,,,0.0,,0.0,,0.0
,,,0.1536458283662796,,1.0,,,,,,,,,,,1.0,1.0,,,,,7417,,,,0.0,,0.0,,0.0
,,,0.2425595223903656,,0.984375,,,,,,,,,,,1.0,1.0,,,,,7418,,,,0.0,,0.0,,0.0
,,,0.08515624701976776,,0.96875,,,,,,,,,,,1.0,1.0,,,,,7419,,,,0.0,,0.0,,0.0
,,,0.1015625,,0.9765625,,,,,,,,,,,1.0,1.0,,,,,7420,,,,0.0,,0.0,,0.0
,,,0.2862679958343506,,0.976190447807312,,,,,,,,,,,1.0,1.0,,,,,7421,,,,0.0,,0.0,,0.0
,,,0.0954861119389534,,0.9921875,,,,,,,,,,,1.0,1.0,,,,,7422,,,,0.0,,0.0,,0.0
,,,0.10546875,,0.984375,,,,,,,,,,,1.0,1.0,,,,,7423,,,,0.0,,0.0,,0.0
,,,0.20596526563167572,,0.9955751895904541,,,,,,,,,,,1.0,1.0,,,,,7424,,,,0.0,,0.0,,0.0
,,,0.244140625,,1.0,,,,,,,,,,,1.0,1.0,,,,,7425,,,,0.0,,0.0,,0.0
,,,0.19062499701976776,,0.9921875,,,,,,,,,,,1.0,1.0,,,,,7426,,,,0.0,,0.0,,0.0
,,,0.20202019810676575,,0.963131308555603,,,,,,,,,,,1.0,1.0,,,,,7427,,,,0.0,,0.0,,0.0
,,,0.0986328125,,1.0,,,,,,,,,,,1.0,1.0,,,,,7428,,,,0.0,,0.0,,0.0
,,,0.091796875,,1.0,,,,,,,,,,,1.0,1.0,,,,,7429,,,,0.0,,0.0,,0.0
,,,0.1979166567325592,,0.9953703880310059,,,,,,,,,,,1.0,1.0,,,,,7430,,,,0.0,,0.0,,0.0
,,,0.111328125,,0.9921875,,,,,,,,,,,1.0,1.0,,,,,7431,,,,0.0,,0.0,,0.0
,,,0.1497395783662796,,0.984375,,,,,,,,,,,1.0,1.0,,,,,7432,,,,0.0,,0.0,,0.0
,,,0.29303884506225586,,0.9828647971153259,,,,,,,,,,,1.0,1.0,,,,,7433,,,,0.0,,0.0,,0.0
,,,0.1497395783662796,,0.984375,,,,,,,,,,,1.0,1.0,,,,,7434,,,,0.0,,0.0,,0.0
,,,0.18906250596046448,,0.9921875,,,,,,,,,,,1.0,1.0,,,,,7435,,,,0.0,,0.0,,0.0
,,,0.19954800605773926,,1.0,,,,,,,,,,,1.0,1.0,,,,,7436,,,,0.0,,0.0,,0.0
,,,0.1149553582072258,,0.96875,,,,,,,,,,,1.0,1.0,,,,,7437,,,,0.0,,0.0,,0.0
,,,0.0947265625,,0.9921875,,,,,,,,,,,1.0,1.0,,,,,7438,,,,0.0,,0.0,,0.0
,,,0.16843852400779724,,0.9883720874786377,,,,,,,,,,,1.0,1.0,,,,,7439,,,,0.0,,0.0,,0.0
,,,0.1015625,,0.9453125,,,,,,,,,,,1.0,1.0,,,,,7440,,,,0.0,,0.0,,0.0
,,,0.17656250298023224,,0.9765625,,,,,,,,,,,1.0,1.0,,,,,7441,,,,0.0,,0.0,,0.0
,,,0.25459641218185425,,0.969072163105011,,,,,,,,,,,1.0,1.0,,,,,7442,,,,0.0,,0.0,,0.0
,,,0.0920138880610466,,0.984375,,,,,,,,,,,1.0,1.0,,,,,7443,,,,0.0,,0.0,,0.0
,,,0.1005859375,,0.953125,,,,,,,,,,,1.0,1.0,,,,,7444,,,,0.0,,0.0,,0.0
,,,0.2399553656578064,,1.0,,,,,,,,,,,1.0,1.0,,,,,7445,,,,0.0,,0.0,,0.0
,,,0.15234375,,1.0,,,,,,,,,,,1.0,1.0,,,,,7446,,,,0.0,,0.0,,0.0
,,,0.1123046875,,0.9921875,,,,,,,,,,,1.0,1.0,,,,,7447,,,,0.0,,0.0,,0.0
,,,0.2764827609062195,,0.9545454978942871,,,,,,,,,,,1.0,1.0,,,,,7448,,,,0.0,,0.0,,0.0
,,,0.1216517835855484,,0.9765625,,,,,,,,,,,1.0,1.0,,,,,7449,,,,0.0,,0.0,,0.0
,,,0.0928819477558136,,0.96875,,,,,,,,,,,1.0,1.0,,,,,7450,,,,0.0,,0.0,,0.0
,,,0.10433071106672287,,0.9763779640197754,,,,,,,,,,,1.0,1.0,,,,,7451,,,,0.0,,0.0,,0.0
80,0.8313591480255127,0.856092631816864,,0.9841989278793335,,,,,,,,,,,,,,239.0222930908203,5825.19677734375,5.476556777954102,236.5941619873047,17900,,,0.0,,0.0,,0.0,
80,,,,,,0.21760515868663788,,0.44899797439575195,,8.607660293579102,,,,,,,,,,,,17900,0.4982713758945465,,,,,,,
,,,,,,,,,,,,,,4.182738873757051e-05,0.03,,,,,,,17949,,,,,,,,
81,,,,,,,0.2023850679397583,,0.4341050982475281,,8.6328125,4.180815085419454e-05,0.029999999329447746,,,1.0,1.0,,,,,17949,,0.5529698133468628,,,,,,
,,,,,,,,,,,,,,4.0870337524469033e-05,0.03,,,,,,,17999,,,,,,,,
81,,,,,,,0.19390574097633362,,0.427471786737442,,8.703125,4.085129694431089e-05,0.029999999329447746,,,1.0,1.0,,,,,17999,,0.26183831691741943,,,,,,
,,,,,,,,,,,,,,3.992322352363265e-05,0.03,,,,,,,18049,,,,,,,,
81,,,,,,,0.2094244658946991,,0.42299726605415344,,7.78515625,3.9904381992528215e-05,0.029999999329447746,,,1.0,1.0,,,,,18049,,0.6793428659439087,,,,,,
,,,,,,,,,,,,,,3.8986105805498846e-05,0.03,,,,,,,18099,,,,,,,,
81,,,,,,,0.20671644806861877,,0.4312182664871216,,8.1953125,3.896746420650743e-05,0.029999999329447746,,,1.0,1.0,,,,,18099,,0.40003350377082825,,,,,,
,,,0.1497395783662796,,1.0,,,,,,,,,,,1.0,1.0,,,,,7452,,,,0.0,,0.0,,0.0
,,,0.1471354216337204,,0.9921875,,,,,,,,,,,1.0,1.0,,,,,7453,,,,0.0,,0.0,,0.0
,,,0.2871898412704468,,0.9765310287475586,,,,,,,,,,,1.0,1.0,,,,,7454,,,,0.0,,0.0,,0.0
,,,0.18125000596046448,,0.9609375,,,,,,,,,,,1.0,1.0,,,,,7455,,,,0.0,,0.0,,0.0
,,,0.1294642835855484,,0.96875,,,,,,,,,,,1.0,1.0,,,,,7456,,,,0.0,,0.0,,0.0
,,,0.2580128312110901,,0.9759615659713745,,,,,,,,,,,1.0,1.0,,,,,7457,,,,0.0,,0.0,,0.0
,,,0.0807291641831398,,0.9921875,,,,,,,,,,,1.0,1.0,,,,,7458,,,,0.0,,0.0,,0.0
,,,0.0850694477558136,,0.9921875,,,,,,,,,,,1.0,1.0,,,,,7459,,,,0.0,,0.0,,0.0
,,,0.17562416195869446,,1.0,,,,,,,,,,,1.0,1.0,,,,,7460,,,,0.0,,0.0,,0.0
,,,0.1536458283662796,,1.0,,,,,,,,,,,1.0,1.0,,,,,7461,,,,0.0,,0.0,,0.0
,,,0.1083984375,,0.984375,,,,,,,,,,,1.0,1.0,,,,,7462,,,,0.0,,0.0,,0.0
,,,0.1294642835855484,,0.984375,,,,,,,,,,,1.0,1.0,,,,,7463,,,,0.0,,0.0,,0.0
,,,0.21980953216552734,,0.9839999675750732,,,,,,,,,,,1.0,1.0,,,,,7464,,,,0.0,,0.0,,0.0
,,,0.1272321492433548,,0.984375,,,,,,,,,,,1.0,1.0,,,,,7465,,,,0.0,,0.0,,0.0
,,,0.111328125,,0.96875,,,,,,,,,,,1.0,1.0,,,,,7466,,,,0.0,,0.0,,0.0
,,,0.22875817120075226,,0.9957983493804932,,,,,,,,,,,1.0,1.0,,,,,7467,,,,0.0,,0.0,,0.0
,,,0.1341145783662796,,0.984375,,,,,,,,,,,1.0,1.0,,,,,7468,,,,0.0,,0.0,,0.0
,,,0.1116071417927742,,0.96875,,,,,,,,,,,1.0,1.0,,,,,7469,,,,0.0,,0.0,,0.0
,,,0.18903318047523499,,1.0,,,,,,,,,,,1.0,1.0,,,,,7470,,,,0.0,,0.0,,0.0
,,,0.115234375,,1.0,,,,,,,,,,,1.0,1.0,,,,,7471,,,,0.0,,0.0,,0.0
,,,0.18593749403953552,,0.9921875,,,,,,,,,,,1.0,1.0,,,,,7472,,,,0.0,,0.0,,0.0
,,,0.20155665278434753,,0.965753436088562,,,,,,,,,,,1.0,1.0,,,,,7473,,,,0.0,,0.0,,0.0
,,,0.0850694477558136,,0.9296875,,,,,,,,,,,1.0,1.0,,,,,7474,,,,0.0,,0.0,,0.0
,,,0.1025390625,,0.9453125,,,,,,,,,,,1.0,1.0,,,,,7475,,,,0.0,,0.0,,0.0
,,,0.16157636046409607,,0.9598522186279297,,,,,,,,,,,1.0,1.0,,,,,7476,,,,0.0,,0.0,,0.0
,,,0.15937499701976776,,0.9921875,,,,,,,,,,,1.0,1.0,,,,,7477,,,,0.0,,0.0,,0.0
,,,0.1302083283662796,,1.0,,,,,,,,,,,1.0,1.0,,,,,7478,,,,0.0,,0.0,,0.0
,,,0.20544025301933289,,1.0,,,,,,,,,,,1.0,1.0,,,,,7479,,,,0.0,,0.0,,0.0
,,,0.22265625,,0.984375,,,,,,,,,,,1.0,1.0,,,,,7480,,,,0.0,,0.0,,0.0
,,,0.1471354216337204,,0.9765625,,,,,,,,,,,1.0,1.0,,,,,7481,,,,0.0,,0.0,,0.0
,,,0.24217316508293152,,0.9882352948188782,,,,,,,,,,,1.0,1.0,,,,,7482,,,,0.0,,0.0,,0.0
,,,0.1216517835855484,,0.984375,,,,,,,,,,,1.0,1.0,,,,,7483,,,,0.0,,0.0,,0.0
,,,0.125,,1.0,,,,,,,,,,,1.0,1.0,,,,,7484,,,,0.0,,0.0,,0.0
,,,0.2889162302017212,,0.985714316368103,,,,,,,,,,,1.0,1.0,,,,,7485,,,,0.0,,0.0,,0.0
,,,0.1305803507566452,,0.9609375,,,,,,,,,,,1.0,1.0,,,,,7486,,,,0.0,,0.0,,0.0
,,,0.18281249701976776,,0.9765625,,,,,,,,,,,1.0,1.0,,,,,7487,,,,0.0,,0.0,,0.0
,,,0.16801241040229797,,0.9515537023544312,,,,,,,,,,,1.0,1.0,,,,,7488,,,,0.0,,0.0,,0.0
,,,0.0902777761220932,,1.0,,,,,,,,,,,1.0,1.0,,,,,7489,,,,0.0,,0.0,,0.0
,,,0.0798611119389534,,0.9921875,,,,,,,,,,,1.0,1.0,,,,,7490,,,,0.0,,0.0,,0.0
,,,0.1544078290462494,,1.0,,,,,,,,,,,1.0,1.0,,,,,7491,,,,0.0,,0.0,,0.0
,,,0.18437500298023224,,1.0,,,,,,,,,,,1.0,1.0,,,,,7492,,,,0.0,,0.0,,0.0
,,,0.1283482164144516,,0.9765625,,,,,,,,,,,1.0,1.0,,,,,7493,,,,0.0,,0.0,,0.0
,,,0.30530303716659546,,0.9568182229995728,,,,,,,,,,,1.0,1.0,,,,,7494,,,,0.0,,0.0,,0.0
,,,0.1261160671710968,,0.9921875,,,,,,,,,,,1.0,1.0,,,,,7495,,,,0.0,,0.0,,0.0
,,,0.1162109375,,0.984375,,,,,,,,,,,1.0,1.0,,,,,7496,,,,0.0,,0.0,,0.0
,,,0.2468263804912567,,0.97465580701828,,,,,,,,,,,1.0,1.0,,,,,7497,,,,0.0,,0.0,,0.0
,,,0.16562500596046448,,0.9921875,,,,,,,,,,,1.0,1.0,,,,,7498,,,,0.0,,0.0,,0.0
,,,0.1341145783662796,,0.984375,,,,,,,,,,,1.0,1.0,,,,,7499,,,,0.0,,0.0,,0.0
,,,0.0928819477558136,,0.984375,,,,,,,,,,,1.0,1.0,,,,,7500,,,,0.0,,0.0,,0.0
,,,0.11417322605848312,,1.0,,,,,,,,,,,1.0,1.0,,,,,7501,,,,0.0,,0.0,,0.0
,,,0.1142578125,,0.984375,,,,,,,,,,,1.0,1.0,,,,,7502,,,,0.0,,0.0,,0.0
,,,0.232421875,,1.0,,,,,,,,,,,1.0,1.0,,,,,7503,,,,0.0,,0.0,,0.0
,,,0.1885775923728943,,0.9612069129943848,,,,,,,,,,,1.0,1.0,,,,,7504,,,,0.0,,0.0,,0.0
,,,0.0842013880610466,,0.9375,,,,,,,,,,,1.0,1.0,,,,,7505,,,,0.0,,0.0,,0.0
,,,0.0954861119389534,,0.9609375,,,,,,,,,,,1.0,1.0,,,,,7506,,,,0.0,,0.0,,0.0
,,,0.1949945092201233,,0.9900990128517151,,,,,,,,,,,1.0,1.0,,,,,7507,,,,0.0,,0.0,,0.0
,,,0.1315104216337204,,0.9921875,,,,,,,,,,,1.0,1.0,,,,,7508,,,,0.0,,0.0,,0.0
,,,0.1328125,,1.0,,,,,,,,,,,1.0,1.0,,,,,7509,,,,0.0,,0.0,,0.0
,,,0.1979166567325592,,0.9947916269302368,,,,,,,,,,,1.0,1.0,,,,,7510,,,,0.0,,0.0,,0.0
,,,0.1497395783662796,,0.96875,,,,,,,,,,,1.0,1.0,,,,,7511,,,,0.0,,0.0,,0.0
,,,0.1194196417927742,,0.984375,,,,,,,,,,,1.0,1.0,,,,,7512,,,,0.0,,0.0,,0.0
,,,0.343410849571228,,0.988095223903656,,,,,,,,,,,1.0,1.0,,,,,7513,,,,0.0,,0.0,,0.0
,,,0.0911458358168602,,0.984375,,,,,,,,,,,1.0,1.0,,,,,7514,,,,0.0,,0.0,,0.0
,,,0.17812499403953552,,0.9921875,,,,,,,,,,,1.0,1.0,,,,,7515,,,,0.0,,0.0,,0.0
,,,0.2584913671016693,,0.9778760671615601,,,,,,,,,,,1.0,1.0,,,,,7516,,,,0.0,,0.0,,0.0
,,,0.1549479216337204,,0.9765625,,,,,,,,,,,1.0,1.0,,,,,7517,,,,0.0,,0.0,,0.0
,,,0.18281249701976776,,0.9609375,,,,,,,,,,,1.0,1.0,,,,,7518,,,,0.0,,0.0,,0.0
,,,0.1672278344631195,,0.9398989677429199,,,,,,,,,,,1.0,1.0,,,,,7519,,,,0.0,,0.0,,0.0
,,,0.0859375,,1.0,,,,,,,,,,,1.0,1.0,,,,,7520,,,,0.0,,0.0,,0.0
,,,0.0763888880610466,,0.9921875,,,,,,,,,,,1.0,1.0,,,,,7521,,,,0.0,,0.0,,0.0
,,,0.14796295762062073,,1.0,,,,,,,,,,,1.0,1.0,,,,,7522,,,,0.0,,0.0,,0.0
,,,0.1283482164144516,,0.9921875,,,,,,,,,,,1.0,1.0,,,,,7523,,,,0.0,,0.0,,0.0
,,,0.234375,,0.984375,,,,,,,,,,,1.0,1.0,,,,,7524,,,,0.0,,0.0,,0.0
,,,0.3044622838497162,,0.9708166122436523,,,,,,,,,,,1.0,1.0,,,,,7525,,,,0.0,,0.0,,0.0
,,,0.1283482164144516,,0.9921875,,,,,,,,,,,1.0,1.0,,,,,7526,,,,0.0,,0.0,,0.0
,,,0.1162109375,,0.9765625,,,,,,,,,,,1.0,1.0,,,,,7527,,,,0.0,,0.0,,0.0
,,,0.2401324212551117,,0.9901961088180542,,,,,,,,,,,1.0,1.0,,,,,7528,,,,0.0,,0.0,,0.0
,,,0.16875000298023224,,0.9921875,,,,,,,,,,,1.0,1.0,,,,,7529,,,,0.0,,0.0,,0.0
,,,0.1315104216337204,,0.984375,,,,,,,,,,,1.0,1.0,,,,,7530,,,,0.0,,0.0,,0.0
,,,0.1949673891067505,,0.9941860437393188,,,,,,,,,,,1.0,1.0,,,,,7531,,,,0.0,,0.0,,0.0
,,,0.1261160671710968,,1.0,,,,,,,,,,,1.0,1.0,,,,,7532,,,,0.0,,0.0,,0.0
,,,0.1549479216337204,,0.9921875,,,,,,,,,,,1.0,1.0,,,,,7533,,,,0.0,,0.0,,0.0
,,,0.25863462686538696,,1.0,,,,,,,,,,,1.0,1.0,,,,,7534,,,,0.0,,0.0,,0.0
,,,0.0824652761220932,,0.921875,,,,,,,,,,,1.0,1.0,,,,,7535,,,,0.0,,0.0,,0.0
,,,0.0833333358168602,,0.9140625,,,,,,,,,,,1.0,1.0,,,,,7536,,,,0.0,,0.0,,0.0
,,,0.2265625,,0.9955357313156128,,,,,,,,,,,1.0,1.0,,,,,7537,,,,0.0,,0.0,,0.0
,,,0.15000000596046448,,0.984375,,,,,,,,,,,1.0,1.0,,,,,7538,,,,0.0,,0.0,,0.0
,,,0.1104910746216774,,0.9921875,,,,,,,,,,,1.0,1.0,,,,,7539,,,,0.0,,0.0,,0.0
,,,0.20163169503211975,,1.0,,,,,,,,,,,1.0,1.0,,,,,7540,,,,0.0,,0.0,,0.0
,,,0.1238839253783226,,0.984375,,,,,,,,,,,1.0,1.0,,,,,7541,,,,0.0,,0.0,,0.0
,,,0.125,,0.984375,,,,,,,,,,,1.0,1.0,,,,,7542,,,,0.0,,0.0,,0.0
,,,0.10236220806837082,,0.9763779640197754,,,,,,,,,,,1.0,1.0,,,,,7543,,,,0.0,,0.0,,0.0
81,0.830251932144165,0.8465092182159424,,0.9817466139793396,,,,,,,,,,,,,,238.3776092529297,5836.1708984375,5.473855972290039,235.78573608398438,18121,,,0.0,,0.0,,0.0,
81,,,,,,0.21593554317951202,,0.4456218183040619,,8.534360885620117,,,,,,,,,,,,18121,0.4923568665981293,,,,,,,
,,,,,,,,,,,,,,3.805904281704818e-05,0.03,,,,,,,18149,,,,,,,,
82,,,,,,,0.2054242491722107,,0.44458216428756714,,9.1875,3.804060543188825e-05,0.029999999329447746,,,1.0,1.0,,,,,18149,,0.7779229879379272,,,,,,
,,,,,,,,,,,,,,3.7142092378158946e-05,0.03,,,,,,,18199,,,,,,,,
82,,,,,,,0.2211611270904541,,0.44658422470092773,,8.34375,3.712385660037398e-05,0.029999999329447746,,,1.0,1.0,,,,,18199,,0.4706539213657379,,,,,,
,,,,,,,,,,,,,,3.623531167800115e-05,0.03,,,,,,,18249,,,,,,,,
82,,,,,,,0.2315526306629181,,0.46925124526023865,,8.671875,3.621727955760434e-05,0.029999999329447746,,,1.0,1.0,,,,,18249,,0.5731872320175171,,,,,,
,,,,,,,,,,,,,,3.5338757271469564e-05,0.03,,,,,,,18299,,,,,,,,
82,,,,,,,0.20143428444862366,,0.4157711863517761,,7.8984375,3.5320932511240244e-05,0.029999999329447746,,,1.0,1.0,,,,,18299,,0.4011608958244324,,,,,,
,,,0.1458333283662796,,0.9921875,,,,,,,,,,,1.0,1.0,,,,,7544,,,,0.0,,0.0,,0.0
,,,0.140625,,1.0,,,,,,,,,,,1.0,1.0,,,,,7545,,,,0.0,,0.0,,0.0
,,,0.2539158761501312,,0.9900990128517151,,,,,,,,,,,1.0,1.0,,,,,7546,,,,0.0,,0.0,,0.0
,,,0.1588541716337204,,0.984375,,,,,,,,,,,1.0,1.0,,,,,7547,,,,0.0,,0.0,,0.0
,,,0.1875,,0.9765625,,,,,,,,,,,1.0,1.0,,,,,7548,,,,0.0,,0.0,,0.0
,,,0.19350960850715637,,0.9759615659713745,,,,,,,,,,,1.0,1.0,,,,,7549,,,,0.0,,0.0,,0.0
,,,0.07265625149011612,,0.9921875,,,,,,,,,,,1.0,1.0,,,,,7550,,,,0.0,,0.0,,0.0
,,,0.0885416641831398,,0.9921875,,,,,,,,,,,1.0,1.0,,,,,7551,,,,0.0,,0.0,,0.0
,,,0.15351629257202148,,0.9772727489471436,,,,,,,,,,,1.0,1.0,,,,,7552,,,,0.0,,0.0,,0.0
,,,0.1294642835855484,,1.0,,,,,,,,,,,1.0,1.0,,,,,7553,,,,0.0,,0.0,,0.0
,,,0.1103515625,,0.9921875,,,,,,,,,,,1.0,1.0,,,,,7554,,,,0.0,,0.0,,0.0
,,,0.1216517835855484,,0.9765625,,,,,,,,,,,1.0,1.0,,,,,7555,,,,0.0,,0.0,,0.0
,,,0.20000000298023224,,0.9880000352859497,,,,,,,,,,,1.0,1.0,,,,,7556,,,,0.0,,0.0,,0.0
,,,0.1393229216337204,,0.9765625,,,,,,,,,,,1.0,1.0,,,,,7557,,,,0.0,,0.0,,0.0
,,,0.09375,,0.96875,,,,,,,,,,,1.0,1.0,,,,,7558,,,,0.0,,0.0,,0.0
,,,0.23982927203178406,,1.0,,,,,,,,,,,1.0,1.0,,,,,7559,,,,0.0,,0.0,,0.0
,,,0.1354166716337204,,1.0,,,,,,,,,,,1.0,1.0,,,,,7560,,,,0.0,,0.0,,0.0
,,,0.0850694477558136,,0.984375,,,,,,,,,,,1.0,1.0,,,,,7561,,,,0.0,,0.0,,0.0
,,,0.20698052644729614,,0.9940476417541504,,,,,,,,,,,1.0,1.0,,,,,7562,,,,0.0,,0.0,,0.0
,,,0.1261160671710968,,0.9921875,,,,,,,,,,,1.0,1.0,,,,,7563,,,,0.0,,0.0,,0.0
,,,0.1497395783662796,,0.984375,,,,,,,,,,,1.0,1.0,,,,,7564,,,,0.0,,0.0,,0.0
,,,0.16901618242263794,,0.9681195020675659,,,,,,,,,,,1.0,1.0,,,,,7565,,,,0.0,,0.0,,0.0
,,,0.08515624701976776,,0.9765625,,,,,,,,,,,1.0,1.0,,,,,7566,,,,0.0,,0.0,,0.0
,,,0.11328125,,0.9765625,,,,,,,,,,,1.0,1.0,,,,,7567,,,,0.0,,0.0,,0.0
,,,0.22204433381557465,,0.9913793206214905,,,,,,,,,,,1.0,1.0,,,,,7568,,,,0.0,,0.0,,0.0
,,,0.224609375,,1.0,,,,,,,,,,,1.0,1.0,,,,,7569,,,,0.0,,0.0,,0.0
,,,0.1497395783662796,,1.0,,,,,,,,,,,1.0,1.0,,,,,7570,,,,0.0,,0.0,,0.0
,,,0.24542677402496338,,1.0,,,,,,,,,,,1.0,1.0,,,,,7571,,,,0.0,,0.0,,0.0
,,,0.13671875,,0.9609375,,,,,,,,,,,1.0,1.0,,,,,7572,,,,0.0,,0.0,,0.0
,,,0.1049107164144516,,0.984375,,,,,,,,,,,1.0,1.0,,,,,7573,,,,0.0,,0.0,,0.0
,,,0.18051376938819885,,0.9764705896377563,,,,,,,,,,,1.0,1.0,,,,,7574,,,,0.0,,0.0,,0.0
,,,0.1419270783662796,,0.9921875,,,,,,,,,,,1.0,1.0,,,,,7575,,,,0.0,,0.0,,0.0
,,,0.1432291716337204,,0.9921875,,,,,,,,,,,1.0,1.0,,,,,7576,,,,0.0,,0.0,,0.0
,,,0.3089490830898285,,0.9913793206214905,,,,,,,,,,,1.0,1.0,,,,,7577,,,,0.0,,0.0,,0.0
,,,0.1339285671710968,,0.9765625,,,,,,,,,,,1.0,1.0,,,,,7578,,,,0.0,,0.0,,0.0
,,,0.1339285671710968,,0.9765625,,,,,,,,,,,1.0,1.0,,,,,7579,,,,0.0,,0.0,,0.0
,,,0.16344505548477173,,0.9515537023544312,,,,,,,,,,,1.0,1.0,,,,,7580,,,,0.0,,0.0,,0.0
,,,0.07500000298023224,,1.0,,,,,,,,,,,1.0,1.0,,,,,7581,,,,0.0,,0.0,,0.0
,,,0.07500000298023224,,1.0,,,,,,,,,,,1.0,1.0,,,,,7582,,,,0.0,,0.0,,0.0
,,,0.17690950632095337,,0.9843711853027344,,,,,,,,,,,1.0,1.0,,,,,7583,,,,0.0,,0.0,,0.0
,,,0.1142578125,,1.0,,,,,,,,,,,1.0,1.0,,,,,7584,,,,0.0,,0.0,,0.0
,,,0.1272321492433548,,0.984375,,,,,,,,,,,1.0,1.0,,,,,7585,,,,0.0,,0.0,,0.0
,,,0.1944444477558136,,0.9761363863945007,,,,,,,,,,,1.0,1.0,,,,,7586,,,,0.0,,0.0,,0.0
,,,0.0885416641831398,,0.96875,,,,,,,,,,,1.0,1.0,,,,,7587,,,,0.0,,0.0,,0.0
,,,0.1103515625,,0.984375,,,,,,,,,,,1.0,1.0,,,,,7588,,,,0.0,,0.0,,0.0
,,,0.21065394580364227,,0.9840425252914429,,,,,,,,,,,1.0,1.0,,,,,7589,,,,0.0,,0.0,,0.0
,,,0.1044921875,,1.0,,,,,,,,,,,1.0,1.0,,,,,7590,,,,0.0,,0.0,,0.0
,,,0.1071428582072258,,0.9921875,,,,,,,,,,,1.0,1.0,,,,,7591,,,,0.0,,0.0,,0.0
,,,0.0986328125,,0.9921875,,,,,,,,,,,1.0,1.0,,,,,7592,,,,0.0,,0.0,,0.0
,,,0.12935882806777954,,0.9842519760131836,,,,,,,,,,,1.0,1.0,,,,,7593,,,,0.0,,0.0,,0.0
,,,0.1272321492433548,,0.9765625,,,,,,,,,,,1.0,1.0,,,,,7594,,,,0.0,,0.0,,0.0
,,,0.1471354216337204,,0.9765625,,,,,,,,,,,1.0,1.0,,,,,7595,,,,0.0,,0.0,,0.0
,,,0.1612069010734558,,0.9454022645950317,,,,,,,,,,,1.0,1.0,,,,,7596,,,,0.0,,0.0,,0.0
,,,0.0954861119389534,,0.96875,,,,,,,,,,,1.0,1.0,,,,,7597,,,,0.0,,0.0,,0.0
,,,0.1305803507566452,,0.9921875,,,,,,,,,,,1.0,1.0,,,,,7598,,,,0.0,,0.0,,0.0
,,,0.3762376308441162,,0.9950494766235352,,,,,,,,,,,1.0,1.0,,,,,7599,,,,0.0,,0.0,,0.0
,,,0.234375,,1.0,,,,,,,,,,,1.0,1.0,,,,,7600,,,,0.0,,0.0,,0.0
,,,0.1497395783662796,,1.0,,,,,,,,,,,1.0,1.0,,,,,7601,,,,0.0,,0.0,,0.0
,,,0.2395833283662796,,0.9791666269302368,,,,,,,,,,,1.0,1.0,,,,,7602,,,,0.0,,0.0,,0.0
,,,0.09765625,,0.984375,,,,,,,,,,,1.0,1.0,,,,,7603,,,,0.0,,0.0,,0.0
,,,0.0947265625,,0.9765625,,,,,,,,,,,1.0,1.0,,,,,7604,,,,0.0,,0.0,,0.0
,,,0.23002690076828003,,0.976190447807312,,,,,,,,,,,1.0,1.0,,,,,7605,,,,0.0,,0.0,,0.0
,,,0.1216517835855484,,0.9921875,,,,,,,,,,,1.0,1.0,,,,,7606,,,,0.0,,0.0,,0.0
,,,0.14453125,,0.984375,,,,,,,,,,,1.0,1.0,,,,,7607,,,,0.0,,0.0,,0.0
,,,0.3007866144180298,,0.991150438785553,,,,,,,,,,,1.0,1.0,,,,,7608,,,,0.0,,0.0,,0.0
,,,0.1350446492433548,,0.9765625,,,,,,,,,,,1.0,1.0,,,,,7609,,,,0.0,,0.0,,0.0
,,,0.1328125,,0.9609375,,,,,,,,,,,1.0,1.0,,,,,7610,,,,0.0,,0.0,,0.0
,,,0.1579798012971878,,0.9398989677429199,,,,,,,,,,,1.0,1.0,,,,,7611,,,,0.0,,0.0,,0.0
,,,0.0902777761220932,,0.9921875,,,,,,,,,,,1.0,1.0,,,,,7612,,,,0.0,,0.0,,0.0
,,,0.07265625149011612,,1.0,,,,,,,,,,,1.0,1.0,,,,,7613,,,,0.0,,0.0,,0.0
,,,0.18004116415977478,,0.970370352268219,,,,,,,,,,,1.0,1.0,,,,,7614,,,,0.0,,0.0,,0.0
,,,0.1142578125,,0.9921875,,,,,,,,,,,1.0,1.0,,,,,7615,,,,0.0,,0.0,,0.0
,,,0.1261160671710968,,0.984375,,,,,,,,,,,1.0,1.0,,,,,7616,,,,0.0,,0.0,,0.0
,,,0.2167670726776123,,0.9828647971153259,,,,,,,,,,,1.0,1.0,,,,,7617,,,,0.0,,0.0,,0.0
,,,0.1015625,,0.96875,,,,,,,,,,,1.0,1.0,,,,,7618,,,,0.0,,0.0,,0.0
,,,0.1305803507566452,,0.984375,,,,,,,,,,,1.0,1.0,,,,,7619,,,,0.0,,0.0,,0.0
,,,0.1986885666847229,,0.9803921580314636,,,,,,,,,,,1.0,1.0,,,,,7620,,,,0.0,,0.0,,0.0
,,,0.1160714253783226,,1.0,,,,,,,,,,,1.0,1.0,,,,,7621,,,,0.0,,0.0,,0.0
,,,0.1060267835855484,,0.9921875,,,,,,,,,,,1.0,1.0,,,,,7622,,,,0.0,,0.0,,0.0
,,,0.19502891600131989,,0.9822812676429749,,,,,,,,,,,1.0,1.0,,,,,7623,,,,0.0,,0.0,,0.0
,,,0.1083984375,,0.96875,,,,,,,,,,,1.0,1.0,,,,,7624,,,,0.0,,0.0,,0.0
,,,0.18125000596046448,,0.9921875,,,,,,,,,,,1.0,1.0,,,,,7625,,,,0.0,,0.0,,0.0
,,,0.23050382733345032,,0.9793814420700073,,,,,,,,,,,1.0,1.0,,,,,7626,,,,0.0,,0.0,,0.0
,,,0.08515624701976776,,0.96875,,,,,,,,,,,1.0,1.0,,,,,7627,,,,0.0,,0.0,,0.0
,,,0.1064453125,,0.9609375,,,,,,,,,,,1.0,1.0,,,,,7628,,,,0.0,,0.0,,0.0
,,,0.26913267374038696,,1.0,,,,,,,,,,,1.0,1.0,,,,,7629,,,,0.0,,0.0,,0.0
,,,0.17812499403953552,,0.9921875,,,,,,,,,,,1.0,1.0,,,,,7630,,,,0.0,,0.0,,0.0
,,,0.1497395783662796,,1.0,,,,,,,,,,,1.0,1.0,,,,,7631,,,,0.0,,0.0,,0.0
,,,0.32836055755615234,,0.9545454978942871,,,,,,,,,,,1.0,1.0,,,,,7632,,,,0.0,,0.0,,0.0
,,,0.1160714253783226,,0.9765625,,,,,,,,,,,1.0,1.0,,,,,7633,,,,0.0,,0.0,,0.0
,,,0.0908203125,,0.9765625,,,,,,,,,,,1.0,1.0,,,,,7634,,,,0.0,,0.0,,0.0
,,,0.0874890610575676,,0.9685039520263672,,,,,,,,,,,1.0,1.0,,,,,7635,,,,0.0,,0.0,,0.0
82,0.8253282308578491,0.8506128787994385,,0.9841183423995972,,,,,,,,,,,,,,239.2969970703125,6490.7578125,5.477705478668213,236.124267578125,18342,,,0.0,,0.0,,0.0,
82,,,,,,0.21369324624538422,,0.4437412619590759,,8.561722755432129,,,,,,,,,,,,18342,0.48292672634124756,,,,,,,
,,,,,,,,,,,,,,3.445248507565645e-05,0.03,,,,,,,18349,,,,,,,,
83,,,,,,,0.2082127034664154,,0.43018200993537903,,8.25,3.4434866392984986e-05,0.029999999329447746,,,1.0,1.0,,,,,18349,,0.4634433388710022,,,,,,
,,,,,,,,,,,,,,3.3576550366364216e-05,0.03,,,,,,,18399,,,,,,,,
83,,,,,,,0.19169317185878754,,0.4195586144924164,,8.515625,3.3559135772520676e-05,0.029999999329447746,,,1.0,1.0,,,,,18399,,0.6375472545623779,,,,,,
,,,,,,,,,,,,,,3.2711007774657815e-05,0.03,,,,,,,18449,,,,,,,,
83,,,,,,,0.1988663673400879,,0.4242781400680542,,8.390625,3.2693802495487034e-05,0.029999999329447746,,,1.0,1.0,,,,,18449,,0.46164822578430176,,,,,,
,,,,,,,,,,,,,,3.185591128345749e-05,0.03,,,,,,,18499,,,,,,,,
83,,,,,,,0.205179363489151,,0.43838027119636536,,8.7265625,3.183891749358736e-05,0.029999999329447746,,,1.0,1.0,,,,,18499,,0.4649285078048706,,,,,,
,,,,,,,,,,,,,,3.1011314224171854e-05,0.03,,,,,,,18549,,,,,,,,
83,,,,,,,0.21807639300823212,,0.4662182629108429,,9.25,3.0994528060546145e-05,0.029999999329447746,,,1.0,1.0,,,,,18549,,0.3228347897529602,,,,,,
,,,0.18593749403953552,,1.0,,,,,,,,,,,1.0,1.0,,,,,7636,,,,0.0,,0.0,,0.0
,,,0.1103515625,,1.0,,,,,,,,,,,1.0,1.0,,,,,7637,,,,0.0,,0.0,,0.0
,,,0.2305188775062561,,0.9900990128517151,,,,,,,,,,,1.0,1.0,,,,,7638,,,,0.0,,0.0,,0.0
,,,0.19062499701976776,,0.9921875,,,,,,,,,,,1.0,1.0,,,,,7639,,,,0.0,,0.0,,0.0
,,,0.18906250596046448,,1.0,,,,,,,,,,,1.0,1.0,,,,,7640,,,,0.0,,0.0,,0.0
,,,0.19711539149284363,,0.990384578704834,,,,,,,,,,,1.0,1.0,,,,,7641,,,,0.0,,0.0,,0.0
,,,0.05546874925494194,,0.9765625,,,,,,,,,,,1.0,1.0,,,,,7642,,,,0.0,,0.0,,0.0
,,,0.0746527761220932,,0.96875,,,,,,,,,,,1.0,1.0,,,,,7643,,,,0.0,,0.0,,0.0
,,,0.14502573013305664,,0.9725557565689087,,,,,,,,,,,1.0,1.0,,,,,7644,,,,0.0,,0.0,,0.0
,,,0.111328125,,1.0,,,,,,,,,,,1.0,1.0,,,,,7645,,,,0.0,,0.0,,0.0
,,,0.107421875,,0.9765625,,,,,,,,,,,1.0,1.0,,,,,7646,,,,0.0,,0.0,,0.0
,,,0.1238839253783226,,0.984375,,,,,,,,,,,1.0,1.0,,,,,7647,,,,0.0,,0.0,,0.0
,,,0.3253333568572998,,0.9959999918937683,,,,,,,,,,,1.0,1.0,,,,,7648,,,,0.0,,0.0,,0.0
,,,0.19062499701976776,,0.9921875,,,,,,,,,,,1.0,1.0,,,,,7649,,,,0.0,,0.0,,0.0
,,,0.15625,,0.9921875,,,,,,,,,,,1.0,1.0,,,,,7650,,,,0.0,,0.0,,0.0
,,,0.2044817954301834,,0.9915966391563416,,,,,,,,,,,1.0,1.0,,,,,7651,,,,0.0,,0.0,,0.0
,,,0.1216517835855484,,0.9921875,,,,,,,,,,,1.0,1.0,,,,,7652,,,,0.0,,0.0,,0.0
,,,0.0894097238779068,,0.984375,,,,,,,,,,,1.0,1.0,,,,,7653,,,,0.0,,0.0,,0.0
,,,0.18386244773864746,,0.9767315983772278,,,,,,,,,,,1.0,1.0,,,,,7654,,,,0.0,,0.0,,0.0
,,,0.08906249701976776,,0.96875,,,,,,,,,,,1.0,1.0,,,,,7655,,,,0.0,,0.0,,0.0
,,,0.1510416716337204,,0.9765625,,,,,,,,,,,1.0,1.0,,,,,7656,,,,0.0,,0.0,,0.0
,,,0.2033001184463501,,0.9612702131271362,,,,,,,,,,,1.0,1.0,,,,,7657,,,,0.0,,0.0,,0.0
,,,0.107421875,,0.984375,,,,,,,,,,,1.0,1.0,,,,,7658,,,,0.0,,0.0,,0.0
,,,0.1064453125,,0.984375,,,,,,,,,,,1.0,1.0,,,,,7659,,,,0.0,,0.0,,0.0
,,,0.18812260031700134,,0.9741379022598267,,,,,,,,,,,1.0,1.0,,,,,7660,,,,0.0,,0.0,,0.0
,,,0.1194196417927742,,1.0,,,,,,,,,,,1.0,1.0,,,,,7661,,,,0.0,,0.0,,0.0
,,,0.0920138880610466,,0.96875,,,,,,,,,,,1.0,1.0,,,,,7662,,,,0.0,,0.0,,0.0
,,,0.18088048696517944,,0.9933333396911621,,,,,,,,,,,1.0,1.0,,,,,7663,,,,0.0,,0.0,,0.0
,,,0.1194196417927742,,0.9765625,,,,,,,,,,,1.0,1.0,,,,,7664,,,,0.0,,0.0,,0.0
,,,0.08203125,,0.96875,,,,,,,,,,,1.0,1.0,,,,,7665,,,,0.0,,0.0,,0.0
,,,0.19483204185962677,,0.9764705896377563,,,,,,,,,,,1.0,1.0,,,,,7666,,,,0.0,,0.0,,0.0
,,,0.1484375,,0.9921875,,,,,,,,,,,1.0,1.0,,,,,7667,,,,0.0,,0.0,,0.0
,,,0.1216517835855484,,0.984375,,,,,,,,,,,1.0,1.0,,,,,7668,,,,0.0,,0.0,,0.0
,,,0.23602217435836792,,0.9928570985794067,,,,,,,,,,,1.0,1.0,,,,,7669,,,,0.0,,0.0,,0.0
,,,0.240234375,,0.9921875,,,,,,,,,,,1.0,1.0,,,,,7670,,,,0.0,,0.0,,0.0
,,,0.19218750298023224,,0.9921875,,,,,,,,,,,1.0,1.0,,,,,7671,,,,0.0,,0.0,,0.0
,,,0.16320037841796875,,0.9761438369750977,,,,,,,,,,,1.0,1.0,,,,,7672,,,,0.0,,0.0,,0.0
,,,0.0625,,0.984375,,,,,,,,,,,1.0,1.0,,,,,7673,,,,0.0,,0.0,,0.0
,,,0.0729166641831398,,0.9921875,,,,,,,,,,,1.0,1.0,,,,,7674,,,,0.0,,0.0,,0.0
,,,0.15932708978652954,,0.9843711853027344,,,,,,,,,,,1.0,1.0,,,,,7675,,,,0.0,,0.0,,0.0
,,,0.15234375,,0.9921875,,,,,,,,,,,1.0,1.0,,,,,7676,,,,0.0,,0.0,,0.0
,,,0.107421875,,0.984375,,,,,,,,,,,1.0,1.0,,,,,7677,,,,0.0,,0.0,,0.0
,,,0.26363635063171387,,0.9886363744735718,,,,,,,,,,,1.0,1.0,,,,,7678,,,,0.0,,0.0,,0.0
,,,0.1588541716337204,,0.9921875,,,,,,,,,,,1.0,1.0,,,,,7679,,,,0.0,,0.0,,0.0
,,,0.19218750298023224,,0.9921875,,,,,,,,,,,1.0,1.0,,,,,7680,,,,0.0,,0.0,,0.0
,,,0.25710710883140564,,0.9852941036224365,,,,,,,,,,,1.0,1.0,,,,,7681,,,,0.0,,0.0,,0.0
,,,0.107421875,,0.984375,,,,,,,,,,,1.0,1.0,,,,,7682,,,,0.0,,0.0,,0.0
,,,0.08203125,,0.9921875,,,,,,,,,,,1.0,1.0,,,,,7683,,,,0.0,,0.0,,0.0
,,,0.0911458358168602,,0.984375,,,,,,,,,,,1.0,1.0,,,,,7684,,,,0.0,,0.0,,0.0
,,,0.2099737524986267,,0.9881889820098877,,,,,,,,,,,1.0,1.0,,,,,7685,,,,0.0,,0.0,,0.0
,,,0.1294642835855484,,0.96875,,,,,,,,,,,1.0,1.0,,,,,7686,,,,0.0,,0.0,,0.0
,,,0.125,,0.9765625,,,,,,,,,,,1.0,1.0,,,,,7687,,,,0.0,,0.0,,0.0
,,,0.17081737518310547,,0.9454022645950317,,,,,,,,,,,1.0,1.0,,,,,7688,,,,0.0,,0.0,,0.0
,,,0.1025390625,,0.9765625,,,,,,,,,,,1.0,1.0,,,,,7689,,,,0.0,,0.0,,0.0
,,,0.1294642835855484,,0.9921875,,,,,,,,,,,1.0,1.0,,,,,7690,,,,0.0,,0.0,,0.0
,,,0.2510870099067688,,0.985148549079895,,,,,,,,,,,1.0,1.0,,,,,7691,,,,0.0,,0.0,,0.0
,,,0.1194196417927742,,0.984375,,,,,,,,,,,1.0,1.0,,,,,7692,,,,0.0,,0.0,,0.0
,,,0.1149553582072258,,0.984375,,,,,,,,,,,1.0,1.0,,,,,7693,,,,0.0,,0.0,,0.0
,,,0.17592592537403107,,0.9895833730697632,,,,,,,,,,,1.0,1.0,,,,,7694,,,,0.0,,0.0,,0.0
,,,0.0902777761220932,,0.984375,,,,,,,,,,,1.0,1.0,,,,,7695,,,,0.0,,0.0,,0.0
,,,0.0894097238779068,,0.9765625,,,,,,,,,,,1.0,1.0,,,,,7696,,,,0.0,,0.0,,0.0
,,,0.2553393542766571,,0.976190447807312,,,,,,,,,,,1.0,1.0,,,,,7697,,,,0.0,,0.0,,0.0
,,,0.1083984375,,0.9921875,,,,,,,,,,,1.0,1.0,,,,,7698,,,,0.0,,0.0,,0.0
,,,0.1471354216337204,,0.984375,,,,,,,,,,,1.0,1.0,,,,,7699,,,,0.0,,0.0,,0.0
,,,0.25908133387565613,,0.991150438785553,,,,,,,,,,,1.0,1.0,,,,,7700,,,,0.0,,0.0,,0.0
,,,0.2421875,,1.0,,,,,,,,,,,1.0,1.0,,,,,7701,,,,0.0,,0.0,,0.0
,,,0.1588541716337204,,0.984375,,,,,,,,,,,1.0,1.0,,,,,7702,,,,0.0,,0.0,,0.0
,,,0.15521885454654694,,0.963131308555603,,,,,,,,,,,1.0,1.0,,,,,7703,,,,0.0,,0.0,,0.0
,,,0.06562499701976776,,0.984375,,,,,,,,,,,1.0,1.0,,,,,7704,,,,0.0,,0.0,,0.0
,,,0.0685763880610466,,1.0,,,,,,,,,,,1.0,1.0,,,,,7705,,,,0.0,,0.0,,0.0
,,,0.1613168716430664,,0.9657407402992249,,,,,,,,,,,1.0,1.0,,,,,7706,,,,0.0,,0.0,,0.0
,,,0.125,,0.9921875,,,,,,,,,,,1.0,1.0,,,,,7707,,,,0.0,,0.0,,0.0
,,,0.1497395783662796,,0.984375,,,,,,,,,,,1.0,1.0,,,,,7708,,,,0.0,,0.0,,0.0
,,,0.30678266286849976,,0.9888888597488403,,,,,,,,,,,1.0,1.0,,,,,7709,,,,0.0,,0.0,,0.0
,,,0.19062499701976776,,0.9921875,,,,,,,,,,,1.0,1.0,,,,,7710,,,,0.0,,0.0,,0.0
,,,0.23828125,,0.9921875,,,,,,,,,,,1.0,1.0,,,,,7711,,,,0.0,,0.0,,0.0
,,,0.299719899892807,,0.9935064911842346,,,,,,,,,,,1.0,1.0,,,,,7712,,,,0.0,,0.0,,0.0
,,,0.0972222238779068,,0.984375,,,,,,,,,,,1.0,1.0,,,,,7713,,,,0.0,,0.0,,0.0
,,,0.0902777761220932,,0.9921875,,,,,,,,,,,1.0,1.0,,,,,7714,,,,0.0,,0.0,,0.0
,,,0.19755136966705322,,0.9883720874786377,,,,,,,,,,,1.0,1.0,,,,,7715,,,,0.0,,0.0,,0.0
,,,0.0954861119389534,,0.9609375,,,,,,,,,,,1.0,1.0,,,,,7716,,,,0.0,,0.0,,0.0
,,,0.18437500298023224,,0.9765625,,,,,,,,,,,1.0,1.0,,,,,7717,,,,0.0,,0.0,,0.0
,,,0.25901466608047485,,0.9793814420700073,,,,,,,,,,,1.0,1.0,,,,,7718,,,,0.0,,0.0,,0.0
,,,0.107421875,,0.9765625,,,,,,,,,,,1.0,1.0,,,,,7719,,,,0.0,,0.0,,0.0
,,,0.1025390625,,0.96875,,,,,,,,,,,1.0,1.0,,,,,7720,,,,0.0,,0.0,,0.0
,,,0.2332589328289032,,1.0,,,,,,,,,,,1.0,1.0,,,,,7721,,,,0.0,,0.0,,0.0
,,,0.1354166716337204,,0.9765625,,,,,,,,,,,1.0,1.0,,,,,7722,,,,0.0,,0.0,,0.0
,,,0.103515625,,0.984375,,,,,,,,,,,1.0,1.0,,,,,7723,,,,0.0,,0.0,,0.0
,,,0.17637917399406433,,0.9502719640731812,,,,,,,,,,,1.0,1.0,,,,,7724,,,,0.0,,0.0,,0.0
,,,0.1064453125,,0.9765625,,,,,,,,,,,1.0,1.0,,,,,7725,,,,0.0,,0.0,,0.0
,,,0.0920138880610466,,0.9765625,,,,,,,,,,,1.0,1.0,,,,,7726,,,,0.0,,0.0,,0.0
,,,0.08923884481191635,,0.9685039520263672,,,,,,,,,,,1.0,1.0,,,,,7727,,,,0.0,,0.0,,0.0
83,0.833404541015625,0.8515903949737549,,0.984035849571228,,,,,,,,,,,,,,236.8823699951172,6019.125,5.467563629150391,233.17349243164062,18563,,,0.0,,0.0,,0.0,
83,,,,,,0.21345050632953644,,0.4430200457572937,,8.5412015914917,,,,,,,,,,,,18563,0.5004284381866455,,,,,,,
,,,,,,,,,,,,,,3.0177269273371768e-05,0.03,,,,,,,18599,,,,,,,,
84,,,,,,,0.2182254195213318,,0.43695226311683655,,7.9453125,3.016069604200311e-05,0.029999999329447746,,,1.0,1.0,,,,,18599,,0.335990309715271,,,,,,
,,,,,,,,,,,,,,2.9353828449504915e-05,0.03,,,,,,,18649,,,,,,,,
84,,,,,,,0.22786182165145874,,0.45364922285079956,,8.2578125,2.9337468731682748e-05,0.029999999329447746,,,1.0,1.0,,,,,18649,,0.4126635789871216,,,,,,
,,,,,,,,,,,,,,2.8541043109651523e-05,0.03,,,,,,,18699,,,,,,,,
84,,,,,,,0.2192801982164383,,0.4415111243724823,,8.140625,2.8524897061288357e-05,0.029999999329447746,,,1.0,1.0,,,,,18699,,0.5381941199302673,,,,,,
,,,,,,,,,,,,,,2.7738963946321223e-05,0.03,,,,,,,18749,,,,,,,,
84,,,,,,,0.21630103886127472,,0.43658918142318726,,8.1484375,2.7723031962523237e-05,0.029999999329447746,,,1.0,1.0,,,,,18749,,0.7025046944618225,,,,,,
,,,0.109375,,1.0,,,,,,,,,,,1.0,1.0,,,,,7728,,,,0.0,,0.0,,0.0
,,,0.1044921875,,0.9921875,,,,,,,,,,,1.0,1.0,,,,,7729,,,,0.0,,0.0,,0.0
,,,0.2539158761501312,,0.9900990128517151,,,,,,,,,,,1.0,1.0,,,,,7730,,,,0.0,,0.0,,0.0
,,,0.19218750298023224,,0.984375,,,,,,,,,,,1.0,1.0,,,,,7731,,,,0.0,,0.0,,0.0
,,,0.234375,,0.984375,,,,,,,,,,,1.0,1.0,,,,,7732,,,,0.0,,0.0,,0.0
,,,0.23443222045898438,,0.9807692170143127,,,,,,,,,,,1.0,1.0,,,,,7733,,,,0.0,,0.0,,0.0
,,,0.0798611119389534,,0.984375,,,,,,,,,,,1.0,1.0,,,,,7734,,,,0.0,,0.0,,0.0
,,,0.0815972238779068,,0.9921875,,,,,,,,,,,1.0,1.0,,,,,7735,,,,0.0,,0.0,,0.0
,,,0.16933485865592957,,0.9725557565689087,,,,,,,,,,,1.0,1.0,,,,,7736,,,,0.0,,0.0,,0.0
,,,0.1316964328289032,,0.984375,,,,,,,,,,,1.0,1.0,,,,,7737,,,,0.0,,0.0,,0.0
,,,0.1083984375,,0.96875,,,,,,,,,,,1.0,1.0,,,,,7738,,,,0.0,,0.0,,0.0
,,,0.109375,,0.984375,,,,,,,,,,,1.0,1.0,,,,,7739,,,,0.0,,0.0,,0.0
,,,0.22209525108337402,,0.8293333053588867,,,,,,,,,,,1.0,1.0,,,,,7740,,,,0.0,,0.0,,0.0
,,,0.0998263880610466,,0.9765625,,,,,,,,,,,1.0,1.0,,,,,7741,,,,0.0,,0.0,,0.0
,,,0.1064453125,,0.96875,,,,,,,,,,,1.0,1.0,,,,,7742,,,,0.0,,0.0,,0.0
,,,0.2161531299352646,,0.9957983493804932,,,,,,,,,,,1.0,1.0,,,,,7743,,,,0.0,,0.0,,0.0
,,,0.1419270783662796,,1.0,,,,,,,,,,,1.0,1.0,,,,,7744,,,,0.0,,0.0,,0.0
,,,0.1149553582072258,,0.9765625,,,,,,,,,,,1.0,1.0,,,,,7745,,,,0.0,,0.0,,0.0
,,,0.19672919809818268,,0.9713203310966492,,,,,,,,,,,1.0,1.0,,,,,7746,,,,0.0,,0.0,,0.0
,,,0.115234375,,1.0,,,,,,,,,,,1.0,1.0,,,,,7747,,,,0.0,,0.0,,0.0
,,,0.18593749403953552,,1.0,,,,,,,,,,,1.0,1.0,,,,,7748,,,,0.0,,0.0,,0.0
,,,0.18068355321884155,,0.9452054500579834,,,,,,,,,,,1.0,1.0,,,,,7749,,,,0.0,,0.0,,0.0
,,,0.07421875,,0.921875,,,,,,,,,,,1.0,1.0,,,,,7750,,,,0.0,,0.0,,0.0
,,,0.08124999701976776,,0.953125,,,,,,,,,,,1.0,1.0,,,,,7751,,,,0.0,,0.0,,0.0
,,,0.16620689630508423,,0.9770935773849487,,,,,,,,,,,1.0,1.0,,,,,7752,,,,0.0,,0.0,,0.0
,,,0.171875,,0.9921875,,,,,,,,,,,1.0,1.0,,,,,7753,,,,0.0,,0.0,,0.0
,,,0.15234375,,1.0,,,,,,,,,,,1.0,1.0,,,,,7754,,,,0.0,,0.0,,0.0
,,,0.18853947520256042,,0.9905660152435303,,,,,,,,,,,1.0,1.0,,,,,7755,,,,0.0,,0.0,,0.0
,,,0.1458333283662796,,0.9921875,,,,,,,,,,,1.0,1.0,,,,,7756,,,,0.0,,0.0,,0.0
,,,0.0911458358168602,,1.0,,,,,,,,,,,1.0,1.0,,,,,7757,,,,0.0,,0.0,,0.0
,,,0.2388508915901184,,0.9823529720306396,,,,,,,,,,,1.0,1.0,,,,,7758,,,,0.0,,0.0,,0.0
,,,0.1064453125,,0.9921875,,,,,,,,,,,1.0,1.0,,,,,7759,,,,0.0,,0.0,,0.0
,,,0.1171875,,0.9921875,,,,,,,,,,,1.0,1.0,,,,,7760,,,,0.0,,0.0,,0.0
,,,0.2234605848789215,,0.984236478805542,,,,,,,,,,,1.0,1.0,,,,,7761,,,,0.0,,0.0,,0.0
,,,0.18906250596046448,,0.9921875,,,,,,,,,,,1.0,1.0,,,,,7762,,,,0.0,,0.0,,0.0
,,,0.18906250596046448,,0.9765625,,,,,,,,,,,1.0,1.0,,,,,7763,,,,0.0,,0.0,,0.0
,,,0.20057499408721924,,0.9679471254348755,,,,,,,,,,,1.0,1.0,,,,,7764,,,,0.0,,0.0,,0.0
,,,0.0807291641831398,,0.9921875,,,,,,,,,,,1.0,1.0,,,,,7765,,,,0.0,,0.0,,0.0
,,,0.07265625149011612,,0.9921875,,,,,,,,,,,1.0,1.0,,,,,7766,,,,0.0,,0.0,,0.0
,,,0.14805862307548523,,0.9923076629638672,,,,,,,,,,,1.0,1.0,,,,,7767,,,,0.0,,0.0,,0.0
,,,0.1536458283662796,,0.984375,,,,,,,,,,,1.0,1.0,,,,,7768,,,,0.0,,0.0,,0.0
,,,0.0972222238779068,,0.9765625,,,,,,,,,,,1.0,1.0,,,,,7769,,,,0.0,,0.0,,0.0
,,,0.2600649297237396,,0.9761363863945007,,,,,,,,,,,1.0,1.0,,,,,7770,,,,0.0,,0.0,,0.0
,,,0.1272321492433548,,0.9921875,,,,,,,,,,,1.0,1.0,,,,,7771,,,,0.0,,0.0,,0.0
,,,0.1497395783662796,,0.984375,,,,,,,,,,,1.0,1.0,,,,,7772,,,,0.0,,0.0,,0.0
,,,0.18842998147010803,,0.9893617033958435,,,,,,,,,,,1.0,1.0,,,,,7773,,,,0.0,,0.0,,0.0
,,,0.1238839253783226,,0.9921875,,,,,,,,,,,1.0,1.0,,,,,7774,,,,0.0,,0.0,,0.0
,,,0.1393229216337204,,0.9921875,,,,,,,,,,,1.0,1.0,,,,,7775,,,,0.0,,0.0,,0.0
,,,0.0920138880610466,,0.9765625,,,,,,,,,,,1.0,1.0,,,,,7776,,,,0.0,,0.0,,0.0
,,,0.2778402864933014,,0.9921259880065918,,,,,,,,,,,1.0,1.0,,,,,7777,,,,0.0,,0.0,,0.0
,,,0.1123046875,,1.0,,,,,,,,,,,1.0,1.0,,,,,7778,,,,0.0,,0.0,,0.0
,,,0.18593749403953552,,1.0,,,,,,,,,,,1.0,1.0,,,,,7779,,,,0.0,,0.0,,0.0
,,,0.14339080452919006,,0.9482758641242981,,,,,,,,,,,1.0,1.0,,,,,7780,,,,0.0,,0.0,,0.0
,,,0.07343749701976776,,0.9296875,,,,,,,,,,,1.0,1.0,,,,,7781,,,,0.0,,0.0,,0.0
,,,0.1044921875,,0.9453125,,,,,,,,,,,1.0,1.0,,,,,7782,,,,0.0,,0.0,,0.0
,,,0.17691397666931152,,0.9900990128517151,,,,,,,,,,,1.0,1.0,,,,,7783,,,,0.0,,0.0,,0.0
,,,0.17812499403953552,,1.0,,,,,,,,,,,1.0,1.0,,,,,7784,,,,0.0,,0.0,,0.0
,,,0.18281249701976776,,1.0,,,,,,,,,,,1.0,1.0,,,,,7785,,,,0.0,,0.0,,0.0
,,,0.17939814925193787,,0.9947916269302368,,,,,,,,,,,1.0,1.0,,,,,7786,,,,0.0,,0.0,,0.0
,,,0.0946180522441864,,0.9921875,,,,,,,,,,,1.0,1.0,,,,,7787,,,,0.0,,0.0,,0.0
,,,0.103515625,,0.9921875,,,,,,,,,,,1.0,1.0,,,,,7788,,,,0.0,,0.0,,0.0
,,,0.24205030500888824,,0.976190447807312,,,,,,,,,,,1.0,1.0,,,,,7789,,,,0.0,,0.0,,0.0
,,,0.0928819477558136,,0.9921875,,,,,,,,,,,1.0,1.0,,,,,7790,,,,0.0,,0.0,,0.0
,,,0.103515625,,0.984375,,,,,,,,,,,1.0,1.0,,,,,7791,,,,0.0,,0.0,,0.0
,,,0.25528866052627563,,0.991150438785553,,,,,,,,,,,1.0,1.0,,,,,7792,,,,0.0,,0.0,,0.0
,,,0.2421875,,1.0,,,,,,,,,,,1.0,1.0,,,,,7793,,,,0.0,,0.0,,0.0
,,,0.18906250596046448,,0.953125,,,,,,,,,,,1.0,1.0,,,,,7794,,,,0.0,,0.0,,0.0
,,,0.1765432059764862,,0.9954545497894287,,,,,,,,,,,1.0,1.0,,,,,7795,,,,0.0,,0.0,,0.0
,,,0.091796875,,0.984375,,,,,,,,,,,1.0,1.0,,,,,7796,,,,0.0,,0.0,,0.0
,,,0.06718750298023224,,0.9921875,,,,,,,,,,,1.0,1.0,,,,,7797,,,,0.0,,0.0,,0.0
,,,0.18209877610206604,,0.9907407760620117,,,,,,,,,,,1.0,1.0,,,,,7798,,,,0.0,,0.0,,0.0
,,,0.11328125,,0.984375,,,,,,,,,,,1.0,1.0,,,,,7799,,,,0.0,,0.0,,0.0
,,,0.1283482164144516,,0.9765625,,,,,,,,,,,1.0,1.0,,,,,7800,,,,0.0,,0.0,,0.0
,,,0.2577930688858032,,0.9828647971153259,,,,,,,,,,,1.0,1.0,,,,,7801,,,,0.0,,0.0,,0.0
,,,0.1510416716337204,,0.9921875,,,,,,,,,,,1.0,1.0,,,,,7802,,,,0.0,,0.0,,0.0
,,,0.18437500298023224,,0.9765625,,,,,,,,,,,1.0,1.0,,,,,7803,,,,0.0,,0.0,,0.0
,,,0.20846065878868103,,0.9901961088180542,,,,,,,,,,,1.0,1.0,,,,,7804,,,,0.0,,0.0,,0.0
,,,0.109375,,0.9921875,,,,,,,,,,,1.0,1.0,,,,,7805,,,,0.0,,0.0,,0.0
,,,0.1183035746216774,,0.9921875,,,,,,,,,,,1.0,1.0,,,,,7806,,,,0.0,,0.0,,0.0
,,,0.1989048719406128,,0.9706533551216125,,,,,,,,,,,1.0,1.0,,,,,7807,,,,0.0,,0.0,,0.0
,,,0.1283482164144516,,0.9921875,,,,,,,,,,,1.0,1.0,,,,,7808,,,,0.0,,0.0,,0.0
,,,0.15625,,1.0,,,,,,,,,,,1.0,1.0,,,,,7809,,,,0.0,,0.0,,0.0
,,,0.2588246464729309,,1.0,,,,,,,,,,,1.0,1.0,,,,,7810,,,,0.0,,0.0,,0.0
,,,0.0824652761220932,,0.90625,,,,,,,,,,,1.0,1.0,,,,,7811,,,,0.0,,0.0,,0.0
,,,0.07343749701976776,,0.90625,,,,,,,,,,,1.0,1.0,,,,,7812,,,,0.0,,0.0,,0.0
,,,0.25637754797935486,,0.9866071343421936,,,,,,,,,,,1.0,1.0,,,,,7813,,,,0.0,,0.0,,0.0
,,,0.171875,,0.984375,,,,,,,,,,,1.0,1.0,,,,,7814,,,,0.0,,0.0,,0.0
,,,0.1497395783662796,,1.0,,,,,,,,,,,1.0,1.0,,,,,7815,,,,0.0,,0.0,,0.0
,,,0.18682551383972168,,1.0,,,,,,,,,,,1.0,1.0,,,,,7816,,,,0.0,,0.0,,0.0
,,,0.125,,0.9765625,,,,,,,,,,,1.0,1.0,,,,,7817,,,,0.0,,0.0,,0.0
,,,0.1083984375,,1.0,,,,,,,,,,,1.0,1.0,,,,,7818,,,,0.0,,0.0,,0.0
,,,0.0909886285662651,,0.9763779640197754,,,,,,,,,,,1.0,1.0,,,,,7819,,,,0.0,,0.0,,0.0
84,0.8278241157531738,0.8533586263656616,,0.9819846749305725,,,,,,,,,,,,,,238.0711212158203,5593.04345703125,5.472569465637207,232.76876831054688,18784,,,0.0,,0.0,,0.0,
84,,,,,,0.2109445184469223,,0.4393305480480194,,8.490632057189941,,,,,,,,,,,,18784,0.4797533452510834,,,,,,,
,,,,,,,,,,,,,,2.694764098429141e-05,0.03,,,,,,,18799,,,,,,,,
85,,,,,,,0.20886552333831787,,0.43485355377197266,,8.5078125,2.6931924367090687e-05,0.029999999329447746,,,1.0,1.0,,,,,18799,,0.558623731136322,,,,,,
,,,,,,,,,,,,,,2.6167123577487204e-05,0.03,,,,,,,18849,,,,,,,,
85,,,,,,,0.20147594809532166,,0.4225828945636749,,8.15625,2.6151623387704603e-05,0.029999999329447746,,,1.0,1.0,,,,,18849,,0.5004717111587524,,,,,,
,,,,,,,,,,,,,,2.5397460405903595e-05,0.03,,,,,,,18899,,,,,,,,
85,,,,,,,0.232725590467453,,0.4555375874042511,,8.0234375,2.538217813707888e-05,0.029999999329447746,,,1.0,1.0,,,,,18899,,0.29397016763687134,,,,,,
,,,,,,,,,,,,,,2.463869947256891e-05,0.03,,,,,,,18949,,,,,,,,
85,,,,,,,0.20357926189899445,,0.450903058052063,,9.328125,2.4623635908938013e-05,0.029999999329447746,,,1.0,1.0,,,,,18949,,0.5222997665405273,,,,,,
,,,,,,,,,,,,,,2.389088810055111e-05,0.03,,,,,,,18999,,,,,,,,
85,,,,,,,0.21519377827644348,,0.4491335451602936,,8.65625,2.387604399700649e-05,0.029999999329447746,,,1.0,1.0,,,,,18999,,0.48122888803482056,,,,,,
,,,0.1272321492433548,,0.984375,,,,,,,,,,,1.0,1.0,,,,,7820,,,,0.0,,0.0,,0.0
,,,0.1272321492433548,,0.984375,,,,,,,,,,,1.0,1.0,,,,,7821,,,,0.0,,0.0,,0.0
,,,0.2209387570619583,,0.9765310287475586,,,,,,,,,,,1.0,1.0,,,,,7822,,,,0.0,,0.0,,0.0
,,,0.1575520783662796,,0.9765625,,,,,,,,,,,1.0,1.0,,,,,7823,,,,0.0,,0.0,,0.0
,,,0.1328125,,0.9609375,,,,,,,,,,,1.0,1.0,,,,,7824,,,,0.0,,0.0,,0.0
,,,0.18189102411270142,,0.9711538553237915,,,,,,,,,,,1.0,1.0,,,,,7825,,,,0.0,,0.0,,0.0
,,,0.0798611119389534,,0.9921875,,,,,,,,,,,1.0,1.0,,,,,7826,,,,0.0,,0.0,,0.0
,,,0.06953124701976776,,0.9921875,,,,,,,,,,,1.0,1.0,,,,,7827,,,,0.0,,0.0,,0.0
,,,0.14862778782844543,,0.9725557565689087,,,,,,,,,,,1.0,1.0,,,,,7828,,,,0.0,,0.0,,0.0
,,,0.1316964328289032,,0.984375,,,,,,,,,,,1.0,1.0,,,,,7829,,,,0.0,,0.0,,0.0
,,,0.107421875,,0.9765625,,,,,,,,,,,1.0,1.0,,,,,7830,,,,0.0,,0.0,,0.0
,,,0.125,,0.96875,,,,,,,,,,,1.0,1.0,,,,,7831,,,,0.0,,0.0,,0.0
,,,0.22438094019889832,,0.9959999918937683,,,,,,,,,,,1.0,1.0,,,,,7832,,,,0.0,,0.0,,0.0
,,,0.1142578125,,0.96875,,,,,,,,,,,1.0,1.0,,,,,7833,,,,0.0,,0.0,,0.0
,,,0.0989583358168602,,0.9765625,,,,,,,,,,,1.0,1.0,,,,,7834,,,,0.0,,0.0,,0.0
,,,0.20459851622581482,,1.0,,,,,,,,,,,1.0,1.0,,,,,7835,,,,0.0,,0.0,,0.0
,,,0.125,,0.984375,,,,,,,,,,,1.0,1.0,,,,,7836,,,,0.0,,0.0,,0.0
,,,0.087890625,,0.984375,,,,,,,,,,,1.0,1.0,,,,,7837,,,,0.0,,0.0,,0.0
,,,0.17640691995620728,,0.9826840162277222,,,,,,,,,,,1.0,1.0,,,,,7838,,,,0.0,,0.0,,0.0
,,,0.1103515625,,0.984375,,,,,,,,,,,1.0,1.0,,,,,7839,,,,0.0,,0.0,,0.0
,,,0.1536458283662796,,0.984375,,,,,,,,,,,1.0,1.0,,,,,7840,,,,0.0,,0.0,,0.0
,,,0.21127024292945862,,0.9794520139694214,,,,,,,,,,,1.0,1.0,,,,,7841,,,,0.0,,0.0,,0.0
,,,0.0911458358168602,,0.9609375,,,,,,,,,,,1.0,1.0,,,,,7842,,,,0.0,,0.0,,0.0
,,,0.08359374850988388,,0.9609375,,,,,,,,,,,1.0,1.0,,,,,7843,,,,0.0,,0.0,,0.0
,,,0.17596060037612915,,0.9928570985794067,,,,,,,,,,,1.0,1.0,,,,,7844,,,,0.0,,0.0,,0.0
,,,0.1549479216337204,,1.0,,,,,,,,,,,1.0,1.0,,,,,7845,,,,0.0,,0.0,,0.0
,,,0.115234375,,1.0,,,,,,,,,,,1.0,1.0,,,,,7846,,,,0.0,,0.0,,0.0
,,,0.25653189420700073,,1.0,,,,,,,,,,,1.0,1.0,,,,,7847,,,,0.0,,0.0,,0.0
,,,0.1305803507566452,,1.0,,,,,,,,,,,1.0,1.0,,,,,7848,,,,0.0,,0.0,,0.0
,,,0.10546875,,0.9921875,,,,,,,,,,,1.0,1.0,,,,,7849,,,,0.0,,0.0,,0.0
,,,0.22804377973079681,,0.9823529720306396,,,,,,,,,,,1.0,1.0,,,,,7850,,,,0.0,,0.0,,0.0
,,,0.1432291716337204,,0.9765625,,,,,,,,,,,1.0,1.0,,,,,7851,,,,0.0,,0.0,,0.0
,,,0.1227678582072258,,0.9921875,,,,,,,,,,,1.0,1.0,,,,,7852,,,,0.0,,0.0,,0.0
,,,0.22419950366020203,,0.9770935773849487,,,,,,,,,,,1.0,1.0,,,,,7853,,,,0.0,,0.0,,0.0
,,,0.18906250596046448,,0.96875,,,,,,,,,,,1.0,1.0,,,,,7854,,,,0.0,,0.0,,0.0
,,,0.1316964328289032,,0.96875,,,,,,,,,,,1.0,1.0,,,,,7855,,,,0.0,,0.0,,0.0
,,,0.18901395797729492,,0.9515537023544312,,,,,,,,,,,1.0,1.0,,,,,7856,,,,0.0,,0.0,,0.0
,,,0.0798611119389534,,1.0,,,,,,,,,,,1.0,1.0,,,,,7857,,,,0.0,,0.0,,0.0
,,,0.06328125298023224,,0.9921875,,,,,,,,,,,1.0,1.0,,,,,7858,,,,0.0,,0.0,,0.0
,,,0.1464713215827942,,0.9843711853027344,,,,,,,,,,,1.0,1.0,,,,,7859,,,,0.0,,0.0,,0.0
,,,0.1294642835855484,,1.0,,,,,,,,,,,1.0,1.0,,,,,7860,,,,0.0,,0.0,,0.0
,,,0.1083984375,,0.96875,,,,,,,,,,,1.0,1.0,,,,,7861,,,,0.0,,0.0,,0.0
,,,0.22187499701976776,,0.9761363863945007,,,,,,,,,,,1.0,1.0,,,,,7862,,,,0.0,,0.0,,0.0
,,,0.1283482164144516,,0.9765625,,,,,,,,,,,1.0,1.0,,,,,7863,,,,0.0,,0.0,,0.0
,,,0.1316964328289032,,0.9921875,,,,,,,,,,,1.0,1.0,,,,,7864,,,,0.0,,0.0,,0.0
,,,0.17000417411327362,,0.9840425252914429,,,,,,,,,,,1.0,1.0,,,,,7865,,,,0.0,,0.0,,0.0
,,,0.095703125,,0.9921875,,,,,,,,,,,1.0,1.0,,,,,7866,,,,0.0,,0.0,,0.0
,,,0.1184895858168602,,0.984375,,,,,,,,,,,1.0,1.0,,,,,7867,,,,0.0,,0.0,,0.0
,,,0.0815972238779068,,0.984375,,,,,,,,,,,1.0,1.0,,,,,7868,,,,0.0,,0.0,,0.0
,,,0.11417322605848312,,0.9921259880065918,,,,,,,,,,,1.0,1.0,,,,,7869,,,,0.0,,0.0,,0.0
,,,0.1484375,,0.984375,,,,,,,,,,,1.0,1.0,,,,,7870,,,,0.0,,0.0,,0.0
,,,0.1796875,,0.9921875,,,,,,,,,,,1.0,1.0,,,,,7871,,,,0.0,,0.0,,0.0
,,,0.15028735995292664,,0.9784482717514038,,,,,,,,,,,1.0,1.0,,,,,7872,,,,0.0,,0.0,,0.0
,,,0.08203125,,0.9375,,,,,,,,,,,1.0,1.0,,,,,7873,,,,0.0,,0.0,,0.0
,,,0.107421875,,0.96875,,,,,,,,,,,1.0,1.0,,,,,7874,,,,0.0,,0.0,,0.0
,,,0.18762987852096558,,1.0,,,,,,,,,,,1.0,1.0,,,,,7875,,,,0.0,,0.0,,0.0
,,,0.18906250596046448,,1.0,,,,,,,,,,,1.0,1.0,,,,,7876,,,,0.0,,0.0,,0.0
,,,0.115234375,,1.0,,,,,,,,,,,1.0,1.0,,,,,7877,,,,0.0,,0.0,,0.0
,,,0.2252604067325592,,0.9947916269302368,,,,,,,,,,,1.0,1.0,,,,,7878,,,,0.0,,0.0,,0.0
,,,0.1283482164144516,,1.0,,,,,,,,,,,1.0,1.0,,,,,7879,,,,0.0,,0.0,,0.0
,,,0.0989583358168602,,0.984375,,,,,,,,,,,1.0,1.0,,,,,7880,,,,0.0,,0.0,,0.0
,,,0.252017080783844,,0.988095223903656,,,,,,,,,,,1.0,1.0,,,,,7881,,,,0.0,,0.0,,0.0
,,,0.103515625,,0.96875,,,,,,,,,,,1.0,1.0,,,,,7882,,,,0.0,,0.0,,0.0
,,,0.1227678582072258,,0.9921875,,,,,,,,,,,1.0,1.0,,,,,7883,,,,0.0,,0.0,,0.0
,,,0.23171091079711914,,0.9778760671615601,,,,,,,,,,,1.0,1.0,,,,,7884,,,,0.0,,0.0,,0.0
,,,0.1350446492433548,,0.984375,,,,,,,,,,,1.0,1.0,,,,,7885,,,,0.0,,0.0,,0.0
,,,0.1142578125,,0.953125,,,,,,,,,,,1.0,1.0,,,,,7886,,,,0.0,,0.0,,0.0
,,,0.16015712916851044,,0.9398989677429199,,,,,,,,,,,1.0,1.0,,,,,7887,,,,0.0,,0.0,,0.0
,,,0.0807291641831398,,1.0,,,,,,,,,,,1.0,1.0,,,,,7888,,,,0.0,,0.0,,0.0
,,,0.06015624850988388,,0.9921875,,,,,,,,,,,1.0,1.0,,,,,7889,,,,0.0,,0.0,,0.0
,,,0.142037034034729,,0.970370352268219,,,,,,,,,,,1.0,1.0,,,,,7890,,,,0.0,,0.0,,0.0
,,,0.109375,,0.9921875,,,,,,,,,,,1.0,1.0,,,,,7891,,,,0.0,,0.0,,0.0
,,,0.1261160671710968,,0.96875,,,,,,,,,,,1.0,1.0,,,,,7892,,,,0.0,,0.0,,0.0
,,,0.25752535462379456,,0.9828647971153259,,,,,,,,,,,1.0,1.0,,,,,7893,,,,0.0,,0.0,,0.0
,,,0.1142578125,,0.984375,,,,,,,,,,,1.0,1.0,,,,,7894,,,,0.0,,0.0,,0.0
,,,0.15625,,0.984375,,,,,,,,,,,1.0,1.0,,,,,7895,,,,0.0,,0.0,,0.0
,,,0.1679823398590088,,0.9803921580314636,,,,,,,,,,,1.0,1.0,,,,,7896,,,,0.0,,0.0,,0.0
,,,0.1127232164144516,,0.984375,,,,,,,,,,,1.0,1.0,,,,,7897,,,,0.0,,0.0,,0.0
,,,0.0859375,,0.9921875,,,,,,,,,,,1.0,1.0,,,,,7898,,,,0.0,,0.0,,0.0
,,,0.18333947658538818,,0.9883720874786377,,,,,,,,,,,1.0,1.0,,,,,7899,,,,0.0,,0.0,,0.0
,,,0.1238839253783226,,0.9765625,,,,,,,,,,,1.0,1.0,,,,,7900,,,,0.0,,0.0,,0.0
,,,0.18281249701976776,,0.9921875,,,,,,,,,,,1.0,1.0,,,,,7901,,,,0.0,,0.0,,0.0
,,,0.26048743724823,,0.9948453903198242,,,,,,,,,,,1.0,1.0,,,,,7902,,,,0.0,,0.0,,0.0
,,,0.07968749850988388,,0.9453125,,,,,,,,,,,1.0,1.0,,,,,7903,,,,0.0,,0.0,,0.0
,,,0.07890625298023224,,0.9296875,,,,,,,,,,,1.0,1.0,,,,,7904,,,,0.0,,0.0,,0.0
,,,0.26913267374038696,,1.0,,,,,,,,,,,1.0,1.0,,,,,7905,,,,0.0,,0.0,,0.0
,,,0.15234375,,1.0,,,,,,,,,,,1.0,1.0,,,,,7906,,,,0.0,,0.0,,0.0
,,,0.1536458283662796,,1.0,,,,,,,,,,,1.0,1.0,,,,,7907,,,,0.0,,0.0,,0.0
,,,0.309634804725647,,1.0,,,,,,,,,,,1.0,1.0,,,,,7908,,,,0.0,,0.0,,0.0
,,,0.1283482164144516,,0.9921875,,,,,,,,,,,1.0,1.0,,,,,7909,,,,0.0,,0.0,,0.0
,,,0.1103515625,,0.9921875,,,,,,,,,,,1.0,1.0,,,,,7910,,,,0.0,,0.0,,0.0
,,,0.09886264055967331,,0.9842519760131836,,,,,,,,,,,1.0,1.0,,,,,7911,,,,0.0,,0.0,,0.0
85,0.8245369791984558,0.8506361842155457,,0.9826236367225647,,,,,,,,,,,,,,236.43942260742188,5887.2392578125,5.465692043304443,236.54896545410156,19005,,,0.0,,0.0,,0.0,
85,,,,,,0.20961953699588776,,0.4371449053287506,,8.461786270141602,,,,,,,,,,,,19005,0.47704073786735535,,,,,,,
,,,,,,,,,,,,,,2.31540729300064e-05,0.03,,,,,,,19049,,,,,,,,
86,,,,,,,0.22843584418296814,,0.4505423307418823,,8.0859375,2.3139449695008807e-05,0.029999999329447746,,,1.0,1.0,,,,,19049,,0.4722209572792053,,,,,,
,,,,,,,,,,,,,,2.242829991527017e-05,0.03,,,,,,,19099,,,,,,,,
86,,,,,,,0.20192815363407135,,0.43706002831459045,,8.8515625,2.2413896658690646e-05,0.029999999329447746,,,1.0,1.0,,,,,19099,,0.35203808546066284,,,,,,
,,,,,,,,,,,,,,2.171361432199094e-05,0.03,,,,,,,19149,,,,,,,,
86,,,,,,,0.18626447021961212,,0.4116010069847107,,8.3984375,2.1699434000765905e-05,0.029999999329447746,,,1.0,1.0,,,,,19149,,0.6127760410308838,,,,,,
,,,,,,,,,,,,,,2.101006072430723e-05,0.03,,,,,,,19199,,,,,,,,
86,,,,,,,0.20917126536369324,,0.4379226565361023,,8.5390625,2.0996103557990864e-05,0.029999999329447746,,,1.0,1.0,,,,,19199,,0.5354859232902527,,,,,,
,,,0.1549479216337204,,1.0,,,,,,,,,,,1.0,1.0,,,,,7912,,,,0.0,,0.0,,0.0
,,,0.1796875,,1.0,,,,,,,,,,,1.0,1.0,,,,,7913,,,,0.0,,0.0,,0.0
,,,0.3057083487510681,,1.0,,,,,,,,,,,1.0,1.0,,,,,7914,,,,0.0,,0.0,,0.0
,,,0.16015625,,0.9921875,,,,,,,,,,,1.0,1.0,,,,,7915,,,,0.0,,0.0,,0.0
,,,0.19062499701976776,,1.0,,,,,,,,,,,1.0,1.0,,,,,7916,,,,0.0,,0.0,,0.0
,,,0.19070512056350708,,0.9807692170143127,,,,,,,,,,,1.0,1.0,,,,,7917,,,,0.0,,0.0,,0.0
,,,0.0590277761220932,,0.9765625,,,,,,,,,,,1.0,1.0,,,,,7918,,,,0.0,,0.0,,0.0
,,,0.06484375149011612,,0.9921875,,,,,,,,,,,1.0,1.0,,,,,7919,,,,0.0,,0.0,,0.0
,,,0.1338765025138855,,0.9498285055160522,,,,,,,,,,,1.0,1.0,,,,,7920,,,,0.0,,0.0,,0.0
,,,0.1103515625,,0.9765625,,,,,,,,,,,1.0,1.0,,,,,7921,,,,0.0,,0.0,,0.0
,,,0.099609375,,0.9609375,,,,,,,,,,,1.0,1.0,,,,,7922,,,,0.0,,0.0,,0.0
,,,0.103515625,,0.953125,,,,,,,,,,,1.0,1.0,,,,,7923,,,,0.0,,0.0,,0.0
,,,0.2742857336997986,,0.9919999837875366,,,,,,,,,,,1.0,1.0,,,,,7924,,,,0.0,,0.0,,0.0
,,,0.15234375,,0.9921875,,,,,,,,,,,1.0,1.0,,,,,7925,,,,0.0,,0.0,,0.0
,,,0.1510416716337204,,0.9765625,,,,,,,,,,,1.0,1.0,,,,,7926,,,,0.0,,0.0,,0.0
,,,0.2161531299352646,,0.9957983493804932,,,,,,,,,,,1.0,1.0,,,,,7927,,,,0.0,,0.0,,0.0
,,,0.1640625,,1.0,,,,,,,,,,,1.0,1.0,,,,,7928,,,,0.0,,0.0,,0.0
,,,0.1015625,,0.984375,,,,,,,,,,,1.0,1.0,,,,,7929,,,,0.0,,0.0,,0.0
,,,0.16320347785949707,,0.9707792401313782,,,,,,,,,,,1.0,1.0,,,,,7930,,,,0.0,,0.0,,0.0
,,,0.0928819477558136,,0.96875,,,,,,,,,,,1.0,1.0,,,,,7931,,,,0.0,,0.0,,0.0
,,,0.125,,0.953125,,,,,,,,,,,1.0,1.0,,,,,7932,,,,0.0,,0.0,,0.0
,,,0.1781928837299347,,0.9521793127059937,,,,,,,,,,,1.0,1.0,,,,,7933,,,,0.0,,0.0,,0.0
,,,0.0885416641831398,,0.9609375,,,,,,,,,,,1.0,1.0,,,,,7934,,,,0.0,,0.0,,0.0
,,,0.0963541641831398,,0.953125,,,,,,,,,,,1.0,1.0,,,,,7935,,,,0.0,,0.0,,0.0
,,,0.20153255760669708,,0.9928570985794067,,,,,,,,,,,1.0,1.0,,,,,7936,,,,0.0,,0.0,,0.0
,,,0.224609375,,1.0,,,,,,,,,,,1.0,1.0,,,,,7937,,,,0.0,,0.0,,0.0
,,,0.18281249701976776,,1.0,,,,,,,,,,,1.0,1.0,,,,,7938,,,,0.0,,0.0,,0.0
,,,0.260017991065979,,0.9716981053352356,,,,,,,,,,,1.0,1.0,,,,,7939,,,,0.0,,0.0,,0.0
,,,0.1484375,,0.984375,,,,,,,,,,,1.0,1.0,,,,,7940,,,,0.0,,0.0,,0.0
,,,0.1015625,,1.0,,,,,,,,,,,1.0,1.0,,,,,7941,,,,0.0,,0.0,,0.0
,,,0.20896032452583313,,0.9823529720306396,,,,,,,,,,,1.0,1.0,,,,,7942,,,,0.0,,0.0,,0.0
,,,0.17812499403953552,,1.0,,,,,,,,,,,1.0,1.0,,,,,7943,,,,0.0,,0.0,,0.0
,,,0.220703125,,1.0,,,,,,,,,,,1.0,1.0,,,,,7944,,,,0.0,,0.0,,0.0
,,,0.26277267932891846,,0.9913793206214905,,,,,,,,,,,1.0,1.0,,,,,7945,,,,0.0,,0.0,,0.0
,,,0.16015625,,0.9921875,,,,,,,,,,,1.0,1.0,,,,,7946,,,,0.0,,0.0,,0.0
,,,0.3203125,,1.0,,,,,,,,,,,1.0,1.0,,,,,7947,,,,0.0,,0.0,,0.0
,,,0.1600467562675476,,0.9597504138946533,,,,,,,,,,,1.0,1.0,,,,,7948,,,,0.0,,0.0,,0.0
,,,0.05546874925494194,,0.96875,,,,,,,,,,,1.0,1.0,,,,,7949,,,,0.0,,0.0,,0.0
,,,0.06015624850988388,,0.9921875,,,,,,,,,,,1.0,1.0,,,,,7950,,,,0.0,,0.0,,0.0
,,,0.13233211636543274,,0.9766788482666016,,,,,,,,,,,1.0,1.0,,,,,7951,,,,0.0,,0.0,,0.0
,,,0.1227678582072258,,0.984375,,,,,,,,,,,1.0,1.0,,,,,7952,,,,0.0,,0.0,,0.0
,,,0.1005859375,,0.96875,,,,,,,,,,,1.0,1.0,,,,,7953,,,,0.0,,0.0,,0.0
,,,0.22528409957885742,,0.9761363863945007,,,,,,,,,,,1.0,1.0,,,,,7954,,,,0.0,,0.0,,0.0
,,,0.11328125,,0.984375,,,,,,,,,,,1.0,1.0,,,,,7955,,,,0.0,,0.0,,0.0
,,,0.1162109375,,0.9921875,,,,,,,,,,,1.0,1.0,,,,,7956,,,,0.0,,0.0,,0.0
,,,0.2964121699333191,,0.9946808815002441,,,,,,,,,,,1.0,1.0,,,,,7957,,,,0.0,,0.0,,0.0
,,,0.16718749701976776,,0.9921875,,,,,,,,,,,1.0,1.0,,,,,7958,,,,0.0,,0.0,,0.0
,,,0.1160714253783226,,0.9921875,,,,,,,,,,,1.0,1.0,,,,,7959,,,,0.0,,0.0,,0.0
,,,0.1183035746216774,,0.9921875,,,,,,,,,,,1.0,1.0,,,,,7960,,,,0.0,,0.0,,0.0
,,,0.09711286425590515,,0.9724409580230713,,,,,,,,,,,1.0,1.0,,,,,7961,,,,0.0,,0.0,,0.0
,,,0.1064453125,,0.9765625,,,,,,,,,,,1.0,1.0,,,,,7962,,,,0.0,,0.0,,0.0
,,,0.08281250298023224,,0.953125,,,,,,,,,,,1.0,1.0,,,,,7963,,,,0.0,,0.0,,0.0
,,,0.16698595881462097,,0.8994252681732178,,,,,,,,,,,1.0,1.0,,,,,7964,,,,0.0,,0.0,,0.0
,,,0.0885416641831398,,0.9453125,,,,,,,,,,,1.0,1.0,,,,,7965,,,,0.0,,0.0,,0.0
,,,0.1272321492433548,,0.9765625,,,,,,,,,,,1.0,1.0,,,,,7966,,,,0.0,,0.0,,0.0
,,,0.31683170795440674,,1.0,,,,,,,,,,,1.0,1.0,,,,,7967,,,,0.0,,0.0,,0.0
,,,0.23046875,,1.0,,,,,,,,,,,1.0,1.0,,,,,7968,,,,0.0,,0.0,,0.0
,,,0.18437500298023224,,1.0,,,,,,,,,,,1.0,1.0,,,,,7969,,,,0.0,,0.0,,0.0
,,,0.2213541567325592,,0.9791666269302368,,,,,,,,,,,1.0,1.0,,,,,7970,,,,0.0,,0.0,,0.0
,,,0.109375,,0.9921875,,,,,,,,,,,1.0,1.0,,,,,7971,,,,0.0,,0.0,,0.0
,,,0.1171875,,0.984375,,,,,,,,,,,1.0,1.0,,,,,7972,,,,0.0,,0.0,,0.0
,,,0.24347412586212158,,0.988095223903656,,,,,,,,,,,1.0,1.0,,,,,7973,,,,0.0,,0.0,,0.0
,,,0.1083984375,,1.0,,,,,,,,,,,1.0,1.0,,,,,7974,,,,0.0,,0.0,,0.0
,,,0.17656250298023224,,0.9921875,,,,,,,,,,,1.0,1.0,,,,,7975,,,,0.0,,0.0,,0.0
,,,0.23502948880195618,,0.991150438785553,,,,,,,,,,,1.0,1.0,,,,,7976,,,,0.0,,0.0,,0.0
,,,0.19218750298023224,,1.0,,,,,,,,,,,1.0,1.0,,,,,7977,,,,0.0,,0.0,,0.0
,,,0.23828125,,0.9765625,,,,,,,,,,,1.0,1.0,,,,,7978,,,,0.0,,0.0,,0.0
,,,0.1434343457221985,,0.9676767587661743,,,,,,,,,,,1.0,1.0,,,,,7979,,,,0.0,,0.0,,0.0
,,,0.06015624850988388,,0.96875,,,,,,,,,,,1.0,1.0,,,,,7980,,,,0.0,,0.0,,0.0
,,,0.0546875,,0.9921875,,,,,,,,,,,1.0,1.0,,,,,7981,,,,0.0,,0.0,,0.0
,,,0.1537037044763565,,0.9611110687255859,,,,,,,,,,,1.0,1.0,,,,,7982,,,,0.0,,0.0,,0.0
,,,0.1064453125,,0.984375,,,,,,,,,,,1.0,1.0,,,,,7983,,,,0.0,,0.0,,0.0
,,,0.1160714253783226,,0.96875,,,,,,,,,,,1.0,1.0,,,,,7984,,,,0.0,,0.0,,0.0
,,,0.2595142722129822,,0.9828647971153259,,,,,,,,,,,1.0,1.0,,,,,7985,,,,0.0,,0.0,,0.0
,,,0.1316964328289032,,0.984375,,,,,,,,,,,1.0,1.0,,,,,7986,,,,0.0,,0.0,,0.0
,,,0.15625,,0.984375,,,,,,,,,,,1.0,1.0,,,,,7987,,,,0.0,,0.0,,0.0
,,,0.24664410948753357,,1.0,,,,,,,,,,,1.0,1.0,,,,,7988,,,,0.0,,0.0,,0.0
,,,0.140625,,0.9921875,,,,,,,,,,,1.0,1.0,,,,,7989,,,,0.0,,0.0,,0.0
,,,0.1127232164144516,,0.9921875,,,,,,,,,,,1.0,1.0,,,,,7990,,,,0.0,,0.0,,0.0
,,,0.17303434014320374,,0.9822812676429749,,,,,,,,,,,1.0,1.0,,,,,7991,,,,0.0,,0.0,,0.0
,,,0.0920138880610466,,0.9453125,,,,,,,,,,,1.0,1.0,,,,,7992,,,,0.0,,0.0,,0.0
,,,0.1227678582072258,,0.953125,,,,,,,,,,,1.0,1.0,,,,,7993,,,,0.0,,0.0,,0.0
,,,0.2003103792667389,,0.9793814420700073,,,,,,,,,,,1.0,1.0,,,,,7994,,,,0.0,,0.0,,0.0
,,,0.1025390625,,0.953125,,,,,,,,,,,1.0,1.0,,,,,7995,,,,0.0,,0.0,,0.0
,,,0.0876736119389534,,0.9453125,,,,,,,,,,,1.0,1.0,,,,,7996,,,,0.0,,0.0,,0.0
,,,0.3767857253551483,,0.9955357313156128,,,,,,,,,,,1.0,1.0,,,,,7997,,,,0.0,,0.0,,0.0
,,,0.22265625,,1.0,,,,,,,,,,,1.0,1.0,,,,,7998,,,,0.0,,0.0,,0.0
,,,0.1484375,,1.0,,,,,,,,,,,1.0,1.0,,,,,7999,,,,0.0,,0.0,,0.0
,,,0.46231546998023987,,0.9545454978942871,,,,,,,,,,,1.0,1.0,,,,,8000,,,,0.0,,0.0,,0.0
,,,0.1103515625,,0.96875,,,,,,,,,,,1.0,1.0,,,,,8001,,,,0.0,,0.0,,0.0
,,,0.1025390625,,1.0,,,,,,,,,,,1.0,1.0,,,,,8002,,,,0.0,,0.0,,0.0
,,,0.10433071106672287,,0.9763779640197754,,,,,,,,,,,1.0,1.0,,,,,8003,,,,0.0,,0.0,,0.0
86,0.8299436569213867,0.8445049524307251,,0.9816864132881165,,,,,,,,,,,,,,240.18263244628906,5966.11572265625,5.4813995361328125,235.5564727783203,19226,,,0.0,,0.0,,0.0,
86,,,,,,0.20948290824890137,,0.4363653063774109,,8.424614906311035,,,,,,,,,,,,19226,0.4803076684474945,,,,,,,
,,,,,,,,,,,,,,2.031768300206744e-05,0.03,,,,,,,19249,,,,,,,,
87,,,,,,,0.19477161765098572,,0.4241887629032135,,8.6328125,2.030394898611121e-05,0.029999999329447746,,,1.0,1.0,,,,,19249,,0.3175886869430542,,,,,,
,,,,,,,,,,,,,,1.963652433809326e-05,0.03,,,,,,,19299,,,,,,,,
87,,,,,,,0.2070690393447876,,0.42537763714790344,,8.140625,1.9623015759862028e-05,0.029999999329447746,,,1.0,1.0,,,,,19299,,0.49671271443367004,,,,,,
,,,,,,,,,,,,,,1.8966627215486225e-05,0.03,,,,,,,19349,,,,,,,,
87,,,,,,,0.2184286117553711,,0.453948050737381,,8.6875,1.89533438970102e-05,0.029999999329447746,,,1.0,1.0,,,,,19349,,0.6628637313842773,,,,,,
,,,,,,,,,,,,,,1.830803341497815e-05,0.03,,,,,,,19399,,,,,,,,
87,,,,,,,0.2026655673980713,,0.435133695602417,,8.7265625,1.829497705330141e-05,0.029999999329447746,,,1.0,1.0,,,,,19399,,0.41145700216293335,,,,,,
,,,0.1283482164144516,,1.0,,,,,,,,,,,1.0,1.0,,,,,8004,,,,0.0,,0.0,,0.0
,,,0.1272321492433548,,1.0,,,,,,,,,,,1.0,1.0,,,,,8005,,,,0.0,,0.0,,0.0
,,,0.25637802481651306,,0.9900990128517151,,,,,,,,,,,1.0,1.0,,,,,8006,,,,0.0,,0.0,,0.0
,,,0.19062499701976776,,0.9921875,,,,,,,,,,,1.0,1.0,,,,,8007,,,,0.0,,0.0,,0.0
,,,0.1875,,0.9765625,,,,,,,,,,,1.0,1.0,,,,,8008,,,,0.0,,0.0,,0.0
,,,0.2857906222343445,,0.9855769276618958,,,,,,,,,,,1.0,1.0,,,,,8009,,,,0.0,,0.0,,0.0
,,,0.0815972238779068,,0.9921875,,,,,,,,,,,1.0,1.0,,,,,8010,,,,0.0,,0.0,,0.0
,,,0.08984375,,0.9921875,,,,,,,,,,,1.0,1.0,,,,,8011,,,,0.0,,0.0,,0.0
,,,0.16847723722457886,,0.9545454978942871,,,,,,,,,,,1.0,1.0,,,,,8012,,,,0.0,,0.0,,0.0
,,,0.1103515625,,0.984375,,,,,,,,,,,1.0,1.0,,,,,8013,,,,0.0,,0.0,,0.0
,,,0.1216517835855484,,0.96875,,,,,,,,,,,1.0,1.0,,,,,8014,,,,0.0,,0.0,,0.0
,,,0.0954861119389534,,0.9921875,,,,,,,,,,,1.0,1.0,,,,,8015,,,,0.0,,0.0,,0.0
,,,0.23123809695243835,,0.9919999837875366,,,,,,,,,,,1.0,1.0,,,,,8016,,,,0.0,,0.0,,0.0
,,,0.15625,,1.0,,,,,,,,,,,1.0,1.0,,,,,8017,,,,0.0,,0.0,,0.0
,,,0.18437500298023224,,0.9921875,,,,,,,,,,,1.0,1.0,,,,,8018,,,,0.0,,0.0,,0.0
,,,0.23742830753326416,,0.9957983493804932,,,,,,,,,,,1.0,1.0,,,,,8019,,,,0.0,,0.0,,0.0
,,,0.12109375,,0.9765625,,,,,,,,,,,1.0,1.0,,,,,8020,,,,0.0,,0.0,,0.0
,,,0.1049107164144516,,0.984375,,,,,,,,,,,1.0,1.0,,,,,8021,,,,0.0,,0.0,,0.0
,,,0.1560606062412262,,0.9534631967544556,,,,,,,,,,,1.0,1.0,,,,,8022,,,,0.0,,0.0,,0.0
,,,0.0885416641831398,,0.953125,,,,,,,,,,,1.0,1.0,,,,,8023,,,,0.0,,0.0,,0.0
,,,0.1171875,,0.9609375,,,,,,,,,,,1.0,1.0,,,,,8024,,,,0.0,,0.0,,0.0
,,,0.14988791942596436,,0.9202989339828491,,,,,,,,,,,1.0,1.0,,,,,8025,,,,0.0,,0.0,,0.0
,,,0.0868055522441864,,0.953125,,,,,,,,,,,1.0,1.0,,,,,8026,,,,0.0,,0.0,,0.0
,,,0.0920138880610466,,0.9609375,,,,,,,,,,,1.0,1.0,,,,,8027,,,,0.0,,0.0,,0.0
,,,0.2253078818321228,,0.9770935773849487,,,,,,,,,,,1.0,1.0,,,,,8028,,,,0.0,,0.0,,0.0
,,,0.1510416716337204,,1.0,,,,,,,,,,,1.0,1.0,,,,,8029,,,,0.0,,0.0,,0.0
,,,0.1283482164144516,,1.0,,,,,,,,,,,1.0,1.0,,,,,8030,,,,0.0,,0.0,,0.0
,,,0.22584906220436096,,1.0,,,,,,,,,,,1.0,1.0,,,,,8031,,,,0.0,,0.0,,0.0
,,,0.18281249701976776,,0.9921875,,,,,,,,,,,1.0,1.0,,,,,8032,,,,0.0,,0.0,,0.0
,,,0.1261160671710968,,0.9921875,,,,,,,,,,,1.0,1.0,,,,,8033,,,,0.0,,0.0,,0.0
,,,0.1962304413318634,,0.9882352948188782,,,,,,,,,,,1.0,1.0,,,,,8034,,,,0.0,,0.0,,0.0
,,,0.1238839253783226,,0.9921875,,,,,,,,,,,1.0,1.0,,,,,8035,,,,0.0,,0.0,,0.0
,,,0.1103515625,,0.9921875,,,,,,,,,,,1.0,1.0,,,,,8036,,,,0.0,,0.0,,0.0
,,,0.30320197343826294,,0.982758641242981,,,,,,,,,,,1.0,1.0,,,,,8037,,,,0.0,,0.0,,0.0
,,,0.1875,,0.984375,,,,,,,,,,,1.0,1.0,,,,,8038,,,,0.0,,0.0,,0.0
,,,0.15625,,0.984375,,,,,,,,,,,1.0,1.0,,,,,8039,,,,0.0,,0.0,,0.0
,,,0.2375476360321045,,0.9754098653793335,,,,,,,,,,,1.0,1.0,,,,,8040,,,,0.0,,0.0,,0.0
,,,0.07421875,,1.0,,,,,,,,,,,1.0,1.0,,,,,8041,,,,0.0,,0.0,,0.0
,,,0.06953124701976776,,1.0,,,,,,,,,,,1.0,1.0,,,,,8042,,,,0.0,,0.0,,0.0
,,,0.16285443305969238,,0.9766788482666016,,,,,,,,,,,1.0,1.0,,,,,8043,,,,0.0,,0.0,,0.0
,,,0.1283482164144516,,0.9765625,,,,,,,,,,,1.0,1.0,,,,,8044,,,,0.0,,0.0,,0.0
,,,0.1227678582072258,,0.9765625,,,,,,,,,,,1.0,1.0,,,,,8045,,,,0.0,,0.0,,0.0
,,,0.2977272570133209,,0.9818181991577148,,,,,,,,,,,1.0,1.0,,,,,8046,,,,0.0,,0.0,,0.0
,,,0.19218750298023224,,0.9921875,,,,,,,,,,,1.0,1.0,,,,,8047,,,,0.0,,0.0,,0.0
,,,0.19218750298023224,,1.0,,,,,,,,,,,1.0,1.0,,,,,8048,,,,0.0,,0.0,,0.0
,,,0.20760324597358704,,1.0,,,,,,,,,,,1.0,1.0,,,,,8049,,,,0.0,,0.0,,0.0
,,,0.12890625,,0.984375,,,,,,,,,,,1.0,1.0,,,,,8050,,,,0.0,,0.0,,0.0
,,,0.08984375,,0.9765625,,,,,,,,,,,1.0,1.0,,,,,8051,,,,0.0,,0.0,,0.0
,,,0.09375,,0.96875,,,,,,,,,,,1.0,1.0,,,,,8052,,,,0.0,,0.0,,0.0
,,,0.08267717063426971,,0.9803149700164795,,,,,,,,,,,1.0,1.0,,,,,8053,,,,0.0,,0.0,,0.0
,,,0.1025390625,,0.9453125,,,,,,,,,,,1.0,1.0,,,,,8054,,,,0.0,,0.0,,0.0
,,,0.1328125,,0.953125,,,,,,,,,,,1.0,1.0,,,,,8055,,,,0.0,,0.0,,0.0
,,,0.1284482777118683,,0.8908045887947083,,,,,,,,,,,1.0,1.0,,,,,8056,,,,0.0,,0.0,,0.0
,,,0.078125,,0.9296875,,,,,,,,,,,1.0,1.0,,,,,8057,,,,0.0,,0.0,,0.0
,,,0.1216517835855484,,0.9765625,,,,,,,,,,,1.0,1.0,,,,,8058,,,,0.0,,0.0,,0.0
,,,0.2585258483886719,,0.9950494766235352,,,,,,,,,,,1.0,1.0,,,,,8059,,,,0.0,,0.0,,0.0
,,,0.18437500298023224,,1.0,,,,,,,,,,,1.0,1.0,,,,,8060,,,,0.0,,0.0,,0.0
,,,0.1123046875,,1.0,,,,,,,,,,,1.0,1.0,,,,,8061,,,,0.0,,0.0,,0.0
,,,0.2485119104385376,,1.0,,,,,,,,,,,1.0,1.0,,,,,8062,,,,0.0,,0.0,,0.0
,,,0.1484375,,1.0,,,,,,,,,,,1.0,1.0,,,,,8063,,,,0.0,,0.0,,0.0
,,,0.1316964328289032,,0.984375,,,,,,,,,,,1.0,1.0,,,,,8064,,,,0.0,,0.0,,0.0
,,,0.21913066506385803,,0.988095223903656,,,,,,,,,,,1.0,1.0,,,,,8065,,,,0.0,,0.0,,0.0
,,,0.109375,,0.9921875,,,,,,,,,,,1.0,1.0,,,,,8066,,,,0.0,,0.0,,0.0
,,,0.1458333283662796,,0.9765625,,,,,,,,,,,1.0,1.0,,,,,8067,,,,0.0,,0.0,,0.0
,,,0.25655287504196167,,0.9955751895904541,,,,,,,,,,,1.0,1.0,,,,,8068,,,,0.0,,0.0,,0.0
,,,0.19062499701976776,,0.984375,,,,,,,,,,,1.0,1.0,,,,,8069,,,,0.0,,0.0,,0.0
,,,0.1549479216337204,,0.984375,,,,,,,,,,,1.0,1.0,,,,,8070,,,,0.0,,0.0,,0.0
,,,0.19848483800888062,,0.9444444179534912,,,,,,,,,,,1.0,1.0,,,,,8071,,,,0.0,,0.0,,0.0
,,,0.0789930522441864,,1.0,,,,,,,,,,,1.0,1.0,,,,,8072,,,,0.0,,0.0,,0.0
,,,0.06796874850988388,,1.0,,,,,,,,,,,1.0,1.0,,,,,8073,,,,0.0,,0.0,,0.0
,,,0.18263888359069824,,0.9611110687255859,,,,,,,,,,,1.0,1.0,,,,,8074,,,,0.0,,0.0,,0.0
,,,0.1083984375,,0.96875,,,,,,,,,,,1.0,1.0,,,,,8075,,,,0.0,,0.0,,0.0
,,,0.14453125,,0.9921875,,,,,,,,,,,1.0,1.0,,,,,8076,,,,0.0,,0.0,,0.0
,,,0.35925033688545227,,0.9828647971153259,,,,,,,,,,,1.0,1.0,,,,,8077,,,,0.0,,0.0,,0.0
,,,0.19062499701976776,,0.9921875,,,,,,,,,,,1.0,1.0,,,,,8078,,,,0.0,,0.0,,0.0
,,,0.2421875,,1.0,,,,,,,,,,,1.0,1.0,,,,,8079,,,,0.0,,0.0,,0.0
,,,0.20362235605716705,,1.0,,,,,,,,,,,1.0,1.0,,,,,8080,,,,0.0,,0.0,,0.0
,,,0.1302083283662796,,0.9765625,,,,,,,,,,,1.0,1.0,,,,,8081,,,,0.0,,0.0,,0.0
,,,0.1015625,,0.984375,,,,,,,,,,,1.0,1.0,,,,,8082,,,,0.0,,0.0,,0.0
,,,0.16483941674232483,,0.9648393988609314,,,,,,,,,,,1.0,1.0,,,,,8083,,,,0.0,,0.0,,0.0
,,,0.0966796875,,0.9375,,,,,,,,,,,1.0,1.0,,,,,8084,,,,0.0,,0.0,,0.0
,,,0.1205357164144516,,0.953125,,,,,,,,,,,1.0,1.0,,,,,8085,,,,0.0,,0.0,,0.0
,,,0.2176172137260437,,0.9742268323898315,,,,,,,,,,,1.0,1.0,,,,,8086,,,,0.0,,0.0,,0.0
,,,0.07578124850988388,,0.9453125,,,,,,,,,,,1.0,1.0,,,,,8087,,,,0.0,,0.0,,0.0
,,,0.07656250149011612,,0.9375,,,,,,,,,,,1.0,1.0,,,,,8088,,,,0.0,,0.0,,0.0
,,,0.2299107164144516,,0.9910714626312256,,,,,,,,,,,1.0,1.0,,,,,8089,,,,0.0,,0.0,,0.0
,,,0.18281249701976776,,0.9921875,,,,,,,,,,,1.0,1.0,,,,,8090,,,,0.0,,0.0,,0.0
,,,0.1316964328289032,,1.0,,,,,,,,,,,1.0,1.0,,,,,8091,,,,0.0,,0.0,,0.0
,,,0.22965922951698303,,1.0,,,,,,,,,,,1.0,1.0,,,,,8092,,,,0.0,,0.0,,0.0
,,,0.18593749403953552,,1.0,,,,,,,,,,,1.0,1.0,,,,,8093,,,,0.0,,0.0,,0.0
,,,0.1261160671710968,,0.9921875,,,,,,,,,,,1.0,1.0,,,,,8094,,,,0.0,,0.0,,0.0
,,,0.1304836869239807,,0.9842519760131836,,,,,,,,,,,1.0,1.0,,,,,8095,,,,0.0,,0.0,,0.0
87,0.8293420076370239,0.8506156802177429,,0.9814507365226746,,,,,,,,,,,,,,239.34002685546875,5988.67529296875,5.4778852462768555,236.28245544433594,19447,,,0.0,,0.0,,0.0,
87,,,,,,0.20729556679725647,,0.4358516037464142,,8.509138107299805,,,,,,,,,,,,19447,0.4853404462337494,,,,,,,
,,,,,,,,,,,,,,1.766078401232535e-05,0.03,,,,,,,19449,,,,,,,,
88,,,,,,,0.2130240797996521,,0.4362622797489166,,8.3359375,1.7647955246502534e-05,0.029999999329447746,,,1.0,1.0,,,,,19449,,0.3658290505409241,,,,,,
,,,,,,,,,,,,,,1.70249193757468e-05,0.03,,,,,,,19499,,,,,,,,
88,,,,,,,0.2044520080089569,,0.4422251284122467,,8.96875,1.7012318494380452e-05,0.029999999329447746,,,1.0,1.0,,,,,19499,,0.36284172534942627,,,,,,
,,,,,,,,,,,,,,1.6400479163406417e-05,0.03,,,,,,,19549,,,,,,,,
88,,,,,,,0.2014308124780655,,0.43621641397476196,,8.828125,1.638810681470204e-05,0.029999999329447746,,,1.0,1.0,,,,,19549,,0.4537917971611023,,,,,,
,,,,,,,,,,,,,,1.578750232093956e-05,0.03,,,,,,,19599,,,,,,,,
88,,,,,,,0.21292699873447418,,0.44691789150238037,,8.78125,1.577536022523418e-05,0.029999999329447746,,,1.0,1.0,,,,,19599,,0.45472806692123413,,,,,,
,,,,,,,,,,,,,,1.5186027079024056e-05,0.03,,,,,,,19649,,,,,,,,
88,,,,,,,0.2016451209783554,,0.4227629005908966,,8.265625,1.517411510576494e-05,0.029999999329447746,,,1.0,1.0,,,,,19649,,0.48943090438842773,,,,,,
,,,0.1138392835855484,,0.9921875,,,,,,,,,,,1.0,1.0,,,,,8096,,,,0.0,,0.0,,0.0
,,,0.1116071417927742,,0.9765625,,,,,,,,,,,1.0,1.0,,,,,8097,,,,0.0,,0.0,,0.0
,,,0.17935869097709656,,0.9702970385551453,,,,,,,,,,,1.0,1.0,,,,,8098,,,,0.0,,0.0,,0.0
,,,0.1471354216337204,,0.9765625,,,,,,,,,,,1.0,1.0,,,,,8099,,,,0.0,,0.0,,0.0
,,,0.216796875,,0.953125,,,,,,,,,,,1.0,1.0,,,,,8100,,,,0.0,,0.0,,0.0
,,,0.26327836513519287,,0.9711538553237915,,,,,,,,,,,1.0,1.0,,,,,8101,,,,0.0,,0.0,,0.0
,,,0.0980902761220932,,1.0,,,,,,,,,,,1.0,1.0,,,,,8102,,,,0.0,,0.0,,0.0
,,,0.1123046875,,1.0,,,,,,,,,,,1.0,1.0,,,,,8103,,,,0.0,,0.0,,0.0
,,,0.18820278346538544,,0.9772727489471436,,,,,,,,,,,1.0,1.0,,,,,8104,,,,0.0,,0.0,,0.0
,,,0.1305803507566452,,1.0,,,,,,,,,,,1.0,1.0,,,,,8105,,,,0.0,,0.0,,0.0
,,,0.0972222238779068,,0.96875,,,,,,,,,,,1.0,1.0,,,,,8106,,,,0.0,,0.0,,0.0
,,,0.1510416716337204,,0.9765625,,,,,,,,,,,1.0,1.0,,,,,8107,,,,0.0,,0.0,,0.0
,,,0.31093335151672363,,0.8253333568572998,,,,,,,,,,,1.0,1.0,,,,,8108,,,,0.0,,0.0,,0.0
,,,0.1484375,,0.9921875,,,,,,,,,,,1.0,1.0,,,,,8109,,,,0.0,,0.0,,0.0
,,,0.1484375,,0.984375,,,,,,,,,,,1.0,1.0,,,,,8110,,,,0.0,,0.0,,0.0
,,,0.25090035796165466,,0.9957983493804932,,,,,,,,,,,1.0,1.0,,,,,8111,,,,0.0,,0.0,,0.0
,,,0.20703125,,0.9921875,,,,,,,,,,,1.0,1.0,,,,,8112,,,,0.0,,0.0,,0.0
,,,0.15156249701976776,,0.984375,,,,,,,,,,,1.0,1.0,,,,,8113,,,,0.0,,0.0,,0.0
,,,0.17496392130851746,,0.9826840162277222,,,,,,,,,,,1.0,1.0,,,,,8114,,,,0.0,,0.0,,0.0
,,,0.1471354216337204,,0.984375,,,,,,,,,,,1.0,1.0,,,,,8115,,,,0.0,,0.0,,0.0
,,,0.17499999701976776,,0.9765625,,,,,,,,,,,1.0,1.0,,,,,8116,,,,0.0,,0.0,,0.0
,,,0.17564687132835388,,0.9658779501914978,,,,,,,,,,,1.0,1.0,,,,,8117,,,,0.0,,0.0,,0.0
,,,0.1171875,,0.9921875,,,,,,,,,,,1.0,1.0,,,,,8118,,,,0.0,,0.0,,0.0
,,,0.1083984375,,0.9921875,,,,,,,,,,,1.0,1.0,,,,,8119,,,,0.0,,0.0,,0.0
,,,0.17620688676834106,,0.9928570985794067,,,,,,,,,,,1.0,1.0,,,,,8120,,,,0.0,,0.0,,0.0
,,,0.22265625,,1.0,,,,,,,,,,,1.0,1.0,,,,,8121,,,,0.0,,0.0,,0.0
,,,0.224609375,,1.0,,,,,,,,,,,1.0,1.0,,,,,8122,,,,0.0,,0.0,,0.0
,,,0.33937108516693115,,1.0,,,,,,,,,,,1.0,1.0,,,,,8123,,,,0.0,,0.0,,0.0
,,,0.1458333283662796,,0.9921875,,,,,,,,,,,1.0,1.0,,,,,8124,,,,0.0,,0.0,,0.0
,,,0.1160714253783226,,0.984375,,,,,,,,,,,1.0,1.0,,,,,8125,,,,0.0,,0.0,,0.0
,,,0.18580332398414612,,0.9764705896377563,,,,,,,,,,,1.0,1.0,,,,,8126,,,,0.0,,0.0,,0.0
,,,0.09375,,0.96875,,,,,,,,,,,1.0,1.0,,,,,8127,,,,0.0,,0.0,,0.0
,,,0.1104910746216774,,0.9609375,,,,,,,,,,,1.0,1.0,,,,,8128,,,,0.0,,0.0,,0.0
,,,0.23863476514816284,,0.9770935773849487,,,,,,,,,,,1.0,1.0,,,,,8129,,,,0.0,,0.0,,0.0
,,,0.1458333283662796,,0.96875,,,,,,,,,,,1.0,1.0,,,,,8130,,,,0.0,,0.0,,0.0
,,,0.21875,,0.9609375,,,,,,,,,,,1.0,1.0,,,,,8131,,,,0.0,,0.0,,0.0
,,,0.25226324796676636,,0.9590163826942444,,,,,,,,,,,1.0,1.0,,,,,8132,,,,0.0,,0.0,,0.0
,,,0.1015625,,1.0,,,,,,,,,,,1.0,1.0,,,,,8133,,,,0.0,,0.0,,0.0
,,,0.1064453125,,1.0,,,,,,,,,,,1.0,1.0,,,,,8134,,,,0.0,,0.0,,0.0
,,,0.19085606932640076,,1.0,,,,,,,,,,,1.0,1.0,,,,,8135,,,,0.0,,0.0,,0.0
,,,0.1283482164144516,,1.0,,,,,,,,,,,1.0,1.0,,,,,8136,,,,0.0,,0.0,,0.0
,,,0.0989583358168602,,0.96875,,,,,,,,,,,1.0,1.0,,,,,8137,,,,0.0,,0.0,,0.0
,,,0.3011363744735718,,0.9761363863945007,,,,,,,,,,,1.0,1.0,,,,,8138,,,,0.0,,0.0,,0.0
,,,0.1471354216337204,,0.984375,,,,,,,,,,,1.0,1.0,,,,,8139,,,,0.0,,0.0,,0.0
,,,0.18125000596046448,,0.9921875,,,,,,,,,,,1.0,1.0,,,,,8140,,,,0.0,,0.0,,0.0
,,,0.22849991917610168,,0.9946808815002441,,,,,,,,,,,1.0,1.0,,,,,8141,,,,0.0,,0.0,,0.0
,,,0.0986328125,,0.9921875,,,,,,,,,,,1.0,1.0,,,,,8142,,,,0.0,,0.0,,0.0
,,,0.15625,,0.9921875,,,,,,,,,,,1.0,1.0,,,,,8143,,,,0.0,,0.0,,0.0
,,,0.099609375,,0.984375,,,,,,,,,,,1.0,1.0,,,,,8144,,,,0.0,,0.0,,0.0
,,,0.12485939264297485,,0.9921259880065918,,,,,,,,,,,1.0,1.0,,,,,8145,,,,0.0,,0.0,,0.0
,,,0.1471354216337204,,0.9765625,,,,,,,,,,,1.0,1.0,,,,,8146,,,,0.0,,0.0,,0.0
,,,0.2109375,,0.9765625,,,,,,,,,,,1.0,1.0,,,,,8147,,,,0.0,,0.0,,0.0
,,,0.1774425208568573,,0.954023003578186,,,,,,,,,,,1.0,1.0,,,,,8148,,,,0.0,,0.0,,0.0
,,,0.1380208283662796,,0.9765625,,,,,,,,,,,1.0,1.0,,,,,8149,,,,0.0,,0.0,,0.0
,,,0.1283482164144516,,0.9921875,,,,,,,,,,,1.0,1.0,,,,,8150,,,,0.0,,0.0,,0.0
,,,0.25815916061401367,,1.0,,,,,,,,,,,1.0,1.0,,,,,8151,,,,0.0,,0.0,,0.0
,,,0.1796875,,1.0,,,,,,,,,,,1.0,1.0,,,,,8152,,,,0.0,,0.0,,0.0
,,,0.22265625,,1.0,,,,,,,,,,,1.0,1.0,,,,,8153,,,,0.0,,0.0,,0.0
,,,0.224702388048172,,0.9947916269302368,,,,,,,,,,,1.0,1.0,,,,,8154,,,,0.0,,0.0,,0.0
,,,0.109375,,0.984375,,,,,,,,,,,1.0,1.0,,,,,8155,,,,0.0,,0.0,,0.0
,,,0.1025390625,,0.9765625,,,,,,,,,,,1.0,1.0,,,,,8156,,,,0.0,,0.0,,0.0
,,,0.23200443387031555,,0.976190447807312,,,,,,,,,,,1.0,1.0,,,,,8157,,,,0.0,,0.0,,0.0
,,,0.1026785746216774,,0.96875,,,,,,,,,,,1.0,1.0,,,,,8158,,,,0.0,,0.0,,0.0
,,,0.0986328125,,0.953125,,,,,,,,,,,1.0,1.0,,,,,8159,,,,0.0,,0.0,,0.0
,,,0.22175516188144684,,0.982300877571106,,,,,,,,,,,1.0,1.0,,,,,8160,,,,0.0,,0.0,,0.0
,,,0.1510416716337204,,0.9765625,,,,,,,,,,,1.0,1.0,,,,,8161,,,,0.0,,0.0,,0.0
,,,0.1471354216337204,,0.9453125,,,,,,,,,,,1.0,1.0,,,,,8162,,,,0.0,,0.0,,0.0
,,,0.16595959663391113,,0.9444444179534912,,,,,,,,,,,1.0,1.0,,,,,8163,,,,0.0,,0.0,,0.0
,,,0.0989583358168602,,1.0,,,,,,,,,,,1.0,1.0,,,,,8164,,,,0.0,,0.0,,0.0
,,,0.1171875,,1.0,,,,,,,,,,,1.0,1.0,,,,,8165,,,,0.0,,0.0,,0.0
,,,0.19423869252204895,,1.0,,,,,,,,,,,1.0,1.0,,,,,8166,,,,0.0,,0.0,,0.0
,,,0.1283482164144516,,0.9921875,,,,,,,,,,,1.0,1.0,,,,,8167,,,,0.0,,0.0,,0.0
,,,0.15234375,,0.9765625,,,,,,,,,,,1.0,1.0,,,,,8168,,,,0.0,,0.0,,0.0
,,,0.3064703345298767,,0.971753716468811,,,,,,,,,,,1.0,1.0,,,,,8169,,,,0.0,,0.0,,0.0
,,,0.1497395783662796,,0.984375,,,,,,,,,,,1.0,1.0,,,,,8170,,,,0.0,,0.0,,0.0
,,,0.23046875,,0.984375,,,,,,,,,,,1.0,1.0,,,,,8171,,,,0.0,,0.0,,0.0
,,,0.23176543414592743,,1.0,,,,,,,,,,,1.0,1.0,,,,,8172,,,,0.0,,0.0,,0.0
,,,0.1149553582072258,,0.9921875,,,,,,,,,,,1.0,1.0,,,,,8173,,,,0.0,,0.0,,0.0
,,,0.15156249701976776,,0.9921875,,,,,,,,,,,1.0,1.0,,,,,8174,,,,0.0,,0.0,,0.0
,,,0.18838441371917725,,0.9883720874786377,,,,,,,,,,,1.0,1.0,,,,,8175,,,,0.0,,0.0,,0.0
,,,0.1380208283662796,,0.96875,,,,,,,,,,,1.0,1.0,,,,,8176,,,,0.0,,0.0,,0.0
,,,0.125,,0.984375,,,,,,,,,,,1.0,1.0,,,,,8177,,,,0.0,,0.0,,0.0
,,,0.29874736070632935,,0.9793814420700073,,,,,,,,,,,1.0,1.0,,,,,8178,,,,0.0,,0.0,,0.0
,,,0.1194196417927742,,0.984375,,,,,,,,,,,1.0,1.0,,,,,8179,,,,0.0,,0.0,,0.0
,,,0.1328125,,0.9765625,,,,,,,,,,,1.0,1.0,,,,,8180,,,,0.0,,0.0,,0.0
,,,0.26658162474632263,,0.9955357313156128,,,,,,,,,,,1.0,1.0,,,,,8181,,,,0.0,,0.0,,0.0
,,,0.17812499403953552,,1.0,,,,,,,,,,,1.0,1.0,,,,,8182,,,,0.0,,0.0,,0.0
,,,0.22265625,,1.0,,,,,,,,,,,1.0,1.0,,,,,8183,,,,0.0,,0.0,,0.0
,,,0.3181041479110718,,1.0,,,,,,,,,,,1.0,1.0,,,,,8184,,,,0.0,,0.0,,0.0
,,,0.1227678582072258,,0.984375,,,,,,,,,,,1.0,1.0,,,,,8185,,,,0.0,,0.0,,0.0
,,,0.103515625,,0.984375,,,,,,,,,,,1.0,1.0,,,,,8186,,,,0.0,,0.0,,0.0
,,,0.12035995721817017,,0.9685039520263672,,,,,,,,,,,1.0,1.0,,,,,8187,,,,0.0,,0.0,,0.0
88,0.8279270529747009,0.8533352017402649,,0.9835610389709473,,,,,,,,,,,,,,238.78067016601562,6300.8486328125,5.475545406341553,235.76702880859375,19668,,,0.0,,0.0,,0.0,
88,,,,,,0.20625878870487213,,0.4334169030189514,,8.45202922821045,,,,,,,,,,,,19668,0.4939631223678589,,,,,,,
,,,,,,,,,,,,,,1.4596090950995787e-05,0.03,,,,,,,19699,,,,,,,,
89,,,,,,,0.20270754396915436,,0.4218049645423889,,8.2421875,1.4584410564566497e-05,0.029999999329447746,,,1.0,1.0,,,,,19699,,0.6550695896148682,,,,,,
,,,,,,,,,,,,,,1.4017730730509154e-05,0.03,,,,,,,19749,,,,,,,,
89,,,,,,,0.20696406066417694,,0.42615893483161926,,8.015625,1.4006282071932219e-05,0.029999999329447746,,,1.0,1.0,,,,,19749,,0.30938082933425903,,,,,,
,,,,,,,,,,,,,,1.3450982489242123e-05,0.03,,,,,,,19799,,,,,,,,
89,,,,,,,0.2110261470079422,,0.43380382657051086,,8.2265625,1.3439766007650178e-05,0.029999999329447746,,,1.0,1.0,,,,,19799,,0.49444258213043213,,,,,,
,,,,,,,,,,,,,,1.289588157464651e-05,0.03,,,,,,,19849,,,,,,,,
89,,,,,,,0.21913670003414154,,0.44248199462890625,,8.3046875,1.2884898751508445e-05,0.029999999329447746,,,1.0,1.0,,,,,19849,,0.39991557598114014,,,,,,
,,,0.1328125,,0.9921875,,,,,,,,,,,1.0,1.0,,,,,8188,,,,0.0,,0.0,,0.0
,,,0.09765625,,0.9765625,,,,,,,,,,,1.0,1.0,,,,,8189,,,,0.0,,0.0,,0.0
,,,0.1875891387462616,,0.9666299819946289,,,,,,,,,,,1.0,1.0,,,,,8190,,,,0.0,,0.0,,0.0
,,,0.1588541716337204,,0.96875,,,,,,,,,,,1.0,1.0,,,,,8191,,,,0.0,,0.0,,0.0
,,,0.1316964328289032,,0.9921875,,,,,,,,,,,1.0,1.0,,,,,8192,,,,0.0,,0.0,,0.0
,,,0.21153846383094788,,0.9759615659713745,,,,,,,,,,,1.0,1.0,,,,,8193,,,,0.0,,0.0,,0.0
,,,0.07734374701976776,,1.0,,,,,,,,,,,1.0,1.0,,,,,8194,,,,0.0,,0.0,,0.0
,,,0.1015625,,1.0,,,,,,,,,,,1.0,1.0,,,,,8195,,,,0.0,,0.0,,0.0
,,,0.172479510307312,,0.9952830076217651,,,,,,,,,,,1.0,1.0,,,,,8196,,,,0.0,,0.0,,0.0
,,,0.1283482164144516,,1.0,,,,,,,,,,,1.0,1.0,,,,,8197,,,,0.0,,0.0,,0.0
,,,0.107421875,,0.984375,,,,,,,,,,,1.0,1.0,,,,,8198,,,,0.0,,0.0,,0.0
,,,0.17499999701976776,,0.9765625,,,,,,,,,,,1.0,1.0,,,,,8199,,,,0.0,,0.0,,0.0
,,,0.26171427965164185,,0.9919999837875366,,,,,,,,,,,1.0,1.0,,,,,8200,,,,0.0,,0.0,,0.0
,,,0.1083984375,,0.9765625,,,,,,,,,,,1.0,1.0,,,,,8201,,,,0.0,,0.0,,0.0
,,,0.0954861119389534,,0.96875,,,,,,,,,,,1.0,1.0,,,,,8202,,,,0.0,,0.0,,0.0
,,,0.19026869535446167,,1.0,,,,,,,,,,,1.0,1.0,,,,,8203,,,,0.0,,0.0,,0.0
,,,0.1393229216337204,,0.9921875,,,,,,,,,,,1.0,1.0,,,,,8204,,,,0.0,,0.0,,0.0
,,,0.1149553582072258,,0.9921875,,,,,,,,,,,1.0,1.0,,,,,8205,,,,0.0,,0.0,,0.0
,,,0.15974026918411255,,1.0,,,,,,,,,,,1.0,1.0,,,,,8206,,,,0.0,,0.0,,0.0
,,,0.1305803507566452,,0.9921875,,,,,,,,,,,1.0,1.0,,,,,8207,,,,0.0,,0.0,,0.0
,,,0.15234375,,0.9765625,,,,,,,,,,,1.0,1.0,,,,,8208,,,,0.0,,0.0,,0.0
,,,0.17816521227359772,,0.945330023765564,,,,,,,,,,,1.0,1.0,,,,,8209,,,,0.0,,0.0,,0.0
,,,0.1044921875,,0.9765625,,,,,,,,,,,1.0,1.0,,,,,8210,,,,0.0,,0.0,,0.0
,,,0.0963541641831398,,0.953125,,,,,,,,,,,1.0,1.0,,,,,8211,,,,0.0,,0.0,,0.0
,,,0.19961684942245483,,0.985714316368103,,,,,,,,,,,1.0,1.0,,,,,8212,,,,0.0,,0.0,,0.0
,,,0.22265625,,1.0,,,,,,,,,,,1.0,1.0,,,,,8213,,,,0.0,,0.0,,0.0
,,,0.18281249701976776,,0.9921875,,,,,,,,,,,1.0,1.0,,,,,8214,,,,0.0,,0.0,,0.0
,,,0.34737107157707214,,0.9811320900917053,,,,,,,,,,,1.0,1.0,,,,,8215,,,,0.0,,0.0,,0.0
,,,0.1393229216337204,,0.9765625,,,,,,,,,,,1.0,1.0,,,,,8216,,,,0.0,,0.0,,0.0
,,,0.0947265625,,0.9921875,,,,,,,,,,,1.0,1.0,,,,,8217,,,,0.0,,0.0,,0.0
,,,0.17017784714698792,,0.9764705896377563,,,,,,,,,,,1.0,1.0,,,,,8218,,,,0.0,,0.0,,0.0
,,,0.1127232164144516,,0.96875,,,,,,,,,,,1.0,1.0,,,,,8219,,,,0.0,,0.0,,0.0
,,,0.1060267835855484,,0.984375,,,,,,,,,,,1.0,1.0,,,,,8220,,,,0.0,,0.0,,0.0
,,,0.219519704580307,,0.9770935773849487,,,,,,,,,,,1.0,1.0,,,,,8221,,,,0.0,,0.0,,0.0
,,,0.1350446492433548,,0.9765625,,,,,,,,,,,1.0,1.0,,,,,8222,,,,0.0,,0.0,,0.0
,,,0.1181640625,,0.9765625,,,,,,,,,,,1.0,1.0,,,,,8223,,,,0.0,,0.0,,0.0
,,,0.20598849654197693,,0.9672131538391113,,,,,,,,,,,1.0,1.0,,,,,8224,,,,0.0,,0.0,,0.0
,,,0.08046875149011612,,1.0,,,,,,,,,,,1.0,1.0,,,,,8225,,,,0.0,,0.0,,0.0
,,,0.0842013880610466,,1.0,,,,,,,,,,,1.0,1.0,,,,,8226,,,,0.0,,0.0,,0.0
,,,0.15758243203163147,,0.9920635223388672,,,,,,,,,,,1.0,1.0,,,,,8227,,,,0.0,,0.0,,0.0
,,,0.1497395783662796,,1.0,,,,,,,,,,,1.0,1.0,,,,,8228,,,,0.0,,0.0,,0.0
,,,0.109375,,0.984375,,,,,,,,,,,1.0,1.0,,,,,8229,,,,0.0,,0.0,,0.0
,,,0.24967533349990845,,0.9818181991577148,,,,,,,,,,,1.0,1.0,,,,,8230,,,,0.0,,0.0,,0.0
,,,0.1194196417927742,,0.9765625,,,,,,,,,,,1.0,1.0,,,,,8231,,,,0.0,,0.0,,0.0
,,,0.1305803507566452,,0.984375,,,,,,,,,,,1.0,1.0,,,,,8232,,,,0.0,,0.0,,0.0
,,,0.18488389253616333,,0.9840425252914429,,,,,,,,,,,1.0,1.0,,,,,8233,,,,0.0,,0.0,,0.0
,,,0.1205357164144516,,0.9921875,,,,,,,,,,,1.0,1.0,,,,,8234,,,,0.0,,0.0,,0.0
,,,0.1183035746216774,,1.0,,,,,,,,,,,1.0,1.0,,,,,8235,,,,0.0,,0.0,,0.0
,,,0.1025390625,,1.0,,,,,,,,,,,1.0,1.0,,,,,8236,,,,0.0,,0.0,,0.0
,,,0.10061242431402206,,0.9960629940032959,,,,,,,,,,,1.0,1.0,,,,,8237,,,,0.0,,0.0,,0.0
,,,0.1536458283662796,,0.9765625,,,,,,,,,,,1.0,1.0,,,,,8238,,,,0.0,,0.0,,0.0
,,,0.1238839253783226,,0.984375,,,,,,,,,,,1.0,1.0,,,,,8239,,,,0.0,,0.0,,0.0
,,,0.16315454244613647,,0.936781644821167,,,,,,,,,,,1.0,1.0,,,,,8240,,,,0.0,,0.0,,0.0
,,,0.1025390625,,0.953125,,,,,,,,,,,1.0,1.0,,,,,8241,,,,0.0,,0.0,,0.0
,,,0.1283482164144516,,0.96875,,,,,,,,,,,1.0,1.0,,,,,8242,,,,0.0,,0.0,,0.0
,,,0.20299068093299866,,0.9814814925193787,,,,,,,,,,,1.0,1.0,,,,,8243,,,,0.0,,0.0,,0.0
,,,0.2265625,,1.0,,,,,,,,,,,1.0,1.0,,,,,8244,,,,0.0,,0.0,,0.0
,,,0.18437500298023224,,0.9921875,,,,,,,,,,,1.0,1.0,,,,,8245,,,,0.0,,0.0,,0.0
,,,0.2725694477558136,,0.9739583730697632,,,,,,,,,,,1.0,1.0,,,,,8246,,,,0.0,,0.0,,0.0
,,,0.1015625,,0.984375,,,,,,,,,,,1.0,1.0,,,,,8247,,,,0.0,,0.0,,0.0
,,,0.109375,,0.9765625,,,,,,,,,,,1.0,1.0,,,,,8248,,,,0.0,,0.0,,0.0
,,,0.18964561820030212,,0.976190447807312,,,,,,,,,,,1.0,1.0,,,,,8249,,,,0.0,,0.0,,0.0
,,,0.1071428582072258,,0.9765625,,,,,,,,,,,1.0,1.0,,,,,8250,,,,0.0,,0.0,,0.0
,,,0.095703125,,0.9765625,,,,,,,,,,,1.0,1.0,,,,,8251,,,,0.0,,0.0,,0.0
,,,0.22337758541107178,,0.9778760671615601,,,,,,,,,,,1.0,1.0,,,,,8252,,,,0.0,,0.0,,0.0
,,,0.1350446492433548,,0.9921875,,,,,,,,,,,1.0,1.0,,,,,8253,,,,0.0,,0.0,,0.0
,,,0.1575520783662796,,0.96875,,,,,,,,,,,1.0,1.0,,,,,8254,,,,0.0,,0.0,,0.0
,,,0.17643097043037415,,0.9722222089767456,,,,,,,,,,,1.0,1.0,,,,,8255,,,,0.0,,0.0,,0.0
,,,0.0868055522441864,,1.0,,,,,,,,,,,1.0,1.0,,,,,8256,,,,0.0,,0.0,,0.0
,,,0.0824652761220932,,1.0,,,,,,,,,,,1.0,1.0,,,,,8257,,,,0.0,,0.0,,0.0
,,,0.20370370149612427,,0.9750000238418579,,,,,,,,,,,1.0,1.0,,,,,8258,,,,0.0,,0.0,,0.0
,,,0.1123046875,,1.0,,,,,,,,,,,1.0,1.0,,,,,8259,,,,0.0,,0.0,,0.0
,,,0.171875,,0.9765625,,,,,,,,,,,1.0,1.0,,,,,8260,,,,0.0,,0.0,,0.0
,,,0.25553643703460693,,0.9939758777618408,,,,,,,,,,,1.0,1.0,,,,,8261,,,,0.0,,0.0,,0.0
,,,0.1432291716337204,,0.96875,,,,,,,,,,,1.0,1.0,,,,,8262,,,,0.0,,0.0,,0.0
,,,0.1510416716337204,,0.984375,,,,,,,,,,,1.0,1.0,,,,,8263,,,,0.0,,0.0,,0.0
,,,0.1978609561920166,,0.9803921580314636,,,,,,,,,,,1.0,1.0,,,,,8264,,,,0.0,,0.0,,0.0
,,,0.1064453125,,0.9921875,,,,,,,,,,,1.0,1.0,,,,,8265,,,,0.0,,0.0,,0.0
,,,0.1380208283662796,,1.0,,,,,,,,,,,1.0,1.0,,,,,8266,,,,0.0,,0.0,,0.0
,,,0.17663344740867615,,1.0,,,,,,,,,,,1.0,1.0,,,,,8267,,,,0.0,,0.0,,0.0
,,,0.109375,,0.984375,,,,,,,,,,,1.0,1.0,,,,,8268,,,,0.0,,0.0,,0.0
,,,0.18281249701976776,,0.984375,,,,,,,,,,,1.0,1.0,,,,,8269,,,,0.0,,0.0,,0.0
,,,0.22260558605194092,,0.9845360517501831,,,,,,,,,,,1.0,1.0,,,,,8270,,,,0.0,,0.0,,0.0
,,,0.0902777761220932,,0.9609375,,,,,,,,,,,1.0,1.0,,,,,8271,,,,0.0,,0.0,,0.0
,,,0.0902777761220932,,0.9453125,,,,,,,,,,,1.0,1.0,,,,,8272,,,,0.0,,0.0,,0.0
,,,0.3229166865348816,,0.9910714626312256,,,,,,,,,,,1.0,1.0,,,,,8273,,,,0.0,,0.0,,0.0
,,,0.1471354216337204,,1.0,,,,,,,,,,,1.0,1.0,,,,,8274,,,,0.0,,0.0,,0.0
,,,0.1796875,,0.9921875,,,,,,,,,,,1.0,1.0,,,,,8275,,,,0.0,,0.0,,0.0
,,,0.32836055755615234,,0.9545454978942871,,,,,,,,,,,1.0,1.0,,,,,8276,,,,0.0,,0.0,,0.0
,,,0.1393229216337204,,0.953125,,,,,,,,,,,1.0,1.0,,,,,8277,,,,0.0,,0.0,,0.0
,,,0.0966796875,,0.984375,,,,,,,,,,,1.0,1.0,,,,,8278,,,,0.0,,0.0,,0.0
,,,0.09547244012355804,,0.9685039520263672,,,,,,,,,,,1.0,1.0,,,,,8279,,,,0.0,,0.0,,0.0
89,0.834447979927063,0.8472224473953247,,0.982672929763794,,,,,,,,,,,,,,240.33213806152344,5844.63037109375,5.482021808624268,232.87454223632812,19889,,,0.0,,0.0,,0.0,
89,,,,,,0.20507194101810455,,0.43181782960891724,,8.44796371459961,,,,,,,,,,,,19889,0.48442891240119934,,,,,,,
,,,,,,,,,,,,,,1.2352462607743534e-05,0.03,,,,,,,19899,,,,,,,,
90,,,,,,,0.19387564063072205,,0.4223974645137787,,8.59375,1.2341713954810984e-05,0.029999999329447746,,,1.0,1.0,,,,,19899,,0.5306583642959595,,,,,,
,,,,,,,,,,,,,,1.1820759480964366e-05,0.03,,,,,,,19949,,,,,,,,
90,,,,,,,0.21201878786087036,,0.4322414994239807,,8.171875,1.1810245268861763e-05,0.029999999329447746,,,1.0,1.0,,,,,19949,,0.45754149556159973,,,,,,
,,,,,,,,,,,,,,1.1300805356036402e-05,0.03,,,,,,,19999,,,,,,,,
90,,,,,,,0.1904296576976776,,0.41523244976997375,,8.3515625,1.1290526344964746e-05,0.029999999329447746,,,1.0,1.0,,,,,19999,,0.7102071046829224,,,,,,
,,,,,,,,,,,,,,1.0792632661914969e-05,0.03,,,,,,,20049,,,,,,,,
90,,,,,,,0.22394418716430664,,0.4473699927330017,,8.2890625,1.0782589924929198e-05,0.029999999329447746,,,1.0,1.0,,,,,20049,,0.504275918006897,,,,,,
,,,,,,,,,,,,,,1.0296273092760793e-05,0.03,,,,,,,20099,,,,,,,,
90,,,,,,,0.1966305673122406,,0.4312480390071869,,8.8828125,1.0286466931574978e-05,0.029999999329447746,,,1.0,1.0,,,,,20099,,0.27084606885910034,,,,,,
,,,0.15234375,,1.0,,,,,,,,,,,1.0,1.0,,,,,8280,,,,0.0,,0.0,,0.0
,,,0.1497395783662796,,0.984375,,,,,,,,,,,1.0,1.0,,,,,8281,,,,0.0,,0.0,,0.0
,,,0.29788535833358765,,0.9666299819946289,,,,,,,,,,,1.0,1.0,,,,,8282,,,,0.0,,0.0,,0.0
,,,0.1316964328289032,,0.96875,,,,,,,,,,,1.0,1.0,,,,,8283,,,,0.0,,0.0,,0.0
,,,0.1305803507566452,,0.953125,,,,,,,,,,,1.0,1.0,,,,,8284,,,,0.0,,0.0,,0.0
,,,0.23168498277664185,,0.9711538553237915,,,,,,,,,,,1.0,1.0,,,,,8285,,,,0.0,,0.0,,0.0
,,,0.0842013880610466,,0.9921875,,,,,,,,,,,1.0,1.0,,,,,8286,,,,0.0,,0.0,,0.0
,,,0.09765625,,0.9765625,,,,,,,,,,,1.0,1.0,,,,,8287,,,,0.0,,0.0,,0.0
,,,0.15617495775222778,,0.9725557565689087,,,,,,,,,,,1.0,1.0,,,,,8288,,,,0.0,,0.0,,0.0
,,,0.1549479216337204,,0.9921875,,,,,,,,,,,1.0,1.0,,,,,8289,,,,0.0,,0.0,,0.0
,,,0.1294642835855484,,1.0,,,,,,,,,,,1.0,1.0,,,,,8290,,,,0.0,,0.0,,0.0
,,,0.15234375,,1.0,,,,,,,,,,,1.0,1.0,,,,,8291,,,,0.0,,0.0,,0.0
,,,0.2330000102519989,,0.9919999837875366,,,,,,,,,,,1.0,1.0,,,,,8292,,,,0.0,,0.0,,0.0
,,,0.1205357164144516,,0.96875,,,,,,,,,,,1.0,1.0,,,,,8293,,,,0.0,,0.0,,0.0
,,,0.09375,,0.953125,,,,,,,,,,,1.0,1.0,,,,,8294,,,,0.0,,0.0,,0.0
,,,0.20985060930252075,,0.9957983493804932,,,,,,,,,,,1.0,1.0,,,,,8295,,,,0.0,,0.0,,0.0
,,,0.1127232164144516,,0.984375,,,,,,,,,,,1.0,1.0,,,,,8296,,,,0.0,,0.0,,0.0
,,,0.1049107164144516,,0.96875,,,,,,,,,,,1.0,1.0,,,,,8297,,,,0.0,,0.0,,0.0
,,,0.20698052644729614,,0.9826840162277222,,,,,,,,,,,1.0,1.0,,,,,8298,,,,0.0,,0.0,,0.0
,,,0.1103515625,,0.9921875,,,,,,,,,,,1.0,1.0,,,,,8299,,,,0.0,,0.0,,0.0
,,,0.1294642835855484,,0.984375,,,,,,,,,,,1.0,1.0,,,,,8300,,,,0.0,,0.0,,0.0
,,,0.17265254259109497,,0.9931507110595703,,,,,,,,,,,1.0,1.0,,,,,8301,,,,0.0,,0.0,,0.0
,,,0.109375,,0.984375,,,,,,,,,,,1.0,1.0,,,,,8302,,,,0.0,,0.0,,0.0
,,,0.1510416716337204,,0.984375,,,,,,,,,,,1.0,1.0,,,,,8303,,,,0.0,,0.0,,0.0
,,,0.26481351256370544,,1.0,,,,,,,,,,,1.0,1.0,,,,,8304,,,,0.0,,0.0,,0.0
,,,0.17499999701976776,,1.0,,,,,,,,,,,1.0,1.0,,,,,8305,,,,0.0,,0.0,,0.0
,,,0.14453125,,0.9921875,,,,,,,,,,,1.0,1.0,,,,,8306,,,,0.0,,0.0,,0.0
,,,0.20877358317375183,,0.9811320900917053,,,,,,,,,,,1.0,1.0,,,,,8307,,,,0.0,,0.0,,0.0
,,,0.1497395783662796,,0.9765625,,,,,,,,,,,1.0,1.0,,,,,8308,,,,0.0,,0.0,,0.0
,,,0.0954861119389534,,0.984375,,,,,,,,,,,1.0,1.0,,,,,8309,,,,0.0,,0.0,,0.0
,,,0.22069084644317627,,0.9882352948188782,,,,,,,,,,,1.0,1.0,,,,,8310,,,,0.0,,0.0,,0.0
,,,0.125,,0.984375,,,,,,,,,,,1.0,1.0,,,,,8311,,,,0.0,,0.0,,0.0
,,,0.1419270783662796,,0.9921875,,,,,,,,,,,1.0,1.0,,,,,8312,,,,0.0,,0.0,,0.0
,,,0.2570725083351135,,0.9684728980064392,,,,,,,,,,,1.0,1.0,,,,,8313,,,,0.0,,0.0,,0.0
,,,0.15234375,,0.9453125,,,,,,,,,,,1.0,1.0,,,,,8314,,,,0.0,,0.0,,0.0
,,,0.1536458283662796,,0.9609375,,,,,,,,,,,1.0,1.0,,,,,8315,,,,0.0,,0.0,,0.0
,,,0.16180571913719177,,0.9515537023544312,,,,,,,,,,,1.0,1.0,,,,,8316,,,,0.0,,0.0,,0.0
,,,0.0850694477558136,,0.984375,,,,,,,,,,,1.0,1.0,,,,,8317,,,,0.0,,0.0,,0.0
,,,0.0859375,,1.0,,,,,,,,,,,1.0,1.0,,,,,8318,,,,0.0,,0.0,,0.0
,,,0.15912088751792908,,0.9920635223388672,,,,,,,,,,,1.0,1.0,,,,,8319,,,,0.0,,0.0,,0.0
,,,0.18593749403953552,,0.9921875,,,,,,,,,,,1.0,1.0,,,,,8320,,,,0.0,,0.0,,0.0
,,,0.1316964328289032,,1.0,,,,,,,,,,,1.0,1.0,,,,,8321,,,,0.0,,0.0,,0.0
,,,0.22727271914482117,,0.987500011920929,,,,,,,,,,,1.0,1.0,,,,,8322,,,,0.0,,0.0,,0.0
,,,0.1044921875,,0.96875,,,,,,,,,,,1.0,1.0,,,,,8323,,,,0.0,,0.0,,0.0
,,,0.1294642835855484,,0.9765625,,,,,,,,,,,1.0,1.0,,,,,8324,,,,0.0,,0.0,,0.0
,,,0.23654568195343018,,0.978723406791687,,,,,,,,,,,1.0,1.0,,,,,8325,,,,0.0,,0.0,,0.0
,,,0.1171875,,0.984375,,,,,,,,,,,1.0,1.0,,,,,8326,,,,0.0,,0.0,,0.0
,,,0.1116071417927742,,0.984375,,,,,,,,,,,1.0,1.0,,,,,8327,,,,0.0,,0.0,,0.0
,,,0.09765625,,0.984375,,,,,,,,,,,1.0,1.0,,,,,8328,,,,0.0,,0.0,,0.0
,,,0.2733408212661743,,0.9921259880065918,,,,,,,,,,,1.0,1.0,,,,,8329,,,,0.0,,0.0,,0.0
,,,0.0980902761220932,,0.9921875,,,,,,,,,,,1.0,1.0,,,,,8330,,,,0.0,,0.0,,0.0
,,,0.1123046875,,0.9921875,,,,,,,,,,,1.0,1.0,,,,,8331,,,,0.0,,0.0,,0.0
,,,0.18103449046611786,,0.9913793206214905,,,,,,,,,,,1.0,1.0,,,,,8332,,,,0.0,,0.0,,0.0
,,,0.1083984375,,0.96875,,,,,,,,,,,1.0,1.0,,,,,8333,,,,0.0,,0.0,,0.0
,,,0.1142578125,,1.0,,,,,,,,,,,1.0,1.0,,,,,8334,,,,0.0,,0.0,,0.0
,,,0.3090086877346039,,0.9950494766235352,,,,,,,,,,,1.0,1.0,,,,,8335,,,,0.0,,0.0,,0.0
,,,0.17343750596046448,,1.0,,,,,,,,,,,1.0,1.0,,,,,8336,,,,0.0,,0.0,,0.0
,,,0.1194196417927742,,0.9921875,,,,,,,,,,,1.0,1.0,,,,,8337,,,,0.0,,0.0,,0.0
,,,0.2109375,,0.9895833730697632,,,,,,,,,,,1.0,1.0,,,,,8338,,,,0.0,,0.0,,0.0
,,,0.0980902761220932,,0.984375,,,,,,,,,,,1.0,1.0,,,,,8339,,,,0.0,,0.0,,0.0
,,,0.0972222238779068,,0.984375,,,,,,,,,,,1.0,1.0,,,,,8340,,,,0.0,,0.0,,0.0
,,,0.25367820262908936,,0.988095223903656,,,,,,,,,,,1.0,1.0,,,,,8341,,,,0.0,,0.0,,0.0
,,,0.1216517835855484,,0.984375,,,,,,,,,,,1.0,1.0,,,,,8342,,,,0.0,,0.0,,0.0
,,,0.1238839253783226,,0.9765625,,,,,,,,,,,1.0,1.0,,,,,8343,,,,0.0,,0.0,,0.0
,,,0.269279420375824,,0.9734513163566589,,,,,,,,,,,1.0,1.0,,,,,8344,,,,0.0,,0.0,,0.0
,,,0.115234375,,0.96875,,,,,,,,,,,1.0,1.0,,,,,8345,,,,0.0,,0.0,,0.0
,,,0.1316964328289032,,0.9453125,,,,,,,,,,,1.0,1.0,,,,,8346,,,,0.0,,0.0,,0.0
,,,0.15696969628334045,,0.9398989677429199,,,,,,,,,,,1.0,1.0,,,,,8347,,,,0.0,,0.0,,0.0
,,,0.0966796875,,0.9921875,,,,,,,,,,,1.0,1.0,,,,,8348,,,,0.0,,0.0,,0.0
,,,0.07421875,,1.0,,,,,,,,,,,1.0,1.0,,,,,8349,,,,0.0,,0.0,,0.0
,,,0.1765432059764862,,0.970370352268219,,,,,,,,,,,1.0,1.0,,,,,8350,,,,0.0,,0.0,,0.0
,,,0.1549479216337204,,1.0,,,,,,,,,,,1.0,1.0,,,,,8351,,,,0.0,,0.0,,0.0
,,,0.1549479216337204,,1.0,,,,,,,,,,,1.0,1.0,,,,,8352,,,,0.0,,0.0,,0.0
,,,0.255804181098938,,0.9939758777618408,,,,,,,,,,,1.0,1.0,,,,,8353,,,,0.0,,0.0,,0.0
,,,0.109375,,0.9609375,,,,,,,,,,,1.0,1.0,,,,,8354,,,,0.0,,0.0,,0.0
,,,0.1294642835855484,,0.984375,,,,,,,,,,,1.0,1.0,,,,,8355,,,,0.0,,0.0,,0.0
,,,0.1995161771774292,,0.970588207244873,,,,,,,,,,,1.0,1.0,,,,,8356,,,,0.0,,0.0,,0.0
,,,0.1183035746216774,,0.9765625,,,,,,,,,,,1.0,1.0,,,,,8357,,,,0.0,,0.0,,0.0
,,,0.09375,,0.9921875,,,,,,,,,,,1.0,1.0,,,,,8358,,,,0.0,,0.0,,0.0
,,,0.19102990627288818,,1.0,,,,,,,,,,,1.0,1.0,,,,,8359,,,,0.0,,0.0,,0.0
,,,0.1064453125,,0.984375,,,,,,,,,,,1.0,1.0,,,,,8360,,,,0.0,,0.0,,0.0
,,,0.18281249701976776,,0.984375,,,,,,,,,,,1.0,1.0,,,,,8361,,,,0.0,,0.0,,0.0
,,,0.26343291997909546,,1.0,,,,,,,,,,,1.0,1.0,,,,,8362,,,,0.0,,0.0,,0.0
,,,0.0954861119389534,,0.984375,,,,,,,,,,,1.0,1.0,,,,,8363,,,,0.0,,0.0,,0.0
,,,0.1216517835855484,,0.96875,,,,,,,,,,,1.0,1.0,,,,,8364,,,,0.0,,0.0,,0.0
,,,0.3169642686843872,,1.0,,,,,,,,,,,1.0,1.0,,,,,8365,,,,0.0,,0.0,,0.0
,,,0.1432291716337204,,1.0,,,,,,,,,,,1.0,1.0,,,,,8366,,,,0.0,,0.0,,0.0
,,,0.1227678582072258,,0.9921875,,,,,,,,,,,1.0,1.0,,,,,8367,,,,0.0,,0.0,,0.0
,,,0.2665112614631653,,0.9545454978942871,,,,,,,,,,,1.0,1.0,,,,,8368,,,,0.0,,0.0,,0.0
,,,0.1471354216337204,,0.984375,,,,,,,,,,,1.0,1.0,,,,,8369,,,,0.0,,0.0,,0.0
,,,0.08437500149011612,,0.984375,,,,,,,,,,,1.0,1.0,,,,,8370,,,,0.0,,0.0,,0.0
,,,0.109251968562603,,0.9842519760131836,,,,,,,,,,,1.0,1.0,,,,,8371,,,,0.0,,0.0,,0.0
90,0.8306385278701782,0.8628157377243042,,0.9833549857139587,,,,,,,,,,,,,,240.6586151123047,5808.96875,5.483379364013672,233.5811004638672,20110,,,0.0,,0.0,,0.0,
90,,,,,,0.20503844320774078,,0.4324147403240204,,8.467353820800781,,,,,,,,,,,,20110,0.4741405248641968,,,,,,,
,,,,,,,,,,,,,,9.81175760596319e-06,0.03,,,,,,,20149,,,,,,,,
91,,,,,,,0.21156412363052368,,0.44127920269966125,,8.4375,9.802188287721947e-06,0.029999999329447746,,,1.0,1.0,,,,,20149,,0.3858228325843811,,,,,,
,,,,,,,,,,,,,,9.339116420209475e-06,0.03,,,,,,,20199,,,,,,,,
91,,,,,,,0.22249752283096313,,0.46770811080932617,,9.2109375,9.329784916189965e-06,0.029999999329447746,,,1.0,1.0,,,,,20199,,0.5914701819419861,,,,,,
,,,,,,,,,,,,,,8.878379013600014e-06,0.03,,,,,,,20249,,,,,,,,
91,,,,,,,0.22971738874912262,,0.45311033725738525,,8.25,8.869285920809489e-06,0.029999999329447746,,,1.0,1.0,,,,,20249,,0.5940869450569153,,,,,,
,,,,,,,,,,,,,,8.429574121809886e-06,0.03,,,,,,,20299,,,,,,,,
91,,,,,,,0.19017547369003296,,0.41001465916633606,,8.1953125,8.420719495916273e-06,0.029999999329447746,,,1.0,1.0,,,,,20299,,0.5663529634475708,,,,,,
,,,0.1432291716337204,,0.984375,,,,,,,,,,,1.0,1.0,,,,,8372,,,,0.0,,0.0,,0.0
,,,0.1171875,,0.984375,,,,,,,,,,,1.0,1.0,,,,,8373,,,,0.0,,0.0,,0.0
,,,0.24967259168624878,,0.9900990128517151,,,,,,,,,,,1.0,1.0,,,,,8374,,,,0.0,,0.0,,0.0
,,,0.1316964328289032,,0.984375,,,,,,,,,,,1.0,1.0,,,,,8375,,,,0.0,,0.0,,0.0
,,,0.23046875,,0.9765625,,,,,,,,,,,1.0,1.0,,,,,8376,,,,0.0,,0.0,,0.0
,,,0.29487180709838867,,0.9759615659713745,,,,,,,,,,,1.0,1.0,,,,,8377,,,,0.0,,0.0,,0.0
,,,0.103515625,,1.0,,,,,,,,,,,1.0,1.0,,,,,8378,,,,0.0,,0.0,,0.0
,,,0.0989583358168602,,1.0,,,,,,,,,,,1.0,1.0,,,,,8379,,,,0.0,,0.0,,0.0
,,,0.16012006998062134,,0.9772727489471436,,,,,,,,,,,1.0,1.0,,,,,8380,,,,0.0,,0.0,,0.0
,,,0.1316964328289032,,1.0,,,,,,,,,,,1.0,1.0,,,,,8381,,,,0.0,,0.0,,0.0
,,,0.1272321492433548,,0.9921875,,,,,,,,,,,1.0,1.0,,,,,8382,,,,0.0,,0.0,,0.0
,,,0.17812499403953552,,0.9765625,,,,,,,,,,,1.0,1.0,,,,,8383,,,,0.0,,0.0,,0.0
,,,0.27085715532302856,,0.9919999837875366,,,,,,,,,,,1.0,1.0,,,,,8384,,,,0.0,,0.0,,0.0
,,,0.1536458283662796,,0.984375,,,,,,,,,,,1.0,1.0,,,,,8385,,,,0.0,,0.0,,0.0
,,,0.1216517835855484,,0.984375,,,,,,,,,,,1.0,1.0,,,,,8386,,,,0.0,,0.0,,0.0
,,,0.25570228695869446,,0.9957983493804932,,,,,,,,,,,1.0,1.0,,,,,8387,,,,0.0,,0.0,,0.0
,,,0.1419270783662796,,1.0,,,,,,,,,,,1.0,1.0,,,,,8388,,,,0.0,,0.0,,0.0
,,,0.13671875,,0.9921875,,,,,,,,,,,1.0,1.0,,,,,8389,,,,0.0,,0.0,,0.0
,,,0.21387986838817596,,0.9826840162277222,,,,,,,,,,,1.0,1.0,,,,,8390,,,,0.0,,0.0,,0.0
,,,0.0928819477558136,,0.96875,,,,,,,,,,,1.0,1.0,,,,,8391,,,,0.0,,0.0,,0.0
,,,0.171875,,0.9765625,,,,,,,,,,,1.0,1.0,,,,,8392,,,,0.0,,0.0,,0.0
,,,0.1530759632587433,,0.9499377012252808,,,,,,,,,,,1.0,1.0,,,,,8393,,,,0.0,,0.0,,0.0
,,,0.10546875,,0.96875,,,,,,,,,,,1.0,1.0,,,,,8394,,,,0.0,,0.0,,0.0
,,,0.14453125,,0.9609375,,,,,,,,,,,1.0,1.0,,,,,8395,,,,0.0,,0.0,,0.0
,,,0.18494799733161926,,0.982758641242981,,,,,,,,,,,1.0,1.0,,,,,8396,,,,0.0,,0.0,,0.0
,,,0.15156249701976776,,0.9765625,,,,,,,,,,,1.0,1.0,,,,,8397,,,,0.0,,0.0,,0.0
,,,0.12109375,,0.96875,,,,,,,,,,,1.0,1.0,,,,,8398,,,,0.0,,0.0,,0.0
,,,0.31159746646881104,,0.9650314450263977,,,,,,,,,,,1.0,1.0,,,,,8399,,,,0.0,,0.0,,0.0
,,,0.1205357164144516,,0.984375,,,,,,,,,,,1.0,1.0,,,,,8400,,,,0.0,,0.0,,0.0
,,,0.0986328125,,0.9765625,,,,,,,,,,,1.0,1.0,,,,,8401,,,,0.0,,0.0,,0.0
,,,0.17926737666130066,,0.964842677116394,,,,,,,,,,,1.0,1.0,,,,,8402,,,,0.0,,0.0,,0.0
,,,0.1380208283662796,,0.9765625,,,,,,,,,,,1.0,1.0,,,,,8403,,,,0.0,,0.0,,0.0
,,,0.1354166716337204,,0.984375,,,,,,,,,,,1.0,1.0,,,,,8404,,,,0.0,,0.0,,0.0
,,,0.2508796453475952,,0.984236478805542,,,,,,,,,,,1.0,1.0,,,,,8405,,,,0.0,,0.0,,0.0
,,,0.1305803507566452,,0.9765625,,,,,,,,,,,1.0,1.0,,,,,8406,,,,0.0,,0.0,,0.0
,,,0.1536458283662796,,0.9765625,,,,,,,,,,,1.0,1.0,,,,,8407,,,,0.0,,0.0,,0.0
,,,0.28708913922309875,,0.9590163826942444,,,,,,,,,,,1.0,1.0,,,,,8408,,,,0.0,,0.0,,0.0
,,,0.08281250298023224,,1.0,,,,,,,,,,,1.0,1.0,,,,,8409,,,,0.0,,0.0,,0.0
,,,0.08124999701976776,,0.9921875,,,,,,,,,,,1.0,1.0,,,,,8410,,,,0.0,,0.0,,0.0
,,,0.18909239768981934,,0.9923076629638672,,,,,,,,,,,1.0,1.0,,,,,8411,,,,0.0,,0.0,,0.0
,,,0.1283482164144516,,1.0,,,,,,,,,,,1.0,1.0,,,,,8412,,,,0.0,,0.0,,0.0
,,,0.1272321492433548,,0.9765625,,,,,,,,,,,1.0,1.0,,,,,8413,,,,0.0,,0.0,,0.0
,,,0.3034090995788574,,0.987500011920929,,,,,,,,,,,1.0,1.0,,,,,8414,,,,0.0,,0.0,,0.0
,,,0.1283482164144516,,0.984375,,,,,,,,,,,1.0,1.0,,,,,8415,,,,0.0,,0.0,,0.0
,,,0.1536458283662796,,0.9921875,,,,,,,,,,,1.0,1.0,,,,,8416,,,,0.0,,0.0,,0.0
,,,0.27909886837005615,,0.9946808815002441,,,,,,,,,,,1.0,1.0,,,,,8417,,,,0.0,,0.0,,0.0
,,,0.1116071417927742,,0.9921875,,,,,,,,,,,1.0,1.0,,,,,8418,,,,0.0,,0.0,,0.0
,,,0.1216517835855484,,0.9921875,,,,,,,,,,,1.0,1.0,,,,,8419,,,,0.0,,0.0,,0.0
,,,0.1205357164144516,,1.0,,,,,,,,,,,1.0,1.0,,,,,8420,,,,0.0,,0.0,,0.0
,,,0.31102362275123596,,0.9881889820098877,,,,,,,,,,,1.0,1.0,,,,,8421,,,,0.0,,0.0,,0.0
,,,0.107421875,,0.9609375,,,,,,,,,,,1.0,1.0,,,,,8422,,,,0.0,,0.0,,0.0
,,,0.1025390625,,0.96875,,,,,,,,,,,1.0,1.0,,,,,8423,,,,0.0,,0.0,,0.0
,,,0.16315454244613647,,0.857758641242981,,,,,,,,,,,1.0,1.0,,,,,8424,,,,0.0,,0.0,,0.0
,,,0.1025390625,,0.9453125,,,,,,,,,,,1.0,1.0,,,,,8425,,,,0.0,,0.0,,0.0
,,,0.1083984375,,0.9921875,,,,,,,,,,,1.0,1.0,,,,,8426,,,,0.0,,0.0,,0.0
,,,0.272338330745697,,0.9900990128517151,,,,,,,,,,,1.0,1.0,,,,,8427,,,,0.0,,0.0,,0.0
,,,0.1276041716337204,,0.9765625,,,,,,,,,,,1.0,1.0,,,,,8428,,,,0.0,,0.0,,0.0
,,,0.1171875,,0.96875,,,,,,,,,,,1.0,1.0,,,,,8429,,,,0.0,,0.0,,0.0
,,,0.1888020932674408,,0.984375,,,,,,,,,,,1.0,1.0,,,,,8430,,,,0.0,,0.0,,0.0
,,,0.0986328125,,0.96875,,,,,,,,,,,1.0,1.0,,,,,8431,,,,0.0,,0.0,,0.0
,,,0.1015625,,0.9765625,,,,,,,,,,,1.0,1.0,,,,,8432,,,,0.0,,0.0,,0.0
,,,0.2216421365737915,,0.9703764915466309,,,,,,,,,,,1.0,1.0,,,,,8433,,,,0.0,,0.0,,0.0
,,,0.1138392835855484,,0.96875,,,,,,,,,,,1.0,1.0,,,,,8434,,,,0.0,,0.0,,0.0
,,,0.13671875,,0.984375,,,,,,,,,,,1.0,1.0,,,,,8435,,,,0.0,,0.0,,0.0
,,,0.23060472309589386,,0.9867256879806519,,,,,,,,,,,1.0,1.0,,,,,8436,,,,0.0,,0.0,,0.0
,,,0.1316964328289032,,0.984375,,,,,,,,,,,1.0,1.0,,,,,8437,,,,0.0,,0.0,,0.0
,,,0.1536458283662796,,0.9609375,,,,,,,,,,,1.0,1.0,,,,,8438,,,,0.0,,0.0,,0.0
,,,0.20063132047653198,,0.9444444179534912,,,,,,,,,,,1.0,1.0,,,,,8439,,,,0.0,,0.0,,0.0
,,,0.107421875,,1.0,,,,,,,,,,,1.0,1.0,,,,,8440,,,,0.0,,0.0,,0.0
,,,0.07890625298023224,,0.9921875,,,,,,,,,,,1.0,1.0,,,,,8441,,,,0.0,,0.0,,0.0
,,,0.1876543164253235,,0.9953703880310059,,,,,,,,,,,1.0,1.0,,,,,8442,,,,0.0,,0.0,,0.0
,,,0.1283482164144516,,0.9921875,,,,,,,,,,,1.0,1.0,,,,,8443,,,,0.0,,0.0,,0.0
,,,0.23046875,,0.9921875,,,,,,,,,,,1.0,1.0,,,,,8444,,,,0.0,,0.0,,0.0
,,,0.2967425286769867,,0.9939758777618408,,,,,,,,,,,1.0,1.0,,,,,8445,,,,0.0,,0.0,,0.0
,,,0.1305803507566452,,0.984375,,,,,,,,,,,1.0,1.0,,,,,8446,,,,0.0,,0.0,,0.0
,,,0.15234375,,0.984375,,,,,,,,,,,1.0,1.0,,,,,8447,,,,0.0,,0.0,,0.0
,,,0.22892794013023376,,1.0,,,,,,,,,,,1.0,1.0,,,,,8448,,,,0.0,,0.0,,0.0
,,,0.1183035746216774,,0.9921875,,,,,,,,,,,1.0,1.0,,,,,8449,,,,0.0,,0.0,,0.0
,,,0.1171875,,0.9921875,,,,,,,,,,,1.0,1.0,,,,,8450,,,,0.0,,0.0,,0.0
,,,0.22072258591651917,,1.0,,,,,,,,,,,1.0,1.0,,,,,8451,,,,0.0,,0.0,,0.0
,,,0.1015625,,0.9609375,,,,,,,,,,,1.0,1.0,,,,,8452,,,,0.0,,0.0,,0.0
,,,0.224609375,,0.96875,,,,,,,,,,,1.0,1.0,,,,,8453,,,,0.0,,0.0,,0.0
,,,0.21358495950698853,,0.969072163105011,,,,,,,,,,,1.0,1.0,,,,,8454,,,,0.0,,0.0,,0.0
,,,0.099609375,,0.9609375,,,,,,,,,,,1.0,1.0,,,,,8455,,,,0.0,,0.0,,0.0
,,,0.1015625,,0.9453125,,,,,,,,,,,1.0,1.0,,,,,8456,,,,0.0,,0.0,,0.0
,,,0.1964285671710968,,1.0,,,,,,,,,,,1.0,1.0,,,,,8457,,,,0.0,,0.0,,0.0
,,,0.15468749403953552,,0.96875,,,,,,,,,,,1.0,1.0,,,,,8458,,,,0.0,,0.0,,0.0
,,,0.1484375,,0.984375,,,,,,,,,,,1.0,1.0,,,,,8459,,,,0.0,,0.0,,0.0
,,,0.2394457459449768,,0.941724956035614,,,,,,,,,,,1.0,1.0,,,,,8460,,,,0.0,,0.0,,0.0
,,,0.1194196417927742,,0.9765625,,,,,,,,,,,1.0,1.0,,,,,8461,,,,0.0,,0.0,,0.0
,,,0.0868055522441864,,0.96875,,,,,,,,,,,1.0,1.0,,,,,8462,,,,0.0,,0.0,,0.0
,,,0.13254593312740326,,0.9685039520263672,,,,,,,,,,,1.0,1.0,,,,,8463,,,,0.0,,0.0,,0.0
91,0.8328183889389038,0.8415747880935669,,0.9802157282829285,,,,,,,,,,,,,,240.2926025390625,5953.599609375,5.4818572998046875,234.58702087402344,20331,,,0.0,,0.0,,0.0,
91,,,,,,0.2040001004934311,,0.4311079680919647,,8.458657264709473,,,,,,,,,,,,20331,0.4780627489089966,,,,,,,
,,,,,,,,,,,,,,7.992729736296532e-06,0.03,,,,,,,20349,,,,,,,,
92,,,,,,,0.2032078504562378,,0.4338197410106659,,8.640625,7.984114745340776e-06,0.029999999329447746,,,1.0,1.0,,,,,20349,,0.29826149344444275,,,,,,
,,,,,,,,,,,,,,7.567873102554149e-06,0.03,,,,,,,20399,,,,,,,,
92,,,,,,,0.20095214247703552,,0.4237908124923706,,8.2421875,7.559498499176698e-06,0.029999999329447746,,,1.0,1.0,,,,,20399,,0.36057305335998535,,,,,,
,,,,,,,,,,,,,,7.155030718414253e-06,0.03,,,,,,,20449,,,,,,,,
92,,,,,,,0.2012890875339508,,0.4209282100200653,,8.1484375,7.14689667802304e-06,0.029999999329447746,,,1.0,1.0,,,,,20449,,0.3838666081428528,,,,,,
,,,,,,,,,,,,,,6.754228332393065e-06,0.03,,,,,,,20499,,,,,,,,
92,,,,,,,0.23721161484718323,,0.45325368642807007,,7.84375,6.746335202478804e-06,0.029999999329447746,,,1.0,1.0,,,,,20499,,0.6706298589706421,,,,,,
,,,,,,,,,,,,,,6.365490942085704e-06,0.03,,,,,,,20549,,,,,,,,
92,,,,,,,0.19849510490894318,,0.441791296005249,,9.328125,6.357839538395638e-06,0.029999999329447746,,,1.0,1.0,,,,,20549,,0.8259330987930298,,,,,,
,,,0.1283482164144516,,0.9921875,,,,,,,,,,,1.0,1.0,,,,,8464,,,,0.0,,0.0,,0.0
,,,0.1103515625,,0.9921875,,,,,,,,,,,1.0,1.0,,,,,8465,,,,0.0,,0.0,,0.0
,,,0.22341400384902954,,0.9715805053710938,,,,,,,,,,,1.0,1.0,,,,,8466,,,,0.0,,0.0,,0.0
,,,0.1305803507566452,,0.9765625,,,,,,,,,,,1.0,1.0,,,,,8467,,,,0.0,,0.0,,0.0
,,,0.18125000596046448,,0.953125,,,,,,,,,,,1.0,1.0,,,,,8468,,,,0.0,,0.0,,0.0
,,,0.18376068770885468,,0.9711538553237915,,,,,,,,,,,1.0,1.0,,,,,8469,,,,0.0,,0.0,,0.0
,,,0.1227678582072258,,0.9921875,,,,,,,,,,,1.0,1.0,,,,,8470,,,,0.0,,0.0,,0.0
,,,0.0911458358168602,,1.0,,,,,,,,,,,1.0,1.0,,,,,8471,,,,0.0,,0.0,,0.0
,,,0.15540307760238647,,0.9725557565689087,,,,,,,,,,,1.0,1.0,,,,,8472,,,,0.0,,0.0,,0.0
,,,0.1875,,1.0,,,,,,,,,,,1.0,1.0,,,,,8473,,,,0.0,,0.0,,0.0
,,,0.0998263880610466,,0.984375,,,,,,,,,,,1.0,1.0,,,,,8474,,,,0.0,,0.0,,0.0
,,,0.1294642835855484,,0.984375,,,,,,,,,,,1.0,1.0,,,,,8475,,,,0.0,,0.0,,0.0
,,,0.3186666667461395,,0.9919999837875366,,,,,,,,,,,1.0,1.0,,,,,8476,,,,0.0,,0.0,,0.0
,,,0.1238839253783226,,0.984375,,,,,,,,,,,1.0,1.0,,,,,8477,,,,0.0,,0.0,,0.0
,,,0.1006944477558136,,0.9765625,,,,,,,,,,,1.0,1.0,,,,,8478,,,,0.0,,0.0,,0.0
,,,0.20985060930252075,,1.0,,,,,,,,,,,1.0,1.0,,,,,8479,,,,0.0,,0.0,,0.0
,,,0.1116071417927742,,1.0,,,,,,,,,,,1.0,1.0,,,,,8480,,,,0.0,,0.0,,0.0
,,,0.0908203125,,0.9765625,,,,,,,,,,,1.0,1.0,,,,,8481,,,,0.0,,0.0,,0.0
,,,0.1788119375705719,,0.9826840162277222,,,,,,,,,,,1.0,1.0,,,,,8482,,,,0.0,,0.0,,0.0
,,,0.111328125,,0.9921875,,,,,,,,,,,1.0,1.0,,,,,8483,,,,0.0,,0.0,,0.0
,,,0.1471354216337204,,0.9921875,,,,,,,,,,,1.0,1.0,,,,,8484,,,,0.0,,0.0,,0.0
,,,0.20442092418670654,,0.9794520139694214,,,,,,,,,,,1.0,1.0,,,,,8485,,,,0.0,,0.0,,0.0
,,,0.1025390625,,0.96875,,,,,,,,,,,1.0,1.0,,,,,8486,,,,0.0,,0.0,,0.0
,,,0.1238839253783226,,0.984375,,,,,,,,,,,1.0,1.0,,,,,8487,,,,0.0,,0.0,,0.0
,,,0.19354131817817688,,0.984236478805542,,,,,,,,,,,1.0,1.0,,,,,8488,,,,0.0,,0.0,,0.0
,,,0.208984375,,1.0,,,,,,,,,,,1.0,1.0,,,,,8489,,,,0.0,,0.0,,0.0
,,,0.14453125,,1.0,,,,,,,,,,,1.0,1.0,,,,,8490,,,,0.0,,0.0,,0.0
,,,0.21613207459449768,,1.0,,,,,,,,,,,1.0,1.0,,,,,8491,,,,0.0,,0.0,,0.0
,,,0.220703125,,0.984375,,,,,,,,,,,1.0,1.0,,,,,8492,,,,0.0,,0.0,,0.0
,,,0.0911458358168602,,1.0,,,,,,,,,,,1.0,1.0,,,,,8493,,,,0.0,,0.0,,0.0
,,,0.24889585375785828,,0.9823529720306396,,,,,,,,,,,1.0,1.0,,,,,8494,,,,0.0,,0.0,,0.0
,,,0.1471354216337204,,0.9765625,,,,,,,,,,,1.0,1.0,,,,,8495,,,,0.0,,0.0,,0.0
,,,0.1238839253783226,,0.9921875,,,,,,,,,,,1.0,1.0,,,,,8496,,,,0.0,,0.0,,0.0
,,,0.2611541152000427,,0.9684728980064392,,,,,,,,,,,1.0,1.0,,,,,8497,,,,0.0,,0.0,,0.0
,,,0.15234375,,0.96875,,,,,,,,,,,1.0,1.0,,,,,8498,,,,0.0,,0.0,,0.0
,,,0.1796875,,0.9609375,,,,,,,,,,,1.0,1.0,,,,,8499,,,,0.0,,0.0,,0.0
,,,0.18609139323234558,,0.9515537023544312,,,,,,,,,,,1.0,1.0,,,,,8500,,,,0.0,,0.0,,0.0
,,,0.0946180522441864,,1.0,,,,,,,,,,,1.0,1.0,,,,,8501,,,,0.0,,0.0,,0.0
,,,0.07890625298023224,,1.0,,,,,,,,,,,1.0,1.0,,,,,8502,,,,0.0,,0.0,,0.0
,,,0.1855650544166565,,0.9843711853027344,,,,,,,,,,,1.0,1.0,,,,,8503,,,,0.0,,0.0,,0.0
,,,0.1536458283662796,,1.0,,,,,,,,,,,1.0,1.0,,,,,8504,,,,0.0,,0.0,,0.0
,,,0.1015625,,0.984375,,,,,,,,,,,1.0,1.0,,,,,8505,,,,0.0,,0.0,,0.0
,,,0.3640909194946289,,0.987500011920929,,,,,,,,,,,1.0,1.0,,,,,8506,,,,0.0,,0.0,,0.0
,,,0.1261160671710968,,0.9921875,,,,,,,,,,,1.0,1.0,,,,,8507,,,,0.0,,0.0,,0.0
,,,0.1294642835855484,,0.9921875,,,,,,,,,,,1.0,1.0,,,,,8508,,,,0.0,,0.0,,0.0
,,,0.18217214941978455,,0.9893617033958435,,,,,,,,,,,1.0,1.0,,,,,8509,,,,0.0,,0.0,,0.0
,,,0.1315104216337204,,0.9921875,,,,,,,,,,,1.0,1.0,,,,,8510,,,,0.0,,0.0,,0.0
,,,0.125,,0.9921875,,,,,,,,,,,1.0,1.0,,,,,8511,,,,0.0,,0.0,,0.0
,,,0.0859375,,0.984375,,,,,,,,,,,1.0,1.0,,,,,8512,,,,0.0,,0.0,,0.0
,,,0.09973753243684769,,0.9921259880065918,,,,,,,,,,,1.0,1.0,,,,,8513,,,,0.0,,0.0,,0.0
,,,0.1283482164144516,,0.9921875,,,,,,,,,,,1.0,1.0,,,,,8514,,,,0.0,,0.0,,0.0
,,,0.1419270783662796,,0.9921875,,,,,,,,,,,1.0,1.0,,,,,8515,,,,0.0,,0.0,,0.0
,,,0.1752873659133911,,0.9784482717514038,,,,,,,,,,,1.0,1.0,,,,,8516,,,,0.0,,0.0,,0.0
,,,0.0911458358168602,,0.9609375,,,,,,,,,,,1.0,1.0,,,,,8517,,,,0.0,,0.0,,0.0
,,,0.109375,,0.9921875,,,,,,,,,,,1.0,1.0,,,,,8518,,,,0.0,,0.0,,0.0
,,,0.2539158761501312,,0.9950494766235352,,,,,,,,,,,1.0,1.0,,,,,8519,,,,0.0,,0.0,,0.0
,,,0.17343750596046448,,1.0,,,,,,,,,,,1.0,1.0,,,,,8520,,,,0.0,,0.0,,0.0
,,,0.1471354216337204,,1.0,,,,,,,,,,,1.0,1.0,,,,,8521,,,,0.0,,0.0,,0.0
,,,0.1840277761220932,,0.9947916269302368,,,,,,,,,,,1.0,1.0,,,,,8522,,,,0.0,,0.0,,0.0
,,,0.109375,,0.9921875,,,,,,,,,,,1.0,1.0,,,,,8523,,,,0.0,,0.0,,0.0
,,,0.1064453125,,0.984375,,,,,,,,,,,1.0,1.0,,,,,8524,,,,0.0,,0.0,,0.0
,,,0.19607481360435486,,0.988095223903656,,,,,,,,,,,1.0,1.0,,,,,8525,,,,0.0,,0.0,,0.0
,,,0.1261160671710968,,0.9765625,,,,,,,,,,,1.0,1.0,,,,,8526,,,,0.0,,0.0,,0.0
,,,0.1238839253783226,,0.9765625,,,,,,,,,,,1.0,1.0,,,,,8527,,,,0.0,,0.0,,0.0
,,,0.27054363489151,,0.9778760671615601,,,,,,,,,,,1.0,1.0,,,,,8528,,,,0.0,,0.0,,0.0
,,,0.15234375,,0.9765625,,,,,,,,,,,1.0,1.0,,,,,8529,,,,0.0,,0.0,,0.0
,,,0.15234375,,0.9453125,,,,,,,,,,,1.0,1.0,,,,,8530,,,,0.0,,0.0,,0.0
,,,0.17115600407123566,,0.9398989677429199,,,,,,,,,,,1.0,1.0,,,,,8531,,,,0.0,,0.0,,0.0
,,,0.0928819477558136,,1.0,,,,,,,,,,,1.0,1.0,,,,,8532,,,,0.0,,0.0,,0.0
,,,0.09765625,,1.0,,,,,,,,,,,1.0,1.0,,,,,8533,,,,0.0,,0.0,,0.0
,,,0.2196759283542633,,0.9750000238418579,,,,,,,,,,,1.0,1.0,,,,,8534,,,,0.0,,0.0,,0.0
,,,0.1305803507566452,,0.9921875,,,,,,,,,,,1.0,1.0,,,,,8535,,,,0.0,,0.0,,0.0
,,,0.1316964328289032,,0.9921875,,,,,,,,,,,1.0,1.0,,,,,8536,,,,0.0,,0.0,,0.0
,,,0.30044621229171753,,0.9828647971153259,,,,,,,,,,,1.0,1.0,,,,,8537,,,,0.0,,0.0,,0.0
,,,0.1471354216337204,,0.9921875,,,,,,,,,,,1.0,1.0,,,,,8538,,,,0.0,,0.0,,0.0
,,,0.1024305522441864,,0.984375,,,,,,,,,,,1.0,1.0,,,,,8539,,,,0.0,,0.0,,0.0
,,,0.20686911046504974,,0.9901961088180542,,,,,,,,,,,1.0,1.0,,,,,8540,,,,0.0,,0.0,,0.0
,,,0.09765625,,0.9921875,,,,,,,,,,,1.0,1.0,,,,,8541,,,,0.0,,0.0,,0.0
,,,0.1026785746216774,,0.984375,,,,,,,,,,,1.0,1.0,,,,,8542,,,,0.0,,0.0,,0.0
,,,0.1731450855731964,,0.9941860437393188,,,,,,,,,,,1.0,1.0,,,,,8543,,,,0.0,,0.0,,0.0
,,,0.1064453125,,0.984375,,,,,,,,,,,1.0,1.0,,,,,8544,,,,0.0,,0.0,,0.0
,,,0.1510416716337204,,0.9921875,,,,,,,,,,,1.0,1.0,,,,,8545,,,,0.0,,0.0,,0.0
,,,0.2968074679374695,,1.0,,,,,,,,,,,1.0,1.0,,,,,8546,,,,0.0,,0.0,,0.0
,,,0.103515625,,0.9609375,,,,,,,,,,,1.0,1.0,,,,,8547,,,,0.0,,0.0,,0.0
,,,0.0986328125,,0.96875,,,,,,,,,,,1.0,1.0,,,,,8548,,,,0.0,,0.0,,0.0
,,,0.2003968209028244,,0.9955357313156128,,,,,,,,,,,1.0,1.0,,,,,8549,,,,0.0,,0.0,,0.0
,,,0.140625,,0.9921875,,,,,,,,,,,1.0,1.0,,,,,8550,,,,0.0,,0.0,,0.0
,,,0.1432291716337204,,1.0,,,,,,,,,,,1.0,1.0,,,,,8551,,,,0.0,,0.0,,0.0
,,,0.24020424485206604,,1.0,,,,,,,,,,,1.0,1.0,,,,,8552,,,,0.0,,0.0,,0.0
,,,0.1083984375,,0.984375,,,,,,,,,,,1.0,1.0,,,,,8553,,,,0.0,,0.0,,0.0
,,,0.1064453125,,1.0,,,,,,,,,,,1.0,1.0,,,,,8554,,,,0.0,,0.0,,0.0
,,,0.12373453378677368,,0.9763779640197754,,,,,,,,,,,1.0,1.0,,,,,8555,,,,0.0,,0.0,,0.0
92,0.8319082856178284,0.8611181378364563,,0.9855035543441772,,,,,,,,,,,,,,241.22813415527344,5341.55224609375,5.485743045806885,231.95176696777344,20552,,,0.0,,0.0,,0.0,
92,,,,,,0.20289461314678192,,0.4284493923187256,,8.393259048461914,,,,,,,,,,,,20552,0.48442453145980835,,,,,,,
,,,,,,,,,,,,,,5.988842792606921e-06,0.03,,,,,,,20599,,,,,,,,
93,,,,,,,0.20793762803077698,,0.4368807375431061,,8.5546875,5.981433332635788e-06,0.029999999329447746,,,1.0,1.0,,,,,20599,,0.3003389239311218,,,,,,
,,,,,,,,,,,,,,5.624307375079262e-06,0.03,,,,,,,20649,,,,,,,,
93,,,,,,,0.18509291112422943,,0.4003618359565735,,8.03125,5.617140232061502e-06,0.029999999329447746,,,1.0,1.0,,,,,20649,,0.47943925857543945,,,,,,
,,,,,,,,,,,,,,5.2719074251675995e-06,0.03,,,,,,,20699,,,,,,,,
93,,,,,,,0.20545366406440735,,0.43227288126945496,,8.4375,5.264983428787673e-06,0.029999999329447746,,,1.0,1.0,,,,,20699,,0.5393789410591125,,,,,,
,,,,,,,,,,,,,,4.931664921661422e-06,0.03,,,,,,,20749,,,,,,,,
93,,,,,,,0.2137899398803711,,0.44366228580474854,,8.5234375,4.924984295939794e-06,0.029999999329447746,,,1.0,1.0,,,,,20749,,0.42191052436828613,,,,,,
,,,0.1015625,,0.9921875,,,,,,,,,,,1.0,1.0,,,,,8556,,,,0.0,,0.0,,0.0
,,,0.1315104216337204,,0.984375,,,,,,,,,,,1.0,1.0,,,,,8557,,,,0.0,,0.0,,0.0
,,,0.24684372544288635,,0.985148549079895,,,,,,,,,,,1.0,1.0,,,,,8558,,,,0.0,,0.0,,0.0
,,,0.15625,,0.984375,,,,,,,,,,,1.0,1.0,,,,,8559,,,,0.0,,0.0,,0.0
,,,0.1316964328289032,,0.96875,,,,,,,,,,,1.0,1.0,,,,,8560,,,,0.0,,0.0,,0.0
,,,0.2362637221813202,,0.9711538553237915,,,,,,,,,,,1.0,1.0,,,,,8561,,,,0.0,,0.0,,0.0
,,,0.0859375,,0.9921875,,,,,,,,,,,1.0,1.0,,,,,8562,,,,0.0,,0.0,,0.0
,,,0.09765625,,0.9921875,,,,,,,,,,,1.0,1.0,,,,,8563,,,,0.0,,0.0,,0.0
,,,0.1569468379020691,,0.9952830076217651,,,,,,,,,,,1.0,1.0,,,,,8564,,,,0.0,,0.0,,0.0
,,,0.1875,,1.0,,,,,,,,,,,1.0,1.0,,,,,8565,,,,0.0,,0.0,,0.0
,,,0.1283482164144516,,0.9921875,,,,,,,,,,,1.0,1.0,,,,,8566,,,,0.0,,0.0,,0.0
,,,0.1305803507566452,,0.9921875,,,,,,,,,,,1.0,1.0,,,,,8567,,,,0.0,,0.0,,0.0
,,,0.195333331823349,,0.9880000352859497,,,,,,,,,,,1.0,1.0,,,,,8568,,,,0.0,,0.0,,0.0
,,,0.1283482164144516,,0.9921875,,,,,,,,,,,1.0,1.0,,,,,8569,,,,0.0,,0.0,,0.0
,,,0.08984375,,0.96875,,,,,,,,,,,1.0,1.0,,,,,8570,,,,0.0,,0.0,,0.0
,,,0.22245565056800842,,0.9444444179534912,,,,,,,,,,,1.0,1.0,,,,,8571,,,,0.0,,0.0,,0.0
,,,0.18593749403953552,,1.0,,,,,,,,,,,1.0,1.0,,,,,8572,,,,0.0,,0.0,,0.0
,,,0.1510416716337204,,0.9921875,,,,,,,,,,,1.0,1.0,,,,,8573,,,,0.0,,0.0,,0.0
,,,0.18891294300556183,,0.9886363744735718,,,,,,,,,,,1.0,1.0,,,,,8574,,,,0.0,,0.0,,0.0
,,,0.1261160671710968,,0.96875,,,,,,,,,,,1.0,1.0,,,,,8575,,,,0.0,,0.0,,0.0
,,,0.228515625,,0.9921875,,,,,,,,,,,1.0,1.0,,,,,8576,,,,0.0,,0.0,,0.0
,,,0.17971494793891907,,0.9635118246078491,,,,,,,,,,,1.0,1.0,,,,,8577,,,,0.0,,0.0,,0.0
,,,0.1044921875,,0.9765625,,,,,,,,,,,1.0,1.0,,,,,8578,,,,0.0,,0.0,,0.0
,,,0.125,,0.984375,,,,,,,,,,,1.0,1.0,,,,,8579,,,,0.0,,0.0,,0.0
,,,0.24883884191513062,,0.9913793206214905,,,,,,,,,,,1.0,1.0,,,,,8580,,,,0.0,,0.0,,0.0
,,,0.201171875,,0.984375,,,,,,,,,,,1.0,1.0,,,,,8581,,,,0.0,,0.0,,0.0
,,,0.0902777761220932,,0.984375,,,,,,,,,,,1.0,1.0,,,,,8582,,,,0.0,,0.0,,0.0
,,,0.27392032742500305,,0.9716981053352356,,,,,,,,,,,1.0,1.0,,,,,8583,,,,0.0,,0.0,,0.0
,,,0.1283482164144516,,0.9921875,,,,,,,,,,,1.0,1.0,,,,,8584,,,,0.0,,0.0,,0.0
,,,0.08203125,,0.9921875,,,,,,,,,,,1.0,1.0,,,,,8585,,,,0.0,,0.0,,0.0
,,,0.23892906308174133,,0.9764705896377563,,,,,,,,,,,1.0,1.0,,,,,8586,,,,0.0,,0.0,,0.0
,,,0.0859375,,0.9765625,,,,,,,,,,,1.0,1.0,,,,,8587,,,,0.0,,0.0,,0.0
,,,0.1049107164144516,,1.0,,,,,,,,,,,1.0,1.0,,,,,8588,,,,0.0,,0.0,,0.0
,,,0.2582688331604004,,0.9684728980064392,,,,,,,,,,,1.0,1.0,,,,,8589,,,,0.0,,0.0,,0.0
,,,0.1536458283662796,,0.96875,,,,,,,,,,,1.0,1.0,,,,,8590,,,,0.0,,0.0,,0.0
,,,0.18281249701976776,,0.96875,,,,,,,,,,,1.0,1.0,,,,,8591,,,,0.0,,0.0,,0.0
,,,0.20020797848701477,,0.9515537023544312,,,,,,,,,,,1.0,1.0,,,,,8592,,,,0.0,,0.0,,0.0
,,,0.07890625298023224,,1.0,,,,,,,,,,,1.0,1.0,,,,,8593,,,,0.0,,0.0,,0.0
,,,0.07500000298023224,,1.0,,,,,,,,,,,1.0,1.0,,,,,8594,,,,0.0,,0.0,,0.0
,,,0.1574847400188446,,0.9920635223388672,,,,,,,,,,,1.0,1.0,,,,,8595,,,,0.0,,0.0,,0.0
,,,0.1875,,1.0,,,,,,,,,,,1.0,1.0,,,,,8596,,,,0.0,,0.0,,0.0
,,,0.1123046875,,1.0,,,,,,,,,,,1.0,1.0,,,,,8597,,,,0.0,,0.0,,0.0
,,,0.37136363983154297,,0.987500011920929,,,,,,,,,,,1.0,1.0,,,,,8598,,,,0.0,,0.0,,0.0
,,,0.1261160671710968,,0.9765625,,,,,,,,,,,1.0,1.0,,,,,8599,,,,0.0,,0.0,,0.0
,,,0.1305803507566452,,0.9921875,,,,,,,,,,,1.0,1.0,,,,,8600,,,,0.0,,0.0,,0.0
,,,0.21464329957962036,,0.978723406791687,,,,,,,,,,,1.0,1.0,,,,,8601,,,,0.0,,0.0,,0.0
,,,0.23046875,,1.0,,,,,,,,,,,1.0,1.0,,,,,8602,,,,0.0,,0.0,,0.0
,,,0.2265625,,0.9921875,,,,,,,,,,,1.0,1.0,,,,,8603,,,,0.0,,0.0,,0.0
,,,0.1103515625,,1.0,,,,,,,,,,,1.0,1.0,,,,,8604,,,,0.0,,0.0,,0.0
,,,0.271091103553772,,0.9921259880065918,,,,,,,,,,,1.0,1.0,,,,,8605,,,,0.0,,0.0,,0.0
,,,0.15234375,,0.984375,,,,,,,,,,,1.0,1.0,,,,,8606,,,,0.0,,0.0,,0.0
,,,0.1064453125,,0.9921875,,,,,,,,,,,1.0,1.0,,,,,8607,,,,0.0,,0.0,,0.0
,,,0.1781609207391739,,0.936781644821167,,,,,,,,,,,1.0,1.0,,,,,8608,,,,0.0,,0.0,,0.0
,,,0.1183035746216774,,0.9609375,,,,,,,,,,,1.0,1.0,,,,,8609,,,,0.0,,0.0,,0.0
,,,0.1305803507566452,,1.0,,,,,,,,,,,1.0,1.0,,,,,8610,,,,0.0,,0.0,,0.0
,,,0.3609094023704529,,0.9900990128517151,,,,,,,,,,,1.0,1.0,,,,,8611,,,,0.0,,0.0,,0.0
,,,0.1640625,,0.9921875,,,,,,,,,,,1.0,1.0,,,,,8612,,,,0.0,,0.0,,0.0
,,,0.1138392835855484,,0.984375,,,,,,,,,,,1.0,1.0,,,,,8613,,,,0.0,,0.0,,0.0
,,,0.2395833283662796,,0.9895833730697632,,,,,,,,,,,1.0,1.0,,,,,8614,,,,0.0,,0.0,,0.0
,,,0.0954861119389534,,1.0,,,,,,,,,,,1.0,1.0,,,,,8615,,,,0.0,,0.0,,0.0
,,,0.1083984375,,0.9765625,,,,,,,,,,,1.0,1.0,,,,,8616,,,,0.0,,0.0,,0.0
,,,0.22694194316864014,,0.976190447807312,,,,,,,,,,,1.0,1.0,,,,,8617,,,,0.0,,0.0,,0.0
,,,0.1060267835855484,,0.9765625,,,,,,,,,,,1.0,1.0,,,,,8618,,,,0.0,,0.0,,0.0
,,,0.095703125,,0.984375,,,,,,,,,,,1.0,1.0,,,,,8619,,,,0.0,,0.0,,0.0
,,,0.22949853539466858,,0.991150438785553,,,,,,,,,,,1.0,1.0,,,,,8620,,,,0.0,,0.0,,0.0
,,,0.15625,,0.96875,,,,,,,,,,,1.0,1.0,,,,,8621,,,,0.0,,0.0,,0.0
,,,0.15234375,,0.953125,,,,,,,,,,,1.0,1.0,,,,,8622,,,,0.0,,0.0,,0.0
,,,0.1973484754562378,,0.9398989677429199,,,,,,,,,,,1.0,1.0,,,,,8623,,,,0.0,,0.0,,0.0
,,,0.07968749850988388,,1.0,,,,,,,,,,,1.0,1.0,,,,,8624,,,,0.0,,0.0,,0.0
,,,0.06953124701976776,,1.0,,,,,,,,,,,1.0,1.0,,,,,8625,,,,0.0,,0.0,,0.0
,,,0.18971192836761475,,0.9750000238418579,,,,,,,,,,,1.0,1.0,,,,,8626,,,,0.0,,0.0,,0.0
,,,0.1305803507566452,,1.0,,,,,,,,,,,1.0,1.0,,,,,8627,,,,0.0,,0.0,,0.0
,,,0.18593749403953552,,1.0,,,,,,,,,,,1.0,1.0,,,,,8628,,,,0.0,,0.0,,0.0
,,,0.3629451096057892,,0.9939758777618408,,,,,,,,,,,1.0,1.0,,,,,8629,,,,0.0,,0.0,,0.0
,,,0.1272321492433548,,0.984375,,,,,,,,,,,1.0,1.0,,,,,8630,,,,0.0,,0.0,,0.0
,,,0.115234375,,0.984375,,,,,,,,,,,1.0,1.0,,,,,8631,,,,0.0,,0.0,,0.0
,,,0.21253502368927002,,0.9803921580314636,,,,,,,,,,,1.0,1.0,,,,,8632,,,,0.0,,0.0,,0.0
,,,0.228515625,,1.0,,,,,,,,,,,1.0,1.0,,,,,8633,,,,0.0,,0.0,,0.0
,,,0.1510416716337204,,0.9921875,,,,,,,,,,,1.0,1.0,,,,,8634,,,,0.0,,0.0,,0.0
,,,0.20136581361293793,,1.0,,,,,,,,,,,1.0,1.0,,,,,8635,,,,0.0,,0.0,,0.0
,,,0.1227678582072258,,0.9765625,,,,,,,,,,,1.0,1.0,,,,,8636,,,,0.0,,0.0,,0.0
,,,0.18437500298023224,,0.984375,,,,,,,,,,,1.0,1.0,,,,,8637,,,,0.0,,0.0,,0.0
,,,0.2592047154903412,,0.9948453903198242,,,,,,,,,,,1.0,1.0,,,,,8638,,,,0.0,,0.0,,0.0
,,,0.0928819477558136,,0.953125,,,,,,,,,,,1.0,1.0,,,,,8639,,,,0.0,,0.0,,0.0
,,,0.1194196417927742,,0.96875,,,,,,,,,,,1.0,1.0,,,,,8640,,,,0.0,,0.0,,0.0
,,,0.3050595223903656,,1.0,,,,,,,,,,,1.0,1.0,,,,,8641,,,,0.0,,0.0,,0.0
,,,0.205078125,,0.984375,,,,,,,,,,,1.0,1.0,,,,,8642,,,,0.0,,0.0,,0.0
,,,0.1138392835855484,,0.9765625,,,,,,,,,,,1.0,1.0,,,,,8643,,,,0.0,,0.0,,0.0
,,,0.2745402753353119,,0.9545454978942871,,,,,,,,,,,1.0,1.0,,,,,8644,,,,0.0,,0.0,,0.0
,,,0.17656250298023224,,0.9921875,,,,,,,,,,,1.0,1.0,,,,,8645,,,,0.0,,0.0,,0.0
,,,0.08281250298023224,,0.9921875,,,,,,,,,,,1.0,1.0,,,,,8646,,,,0.0,,0.0,,0.0
,,,0.12260967493057251,,0.9685039520263672,,,,,,,,,,,1.0,1.0,,,,,8647,,,,0.0,,0.0,,0.0
93,0.8280931711196899,0.8582109212875366,,0.9845792651176453,,,,,,,,,,,,,,240.26473999023438,5761.4208984375,5.481741428375244,232.67247009277344,20773,,,0.0,,0.0,,0.0,
93,,,,,,0.20359009504318237,,0.43040159344673157,,8.44432258605957,,,,,,,,,,,,20773,0.4887736439704895,,,,,,,
,,,,,,,,,,,,,,4.6036010851038495e-06,0.03,,,,,,,20799,,,,,,,,
94,,,,,,,0.1987708956003189,,0.42311879992485046,,8.3359375,4.597164206643356e-06,0.029999999329447746,,,1.0,1.0,,,,,20799,,0.3798485994338989,,,,,,
,,,,,,,,,,,,,,4.2877363764682985e-06,0.03,,,,,,,20849,,,,,,,,
94,,,,,,,0.1921033263206482,,0.42077401280403137,,8.65625,4.281543624529149e-06,0.029999999329447746,,,1.0,1.0,,,,,20849,,0.6002304553985596,,,,,,
,,,,,,,,,,,,,,3.984090495882192e-06,0.03,,,,,,,20899,,,,,,,,
94,,,,,,,0.2137531191110611,,0.44482341408729553,,8.546875,3.978142558480613e-06,0.029999999329447746,,,1.0,1.0,,,,,20899,,0.7595738172531128,,,,,,
,,,,,,,,,,,,,,3.6926823813983886e-06,0.03,,,,,,,20949,,,,,,,,
94,,,,,,,0.2102581262588501,,0.4308418035507202,,8.0859375,3.686979198391782e-06,0.029999999329447746,,,1.0,1.0,,,,,20949,,0.37263423204421997,,,,,,
,,,0.10546875,,0.9765625,,,,,,,,,,,1.0,1.0,,,,,8648,,,,0.0,,0.0,,0.0
,,,0.1025390625,,0.9765625,,,,,,,,,,,1.0,1.0,,,,,8649,,,,0.0,,0.0,,0.0
,,,0.21630913019180298,,0.9900990128517151,,,,,,,,,,,1.0,1.0,,,,,8650,,,,0.0,,0.0,,0.0
,,,0.1875,,0.9765625,,,,,,,,,,,1.0,1.0,,,,,8651,,,,0.0,,0.0,,0.0
,,,0.15234375,,0.96875,,,,,,,,,,,1.0,1.0,,,,,8652,,,,0.0,,0.0,,0.0
,,,0.2271062433719635,,0.9759615659713745,,,,,,,,,,,1.0,1.0,,,,,8653,,,,0.0,,0.0,,0.0
,,,0.06953124701976776,,0.984375,,,,,,,,,,,1.0,1.0,,,,,8654,,,,0.0,,0.0,,0.0
,,,0.07500000298023224,,0.984375,,,,,,,,,,,1.0,1.0,,,,,8655,,,,0.0,,0.0,,0.0
,,,0.15994854271411896,,0.9725557565689087,,,,,,,,,,,1.0,1.0,,,,,8656,,,,0.0,,0.0,,0.0
,,,0.1875,,1.0,,,,,,,,,,,1.0,1.0,,,,,8657,,,,0.0,,0.0,,0.0
,,,0.1123046875,,0.9921875,,,,,,,,,,,1.0,1.0,,,,,8658,,,,0.0,,0.0,,0.0
,,,0.1305803507566452,,0.9921875,,,,,,,,,,,1.0,1.0,,,,,8659,,,,0.0,,0.0,,0.0
,,,0.226666659116745,,0.9959999918937683,,,,,,,,,,,1.0,1.0,,,,,8660,,,,0.0,,0.0,,0.0
,,,0.1549479216337204,,1.0,,,,,,,,,,,1.0,1.0,,,,,8661,,,,0.0,,0.0,,0.0
,,,0.18281249701976776,,0.984375,,,,,,,,,,,1.0,1.0,,,,,8662,,,,0.0,,0.0,,0.0
,,,0.24129652976989746,,0.9957983493804932,,,,,,,,,,,1.0,1.0,,,,,8663,,,,0.0,,0.0,,0.0
,,,0.0888671875,,0.9765625,,,,,,,,,,,1.0,1.0,,,,,8664,,,,0.0,,0.0,,0.0
,,,0.06484375149011612,,0.9609375,,,,,,,,,,,1.0,1.0,,,,,8665,,,,0.0,,0.0,,0.0
,,,0.18001443147659302,,0.988095223903656,,,,,,,,,,,1.0,1.0,,,,,8666,,,,0.0,,0.0,,0.0
,,,0.1083984375,,0.984375,,,,,,,,,,,1.0,1.0,,,,,8667,,,,0.0,,0.0,,0.0
,,,0.125,,0.984375,,,,,,,,,,,1.0,1.0,,,,,8668,,,,0.0,,0.0,,0.0
,,,0.1842534840106964,,0.9840598106384277,,,,,,,,,,,1.0,1.0,,,,,8669,,,,0.0,,0.0,,0.0
,,,0.109375,,0.984375,,,,,,,,,,,1.0,1.0,,,,,8670,,,,0.0,,0.0,,0.0
,,,0.1283482164144516,,1.0,,,,,,,,,,,1.0,1.0,,,,,8671,,,,0.0,,0.0,,0.0
,,,0.2611541152000427,,1.0,,,,,,,,,,,1.0,1.0,,,,,8672,,,,0.0,,0.0,,0.0
,,,0.23046875,,1.0,,,,,,,,,,,1.0,1.0,,,,,8673,,,,0.0,,0.0,,0.0
,,,0.1484375,,0.9921875,,,,,,,,,,,1.0,1.0,,,,,8674,,,,0.0,,0.0,,0.0
,,,0.300209641456604,,0.9716981053352356,,,,,,,,,,,1.0,1.0,,,,,8675,,,,0.0,,0.0,,0.0
,,,0.140625,,0.96875,,,,,,,,,,,1.0,1.0,,,,,8676,,,,0.0,,0.0,,0.0
,,,0.1025390625,,0.9921875,,,,,,,,,,,1.0,1.0,,,,,8677,,,,0.0,,0.0,,0.0
,,,0.16481532156467438,,0.9823529720306396,,,,,,,,,,,1.0,1.0,,,,,8678,,,,0.0,,0.0,,0.0
,,,0.099609375,,0.953125,,,,,,,,,,,1.0,1.0,,,,,8679,,,,0.0,,0.0,,0.0
,,,0.099609375,,0.9765625,,,,,,,,,,,1.0,1.0,,,,,8680,,,,0.0,,0.0,,0.0
,,,0.19928845763206482,,0.985714316368103,,,,,,,,,,,1.0,1.0,,,,,8681,,,,0.0,,0.0,,0.0
,,,0.15234375,,0.9765625,,,,,,,,,,,1.0,1.0,,,,,8682,,,,0.0,,0.0,,0.0
,,,0.23046875,,0.9765625,,,,,,,,,,,1.0,1.0,,,,,8683,,,,0.0,,0.0,,0.0
,,,0.17480900883674622,,0.9515537023544312,,,,,,,,,,,1.0,1.0,,,,,8684,,,,0.0,,0.0,,0.0
,,,0.0842013880610466,,0.984375,,,,,,,,,,,1.0,1.0,,,,,8685,,,,0.0,,0.0,,0.0
,,,0.0807291641831398,,0.984375,,,,,,,,,,,1.0,1.0,,,,,8686,,,,0.0,,0.0,,0.0
,,,0.16229549050331116,,0.9843711853027344,,,,,,,,,,,1.0,1.0,,,,,8687,,,,0.0,,0.0,,0.0
,,,0.1549479216337204,,1.0,,,,,,,,,,,1.0,1.0,,,,,8688,,,,0.0,,0.0,,0.0
,,,0.1549479216337204,,0.984375,,,,,,,,,,,1.0,1.0,,,,,8689,,,,0.0,,0.0,,0.0
,,,0.22755682468414307,,0.987500011920929,,,,,,,,,,,1.0,1.0,,,,,8690,,,,0.0,,0.0,,0.0
,,,0.15234375,,1.0,,,,,,,,,,,1.0,1.0,,,,,8691,,,,0.0,,0.0,,0.0
,,,0.15625,,0.9921875,,,,,,,,,,,1.0,1.0,,,,,8692,,,,0.0,,0.0,,0.0
,,,0.22885751724243164,,0.9946808815002441,,,,,,,,,,,1.0,1.0,,,,,8693,,,,0.0,,0.0,,0.0
,,,0.1015625,,0.9765625,,,,,,,,,,,1.0,1.0,,,,,8694,,,,0.0,,0.0,,0.0
,,,0.0737847238779068,,0.9765625,,,,,,,,,,,1.0,1.0,,,,,8695,,,,0.0,,0.0,,0.0
,,,0.0798611119389534,,0.9765625,,,,,,,,,,,1.0,1.0,,,,,8696,,,,0.0,,0.0,,0.0
,,,0.11122047156095505,,0.9842519760131836,,,,,,,,,,,1.0,1.0,,,,,8697,,,,0.0,,0.0,,0.0
,,,0.107421875,,0.984375,,,,,,,,,,,1.0,1.0,,,,,8698,,,,0.0,,0.0,,0.0
,,,0.1205357164144516,,0.984375,,,,,,,,,,,1.0,1.0,,,,,8699,,,,0.0,,0.0,,0.0
,,,0.1791187822818756,,0.9956896305084229,,,,,,,,,,,1.0,1.0,,,,,8700,,,,0.0,,0.0,,0.0
,,,0.1238839253783226,,1.0,,,,,,,,,,,1.0,1.0,,,,,8701,,,,0.0,,0.0,,0.0
,,,0.1316964328289032,,1.0,,,,,,,,,,,1.0,1.0,,,,,8702,,,,0.0,,0.0,,0.0
,,,0.266279011964798,,1.0,,,,,,,,,,,1.0,1.0,,,,,8703,,,,0.0,,0.0,,0.0
,,,0.18437500298023224,,1.0,,,,,,,,,,,1.0,1.0,,,,,8704,,,,0.0,,0.0,,0.0
,,,0.15234375,,0.9921875,,,,,,,,,,,1.0,1.0,,,,,8705,,,,0.0,,0.0,,0.0
,,,0.2161458432674408,,0.9739583730697632,,,,,,,,,,,1.0,1.0,,,,,8706,,,,0.0,,0.0,,0.0
,,,0.1183035746216774,,0.9921875,,,,,,,,,,,1.0,1.0,,,,,8707,,,,0.0,,0.0,,0.0
,,,0.08046875149011612,,0.984375,,,,,,,,,,,1.0,1.0,,,,,8708,,,,0.0,,0.0,,0.0
,,,0.1738033890724182,,0.9822812676429749,,,,,,,,,,,1.0,1.0,,,,,8709,,,,0.0,,0.0,,0.0
,,,0.1149553582072258,,0.953125,,,,,,,,,,,1.0,1.0,,,,,8710,,,,0.0,,0.0,,0.0
,,,0.1183035746216774,,0.984375,,,,,,,,,,,1.0,1.0,,,,,8711,,,,0.0,,0.0,,0.0
,,,0.2622840404510498,,0.9867256879806519,,,,,,,,,,,1.0,1.0,,,,,8712,,,,0.0,,0.0,,0.0
,,,0.1549479216337204,,0.9765625,,,,,,,,,,,1.0,1.0,,,,,8713,,,,0.0,,0.0,,0.0
,,,0.18437500298023224,,0.96875,,,,,,,,,,,1.0,1.0,,,,,8714,,,,0.0,,0.0,,0.0
,,,0.15333333611488342,,0.9398989677429199,,,,,,,,,,,1.0,1.0,,,,,8715,,,,0.0,,0.0,,0.0
,,,0.07421875,,0.984375,,,,,,,,,,,1.0,1.0,,,,,8716,,,,0.0,,0.0,,0.0
,,,0.07109375298023224,,0.984375,,,,,,,,,,,1.0,1.0,,,,,8717,,,,0.0,,0.0,,0.0
,,,0.18868312239646912,,0.9750000238418579,,,,,,,,,,,1.0,1.0,,,,,8718,,,,0.0,,0.0,,0.0
,,,0.1305803507566452,,1.0,,,,,,,,,,,1.0,1.0,,,,,8719,,,,0.0,,0.0,,0.0
,,,0.236328125,,0.984375,,,,,,,,,,,1.0,1.0,,,,,8720,,,,0.0,,0.0,,0.0
,,,0.2595142722129822,,0.9939758777618408,,,,,,,,,,,1.0,1.0,,,,,8721,,,,0.0,,0.0,,0.0
,,,0.1283482164144516,,1.0,,,,,,,,,,,1.0,1.0,,,,,8722,,,,0.0,,0.0,,0.0
,,,0.1875,,0.984375,,,,,,,,,,,1.0,1.0,,,,,8723,,,,0.0,,0.0,,0.0
,,,0.23463931679725647,,1.0,,,,,,,,,,,1.0,1.0,,,,,8724,,,,0.0,,0.0,,0.0
,,,0.1015625,,0.9765625,,,,,,,,,,,1.0,1.0,,,,,8725,,,,0.0,,0.0,,0.0
,,,0.06640625,,0.9765625,,,,,,,,,,,1.0,1.0,,,,,8726,,,,0.0,,0.0,,0.0
,,,0.18063247203826904,,0.9764673113822937,,,,,,,,,,,1.0,1.0,,,,,8727,,,,0.0,,0.0,,0.0
,,,0.0928819477558136,,0.9609375,,,,,,,,,,,1.0,1.0,,,,,8728,,,,0.0,,0.0,,0.0
,,,0.1261160671710968,,0.9921875,,,,,,,,,,,1.0,1.0,,,,,8729,,,,0.0,,0.0,,0.0
,,,0.22277185320854187,,0.9845360517501831,,,,,,,,,,,1.0,1.0,,,,,8730,,,,0.0,,0.0,,0.0
,,,0.1083984375,,0.9921875,,,,,,,,,,,1.0,1.0,,,,,8731,,,,0.0,,0.0,,0.0
,,,0.1205357164144516,,0.9921875,,,,,,,,,,,1.0,1.0,,,,,8732,,,,0.0,,0.0,,0.0
,,,0.27806124091148376,,1.0,,,,,,,,,,,1.0,1.0,,,,,8733,,,,0.0,,0.0,,0.0
,,,0.1497395783662796,,1.0,,,,,,,,,,,1.0,1.0,,,,,8734,,,,0.0,,0.0,,0.0
,,,0.18125000596046448,,0.9921875,,,,,,,,,,,1.0,1.0,,,,,8735,,,,0.0,,0.0,,0.0
,,,0.3482517600059509,,0.9545454978942871,,,,,,,,,,,1.0,1.0,,,,,8736,,,,0.0,,0.0,,0.0
,,,0.1064453125,,0.9609375,,,,,,,,,,,1.0,1.0,,,,,8737,,,,0.0,,0.0,,0.0
,,,0.103515625,,0.9921875,,,,,,,,,,,1.0,1.0,,,,,8738,,,,0.0,,0.0,,0.0
,,,0.07716535031795502,,0.9842519760131836,,,,,,,,,,,1.0,1.0,,,,,8739,,,,0.0,,0.0,,0.0
94,0.8314967155456543,0.8477981090545654,,0.9841063022613525,,,,,,,,,,,,,,240.17184448242188,5922.5615234375,5.481354713439941,234.2945556640625,20994,,,0.0,,0.0,,0.0,
94,,,,,,0.20223501324653625,,0.42810168862342834,,8.409607887268066,,,,,,,,,,,,20994,0.4786808490753174,,,,,,,
,,,,,,,,,,,,,,3.413530207813984e-06,0.03,,,,,,,20999,,,,,,,,
95,,,,,,,0.19488415122032166,,0.4313105046749115,,8.90625,3.4080721889040433e-06,0.029999999329447746,,,1.0,1.0,,,,,20999,,0.6456469297409058,,,,,,
,,,,,,,,,,,,,,3.1466513855368105e-06,0.03,,,,,,,21049,,,,,,,,
95,,,,,,,0.2181079089641571,,0.4516516625881195,,8.71875,3.1414390377904056e-06,0.029999999329447746,,,1.0,1.0,,,,,21049,,0.49327364563941956,,,,,,
,,,,,,,,,,,,,,2.892062559499556e-06,0.03,,,,,,,21099,,,,,,,,
95,,,,,,,0.18812629580497742,,0.41047441959381104,,8.2890625,2.8870963433291763e-06,0.029999999329447746,,,1.0,1.0,,,,,21099,,0.486043781042099,,,,,,
,,,,,,,,,,,,,,2.649779608121618e-06,0.03,,,,,,,21149,,,,,,,,
95,,,,,,,0.21239054203033447,,0.4308711588382721,,8.03125,2.6450595669302857e-06,0.029999999329447746,,,1.0,1.0,,,,,21149,,0.32305437326431274,,,,,,
,,,,,,,,,,,,,,2.4198176423188392e-06,0.03,,,,,,,21199,,,,,,,,
95,,,,,,,0.2195081114768982,,0.434664785861969,,7.82421875,2.4153441700036637e-06,0.029999999329447746,,,1.0,1.0,,,,,21199,,0.71207594871521,,,,,,
,,,0.111328125,,1.0,,,,,,,,,,,1.0,1.0,,,,,8740,,,,0.0,,0.0,,0.0
,,,0.1419270783662796,,0.9921875,,,,,,,,,,,1.0,1.0,,,,,8741,,,,0.0,,0.0,,0.0
,,,0.2687411606311798,,1.0,,,,,,,,,,,1.0,1.0,,,,,8742,,,,0.0,,0.0,,0.0
,,,0.1339285671710968,,0.984375,,,,,,,,,,,1.0,1.0,,,,,8743,,,,0.0,,0.0,,0.0
,,,0.1549479216337204,,0.9765625,,,,,,,,,,,1.0,1.0,,,,,8744,,,,0.0,,0.0,,0.0
,,,0.16844728589057922,,0.9759615659713745,,,,,,,,,,,1.0,1.0,,,,,8745,,,,0.0,,0.0,,0.0
,,,0.0703125,,0.9921875,,,,,,,,,,,1.0,1.0,,,,,8746,,,,0.0,,0.0,,0.0
,,,0.07109375298023224,,1.0,,,,,,,,,,,1.0,1.0,,,,,8747,,,,0.0,,0.0,,0.0
,,,0.17038306593894958,,0.9725557565689087,,,,,,,,,,,1.0,1.0,,,,,8748,,,,0.0,,0.0,,0.0
,,,0.1316964328289032,,0.9921875,,,,,,,,,,,1.0,1.0,,,,,8749,,,,0.0,,0.0,,0.0
,,,0.1510416716337204,,0.9765625,,,,,,,,,,,1.0,1.0,,,,,8750,,,,0.0,,0.0,,0.0
,,,0.1458333283662796,,0.984375,,,,,,,,,,,1.0,1.0,,,,,8751,,,,0.0,,0.0,,0.0
,,,0.16474074125289917,,0.9800000190734863,,,,,,,,,,,1.0,1.0,,,,,8752,,,,0.0,,0.0,,0.0
,,,0.1194196417927742,,0.9609375,,,,,,,,,,,1.0,1.0,,,,,8753,,,,0.0,,0.0,,0.0
,,,0.0911458358168602,,0.9453125,,,,,,,,,,,1.0,1.0,,,,,8754,,,,0.0,,0.0,,0.0
,,,0.17232078313827515,,1.0,,,,,,,,,,,1.0,1.0,,,,,8755,,,,0.0,,0.0,,0.0
,,,0.125,,0.9921875,,,,,,,,,,,1.0,1.0,,,,,8756,,,,0.0,,0.0,,0.0
,,,0.1302083283662796,,0.9921875,,,,,,,,,,,1.0,1.0,,,,,8757,,,,0.0,,0.0,,0.0
,,,0.18783068656921387,,0.9940476417541504,,,,,,,,,,,1.0,1.0,,,,,8758,,,,0.0,,0.0,,0.0
,,,0.11328125,,0.9921875,,,,,,,,,,,1.0,1.0,,,,,8759,,,,0.0,,0.0,,0.0
,,,0.18593749403953552,,1.0,,,,,,,,,,,1.0,1.0,,,,,8760,,,,0.0,,0.0,,0.0
,,,0.21752801537513733,,0.9863013625144958,,,,,,,,,,,1.0,1.0,,,,,8761,,,,0.0,,0.0,,0.0
,,,0.08437500149011612,,0.9609375,,,,,,,,,,,1.0,1.0,,,,,8762,,,,0.0,,0.0,,0.0
,,,0.11328125,,0.984375,,,,,,,,,,,1.0,1.0,,,,,8763,,,,0.0,,0.0,,0.0
,,,0.23208127915859222,,0.9928570985794067,,,,,,,,,,,1.0,1.0,,,,,8764,,,,0.0,,0.0,,0.0
,,,0.228515625,,1.0,,,,,,,,,,,1.0,1.0,,,,,8765,,,,0.0,,0.0,,0.0
,,,0.1536458283662796,,1.0,,,,,,,,,,,1.0,1.0,,,,,8766,,,,0.0,,0.0,,0.0
,,,0.2190566062927246,,0.9716981053352356,,,,,,,,,,,1.0,1.0,,,,,8767,,,,0.0,,0.0,,0.0
,,,0.1341145783662796,,0.9765625,,,,,,,,,,,1.0,1.0,,,,,8768,,,,0.0,,0.0,,0.0
,,,0.1104910746216774,,0.96875,,,,,,,,,,,1.0,1.0,,,,,8769,,,,0.0,,0.0,,0.0
,,,0.18574252724647522,,0.9589602947235107,,,,,,,,,,,1.0,1.0,,,,,8770,,,,0.0,,0.0,,0.0
,,,0.1064453125,,0.9921875,,,,,,,,,,,1.0,1.0,,,,,8771,,,,0.0,,0.0,,0.0
,,,0.1064453125,,1.0,,,,,,,,,,,1.0,1.0,,,,,8772,,,,0.0,,0.0,,0.0
,,,0.2652357518672943,,0.9928570985794067,,,,,,,,,,,1.0,1.0,,,,,8773,,,,0.0,,0.0,,0.0
,,,0.1162109375,,0.9765625,,,,,,,,,,,1.0,1.0,,,,,8774,,,,0.0,,0.0,,0.0
,,,0.1575520783662796,,0.96875,,,,,,,,,,,1.0,1.0,,,,,8775,,,,0.0,,0.0,,0.0
,,,0.1764673888683319,,0.9597504138946533,,,,,,,,,,,1.0,1.0,,,,,8776,,,,0.0,,0.0,,0.0
,,,0.06875000149011612,,1.0,,,,,,,,,,,1.0,1.0,,,,,8777,,,,0.0,,0.0,,0.0
,,,0.06796874850988388,,1.0,,,,,,,,,,,1.0,1.0,,,,,8778,,,,0.0,,0.0,,0.0
,,,0.155946284532547,,0.9920635223388672,,,,,,,,,,,1.0,1.0,,,,,8779,,,,0.0,,0.0,,0.0
,,,0.1875,,0.984375,,,,,,,,,,,1.0,1.0,,,,,8780,,,,0.0,,0.0,,0.0
,,,0.15234375,,0.96875,,,,,,,,,,,1.0,1.0,,,,,8781,,,,0.0,,0.0,,0.0
,,,0.21534091234207153,,0.969318151473999,,,,,,,,,,,1.0,1.0,,,,,8782,,,,0.0,,0.0,,0.0
,,,0.0876736119389534,,0.9609375,,,,,,,,,,,1.0,1.0,,,,,8783,,,,0.0,,0.0,,0.0
,,,0.1238839253783226,,0.9765625,,,,,,,,,,,1.0,1.0,,,,,8784,,,,0.0,,0.0,,0.0
,,,0.17480184137821198,,0.9734042882919312,,,,,,,,,,,1.0,1.0,,,,,8785,,,,0.0,,0.0,,0.0
,,,0.1160714253783226,,0.9921875,,,,,,,,,,,1.0,1.0,,,,,8786,,,,0.0,,0.0,,0.0
,,,0.1197916641831398,,0.9921875,,,,,,,,,,,1.0,1.0,,,,,8787,,,,0.0,,0.0,,0.0
,,,0.1005859375,,1.0,,,,,,,,,,,1.0,1.0,,,,,8788,,,,0.0,,0.0,,0.0
,,,0.11417322605848312,,0.9921259880065918,,,,,,,,,,,1.0,1.0,,,,,8789,,,,0.0,,0.0,,0.0
,,,0.1328125,,0.9921875,,,,,,,,,,,1.0,1.0,,,,,8790,,,,0.0,,0.0,,0.0
,,,0.18281249701976776,,1.0,,,,,,,,,,,1.0,1.0,,,,,8791,,,,0.0,,0.0,,0.0
,,,0.17081737518310547,,0.9870689511299133,,,,,,,,,,,1.0,1.0,,,,,8792,,,,0.0,,0.0,,0.0
,,,0.09375,,0.9609375,,,,,,,,,,,1.0,1.0,,,,,8793,,,,0.0,,0.0,,0.0
,,,0.1536458283662796,,0.9921875,,,,,,,,,,,1.0,1.0,,,,,8794,,,,0.0,,0.0,,0.0
,,,0.30778634548187256,,0.9950494766235352,,,,,,,,,,,1.0,1.0,,,,,8795,,,,0.0,,0.0,,0.0
,,,0.232421875,,1.0,,,,,,,,,,,1.0,1.0,,,,,8796,,,,0.0,,0.0,,0.0
,,,0.18906250596046448,,1.0,,,,,,,,,,,1.0,1.0,,,,,8797,,,,0.0,,0.0,,0.0
,,,0.2485118955373764,,0.984375,,,,,,,,,,,1.0,1.0,,,,,8798,,,,0.0,,0.0,,0.0
,,,0.099609375,,0.984375,,,,,,,,,,,1.0,1.0,,,,,8799,,,,0.0,,0.0,,0.0
,,,0.0876736119389534,,0.9609375,,,,,,,,,,,1.0,1.0,,,,,8800,,,,0.0,,0.0,,0.0
,,,0.23682960867881775,,0.976190447807312,,,,,,,,,,,1.0,1.0,,,,,8801,,,,0.0,,0.0,,0.0
,,,0.1183035746216774,,0.9921875,,,,,,,,,,,1.0,1.0,,,,,8802,,,,0.0,,0.0,,0.0
,,,0.1458333283662796,,1.0,,,,,,,,,,,1.0,1.0,,,,,8803,,,,0.0,,0.0,,0.0
,,,0.2743362784385681,,0.9867256879806519,,,,,,,,,,,1.0,1.0,,,,,8804,,,,0.0,,0.0,,0.0
,,,0.1575520783662796,,0.984375,,,,,,,,,,,1.0,1.0,,,,,8805,,,,0.0,,0.0,,0.0
,,,0.1339285671710968,,0.953125,,,,,,,,,,,1.0,1.0,,,,,8806,,,,0.0,,0.0,,0.0
,,,0.15424242615699768,,0.9676767587661743,,,,,,,,,,,1.0,1.0,,,,,8807,,,,0.0,,0.0,,0.0
,,,0.06718750298023224,,1.0,,,,,,,,,,,1.0,1.0,,,,,8808,,,,0.0,,0.0,,0.0
,,,0.06562499701976776,,1.0,,,,,,,,,,,1.0,1.0,,,,,8809,,,,0.0,,0.0,,0.0
,,,0.15888889133930206,,0.970370352268219,,,,,,,,,,,1.0,1.0,,,,,8810,,,,0.0,,0.0,,0.0
,,,0.1549479216337204,,0.984375,,,,,,,,,,,1.0,1.0,,,,,8811,,,,0.0,,0.0,,0.0
,,,0.228515625,,0.984375,,,,,,,,,,,1.0,1.0,,,,,8812,,,,0.0,,0.0,,0.0
,,,0.24257028102874756,,0.9708166122436523,,,,,,,,,,,1.0,1.0,,,,,8813,,,,0.0,,0.0,,0.0
,,,0.0902777761220932,,0.96875,,,,,,,,,,,1.0,1.0,,,,,8814,,,,0.0,,0.0,,0.0
,,,0.1083984375,,0.96875,,,,,,,,,,,1.0,1.0,,,,,8815,,,,0.0,,0.0,,0.0
,,,0.16648274660110474,,0.9607843160629272,,,,,,,,,,,1.0,1.0,,,,,8816,,,,0.0,,0.0,,0.0
,,,0.099609375,,0.9921875,,,,,,,,,,,1.0,1.0,,,,,8817,,,,0.0,,0.0,,0.0
,,,0.1049107164144516,,0.9921875,,,,,,,,,,,1.0,1.0,,,,,8818,,,,0.0,,0.0,,0.0
,,,0.2223145067691803,,1.0,,,,,,,,,,,1.0,1.0,,,,,8819,,,,0.0,,0.0,,0.0
,,,0.08828125149011612,,0.984375,,,,,,,,,,,1.0,1.0,,,,,8820,,,,0.0,,0.0,,0.0
,,,0.236328125,,0.9921875,,,,,,,,,,,1.0,1.0,,,,,8821,,,,0.0,,0.0,,0.0
,,,0.3127147853374481,,1.0,,,,,,,,,,,1.0,1.0,,,,,8822,,,,0.0,,0.0,,0.0
,,,0.08437500149011612,,0.96875,,,,,,,,,,,1.0,1.0,,,,,8823,,,,0.0,,0.0,,0.0
,,,0.0928819477558136,,0.96875,,,,,,,,,,,1.0,1.0,,,,,8824,,,,0.0,,0.0,,0.0
,,,0.2767857313156128,,0.9955357313156128,,,,,,,,,,,1.0,1.0,,,,,8825,,,,0.0,,0.0,,0.0
,,,0.18281249701976776,,0.9921875,,,,,,,,,,,1.0,1.0,,,,,8826,,,,0.0,,0.0,,0.0
,,,0.18125000596046448,,1.0,,,,,,,,,,,1.0,1.0,,,,,8827,,,,0.0,,0.0,,0.0
,,,0.2821807861328125,,1.0,,,,,,,,,,,1.0,1.0,,,,,8828,,,,0.0,,0.0,,0.0
,,,0.103515625,,0.9609375,,,,,,,,,,,1.0,1.0,,,,,8829,,,,0.0,,0.0,,0.0
,,,0.09765625,,0.9609375,,,,,,,,,,,1.0,1.0,,,,,8830,,,,0.0,,0.0,,0.0
,,,0.08923884481191635,,0.960629940032959,,,,,,,,,,,1.0,1.0,,,,,8831,,,,0.0,,0.0,,0.0
95,0.8323080539703369,0.8504836559295654,,0.9833164811134338,,,,,,,,,,,,,,240.800048828125,6000.69921875,5.483966827392578,235.3299560546875,21215,,,0.0,,0.0,,0.0,
95,,,,,,0.2027239352464676,,0.4297391474246979,,8.464932441711426,,,,,,,,,,,,21215,0.48117944598197937,,,,,,,
,,,,,,,,,,,,,,2.2021910045609194e-06,0.03,,,,,,,21249,,,,,,,,
96,,,,,,,0.20817796885967255,,0.435050904750824,,8.4375,2.1979644770908635e-06,0.029999999329447746,,,1.0,1.0,,,,,21249,,0.3631945550441742,,,,,,
,,,,,,,,,,,,,,1.9969132679771464e-06,0.03,,,,,,,21299,,,,,,,,
96,,,,,,,0.18791940808296204,,0.41355884075164795,,8.5,1.9929336758650606e-06,0.029999999329447746,,,1.0,1.0,,,,,21299,,0.4961685240268707,,,,,,
,,,,,,,,,,,,,,1.8039972355095408e-06,0.03,,,,,,,21349,,,,,,,,
96,,,,,,,0.19440746307373047,,0.4215250313282013,,8.5078125,1.8002650676862686e-06,0.029999999329447746,,,1.0,1.0,,,,,21349,,0.499275803565979,,,,,,
,,,,,,,,,,,,,,1.6234549391146124e-06,0.03,,,,,,,21399,,,,,,,,
96,,,,,,,0.19966131448745728,,0.41755035519599915,,8.09375,1.6199703622987727e-06,0.029999999329447746,,,1.0,1.0,,,,,21399,,0.45872849225997925,,,,,,
,,,0.1083984375,,0.984375,,,,,,,,,,,1.0,1.0,,,,,8832,,,,0.0,,0.0,,0.0
,,,0.1194196417927742,,0.9921875,,,,,,,,,,,1.0,1.0,,,,,8833,,,,0.0,,0.0,,0.0
,,,0.25496357679367065,,0.9900990128517151,,,,,,,,,,,1.0,1.0,,,,,8834,,,,0.0,,0.0,,0.0
,,,0.2421875,,0.9921875,,,,,,,,,,,1.0,1.0,,,,,8835,,,,0.0,,0.0,,0.0
,,,0.2421875,,0.9921875,,,,,,,,,,,1.0,1.0,,,,,8836,,,,0.0,,0.0,,0.0
,,,0.23580586910247803,,0.990384578704834,,,,,,,,,,,1.0,1.0,,,,,8837,,,,0.0,,0.0,,0.0
,,,0.078125,,1.0,,,,,,,,,,,1.0,1.0,,,,,8838,,,,0.0,,0.0,,0.0
,,,0.0928819477558136,,1.0,,,,,,,,,,,1.0,1.0,,,,,8839,,,,0.0,,0.0,,0.0
,,,0.15917667746543884,,0.9725557565689087,,,,,,,,,,,1.0,1.0,,,,,8840,,,,0.0,,0.0,,0.0
,,,0.1316964328289032,,1.0,,,,,,,,,,,1.0,1.0,,,,,8841,,,,0.0,,0.0,,0.0
,,,0.0972222238779068,,0.96875,,,,,,,,,,,1.0,1.0,,,,,8842,,,,0.0,,0.0,,0.0
,,,0.1272321492433548,,0.984375,,,,,,,,,,,1.0,1.0,,,,,8843,,,,0.0,,0.0,,0.0
,,,0.19233334064483643,,0.9839999675750732,,,,,,,,,,,1.0,1.0,,,,,8844,,,,0.0,,0.0,,0.0
,,,0.1083984375,,0.96875,,,,,,,,,,,1.0,1.0,,,,,8845,,,,0.0,,0.0,,0.0
,,,0.09375,,0.9296875,,,,,,,,,,,1.0,1.0,,,,,8846,,,,0.0,,0.0,,0.0
,,,0.20774976909160614,,1.0,,,,,,,,,,,1.0,1.0,,,,,8847,,,,0.0,,0.0,,0.0
,,,0.1127232164144516,,0.984375,,,,,,,,,,,1.0,1.0,,,,,8848,,,,0.0,,0.0,,0.0
,,,0.1171875,,0.984375,,,,,,,,,,,1.0,1.0,,,,,8849,,,,0.0,,0.0,,0.0
,,,0.18398267030715942,,1.0,,,,,,,,,,,1.0,1.0,,,,,8850,,,,0.0,,0.0,,0.0
,,,0.1294642835855484,,0.9921875,,,,,,,,,,,1.0,1.0,,,,,8851,,,,0.0,,0.0,,0.0
,,,0.228515625,,0.9921875,,,,,,,,,,,1.0,1.0,,,,,8852,,,,0.0,,0.0,,0.0
,,,0.2050124555826187,,0.9794520139694214,,,,,,,,,,,1.0,1.0,,,,,8853,,,,0.0,,0.0,,0.0
,,,0.0894097238779068,,0.96875,,,,,,,,,,,1.0,1.0,,,,,8854,,,,0.0,,0.0,,0.0
,,,0.0963541641831398,,0.9765625,,,,,,,,,,,1.0,1.0,,,,,8855,,,,0.0,,0.0,,0.0
,,,0.2184728980064392,,0.9741379022598267,,,,,,,,,,,1.0,1.0,,,,,8856,,,,0.0,,0.0,,0.0
,,,0.17812499403953552,,0.9921875,,,,,,,,,,,1.0,1.0,,,,,8857,,,,0.0,,0.0,,0.0
,,,0.1497395783662796,,0.9921875,,,,,,,,,,,1.0,1.0,,,,,8858,,,,0.0,,0.0,,0.0
,,,0.3549182415008545,,1.0,,,,,,,,,,,1.0,1.0,,,,,8859,,,,0.0,,0.0,,0.0
,,,0.17343750596046448,,1.0,,,,,,,,,,,1.0,1.0,,,,,8860,,,,0.0,,0.0,,0.0
,,,0.0920138880610466,,0.9921875,,,,,,,,,,,1.0,1.0,,,,,8861,,,,0.0,,0.0,,0.0
,,,0.19358566403388977,,0.9823529720306396,,,,,,,,,,,1.0,1.0,,,,,8862,,,,0.0,,0.0,,0.0
,,,0.0911458358168602,,0.9765625,,,,,,,,,,,1.0,1.0,,,,,8863,,,,0.0,,0.0,,0.0
,,,0.1328125,,0.9921875,,,,,,,,,,,1.0,1.0,,,,,8864,,,,0.0,,0.0,,0.0
,,,0.2623504400253296,,0.982758641242981,,,,,,,,,,,1.0,1.0,,,,,8865,,,,0.0,,0.0,,0.0
,,,0.19218750298023224,,0.9921875,,,,,,,,,,,1.0,1.0,,,,,8866,,,,0.0,,0.0,,0.0
,,,0.19062499701976776,,0.984375,,,,,,,,,,,1.0,1.0,,,,,8867,,,,0.0,,0.0,,0.0
,,,0.20244066417217255,,0.9836065769195557,,,,,,,,,,,1.0,1.0,,,,,8868,,,,0.0,,0.0,,0.0
,,,0.07968749850988388,,1.0,,,,,,,,,,,1.0,1.0,,,,,8869,,,,0.0,,0.0,,0.0
,,,0.1025390625,,1.0,,,,,,,,,,,1.0,1.0,,,,,8870,,,,0.0,,0.0,,0.0
,,,0.16705739498138428,,0.9843711853027344,,,,,,,,,,,1.0,1.0,,,,,8871,,,,0.0,,0.0,,0.0
,,,0.1305803507566452,,0.984375,,,,,,,,,,,1.0,1.0,,,,,8872,,,,0.0,,0.0,,0.0
,,,0.1283482164144516,,0.9765625,,,,,,,,,,,1.0,1.0,,,,,8873,,,,0.0,,0.0,,0.0
,,,0.22159090638160706,,0.987500011920929,,,,,,,,,,,1.0,1.0,,,,,8874,,,,0.0,,0.0,,0.0
,,,0.107421875,,0.96875,,,,,,,,,,,1.0,1.0,,,,,8875,,,,0.0,,0.0,,0.0
,,,0.1272321492433548,,0.953125,,,,,,,,,,,1.0,1.0,,,,,8876,,,,0.0,,0.0,,0.0
,,,0.2046307921409607,,0.978723406791687,,,,,,,,,,,1.0,1.0,,,,,8877,,,,0.0,,0.0,,0.0
,,,0.1171875,,0.9921875,,,,,,,,,,,1.0,1.0,,,,,8878,,,,0.0,,0.0,,0.0
,,,0.1127232164144516,,0.9921875,,,,,,,,,,,1.0,1.0,,,,,8879,,,,0.0,,0.0,,0.0
,,,0.103515625,,0.9921875,,,,,,,,,,,1.0,1.0,,,,,8880,,,,0.0,,0.0,,0.0
,,,0.10061242431402206,,0.9881889820098877,,,,,,,,,,,1.0,1.0,,,,,8881,,,,0.0,,0.0,,0.0
,,,0.1536458283662796,,0.9921875,,,,,,,,,,,1.0,1.0,,,,,8882,,,,0.0,,0.0,,0.0
,,,0.17499999701976776,,0.9921875,,,,,,,,,,,1.0,1.0,,,,,8883,,,,0.0,,0.0,,0.0
,,,0.16985951364040375,,0.9870689511299133,,,,,,,,,,,1.0,1.0,,,,,8884,,,,0.0,,0.0,,0.0
,,,0.0902777761220932,,0.9609375,,,,,,,,,,,1.0,1.0,,,,,8885,,,,0.0,,0.0,,0.0
,,,0.1083984375,,0.9921875,,,,,,,,,,,1.0,1.0,,,,,8886,,,,0.0,,0.0,,0.0
,,,0.2528681457042694,,0.9801980257034302,,,,,,,,,,,1.0,1.0,,,,,8887,,,,0.0,,0.0,,0.0
,,,0.17812499403953552,,1.0,,,,,,,,,,,1.0,1.0,,,,,8888,,,,0.0,,0.0,,0.0
,,,0.1484375,,0.984375,,,,,,,,,,,1.0,1.0,,,,,8889,,,,0.0,,0.0,,0.0
,,,0.2380952388048172,,1.0,,,,,,,,,,,1.0,1.0,,,,,8890,,,,0.0,,0.0,,0.0
,,,0.1064453125,,0.9921875,,,,,,,,,,,1.0,1.0,,,,,8891,,,,0.0,,0.0,,0.0
,,,0.107421875,,0.984375,,,,,,,,,,,1.0,1.0,,,,,8892,,,,0.0,,0.0,,0.0
,,,0.21470099687576294,,0.988095223903656,,,,,,,,,,,1.0,1.0,,,,,8893,,,,0.0,,0.0,,0.0
,,,0.07968749850988388,,0.984375,,,,,,,,,,,1.0,1.0,,,,,8894,,,,0.0,,0.0,,0.0
,,,0.1025390625,,0.984375,,,,,,,,,,,1.0,1.0,,,,,8895,,,,0.0,,0.0,,0.0
,,,0.2339233011007309,,0.9955751895904541,,,,,,,,,,,1.0,1.0,,,,,8896,,,,0.0,,0.0,,0.0
,,,0.3255208432674408,,0.9921875,,,,,,,,,,,1.0,1.0,,,,,8897,,,,0.0,,0.0,,0.0
,,,0.15625,,0.9765625,,,,,,,,,,,1.0,1.0,,,,,8898,,,,0.0,,0.0,,0.0
,,,0.16070707142353058,,1.0,,,,,,,,,,,1.0,1.0,,,,,8899,,,,0.0,,0.0,,0.0
,,,0.1044921875,,1.0,,,,,,,,,,,1.0,1.0,,,,,8900,,,,0.0,,0.0,,0.0
,,,0.0850694477558136,,1.0,,,,,,,,,,,1.0,1.0,,,,,8901,,,,0.0,,0.0,,0.0
,,,0.18209877610206604,,0.9657407402992249,,,,,,,,,,,1.0,1.0,,,,,8902,,,,0.0,,0.0,,0.0
,,,0.0980902761220932,,0.984375,,,,,,,,,,,1.0,1.0,,,,,8903,,,,0.0,,0.0,,0.0
,,,0.18593749403953552,,0.984375,,,,,,,,,,,1.0,1.0,,,,,8904,,,,0.0,,0.0,,0.0
,,,0.21700134873390198,,0.9939758777618408,,,,,,,,,,,1.0,1.0,,,,,8905,,,,0.0,,0.0,,0.0
,,,0.125,,0.9609375,,,,,,,,,,,1.0,1.0,,,,,8906,,,,0.0,,0.0,,0.0
,,,0.111328125,,0.9453125,,,,,,,,,,,1.0,1.0,,,,,8907,,,,0.0,,0.0,,0.0
,,,0.20196714997291565,,0.970588207244873,,,,,,,,,,,1.0,1.0,,,,,8908,,,,0.0,,0.0,,0.0
,,,0.1183035746216774,,0.9921875,,,,,,,,,,,1.0,1.0,,,,,8909,,,,0.0,,0.0,,0.0
,,,0.1149553582072258,,0.9921875,,,,,,,,,,,1.0,1.0,,,,,8910,,,,0.0,,0.0,,0.0
,,,0.19361387193202972,,1.0,,,,,,,,,,,1.0,1.0,,,,,8911,,,,0.0,,0.0,,0.0
,,,0.111328125,,0.96875,,,,,,,,,,,1.0,1.0,,,,,8912,,,,0.0,,0.0,,0.0
,,,0.18281249701976776,,0.9921875,,,,,,,,,,,1.0,1.0,,,,,8913,,,,0.0,,0.0,,0.0
,,,0.25901466608047485,,0.9948453903198242,,,,,,,,,,,1.0,1.0,,,,,8914,,,,0.0,,0.0,,0.0
,,,0.08281250298023224,,0.9609375,,,,,,,,,,,1.0,1.0,,,,,8915,,,,0.0,,0.0,,0.0
,,,0.1160714253783226,,0.9609375,,,,,,,,,,,1.0,1.0,,,,,8916,,,,0.0,,0.0,,0.0
,,,0.2377232164144516,,1.0,,,,,,,,,,,1.0,1.0,,,,,8917,,,,0.0,,0.0,,0.0
,,,0.171875,,0.96875,,,,,,,,,,,1.0,1.0,,,,,8918,,,,0.0,,0.0,,0.0
,,,0.1261160671710968,,0.984375,,,,,,,,,,,1.0,1.0,,,,,8919,,,,0.0,,0.0,,0.0
,,,0.30108779668807983,,1.0,,,,,,,,,,,1.0,1.0,,,,,8920,,,,0.0,,0.0,,0.0
,,,0.1238839253783226,,1.0,,,,,,,,,,,1.0,1.0,,,,,8921,,,,0.0,,0.0,,0.0
,,,0.103515625,,0.9921875,,,,,,,,,,,1.0,1.0,,,,,8922,,,,0.0,,0.0,,0.0
,,,0.0953630805015564,,0.9763779640197754,,,,,,,,,,,1.0,1.0,,,,,8923,,,,0.0,,0.0,,0.0
96,0.8341641426086426,0.8622102737426758,,0.9847757816314697,,,,,,,,,,,,,,240.67904663085938,5852.2060546875,5.483464241027832,234.129150390625,21436,,,0.0,,0.0,,0.0,
96,,,,,,0.20227259397506714,,0.4283318519592285,,8.418834686279297,,,,,,,,,,,,21436,0.47385430335998535,,,,,,,
,,,,,,,,,,,,,,1.4552976390127888e-06,0.03,,,,,,,21449,,,,,,,,
97,,,,,,,0.2086029201745987,,0.44439077377319336,,8.828125,1.452060928386345e-06,0.029999999329447746,,,1.0,1.0,,,,,21449,,0.5426916480064392,,,,,,
,,,,,,,,,,,,,,1.29953582298617e-06,0.03,,,,,,,21499,,,,,,,,
97,,,,,,,0.1934630572795868,,0.42048361897468567,,8.515625,1.2965471114512184e-06,0.029999999329447746,,,1.0,1.0,,,,,21499,,0.4114697575569153,,,,,,
,,,,,,,,,,,,,,1.156179205724481e-06,0.03,,,,,,,21549,,,,,,,,
97,,,,,,,0.1801173985004425,,0.4261649250984192,,9.328125,1.1534386885614367e-06,0.029999999329447746,,,1.0,1.0,,,,,21549,,0.36758261919021606,,,,,,
,,,,,,,,,,,,,,1.025236728219057e-06,0.03,,,,,,,21599,,,,,,,,
97,,,,,,,0.20036466419696808,,0.43168243765830994,,8.609375,1.0227445272903424e-06,0.029999999329447746,,,1.0,1.0,,,,,21599,,0.31623372435569763,,,,,,
,,,,,,,,,,,,,,9.067165572052909e-07,0.03,,,,,,,21649,,,,,,,,
97,,,,,,,0.19001774489879608,,0.40921565890312195,,8.09375,9.04472926777089e-07,0.029999999329447746,,,1.0,1.0,,,,,21649,,0.39156848192214966,,,,,,
,,,0.18906250596046448,,1.0,,,,,,,,,,,1.0,1.0,,,,,8924,,,,0.0,,0.0,,0.0
,,,0.15234375,,1.0,,,,,,,,,,,1.0,1.0,,,,,8925,,,,0.0,,0.0,,0.0
,,,0.301185667514801,,0.9950494766235352,,,,,,,,,,,1.0,1.0,,,,,8926,,,,0.0,,0.0,,0.0
,,,0.19062499701976776,,1.0,,,,,,,,,,,1.0,1.0,,,,,8927,,,,0.0,,0.0,,0.0
,,,0.23046875,,0.984375,,,,,,,,,,,1.0,1.0,,,,,8928,,,,0.0,,0.0,,0.0
,,,0.2390109896659851,,0.9807692170143127,,,,,,,,,,,1.0,1.0,,,,,8929,,,,0.0,,0.0,,0.0
,,,0.0842013880610466,,1.0,,,,,,,,,,,1.0,1.0,,,,,8930,,,,0.0,,0.0,,0.0
,,,0.099609375,,1.0,,,,,,,,,,,1.0,1.0,,,,,8931,,,,0.0,,0.0,,0.0
,,,0.1705736517906189,,0.9772727489471436,,,,,,,,,,,1.0,1.0,,,,,8932,,,,0.0,,0.0,,0.0
,,,0.0963541641831398,,0.9921875,,,,,,,,,,,1.0,1.0,,,,,8933,,,,0.0,,0.0,,0.0
,,,0.125,,0.984375,,,,,,,,,,,1.0,1.0,,,,,8934,,,,0.0,,0.0,,0.0
,,,0.1471354216337204,,0.9609375,,,,,,,,,,,1.0,1.0,,,,,8935,,,,0.0,,0.0,,0.0
,,,0.22895237803459167,,0.9880000352859497,,,,,,,,,,,1.0,1.0,,,,,8936,,,,0.0,,0.0,,0.0
,,,0.1294642835855484,,0.9921875,,,,,,,,,,,1.0,1.0,,,,,8937,,,,0.0,,0.0,,0.0
,,,0.11328125,,0.984375,,,,,,,,,,,1.0,1.0,,,,,8938,,,,0.0,,0.0,,0.0
,,,0.24223023653030396,,1.0,,,,,,,,,,,1.0,1.0,,,,,8939,,,,0.0,,0.0,,0.0
,,,0.16875000298023224,,0.9921875,,,,,,,,,,,1.0,1.0,,,,,8940,,,,0.0,,0.0,,0.0
,,,0.1082589253783226,,0.9765625,,,,,,,,,,,1.0,1.0,,,,,8941,,,,0.0,,0.0,,0.0
,,,0.20846861600875854,,0.988095223903656,,,,,,,,,,,1.0,1.0,,,,,8942,,,,0.0,,0.0,,0.0
,,,0.111328125,,0.984375,,,,,,,,,,,1.0,1.0,,,,,8943,,,,0.0,,0.0,,0.0
,,,0.1294642835855484,,0.9921875,,,,,,,,,,,1.0,1.0,,,,,8944,,,,0.0,,0.0,,0.0
,,,0.1811816692352295,,0.9635118246078491,,,,,,,,,,,1.0,1.0,,,,,8945,,,,0.0,,0.0,,0.0
,,,0.099609375,,0.953125,,,,,,,,,,,1.0,1.0,,,,,8946,,,,0.0,,0.0,,0.0
,,,0.1044921875,,0.96875,,,,,,,,,,,1.0,1.0,,,,,8947,,,,0.0,,0.0,,0.0
,,,0.19293925166130066,,0.9512315392494202,,,,,,,,,,,1.0,1.0,,,,,8948,,,,0.0,,0.0,,0.0
,,,0.1238839253783226,,0.9921875,,,,,,,,,,,1.0,1.0,,,,,8949,,,,0.0,,0.0,,0.0
,,,0.1238839253783226,,1.0,,,,,,,,,,,1.0,1.0,,,,,8950,,,,0.0,,0.0,,0.0
,,,0.2516082525253296,,0.9905660152435303,,,,,,,,,,,1.0,1.0,,,,,8951,,,,0.0,,0.0,,0.0
,,,0.16093750298023224,,0.9921875,,,,,,,,,,,1.0,1.0,,,,,8952,,,,0.0,,0.0,,0.0
,,,0.099609375,,0.9921875,,,,,,,,,,,1.0,1.0,,,,,8953,,,,0.0,,0.0,,0.0
,,,0.2103625237941742,,0.9764705896377563,,,,,,,,,,,1.0,1.0,,,,,8954,,,,0.0,,0.0,,0.0
,,,0.18437500298023224,,1.0,,,,,,,,,,,1.0,1.0,,,,,8955,,,,0.0,,0.0,,0.0
,,,0.1796875,,1.0,,,,,,,,,,,1.0,1.0,,,,,8956,,,,0.0,,0.0,,0.0
,,,0.2652357518672943,,0.9913793206214905,,,,,,,,,,,1.0,1.0,,,,,8957,,,,0.0,,0.0,,0.0
,,,0.236328125,,0.9921875,,,,,,,,,,,1.0,1.0,,,,,8958,,,,0.0,,0.0,,0.0
,,,0.1875,,0.984375,,,,,,,,,,,1.0,1.0,,,,,8959,,,,0.0,,0.0,,0.0
,,,0.20020797848701477,,0.9672131538391113,,,,,,,,,,,1.0,1.0,,,,,8960,,,,0.0,,0.0,,0.0
,,,0.0842013880610466,,1.0,,,,,,,,,,,1.0,1.0,,,,,8961,,,,0.0,,0.0,,0.0
,,,0.0842013880610466,,1.0,,,,,,,,,,,1.0,1.0,,,,,8962,,,,0.0,,0.0,,0.0
,,,0.20094627141952515,,0.9843711853027344,,,,,,,,,,,1.0,1.0,,,,,8963,,,,0.0,,0.0,,0.0
,,,0.1238839253783226,,0.9921875,,,,,,,,,,,1.0,1.0,,,,,8964,,,,0.0,,0.0,,0.0
,,,0.1272321492433548,,0.9609375,,,,,,,,,,,1.0,1.0,,,,,8965,,,,0.0,,0.0,,0.0
,,,0.22784090042114258,,0.9636363983154297,,,,,,,,,,,1.0,1.0,,,,,8966,,,,0.0,,0.0,,0.0
,,,0.1316964328289032,,0.9921875,,,,,,,,,,,1.0,1.0,,,,,8967,,,,0.0,,0.0,,0.0
,,,0.1142578125,,0.9921875,,,,,,,,,,,1.0,1.0,,,,,8968,,,,0.0,,0.0,,0.0
,,,0.2567495107650757,,0.9946808815002441,,,,,,,,,,,1.0,1.0,,,,,8969,,,,0.0,,0.0,,0.0
,,,0.16875000298023224,,1.0,,,,,,,,,,,1.0,1.0,,,,,8970,,,,0.0,,0.0,,0.0
,,,0.15937499701976776,,0.9921875,,,,,,,,,,,1.0,1.0,,,,,8971,,,,0.0,,0.0,,0.0
,,,0.1005859375,,0.984375,,,,,,,,,,,1.0,1.0,,,,,8972,,,,0.0,,0.0,,0.0
,,,0.11417322605848312,,0.9842519760131836,,,,,,,,,,,1.0,1.0,,,,,8973,,,,0.0,,0.0,,0.0
,,,0.1497395783662796,,0.984375,,,,,,,,,,,1.0,1.0,,,,,8974,,,,0.0,,0.0,,0.0
,,,0.1510416716337204,,0.9921875,,,,,,,,,,,1.0,1.0,,,,,8975,,,,0.0,,0.0,,0.0
,,,0.14597702026367188,,0.9784482717514038,,,,,,,,,,,1.0,1.0,,,,,8976,,,,0.0,,0.0,,0.0
,,,0.09765625,,0.9375,,,,,,,,,,,1.0,1.0,,,,,8977,,,,0.0,,0.0,,0.0
,,,0.0954861119389534,,0.984375,,,,,,,,,,,1.0,1.0,,,,,8978,,,,0.0,,0.0,,0.0
,,,0.21200037002563477,,0.9666299819946289,,,,,,,,,,,1.0,1.0,,,,,8979,,,,0.0,,0.0,,0.0
,,,0.1083984375,,0.9921875,,,,,,,,,,,1.0,1.0,,,,,8980,,,,0.0,,0.0,,0.0
,,,0.125,,1.0,,,,,,,,,,,1.0,1.0,,,,,8981,,,,0.0,,0.0,,0.0
,,,0.2321428507566452,,0.9895833730697632,,,,,,,,,,,1.0,1.0,,,,,8982,,,,0.0,,0.0,,0.0
,,,0.1015625,,0.984375,,,,,,,,,,,1.0,1.0,,,,,8983,,,,0.0,,0.0,,0.0
,,,0.1328125,,0.984375,,,,,,,,,,,1.0,1.0,,,,,8984,,,,0.0,,0.0,,0.0
,,,0.23825344443321228,,0.976190447807312,,,,,,,,,,,1.0,1.0,,,,,8985,,,,0.0,,0.0,,0.0
,,,0.111328125,,0.9921875,,,,,,,,,,,1.0,1.0,,,,,8986,,,,0.0,,0.0,,0.0
,,,0.1796875,,0.9921875,,,,,,,,,,,1.0,1.0,,,,,8987,,,,0.0,,0.0,,0.0
,,,0.2648124694824219,,0.9955751895904541,,,,,,,,,,,1.0,1.0,,,,,8988,,,,0.0,,0.0,,0.0
,,,0.18906250596046448,,0.9921875,,,,,,,,,,,1.0,1.0,,,,,8989,,,,0.0,,0.0,,0.0
,,,0.234375,,0.9609375,,,,,,,,,,,1.0,1.0,,,,,8990,,,,0.0,,0.0,,0.0
,,,0.16621772944927216,,1.0,,,,,,,,,,,1.0,1.0,,,,,8991,,,,0.0,,0.0,,0.0
,,,0.1116071417927742,,1.0,,,,,,,,,,,1.0,1.0,,,,,8992,,,,0.0,,0.0,,0.0
,,,0.0798611119389534,,1.0,,,,,,,,,,,1.0,1.0,,,,,8993,,,,0.0,,0.0,,0.0
,,,0.16296297311782837,,0.9657407402992249,,,,,,,,,,,1.0,1.0,,,,,8994,,,,0.0,,0.0,,0.0
,,,0.125,,0.9921875,,,,,,,,,,,1.0,1.0,,,,,8995,,,,0.0,,0.0,,0.0
,,,0.1261160671710968,,0.9609375,,,,,,,,,,,1.0,1.0,,,,,8996,,,,0.0,,0.0,,0.0
,,,0.26123541593551636,,0.9768407344818115,,,,,,,,,,,1.0,1.0,,,,,8997,,,,0.0,,0.0,,0.0
,,,0.1536458283662796,,0.9921875,,,,,,,,,,,1.0,1.0,,,,,8998,,,,0.0,,0.0,,0.0
,,,0.1305803507566452,,0.984375,,,,,,,,,,,1.0,1.0,,,,,8999,,,,0.0,,0.0,,0.0
,,,0.24293354153633118,,1.0,,,,,,,,,,,1.0,1.0,,,,,9000,,,,0.0,,0.0,,0.0
,,,0.17343750596046448,,0.9921875,,,,,,,,,,,1.0,1.0,,,,,9001,,,,0.0,,0.0,,0.0
,,,0.15625,,0.9921875,,,,,,,,,,,1.0,1.0,,,,,9002,,,,0.0,,0.0,,0.0
,,,0.19761289656162262,,0.9822812676429749,,,,,,,,,,,1.0,1.0,,,,,9003,,,,0.0,,0.0,,0.0
,,,0.1083984375,,0.96875,,,,,,,,,,,1.0,1.0,,,,,9004,,,,0.0,,0.0,,0.0
,,,0.1497395783662796,,0.9921875,,,,,,,,,,,1.0,1.0,,,,,9005,,,,0.0,,0.0,,0.0
,,,0.26029741764068604,,0.9948453903198242,,,,,,,,,,,1.0,1.0,,,,,9006,,,,0.0,,0.0,,0.0
,,,0.0868055522441864,,0.9453125,,,,,,,,,,,1.0,1.0,,,,,9007,,,,0.0,,0.0,,0.0
,,,0.0850694477558136,,0.9453125,,,,,,,,,,,1.0,1.0,,,,,9008,,,,0.0,,0.0,,0.0
,,,0.2003968209028244,,0.9910714626312256,,,,,,,,,,,1.0,1.0,,,,,9009,,,,0.0,,0.0,,0.0
,,,0.171875,,0.9765625,,,,,,,,,,,1.0,1.0,,,,,9010,,,,0.0,,0.0,,0.0
,,,0.1083984375,,0.9921875,,,,,,,,,,,1.0,1.0,,,,,9011,,,,0.0,,0.0,,0.0
,,,0.24020424485206604,,0.9545454978942871,,,,,,,,,,,1.0,1.0,,,,,9012,,,,0.0,,0.0,,0.0
,,,0.13671875,,0.984375,,,,,,,,,,,1.0,1.0,,,,,9013,,,,0.0,,0.0,,0.0
,,,0.0859375,,0.9921875,,,,,,,,,,,1.0,1.0,,,,,9014,,,,0.0,,0.0,,0.0
,,,0.09842519462108612,,0.9685039520263672,,,,,,,,,,,1.0,1.0,,,,,9015,,,,0.0,,0.0,,0.0
97,0.8330415487289429,0.8575237989425659,,0.9846099615097046,,,,,,,,,,,,,,237.8235626220703,6016.8349609375,5.471529006958008,235.25732421875,21657,,,0.0,,0.0,,0.0,
97,,,,,,0.20242354273796082,,0.42826688289642334,,8.408282279968262,,,,,,,,,,,,21657,0.4735358655452728,,,,,,,
,,,,,,,,,,,,,,8.006260846532623e-07,0.03,,,,,,,21699,,,,,,,,
98,,,,,,,0.19367751479148865,,0.4157015383243561,,8.21875,7.98631106135872e-07,0.029999999329447746,,,1.0,1.0,,,,,21699,,0.4311612844467163,,,,,,
,,,,,,,,,,,,,,7.069719273067056e-07,0.03,,,,,,,21749,,,,,,,,
98,,,,,,,0.18042932450771332,,0.4015895426273346,,8.234375,7.052257160466979e-07,0.029999999329447746,,,1.0,1.0,,,,,21749,,0.5588892102241516,,,,,,
,,,,,,,,,,,,,,6.257599262703038e-07,0.03,,,,,,,21799,,,,,,,,
98,,,,,,,0.21270644664764404,,0.4282883107662201,,7.9453125,6.242626113817096e-07,0.029999999329447746,,,1.0,1.0,,,,,21799,,0.44375914335250854,,,,,,
,,,,,,,,,,,,,,5.56995146645456e-07,0.03,,,,,,,21849,,,,,,,,
98,,,,,,,0.20227019488811493,,0.4302005469799042,,8.4296875,5.557468512051855e-07,0.029999999329447746,,,1.0,1.0,,,,,21849,,0.5146046280860901,,,,,,
,,,0.0986328125,,0.984375,,,,,,,,,,,1.0,1.0,,,,,9016,,,,0.0,,0.0,,0.0
,,,0.0966796875,,0.9765625,,,,,,,,,,,1.0,1.0,,,,,9017,,,,0.0,,0.0,,0.0
,,,0.21227538585662842,,0.985148549079895,,,,,,,,,,,1.0,1.0,,,,,9018,,,,0.0,,0.0,,0.0
,,,0.18906250596046448,,1.0,,,,,,,,,,,1.0,1.0,,,,,9019,,,,0.0,,0.0,,0.0
,,,0.234375,,0.9921875,,,,,,,,,,,1.0,1.0,,,,,9020,,,,0.0,,0.0,,0.0
,,,0.2788461446762085,,0.9855769276618958,,,,,,,,,,,1.0,1.0,,,,,9021,,,,0.0,,0.0,,0.0
,,,0.0885416641831398,,1.0,,,,,,,,,,,1.0,1.0,,,,,9022,,,,0.0,,0.0,,0.0
,,,0.1236979141831398,,1.0,,,,,,,,,,,1.0,1.0,,,,,9023,,,,0.0,,0.0,,0.0
,,,0.15445968508720398,,0.9772727489471436,,,,,,,,,,,1.0,1.0,,,,,9024,,,,0.0,,0.0,,0.0
,,,0.1006944477558136,,0.9921875,,,,,,,,,,,1.0,1.0,,,,,9025,,,,0.0,,0.0,,0.0
,,,0.1083984375,,1.0,,,,,,,,,,,1.0,1.0,,,,,9026,,,,0.0,,0.0,,0.0
,,,0.1510416716337204,,0.9921875,,,,,,,,,,,1.0,1.0,,,,,9027,,,,0.0,,0.0,,0.0
,,,0.21409523487091064,,0.9880000352859497,,,,,,,,,,,1.0,1.0,,,,,9028,,,,0.0,,0.0,,0.0
,,,0.1044921875,,0.96875,,,,,,,,,,,1.0,1.0,,,,,9029,,,,0.0,,0.0,,0.0
,,,0.1064453125,,0.9609375,,,,,,,,,,,1.0,1.0,,,,,9030,,,,0.0,,0.0,,0.0
,,,0.1982959806919098,,0.9831932783126831,,,,,,,,,,,1.0,1.0,,,,,9031,,,,0.0,,0.0,,0.0
,,,0.1223958358168602,,0.984375,,,,,,,,,,,1.0,1.0,,,,,9032,,,,0.0,,0.0,,0.0
,,,0.0993303582072258,,0.953125,,,,,,,,,,,1.0,1.0,,,,,9033,,,,0.0,,0.0,,0.0
,,,0.1776094287633896,,0.9886363744735718,,,,,,,,,,,1.0,1.0,,,,,9034,,,,0.0,,0.0,,0.0
,,,0.15234375,,0.9921875,,,,,,,,,,,1.0,1.0,,,,,9035,,,,0.0,,0.0,,0.0
,,,0.1549479216337204,,1.0,,,,,,,,,,,1.0,1.0,,,,,9036,,,,0.0,,0.0,,0.0
,,,0.23294787108898163,,0.965753436088562,,,,,,,,,,,1.0,1.0,,,,,9037,,,,0.0,,0.0,,0.0
,,,0.0842013880610466,,0.9375,,,,,,,,,,,1.0,1.0,,,,,9038,,,,0.0,,0.0,,0.0
,,,0.0902777761220932,,0.96875,,,,,,,,,,,1.0,1.0,,,,,9039,,,,0.0,,0.0,,0.0
,,,0.21490147709846497,,0.984236478805542,,,,,,,,,,,1.0,1.0,,,,,9040,,,,0.0,,0.0,,0.0
,,,0.1471354216337204,,1.0,,,,,,,,,,,1.0,1.0,,,,,9041,,,,0.0,,0.0,,0.0
,,,0.1261160671710968,,0.9921875,,,,,,,,,,,1.0,1.0,,,,,9042,,,,0.0,,0.0,,0.0
,,,0.2903982996940613,,0.9905660152435303,,,,,,,,,,,1.0,1.0,,,,,9043,,,,0.0,,0.0,,0.0
,,,0.23046875,,0.984375,,,,,,,,,,,1.0,1.0,,,,,9044,,,,0.0,,0.0,,0.0
,,,0.1272321492433548,,0.9921875,,,,,,,,,,,1.0,1.0,,,,,9045,,,,0.0,,0.0,,0.0
,,,0.21056771278381348,,0.9882352948188782,,,,,,,,,,,1.0,1.0,,,,,9046,,,,0.0,,0.0,,0.0
,,,0.0927734375,,0.96875,,,,,,,,,,,1.0,1.0,,,,,9047,,,,0.0,,0.0,,0.0
,,,0.0833333358168602,,0.984375,,,,,,,,,,,1.0,1.0,,,,,9048,,,,0.0,,0.0,,0.0
,,,0.29507389664649963,,0.982758641242981,,,,,,,,,,,1.0,1.0,,,,,9049,,,,0.0,,0.0,,0.0
,,,0.18906250596046448,,1.0,,,,,,,,,,,1.0,1.0,,,,,9050,,,,0.0,,0.0,,0.0
,,,0.18906250596046448,,0.984375,,,,,,,,,,,1.0,1.0,,,,,9051,,,,0.0,,0.0,,0.0
,,,0.2309412956237793,,0.9754098653793335,,,,,,,,,,,1.0,1.0,,,,,9052,,,,0.0,,0.0,,0.0
,,,0.09765625,,1.0,,,,,,,,,,,1.0,1.0,,,,,9053,,,,0.0,,0.0,,0.0
,,,0.07187499850988388,,1.0,,,,,,,,,,,1.0,1.0,,,,,9054,,,,0.0,,0.0,,0.0
,,,0.16393163800239563,,0.9923076629638672,,,,,,,,,,,1.0,1.0,,,,,9055,,,,0.0,,0.0,,0.0
,,,0.1484375,,1.0,,,,,,,,,,,1.0,1.0,,,,,9056,,,,0.0,,0.0,,0.0
,,,0.1103515625,,0.9921875,,,,,,,,,,,1.0,1.0,,,,,9057,,,,0.0,,0.0,,0.0
,,,0.29507577419281006,,0.9750000238418579,,,,,,,,,,,1.0,1.0,,,,,9058,,,,0.0,,0.0,,0.0
,,,0.0894097238779068,,0.984375,,,,,,,,,,,1.0,1.0,,,,,9059,,,,0.0,,0.0,,0.0
,,,0.109375,,0.984375,,,,,,,,,,,1.0,1.0,,,,,9060,,,,0.0,,0.0,,0.0
,,,0.19594806432724,,0.978723406791687,,,,,,,,,,,1.0,1.0,,,,,9061,,,,0.0,,0.0,,0.0
,,,0.109375,,0.9765625,,,,,,,,,,,1.0,1.0,,,,,9062,,,,0.0,,0.0,,0.0
,,,0.0859375,,0.96875,,,,,,,,,,,1.0,1.0,,,,,9063,,,,0.0,,0.0,,0.0
,,,0.0908203125,,0.96875,,,,,,,,,,,1.0,1.0,,,,,9064,,,,0.0,,0.0,,0.0
,,,0.1304836869239807,,0.9921259880065918,,,,,,,,,,,1.0,1.0,,,,,9065,,,,0.0,,0.0,,0.0
,,,0.18437500298023224,,1.0,,,,,,,,,,,1.0,1.0,,,,,9066,,,,0.0,,0.0,,0.0
,,,0.15234375,,1.0,,,,,,,,,,,1.0,1.0,,,,,9067,,,,0.0,,0.0,,0.0
,,,0.19073276221752167,,0.9655172824859619,,,,,,,,,,,1.0,1.0,,,,,9068,,,,0.0,,0.0,,0.0
,,,0.0947265625,,0.9375,,,,,,,,,,,1.0,1.0,,,,,9069,,,,0.0,,0.0,,0.0
,,,0.107421875,,0.984375,,,,,,,,,,,1.0,1.0,,,,,9070,,,,0.0,,0.0,,0.0
,,,0.2609879970550537,,0.9950494766235352,,,,,,,,,,,1.0,1.0,,,,,9071,,,,0.0,,0.0,,0.0
,,,0.1484375,,1.0,,,,,,,,,,,1.0,1.0,,,,,9072,,,,0.0,,0.0,,0.0
,,,0.1272321492433548,,0.9921875,,,,,,,,,,,1.0,1.0,,,,,9073,,,,0.0,,0.0,,0.0
,,,0.2829861044883728,,0.9895833730697632,,,,,,,,,,,1.0,1.0,,,,,9074,,,,0.0,,0.0,,0.0
,,,0.0989583358168602,,0.9921875,,,,,,,,,,,1.0,1.0,,,,,9075,,,,0.0,,0.0,,0.0
,,,0.15234375,,0.984375,,,,,,,,,,,1.0,1.0,,,,,9076,,,,0.0,,0.0,,0.0
,,,0.21047896146774292,,1.0,,,,,,,,,,,1.0,1.0,,,,,9077,,,,0.0,,0.0,,0.0
,,,0.08984375,,0.9765625,,,,,,,,,,,1.0,1.0,,,,,9078,,,,0.0,,0.0,,0.0
,,,0.0966796875,,0.9765625,,,,,,,,,,,1.0,1.0,,,,,9079,,,,0.0,,0.0,,0.0
,,,0.2660766839981079,,1.0,,,,,,,,,,,1.0,1.0,,,,,9080,,,,0.0,,0.0,,0.0
,,,0.1575520783662796,,1.0,,,,,,,,,,,1.0,1.0,,,,,9081,,,,0.0,,0.0,,0.0
,,,0.1350446492433548,,0.9765625,,,,,,,,,,,1.0,1.0,,,,,9082,,,,0.0,,0.0,,0.0
,,,0.19381313025951385,,0.9722222089767456,,,,,,,,,,,1.0,1.0,,,,,9083,,,,0.0,,0.0,,0.0
,,,0.091796875,,1.0,,,,,,,,,,,1.0,1.0,,,,,9084,,,,0.0,,0.0,,0.0
,,,0.0927734375,,1.0,,,,,,,,,,,1.0,1.0,,,,,9085,,,,0.0,,0.0,,0.0
,,,0.17551440000534058,,0.9953703880310059,,,,,,,,,,,1.0,1.0,,,,,9086,,,,0.0,,0.0,,0.0
,,,0.1103515625,,1.0,,,,,,,,,,,1.0,1.0,,,,,9087,,,,0.0,,0.0,,0.0
,,,0.1796875,,0.9921875,,,,,,,,,,,1.0,1.0,,,,,9088,,,,0.0,,0.0,,0.0
,,,0.25236183404922485,,0.9879518151283264,,,,,,,,,,,1.0,1.0,,,,,9089,,,,0.0,,0.0,,0.0
,,,0.1015625,,0.9765625,,,,,,,,,,,1.0,1.0,,,,,9090,,,,0.0,,0.0,,0.0
,,,0.1103515625,,0.984375,,,,,,,,,,,1.0,1.0,,,,,9091,,,,0.0,,0.0,,0.0
,,,0.22248899936676025,,0.9640947580337524,,,,,,,,,,,1.0,1.0,,,,,9092,,,,0.0,,0.0,,0.0
,,,0.0947265625,,0.984375,,,,,,,,,,,1.0,1.0,,,,,9093,,,,0.0,,0.0,,0.0
,,,0.0993303582072258,,0.9609375,,,,,,,,,,,1.0,1.0,,,,,9094,,,,0.0,,0.0,,0.0
,,,0.2092331051826477,,0.9825581312179565,,,,,,,,,,,1.0,1.0,,,,,9095,,,,0.0,,0.0,,0.0
,,,0.1261160671710968,,0.9921875,,,,,,,,,,,1.0,1.0,,,,,9096,,,,0.0,,0.0,,0.0
,,,0.18593749403953552,,1.0,,,,,,,,,,,1.0,1.0,,,,,9097,,,,0.0,,0.0,,0.0
,,,0.25108081102371216,,1.0,,,,,,,,,,,1.0,1.0,,,,,9098,,,,0.0,,0.0,,0.0
,,,0.095703125,,0.9296875,,,,,,,,,,,1.0,1.0,,,,,9099,,,,0.0,,0.0,,0.0
,,,0.0947265625,,0.9453125,,,,,,,,,,,1.0,1.0,,,,,9100,,,,0.0,,0.0,,0.0
,,,0.2354910671710968,,0.9955357313156128,,,,,,,,,,,1.0,1.0,,,,,9101,,,,0.0,,0.0,,0.0
,,,0.1484375,,0.9921875,,,,,,,,,,,1.0,1.0,,,,,9102,,,,0.0,,0.0,,0.0
,,,0.125,,1.0,,,,,,,,,,,1.0,1.0,,,,,9103,,,,0.0,,0.0,,0.0
,,,0.3397047519683838,,0.9502719640731812,,,,,,,,,,,1.0,1.0,,,,,9104,,,,0.0,,0.0,,0.0
,,,0.18125000596046448,,0.9921875,,,,,,,,,,,1.0,1.0,,,,,9105,,,,0.0,,0.0,,0.0
,,,0.0989583358168602,,1.0,,,,,,,,,,,1.0,1.0,,,,,9106,,,,0.0,,0.0,,0.0
,,,0.09973753243684769,,0.9842519760131836,,,,,,,,,,,1.0,1.0,,,,,9107,,,,0.0,,0.0,,0.0
98,0.8281509876251221,0.8398498296737671,,0.9841877222061157,,,,,,,,,,,,,,238.82769775390625,6102.611328125,5.475742340087891,235.8768768310547,21878,,,0.0,,0.0,,0.0,
98,,,,,,0.20211109519004822,,0.42773357033729553,,8.402484893798828,,,,,,,,,,,,21878,0.4715135991573334,,,,,,,
,,,,,,,,,,,,,,5.00681877214272e-07,0.03,,,,,,,21899,,,,,,,,
99,,,,,,,0.21009767055511475,,0.4353310465812683,,8.3984375,4.996826419301215e-07,0.029999999329447746,,,1.0,1.0,,,,,21899,,0.7252843379974365,,,,,,
,,,,,,,,,,,,,,4.5682363017222914e-07,0.03,,,,,,,21949,,,,,,,,
99,,,,,,,0.19267934560775757,,0.41657570004463196,,8.3671875,4.560735362701962e-07,0.029999999329447746,,,1.0,1.0,,,,,21949,,0.6204017400741577,,,,,,
,,,,,,,,,,,,,,4.254231409089469e-07,0.03,,,,,,,21999,,,,,,,,
99,,,,,,,0.19608929753303528,,0.4178752601146698,,8.1640625,4.249222058660962e-07,0.029999999329447746,,,1.0,1.0,,,,,21999,,0.4937487840652466,,,,,,
,,,,,,,,,,,,,,4.064823678377146e-07,0.03,,,,,,,22049,,,,,,,,
99,,,,,,,0.18848903477191925,,0.41164731979370117,,8.3359375,4.0623064023748157e-07,0.029999999329447746,,,1.0,1.0,,,,,22049,,0.4675302505493164,,,,,,
,,,,,,,,,,,,,,4.00002492273313e-07,0.03,,,,,,,22099,,,,,,,,
99,,,,,,,0.20579347014427185,,0.4326561689376831,,8.453125,4.0000000467443897e-07,0.029999999329447746,,,1.0,1.0,,,,,22099,,0.6212877035140991,,,,,,
,,,0.0966796875,,0.9765625,,,,,,,,,,,1.0,1.0,,,,,9108,,,,0.0,,0.0,,0.0
,,,0.1149553582072258,,0.9765625,,,,,,,,,,,1.0,1.0,,,,,9109,,,,0.0,,0.0,,0.0
,,,0.2896345257759094,,0.9715805053710938,,,,,,,,,,,1.0,1.0,,,,,9110,,,,0.0,,0.0,,0.0
,,,0.17812499403953552,,0.9765625,,,,,,,,,,,1.0,1.0,,,,,9111,,,,0.0,,0.0,,0.0
,,,0.17499999701976776,,0.953125,,,,,,,,,,,1.0,1.0,,,,,9112,,,,0.0,,0.0,,0.0
,,,0.2059294879436493,,0.9711538553237915,,,,,,,,,,,1.0,1.0,,,,,9113,,,,0.0,,0.0,,0.0
,,,0.0902777761220932,,1.0,,,,,,,,,,,1.0,1.0,,,,,9114,,,,0.0,,0.0,,0.0
,,,0.0928819477558136,,1.0,,,,,,,,,,,1.0,1.0,,,,,9115,,,,0.0,,0.0,,0.0
,,,0.15823327004909515,,0.9725557565689087,,,,,,,,,,,1.0,1.0,,,,,9116,,,,0.0,,0.0,,0.0
,,,0.1083984375,,0.9765625,,,,,,,,,,,1.0,1.0,,,,,9117,,,,0.0,,0.0,,0.0
,,,0.1216517835855484,,0.984375,,,,,,,,,,,1.0,1.0,,,,,9118,,,,0.0,,0.0,,0.0
,,,0.1194196417927742,,0.953125,,,,,,,,,,,1.0,1.0,,,,,9119,,,,0.0,,0.0,,0.0
,,,0.23009523749351501,,0.9959999918937683,,,,,,,,,,,1.0,1.0,,,,,9120,,,,0.0,,0.0,,0.0
,,,0.111328125,,0.9921875,,,,,,,,,,,1.0,1.0,,,,,9121,,,,0.0,,0.0,,0.0
,,,0.1497395783662796,,0.9765625,,,,,,,,,,,1.0,1.0,,,,,9122,,,,0.0,,0.0,,0.0
,,,0.20774976909160614,,0.9915966391563416,,,,,,,,,,,1.0,1.0,,,,,9123,,,,0.0,,0.0,,0.0
,,,0.1160714253783226,,0.96875,,,,,,,,,,,1.0,1.0,,,,,9124,,,,0.0,,0.0,,0.0
,,,0.095703125,,0.9765625,,,,,,,,,,,1.0,1.0,,,,,9125,,,,0.0,,0.0,,0.0
,,,0.17628668248653412,,0.9940476417541504,,,,,,,,,,,1.0,1.0,,,,,9126,,,,0.0,,0.0,,0.0
,,,0.0928819477558136,,0.9453125,,,,,,,,,,,1.0,1.0,,,,,9127,,,,0.0,,0.0,,0.0
,,,0.21484375,,0.9765625,,,,,,,,,,,1.0,1.0,,,,,9128,,,,0.0,,0.0,,0.0
,,,0.18527743220329285,,0.9772104620933533,,,,,,,,,,,1.0,1.0,,,,,9129,,,,0.0,,0.0,,0.0
,,,0.1484375,,0.9921875,,,,,,,,,,,1.0,1.0,,,,,9130,,,,0.0,,0.0,,0.0
,,,0.125,,0.984375,,,,,,,,,,,1.0,1.0,,,,,9131,,,,0.0,,0.0,,0.0
,,,0.3170771896839142,,1.0,,,,,,,,,,,1.0,1.0,,,,,9132,,,,0.0,,0.0,,0.0
,,,0.18281249701976776,,1.0,,,,,,,,,,,1.0,1.0,,,,,9133,,,,0.0,,0.0,,0.0
,,,0.1272321492433548,,1.0,,,,,,,,,,,1.0,1.0,,,,,9134,,,,0.0,,0.0,,0.0
,,,0.24621742963790894,,0.9905660152435303,,,,,,,,,,,1.0,1.0,,,,,9135,,,,0.0,,0.0,,0.0
,,,0.17812499403953552,,0.9921875,,,,,,,,,,,1.0,1.0,,,,,9136,,,,0.0,,0.0,,0.0
,,,0.1183035746216774,,0.9921875,,,,,,,,,,,1.0,1.0,,,,,9137,,,,0.0,,0.0,,0.0
,,,0.21056771278381348,,0.9707250595092773,,,,,,,,,,,1.0,1.0,,,,,9138,,,,0.0,,0.0,,0.0
,,,0.09765625,,0.96875,,,,,,,,,,,1.0,1.0,,,,,9139,,,,0.0,,0.0,,0.0
,,,0.095703125,,0.984375,,,,,,,,,,,1.0,1.0,,,,,9140,,,,0.0,,0.0,,0.0
,,,0.24764250218868256,,0.9770935773849487,,,,,,,,,,,1.0,1.0,,,,,9141,,,,0.0,,0.0,,0.0
,,,0.1484375,,0.9453125,,,,,,,,,,,1.0,1.0,,,,,9142,,,,0.0,,0.0,,0.0
,,,0.17343750596046448,,0.953125,,,,,,,,,,,1.0,1.0,,,,,9143,,,,0.0,,0.0,,0.0
,,,0.2373378872871399,,0.9508196711540222,,,,,,,,,,,1.0,1.0,,,,,9144,,,,0.0,,0.0,,0.0
,,,0.0920138880610466,,1.0,,,,,,,,,,,1.0,1.0,,,,,9145,,,,0.0,,0.0,,0.0
,,,0.0894097238779068,,1.0,,,,,,,,,,,1.0,1.0,,,,,9146,,,,0.0,,0.0,,0.0
,,,0.15921856462955475,,0.9766788482666016,,,,,,,,,,,1.0,1.0,,,,,9147,,,,0.0,,0.0,,0.0
,,,0.1238839253783226,,0.9921875,,,,,,,,,,,1.0,1.0,,,,,9148,,,,0.0,,0.0,,0.0
,,,0.1216517835855484,,0.9765625,,,,,,,,,,,1.0,1.0,,,,,9149,,,,0.0,,0.0,,0.0
,,,0.25551947951316833,,0.9818181991577148,,,,,,,,,,,1.0,1.0,,,,,9150,,,,0.0,,0.0,,0.0
,,,0.115234375,,0.9921875,,,,,,,,,,,1.0,1.0,,,,,9151,,,,0.0,,0.0,,0.0
,,,0.1316964328289032,,0.9921875,,,,,,,,,,,1.0,1.0,,,,,9152,,,,0.0,,0.0,,0.0
,,,0.22849991917610168,,0.9946808815002441,,,,,,,,,,,1.0,1.0,,,,,9153,,,,0.0,,0.0,,0.0
,,,0.1127232164144516,,0.9765625,,,,,,,,,,,1.0,1.0,,,,,9154,,,,0.0,,0.0,,0.0
,,,0.1082589253783226,,0.984375,,,,,,,,,,,1.0,1.0,,,,,9155,,,,0.0,,0.0,,0.0
,,,0.0986328125,,0.9765625,,,,,,,,,,,1.0,1.0,,,,,9156,,,,0.0,,0.0,,0.0
,,,0.10826771706342697,,0.9881889820098877,,,,,,,,,,,1.0,1.0,,,,,9157,,,,0.0,,0.0,,0.0
,,,0.17343750596046448,,0.953125,,,,,,,,,,,1.0,1.0,,,,,9158,,,,0.0,,0.0,,0.0
,,,0.16249999403953552,,0.9765625,,,,,,,,,,,1.0,1.0,,,,,9159,,,,0.0,,0.0,,0.0
,,,0.18007662892341614,,0.9913793206214905,,,,,,,,,,,1.0,1.0,,,,,9160,,,,0.0,,0.0,,0.0
,,,0.1205357164144516,,0.96875,,,,,,,,,,,1.0,1.0,,,,,9161,,,,0.0,,0.0,,0.0
,,,0.18593749403953552,,1.0,,,,,,,,,,,1.0,1.0,,,,,9162,,,,0.0,,0.0,,0.0
,,,0.3217821717262268,,1.0,,,,,,,,,,,1.0,1.0,,,,,9163,,,,0.0,,0.0,,0.0
,,,0.18437500298023224,,1.0,,,,,,,,,,,1.0,1.0,,,,,9164,,,,0.0,,0.0,,0.0
,,,0.1283482164144516,,0.9921875,,,,,,,,,,,1.0,1.0,,,,,9165,,,,0.0,,0.0,,0.0
,,,0.2083333432674408,,0.9895833730697632,,,,,,,,,,,1.0,1.0,,,,,9166,,,,0.0,,0.0,,0.0
,,,0.1227678582072258,,0.9921875,,,,,,,,,,,1.0,1.0,,,,,9167,,,,0.0,,0.0,,0.0
,,,0.109375,,0.984375,,,,,,,,,,,1.0,1.0,,,,,9168,,,,0.0,,0.0,,0.0
,,,0.23548489809036255,,0.9645625352859497,,,,,,,,,,,1.0,1.0,,,,,9169,,,,0.0,,0.0,,0.0
,,,0.1116071417927742,,0.96875,,,,,,,,,,,1.0,1.0,,,,,9170,,,,0.0,,0.0,,0.0
,,,0.1341145783662796,,0.984375,,,,,,,,,,,1.0,1.0,,,,,9171,,,,0.0,,0.0,,0.0
,,,0.24770332872867584,,0.9734513163566589,,,,,,,,,,,1.0,1.0,,,,,9172,,,,0.0,,0.0,,0.0
,,,0.1497395783662796,,0.9609375,,,,,,,,,,,1.0,1.0,,,,,9173,,,,0.0,,0.0,,0.0
,,,0.1083984375,,0.9453125,,,,,,,,,,,1.0,1.0,,,,,9174,,,,0.0,,0.0,,0.0
,,,0.17530864477157593,,0.9166666269302368,,,,,,,,,,,1.0,1.0,,,,,9175,,,,0.0,,0.0,,0.0
,,,0.08046875149011612,,1.0,,,,,,,,,,,1.0,1.0,,,,,9176,,,,0.0,,0.0,,0.0
,,,0.0850694477558136,,1.0,,,,,,,,,,,1.0,1.0,,,,,9177,,,,0.0,,0.0,,0.0
,,,0.17901235818862915,,0.9611110687255859,,,,,,,,,,,1.0,1.0,,,,,9178,,,,0.0,,0.0,,0.0
,,,0.1205357164144516,,0.9921875,,,,,,,,,,,1.0,1.0,,,,,9179,,,,0.0,,0.0,,0.0
,,,0.1083984375,,0.96875,,,,,,,,,,,1.0,1.0,,,,,9180,,,,0.0,,0.0,,0.0
,,,0.2548862099647522,,0.9939758777618408,,,,,,,,,,,1.0,1.0,,,,,9181,,,,0.0,,0.0,,0.0
,,,0.1316964328289032,,0.9921875,,,,,,,,,,,1.0,1.0,,,,,9182,,,,0.0,,0.0,,0.0
,,,0.1875,,0.984375,,,,,,,,,,,1.0,1.0,,,,,9183,,,,0.0,,0.0,,0.0
,,,0.2101476937532425,,1.0,,,,,,,,,,,1.0,1.0,,,,,9184,,,,0.0,,0.0,,0.0
,,,0.1015625,,0.96875,,,,,,,,,,,1.0,1.0,,,,,9185,,,,0.0,,0.0,,0.0
,,,0.1082589253783226,,0.984375,,,,,,,,,,,1.0,1.0,,,,,9186,,,,0.0,,0.0,,0.0
,,,0.1910914182662964,,0.9822812676429749,,,,,,,,,,,1.0,1.0,,,,,9187,,,,0.0,,0.0,,0.0
,,,0.1025390625,,0.953125,,,,,,,,,,,1.0,1.0,,,,,9188,,,,0.0,,0.0,,0.0
,,,0.171875,,0.984375,,,,,,,,,,,1.0,1.0,,,,,9189,,,,0.0,,0.0,,0.0
,,,0.36288660764694214,,0.9896907210350037,,,,,,,,,,,1.0,1.0,,,,,9190,,,,0.0,,0.0,,0.0
,,,0.107421875,,0.984375,,,,,,,,,,,1.0,1.0,,,,,9191,,,,0.0,,0.0,,0.0
,,,0.1160714253783226,,0.96875,,,,,,,,,,,1.0,1.0,,,,,9192,,,,0.0,,0.0,,0.0
,,,0.6607142686843872,,1.0,,,,,,,,,,,1.0,1.0,,,,,9193,,,,0.0,,0.0,,0.0
,,,0.1536458283662796,,1.0,,,,,,,,,,,1.0,1.0,,,,,9194,,,,0.0,,0.0,,0.0
,,,0.1283482164144516,,0.9921875,,,,,,,,,,,1.0,1.0,,,,,9195,,,,0.0,,0.0,,0.0
,,,0.2693602740764618,,0.9502719640731812,,,,,,,,,,,1.0,1.0,,,,,9196,,,,0.0,,0.0,,0.0
,,,0.109375,,0.984375,,,,,,,,,,,1.0,1.0,,,,,9197,,,,0.0,,0.0,,0.0
,,,0.1216517835855484,,0.9921875,,,,,,,,,,,1.0,1.0,,,,,9198,,,,0.0,,0.0,,0.0
,,,0.109251968562603,,0.9763779640197754,,,,,,,,,,,1.0,1.0,,,,,9199,,,,0.0,,0.0,,0.0
99,0.8355838656425476,0.8521738052368164,,0.9809605479240417,,,,,,,,,,,,,,240.53895568847656,5581.828125,5.482882022857666,233.666015625,22099,,,0.0,,0.0,,0.0,
99,,,,,,0.20267155766487122,,0.4291004240512848,,8.43635082244873,,,,,,,,,,,,22099,0.47042784094810486,,,,,,,
