epoch,eval/knn_probe_top1,eval/linear_probe_top1_epoch,eval/linear_probe_top1_step,eval/linear_probe_top5_epoch,eval/linear_probe_top5_step,fit/inv_epoch,fit/inv_step,fit/loss_epoch,fit/loss_step,fit/sigreg_epoch,fit/sigreg_step,hparams/lr_default_0,hparams/lr_linear_probe,lr-AdamW,lr-AdamWScheduleFree,queue/embedding_fill_pct,queue/label_fill_pct,rankme,rankme/condition_number,rankme/entropy,rankme/top_singular_value,step,train/linear_probe_loss_epoch,train/linear_probe_loss_step,validate/inv_epoch,validate/inv_step,validate/loss_epoch,validate/loss_step,validate/sigreg_epoch,validate/sigreg_step
,,,,,,,,,,,,,,0.03,0.0004,,,,,,,49,,,,,,,,
0,,,,,,,0.6209466457366943,,1.8650872707366943,,62.21875,0.00039999998989515007,0.029999999329447746,,,1.0,1.0,,,,,49,,2.26019287109375,,,,,,
,,,,,,,,,,,,,,0.03,0.0004,,,,,,,99,,,,,,,,
0,,,,,,,0.6868976354598999,,1.4793781042099,,39.625,0.00039999998989515007,0.029999999329447746,,,1.0,1.0,,,,,99,,2.440913438796997,,,,,,
,,,,,,,,,,,,,,0.03,0.0004,,,,,,,149,,,,,,,,
0,,,,,,,0.6450040936470032,,1.3261563777923584,,34.0625,0.00039999998989515007,0.029999999329447746,,,1.0,1.0,,,,,149,,2.421543598175049,,,,,,
,,,,,,,,,,,,,,0.03,0.0004,,,,,,,199,,,,,,,,
0,,,,,,,0.6565743088722229,,1.2332344055175781,,28.828125,0.00039999998989515007,0.029999999329447746,,,1.0,1.0,,,,,199,,2.5600640773773193,,,,,,
,,,0.0007812500116415322,,0.1484375,,,,,,,,,,,1.0,1.0,,,,,0,,,,0.0,,0.0,,0.0
,,,0.0007812500116415322,,0.2109375,,,,,,,,,,,1.0,1.0,,,,,1,,,,0.0,,0.0,,0.0
,,,0.0009900990407913923,,0.21507149934768677,,,,,,,,,,,1.0,1.0,,,,,2,,,,0.0,,0.0,,0.0
,,,0.0,,0.2890625,,,,,,,,,,,1.0,1.0,,,,,3,,,,0.0,,0.0,,0.0
,,,0.0009765625,,0.2734375,,,,,,,,,,,1.0,1.0,,,,,4,,,,0.0,,0.0,,0.0
,,,0.0416666679084301,,0.634615421295166,,,,,,,,,,,1.0,1.0,,,,,5,,,,0.0,,0.0,,0.0
,,,0.0595703125,,0.9765625,,,,,,,,,,,1.0,1.0,,,,,6,,,,0.0,,0.0,,0.0
,,,0.060546875,,0.9921875,,,,,,,,,,,1.0,1.0,,,,,7,,,,0.0,,0.0,,0.0
,,,0.10752573609352112,,0.927101194858551,,,,,,,,,,,1.0,1.0,,,,,8,,,,0.0,,0.0,,0.0
,,,0.0477430559694767,,0.8984375,,,,,,,,,,,1.0,1.0,,,,,9,,,,0.0,,0.0,,0.0
,,,0.0546875,,0.890625,,,,,,,,,,,1.0,1.0,,,,,10,,,,0.0,,0.0,,0.0
,,,0.0442708320915699,,0.921875,,,,,,,,,,,1.0,1.0,,,,,11,,,,0.0,,0.0,,0.0
,,,0.10548148304224014,,0.765333354473114,,,,,,,,,,,1.0,1.0,,,,,12,,,,0.0,,0.0,,0.0
,,,0.0792410746216774,,0.8203125,,,,,,,,,,,1.0,1.0,,,,,13,,,,0.0,,0.0,,0.0
,,,0.0673828125,,0.8125,,,,,,,,,,,1.0,1.0,,,,,14,,,,0.0,,0.0,,0.0
,,,0.08994708955287933,,0.7208216786384583,,,,,,,,,,,1.0,1.0,,,,,15,,,,0.0,,0.0,,0.0
,,,0.0223214291036129,,0.734375,,,,,,,,,,,1.0,1.0,,,,,16,,,,0.0,,0.0,,0.0
,,,0.0263671875,,0.734375,,,,,,,,,,,1.0,1.0,,,,,17,,,,0.0,,0.0,,0.0
,,,0.08820346742868423,,0.7521644830703735,,,,,,,,,,,1.0,1.0,,,,,18,,,,0.0,,0.0,,0.0
,,,0.0595703125,,0.890625,,,,,,,,,,,1.0,1.0,,,,,19,,,,0.0,,0.0,,0.0
,,,0.060546875,,0.84375,,,,,,,,,,,1.0,1.0,,,,,20,,,,0.0,,0.0,,0.0
,,,0.09557908028364182,,0.8951432108879089,,,,,,,,,,,1.0,1.0,,,,,21,,,,0.0,,0.0,,0.0
,,,0.0345982126891613,,0.8671875,,,,,,,,,,,1.0,1.0,,,,,22,,,,0.0,,0.0,,0.0
,,,0.0205078125,,0.8515625,,,,,,,,,,,1.0,1.0,,,,,23,,,,0.0,,0.0,,0.0
,,,0.10408163070678711,,0.865517258644104,,,,,,,,,,,1.0,1.0,,,,,24,,,,0.0,,0.0,,0.0
,,,0.0691964253783226,,0.9453125,,,,,,,,,,,1.0,1.0,,,,,25,,,,0.0,,0.0,,0.0
,,,0.0546875,,0.8984375,,,,,,,,,,,1.0,1.0,,,,,26,,,,0.0,,0.0,,0.0
,,,0.08455974608659744,,0.8412578701972961,,,,,,,,,,,1.0,1.0,,,,,27,,,,0.0,,0.0,,0.0
,,,0.02864583395421505,,0.828125,,,,,,,,,,,1.0,1.0,,,,,28,,,,0.0,,0.0,,0.0
,,,0.013671875,,0.734375,,,,,,,,,,,1.0,1.0,,,,,29,,,,0.0,,0.0,,0.0
,,,0.019607843831181526,,0.46990424394607544,,,,,,,,,,,1.0,1.0,,,,,30,,,,0.0,,0.0,,0.0
,,,0.0015625000232830644,,0.1796875,,,,,,,,,,,1.0,1.0,,,,,31,,,,0.0,,0.0,,0.0
,,,0.0,,0.2109375,,,,,,,,,,,1.0,1.0,,,,,32,,,,0.0,,0.0,,0.0
,,,0.0017241379246115685,,0.2748768627643585,,,,,,,,,,,1.0,1.0,,,,,33,,,,0.0,,0.0,,0.0
,,,0.0,,0.28125,,,,,,,,,,,1.0,1.0,,,,,34,,,,0.0,,0.0,,0.0
,,,0.0008680555620230734,,0.2265625,,,,,,,,,,,1.0,1.0,,,,,35,,,,0.0,,0.0,,0.0
,,,0.046434495598077774,,0.640812337398529,,,,,,,,,,,1.0,1.0,,,,,36,,,,0.0,,0.0,,0.0
,,,0.0634765625,,0.9921875,,,,,,,,,,,1.0,1.0,,,,,37,,,,0.0,,0.0,,0.0
,,,0.052734375,,0.9921875,,,,,,,,,,,1.0,1.0,,,,,38,,,,0.0,,0.0,,0.0
,,,0.09203296899795532,,0.922832727432251,,,,,,,,,,,1.0,1.0,,,,,39,,,,0.0,,0.0,,0.0
,,,0.05859375,,0.890625,,,,,,,,,,,1.0,1.0,,,,,40,,,,0.0,,0.0,,0.0
,,,0.0478515625,,0.90625,,,,,,,,,,,1.0,1.0,,,,,41,,,,0.0,,0.0,,0.0
,,,0.111111119389534,,0.8920454978942871,,,,,,,,,,,1.0,1.0,,,,,42,,,,0.0,,0.0,,0.0
,,,0.0633680522441864,,0.8203125,,,,,,,,,,,1.0,1.0,,,,,43,,,,0.0,,0.0,,0.0
,,,0.0747767835855484,,0.796875,,,,,,,,,,,1.0,1.0,,,,,44,,,,0.0,,0.0,,0.0
,,,0.08698372542858124,,0.8185231685638428,,,,,,,,,,,1.0,1.0,,,,,45,,,,0.0,,0.0,,0.0
,,,0.02008928544819355,,0.6484375,,,,,,,,,,,1.0,1.0,,,,,46,,,,0.0,,0.0,,0.0
,,,0.017578125,,0.7265625,,,,,,,,,,,1.0,1.0,,,,,47,,,,0.0,,0.0,,0.0
,,,0.0345982126891613,,0.734375,,,,,,,,,,,1.0,1.0,,,,,48,,,,0.0,,0.0,,0.0
,,,0.06102362275123596,,0.4330708682537079,,,,,,,,,,,1.0,1.0,,,,,49,,,,0.0,,0.0,,0.0
,,,0.0625,,0.8671875,,,,,,,,,,,1.0,1.0,,,,,50,,,,0.0,,0.0,,0.0
,,,0.0595703125,,0.859375,,,,,,,,,,,1.0,1.0,,,,,51,,,,0.0,,0.0,,0.0
,,,0.10201149433851242,,0.9353448152542114,,,,,,,,,,,1.0,1.0,,,,,52,,,,0.0,,0.0,,0.0
,,,0.0223214291036129,,0.828125,,,,,,,,,,,1.0,1.0,,,,,53,,,,0.0,,0.0,,0.0
,,,0.0244140625,,0.8515625,,,,,,,,,,,1.0,1.0,,,,,54,,,,0.0,,0.0,,0.0
,,,0.09305097162723541,,0.8591859340667725,,,,,,,,,,,1.0,1.0,,,,,55,,,,0.0,,0.0,,0.0
,,,0.060546875,,0.9375,,,,,,,,,,,1.0,1.0,,,,,56,,,,0.0,,0.0,,0.0
,,,0.0595703125,,0.9296875,,,,,,,,,,,1.0,1.0,,,,,57,,,,0.0,,0.0,,0.0
,,,0.0833333358168602,,0.8229166269302368,,,,,,,,,,,1.0,1.0,,,,,58,,,,0.0,,0.0,,0.0
,,,0.015625,,0.8203125,,,,,,,,,,,1.0,1.0,,,,,59,,,,0.0,,0.0,,0.0
,,,0.0185546875,,0.765625,,,,,,,,,,,1.0,1.0,,,,,60,,,,0.0,,0.0,,0.0
,,,0.022286823019385338,,0.49806201457977295,,,,,,,,,,,1.0,1.0,,,,,61,,,,0.0,,0.0,,0.0
,,,0.0007812500116415322,,0.15625,,,,,,,,,,,1.0,1.0,,,,,62,,,,0.0,,0.0,,0.0
,,,0.0007812500116415322,,0.234375,,,,,,,,,,,1.0,1.0,,,,,63,,,,0.0,,0.0,,0.0
,,,0.0,,0.21710914373397827,,,,,,,,,,,1.0,1.0,,,,,64,,,,0.0,,0.0,,0.0
,,,0.0,,0.28125,,,,,,,,,,,1.0,1.0,,,,,65,,,,0.0,,0.0,,0.0
,,,0.0008680555620230734,,0.2734375,,,,,,,,,,,1.0,1.0,,,,,66,,,,0.0,,0.0,,0.0
,,,0.04747474938631058,,0.5742424130439758,,,,,,,,,,,1.0,1.0,,,,,67,,,,0.0,,0.0,,0.0
,,,0.0634765625,,0.9921875,,,,,,,,,,,1.0,1.0,,,,,68,,,,0.0,,0.0,,0.0
,,,0.0546875,,0.984375,,,,,,,,,,,1.0,1.0,,,,,69,,,,0.0,,0.0,,0.0
,,,0.08773148059844971,,0.9537037014961243,,,,,,,,,,,1.0,1.0,,,,,70,,,,0.0,,0.0,,0.0
,,,0.0486111119389534,,0.890625,,,,,,,,,,,1.0,1.0,,,,,71,,,,0.0,,0.0,,0.0
,,,0.0517578125,,0.8984375,,,,,,,,,,,1.0,1.0,,,,,72,,,,0.0,,0.0,,0.0
,,,0.09718875586986542,,0.8842034935951233,,,,,,,,,,,1.0,1.0,,,,,73,,,,0.0,,0.0,,0.0
,,,0.068359375,,0.8203125,,,,,,,,,,,1.0,1.0,,,,,74,,,,0.0,,0.0,,0.0
,,,0.0803571417927742,,0.8046875,,,,,,,,,,,1.0,1.0,,,,,75,,,,0.0,,0.0,,0.0
,,,0.08411850035190582,,0.7722179889678955,,,,,,,,,,,1.0,1.0,,,,,76,,,,0.0,,0.0,,0.0
,,,0.0185546875,,0.7109375,,,,,,,,,,,1.0,1.0,,,,,77,,,,0.0,,0.0,,0.0
,,,0.0224609375,,0.6796875,,,,,,,,,,,1.0,1.0,,,,,78,,,,0.0,,0.0,,0.0
,,,0.10639140009880066,,0.788759708404541,,,,,,,,,,,1.0,1.0,,,,,79,,,,0.0,,0.0,,0.0
,,,0.060546875,,0.875,,,,,,,,,,,1.0,1.0,,,,,80,,,,0.0,,0.0,,0.0
,,,0.0680803582072258,,0.875,,,,,,,,,,,1.0,1.0,,,,,81,,,,0.0,,0.0,,0.0
,,,0.0887928158044815,,0.8736281991004944,,,,,,,,,,,1.0,1.0,,,,,82,,,,0.0,,0.0,,0.0
,,,0.03125,,0.8515625,,,,,,,,,,,1.0,1.0,,,,,83,,,,0.0,,0.0,,0.0
,,,0.0205078125,,0.8515625,,,,,,,,,,,1.0,1.0,,,,,84,,,,0.0,,0.0,,0.0
,,,0.12755101919174194,,0.9107142686843872,,,,,,,,,,,1.0,1.0,,,,,85,,,,0.0,,0.0,,0.0
,,,0.0576171875,,0.9453125,,,,,,,,,,,1.0,1.0,,,,,86,,,,0.0,,0.0,,0.0
,,,0.0680803582072258,,0.9140625,,,,,,,,,,,1.0,1.0,,,,,87,,,,0.0,,0.0,,0.0
,,,0.10977911949157715,,0.8294483423233032,,,,,,,,,,,1.0,1.0,,,,,88,,,,0.0,,0.0,,0.0
,,,0.0245535708963871,,0.7890625,,,,,,,,,,,1.0,1.0,,,,,89,,,,0.0,,0.0,,0.0
,,,0.0146484375,,0.7578125,,,,,,,,,,,1.0,1.0,,,,,90,,,,0.0,,0.0,,0.0
,,,0.02066929079592228,,0.8188976645469666,,,,,,,,,,,1.0,1.0,,,,,91,,,,0.0,,0.0,,0.0
0,0.3337646424770355,0.2942577600479126,,0.7318542003631592,,,,,,,,,,,,,,98.69646453857422,1673027.5,4.5920491218566895,402.15997314453125,220,,,0.0,,0.0,,0.0,
0,,,,,,0.6025252938270569,,1.8159462213516235,,60.672298431396484,,,,,,,,,,,,220,2.613847494125366,,,,,,,
,,,,,,,,,,,,,,0.03,0.0004,,,,,,,249,,,,,,,,
1,,,,,,,0.6321706175804138,,1.1434011459350586,,25.5625,0.00039999998989515007,0.029999999329447746,,,1.0,1.0,,,,,249,,2.342670440673828,,,,,,
,,,,,,,,,,,,,,0.03,0.0004,,,,,,,299,,,,,,,,
1,,,,,,,0.6550929546356201,,1.0862452983856201,,21.5625,0.00039999998989515007,0.029999999329447746,,,1.0,1.0,,,,,299,,2.3330471515655518,,,,,,
,,,,,,,,,,,,,,0.03,0.0004,,,,,,,349,,,,,,,,
1,,,,,,,0.6517245769500732,,1.0657870769500732,,20.703125,0.00039999998989515007,0.029999999329447746,,,1.0,1.0,,,,,349,,2.4614243507385254,,,,,,
,,,,,,,,,,,,,,0.03,0.0004,,,,,,,399,,,,,,,,
1,,,,,,,0.6228951215744019,,1.0227974653244019,,20.0,0.00039999998989515007,0.029999999329447746,,,1.0,1.0,,,,,399,,2.192965030670166,,,,,,
,,,0.078125,,0.9765625,,,,,,,,,,,1.0,1.0,,,,,92,,,,0.0,,0.0,,0.0
,,,0.1004464253783226,,0.9921875,,,,,,,,,,,1.0,1.0,,,,,93,,,,0.0,,0.0,,0.0
,,,0.1415933221578598,,0.9431610107421875,,,,,,,,,,,1.0,1.0,,,,,94,,,,0.0,,0.0,,0.0
,,,0.0434027761220932,,0.8671875,,,,,,,,,,,1.0,1.0,,,,,95,,,,0.0,,0.0,,0.0
,,,0.046875,,0.890625,,,,,,,,,,,1.0,1.0,,,,,96,,,,0.0,,0.0,,0.0
,,,0.048076923936605453,,0.7756410241127014,,,,,,,,,,,1.0,1.0,,,,,97,,,,0.0,,0.0,,0.0
,,,0.0,,0.703125,,,,,,,,,,,1.0,1.0,,,,,98,,,,0.0,,0.0,,0.0
,,,0.0,,0.71875,,,,,,,,,,,1.0,1.0,,,,,99,,,,0.0,,0.0,,0.0
,,,0.03640175238251686,,0.7345626354217529,,,,,,,,,,,1.0,1.0,,,,,100,,,,0.0,,0.0,,0.0
,,,0.02968749962747097,,0.6640625,,,,,,,,,,,1.0,1.0,,,,,101,,,,0.0,,0.0,,0.0
,,,0.02500000037252903,,0.734375,,,,,,,,,,,1.0,1.0,,,,,102,,,,0.0,,0.0,,0.0
,,,0.0321180559694767,,0.7421875,,,,,,,,,,,1.0,1.0,,,,,103,,,,0.0,,0.0,,0.0
,,,0.09653334319591522,,0.753333330154419,,,,,,,,,,,1.0,1.0,,,,,104,,,,0.0,,0.0,,0.0
,,,0.06796874850988388,,0.828125,,,,,,,,,,,1.0,1.0,,,,,105,,,,0.0,,0.0,,0.0
,,,0.07421875,,0.796875,,,,,,,,,,,1.0,1.0,,,,,106,,,,0.0,,0.0,,0.0
,,,0.0935574322938919,,0.8730158805847168,,,,,,,,,,,1.0,1.0,,,,,107,,,,0.0,,0.0,,0.0
,,,0.0457589291036129,,0.921875,,,,,,,,,,,1.0,1.0,,,,,108,,,,0.0,,0.0,,0.0
,,,0.02734375,,0.8984375,,,,,,,,,,,1.0,1.0,,,,,109,,,,0.0,,0.0,,0.0
,,,0.0436507947742939,,0.7938311696052551,,,,,,,,,,,1.0,1.0,,,,,110,,,,0.0,,0.0,,0.0
,,,0.013888888992369175,,0.71875,,,,,,,,,,,1.0,1.0,,,,,111,,,,0.0,,0.0,,0.0
,,,0.0147569440305233,,0.7265625,,,,,,,,,,,1.0,1.0,,,,,112,,,,0.0,,0.0,,0.0
,,,0.05105853080749512,,0.7905354499816895,,,,,,,,,,,1.0,1.0,,,,,113,,,,0.0,,0.0,,0.0
,,,0.0347222238779068,,0.8203125,,,,,,,,,,,1.0,1.0,,,,,114,,,,0.0,,0.0,,0.0
,,,0.0338541679084301,,0.8359375,,,,,,,,,,,1.0,1.0,,,,,115,,,,0.0,,0.0,,0.0
,,,0.05725232884287834,,0.687438428401947,,,,,,,,,,,1.0,1.0,,,,,116,,,,0.0,,0.0,,0.0
,,,0.02864583395421505,,0.625,,,,,,,,,,,1.0,1.0,,,,,117,,,,0.0,,0.0,,0.0
,,,0.0244140625,,0.5859375,,,,,,,,,,,1.0,1.0,,,,,118,,,,0.0,,0.0,,0.0
,,,0.07327044010162354,,0.7661635279655457,,,,,,,,,,,1.0,1.0,,,,,119,,,,0.0,,0.0,,0.0
,,,0.0615234375,,0.953125,,,,,,,,,,,1.0,1.0,,,,,120,,,,0.0,,0.0,,0.0
,,,0.0576171875,,0.9375,,,,,,,,,,,1.0,1.0,,,,,121,,,,0.0,,0.0,,0.0
,,,0.15044459700584412,,0.9529411792755127,,,,,,,,,,,1.0,1.0,,,,,122,,,,0.0,,0.0,,0.0
,,,0.0908203125,,0.9609375,,,,,,,,,,,1.0,1.0,,,,,123,,,,0.0,,0.0,,0.0
,,,0.0869140625,,1.0,,,,,,,,,,,1.0,1.0,,,,,124,,,,0.0,,0.0,,0.0
,,,0.1573539674282074,,0.9298029541969299,,,,,,,,,,,1.0,1.0,,,,,125,,,,0.0,,0.0,,0.0
,,,0.0434027761220932,,0.8359375,,,,,,,,,,,1.0,1.0,,,,,126,,,,0.0,,0.0,,0.0
,,,0.0556640625,,0.8984375,,,,,,,,,,,1.0,1.0,,,,,127,,,,0.0,,0.0,,0.0
,,,0.037704918533563614,,0.7859065532684326,,,,,,,,,,,1.0,1.0,,,,,128,,,,0.0,,0.0,,0.0
,,,0.0,,0.7421875,,,,,,,,,,,1.0,1.0,,,,,129,,,,0.0,,0.0,,0.0
,,,0.0,,0.703125,,,,,,,,,,,1.0,1.0,,,,,130,,,,0.0,,0.0,,0.0
,,,0.03253290057182312,,0.6792429685592651,,,,,,,,,,,1.0,1.0,,,,,131,,,,0.0,,0.0,,0.0
,,,0.02968749962747097,,0.703125,,,,,,,,,,,1.0,1.0,,,,,132,,,,0.0,,0.0,,0.0
,,,0.02265625074505806,,0.75,,,,,,,,,,,1.0,1.0,,,,,133,,,,0.0,,0.0,,0.0
,,,0.10505050420761108,,0.800000011920929,,,,,,,,,,,1.0,1.0,,,,,134,,,,0.0,,0.0,,0.0
,,,0.0694444477558136,,0.8203125,,,,,,,,,,,1.0,1.0,,,,,135,,,,0.0,,0.0,,0.0
,,,0.06562499701976776,,0.8125,,,,,,,,,,,1.0,1.0,,,,,136,,,,0.0,,0.0,,0.0
,,,0.09055068343877792,,0.8760951161384583,,,,,,,,,,,1.0,1.0,,,,,137,,,,0.0,,0.0,,0.0
,,,0.0380859375,,0.859375,,,,,,,,,,,1.0,1.0,,,,,138,,,,0.0,,0.0,,0.0
,,,0.033203125,,0.890625,,,,,,,,,,,1.0,1.0,,,,,139,,,,0.0,,0.0,,0.0
,,,0.02864583395421505,,0.90625,,,,,,,,,,,1.0,1.0,,,,,140,,,,0.0,,0.0,,0.0
,,,0.010498687624931335,,0.8385826349258423,,,,,,,,,,,1.0,1.0,,,,,141,,,,0.0,,0.0,,0.0
,,,0.01215277798473835,,0.7265625,,,,,,,,,,,1.0,1.0,,,,,142,,,,0.0,,0.0,,0.0
,,,0.015625,,0.65625,,,,,,,,,,,1.0,1.0,,,,,143,,,,0.0,,0.0,,0.0
,,,0.0530012771487236,,0.7227011322975159,,,,,,,,,,,1.0,1.0,,,,,144,,,,0.0,,0.0,,0.0
,,,0.03125,,0.7578125,,,,,,,,,,,1.0,1.0,,,,,145,,,,0.0,,0.0,,0.0
,,,0.0321180559694767,,0.8359375,,,,,,,,,,,1.0,1.0,,,,,146,,,,0.0,,0.0,,0.0
,,,0.07770036160945892,,0.6538320779800415,,,,,,,,,,,1.0,1.0,,,,,147,,,,0.0,,0.0,,0.0
,,,0.02120535634458065,,0.625,,,,,,,,,,,1.0,1.0,,,,,148,,,,0.0,,0.0,,0.0
,,,0.025390625,,0.5859375,,,,,,,,,,,1.0,1.0,,,,,149,,,,0.0,,0.0,,0.0
,,,0.06640625,,0.7760416269302368,,,,,,,,,,,1.0,1.0,,,,,150,,,,0.0,,0.0,,0.0
,,,0.0625,,0.953125,,,,,,,,,,,1.0,1.0,,,,,151,,,,0.0,,0.0,,0.0
,,,0.056640625,,0.8984375,,,,,,,,,,,1.0,1.0,,,,,152,,,,0.0,,0.0,,0.0
,,,0.160091370344162,,0.9703764915466309,,,,,,,,,,,1.0,1.0,,,,,153,,,,0.0,,0.0,,0.0
,,,0.0859375,,0.96875,,,,,,,,,,,1.0,1.0,,,,,154,,,,0.0,,0.0,,0.0
,,,0.09375,,0.984375,,,,,,,,,,,1.0,1.0,,,,,155,,,,0.0,,0.0,,0.0
,,,0.12868732213974,,0.8846607804298401,,,,,,,,,,,1.0,1.0,,,,,156,,,,0.0,,0.0,,0.0
,,,0.052734375,,0.859375,,,,,,,,,,,1.0,1.0,,,,,157,,,,0.0,,0.0,,0.0
,,,0.0451388880610466,,0.890625,,,,,,,,,,,1.0,1.0,,,,,158,,,,0.0,,0.0,,0.0
,,,0.028686869889497757,,0.771212100982666,,,,,,,,,,,1.0,1.0,,,,,159,,,,0.0,,0.0,,0.0
,,,0.0,,0.7265625,,,,,,,,,,,1.0,1.0,,,,,160,,,,0.0,,0.0,,0.0
,,,0.0008680555620230734,,0.6796875,,,,,,,,,,,1.0,1.0,,,,,161,,,,0.0,,0.0,,0.0
,,,0.03055555559694767,,0.6722221970558167,,,,,,,,,,,1.0,1.0,,,,,162,,,,0.0,,0.0,,0.0
,,,0.02690972201526165,,0.7265625,,,,,,,,,,,1.0,1.0,,,,,163,,,,0.0,,0.0,,0.0
,,,0.02734375,,0.75,,,,,,,,,,,1.0,1.0,,,,,164,,,,0.0,,0.0,,0.0
,,,0.10061579942703247,,0.8165997266769409,,,,,,,,,,,1.0,1.0,,,,,165,,,,0.0,,0.0,,0.0
,,,0.0755208358168602,,0.828125,,,,,,,,,,,1.0,1.0,,,,,166,,,,0.0,,0.0,,0.0
,,,0.0703125,,0.8046875,,,,,,,,,,,1.0,1.0,,,,,167,,,,0.0,,0.0,,0.0
,,,0.10290580987930298,,0.8240387439727783,,,,,,,,,,,1.0,1.0,,,,,168,,,,0.0,,0.0,,0.0
,,,0.0329861119389534,,0.8671875,,,,,,,,,,,1.0,1.0,,,,,169,,,,0.0,,0.0,,0.0
,,,0.02690972201526165,,0.90625,,,,,,,,,,,1.0,1.0,,,,,170,,,,0.0,,0.0,,0.0
,,,0.042192693799734116,,0.7987264394760132,,,,,,,,,,,1.0,1.0,,,,,171,,,,0.0,,0.0,,0.0
,,,0.0126953125,,0.6953125,,,,,,,,,,,1.0,1.0,,,,,172,,,,0.0,,0.0,,0.0
,,,0.010416666977107525,,0.65625,,,,,,,,,,,1.0,1.0,,,,,173,,,,0.0,,0.0,,0.0
,,,0.06488193571567535,,0.796973705291748,,,,,,,,,,,1.0,1.0,,,,,174,,,,0.0,,0.0,,0.0
,,,0.033203125,,0.8046875,,,,,,,,,,,1.0,1.0,,,,,175,,,,0.0,,0.0,,0.0
,,,0.0355902761220932,,0.8046875,,,,,,,,,,,1.0,1.0,,,,,176,,,,0.0,,0.0,,0.0
,,,0.0615079402923584,,0.7455357313156128,,,,,,,,,,,1.0,1.0,,,,,177,,,,0.0,,0.0,,0.0
,,,0.0325520820915699,,0.5859375,,,,,,,,,,,1.0,1.0,,,,,178,,,,0.0,,0.0,,0.0
,,,0.02790178544819355,,0.609375,,,,,,,,,,,1.0,1.0,,,,,179,,,,0.0,,0.0,,0.0
,,,0.08325008302927017,,0.7167832255363464,,,,,,,,,,,1.0,1.0,,,,,180,,,,0.0,,0.0,,0.0
,,,0.0576171875,,0.9453125,,,,,,,,,,,1.0,1.0,,,,,181,,,,0.0,,0.0,,0.0
,,,0.064453125,,0.9375,,,,,,,,,,,1.0,1.0,,,,,182,,,,0.0,,0.0,,0.0
,,,0.05511811003088951,,0.9212598204612732,,,,,,,,,,,1.0,1.0,,,,,183,,,,0.0,,0.0,,0.0
1,0.4091767370700836,0.3422227203845978,,0.8041459321975708,,,,,,,,,,,,,,99.535888671875,1018491.1875,4.600518226623535,425.6709289550781,441,,,0.0,,0.0,,0.0,
1,,,,,,0.6368537545204163,,1.062317967414856,,21.27326011657715,,,,,,,,,,,,441,2.337007522583008,,,,,,,
,,,,,,,,,,,,,,0.03,0.0004,,,,,,,449,,,,,,,,
2,,,,,,,0.609890878200531,,0.958279550075531,,17.421875,0.00039999998989515007,0.029999999329447746,,,1.0,1.0,,,,,449,,1.969581961631775,,,,,,
,,,,,,,,,,,,,,0.03,0.0004,,,,,,,499,,,,,,,,
2,,,,,,,0.6264499425888062,,0.9948581457138062,,18.421875,0.00039999998989515007,0.029999999329447746,,,1.0,1.0,,,,,499,,2.6525256633758545,,,,,,
,,,,,,,,,,,,,,0.03,0.0004,,,,,,,549,,,,,,,,
2,,,,,,,0.6316299438476562,,0.9443740844726562,,15.640625,0.00039999998989515007,0.029999999329447746,,,1.0,1.0,,,,,549,,2.2714829444885254,,,,,,
,,,,,,,,,,,,,,0.03,0.0004,,,,,,,599,,,,,,,,
2,,,,,,,0.5972924828529358,,0.9263940453529358,,16.453125,0.00039999998989515007,0.029999999329447746,,,1.0,1.0,,,,,599,,2.321267604827881,,,,,,
,,,,,,,,,,,,,,0.03,0.0004,,,,,,,649,,,,,,,,
2,,,,,,,0.623243510723114,,0.945997416973114,,16.140625,0.00039999998989515007,0.029999999329447746,,,1.0,1.0,,,,,649,,2.01318359375,,,,,,
,,,0.0323660708963871,,0.75,,,,,,,,,,,1.0,1.0,,,,,184,,,,0.0,,0.0,,0.0
,,,0.0234375,,0.796875,,,,,,,,,,,1.0,1.0,,,,,185,,,,0.0,,0.0,,0.0
,,,0.07117711752653122,,0.8355335593223572,,,,,,,,,,,1.0,1.0,,,,,186,,,,0.0,,0.0,,0.0
,,,0.0400390625,,0.9375,,,,,,,,,,,1.0,1.0,,,,,187,,,,0.0,,0.0,,0.0
,,,0.033203125,,0.8671875,,,,,,,,,,,1.0,1.0,,,,,188,,,,0.0,,0.0,,0.0
,,,0.05982905626296997,,0.942307710647583,,,,,,,,,,,1.0,1.0,,,,,189,,,,0.0,,0.0,,0.0
,,,0.02265625074505806,,0.953125,,,,,,,,,,,1.0,1.0,,,,,190,,,,0.0,,0.0,,0.0
,,,0.0295138880610466,,0.96875,,,,,,,,,,,1.0,1.0,,,,,191,,,,0.0,,0.0,,0.0
,,,0.08184268325567245,,0.8619210720062256,,,,,,,,,,,1.0,1.0,,,,,192,,,,0.0,,0.0,,0.0
,,,0.0400390625,,0.9375,,,,,,,,,,,1.0,1.0,,,,,193,,,,0.0,,0.0,,0.0
,,,0.0295138880610466,,0.9375,,,,,,,,,,,1.0,1.0,,,,,194,,,,0.0,,0.0,,0.0
,,,0.0439453125,,0.9453125,,,,,,,,,,,1.0,1.0,,,,,195,,,,0.0,,0.0,,0.0
,,,0.10053333640098572,,0.9240000247955322,,,,,,,,,,,1.0,1.0,,,,,196,,,,0.0,,0.0,,0.0
,,,0.0625,,0.8125,,,,,,,,,,,1.0,1.0,,,,,197,,,,0.0,,0.0,,0.0
,,,0.05781250074505806,,0.75,,,,,,,,,,,1.0,1.0,,,,,198,,,,0.0,,0.0,,0.0
,,,0.1330532282590866,,0.8678804636001587,,,,,,,,,,,1.0,1.0,,,,,199,,,,0.0,,0.0,,0.0
,,,0.0894097238779068,,0.9765625,,,,,,,,,,,1.0,1.0,,,,,200,,,,0.0,,0.0,,0.0
,,,0.1104910746216774,,0.953125,,,,,,,,,,,1.0,1.0,,,,,201,,,,0.0,,0.0,,0.0
,,,0.14045214653015137,,0.959956705570221,,,,,,,,,,,1.0,1.0,,,,,202,,,,0.0,,0.0,,0.0
,,,0.0751953125,,0.9375,,,,,,,,,,,1.0,1.0,,,,,203,,,,0.0,,0.0,,0.0
,,,0.0572916679084301,,0.9765625,,,,,,,,,,,1.0,1.0,,,,,204,,,,0.0,,0.0,,0.0
,,,0.08396291732788086,,0.7854296565055847,,,,,,,,,,,1.0,1.0,,,,,205,,,,0.0,,0.0,,0.0
,,,0.0243055559694767,,0.609375,,,,,,,,,,,1.0,1.0,,,,,206,,,,0.0,,0.0,,0.0
,,,0.02421874925494194,,0.6171875,,,,,,,,,,,1.0,1.0,,,,,207,,,,0.0,,0.0,,0.0
,,,0.04093596339225769,,0.7768473029136658,,,,,,,,,,,1.0,1.0,,,,,208,,,,0.0,,0.0,,0.0
,,,0.01128472201526165,,0.890625,,,,,,,,,,,1.0,1.0,,,,,209,,,,0.0,,0.0,,0.0
,,,0.01128472201526165,,0.921875,,,,,,,,,,,1.0,1.0,,,,,210,,,,0.0,,0.0,,0.0
,,,0.08866127580404282,,0.8672956228256226,,,,,,,,,,,1.0,1.0,,,,,211,,,,0.0,,0.0,,0.0
,,,0.0833333358168602,,0.9296875,,,,,,,,,,,1.0,1.0,,,,,212,,,,0.0,,0.0,,0.0
,,,0.0381944440305233,,0.8671875,,,,,,,,,,,1.0,1.0,,,,,213,,,,0.0,,0.0,,0.0
,,,0.07479479908943176,,0.8306429386138916,,,,,,,,,,,1.0,1.0,,,,,214,,,,0.0,,0.0,,0.0
,,,0.0303819440305233,,0.7578125,,,,,,,,,,,1.0,1.0,,,,,215,,,,0.0,,0.0,,0.0
,,,0.0234375,,0.78125,,,,,,,,,,,1.0,1.0,,,,,216,,,,0.0,,0.0,,0.0
,,,0.0644335001707077,,0.845073938369751,,,,,,,,,,,1.0,1.0,,,,,217,,,,0.0,,0.0,,0.0
,,,0.0380859375,,0.9296875,,,,,,,,,,,1.0,1.0,,,,,218,,,,0.0,,0.0,,0.0
,,,0.0368303582072258,,0.859375,,,,,,,,,,,1.0,1.0,,,,,219,,,,0.0,,0.0,,0.0
,,,0.059652555733919144,,0.9366283416748047,,,,,,,,,,,1.0,1.0,,,,,220,,,,0.0,,0.0,,0.0
,,,0.02578124962747097,,0.9765625,,,,,,,,,,,1.0,1.0,,,,,221,,,,0.0,,0.0,,0.0
,,,0.0364583320915699,,0.9296875,,,,,,,,,,,1.0,1.0,,,,,222,,,,0.0,,0.0,,0.0
,,,0.07008547335863113,,0.8985347747802734,,,,,,,,,,,1.0,1.0,,,,,223,,,,0.0,,0.0,,0.0
,,,0.0390625,,0.9453125,,,,,,,,,,,1.0,1.0,,,,,224,,,,0.0,,0.0,,0.0
,,,0.0419921875,,0.9453125,,,,,,,,,,,1.0,1.0,,,,,225,,,,0.0,,0.0,,0.0
,,,0.11717171967029572,,0.8965909481048584,,,,,,,,,,,1.0,1.0,,,,,226,,,,0.0,,0.0,,0.0
,,,0.0625,,0.8125,,,,,,,,,,,1.0,1.0,,,,,227,,,,0.0,,0.0,,0.0
,,,0.06015624850988388,,0.8046875,,,,,,,,,,,1.0,1.0,,,,,228,,,,0.0,,0.0,,0.0
,,,0.14844945073127747,,0.8789111375808716,,,,,,,,,,,1.0,1.0,,,,,229,,,,0.0,,0.0,,0.0
,,,0.0859375,,0.9375,,,,,,,,,,,1.0,1.0,,,,,230,,,,0.0,,0.0,,0.0
,,,0.0966796875,,0.953125,,,,,,,,,,,1.0,1.0,,,,,231,,,,0.0,,0.0,,0.0
,,,0.1071428582072258,,0.9375,,,,,,,,,,,1.0,1.0,,,,,232,,,,0.0,,0.0,,0.0
,,,0.0594925619661808,,0.9803149700164795,,,,,,,,,,,1.0,1.0,,,,,233,,,,0.0,,0.0,,0.0
,,,0.0694444477558136,,0.9609375,,,,,,,,,,,1.0,1.0,,,,,234,,,,0.0,,0.0,,0.0
,,,0.0595703125,,0.96875,,,,,,,,,,,1.0,1.0,,,,,235,,,,0.0,,0.0,,0.0
,,,0.08237548172473907,,0.8060344457626343,,,,,,,,,,,1.0,1.0,,,,,236,,,,0.0,,0.0,,0.0
,,,0.0234375,,0.5703125,,,,,,,,,,,1.0,1.0,,,,,237,,,,0.0,,0.0,,0.0
,,,0.02421874925494194,,0.6328125,,,,,,,,,,,1.0,1.0,,,,,238,,,,0.0,,0.0,,0.0
,,,0.048184819519519806,,0.7838283777236938,,,,,,,,,,,1.0,1.0,,,,,239,,,,0.0,,0.0,,0.0
,,,0.0173611119389534,,0.9296875,,,,,,,,,,,1.0,1.0,,,,,240,,,,0.0,,0.0,,0.0
,,,0.015625,,0.890625,,,,,,,,,,,1.0,1.0,,,,,241,,,,0.0,,0.0,,0.0
,,,0.0922619104385376,,0.8697916269302368,,,,,,,,,,,1.0,1.0,,,,,242,,,,0.0,,0.0,,0.0
,,,0.0680803582072258,,0.921875,,,,,,,,,,,1.0,1.0,,,,,243,,,,0.0,,0.0,,0.0
,,,0.0439453125,,0.8671875,,,,,,,,,,,1.0,1.0,,,,,244,,,,0.0,,0.0,,0.0
,,,0.08568660169839859,,0.8186600208282471,,,,,,,,,,,1.0,1.0,,,,,245,,,,0.0,,0.0,,0.0
,,,0.0244140625,,0.75,,,,,,,,,,,1.0,1.0,,,,,246,,,,0.0,,0.0,,0.0
,,,0.02690972201526165,,0.8046875,,,,,,,,,,,1.0,1.0,,,,,247,,,,0.0,,0.0,,0.0
,,,0.07538512349128723,,0.8312684297561646,,,,,,,,,,,1.0,1.0,,,,,248,,,,0.0,,0.0,,0.0
,,,0.041015625,,0.90625,,,,,,,,,,,1.0,1.0,,,,,249,,,,0.0,,0.0,,0.0
,,,0.0412946417927742,,0.8828125,,,,,,,,,,,1.0,1.0,,,,,250,,,,0.0,,0.0,,0.0
,,,0.048585858196020126,,0.9217171669006348,,,,,,,,,,,1.0,1.0,,,,,251,,,,0.0,,0.0,,0.0
,,,0.0338541679084301,,0.96875,,,,,,,,,,,1.0,1.0,,,,,252,,,,0.0,,0.0,,0.0
,,,0.0295138880610466,,0.90625,,,,,,,,,,,1.0,1.0,,,,,253,,,,0.0,,0.0,,0.0
,,,0.09236110746860504,,0.9583333730697632,,,,,,,,,,,1.0,1.0,,,,,254,,,,0.0,,0.0,,0.0
,,,0.0361328125,,0.953125,,,,,,,,,,,1.0,1.0,,,,,255,,,,0.0,,0.0,,0.0
,,,0.03828125074505806,,0.9140625,,,,,,,,,,,1.0,1.0,,,,,256,,,,0.0,,0.0,,0.0
,,,0.10099063068628311,,0.9115127325057983,,,,,,,,,,,1.0,1.0,,,,,257,,,,0.0,,0.0,,0.0
,,,0.0720486119389534,,0.8203125,,,,,,,,,,,1.0,1.0,,,,,258,,,,0.0,,0.0,,0.0
,,,0.0668402761220932,,0.796875,,,,,,,,,,,1.0,1.0,,,,,259,,,,0.0,,0.0,,0.0
,,,0.12765470147132874,,0.8367710709571838,,,,,,,,,,,1.0,1.0,,,,,260,,,,0.0,,0.0,,0.0
,,,0.078125,,0.9453125,,,,,,,,,,,1.0,1.0,,,,,261,,,,0.0,,0.0,,0.0
,,,0.0947265625,,0.9453125,,,,,,,,,,,1.0,1.0,,,,,262,,,,0.0,,0.0,,0.0
,,,0.16154485940933228,,0.9413067698478699,,,,,,,,,,,1.0,1.0,,,,,263,,,,0.0,,0.0,,0.0
,,,0.0803571417927742,,0.9375,,,,,,,,,,,1.0,1.0,,,,,264,,,,0.0,,0.0,,0.0
,,,0.0607638880610466,,0.984375,,,,,,,,,,,1.0,1.0,,,,,265,,,,0.0,,0.0,,0.0
,,,0.0860954076051712,,0.8232457637786865,,,,,,,,,,,1.0,1.0,,,,,266,,,,0.0,,0.0,,0.0
,,,0.0251736119389534,,0.578125,,,,,,,,,,,1.0,1.0,,,,,267,,,,0.0,,0.0,,0.0
,,,0.0225694440305233,,0.609375,,,,,,,,,,,1.0,1.0,,,,,268,,,,0.0,,0.0,,0.0
,,,0.06517857313156128,,0.7589285373687744,,,,,,,,,,,1.0,1.0,,,,,269,,,,0.0,,0.0,,0.0
,,,0.0126953125,,0.890625,,,,,,,,,,,1.0,1.0,,,,,270,,,,0.0,,0.0,,0.0
,,,0.0185546875,,0.9140625,,,,,,,,,,,1.0,1.0,,,,,271,,,,0.0,,0.0,,0.0
,,,0.049296386539936066,,0.812354326248169,,,,,,,,,,,1.0,1.0,,,,,272,,,,0.0,,0.0,,0.0
,,,0.0647321417927742,,0.9296875,,,,,,,,,,,1.0,1.0,,,,,273,,,,0.0,,0.0,,0.0
,,,0.0486111119389534,,0.9140625,,,,,,,,,,,1.0,1.0,,,,,274,,,,0.0,,0.0,,0.0
,,,0.058492690324783325,,0.8661417365074158,,,,,,,,,,,1.0,1.0,,,,,275,,,,0.0,,0.0,,0.0
2,0.4497562050819397,0.38620302081108093,,0.868030309677124,,,,,,,,,,,,,,104.39437103271484,746502.5,4.6481757164001465,441.2647705078125,662,,,0.0,,0.0,,0.0,
2,,,,,,0.617669403553009,,0.9513285160064697,,16.68251609802246,,,,,,,,,,,,662,2.0872962474823,,,,,,,
,,,,,,,,,,,,,,0.03,0.0004,,,,,,,699,,,,,,,,
3,,,,,,,0.5902460813522339,,0.9142206907272339,,16.203125,0.00039999998989515007,0.029999999329447746,,,1.0,1.0,,,,,699,,2.3477234840393066,,,,,,
,,,,,,,,,,,,,,0.03,0.0004,,,,,,,749,,,,,,,,
3,,,,,,,0.5920687913894653,,0.8835726976394653,,14.578125,0.00039999998989515007,0.029999999329447746,,,1.0,1.0,,,,,749,,1.9224166870117188,,,,,,
,,,,,,,,,,,,,,0.03,0.0004,,,,,,,799,,,,,,,,
3,,,,,,,0.6027922034263611,,0.9021086096763611,,14.96875,0.00039999998989515007,0.029999999329447746,,,1.0,1.0,,,,,799,,2.3759000301361084,,,,,,
,,,,,,,,,,,,,,0.03,0.0004,,,,,,,849,,,,,,,,
3,,,,,,,0.5779683589935303,,0.8677632808685303,,14.484375,0.00039999998989515007,0.029999999329447746,,,1.0,1.0,,,,,849,,1.9112532138824463,,,,,,
,,,0.02421874925494194,,0.6875,,,,,,,,,,,1.0,1.0,,,,,276,,,,0.0,,0.0,,0.0
,,,0.0355902761220932,,0.734375,,,,,,,,,,,1.0,1.0,,,,,277,,,,0.0,,0.0,,0.0
,,,0.089475616812706,,0.8058305978775024,,,,,,,,,,,1.0,1.0,,,,,278,,,,0.0,,0.0,,0.0
,,,0.0714285746216774,,0.9609375,,,,,,,,,,,1.0,1.0,,,,,279,,,,0.0,,0.0,,0.0
,,,0.0703125,,0.9375,,,,,,,,,,,1.0,1.0,,,,,280,,,,0.0,,0.0,,0.0
,,,0.15785256028175354,,0.9407051205635071,,,,,,,,,,,1.0,1.0,,,,,281,,,,0.0,,0.0,,0.0
,,,0.0703125,,0.9375,,,,,,,,,,,1.0,1.0,,,,,282,,,,0.0,,0.0,,0.0
,,,0.0720486119389534,,0.96875,,,,,,,,,,,1.0,1.0,,,,,283,,,,0.0,,0.0,,0.0
,,,0.09653135389089584,,0.8855060338973999,,,,,,,,,,,1.0,1.0,,,,,284,,,,0.0,,0.0,,0.0
,,,0.0400390625,,0.8671875,,,,,,,,,,,1.0,1.0,,,,,285,,,,0.0,,0.0,,0.0
,,,0.02604166604578495,,0.84375,,,,,,,,,,,1.0,1.0,,,,,286,,,,0.0,,0.0,,0.0
,,,0.0416666679084301,,0.8671875,,,,,,,,,,,1.0,1.0,,,,,287,,,,0.0,,0.0,,0.0
,,,0.1062857136130333,,0.7893333435058594,,,,,,,,,,,1.0,1.0,,,,,288,,,,0.0,,0.0,,0.0
,,,0.083984375,,0.859375,,,,,,,,,,,1.0,1.0,,,,,289,,,,0.0,,0.0,,0.0
,,,0.0729166641831398,,0.859375,,,,,,,,,,,1.0,1.0,,,,,290,,,,0.0,,0.0,,0.0
,,,0.09626517444849014,,0.8604108095169067,,,,,,,,,,,1.0,1.0,,,,,291,,,,0.0,,0.0,,0.0
,,,0.02109375037252903,,0.8125,,,,,,,,,,,1.0,1.0,,,,,292,,,,0.0,,0.0,,0.0
,,,0.014843749813735485,,0.8203125,,,,,,,,,,,1.0,1.0,,,,,293,,,,0.0,,0.0,,0.0
,,,0.08177007734775543,,0.8685064911842346,,,,,,,,,,,1.0,1.0,,,,,294,,,,0.0,,0.0,,0.0
,,,0.05078125,,0.8984375,,,,,,,,,,,1.0,1.0,,,,,295,,,,0.0,,0.0,,0.0
,,,0.0439453125,,0.921875,,,,,,,,,,,1.0,1.0,,,,,296,,,,0.0,,0.0,,0.0
,,,0.12422166764736176,,0.9544209241867065,,,,,,,,,,,1.0,1.0,,,,,297,,,,0.0,,0.0,,0.0
,,,0.0607638880610466,,0.9765625,,,,,,,,,,,1.0,1.0,,,,,298,,,,0.0,,0.0,,0.0
,,,0.06093750149011612,,0.921875,,,,,,,,,,,1.0,1.0,,,,,299,,,,0.0,,0.0,,0.0
,,,0.12791462242603302,,0.9756157398223877,,,,,,,,,,,1.0,1.0,,,,,300,,,,0.0,,0.0,,0.0
,,,0.0576171875,,0.9453125,,,,,,,,,,,1.0,1.0,,,,,301,,,,0.0,,0.0,,0.0
,,,0.0390625,,0.96875,,,,,,,,,,,1.0,1.0,,,,,302,,,,0.0,,0.0,,0.0
,,,0.13783018290996552,,0.9650314450263977,,,,,,,,,,,1.0,1.0,,,,,303,,,,0.0,,0.0,,0.0
,,,0.0751953125,,0.953125,,,,,,,,,,,1.0,1.0,,,,,304,,,,0.0,,0.0,,0.0
,,,0.05859375,,0.953125,,,,,,,,,,,1.0,1.0,,,,,305,,,,0.0,,0.0,,0.0
,,,0.09143639355897903,,0.8136799335479736,,,,,,,,,,,1.0,1.0,,,,,306,,,,0.0,,0.0,,0.0
,,,0.02656250074505806,,0.6640625,,,,,,,,,,,1.0,1.0,,,,,307,,,,0.0,,0.0,,0.0
,,,0.03125,,0.7265625,,,,,,,,,,,1.0,1.0,,,,,308,,,,0.0,,0.0,,0.0
,,,0.08704433590173721,,0.8320196866989136,,,,,,,,,,,1.0,1.0,,,,,309,,,,0.0,,0.0,,0.0
,,,0.0714285746216774,,0.9609375,,,,,,,,,,,1.0,1.0,,,,,310,,,,0.0,,0.0,,0.0
,,,0.0613839291036129,,0.9296875,,,,,,,,,,,1.0,1.0,,,,,311,,,,0.0,,0.0,,0.0
,,,0.14169588685035706,,0.9298996925354004,,,,,,,,,,,1.0,1.0,,,,,312,,,,0.0,,0.0,,0.0
,,,0.06093750149011612,,0.96875,,,,,,,,,,,1.0,1.0,,,,,313,,,,0.0,,0.0,,0.0
,,,0.0729166641831398,,0.9609375,,,,,,,,,,,1.0,1.0,,,,,314,,,,0.0,,0.0,,0.0
,,,0.11230158805847168,,0.9072039127349854,,,,,,,,,,,1.0,1.0,,,,,315,,,,0.0,,0.0,,0.0
,,,0.0364583320915699,,0.84375,,,,,,,,,,,1.0,1.0,,,,,316,,,,0.0,,0.0,,0.0
,,,0.02777777798473835,,0.859375,,,,,,,,,,,1.0,1.0,,,,,317,,,,0.0,,0.0,,0.0
,,,0.14403408765792847,,0.8943182229995728,,,,,,,,,,,1.0,1.0,,,,,318,,,,0.0,,0.0,,0.0
,,,0.0859375,,0.8828125,,,,,,,,,,,1.0,1.0,,,,,319,,,,0.0,,0.0,,0.0
,,,0.083984375,,0.8984375,,,,,,,,,,,1.0,1.0,,,,,320,,,,0.0,,0.0,,0.0
,,,0.08010011911392212,,0.8319774866104126,,,,,,,,,,,1.0,1.0,,,,,321,,,,0.0,,0.0,,0.0
,,,0.01875000074505806,,0.78125,,,,,,,,,,,1.0,1.0,,,,,322,,,,0.0,,0.0,,0.0
,,,0.01875000074505806,,0.8046875,,,,,,,,,,,1.0,1.0,,,,,323,,,,0.0,,0.0,,0.0
,,,0.0234375,,0.8125,,,,,,,,,,,1.0,1.0,,,,,324,,,,0.0,,0.0,,0.0
,,,0.04636920616030693,,0.4645669162273407,,,,,,,,,,,1.0,1.0,,,,,325,,,,0.0,,0.0,,0.0
,,,0.0458984375,,0.90625,,,,,,,,,,,1.0,1.0,,,,,326,,,,0.0,,0.0,,0.0
,,,0.0439453125,,0.9375,,,,,,,,,,,1.0,1.0,,,,,327,,,,0.0,,0.0,,0.0
,,,0.11278735101222992,,0.982758641242981,,,,,,,,,,,1.0,1.0,,,,,328,,,,0.0,,0.0,,0.0
,,,0.05781250074505806,,0.9453125,,,,,,,,,,,1.0,1.0,,,,,329,,,,0.0,,0.0,,0.0
,,,0.0694444477558136,,0.9609375,,,,,,,,,,,1.0,1.0,,,,,330,,,,0.0,,0.0,,0.0
,,,0.1245691254734993,,0.9517785310745239,,,,,,,,,,,1.0,1.0,,,,,331,,,,0.0,,0.0,,0.0
,,,0.0425347238779068,,0.9765625,,,,,,,,,,,1.0,1.0,,,,,332,,,,0.0,,0.0,,0.0
,,,0.0494791679084301,,0.9609375,,,,,,,,,,,1.0,1.0,,,,,333,,,,0.0,,0.0,,0.0
,,,0.1263020932674408,,0.953125,,,,,,,,,,,1.0,1.0,,,,,334,,,,0.0,,0.0,,0.0
,,,0.0693359375,,0.96875,,,,,,,,,,,1.0,1.0,,,,,335,,,,0.0,,0.0,,0.0
,,,0.0590277761220932,,0.9453125,,,,,,,,,,,1.0,1.0,,,,,336,,,,0.0,,0.0,,0.0
,,,0.08632336556911469,,0.8253045082092285,,,,,,,,,,,1.0,1.0,,,,,337,,,,0.0,,0.0,,0.0
,,,0.02421874925494194,,0.671875,,,,,,,,,,,1.0,1.0,,,,,338,,,,0.0,,0.0,,0.0
,,,0.03359375149011612,,0.7265625,,,,,,,,,,,1.0,1.0,,,,,339,,,,0.0,,0.0,,0.0
,,,0.08377581089735031,,0.8533923625946045,,,,,,,,,,,1.0,1.0,,,,,340,,,,0.0,,0.0,,0.0
,,,0.0703125,,0.9375,,,,,,,,,,,1.0,1.0,,,,,341,,,,0.0,,0.0,,0.0
,,,0.0703125,,0.953125,,,,,,,,,,,1.0,1.0,,,,,342,,,,0.0,,0.0,,0.0
,,,0.11080808937549591,,0.9171717166900635,,,,,,,,,,,1.0,1.0,,,,,343,,,,0.0,,0.0,,0.0
,,,0.0711805522441864,,0.9765625,,,,,,,,,,,1.0,1.0,,,,,344,,,,0.0,,0.0,,0.0
,,,0.0711805522441864,,0.9453125,,,,,,,,,,,1.0,1.0,,,,,345,,,,0.0,,0.0,,0.0
,,,0.12731480598449707,,0.9259259700775146,,,,,,,,,,,1.0,1.0,,,,,346,,,,0.0,,0.0,,0.0
,,,0.0303819440305233,,0.84375,,,,,,,,,,,1.0,1.0,,,,,347,,,,0.0,,0.0,,0.0
,,,0.0329861119389534,,0.859375,,,,,,,,,,,1.0,1.0,,,,,348,,,,0.0,,0.0,,0.0
,,,0.14082998037338257,,0.8800535202026367,,,,,,,,,,,1.0,1.0,,,,,349,,,,0.0,,0.0,,0.0
,,,0.0993303582072258,,0.8828125,,,,,,,,,,,1.0,1.0,,,,,350,,,,0.0,,0.0,,0.0
,,,0.083984375,,0.8828125,,,,,,,,,,,1.0,1.0,,,,,351,,,,0.0,,0.0,,0.0
,,,0.08225108683109283,,0.8208556175231934,,,,,,,,,,,1.0,1.0,,,,,352,,,,0.0,,0.0,,0.0
,,,0.01796874962747097,,0.765625,,,,,,,,,,,1.0,1.0,,,,,353,,,,0.0,,0.0,,0.0
,,,0.01328125037252903,,0.8203125,,,,,,,,,,,1.0,1.0,,,,,354,,,,0.0,,0.0,,0.0
,,,0.07796235382556915,,0.8538205623626709,,,,,,,,,,,1.0,1.0,,,,,355,,,,0.0,,0.0,,0.0
,,,0.06640625,,0.9140625,,,,,,,,,,,1.0,1.0,,,,,356,,,,0.0,,0.0,,0.0
,,,0.037109375,,0.9296875,,,,,,,,,,,1.0,1.0,,,,,357,,,,0.0,,0.0,,0.0
,,,0.1417110115289688,,0.9580977559089661,,,,,,,,,,,1.0,1.0,,,,,358,,,,0.0,,0.0,,0.0
,,,0.0581597238779068,,0.9765625,,,,,,,,,,,1.0,1.0,,,,,359,,,,0.0,,0.0,,0.0
,,,0.06093750149011612,,0.9140625,,,,,,,,,,,1.0,1.0,,,,,360,,,,0.0,,0.0,,0.0
,,,0.1428571343421936,,0.9910714626312256,,,,,,,,,,,1.0,1.0,,,,,361,,,,0.0,,0.0,,0.0
,,,0.0503472238779068,,0.9453125,,,,,,,,,,,1.0,1.0,,,,,362,,,,0.0,,0.0,,0.0
,,,0.0434027761220932,,0.9609375,,,,,,,,,,,1.0,1.0,,,,,363,,,,0.0,,0.0,,0.0
,,,0.12266899645328522,,0.8962703943252563,,,,,,,,,,,1.0,1.0,,,,,364,,,,0.0,,0.0,,0.0
,,,0.0837053582072258,,0.9609375,,,,,,,,,,,1.0,1.0,,,,,365,,,,0.0,,0.0,,0.0
,,,0.0572916679084301,,0.9609375,,,,,,,,,,,1.0,1.0,,,,,366,,,,0.0,,0.0,,0.0
,,,0.06561680138111115,,0.9448819160461426,,,,,,,,,,,1.0,1.0,,,,,367,,,,0.0,,0.0,,0.0
3,0.4975755512714386,0.4603113830089569,,0.8939801454544067,,,,,,,,,,,,,,108.50882720947266,273458.1875,4.686831474304199,457.1416015625,883,,,0.0,,0.0,,0.0,
3,,,,,,0.6001129150390625,,0.8894680142402649,,14.468219757080078,,,,,,,,,,,,883,2.0561249256134033,,,,,,,
,,,,,,,,,,,,,,0.03,0.0004,,,,,,,899,,,,,,,,
4,,,,,,,0.5831063389778137,,0.8589852452278137,,13.7890625,0.00039999998989515007,0.029999999329447746,,,1.0,1.0,,,,,899,,2.034722328186035,,,,,,
,,,,,,,,,,,,,,0.03,0.0004,,,,,,,949,,,,,,,,
4,,,,,,,0.5938045978546143,,0.8699276447296143,,13.8046875,0.00039999998989515007,0.029999999329447746,,,1.0,1.0,,,,,949,,1.6007786989212036,,,,,,
,,,,,,,,,,,,,,0.03,0.0004,,,,,,,999,,,,,,,,
4,,,,,,,0.5715072154998779,,0.8366439342498779,,13.2578125,0.00039999998989515007,0.029999999329447746,,,1.0,1.0,,,,,999,,1.8522485494613647,,,,,,
,,,,,,,,,,,,,,0.03,0.0004,,,,,,,1049,,,,,,,,
4,,,,,,,0.5811392068862915,,0.8260122537612915,,12.2421875,0.00039999998989515007,0.029999999329447746,,,1.0,1.0,,,,,1049,,1.8902043104171753,,,,,,
,,,,,,,,,,,,,,0.03,0.0004,,,,,,,1099,,,,,,,,
4,,,,,,,0.5580036640167236,,0.8241169452667236,,13.3046875,0.00039999998989515007,0.029999999329447746,,,1.0,1.0,,,,,1099,,1.9465012550354004,,,,,,
,,,0.02734375,,0.71875,,,,,,,,,,,1.0,1.0,,,,,368,,,,0.0,,0.0,,0.0
,,,0.03515625,,0.7890625,,,,,,,,,,,1.0,1.0,,,,,369,,,,0.0,,0.0,,0.0
,,,0.09908324480056763,,0.8874220848083496,,,,,,,,,,,1.0,1.0,,,,,370,,,,0.0,,0.0,,0.0
,,,0.0755208358168602,,0.9765625,,,,,,,,,,,1.0,1.0,,,,,371,,,,0.0,,0.0,,0.0
,,,0.0772569477558136,,0.953125,,,,,,,,,,,1.0,1.0,,,,,372,,,,0.0,,0.0,,0.0
,,,0.09647436439990997,,0.9134615659713745,,,,,,,,,,,1.0,1.0,,,,,373,,,,0.0,,0.0,,0.0
,,,0.02812499925494194,,0.96875,,,,,,,,,,,1.0,1.0,,,,,374,,,,0.0,,0.0,,0.0
,,,0.02812499925494194,,0.9453125,,,,,,,,,,,1.0,1.0,,,,,375,,,,0.0,,0.0,,0.0
,,,0.06689536571502686,,0.8893653154373169,,,,,,,,,,,1.0,1.0,,,,,376,,,,0.0,,0.0,,0.0
,,,0.0390625,,0.9296875,,,,,,,,,,,1.0,1.0,,,,,377,,,,0.0,,0.0,,0.0
,,,0.03125,,0.921875,,,,,,,,,,,1.0,1.0,,,,,378,,,,0.0,,0.0,,0.0
,,,0.04218750074505806,,0.8984375,,,,,,,,,,,1.0,1.0,,,,,379,,,,0.0,,0.0,,0.0
,,,0.1268148124217987,,0.8213333487510681,,,,,,,,,,,1.0,1.0,,,,,380,,,,0.0,,0.0,,0.0
,,,0.0842013880610466,,0.9609375,,,,,,,,,,,1.0,1.0,,,,,381,,,,0.0,,0.0,,0.0
,,,0.07187499850988388,,0.953125,,,,,,,,,,,1.0,1.0,,,,,382,,,,0.0,,0.0,,0.0
,,,0.19596171379089355,,0.9915966391563416,,,,,,,,,,,1.0,1.0,,,,,383,,,,0.0,,0.0,,0.0
,,,0.10546875,,0.96875,,,,,,,,,,,1.0,1.0,,,,,384,,,,0.0,,0.0,,0.0
,,,0.1025390625,,0.953125,,,,,,,,,,,1.0,1.0,,,,,385,,,,0.0,,0.0,,0.0
,,,0.1295454502105713,,0.959956705570221,,,,,,,,,,,1.0,1.0,,,,,386,,,,0.0,,0.0,,0.0
,,,0.0654296875,,0.9453125,,,,,,,,,,,1.0,1.0,,,,,387,,,,0.0,,0.0,,0.0
,,,0.0512152761220932,,0.96875,,,,,,,,,,,1.0,1.0,,,,,388,,,,0.0,,0.0,,0.0
,,,0.09818735718727112,,0.9201743602752686,,,,,,,,,,,1.0,1.0,,,,,389,,,,0.0,,0.0,,0.0
,,,0.0338541679084301,,0.8515625,,,,,,,,,,,1.0,1.0,,,,,390,,,,0.0,,0.0,,0.0
,,,0.0338541679084301,,0.828125,,,,,,,,,,,1.0,1.0,,,,,391,,,,0.0,,0.0,,0.0
,,,0.079255610704422,,0.9241379499435425,,,,,,,,,,,1.0,1.0,,,,,392,,,,0.0,,0.0,,0.0
,,,0.0458984375,,0.96875,,,,,,,,,,,1.0,1.0,,,,,393,,,,0.0,,0.0,,0.0
,,,0.03671874850988388,,0.9375,,,,,,,,,,,1.0,1.0,,,,,394,,,,0.0,,0.0,,0.0
,,,0.14609163999557495,,0.9233962297439575,,,,,,,,,,,1.0,1.0,,,,,395,,,,0.0,,0.0,,0.0
,,,0.0993303582072258,,0.9609375,,,,,,,,,,,1.0,1.0,,,,,396,,,,0.0,,0.0,,0.0
,,,0.0598958320915699,,0.9453125,,,,,,,,,,,1.0,1.0,,,,,397,,,,0.0,,0.0,,0.0
,,,0.09262806177139282,,0.8251709938049316,,,,,,,,,,,1.0,1.0,,,,,398,,,,0.0,,0.0,,0.0
,,,0.0361328125,,0.7265625,,,,,,,,,,,1.0,1.0,,,,,399,,,,0.0,,0.0,,0.0
,,,0.03125,,0.8203125,,,,,,,,,,,1.0,1.0,,,,,400,,,,0.0,,0.0,,0.0
,,,0.10684181749820709,,0.8564039468765259,,,,,,,,,,,1.0,1.0,,,,,401,,,,0.0,,0.0,,0.0
,,,0.078125,,0.953125,,,,,,,,,,,1.0,1.0,,,,,402,,,,0.0,,0.0,,0.0
,,,0.0755208358168602,,0.96875,,,,,,,,,,,1.0,1.0,,,,,403,,,,0.0,,0.0,,0.0
,,,0.10212869942188263,,0.9462931156158447,,,,,,,,,,,1.0,1.0,,,,,404,,,,0.0,,0.0,,0.0
,,,0.0347222238779068,,0.984375,,,,,,,,,,,1.0,1.0,,,,,405,,,,0.0,,0.0,,0.0
,,,0.02777777798473835,,0.921875,,,,,,,,,,,1.0,1.0,,,,,406,,,,0.0,,0.0,,0.0
,,,0.06069733202457428,,0.9067155122756958,,,,,,,,,,,1.0,1.0,,,,,407,,,,0.0,,0.0,,0.0
,,,0.0434027761220932,,0.90625,,,,,,,,,,,1.0,1.0,,,,,408,,,,0.0,,0.0,,0.0
,,,0.03359375149011612,,0.9453125,,,,,,,,,,,1.0,1.0,,,,,409,,,,0.0,,0.0,,0.0
,,,0.13712121546268463,,0.9193181991577148,,,,,,,,,,,1.0,1.0,,,,,410,,,,0.0,,0.0,,0.0
,,,0.0859375,,0.96875,,,,,,,,,,,1.0,1.0,,,,,411,,,,0.0,,0.0,,0.0
,,,0.07656250149011612,,0.9609375,,,,,,,,,,,1.0,1.0,,,,,412,,,,0.0,,0.0,,0.0
,,,0.14881101250648499,,0.978723406791687,,,,,,,,,,,1.0,1.0,,,,,413,,,,0.0,,0.0,,0.0
,,,0.0876736119389534,,0.984375,,,,,,,,,,,1.0,1.0,,,,,414,,,,0.0,,0.0,,0.0
,,,0.0885416641831398,,0.953125,,,,,,,,,,,1.0,1.0,,,,,415,,,,0.0,,0.0,,0.0
,,,0.08203125,,0.9375,,,,,,,,,,,1.0,1.0,,,,,416,,,,0.0,,0.0,,0.0
,,,0.14803150296211243,,0.9763779640197754,,,,,,,,,,,1.0,1.0,,,,,417,,,,0.0,,0.0,,0.0
,,,0.0572916679084301,,0.953125,,,,,,,,,,,1.0,1.0,,,,,418,,,,0.0,,0.0,,0.0
,,,0.0512152761220932,,0.9609375,,,,,,,,,,,1.0,1.0,,,,,419,,,,0.0,,0.0,,0.0
,,,0.078224778175354,,0.9396551847457886,,,,,,,,,,,1.0,1.0,,,,,420,,,,0.0,,0.0,,0.0
,,,0.0364583320915699,,0.828125,,,,,,,,,,,1.0,1.0,,,,,421,,,,0.0,,0.0,,0.0
,,,0.03671874850988388,,0.8828125,,,,,,,,,,,1.0,1.0,,,,,422,,,,0.0,,0.0,,0.0
,,,0.06626328825950623,,0.9196919798851013,,,,,,,,,,,1.0,1.0,,,,,423,,,,0.0,,0.0,,0.0
,,,0.0434027761220932,,0.96875,,,,,,,,,,,1.0,1.0,,,,,424,,,,0.0,,0.0,,0.0
,,,0.0451388880610466,,0.9453125,,,,,,,,,,,1.0,1.0,,,,,425,,,,0.0,,0.0,,0.0
,,,0.1458333283662796,,0.9270833730697632,,,,,,,,,,,1.0,1.0,,,,,426,,,,0.0,,0.0,,0.0
,,,0.078125,,0.9375,,,,,,,,,,,1.0,1.0,,,,,427,,,,0.0,,0.0,,0.0
,,,0.0703125,,0.9296875,,,,,,,,,,,1.0,1.0,,,,,428,,,,0.0,,0.0,,0.0
,,,0.11240310221910477,,0.842746376991272,,,,,,,,,,,1.0,1.0,,,,,429,,,,0.0,,0.0,,0.0
,,,0.029296875,,0.734375,,,,,,,,,,,1.0,1.0,,,,,430,,,,0.0,,0.0,,0.0
,,,0.03125,,0.8125,,,,,,,,,,,1.0,1.0,,,,,431,,,,0.0,,0.0,,0.0
,,,0.11274991929531097,,0.8911504745483398,,,,,,,,,,,1.0,1.0,,,,,432,,,,0.0,,0.0,,0.0
,,,0.0798611119389534,,0.9453125,,,,,,,,,,,1.0,1.0,,,,,433,,,,0.0,,0.0,,0.0
,,,0.0755208358168602,,0.9765625,,,,,,,,,,,1.0,1.0,,,,,434,,,,0.0,,0.0,,0.0
,,,0.0939393937587738,,0.9449495077133179,,,,,,,,,,,1.0,1.0,,,,,435,,,,0.0,,0.0,,0.0
,,,0.0373263880610466,,0.984375,,,,,,,,,,,1.0,1.0,,,,,436,,,,0.0,,0.0,,0.0
,,,0.0243055559694767,,0.890625,,,,,,,,,,,1.0,1.0,,,,,437,,,,0.0,,0.0,,0.0
,,,0.07695472985506058,,0.9444444179534912,,,,,,,,,,,1.0,1.0,,,,,438,,,,0.0,,0.0,,0.0
,,,0.0338541679084301,,0.9296875,,,,,,,,,,,1.0,1.0,,,,,439,,,,0.0,,0.0,,0.0
,,,0.0425347238779068,,0.9140625,,,,,,,,,,,1.0,1.0,,,,,440,,,,0.0,,0.0,,0.0
,,,0.14288264513015747,,0.8990629315376282,,,,,,,,,,,1.0,1.0,,,,,441,,,,0.0,,0.0,,0.0
,,,0.0859375,,0.96875,,,,,,,,,,,1.0,1.0,,,,,442,,,,0.0,,0.0,,0.0
,,,0.09375,,0.953125,,,,,,,,,,,1.0,1.0,,,,,443,,,,0.0,,0.0,,0.0
,,,0.1452508270740509,,0.9738986492156982,,,,,,,,,,,1.0,1.0,,,,,444,,,,0.0,,0.0,,0.0
,,,0.09765625,,0.9765625,,,,,,,,,,,1.0,1.0,,,,,445,,,,0.0,,0.0,,0.0
,,,0.0885416641831398,,0.9453125,,,,,,,,,,,1.0,1.0,,,,,446,,,,0.0,,0.0,,0.0
,,,0.13017718493938446,,0.9532115459442139,,,,,,,,,,,1.0,1.0,,,,,447,,,,0.0,,0.0,,0.0
,,,0.0546875,,0.9453125,,,,,,,,,,,1.0,1.0,,,,,448,,,,0.0,,0.0,,0.0
,,,0.0538194440305233,,0.96875,,,,,,,,,,,1.0,1.0,,,,,449,,,,0.0,,0.0,,0.0
,,,0.10789638757705688,,0.9580977559089661,,,,,,,,,,,1.0,1.0,,,,,450,,,,0.0,,0.0,,0.0
,,,0.0364583320915699,,0.84375,,,,,,,,,,,1.0,1.0,,,,,451,,,,0.0,,0.0,,0.0
,,,0.03359375149011612,,0.84375,,,,,,,,,,,1.0,1.0,,,,,452,,,,0.0,,0.0,,0.0
,,,0.0848214328289032,,0.9553571343421936,,,,,,,,,,,1.0,1.0,,,,,453,,,,0.0,,0.0,,0.0
,,,0.0364583320915699,,0.953125,,,,,,,,,,,1.0,1.0,,,,,454,,,,0.0,,0.0,,0.0
,,,0.052734375,,0.9453125,,,,,,,,,,,1.0,1.0,,,,,455,,,,0.0,,0.0,,0.0
,,,0.11344210803508759,,0.8877233862876892,,,,,,,,,,,1.0,1.0,,,,,456,,,,0.0,,0.0,,0.0
,,,0.09375,,0.9296875,,,,,,,,,,,1.0,1.0,,,,,457,,,,0.0,,0.0,,0.0
,,,0.0651041641831398,,0.9296875,,,,,,,,,,,1.0,1.0,,,,,458,,,,0.0,,0.0,,0.0
,,,0.07677165418863297,,0.9448819160461426,,,,,,,,,,,1.0,1.0,,,,,459,,,,0.0,,0.0,,0.0
4,0.5382269620895386,0.49800366163253784,,0.9215532541275024,,,,,,,,,,,,,,109.62781524658203,145324.640625,4.697091102600098,465.9473571777344,1104,,,0.0,,0.0,,0.0,
4,,,,,,0.5766021013259888,,0.8427971601486206,,13.309637069702148,,,,,,,,,,,,1104,1.822367548942566,,,,,,,
,,,,,,,,,,,,,,0.03,0.0004,,,,,,,1149,,,,,,,,
5,,,,,,,0.5842865705490112,,0.8433197736740112,,12.953125,0.00039999998989515007,0.029999999329447746,,,1.0,1.0,,,,,1149,,1.838053584098816,,,,,,
,,,,,,,,,,,,,,0.03,0.0004,,,,,,,1199,,,,,,,,
5,,,,,,,0.5691339373588562,,0.8169366717338562,,12.390625,0.00039999998989515007,0.029999999329447746,,,1.0,1.0,,,,,1199,,1.6561086177825928,,,,,,
,,,,,,,,,,,,,,0.03,0.0004,,,,,,,1249,,,,,,,,
5,,,,,,,0.5372302532196045,,0.7733142375946045,,11.8046875,0.00039999998989515007,0.029999999329447746,,,1.0,1.0,,,,,1249,,1.5493165254592896,,,,,,
,,,,,,,,,,,,,,0.03,0.0004,,,,,,,1299,,,,,,,,
5,,,,,,,0.5332013368606567,,0.7858868837356567,,12.6328125,0.00039999998989515007,0.029999999329447746,,,1.0,1.0,,,,,1299,,1.669670581817627,,,,,,
,,,0.0789930522441864,,0.9140625,,,,,,,,,,,1.0,1.0,,,,,460,,,,0.0,,0.0,,0.0
,,,0.0993303582072258,,0.984375,,,,,,,,,,,1.0,1.0,,,,,461,,,,0.0,,0.0,,0.0
,,,0.15629711747169495,,0.9481114745140076,,,,,,,,,,,1.0,1.0,,,,,462,,,,0.0,,0.0,,0.0
,,,0.0625,,0.9609375,,,,,,,,,,,1.0,1.0,,,,,463,,,,0.0,,0.0,,0.0
,,,0.08203125,,0.9296875,,,,,,,,,,,1.0,1.0,,,,,464,,,,0.0,,0.0,,0.0
,,,0.10288461297750473,,0.9503204822540283,,,,,,,,,,,1.0,1.0,,,,,465,,,,0.0,,0.0,,0.0
,,,0.05624999850988388,,1.0,,,,,,,,,,,1.0,1.0,,,,,466,,,,0.0,,0.0,,0.0
,,,0.0616319440305233,,1.0,,,,,,,,,,,1.0,1.0,,,,,467,,,,0.0,,0.0,,0.0
,,,0.12921670079231262,,0.9584047794342041,,,,,,,,,,,1.0,1.0,,,,,468,,,,0.0,,0.0,,0.0
,,,0.0833333358168602,,0.9921875,,,,,,,,,,,1.0,1.0,,,,,469,,,,0.0,,0.0,,0.0
,,,0.0746527761220932,,0.9921875,,,,,,,,,,,1.0,1.0,,,,,470,,,,0.0,,0.0,,0.0
,,,0.07265625149011612,,0.984375,,,,,,,,,,,1.0,1.0,,,,,471,,,,0.0,,0.0,,0.0
,,,0.17733332514762878,,0.8013333082199097,,,,,,,,,,,1.0,1.0,,,,,472,,,,0.0,,0.0,,0.0
,,,0.0993303582072258,,0.9375,,,,,,,,,,,1.0,1.0,,,,,473,,,,0.0,,0.0,,0.0
,,,0.0729166641831398,,0.9296875,,,,,,,,,,,1.0,1.0,,,,,474,,,,0.0,,0.0,,0.0
,,,0.14171594381332397,,0.9285714626312256,,,,,,,,,,,1.0,1.0,,,,,475,,,,0.0,,0.0,,0.0
,,,0.056640625,,0.84375,,,,,,,,,,,1.0,1.0,,,,,476,,,,0.0,,0.0,,0.0
,,,0.0407986119389534,,0.84375,,,,,,,,,,,1.0,1.0,,,,,477,,,,0.0,,0.0,,0.0
,,,0.0892857164144516,,0.8495670557022095,,,,,,,,,,,1.0,1.0,,,,,478,,,,0.0,,0.0,,0.0
,,,0.0442708320915699,,0.890625,,,,,,,,,,,1.0,1.0,,,,,479,,,,0.0,,0.0,,0.0
,,,0.03671874850988388,,0.890625,,,,,,,,,,,1.0,1.0,,,,,480,,,,0.0,,0.0,,0.0
,,,0.0724283903837204,,0.8927770853042603,,,,,,,,,,,1.0,1.0,,,,,481,,,,0.0,,0.0,,0.0
,,,0.03515625,,0.6875,,,,,,,,,,,1.0,1.0,,,,,482,,,,0.0,,0.0,,0.0
,,,0.0364583320915699,,0.7421875,,,,,,,,,,,1.0,1.0,,,,,483,,,,0.0,,0.0,,0.0
,,,0.0883251205086708,,0.8497536778450012,,,,,,,,,,,1.0,1.0,,,,,484,,,,0.0,,0.0,,0.0
,,,0.0668402761220932,,0.9765625,,,,,,,,,,,1.0,1.0,,,,,485,,,,0.0,,0.0,,0.0
,,,0.0668402761220932,,0.9609375,,,,,,,,,,,1.0,1.0,,,,,486,,,,0.0,,0.0,,0.0
,,,0.1716442108154297,,0.9450314044952393,,,,,,,,,,,1.0,1.0,,,,,487,,,,0.0,,0.0,,0.0
,,,0.0803571417927742,,0.953125,,,,,,,,,,,1.0,1.0,,,,,488,,,,0.0,,0.0,,0.0
,,,0.046875,,0.9296875,,,,,,,,,,,1.0,1.0,,,,,489,,,,0.0,,0.0,,0.0
,,,0.17534199357032776,,0.9474692344665527,,,,,,,,,,,1.0,1.0,,,,,490,,,,0.0,,0.0,,0.0
,,,0.0772569477558136,,0.921875,,,,,,,,,,,1.0,1.0,,,,,491,,,,0.0,,0.0,,0.0
,,,0.0859375,,0.9765625,,,,,,,,,,,1.0,1.0,,,,,492,,,,0.0,,0.0,,0.0
,,,0.1429665982723236,,0.9455665349960327,,,,,,,,,,,1.0,1.0,,,,,493,,,,0.0,,0.0,,0.0
,,,0.0694444477558136,,0.9453125,,,,,,,,,,,1.0,1.0,,,,,494,,,,0.0,,0.0,,0.0
,,,0.0668402761220932,,0.9296875,,,,,,,,,,,1.0,1.0,,,,,495,,,,0.0,,0.0,,0.0
,,,0.11526792496442795,,0.9515537023544312,,,,,,,,,,,1.0,1.0,,,,,496,,,,0.0,,0.0,,0.0
,,,0.0642361119389534,,1.0,,,,,,,,,,,1.0,1.0,,,,,497,,,,0.0,,0.0,,0.0
,,,0.0564236119389534,,0.9765625,,,,,,,,,,,1.0,1.0,,,,,498,,,,0.0,,0.0,,0.0
,,,0.12324786931276321,,0.9766788482666016,,,,,,,,,,,1.0,1.0,,,,,499,,,,0.0,,0.0,,0.0
,,,0.0789930522441864,,1.0,,,,,,,,,,,1.0,1.0,,,,,500,,,,0.0,,0.0,,0.0
,,,0.06484375149011612,,0.9921875,,,,,,,,,,,1.0,1.0,,,,,501,,,,0.0,,0.0,,0.0
,,,0.14045454561710358,,0.9579545259475708,,,,,,,,,,,1.0,1.0,,,,,502,,,,0.0,,0.0,,0.0
,,,0.1071428582072258,,0.9375,,,,,,,,,,,1.0,1.0,,,,,503,,,,0.0,,0.0,,0.0
,,,0.09375,,0.9375,,,,,,,,,,,1.0,1.0,,,,,504,,,,0.0,,0.0,,0.0
,,,0.1076345443725586,,0.8945556879043579,,,,,,,,,,,1.0,1.0,,,,,505,,,,0.0,,0.0,,0.0
,,,0.0613839291036129,,0.84375,,,,,,,,,,,1.0,1.0,,,,,506,,,,0.0,,0.0,,0.0
,,,0.0498046875,,0.859375,,,,,,,,,,,1.0,1.0,,,,,507,,,,0.0,,0.0,,0.0
,,,0.0669642835855484,,0.84375,,,,,,,,,,,1.0,1.0,,,,,508,,,,0.0,,0.0,,0.0
,,,0.040244970470666885,,0.9291338920593262,,,,,,,,,,,1.0,1.0,,,,,509,,,,0.0,,0.0,,0.0
,,,0.03828125074505806,,0.8984375,,,,,,,,,,,1.0,1.0,,,,,510,,,,0.0,,0.0,,0.0
,,,0.03515625,,0.921875,,,,,,,,,,,1.0,1.0,,,,,511,,,,0.0,,0.0,,0.0
,,,0.06609195470809937,,0.8793103694915771,,,,,,,,,,,1.0,1.0,,,,,512,,,,0.0,,0.0,,0.0
,,,0.03750000149011612,,0.71875,,,,,,,,,,,1.0,1.0,,,,,513,,,,0.0,,0.0,,0.0
,,,0.0355902761220932,,0.7890625,,,,,,,,,,,1.0,1.0,,,,,514,,,,0.0,,0.0,,0.0
,,,0.08705537021160126,,0.8406673669815063,,,,,,,,,,,1.0,1.0,,,,,515,,,,0.0,,0.0,,0.0
,,,0.0711805522441864,,0.9765625,,,,,,,,,,,1.0,1.0,,,,,516,,,,0.0,,0.0,,0.0
,,,0.0651041641831398,,0.953125,,,,,,,,,,,1.0,1.0,,,,,517,,,,0.0,,0.0,,0.0
,,,0.1497395932674408,,0.9375,,,,,,,,,,,1.0,1.0,,,,,518,,,,0.0,,0.0,,0.0
,,,0.068359375,,0.9375,,,,,,,,,,,1.0,1.0,,,,,519,,,,0.0,,0.0,,0.0
,,,0.064453125,,0.953125,,,,,,,,,,,1.0,1.0,,,,,520,,,,0.0,,0.0,,0.0
,,,0.1502399444580078,,0.9534883499145508,,,,,,,,,,,1.0,1.0,,,,,521,,,,0.0,,0.0,,0.0
,,,0.0763888880610466,,0.953125,,,,,,,,,,,1.0,1.0,,,,,522,,,,0.0,,0.0,,0.0
,,,0.1015625,,0.96875,,,,,,,,,,,1.0,1.0,,,,,523,,,,0.0,,0.0,,0.0
,,,0.14192068576812744,,0.9356932044029236,,,,,,,,,,,1.0,1.0,,,,,524,,,,0.0,,0.0,,0.0
,,,0.0948660746216774,,0.9375,,,,,,,,,,,1.0,1.0,,,,,525,,,,0.0,,0.0,,0.0
,,,0.0694444477558136,,0.9296875,,,,,,,,,,,1.0,1.0,,,,,526,,,,0.0,,0.0,,0.0
,,,0.1204264834523201,,0.9121211767196655,,,,,,,,,,,1.0,1.0,,,,,527,,,,0.0,,0.0,,0.0
,,,0.0633680522441864,,1.0,,,,,,,,,,,1.0,1.0,,,,,528,,,,0.0,,0.0,,0.0
,,,0.0654296875,,0.96875,,,,,,,,,,,1.0,1.0,,,,,529,,,,0.0,,0.0,,0.0
,,,0.12222221493721008,,0.9907407760620117,,,,,,,,,,,1.0,1.0,,,,,530,,,,0.0,,0.0,,0.0
,,,0.0746527761220932,,1.0,,,,,,,,,,,1.0,1.0,,,,,531,,,,0.0,,0.0,,0.0
,,,0.07109375298023224,,0.984375,,,,,,,,,,,1.0,1.0,,,,,532,,,,0.0,,0.0,,0.0
,,,0.1570727378129959,,0.9647924900054932,,,,,,,,,,,1.0,1.0,,,,,533,,,,0.0,,0.0,,0.0
,,,0.14531250298023224,,0.9296875,,,,,,,,,,,1.0,1.0,,,,,534,,,,0.0,,0.0,,0.0
,,,0.0849609375,,0.9375,,,,,,,,,,,1.0,1.0,,,,,535,,,,0.0,,0.0,,0.0
,,,0.10432900488376617,,0.8958492279052734,,,,,,,,,,,1.0,1.0,,,,,536,,,,0.0,,0.0,,0.0
,,,0.0602678582072258,,0.828125,,,,,,,,,,,1.0,1.0,,,,,537,,,,0.0,,0.0,,0.0
,,,0.0451388880610466,,0.8671875,,,,,,,,,,,1.0,1.0,,,,,538,,,,0.0,,0.0,,0.0
,,,0.08338870108127594,,0.8828903436660767,,,,,,,,,,,1.0,1.0,,,,,539,,,,0.0,,0.0,,0.0
,,,0.0425347238779068,,0.859375,,,,,,,,,,,1.0,1.0,,,,,540,,,,0.0,,0.0,,0.0
,,,0.03593749925494194,,0.8984375,,,,,,,,,,,1.0,1.0,,,,,541,,,,0.0,,0.0,,0.0
,,,0.09270960092544556,,0.9368140697479248,,,,,,,,,,,1.0,1.0,,,,,542,,,,0.0,,0.0,,0.0
,,,0.03281249850988388,,0.7421875,,,,,,,,,,,1.0,1.0,,,,,543,,,,0.0,,0.0,,0.0
,,,0.03359375149011612,,0.71875,,,,,,,,,,,1.0,1.0,,,,,544,,,,0.0,,0.0,,0.0
,,,0.10625000298023224,,0.8526785373687744,,,,,,,,,,,1.0,1.0,,,,,545,,,,0.0,,0.0,,0.0
,,,0.072265625,,0.9609375,,,,,,,,,,,1.0,1.0,,,,,546,,,,0.0,,0.0,,0.0
,,,0.0668402761220932,,0.9609375,,,,,,,,,,,1.0,1.0,,,,,547,,,,0.0,,0.0,,0.0
,,,0.15753690898418427,,0.8877233862876892,,,,,,,,,,,1.0,1.0,,,,,548,,,,0.0,,0.0,,0.0
,,,0.06640625,,0.9609375,,,,,,,,,,,1.0,1.0,,,,,549,,,,0.0,,0.0,,0.0
,,,0.0581597238779068,,0.9296875,,,,,,,,,,,1.0,1.0,,,,,550,,,,0.0,,0.0,,0.0
,,,0.06561680138111115,,0.9527559280395508,,,,,,,,,,,1.0,1.0,,,,,551,,,,0.0,,0.0,,0.0
5,0.5718348026275635,0.5551722049713135,,0.9198297262191772,,,,,,,,,,,,,,109.86450958251953,120090.1875,4.69924783706665,466.9153137207031,1325,,,0.0,,0.0,,0.0,
5,,,,,,0.5552006959915161,,0.8073136210441589,,12.605663299560547,,,,,,,,,,,,1325,1.7208120822906494,,,,,,,
,,,,,,,,,,,,,,0.03,0.0004,,,,,,,1349,,,,,,,,
6,,,,,,,0.5157742500305176,,0.7660183906555176,,12.515625,0.00039999998989515007,0.029999999329447746,,,1.0,1.0,,,,,1349,,1.6798813343048096,,,,,,
,,,,,,,,,,,,,,0.03,0.0004,,,,,,,1399,,,,,,,,
6,,,,,,,0.5383130311965942,,0.7856274843215942,,12.3671875,0.00039999998989515007,0.029999999329447746,,,1.0,1.0,,,,,1399,,1.5494221448898315,,,,,,
,,,,,,,,,,,,,,0.03,0.0004,,,,,,,1449,,,,,,,,
6,,,,,,,0.5488309264183044,,0.7874783873558044,,11.9296875,0.00039999998989515007,0.029999999329447746,,,1.0,1.0,,,,,1449,,1.5755465030670166,,,,,,
,,,,,,,,,,,,,,0.03,0.0004,,,,,,,1499,,,,,,,,
6,,,,,,,0.5264115333557129,,0.7710404396057129,,12.234375,0.00039999998989515007,0.029999999329447746,,,1.0,1.0,,,,,1499,,1.4488587379455566,,,,,,
,,,0.072265625,,0.9140625,,,,,,,,,,,1.0,1.0,,,,,552,,,,0.0,,0.0,,0.0
,,,0.07421875,,0.9296875,,,,,,,,,,,1.0,1.0,,,,,553,,,,0.0,,0.0,,0.0
,,,0.10014668107032776,,0.9061239957809448,,,,,,,,,,,1.0,1.0,,,,,554,,,,0.0,,0.0,,0.0
,,,0.0520833320915699,,0.8984375,,,,,,,,,,,1.0,1.0,,,,,555,,,,0.0,,0.0,,0.0
,,,0.0407986119389534,,0.890625,,,,,,,,,,,1.0,1.0,,,,,556,,,,0.0,,0.0,,0.0
,,,0.10185185074806213,,0.9006410241127014,,,,,,,,,,,1.0,1.0,,,,,557,,,,0.0,,0.0,,0.0
,,,0.0494791679084301,,0.9765625,,,,,,,,,,,1.0,1.0,,,,,558,,,,0.0,,0.0,,0.0
,,,0.0486111119389534,,0.96875,,,,,,,,,,,1.0,1.0,,,,,559,,,,0.0,,0.0,,0.0
,,,0.12146226316690445,,0.8893653154373169,,,,,,,,,,,1.0,1.0,,,,,560,,,,0.0,,0.0,,0.0
,,,0.0581597238779068,,0.9375,,,,,,,,,,,1.0,1.0,,,,,561,,,,0.0,,0.0,,0.0
,,,0.0546875,,0.9453125,,,,,,,,,,,1.0,1.0,,,,,562,,,,0.0,,0.0,,0.0
,,,0.0642361119389534,,0.9375,,,,,,,,,,,1.0,1.0,,,,,563,,,,0.0,,0.0,,0.0
,,,0.17007407546043396,,0.8133333325386047,,,,,,,,,,,1.0,1.0,,,,,564,,,,0.0,,0.0,,0.0
,,,0.08203125,,0.96875,,,,,,,,,,,1.0,1.0,,,,,565,,,,0.0,,0.0,,0.0
,,,0.1044921875,,0.9375,,,,,,,,,,,1.0,1.0,,,,,566,,,,0.0,,0.0,,0.0
,,,0.16599231958389282,,0.9789916276931763,,,,,,,,,,,1.0,1.0,,,,,567,,,,0.0,,0.0,,0.0
,,,0.0751953125,,0.9609375,,,,,,,,,,,1.0,1.0,,,,,568,,,,0.0,,0.0,,0.0
,,,0.0746527761220932,,0.921875,,,,,,,,,,,1.0,1.0,,,,,569,,,,0.0,,0.0,,0.0
,,,0.13517315685749054,,0.9199134111404419,,,,,,,,,,,1.0,1.0,,,,,570,,,,0.0,,0.0,,0.0
,,,0.0824652761220932,,0.9453125,,,,,,,,,,,1.0,1.0,,,,,571,,,,0.0,,0.0,,0.0
,,,0.1015625,,0.9609375,,,,,,,,,,,1.0,1.0,,,,,572,,,,0.0,,0.0,,0.0
,,,0.11521793901920319,,0.9064756631851196,,,,,,,,,,,1.0,1.0,,,,,573,,,,0.0,,0.0,,0.0
,,,0.02890625037252903,,0.7578125,,,,,,,,,,,1.0,1.0,,,,,574,,,,0.0,,0.0,,0.0
,,,0.02890625037252903,,0.7890625,,,,,,,,,,,1.0,1.0,,,,,575,,,,0.0,,0.0,,0.0
,,,0.09635467827320099,,0.881280779838562,,,,,,,,,,,1.0,1.0,,,,,576,,,,0.0,,0.0,,0.0
,,,0.0849609375,,0.9609375,,,,,,,,,,,1.0,1.0,,,,,577,,,,0.0,,0.0,,0.0
,,,0.0659722238779068,,0.9609375,,,,,,,,,,,1.0,1.0,,,,,578,,,,0.0,,0.0,,0.0
,,,0.11305660009384155,,0.9677987694740295,,,,,,,,,,,1.0,1.0,,,,,579,,,,0.0,,0.0,,0.0
,,,0.06562499701976776,,0.96875,,,,,,,,,,,1.0,1.0,,,,,580,,,,0.0,,0.0,,0.0
,,,0.05234374850988388,,0.953125,,,,,,,,,,,1.0,1.0,,,,,581,,,,0.0,,0.0,,0.0
,,,0.14293965697288513,,0.959097146987915,,,,,,,,,,,1.0,1.0,,,,,582,,,,0.0,,0.0,,0.0
,,,0.0803571417927742,,0.921875,,,,,,,,,,,1.0,1.0,,,,,583,,,,0.0,,0.0,,0.0
,,,0.0771484375,,0.9375,,,,,,,,,,,1.0,1.0,,,,,584,,,,0.0,,0.0,,0.0
,,,0.10576354712247849,,0.9256157875061035,,,,,,,,,,,1.0,1.0,,,,,585,,,,0.0,,0.0,,0.0
,,,0.0477430559694767,,0.890625,,,,,,,,,,,1.0,1.0,,,,,586,,,,0.0,,0.0,,0.0
,,,0.0416666679084301,,0.875,,,,,,,,,,,1.0,1.0,,,,,587,,,,0.0,,0.0,,0.0
,,,0.09946170449256897,,0.9202349185943604,,,,,,,,,,,1.0,1.0,,,,,588,,,,0.0,,0.0,,0.0
,,,0.0520833320915699,,0.9765625,,,,,,,,,,,1.0,1.0,,,,,589,,,,0.0,,0.0,,0.0
,,,0.0503472238779068,,0.9453125,,,,,,,,,,,1.0,1.0,,,,,590,,,,0.0,,0.0,,0.0
,,,0.111083984375,,0.9144078493118286,,,,,,,,,,,1.0,1.0,,,,,591,,,,0.0,,0.0,,0.0
,,,0.0598958320915699,,0.953125,,,,,,,,,,,1.0,1.0,,,,,592,,,,0.0,,0.0,,0.0
,,,0.064453125,,0.9375,,,,,,,,,,,1.0,1.0,,,,,593,,,,0.0,,0.0,,0.0
,,,0.16439393162727356,,0.9409090876579285,,,,,,,,,,,1.0,1.0,,,,,594,,,,0.0,,0.0,,0.0
,,,0.08437500149011612,,0.9609375,,,,,,,,,,,1.0,1.0,,,,,595,,,,0.0,,0.0,,0.0
,,,0.1044921875,,0.9765625,,,,,,,,,,,1.0,1.0,,,,,596,,,,0.0,,0.0,,0.0
,,,0.17090807855129242,,0.9386733770370483,,,,,,,,,,,1.0,1.0,,,,,597,,,,0.0,,0.0,,0.0
,,,0.0651041641831398,,0.953125,,,,,,,,,,,1.0,1.0,,,,,598,,,,0.0,,0.0,,0.0
,,,0.0659722238779068,,0.9375,,,,,,,,,,,1.0,1.0,,,,,599,,,,0.0,,0.0,,0.0
,,,0.08203125,,0.90625,,,,,,,,,,,1.0,1.0,,,,,600,,,,0.0,,0.0,,0.0
,,,0.07086614519357681,,0.9842519760131836,,,,,,,,,,,1.0,1.0,,,,,601,,,,0.0,,0.0,,0.0
,,,0.09765625,,0.9375,,,,,,,,,,,1.0,1.0,,,,,602,,,,0.0,,0.0,,0.0
,,,0.0927734375,,0.9609375,,,,,,,,,,,1.0,1.0,,,,,603,,,,0.0,,0.0,,0.0
,,,0.08045977354049683,,0.9008620977401733,,,,,,,,,,,1.0,1.0,,,,,604,,,,0.0,,0.0,,0.0
,,,0.03125,,0.7578125,,,,,,,,,,,1.0,1.0,,,,,605,,,,0.0,,0.0,,0.0
,,,0.02968749962747097,,0.828125,,,,,,,,,,,1.0,1.0,,,,,606,,,,0.0,,0.0,,0.0
,,,0.10436376929283142,,0.8826549053192139,,,,,,,,,,,1.0,1.0,,,,,607,,,,0.0,,0.0,,0.0
,,,0.06484375149011612,,0.9921875,,,,,,,,,,,1.0,1.0,,,,,608,,,,0.0,,0.0,,0.0
,,,0.0625,,0.953125,,,,,,,,,,,1.0,1.0,,,,,609,,,,0.0,,0.0,,0.0
,,,0.12962964177131653,,0.9739583730697632,,,,,,,,,,,1.0,1.0,,,,,610,,,,0.0,,0.0,,0.0
,,,0.0651041641831398,,0.9453125,,,,,,,,,,,1.0,1.0,,,,,611,,,,0.0,,0.0,,0.0
,,,0.0616319440305233,,0.96875,,,,,,,,,,,1.0,1.0,,,,,612,,,,0.0,,0.0,,0.0
,,,0.13996554911136627,,0.9532115459442139,,,,,,,,,,,1.0,1.0,,,,,613,,,,0.0,,0.0,,0.0
,,,0.0703125,,0.921875,,,,,,,,,,,1.0,1.0,,,,,614,,,,0.0,,0.0,,0.0
,,,0.0711805522441864,,0.953125,,,,,,,,,,,1.0,1.0,,,,,615,,,,0.0,,0.0,,0.0
,,,0.10336283594369888,,0.9380531311035156,,,,,,,,,,,1.0,1.0,,,,,616,,,,0.0,,0.0,,0.0
,,,0.0503472238779068,,0.9140625,,,,,,,,,,,1.0,1.0,,,,,617,,,,0.0,,0.0,,0.0
,,,0.046875,,0.8671875,,,,,,,,,,,1.0,1.0,,,,,618,,,,0.0,,0.0,,0.0
,,,0.09737373888492584,,0.926262617111206,,,,,,,,,,,1.0,1.0,,,,,619,,,,0.0,,0.0,,0.0
,,,0.04531250149011612,,0.9765625,,,,,,,,,,,1.0,1.0,,,,,620,,,,0.0,,0.0,,0.0
,,,0.0494791679084301,,0.90625,,,,,,,,,,,1.0,1.0,,,,,621,,,,0.0,,0.0,,0.0
,,,0.12078189104795456,,0.9583333730697632,,,,,,,,,,,1.0,1.0,,,,,622,,,,0.0,,0.0,,0.0
,,,0.0555555559694767,,0.953125,,,,,,,,,,,1.0,1.0,,,,,623,,,,0.0,,0.0,,0.0
,,,0.0703125,,0.9375,,,,,,,,,,,1.0,1.0,,,,,624,,,,0.0,,0.0,,0.0
,,,0.16213001310825348,,0.9546184539794922,,,,,,,,,,,1.0,1.0,,,,,625,,,,0.0,,0.0,,0.0
,,,0.1064453125,,0.9609375,,,,,,,,,,,1.0,1.0,,,,,626,,,,0.0,,0.0,,0.0
,,,0.10546875,,0.9921875,,,,,,,,,,,1.0,1.0,,,,,627,,,,0.0,,0.0,,0.0
,,,0.1665676385164261,,0.9216959476470947,,,,,,,,,,,1.0,1.0,,,,,628,,,,0.0,,0.0,,0.0
,,,0.0625,,0.9609375,,,,,,,,,,,1.0,1.0,,,,,629,,,,0.0,,0.0,,0.0
,,,0.0810546875,,0.9296875,,,,,,,,,,,1.0,1.0,,,,,630,,,,0.0,,0.0,,0.0
,,,0.16100652515888214,,0.9357696771621704,,,,,,,,,,,1.0,1.0,,,,,631,,,,0.0,,0.0,,0.0
,,,0.06875000149011612,,0.9609375,,,,,,,,,,,1.0,1.0,,,,,632,,,,0.0,,0.0,,0.0
,,,0.09765625,,0.9375,,,,,,,,,,,1.0,1.0,,,,,633,,,,0.0,,0.0,,0.0
,,,0.13538779318332672,,0.9522780179977417,,,,,,,,,,,1.0,1.0,,,,,634,,,,0.0,,0.0,,0.0
,,,0.03515625,,0.7578125,,,,,,,,,,,1.0,1.0,,,,,635,,,,0.0,,0.0,,0.0
,,,0.02968749962747097,,0.78125,,,,,,,,,,,1.0,1.0,,,,,636,,,,0.0,,0.0,,0.0
,,,0.10625000298023224,,0.9107142686843872,,,,,,,,,,,1.0,1.0,,,,,637,,,,0.0,,0.0,,0.0
,,,0.08203125,,0.953125,,,,,,,,,,,1.0,1.0,,,,,638,,,,0.0,,0.0,,0.0
,,,0.06171875074505806,,0.96875,,,,,,,,,,,1.0,1.0,,,,,639,,,,0.0,,0.0,,0.0
,,,0.1087024137377739,,0.941724956035614,,,,,,,,,,,1.0,1.0,,,,,640,,,,0.0,,0.0,,0.0
,,,0.0642361119389534,,0.9765625,,,,,,,,,,,1.0,1.0,,,,,641,,,,0.0,,0.0,,0.0
,,,0.05703125149011612,,0.9453125,,,,,,,,,,,1.0,1.0,,,,,642,,,,0.0,,0.0,,0.0
,,,0.06649169325828552,,0.9842519760131836,,,,,,,,,,,1.0,1.0,,,,,643,,,,0.0,,0.0,,0.0
6,0.5942615270614624,0.5786088705062866,,0.9290463924407959,,,,,,,,,,,,,,110.75179290771484,127852.0625,4.707291603088379,469.2700500488281,1546,,,0.0,,0.0,,0.0,
6,,,,,,0.5391950011253357,,0.7822065949440002,,12.150699615478516,,,,,,,,,,,,1546,1.5972638130187988,,,,,,,
,,,,,,,,,,,,,,0.03,0.0004,,,,,,,1549,,,,,,,,
7,,,,,,,0.5026819109916687,,0.7445032000541687,,12.09375,0.00039999998989515007,0.029999999329447746,,,1.0,1.0,,,,,1549,,1.3045241832733154,,,,,,
,,,,,,,,,,,,,,0.03,0.0004,,,,,,,1599,,,,,,,,
7,,,,,,,0.5249050259590149,,0.7720974087715149,,12.359375,0.00039999998989515007,0.029999999329447746,,,1.0,1.0,,,,,1599,,1.5901755094528198,,,,,,
,,,,,,,,,,,,,,0.03,0.0004,,,,,,,1649,,,,,,,,
7,,,,,,,0.5408667325973511,,0.7767065763473511,,11.7890625,0.00039999998989515007,0.029999999329447746,,,1.0,1.0,,,,,1649,,1.6971908807754517,,,,,,
,,,,,,,,,,,,,,0.03,0.0004,,,,,,,1699,,,,,,,,
7,,,,,,,0.5464670658111572,,0.7819406986236572,,11.7734375,0.00039999998989515007,0.029999999329447746,,,1.0,1.0,,,,,1699,,1.6077823638916016,,,,,,
,,,,,,,,,,,,,,0.03,0.0004,,,,,,,1749,,,,,,,,
7,,,,,,,0.5254839062690735,,0.7580278515815735,,11.625,0.00039999998989515007,0.029999999329447746,,,1.0,1.0,,,,,1749,,1.8054143190383911,,,,,,
,,,0.0989583358168602,,0.9375,,,,,,,,,,,1.0,1.0,,,,,644,,,,0.0,,0.0,,0.0
,,,0.0915178582072258,,0.953125,,,,,,,,,,,1.0,1.0,,,,,645,,,,0.0,,0.0,,0.0
,,,0.11323799192905426,,0.9481114745140076,,,,,,,,,,,1.0,1.0,,,,,646,,,,0.0,,0.0,,0.0
,,,0.0770089253783226,,0.953125,,,,,,,,,,,1.0,1.0,,,,,647,,,,0.0,,0.0,,0.0
,,,0.0714285746216774,,0.9375,,,,,,,,,,,1.0,1.0,,,,,648,,,,0.0,,0.0,,0.0
,,,0.09334935992956161,,0.8413461446762085,,,,,,,,,,,1.0,1.0,,,,,649,,,,0.0,,0.0,,0.0
,,,0.0078125,,0.7421875,,,,,,,,,,,1.0,1.0,,,,,650,,,,0.0,,0.0,,0.0
,,,0.012500000186264515,,0.6796875,,,,,,,,,,,1.0,1.0,,,,,651,,,,0.0,,0.0,,0.0
,,,0.07590050995349884,,0.8207547068595886,,,,,,,,,,,1.0,1.0,,,,,652,,,,0.0,,0.0,,0.0
,,,0.0959821417927742,,0.9375,,,,,,,,,,,1.0,1.0,,,,,653,,,,0.0,,0.0,,0.0
,,,0.0814732164144516,,0.9765625,,,,,,,,,,,1.0,1.0,,,,,654,,,,0.0,,0.0,,0.0
,,,0.078125,,0.9765625,,,,,,,,,,,1.0,1.0,,,,,655,,,,0.0,,0.0,,0.0
,,,0.1540740728378296,,0.8013333082199097,,,,,,,,,,,1.0,1.0,,,,,656,,,,0.0,,0.0,,0.0
,,,0.06640625,,0.90625,,,,,,,,,,,1.0,1.0,,,,,657,,,,0.0,,0.0,,0.0
,,,0.06093750149011612,,0.8828125,,,,,,,,,,,1.0,1.0,,,,,658,,,,0.0,,0.0,,0.0
,,,0.1480444073677063,,0.9831932783126831,,,,,,,,,,,1.0,1.0,,,,,659,,,,0.0,,0.0,,0.0
,,,0.0791015625,,0.953125,,,,,,,,,,,1.0,1.0,,,,,660,,,,0.0,,0.0,,0.0
,,,0.0685763880610466,,0.9375,,,,,,,,,,,1.0,1.0,,,,,661,,,,0.0,,0.0,,0.0
,,,0.15536315739154816,,0.9426406621932983,,,,,,,,,,,1.0,1.0,,,,,662,,,,0.0,,0.0,,0.0
,,,0.1082589253783226,,0.9609375,,,,,,,,,,,1.0,1.0,,,,,663,,,,0.0,,0.0,,0.0
,,,0.1049107164144516,,0.9609375,,,,,,,,,,,1.0,1.0,,,,,664,,,,0.0,,0.0,,0.0
,,,0.18219178915023804,,0.9840598106384277,,,,,,,,,,,1.0,1.0,,,,,665,,,,0.0,,0.0,,0.0
,,,0.0703125,,0.9921875,,,,,,,,,,,1.0,1.0,,,,,666,,,,0.0,,0.0,,0.0
,,,0.0810546875,,0.96875,,,,,,,,,,,1.0,1.0,,,,,667,,,,0.0,,0.0,,0.0
,,,0.11394088715314865,,0.9325122833251953,,,,,,,,,,,1.0,1.0,,,,,668,,,,0.0,,0.0,,0.0
,,,0.0460069440305233,,0.921875,,,,,,,,,,,1.0,1.0,,,,,669,,,,0.0,,0.0,,0.0
,,,0.03750000149011612,,0.890625,,,,,,,,,,,1.0,1.0,,,,,670,,,,0.0,,0.0,,0.0
,,,0.12089448422193527,,0.943899393081665,,,,,,,,,,,1.0,1.0,,,,,671,,,,0.0,,0.0,,0.0
,,,0.1044921875,,0.9921875,,,,,,,,,,,1.0,1.0,,,,,672,,,,0.0,,0.0,,0.0
,,,0.1138392835855484,,0.984375,,,,,,,,,,,1.0,1.0,,,,,673,,,,0.0,,0.0,,0.0
,,,0.20406487584114075,,0.9941176176071167,,,,,,,,,,,1.0,1.0,,,,,674,,,,0.0,,0.0,,0.0
,,,0.0904017835855484,,0.9296875,,,,,,,,,,,1.0,1.0,,,,,675,,,,0.0,,0.0,,0.0
,,,0.0703125,,0.9765625,,,,,,,,,,,1.0,1.0,,,,,676,,,,0.0,,0.0,,0.0
,,,0.11147783696651459,,0.9455665349960327,,,,,,,,,,,1.0,1.0,,,,,677,,,,0.0,,0.0,,0.0
,,,0.078125,,0.9453125,,,,,,,,,,,1.0,1.0,,,,,678,,,,0.0,,0.0,,0.0
,,,0.0615234375,,0.9453125,,,,,,,,,,,1.0,1.0,,,,,679,,,,0.0,,0.0,,0.0
,,,0.06782481074333191,,0.8097626566886902,,,,,,,,,,,1.0,1.0,,,,,680,,,,0.0,,0.0,,0.0
,,,0.010937499813735485,,0.734375,,,,,,,,,,,1.0,1.0,,,,,681,,,,0.0,,0.0,,0.0
,,,0.01171875,,0.65625,,,,,,,,,,,1.0,1.0,,,,,682,,,,0.0,,0.0,,0.0
,,,0.07582417875528336,,0.8343101739883423,,,,,,,,,,,1.0,1.0,,,,,683,,,,0.0,,0.0,,0.0
,,,0.0915178582072258,,0.96875,,,,,,,,,,,1.0,1.0,,,,,684,,,,0.0,,0.0,,0.0
,,,0.0837053582072258,,0.984375,,,,,,,,,,,1.0,1.0,,,,,685,,,,0.0,,0.0,,0.0
,,,0.14318183064460754,,0.9397727251052856,,,,,,,,,,,1.0,1.0,,,,,686,,,,0.0,,0.0,,0.0
,,,0.087890625,,0.921875,,,,,,,,,,,1.0,1.0,,,,,687,,,,0.0,,0.0,,0.0
,,,0.06718750298023224,,0.9140625,,,,,,,,,,,1.0,1.0,,,,,688,,,,0.0,,0.0,,0.0
,,,0.11783479899168015,,0.9026908874511719,,,,,,,,,,,1.0,1.0,,,,,689,,,,0.0,,0.0,,0.0
,,,0.0904017835855484,,0.96875,,,,,,,,,,,1.0,1.0,,,,,690,,,,0.0,,0.0,,0.0
,,,0.0651041641831398,,0.9453125,,,,,,,,,,,1.0,1.0,,,,,691,,,,0.0,,0.0,,0.0
,,,0.0703125,,0.9296875,,,,,,,,,,,1.0,1.0,,,,,692,,,,0.0,,0.0,,0.0
,,,0.24859392642974854,,0.9881889820098877,,,,,,,,,,,1.0,1.0,,,,,693,,,,0.0,,0.0,,0.0
,,,0.09375,,0.9609375,,,,,,,,,,,1.0,1.0,,,,,694,,,,0.0,,0.0,,0.0
,,,0.0842013880610466,,0.9609375,,,,,,,,,,,1.0,1.0,,,,,695,,,,0.0,,0.0,,0.0
,,,0.14303958415985107,,0.9956896305084229,,,,,,,,,,,1.0,1.0,,,,,696,,,,0.0,,0.0,,0.0
,,,0.076171875,,0.984375,,,,,,,,,,,1.0,1.0,,,,,697,,,,0.0,,0.0,,0.0
,,,0.0888671875,,0.984375,,,,,,,,,,,1.0,1.0,,,,,698,,,,0.0,,0.0,,0.0
,,,0.12659414112567902,,0.9220755100250244,,,,,,,,,,,1.0,1.0,,,,,699,,,,0.0,,0.0,,0.0
,,,0.03828125074505806,,0.9375,,,,,,,,,,,1.0,1.0,,,,,700,,,,0.0,,0.0,,0.0
,,,0.0399305559694767,,0.8984375,,,,,,,,,,,1.0,1.0,,,,,701,,,,0.0,,0.0,,0.0
,,,0.1380208432674408,,0.9114583730697632,,,,,,,,,,,1.0,1.0,,,,,702,,,,0.0,,0.0,,0.0
,,,0.1149553582072258,,0.984375,,,,,,,,,,,1.0,1.0,,,,,703,,,,0.0,,0.0,,0.0
,,,0.1194196417927742,,0.9921875,,,,,,,,,,,1.0,1.0,,,,,704,,,,0.0,,0.0,,0.0
,,,0.2038443237543106,,0.9767441749572754,,,,,,,,,,,1.0,1.0,,,,,705,,,,0.0,,0.0,,0.0
,,,0.0892857164144516,,0.9453125,,,,,,,,,,,1.0,1.0,,,,,706,,,,0.0,,0.0,,0.0
,,,0.0694444477558136,,0.9765625,,,,,,,,,,,1.0,1.0,,,,,707,,,,0.0,,0.0,,0.0
,,,0.13303834199905396,,0.9401179552078247,,,,,,,,,,,1.0,1.0,,,,,708,,,,0.0,,0.0,,0.0
,,,0.0673828125,,0.9453125,,,,,,,,,,,1.0,1.0,,,,,709,,,,0.0,,0.0,,0.0
,,,0.0846354141831398,,0.9375,,,,,,,,,,,1.0,1.0,,,,,710,,,,0.0,,0.0,,0.0
,,,0.06181818246841431,,0.7898989915847778,,,,,,,,,,,1.0,1.0,,,,,711,,,,0.0,,0.0,,0.0
,,,0.010937499813735485,,0.734375,,,,,,,,,,,1.0,1.0,,,,,712,,,,0.0,,0.0,,0.0
,,,0.01328125037252903,,0.65625,,,,,,,,,,,1.0,1.0,,,,,713,,,,0.0,,0.0,,0.0
,,,0.07296296209096909,,0.8472222089767456,,,,,,,,,,,1.0,1.0,,,,,714,,,,0.0,,0.0,,0.0
,,,0.0837053582072258,,0.9765625,,,,,,,,,,,1.0,1.0,,,,,715,,,,0.0,,0.0,,0.0
,,,0.0771484375,,0.96875,,,,,,,,,,,1.0,1.0,,,,,716,,,,0.0,,0.0,,0.0
,,,0.15326490998268127,,0.9416332244873047,,,,,,,,,,,1.0,1.0,,,,,717,,,,0.0,,0.0,,0.0
,,,0.0763888880610466,,0.9375,,,,,,,,,,,1.0,1.0,,,,,718,,,,0.0,,0.0,,0.0
,,,0.0746527761220932,,0.8828125,,,,,,,,,,,1.0,1.0,,,,,719,,,,0.0,,0.0,,0.0
,,,0.11336898803710938,,0.9346829652786255,,,,,,,,,,,1.0,1.0,,,,,720,,,,0.0,,0.0,,0.0
,,,0.07421875,,0.9609375,,,,,,,,,,,1.0,1.0,,,,,721,,,,0.0,,0.0,,0.0
,,,0.0791015625,,0.9375,,,,,,,,,,,1.0,1.0,,,,,722,,,,0.0,,0.0,,0.0
,,,0.16100652515888214,,0.9473975896835327,,,,,,,,,,,1.0,1.0,,,,,723,,,,0.0,,0.0,,0.0
,,,0.1223958358168602,,0.9765625,,,,,,,,,,,1.0,1.0,,,,,724,,,,0.0,,0.0,,0.0
,,,0.08984375,,0.9453125,,,,,,,,,,,1.0,1.0,,,,,725,,,,0.0,,0.0,,0.0
,,,0.20019952952861786,,0.9896907210350037,,,,,,,,,,,1.0,1.0,,,,,726,,,,0.0,,0.0,,0.0
,,,0.0642361119389534,,0.9921875,,,,,,,,,,,1.0,1.0,,,,,727,,,,0.0,,0.0,,0.0
,,,0.0677083358168602,,0.96875,,,,,,,,,,,1.0,1.0,,,,,728,,,,0.0,,0.0,,0.0
,,,0.1577380895614624,,0.9330357313156128,,,,,,,,,,,1.0,1.0,,,,,729,,,,0.0,,0.0,,0.0
,,,0.0498046875,,0.890625,,,,,,,,,,,1.0,1.0,,,,,730,,,,0.0,,0.0,,0.0
,,,0.03593749925494194,,0.90625,,,,,,,,,,,1.0,1.0,,,,,731,,,,0.0,,0.0,,0.0
,,,0.14714452624320984,,0.9032634496688843,,,,,,,,,,,1.0,1.0,,,,,732,,,,0.0,,0.0,,0.0
,,,0.1149553582072258,,0.9921875,,,,,,,,,,,1.0,1.0,,,,,733,,,,0.0,,0.0,,0.0
,,,0.1005859375,,0.984375,,,,,,,,,,,1.0,1.0,,,,,734,,,,0.0,,0.0,,0.0
,,,0.14173229038715363,,0.9921259880065918,,,,,,,,,,,1.0,1.0,,,,,735,,,,0.0,,0.0,,0.0
7,0.6150336861610413,0.5755985975265503,,0.9256309270858765,,,,,,,,,,,,,,113.37884521484375,95480.4140625,4.730734825134277,468.7500305175781,1767,,,0.0,,0.0,,0.0,
7,,,,,,0.527026891708374,,0.7617036700248718,,11.733774185180664,,,,,,,,,,,,1767,1.5959722995758057,,,,,,,
,,,,,,,,,,,,,,0.03,0.0004,,,,,,,1799,,,,,,,,
8,,,,,,,0.5125098824501038,,0.7245460152626038,,10.6015625,0.00039999998989515007,0.029999999329447746,,,1.0,1.0,,,,,1799,,1.5137519836425781,,,,,,
,,,,,,,,,,,,,,0.03,0.0004,,,,,,,1849,,,,,,,,
8,,,,,,,0.5150529742240906,,0.7414934039115906,,11.3203125,0.00039999998989515007,0.029999999329447746,,,1.0,1.0,,,,,1849,,1.7095524072647095,,,,,,
,,,,,,,,,,,,,,0.03,0.0004,,,,,,,1899,,,,,,,,
8,,,,,,,0.5395764708518982,,0.7794446349143982,,11.9921875,0.00039999998989515007,0.029999999329447746,,,1.0,1.0,,,,,1899,,1.467553973197937,,,,,,
,,,,,,,,,,,,,,0.03,0.0004,,,,,,,1949,,,,,,,,
8,,,,,,,0.5024888515472412,,0.7357652187347412,,11.6640625,0.00039999998989515007,0.029999999329447746,,,1.0,1.0,,,,,1949,,1.3230853080749512,,,,,,
,,,0.0322265625,,0.65625,,,,,,,,,,,1.0,1.0,,,,,736,,,,0.0,,0.0,,0.0
,,,0.0380859375,,0.7109375,,,,,,,,,,,1.0,1.0,,,,,737,,,,0.0,,0.0,,0.0
,,,0.10649065673351288,,0.8428676128387451,,,,,,,,,,,1.0,1.0,,,,,738,,,,0.0,,0.0,,0.0
,,,0.14218750596046448,,0.9765625,,,,,,,,,,,1.0,1.0,,,,,739,,,,0.0,,0.0,,0.0
,,,0.0970982164144516,,0.9921875,,,,,,,,,,,1.0,1.0,,,,,740,,,,0.0,,0.0,,0.0
,,,0.2430555522441864,,0.9855769276618958,,,,,,,,,,,1.0,1.0,,,,,741,,,,0.0,,0.0,,0.0
,,,0.05546874925494194,,0.9921875,,,,,,,,,,,1.0,1.0,,,,,742,,,,0.0,,0.0,,0.0
,,,0.0642361119389534,,1.0,,,,,,,,,,,1.0,1.0,,,,,743,,,,0.0,,0.0,,0.0
,,,0.12424957752227783,,0.8769296407699585,,,,,,,,,,,1.0,1.0,,,,,744,,,,0.0,,0.0,,0.0
,,,0.0520833320915699,,0.921875,,,,,,,,,,,1.0,1.0,,,,,745,,,,0.0,,0.0,,0.0
,,,0.0546875,,0.90625,,,,,,,,,,,1.0,1.0,,,,,746,,,,0.0,,0.0,,0.0
,,,0.064453125,,0.8984375,,,,,,,,,,,1.0,1.0,,,,,747,,,,0.0,,0.0,,0.0
,,,0.13566666841506958,,0.7933333516120911,,,,,,,,,,,1.0,1.0,,,,,748,,,,0.0,,0.0,,0.0
,,,0.0915178582072258,,0.8828125,,,,,,,,,,,1.0,1.0,,,,,749,,,,0.0,,0.0,,0.0
,,,0.078125,,0.8671875,,,,,,,,,,,1.0,1.0,,,,,750,,,,0.0,,0.0,,0.0
,,,0.14554154872894287,,0.839402437210083,,,,,,,,,,,1.0,1.0,,,,,751,,,,0.0,,0.0,,0.0
,,,0.0478515625,,0.8046875,,,,,,,,,,,1.0,1.0,,,,,752,,,,0.0,,0.0,,0.0
,,,0.02421874925494194,,0.7890625,,,,,,,,,,,1.0,1.0,,,,,753,,,,0.0,,0.0,,0.0
,,,0.18119975924491882,,0.8804112672805786,,,,,,,,,,,1.0,1.0,,,,,754,,,,0.0,,0.0,,0.0
,,,0.17031249403953552,,0.9921875,,,,,,,,,,,1.0,1.0,,,,,755,,,,0.0,,0.0,,0.0
,,,0.171875,,0.9921875,,,,,,,,,,,1.0,1.0,,,,,756,,,,0.0,,0.0,,0.0
,,,0.21668741106987,,0.9703611135482788,,,,,,,,,,,1.0,1.0,,,,,757,,,,0.0,,0.0,,0.0
,,,0.0555555559694767,,0.984375,,,,,,,,,,,1.0,1.0,,,,,758,,,,0.0,,0.0,,0.0
,,,0.05546874925494194,,0.96875,,,,,,,,,,,1.0,1.0,,,,,759,,,,0.0,,0.0,,0.0
,,,0.14871373772621155,,0.9699507355690002,,,,,,,,,,,1.0,1.0,,,,,760,,,,0.0,,0.0,,0.0
,,,0.125,,0.9921875,,,,,,,,,,,1.0,1.0,,,,,761,,,,0.0,,0.0,,0.0
,,,0.109375,,1.0,,,,,,,,,,,1.0,1.0,,,,,762,,,,0.0,,0.0,,0.0
,,,0.1461949646472931,,0.946163535118103,,,,,,,,,,,1.0,1.0,,,,,763,,,,0.0,,0.0,,0.0
,,,0.0625,,0.953125,,,,,,,,,,,1.0,1.0,,,,,764,,,,0.0,,0.0,,0.0
,,,0.0373263880610466,,0.90625,,,,,,,,,,,1.0,1.0,,,,,765,,,,0.0,,0.0,,0.0
,,,0.08195774257183075,,0.8487004041671753,,,,,,,,,,,1.0,1.0,,,,,766,,,,0.0,,0.0,,0.0
,,,0.0361328125,,0.640625,,,,,,,,,,,1.0,1.0,,,,,767,,,,0.0,,0.0,,0.0
,,,0.0303819440305233,,0.7265625,,,,,,,,,,,1.0,1.0,,,,,768,,,,0.0,,0.0,,0.0
,,,0.11636562645435333,,0.8650246262550354,,,,,,,,,,,1.0,1.0,,,,,769,,,,0.0,,0.0,,0.0
,,,0.13750000298023224,,0.9765625,,,,,,,,,,,1.0,1.0,,,,,770,,,,0.0,,0.0,,0.0
,,,0.1015625,,0.9921875,,,,,,,,,,,1.0,1.0,,,,,771,,,,0.0,,0.0,,0.0
,,,0.18063372373580933,,0.9836065769195557,,,,,,,,,,,1.0,1.0,,,,,772,,,,0.0,,0.0,,0.0
,,,0.0668402761220932,,0.9921875,,,,,,,,,,,1.0,1.0,,,,,773,,,,0.0,,0.0,,0.0
,,,0.0625,,0.9921875,,,,,,,,,,,1.0,1.0,,,,,774,,,,0.0,,0.0,,0.0
,,,0.12738095223903656,,0.9305250644683838,,,,,,,,,,,1.0,1.0,,,,,775,,,,0.0,,0.0,,0.0
,,,0.0546875,,0.9375,,,,,,,,,,,1.0,1.0,,,,,776,,,,0.0,,0.0,,0.0
,,,0.0564236119389534,,0.9609375,,,,,,,,,,,1.0,1.0,,,,,777,,,,0.0,,0.0,,0.0
,,,0.13510102033615112,,0.8999999761581421,,,,,,,,,,,1.0,1.0,,,,,778,,,,0.0,,0.0,,0.0
,,,0.0993303582072258,,0.90625,,,,,,,,,,,1.0,1.0,,,,,779,,,,0.0,,0.0,,0.0
,,,0.080078125,,0.8828125,,,,,,,,,,,1.0,1.0,,,,,780,,,,0.0,,0.0,,0.0
,,,0.11318835616111755,,0.8291614651679993,,,,,,,,,,,1.0,1.0,,,,,781,,,,0.0,,0.0,,0.0
,,,0.0512152761220932,,0.8125,,,,,,,,,,,1.0,1.0,,,,,782,,,,0.0,,0.0,,0.0
,,,0.0355902761220932,,0.78125,,,,,,,,,,,1.0,1.0,,,,,783,,,,0.0,,0.0,,0.0
,,,0.03125,,0.7890625,,,,,,,,,,,1.0,1.0,,,,,784,,,,0.0,,0.0,,0.0
,,,0.12148481607437134,,0.9960629940032959,,,,,,,,,,,1.0,1.0,,,,,785,,,,0.0,,0.0,,0.0
,,,0.1640625,,0.984375,,,,,,,,,,,1.0,1.0,,,,,786,,,,0.0,,0.0,,0.0
,,,0.1393229216337204,,0.984375,,,,,,,,,,,1.0,1.0,,,,,787,,,,0.0,,0.0,,0.0
,,,0.18175286054611206,,0.9870689511299133,,,,,,,,,,,1.0,1.0,,,,,788,,,,0.0,,0.0,,0.0
,,,0.0590277761220932,,0.953125,,,,,,,,,,,1.0,1.0,,,,,789,,,,0.0,,0.0,,0.0
,,,0.0677083358168602,,0.984375,,,,,,,,,,,1.0,1.0,,,,,790,,,,0.0,,0.0,,0.0
,,,0.17400074005126953,,0.9765310287475586,,,,,,,,,,,1.0,1.0,,,,,791,,,,0.0,,0.0,,0.0
,,,0.1060267835855484,,0.9921875,,,,,,,,,,,1.0,1.0,,,,,792,,,,0.0,,0.0,,0.0
,,,0.0947265625,,1.0,,,,,,,,,,,1.0,1.0,,,,,793,,,,0.0,,0.0,,0.0
,,,0.1471354216337204,,0.953125,,,,,,,,,,,1.0,1.0,,,,,794,,,,0.0,,0.0,,0.0
,,,0.0451388880610466,,0.921875,,,,,,,,,,,1.0,1.0,,,,,795,,,,0.0,,0.0,,0.0
,,,0.03750000149011612,,0.9375,,,,,,,,,,,1.0,1.0,,,,,796,,,,0.0,,0.0,,0.0
,,,0.08397933095693588,,0.8253045082092285,,,,,,,,,,,1.0,1.0,,,,,797,,,,0.0,,0.0,,0.0
,,,0.0321180559694767,,0.640625,,,,,,,,,,,1.0,1.0,,,,,798,,,,0.0,,0.0,,0.0
,,,0.0338541679084301,,0.7578125,,,,,,,,,,,1.0,1.0,,,,,799,,,,0.0,,0.0,,0.0
,,,0.1190265491604805,,0.9200589656829834,,,,,,,,,,,1.0,1.0,,,,,800,,,,0.0,,0.0,,0.0
,,,0.1171875,,0.984375,,,,,,,,,,,1.0,1.0,,,,,801,,,,0.0,,0.0,,0.0
,,,0.1037946417927742,,0.9765625,,,,,,,,,,,1.0,1.0,,,,,802,,,,0.0,,0.0,,0.0
,,,0.15611672401428223,,0.9909090995788574,,,,,,,,,,,1.0,1.0,,,,,803,,,,0.0,,0.0,,0.0
,,,0.0848214253783226,,1.0,,,,,,,,,,,1.0,1.0,,,,,804,,,,0.0,,0.0,,0.0
,,,0.0625,,0.984375,,,,,,,,,,,1.0,1.0,,,,,805,,,,0.0,,0.0,,0.0
,,,0.14027777314186096,,0.9398148059844971,,,,,,,,,,,1.0,1.0,,,,,806,,,,0.0,,0.0,,0.0
,,,0.046875,,0.953125,,,,,,,,,,,1.0,1.0,,,,,807,,,,0.0,,0.0,,0.0
,,,0.06640625,,0.9375,,,,,,,,,,,1.0,1.0,,,,,808,,,,0.0,,0.0,,0.0
,,,0.13618919253349304,,0.8971887826919556,,,,,,,,,,,1.0,1.0,,,,,809,,,,0.0,,0.0,,0.0
,,,0.0970982164144516,,0.9140625,,,,,,,,,,,1.0,1.0,,,,,810,,,,0.0,,0.0,,0.0
,,,0.08203125,,0.8671875,,,,,,,,,,,1.0,1.0,,,,,811,,,,0.0,,0.0,,0.0
,,,0.12305831909179688,,0.8665648102760315,,,,,,,,,,,1.0,1.0,,,,,812,,,,0.0,,0.0,,0.0
,,,0.0498046875,,0.7734375,,,,,,,,,,,1.0,1.0,,,,,813,,,,0.0,,0.0,,0.0
,,,0.03359375149011612,,0.8125,,,,,,,,,,,1.0,1.0,,,,,814,,,,0.0,,0.0,,0.0
,,,0.15379291772842407,,0.8718161582946777,,,,,,,,,,,1.0,1.0,,,,,815,,,,0.0,,0.0,,0.0
,,,0.16718749701976776,,0.9921875,,,,,,,,,,,1.0,1.0,,,,,816,,,,0.0,,0.0,,0.0
,,,0.205078125,,0.984375,,,,,,,,,,,1.0,1.0,,,,,817,,,,0.0,,0.0,,0.0
,,,0.2718656659126282,,0.9787163138389587,,,,,,,,,,,1.0,1.0,,,,,818,,,,0.0,,0.0,,0.0
,,,0.0616319440305233,,0.96875,,,,,,,,,,,1.0,1.0,,,,,819,,,,0.0,,0.0,,0.0
,,,0.05546874925494194,,0.9609375,,,,,,,,,,,1.0,1.0,,,,,820,,,,0.0,,0.0,,0.0
,,,0.1656745970249176,,0.9910714626312256,,,,,,,,,,,1.0,1.0,,,,,821,,,,0.0,,0.0,,0.0
,,,0.125,,0.984375,,,,,,,,,,,1.0,1.0,,,,,822,,,,0.0,,0.0,,0.0
,,,0.1026785746216774,,1.0,,,,,,,,,,,1.0,1.0,,,,,823,,,,0.0,,0.0,,0.0
,,,0.1383061408996582,,0.9005439281463623,,,,,,,,,,,1.0,1.0,,,,,824,,,,0.0,,0.0,,0.0
,,,0.0556640625,,0.921875,,,,,,,,,,,1.0,1.0,,,,,825,,,,0.0,,0.0,,0.0
,,,0.03203124925494194,,0.9140625,,,,,,,,,,,1.0,1.0,,,,,826,,,,0.0,,0.0,,0.0
,,,0.04724409431219101,,0.9685039520263672,,,,,,,,,,,1.0,1.0,,,,,827,,,,0.0,,0.0,,0.0
8,0.6210277080535889,0.568894624710083,,0.9155998229980469,,,,,,,,,,,,,,112.39598846435547,86967.375,4.7220282554626465,472.43829345703125,1988,,,0.0,,0.0,,0.0,
8,,,,,,0.5170276165008545,,0.7461389899253845,,11.45545768737793,,,,,,,,,,,,1988,1.5115844011306763,,,,,,,
,,,,,,,,,,,,,,0.03,0.0004,,,,,,,1999,,,,,,,,
9,,,,,,,0.49196335673332214,,0.6975297927856445,,10.28125,0.00039999998989515007,0.029999999329447746,,,1.0,1.0,,,,,1999,,1.7401337623596191,,,,,,
,,,,,,,,,,,,,,0.03,0.0004,,,,,,,2049,,,,,,,,
9,,,,,,,0.48408567905426025,,0.7088171243667603,,11.234375,0.00039999998989515007,0.029999999329447746,,,1.0,1.0,,,,,2049,,1.5302402973175049,,,,,,
,,,,,,,,,,,,,,0.03,0.0004,,,,,,,2099,,,,,,,,
9,,,,,,,0.4968709349632263,,0.7319783568382263,,11.7578125,0.00039999998989515007,0.029999999329447746,,,1.0,1.0,,,,,2099,,1.4635591506958008,,,,,,
,,,,,,,,,,,,,,0.03,0.0004,,,,,,,2149,,,,,,,,
9,,,,,,,0.49767106771469116,,0.7214259505271912,,11.1875,0.00039999998989515007,0.029999999329447746,,,1.0,1.0,,,,,2149,,1.2044347524642944,,,,,,
,,,,,,,,,,,,,,0.03,0.0004,,,,,,,2199,,,,,,,,
9,,,,,,,0.5241328477859497,,0.7383662462234497,,10.7109375,0.00039999998989515007,0.029999999329447746,,,1.0,1.0,,,,,2199,,1.3122293949127197,,,,,,
,,,0.0732421875,,0.890625,,,,,,,,,,,1.0,1.0,,,,,828,,,,0.0,,0.0,,0.0
,,,0.0720486119389534,,0.921875,,,,,,,,,,,1.0,1.0,,,,,829,,,,0.0,,0.0,,0.0
,,,0.2011367678642273,,0.9332599639892578,,,,,,,,,,,1.0,1.0,,,,,830,,,,0.0,,0.0,,0.0
,,,0.1216517835855484,,0.984375,,,,,,,,,,,1.0,1.0,,,,,831,,,,0.0,,0.0,,0.0
,,,0.1060267835855484,,0.9453125,,,,,,,,,,,1.0,1.0,,,,,832,,,,0.0,,0.0,,0.0
,,,0.11930199712514877,,0.9182692170143127,,,,,,,,,,,1.0,1.0,,,,,833,,,,0.0,,0.0,,0.0
,,,0.0321180559694767,,0.9765625,,,,,,,,,,,1.0,1.0,,,,,834,,,,0.0,,0.0,,0.0
,,,0.0329861119389534,,0.953125,,,,,,,,,,,1.0,1.0,,,,,835,,,,0.0,,0.0,,0.0
,,,0.08785973489284515,,0.9253859519958496,,,,,,,,,,,1.0,1.0,,,,,836,,,,0.0,,0.0,,0.0
,,,0.0915178582072258,,0.9296875,,,,,,,,,,,1.0,1.0,,,,,837,,,,0.0,,0.0,,0.0
,,,0.0712890625,,0.9453125,,,,,,,,,,,1.0,1.0,,,,,838,,,,0.0,,0.0,,0.0
,,,0.0685763880610466,,0.953125,,,,,,,,,,,1.0,1.0,,,,,839,,,,0.0,,0.0,,0.0
,,,0.2631111145019531,,0.8253333568572998,,,,,,,,,,,1.0,1.0,,,,,840,,,,0.0,,0.0,,0.0
,,,0.1294642835855484,,1.0,,,,,,,,,,,1.0,1.0,,,,,841,,,,0.0,,0.0,,0.0
,,,0.111328125,,0.9921875,,,,,,,,,,,1.0,1.0,,,,,842,,,,0.0,,0.0,,0.0
,,,0.17906421422958374,,0.9873949289321899,,,,,,,,,,,1.0,1.0,,,,,843,,,,0.0,,0.0,,0.0
,,,0.091796875,,0.9375,,,,,,,,,,,1.0,1.0,,,,,844,,,,0.0,,0.0,,0.0
,,,0.08984375,,0.9453125,,,,,,,,,,,1.0,1.0,,,,,845,,,,0.0,,0.0,,0.0
,,,0.15620490908622742,,0.9253246784210205,,,,,,,,,,,1.0,1.0,,,,,846,,,,0.0,,0.0,,0.0
,,,0.0668402761220932,,0.9609375,,,,,,,,,,,1.0,1.0,,,,,847,,,,0.0,,0.0,,0.0
,,,0.0810546875,,0.9453125,,,,,,,,,,,1.0,1.0,,,,,848,,,,0.0,,0.0,,0.0
,,,0.16799502074718475,,0.9749688506126404,,,,,,,,,,,1.0,1.0,,,,,849,,,,0.0,,0.0,,0.0
,,,0.0625,,0.921875,,,,,,,,,,,1.0,1.0,,,,,850,,,,0.0,,0.0,,0.0
,,,0.0607638880610466,,0.9453125,,,,,,,,,,,1.0,1.0,,,,,851,,,,0.0,,0.0,,0.0
,,,0.06778325140476227,,0.7285714149475098,,,,,,,,,,,1.0,1.0,,,,,852,,,,0.0,,0.0,,0.0
,,,0.004687500186264515,,0.5859375,,,,,,,,,,,1.0,1.0,,,,,853,,,,0.0,,0.0,,0.0
,,,0.007031249813735485,,0.59375,,,,,,,,,,,1.0,1.0,,,,,854,,,,0.0,,0.0,,0.0
,,,0.07403773814439774,,0.7305660247802734,,,,,,,,,,,1.0,1.0,,,,,855,,,,0.0,,0.0,,0.0
,,,0.0850694477558136,,1.0,,,,,,,,,,,1.0,1.0,,,,,856,,,,0.0,,0.0,,0.0
,,,0.0746527761220932,,0.9765625,,,,,,,,,,,1.0,1.0,,,,,857,,,,0.0,,0.0,,0.0
,,,0.1560419499874115,,0.9418604373931885,,,,,,,,,,,1.0,1.0,,,,,858,,,,0.0,,0.0,,0.0
,,,0.0859375,,0.90625,,,,,,,,,,,1.0,1.0,,,,,859,,,,0.0,,0.0,,0.0
,,,0.0729166641831398,,0.9296875,,,,,,,,,,,1.0,1.0,,,,,860,,,,0.0,,0.0,,0.0
,,,0.17536944150924683,,0.9527093172073364,,,,,,,,,,,1.0,1.0,,,,,861,,,,0.0,,0.0,,0.0
,,,0.1160714253783226,,0.953125,,,,,,,,,,,1.0,1.0,,,,,862,,,,0.0,,0.0,,0.0
,,,0.0927734375,,0.96875,,,,,,,,,,,1.0,1.0,,,,,863,,,,0.0,,0.0,,0.0
,,,0.12027294933795929,,0.9612184762954712,,,,,,,,,,,1.0,1.0,,,,,864,,,,0.0,,0.0,,0.0
,,,0.0329861119389534,,0.9765625,,,,,,,,,,,1.0,1.0,,,,,865,,,,0.0,,0.0,,0.0
,,,0.0251736119389534,,0.921875,,,,,,,,,,,1.0,1.0,,,,,866,,,,0.0,,0.0,,0.0
,,,0.10028490424156189,,0.9297924041748047,,,,,,,,,,,1.0,1.0,,,,,867,,,,0.0,,0.0,,0.0
,,,0.0926339253783226,,0.953125,,,,,,,,,,,1.0,1.0,,,,,868,,,,0.0,,0.0,,0.0
,,,0.0703125,,0.96875,,,,,,,,,,,1.0,1.0,,,,,869,,,,0.0,,0.0,,0.0
,,,0.1719696819782257,,0.9659091234207153,,,,,,,,,,,1.0,1.0,,,,,870,,,,0.0,,0.0,,0.0
,,,0.1294642835855484,,0.984375,,,,,,,,,,,1.0,1.0,,,,,871,,,,0.0,,0.0,,0.0
,,,0.18437500298023224,,1.0,,,,,,,,,,,1.0,1.0,,,,,872,,,,0.0,,0.0,,0.0
,,,0.1842581033706665,,0.9799749851226807,,,,,,,,,,,1.0,1.0,,,,,873,,,,0.0,,0.0,,0.0
,,,0.08984375,,0.96875,,,,,,,,,,,1.0,1.0,,,,,874,,,,0.0,,0.0,,0.0
,,,0.091796875,,0.9453125,,,,,,,,,,,1.0,1.0,,,,,875,,,,0.0,,0.0,,0.0
,,,0.0798611119389534,,0.9140625,,,,,,,,,,,1.0,1.0,,,,,876,,,,0.0,,0.0,,0.0
,,,0.18022747337818146,,0.9763779640197754,,,,,,,,,,,1.0,1.0,,,,,877,,,,0.0,,0.0,,0.0
,,,0.0668402761220932,,0.9375,,,,,,,,,,,1.0,1.0,,,,,878,,,,0.0,,0.0,,0.0
,,,0.0771484375,,0.9453125,,,,,,,,,,,1.0,1.0,,,,,879,,,,0.0,,0.0,,0.0
,,,0.14942528307437897,,0.9913793206214905,,,,,,,,,,,1.0,1.0,,,,,880,,,,0.0,,0.0,,0.0
,,,0.0654296875,,0.890625,,,,,,,,,,,1.0,1.0,,,,,881,,,,0.0,,0.0,,0.0
,,,0.0590277761220932,,0.9765625,,,,,,,,,,,1.0,1.0,,,,,882,,,,0.0,,0.0,,0.0
,,,0.05878254398703575,,0.7451411485671997,,,,,,,,,,,1.0,1.0,,,,,883,,,,0.0,,0.0,,0.0
,,,0.0062500000931322575,,0.5703125,,,,,,,,,,,1.0,1.0,,,,,884,,,,0.0,,0.0,,0.0
,,,0.007031249813735485,,0.5546875,,,,,,,,,,,1.0,1.0,,,,,885,,,,0.0,,0.0,,0.0
,,,0.06979166716337204,,0.7291666269302368,,,,,,,,,,,1.0,1.0,,,,,886,,,,0.0,,0.0,,0.0
,,,0.091796875,,0.984375,,,,,,,,,,,1.0,1.0,,,,,887,,,,0.0,,0.0,,0.0
,,,0.0746527761220932,,1.0,,,,,,,,,,,1.0,1.0,,,,,888,,,,0.0,,0.0,,0.0
,,,0.15319305658340454,,0.9418604373931885,,,,,,,,,,,1.0,1.0,,,,,889,,,,0.0,,0.0,,0.0
,,,0.0642361119389534,,0.8984375,,,,,,,,,,,1.0,1.0,,,,,890,,,,0.0,,0.0,,0.0
,,,0.0970982164144516,,0.953125,,,,,,,,,,,1.0,1.0,,,,,891,,,,0.0,,0.0,,0.0
,,,0.20840707421302795,,0.982300877571106,,,,,,,,,,,1.0,1.0,,,,,892,,,,0.0,,0.0,,0.0
,,,0.1104910746216774,,0.953125,,,,,,,,,,,1.0,1.0,,,,,893,,,,0.0,,0.0,,0.0
,,,0.0842013880610466,,0.9453125,,,,,,,,,,,1.0,1.0,,,,,894,,,,0.0,,0.0,,0.0
,,,0.10942760854959488,,0.9727272987365723,,,,,,,,,,,1.0,1.0,,,,,895,,,,0.0,,0.0,,0.0
,,,0.0303819440305233,,0.9765625,,,,,,,,,,,1.0,1.0,,,,,896,,,,0.0,,0.0,,0.0
,,,0.02777777798473835,,0.9140625,,,,,,,,,,,1.0,1.0,,,,,897,,,,0.0,,0.0,,0.0
,,,0.13263888657093048,,0.9425926208496094,,,,,,,,,,,1.0,1.0,,,,,898,,,,0.0,,0.0,,0.0
,,,0.0859375,,0.9609375,,,,,,,,,,,1.0,1.0,,,,,899,,,,0.0,,0.0,,0.0
,,,0.0837053582072258,,0.9609375,,,,,,,,,,,1.0,1.0,,,,,900,,,,0.0,,0.0,,0.0
,,,0.1720065474510193,,0.9495314359664917,,,,,,,,,,,1.0,1.0,,,,,901,,,,0.0,,0.0,,0.0
,,,0.1328125,,0.9921875,,,,,,,,,,,1.0,1.0,,,,,902,,,,0.0,,0.0,,0.0
,,,0.1536458283662796,,1.0,,,,,,,,,,,1.0,1.0,,,,,903,,,,0.0,,0.0,,0.0
,,,0.2011713683605194,,0.983702540397644,,,,,,,,,,,1.0,1.0,,,,,904,,,,0.0,,0.0,,0.0
,,,0.0859375,,0.953125,,,,,,,,,,,1.0,1.0,,,,,905,,,,0.0,,0.0,,0.0
,,,0.0927734375,,0.9453125,,,,,,,,,,,1.0,1.0,,,,,906,,,,0.0,,0.0,,0.0
,,,0.1705426275730133,,0.9415836334228516,,,,,,,,,,,1.0,1.0,,,,,907,,,,0.0,,0.0,,0.0
,,,0.0642361119389534,,0.953125,,,,,,,,,,,1.0,1.0,,,,,908,,,,0.0,,0.0,,0.0
,,,0.0668402761220932,,0.9296875,,,,,,,,,,,1.0,1.0,,,,,909,,,,0.0,,0.0,,0.0
,,,0.16602925956249237,,0.9580977559089661,,,,,,,,,,,1.0,1.0,,,,,910,,,,0.0,,0.0,,0.0
,,,0.0712890625,,0.9609375,,,,,,,,,,,1.0,1.0,,,,,911,,,,0.0,,0.0,,0.0
,,,0.0564236119389534,,0.9140625,,,,,,,,,,,1.0,1.0,,,,,912,,,,0.0,,0.0,,0.0
,,,0.07946428656578064,,0.8616071343421936,,,,,,,,,,,1.0,1.0,,,,,913,,,,0.0,,0.0,,0.0
,,,0.0054687499068677425,,0.5390625,,,,,,,,,,,1.0,1.0,,,,,914,,,,0.0,,0.0,,0.0
,,,0.00390625,,0.59375,,,,,,,,,,,1.0,1.0,,,,,915,,,,0.0,,0.0,,0.0
,,,0.06138306111097336,,0.7109557390213013,,,,,,,,,,,1.0,1.0,,,,,916,,,,0.0,,0.0,,0.0
,,,0.0798611119389534,,1.0,,,,,,,,,,,1.0,1.0,,,,,917,,,,0.0,,0.0,,0.0
,,,0.0859375,,0.984375,,,,,,,,,,,1.0,1.0,,,,,918,,,,0.0,,0.0,,0.0
,,,0.0831146091222763,,1.0,,,,,,,,,,,1.0,1.0,,,,,919,,,,0.0,,0.0,,0.0
9,0.6344044208526611,0.5903526544570923,,0.9152585864067078,,,,,,,,,,,,,,115.33224487304688,71266.5625,4.747817039489746,467.8374938964844,2209,,,0.0,,0.0,,0.0,
9,,,,,,0.5076457262039185,,0.7318140864372253,,11.208321571350098,,,,,,,,,,,,2209,1.5467698574066162,,,,,,,
,,,,,,,,,,,,,,0.03,0.0004,,,,,,,2249,,,,,,,,
10,,,,,,,0.5199666023254395,,0.7525105476379395,,11.625,0.00039999998989515007,0.029999999329447746,,,1.0,1.0,,,,,2249,,1.6709604263305664,,,,,,
,,,,,,,,,,,,,,0.03,0.0004,,,,,,,2299,,,,,,,,
10,,,,,,,0.5168283581733704,,0.7444894909858704,,11.3828125,0.00039999998989515007,0.029999999329447746,,,1.0,1.0,,,,,2299,,1.2422435283660889,,,,,,
,,,,,,,,,,,,,,0.03,0.0004,,,,,,,2349,,,,,,,,
10,,,,,,,0.5109209418296814,,0.7223467230796814,,10.5703125,0.00039999998989515007,0.029999999329447746,,,1.0,1.0,,,,,2349,,1.835921287536621,,,,,,
,,,,,,,,,,,,,,0.03,0.0004,,,,,,,2399,,,,,,,,
10,,,,,,,0.5054292678833008,,0.7202730178833008,,10.7421875,0.00039999998989515007,0.029999999329447746,,,1.0,1.0,,,,,2399,,1.3388774394989014,,,,,,
,,,0.0869140625,,0.9453125,,,,,,,,,,,1.0,1.0,,,,,920,,,,0.0,,0.0,,0.0
,,,0.0966796875,,0.984375,,,,,,,,,,,1.0,1.0,,,,,921,,,,0.0,,0.0,,0.0
,,,0.16116613149642944,,0.9666299819946289,,,,,,,,,,,1.0,1.0,,,,,922,,,,0.0,,0.0,,0.0
,,,0.18437500298023224,,0.984375,,,,,,,,,,,1.0,1.0,,,,,923,,,,0.0,,0.0,,0.0
,,,0.1064453125,,0.9921875,,,,,,,,,,,1.0,1.0,,,,,924,,,,0.0,,0.0,,0.0
,,,0.14458689093589783,,0.9439102411270142,,,,,,,,,,,1.0,1.0,,,,,925,,,,0.0,,0.0,,0.0
,,,0.03750000149011612,,0.9609375,,,,,,,,,,,1.0,1.0,,,,,926,,,,0.0,,0.0,,0.0
,,,0.04140625149011612,,0.96875,,,,,,,,,,,1.0,1.0,,,,,927,,,,0.0,,0.0,,0.0
,,,0.09116637706756592,,0.9528301954269409,,,,,,,,,,,1.0,1.0,,,,,928,,,,0.0,,0.0,,0.0
,,,0.07109375298023224,,0.9609375,,,,,,,,,,,1.0,1.0,,,,,929,,,,0.0,,0.0,,0.0
,,,0.06718750298023224,,0.96875,,,,,,,,,,,1.0,1.0,,,,,930,,,,0.0,,0.0,,0.0
,,,0.07187499850988388,,0.96875,,,,,,,,,,,1.0,1.0,,,,,931,,,,0.0,,0.0,,0.0
,,,0.17733332514762878,,0.7973333597183228,,,,,,,,,,,1.0,1.0,,,,,932,,,,0.0,,0.0,,0.0
,,,0.0833333358168602,,0.890625,,,,,,,,,,,1.0,1.0,,,,,933,,,,0.0,,0.0,,0.0
,,,0.06875000149011612,,0.8984375,,,,,,,,,,,1.0,1.0,,,,,934,,,,0.0,,0.0,,0.0
,,,0.1443510800600052,,0.9663865566253662,,,,,,,,,,,1.0,1.0,,,,,935,,,,0.0,,0.0,,0.0
,,,0.0685763880610466,,0.9296875,,,,,,,,,,,1.0,1.0,,,,,936,,,,0.0,,0.0,,0.0
,,,0.06093750149011612,,0.9375,,,,,,,,,,,1.0,1.0,,,,,937,,,,0.0,,0.0,,0.0
,,,0.1669372320175171,,0.9020562767982483,,,,,,,,,,,1.0,1.0,,,,,938,,,,0.0,,0.0,,0.0
,,,0.0711805522441864,,0.96875,,,,,,,,,,,1.0,1.0,,,,,939,,,,0.0,,0.0,,0.0
,,,0.06171875074505806,,0.96875,,,,,,,,,,,1.0,1.0,,,,,940,,,,0.0,,0.0,,0.0
,,,0.1399252712726593,,0.9681195020675659,,,,,,,,,,,1.0,1.0,,,,,941,,,,0.0,,0.0,,0.0
,,,0.06796874850988388,,0.96875,,,,,,,,,,,1.0,1.0,,,,,942,,,,0.0,,0.0,,0.0
,,,0.0885416641831398,,0.984375,,,,,,,,,,,1.0,1.0,,,,,943,,,,0.0,,0.0,,0.0
,,,0.12630541622638702,,0.9527093172073364,,,,,,,,,,,1.0,1.0,,,,,944,,,,0.0,,0.0,,0.0
,,,0.0633680522441864,,0.953125,,,,,,,,,,,1.0,1.0,,,,,945,,,,0.0,,0.0,,0.0
,,,0.0625,,0.9296875,,,,,,,,,,,1.0,1.0,,,,,946,,,,0.0,,0.0,,0.0
,,,0.12894479930400848,,0.9206289052963257,,,,,,,,,,,1.0,1.0,,,,,947,,,,0.0,,0.0,,0.0
,,,0.0720486119389534,,0.9453125,,,,,,,,,,,1.0,1.0,,,,,948,,,,0.0,,0.0,,0.0
,,,0.0654296875,,0.9140625,,,,,,,,,,,1.0,1.0,,,,,949,,,,0.0,,0.0,,0.0
,,,0.14807721972465515,,0.9354308843612671,,,,,,,,,,,1.0,1.0,,,,,950,,,,0.0,,0.0,,0.0
,,,0.0859375,,0.953125,,,,,,,,,,,1.0,1.0,,,,,951,,,,0.0,,0.0,,0.0
,,,0.0833333358168602,,0.96875,,,,,,,,,,,1.0,1.0,,,,,952,,,,0.0,,0.0,,0.0
,,,0.1820470690727234,,0.9770935773849487,,,,,,,,,,,1.0,1.0,,,,,953,,,,0.0,,0.0,,0.0
,,,0.1103515625,,0.984375,,,,,,,,,,,1.0,1.0,,,,,954,,,,0.0,,0.0,,0.0
,,,0.1238839253783226,,0.984375,,,,,,,,,,,1.0,1.0,,,,,955,,,,0.0,,0.0,,0.0
,,,0.13344751298427582,,0.9462931156158447,,,,,,,,,,,1.0,1.0,,,,,956,,,,0.0,,0.0,,0.0
,,,0.03437500074505806,,0.9765625,,,,,,,,,,,1.0,1.0,,,,,957,,,,0.0,,0.0,,0.0
,,,0.0390625,,0.9375,,,,,,,,,,,1.0,1.0,,,,,958,,,,0.0,,0.0,,0.0
,,,0.10588522255420685,,0.9451770782470703,,,,,,,,,,,1.0,1.0,,,,,959,,,,0.0,,0.0,,0.0
,,,0.07187499850988388,,0.9609375,,,,,,,,,,,1.0,1.0,,,,,960,,,,0.0,,0.0,,0.0
,,,0.07109375298023224,,0.984375,,,,,,,,,,,1.0,1.0,,,,,961,,,,0.0,,0.0,,0.0
,,,0.14295455813407898,,0.9579545259475708,,,,,,,,,,,1.0,1.0,,,,,962,,,,0.0,,0.0,,0.0
,,,0.0850694477558136,,0.9140625,,,,,,,,,,,1.0,1.0,,,,,963,,,,0.0,,0.0,,0.0
,,,0.0888671875,,0.8984375,,,,,,,,,,,1.0,1.0,,,,,964,,,,0.0,,0.0,,0.0
,,,0.13060075044631958,,0.9239674806594849,,,,,,,,,,,1.0,1.0,,,,,965,,,,0.0,,0.0,,0.0
,,,0.0668402761220932,,0.9453125,,,,,,,,,,,1.0,1.0,,,,,966,,,,0.0,,0.0,,0.0
,,,0.05703125149011612,,0.9296875,,,,,,,,,,,1.0,1.0,,,,,967,,,,0.0,,0.0,,0.0
,,,0.06875000149011612,,0.9140625,,,,,,,,,,,1.0,1.0,,,,,968,,,,0.0,,0.0,,0.0
,,,0.20177164673805237,,0.9724409580230713,,,,,,,,,,,1.0,1.0,,,,,969,,,,0.0,,0.0,,0.0
,,,0.0711805522441864,,0.953125,,,,,,,,,,,1.0,1.0,,,,,970,,,,0.0,,0.0,,0.0
,,,0.05937499925494194,,0.9609375,,,,,,,,,,,1.0,1.0,,,,,971,,,,0.0,,0.0,,0.0
,,,0.11666666716337204,,0.9784482717514038,,,,,,,,,,,1.0,1.0,,,,,972,,,,0.0,,0.0,,0.0
,,,0.0789930522441864,,0.9765625,,,,,,,,,,,1.0,1.0,,,,,973,,,,0.0,,0.0,,0.0
,,,0.1015625,,0.9765625,,,,,,,,,,,1.0,1.0,,,,,974,,,,0.0,,0.0,,0.0
,,,0.1472110152244568,,0.9481114745140076,,,,,,,,,,,1.0,1.0,,,,,975,,,,0.0,,0.0,,0.0
,,,0.0703125,,0.96875,,,,,,,,,,,1.0,1.0,,,,,976,,,,0.0,,0.0,,0.0
,,,0.0633680522441864,,0.9375,,,,,,,,,,,1.0,1.0,,,,,977,,,,0.0,,0.0,,0.0
,,,0.11689814925193787,,0.9270833730697632,,,,,,,,,,,1.0,1.0,,,,,978,,,,0.0,,0.0,,0.0
,,,0.0659722238779068,,0.9375,,,,,,,,,,,1.0,1.0,,,,,979,,,,0.0,,0.0,,0.0
,,,0.0712890625,,0.9296875,,,,,,,,,,,1.0,1.0,,,,,980,,,,0.0,,0.0,,0.0
,,,0.14501047134399414,,0.9230343103408813,,,,,,,,,,,1.0,1.0,,,,,981,,,,0.0,,0.0,,0.0
,,,0.0798611119389534,,0.9609375,,,,,,,,,,,1.0,1.0,,,,,982,,,,0.0,,0.0,,0.0
,,,0.0947265625,,0.9765625,,,,,,,,,,,1.0,1.0,,,,,983,,,,0.0,,0.0,,0.0
,,,0.21172566711902618,,0.991150438785553,,,,,,,,,,,1.0,1.0,,,,,984,,,,0.0,,0.0,,0.0
,,,0.111328125,,0.9921875,,,,,,,,,,,1.0,1.0,,,,,985,,,,0.0,,0.0,,0.0
,,,0.1103515625,,0.96875,,,,,,,,,,,1.0,1.0,,,,,986,,,,0.0,,0.0,,0.0
,,,0.14320987462997437,,0.9636363983154297,,,,,,,,,,,1.0,1.0,,,,,987,,,,0.0,,0.0,,0.0
,,,0.03828125074505806,,0.984375,,,,,,,,,,,1.0,1.0,,,,,988,,,,0.0,,0.0,,0.0
,,,0.03593749925494194,,0.921875,,,,,,,,,,,1.0,1.0,,,,,989,,,,0.0,,0.0,,0.0
,,,0.10537037253379822,,0.9518518447875977,,,,,,,,,,,1.0,1.0,,,,,990,,,,0.0,,0.0,,0.0
,,,0.06640625,,0.9765625,,,,,,,,,,,1.0,1.0,,,,,991,,,,0.0,,0.0,,0.0
,,,0.0798611119389534,,0.96875,,,,,,,,,,,1.0,1.0,,,,,992,,,,0.0,,0.0,,0.0
,,,0.16602706909179688,,0.9356091022491455,,,,,,,,,,,1.0,1.0,,,,,993,,,,0.0,,0.0,,0.0
,,,0.0842013880610466,,0.9296875,,,,,,,,,,,1.0,1.0,,,,,994,,,,0.0,,0.0,,0.0
,,,0.0842013880610466,,0.8984375,,,,,,,,,,,1.0,1.0,,,,,995,,,,0.0,,0.0,,0.0
,,,0.13685879111289978,,0.9446141719818115,,,,,,,,,,,1.0,1.0,,,,,996,,,,0.0,,0.0,,0.0
,,,0.0633680522441864,,0.9375,,,,,,,,,,,1.0,1.0,,,,,997,,,,0.0,,0.0,,0.0
,,,0.06328125298023224,,0.9140625,,,,,,,,,,,1.0,1.0,,,,,998,,,,0.0,,0.0,,0.0
,,,0.12940198183059692,,0.9296788573265076,,,,,,,,,,,1.0,1.0,,,,,999,,,,0.0,,0.0,,0.0
,,,0.076171875,,0.9609375,,,,,,,,,,,1.0,1.0,,,,,1000,,,,0.0,,0.0,,0.0
,,,0.05937499925494194,,0.953125,,,,,,,,,,,1.0,1.0,,,,,1001,,,,0.0,,0.0,,0.0
,,,0.17152570188045502,,0.9632524251937866,,,,,,,,,,,1.0,1.0,,,,,1002,,,,0.0,,0.0,,0.0
,,,0.06953124701976776,,0.96875,,,,,,,,,,,1.0,1.0,,,,,1003,,,,0.0,,0.0,,0.0
,,,0.0833333358168602,,0.9609375,,,,,,,,,,,1.0,1.0,,,,,1004,,,,0.0,,0.0,,0.0
,,,0.15446428954601288,,0.9866071343421936,,,,,,,,,,,1.0,1.0,,,,,1005,,,,0.0,,0.0,,0.0
,,,0.0642361119389534,,0.96875,,,,,,,,,,,1.0,1.0,,,,,1006,,,,0.0,,0.0,,0.0
,,,0.0732421875,,0.9375,,,,,,,,,,,1.0,1.0,,,,,1007,,,,0.0,,0.0,,0.0
,,,0.09488043189048767,,0.8919968605041504,,,,,,,,,,,1.0,1.0,,,,,1008,,,,0.0,,0.0,,0.0
,,,0.0668402761220932,,0.921875,,,,,,,,,,,1.0,1.0,,,,,1009,,,,0.0,,0.0,,0.0
,,,0.0598958320915699,,0.90625,,,,,,,,,,,1.0,1.0,,,,,1010,,,,0.0,,0.0,,0.0
,,,0.07874015718698502,,0.9291338324546814,,,,,,,,,,,1.0,1.0,,,,,1011,,,,0.0,,0.0,,0.0
10,0.6499265432357788,0.6578624248504639,,0.9500489234924316,,,,,,,,,,,,,,117.87353515625,64538.6875,4.7696123123168945,462.68743896484375,2430,,,0.0,,0.0,,0.0,
10,,,,,,0.49876537919044495,,0.7185311317443848,,10.988299369812012,,,,,,,,,,,,2430,1.4643127918243408,,,,,,,
,,,,,,,,,,,,,,0.03,0.0004,,,,,,,2449,,,,,,,,
11,,,,,,,0.47685864567756653,,0.6798615455627441,,10.1484375,0.00039999998989515007,0.029999999329447746,,,1.0,1.0,,,,,2449,,1.1792125701904297,,,,,,
,,,,,,,,,,,,,,0.03,0.0004,,,,,,,2499,,,,,,,,
11,,,,,,,0.5078791379928589,,0.7158869504928589,,10.3984375,0.00039999998989515007,0.029999999329447746,,,1.0,1.0,,,,,2499,,1.4161603450775146,,,,,,
,,,,,,,,,,,,,,0.03,0.0004,,,,,,,2549,,,,,,,,
11,,,,,,,0.5028553009033203,,0.7261219024658203,,11.1640625,0.00039999998989515007,0.029999999329447746,,,1.0,1.0,,,,,2549,,1.5529112815856934,,,,,,
,,,,,,,,,,,,,,0.03,0.0004,,,,,,,2599,,,,,,,,
11,,,,,,,0.504057765007019,,0.717680811882019,,10.6796875,0.00039999998989515007,0.029999999329447746,,,1.0,1.0,,,,,2599,,1.2724496126174927,,,,,,
,,,,,,,,,,,,,,0.03,0.0004,,,,,,,2649,,,,,,,,
11,,,,,,,0.47900718450546265,,0.6982454657554626,,10.9609375,0.00039999998989515007,0.029999999329447746,,,1.0,1.0,,,,,2649,,1.562951683998108,,,,,,
,,,0.0668402761220932,,0.8984375,,,,,,,,,,,1.0,1.0,,,,,1012,,,,0.0,,0.0,,0.0
,,,0.1015625,,0.9140625,,,,,,,,,,,1.0,1.0,,,,,1013,,,,0.0,,0.0,,0.0
,,,0.1441144049167633,,0.9283095002174377,,,,,,,,,,,1.0,1.0,,,,,1014,,,,0.0,,0.0,,0.0
,,,0.1149553582072258,,0.953125,,,,,,,,,,,1.0,1.0,,,,,1015,,,,0.0,,0.0,,0.0
,,,0.1015625,,0.921875,,,,,,,,,,,1.0,1.0,,,,,1016,,,,0.0,,0.0,,0.0
,,,0.1467236578464508,,0.9711538553237915,,,,,,,,,,,1.0,1.0,,,,,1017,,,,0.0,,0.0,,0.0
,,,0.0729166641831398,,0.9921875,,,,,,,,,,,1.0,1.0,,,,,1018,,,,0.0,,0.0,,0.0
,,,0.0737847238779068,,1.0,,,,,,,,,,,1.0,1.0,,,,,1019,,,,0.0,,0.0,,0.0
,,,0.14202401041984558,,0.9952830076217651,,,,,,,,,,,1.0,1.0,,,,,1020,,,,0.0,,0.0,,0.0
,,,0.1083984375,,0.96875,,,,,,,,,,,1.0,1.0,,,,,1021,,,,0.0,,0.0,,0.0
,,,0.1064453125,,0.984375,,,,,,,,,,,1.0,1.0,,,,,1022,,,,0.0,,0.0,,0.0
,,,0.1238839253783226,,1.0,,,,,,,,,,,1.0,1.0,,,,,1023,,,,0.0,,0.0,,0.0
,,,0.18433333933353424,,0.9959999918937683,,,,,,,,,,,1.0,1.0,,,,,1024,,,,0.0,,0.0,,0.0
,,,0.1263020783662796,,0.984375,,,,,,,,,,,1.0,1.0,,,,,1025,,,,0.0,,0.0,,0.0
,,,0.08984375,,0.9609375,,,,,,,,,,,1.0,1.0,,,,,1026,,,,0.0,,0.0,,0.0
,,,0.1443510800600052,,0.9663865566253662,,,,,,,,,,,1.0,1.0,,,,,1027,,,,0.0,,0.0,,0.0
,,,0.0680803582072258,,0.90625,,,,,,,,,,,1.0,1.0,,,,,1028,,,,0.0,,0.0,,0.0
,,,0.0503472238779068,,0.921875,,,,,,,,,,,1.0,1.0,,,,,1029,,,,0.0,,0.0,,0.0
,,,0.13684463500976562,,0.8966450095176697,,,,,,,,,,,1.0,1.0,,,,,1030,,,,0.0,,0.0,,0.0
,,,0.0747767835855484,,0.9140625,,,,,,,,,,,1.0,1.0,,,,,1031,,,,0.0,,0.0,,0.0
,,,0.0572916679084301,,0.9140625,,,,,,,,,,,1.0,1.0,,,,,1032,,,,0.0,,0.0,,0.0
,,,0.13828697800636292,,0.9749688506126404,,,,,,,,,,,1.0,1.0,,,,,1033,,,,0.0,,0.0,,0.0
,,,0.0993303582072258,,0.96875,,,,,,,,,,,1.0,1.0,,,,,1034,,,,0.0,,0.0,,0.0
,,,0.0842013880610466,,0.9765625,,,,,,,,,,,1.0,1.0,,,,,1035,,,,0.0,,0.0,,0.0
,,,0.10305419564247131,,0.9497536420822144,,,,,,,,,,,1.0,1.0,,,,,1036,,,,0.0,,0.0,,0.0
,,,0.0538194440305233,,0.9453125,,,,,,,,,,,1.0,1.0,,,,,1037,,,,0.0,,0.0,,0.0
,,,0.052734375,,0.9453125,,,,,,,,,,,1.0,1.0,,,,,1038,,,,0.0,,0.0,,0.0
,,,0.13116352260112762,,0.9450314044952393,,,,,,,,,,,1.0,1.0,,,,,1039,,,,0.0,,0.0,,0.0
,,,0.0986328125,,0.9921875,,,,,,,,,,,1.0,1.0,,,,,1040,,,,0.0,,0.0,,0.0
,,,0.0668402761220932,,0.984375,,,,,,,,,,,1.0,1.0,,,,,1041,,,,0.0,,0.0,,0.0
,,,0.17551299929618835,,0.9476060271263123,,,,,,,,,,,1.0,1.0,,,,,1042,,,,0.0,,0.0,,0.0
,,,0.0711805522441864,,0.890625,,,,,,,,,,,1.0,1.0,,,,,1043,,,,0.0,,0.0,,0.0
,,,0.0746527761220932,,0.90625,,,,,,,,,,,1.0,1.0,,,,,1044,,,,0.0,,0.0,,0.0
,,,0.1581827998161316,,0.9369457960128784,,,,,,,,,,,1.0,1.0,,,,,1045,,,,0.0,,0.0,,0.0
,,,0.12890625,,0.9375,,,,,,,,,,,1.0,1.0,,,,,1046,,,,0.0,,0.0,,0.0
,,,0.1026785746216774,,0.9375,,,,,,,,,,,1.0,1.0,,,,,1047,,,,0.0,,0.0,,0.0
,,,0.14316123723983765,,0.9754098653793335,,,,,,,,,,,1.0,1.0,,,,,1048,,,,0.0,,0.0,,0.0
,,,0.0729166641831398,,0.9921875,,,,,,,,,,,1.0,1.0,,,,,1049,,,,0.0,,0.0,,0.0
,,,0.0677083358168602,,1.0,,,,,,,,,,,1.0,1.0,,,,,1050,,,,0.0,,0.0,,0.0
,,,0.15927281975746155,,0.9843711853027344,,,,,,,,,,,1.0,1.0,,,,,1051,,,,0.0,,0.0,,0.0
,,,0.0989583358168602,,0.984375,,,,,,,,,,,1.0,1.0,,,,,1052,,,,0.0,,0.0,,0.0
,,,0.1044921875,,0.9921875,,,,,,,,,,,1.0,1.0,,,,,1053,,,,0.0,,0.0,,0.0
,,,0.23766234517097473,,0.987500011920929,,,,,,,,,,,1.0,1.0,,,,,1054,,,,0.0,,0.0,,0.0
,,,0.0885416641831398,,0.9921875,,,,,,,,,,,1.0,1.0,,,,,1055,,,,0.0,,0.0,,0.0
,,,0.095703125,,0.9765625,,,,,,,,,,,1.0,1.0,,,,,1056,,,,0.0,,0.0,,0.0
,,,0.14956195652484894,,0.9399248957633972,,,,,,,,,,,1.0,1.0,,,,,1057,,,,0.0,,0.0,,0.0
,,,0.0693359375,,0.9296875,,,,,,,,,,,1.0,1.0,,,,,1058,,,,0.0,,0.0,,0.0
,,,0.0576171875,,0.890625,,,,,,,,,,,1.0,1.0,,,,,1059,,,,0.0,,0.0,,0.0
,,,0.0607638880610466,,0.890625,,,,,,,,,,,1.0,1.0,,,,,1060,,,,0.0,,0.0,,0.0
,,,0.19192913174629211,,0.9566929340362549,,,,,,,,,,,1.0,1.0,,,,,1061,,,,0.0,,0.0,,0.0
,,,0.08984375,,0.8828125,,,,,,,,,,,1.0,1.0,,,,,1062,,,,0.0,,0.0,,0.0
,,,0.0520833320915699,,0.921875,,,,,,,,,,,1.0,1.0,,,,,1063,,,,0.0,,0.0,,0.0
,,,0.12715516984462738,,0.9497126340866089,,,,,,,,,,,1.0,1.0,,,,,1064,,,,0.0,,0.0,,0.0
,,,0.06953124701976776,,0.96875,,,,,,,,,,,1.0,1.0,,,,,1065,,,,0.0,,0.0,,0.0
,,,0.091796875,,0.984375,,,,,,,,,,,1.0,1.0,,,,,1066,,,,0.0,,0.0,,0.0
,,,0.13290958106517792,,0.9517785310745239,,,,,,,,,,,1.0,1.0,,,,,1067,,,,0.0,,0.0,,0.0
,,,0.0512152761220932,,0.96875,,,,,,,,,,,1.0,1.0,,,,,1068,,,,0.0,,0.0,,0.0
,,,0.0517578125,,0.9375,,,,,,,,,,,1.0,1.0,,,,,1069,,,,0.0,,0.0,,0.0
,,,0.1471354067325592,,0.9479166269302368,,,,,,,,,,,1.0,1.0,,,,,1070,,,,0.0,,0.0,,0.0
,,,0.1015625,,0.9765625,,,,,,,,,,,1.0,1.0,,,,,1071,,,,0.0,,0.0,,0.0
,,,0.0711805522441864,,0.9921875,,,,,,,,,,,1.0,1.0,,,,,1072,,,,0.0,,0.0,,0.0
,,,0.17967885732650757,,0.9299557209014893,,,,,,,,,,,1.0,1.0,,,,,1073,,,,0.0,,0.0,,0.0
,,,0.078125,,0.890625,,,,,,,,,,,1.0,1.0,,,,,1074,,,,0.0,,0.0,,0.0
,,,0.0888671875,,0.9296875,,,,,,,,,,,1.0,1.0,,,,,1075,,,,0.0,,0.0,,0.0
,,,0.16355293989181519,,0.9734513163566589,,,,,,,,,,,1.0,1.0,,,,,1076,,,,0.0,,0.0,,0.0
,,,0.1197916641831398,,0.9296875,,,,,,,,,,,1.0,1.0,,,,,1077,,,,0.0,,0.0,,0.0
,,,0.0868055522441864,,0.9453125,,,,,,,,,,,1.0,1.0,,,,,1078,,,,0.0,,0.0,,0.0
,,,0.14590346813201904,,0.9722222089767456,,,,,,,,,,,1.0,1.0,,,,,1079,,,,0.0,,0.0,,0.0
,,,0.0746527761220932,,0.9921875,,,,,,,,,,,1.0,1.0,,,,,1080,,,,0.0,,0.0,,0.0
,,,0.0625,,0.9765625,,,,,,,,,,,1.0,1.0,,,,,1081,,,,0.0,,0.0,,0.0
,,,0.20648148655891418,,0.9907407760620117,,,,,,,,,,,1.0,1.0,,,,,1082,,,,0.0,,0.0,,0.0
,,,0.0954861119389534,,0.9921875,,,,,,,,,,,1.0,1.0,,,,,1083,,,,0.0,,0.0,,0.0
,,,0.10546875,,0.9921875,,,,,,,,,,,1.0,1.0,,,,,1084,,,,0.0,,0.0,,0.0
,,,0.28871041536331177,,0.9939758777618408,,,,,,,,,,,1.0,1.0,,,,,1085,,,,0.0,,0.0,,0.0
,,,0.095703125,,0.984375,,,,,,,,,,,1.0,1.0,,,,,1086,,,,0.0,,0.0,,0.0
,,,0.0868055522441864,,0.96875,,,,,,,,,,,1.0,1.0,,,,,1087,,,,0.0,,0.0,,0.0
,,,0.1426873803138733,,0.9479246139526367,,,,,,,,,,,1.0,1.0,,,,,1088,,,,0.0,,0.0,,0.0
,,,0.0703125,,0.90625,,,,,,,,,,,1.0,1.0,,,,,1089,,,,0.0,,0.0,,0.0
,,,0.0529513880610466,,0.921875,,,,,,,,,,,1.0,1.0,,,,,1090,,,,0.0,,0.0,,0.0
,,,0.11411960422992706,,0.894518256187439,,,,,,,,,,,1.0,1.0,,,,,1091,,,,0.0,,0.0,,0.0
,,,0.08203125,,0.875,,,,,,,,,,,1.0,1.0,,,,,1092,,,,0.0,,0.0,,0.0
,,,0.0590277761220932,,0.90625,,,,,,,,,,,1.0,1.0,,,,,1093,,,,0.0,,0.0,,0.0
,,,0.1325906217098236,,0.9374791979789734,,,,,,,,,,,1.0,1.0,,,,,1094,,,,0.0,,0.0,,0.0
,,,0.08984375,,0.984375,,,,,,,,,,,1.0,1.0,,,,,1095,,,,0.0,,0.0,,0.0
,,,0.07109375298023224,,0.9609375,,,,,,,,,,,1.0,1.0,,,,,1096,,,,0.0,,0.0,,0.0
,,,0.12321428954601288,,0.9642857313156128,,,,,,,,,,,1.0,1.0,,,,,1097,,,,0.0,,0.0,,0.0
,,,0.056640625,,0.9453125,,,,,,,,,,,1.0,1.0,,,,,1098,,,,0.0,,0.0,,0.0
,,,0.0537109375,,0.953125,,,,,,,,,,,1.0,1.0,,,,,1099,,,,0.0,,0.0,,0.0
,,,0.1102369874715805,,0.8791763782501221,,,,,,,,,,,1.0,1.0,,,,,1100,,,,0.0,,0.0,,0.0
,,,0.1223958358168602,,0.984375,,,,,,,,,,,1.0,1.0,,,,,1101,,,,0.0,,0.0,,0.0
,,,0.0791015625,,0.96875,,,,,,,,,,,1.0,1.0,,,,,1102,,,,0.0,,0.0,,0.0
,,,0.08136483281850815,,0.9921259880065918,,,,,,,,,,,1.0,1.0,,,,,1103,,,,0.0,,0.0,,0.0
11,0.6548457145690918,0.6579105854034424,,0.9529078006744385,,,,,,,,,,,,,,120.06537628173828,63053.0234375,4.788036346435547,466.2770690917969,2651,,,0.0,,0.0,,0.0,
11,,,,,,0.490782231092453,,0.7065975666046143,,10.790617942810059,,,,,,,,,,,,2651,1.3549654483795166,,,,,,,
,,,,,,,,,,,,,,0.03,0.0004,,,,,,,2699,,,,,,,,
12,,,,,,,0.48850834369659424,,0.7060376405715942,,10.875,0.00039999998989515007,0.029999999329447746,,,1.0,1.0,,,,,2699,,1.6525137424468994,,,,,,
,,,,,,,,,,,,,,0.03,0.0004,,,,,,,2749,,,,,,,,
12,,,,,,,0.4746595025062561,,0.6851087212562561,,10.5234375,0.00039999998989515007,0.029999999329447746,,,1.0,1.0,,,,,2749,,1.231985092163086,,,,,,
,,,,,,,,,,,,,,0.03,0.0004,,,,,,,2799,,,,,,,,
12,,,,,,,0.49309059977531433,,0.7068357467651367,,10.6875,0.00039999998989515007,0.029999999329447746,,,1.0,1.0,,,,,2799,,1.2957744598388672,,,,,,
,,,,,,,,,,,,,,0.03,0.0004,,,,,,,2849,,,,,,,,
12,,,,,,,0.4809563159942627,,0.7142326831817627,,11.6640625,0.00039999998989515007,0.029999999329447746,,,1.0,1.0,,,,,2849,,1.2852580547332764,,,,,,
,,,0.1238839253783226,,0.96875,,,,,,,,,,,1.0,1.0,,,,,1104,,,,0.0,,0.0,,0.0
,,,0.1216517835855484,,0.9921875,,,,,,,,,,,1.0,1.0,,,,,1105,,,,0.0,,0.0,,0.0
,,,0.18404433131217957,,0.9431610107421875,,,,,,,,,,,1.0,1.0,,,,,1106,,,,0.0,,0.0,,0.0
,,,0.125,,0.9609375,,,,,,,,,,,1.0,1.0,,,,,1107,,,,0.0,,0.0,,0.0
,,,0.0966796875,,0.96875,,,,,,,,,,,1.0,1.0,,,,,1108,,,,0.0,,0.0,,0.0
,,,0.12339743226766586,,0.9391025304794312,,,,,,,,,,,1.0,1.0,,,,,1109,,,,0.0,,0.0,,0.0
,,,0.05156249925494194,,0.9921875,,,,,,,,,,,1.0,1.0,,,,,1110,,,,0.0,,0.0,,0.0
,,,0.04843749850988388,,0.9921875,,,,,,,,,,,1.0,1.0,,,,,1111,,,,0.0,,0.0,,0.0
,,,0.10265865921974182,,0.9678387641906738,,,,,,,,,,,1.0,1.0,,,,,1112,,,,0.0,,0.0,,0.0
,,,0.06093750149011612,,0.9609375,,,,,,,,,,,1.0,1.0,,,,,1113,,,,0.0,,0.0,,0.0
,,,0.06093750149011612,,0.9609375,,,,,,,,,,,1.0,1.0,,,,,1114,,,,0.0,,0.0,,0.0
,,,0.08203125,,0.9609375,,,,,,,,,,,1.0,1.0,,,,,1115,,,,0.0,,0.0,,0.0
,,,0.15585185587406158,,0.7693333625793457,,,,,,,,,,,1.0,1.0,,,,,1116,,,,0.0,,0.0,,0.0
,,,0.0720486119389534,,0.84375,,,,,,,,,,,1.0,1.0,,,,,1117,,,,0.0,,0.0,,0.0
,,,0.0720486119389534,,0.84375,,,,,,,,,,,1.0,1.0,,,,,1118,,,,0.0,,0.0,,0.0
,,,0.1103641539812088,,0.9831932783126831,,,,,,,,,,,1.0,1.0,,,,,1119,,,,0.0,,0.0,,0.0
,,,0.056640625,,0.953125,,,,,,,,,,,1.0,1.0,,,,,1120,,,,0.0,,0.0,,0.0
,,,0.05859375,,0.9296875,,,,,,,,,,,1.0,1.0,,,,,1121,,,,0.0,,0.0,,0.0
,,,0.14898990094661713,,0.9312770366668701,,,,,,,,,,,1.0,1.0,,,,,1122,,,,0.0,,0.0,,0.0
,,,0.0798611119389534,,0.9609375,,,,,,,,,,,1.0,1.0,,,,,1123,,,,0.0,,0.0,,0.0
,,,0.078125,,0.953125,,,,,,,,,,,1.0,1.0,,,,,1124,,,,0.0,,0.0,,0.0
,,,0.2043764442205429,,0.9544209241867065,,,,,,,,,,,1.0,1.0,,,,,1125,,,,0.0,,0.0,,0.0
,,,0.06640625,,0.9609375,,,,,,,,,,,1.0,1.0,,,,,1126,,,,0.0,,0.0,,0.0
,,,0.0869140625,,0.984375,,,,,,,,,,,1.0,1.0,,,,,1127,,,,0.0,,0.0,,0.0
,,,0.14014777541160583,,0.984236478805542,,,,,,,,,,,1.0,1.0,,,,,1128,,,,0.0,,0.0,,0.0
,,,0.099609375,,0.96875,,,,,,,,,,,1.0,1.0,,,,,1129,,,,0.0,,0.0,,0.0
,,,0.1044921875,,0.9765625,,,,,,,,,,,1.0,1.0,,,,,1130,,,,0.0,,0.0,,0.0
,,,0.1553598940372467,,0.946163535118103,,,,,,,,,,,1.0,1.0,,,,,1131,,,,0.0,,0.0,,0.0
,,,0.0772569477558136,,0.9921875,,,,,,,,,,,1.0,1.0,,,,,1132,,,,0.0,,0.0,,0.0
,,,0.05390625074505806,,0.9609375,,,,,,,,,,,1.0,1.0,,,,,1133,,,,0.0,,0.0,,0.0
,,,0.1791761815547943,,0.9941176176071167,,,,,,,,,,,1.0,1.0,,,,,1134,,,,0.0,,0.0,,0.0
,,,0.1183035746216774,,0.96875,,,,,,,,,,,1.0,1.0,,,,,1135,,,,0.0,,0.0,,0.0
,,,0.09375,,0.96875,,,,,,,,,,,1.0,1.0,,,,,1136,,,,0.0,,0.0,,0.0
,,,0.18434591591358185,,0.9699507355690002,,,,,,,,,,,1.0,1.0,,,,,1137,,,,0.0,,0.0,,0.0
,,,0.1138392835855484,,0.953125,,,,,,,,,,,1.0,1.0,,,,,1138,,,,0.0,,0.0,,0.0
,,,0.1015625,,0.96875,,,,,,,,,,,1.0,1.0,,,,,1139,,,,0.0,,0.0,,0.0
,,,0.13420601189136505,,0.960484504699707,,,,,,,,,,,1.0,1.0,,,,,1140,,,,0.0,,0.0,,0.0
,,,0.04765624925494194,,0.9921875,,,,,,,,,,,1.0,1.0,,,,,1141,,,,0.0,,0.0,,0.0
,,,0.05390625074505806,,0.984375,,,,,,,,,,,1.0,1.0,,,,,1142,,,,0.0,,0.0,,0.0
,,,0.09838828444480896,,0.9766788482666016,,,,,,,,,,,1.0,1.0,,,,,1143,,,,0.0,,0.0,,0.0
,,,0.0859375,,0.9609375,,,,,,,,,,,1.0,1.0,,,,,1144,,,,0.0,,0.0,,0.0
,,,0.0685763880610466,,0.96875,,,,,,,,,,,1.0,1.0,,,,,1145,,,,0.0,,0.0,,0.0
,,,0.16060605645179749,,0.9034091234207153,,,,,,,,,,,1.0,1.0,,,,,1146,,,,0.0,,0.0,,0.0
,,,0.07109375298023224,,0.8671875,,,,,,,,,,,1.0,1.0,,,,,1147,,,,0.0,,0.0,,0.0
,,,0.0729166641831398,,0.8359375,,,,,,,,,,,1.0,1.0,,,,,1148,,,,0.0,,0.0,,0.0
,,,0.12049783766269684,,0.9067584276199341,,,,,,,,,,,1.0,1.0,,,,,1149,,,,0.0,,0.0,,0.0
,,,0.0654296875,,0.9765625,,,,,,,,,,,1.0,1.0,,,,,1150,,,,0.0,,0.0,,0.0
,,,0.0498046875,,0.9375,,,,,,,,,,,1.0,1.0,,,,,1151,,,,0.0,,0.0,,0.0
,,,0.06640625,,0.9140625,,,,,,,,,,,1.0,1.0,,,,,1152,,,,0.0,,0.0,,0.0
,,,0.19247594475746155,,0.9803149700164795,,,,,,,,,,,1.0,1.0,,,,,1153,,,,0.0,,0.0,,0.0
,,,0.0869140625,,0.953125,,,,,,,,,,,1.0,1.0,,,,,1154,,,,0.0,,0.0,,0.0
,,,0.0763888880610466,,0.953125,,,,,,,,,,,1.0,1.0,,,,,1155,,,,0.0,,0.0,,0.0
,,,0.14431673288345337,,0.9784482717514038,,,,,,,,,,,1.0,1.0,,,,,1156,,,,0.0,,0.0,,0.0
,,,0.06796874850988388,,0.953125,,,,,,,,,,,1.0,1.0,,,,,1157,,,,0.0,,0.0,,0.0
,,,0.0869140625,,0.9921875,,,,,,,,,,,1.0,1.0,,,,,1158,,,,0.0,,0.0,,0.0
,,,0.14488449692726135,,0.9715805053710938,,,,,,,,,,,1.0,1.0,,,,,1159,,,,0.0,,0.0,,0.0
,,,0.0911458358168602,,0.984375,,,,,,,,,,,1.0,1.0,,,,,1160,,,,0.0,,0.0,,0.0
,,,0.0902777761220932,,0.96875,,,,,,,,,,,1.0,1.0,,,,,1161,,,,0.0,,0.0,,0.0
,,,0.15509259700775146,,0.9583333730697632,,,,,,,,,,,1.0,1.0,,,,,1162,,,,0.0,,0.0,,0.0
,,,0.0703125,,0.96875,,,,,,,,,,,1.0,1.0,,,,,1163,,,,0.0,,0.0,,0.0
,,,0.0651041641831398,,0.9921875,,,,,,,,,,,1.0,1.0,,,,,1164,,,,0.0,,0.0,,0.0
,,,0.1922757476568222,,0.9764673113822937,,,,,,,,,,,1.0,1.0,,,,,1165,,,,0.0,,0.0,,0.0
,,,0.1025390625,,0.9765625,,,,,,,,,,,1.0,1.0,,,,,1166,,,,0.0,,0.0,,0.0
,,,0.1238839253783226,,0.96875,,,,,,,,,,,1.0,1.0,,,,,1167,,,,0.0,,0.0,,0.0
,,,0.17935103178024292,,0.9778760671615601,,,,,,,,,,,1.0,1.0,,,,,1168,,,,0.0,,0.0,,0.0
,,,0.095703125,,0.9609375,,,,,,,,,,,1.0,1.0,,,,,1169,,,,0.0,,0.0,,0.0
,,,0.0920138880610466,,0.9609375,,,,,,,,,,,1.0,1.0,,,,,1170,,,,0.0,,0.0,,0.0
,,,0.12868687510490417,,0.9585858583450317,,,,,,,,,,,1.0,1.0,,,,,1171,,,,0.0,,0.0,,0.0
,,,0.05156249925494194,,1.0,,,,,,,,,,,1.0,1.0,,,,,1172,,,,0.0,,0.0,,0.0
,,,0.046875,,0.9765625,,,,,,,,,,,1.0,1.0,,,,,1173,,,,0.0,,0.0,,0.0
,,,0.11703704297542572,,0.9814814925193787,,,,,,,,,,,1.0,1.0,,,,,1174,,,,0.0,,0.0,,0.0
,,,0.06484375149011612,,0.9609375,,,,,,,,,,,1.0,1.0,,,,,1175,,,,0.0,,0.0,,0.0
,,,0.0711805522441864,,0.96875,,,,,,,,,,,1.0,1.0,,,,,1176,,,,0.0,,0.0,,0.0
,,,0.15861967206001282,,0.912449836730957,,,,,,,,,,,1.0,1.0,,,,,1177,,,,0.0,,0.0,,0.0
,,,0.0772569477558136,,0.875,,,,,,,,,,,1.0,1.0,,,,,1178,,,,0.0,,0.0,,0.0
,,,0.0849609375,,0.84375,,,,,,,,,,,1.0,1.0,,,,,1179,,,,0.0,,0.0,,0.0
,,,0.11951448023319244,,0.9118920564651489,,,,,,,,,,,1.0,1.0,,,,,1180,,,,0.0,,0.0,,0.0
,,,0.0555555559694767,,0.96875,,,,,,,,,,,1.0,1.0,,,,,1181,,,,0.0,,0.0,,0.0
,,,0.05859375,,0.9296875,,,,,,,,,,,1.0,1.0,,,,,1182,,,,0.0,,0.0,,0.0
,,,0.13756613433361053,,0.9296788573265076,,,,,,,,,,,1.0,1.0,,,,,1183,,,,0.0,,0.0,,0.0
,,,0.0807291641831398,,0.96875,,,,,,,,,,,1.0,1.0,,,,,1184,,,,0.0,,0.0,,0.0
,,,0.08203125,,0.953125,,,,,,,,,,,1.0,1.0,,,,,1185,,,,0.0,,0.0,,0.0
,,,0.19795477390289307,,0.9580977559089661,,,,,,,,,,,1.0,1.0,,,,,1186,,,,0.0,,0.0,,0.0
,,,0.06718750298023224,,0.9609375,,,,,,,,,,,1.0,1.0,,,,,1187,,,,0.0,,0.0,,0.0
,,,0.0763888880610466,,0.953125,,,,,,,,,,,1.0,1.0,,,,,1188,,,,0.0,,0.0,,0.0
,,,0.170634925365448,,0.9955357313156128,,,,,,,,,,,1.0,1.0,,,,,1189,,,,0.0,,0.0,,0.0
,,,0.0966796875,,0.96875,,,,,,,,,,,1.0,1.0,,,,,1190,,,,0.0,,0.0,,0.0
,,,0.1015625,,0.9765625,,,,,,,,,,,1.0,1.0,,,,,1191,,,,0.0,,0.0,,0.0
,,,0.1296727955341339,,0.9005439281463623,,,,,,,,,,,1.0,1.0,,,,,1192,,,,0.0,,0.0,,0.0
,,,0.0720486119389534,,0.9609375,,,,,,,,,,,1.0,1.0,,,,,1193,,,,0.0,,0.0,,0.0
,,,0.05859375,,0.96875,,,,,,,,,,,1.0,1.0,,,,,1194,,,,0.0,,0.0,,0.0
,,,0.08366141468286514,,0.9842519760131836,,,,,,,,,,,1.0,1.0,,,,,1195,,,,0.0,,0.0,,0.0
12,0.6687182188034058,0.6780495643615723,,0.9554729461669922,,,,,,,,,,,,,,120.78990173339844,59256.24609375,4.794052600860596,468.16802978515625,2872,,,0.0,,0.0,,0.0,
12,,,,,,0.48458102345466614,,0.6975287795066833,,10.647377014160156,,,,,,,,,,,,2872,1.445791482925415,,,,,,,
,,,,,,,,,,,,,,0.03,0.0004,,,,,,,2899,,,,,,,,
13,,,,,,,0.49623340368270874,,0.7044853568077087,,10.4140625,0.00039999998989515007,0.029999999329447746,,,1.0,1.0,,,,,2899,,1.3358674049377441,,,,,,
,,,,,,,,,,,,,,0.03,0.0004,,,,,,,2949,,,,,,,,
13,,,,,,,0.4942839443683624,,0.70851731300354,,10.7109375,0.00039999998989515007,0.029999999329447746,,,1.0,1.0,,,,,2949,,1.1645805835723877,,,,,,
,,,,,,,,,,,,,,0.03,0.0004,,,,,,,2999,,,,,,,,
13,,,,,,,0.4841405153274536,,0.6973973512649536,,10.6640625,0.00039999998989515007,0.029999999329447746,,,1.0,1.0,,,,,2999,,1.2383180856704712,,,,,,
,,,,,,,,,,,,,,0.03,0.0004,,,,,,,3049,,,,,,,,
13,,,,,,,0.47868093848228455,,0.6896184682846069,,10.546875,0.00039999998989515007,0.029999999329447746,,,1.0,1.0,,,,,3049,,1.5040652751922607,,,,,,
,,,0.0598958320915699,,0.953125,,,,,,,,,,,1.0,1.0,,,,,1196,,,,0.0,,0.0,,0.0
,,,0.0732421875,,0.9453125,,,,,,,,,,,1.0,1.0,,,,,1197,,,,0.0,,0.0,,0.0
,,,0.14407774806022644,,0.9765310287475586,,,,,,,,,,,1.0,1.0,,,,,1198,,,,0.0,,0.0,,0.0
,,,0.1497395783662796,,0.9765625,,,,,,,,,,,1.0,1.0,,,,,1199,,,,0.0,,0.0,,0.0
,,,0.1064453125,,0.9765625,,,,,,,,,,,1.0,1.0,,,,,1200,,,,0.0,,0.0,,0.0
,,,0.11823362112045288,,0.8974359035491943,,,,,,,,,,,1.0,1.0,,,,,1201,,,,0.0,,0.0,,0.0
,,,0.02265625074505806,,0.921875,,,,,,,,,,,1.0,1.0,,,,,1202,,,,0.0,,0.0,,0.0
,,,0.02890625037252903,,0.90625,,,,,,,,,,,1.0,1.0,,,,,1203,,,,0.0,,0.0,,0.0
,,,0.09425386041402817,,0.9433962106704712,,,,,,,,,,,1.0,1.0,,,,,1204,,,,0.0,,0.0,,0.0
,,,0.171875,,0.984375,,,,,,,,,,,1.0,1.0,,,,,1205,,,,0.0,,0.0,,0.0
,,,0.1393229216337204,,0.9921875,,,,,,,,,,,1.0,1.0,,,,,1206,,,,0.0,,0.0,,0.0
,,,0.13671875,,1.0,,,,,,,,,,,1.0,1.0,,,,,1207,,,,0.0,,0.0,,0.0
,,,0.18433333933353424,,0.809333324432373,,,,,,,,,,,1.0,1.0,,,,,1208,,,,0.0,,0.0,,0.0
,,,0.0798611119389534,,0.9296875,,,,,,,,,,,1.0,1.0,,,,,1209,,,,0.0,,0.0,,0.0
,,,0.087890625,,0.9140625,,,,,,,,,,,1.0,1.0,,,,,1210,,,,0.0,,0.0,,0.0
,,,0.14825189113616943,,0.9831932783126831,,,,,,,,,,,1.0,1.0,,,,,1211,,,,0.0,,0.0,,0.0
,,,0.0546875,,0.96875,,,,,,,,,,,1.0,1.0,,,,,1212,,,,0.0,,0.0,,0.0
,,,0.0477430559694767,,0.9453125,,,,,,,,,,,1.0,1.0,,,,,1213,,,,0.0,,0.0,,0.0
,,,0.15187591314315796,,0.9653679132461548,,,,,,,,,,,1.0,1.0,,,,,1214,,,,0.0,,0.0,,0.0
,,,0.0876736119389534,,0.9609375,,,,,,,,,,,1.0,1.0,,,,,1215,,,,0.0,,0.0,,0.0
,,,0.1160714253783226,,0.96875,,,,,,,,,,,1.0,1.0,,,,,1216,,,,0.0,,0.0,,0.0
,,,0.14348691701889038,,0.9612702131271362,,,,,,,,,,,1.0,1.0,,,,,1217,,,,0.0,,0.0,,0.0
,,,0.05390625074505806,,0.8984375,,,,,,,,,,,1.0,1.0,,,,,1218,,,,0.0,,0.0,,0.0
,,,0.0625,,0.9453125,,,,,,,,,,,1.0,1.0,,,,,1219,,,,0.0,,0.0,,0.0
,,,0.15353038907051086,,0.9699507355690002,,,,,,,,,,,1.0,1.0,,,,,1220,,,,0.0,,0.0,,0.0
,,,0.1510416716337204,,1.0,,,,,,,,,,,1.0,1.0,,,,,1221,,,,0.0,,0.0,,0.0
,,,0.1171875,,1.0,,,,,,,,,,,1.0,1.0,,,,,1222,,,,0.0,,0.0,,0.0
,,,0.24989518523216248,,0.9622641801834106,,,,,,,,,,,1.0,1.0,,,,,1223,,,,0.0,,0.0,,0.0
,,,0.078125,,0.96875,,,,,,,,,,,1.0,1.0,,,,,1224,,,,0.0,,0.0,,0.0
,,,0.0520833320915699,,0.8984375,,,,,,,,,,,1.0,1.0,,,,,1225,,,,0.0,,0.0,,0.0
,,,0.17037326097488403,,0.9296853542327881,,,,,,,,,,,1.0,1.0,,,,,1226,,,,0.0,,0.0,,0.0
,,,0.0590277761220932,,0.953125,,,,,,,,,,,1.0,1.0,,,,,1227,,,,0.0,,0.0,,0.0
,,,0.0616319440305233,,0.9765625,,,,,,,,,,,1.0,1.0,,,,,1228,,,,0.0,,0.0,,0.0
,,,0.1746305376291275,,0.9699507355690002,,,,,,,,,,,1.0,1.0,,,,,1229,,,,0.0,,0.0,,0.0
,,,0.1419270783662796,,0.96875,,,,,,,,,,,1.0,1.0,,,,,1230,,,,0.0,,0.0,,0.0
,,,0.1064453125,,0.984375,,,,,,,,,,,1.0,1.0,,,,,1231,,,,0.0,,0.0,,0.0
,,,0.11943017691373825,,0.9157083034515381,,,,,,,,,,,1.0,1.0,,,,,1232,,,,0.0,,0.0,,0.0
,,,0.02734375,,0.921875,,,,,,,,,,,1.0,1.0,,,,,1233,,,,0.0,,0.0,,0.0
,,,0.02690972201526165,,0.90625,,,,,,,,,,,1.0,1.0,,,,,1234,,,,0.0,,0.0,,0.0
,,,0.1053968220949173,,0.9367521405220032,,,,,,,,,,,1.0,1.0,,,,,1235,,,,0.0,,0.0,,0.0
,,,0.216796875,,0.984375,,,,,,,,,,,1.0,1.0,,,,,1236,,,,0.0,,0.0,,0.0
,,,0.140625,,1.0,,,,,,,,,,,1.0,1.0,,,,,1237,,,,0.0,,0.0,,0.0
,,,0.2085227370262146,,0.9818181991577148,,,,,,,,,,,1.0,1.0,,,,,1238,,,,0.0,,0.0,,0.0
,,,0.07500000298023224,,0.921875,,,,,,,,,,,1.0,1.0,,,,,1239,,,,0.0,,0.0,,0.0
,,,0.0807291641831398,,0.9609375,,,,,,,,,,,1.0,1.0,,,,,1240,,,,0.0,,0.0,,0.0
,,,0.12195800244808197,,0.9280350208282471,,,,,,,,,,,1.0,1.0,,,,,1241,,,,0.0,,0.0,,0.0
,,,0.0736607164144516,,0.9765625,,,,,,,,,,,1.0,1.0,,,,,1242,,,,0.0,,0.0,,0.0
,,,0.056640625,,0.9609375,,,,,,,,,,,1.0,1.0,,,,,1243,,,,0.0,,0.0,,0.0
,,,0.0538194440305233,,0.9453125,,,,,,,,,,,1.0,1.0,,,,,1244,,,,0.0,,0.0,,0.0
,,,0.08031495660543442,,0.9842519760131836,,,,,,,,,,,1.0,1.0,,,,,1245,,,,0.0,,0.0,,0.0
,,,0.0876736119389534,,0.9453125,,,,,,,,,,,1.0,1.0,,,,,1246,,,,0.0,,0.0,,0.0
,,,0.0966796875,,0.9609375,,,,,,,,,,,1.0,1.0,,,,,1247,,,,0.0,,0.0,,0.0
,,,0.13448277115821838,,0.9568965435028076,,,,,,,,,,,1.0,1.0,,,,,1248,,,,0.0,,0.0,,0.0
,,,0.0668402761220932,,0.90625,,,,,,,,,,,1.0,1.0,,,,,1249,,,,0.0,,0.0,,0.0
,,,0.05781250074505806,,0.96875,,,,,,,,,,,1.0,1.0,,,,,1250,,,,0.0,,0.0,,0.0
,,,0.14440777897834778,,0.9580124616622925,,,,,,,,,,,1.0,1.0,,,,,1251,,,,0.0,,0.0,,0.0
,,,0.1305803507566452,,1.0,,,,,,,,,,,1.0,1.0,,,,,1252,,,,0.0,,0.0,,0.0
,,,0.1536458283662796,,1.0,,,,,,,,,,,1.0,1.0,,,,,1253,,,,0.0,,0.0,,0.0
,,,0.1888020932674408,,0.9739583730697632,,,,,,,,,,,1.0,1.0,,,,,1254,,,,0.0,,0.0,,0.0
,,,0.0633680522441864,,0.9375,,,,,,,,,,,1.0,1.0,,,,,1255,,,,0.0,,0.0,,0.0
,,,0.064453125,,0.8984375,,,,,,,,,,,1.0,1.0,,,,,1256,,,,0.0,,0.0,,0.0
,,,0.1428571343421936,,0.9230343103408813,,,,,,,,,,,1.0,1.0,,,,,1257,,,,0.0,,0.0,,0.0
,,,0.0703125,,0.9453125,,,,,,,,,,,1.0,1.0,,,,,1258,,,,0.0,,0.0,,0.0
,,,0.0625,,0.984375,,,,,,,,,,,1.0,1.0,,,,,1259,,,,0.0,,0.0,,0.0
,,,0.17839233577251434,,0.982300877571106,,,,,,,,,,,1.0,1.0,,,,,1260,,,,0.0,,0.0,,0.0
,,,0.1183035746216774,,0.9765625,,,,,,,,,,,1.0,1.0,,,,,1261,,,,0.0,,0.0,,0.0
,,,0.1216517835855484,,0.96875,,,,,,,,,,,1.0,1.0,,,,,1262,,,,0.0,,0.0,,0.0
,,,0.11343434453010559,,0.9267677068710327,,,,,,,,,,,1.0,1.0,,,,,1263,,,,0.0,,0.0,,0.0
,,,0.03046875074505806,,0.9296875,,,,,,,,,,,1.0,1.0,,,,,1264,,,,0.0,,0.0,,0.0
,,,0.01953125,,0.8671875,,,,,,,,,,,1.0,1.0,,,,,1265,,,,0.0,,0.0,,0.0
,,,0.12798354029655457,,0.9657407402992249,,,,,,,,,,,1.0,1.0,,,,,1266,,,,0.0,,0.0,,0.0
,,,0.212890625,,0.9921875,,,,,,,,,,,1.0,1.0,,,,,1267,,,,0.0,,0.0,,0.0
,,,0.1216517835855484,,1.0,,,,,,,,,,,1.0,1.0,,,,,1268,,,,0.0,,0.0,,0.0
,,,0.18125836551189423,,0.9759036302566528,,,,,,,,,,,1.0,1.0,,,,,1269,,,,0.0,,0.0,,0.0
,,,0.0815972238779068,,0.9375,,,,,,,,,,,1.0,1.0,,,,,1270,,,,0.0,,0.0,,0.0
,,,0.09375,,0.9375,,,,,,,,,,,1.0,1.0,,,,,1271,,,,0.0,,0.0,,0.0
,,,0.12531477212905884,,0.9477972984313965,,,,,,,,,,,1.0,1.0,,,,,1272,,,,0.0,,0.0,,0.0
,,,0.0546875,,0.96875,,,,,,,,,,,1.0,1.0,,,,,1273,,,,0.0,,0.0,,0.0
,,,0.05859375,,0.953125,,,,,,,,,,,1.0,1.0,,,,,1274,,,,0.0,,0.0,,0.0
,,,0.13217052817344666,,0.9413067698478699,,,,,,,,,,,1.0,1.0,,,,,1275,,,,0.0,,0.0,,0.0
,,,0.0868055522441864,,0.96875,,,,,,,,,,,1.0,1.0,,,,,1276,,,,0.0,,0.0,,0.0
,,,0.099609375,,0.9609375,,,,,,,,,,,1.0,1.0,,,,,1277,,,,0.0,,0.0,,0.0
,,,0.17910060286521912,,0.9793814420700073,,,,,,,,,,,1.0,1.0,,,,,1278,,,,0.0,,0.0,,0.0
,,,0.05390625074505806,,0.90625,,,,,,,,,,,1.0,1.0,,,,,1279,,,,0.0,,0.0,,0.0
,,,0.06015624850988388,,0.90625,,,,,,,,,,,1.0,1.0,,,,,1280,,,,0.0,,0.0,,0.0
,,,0.1696428656578064,,0.9866071343421936,,,,,,,,,,,1.0,1.0,,,,,1281,,,,0.0,,0.0,,0.0
,,,0.1419270783662796,,0.9921875,,,,,,,,,,,1.0,1.0,,,,,1282,,,,0.0,,0.0,,0.0
,,,0.1142578125,,0.9921875,,,,,,,,,,,1.0,1.0,,,,,1283,,,,0.0,,0.0,,0.0
,,,0.19558221101760864,,0.9090908765792847,,,,,,,,,,,1.0,1.0,,,,,1284,,,,0.0,,0.0,,0.0
,,,0.0751953125,,0.9609375,,,,,,,,,,,1.0,1.0,,,,,1285,,,,0.0,,0.0,,0.0
,,,0.0564236119389534,,0.90625,,,,,,,,,,,1.0,1.0,,,,,1286,,,,0.0,,0.0,,0.0
,,,0.0832396000623703,,0.9055117964744568,,,,,,,,,,,1.0,1.0,,,,,1287,,,,0.0,,0.0,,0.0
13,0.6694349050521851,0.6564954519271851,,0.9538857936859131,,,,,,,,,,,,,,123.138671875,52883.49609375,4.8133111000061035,470.1860046386719,3093,,,0.0,,0.0,,0.0,
13,,,,,,0.47749006748199463,,0.6872966885566711,,10.490348815917969,,,,,,,,,,,,3093,1.3669350147247314,,,,,,,
,,,,,,,,,,,,,,0.03,0.0004,,,,,,,3099,,,,,,,,
14,,,,,,,0.483500599861145,,0.696147084236145,,10.6328125,0.00039999998989515007,0.029999999329447746,,,1.0,1.0,,,,,3099,,1.3576689958572388,,,,,,
,,,,,,,,,,,,,,0.03,0.0004,,,,,,,3149,,,,,,,,
14,,,,,,,0.4957636892795563,,0.7081660032272339,,10.6171875,0.00039999998989515007,0.029999999329447746,,,1.0,1.0,,,,,3149,,1.3160264492034912,,,,,,
,,,,,,,,,,,,,,0.03,0.0004,,,,,,,3199,,,,,,,,
14,,,,,,,0.4781879484653473,,0.6902240514755249,,10.6015625,0.00039999998989515007,0.029999999329447746,,,1.0,1.0,,,,,3199,,1.3547371625900269,,,,,,
,,,,,,,,,,,,,,0.03,0.0004,,,,,,,3249,,,,,,,,
14,,,,,,,0.5034488439559937,,0.7171939611434937,,10.6875,0.00039999998989515007,0.029999999329447746,,,1.0,1.0,,,,,3249,,1.5733935832977295,,,,,,
,,,,,,,,,,,,,,0.03,0.0004,,,,,,,3299,,,,,,,,
14,,,,,,,0.44155409932136536,,0.636866569519043,,9.765625,0.00039999998989515007,0.029999999329447746,,,1.0,1.0,,,,,3299,,1.02974534034729,,,,,,
,,,0.0904017835855484,,0.96875,,,,,,,,,,,1.0,1.0,,,,,1288,,,,0.0,,0.0,,0.0
,,,0.12109375,,0.9765625,,,,,,,,,,,1.0,1.0,,,,,1289,,,,0.0,,0.0,,0.0
,,,0.128566175699234,,0.9481114745140076,,,,,,,,,,,1.0,1.0,,,,,1290,,,,0.0,,0.0,,0.0
,,,0.0948660746216774,,0.921875,,,,,,,,,,,1.0,1.0,,,,,1291,,,,0.0,,0.0,,0.0
,,,0.0555555559694767,,0.828125,,,,,,,,,,,1.0,1.0,,,,,1292,,,,0.0,,0.0,,0.0
,,,0.14102564752101898,,0.9006410241127014,,,,,,,,,,,1.0,1.0,,,,,1293,,,,0.0,,0.0,,0.0
,,,0.0711805522441864,,1.0,,,,,,,,,,,1.0,1.0,,,,,1294,,,,0.0,,0.0,,0.0
,,,0.06328125298023224,,0.9921875,,,,,,,,,,,1.0,1.0,,,,,1295,,,,0.0,,0.0,,0.0
,,,0.1448327600955963,,0.9498285055160522,,,,,,,,,,,1.0,1.0,,,,,1296,,,,0.0,,0.0,,0.0
,,,0.080078125,,0.9375,,,,,,,,,,,1.0,1.0,,,,,1297,,,,0.0,,0.0,,0.0
,,,0.0694444477558136,,0.9609375,,,,,,,,,,,1.0,1.0,,,,,1298,,,,0.0,,0.0,,0.0
,,,0.0711805522441864,,0.953125,,,,,,,,,,,1.0,1.0,,,,,1299,,,,0.0,,0.0,,0.0
,,,0.20266667008399963,,0.809333324432373,,,,,,,,,,,1.0,1.0,,,,,1300,,,,0.0,,0.0,,0.0
,,,0.0859375,,0.953125,,,,,,,,,,,1.0,1.0,,,,,1301,,,,0.0,,0.0,,0.0
,,,0.0746527761220932,,0.9296875,,,,,,,,,,,1.0,1.0,,,,,1302,,,,0.0,,0.0,,0.0
,,,0.15530657768249512,,0.9402427673339844,,,,,,,,,,,1.0,1.0,,,,,1303,,,,0.0,,0.0,,0.0
,,,0.1104910746216774,,0.96875,,,,,,,,,,,1.0,1.0,,,,,1304,,,,0.0,,0.0,,0.0
,,,0.1127232164144516,,0.9765625,,,,,,,,,,,1.0,1.0,,,,,1305,,,,0.0,,0.0,,0.0
,,,0.21273964643478394,,0.9653679132461548,,,,,,,,,,,1.0,1.0,,,,,1306,,,,0.0,,0.0,,0.0
,,,0.087890625,,0.9609375,,,,,,,,,,,1.0,1.0,,,,,1307,,,,0.0,,0.0,,0.0
,,,0.1071428582072258,,0.9609375,,,,,,,,,,,1.0,1.0,,,,,1308,,,,0.0,,0.0,,0.0
,,,0.1457783281803131,,0.9612702131271362,,,,,,,,,,,1.0,1.0,,,,,1309,,,,0.0,,0.0,,0.0
,,,0.05703125149011612,,0.9296875,,,,,,,,,,,1.0,1.0,,,,,1310,,,,0.0,,0.0,,0.0
,,,0.1026785746216774,,0.9609375,,,,,,,,,,,1.0,1.0,,,,,1311,,,,0.0,,0.0,,0.0
,,,0.11975368857383728,,0.9684728980064392,,,,,,,,,,,1.0,1.0,,,,,1312,,,,0.0,,0.0,,0.0
,,,0.0693359375,,0.9765625,,,,,,,,,,,1.0,1.0,,,,,1313,,,,0.0,,0.0,,0.0
,,,0.0607638880610466,,0.96875,,,,,,,,,,,1.0,1.0,,,,,1314,,,,0.0,,0.0,,0.0
,,,0.17267295718193054,,0.9772326946258545,,,,,,,,,,,1.0,1.0,,,,,1315,,,,0.0,,0.0,,0.0
,,,0.1471354216337204,,1.0,,,,,,,,,,,1.0,1.0,,,,,1316,,,,0.0,,0.0,,0.0
,,,0.1005859375,,0.9765625,,,,,,,,,,,1.0,1.0,,,,,1317,,,,0.0,,0.0,,0.0
,,,0.1959986388683319,,0.9766073822975159,,,,,,,,,,,1.0,1.0,,,,,1318,,,,0.0,,0.0,,0.0
,,,0.0926339253783226,,0.96875,,,,,,,,,,,1.0,1.0,,,,,1319,,,,0.0,,0.0,,0.0
,,,0.0869140625,,0.96875,,,,,,,,,,,1.0,1.0,,,,,1320,,,,0.0,,0.0,,0.0
,,,0.13694581389427185,,0.9485222101211548,,,,,,,,,,,1.0,1.0,,,,,1321,,,,0.0,,0.0,,0.0
,,,0.0751953125,,0.8515625,,,,,,,,,,,1.0,1.0,,,,,1322,,,,0.0,,0.0,,0.0
,,,0.060546875,,0.859375,,,,,,,,,,,1.0,1.0,,,,,1323,,,,0.0,,0.0,,0.0
,,,0.12562867999076843,,0.9195008277893066,,,,,,,,,,,1.0,1.0,,,,,1324,,,,0.0,,0.0,,0.0
,,,0.0685763880610466,,1.0,,,,,,,,,,,1.0,1.0,,,,,1325,,,,0.0,,0.0,,0.0
,,,0.0703125,,0.9921875,,,,,,,,,,,1.0,1.0,,,,,1326,,,,0.0,,0.0,,0.0
,,,0.1448718011379242,,0.9305250644683838,,,,,,,,,,,1.0,1.0,,,,,1327,,,,0.0,,0.0,,0.0
,,,0.06953124701976776,,0.96875,,,,,,,,,,,1.0,1.0,,,,,1328,,,,0.0,,0.0,,0.0
,,,0.0694444477558136,,0.96875,,,,,,,,,,,1.0,1.0,,,,,1329,,,,0.0,,0.0,,0.0
,,,0.16489899158477783,,0.9704545736312866,,,,,,,,,,,1.0,1.0,,,,,1330,,,,0.0,,0.0,,0.0
,,,0.0859375,,0.9375,,,,,,,,,,,1.0,1.0,,,,,1331,,,,0.0,,0.0,,0.0
,,,0.0888671875,,0.96875,,,,,,,,,,,1.0,1.0,,,,,1332,,,,0.0,,0.0,,0.0
,,,0.1597135215997696,,0.9480600357055664,,,,,,,,,,,1.0,1.0,,,,,1333,,,,0.0,,0.0,,0.0
,,,0.1082589253783226,,0.9765625,,,,,,,,,,,1.0,1.0,,,,,1334,,,,0.0,,0.0,,0.0
,,,0.1071428582072258,,0.9765625,,,,,,,,,,,1.0,1.0,,,,,1335,,,,0.0,,0.0,,0.0
,,,0.0966796875,,0.9609375,,,,,,,,,,,1.0,1.0,,,,,1336,,,,0.0,,0.0,,0.0
,,,0.24521934986114502,,0.9881889820098877,,,,,,,,,,,1.0,1.0,,,,,1337,,,,0.0,,0.0,,0.0
,,,0.1037946417927742,,0.9453125,,,,,,,,,,,1.0,1.0,,,,,1338,,,,0.0,,0.0,,0.0
,,,0.0927734375,,0.9609375,,,,,,,,,,,1.0,1.0,,,,,1339,,,,0.0,,0.0,,0.0
,,,0.13045978546142578,,0.9741379022598267,,,,,,,,,,,1.0,1.0,,,,,1340,,,,0.0,,0.0,,0.0
,,,0.0703125,,0.953125,,,,,,,,,,,1.0,1.0,,,,,1341,,,,0.0,,0.0,,0.0
,,,0.078125,,0.984375,,,,,,,,,,,1.0,1.0,,,,,1342,,,,0.0,,0.0,,0.0
,,,0.12223444879055023,,0.9530619382858276,,,,,,,,,,,1.0,1.0,,,,,1343,,,,0.0,,0.0,,0.0
,,,0.0633680522441864,,0.984375,,,,,,,,,,,1.0,1.0,,,,,1344,,,,0.0,,0.0,,0.0
,,,0.0654296875,,0.9609375,,,,,,,,,,,1.0,1.0,,,,,1345,,,,0.0,,0.0,,0.0
,,,0.2239583283662796,,0.9791666269302368,,,,,,,,,,,1.0,1.0,,,,,1346,,,,0.0,,0.0,,0.0
,,,0.1171875,,0.984375,,,,,,,,,,,1.0,1.0,,,,,1347,,,,0.0,,0.0,,0.0
,,,0.140625,,0.984375,,,,,,,,,,,1.0,1.0,,,,,1348,,,,0.0,,0.0,,0.0
,,,0.18120154738426208,,0.9822812676429749,,,,,,,,,,,1.0,1.0,,,,,1349,,,,0.0,,0.0,,0.0
,,,0.0849609375,,0.953125,,,,,,,,,,,1.0,1.0,,,,,1350,,,,0.0,,0.0,,0.0
,,,0.0927734375,,0.9765625,,,,,,,,,,,1.0,1.0,,,,,1351,,,,0.0,,0.0,,0.0
,,,0.15575221180915833,,0.9557522535324097,,,,,,,,,,,1.0,1.0,,,,,1352,,,,0.0,,0.0,,0.0
,,,0.0712890625,,0.84375,,,,,,,,,,,1.0,1.0,,,,,1353,,,,0.0,,0.0,,0.0
,,,0.0503472238779068,,0.8671875,,,,,,,,,,,1.0,1.0,,,,,1354,,,,0.0,,0.0,,0.0
,,,0.11290684342384338,,0.9353535175323486,,,,,,,,,,,1.0,1.0,,,,,1355,,,,0.0,,0.0,,0.0
,,,0.06640625,,1.0,,,,,,,,,,,1.0,1.0,,,,,1356,,,,0.0,,0.0,,0.0
,,,0.0685763880610466,,0.984375,,,,,,,,,,,1.0,1.0,,,,,1357,,,,0.0,,0.0,,0.0
,,,0.17754629254341125,,0.9537037014961243,,,,,,,,,,,1.0,1.0,,,,,1358,,,,0.0,,0.0,,0.0
,,,0.0711805522441864,,0.96875,,,,,,,,,,,1.0,1.0,,,,,1359,,,,0.0,,0.0,,0.0
,,,0.0720486119389534,,0.9765625,,,,,,,,,,,1.0,1.0,,,,,1360,,,,0.0,,0.0,,0.0
,,,0.16108879446983337,,0.9476572871208191,,,,,,,,,,,1.0,1.0,,,,,1361,,,,0.0,,0.0,,0.0
,,,0.0888671875,,0.9609375,,,,,,,,,,,1.0,1.0,,,,,1362,,,,0.0,,0.0,,0.0
,,,0.08984375,,0.953125,,,,,,,,,,,1.0,1.0,,,,,1363,,,,0.0,,0.0,,0.0
,,,0.1519678682088852,,0.9640947580337524,,,,,,,,,,,1.0,1.0,,,,,1364,,,,0.0,,0.0,,0.0
,,,0.1049107164144516,,0.9765625,,,,,,,,,,,1.0,1.0,,,,,1365,,,,0.0,,0.0,,0.0
,,,0.1127232164144516,,0.9609375,,,,,,,,,,,1.0,1.0,,,,,1366,,,,0.0,,0.0,,0.0
,,,0.2117544710636139,,0.9883720874786377,,,,,,,,,,,1.0,1.0,,,,,1367,,,,0.0,,0.0,,0.0
,,,0.0849609375,,0.9453125,,,,,,,,,,,1.0,1.0,,,,,1368,,,,0.0,,0.0,,0.0
,,,0.1026785746216774,,0.9609375,,,,,,,,,,,1.0,1.0,,,,,1369,,,,0.0,,0.0,,0.0
,,,0.15706683695316315,,0.9632524251937866,,,,,,,,,,,1.0,1.0,,,,,1370,,,,0.0,,0.0,,0.0
,,,0.0625,,0.9453125,,,,,,,,,,,1.0,1.0,,,,,1371,,,,0.0,,0.0,,0.0
,,,0.0771484375,,0.953125,,,,,,,,,,,1.0,1.0,,,,,1372,,,,0.0,,0.0,,0.0
,,,0.1383928656578064,,0.9955357313156128,,,,,,,,,,,1.0,1.0,,,,,1373,,,,0.0,,0.0,,0.0
,,,0.0747767835855484,,0.96875,,,,,,,,,,,1.0,1.0,,,,,1374,,,,0.0,,0.0,,0.0
,,,0.0654296875,,0.9765625,,,,,,,,,,,1.0,1.0,,,,,1375,,,,0.0,,0.0,,0.0
,,,0.13548952341079712,,0.941724956035614,,,,,,,,,,,1.0,1.0,,,,,1376,,,,0.0,,0.0,,0.0
,,,0.1205357164144516,,1.0,,,,,,,,,,,1.0,1.0,,,,,1377,,,,0.0,,0.0,,0.0
,,,0.1104910746216774,,0.9765625,,,,,,,,,,,1.0,1.0,,,,,1378,,,,0.0,,0.0,,0.0
,,,0.1469816267490387,,0.9842519760131836,,,,,,,,,,,1.0,1.0,,,,,1379,,,,0.0,,0.0,,0.0
14,0.6815469264984131,0.6728596687316895,,0.9587044715881348,,,,,,,,,,,,,,125.12876892089844,50401.62890625,4.829343318939209,469.17681884765625,3314,,,0.0,,0.0,,0.0,
14,,,,,,0.47065234184265137,,0.6786563396453857,,10.400311470031738,,,,,,,,,,,,3314,1.3421919345855713,,,,,,,
,,,,,,,,,,,,,,0.03,0.0004,,,,,,,3349,,,,,,,,
15,,,,,,,0.4820849299430847,,0.6797167658805847,,9.8828125,0.00039999998989515007,0.029999999329447746,,,1.0,1.0,,,,,3349,,1.6772518157958984,,,,,,
,,,,,,,,,,,,,,0.03,0.0004,,,,,,,3399,,,,,,,,
15,,,,,,,0.48428013920783997,,0.6886258125305176,,10.21875,0.00039999998989515007,0.029999999329447746,,,1.0,1.0,,,,,3399,,1.2290658950805664,,,,,,
,,,,,,,,,,,,,,0.03,0.0004,,,,,,,3449,,,,,,,,
15,,,,,,,0.45894962549209595,,0.651820719242096,,9.640625,0.00039999998989515007,0.029999999329447746,,,1.0,1.0,,,,,3449,,1.3087186813354492,,,,,,
,,,,,,,,,,,,,,0.03,0.0004,,,,,,,3499,,,,,,,,
15,,,,,,,0.4573686122894287,,0.6637895107269287,,10.3203125,0.00039999998989515007,0.029999999329447746,,,1.0,1.0,,,,,3499,,1.2048845291137695,,,,,,
,,,0.15156249701976776,,0.9921875,,,,,,,,,,,1.0,1.0,,,,,1380,,,,0.0,,0.0,,0.0
,,,0.1025390625,,1.0,,,,,,,,,,,1.0,1.0,,,,,1381,,,,0.0,,0.0,,0.0
,,,0.24684372544288635,,0.9580124616622925,,,,,,,,,,,1.0,1.0,,,,,1382,,,,0.0,,0.0,,0.0
,,,0.1123046875,,0.96875,,,,,,,,,,,1.0,1.0,,,,,1383,,,,0.0,,0.0,,0.0
,,,0.0986328125,,0.96875,,,,,,,,,,,1.0,1.0,,,,,1384,,,,0.0,,0.0,,0.0
,,,0.12535612285137177,,0.9182692170143127,,,,,,,,,,,1.0,1.0,,,,,1385,,,,0.0,,0.0,,0.0
,,,0.0407986119389534,,0.9296875,,,,,,,,,,,1.0,1.0,,,,,1386,,,,0.0,,0.0,,0.0
,,,0.0460069440305233,,0.875,,,,,,,,,,,1.0,1.0,,,,,1387,,,,0.0,,0.0,,0.0
,,,0.09854201972484589,,0.9198113083839417,,,,,,,,,,,1.0,1.0,,,,,1388,,,,0.0,,0.0,,0.0
,,,0.1104910746216774,,0.984375,,,,,,,,,,,1.0,1.0,,,,,1389,,,,0.0,,0.0,,0.0
,,,0.1004464253783226,,0.9921875,,,,,,,,,,,1.0,1.0,,,,,1390,,,,0.0,,0.0,,0.0
,,,0.0966796875,,0.9765625,,,,,,,,,,,1.0,1.0,,,,,1391,,,,0.0,,0.0,,0.0
,,,0.17633333802223206,,0.7973333597183228,,,,,,,,,,,1.0,1.0,,,,,1392,,,,0.0,,0.0,,0.0
,,,0.08203125,,0.8984375,,,,,,,,,,,1.0,1.0,,,,,1393,,,,0.0,,0.0,,0.0
,,,0.080078125,,0.8984375,,,,,,,,,,,1.0,1.0,,,,,1394,,,,0.0,,0.0,,0.0
,,,0.14164333045482635,,0.9276376962661743,,,,,,,,,,,1.0,1.0,,,,,1395,,,,0.0,,0.0,,0.0
,,,0.1184895858168602,,0.9765625,,,,,,,,,,,1.0,1.0,,,,,1396,,,,0.0,,0.0,,0.0
,,,0.0737847238779068,,0.96875,,,,,,,,,,,1.0,1.0,,,,,1397,,,,0.0,,0.0,,0.0
,,,0.14442038536071777,,0.9415584206581116,,,,,,,,,,,1.0,1.0,,,,,1398,,,,0.0,,0.0,,0.0
,,,0.0685763880610466,,0.8671875,,,,,,,,,,,1.0,1.0,,,,,1399,,,,0.0,,0.0,,0.0
,,,0.0694444477558136,,0.859375,,,,,,,,,,,1.0,1.0,,,,,1400,,,,0.0,,0.0,,0.0
,,,0.1473640501499176,,0.9454545378684998,,,,,,,,,,,1.0,1.0,,,,,1401,,,,0.0,,0.0,,0.0
,,,0.099609375,,0.96875,,,,,,,,,,,1.0,1.0,,,,,1402,,,,0.0,,0.0,,0.0
,,,0.0911458358168602,,0.9765625,,,,,,,,,,,1.0,1.0,,,,,1403,,,,0.0,,0.0,,0.0
,,,0.189100980758667,,0.984236478805542,,,,,,,,,,,1.0,1.0,,,,,1404,,,,0.0,,0.0,,0.0
,,,0.16249999403953552,,0.984375,,,,,,,,,,,1.0,1.0,,,,,1405,,,,0.0,,0.0,,0.0
,,,0.0894097238779068,,0.984375,,,,,,,,,,,1.0,1.0,,,,,1406,,,,0.0,,0.0,,0.0
,,,0.15141859650611877,,0.9056603908538818,,,,,,,,,,,1.0,1.0,,,,,1407,,,,0.0,,0.0,,0.0
,,,0.0581597238779068,,0.921875,,,,,,,,,,,1.0,1.0,,,,,1408,,,,0.0,,0.0,,0.0
,,,0.03984374925494194,,0.84375,,,,,,,,,,,1.0,1.0,,,,,1409,,,,0.0,,0.0,,0.0
,,,0.18108755350112915,,0.9529411792755127,,,,,,,,,,,1.0,1.0,,,,,1410,,,,0.0,,0.0,,0.0
,,,0.14687499403953552,,0.984375,,,,,,,,,,,1.0,1.0,,,,,1411,,,,0.0,,0.0,,0.0
,,,0.0894097238779068,,1.0,,,,,,,,,,,1.0,1.0,,,,,1412,,,,0.0,,0.0,,0.0
,,,0.29129719734191895,,0.9699507355690002,,,,,,,,,,,1.0,1.0,,,,,1413,,,,0.0,,0.0,,0.0
,,,0.08046875149011612,,0.9609375,,,,,,,,,,,1.0,1.0,,,,,1414,,,,0.0,,0.0,,0.0
,,,0.0902777761220932,,0.9765625,,,,,,,,,,,1.0,1.0,,,,,1415,,,,0.0,,0.0,,0.0
,,,0.12539759278297424,,0.9231710433959961,,,,,,,,,,,1.0,1.0,,,,,1416,,,,0.0,,0.0,,0.0
,,,0.03593749925494194,,0.9140625,,,,,,,,,,,1.0,1.0,,,,,1417,,,,0.0,,0.0,,0.0
,,,0.04374999925494194,,0.875,,,,,,,,,,,1.0,1.0,,,,,1418,,,,0.0,,0.0,,0.0
,,,0.13415750861167908,,0.9208791255950928,,,,,,,,,,,1.0,1.0,,,,,1419,,,,0.0,,0.0,,0.0
,,,0.1160714253783226,,0.984375,,,,,,,,,,,1.0,1.0,,,,,1420,,,,0.0,,0.0,,0.0
,,,0.12109375,,1.0,,,,,,,,,,,1.0,1.0,,,,,1421,,,,0.0,,0.0,,0.0
,,,0.19943182170391083,,0.9579545259475708,,,,,,,,,,,1.0,1.0,,,,,1422,,,,0.0,,0.0,,0.0
,,,0.0772569477558136,,0.9140625,,,,,,,,,,,1.0,1.0,,,,,1423,,,,0.0,,0.0,,0.0
,,,0.0859375,,0.9296875,,,,,,,,,,,1.0,1.0,,,,,1424,,,,0.0,,0.0,,0.0
,,,0.1561674177646637,,0.9427409172058105,,,,,,,,,,,1.0,1.0,,,,,1425,,,,0.0,,0.0,,0.0
,,,0.0948660746216774,,0.9765625,,,,,,,,,,,1.0,1.0,,,,,1426,,,,0.0,,0.0,,0.0
,,,0.0959821417927742,,0.984375,,,,,,,,,,,1.0,1.0,,,,,1427,,,,0.0,,0.0,,0.0
,,,0.078125,,0.953125,,,,,,,,,,,1.0,1.0,,,,,1428,,,,0.0,,0.0,,0.0
,,,0.1749781370162964,,0.9566929340362549,,,,,,,,,,,1.0,1.0,,,,,1429,,,,0.0,,0.0,,0.0
,,,0.0791015625,,0.84375,,,,,,,,,,,1.0,1.0,,,,,1430,,,,0.0,,0.0,,0.0
,,,0.0703125,,0.84375,,,,,,,,,,,1.0,1.0,,,,,1431,,,,0.0,,0.0,,0.0
,,,0.1325031965970993,,0.9454022645950317,,,,,,,,,,,1.0,1.0,,,,,1432,,,,0.0,,0.0,,0.0
,,,0.0868055522441864,,0.96875,,,,,,,,,,,1.0,1.0,,,,,1433,,,,0.0,,0.0,,0.0
,,,0.0885416641831398,,0.9921875,,,,,,,,,,,1.0,1.0,,,,,1434,,,,0.0,,0.0,,0.0
,,,0.22389857470989227,,0.9715805053710938,,,,,,,,,,,1.0,1.0,,,,,1435,,,,0.0,,0.0,,0.0
,,,0.171875,,0.9921875,,,,,,,,,,,1.0,1.0,,,,,1436,,,,0.0,,0.0,,0.0
,,,0.0966796875,,0.984375,,,,,,,,,,,1.0,1.0,,,,,1437,,,,0.0,,0.0,,0.0
,,,0.16550925374031067,,0.921875,,,,,,,,,,,1.0,1.0,,,,,1438,,,,0.0,,0.0,,0.0
,,,0.0512152761220932,,0.90625,,,,,,,,,,,1.0,1.0,,,,,1439,,,,0.0,,0.0,,0.0
,,,0.046875,,0.890625,,,,,,,,,,,1.0,1.0,,,,,1440,,,,0.0,,0.0,,0.0
,,,0.16140642762184143,,0.9404761791229248,,,,,,,,,,,1.0,1.0,,,,,1441,,,,0.0,,0.0,,0.0
,,,0.095703125,,0.9921875,,,,,,,,,,,1.0,1.0,,,,,1442,,,,0.0,,0.0,,0.0
,,,0.1064453125,,0.9921875,,,,,,,,,,,1.0,1.0,,,,,1443,,,,0.0,,0.0,,0.0
,,,0.20840707421302795,,0.9778760671615601,,,,,,,,,,,1.0,1.0,,,,,1444,,,,0.0,,0.0,,0.0
,,,0.08046875149011612,,0.96875,,,,,,,,,,,1.0,1.0,,,,,1445,,,,0.0,,0.0,,0.0
,,,0.1005859375,,0.9609375,,,,,,,,,,,1.0,1.0,,,,,1446,,,,0.0,,0.0,,0.0
,,,0.13070707023143768,,0.931313157081604,,,,,,,,,,,1.0,1.0,,,,,1447,,,,0.0,,0.0,,0.0
,,,0.03359375149011612,,0.890625,,,,,,,,,,,1.0,1.0,,,,,1448,,,,0.0,,0.0,,0.0
,,,0.03671874850988388,,0.8515625,,,,,,,,,,,1.0,1.0,,,,,1449,,,,0.0,,0.0,,0.0
,,,0.15856480598449707,,0.9657407402992249,,,,,,,,,,,1.0,1.0,,,,,1450,,,,0.0,,0.0,,0.0
,,,0.1082589253783226,,0.9921875,,,,,,,,,,,1.0,1.0,,,,,1451,,,,0.0,,0.0,,0.0
,,,0.12890625,,1.0,,,,,,,,,,,1.0,1.0,,,,,1452,,,,0.0,,0.0,,0.0
,,,0.17703406512737274,,0.9476572871208191,,,,,,,,,,,1.0,1.0,,,,,1453,,,,0.0,,0.0,,0.0
,,,0.078125,,0.9375,,,,,,,,,,,1.0,1.0,,,,,1454,,,,0.0,,0.0,,0.0
,,,0.1049107164144516,,0.90625,,,,,,,,,,,1.0,1.0,,,,,1455,,,,0.0,,0.0,,0.0
,,,0.1317092478275299,,0.9348102807998657,,,,,,,,,,,1.0,1.0,,,,,1456,,,,0.0,,0.0,,0.0
,,,0.0993303582072258,,0.984375,,,,,,,,,,,1.0,1.0,,,,,1457,,,,0.0,,0.0,,0.0
,,,0.1004464253783226,,0.9765625,,,,,,,,,,,1.0,1.0,,,,,1458,,,,0.0,,0.0,,0.0
,,,0.1305094212293625,,0.9410299062728882,,,,,,,,,,,1.0,1.0,,,,,1459,,,,0.0,,0.0,,0.0
,,,0.0607638880610466,,0.859375,,,,,,,,,,,1.0,1.0,,,,,1460,,,,0.0,,0.0,,0.0
,,,0.078125,,0.859375,,,,,,,,,,,1.0,1.0,,,,,1461,,,,0.0,,0.0,,0.0
,,,0.18120218813419342,,0.9175257682800293,,,,,,,,,,,1.0,1.0,,,,,1462,,,,0.0,,0.0,,0.0
,,,0.0842013880610466,,0.9765625,,,,,,,,,,,1.0,1.0,,,,,1463,,,,0.0,,0.0,,0.0
,,,0.0868055522441864,,0.96875,,,,,,,,,,,1.0,1.0,,,,,1464,,,,0.0,,0.0,,0.0
,,,0.1785714328289032,,0.9955357313156128,,,,,,,,,,,1.0,1.0,,,,,1465,,,,0.0,,0.0,,0.0
,,,0.1276041716337204,,0.984375,,,,,,,,,,,1.0,1.0,,,,,1466,,,,0.0,,0.0,,0.0
,,,0.1149553582072258,,0.984375,,,,,,,,,,,1.0,1.0,,,,,1467,,,,0.0,,0.0,,0.0
,,,0.14092852175235748,,0.8636363744735718,,,,,,,,,,,1.0,1.0,,,,,1468,,,,0.0,,0.0,,0.0
,,,0.0590277761220932,,0.8828125,,,,,,,,,,,1.0,1.0,,,,,1469,,,,0.0,,0.0,,0.0
,,,0.04140625149011612,,0.875,,,,,,,,,,,1.0,1.0,,,,,1470,,,,0.0,,0.0,,0.0
,,,0.07185039669275284,,0.9055117964744568,,,,,,,,,,,1.0,1.0,,,,,1471,,,,0.0,,0.0,,0.0
15,0.6921126842498779,0.6833794116973877,,0.9435920715332031,,,,,,,,,,,,,,126.56620025634766,42512.90234375,4.840765476226807,473.9559020996094,3535,,,0.0,,0.0,,0.0,
15,,,,,,0.4650140702724457,,0.6712028980255127,,10.309353828430176,,,,,,,,,,,,3535,1.3292357921600342,,,,,,,
,,,,,,,,,,,,,,0.03,0.0004,,,,,,,3549,,,,,,,,
16,,,,,,,0.44304755330085754,,0.6471490859985352,,10.203125,0.00039999998989515007,0.029999999329447746,,,1.0,1.0,,,,,3549,,0.9444606900215149,,,,,,
,,,,,,,,,,,,,,0.03,0.0004,,,,,,,3599,,,,,,,,
16,,,,,,,0.47442421317100525,,0.6730326414108276,,9.9296875,0.00039999998989515007,0.029999999329447746,,,1.0,1.0,,,,,3599,,1.2603529691696167,,,,,,
,,,,,,,,,,,,,,0.03,0.0004,,,,,,,3649,,,,,,,,
16,,,,,,,0.46562132239341736,,0.6672815084457397,,10.0859375,0.00039999998989515007,0.029999999329447746,,,1.0,1.0,,,,,3649,,1.02881920337677,,,,,,
,,,,,,,,,,,,,,0.03,0.0004,,,,,,,3699,,,,,,,,
16,,,,,,,0.454056978225708,,0.650346040725708,,9.8125,0.00039999998989515007,0.029999999329447746,,,1.0,1.0,,,,,3699,,1.6408571004867554,,,,,,
,,,,,,,,,,,,,,0.03,0.0004,,,,,,,3749,,,,,,,,
16,,,,,,,0.47250038385391235,,0.6722074151039124,,9.984375,0.00039999998989515007,0.029999999329447746,,,1.0,1.0,,,,,3749,,1.2874784469604492,,,,,,
,,,0.0959821417927742,,0.9375,,,,,,,,,,,1.0,1.0,,,,,1472,,,,0.0,,0.0,,0.0
,,,0.0982142835855484,,0.953125,,,,,,,,,,,1.0,1.0,,,,,1473,,,,0.0,,0.0,,0.0
,,,0.12639041244983673,,0.9246424436569214,,,,,,,,,,,1.0,1.0,,,,,1474,,,,0.0,,0.0,,0.0
,,,0.0725446417927742,,0.84375,,,,,,,,,,,1.0,1.0,,,,,1475,,,,0.0,,0.0,,0.0
,,,0.0691964253783226,,0.78125,,,,,,,,,,,1.0,1.0,,,,,1476,,,,0.0,,0.0,,0.0
,,,0.11378205567598343,,0.9182692170143127,,,,,,,,,,,1.0,1.0,,,,,1477,,,,0.0,,0.0,,0.0
,,,0.0729166641831398,,0.9921875,,,,,,,,,,,1.0,1.0,,,,,1478,,,,0.0,,0.0,,0.0
,,,0.078125,,0.9921875,,,,,,,,,,,1.0,1.0,,,,,1479,,,,0.0,,0.0,,0.0
,,,0.1336001455783844,,0.9858490228652954,,,,,,,,,,,1.0,1.0,,,,,1480,,,,0.0,,0.0,,0.0
,,,0.1082589253783226,,0.96875,,,,,,,,,,,1.0,1.0,,,,,1481,,,,0.0,,0.0,,0.0
,,,0.1049107164144516,,0.96875,,,,,,,,,,,1.0,1.0,,,,,1482,,,,0.0,,0.0,,0.0
,,,0.1049107164144516,,0.9921875,,,,,,,,,,,1.0,1.0,,,,,1483,,,,0.0,,0.0,,0.0
,,,0.226666659116745,,0.9919999837875366,,,,,,,,,,,1.0,1.0,,,,,1484,,,,0.0,,0.0,,0.0
,,,0.125,,0.984375,,,,,,,,,,,1.0,1.0,,,,,1485,,,,0.0,,0.0,,0.0
,,,0.125,,0.984375,,,,,,,,,,,1.0,1.0,,,,,1486,,,,0.0,,0.0,,0.0
,,,0.1846405267715454,,1.0,,,,,,,,,,,1.0,1.0,,,,,1487,,,,0.0,,0.0,,0.0
,,,0.0859375,,0.984375,,,,,,,,,,,1.0,1.0,,,,,1488,,,,0.0,,0.0,,0.0
,,,0.0870535746216774,,0.953125,,,,,,,,,,,1.0,1.0,,,,,1489,,,,0.0,,0.0,,0.0
,,,0.22680890560150146,,0.9772727489471436,,,,,,,,,,,1.0,1.0,,,,,1490,,,,0.0,,0.0,,0.0
,,,0.1316964328289032,,1.0,,,,,,,,,,,1.0,1.0,,,,,1491,,,,0.0,,0.0,,0.0
,,,0.1328125,,1.0,,,,,,,,,,,1.0,1.0,,,,,1492,,,,0.0,,0.0,,0.0
,,,0.12470734119415283,,0.9224159717559814,,,,,,,,,,,1.0,1.0,,,,,1493,,,,0.0,,0.0,,0.0
,,,0.0380859375,,0.84375,,,,,,,,,,,1.0,1.0,,,,,1494,,,,0.0,,0.0,,0.0
,,,0.037109375,,0.8828125,,,,,,,,,,,1.0,1.0,,,,,1495,,,,0.0,,0.0,,0.0
,,,0.11729611456394196,,0.9056650400161743,,,,,,,,,,,1.0,1.0,,,,,1496,,,,0.0,,0.0,,0.0
,,,0.1160714253783226,,0.984375,,,,,,,,,,,1.0,1.0,,,,,1497,,,,0.0,,0.0,,0.0
,,,0.1194196417927742,,0.984375,,,,,,,,,,,1.0,1.0,,,,,1498,,,,0.0,,0.0,,0.0
,,,0.18627133965492249,,0.9245283007621765,,,,,,,,,,,1.0,1.0,,,,,1499,,,,0.0,,0.0,,0.0
,,,0.0625,,0.90625,,,,,,,,,,,1.0,1.0,,,,,1500,,,,0.0,,0.0,,0.0
,,,0.0477430559694767,,0.8671875,,,,,,,,,,,1.0,1.0,,,,,1501,,,,0.0,,0.0,,0.0
,,,0.15919972956180573,,0.9238029718399048,,,,,,,,,,,1.0,1.0,,,,,1502,,,,0.0,,0.0,,0.0
,,,0.0948660746216774,,0.9296875,,,,,,,,,,,1.0,1.0,,,,,1503,,,,0.0,,0.0,,0.0
,,,0.087890625,,0.953125,,,,,,,,,,,1.0,1.0,,,,,1504,,,,0.0,,0.0,,0.0
,,,0.12775041162967682,,0.9184728860855103,,,,,,,,,,,1.0,1.0,,,,,1505,,,,0.0,,0.0,,0.0
,,,0.0846354141831398,,0.7890625,,,,,,,,,,,1.0,1.0,,,,,1506,,,,0.0,,0.0,,0.0
,,,0.0576171875,,0.8046875,,,,,,,,,,,1.0,1.0,,,,,1507,,,,0.0,,0.0,,0.0
,,,0.11172009259462357,,0.8941766619682312,,,,,,,,,,,1.0,1.0,,,,,1508,,,,0.0,,0.0,,0.0
,,,0.0703125,,0.9921875,,,,,,,,,,,1.0,1.0,,,,,1509,,,,0.0,,0.0,,0.0
,,,0.0771484375,,0.96875,,,,,,,,,,,1.0,1.0,,,,,1510,,,,0.0,,0.0,,0.0
,,,0.1457061469554901,,0.9769231081008911,,,,,,,,,,,1.0,1.0,,,,,1511,,,,0.0,,0.0,,0.0
,,,0.0986328125,,0.984375,,,,,,,,,,,1.0,1.0,,,,,1512,,,,0.0,,0.0,,0.0
,,,0.12890625,,0.9765625,,,,,,,,,,,1.0,1.0,,,,,1513,,,,0.0,,0.0,,0.0
,,,0.20653408765792847,,0.987500011920929,,,,,,,,,,,1.0,1.0,,,,,1514,,,,0.0,,0.0,,0.0
,,,0.0998263880610466,,0.984375,,,,,,,,,,,1.0,1.0,,,,,1515,,,,0.0,,0.0,,0.0
,,,0.18125000596046448,,0.9921875,,,,,,,,,,,1.0,1.0,,,,,1516,,,,0.0,,0.0,,0.0
,,,0.18390175700187683,,0.9893617033958435,,,,,,,,,,,1.0,1.0,,,,,1517,,,,0.0,,0.0,,0.0
,,,0.0751953125,,0.984375,,,,,,,,,,,1.0,1.0,,,,,1518,,,,0.0,,0.0,,0.0
,,,0.0825892835855484,,0.984375,,,,,,,,,,,1.0,1.0,,,,,1519,,,,0.0,,0.0,,0.0
,,,0.09375,,0.9453125,,,,,,,,,,,1.0,1.0,,,,,1520,,,,0.0,,0.0,,0.0
,,,0.23917323350906372,,1.0,,,,,,,,,,,1.0,1.0,,,,,1521,,,,0.0,,0.0,,0.0
,,,0.1497395783662796,,1.0,,,,,,,,,,,1.0,1.0,,,,,1522,,,,0.0,,0.0,,0.0
,,,0.1305803507566452,,0.9921875,,,,,,,,,,,1.0,1.0,,,,,1523,,,,0.0,,0.0,,0.0
,,,0.11781609058380127,,0.9224138259887695,,,,,,,,,,,1.0,1.0,,,,,1524,,,,0.0,,0.0,,0.0
,,,0.0338541679084301,,0.8515625,,,,,,,,,,,1.0,1.0,,,,,1525,,,,0.0,,0.0,,0.0
,,,0.0439453125,,0.8828125,,,,,,,,,,,1.0,1.0,,,,,1526,,,,0.0,,0.0,,0.0
,,,0.1406765729188919,,0.9110744595527649,,,,,,,,,,,1.0,1.0,,,,,1527,,,,0.0,,0.0,,0.0
,,,0.1216517835855484,,1.0,,,,,,,,,,,1.0,1.0,,,,,1528,,,,0.0,,0.0,,0.0
,,,0.1149553582072258,,0.984375,,,,,,,,,,,1.0,1.0,,,,,1529,,,,0.0,,0.0,,0.0
,,,0.1614583432674408,,0.9375,,,,,,,,,,,1.0,1.0,,,,,1530,,,,0.0,,0.0,,0.0
,,,0.0564236119389534,,0.890625,,,,,,,,,,,1.0,1.0,,,,,1531,,,,0.0,,0.0,,0.0
,,,0.0576171875,,0.9140625,,,,,,,,,,,1.0,1.0,,,,,1532,,,,0.0,,0.0,,0.0
,,,0.1542081981897354,,0.8995016813278198,,,,,,,,,,,1.0,1.0,,,,,1533,,,,0.0,,0.0,,0.0
,,,0.0830078125,,0.9296875,,,,,,,,,,,1.0,1.0,,,,,1534,,,,0.0,,0.0,,0.0
,,,0.08984375,,0.953125,,,,,,,,,,,1.0,1.0,,,,,1535,,,,0.0,,0.0,,0.0
,,,0.11669617146253586,,0.9292035102844238,,,,,,,,,,,1.0,1.0,,,,,1536,,,,0.0,,0.0,,0.0
,,,0.0859375,,0.7734375,,,,,,,,,,,1.0,1.0,,,,,1537,,,,0.0,,0.0,,0.0
,,,0.0576171875,,0.828125,,,,,,,,,,,1.0,1.0,,,,,1538,,,,0.0,,0.0,,0.0
,,,0.11077441275119781,,0.8242424726486206,,,,,,,,,,,1.0,1.0,,,,,1539,,,,0.0,,0.0,,0.0
,,,0.0694444477558136,,1.0,,,,,,,,,,,1.0,1.0,,,,,1540,,,,0.0,,0.0,,0.0
,,,0.0651041641831398,,0.96875,,,,,,,,,,,1.0,1.0,,,,,1541,,,,0.0,,0.0,,0.0
,,,0.24845677614212036,,0.9814814925193787,,,,,,,,,,,1.0,1.0,,,,,1542,,,,0.0,,0.0,,0.0
,,,0.1127232164144516,,0.9765625,,,,,,,,,,,1.0,1.0,,,,,1543,,,,0.0,,0.0,,0.0
,,,0.12890625,,0.984375,,,,,,,,,,,1.0,1.0,,,,,1544,,,,0.0,,0.0,,0.0
,,,0.23239624500274658,,0.9879518151283264,,,,,,,,,,,1.0,1.0,,,,,1545,,,,0.0,,0.0,,0.0
,,,0.15234375,,0.9921875,,,,,,,,,,,1.0,1.0,,,,,1546,,,,0.0,,0.0,,0.0
,,,0.1294642835855484,,0.9921875,,,,,,,,,,,1.0,1.0,,,,,1547,,,,0.0,,0.0,,0.0
,,,0.18334606289863586,,0.9803921580314636,,,,,,,,,,,1.0,1.0,,,,,1548,,,,0.0,,0.0,,0.0
,,,0.076171875,,0.984375,,,,,,,,,,,1.0,1.0,,,,,1549,,,,0.0,,0.0,,0.0
,,,0.0915178582072258,,0.9609375,,,,,,,,,,,1.0,1.0,,,,,1550,,,,0.0,,0.0,,0.0
,,,0.22907768189907074,,0.9825581312179565,,,,,,,,,,,1.0,1.0,,,,,1551,,,,0.0,,0.0,,0.0
,,,0.111328125,,1.0,,,,,,,,,,,1.0,1.0,,,,,1552,,,,0.0,,0.0,,0.0
,,,0.18281249701976776,,0.9921875,,,,,,,,,,,1.0,1.0,,,,,1553,,,,0.0,,0.0,,0.0
,,,0.15227432548999786,,0.9787163138389587,,,,,,,,,,,1.0,1.0,,,,,1554,,,,0.0,,0.0,,0.0
,,,0.03203124925494194,,0.828125,,,,,,,,,,,1.0,1.0,,,,,1555,,,,0.0,,0.0,,0.0
,,,0.0400390625,,0.8515625,,,,,,,,,,,1.0,1.0,,,,,1556,,,,0.0,,0.0,,0.0
,,,0.144841268658638,,0.9419642686843872,,,,,,,,,,,1.0,1.0,,,,,1557,,,,0.0,,0.0,,0.0
,,,0.1315104216337204,,0.9765625,,,,,,,,,,,1.0,1.0,,,,,1558,,,,0.0,,0.0,,0.0
,,,0.1138392835855484,,0.984375,,,,,,,,,,,1.0,1.0,,,,,1559,,,,0.0,,0.0,,0.0
,,,0.15861916542053223,,0.8636363744735718,,,,,,,,,,,1.0,1.0,,,,,1560,,,,0.0,,0.0,,0.0
,,,0.06640625,,0.8828125,,,,,,,,,,,1.0,1.0,,,,,1561,,,,0.0,,0.0,,0.0
,,,0.0486111119389534,,0.875,,,,,,,,,,,1.0,1.0,,,,,1562,,,,0.0,,0.0,,0.0
,,,0.06791338324546814,,0.9212598204612732,,,,,,,,,,,1.0,1.0,,,,,1563,,,,0.0,,0.0,,0.0
16,0.6987370848655701,0.6601578593254089,,0.9417437314987183,,,,,,,,,,,,,,130.66786193847656,39734.1640625,4.872658729553223,464.4918518066406,3756,,,0.0,,0.0,,0.0,
16,,,,,,0.45987966656684875,,0.663976788520813,,10.204963684082031,,,,,,,,,,,,3756,1.3041858673095703,,,,,,,
,,,,,,,,,,,,,,0.03,0.0004,,,,,,,3799,,,,,,,,
17,,,,,,,0.46002107858657837,,0.6669302582740784,,10.34375,0.00039999998989515007,0.029999999329447746,,,1.0,1.0,,,,,3799,,1.3553557395935059,,,,,,
,,,,,,,,,,,,,,0.03,0.0004,,,,,,,3849,,,,,,,,
17,,,,,,,0.47365492582321167,,0.6777564883232117,,10.203125,0.00039999998989515007,0.029999999329447746,,,1.0,1.0,,,,,3849,,1.091660976409912,,,,,,
,,,,,,,,,,,,,,0.03,0.0004,,,,,,,3899,,,,,,,,
17,,,,,,,0.42519909143447876,,0.6181922554969788,,9.6484375,0.00039999998989515007,0.029999999329447746,,,1.0,1.0,,,,,3899,,1.0906884670257568,,,,,,
,,,,,,,,,,,,,,0.03,0.0004,,,,,,,3949,,,,,,,,
17,,,,,,,0.45730680227279663,,0.6761788725852966,,10.9453125,0.00039999998989515007,0.029999999329447746,,,1.0,1.0,,,,,3949,,0.9552711248397827,,,,,,
,,,0.0651041641831398,,0.8984375,,,,,,,,,,,1.0,1.0,,,,,1564,,,,0.0,,0.0,,0.0
,,,0.0849609375,,0.9296875,,,,,,,,,,,1.0,1.0,,,,,1565,,,,0.0,,0.0,,0.0
,,,0.14041070640087128,,0.941877543926239,,,,,,,,,,,1.0,1.0,,,,,1566,,,,0.0,,0.0,,0.0
,,,0.16875000298023224,,0.9921875,,,,,,,,,,,1.0,1.0,,,,,1567,,,,0.0,,0.0,,0.0
,,,0.12890625,,0.984375,,,,,,,,,,,1.0,1.0,,,,,1568,,,,0.0,,0.0,,0.0
,,,0.1558493673801422,,0.9599359035491943,,,,,,,,,,,1.0,1.0,,,,,1569,,,,0.0,,0.0,,0.0
,,,0.0564236119389534,,0.9921875,,,,,,,,,,,1.0,1.0,,,,,1570,,,,0.0,,0.0,,0.0
,,,0.0590277761220932,,0.984375,,,,,,,,,,,1.0,1.0,,,,,1571,,,,0.0,,0.0,,0.0
,,,0.1108061745762825,,0.927101194858551,,,,,,,,,,,1.0,1.0,,,,,1572,,,,0.0,,0.0,,0.0
,,,0.0755208358168602,,0.96875,,,,,,,,,,,1.0,1.0,,,,,1573,,,,0.0,,0.0,,0.0
,,,0.06406249850988388,,0.953125,,,,,,,,,,,1.0,1.0,,,,,1574,,,,0.0,,0.0,,0.0
,,,0.0772569477558136,,0.9609375,,,,,,,,,,,1.0,1.0,,,,,1575,,,,0.0,,0.0,,0.0
,,,0.2657777667045593,,0.8253333568572998,,,,,,,,,,,1.0,1.0,,,,,1576,,,,0.0,,0.0,,0.0
,,,0.1305803507566452,,0.9921875,,,,,,,,,,,1.0,1.0,,,,,1577,,,,0.0,,0.0,,0.0
,,,0.1497395783662796,,0.984375,,,,,,,,,,,1.0,1.0,,,,,1578,,,,0.0,,0.0,,0.0
,,,0.17532938718795776,,0.9831932783126831,,,,,,,,,,,1.0,1.0,,,,,1579,,,,0.0,,0.0,,0.0
,,,0.0789930522441864,,0.9296875,,,,,,,,,,,1.0,1.0,,,,,1580,,,,0.0,,0.0,,0.0
,,,0.087890625,,0.9375,,,,,,,,,,,1.0,1.0,,,,,1581,,,,0.0,,0.0,,0.0
,,,0.1776094287633896,,0.9545454978942871,,,,,,,,,,,1.0,1.0,,,,,1582,,,,0.0,,0.0,,0.0
,,,0.1497395783662796,,0.984375,,,,,,,,,,,1.0,1.0,,,,,1583,,,,0.0,,0.0,,0.0
,,,0.1305803507566452,,1.0,,,,,,,,,,,1.0,1.0,,,,,1584,,,,0.0,,0.0,,0.0
,,,0.23490482568740845,,0.9772104620933533,,,,,,,,,,,1.0,1.0,,,,,1585,,,,0.0,,0.0,,0.0
,,,0.0685763880610466,,0.984375,,,,,,,,,,,1.0,1.0,,,,,1586,,,,0.0,,0.0,,0.0
,,,0.078125,,0.984375,,,,,,,,,,,1.0,1.0,,,,,1587,,,,0.0,,0.0,,0.0
,,,0.1349206417798996,,0.9568965435028076,,,,,,,,,,,1.0,1.0,,,,,1588,,,,0.0,,0.0,,0.0
,,,0.05000000074505806,,0.8984375,,,,,,,,,,,1.0,1.0,,,,,1589,,,,0.0,,0.0,,0.0
,,,0.0555555559694767,,0.9140625,,,,,,,,,,,1.0,1.0,,,,,1590,,,,0.0,,0.0,,0.0
,,,0.11504402756690979,,0.9289308190345764,,,,,,,,,,,1.0,1.0,,,,,1591,,,,0.0,,0.0,,0.0
,,,0.0772569477558136,,0.96875,,,,,,,,,,,1.0,1.0,,,,,1592,,,,0.0,,0.0,,0.0
,,,0.0555555559694767,,0.9296875,,,,,,,,,,,1.0,1.0,,,,,1593,,,,0.0,,0.0,,0.0
,,,0.16374829411506653,,0.959097146987915,,,,,,,,,,,1.0,1.0,,,,,1594,,,,0.0,,0.0,,0.0
,,,0.0703125,,0.890625,,,,,,,,,,,1.0,1.0,,,,,1595,,,,0.0,,0.0,,0.0
,,,0.0729166641831398,,0.90625,,,,,,,,,,,1.0,1.0,,,,,1596,,,,0.0,,0.0,,0.0
,,,0.16551724076271057,,0.9527093172073364,,,,,,,,,,,1.0,1.0,,,,,1597,,,,0.0,,0.0,,0.0
,,,0.1149553582072258,,0.9921875,,,,,,,,,,,1.0,1.0,,,,,1598,,,,0.0,,0.0,,0.0
,,,0.15781250596046448,,0.9765625,,,,,,,,,,,1.0,1.0,,,,,1599,,,,0.0,,0.0,,0.0
,,,0.1356876790523529,,0.9679471254348755,,,,,,,,,,,1.0,1.0,,,,,1600,,,,0.0,,0.0,,0.0
,,,0.0616319440305233,,0.9921875,,,,,,,,,,,1.0,1.0,,,,,1601,,,,0.0,,0.0,,0.0
,,,0.04765624925494194,,0.9765625,,,,,,,,,,,1.0,1.0,,,,,1602,,,,0.0,,0.0,,0.0
,,,0.15231990814208984,,0.9615384340286255,,,,,,,,,,,1.0,1.0,,,,,1603,,,,0.0,,0.0,,0.0
,,,0.078125,,0.96875,,,,,,,,,,,1.0,1.0,,,,,1604,,,,0.0,,0.0,,0.0
,,,0.0849609375,,0.9765625,,,,,,,,,,,1.0,1.0,,,,,1605,,,,0.0,,0.0,,0.0
,,,0.20227272808551788,,0.9534090757369995,,,,,,,,,,,1.0,1.0,,,,,1606,,,,0.0,,0.0,,0.0
,,,0.15625,,0.9921875,,,,,,,,,,,1.0,1.0,,,,,1607,,,,0.0,,0.0,,0.0
,,,0.15234375,,0.9921875,,,,,,,,,,,1.0,1.0,,,,,1608,,,,0.0,,0.0,,0.0
,,,0.19258448481559753,,0.9599499702453613,,,,,,,,,,,1.0,1.0,,,,,1609,,,,0.0,,0.0,,0.0
,,,0.0772569477558136,,0.96875,,,,,,,,,,,1.0,1.0,,,,,1610,,,,0.0,,0.0,,0.0
,,,0.087890625,,0.9375,,,,,,,,,,,1.0,1.0,,,,,1611,,,,0.0,,0.0,,0.0
,,,0.078125,,0.9375,,,,,,,,,,,1.0,1.0,,,,,1612,,,,0.0,,0.0,,0.0
,,,0.271091103553772,,0.9960629940032959,,,,,,,,,,,1.0,1.0,,,,,1613,,,,0.0,,0.0,,0.0
,,,0.1419270783662796,,0.9921875,,,,,,,,,,,1.0,1.0,,,,,1614,,,,0.0,,0.0,,0.0
,,,0.1142578125,,0.984375,,,,,,,,,,,1.0,1.0,,,,,1615,,,,0.0,,0.0,,0.0
,,,0.17887932062149048,,0.9870689511299133,,,,,,,,,,,1.0,1.0,,,,,1616,,,,0.0,,0.0,,0.0
,,,0.0869140625,,0.9921875,,,,,,,,,,,1.0,1.0,,,,,1617,,,,0.0,,0.0,,0.0
,,,0.1026785746216774,,0.9921875,,,,,,,,,,,1.0,1.0,,,,,1618,,,,0.0,,0.0,,0.0
,,,0.11815182119607925,,0.9554455280303955,,,,,,,,,,,1.0,1.0,,,,,1619,,,,0.0,,0.0,,0.0
,,,0.046875,,0.9296875,,,,,,,,,,,1.0,1.0,,,,,1620,,,,0.0,,0.0,,0.0
,,,0.0581597238779068,,0.90625,,,,,,,,,,,1.0,1.0,,,,,1621,,,,0.0,,0.0,,0.0
,,,0.1197916641831398,,0.9114583730697632,,,,,,,,,,,1.0,1.0,,,,,1622,,,,0.0,,0.0,,0.0
,,,0.0720486119389534,,0.9375,,,,,,,,,,,1.0,1.0,,,,,1623,,,,0.0,,0.0,,0.0
,,,0.0712890625,,0.9609375,,,,,,,,,,,1.0,1.0,,,,,1624,,,,0.0,,0.0,,0.0
,,,0.1465485394001007,,0.9413067698478699,,,,,,,,,,,1.0,1.0,,,,,1625,,,,0.0,,0.0,,0.0
,,,0.0703125,,0.8828125,,,,,,,,,,,1.0,1.0,,,,,1626,,,,0.0,,0.0,,0.0
,,,0.0772569477558136,,0.9375,,,,,,,,,,,1.0,1.0,,,,,1627,,,,0.0,,0.0,,0.0
,,,0.1828908622264862,,0.9867256879806519,,,,,,,,,,,1.0,1.0,,,,,1628,,,,0.0,,0.0,,0.0
,,,0.1341145783662796,,0.9921875,,,,,,,,,,,1.0,1.0,,,,,1629,,,,0.0,,0.0,,0.0
,,,0.1302083283662796,,0.9609375,,,,,,,,,,,1.0,1.0,,,,,1630,,,,0.0,,0.0,,0.0
,,,0.1439955085515976,,0.9676767587661743,,,,,,,,,,,1.0,1.0,,,,,1631,,,,0.0,,0.0,,0.0
,,,0.0625,,0.9921875,,,,,,,,,,,1.0,1.0,,,,,1632,,,,0.0,,0.0,,0.0
,,,0.04921875149011612,,0.984375,,,,,,,,,,,1.0,1.0,,,,,1633,,,,0.0,,0.0,,0.0
,,,0.16689814627170563,,0.9722222089767456,,,,,,,,,,,1.0,1.0,,,,,1634,,,,0.0,,0.0,,0.0
,,,0.06875000149011612,,0.9765625,,,,,,,,,,,1.0,1.0,,,,,1635,,,,0.0,,0.0,,0.0
,,,0.0982142835855484,,0.96875,,,,,,,,,,,1.0,1.0,,,,,1636,,,,0.0,,0.0,,0.0
,,,0.20485274493694305,,0.9546184539794922,,,,,,,,,,,1.0,1.0,,,,,1637,,,,0.0,,0.0,,0.0
,,,0.15625,,1.0,,,,,,,,,,,1.0,1.0,,,,,1638,,,,0.0,,0.0,,0.0
,,,0.18437500298023224,,0.984375,,,,,,,,,,,1.0,1.0,,,,,1639,,,,0.0,,0.0,,0.0
,,,0.15770308673381805,,0.9772090911865234,,,,,,,,,,,1.0,1.0,,,,,1640,,,,0.0,,0.0,,0.0
,,,0.0746527761220932,,0.9453125,,,,,,,,,,,1.0,1.0,,,,,1641,,,,0.0,,0.0,,0.0
,,,0.0947265625,,0.9375,,,,,,,,,,,1.0,1.0,,,,,1642,,,,0.0,,0.0,,0.0
,,,0.17681801319122314,,0.9709302186965942,,,,,,,,,,,1.0,1.0,,,,,1643,,,,0.0,,0.0,,0.0
,,,0.1216517835855484,,0.984375,,,,,,,,,,,1.0,1.0,,,,,1644,,,,0.0,,0.0,,0.0
,,,0.1796875,,1.0,,,,,,,,,,,1.0,1.0,,,,,1645,,,,0.0,,0.0,,0.0
,,,0.21308612823486328,,0.9735616445541382,,,,,,,,,,,1.0,1.0,,,,,1646,,,,0.0,,0.0,,0.0
,,,0.0810546875,,0.96875,,,,,,,,,,,1.0,1.0,,,,,1647,,,,0.0,,0.0,,0.0
,,,0.0755208358168602,,0.984375,,,,,,,,,,,1.0,1.0,,,,,1648,,,,0.0,,0.0,,0.0
,,,0.19515305757522583,,1.0,,,,,,,,,,,1.0,1.0,,,,,1649,,,,0.0,,0.0,,0.0
,,,0.04531250149011612,,0.890625,,,,,,,,,,,1.0,1.0,,,,,1650,,,,0.0,,0.0,,0.0
,,,0.04843749850988388,,0.9140625,,,,,,,,,,,1.0,1.0,,,,,1651,,,,0.0,,0.0,,0.0
,,,0.08679099380970001,,0.9075369238853455,,,,,,,,,,,1.0,1.0,,,,,1652,,,,0.0,,0.0,,0.0
,,,0.0703125,,0.953125,,,,,,,,,,,1.0,1.0,,,,,1653,,,,0.0,,0.0,,0.0
,,,0.0616319440305233,,0.9296875,,,,,,,,,,,1.0,1.0,,,,,1654,,,,0.0,,0.0,,0.0
,,,0.0856299176812172,,0.9685039520263672,,,,,,,,,,,1.0,1.0,,,,,1655,,,,0.0,,0.0,,0.0
17,0.7045071125030518,0.696731686592102,,0.9604651927947998,,,,,,,,,,,,,,131.68353271484375,38105.74609375,4.880401611328125,464.86260986328125,3977,,,0.0,,0.0,,0.0,
17,,,,,,0.45492810010910034,,0.655910074710846,,10.049137115478516,,,,,,,,,,,,3977,1.2594060897827148,,,,,,,
,,,,,,,,,,,,,,0.03,0.0004,,,,,,,3999,,,,,,,,
18,,,,,,,0.47247737646102905,,0.691227376461029,,10.9375,0.00039999998989515007,0.029999999329447746,,,1.0,1.0,,,,,3999,,1.2974987030029297,,,,,,
,,,,,,,,,,,,,,0.03,0.0004,,,,,,,4049,,,,,,,,
18,,,,,,,0.4384516477584839,,0.6397455930709839,,10.0625,0.00039999998989515007,0.029999999329447746,,,1.0,1.0,,,,,4049,,1.2609115839004517,,,,,,
,,,,,,,,,,,,,,0.03,0.0004,,,,,,,4099,,,,,,,,
18,,,,,,,0.444865345954895,,0.644450306892395,,9.9765625,0.00039999998989515007,0.029999999329447746,,,1.0,1.0,,,,,4099,,1.1219770908355713,,,,,,
,,,,,,,,,,,,,,0.03,0.0004,,,,,,,4149,,,,,,,,
18,,,,,,,0.45097342133522034,,0.655074954032898,,10.203125,0.00039999998989515007,0.029999999329447746,,,1.0,1.0,,,,,4149,,1.1634125709533691,,,,,,
,,,0.078125,,0.90625,,,,,,,,,,,1.0,1.0,,,,,1656,,,,0.0,,0.0,,0.0
,,,0.0791015625,,0.9375,,,,,,,,,,,1.0,1.0,,,,,1657,,,,0.0,,0.0,,0.0
,,,0.10495864599943161,,0.80729740858078,,,,,,,,,,,1.0,1.0,,,,,1658,,,,0.0,,0.0,,0.0
,,,0.0690104141831398,,0.78125,,,,,,,,,,,1.0,1.0,,,,,1659,,,,0.0,,0.0,,0.0
,,,0.0598958320915699,,0.71875,,,,,,,,,,,1.0,1.0,,,,,1660,,,,0.0,,0.0,,0.0
,,,0.1382211446762085,,0.875,,,,,,,,,,,1.0,1.0,,,,,1661,,,,0.0,,0.0,,0.0
,,,0.083984375,,1.0,,,,,,,,,,,1.0,1.0,,,,,1662,,,,0.0,,0.0,,0.0
,,,0.0982142835855484,,1.0,,,,,,,,,,,1.0,1.0,,,,,1663,,,,0.0,,0.0,,0.0
,,,0.19500428438186646,,0.9952830076217651,,,,,,,,,,,1.0,1.0,,,,,1664,,,,0.0,,0.0,,0.0
,,,0.1123046875,,1.0,,,,,,,,,,,1.0,1.0,,,,,1665,,,,0.0,,0.0,,0.0
,,,0.18281249701976776,,0.984375,,,,,,,,,,,1.0,1.0,,,,,1666,,,,0.0,,0.0,,0.0
,,,0.17656250298023224,,0.9921875,,,,,,,,,,,1.0,1.0,,,,,1667,,,,0.0,,0.0,,0.0
,,,0.20952381193637848,,0.8213333487510681,,,,,,,,,,,1.0,1.0,,,,,1668,,,,0.0,,0.0,,0.0
,,,0.0927734375,,1.0,,,,,,,,,,,1.0,1.0,,,,,1669,,,,0.0,,0.0,,0.0
,,,0.12890625,,0.984375,,,,,,,,,,,1.0,1.0,,,,,1670,,,,0.0,,0.0,,0.0
,,,0.2643946409225464,,0.9957983493804932,,,,,,,,,,,1.0,1.0,,,,,1671,,,,0.0,,0.0,,0.0
,,,0.083984375,,0.984375,,,,,,,,,,,1.0,1.0,,,,,1672,,,,0.0,,0.0,,0.0
,,,0.0763888880610466,,0.9921875,,,,,,,,,,,1.0,1.0,,,,,1673,,,,0.0,,0.0,,0.0
,,,0.2736291289329529,,1.0,,,,,,,,,,,1.0,1.0,,,,,1674,,,,0.0,,0.0,,0.0
,,,0.1216517835855484,,1.0,,,,,,,,,,,1.0,1.0,,,,,1675,,,,0.0,,0.0,,0.0
,,,0.1432291716337204,,0.9921875,,,,,,,,,,,1.0,1.0,,,,,1676,,,,0.0,,0.0,,0.0
,,,0.13479451835155487,,0.965753436088562,,,,,,,,,,,1.0,1.0,,,,,1677,,,,0.0,,0.0,,0.0
,,,0.0564236119389534,,0.921875,,,,,,,,,,,1.0,1.0,,,,,1678,,,,0.0,,0.0,,0.0
,,,0.0673828125,,0.9296875,,,,,,,,,,,1.0,1.0,,,,,1679,,,,0.0,,0.0,,0.0
,,,0.11559933423995972,,0.9527093172073364,,,,,,,,,,,1.0,1.0,,,,,1680,,,,0.0,,0.0,,0.0
,,,0.12109375,,0.9609375,,,,,,,,,,,1.0,1.0,,,,,1681,,,,0.0,,0.0,,0.0
,,,0.09375,,0.9609375,,,,,,,,,,,1.0,1.0,,,,,1682,,,,0.0,,0.0,,0.0
,,,0.213417187333107,,0.9394968748092651,,,,,,,,,,,1.0,1.0,,,,,1683,,,,0.0,,0.0,,0.0
,,,0.0892857164144516,,0.9921875,,,,,,,,,,,1.0,1.0,,,,,1684,,,,0.0,,0.0,,0.0
,,,0.0691964253783226,,0.921875,,,,,,,,,,,1.0,1.0,,,,,1685,,,,0.0,,0.0,,0.0
,,,0.2084815353155136,,0.9474692344665527,,,,,,,,,,,1.0,1.0,,,,,1686,,,,0.0,,0.0,,0.0
,,,0.0771484375,,0.9140625,,,,,,,,,,,1.0,1.0,,,,,1687,,,,0.0,,0.0,,0.0
,,,0.076171875,,0.9296875,,,,,,,,,,,1.0,1.0,,,,,1688,,,,0.0,,0.0,,0.0
,,,0.0990695208311081,,0.8283251523971558,,,,,,,,,,,1.0,1.0,,,,,1689,,,,0.0,,0.0,,0.0
,,,0.0638020858168602,,0.7265625,,,,,,,,,,,1.0,1.0,,,,,1690,,,,0.0,,0.0,,0.0
,,,0.0457589291036129,,0.734375,,,,,,,,,,,1.0,1.0,,,,,1691,,,,0.0,,0.0,,0.0
,,,0.10173720866441727,,0.8770492076873779,,,,,,,,,,,1.0,1.0,,,,,1692,,,,0.0,,0.0,,0.0
,,,0.0859375,,1.0,,,,,,,,,,,1.0,1.0,,,,,1693,,,,0.0,,0.0,,0.0
,,,0.0959821417927742,,1.0,,,,,,,,,,,1.0,1.0,,,,,1694,,,,0.0,,0.0,,0.0
,,,0.19313186407089233,,0.9920635223388672,,,,,,,,,,,1.0,1.0,,,,,1695,,,,0.0,,0.0,,0.0
,,,0.1328125,,0.9921875,,,,,,,,,,,1.0,1.0,,,,,1696,,,,0.0,,0.0,,0.0
,,,0.23046875,,0.9921875,,,,,,,,,,,1.0,1.0,,,,,1697,,,,0.0,,0.0,,0.0
,,,0.25,,0.9761363863945007,,,,,,,,,,,1.0,1.0,,,,,1698,,,,0.0,,0.0,,0.0
,,,0.1263020783662796,,0.984375,,,,,,,,,,,1.0,1.0,,,,,1699,,,,0.0,,0.0,,0.0
,,,0.1104910746216774,,1.0,,,,,,,,,,,1.0,1.0,,,,,1700,,,,0.0,,0.0,,0.0
,,,0.21365994215011597,,0.97465580701828,,,,,,,,,,,1.0,1.0,,,,,1701,,,,0.0,,0.0,,0.0
,,,0.12109375,,1.0,,,,,,,,,,,1.0,1.0,,,,,1702,,,,0.0,,0.0,,0.0
,,,0.0849609375,,0.9921875,,,,,,,,,,,1.0,1.0,,,,,1703,,,,0.0,,0.0,,0.0
,,,0.0807291641831398,,0.9921875,,,,,,,,,,,1.0,1.0,,,,,1704,,,,0.0,,0.0,,0.0
,,,0.12260967493057251,,1.0,,,,,,,,,,,1.0,1.0,,,,,1705,,,,0.0,,0.0,,0.0
,,,0.1393229216337204,,0.9921875,,,,,,,,,,,1.0,1.0,,,,,1706,,,,0.0,,0.0,,0.0
,,,0.16562500596046448,,0.9921875,,,,,,,,,,,1.0,1.0,,,,,1707,,,,0.0,,0.0,,0.0
,,,0.11925287544727325,,0.9655172824859619,,,,,,,,,,,1.0,1.0,,,,,1708,,,,0.0,,0.0,,0.0
,,,0.0747767835855484,,0.875,,,,,,,,,,,1.0,1.0,,,,,1709,,,,0.0,,0.0,,0.0
,,,0.068359375,,0.9765625,,,,,,,,,,,1.0,1.0,,,,,1710,,,,0.0,,0.0,,0.0
,,,0.13137146830558777,,0.9246424436569214,,,,,,,,,,,1.0,1.0,,,,,1711,,,,0.0,,0.0,,0.0
,,,0.1082589253783226,,0.96875,,,,,,,,,,,1.0,1.0,,,,,1712,,,,0.0,,0.0,,0.0
,,,0.1015625,,0.96875,,,,,,,,,,,1.0,1.0,,,,,1713,,,,0.0,,0.0,,0.0
,,,0.1785714328289032,,0.9270833730697632,,,,,,,,,,,1.0,1.0,,,,,1714,,,,0.0,,0.0,,0.0
,,,0.0989583358168602,,0.953125,,,,,,,,,,,1.0,1.0,,,,,1715,,,,0.0,,0.0,,0.0
,,,0.0758928582072258,,0.953125,,,,,,,,,,,1.0,1.0,,,,,1716,,,,0.0,,0.0,,0.0
,,,0.1662711501121521,,0.9413067698478699,,,,,,,,,,,1.0,1.0,,,,,1717,,,,0.0,,0.0,,0.0
,,,0.0668402761220932,,0.90625,,,,,,,,,,,1.0,1.0,,,,,1718,,,,0.0,,0.0,,0.0
,,,0.0771484375,,0.921875,,,,,,,,,,,1.0,1.0,,,,,1719,,,,0.0,,0.0,,0.0
,,,0.10784661024808884,,0.8761062026023865,,,,,,,,,,,1.0,1.0,,,,,1720,,,,0.0,,0.0,,0.0
,,,0.06640625,,0.7265625,,,,,,,,,,,1.0,1.0,,,,,1721,,,,0.0,,0.0,,0.0
,,,0.0520833320915699,,0.75,,,,,,,,,,,1.0,1.0,,,,,1722,,,,0.0,,0.0,,0.0
,,,0.1025252491235733,,0.8055555820465088,,,,,,,,,,,1.0,1.0,,,,,1723,,,,0.0,,0.0,,0.0
,,,0.1015625,,1.0,,,,,,,,,,,1.0,1.0,,,,,1724,,,,0.0,,0.0,,0.0
,,,0.0810546875,,0.984375,,,,,,,,,,,1.0,1.0,,,,,1725,,,,0.0,,0.0,,0.0
,,,0.2013888955116272,,1.0,,,,,,,,,,,1.0,1.0,,,,,1726,,,,0.0,,0.0,,0.0
,,,0.1536458283662796,,0.9921875,,,,,,,,,,,1.0,1.0,,,,,1727,,,,0.0,,0.0,,0.0
,,,0.18281249701976776,,0.9921875,,,,,,,,,,,1.0,1.0,,,,,1728,,,,0.0,,0.0,,0.0
,,,0.24455919861793518,,0.9657295942306519,,,,,,,,,,,1.0,1.0,,,,,1729,,,,0.0,,0.0,,0.0
,,,0.1236979141831398,,0.9921875,,,,,,,,,,,1.0,1.0,,,,,1730,,,,0.0,,0.0,,0.0
,,,0.1127232164144516,,1.0,,,,,,,,,,,1.0,1.0,,,,,1731,,,,0.0,,0.0,,0.0
,,,0.184078186750412,,0.9738986492156982,,,,,,,,,,,1.0,1.0,,,,,1732,,,,0.0,,0.0,,0.0
,,,0.0993303582072258,,0.984375,,,,,,,,,,,1.0,1.0,,,,,1733,,,,0.0,,0.0,,0.0
,,,0.087890625,,0.9921875,,,,,,,,,,,1.0,1.0,,,,,1734,,,,0.0,,0.0,,0.0
,,,0.20618769526481628,,1.0,,,,,,,,,,,1.0,1.0,,,,,1735,,,,0.0,,0.0,,0.0
,,,0.1205357164144516,,1.0,,,,,,,,,,,1.0,1.0,,,,,1736,,,,0.0,,0.0,,0.0
,,,0.1183035746216774,,0.984375,,,,,,,,,,,1.0,1.0,,,,,1737,,,,0.0,,0.0,,0.0
,,,0.2101762592792511,,0.9787163138389587,,,,,,,,,,,1.0,1.0,,,,,1738,,,,0.0,,0.0,,0.0
,,,0.05156249925494194,,0.8984375,,,,,,,,,,,1.0,1.0,,,,,1739,,,,0.0,,0.0,,0.0
,,,0.0634765625,,0.8984375,,,,,,,,,,,1.0,1.0,,,,,1740,,,,0.0,,0.0,,0.0
,,,0.1329365074634552,,0.9821428656578064,,,,,,,,,,,1.0,1.0,,,,,1741,,,,0.0,,0.0,,0.0
,,,0.09375,,0.9453125,,,,,,,,,,,1.0,1.0,,,,,1742,,,,0.0,,0.0,,0.0
,,,0.1049107164144516,,0.96875,,,,,,,,,,,1.0,1.0,,,,,1743,,,,0.0,,0.0,,0.0
,,,0.15207014977931976,,0.8919968605041504,,,,,,,,,,,1.0,1.0,,,,,1744,,,,0.0,,0.0,,0.0
,,,0.0892857164144516,,0.9765625,,,,,,,,,,,1.0,1.0,,,,,1745,,,,0.0,,0.0,,0.0
,,,0.0736607164144516,,0.921875,,,,,,,,,,,1.0,1.0,,,,,1746,,,,0.0,,0.0,,0.0
,,,0.07185039669275284,,0.9685039520263672,,,,,,,,,,,1.0,1.0,,,,,1747,,,,0.0,,0.0,,0.0
18,0.7093290090560913,0.6664549112319946,,0.9460344314575195,,,,,,,,,,,,,,137.44142150878906,31715.45703125,4.9231977462768555,460.9870910644531,4198,,,0.0,,0.0,,0.0,
18,,,,,,0.45042842626571655,,0.650375247001648,,9.997313499450684,,,,,,,,,,,,4198,1.247341275215149,,,,,,,
,,,,,,,,,,,,,,0.03,0.0004,,,,,,,4199,,,,,,,,
19,,,,,,,0.4841190278530121,,0.6691776514053345,,9.25,0.00039999998989515007,0.029999999329447746,,,,,,,,,4199,,1.4996418952941895,,,,,,
,,,,,,,,,,,,,,0.03,0.0004,,,,,,,4249,,,,,,,,
19,,,,,,,0.4546135663986206,,0.6491936445236206,,9.7265625,0.00039999998989515007,0.029999999329447746,,,1.0,1.0,,,,,4249,,1.000935673713684,,,,,,
,,,,,,,,,,,,,,0.03,0.0004,,,,,,,4299,,,,,,,,
19,,,,,,,0.45398253202438354,,0.6488067507743835,,9.7421875,0.00039999998989515007,0.029999999329447746,,,1.0,1.0,,,,,4299,,1.538473129272461,,,,,,
,,,,,,,,,,,,,,0.03,0.0004,,,,,,,4349,,,,,,,,
19,,,,,,,0.4602929353713989,,0.6680566072463989,,10.390625,0.00039999998989515007,0.029999999329447746,,,1.0,1.0,,,,,4349,,1.165480136871338,,,,,,
,,,,,,,,,,,,,,0.03,0.0004,,,,,,,4399,,,,,,,,
19,,,,,,,0.4533509910106659,,0.6474428176879883,,9.703125,0.00039999998989515007,0.029999999329447746,,,1.0,1.0,,,,,4399,,1.3610498905181885,,,,,,
,,,0.0615234375,,0.859375,,,,,,,,,,,1.0,1.0,,,,,1748,,,,0.0,,0.0,,0.0
,,,0.05859375,,0.90625,,,,,,,,,,,1.0,1.0,,,,,1749,,,,0.0,,0.0,,0.0
,,,0.13290958106517792,,0.9468280076980591,,,,,,,,,,,1.0,1.0,,,,,1750,,,,0.0,,0.0,,0.0
,,,0.15468749403953552,,0.9921875,,,,,,,,,,,1.0,1.0,,,,,1751,,,,0.0,,0.0,,0.0
,,,0.1484375,,0.984375,,,,,,,,,,,1.0,1.0,,,,,1752,,,,0.0,,0.0,,0.0
,,,0.20993590354919434,,0.9551281929016113,,,,,,,,,,,1.0,1.0,,,,,1753,,,,0.0,,0.0,,0.0
,,,0.046875,,0.96875,,,,,,,,,,,1.0,1.0,,,,,1754,,,,0.0,,0.0,,0.0
,,,0.0615234375,,0.953125,,,,,,,,,,,1.0,1.0,,,,,1755,,,,0.0,,0.0,,0.0
,,,0.1439870446920395,,0.9811320900917053,,,,,,,,,,,1.0,1.0,,,,,1756,,,,0.0,,0.0,,0.0
,,,0.18593749403953552,,0.984375,,,,,,,,,,,1.0,1.0,,,,,1757,,,,0.0,,0.0,,0.0
,,,0.19062499701976776,,1.0,,,,,,,,,,,1.0,1.0,,,,,1758,,,,0.0,,0.0,,0.0
,,,0.18593749403953552,,1.0,,,,,,,,,,,1.0,1.0,,,,,1759,,,,0.0,,0.0,,0.0
,,,0.17533333599567413,,0.972000002861023,,,,,,,,,,,1.0,1.0,,,,,1760,,,,0.0,,0.0,,0.0
,,,0.083984375,,0.9140625,,,,,,,,,,,1.0,1.0,,,,,1761,,,,0.0,,0.0,,0.0
,,,0.0830078125,,0.921875,,,,,,,,,,,1.0,1.0,,,,,1762,,,,0.0,,0.0,,0.0
,,,0.2500778138637543,,1.0,,,,,,,,,,,1.0,1.0,,,,,1763,,,,0.0,,0.0,,0.0
,,,0.1197916641831398,,0.9765625,,,,,,,,,,,1.0,1.0,,,,,1764,,,,0.0,,0.0,,0.0
,,,0.1171875,,0.984375,,,,,,,,,,,1.0,1.0,,,,,1765,,,,0.0,,0.0,,0.0
,,,0.3380952477455139,,0.9772727489471436,,,,,,,,,,,1.0,1.0,,,,,1766,,,,0.0,,0.0,,0.0
,,,0.234375,,1.0,,,,,,,,,,,1.0,1.0,,,,,1767,,,,0.0,,0.0,,0.0
,,,0.228515625,,0.9921875,,,,,,,,,,,1.0,1.0,,,,,1768,,,,0.0,,0.0,,0.0
,,,0.1769925355911255,,0.9589041471481323,,,,,,,,,,,1.0,1.0,,,,,1769,,,,0.0,,0.0,,0.0
,,,0.052734375,,0.90625,,,,,,,,,,,1.0,1.0,,,,,1770,,,,0.0,,0.0,,0.0
,,,0.060546875,,0.953125,,,,,,,,,,,1.0,1.0,,,,,1771,,,,0.0,,0.0,,0.0
,,,0.14802956581115723,,0.9541871547698975,,,,,,,,,,,1.0,1.0,,,,,1772,,,,0.0,,0.0,,0.0
,,,0.1640625,,0.984375,,,,,,,,,,,1.0,1.0,,,,,1773,,,,0.0,,0.0,,0.0
,,,0.1238839253783226,,0.984375,,,,,,,,,,,1.0,1.0,,,,,1774,,,,0.0,,0.0,,0.0
,,,0.2041928768157959,,0.9339622259140015,,,,,,,,,,,1.0,1.0,,,,,1775,,,,0.0,,0.0,,0.0
,,,0.052734375,,0.9375,,,,,,,,,,,1.0,1.0,,,,,1776,,,,0.0,,0.0,,0.0
,,,0.02890625037252903,,0.8046875,,,,,,,,,,,1.0,1.0,,,,,1777,,,,0.0,,0.0,,0.0
,,,0.09609363228082657,,0.8886457085609436,,,,,,,,,,,1.0,1.0,,,,,1778,,,,0.0,,0.0,,0.0
,,,0.0634765625,,0.875,,,,,,,,,,,1.0,1.0,,,,,1779,,,,0.0,,0.0,,0.0
,,,0.05859375,,0.8984375,,,,,,,,,,,1.0,1.0,,,,,1780,,,,0.0,,0.0,,0.0
,,,0.14027093350887299,,0.9598522186279297,,,,,,,,,,,1.0,1.0,,,,,1781,,,,0.0,,0.0,,0.0
,,,0.125,,0.9921875,,,,,,,,,,,1.0,1.0,,,,,1782,,,,0.0,,0.0,,0.0
,,,0.19140625,,0.9765625,,,,,,,,,,,1.0,1.0,,,,,1783,,,,0.0,,0.0,,0.0
,,,0.13386619091033936,,0.9679471254348755,,,,,,,,,,,1.0,1.0,,,,,1784,,,,0.0,,0.0,,0.0
,,,0.0572916679084301,,0.953125,,,,,,,,,,,1.0,1.0,,,,,1785,,,,0.0,,0.0,,0.0
,,,0.0546875,,0.9296875,,,,,,,,,,,1.0,1.0,,,,,1786,,,,0.0,,0.0,,0.0
,,,0.16318681836128235,,0.9843711853027344,,,,,,,,,,,1.0,1.0,,,,,1787,,,,0.0,,0.0,,0.0
,,,0.19062499701976776,,1.0,,,,,,,,,,,1.0,1.0,,,,,1788,,,,0.0,,0.0,,0.0
,,,0.234375,,1.0,,,,,,,,,,,1.0,1.0,,,,,1789,,,,0.0,,0.0,,0.0
,,,0.282196968793869,,0.9750000238418579,,,,,,,,,,,1.0,1.0,,,,,1790,,,,0.0,,0.0,,0.0
,,,0.0859375,,0.9375,,,,,,,,,,,1.0,1.0,,,,,1791,,,,0.0,,0.0,,0.0
,,,0.0869140625,,0.9140625,,,,,,,,,,,1.0,1.0,,,,,1792,,,,0.0,,0.0,,0.0
,,,0.17999061942100525,,0.978723406791687,,,,,,,,,,,1.0,1.0,,,,,1793,,,,0.0,,0.0,,0.0
,,,0.15312500298023224,,0.9921875,,,,,,,,,,,1.0,1.0,,,,,1794,,,,0.0,,0.0,,0.0
,,,0.0926339253783226,,0.984375,,,,,,,,,,,1.0,1.0,,,,,1795,,,,0.0,,0.0,,0.0
,,,0.125,,0.96875,,,,,,,,,,,1.0,1.0,,,,,1796,,,,0.0,,0.0,,0.0
,,,0.4803149700164795,,1.0,,,,,,,,,,,1.0,1.0,,,,,1797,,,,0.0,,0.0,,0.0
,,,0.23046875,,1.0,,,,,,,,,,,1.0,1.0,,,,,1798,,,,0.0,,0.0,,0.0
,,,0.18125000596046448,,0.9921875,,,,,,,,,,,1.0,1.0,,,,,1799,,,,0.0,,0.0,,0.0
,,,0.18211206793785095,,0.9568965435028076,,,,,,,,,,,1.0,1.0,,,,,1800,,,,0.0,,0.0,,0.0
,,,0.0625,,0.90625,,,,,,,,,,,1.0,1.0,,,,,1801,,,,0.0,,0.0,,0.0
,,,0.0556640625,,0.96875,,,,,,,,,,,1.0,1.0,,,,,1802,,,,0.0,,0.0,,0.0
,,,0.18969041109085083,,0.9481114745140076,,,,,,,,,,,1.0,1.0,,,,,1803,,,,0.0,,0.0,,0.0
,,,0.17343750596046448,,0.9921875,,,,,,,,,,,1.0,1.0,,,,,1804,,,,0.0,,0.0,,0.0
,,,0.140625,,0.9921875,,,,,,,,,,,1.0,1.0,,,,,1805,,,,0.0,,0.0,,0.0
,,,0.1755952388048172,,0.9270833730697632,,,,,,,,,,,1.0,1.0,,,,,1806,,,,0.0,,0.0,,0.0
,,,0.0442708320915699,,0.8828125,,,,,,,,,,,1.0,1.0,,,,,1807,,,,0.0,,0.0,,0.0
,,,0.02968749962747097,,0.859375,,,,,,,,,,,1.0,1.0,,,,,1808,,,,0.0,,0.0,,0.0
,,,0.1294296830892563,,0.8881505727767944,,,,,,,,,,,1.0,1.0,,,,,1809,,,,0.0,,0.0,,0.0
,,,0.0503472238779068,,0.875,,,,,,,,,,,1.0,1.0,,,,,1810,,,,0.0,,0.0,,0.0
,,,0.0595703125,,0.921875,,,,,,,,,,,1.0,1.0,,,,,1811,,,,0.0,,0.0,,0.0
,,,0.1429203599691391,,0.991150438785553,,,,,,,,,,,1.0,1.0,,,,,1812,,,,0.0,,0.0,,0.0
,,,0.15156249701976776,,0.9921875,,,,,,,,,,,1.0,1.0,,,,,1813,,,,0.0,,0.0,,0.0
,,,0.15937499701976776,,0.9609375,,,,,,,,,,,1.0,1.0,,,,,1814,,,,0.0,,0.0,,0.0
,,,0.11484848707914352,,0.963131308555603,,,,,,,,,,,1.0,1.0,,,,,1815,,,,0.0,,0.0,,0.0
,,,0.0546875,,0.953125,,,,,,,,,,,1.0,1.0,,,,,1816,,,,0.0,,0.0,,0.0
,,,0.0486111119389534,,0.9296875,,,,,,,,,,,1.0,1.0,,,,,1817,,,,0.0,,0.0,,0.0
,,,0.20105820894241333,,1.0,,,,,,,,,,,1.0,1.0,,,,,1818,,,,0.0,,0.0,,0.0
,,,0.240234375,,1.0,,,,,,,,,,,1.0,1.0,,,,,1819,,,,0.0,,0.0,,0.0
,,,0.236328125,,1.0,,,,,,,,,,,1.0,1.0,,,,,1820,,,,0.0,,0.0,,0.0
,,,0.24176707863807678,,0.9698795080184937,,,,,,,,,,,1.0,1.0,,,,,1821,,,,0.0,,0.0,,0.0
,,,0.083984375,,0.953125,,,,,,,,,,,1.0,1.0,,,,,1822,,,,0.0,,0.0,,0.0
,,,0.0927734375,,0.921875,,,,,,,,,,,1.0,1.0,,,,,1823,,,,0.0,,0.0,,0.0
,,,0.1758657991886139,,0.9803921580314636,,,,,,,,,,,1.0,1.0,,,,,1824,,,,0.0,,0.0,,0.0
,,,0.1197916641831398,,0.984375,,,,,,,,,,,1.0,1.0,,,,,1825,,,,0.0,,0.0,,0.0
,,,0.1171875,,0.984375,,,,,,,,,,,1.0,1.0,,,,,1826,,,,0.0,,0.0,,0.0
,,,0.3393133878707886,,0.9825581312179565,,,,,,,,,,,1.0,1.0,,,,,1827,,,,0.0,,0.0,,0.0
,,,0.23046875,,1.0,,,,,,,,,,,1.0,1.0,,,,,1828,,,,0.0,,0.0,,0.0
,,,0.2265625,,0.9921875,,,,,,,,,,,1.0,1.0,,,,,1829,,,,0.0,,0.0,,0.0
,,,0.2694823145866394,,0.9838709831237793,,,,,,,,,,,1.0,1.0,,,,,1830,,,,0.0,,0.0,,0.0
,,,0.0517578125,,0.8984375,,,,,,,,,,,1.0,1.0,,,,,1831,,,,0.0,,0.0,,0.0
,,,0.0555555559694767,,0.9140625,,,,,,,,,,,1.0,1.0,,,,,1832,,,,0.0,,0.0,,0.0
,,,0.1707589328289032,,0.9821428656578064,,,,,,,,,,,1.0,1.0,,,,,1833,,,,0.0,,0.0,,0.0
,,,0.15781250596046448,,0.96875,,,,,,,,,,,1.0,1.0,,,,,1834,,,,0.0,,0.0,,0.0
,,,0.1227678582072258,,0.9921875,,,,,,,,,,,1.0,1.0,,,,,1835,,,,0.0,,0.0,,0.0
,,,0.11843711882829666,,0.8636363744735718,,,,,,,,,,,1.0,1.0,,,,,1836,,,,0.0,,0.0,,0.0
,,,0.052734375,,0.8984375,,,,,,,,,,,1.0,1.0,,,,,1837,,,,0.0,,0.0,,0.0
,,,0.03437500074505806,,0.859375,,,,,,,,,,,1.0,1.0,,,,,1838,,,,0.0,,0.0,,0.0
,,,0.04549431428313255,,0.874015748500824,,,,,,,,,,,1.0,1.0,,,,,1839,,,,0.0,,0.0,,0.0
19,0.7187376022338867,0.6646558046340942,,0.9532027244567871,,,,,,,,,,,,,,139.81057739257812,35360.29296875,4.940288543701172,456.8586730957031,4419,,,0.0,,0.0,,0.0,
19,,,,,,0.44449305534362793,,0.6430312395095825,,9.92693042755127,,,,,,,,,,,,4419,1.2101565599441528,,,,,,,
,,,,,,,,,,,,,,0.03,0.0004,,,,,,,4449,,,,,,,,
20,,,,,,,0.46721529960632324,,0.6707065105438232,,10.171875,0.00039999998989515007,0.029999999329447746,,,1.0,1.0,,,,,4449,,1.3148634433746338,,,,,,
,,,,,,,,,,,,,,0.03,0.0004,,,,,,,4499,,,,,,,,
20,,,,,,,0.43503642082214355,,0.6454856395721436,,10.5234375,0.00039999998989515007,0.029999999329447746,,,1.0,1.0,,,,,4499,,0.9429373145103455,,,,,,
,,,,,,,,,,,,,,0.03,0.0004,,,,,,,4549,,,,,,,,
20,,,,,,,0.44177117943763733,,0.6403795480728149,,9.9296875,0.00039999998989515007,0.029999999329447746,,,1.0,1.0,,,,,4549,,1.036381721496582,,,,,,
,,,,,,,,,,,,,,0.03,0.0004,,,,,,,4599,,,,,,,,
20,,,,,,,0.41878384351730347,,0.6187350153923035,,10.0,0.00039999998989515007,0.029999999329447746,,,1.0,1.0,,,,,4599,,1.1207146644592285,,,,,,
,,,0.1127232164144516,,0.984375,,,,,,,,,,,1.0,1.0,,,,,1840,,,,0.0,,0.0,,0.0
,,,0.21875,,1.0,,,,,,,,,,,1.0,1.0,,,,,1841,,,,0.0,,0.0,,0.0
,,,0.18155890703201294,,0.9530619382858276,,,,,,,,,,,1.0,1.0,,,,,1842,,,,0.0,,0.0,,0.0
,,,0.1393229216337204,,0.953125,,,,,,,,,,,1.0,1.0,,,,,1843,,,,0.0,,0.0,,0.0
,,,0.0966796875,,0.953125,,,,,,,,,,,1.0,1.0,,,,,1844,,,,0.0,,0.0,,0.0
,,,0.1200142502784729,,0.9294872283935547,,,,,,,,,,,1.0,1.0,,,,,1845,,,,0.0,,0.0,,0.0
,,,0.03984374925494194,,0.953125,,,,,,,,,,,1.0,1.0,,,,,1846,,,,0.0,,0.0,,0.0
,,,0.03671874850988388,,0.90625,,,,,,,,,,,1.0,1.0,,,,,1847,,,,0.0,,0.0,,0.0
,,,0.10291595757007599,,0.9301029443740845,,,,,,,,,,,1.0,1.0,,,,,1848,,,,0.0,,0.0,,0.0
,,,0.1104910746216774,,0.96875,,,,,,,,,,,1.0,1.0,,,,,1849,,,,0.0,,0.0,,0.0
,,,0.0842013880610466,,0.953125,,,,,,,,,,,1.0,1.0,,,,,1850,,,,0.0,,0.0,,0.0
,,,0.0868055522441864,,0.953125,,,,,,,,,,,1.0,1.0,,,,,1851,,,,0.0,,0.0,,0.0
,,,0.21638095378875732,,0.8053333759307861,,,,,,,,,,,1.0,1.0,,,,,1852,,,,0.0,,0.0,,0.0
,,,0.0911458358168602,,0.9921875,,,,,,,,,,,1.0,1.0,,,,,1853,,,,0.0,,0.0,,0.0
,,,0.07968749850988388,,0.953125,,,,,,,,,,,1.0,1.0,,,,,1854,,,,0.0,,0.0,,0.0
,,,0.15084552764892578,,0.9873949289321899,,,,,,,,,,,1.0,1.0,,,,,1855,,,,0.0,,0.0,,0.0
,,,0.076171875,,0.9296875,,,,,,,,,,,1.0,1.0,,,,,1856,,,,0.0,,0.0,,0.0
,,,0.0771484375,,0.9609375,,,,,,,,,,,1.0,1.0,,,,,1857,,,,0.0,,0.0,,0.0
,,,0.22016078233718872,,0.9886363744735718,,,,,,,,,,,1.0,1.0,,,,,1858,,,,0.0,,0.0,,0.0
,,,0.1064453125,,0.984375,,,,,,,,,,,1.0,1.0,,,,,1859,,,,0.0,,0.0,,0.0
,,,0.1205357164144516,,0.9765625,,,,,,,,,,,1.0,1.0,,,,,1860,,,,0.0,,0.0,,0.0
,,,0.15257783234119415,,0.9726027250289917,,,,,,,,,,,1.0,1.0,,,,,1861,,,,0.0,,0.0,,0.0
,,,0.0694444477558136,,0.9296875,,,,,,,,,,,1.0,1.0,,,,,1862,,,,0.0,,0.0,,0.0
,,,0.087890625,,0.9375,,,,,,,,,,,1.0,1.0,,,,,1863,,,,0.0,,0.0,,0.0
,,,0.1338423490524292,,0.9556649923324585,,,,,,,,,,,1.0,1.0,,,,,1864,,,,0.0,,0.0,,0.0
,,,0.0885416641831398,,0.984375,,,,,,,,,,,1.0,1.0,,,,,1865,,,,0.0,,0.0,,0.0
,,,0.1044921875,,0.9609375,,,,,,,,,,,1.0,1.0,,,,,1866,,,,0.0,,0.0,,0.0
,,,0.19836477935314178,,0.9838993549346924,,,,,,,,,,,1.0,1.0,,,,,1867,,,,0.0,,0.0,,0.0
,,,0.1142578125,,1.0,,,,,,,,,,,1.0,1.0,,,,,1868,,,,0.0,,0.0,,0.0
,,,0.09375,,1.0,,,,,,,,,,,1.0,1.0,,,,,1869,,,,0.0,,0.0,,0.0
,,,0.21200409531593323,,0.9882352948188782,,,,,,,,,,,1.0,1.0,,,,,1870,,,,0.0,,0.0,,0.0
,,,0.1194196417927742,,0.9765625,,,,,,,,,,,1.0,1.0,,,,,1871,,,,0.0,,0.0,,0.0
,,,0.1160714253783226,,0.9921875,,,,,,,,,,,1.0,1.0,,,,,1872,,,,0.0,,0.0,,0.0
,,,0.23497536778450012,,0.9699507355690002,,,,,,,,,,,1.0,1.0,,,,,1873,,,,0.0,,0.0,,0.0
,,,0.1138392835855484,,0.9453125,,,,,,,,,,,1.0,1.0,,,,,1874,,,,0.0,,0.0,,0.0
,,,0.1104910746216774,,0.953125,,,,,,,,,,,1.0,1.0,,,,,1875,,,,0.0,,0.0,,0.0
,,,0.11421580612659454,,0.9306337237358093,,,,,,,,,,,1.0,1.0,,,,,1876,,,,0.0,,0.0,,0.0
,,,0.03750000149011612,,0.9453125,,,,,,,,,,,1.0,1.0,,,,,1877,,,,0.0,,0.0,,0.0
,,,0.03593749925494194,,0.8984375,,,,,,,,,,,1.0,1.0,,,,,1878,,,,0.0,,0.0,,0.0
,,,0.09780220687389374,,0.9293040037155151,,,,,,,,,,,1.0,1.0,,,,,1879,,,,0.0,,0.0,,0.0
,,,0.0868055522441864,,0.96875,,,,,,,,,,,1.0,1.0,,,,,1880,,,,0.0,,0.0,,0.0
,,,0.1060267835855484,,0.953125,,,,,,,,,,,1.0,1.0,,,,,1881,,,,0.0,,0.0,,0.0
,,,0.19090908765792847,,0.9590909481048584,,,,,,,,,,,1.0,1.0,,,,,1882,,,,0.0,,0.0,,0.0
,,,0.107421875,,0.9453125,,,,,,,,,,,1.0,1.0,,,,,1883,,,,0.0,,0.0,,0.0
,,,0.08203125,,0.984375,,,,,,,,,,,1.0,1.0,,,,,1884,,,,0.0,,0.0,,0.0
,,,0.16527605056762695,,0.9640175104141235,,,,,,,,,,,1.0,1.0,,,,,1885,,,,0.0,,0.0,,0.0
,,,0.0642361119389534,,0.96875,,,,,,,,,,,1.0,1.0,,,,,1886,,,,0.0,,0.0,,0.0
,,,0.0677083358168602,,0.9375,,,,,,,,,,,1.0,1.0,,,,,1887,,,,0.0,,0.0,,0.0
,,,0.08203125,,0.96875,,,,,,,,,,,1.0,1.0,,,,,1888,,,,0.0,,0.0,,0.0
,,,0.23228347301483154,,0.9960629940032959,,,,,,,,,,,1.0,1.0,,,,,1889,,,,0.0,,0.0,,0.0
,,,0.0894097238779068,,0.9765625,,,,,,,,,,,1.0,1.0,,,,,1890,,,,0.0,,0.0,,0.0
,,,0.1183035746216774,,0.9765625,,,,,,,,,,,1.0,1.0,,,,,1891,,,,0.0,,0.0,,0.0
,,,0.15143677592277527,,0.9698275923728943,,,,,,,,,,,1.0,1.0,,,,,1892,,,,0.0,,0.0,,0.0
,,,0.06718750298023224,,0.921875,,,,,,,,,,,1.0,1.0,,,,,1893,,,,0.0,,0.0,,0.0
,,,0.0763888880610466,,0.96875,,,,,,,,,,,1.0,1.0,,,,,1894,,,,0.0,,0.0,,0.0
,,,0.12808947265148163,,0.9580124616622925,,,,,,,,,,,1.0,1.0,,,,,1895,,,,0.0,,0.0,,0.0
,,,0.103515625,,0.984375,,,,,,,,,,,1.0,1.0,,,,,1896,,,,0.0,,0.0,,0.0
,,,0.1005859375,,0.9609375,,,,,,,,,,,1.0,1.0,,,,,1897,,,,0.0,,0.0,,0.0
,,,0.2057291567325592,,0.9791666269302368,,,,,,,,,,,1.0,1.0,,,,,1898,,,,0.0,,0.0,,0.0
,,,0.0954861119389534,,1.0,,,,,,,,,,,1.0,1.0,,,,,1899,,,,0.0,,0.0,,0.0
,,,0.11328125,,0.9921875,,,,,,,,,,,1.0,1.0,,,,,1900,,,,0.0,,0.0,,0.0
,,,0.24046827852725983,,0.988095223903656,,,,,,,,,,,1.0,1.0,,,,,1901,,,,0.0,,0.0,,0.0
,,,0.1227678582072258,,0.9765625,,,,,,,,,,,1.0,1.0,,,,,1902,,,,0.0,,0.0,,0.0
,,,0.1149553582072258,,0.984375,,,,,,,,,,,1.0,1.0,,,,,1903,,,,0.0,,0.0,,0.0
,,,0.2496418058872223,,0.9734513163566589,,,,,,,,,,,1.0,1.0,,,,,1904,,,,0.0,,0.0,,0.0
,,,0.1138392835855484,,0.9609375,,,,,,,,,,,1.0,1.0,,,,,1905,,,,0.0,,0.0,,0.0
,,,0.0947265625,,0.9375,,,,,,,,,,,1.0,1.0,,,,,1906,,,,0.0,,0.0,,0.0
,,,0.104747474193573,,0.9358586072921753,,,,,,,,,,,1.0,1.0,,,,,1907,,,,0.0,,0.0,,0.0
,,,0.0373263880610466,,0.9296875,,,,,,,,,,,1.0,1.0,,,,,1908,,,,0.0,,0.0,,0.0
,,,0.02890625037252903,,0.890625,,,,,,,,,,,1.0,1.0,,,,,1909,,,,0.0,,0.0,,0.0
,,,0.13786007463932037,,0.9768518209457397,,,,,,,,,,,1.0,1.0,,,,,1910,,,,0.0,,0.0,,0.0
,,,0.0842013880610466,,0.9609375,,,,,,,,,,,1.0,1.0,,,,,1911,,,,0.0,,0.0,,0.0
,,,0.0986328125,,0.96875,,,,,,,,,,,1.0,1.0,,,,,1912,,,,0.0,,0.0,,0.0
,,,0.1854826807975769,,0.9143239259719849,,,,,,,,,,,1.0,1.0,,,,,1913,,,,0.0,,0.0,,0.0
,,,0.0954861119389534,,0.9765625,,,,,,,,,,,1.0,1.0,,,,,1914,,,,0.0,,0.0,,0.0
,,,0.08437500149011612,,0.9765625,,,,,,,,,,,1.0,1.0,,,,,1915,,,,0.0,,0.0,,0.0
,,,0.1549670398235321,,0.9576011896133423,,,,,,,,,,,1.0,1.0,,,,,1916,,,,0.0,,0.0,,0.0
,,,0.0791015625,,0.9609375,,,,,,,,,,,1.0,1.0,,,,,1917,,,,0.0,,0.0,,0.0
,,,0.0677083358168602,,0.9375,,,,,,,,,,,1.0,1.0,,,,,1918,,,,0.0,,0.0,,0.0
,,,0.19746677577495575,,0.9883720874786377,,,,,,,,,,,1.0,1.0,,,,,1919,,,,0.0,,0.0,,0.0
,,,0.1025390625,,0.984375,,,,,,,,,,,1.0,1.0,,,,,1920,,,,0.0,,0.0,,0.0
,,,0.1183035746216774,,0.9765625,,,,,,,,,,,1.0,1.0,,,,,1921,,,,0.0,,0.0,,0.0
,,,0.17895281314849854,,0.9632524251937866,,,,,,,,,,,1.0,1.0,,,,,1922,,,,0.0,,0.0,,0.0
,,,0.06562499701976776,,0.9375,,,,,,,,,,,1.0,1.0,,,,,1923,,,,0.0,,0.0,,0.0
,,,0.08203125,,0.9140625,,,,,,,,,,,1.0,1.0,,,,,1924,,,,0.0,,0.0,,0.0
,,,0.1726190447807312,,0.9866071343421936,,,,,,,,,,,1.0,1.0,,,,,1925,,,,0.0,,0.0,,0.0
,,,0.0966796875,,0.9765625,,,,,,,,,,,1.0,1.0,,,,,1926,,,,0.0,,0.0,,0.0
,,,0.0868055522441864,,0.9609375,,,,,,,,,,,1.0,1.0,,,,,1927,,,,0.0,,0.0,,0.0
,,,0.18638306856155396,,0.9459984302520752,,,,,,,,,,,1.0,1.0,,,,,1928,,,,0.0,,0.0,,0.0
,,,0.109375,,1.0,,,,,,,,,,,1.0,1.0,,,,,1929,,,,0.0,,0.0,,0.0
,,,0.09375,,1.0,,,,,,,,,,,1.0,1.0,,,,,1930,,,,0.0,,0.0,,0.0
,,,0.11417322605848312,,0.9921259880065918,,,,,,,,,,,1.0,1.0,,,,,1931,,,,0.0,,0.0,,0.0
20,0.7290749549865723,0.736942708492279,,0.9625074863433838,,,,,,,,,,,,,,140.66116333007812,32315.71875,4.946353912353516,456.7272033691406,4640,,,0.0,,0.0,,0.0,
20,,,,,,0.4403995871543884,,0.6368740200996399,,9.823847770690918,,,,,,,,,,,,4640,1.1776717901229858,,,,,,,
,,,,,,,,,,,,,,0.03,0.0004,,,,,,,4649,,,,,,,,
21,,,,,,,0.45207828283309937,,0.6360382437705994,,9.1953125,0.00039999998989515007,0.029999999329447746,,,1.0,1.0,,,,,4649,,1.2740460634231567,,,,,,
,,,,,,,,,,,,,,0.03,0.0004,,,,,,,4699,,,,,,,,
21,,,,,,,0.428250789642334,,0.609769344329834,,9.078125,0.00039999998989515007,0.029999999329447746,,,1.0,1.0,,,,,4699,,1.2564172744750977,,,,,,
,,,,,,,,,,,,,,0.03,0.0004,,,,,,,4749,,,,,,,,
21,,,,,,,0.4179687798023224,,0.6038818359375,,9.296875,0.00039999998989515007,0.029999999329447746,,,1.0,1.0,,,,,4749,,1.26419997215271,,,,,,
,,,,,,,,,,,,,,0.03,0.0004,,,,,,,4799,,,,,,,,
21,,,,,,,0.44168227910995483,,0.6334547400474548,,9.5859375,0.00039999998989515007,0.029999999329447746,,,1.0,1.0,,,,,4799,,1.2621935606002808,,,,,,
,,,,,,,,,,,,,,0.03,0.0004,,,,,,,4849,,,,,,,,
21,,,,,,,0.42824727296829224,,0.6084230542182922,,9.0078125,0.00039999998989515007,0.029999999329447746,,,1.0,1.0,,,,,4849,,1.4168305397033691,,,,,,
,,,0.13671875,,0.984375,,,,,,,,,,,1.0,1.0,,,,,1932,,,,0.0,,0.0,,0.0
,,,0.1302083283662796,,1.0,,,,,,,,,,,1.0,1.0,,,,,1933,,,,0.0,,0.0,,0.0
,,,0.20054090023040771,,0.9765310287475586,,,,,,,,,,,1.0,1.0,,,,,1934,,,,0.0,,0.0,,0.0
,,,0.18437500298023224,,0.984375,,,,,,,,,,,1.0,1.0,,,,,1935,,,,0.0,,0.0,,0.0
,,,0.1083984375,,0.984375,,,,,,,,,,,1.0,1.0,,,,,1936,,,,0.0,,0.0,,0.0
,,,0.19671474397182465,,0.9647436141967773,,,,,,,,,,,1.0,1.0,,,,,1937,,,,0.0,,0.0,,0.0
,,,0.05624999850988388,,0.9921875,,,,,,,,,,,1.0,1.0,,,,,1938,,,,0.0,,0.0,,0.0
,,,0.0677083358168602,,0.984375,,,,,,,,,,,1.0,1.0,,,,,1939,,,,0.0,,0.0,,0.0
,,,0.11286448687314987,,0.9536877870559692,,,,,,,,,,,1.0,1.0,,,,,1940,,,,0.0,,0.0,,0.0
,,,0.1015625,,0.9765625,,,,,,,,,,,1.0,1.0,,,,,1941,,,,0.0,,0.0,,0.0
,,,0.06562499701976776,,0.953125,,,,,,,,,,,1.0,1.0,,,,,1942,,,,0.0,,0.0,,0.0
,,,0.078125,,0.953125,,,,,,,,,,,1.0,1.0,,,,,1943,,,,0.0,,0.0,,0.0
,,,0.195333331823349,,0.8253333568572998,,,,,,,,,,,1.0,1.0,,,,,1944,,,,0.0,,0.0,,0.0
,,,0.125,,1.0,,,,,,,,,,,1.0,1.0,,,,,1945,,,,0.0,,0.0,,0.0
,,,0.1103515625,,0.9765625,,,,,,,,,,,1.0,1.0,,,,,1946,,,,0.0,,0.0,,0.0
,,,0.19304388761520386,,0.9789916276931763,,,,,,,,,,,1.0,1.0,,,,,1947,,,,0.0,,0.0,,0.0
,,,0.0948660746216774,,0.953125,,,,,,,,,,,1.0,1.0,,,,,1948,,,,0.0,,0.0,,0.0
,,,0.0859375,,0.90625,,,,,,,,,,,1.0,1.0,,,,,1949,,,,0.0,,0.0,,0.0
,,,0.15788841247558594,,0.9199134111404419,,,,,,,,,,,1.0,1.0,,,,,1950,,,,0.0,,0.0,,0.0
,,,0.06875000149011612,,0.9765625,,,,,,,,,,,1.0,1.0,,,,,1951,,,,0.0,,0.0,,0.0
,,,0.07187499850988388,,0.9609375,,,,,,,,,,,1.0,1.0,,,,,1952,,,,0.0,,0.0,,0.0
,,,0.16858655214309692,,0.9521793127059937,,,,,,,,,,,1.0,1.0,,,,,1953,,,,0.0,,0.0,,0.0
,,,0.0729166641831398,,0.9765625,,,,,,,,,,,1.0,1.0,,,,,1954,,,,0.0,,0.0,,0.0
,,,0.06718750298023224,,0.96875,,,,,,,,,,,1.0,1.0,,,,,1955,,,,0.0,,0.0,,0.0
,,,0.1547892689704895,,0.9770935773849487,,,,,,,,,,,1.0,1.0,,,,,1956,,,,0.0,,0.0,,0.0
,,,0.107421875,,0.9921875,,,,,,,,,,,1.0,1.0,,,,,1957,,,,0.0,,0.0,,0.0
,,,0.11328125,,1.0,,,,,,,,,,,1.0,1.0,,,,,1958,,,,0.0,,0.0,,0.0
,,,0.17559748888015747,,0.9811320900917053,,,,,,,,,,,1.0,1.0,,,,,1959,,,,0.0,,0.0,,0.0
,,,0.09765625,,1.0,,,,,,,,,,,1.0,1.0,,,,,1960,,,,0.0,,0.0,,0.0
,,,0.06796874850988388,,0.953125,,,,,,,,,,,1.0,1.0,,,,,1961,,,,0.0,,0.0,,0.0
,,,0.16952121257781982,,0.9764705896377563,,,,,,,,,,,1.0,1.0,,,,,1962,,,,0.0,,0.0,,0.0
,,,0.1149553582072258,,0.984375,,,,,,,,,,,1.0,1.0,,,,,1963,,,,0.0,,0.0,,0.0
,,,0.1071428582072258,,1.0,,,,,,,,,,,1.0,1.0,,,,,1964,,,,0.0,,0.0,,0.0
,,,0.18111658096313477,,0.9699507355690002,,,,,,,,,,,1.0,1.0,,,,,1965,,,,0.0,,0.0,,0.0
,,,0.125,,0.9921875,,,,,,,,,,,1.0,1.0,,,,,1966,,,,0.0,,0.0,,0.0
,,,0.0980902761220932,,0.984375,,,,,,,,,,,1.0,1.0,,,,,1967,,,,0.0,,0.0,,0.0
,,,0.1577359139919281,,0.9761438369750977,,,,,,,,,,,1.0,1.0,,,,,1968,,,,0.0,,0.0,,0.0
,,,0.06015624850988388,,0.9921875,,,,,,,,,,,1.0,1.0,,,,,1969,,,,0.0,,0.0,,0.0
,,,0.06171875074505806,,0.96875,,,,,,,,,,,1.0,1.0,,,,,1970,,,,0.0,,0.0,,0.0
,,,0.11233212053775787,,0.9531135559082031,,,,,,,,,,,1.0,1.0,,,,,1971,,,,0.0,,0.0,,0.0
,,,0.0807291641831398,,0.96875,,,,,,,,,,,1.0,1.0,,,,,1972,,,,0.0,,0.0,,0.0
,,,0.08203125,,0.9609375,,,,,,,,,,,1.0,1.0,,,,,1973,,,,0.0,,0.0,,0.0
,,,0.20056816935539246,,0.9590909481048584,,,,,,,,,,,1.0,1.0,,,,,1974,,,,0.0,,0.0,,0.0
,,,0.1103515625,,0.9921875,,,,,,,,,,,1.0,1.0,,,,,1975,,,,0.0,,0.0,,0.0
,,,0.1272321492433548,,0.9921875,,,,,,,,,,,1.0,1.0,,,,,1976,,,,0.0,,0.0,,0.0
,,,0.17445418238639832,,0.97465580701828,,,,,,,,,,,1.0,1.0,,,,,1977,,,,0.0,,0.0,,0.0
,,,0.1119791641831398,,0.9609375,,,,,,,,,,,1.0,1.0,,,,,1978,,,,0.0,,0.0,,0.0
,,,0.08203125,,0.921875,,,,,,,,,,,1.0,1.0,,,,,1979,,,,0.0,,0.0,,0.0
,,,0.0763888880610466,,0.90625,,,,,,,,,,,1.0,1.0,,,,,1980,,,,0.0,,0.0,,0.0
,,,0.07007874548435211,,0.9842519760131836,,,,,,,,,,,1.0,1.0,,,,,1981,,,,0.0,,0.0,,0.0
,,,0.0798611119389534,,0.9609375,,,,,,,,,,,1.0,1.0,,,,,1982,,,,0.0,,0.0,,0.0
,,,0.06640625,,0.9375,,,,,,,,,,,1.0,1.0,,,,,1983,,,,0.0,,0.0,,0.0
,,,0.1136653944849968,,0.982758641242981,,,,,,,,,,,1.0,1.0,,,,,1984,,,,0.0,,0.0,,0.0
,,,0.06875000149011612,,0.9609375,,,,,,,,,,,1.0,1.0,,,,,1985,,,,0.0,,0.0,,0.0
,,,0.0755208358168602,,0.984375,,,,,,,,,,,1.0,1.0,,,,,1986,,,,0.0,,0.0,,0.0
,,,0.17092959582805634,,0.9765310287475586,,,,,,,,,,,1.0,1.0,,,,,1987,,,,0.0,,0.0,,0.0
,,,0.18125000596046448,,0.9921875,,,,,,,,,,,1.0,1.0,,,,,1988,,,,0.0,,0.0,,0.0
,,,0.0972222238779068,,1.0,,,,,,,,,,,1.0,1.0,,,,,1989,,,,0.0,,0.0,,0.0
,,,0.16458332538604736,,0.9739583730697632,,,,,,,,,,,1.0,1.0,,,,,1990,,,,0.0,,0.0,,0.0
,,,0.07500000298023224,,0.9765625,,,,,,,,,,,1.0,1.0,,,,,1991,,,,0.0,,0.0,,0.0
,,,0.07578124850988388,,0.953125,,,,,,,,,,,1.0,1.0,,,,,1992,,,,0.0,,0.0,,0.0
,,,0.2744555175304413,,0.988095223903656,,,,,,,,,,,1.0,1.0,,,,,1993,,,,0.0,,0.0,,0.0
,,,0.1276041716337204,,0.984375,,,,,,,,,,,1.0,1.0,,,,,1994,,,,0.0,,0.0,,0.0
,,,0.1104910746216774,,0.9921875,,,,,,,,,,,1.0,1.0,,,,,1995,,,,0.0,,0.0,,0.0
,,,0.2000737488269806,,0.9867256879806519,,,,,,,,,,,1.0,1.0,,,,,1996,,,,0.0,,0.0,,0.0
,,,0.111328125,,0.9921875,,,,,,,,,,,1.0,1.0,,,,,1997,,,,0.0,,0.0,,0.0
,,,0.125,,0.96875,,,,,,,,,,,1.0,1.0,,,,,1998,,,,0.0,,0.0,,0.0
,,,0.1368686854839325,,0.963131308555603,,,,,,,,,,,1.0,1.0,,,,,1999,,,,0.0,,0.0,,0.0
,,,0.0668402761220932,,1.0,,,,,,,,,,,1.0,1.0,,,,,2000,,,,0.0,,0.0,,0.0
,,,0.05546874925494194,,0.9453125,,,,,,,,,,,1.0,1.0,,,,,2001,,,,0.0,,0.0,,0.0
,,,0.12666666507720947,,0.9814814925193787,,,,,,,,,,,1.0,1.0,,,,,2002,,,,0.0,,0.0,,0.0
,,,0.07109375298023224,,0.96875,,,,,,,,,,,1.0,1.0,,,,,2003,,,,0.0,,0.0,,0.0
,,,0.0737847238779068,,0.96875,,,,,,,,,,,1.0,1.0,,,,,2004,,,,0.0,,0.0,,0.0
,,,0.23067507147789001,,0.9323962926864624,,,,,,,,,,,1.0,1.0,,,,,2005,,,,0.0,,0.0,,0.0
,,,0.1497395783662796,,1.0,,,,,,,,,,,1.0,1.0,,,,,2006,,,,0.0,,0.0,,0.0
,,,0.0989583358168602,,0.9921875,,,,,,,,,,,1.0,1.0,,,,,2007,,,,0.0,,0.0,,0.0
,,,0.19553729891777039,,0.9674051403999329,,,,,,,,,,,1.0,1.0,,,,,2008,,,,0.0,,0.0,,0.0
,,,0.0959821417927742,,0.9609375,,,,,,,,,,,1.0,1.0,,,,,2009,,,,0.0,,0.0,,0.0
,,,0.0763888880610466,,0.90625,,,,,,,,,,,1.0,1.0,,,,,2010,,,,0.0,,0.0,,0.0
,,,0.1582379788160324,,0.9418604373931885,,,,,,,,,,,1.0,1.0,,,,,2011,,,,0.0,,0.0,,0.0
,,,0.06718750298023224,,0.953125,,,,,,,,,,,1.0,1.0,,,,,2012,,,,0.0,,0.0,,0.0
,,,0.0772569477558136,,0.9609375,,,,,,,,,,,1.0,1.0,,,,,2013,,,,0.0,,0.0,,0.0
,,,0.1547500193119049,,0.9529430866241455,,,,,,,,,,,1.0,1.0,,,,,2014,,,,0.0,,0.0,,0.0
,,,0.0720486119389534,,0.9609375,,,,,,,,,,,1.0,1.0,,,,,2015,,,,0.0,,0.0,,0.0
,,,0.06796874850988388,,0.9609375,,,,,,,,,,,1.0,1.0,,,,,2016,,,,0.0,,0.0,,0.0
,,,0.1726190447807312,,0.9955357313156128,,,,,,,,,,,1.0,1.0,,,,,2017,,,,0.0,,0.0,,0.0
,,,0.1183035746216774,,0.9921875,,,,,,,,,,,1.0,1.0,,,,,2018,,,,0.0,,0.0,,0.0
,,,0.1272321492433548,,0.9921875,,,,,,,,,,,1.0,1.0,,,,,2019,,,,0.0,,0.0,,0.0
,,,0.14927048981189728,,0.9048174023628235,,,,,,,,,,,1.0,1.0,,,,,2020,,,,0.0,,0.0,,0.0
,,,0.0868055522441864,,1.0,,,,,,,,,,,1.0,1.0,,,,,2021,,,,0.0,,0.0,,0.0
,,,0.0807291641831398,,0.953125,,,,,,,,,,,1.0,1.0,,,,,2022,,,,0.0,,0.0,,0.0
,,,0.07874015718698502,,0.960629940032959,,,,,,,,,,,1.0,1.0,,,,,2023,,,,0.0,,0.0,,0.0
21,0.7354258894920349,0.7473958134651184,,0.9716049432754517,,,,,,,,,,,,,,141.78567504882812,33538.48828125,4.95431661605835,466.14959716796875,4861,,,0.0,,0.0,,0.0,
21,,,,,,0.434726744890213,,0.628692090511322,,9.698211669921875,,,,,,,,,,,,4861,1.1852244138717651,,,,,,,
,,,,,,,,,,,,,,0.03,0.0004,,,,,,,4899,,,,,,,,
22,,,,,,,0.38466310501098633,,0.5820508003234863,,9.8671875,0.00039999998989515007,0.029999999329447746,,,1.0,1.0,,,,,4899,,0.7660171985626221,,,,,,
,,,,,,,,,,,,,,0.03,0.0004,,,,,,,4949,,,,,,,,
22,,,,,,,0.4168560206890106,,0.603989839553833,,9.359375,0.00039999998989515007,0.029999999329447746,,,1.0,1.0,,,,,4949,,1.088186502456665,,,,,,
,,,,,,,,,,,,,,0.03,0.0004,,,,,,,4999,,,,,,,,
22,,,,,,,0.4160209000110626,,0.6086478233337402,,9.6328125,0.00039999998989515007,0.029999999329447746,,,1.0,1.0,,,,,4999,,1.0994393825531006,,,,,,
,,,,,,,,,,,,,,0.03,0.0004,,,,,,,5049,,,,,,,,
22,,,,,,,0.4409026503562927,,0.6324309706687927,,9.578125,0.00039999998989515007,0.029999999329447746,,,1.0,1.0,,,,,5049,,1.2003083229064941,,,,,,
,,,0.0966796875,,0.953125,,,,,,,,,,,1.0,1.0,,,,,2024,,,,0.0,,0.0,,0.0
,,,0.1354166716337204,,0.9921875,,,,,,,,,,,1.0,1.0,,,,,2025,,,,0.0,,0.0,,0.0
,,,0.16043271124362946,,0.9481114745140076,,,,,,,,,,,1.0,1.0,,,,,2026,,,,0.0,,0.0,,0.0
,,,0.1549479216337204,,0.9921875,,,,,,,,,,,1.0,1.0,,,,,2027,,,,0.0,,0.0,,0.0
,,,0.1064453125,,0.9921875,,,,,,,,,,,1.0,1.0,,,,,2028,,,,0.0,,0.0,,0.0
,,,0.14814814925193787,,0.9647436141967773,,,,,,,,,,,1.0,1.0,,,,,2029,,,,0.0,,0.0,,0.0
,,,0.04765624925494194,,0.9765625,,,,,,,,,,,1.0,1.0,,,,,2030,,,,0.0,,0.0,,0.0
,,,0.05312500149011612,,0.96875,,,,,,,,,,,1.0,1.0,,,,,2031,,,,0.0,,0.0,,0.0
,,,0.11500857770442963,,0.9858490228652954,,,,,,,,,,,1.0,1.0,,,,,2032,,,,0.0,,0.0,,0.0
,,,0.1183035746216774,,0.984375,,,,,,,,,,,1.0,1.0,,,,,2033,,,,0.0,,0.0,,0.0
,,,0.0902777761220932,,0.9765625,,,,,,,,,,,1.0,1.0,,,,,2034,,,,0.0,,0.0,,0.0
,,,0.1227678582072258,,0.9765625,,,,,,,,,,,1.0,1.0,,,,,2035,,,,0.0,,0.0,,0.0
,,,0.18933333456516266,,0.8173333406448364,,,,,,,,,,,1.0,1.0,,,,,2036,,,,0.0,,0.0,,0.0
,,,0.0876736119389534,,0.9765625,,,,,,,,,,,1.0,1.0,,,,,2037,,,,0.0,,0.0,,0.0
,,,0.07890625298023224,,0.953125,,,,,,,,,,,1.0,1.0,,,,,2038,,,,0.0,,0.0,,0.0
,,,0.15364664793014526,,0.9276376962661743,,,,,,,,,,,1.0,1.0,,,,,2039,,,,0.0,,0.0,,0.0
,,,0.0693359375,,0.9609375,,,,,,,,,,,1.0,1.0,,,,,2040,,,,0.0,,0.0,,0.0
,,,0.0616319440305233,,0.921875,,,,,,,,,,,1.0,1.0,,,,,2041,,,,0.0,,0.0,,0.0
,,,0.16209715604782104,,0.9659091234207153,,,,,,,,,,,1.0,1.0,,,,,2042,,,,0.0,,0.0,,0.0
,,,0.09375,,0.9921875,,,,,,,,,,,1.0,1.0,,,,,2043,,,,0.0,,0.0,,0.0
,,,0.09375,,0.9765625,,,,,,,,,,,1.0,1.0,,,,,2044,,,,0.0,,0.0,,0.0
,,,0.17769475281238556,,0.9909090995788574,,,,,,,,,,,1.0,1.0,,,,,2045,,,,0.0,,0.0,,0.0
,,,0.0868055522441864,,0.953125,,,,,,,,,,,1.0,1.0,,,,,2046,,,,0.0,,0.0,,0.0
,,,0.0920138880610466,,0.9765625,,,,,,,,,,,1.0,1.0,,,,,2047,,,,0.0,,0.0,,0.0
,,,0.18117131292819977,,0.9770935773849487,,,,,,,,,,,1.0,1.0,,,,,2048,,,,0.0,,0.0,,0.0
,,,0.1123046875,,1.0,,,,,,,,,,,1.0,1.0,,,,,2049,,,,0.0,,0.0,,0.0
,,,0.1123046875,,0.9921875,,,,,,,,,,,1.0,1.0,,,,,2050,,,,0.0,,0.0,,0.0
,,,0.20559749007225037,,1.0,,,,,,,,,,,1.0,1.0,,,,,2051,,,,0.0,,0.0,,0.0
,,,0.09375,,0.984375,,,,,,,,,,,1.0,1.0,,,,,2052,,,,0.0,,0.0,,0.0
,,,0.0789930522441864,,0.984375,,,,,,,,,,,1.0,1.0,,,,,2053,,,,0.0,,0.0,,0.0
,,,0.1871105134487152,,0.9823529720306396,,,,,,,,,,,1.0,1.0,,,,,2054,,,,0.0,,0.0,,0.0
,,,0.0842013880610466,,0.9765625,,,,,,,,,,,1.0,1.0,,,,,2055,,,,0.0,,0.0,,0.0
,,,0.109375,,0.984375,,,,,,,,,,,1.0,1.0,,,,,2056,,,,0.0,,0.0,,0.0
,,,0.18812260031700134,,0.9699507355690002,,,,,,,,,,,1.0,1.0,,,,,2057,,,,0.0,,0.0,,0.0
,,,0.0972222238779068,,0.9921875,,,,,,,,,,,1.0,1.0,,,,,2058,,,,0.0,,0.0,,0.0
,,,0.10546875,,0.96875,,,,,,,,,,,1.0,1.0,,,,,2059,,,,0.0,,0.0,,0.0
,,,0.1301688253879547,,0.9768779277801514,,,,,,,,,,,1.0,1.0,,,,,2060,,,,0.0,,0.0,,0.0
,,,0.04843749850988388,,0.9765625,,,,,,,,,,,1.0,1.0,,,,,2061,,,,0.0,,0.0,,0.0
,,,0.05390625074505806,,0.9609375,,,,,,,,,,,1.0,1.0,,,,,2062,,,,0.0,,0.0,,0.0
,,,0.11199022829532623,,1.0,,,,,,,,,,,1.0,1.0,,,,,2063,,,,0.0,,0.0,,0.0
,,,0.14453125,,0.984375,,,,,,,,,,,1.0,1.0,,,,,2064,,,,0.0,,0.0,,0.0
,,,0.1183035746216774,,0.9921875,,,,,,,,,,,1.0,1.0,,,,,2065,,,,0.0,,0.0,,0.0
,,,0.2519480586051941,,0.9818181991577148,,,,,,,,,,,1.0,1.0,,,,,2066,,,,0.0,,0.0,,0.0
,,,0.0885416641831398,,0.9609375,,,,,,,,,,,1.0,1.0,,,,,2067,,,,0.0,,0.0,,0.0
,,,0.0920138880610466,,0.96875,,,,,,,,,,,1.0,1.0,,,,,2068,,,,0.0,,0.0,,0.0
,,,0.14048811793327332,,0.9493116140365601,,,,,,,,,,,1.0,1.0,,,,,2069,,,,0.0,,0.0,,0.0
,,,0.078125,,0.9765625,,,,,,,,,,,1.0,1.0,,,,,2070,,,,0.0,,0.0,,0.0
,,,0.0633680522441864,,0.953125,,,,,,,,,,,1.0,1.0,,,,,2071,,,,0.0,,0.0,,0.0
,,,0.05859375,,0.9296875,,,,,,,,,,,1.0,1.0,,,,,2072,,,,0.0,,0.0,,0.0
,,,0.09186352044343948,,0.9960629940032959,,,,,,,,,,,1.0,1.0,,,,,2073,,,,0.0,,0.0,,0.0
,,,0.1227678582072258,,0.9921875,,,,,,,,,,,1.0,1.0,,,,,2074,,,,0.0,,0.0,,0.0
,,,0.07968749850988388,,0.96875,,,,,,,,,,,1.0,1.0,,,,,2075,,,,0.0,,0.0,,0.0
,,,0.14022988080978394,,0.9913793206214905,,,,,,,,,,,1.0,1.0,,,,,2076,,,,0.0,,0.0,,0.0
,,,0.07968749850988388,,0.9453125,,,,,,,,,,,1.0,1.0,,,,,2077,,,,0.0,,0.0,,0.0
,,,0.1171875,,0.984375,,,,,,,,,,,1.0,1.0,,,,,2078,,,,0.0,,0.0,,0.0
,,,0.15650898218154907,,0.9765310287475586,,,,,,,,,,,1.0,1.0,,,,,2079,,,,0.0,,0.0,,0.0
,,,0.1549479216337204,,1.0,,,,,,,,,,,1.0,1.0,,,,,2080,,,,0.0,,0.0,,0.0
,,,0.0972222238779068,,0.9921875,,,,,,,,,,,1.0,1.0,,,,,2081,,,,0.0,,0.0,,0.0
,,,0.19212962687015533,,0.9947916269302368,,,,,,,,,,,1.0,1.0,,,,,2082,,,,0.0,,0.0,,0.0
,,,0.07734374701976776,,0.9921875,,,,,,,,,,,1.0,1.0,,,,,2083,,,,0.0,,0.0,,0.0
,,,0.0902777761220932,,0.9765625,,,,,,,,,,,1.0,1.0,,,,,2084,,,,0.0,,0.0,,0.0
,,,0.2014811784029007,,1.0,,,,,,,,,,,1.0,1.0,,,,,2085,,,,0.0,,0.0,,0.0
,,,0.0966796875,,0.96875,,,,,,,,,,,1.0,1.0,,,,,2086,,,,0.0,,0.0,,0.0
,,,0.1104910746216774,,0.984375,,,,,,,,,,,1.0,1.0,,,,,2087,,,,0.0,,0.0,,0.0
,,,0.20840707421302795,,0.9867256879806519,,,,,,,,,,,1.0,1.0,,,,,2088,,,,0.0,,0.0,,0.0
,,,0.0980902761220932,,0.984375,,,,,,,,,,,1.0,1.0,,,,,2089,,,,0.0,,0.0,,0.0
,,,0.1194196417927742,,0.96875,,,,,,,,,,,1.0,1.0,,,,,2090,,,,0.0,,0.0,,0.0
,,,0.1324242353439331,,0.9863636493682861,,,,,,,,,,,1.0,1.0,,,,,2091,,,,0.0,,0.0,,0.0
,,,0.04609375074505806,,0.984375,,,,,,,,,,,1.0,1.0,,,,,2092,,,,0.0,,0.0,,0.0
,,,0.04921875149011612,,0.9609375,,,,,,,,,,,1.0,1.0,,,,,2093,,,,0.0,,0.0,,0.0
,,,0.13744854927062988,,0.9907407760620117,,,,,,,,,,,1.0,1.0,,,,,2094,,,,0.0,,0.0,,0.0
,,,0.1044921875,,0.9921875,,,,,,,,,,,1.0,1.0,,,,,2095,,,,0.0,,0.0,,0.0
,,,0.1419270783662796,,0.9921875,,,,,,,,,,,1.0,1.0,,,,,2096,,,,0.0,,0.0,,0.0
,,,0.21549531817436218,,0.9708166122436523,,,,,,,,,,,1.0,1.0,,,,,2097,,,,0.0,,0.0,,0.0
,,,0.0894097238779068,,0.96875,,,,,,,,,,,1.0,1.0,,,,,2098,,,,0.0,,0.0,,0.0
,,,0.08437500149011612,,0.984375,,,,,,,,,,,1.0,1.0,,,,,2099,,,,0.0,,0.0,,0.0
,,,0.1303284913301468,,0.9511077404022217,,,,,,,,,,,1.0,1.0,,,,,2100,,,,0.0,,0.0,,0.0
,,,0.0771484375,,0.96875,,,,,,,,,,,1.0,1.0,,,,,2101,,,,0.0,,0.0,,0.0
,,,0.06015624850988388,,0.9453125,,,,,,,,,,,1.0,1.0,,,,,2102,,,,0.0,,0.0,,0.0
,,,0.14623476564884186,,0.9651162624359131,,,,,,,,,,,1.0,1.0,,,,,2103,,,,0.0,,0.0,,0.0
,,,0.1025390625,,0.9921875,,,,,,,,,,,1.0,1.0,,,,,2104,,,,0.0,,0.0,,0.0
,,,0.103515625,,0.984375,,,,,,,,,,,1.0,1.0,,,,,2105,,,,0.0,,0.0,,0.0
,,,0.21229630708694458,,0.9845360517501831,,,,,,,,,,,1.0,1.0,,,,,2106,,,,0.0,,0.0,,0.0
,,,0.07968749850988388,,0.96875,,,,,,,,,,,1.0,1.0,,,,,2107,,,,0.0,,0.0,,0.0
,,,0.078125,,0.953125,,,,,,,,,,,1.0,1.0,,,,,2108,,,,0.0,,0.0,,0.0
,,,0.17767857015132904,,0.9910714626312256,,,,,,,,,,,1.0,1.0,,,,,2109,,,,0.0,,0.0,,0.0
,,,0.17343750596046448,,0.9921875,,,,,,,,,,,1.0,1.0,,,,,2110,,,,0.0,,0.0,,0.0
,,,0.11328125,,0.9921875,,,,,,,,,,,1.0,1.0,,,,,2111,,,,0.0,,0.0,,0.0
,,,0.16127082705497742,,1.0,,,,,,,,,,,1.0,1.0,,,,,2112,,,,0.0,,0.0,,0.0
,,,0.0920138880610466,,0.9921875,,,,,,,,,,,1.0,1.0,,,,,2113,,,,0.0,,0.0,,0.0
,,,0.0842013880610466,,0.9921875,,,,,,,,,,,1.0,1.0,,,,,2114,,,,0.0,,0.0,,0.0
,,,0.10433071106672287,,0.9842519760131836,,,,,,,,,,,1.0,1.0,,,,,2115,,,,0.0,,0.0,,0.0
22,0.7308968305587769,0.7678801417350769,,0.9770709872245789,,,,,,,,,,,,,,147.30279541015625,34297.90234375,4.992490291595459,448.3533630371094,5082,,,0.0,,0.0,,0.0,
22,,,,,,0.4312705397605896,,0.6240357160568237,,9.63829231262207,,,,,,,,,,,,5082,1.1256662607192993,,,,,,,
,,,,,,,,,,,,,,0.03,0.0004,,,,,,,5099,,,,,,,,
23,,,,,,,0.432976096868515,,0.6373218297958374,,10.21875,0.00039999998989515007,0.029999999329447746,,,1.0,1.0,,,,,5099,,1.0162205696105957,,,,,,
,,,,,,,,,,,,,,0.03,0.0004,,,,,,,5149,,,,,,,,
23,,,,,,,0.42939260601997375,,0.6247050762176514,,9.765625,0.00039999998989515007,0.029999999329447746,,,1.0,1.0,,,,,5149,,1.1860508918762207,,,,,,
,,,,,,,,,,,,,,0.03,0.0004,,,,,,,5199,,,,,,,,
23,,,,,,,0.43122872710227966,,0.612991452217102,,9.0859375,0.00039999998989515007,0.029999999329447746,,,1.0,1.0,,,,,5199,,1.0074515342712402,,,,,,
,,,,,,,,,,,,,,0.03,0.0004,,,,,,,5249,,,,,,,,
23,,,,,,,0.4322655498981476,,0.6151268482208252,,9.140625,0.00039999998989515007,0.029999999329447746,,,1.0,1.0,,,,,5249,,0.9622554779052734,,,,,,
,,,,,,,,,,,,,,0.03,0.0004,,,,,,,5299,,,,,,,,
23,,,,,,,0.4399763345718384,,0.6374861001968384,,9.875,0.00039999998989515007,0.029999999329447746,,,1.0,1.0,,,,,5299,,1.2710556983947754,,,,,,
,,,0.0694444477558136,,0.9375,,,,,,,,,,,1.0,1.0,,,,,2116,,,,0.0,,0.0,,0.0
,,,0.0904017835855484,,0.9765625,,,,,,,,,,,1.0,1.0,,,,,2117,,,,0.0,,0.0,,0.0
,,,0.17055779695510864,,0.9468280076980591,,,,,,,,,,,1.0,1.0,,,,,2118,,,,0.0,,0.0,,0.0
,,,0.1484375,,0.96875,,,,,,,,,,,1.0,1.0,,,,,2119,,,,0.0,,0.0,,0.0
,,,0.1194196417927742,,0.984375,,,,,,,,,,,1.0,1.0,,,,,2120,,,,0.0,,0.0,,0.0
,,,0.14529913663864136,,0.9551281929016113,,,,,,,,,,,1.0,1.0,,,,,2121,,,,0.0,,0.0,,0.0
,,,0.05390625074505806,,1.0,,,,,,,,,,,1.0,1.0,,,,,2122,,,,0.0,,0.0,,0.0
,,,0.05781250074505806,,1.0,,,,,,,,,,,1.0,1.0,,,,,2123,,,,0.0,,0.0,,0.0
,,,0.12427100539207458,,0.9952830076217651,,,,,,,,,,,1.0,1.0,,,,,2124,,,,0.0,,0.0,,0.0
,,,0.21875,,0.9921875,,,,,,,,,,,1.0,1.0,,,,,2125,,,,0.0,,0.0,,0.0
,,,0.08281250298023224,,0.984375,,,,,,,,,,,1.0,1.0,,,,,2126,,,,0.0,,0.0,,0.0
,,,0.1044921875,,0.984375,,,,,,,,,,,1.0,1.0,,,,,2127,,,,0.0,,0.0,,0.0
,,,0.187333345413208,,0.8013333082199097,,,,,,,,,,,1.0,1.0,,,,,2128,,,,0.0,,0.0,,0.0
,,,0.1276041716337204,,0.9453125,,,,,,,,,,,1.0,1.0,,,,,2129,,,,0.0,,0.0,,0.0
,,,0.07968749850988388,,0.921875,,,,,,,,,,,1.0,1.0,,,,,2130,,,,0.0,,0.0,,0.0
,,,0.18259155750274658,,0.8846871852874756,,,,,,,,,,,1.0,1.0,,,,,2131,,,,0.0,,0.0,,0.0
,,,0.1216517835855484,,0.9921875,,,,,,,,,,,1.0,1.0,,,,,2132,,,,0.0,,0.0,,0.0
,,,0.09375,,1.0,,,,,,,,,,,1.0,1.0,,,,,2133,,,,0.0,,0.0,,0.0
,,,0.18073591589927673,,0.9940476417541504,,,,,,,,,,,1.0,1.0,,,,,2134,,,,0.0,,0.0,,0.0
,,,0.1071428582072258,,0.96875,,,,,,,,,,,1.0,1.0,,,,,2135,,,,0.0,,0.0,,0.0
,,,0.09765625,,0.96875,,,,,,,,,,,1.0,1.0,,,,,2136,,,,0.0,,0.0,,0.0
,,,0.17465060949325562,,0.9727272987365723,,,,,,,,,,,1.0,1.0,,,,,2137,,,,0.0,,0.0,,0.0
,,,0.0842013880610466,,0.984375,,,,,,,,,,,1.0,1.0,,,,,2138,,,,0.0,,0.0,,0.0
,,,0.1183035746216774,,0.9765625,,,,,,,,,,,1.0,1.0,,,,,2139,,,,0.0,,0.0,,0.0
,,,0.14893266558647156,,0.9684728980064392,,,,,,,,,,,1.0,1.0,,,,,2140,,,,0.0,,0.0,,0.0
,,,0.13906249403953552,,0.9765625,,,,,,,,,,,1.0,1.0,,,,,2141,,,,0.0,,0.0,,0.0
,,,0.0763888880610466,,0.953125,,,,,,,,,,,1.0,1.0,,,,,2142,,,,0.0,,0.0,,0.0
,,,0.19877806305885315,,0.9744654297828674,,,,,,,,,,,1.0,1.0,,,,,2143,,,,0.0,,0.0,,0.0
,,,0.1015625,,1.0,,,,,,,,,,,1.0,1.0,,,,,2144,,,,0.0,,0.0,,0.0
,,,0.0746527761220932,,0.984375,,,,,,,,,,,1.0,1.0,,,,,2145,,,,0.0,,0.0,,0.0
,,,0.2105921506881714,,0.9766073822975159,,,,,,,,,,,1.0,1.0,,,,,2146,,,,0.0,,0.0,,0.0
,,,0.0711805522441864,,0.9375,,,,,,,,,,,1.0,1.0,,,,,2147,,,,0.0,,0.0,,0.0
,,,0.0881696417927742,,0.9453125,,,,,,,,,,,1.0,1.0,,,,,2148,,,,0.0,,0.0,,0.0
,,,0.22427868843078613,,0.9598522186279297,,,,,,,,,,,1.0,1.0,,,,,2149,,,,0.0,,0.0,,0.0
,,,0.1205357164144516,,0.96875,,,,,,,,,,,1.0,1.0,,,,,2150,,,,0.0,,0.0,,0.0
,,,0.1205357164144516,,0.9921875,,,,,,,,,,,1.0,1.0,,,,,2151,,,,0.0,,0.0,,0.0
,,,0.13540494441986084,,0.9597504138946533,,,,,,,,,,,1.0,1.0,,,,,2152,,,,0.0,,0.0,,0.0
,,,0.05390625074505806,,1.0,,,,,,,,,,,1.0,1.0,,,,,2153,,,,0.0,,0.0,,0.0
,,,0.05156249925494194,,1.0,,,,,,,,,,,1.0,1.0,,,,,2154,,,,0.0,,0.0,,0.0
,,,0.1322832703590393,,0.9843711853027344,,,,,,,,,,,1.0,1.0,,,,,2155,,,,0.0,,0.0,,0.0
,,,0.1103515625,,0.984375,,,,,,,,,,,1.0,1.0,,,,,2156,,,,0.0,,0.0,,0.0
,,,0.1025390625,,1.0,,,,,,,,,,,1.0,1.0,,,,,2157,,,,0.0,,0.0,,0.0
,,,0.21761363744735718,,0.9761363863945007,,,,,,,,,,,1.0,1.0,,,,,2158,,,,0.0,,0.0,,0.0
,,,0.09765625,,0.921875,,,,,,,,,,,1.0,1.0,,,,,2159,,,,0.0,,0.0,,0.0
,,,0.099609375,,0.9453125,,,,,,,,,,,1.0,1.0,,,,,2160,,,,0.0,,0.0,,0.0
,,,0.21268773078918457,,0.9480600357055664,,,,,,,,,,,1.0,1.0,,,,,2161,,,,0.0,,0.0,,0.0
,,,0.1484375,,1.0,,,,,,,,,,,1.0,1.0,,,,,2162,,,,0.0,,0.0,,0.0
,,,0.1025390625,,0.984375,,,,,,,,,,,1.0,1.0,,,,,2163,,,,0.0,,0.0,,0.0
,,,0.10546875,,1.0,,,,,,,,,,,1.0,1.0,,,,,2164,,,,0.0,,0.0,,0.0
,,,0.22047244012355804,,0.9842519760131836,,,,,,,,,,,1.0,1.0,,,,,2165,,,,0.0,,0.0,,0.0
,,,0.1116071417927742,,0.9765625,,,,,,,,,,,1.0,1.0,,,,,2166,,,,0.0,,0.0,,0.0
,,,0.09375,,0.9453125,,,,,,,,,,,1.0,1.0,,,,,2167,,,,0.0,,0.0,,0.0
,,,0.14339080452919006,,0.9956896305084229,,,,,,,,,,,1.0,1.0,,,,,2168,,,,0.0,,0.0,,0.0
,,,0.0868055522441864,,0.9609375,,,,,,,,,,,1.0,1.0,,,,,2169,,,,0.0,,0.0,,0.0
,,,0.1015625,,0.9921875,,,,,,,,,,,1.0,1.0,,,,,2170,,,,0.0,,0.0,,0.0
,,,0.20692545175552368,,0.9666299819946289,,,,,,,,,,,1.0,1.0,,,,,2171,,,,0.0,,0.0,,0.0
,,,0.1184895858168602,,1.0,,,,,,,,,,,1.0,1.0,,,,,2172,,,,0.0,,0.0,,0.0
,,,0.0720486119389534,,0.9609375,,,,,,,,,,,1.0,1.0,,,,,2173,,,,0.0,,0.0,,0.0
,,,0.212797611951828,,0.9739583730697632,,,,,,,,,,,1.0,1.0,,,,,2174,,,,0.0,,0.0,,0.0
,,,0.0824652761220932,,0.9765625,,,,,,,,,,,1.0,1.0,,,,,2175,,,,0.0,,0.0,,0.0
,,,0.0947265625,,0.9921875,,,,,,,,,,,1.0,1.0,,,,,2176,,,,0.0,,0.0,,0.0
,,,0.17365725338459015,,0.9767441749572754,,,,,,,,,,,1.0,1.0,,,,,2177,,,,0.0,,0.0,,0.0
,,,0.080078125,,0.9609375,,,,,,,,,,,1.0,1.0,,,,,2178,,,,0.0,,0.0,,0.0
,,,0.0948660746216774,,0.9375,,,,,,,,,,,1.0,1.0,,,,,2179,,,,0.0,,0.0,,0.0
,,,0.19564896821975708,,0.9489675760269165,,,,,,,,,,,1.0,1.0,,,,,2180,,,,0.0,,0.0,,0.0
,,,0.1205357164144516,,0.984375,,,,,,,,,,,1.0,1.0,,,,,2181,,,,0.0,,0.0,,0.0
,,,0.1044921875,,0.953125,,,,,,,,,,,1.0,1.0,,,,,2182,,,,0.0,,0.0,,0.0
,,,0.12303030490875244,,0.9676767587661743,,,,,,,,,,,1.0,1.0,,,,,2183,,,,0.0,,0.0,,0.0
,,,0.05156249925494194,,0.9921875,,,,,,,,,,,1.0,1.0,,,,,2184,,,,0.0,,0.0,,0.0
,,,0.046875,,0.9921875,,,,,,,,,,,1.0,1.0,,,,,2185,,,,0.0,,0.0,,0.0
,,,0.22883598506450653,,0.9953703880310059,,,,,,,,,,,1.0,1.0,,,,,2186,,,,0.0,,0.0,,0.0
,,,0.08437500149011612,,0.984375,,,,,,,,,,,1.0,1.0,,,,,2187,,,,0.0,,0.0,,0.0
,,,0.1432291716337204,,1.0,,,,,,,,,,,1.0,1.0,,,,,2188,,,,0.0,,0.0,,0.0
,,,0.1701740324497223,,0.9476572871208191,,,,,,,,,,,1.0,1.0,,,,,2189,,,,0.0,,0.0,,0.0
,,,0.12890625,,0.953125,,,,,,,,,,,1.0,1.0,,,,,2190,,,,0.0,,0.0,,0.0
,,,0.1025390625,,0.9375,,,,,,,,,,,1.0,1.0,,,,,2191,,,,0.0,,0.0,,0.0
,,,0.18164841830730438,,0.9444868564605713,,,,,,,,,,,1.0,1.0,,,,,2192,,,,0.0,,0.0,,0.0
,,,0.1458333283662796,,0.9921875,,,,,,,,,,,1.0,1.0,,,,,2193,,,,0.0,,0.0,,0.0
,,,0.0920138880610466,,0.9921875,,,,,,,,,,,1.0,1.0,,,,,2194,,,,0.0,,0.0,,0.0
,,,0.16345514357089996,,1.0,,,,,,,,,,,1.0,1.0,,,,,2195,,,,0.0,,0.0,,0.0
,,,0.1263020783662796,,0.9609375,,,,,,,,,,,1.0,1.0,,,,,2196,,,,0.0,,0.0,,0.0
,,,0.09375,,0.9609375,,,,,,,,,,,1.0,1.0,,,,,2197,,,,0.0,,0.0,,0.0
,,,0.21375124156475067,,0.9639174938201904,,,,,,,,,,,1.0,1.0,,,,,2198,,,,0.0,,0.0,,0.0
,,,0.0850694477558136,,0.9921875,,,,,,,,,,,1.0,1.0,,,,,2199,,,,0.0,,0.0,,0.0
,,,0.07500000298023224,,0.9609375,,,,,,,,,,,1.0,1.0,,,,,2200,,,,0.0,,0.0,,0.0
,,,0.1636904776096344,,0.9910714626312256,,,,,,,,,,,1.0,1.0,,,,,2201,,,,0.0,,0.0,,0.0
,,,0.1119791641831398,,0.9765625,,,,,,,,,,,1.0,1.0,,,,,2202,,,,0.0,,0.0,,0.0
,,,0.0810546875,,0.9765625,,,,,,,,,,,1.0,1.0,,,,,2203,,,,0.0,,0.0,,0.0
,,,0.1780441850423813,,0.941724956035614,,,,,,,,,,,1.0,1.0,,,,,2204,,,,0.0,,0.0,,0.0
,,,0.0966796875,,0.9921875,,,,,,,,,,,1.0,1.0,,,,,2205,,,,0.0,,0.0,,0.0
,,,0.078125,,0.9765625,,,,,,,,,,,1.0,1.0,,,,,2206,,,,0.0,,0.0,,0.0
,,,0.11023622006177902,,0.9921259880065918,,,,,,,,,,,1.0,1.0,,,,,2207,,,,0.0,,0.0,,0.0
23,0.735446035861969,0.7489810585975647,,0.9730794429779053,,,,,,,,,,,,,,149.82415771484375,30398.52734375,5.009462356567383,451.4313049316406,5303,,,0.0,,0.0,,0.0,
23,,,,,,0.4263129234313965,,0.6177423000335693,,9.571584701538086,,,,,,,,,,,,5303,1.0498415231704712,,,,,,,
,,,,,,,,,,,,,,0.03,0.0004,,,,,,,5349,,,,,,,,
24,,,,,,,0.4168674945831299,,0.6038792133331299,,9.3515625,0.00039999998989515007,0.029999999329447746,,,1.0,1.0,,,,,5349,,0.68630051612854,,,,,,
,,,,,,,,,,,,,,0.03,0.0004,,,,,,,5399,,,,,,,,
24,,,,,,,0.4111984670162201,,0.6018723249435425,,9.53125,0.00039999998989515007,0.029999999329447746,,,1.0,1.0,,,,,5399,,0.7752681374549866,,,,,,
,,,,,,,,,,,,,,0.03,0.0004,,,,,,,5449,,,,,,,,
24,,,,,,,0.41242384910583496,,0.603463888168335,,9.5546875,0.00039999998989515007,0.029999999329447746,,,1.0,1.0,,,,,5449,,1.0513185262680054,,,,,,
,,,,,,,,,,,,,,0.03,0.0004,,,,,,,5499,,,,,,,,
24,,,,,,,0.4137116074562073,,0.6001129746437073,,9.3203125,0.00039999998989515007,0.029999999329447746,,,1.0,1.0,,,,,5499,,1.3031058311462402,,,,,,
,,,0.0927734375,,0.9453125,,,,,,,,,,,1.0,1.0,,,,,2208,,,,0.0,,0.0,,0.0
,,,0.09765625,,0.984375,,,,,,,,,,,1.0,1.0,,,,,2209,,,,0.0,,0.0,,0.0
,,,0.15005502104759216,,0.9431610107421875,,,,,,,,,,,1.0,1.0,,,,,2210,,,,0.0,,0.0,,0.0
,,,0.1149553582072258,,0.9375,,,,,,,,,,,1.0,1.0,,,,,2211,,,,0.0,,0.0,,0.0
,,,0.1071428582072258,,0.921875,,,,,,,,,,,1.0,1.0,,,,,2212,,,,0.0,,0.0,,0.0
,,,0.1482371836900711,,0.9310897588729858,,,,,,,,,,,1.0,1.0,,,,,2213,,,,0.0,,0.0,,0.0
,,,0.0572916679084301,,0.9921875,,,,,,,,,,,1.0,1.0,,,,,2214,,,,0.0,,0.0,,0.0
,,,0.0564236119389534,,0.9609375,,,,,,,,,,,1.0,1.0,,,,,2215,,,,0.0,,0.0,,0.0
,,,0.13241852819919586,,0.9764150977134705,,,,,,,,,,,1.0,1.0,,,,,2216,,,,0.0,,0.0,,0.0
,,,0.1162109375,,1.0,,,,,,,,,,,1.0,1.0,,,,,2217,,,,0.0,,0.0,,0.0
,,,0.1294642835855484,,1.0,,,,,,,,,,,1.0,1.0,,,,,2218,,,,0.0,,0.0,,0.0
,,,0.1083984375,,1.0,,,,,,,,,,,1.0,1.0,,,,,2219,,,,0.0,,0.0,,0.0
,,,0.25644445419311523,,0.9919999837875366,,,,,,,,,,,1.0,1.0,,,,,2220,,,,0.0,,0.0,,0.0
,,,0.0986328125,,0.9921875,,,,,,,,,,,1.0,1.0,,,,,2221,,,,0.0,,0.0,,0.0
,,,0.0946180522441864,,0.9921875,,,,,,,,,,,1.0,1.0,,,,,2222,,,,0.0,,0.0,,0.0
,,,0.16444912552833557,,0.9537814855575562,,,,,,,,,,,1.0,1.0,,,,,2223,,,,0.0,,0.0,,0.0
,,,0.0595703125,,0.921875,,,,,,,,,,,1.0,1.0,,,,,2224,,,,0.0,,0.0,,0.0
,,,0.0572916679084301,,0.9453125,,,,,,,,,,,1.0,1.0,,,,,2225,,,,0.0,,0.0,,0.0
,,,0.20439085364341736,,0.9659091234207153,,,,,,,,,,,1.0,1.0,,,,,2226,,,,0.0,,0.0,,0.0
,,,0.1536458283662796,,0.9921875,,,,,,,,,,,1.0,1.0,,,,,2227,,,,0.0,,0.0,,0.0
,,,0.19062499701976776,,0.984375,,,,,,,,,,,1.0,1.0,,,,,2228,,,,0.0,,0.0,,0.0
,,,0.1765877902507782,,0.9520547986030579,,,,,,,,,,,1.0,1.0,,,,,2229,,,,0.0,,0.0,,0.0
,,,0.0673828125,,0.9140625,,,,,,,,,,,1.0,1.0,,,,,2230,,,,0.0,,0.0,,0.0
,,,0.0810546875,,0.9140625,,,,,,,,,,,1.0,1.0,,,,,2231,,,,0.0,,0.0,,0.0
,,,0.13901478052139282,,0.934236466884613,,,,,,,,,,,1.0,1.0,,,,,2232,,,,0.0,,0.0,,0.0
,,,0.1419270783662796,,0.9921875,,,,,,,,,,,1.0,1.0,,,,,2233,,,,0.0,,0.0,,0.0
,,,0.09375,,0.9921875,,,,,,,,,,,1.0,1.0,,,,,2234,,,,0.0,,0.0,,0.0
,,,0.27023062109947205,,0.9811320900917053,,,,,,,,,,,1.0,1.0,,,,,2235,,,,0.0,,0.0,,0.0
,,,0.107421875,,1.0,,,,,,,,,,,1.0,1.0,,,,,2236,,,,0.0,,0.0,,0.0
,,,0.08984375,,0.96875,,,,,,,,,,,1.0,1.0,,,,,2237,,,,0.0,,0.0,,0.0
,,,0.1806657612323761,,0.9707250595092773,,,,,,,,,,,1.0,1.0,,,,,2238,,,,0.0,,0.0,,0.0
,,,0.09375,,0.9453125,,,,,,,,,,,1.0,1.0,,,,,2239,,,,0.0,,0.0,,0.0
,,,0.0947265625,,0.96875,,,,,,,,,,,1.0,1.0,,,,,2240,,,,0.0,,0.0,,0.0
,,,0.1665024608373642,,0.947044312953949,,,,,,,,,,,1.0,1.0,,,,,2241,,,,0.0,,0.0,,0.0
,,,0.095703125,,0.9296875,,,,,,,,,,,1.0,1.0,,,,,2242,,,,0.0,,0.0,,0.0
,,,0.09375,,0.8984375,,,,,,,,,,,1.0,1.0,,,,,2243,,,,0.0,,0.0,,0.0
,,,0.13022319972515106,,0.9120381474494934,,,,,,,,,,,1.0,1.0,,,,,2244,,,,0.0,,0.0,,0.0
,,,0.0673828125,,0.9921875,,,,,,,,,,,1.0,1.0,,,,,2245,,,,0.0,,0.0,,0.0
,,,0.0520833320915699,,0.9375,,,,,,,,,,,1.0,1.0,,,,,2246,,,,0.0,,0.0,,0.0
,,,0.14319902658462524,,0.9920635223388672,,,,,,,,,,,1.0,1.0,,,,,2247,,,,0.0,,0.0,,0.0
,,,0.1588541716337204,,1.0,,,,,,,,,,,1.0,1.0,,,,,2248,,,,0.0,,0.0,,0.0
,,,0.1497395783662796,,1.0,,,,,,,,,,,1.0,1.0,,,,,2249,,,,0.0,,0.0,,0.0
,,,0.25357142090797424,,0.987500011920929,,,,,,,,,,,1.0,1.0,,,,,2250,,,,0.0,,0.0,,0.0
,,,0.103515625,,0.9921875,,,,,,,,,,,1.0,1.0,,,,,2251,,,,0.0,,0.0,,0.0
,,,0.1194196417927742,,0.9921875,,,,,,,,,,,1.0,1.0,,,,,2252,,,,0.0,,0.0,,0.0
,,,0.15130023658275604,,0.9358572959899902,,,,,,,,,,,1.0,1.0,,,,,2253,,,,0.0,,0.0,,0.0
,,,0.0673828125,,0.921875,,,,,,,,,,,1.0,1.0,,,,,2254,,,,0.0,,0.0,,0.0
,,,0.060546875,,0.9375,,,,,,,,,,,1.0,1.0,,,,,2255,,,,0.0,,0.0,,0.0
,,,0.06640625,,0.9375,,,,,,,,,,,1.0,1.0,,,,,2256,,,,0.0,,0.0,,0.0
,,,0.13385826349258423,,0.9960629940032959,,,,,,,,,,,1.0,1.0,,,,,2257,,,,0.0,,0.0,,0.0
,,,0.15625,,0.9921875,,,,,,,,,,,1.0,1.0,,,,,2258,,,,0.0,,0.0,,0.0
,,,0.1549479216337204,,0.9921875,,,,,,,,,,,1.0,1.0,,,,,2259,,,,0.0,,0.0,,0.0
,,,0.1752873659133911,,0.9482758641242981,,,,,,,,,,,1.0,1.0,,,,,2260,,,,0.0,,0.0,,0.0
,,,0.0677083358168602,,0.90625,,,,,,,,,,,1.0,1.0,,,,,2261,,,,0.0,,0.0,,0.0
,,,0.0720486119389534,,0.921875,,,,,,,,,,,1.0,1.0,,,,,2262,,,,0.0,,0.0,,0.0
,,,0.14782218635082245,,0.9394939541816711,,,,,,,,,,,1.0,1.0,,,,,2263,,,,0.0,,0.0,,0.0
,,,0.1510416716337204,,1.0,,,,,,,,,,,1.0,1.0,,,,,2264,,,,0.0,,0.0,,0.0
,,,0.0920138880610466,,0.9921875,,,,,,,,,,,1.0,1.0,,,,,2265,,,,0.0,,0.0,,0.0
,,,0.2044270932674408,,0.9895833730697632,,,,,,,,,,,1.0,1.0,,,,,2266,,,,0.0,,0.0,,0.0
,,,0.099609375,,0.96875,,,,,,,,,,,1.0,1.0,,,,,2267,,,,0.0,,0.0,,0.0
,,,0.1015625,,0.9921875,,,,,,,,,,,1.0,1.0,,,,,2268,,,,0.0,,0.0,,0.0
,,,0.20604927837848663,,0.9529346227645874,,,,,,,,,,,1.0,1.0,,,,,2269,,,,0.0,,0.0,,0.0
,,,0.09375,,0.9765625,,,,,,,,,,,1.0,1.0,,,,,2270,,,,0.0,,0.0,,0.0
,,,0.09375,,0.953125,,,,,,,,,,,1.0,1.0,,,,,2271,,,,0.0,,0.0,,0.0
,,,0.17345133423805237,,0.9646017551422119,,,,,,,,,,,1.0,1.0,,,,,2272,,,,0.0,,0.0,,0.0
,,,0.0947265625,,0.9140625,,,,,,,,,,,1.0,1.0,,,,,2273,,,,0.0,,0.0,,0.0
,,,0.109375,,0.8984375,,,,,,,,,,,1.0,1.0,,,,,2274,,,,0.0,,0.0,,0.0
,,,0.1204264834523201,,0.8752525448799133,,,,,,,,,,,1.0,1.0,,,,,2275,,,,0.0,,0.0,,0.0
,,,0.0634765625,,0.96875,,,,,,,,,,,1.0,1.0,,,,,2276,,,,0.0,,0.0,,0.0
,,,0.05000000074505806,,0.9453125,,,,,,,,,,,1.0,1.0,,,,,2277,,,,0.0,,0.0,,0.0
,,,0.16646090149879456,,1.0,,,,,,,,,,,1.0,1.0,,,,,2278,,,,0.0,,0.0,,0.0
,,,0.1549479216337204,,1.0,,,,,,,,,,,1.0,1.0,,,,,2279,,,,0.0,,0.0,,0.0
,,,0.1510416716337204,,1.0,,,,,,,,,,,1.0,1.0,,,,,2280,,,,0.0,,0.0,,0.0
,,,0.24654808640480042,,0.9879518151283264,,,,,,,,,,,1.0,1.0,,,,,2281,,,,0.0,,0.0,,0.0
,,,0.1160714253783226,,1.0,,,,,,,,,,,1.0,1.0,,,,,2282,,,,0.0,,0.0,,0.0
,,,0.1305803507566452,,0.9921875,,,,,,,,,,,1.0,1.0,,,,,2283,,,,0.0,,0.0,,0.0
,,,0.14560167491436005,,0.9577285051345825,,,,,,,,,,,1.0,1.0,,,,,2284,,,,0.0,,0.0,,0.0
,,,0.0625,,0.890625,,,,,,,,,,,1.0,1.0,,,,,2285,,,,0.0,,0.0,,0.0
,,,0.0598958320915699,,0.953125,,,,,,,,,,,1.0,1.0,,,,,2286,,,,0.0,,0.0,,0.0
,,,0.21262457966804504,,0.9651162624359131,,,,,,,,,,,1.0,1.0,,,,,2287,,,,0.0,,0.0,,0.0
,,,0.1142578125,,0.9921875,,,,,,,,,,,1.0,1.0,,,,,2288,,,,0.0,,0.0,,0.0
,,,0.1875,,0.9921875,,,,,,,,,,,1.0,1.0,,,,,2289,,,,0.0,,0.0,,0.0
,,,0.24314695596694946,,0.9787163138389587,,,,,,,,,,,1.0,1.0,,,,,2290,,,,0.0,,0.0,,0.0
,,,0.0607638880610466,,0.8984375,,,,,,,,,,,1.0,1.0,,,,,2291,,,,0.0,,0.0,,0.0
,,,0.0694444477558136,,0.90625,,,,,,,,,,,1.0,1.0,,,,,2292,,,,0.0,,0.0,,0.0
,,,0.15089285373687744,,0.9598214626312256,,,,,,,,,,,1.0,1.0,,,,,2293,,,,0.0,,0.0,,0.0
,,,0.1380208283662796,,0.9921875,,,,,,,,,,,1.0,1.0,,,,,2294,,,,0.0,,0.0,,0.0
,,,0.0954861119389534,,0.9921875,,,,,,,,,,,1.0,1.0,,,,,2295,,,,0.0,,0.0,,0.0
,,,0.2259962260723114,,0.9545454978942871,,,,,,,,,,,1.0,1.0,,,,,2296,,,,0.0,,0.0,,0.0
,,,0.1183035746216774,,0.984375,,,,,,,,,,,1.0,1.0,,,,,2297,,,,0.0,,0.0,,0.0
,,,0.0947265625,,0.96875,,,,,,,,,,,1.0,1.0,,,,,2298,,,,0.0,,0.0,,0.0
,,,0.10728346556425095,,0.9763779640197754,,,,,,,,,,,1.0,1.0,,,,,2299,,,,0.0,,0.0,,0.0
24,0.7492308616638184,0.7470859289169312,,0.9630189538002014,,,,,,,,,,,,,,152.7879180908203,29554.990234375,5.029050827026367,445.62115478515625,5524,,,0.0,,0.0,,0.0,
24,,,,,,0.42006775736808777,,0.6117794513702393,,9.585761070251465,,,,,,,,,,,,5524,1.0505326986312866,,,,,,,
,,,,,,,,,,,,,,0.03,0.0004,,,,,,,5549,,,,,,,,
25,,,,,,,0.4282994270324707,,0.6291050910949707,,10.0390625,0.00039999998989515007,0.029999999329447746,,,1.0,1.0,,,,,5549,,0.8519434332847595,,,,,,
,,,,,,,,,,,,,,0.03,0.0004,,,,,,,5599,,,,,,,,
25,,,,,,,0.4166734516620636,,0.6053941249847412,,9.4375,0.00039999998989515007,0.029999999329447746,,,1.0,1.0,,,,,5599,,1.2319221496582031,,,,,,
,,,,,,,,,,,,,,0.03,0.0004,,,,,,,5649,,,,,,,,
25,,,,,,,0.42101728916168213,,0.6229215860366821,,10.09375,0.00039999998989515007,0.029999999329447746,,,1.0,1.0,,,,,5649,,0.9100421667098999,,,,,,
,,,,,,,,,,,,,,0.03,0.0004,,,,,,,5699,,,,,,,,
25,,,,,,,0.4179118871688843,,0.5946696996688843,,8.8359375,0.00039999998989515007,0.029999999329447746,,,1.0,1.0,,,,,5699,,1.1093811988830566,,,,,,
,,,0.0703125,,0.9140625,,,,,,,,,,,1.0,1.0,,,,,2300,,,,0.0,,0.0,,0.0
,,,0.087890625,,0.9609375,,,,,,,,,,,1.0,1.0,,,,,2301,,,,0.0,,0.0,,0.0
,,,0.14979830384254456,,0.9283095002174377,,,,,,,,,,,1.0,1.0,,,,,2302,,,,0.0,,0.0,,0.0
,,,0.171875,,0.96875,,,,,,,,,,,1.0,1.0,,,,,2303,,,,0.0,,0.0,,0.0
,,,0.15781250596046448,,0.984375,,,,,,,,,,,1.0,1.0,,,,,2304,,,,0.0,,0.0,,0.0
,,,0.14623397588729858,,0.8926281929016113,,,,,,,,,,,1.0,1.0,,,,,2305,,,,0.0,,0.0,,0.0
,,,0.0329861119389534,,0.90625,,,,,,,,,,,1.0,1.0,,,,,2306,,,,0.0,,0.0,,0.0
,,,0.03359375149011612,,0.8828125,,,,,,,,,,,1.0,1.0,,,,,2307,,,,0.0,,0.0,,0.0
,,,0.08533447980880737,,0.9442538619041443,,,,,,,,,,,1.0,1.0,,,,,2308,,,,0.0,,0.0,,0.0
,,,0.109375,,0.9609375,,,,,,,,,,,1.0,1.0,,,,,2309,,,,0.0,,0.0,,0.0
,,,0.0869140625,,0.9453125,,,,,,,,,,,1.0,1.0,,,,,2310,,,,0.0,,0.0,,0.0
,,,0.0947265625,,0.9375,,,,,,,,,,,1.0,1.0,,,,,2311,,,,0.0,,0.0,,0.0
,,,0.22095239162445068,,0.8293333053588867,,,,,,,,,,,1.0,1.0,,,,,2312,,,,0.0,,0.0,,0.0
,,,0.1484375,,1.0,,,,,,,,,,,1.0,1.0,,,,,2313,,,,0.0,,0.0,,0.0
,,,0.1103515625,,0.984375,,,,,,,,,,,1.0,1.0,,,,,2314,,,,0.0,,0.0,,0.0
,,,0.1982959806919098,,0.9873949289321899,,,,,,,,,,,1.0,1.0,,,,,2315,,,,0.0,,0.0,,0.0
,,,0.0755208358168602,,0.953125,,,,,,,,,,,1.0,1.0,,,,,2316,,,,0.0,,0.0,,0.0
,,,0.078125,,0.9453125,,,,,,,,,,,1.0,1.0,,,,,2317,,,,0.0,,0.0,,0.0
,,,0.22820037603378296,,0.9659091234207153,,,,,,,,,,,1.0,1.0,,,,,2318,,,,0.0,,0.0,,0.0
,,,0.1497395783662796,,1.0,,,,,,,,,,,1.0,1.0,,,,,2319,,,,0.0,,0.0,,0.0
,,,0.2265625,,0.9921875,,,,,,,,,,,1.0,1.0,,,,,2320,,,,0.0,,0.0,,0.0
,,,0.20382937788963318,,0.9909090995788574,,,,,,,,,,,1.0,1.0,,,,,2321,,,,0.0,,0.0,,0.0
,,,0.06796874850988388,,0.9609375,,,,,,,,,,,1.0,1.0,,,,,2322,,,,0.0,,0.0,,0.0
,,,0.12109375,,0.96875,,,,,,,,,,,1.0,1.0,,,,,2323,,,,0.0,,0.0,,0.0
,,,0.16048166155815125,,0.9699507355690002,,,,,,,,,,,1.0,1.0,,,,,2324,,,,0.0,,0.0,,0.0
,,,0.1380208283662796,,1.0,,,,,,,,,,,1.0,1.0,,,,,2325,,,,0.0,,0.0,,0.0
,,,0.107421875,,0.9765625,,,,,,,,,,,1.0,1.0,,,,,2326,,,,0.0,,0.0,,0.0
,,,0.29002097249031067,,0.9905660152435303,,,,,,,,,,,1.0,1.0,,,,,2327,,,,0.0,,0.0,,0.0
,,,0.48828125,,1.0,,,,,,,,,,,1.0,1.0,,,,,2328,,,,0.0,,0.0,,0.0
,,,0.0980902761220932,,1.0,,,,,,,,,,,1.0,1.0,,,,,2329,,,,0.0,,0.0,,0.0
,,,0.23079931735992432,,0.9708617925643921,,,,,,,,,,,1.0,1.0,,,,,2330,,,,0.0,,0.0,,0.0
,,,0.080078125,,0.921875,,,,,,,,,,,1.0,1.0,,,,,2331,,,,0.0,,0.0,,0.0
,,,0.0859375,,0.9453125,,,,,,,,,,,1.0,1.0,,,,,2332,,,,0.0,,0.0,,0.0
,,,0.1671045422554016,,0.9440886974334717,,,,,,,,,,,1.0,1.0,,,,,2333,,,,0.0,,0.0,,0.0
,,,0.16249999403953552,,0.9765625,,,,,,,,,,,1.0,1.0,,,,,2334,,,,0.0,,0.0,,0.0
,,,0.197265625,,0.9609375,,,,,,,,,,,1.0,1.0,,,,,2335,,,,0.0,,0.0,,0.0
,,,0.12772205471992493,,0.9007829427719116,,,,,,,,,,,1.0,1.0,,,,,2336,,,,0.0,,0.0,,0.0
,,,0.03203124925494194,,0.9140625,,,,,,,,,,,1.0,1.0,,,,,2337,,,,0.0,,0.0,,0.0
,,,0.03046875074505806,,0.875,,,,,,,,,,,1.0,1.0,,,,,2338,,,,0.0,,0.0,,0.0
,,,0.0962149053812027,,0.9612942934036255,,,,,,,,,,,1.0,1.0,,,,,2339,,,,0.0,,0.0,,0.0
,,,0.0850694477558136,,0.9609375,,,,,,,,,,,1.0,1.0,,,,,2340,,,,0.0,,0.0,,0.0
,,,0.1171875,,0.96875,,,,,,,,,,,1.0,1.0,,,,,2341,,,,0.0,,0.0,,0.0
,,,0.2076704502105713,,0.9602272510528564,,,,,,,,,,,1.0,1.0,,,,,2342,,,,0.0,,0.0,,0.0
,,,0.1471354216337204,,1.0,,,,,,,,,,,1.0,1.0,,,,,2343,,,,0.0,,0.0,,0.0
,,,0.1261160671710968,,1.0,,,,,,,,,,,1.0,1.0,,,,,2344,,,,0.0,,0.0,,0.0
,,,0.20361389219760895,,0.97465580701828,,,,,,,,,,,1.0,1.0,,,,,2345,,,,0.0,,0.0,,0.0
,,,0.0859375,,0.96875,,,,,,,,,,,1.0,1.0,,,,,2346,,,,0.0,,0.0,,0.0
,,,0.0720486119389534,,0.9453125,,,,,,,,,,,1.0,1.0,,,,,2347,,,,0.0,,0.0,,0.0
,,,0.0824652761220932,,0.9296875,,,,,,,,,,,1.0,1.0,,,,,2348,,,,0.0,,0.0,,0.0
,,,0.12148481607437134,,1.0,,,,,,,,,,,1.0,1.0,,,,,2349,,,,0.0,,0.0,,0.0
,,,0.1458333283662796,,0.9921875,,,,,,,,,,,1.0,1.0,,,,,2350,,,,0.0,,0.0,,0.0
,,,0.1497395783662796,,0.9921875,,,,,,,,,,,1.0,1.0,,,,,2351,,,,0.0,,0.0,,0.0
,,,0.19145114719867706,,0.9956896305084229,,,,,,,,,,,1.0,1.0,,,,,2352,,,,0.0,,0.0,,0.0
,,,0.0869140625,,0.9453125,,,,,,,,,,,1.0,1.0,,,,,2353,,,,0.0,,0.0,,0.0
,,,0.1082589253783226,,0.9765625,,,,,,,,,,,1.0,1.0,,,,,2354,,,,0.0,,0.0,,0.0
,,,0.18358086049556732,,0.9765310287475586,,,,,,,,,,,1.0,1.0,,,,,2355,,,,0.0,,0.0,,0.0
,,,0.1419270783662796,,1.0,,,,,,,,,,,1.0,1.0,,,,,2356,,,,0.0,,0.0,,0.0
,,,0.08359374850988388,,0.9765625,,,,,,,,,,,1.0,1.0,,,,,2357,,,,0.0,,0.0,,0.0
,,,0.2899305522441864,,0.9947916269302368,,,,,,,,,,,1.0,1.0,,,,,2358,,,,0.0,,0.0,,0.0
,,,0.1305803507566452,,1.0,,,,,,,,,,,1.0,1.0,,,,,2359,,,,0.0,,0.0,,0.0
,,,0.18906250596046448,,0.9921875,,,,,,,,,,,1.0,1.0,,,,,2360,,,,0.0,,0.0,,0.0
,,,0.1742955595254898,,0.9709302186965942,,,,,,,,,,,1.0,1.0,,,,,2361,,,,0.0,,0.0,,0.0
,,,0.0763888880610466,,0.921875,,,,,,,,,,,1.0,1.0,,,,,2362,,,,0.0,,0.0,,0.0
,,,0.0849609375,,0.9375,,,,,,,,,,,1.0,1.0,,,,,2363,,,,0.0,,0.0,,0.0
,,,0.22932995855808258,,0.982300877571106,,,,,,,,,,,1.0,1.0,,,,,2364,,,,0.0,,0.0,,0.0
,,,0.16249999403953552,,0.9765625,,,,,,,,,,,1.0,1.0,,,,,2365,,,,0.0,,0.0,,0.0
,,,0.1328125,,0.9609375,,,,,,,,,,,1.0,1.0,,,,,2366,,,,0.0,,0.0,,0.0
,,,0.11515150964260101,,0.9176767468452454,,,,,,,,,,,1.0,1.0,,,,,2367,,,,0.0,,0.0,,0.0
,,,0.03125,,0.8828125,,,,,,,,,,,1.0,1.0,,,,,2368,,,,0.0,,0.0,,0.0
,,,0.03125,,0.90625,,,,,,,,,,,1.0,1.0,,,,,2369,,,,0.0,,0.0,,0.0
,,,0.11358024179935455,,0.9722222089767456,,,,,,,,,,,1.0,1.0,,,,,2370,,,,0.0,,0.0,,0.0
,,,0.0807291641831398,,0.96875,,,,,,,,,,,1.0,1.0,,,,,2371,,,,0.0,,0.0,,0.0
,,,0.1104910746216774,,0.9765625,,,,,,,,,,,1.0,1.0,,,,,2372,,,,0.0,,0.0,,0.0
,,,0.2802320420742035,,0.9333333373069763,,,,,,,,,,,1.0,1.0,,,,,2373,,,,0.0,,0.0,,0.0
,,,0.1497395783662796,,1.0,,,,,,,,,,,1.0,1.0,,,,,2374,,,,0.0,,0.0,,0.0
,,,0.1283482164144516,,1.0,,,,,,,,,,,1.0,1.0,,,,,2375,,,,0.0,,0.0,,0.0
,,,0.17378264665603638,,0.9609116315841675,,,,,,,,,,,1.0,1.0,,,,,2376,,,,0.0,,0.0,,0.0
,,,0.078125,,0.9609375,,,,,,,,,,,1.0,1.0,,,,,2377,,,,0.0,,0.0,,0.0
,,,0.0755208358168602,,0.953125,,,,,,,,,,,1.0,1.0,,,,,2378,,,,0.0,,0.0,,0.0
,,,0.20321151614189148,,0.9651162624359131,,,,,,,,,,,1.0,1.0,,,,,2379,,,,0.0,,0.0,,0.0
,,,0.1194196417927742,,1.0,,,,,,,,,,,1.0,1.0,,,,,2380,,,,0.0,,0.0,,0.0
,,,0.22265625,,0.9921875,,,,,,,,,,,1.0,1.0,,,,,2381,,,,0.0,,0.0,,0.0
,,,0.21308612823486328,,0.9787163138389587,,,,,,,,,,,1.0,1.0,,,,,2382,,,,0.0,,0.0,,0.0
,,,0.0830078125,,0.9765625,,,,,,,,,,,1.0,1.0,,,,,2383,,,,0.0,,0.0,,0.0
,,,0.0755208358168602,,0.953125,,,,,,,,,,,1.0,1.0,,,,,2384,,,,0.0,,0.0,,0.0
,,,0.2042410671710968,,0.9821428656578064,,,,,,,,,,,1.0,1.0,,,,,2385,,,,0.0,,0.0,,0.0
,,,0.1138392835855484,,0.9921875,,,,,,,,,,,1.0,1.0,,,,,2386,,,,0.0,,0.0,,0.0
,,,0.1064453125,,0.984375,,,,,,,,,,,1.0,1.0,,,,,2387,,,,0.0,,0.0,,0.0
,,,0.18207718431949615,,0.9502719640731812,,,,,,,,,,,1.0,1.0,,,,,2388,,,,0.0,,0.0,,0.0
,,,0.236328125,,1.0,,,,,,,,,,,1.0,1.0,,,,,2389,,,,0.0,,0.0,,0.0
,,,0.11328125,,1.0,,,,,,,,,,,1.0,1.0,,,,,2390,,,,0.0,,0.0,,0.0
,,,0.19212599098682404,,0.9921259880065918,,,,,,,,,,,1.0,1.0,,,,,2391,,,,0.0,,0.0,,0.0
25,0.7547386884689331,0.7461340427398682,,0.9646213054656982,,,,,,,,,,,,,,154.8056640625,28082.751953125,5.042170524597168,445.5131530761719,5745,,,0.0,,0.0,,0.0,
25,,,,,,0.41725969314575195,,0.6062189936637878,,9.447822570800781,,,,,,,,,,,,5745,1.0897393226623535,,,,,,,
,,,,,,,,,,,,,,0.03,0.0004,,,,,,,5749,,,,,,,,
26,,,,,,,0.4047931432723999,,0.5887531042098999,,9.1953125,0.00039999998989515007,0.029999999329447746,,,1.0,1.0,,,,,5749,,0.9596172571182251,,,,,,
,,,,,,,,,,,,,,0.03,0.0004,,,,,,,5799,,,,,,,,
26,,,,,,,0.4390081763267517,,0.6246771216392517,,9.28125,0.00039999998989515007,0.029999999329447746,,,1.0,1.0,,,,,5799,,0.9525592923164368,,,,,,
,,,,,,,,,,,,,,0.03,0.0004,,,,,,,5849,,,,,,,,
26,,,,,,,0.4151841402053833,,0.6043931245803833,,9.4609375,0.00039999998989515007,0.029999999329447746,,,1.0,1.0,,,,,5849,,0.929493248462677,,,,,,
,,,,,,,,,,,,,,0.03,0.0004,,,,,,,5899,,,,,,,,
26,,,,,,,0.41064444184303284,,0.6059569120407104,,9.765625,0.00039999998989515007,0.029999999329447746,,,1.0,1.0,,,,,5899,,0.8665626645088196,,,,,,
,,,,,,,,,,,,,,0.03,0.0004,,,,,,,5949,,,,,,,,
26,,,,,,,0.4103603959083557,,0.5890713334083557,,8.9375,0.00039999998989515007,0.029999999329447746,,,1.0,1.0,,,,,5949,,1.3228139877319336,,,,,,
,,,0.0869140625,,0.984375,,,,,,,,,,,1.0,1.0,,,,,2392,,,,0.0,,0.0,,0.0
,,,0.1158854141831398,,0.9921875,,,,,,,,,,,1.0,1.0,,,,,2393,,,,0.0,,0.0,,0.0
,,,0.19898240268230438,,0.9517785310745239,,,,,,,,,,,1.0,1.0,,,,,2394,,,,0.0,,0.0,,0.0
,,,0.2421875,,1.0,,,,,,,,,,,1.0,1.0,,,,,2395,,,,0.0,,0.0,,0.0
,,,0.18593749403953552,,1.0,,,,,,,,,,,1.0,1.0,,,,,2396,,,,0.0,,0.0,,0.0
,,,0.22847986221313477,,0.9743589758872986,,,,,,,,,,,1.0,1.0,,,,,2397,,,,0.0,,0.0,,0.0
,,,0.0711805522441864,,1.0,,,,,,,,,,,1.0,1.0,,,,,2398,,,,0.0,,0.0,,0.0
,,,0.0703125,,0.984375,,,,,,,,,,,1.0,1.0,,,,,2399,,,,0.0,,0.0,,0.0
,,,0.18149656057357788,,0.9952830076217651,,,,,,,,,,,1.0,1.0,,,,,2400,,,,0.0,,0.0,,0.0
,,,0.1005859375,,0.984375,,,,,,,,,,,1.0,1.0,,,,,2401,,,,0.0,,0.0,,0.0
,,,0.0885416641831398,,0.984375,,,,,,,,,,,1.0,1.0,,,,,2402,,,,0.0,,0.0,,0.0
,,,0.1380208283662796,,0.9921875,,,,,,,,,,,1.0,1.0,,,,,2403,,,,0.0,,0.0,,0.0
,,,0.22323811054229736,,0.9880000352859497,,,,,,,,,,,1.0,1.0,,,,,2404,,,,0.0,,0.0,,0.0
,,,0.1205357164144516,,0.9765625,,,,,,,,,,,1.0,1.0,,,,,2405,,,,0.0,,0.0,,0.0
,,,0.0963541641831398,,0.9609375,,,,,,,,,,,1.0,1.0,,,,,2406,,,,0.0,,0.0,,0.0
,,,0.1707516312599182,,0.9318394064903259,,,,,,,,,,,1.0,1.0,,,,,2407,,,,0.0,,0.0,,0.0
,,,0.1080729141831398,,0.9609375,,,,,,,,,,,1.0,1.0,,,,,2408,,,,0.0,,0.0,,0.0
,,,0.0711805522441864,,0.9453125,,,,,,,,,,,1.0,1.0,,,,,2409,,,,0.0,,0.0,,0.0
,,,0.12240259349346161,,0.9653679132461548,,,,,,,,,,,1.0,1.0,,,,,2410,,,,0.0,,0.0,,0.0
,,,0.06875000149011612,,0.984375,,,,,,,,,,,1.0,1.0,,,,,2411,,,,0.0,,0.0,,0.0
,,,0.0815972238779068,,0.9609375,,,,,,,,,,,1.0,1.0,,,,,2412,,,,0.0,,0.0,,0.0
,,,0.12393523752689362,,0.9475716352462769,,,,,,,,,,,1.0,1.0,,,,,2413,,,,0.0,,0.0,,0.0
,,,0.06171875074505806,,0.9296875,,,,,,,,,,,1.0,1.0,,,,,2414,,,,0.0,,0.0,,0.0
,,,0.0746527761220932,,0.9296875,,,,,,,,,,,1.0,1.0,,,,,2415,,,,0.0,,0.0,,0.0
,,,0.16020798683166504,,0.9413793087005615,,,,,,,,,,,1.0,1.0,,,,,2416,,,,0.0,,0.0,,0.0
,,,0.1471354216337204,,0.9921875,,,,,,,,,,,1.0,1.0,,,,,2417,,,,0.0,,0.0,,0.0
,,,0.1497395783662796,,0.984375,,,,,,,,,,,1.0,1.0,,,,,2418,,,,0.0,,0.0,,0.0
,,,0.2327403426170349,,0.9905660152435303,,,,,,,,,,,1.0,1.0,,,,,2419,,,,0.0,,0.0,,0.0
,,,0.1227678582072258,,0.9921875,,,,,,,,,,,1.0,1.0,,,,,2420,,,,0.0,,0.0,,0.0
,,,0.1015625,,0.9921875,,,,,,,,,,,1.0,1.0,,,,,2421,,,,0.0,,0.0,,0.0
,,,0.20027360320091248,,0.9941176176071167,,,,,,,,,,,1.0,1.0,,,,,2422,,,,0.0,,0.0,,0.0
,,,0.0830078125,,0.9765625,,,,,,,,,,,1.0,1.0,,,,,2423,,,,0.0,,0.0,,0.0
,,,0.1015625,,0.9609375,,,,,,,,,,,1.0,1.0,,,,,2424,,,,0.0,,0.0,,0.0
,,,0.2749589681625366,,0.9669950604438782,,,,,,,,,,,1.0,1.0,,,,,2425,,,,0.0,,0.0,,0.0
,,,0.1549479216337204,,1.0,,,,,,,,,,,1.0,1.0,,,,,2426,,,,0.0,,0.0,,0.0
,,,0.2265625,,1.0,,,,,,,,,,,1.0,1.0,,,,,2427,,,,0.0,,0.0,,0.0
,,,0.19497796893119812,,0.9918032884597778,,,,,,,,,,,1.0,1.0,,,,,2428,,,,0.0,,0.0,,0.0
,,,0.078125,,0.9921875,,,,,,,,,,,1.0,1.0,,,,,2429,,,,0.0,,0.0,,0.0
,,,0.0849609375,,0.984375,,,,,,,,,,,1.0,1.0,,,,,2430,,,,0.0,,0.0,,0.0
,,,0.1873626410961151,,0.9920635223388672,,,,,,,,,,,1.0,1.0,,,,,2431,,,,0.0,,0.0,,0.0
,,,0.0911458358168602,,1.0,,,,,,,,,,,1.0,1.0,,,,,2432,,,,0.0,,0.0,,0.0
,,,0.1328125,,0.9921875,,,,,,,,,,,1.0,1.0,,,,,2433,,,,0.0,,0.0,,0.0
,,,0.3577272891998291,,0.987500011920929,,,,,,,,,,,1.0,1.0,,,,,2434,,,,0.0,,0.0,,0.0
,,,0.1261160671710968,,0.9765625,,,,,,,,,,,1.0,1.0,,,,,2435,,,,0.0,,0.0,,0.0
,,,0.109375,,0.9765625,,,,,,,,,,,1.0,1.0,,,,,2436,,,,0.0,,0.0,,0.0
,,,0.15665414929389954,,0.9640175104141235,,,,,,,,,,,1.0,1.0,,,,,2437,,,,0.0,,0.0,,0.0
,,,0.1106770858168602,,0.9609375,,,,,,,,,,,1.0,1.0,,,,,2438,,,,0.0,,0.0,,0.0
,,,0.0904017835855484,,0.9609375,,,,,,,,,,,1.0,1.0,,,,,2439,,,,0.0,,0.0,,0.0
,,,0.0830078125,,0.9453125,,,,,,,,,,,1.0,1.0,,,,,2440,,,,0.0,,0.0,,0.0
,,,0.07436570525169373,,0.9803149700164795,,,,,,,,,,,1.0,1.0,,,,,2441,,,,0.0,,0.0,,0.0
,,,0.078125,,0.9765625,,,,,,,,,,,1.0,1.0,,,,,2442,,,,0.0,,0.0,,0.0
,,,0.0859375,,0.953125,,,,,,,,,,,1.0,1.0,,,,,2443,,,,0.0,,0.0,,0.0
,,,0.08706896007061005,,0.9568965435028076,,,,,,,,,,,1.0,1.0,,,,,2444,,,,0.0,,0.0,,0.0
,,,0.06484375149011612,,0.90625,,,,,,,,,,,1.0,1.0,,,,,2445,,,,0.0,,0.0,,0.0
,,,0.0755208358168602,,0.9453125,,,,,,,,,,,1.0,1.0,,,,,2446,,,,0.0,,0.0,,0.0
,,,0.18853135406970978,,0.9580124616622925,,,,,,,,,,,1.0,1.0,,,,,2447,,,,0.0,,0.0,,0.0
,,,0.15234375,,0.9921875,,,,,,,,,,,1.0,1.0,,,,,2448,,,,0.0,,0.0,,0.0
,,,0.1261160671710968,,0.984375,,,,,,,,,,,1.0,1.0,,,,,2449,,,,0.0,,0.0,,0.0
,,,0.2380952388048172,,0.9895833730697632,,,,,,,,,,,1.0,1.0,,,,,2450,,,,0.0,,0.0,,0.0
,,,0.0986328125,,0.9921875,,,,,,,,,,,1.0,1.0,,,,,2451,,,,0.0,,0.0,,0.0
,,,0.09765625,,0.9921875,,,,,,,,,,,1.0,1.0,,,,,2452,,,,0.0,,0.0,,0.0
,,,0.22543901205062866,,1.0,,,,,,,,,,,1.0,1.0,,,,,2453,,,,0.0,,0.0,,0.0
,,,0.0959821417927742,,0.96875,,,,,,,,,,,1.0,1.0,,,,,2454,,,,0.0,,0.0,,0.0
,,,0.1026785746216774,,0.9453125,,,,,,,,,,,1.0,1.0,,,,,2455,,,,0.0,,0.0,,0.0
,,,0.23624104261398315,,0.9955751895904541,,,,,,,,,,,1.0,1.0,,,,,2456,,,,0.0,,0.0,,0.0
,,,0.18593749403953552,,1.0,,,,,,,,,,,1.0,1.0,,,,,2457,,,,0.0,,0.0,,0.0
,,,0.1497395783662796,,0.9921875,,,,,,,,,,,1.0,1.0,,,,,2458,,,,0.0,,0.0,,0.0
,,,0.19873736798763275,,1.0,,,,,,,,,,,1.0,1.0,,,,,2459,,,,0.0,,0.0,,0.0
,,,0.0789930522441864,,0.9921875,,,,,,,,,,,1.0,1.0,,,,,2460,,,,0.0,,0.0,,0.0
,,,0.0737847238779068,,0.9765625,,,,,,,,,,,1.0,1.0,,,,,2461,,,,0.0,,0.0,,0.0
,,,0.23783068358898163,,1.0,,,,,,,,,,,1.0,1.0,,,,,2462,,,,0.0,,0.0,,0.0
,,,0.0876736119389534,,0.9921875,,,,,,,,,,,1.0,1.0,,,,,2463,,,,0.0,,0.0,,0.0
,,,0.1380208283662796,,1.0,,,,,,,,,,,1.0,1.0,,,,,2464,,,,0.0,,0.0,,0.0
,,,0.22001338005065918,,0.9879518151283264,,,,,,,,,,,1.0,1.0,,,,,2465,,,,0.0,,0.0,,0.0
,,,0.1471354216337204,,0.984375,,,,,,,,,,,1.0,1.0,,,,,2466,,,,0.0,,0.0,,0.0
,,,0.0989583358168602,,0.9609375,,,,,,,,,,,1.0,1.0,,,,,2467,,,,0.0,,0.0,,0.0
,,,0.15643832087516785,,0.9511077404022217,,,,,,,,,,,1.0,1.0,,,,,2468,,,,0.0,,0.0,,0.0
,,,0.109375,,0.9609375,,,,,,,,,,,1.0,1.0,,,,,2469,,,,0.0,,0.0,,0.0
,,,0.0755208358168602,,0.9453125,,,,,,,,,,,1.0,1.0,,,,,2470,,,,0.0,,0.0,,0.0
,,,0.1504860371351242,,0.9767441749572754,,,,,,,,,,,1.0,1.0,,,,,2471,,,,0.0,,0.0,,0.0
,,,0.06484375149011612,,0.9609375,,,,,,,,,,,1.0,1.0,,,,,2472,,,,0.0,,0.0,,0.0
,,,0.0789930522441864,,0.96875,,,,,,,,,,,1.0,1.0,,,,,2473,,,,0.0,,0.0,,0.0
,,,0.15589550137519836,,0.9580977559089661,,,,,,,,,,,1.0,1.0,,,,,2474,,,,0.0,,0.0,,0.0
,,,0.05937499925494194,,0.921875,,,,,,,,,,,1.0,1.0,,,,,2475,,,,0.0,,0.0,,0.0
,,,0.0729166641831398,,0.9140625,,,,,,,,,,,1.0,1.0,,,,,2476,,,,0.0,,0.0,,0.0
,,,0.1805555522441864,,0.96875,,,,,,,,,,,1.0,1.0,,,,,2477,,,,0.0,,0.0,,0.0
,,,0.1432291716337204,,0.9921875,,,,,,,,,,,1.0,1.0,,,,,2478,,,,0.0,,0.0,,0.0
,,,0.1272321492433548,,0.9765625,,,,,,,,,,,1.0,1.0,,,,,2479,,,,0.0,,0.0,,0.0
,,,0.25563326478004456,,0.9545454978942871,,,,,,,,,,,1.0,1.0,,,,,2480,,,,0.0,,0.0,,0.0
,,,0.1171875,,0.9921875,,,,,,,,,,,1.0,1.0,,,,,2481,,,,0.0,,0.0,,0.0
,,,0.0966796875,,0.984375,,,,,,,,,,,1.0,1.0,,,,,2482,,,,0.0,,0.0,,0.0
,,,0.1013779491186142,,0.9921259880065918,,,,,,,,,,,1.0,1.0,,,,,2483,,,,0.0,,0.0,,0.0
26,0.7555736303329468,0.7633296847343445,,0.9747564792633057,,,,,,,,,,,,,,155.2672576904297,30012.4140625,5.045147895812988,448.0162658691406,5966,,,0.0,,0.0,,0.0,
26,,,,,,0.41356825828552246,,0.6024491786956787,,9.443933486938477,,,,,,,,,,,,5966,1.0167112350463867,,,,,,,
,,,,,,,,,,,,,,0.03,0.0004,,,,,,,5999,,,,,,,,
27,,,,,,,0.39397409558296204,,0.5674359798431396,,8.671875,0.00039999998989515007,0.029999999329447746,,,1.0,1.0,,,,,5999,,0.7576870918273926,,,,,,
,,,,,,,,,,,,,,0.03,0.0004,,,,,,,6049,,,,,,,,
27,,,,,,,0.40695860981941223,,0.5789556503295898,,8.6015625,0.00039999998989515007,0.029999999329447746,,,1.0,1.0,,,,,6049,,0.9245508909225464,,,,,,
,,,,,,,,,,,,,,0.03,0.0004,,,,,,,6099,,,,,,,,
27,,,,,,,0.41883206367492676,,0.6090176105499268,,9.5078125,0.00039999998989515007,0.029999999329447746,,,1.0,1.0,,,,,6099,,0.9832444190979004,,,,,,
,,,,,,,,,,,,,,0.03,0.0004,,,,,,,6149,,,,,,,,
27,,,,,,,0.39777666330337524,,0.5852766633033752,,9.375,0.00039999998989515007,0.029999999329447746,,,1.0,1.0,,,,,6149,,1.0409361124038696,,,,,,
,,,0.0868055522441864,,0.96875,,,,,,,,,,,1.0,1.0,,,,,2484,,,,0.0,,0.0,,0.0
,,,0.208984375,,1.0,,,,,,,,,,,1.0,1.0,,,,,2485,,,,0.0,,0.0,,0.0
,,,0.1807439923286438,,0.9666299819946289,,,,,,,,,,,1.0,1.0,,,,,2486,,,,0.0,,0.0,,0.0
,,,0.1549479216337204,,0.984375,,,,,,,,,,,1.0,1.0,,,,,2487,,,,0.0,,0.0,,0.0
,,,0.1510416716337204,,0.9921875,,,,,,,,,,,1.0,1.0,,,,,2488,,,,0.0,,0.0,,0.0
,,,0.17828525602817535,,0.9695512652397156,,,,,,,,,,,1.0,1.0,,,,,2489,,,,0.0,,0.0,,0.0
,,,0.05859375,,0.9765625,,,,,,,,,,,1.0,1.0,,,,,2490,,,,0.0,,0.0,,0.0
,,,0.06171875074505806,,0.9609375,,,,,,,,,,,1.0,1.0,,,,,2491,,,,0.0,,0.0,,0.0
,,,0.1365351676940918,,0.9952830076217651,,,,,,,,,,,1.0,1.0,,,,,2492,,,,0.0,,0.0,,0.0
,,,0.1272321492433548,,1.0,,,,,,,,,,,1.0,1.0,,,,,2493,,,,0.0,,0.0,,0.0
,,,0.0946180522441864,,0.9765625,,,,,,,,,,,1.0,1.0,,,,,2494,,,,0.0,,0.0,,0.0
,,,0.103515625,,0.9921875,,,,,,,,,,,1.0,1.0,,,,,2495,,,,0.0,,0.0,,0.0
,,,0.16651852428913116,,0.9880000352859497,,,,,,,,,,,1.0,1.0,,,,,2496,,,,0.0,,0.0,,0.0
,,,0.0815972238779068,,0.9921875,,,,,,,,,,,1.0,1.0,,,,,2497,,,,0.0,,0.0,,0.0
,,,0.0885416641831398,,0.96875,,,,,,,,,,,1.0,1.0,,,,,2498,,,,0.0,,0.0,,0.0
,,,0.19806256890296936,,0.9957983493804932,,,,,,,,,,,1.0,1.0,,,,,2499,,,,0.0,,0.0,,0.0
,,,0.13671875,,1.0,,,,,,,,,,,1.0,1.0,,,,,2500,,,,0.0,,0.0,,0.0
,,,0.0876736119389534,,1.0,,,,,,,,,,,1.0,1.0,,,,,2501,,,,0.0,,0.0,,0.0
,,,0.16515150666236877,,1.0,,,,,,,,,,,1.0,1.0,,,,,2502,,,,0.0,,0.0,,0.0
,,,0.0902777761220932,,0.984375,,,,,,,,,,,1.0,1.0,,,,,2503,,,,0.0,,0.0,,0.0
,,,0.1205357164144516,,0.984375,,,,,,,,,,,1.0,1.0,,,,,2504,,,,0.0,,0.0,,0.0
,,,0.1781928837299347,,0.9931507110595703,,,,,,,,,,,1.0,1.0,,,,,2505,,,,0.0,,0.0,,0.0
,,,0.09375,,0.953125,,,,,,,,,,,1.0,1.0,,,,,2506,,,,0.0,,0.0,,0.0
,,,0.103515625,,0.96875,,,,,,,,,,,1.0,1.0,,,,,2507,,,,0.0,,0.0,,0.0
,,,0.14610837399959564,,0.9583743810653687,,,,,,,,,,,1.0,1.0,,,,,2508,,,,0.0,,0.0,,0.0
,,,0.099609375,,0.953125,,,,,,,,,,,1.0,1.0,,,,,2509,,,,0.0,,0.0,,0.0
,,,0.0911458358168602,,0.9609375,,,,,,,,,,,1.0,1.0,,,,,2510,,,,0.0,,0.0,,0.0
,,,0.1465912014245987,,0.9838993549346924,,,,,,,,,,,1.0,1.0,,,,,2511,,,,0.0,,0.0,,0.0
,,,0.10546875,,0.984375,,,,,,,,,,,1.0,1.0,,,,,2512,,,,0.0,,0.0,,0.0
,,,0.0737847238779068,,0.96875,,,,,,,,,,,1.0,1.0,,,,,2513,,,,0.0,,0.0,,0.0
,,,0.23380887508392334,,0.9823529720306396,,,,,,,,,,,1.0,1.0,,,,,2514,,,,0.0,,0.0,,0.0
,,,0.1005859375,,0.9609375,,,,,,,,,,,1.0,1.0,,,,,2515,,,,0.0,,0.0,,0.0
,,,0.1328125,,0.9921875,,,,,,,,,,,1.0,1.0,,,,,2516,,,,0.0,,0.0,,0.0
,,,0.18719211220741272,,0.9684728980064392,,,,,,,,,,,1.0,1.0,,,,,2517,,,,0.0,,0.0,,0.0
,,,0.1305803507566452,,0.984375,,,,,,,,,,,1.0,1.0,,,,,2518,,,,0.0,,0.0,,0.0
,,,0.1083984375,,0.984375,,,,,,,,,,,1.0,1.0,,,,,2519,,,,0.0,,0.0,,0.0
,,,0.14538781344890594,,0.9694151878356934,,,,,,,,,,,1.0,1.0,,,,,2520,,,,0.0,,0.0,,0.0
,,,0.06171875074505806,,0.9765625,,,,,,,,,,,1.0,1.0,,,,,2521,,,,0.0,,0.0,,0.0
,,,0.06015624850988388,,0.9765625,,,,,,,,,,,1.0,1.0,,,,,2522,,,,0.0,,0.0,,0.0
,,,0.15227243304252625,,1.0,,,,,,,,,,,1.0,1.0,,,,,2523,,,,0.0,,0.0,,0.0
,,,0.1123046875,,0.984375,,,,,,,,,,,1.0,1.0,,,,,2524,,,,0.0,,0.0,,0.0
,,,0.1458333283662796,,0.9921875,,,,,,,,,,,1.0,1.0,,,,,2525,,,,0.0,,0.0,,0.0
,,,0.19065657258033752,,0.987500011920929,,,,,,,,,,,1.0,1.0,,,,,2526,,,,0.0,,0.0,,0.0
,,,0.07656250149011612,,0.9921875,,,,,,,,,,,1.0,1.0,,,,,2527,,,,0.0,,0.0,,0.0
,,,0.1015625,,0.984375,,,,,,,,,,,1.0,1.0,,,,,2528,,,,0.0,,0.0,,0.0
,,,0.20635169744491577,,0.9693366289138794,,,,,,,,,,,1.0,1.0,,,,,2529,,,,0.0,,0.0,,0.0
,,,0.13671875,,1.0,,,,,,,,,,,1.0,1.0,,,,,2530,,,,0.0,,0.0,,0.0
,,,0.099609375,,1.0,,,,,,,,,,,1.0,1.0,,,,,2531,,,,0.0,,0.0,,0.0
,,,0.1005859375,,1.0,,,,,,,,,,,1.0,1.0,,,,,2532,,,,0.0,,0.0,,0.0
,,,0.198600172996521,,0.9960629940032959,,,,,,,,,,,1.0,1.0,,,,,2533,,,,0.0,,0.0,,0.0
,,,0.1015625,,0.9765625,,,,,,,,,,,1.0,1.0,,,,,2534,,,,0.0,,0.0,,0.0
,,,0.1025390625,,0.984375,,,,,,,,,,,1.0,1.0,,,,,2535,,,,0.0,,0.0,,0.0
,,,0.1529374122619629,,0.9956896305084229,,,,,,,,,,,1.0,1.0,,,,,2536,,,,0.0,,0.0,,0.0
,,,0.07578124850988388,,0.9296875,,,,,,,,,,,1.0,1.0,,,,,2537,,,,0.0,,0.0,,0.0
,,,0.0920138880610466,,0.9921875,,,,,,,,,,,1.0,1.0,,,,,2538,,,,0.0,,0.0,,0.0
,,,0.18078474700450897,,0.9567290544509888,,,,,,,,,,,1.0,1.0,,,,,2539,,,,0.0,,0.0,,0.0
,,,0.1194196417927742,,0.96875,,,,,,,,,,,1.0,1.0,,,,,2540,,,,0.0,,0.0,,0.0
,,,0.0868055522441864,,0.96875,,,,,,,,,,,1.0,1.0,,,,,2541,,,,0.0,,0.0,,0.0
,,,0.15000000596046448,,0.9739583730697632,,,,,,,,,,,1.0,1.0,,,,,2542,,,,0.0,,0.0,,0.0
,,,0.0986328125,,0.96875,,,,,,,,,,,1.0,1.0,,,,,2543,,,,0.0,,0.0,,0.0
,,,0.09375,,0.9765625,,,,,,,,,,,1.0,1.0,,,,,2544,,,,0.0,,0.0,,0.0
,,,0.22180035710334778,,0.9822812676429749,,,,,,,,,,,1.0,1.0,,,,,2545,,,,0.0,,0.0,,0.0
,,,0.1171875,,0.9765625,,,,,,,,,,,1.0,1.0,,,,,2546,,,,0.0,,0.0,,0.0
,,,0.1025390625,,0.9765625,,,,,,,,,,,1.0,1.0,,,,,2547,,,,0.0,,0.0,,0.0
,,,0.18426746129989624,,0.991150438785553,,,,,,,,,,,1.0,1.0,,,,,2548,,,,0.0,,0.0,,0.0
,,,0.1294642835855484,,0.984375,,,,,,,,,,,1.0,1.0,,,,,2549,,,,0.0,,0.0,,0.0
,,,0.1103515625,,0.9765625,,,,,,,,,,,1.0,1.0,,,,,2550,,,,0.0,,0.0,,0.0
,,,0.14616161584854126,,0.9863636493682861,,,,,,,,,,,1.0,1.0,,,,,2551,,,,0.0,,0.0,,0.0
,,,0.05937499925494194,,0.9609375,,,,,,,,,,,1.0,1.0,,,,,2552,,,,0.0,,0.0,,0.0
,,,0.05703125149011612,,0.9921875,,,,,,,,,,,1.0,1.0,,,,,2553,,,,0.0,,0.0,,0.0
,,,0.17901235818862915,,1.0,,,,,,,,,,,1.0,1.0,,,,,2554,,,,0.0,,0.0,,0.0
,,,0.0963541641831398,,0.9765625,,,,,,,,,,,1.0,1.0,,,,,2555,,,,0.0,,0.0,,0.0
,,,0.1471354216337204,,1.0,,,,,,,,,,,1.0,1.0,,,,,2556,,,,0.0,,0.0,,0.0
,,,0.17582330107688904,,0.9879518151283264,,,,,,,,,,,1.0,1.0,,,,,2557,,,,0.0,,0.0,,0.0
,,,0.09375,,1.0,,,,,,,,,,,1.0,1.0,,,,,2558,,,,0.0,,0.0,,0.0
,,,0.1064453125,,0.9921875,,,,,,,,,,,1.0,1.0,,,,,2559,,,,0.0,,0.0,,0.0
,,,0.17516905069351196,,0.9738986492156982,,,,,,,,,,,1.0,1.0,,,,,2560,,,,0.0,,0.0,,0.0
,,,0.13671875,,1.0,,,,,,,,,,,1.0,1.0,,,,,2561,,,,0.0,,0.0,,0.0
,,,0.1005859375,,1.0,,,,,,,,,,,1.0,1.0,,,,,2562,,,,0.0,,0.0,,0.0
,,,0.16240310668945312,,1.0,,,,,,,,,,,1.0,1.0,,,,,2563,,,,0.0,,0.0,,0.0
,,,0.0966796875,,0.9921875,,,,,,,,,,,1.0,1.0,,,,,2564,,,,0.0,,0.0,,0.0
,,,0.1015625,,0.9765625,,,,,,,,,,,1.0,1.0,,,,,2565,,,,0.0,,0.0,,0.0
,,,0.19572848081588745,,0.9896907210350037,,,,,,,,,,,1.0,1.0,,,,,2566,,,,0.0,,0.0,,0.0
,,,0.0850694477558136,,0.9765625,,,,,,,,,,,1.0,1.0,,,,,2567,,,,0.0,,0.0,,0.0
,,,0.07500000298023224,,0.9375,,,,,,,,,,,1.0,1.0,,,,,2568,,,,0.0,,0.0,,0.0
,,,0.16339285671710968,,0.9955357313156128,,,,,,,,,,,1.0,1.0,,,,,2569,,,,0.0,,0.0,,0.0
,,,0.09375,,0.9375,,,,,,,,,,,1.0,1.0,,,,,2570,,,,0.0,,0.0,,0.0
,,,0.0920138880610466,,0.9765625,,,,,,,,,,,1.0,1.0,,,,,2571,,,,0.0,,0.0,,0.0
,,,0.1675407886505127,,0.941724956035614,,,,,,,,,,,1.0,1.0,,,,,2572,,,,0.0,,0.0,,0.0
,,,0.1005859375,,0.984375,,,,,,,,,,,1.0,1.0,,,,,2573,,,,0.0,,0.0,,0.0
,,,0.0807291641831398,,0.9609375,,,,,,,,,,,1.0,1.0,,,,,2574,,,,0.0,,0.0,,0.0
,,,0.0974409431219101,,0.9763779640197754,,,,,,,,,,,1.0,1.0,,,,,2575,,,,0.0,,0.0,,0.0
27,0.767884373664856,0.7904973030090332,,0.9802913665771484,,,,,,,,,,,,,,157.77427673339844,29376.2890625,5.0611653327941895,445.0118408203125,6187,,,0.0,,0.0,,0.0,
27,,,,,,0.40853193402290344,,0.5962242484092712,,9.384721755981445,,,,,,,,,,,,6187,1.0416322946548462,,,,,,,
,,,,,,,,,,,,,,0.03,0.0004,,,,,,,6199,,,,,,,,
28,,,,,,,0.4218842387199402,,0.6186615824699402,,9.8359375,0.00039999998989515007,0.029999999329447746,,,1.0,1.0,,,,,6199,,1.1721751689910889,,,,,,
,,,,,,,,,,,,,,0.03,0.0004,,,,,,,6249,,,,,,,,
28,,,,,,,0.41437190771102905,,0.610050618648529,,9.78125,0.00039999998989515007,0.029999999329447746,,,1.0,1.0,,,,,6249,,1.2661831378936768,,,,,,
,,,,,,,,,,,,,,0.03,0.0004,,,,,,,6299,,,,,,,,
28,,,,,,,0.3851369619369507,,0.5748342275619507,,9.484375,0.00039999998989515007,0.029999999329447746,,,1.0,1.0,,,,,6299,,1.3337458372116089,,,,,,
,,,,,,,,,,,,,,0.03,0.0004,,,,,,,6349,,,,,,,,
28,,,,,,,0.433896541595459,,0.619809627532959,,9.296875,0.00039999998989515007,0.029999999329447746,,,1.0,1.0,,,,,6349,,0.9801474809646606,,,,,,
,,,,,,,,,,,,,,0.03,0.0004,,,,,,,6399,,,,,,,,
28,,,,,,,0.40608128905296326,,0.5845481157302856,,8.921875,0.00039999998989515007,0.029999999329447746,,,1.0,1.0,,,,,6399,,0.9152252674102783,,,,,,
,,,0.0848214253783226,,0.8671875,,,,,,,,,,,1.0,1.0,,,,,2576,,,,0.0,,0.0,,0.0
,,,0.083984375,,0.9453125,,,,,,,,,,,1.0,1.0,,,,,2577,,,,0.0,,0.0,,0.0
,,,0.18445178866386414,,0.9319765567779541,,,,,,,,,,,1.0,1.0,,,,,2578,,,,0.0,,0.0,,0.0
,,,0.1103515625,,0.984375,,,,,,,,,,,1.0,1.0,,,,,2579,,,,0.0,,0.0,,0.0
,,,0.16718749701976776,,0.9765625,,,,,,,,,,,1.0,1.0,,,,,2580,,,,0.0,,0.0,,0.0
,,,0.23450854420661926,,0.9551281929016113,,,,,,,,,,,1.0,1.0,,,,,2581,,,,0.0,,0.0,,0.0
,,,0.072265625,,0.9921875,,,,,,,,,,,1.0,1.0,,,,,2582,,,,0.0,,0.0,,0.0
,,,0.0792410746216774,,0.9921875,,,,,,,,,,,1.0,1.0,,,,,2583,,,,0.0,,0.0,,0.0
,,,0.15887650847434998,,0.9952830076217651,,,,,,,,,,,1.0,1.0,,,,,2584,,,,0.0,,0.0,,0.0
,,,0.16718749701976776,,0.984375,,,,,,,,,,,1.0,1.0,,,,,2585,,,,0.0,,0.0,,0.0
,,,0.1171875,,0.96875,,,,,,,,,,,1.0,1.0,,,,,2586,,,,0.0,,0.0,,0.0
,,,0.140625,,0.9765625,,,,,,,,,,,1.0,1.0,,,,,2587,,,,0.0,,0.0,,0.0
,,,0.25911110639572144,,0.9959999918937683,,,,,,,,,,,1.0,1.0,,,,,2588,,,,0.0,,0.0,,0.0
,,,0.1083984375,,1.0,,,,,,,,,,,1.0,1.0,,,,,2589,,,,0.0,,0.0,,0.0
,,,0.1510416716337204,,0.9921875,,,,,,,,,,,1.0,1.0,,,,,2590,,,,0.0,,0.0,,0.0
,,,0.20955049991607666,,0.9831932783126831,,,,,,,,,,,1.0,1.0,,,,,2591,,,,0.0,,0.0,,0.0
,,,0.08984375,,0.96875,,,,,,,,,,,1.0,1.0,,,,,2592,,,,0.0,,0.0,,0.0
,,,0.0849609375,,0.9765625,,,,,,,,,,,1.0,1.0,,,,,2593,,,,0.0,,0.0,,0.0
,,,0.19845779240131378,,0.9772727489471436,,,,,,,,,,,1.0,1.0,,,,,2594,,,,0.0,,0.0,,0.0
,,,0.3177083432674408,,1.0,,,,,,,,,,,1.0,1.0,,,,,2595,,,,0.0,,0.0,,0.0
,,,0.1875,,1.0,,,,,,,,,,,1.0,1.0,,,,,2596,,,,0.0,,0.0,,0.0
,,,0.16341498494148254,,0.9383561611175537,,,,,,,,,,,1.0,1.0,,,,,2597,,,,0.0,,0.0,,0.0
,,,0.060546875,,0.8359375,,,,,,,,,,,1.0,1.0,,,,,2598,,,,0.0,,0.0,,0.0
,,,0.0598958320915699,,0.921875,,,,,,,,,,,1.0,1.0,,,,,2599,,,,0.0,,0.0,,0.0
,,,0.14170771837234497,,0.8869458436965942,,,,,,,,,,,1.0,1.0,,,,,2600,,,,0.0,,0.0,,0.0
,,,0.0888671875,,0.921875,,,,,,,,,,,1.0,1.0,,,,,2601,,,,0.0,,0.0,,0.0
,,,0.0830078125,,0.9296875,,,,,,,,,,,1.0,1.0,,,,,2602,,,,0.0,,0.0,,0.0
,,,0.16631725430488586,,0.9866666793823242,,,,,,,,,,,1.0,1.0,,,,,2603,,,,0.0,,0.0,,0.0
,,,0.18281249701976776,,1.0,,,,,,,,,,,1.0,1.0,,,,,2604,,,,0.0,,0.0,,0.0
,,,0.1025390625,,1.0,,,,,,,,,,,1.0,1.0,,,,,2605,,,,0.0,,0.0,,0.0
,,,0.19168946146965027,,0.9767441749572754,,,,,,,,,,,1.0,1.0,,,,,2606,,,,0.0,,0.0,,0.0
,,,0.0859375,,0.8828125,,,,,,,,,,,1.0,1.0,,,,,2607,,,,0.0,,0.0,,0.0
,,,0.0948660746216774,,0.9296875,,,,,,,,,,,1.0,1.0,,,,,2608,,,,0.0,,0.0,,0.0
,,,0.21069669723510742,,0.9182265996932983,,,,,,,,,,,1.0,1.0,,,,,2609,,,,0.0,,0.0,,0.0
,,,0.1216517835855484,,0.984375,,,,,,,,,,,1.0,1.0,,,,,2610,,,,0.0,,0.0,,0.0
,,,0.1640625,,0.96875,,,,,,,,,,,1.0,1.0,,,,,2611,,,,0.0,,0.0,,0.0
,,,0.20088084042072296,,0.9597504138946533,,,,,,,,,,,1.0,1.0,,,,,2612,,,,0.0,,0.0,,0.0
,,,0.0693359375,,0.9921875,,,,,,,,,,,1.0,1.0,,,,,2613,,,,0.0,,0.0,,0.0
,,,0.0714285746216774,,0.9921875,,,,,,,,,,,1.0,1.0,,,,,2614,,,,0.0,,0.0,,0.0
,,,0.17136752605438232,,0.9923076629638672,,,,,,,,,,,1.0,1.0,,,,,2615,,,,0.0,,0.0,,0.0
,,,0.1194196417927742,,0.9765625,,,,,,,,,,,1.0,1.0,,,,,2616,,,,0.0,,0.0,,0.0
,,,0.1393229216337204,,0.984375,,,,,,,,,,,1.0,1.0,,,,,2617,,,,0.0,,0.0,,0.0
,,,0.2901515066623688,,0.9818181991577148,,,,,,,,,,,1.0,1.0,,,,,2618,,,,0.0,,0.0,,0.0
,,,0.1238839253783226,,1.0,,,,,,,,,,,1.0,1.0,,,,,2619,,,,0.0,,0.0,,0.0
,,,0.1536458283662796,,1.0,,,,,,,,,,,1.0,1.0,,,,,2620,,,,0.0,,0.0,,0.0
,,,0.2022840976715088,,0.9799749851226807,,,,,,,,,,,1.0,1.0,,,,,2621,,,,0.0,,0.0,,0.0
,,,0.0993303582072258,,0.984375,,,,,,,,,,,1.0,1.0,,,,,2622,,,,0.0,,0.0,,0.0
,,,0.0869140625,,0.9765625,,,,,,,,,,,1.0,1.0,,,,,2623,,,,0.0,,0.0,,0.0
,,,0.08984375,,0.9609375,,,,,,,,,,,1.0,1.0,,,,,2624,,,,0.0,,0.0,,0.0
,,,0.31889763474464417,,1.0,,,,,,,,,,,1.0,1.0,,,,,2625,,,,0.0,,0.0,,0.0
,,,0.19062499701976776,,1.0,,,,,,,,,,,1.0,1.0,,,,,2626,,,,0.0,,0.0,,0.0
,,,0.1536458283662796,,0.9921875,,,,,,,,,,,1.0,1.0,,,,,2627,,,,0.0,,0.0,,0.0
,,,0.13591954112052917,,0.9396551847457886,,,,,,,,,,,1.0,1.0,,,,,2628,,,,0.0,,0.0,,0.0
,,,0.0673828125,,0.875,,,,,,,,,,,1.0,1.0,,,,,2629,,,,0.0,,0.0,,0.0
,,,0.068359375,,0.90625,,,,,,,,,,,1.0,1.0,,,,,2630,,,,0.0,,0.0,,0.0
,,,0.1376359909772873,,0.9048404693603516,,,,,,,,,,,1.0,1.0,,,,,2631,,,,0.0,,0.0,,0.0
,,,0.0982142835855484,,0.953125,,,,,,,,,,,1.0,1.0,,,,,2632,,,,0.0,,0.0,,0.0
,,,0.0737847238779068,,0.9296875,,,,,,,,,,,1.0,1.0,,,,,2633,,,,0.0,,0.0,,0.0
,,,0.2083333432674408,,0.984375,,,,,,,,,,,1.0,1.0,,,,,2634,,,,0.0,,0.0,,0.0
,,,0.1064453125,,1.0,,,,,,,,,,,1.0,1.0,,,,,2635,,,,0.0,,0.0,,0.0
,,,0.14453125,,1.0,,,,,,,,,,,1.0,1.0,,,,,2636,,,,0.0,,0.0,,0.0
,,,0.21064704656600952,,0.9534883499145508,,,,,,,,,,,1.0,1.0,,,,,2637,,,,0.0,,0.0,,0.0
,,,0.1080729141831398,,0.8984375,,,,,,,,,,,1.0,1.0,,,,,2638,,,,0.0,,0.0,,0.0
,,,0.0915178582072258,,0.9296875,,,,,,,,,,,1.0,1.0,,,,,2639,,,,0.0,,0.0,,0.0
,,,0.18952801823616028,,0.9533923268318176,,,,,,,,,,,1.0,1.0,,,,,2640,,,,0.0,,0.0,,0.0
,,,0.17343750596046448,,0.984375,,,,,,,,,,,1.0,1.0,,,,,2641,,,,0.0,,0.0,,0.0
,,,0.1393229216337204,,0.9453125,,,,,,,,,,,1.0,1.0,,,,,2642,,,,0.0,,0.0,,0.0
,,,0.1584596037864685,,0.963131308555603,,,,,,,,,,,1.0,1.0,,,,,2643,,,,0.0,,0.0,,0.0
,,,0.0770089253783226,,0.9921875,,,,,,,,,,,1.0,1.0,,,,,2644,,,,0.0,,0.0,,0.0
,,,0.0615234375,,0.9921875,,,,,,,,,,,1.0,1.0,,,,,2645,,,,0.0,,0.0,,0.0
,,,0.20211640000343323,,0.9907407760620117,,,,,,,,,,,1.0,1.0,,,,,2646,,,,0.0,,0.0,,0.0
,,,0.1183035746216774,,0.984375,,,,,,,,,,,1.0,1.0,,,,,2647,,,,0.0,,0.0,,0.0
,,,0.16718749701976776,,0.984375,,,,,,,,,,,1.0,1.0,,,,,2648,,,,0.0,,0.0,,0.0
,,,0.3496117889881134,,0.9939758777618408,,,,,,,,,,,1.0,1.0,,,,,2649,,,,0.0,,0.0,,0.0
,,,0.1238839253783226,,1.0,,,,,,,,,,,1.0,1.0,,,,,2650,,,,0.0,,0.0,,0.0
,,,0.15625,,1.0,,,,,,,,,,,1.0,1.0,,,,,2651,,,,0.0,,0.0,,0.0
,,,0.1730470061302185,,0.9772090911865234,,,,,,,,,,,1.0,1.0,,,,,2652,,,,0.0,,0.0,,0.0
,,,0.0888671875,,0.96875,,,,,,,,,,,1.0,1.0,,,,,2653,,,,0.0,,0.0,,0.0
,,,0.08984375,,0.984375,,,,,,,,,,,1.0,1.0,,,,,2654,,,,0.0,,0.0,,0.0
,,,0.23572219908237457,,0.9767441749572754,,,,,,,,,,,1.0,1.0,,,,,2655,,,,0.0,,0.0,,0.0
,,,0.228515625,,1.0,,,,,,,,,,,1.0,1.0,,,,,2656,,,,0.0,,0.0,,0.0
,,,0.1875,,1.0,,,,,,,,,,,1.0,1.0,,,,,2657,,,,0.0,,0.0,,0.0
,,,0.21863272786140442,,0.962587296962738,,,,,,,,,,,1.0,1.0,,,,,2658,,,,0.0,,0.0,,0.0
,,,0.0555555559694767,,0.859375,,,,,,,,,,,1.0,1.0,,,,,2659,,,,0.0,,0.0,,0.0
,,,0.0616319440305233,,0.890625,,,,,,,,,,,1.0,1.0,,,,,2660,,,,0.0,,0.0,,0.0
,,,0.1517857015132904,,0.9598214626312256,,,,,,,,,,,1.0,1.0,,,,,2661,,,,0.0,,0.0,,0.0
,,,0.0830078125,,0.90625,,,,,,,,,,,1.0,1.0,,,,,2662,,,,0.0,,0.0,,0.0
,,,0.0711805522441864,,0.9296875,,,,,,,,,,,1.0,1.0,,,,,2663,,,,0.0,,0.0,,0.0
,,,0.18346931040287018,,0.9786324501037598,,,,,,,,,,,1.0,1.0,,,,,2664,,,,0.0,,0.0,,0.0
,,,0.1796875,,1.0,,,,,,,,,,,1.0,1.0,,,,,2665,,,,0.0,,0.0,,0.0
,,,0.103515625,,1.0,,,,,,,,,,,1.0,1.0,,,,,2666,,,,0.0,,0.0,,0.0
,,,0.1509186327457428,,1.0,,,,,,,,,,,1.0,1.0,,,,,2667,,,,0.0,,0.0,,0.0
28,0.7646885514259338,0.7446884512901306,,0.9633352160453796,,,,,,,,,,,,,,161.40020751953125,25712.53515625,5.083887100219727,439.24835205078125,6408,,,0.0,,0.0,,0.0,
28,,,,,,0.40491265058517456,,0.5911698937416077,,9.31281852722168,,,,,,,,,,,,6408,0.9891096353530884,,,,,,,
,,,,,,,,,,,,,,0.03,0.0004,,,,,,,6449,,,,,,,,
29,,,,,,,0.41365936398506165,,0.6012814044952393,,9.3828125,0.00039999998989515007,0.029999999329447746,,,1.0,1.0,,,,,6449,,0.8519766330718994,,,,,,
,,,,,,,,,,,,,,0.03,0.0004,,,,,,,6499,,,,,,,,
29,,,,,,,0.4187129735946655,,0.5959590673446655,,8.859375,0.00039999998989515007,0.029999999329447746,,,1.0,1.0,,,,,6499,,1.4137811660766602,,,,,,
,,,,,,,,,,,,,,0.03,0.0004,,,,,,,6549,,,,,,,,
29,,,,,,,0.3872798681259155,,0.5758785009384155,,9.4296875,0.00039999998989515007,0.029999999329447746,,,1.0,1.0,,,,,6549,,1.0632615089416504,,,,,,
,,,,,,,,,,,,,,0.03,0.0004,,,,,,,6599,,,,,,,,
29,,,,,,,0.38250070810317993,,0.5734186768531799,,9.546875,0.00039999998989515007,0.029999999329447746,,,1.0,1.0,,,,,6599,,0.957131564617157,,,,,,
,,,0.1116071417927742,,0.9609375,,,,,,,,,,,1.0,1.0,,,,,2668,,,,0.0,,0.0,,0.0
,,,0.13671875,,1.0,,,,,,,,,,,1.0,1.0,,,,,2669,,,,0.0,,0.0,,0.0
,,,0.15686753392219543,,0.8925559520721436,,,,,,,,,,,1.0,1.0,,,,,2670,,,,0.0,,0.0,,0.0
,,,0.10546875,,0.9296875,,,,,,,,,,,1.0,1.0,,,,,2671,,,,0.0,,0.0,,0.0
,,,0.0885416641831398,,0.8671875,,,,,,,,,,,1.0,1.0,,,,,2672,,,,0.0,,0.0,,0.0
,,,0.16620880365371704,,0.942307710647583,,,,,,,,,,,1.0,1.0,,,,,2673,,,,0.0,,0.0,,0.0
,,,0.1071428582072258,,0.9921875,,,,,,,,,,,1.0,1.0,,,,,2674,,,,0.0,,0.0,,0.0
,,,0.0746527761220932,,1.0,,,,,,,,,,,1.0,1.0,,,,,2675,,,,0.0,,0.0,,0.0
,,,0.13674479722976685,,0.9772727489471436,,,,,,,,,,,1.0,1.0,,,,,2676,,,,0.0,,0.0,,0.0
,,,0.125,,0.9765625,,,,,,,,,,,1.0,1.0,,,,,2677,,,,0.0,,0.0,,0.0
,,,0.08984375,,0.9609375,,,,,,,,,,,1.0,1.0,,,,,2678,,,,0.0,,0.0,,0.0
,,,0.09375,,0.953125,,,,,,,,,,,1.0,1.0,,,,,2679,,,,0.0,,0.0,,0.0
,,,0.18133333325386047,,0.8253333568572998,,,,,,,,,,,1.0,1.0,,,,,2680,,,,0.0,,0.0,,0.0
,,,0.1328125,,0.984375,,,,,,,,,,,1.0,1.0,,,,,2681,,,,0.0,,0.0,,0.0
,,,0.0966796875,,0.96875,,,,,,,,,,,1.0,1.0,,,,,2682,,,,0.0,,0.0,,0.0
,,,0.18230625987052917,,0.9873949289321899,,,,,,,,,,,1.0,1.0,,,,,2683,,,,0.0,,0.0,,0.0
,,,0.0970982164144516,,0.9453125,,,,,,,,,,,1.0,1.0,,,,,2684,,,,0.0,,0.0,,0.0
,,,0.08984375,,0.96875,,,,,,,,,,,1.0,1.0,,,,,2685,,,,0.0,,0.0,,0.0
,,,0.22000618278980255,,0.9826840162277222,,,,,,,,,,,1.0,1.0,,,,,2686,,,,0.0,,0.0,,0.0
,,,0.125,,1.0,,,,,,,,,,,1.0,1.0,,,,,2687,,,,0.0,,0.0,,0.0
,,,0.17499999701976776,,0.9921875,,,,,,,,,,,1.0,1.0,,,,,2688,,,,0.0,,0.0,,0.0
,,,0.17869102954864502,,0.9931507110595703,,,,,,,,,,,1.0,1.0,,,,,2689,,,,0.0,,0.0,,0.0
,,,0.1116071417927742,,0.9921875,,,,,,,,,,,1.0,1.0,,,,,2690,,,,0.0,,0.0,,0.0
,,,0.1227678582072258,,0.9765625,,,,,,,,,,,1.0,1.0,,,,,2691,,,,0.0,,0.0,,0.0
,,,0.1671045422554016,,0.9339901208877563,,,,,,,,,,,1.0,1.0,,,,,2692,,,,0.0,,0.0,,0.0
,,,0.1049107164144516,,0.9140625,,,,,,,,,,,1.0,1.0,,,,,2693,,,,0.0,,0.0,,0.0
,,,0.109375,,0.9296875,,,,,,,,,,,1.0,1.0,,,,,2694,,,,0.0,,0.0,,0.0
,,,0.22336030006408691,,0.9572327136993408,,,,,,,,,,,1.0,1.0,,,,,2695,,,,0.0,,0.0,,0.0
,,,0.1484375,,1.0,,,,,,,,,,,1.0,1.0,,,,,2696,,,,0.0,,0.0,,0.0
,,,0.1149553582072258,,1.0,,,,,,,,,,,1.0,1.0,,,,,2697,,,,0.0,,0.0,,0.0
,,,0.23392611742019653,,0.9941176176071167,,,,,,,,,,,1.0,1.0,,,,,2698,,,,0.0,,0.0,,0.0
,,,0.1127232164144516,,0.96875,,,,,,,,,,,1.0,1.0,,,,,2699,,,,0.0,,0.0,,0.0
,,,0.1104910746216774,,0.9921875,,,,,,,,,,,1.0,1.0,,,,,2700,,,,0.0,,0.0,,0.0
,,,0.208444744348526,,0.9184728860855103,,,,,,,,,,,1.0,1.0,,,,,2701,,,,0.0,,0.0,,0.0
,,,0.0950520858168602,,0.875,,,,,,,,,,,1.0,1.0,,,,,2702,,,,0.0,,0.0,,0.0
,,,0.0950520858168602,,0.8828125,,,,,,,,,,,1.0,1.0,,,,,2703,,,,0.0,,0.0,,0.0
,,,0.14952898025512695,,0.9269635677337646,,,,,,,,,,,1.0,1.0,,,,,2704,,,,0.0,,0.0,,0.0
,,,0.08984375,,0.9921875,,,,,,,,,,,1.0,1.0,,,,,2705,,,,0.0,,0.0,,0.0
,,,0.0729166641831398,,1.0,,,,,,,,,,,1.0,1.0,,,,,2706,,,,0.0,,0.0,,0.0
,,,0.1457604169845581,,0.9923076629638672,,,,,,,,,,,1.0,1.0,,,,,2707,,,,0.0,,0.0,,0.0
,,,0.1071428582072258,,0.9765625,,,,,,,,,,,1.0,1.0,,,,,2708,,,,0.0,,0.0,,0.0
,,,0.0798611119389534,,0.984375,,,,,,,,,,,1.0,1.0,,,,,2709,,,,0.0,,0.0,,0.0
,,,0.1920454502105713,,0.9647727012634277,,,,,,,,,,,1.0,1.0,,,,,2710,,,,0.0,,0.0,,0.0
,,,0.0966796875,,0.9921875,,,,,,,,,,,1.0,1.0,,,,,2711,,,,0.0,,0.0,,0.0
,,,0.1149553582072258,,0.984375,,,,,,,,,,,1.0,1.0,,,,,2712,,,,0.0,,0.0,,0.0
,,,0.18194618821144104,,0.9346057176589966,,,,,,,,,,,1.0,1.0,,,,,2713,,,,0.0,,0.0,,0.0
,,,0.1015625,,0.96875,,,,,,,,,,,1.0,1.0,,,,,2714,,,,0.0,,0.0,,0.0
,,,0.09375,,0.96875,,,,,,,,,,,1.0,1.0,,,,,2715,,,,0.0,,0.0,,0.0
,,,0.08984375,,0.96875,,,,,,,,,,,1.0,1.0,,,,,2716,,,,0.0,,0.0,,0.0
,,,0.10433071106672287,,0.9960629940032959,,,,,,,,,,,1.0,1.0,,,,,2717,,,,0.0,,0.0,,0.0
,,,0.1484375,,1.0,,,,,,,,,,,1.0,1.0,,,,,2718,,,,0.0,,0.0,,0.0
,,,0.140625,,0.9921875,,,,,,,,,,,1.0,1.0,,,,,2719,,,,0.0,,0.0,,0.0
,,,0.1385057419538498,,0.9913793206214905,,,,,,,,,,,1.0,1.0,,,,,2720,,,,0.0,,0.0,,0.0
,,,0.1138392835855484,,0.9765625,,,,,,,,,,,1.0,1.0,,,,,2721,,,,0.0,,0.0,,0.0
,,,0.1419270783662796,,0.9921875,,,,,,,,,,,1.0,1.0,,,,,2722,,,,0.0,,0.0,,0.0
,,,0.17194312810897827,,0.9702970385551453,,,,,,,,,,,1.0,1.0,,,,,2723,,,,0.0,,0.0,,0.0
,,,0.078125,,0.9375,,,,,,,,,,,1.0,1.0,,,,,2724,,,,0.0,,0.0,,0.0
,,,0.125,,0.921875,,,,,,,,,,,1.0,1.0,,,,,2725,,,,0.0,,0.0,,0.0
,,,0.2690972089767456,,0.9635416269302368,,,,,,,,,,,1.0,1.0,,,,,2726,,,,0.0,,0.0,,0.0
,,,0.1194196417927742,,1.0,,,,,,,,,,,1.0,1.0,,,,,2727,,,,0.0,,0.0,,0.0
,,,0.1227678582072258,,0.9921875,,,,,,,,,,,1.0,1.0,,,,,2728,,,,0.0,,0.0,,0.0
,,,0.19718992710113525,,0.9941860437393188,,,,,,,,,,,1.0,1.0,,,,,2729,,,,0.0,,0.0,,0.0
,,,0.1183035746216774,,0.9765625,,,,,,,,,,,1.0,1.0,,,,,2730,,,,0.0,,0.0,,0.0
,,,0.1127232164144516,,0.9765625,,,,,,,,,,,1.0,1.0,,,,,2731,,,,0.0,,0.0,,0.0
,,,0.2059839963912964,,0.9424778819084167,,,,,,,,,,,1.0,1.0,,,,,2732,,,,0.0,,0.0,,0.0
,,,0.1002604141831398,,0.875,,,,,,,,,,,1.0,1.0,,,,,2733,,,,0.0,,0.0,,0.0
,,,0.0872395858168602,,0.890625,,,,,,,,,,,1.0,1.0,,,,,2734,,,,0.0,,0.0,,0.0
,,,0.15227273106575012,,0.8565656542778015,,,,,,,,,,,1.0,1.0,,,,,2735,,,,0.0,,0.0,,0.0
,,,0.087890625,,0.9921875,,,,,,,,,,,1.0,1.0,,,,,2736,,,,0.0,,0.0,,0.0
,,,0.0659722238779068,,1.0,,,,,,,,,,,1.0,1.0,,,,,2737,,,,0.0,,0.0,,0.0
,,,0.19421297311782837,,0.9907407760620117,,,,,,,,,,,1.0,1.0,,,,,2738,,,,0.0,,0.0,,0.0
,,,0.0807291641831398,,0.984375,,,,,,,,,,,1.0,1.0,,,,,2739,,,,0.0,,0.0,,0.0
,,,0.0927734375,,0.984375,,,,,,,,,,,1.0,1.0,,,,,2740,,,,0.0,,0.0,,0.0
,,,0.19534805417060852,,0.9546184539794922,,,,,,,,,,,1.0,1.0,,,,,2741,,,,0.0,,0.0,,0.0
,,,0.1138392835855484,,0.9921875,,,,,,,,,,,1.0,1.0,,,,,2742,,,,0.0,,0.0,,0.0
,,,0.1194196417927742,,0.9765625,,,,,,,,,,,1.0,1.0,,,,,2743,,,,0.0,,0.0,,0.0
,,,0.16071075201034546,,0.9446141719818115,,,,,,,,,,,1.0,1.0,,,,,2744,,,,0.0,,0.0,,0.0
,,,0.0948660746216774,,0.953125,,,,,,,,,,,1.0,1.0,,,,,2745,,,,0.0,,0.0,,0.0
,,,0.0908203125,,0.96875,,,,,,,,,,,1.0,1.0,,,,,2746,,,,0.0,,0.0,,0.0
,,,0.19442138075828552,,0.9941860437393188,,,,,,,,,,,1.0,1.0,,,,,2747,,,,0.0,,0.0,,0.0
,,,0.1205357164144516,,0.9921875,,,,,,,,,,,1.0,1.0,,,,,2748,,,,0.0,,0.0,,0.0
,,,0.17343750596046448,,1.0,,,,,,,,,,,1.0,1.0,,,,,2749,,,,0.0,,0.0,,0.0
,,,0.295310914516449,,0.9787163138389587,,,,,,,,,,,1.0,1.0,,,,,2750,,,,0.0,,0.0,,0.0
,,,0.0868055522441864,,0.9921875,,,,,,,,,,,1.0,1.0,,,,,2751,,,,0.0,,0.0,,0.0
,,,0.09765625,,0.9765625,,,,,,,,,,,1.0,1.0,,,,,2752,,,,0.0,,0.0,,0.0
,,,0.1855158805847168,,0.9955357313156128,,,,,,,,,,,1.0,1.0,,,,,2753,,,,0.0,,0.0,,0.0
,,,0.1049107164144516,,0.9296875,,,,,,,,,,,1.0,1.0,,,,,2754,,,,0.0,,0.0,,0.0
,,,0.078125,,0.9375,,,,,,,,,,,1.0,1.0,,,,,2755,,,,0.0,,0.0,,0.0
,,,0.2150072157382965,,0.9203574657440186,,,,,,,,,,,1.0,1.0,,,,,2756,,,,0.0,,0.0,,0.0
,,,0.1458333283662796,,1.0,,,,,,,,,,,1.0,1.0,,,,,2757,,,,0.0,,0.0,,0.0
,,,0.1194196417927742,,1.0,,,,,,,,,,,1.0,1.0,,,,,2758,,,,0.0,,0.0,,0.0
,,,0.12035995721817017,,0.9921259880065918,,,,,,,,,,,1.0,1.0,,,,,2759,,,,0.0,,0.0,,0.0
29,0.7733767032623291,0.7508928775787354,,0.9673446416854858,,,,,,,,,,,,,,164.96131896972656,26474.83984375,5.105710983276367,433.93682861328125,6629,,,0.0,,0.0,,0.0,
29,,,,,,0.40137019753456116,,0.5875777006149292,,9.310202598571777,,,,,,,,,,,,6629,0.9519562125205994,,,,,,,
,,,,,,,,,,,,,,0.03,0.0004,,,,,,,6649,,,,,,,,
30,,,,,,,0.3818995952606201,,0.5703761577606201,,9.421875,0.00039999998989515007,0.029999999329447746,,,1.0,1.0,,,,,6649,,0.7379297018051147,,,,,,
,,,,,,,,,,,,,,0.03,0.0004,,,,,,,6699,,,,,,,,
30,,,,,,,0.4051050841808319,,0.5999293327331543,,9.7421875,0.00039999998989515007,0.029999999329447746,,,1.0,1.0,,,,,6699,,0.6676722764968872,,,,,,
,,,,,,,,,,,,,,0.03,0.0004,,,,,,,6749,,,,,,,,
30,,,,,,,0.4057113230228424,,0.59980309009552,,9.703125,0.00039999998989515007,0.029999999329447746,,,1.0,1.0,,,,,6749,,1.0362474918365479,,,,,,
,,,,,,,,,,,,,,0.03,0.0004,,,,,,,6799,,,,,,,,
30,,,,,,,0.3983328938484192,,0.5909598469734192,,9.6328125,0.00039999998989515007,0.029999999329447746,,,1.0,1.0,,,,,6799,,0.931854248046875,,,,,,
,,,,,,,,,,,,,,0.03,0.0004,,,,,,,6849,,,,,,,,
30,,,,,,,0.4001574218273163,,0.5833849906921387,,9.1640625,0.00039999998989515007,0.029999999329447746,,,1.0,1.0,,,,,6849,,0.8134896159172058,,,,,,
,,,0.099609375,,0.984375,,,,,,,,,,,1.0,1.0,,,,,2760,,,,0.0,,0.0,,0.0
,,,0.1025390625,,1.0,,,,,,,,,,,1.0,1.0,,,,,2761,,,,0.0,,0.0,,0.0
,,,0.18265900015830994,,0.9715805053710938,,,,,,,,,,,1.0,1.0,,,,,2762,,,,0.0,,0.0,,0.0
,,,0.1510416716337204,,0.9921875,,,,,,,,,,,1.0,1.0,,,,,2763,,,,0.0,,0.0,,0.0
,,,0.1227678582072258,,0.984375,,,,,,,,,,,1.0,1.0,,,,,2764,,,,0.0,,0.0,,0.0
,,,0.1784188151359558,,0.9807692170143127,,,,,,,,,,,1.0,1.0,,,,,2765,,,,0.0,,0.0,,0.0
,,,0.07265625149011612,,1.0,,,,,,,,,,,1.0,1.0,,,,,2766,,,,0.0,,0.0,,0.0
,,,0.07734374701976776,,0.9921875,,,,,,,,,,,1.0,1.0,,,,,2767,,,,0.0,,0.0,,0.0
,,,0.1516295075416565,,1.0,,,,,,,,,,,1.0,1.0,,,,,2768,,,,0.0,,0.0,,0.0
,,,0.18125000596046448,,1.0,,,,,,,,,,,1.0,1.0,,,,,2769,,,,0.0,,0.0,,0.0
,,,0.0946180522441864,,0.984375,,,,,,,,,,,1.0,1.0,,,,,2770,,,,0.0,,0.0,,0.0
,,,0.1227678582072258,,0.9921875,,,,,,,,,,,1.0,1.0,,,,,2771,,,,0.0,,0.0,,0.0
,,,0.14826667308807373,,0.7973333597183228,,,,,,,,,,,1.0,1.0,,,,,2772,,,,0.0,,0.0,,0.0
,,,0.0876736119389534,,0.9375,,,,,,,,,,,1.0,1.0,,,,,2773,,,,0.0,,0.0,,0.0
,,,0.08124999701976776,,0.9453125,,,,,,,,,,,1.0,1.0,,,,,2774,,,,0.0,,0.0,,0.0
,,,0.17600373923778534,,0.9402427673339844,,,,,,,,,,,1.0,1.0,,,,,2775,,,,0.0,,0.0,,0.0
,,,0.0959821417927742,,0.9765625,,,,,,,,,,,1.0,1.0,,,,,2776,,,,0.0,,0.0,,0.0
,,,0.0755208358168602,,1.0,,,,,,,,,,,1.0,1.0,,,,,2777,,,,0.0,,0.0,,0.0
,,,0.1580086499452591,,0.9707792401313782,,,,,,,,,,,1.0,1.0,,,,,2778,,,,0.0,,0.0,,0.0
,,,0.0885416641831398,,0.9921875,,,,,,,,,,,1.0,1.0,,,,,2779,,,,0.0,,0.0,,0.0
,,,0.103515625,,0.96875,,,,,,,,,,,1.0,1.0,,,,,2780,,,,0.0,,0.0,,0.0
,,,0.1444333791732788,,0.9544209241867065,,,,,,,,,,,1.0,1.0,,,,,2781,,,,0.0,,0.0,,0.0
,,,0.0850694477558136,,0.9453125,,,,,,,,,,,1.0,1.0,,,,,2782,,,,0.0,,0.0,,0.0
,,,0.078125,,0.9453125,,,,,,,,,,,1.0,1.0,,,,,2783,,,,0.0,,0.0,,0.0
,,,0.17383688688278198,,0.931280791759491,,,,,,,,,,,1.0,1.0,,,,,2784,,,,0.0,,0.0,,0.0
,,,0.1393229216337204,,0.984375,,,,,,,,,,,1.0,1.0,,,,,2785,,,,0.0,,0.0,,0.0
,,,0.1205357164144516,,0.9765625,,,,,,,,,,,1.0,1.0,,,,,2786,,,,0.0,,0.0,,0.0
,,,0.19393081963062286,,0.9905660152435303,,,,,,,,,,,1.0,1.0,,,,,2787,,,,0.0,,0.0,,0.0
,,,0.1216517835855484,,0.9921875,,,,,,,,,,,1.0,1.0,,,,,2788,,,,0.0,,0.0,,0.0
,,,0.078125,,0.9921875,,,,,,,,,,,1.0,1.0,,,,,2789,,,,0.0,,0.0,,0.0
,,,0.18188175559043884,,0.9823529720306396,,,,,,,,,,,1.0,1.0,,,,,2790,,,,0.0,,0.0,,0.0
,,,0.1116071417927742,,0.984375,,,,,,,,,,,1.0,1.0,,,,,2791,,,,0.0,,0.0,,0.0
,,,0.1015625,,1.0,,,,,,,,,,,1.0,1.0,,,,,2792,,,,0.0,,0.0,,0.0
,,,0.18303228914737701,,0.9756157398223877,,,,,,,,,,,1.0,1.0,,,,,2793,,,,0.0,,0.0,,0.0
,,,0.1103515625,,0.984375,,,,,,,,,,,1.0,1.0,,,,,2794,,,,0.0,,0.0,,0.0
,,,0.140625,,0.9921875,,,,,,,,,,,1.0,1.0,,,,,2795,,,,0.0,,0.0,,0.0
,,,0.1794579029083252,,0.9754098653793335,,,,,,,,,,,1.0,1.0,,,,,2796,,,,0.0,,0.0,,0.0
,,,0.07500000298023224,,1.0,,,,,,,,,,,1.0,1.0,,,,,2797,,,,0.0,,0.0,,0.0
,,,0.07265625149011612,,0.9921875,,,,,,,,,,,1.0,1.0,,,,,2798,,,,0.0,,0.0,,0.0
,,,0.1574847400188446,,1.0,,,,,,,,,,,1.0,1.0,,,,,2799,,,,0.0,,0.0,,0.0
,,,0.111328125,,0.9921875,,,,,,,,,,,1.0,1.0,,,,,2800,,,,0.0,,0.0,,0.0
,,,0.1227678582072258,,0.9921875,,,,,,,,,,,1.0,1.0,,,,,2801,,,,0.0,,0.0,,0.0
,,,0.21704545617103577,,0.9511363506317139,,,,,,,,,,,1.0,1.0,,,,,2802,,,,0.0,,0.0,,0.0
,,,0.078125,,0.9296875,,,,,,,,,,,1.0,1.0,,,,,2803,,,,0.0,,0.0,,0.0
,,,0.0911458358168602,,0.953125,,,,,,,,,,,1.0,1.0,,,,,2804,,,,0.0,,0.0,,0.0
,,,0.14580726623535156,,0.953379213809967,,,,,,,,,,,1.0,1.0,,,,,2805,,,,0.0,,0.0,,0.0
,,,0.1080729141831398,,1.0,,,,,,,,,,,1.0,1.0,,,,,2806,,,,0.0,,0.0,,0.0
,,,0.0830078125,,0.96875,,,,,,,,,,,1.0,1.0,,,,,2807,,,,0.0,,0.0,,0.0
,,,0.0869140625,,0.9921875,,,,,,,,,,,1.0,1.0,,,,,2808,,,,0.0,,0.0,,0.0
,,,0.08573928475379944,,0.9842519760131836,,,,,,,,,,,1.0,1.0,,,,,2809,,,,0.0,,0.0,,0.0
,,,0.140625,,0.984375,,,,,,,,,,,1.0,1.0,,,,,2810,,,,0.0,,0.0,,0.0
,,,0.095703125,,0.96875,,,,,,,,,,,1.0,1.0,,,,,2811,,,,0.0,,0.0,,0.0
,,,0.1074712723493576,,0.8908045887947083,,,,,,,,,,,1.0,1.0,,,,,2812,,,,0.0,,0.0,,0.0
,,,0.07578124850988388,,0.9375,,,,,,,,,,,1.0,1.0,,,,,2813,,,,0.0,,0.0,,0.0
,,,0.0868055522441864,,0.9609375,,,,,,,,,,,1.0,1.0,,,,,2814,,,,0.0,,0.0,,0.0
,,,0.17251354455947876,,0.9481114745140076,,,,,,,,,,,1.0,1.0,,,,,2815,,,,0.0,,0.0,,0.0
,,,0.1238839253783226,,0.984375,,,,,,,,,,,1.0,1.0,,,,,2816,,,,0.0,,0.0,,0.0
,,,0.10546875,,0.9765625,,,,,,,,,,,1.0,1.0,,,,,2817,,,,0.0,,0.0,,0.0
,,,0.2018229067325592,,0.9895833730697632,,,,,,,,,,,1.0,1.0,,,,,2818,,,,0.0,,0.0,,0.0
,,,0.0885416641831398,,0.984375,,,,,,,,,,,1.0,1.0,,,,,2819,,,,0.0,,0.0,,0.0
,,,0.091796875,,1.0,,,,,,,,,,,1.0,1.0,,,,,2820,,,,0.0,,0.0,,0.0
,,,0.19857420027256012,,0.976190447807312,,,,,,,,,,,1.0,1.0,,,,,2821,,,,0.0,,0.0,,0.0
,,,0.1380208283662796,,0.984375,,,,,,,,,,,1.0,1.0,,,,,2822,,,,0.0,,0.0,,0.0
,,,0.1138392835855484,,0.9765625,,,,,,,,,,,1.0,1.0,,,,,2823,,,,0.0,,0.0,,0.0
,,,0.2572271525859833,,0.9955751895904541,,,,,,,,,,,1.0,1.0,,,,,2824,,,,0.0,,0.0,,0.0
,,,0.1103515625,,0.984375,,,,,,,,,,,1.0,1.0,,,,,2825,,,,0.0,,0.0,,0.0
,,,0.109375,,0.9765625,,,,,,,,,,,1.0,1.0,,,,,2826,,,,0.0,,0.0,,0.0
,,,0.14676767587661743,,0.9722222089767456,,,,,,,,,,,1.0,1.0,,,,,2827,,,,0.0,,0.0,,0.0
,,,0.07734374701976776,,1.0,,,,,,,,,,,1.0,1.0,,,,,2828,,,,0.0,,0.0,,0.0
,,,0.06953124701976776,,0.9921875,,,,,,,,,,,1.0,1.0,,,,,2829,,,,0.0,,0.0,,0.0
,,,0.24973544478416443,,1.0,,,,,,,,,,,1.0,1.0,,,,,2830,,,,0.0,,0.0,,0.0
,,,0.0859375,,0.9921875,,,,,,,,,,,1.0,1.0,,,,,2831,,,,0.0,,0.0,,0.0
,,,0.1272321492433548,,1.0,,,,,,,,,,,1.0,1.0,,,,,2832,,,,0.0,,0.0,,0.0
,,,0.1710040122270584,,0.9527443051338196,,,,,,,,,,,1.0,1.0,,,,,2833,,,,0.0,,0.0,,0.0
,,,0.09765625,,0.9453125,,,,,,,,,,,1.0,1.0,,,,,2834,,,,0.0,,0.0,,0.0
,,,0.0920138880610466,,0.9375,,,,,,,,,,,1.0,1.0,,,,,2835,,,,0.0,,0.0,,0.0
,,,0.14143112301826477,,0.9542908072471619,,,,,,,,,,,1.0,1.0,,,,,2836,,,,0.0,,0.0,,0.0
,,,0.1145833358168602,,0.984375,,,,,,,,,,,1.0,1.0,,,,,2837,,,,0.0,,0.0,,0.0
,,,0.0729166641831398,,0.984375,,,,,,,,,,,1.0,1.0,,,,,2838,,,,0.0,,0.0,,0.0
,,,0.15077519416809082,,0.9941860437393188,,,,,,,,,,,1.0,1.0,,,,,2839,,,,0.0,,0.0,,0.0
,,,0.0966796875,,0.96875,,,,,,,,,,,1.0,1.0,,,,,2840,,,,0.0,,0.0,,0.0
,,,0.1171875,,0.9765625,,,,,,,,,,,1.0,1.0,,,,,2841,,,,0.0,,0.0,,0.0
,,,0.1758119910955429,,0.9580977559089661,,,,,,,,,,,1.0,1.0,,,,,2842,,,,0.0,,0.0,,0.0
,,,0.07109375298023224,,0.953125,,,,,,,,,,,1.0,1.0,,,,,2843,,,,0.0,,0.0,,0.0
,,,0.07500000298023224,,0.9296875,,,,,,,,,,,1.0,1.0,,,,,2844,,,,0.0,,0.0,,0.0
,,,0.16785714030265808,,0.9776785373687744,,,,,,,,,,,1.0,1.0,,,,,2845,,,,0.0,,0.0,,0.0
,,,0.13671875,,0.96875,,,,,,,,,,,1.0,1.0,,,,,2846,,,,0.0,,0.0,,0.0
,,,0.1194196417927742,,0.9609375,,,,,,,,,,,1.0,1.0,,,,,2847,,,,0.0,,0.0,,0.0
,,,0.21300920844078064,,0.9502719640731812,,,,,,,,,,,1.0,1.0,,,,,2848,,,,0.0,,0.0,,0.0
,,,0.1015625,,0.9921875,,,,,,,,,,,1.0,1.0,,,,,2849,,,,0.0,,0.0,,0.0
,,,0.095703125,,0.984375,,,,,,,,,,,1.0,1.0,,,,,2850,,,,0.0,,0.0,,0.0
,,,0.09645669162273407,,0.9842519760131836,,,,,,,,,,,1.0,1.0,,,,,2851,,,,0.0,,0.0,,0.0
30,0.7772873044013977,0.7916898727416992,,0.9760062098503113,,,,,,,,,,,,,,165.5706329345703,24270.875,5.109397888183594,437.5740051269531,6850,,,0.0,,0.0,,0.0,
30,,,,,,0.3978711664676666,,0.5828291773796082,,9.247773170471191,,,,,,,,,,,,6850,0.9611104130744934,,,,,,,
,,,,,,,,,,,,,,0.03,0.0004,,,,,,,6899,,,,,,,,
31,,,,,,,0.3980475068092346,,0.5911627411842346,,9.65625,0.00039999998989515007,0.029999999329447746,,,1.0,1.0,,,,,6899,,0.8336883783340454,,,,,,
,,,,,,,,,,,,,,0.03,0.0004,,,,,,,6949,,,,,,,,
31,,,,,,,0.40081924200057983,,0.5872206091880798,,9.3203125,0.00039999998989515007,0.029999999329447746,,,1.0,1.0,,,,,6949,,0.8048858642578125,,,,,,
,,,,,,,,,,,,,,0.03,0.0004,,,,,,,6999,,,,,,,,
31,,,,,,,0.37804505228996277,,0.5593194961547852,,9.0625,0.00039999998989515007,0.029999999329447746,,,1.0,1.0,,,,,6999,,0.9446213245391846,,,,,,
,,,,,,,,,,,,,,0.03,0.0004,,,,,,,7049,,,,,,,,
31,,,,,,,0.38739120960235596,,0.574524998664856,,9.359375,0.00039999998989515007,0.029999999329447746,,,1.0,1.0,,,,,7049,,0.9465761184692383,,,,,,
,,,0.087890625,,0.9453125,,,,,,,,,,,1.0,1.0,,,,,2852,,,,0.0,,0.0,,0.0
,,,0.1223958358168602,,0.9765625,,,,,,,,,,,1.0,1.0,,,,,2853,,,,0.0,,0.0,,0.0
,,,0.15792690217494965,,0.9283095002174377,,,,,,,,,,,1.0,1.0,,,,,2854,,,,0.0,,0.0,,0.0
,,,0.1458333283662796,,0.9921875,,,,,,,,,,,1.0,1.0,,,,,2855,,,,0.0,,0.0,,0.0
,,,0.16249999403953552,,0.984375,,,,,,,,,,,1.0,1.0,,,,,2856,,,,0.0,,0.0,,0.0
,,,0.22069595754146576,,0.9711538553237915,,,,,,,,,,,1.0,1.0,,,,,2857,,,,0.0,,0.0,,0.0
,,,0.0807291641831398,,1.0,,,,,,,,,,,1.0,1.0,,,,,2858,,,,0.0,,0.0,,0.0
,,,0.0859375,,0.9921875,,,,,,,,,,,1.0,1.0,,,,,2859,,,,0.0,,0.0,,0.0
,,,0.16072040796279907,,0.9952830076217651,,,,,,,,,,,1.0,1.0,,,,,2860,,,,0.0,,0.0,,0.0
,,,0.1458333283662796,,1.0,,,,,,,,,,,1.0,1.0,,,,,2861,,,,0.0,,0.0,,0.0
,,,0.0989583358168602,,0.9765625,,,,,,,,,,,1.0,1.0,,,,,2862,,,,0.0,,0.0,,0.0
,,,0.1510416716337204,,1.0,,,,,,,,,,,1.0,1.0,,,,,2863,,,,0.0,,0.0,,0.0
,,,0.18033334612846375,,0.809333324432373,,,,,,,,,,,1.0,1.0,,,,,2864,,,,0.0,,0.0,,0.0
,,,0.1223958358168602,,1.0,,,,,,,,,,,1.0,1.0,,,,,2865,,,,0.0,,0.0,,0.0
,,,0.0947265625,,0.9609375,,,,,,,,,,,1.0,1.0,,,,,2866,,,,0.0,,0.0,,0.0
,,,0.16024744510650635,,0.9066293239593506,,,,,,,,,,,1.0,1.0,,,,,2867,,,,0.0,,0.0,,0.0
,,,0.0747767835855484,,0.9296875,,,,,,,,,,,1.0,1.0,,,,,2868,,,,0.0,,0.0,,0.0
,,,0.0538194440305233,,0.921875,,,,,,,,,,,1.0,1.0,,,,,2869,,,,0.0,,0.0,,0.0
,,,0.16057899594306946,,0.9139610528945923,,,,,,,,,,,1.0,1.0,,,,,2870,,,,0.0,,0.0,,0.0
,,,0.1082589253783226,,0.9609375,,,,,,,,,,,1.0,1.0,,,,,2871,,,,0.0,,0.0,,0.0
,,,0.09765625,,0.984375,,,,,,,,,,,1.0,1.0,,,,,2872,,,,0.0,,0.0,,0.0
,,,0.1670956015586853,,0.9749688506126404,,,,,,,,,,,1.0,1.0,,,,,2873,,,,0.0,,0.0,,0.0
,,,0.0842013880610466,,0.984375,,,,,,,,,,,1.0,1.0,,,,,2874,,,,0.0,,0.0,,0.0
,,,0.103515625,,0.9609375,,,,,,,,,,,1.0,1.0,,,,,2875,,,,0.0,,0.0,,0.0
,,,0.23743842542171478,,0.9928570985794067,,,,,,,,,,,1.0,1.0,,,,,2876,,,,0.0,,0.0,,0.0
,,,0.18281249701976776,,1.0,,,,,,,,,,,1.0,1.0,,,,,2877,,,,0.0,,0.0,,0.0
,,,0.1549479216337204,,1.0,,,,,,,,,,,1.0,1.0,,,,,2878,,,,0.0,,0.0,,0.0
,,,0.275974839925766,,0.9905660152435303,,,,,,,,,,,1.0,1.0,,,,,2879,,,,0.0,,0.0,,0.0
,,,0.1432291716337204,,1.0,,,,,,,,,,,1.0,1.0,,,,,2880,,,,0.0,,0.0,,0.0
,,,0.109375,,1.0,,,,,,,,,,,1.0,1.0,,,,,2881,,,,0.0,,0.0,,0.0
,,,0.17546740174293518,,0.9708617925643921,,,,,,,,,,,1.0,1.0,,,,,2882,,,,0.0,,0.0,,0.0
,,,0.0869140625,,0.9609375,,,,,,,,,,,1.0,1.0,,,,,2883,,,,0.0,,0.0,,0.0
,,,0.0888671875,,0.9609375,,,,,,,,,,,1.0,1.0,,,,,2884,,,,0.0,,0.0,,0.0
,,,0.17974138259887695,,0.9369457960128784,,,,,,,,,,,1.0,1.0,,,,,2885,,,,0.0,,0.0,,0.0
,,,0.1640625,,0.9921875,,,,,,,,,,,1.0,1.0,,,,,2886,,,,0.0,,0.0,,0.0
,,,0.1380208283662796,,0.96875,,,,,,,,,,,1.0,1.0,,,,,2887,,,,0.0,,0.0,,0.0
,,,0.16586467623710632,,0.9754098653793335,,,,,,,,,,,1.0,1.0,,,,,2888,,,,0.0,,0.0,,0.0
,,,0.09375,,1.0,,,,,,,,,,,1.0,1.0,,,,,2889,,,,0.0,,0.0,,0.0
,,,0.0842013880610466,,0.984375,,,,,,,,,,,1.0,1.0,,,,,2890,,,,0.0,,0.0,,0.0
,,,0.1786189079284668,,1.0,,,,,,,,,,,1.0,1.0,,,,,2891,,,,0.0,,0.0,,0.0
,,,0.1484375,,0.9921875,,,,,,,,,,,1.0,1.0,,,,,2892,,,,0.0,,0.0,,0.0
,,,0.1294642835855484,,0.9921875,,,,,,,,,,,1.0,1.0,,,,,2893,,,,0.0,,0.0,,0.0
,,,0.28901517391204834,,0.9818181991577148,,,,,,,,,,,1.0,1.0,,,,,2894,,,,0.0,,0.0,,0.0
,,,0.09375,,0.9765625,,,,,,,,,,,1.0,1.0,,,,,2895,,,,0.0,,0.0,,0.0
,,,0.12890625,,0.9921875,,,,,,,,,,,1.0,1.0,,,,,2896,,,,0.0,,0.0,,0.0
,,,0.15120463073253632,,0.9346057176589966,,,,,,,,,,,1.0,1.0,,,,,2897,,,,0.0,,0.0,,0.0
,,,0.0703125,,0.9296875,,,,,,,,,,,1.0,1.0,,,,,2898,,,,0.0,,0.0,,0.0
,,,0.06640625,,0.921875,,,,,,,,,,,1.0,1.0,,,,,2899,,,,0.0,,0.0,,0.0
,,,0.0725446417927742,,0.9140625,,,,,,,,,,,1.0,1.0,,,,,2900,,,,0.0,,0.0,,0.0
,,,0.093503937125206,,0.9724409580230713,,,,,,,,,,,1.0,1.0,,,,,2901,,,,0.0,,0.0,,0.0
,,,0.1276041716337204,,0.9609375,,,,,,,,,,,1.0,1.0,,,,,2902,,,,0.0,,0.0,,0.0
,,,0.1049107164144516,,0.984375,,,,,,,,,,,1.0,1.0,,,,,2903,,,,0.0,,0.0,,0.0
,,,0.11973179876804352,,0.9870689511299133,,,,,,,,,,,1.0,1.0,,,,,2904,,,,0.0,,0.0,,0.0
,,,0.0850694477558136,,0.96875,,,,,,,,,,,1.0,1.0,,,,,2905,,,,0.0,,0.0,,0.0
,,,0.1216517835855484,,0.984375,,,,,,,,,,,1.0,1.0,,,,,2906,,,,0.0,,0.0,,0.0
,,,0.2719716429710388,,1.0,,,,,,,,,,,1.0,1.0,,,,,2907,,,,0.0,,0.0,,0.0
,,,0.1875,,1.0,,,,,,,,,,,1.0,1.0,,,,,2908,,,,0.0,,0.0,,0.0
,,,0.18437500298023224,,1.0,,,,,,,,,,,1.0,1.0,,,,,2909,,,,0.0,,0.0,,0.0
,,,0.2380952388048172,,0.9895833730697632,,,,,,,,,,,1.0,1.0,,,,,2910,,,,0.0,,0.0,,0.0
,,,0.1380208283662796,,1.0,,,,,,,,,,,1.0,1.0,,,,,2911,,,,0.0,,0.0,,0.0
,,,0.13671875,,0.9921875,,,,,,,,,,,1.0,1.0,,,,,2912,,,,0.0,,0.0,,0.0
,,,0.19144518673419952,,0.9825581312179565,,,,,,,,,,,1.0,1.0,,,,,2913,,,,0.0,,0.0,,0.0
,,,0.1015625,,0.9609375,,,,,,,,,,,1.0,1.0,,,,,2914,,,,0.0,,0.0,,0.0
,,,0.0948660746216774,,0.9453125,,,,,,,,,,,1.0,1.0,,,,,2915,,,,0.0,,0.0,,0.0
,,,0.20176991820335388,,0.982300877571106,,,,,,,,,,,1.0,1.0,,,,,2916,,,,0.0,,0.0,,0.0
,,,0.1640625,,0.984375,,,,,,,,,,,1.0,1.0,,,,,2917,,,,0.0,,0.0,,0.0
,,,0.1205357164144516,,0.9609375,,,,,,,,,,,1.0,1.0,,,,,2918,,,,0.0,,0.0,,0.0
,,,0.1518518477678299,,0.9722222089767456,,,,,,,,,,,1.0,1.0,,,,,2919,,,,0.0,,0.0,,0.0
,,,0.0947265625,,1.0,,,,,,,,,,,1.0,1.0,,,,,2920,,,,0.0,,0.0,,0.0
,,,0.0807291641831398,,0.984375,,,,,,,,,,,1.0,1.0,,,,,2921,,,,0.0,,0.0,,0.0
,,,0.21111111342906952,,1.0,,,,,,,,,,,1.0,1.0,,,,,2922,,,,0.0,,0.0,,0.0
,,,0.1083984375,,0.984375,,,,,,,,,,,1.0,1.0,,,,,2923,,,,0.0,,0.0,,0.0
,,,0.236328125,,1.0,,,,,,,,,,,1.0,1.0,,,,,2924,,,,0.0,,0.0,,0.0
,,,0.23740677535533905,,0.9708166122436523,,,,,,,,,,,1.0,1.0,,,,,2925,,,,0.0,,0.0,,0.0
,,,0.1236979141831398,,0.9921875,,,,,,,,,,,1.0,1.0,,,,,2926,,,,0.0,,0.0,,0.0
,,,0.1194196417927742,,0.984375,,,,,,,,,,,1.0,1.0,,,,,2927,,,,0.0,,0.0,,0.0
,,,0.13255807757377625,,0.9381207227706909,,,,,,,,,,,1.0,1.0,,,,,2928,,,,0.0,,0.0,,0.0
,,,0.0673828125,,0.9375,,,,,,,,,,,1.0,1.0,,,,,2929,,,,0.0,,0.0,,0.0
,,,0.0703125,,0.921875,,,,,,,,,,,1.0,1.0,,,,,2930,,,,0.0,,0.0,,0.0
,,,0.1577380895614624,,0.9415836334228516,,,,,,,,,,,1.0,1.0,,,,,2931,,,,0.0,,0.0,,0.0
,,,0.1026785746216774,,0.9375,,,,,,,,,,,1.0,1.0,,,,,2932,,,,0.0,,0.0,,0.0
,,,0.095703125,,0.96875,,,,,,,,,,,1.0,1.0,,,,,2933,,,,0.0,,0.0,,0.0
,,,0.23084232211112976,,0.9896907210350037,,,,,,,,,,,1.0,1.0,,,,,2934,,,,0.0,,0.0,,0.0
,,,0.0868055522441864,,0.9765625,,,,,,,,,,,1.0,1.0,,,,,2935,,,,0.0,,0.0,,0.0
,,,0.0850694477558136,,0.9609375,,,,,,,,,,,1.0,1.0,,,,,2936,,,,0.0,,0.0,,0.0
,,,0.2254464328289032,,0.9955357313156128,,,,,,,,,,,1.0,1.0,,,,,2937,,,,0.0,,0.0,,0.0
,,,0.220703125,,1.0,,,,,,,,,,,1.0,1.0,,,,,2938,,,,0.0,,0.0,,0.0
,,,0.1549479216337204,,1.0,,,,,,,,,,,1.0,1.0,,,,,2939,,,,0.0,,0.0,,0.0
,,,0.29199689626693726,,0.9545454978942871,,,,,,,,,,,1.0,1.0,,,,,2940,,,,0.0,,0.0,,0.0
,,,0.1044921875,,0.9921875,,,,,,,,,,,1.0,1.0,,,,,2941,,,,0.0,,0.0,,0.0
,,,0.1341145783662796,,1.0,,,,,,,,,,,1.0,1.0,,,,,2942,,,,0.0,,0.0,,0.0
,,,0.13779528439044952,,0.9921259880065918,,,,,,,,,,,1.0,1.0,,,,,2943,,,,0.0,,0.0,,0.0
31,0.77386873960495,0.7711257338523865,,0.9744176268577576,,,,,,,,,,,,,,167.4278564453125,24363.52734375,5.1205525398254395,433.8832092285156,7071,,,0.0,,0.0,,0.0,
31,,,,,,0.39210206270217896,,0.576164722442627,,9.202983856201172,,,,,,,,,,,,7071,0.9439375400543213,,,,,,,
,,,,,,,,,,,,,,0.03,0.0004,,,,,,,7099,,,,,,,,
32,,,,,,,0.40939784049987793,,0.5818831920623779,,8.625,0.00039999998989515007,0.029999999329447746,,,1.0,1.0,,,,,7099,,0.8998832702636719,,,,,,
,,,,,,,,,,,,,,0.03,0.0004,,,,,,,7149,,,,,,,,
32,,,,,,,0.39788511395454407,,0.5765960216522217,,8.9375,0.00039999998989515007,0.029999999329447746,,,1.0,1.0,,,,,7149,,0.9140461683273315,,,,,,
,,,,,,,,,,,,,,0.03,0.0004,,,,,,,7199,,,,,,,,
32,,,,,,,0.39661431312561035,,0.5861895084381104,,9.4765625,0.00039999998989515007,0.029999999329447746,,,1.0,1.0,,,,,7199,,1.1409865617752075,,,,,,
,,,,,,,,,,,,,,0.03,0.0004,,,,,,,7249,,,,,,,,
32,,,,,,,0.3993810713291168,,0.5801671743392944,,9.0390625,0.00039999998989515007,0.029999999329447746,,,1.0,1.0,,,,,7249,,1.0990134477615356,,,,,,
,,,0.125,,0.9765625,,,,,,,,,,,1.0,1.0,,,,,2944,,,,0.0,,0.0,,0.0
,,,0.15781250596046448,,1.0,,,,,,,,,,,1.0,1.0,,,,,2945,,,,0.0,,0.0,,0.0
,,,0.20517051219940186,,0.9666299819946289,,,,,,,,,,,1.0,1.0,,,,,2946,,,,0.0,,0.0,,0.0
,,,0.1510416716337204,,0.9609375,,,,,,,,,,,1.0,1.0,,,,,2947,,,,0.0,,0.0,,0.0
,,,0.1044921875,,0.9296875,,,,,,,,,,,1.0,1.0,,,,,2948,,,,0.0,,0.0,,0.0
,,,0.17628204822540283,,0.9615384340286255,,,,,,,,,,,1.0,1.0,,,,,2949,,,,0.0,,0.0,,0.0
,,,0.0460069440305233,,0.9765625,,,,,,,,,,,1.0,1.0,,,,,2950,,,,0.0,,0.0,,0.0
,,,0.0546875,,0.9765625,,,,,,,,,,,1.0,1.0,,,,,2951,,,,0.0,,0.0,,0.0
,,,0.1496092975139618,,0.9858490228652954,,,,,,,,,,,1.0,1.0,,,,,2952,,,,0.0,,0.0,,0.0
,,,0.1341145783662796,,1.0,,,,,,,,,,,1.0,1.0,,,,,2953,,,,0.0,,0.0,,0.0
,,,0.1341145783662796,,0.9765625,,,,,,,,,,,1.0,1.0,,,,,2954,,,,0.0,,0.0,,0.0
,,,0.16093750298023224,,1.0,,,,,,,,,,,1.0,1.0,,,,,2955,,,,0.0,,0.0,,0.0
,,,0.1863333284854889,,0.8053333759307861,,,,,,,,,,,1.0,1.0,,,,,2956,,,,0.0,,0.0,,0.0
,,,0.0833333358168602,,0.9765625,,,,,,,,,,,1.0,1.0,,,,,2957,,,,0.0,,0.0,,0.0
,,,0.0868055522441864,,0.921875,,,,,,,,,,,1.0,1.0,,,,,2958,,,,0.0,,0.0,,0.0
,,,0.234760582447052,,0.9444444179534912,,,,,,,,,,,1.0,1.0,,,,,2959,,,,0.0,,0.0,,0.0
,,,0.16093750298023224,,1.0,,,,,,,,,,,1.0,1.0,,,,,2960,,,,0.0,,0.0,,0.0
,,,0.1510416716337204,,1.0,,,,,,,,,,,1.0,1.0,,,,,2961,,,,0.0,,0.0,,0.0
,,,0.1887175440788269,,0.9702380895614624,,,,,,,,,,,1.0,1.0,,,,,2962,,,,0.0,,0.0,,0.0
,,,0.0869140625,,0.9375,,,,,,,,,,,1.0,1.0,,,,,2963,,,,0.0,,0.0,,0.0
,,,0.0729166641831398,,0.9296875,,,,,,,,,,,1.0,1.0,,,,,2964,,,,0.0,,0.0,,0.0
,,,0.13397260010242462,,0.9021170735359192,,,,,,,,,,,1.0,1.0,,,,,2965,,,,0.0,,0.0,,0.0
,,,0.07265625149011612,,0.953125,,,,,,,,,,,1.0,1.0,,,,,2966,,,,0.0,,0.0,,0.0
,,,0.07578124850988388,,0.96875,,,,,,,,,,,1.0,1.0,,,,,2967,,,,0.0,,0.0,,0.0
,,,0.19236452877521515,,0.9556649923324585,,,,,,,,,,,1.0,1.0,,,,,2968,,,,0.0,,0.0,,0.0
,,,0.17343750596046448,,1.0,,,,,,,,,,,1.0,1.0,,,,,2969,,,,0.0,,0.0,,0.0
,,,0.1294642835855484,,1.0,,,,,,,,,,,1.0,1.0,,,,,2970,,,,0.0,,0.0,,0.0
,,,0.2778196930885315,,1.0,,,,,,,,,,,1.0,1.0,,,,,2971,,,,0.0,,0.0,,0.0
,,,0.17343750596046448,,1.0,,,,,,,,,,,1.0,1.0,,,,,2972,,,,0.0,,0.0,,0.0
,,,0.08203125,,1.0,,,,,,,,,,,1.0,1.0,,,,,2973,,,,0.0,,0.0,,0.0
,,,0.3321477472782135,,0.9882352948188782,,,,,,,,,,,1.0,1.0,,,,,2974,,,,0.0,,0.0,,0.0
,,,0.15156249701976776,,0.9765625,,,,,,,,,,,1.0,1.0,,,,,2975,,,,0.0,,0.0,,0.0
,,,0.12890625,,0.9921875,,,,,,,,,,,1.0,1.0,,,,,2976,,,,0.0,,0.0,,0.0
,,,0.23736806213855743,,0.9541871547698975,,,,,,,,,,,1.0,1.0,,,,,2977,,,,0.0,,0.0,,0.0
,,,0.1194196417927742,,0.9375,,,,,,,,,,,1.0,1.0,,,,,2978,,,,0.0,,0.0,,0.0
,,,0.1227678582072258,,0.9375,,,,,,,,,,,1.0,1.0,,,,,2979,,,,0.0,,0.0,,0.0
,,,0.1356876790523529,,0.943356990814209,,,,,,,,,,,1.0,1.0,,,,,2980,,,,0.0,,0.0,,0.0
,,,0.0555555559694767,,0.984375,,,,,,,,,,,1.0,1.0,,,,,2981,,,,0.0,,0.0,,0.0
,,,0.0581597238779068,,0.9765625,,,,,,,,,,,1.0,1.0,,,,,2982,,,,0.0,,0.0,,0.0
,,,0.14538055658340454,,0.9920635223388672,,,,,,,,,,,1.0,1.0,,,,,2983,,,,0.0,,0.0,,0.0
,,,0.1380208283662796,,0.984375,,,,,,,,,,,1.0,1.0,,,,,2984,,,,0.0,,0.0,,0.0
,,,0.1341145783662796,,0.9921875,,,,,,,,,,,1.0,1.0,,,,,2985,,,,0.0,,0.0,,0.0
,,,0.23993507027626038,,0.969318151473999,,,,,,,,,,,1.0,1.0,,,,,2986,,,,0.0,,0.0,,0.0
,,,0.0876736119389534,,0.9609375,,,,,,,,,,,1.0,1.0,,,,,2987,,,,0.0,,0.0,,0.0
,,,0.09765625,,0.953125,,,,,,,,,,,1.0,1.0,,,,,2988,,,,0.0,,0.0,,0.0
,,,0.21237483620643616,,0.9680851101875305,,,,,,,,,,,1.0,1.0,,,,,2989,,,,0.0,,0.0,,0.0
,,,0.17343750596046448,,1.0,,,,,,,,,,,1.0,1.0,,,,,2990,,,,0.0,,0.0,,0.0
,,,0.1354166716337204,,1.0,,,,,,,,,,,1.0,1.0,,,,,2991,,,,0.0,,0.0,,0.0
,,,0.1484375,,1.0,,,,,,,,,,,1.0,1.0,,,,,2992,,,,0.0,,0.0,,0.0
,,,0.20964565873146057,,0.9448819160461426,,,,,,,,,,,1.0,1.0,,,,,2993,,,,0.0,,0.0,,0.0
,,,0.0982142835855484,,0.953125,,,,,,,,,,,1.0,1.0,,,,,2994,,,,0.0,,0.0,,0.0
,,,0.0791015625,,0.8828125,,,,,,,,,,,1.0,1.0,,,,,2995,,,,0.0,,0.0,,0.0
,,,0.09827586263418198,,0.8994252681732178,,,,,,,,,,,1.0,1.0,,,,,2996,,,,0.0,,0.0,,0.0
,,,0.0824652761220932,,0.9453125,,,,,,,,,,,1.0,1.0,,,,,2997,,,,0.0,,0.0,,0.0
,,,0.0868055522441864,,0.9765625,,,,,,,,,,,1.0,1.0,,,,,2998,,,,0.0,,0.0,,0.0
,,,0.22463199496269226,,0.9580124616622925,,,,,,,,,,,1.0,1.0,,,,,2999,,,,0.0,,0.0,,0.0
,,,0.22265625,,1.0,,,,,,,,,,,1.0,1.0,,,,,3000,,,,0.0,,0.0,,0.0
,,,0.1283482164144516,,1.0,,,,,,,,,,,1.0,1.0,,,,,3001,,,,0.0,,0.0,,0.0
,,,0.3374999761581421,,1.0,,,,,,,,,,,1.0,1.0,,,,,3002,,,,0.0,,0.0,,0.0
,,,0.0911458358168602,,1.0,,,,,,,,,,,1.0,1.0,,,,,3003,,,,0.0,,0.0,,0.0
,,,0.10546875,,0.9921875,,,,,,,,,,,1.0,1.0,,,,,3004,,,,0.0,,0.0,,0.0
,,,0.2667958736419678,,0.988095223903656,,,,,,,,,,,1.0,1.0,,,,,3005,,,,0.0,,0.0,,0.0
,,,0.15625,,0.9765625,,,,,,,,,,,1.0,1.0,,,,,3006,,,,0.0,,0.0,,0.0
,,,0.109375,,0.96875,,,,,,,,,,,1.0,1.0,,,,,3007,,,,0.0,,0.0,,0.0
,,,0.22486305236816406,,0.9690265655517578,,,,,,,,,,,1.0,1.0,,,,,3008,,,,0.0,,0.0,,0.0
,,,0.1216517835855484,,0.953125,,,,,,,,,,,1.0,1.0,,,,,3009,,,,0.0,,0.0,,0.0
,,,0.107421875,,0.921875,,,,,,,,,,,1.0,1.0,,,,,3010,,,,0.0,,0.0,,0.0
,,,0.11941638588905334,,0.9353535175323486,,,,,,,,,,,1.0,1.0,,,,,3011,,,,0.0,,0.0,,0.0
,,,0.0538194440305233,,0.984375,,,,,,,,,,,1.0,1.0,,,,,3012,,,,0.0,,0.0,,0.0
,,,0.0555555559694767,,0.96875,,,,,,,,,,,1.0,1.0,,,,,3013,,,,0.0,,0.0,,0.0
,,,0.21772487461566925,,1.0,,,,,,,,,,,1.0,1.0,,,,,3014,,,,0.0,,0.0,,0.0
,,,0.1328125,,0.9765625,,,,,,,,,,,1.0,1.0,,,,,3015,,,,0.0,,0.0,,0.0
,,,0.15937499701976776,,1.0,,,,,,,,,,,1.0,1.0,,,,,3016,,,,0.0,,0.0,,0.0
,,,0.2460126280784607,,0.9647924900054932,,,,,,,,,,,1.0,1.0,,,,,3017,,,,0.0,,0.0,,0.0
,,,0.0876736119389534,,0.96875,,,,,,,,,,,1.0,1.0,,,,,3018,,,,0.0,,0.0,,0.0
,,,0.1341145783662796,,0.953125,,,,,,,,,,,1.0,1.0,,,,,3019,,,,0.0,,0.0,,0.0
,,,0.20107588171958923,,0.9509804248809814,,,,,,,,,,,1.0,1.0,,,,,3020,,,,0.0,,0.0,,0.0
,,,0.140625,,1.0,,,,,,,,,,,1.0,1.0,,,,,3021,,,,0.0,,0.0,,0.0
,,,0.1432291716337204,,1.0,,,,,,,,,,,1.0,1.0,,,,,3022,,,,0.0,,0.0,,0.0
,,,0.2663344442844391,,0.976190447807312,,,,,,,,,,,1.0,1.0,,,,,3023,,,,0.0,,0.0,,0.0
,,,0.080078125,,0.8984375,,,,,,,,,,,1.0,1.0,,,,,3024,,,,0.0,,0.0,,0.0
,,,0.083984375,,0.9375,,,,,,,,,,,1.0,1.0,,,,,3025,,,,0.0,,0.0,,0.0
,,,0.18361324071884155,,0.9278350472450256,,,,,,,,,,,1.0,1.0,,,,,3026,,,,0.0,,0.0,,0.0
,,,0.0798611119389534,,0.9609375,,,,,,,,,,,1.0,1.0,,,,,3027,,,,0.0,,0.0,,0.0
,,,0.07187499850988388,,0.9375,,,,,,,,,,,1.0,1.0,,,,,3028,,,,0.0,,0.0,,0.0
,,,0.2098214328289032,,0.9821428656578064,,,,,,,,,,,1.0,1.0,,,,,3029,,,,0.0,,0.0,,0.0
,,,0.17031249403953552,,0.9921875,,,,,,,,,,,1.0,1.0,,,,,3030,,,,0.0,,0.0,,0.0
,,,0.1471354216337204,,1.0,,,,,,,,,,,1.0,1.0,,,,,3031,,,,0.0,,0.0,,0.0
,,,0.2321012318134308,,1.0,,,,,,,,,,,1.0,1.0,,,,,3032,,,,0.0,,0.0,,0.0
,,,0.16875000298023224,,1.0,,,,,,,,,,,1.0,1.0,,,,,3033,,,,0.0,,0.0,,0.0
,,,0.07890625298023224,,1.0,,,,,,,,,,,1.0,1.0,,,,,3034,,,,0.0,,0.0,,0.0
,,,0.17165353894233704,,0.9842519760131836,,,,,,,,,,,1.0,1.0,,,,,3035,,,,0.0,,0.0,,0.0
32,0.7854003310203552,0.76902174949646,,0.9698745012283325,,,,,,,,,,,,,,168.39096069335938,24037.140625,5.126288414001465,431.225341796875,7292,,,0.0,,0.0,,0.0,
32,,,,,,0.3901218771934509,,0.5731793642044067,,9.15292739868164,,,,,,,,,,,,7292,0.9753587245941162,,,,,,,
,,,,,,,,,,,,,,0.03,0.0004,,,,,,,7299,,,,,,,,
33,,,,,,,0.3722752630710602,,0.5514744520187378,,8.9609375,0.00039999998989515007,0.029999999329447746,,,1.0,1.0,,,,,7299,,0.9482236504554749,,,,,,
,,,,,,,,,,,,,,0.03,0.0004,,,,,,,7349,,,,,,,,
33,,,,,,,0.3818385601043701,,0.5727565288543701,,9.546875,0.00039999998989515007,0.029999999329447746,,,1.0,1.0,,,,,7349,,0.8951205015182495,,,,,,
,,,,,,,,,,,,,,0.03,0.0004,,,,,,,7399,,,,,,,,
33,,,,,,,0.38945043087005615,,0.5715793371200562,,9.109375,0.00039999998989515007,0.029999999329447746,,,1.0,1.0,,,,,7399,,0.9880504608154297,,,,,,
,,,,,,,,,,,,,,0.03,0.0004,,,,,,,7449,,,,,,,,
33,,,,,,,0.39238524436950684,,0.5761010646820068,,9.1875,0.00039999998989515007,0.029999999329447746,,,1.0,1.0,,,,,7449,,0.6865506172180176,,,,,,
,,,,,,,,,,,,,,0.03,0.0004,,,,,,,7499,,,,,,,,
33,,,,,,,0.3848053812980652,,0.5660797953605652,,9.0625,0.00039999998989515007,0.029999999329447746,,,1.0,1.0,,,,,7499,,0.8464576005935669,,,,,,
,,,0.1080729141831398,,0.96875,,,,,,,,,,,1.0,1.0,,,,,3036,,,,0.0,,0.0,,0.0
,,,0.11328125,,0.984375,,,,,,,,,,,1.0,1.0,,,,,3037,,,,0.0,,0.0,,0.0
,,,0.18208858370780945,,0.9715805053710938,,,,,,,,,,,1.0,1.0,,,,,3038,,,,0.0,,0.0,,0.0
,,,0.1549479216337204,,1.0,,,,,,,,,,,1.0,1.0,,,,,3039,,,,0.0,,0.0,,0.0
,,,0.1497395783662796,,1.0,,,,,,,,,,,1.0,1.0,,,,,3040,,,,0.0,,0.0,,0.0
,,,0.14209401607513428,,0.9647436141967773,,,,,,,,,,,1.0,1.0,,,,,3041,,,,0.0,,0.0,,0.0
,,,0.04531250149011612,,0.9921875,,,,,,,,,,,1.0,1.0,,,,,3042,,,,0.0,,0.0,,0.0
,,,0.0625,,0.9921875,,,,,,,,,,,1.0,1.0,,,,,3043,,,,0.0,,0.0,,0.0
,,,0.10608918964862823,,0.9952830076217651,,,,,,,,,,,1.0,1.0,,,,,3044,,,,0.0,,0.0,,0.0
,,,0.12109375,,0.984375,,,,,,,,,,,1.0,1.0,,,,,3045,,,,0.0,,0.0,,0.0
,,,0.0755208358168602,,0.9765625,,,,,,,,,,,1.0,1.0,,,,,3046,,,,0.0,,0.0,,0.0
,,,0.0746527761220932,,0.9765625,,,,,,,,,,,1.0,1.0,,,,,3047,,,,0.0,,0.0,,0.0
,,,0.22209525108337402,,0.8173333406448364,,,,,,,,,,,1.0,1.0,,,,,3048,,,,0.0,,0.0,,0.0
,,,0.1044921875,,0.9921875,,,,,,,,,,,1.0,1.0,,,,,3049,,,,0.0,,0.0,,0.0
,,,0.1194196417927742,,0.96875,,,,,,,,,,,1.0,1.0,,,,,3050,,,,0.0,,0.0,,0.0
,,,0.2626383900642395,,0.9957983493804932,,,,,,,,,,,1.0,1.0,,,,,3051,,,,0.0,,0.0,,0.0
,,,0.115234375,,0.9921875,,,,,,,,,,,1.0,1.0,,,,,3052,,,,0.0,,0.0,,0.0
,,,0.15234375,,0.9921875,,,,,,,,,,,1.0,1.0,,,,,3053,,,,0.0,,0.0,,0.0
,,,0.1778499186038971,,0.9529221057891846,,,,,,,,,,,1.0,1.0,,,,,3054,,,,0.0,,0.0,,0.0
,,,0.07109375298023224,,0.953125,,,,,,,,,,,1.0,1.0,,,,,3055,,,,0.0,,0.0,,0.0
,,,0.091796875,,0.9609375,,,,,,,,,,,1.0,1.0,,,,,3056,,,,0.0,,0.0,,0.0
,,,0.14764632284641266,,0.9454545378684998,,,,,,,,,,,1.0,1.0,,,,,3057,,,,0.0,,0.0,,0.0
,,,0.0842013880610466,,1.0,,,,,,,,,,,1.0,1.0,,,,,3058,,,,0.0,,0.0,,0.0
,,,0.1227678582072258,,0.9765625,,,,,,,,,,,1.0,1.0,,,,,3059,,,,0.0,,0.0,,0.0
,,,0.1334482729434967,,0.982758641242981,,,,,,,,,,,1.0,1.0,,,,,3060,,,,0.0,,0.0,,0.0
,,,0.0892857164144516,,0.9921875,,,,,,,,,,,1.0,1.0,,,,,3061,,,,0.0,,0.0,,0.0
,,,0.11874999850988388,,0.96875,,,,,,,,,,,1.0,1.0,,,,,3062,,,,0.0,,0.0,,0.0
,,,0.1689308136701584,,0.9905660152435303,,,,,,,,,,,1.0,1.0,,,,,3063,,,,0.0,,0.0,,0.0
,,,0.1149553582072258,,1.0,,,,,,,,,,,1.0,1.0,,,,,3064,,,,0.0,,0.0,,0.0
,,,0.0763888880610466,,0.984375,,,,,,,,,,,1.0,1.0,,,,,3065,,,,0.0,,0.0,,0.0
,,,0.21387532353401184,,0.9823529720306396,,,,,,,,,,,1.0,1.0,,,,,3066,,,,0.0,,0.0,,0.0
,,,0.12968750298023224,,0.9765625,,,,,,,,,,,1.0,1.0,,,,,3067,,,,0.0,,0.0,,0.0
,,,0.0948660746216774,,0.9765625,,,,,,,,,,,1.0,1.0,,,,,3068,,,,0.0,,0.0,,0.0
,,,0.27208539843559265,,0.9756157398223877,,,,,,,,,,,1.0,1.0,,,,,3069,,,,0.0,,0.0,,0.0
,,,0.111328125,,1.0,,,,,,,,,,,1.0,1.0,,,,,3070,,,,0.0,,0.0,,0.0
,,,0.1484375,,1.0,,,,,,,,,,,1.0,1.0,,,,,3071,,,,0.0,,0.0,,0.0
,,,0.15142865478992462,,0.960484504699707,,,,,,,,,,,1.0,1.0,,,,,3072,,,,0.0,,0.0,,0.0
,,,0.04921875149011612,,0.9921875,,,,,,,,,,,1.0,1.0,,,,,3073,,,,0.0,,0.0,,0.0
,,,0.0590277761220932,,0.9921875,,,,,,,,,,,1.0,1.0,,,,,3074,,,,0.0,,0.0,,0.0
,,,0.11059829592704773,,1.0,,,,,,,,,,,1.0,1.0,,,,,3075,,,,0.0,,0.0,,0.0
,,,0.0947265625,,0.984375,,,,,,,,,,,1.0,1.0,,,,,3076,,,,0.0,,0.0,,0.0
,,,0.0970982164144516,,0.9765625,,,,,,,,,,,1.0,1.0,,,,,3077,,,,0.0,,0.0,,0.0
,,,0.18207070231437683,,0.9704545736312866,,,,,,,,,,,1.0,1.0,,,,,3078,,,,0.0,,0.0,,0.0
,,,0.1227678582072258,,0.984375,,,,,,,,,,,1.0,1.0,,,,,3079,,,,0.0,,0.0,,0.0
,,,0.107421875,,1.0,,,,,,,,,,,1.0,1.0,,,,,3080,,,,0.0,,0.0,,0.0
,,,0.25451457500457764,,0.9640175104141235,,,,,,,,,,,1.0,1.0,,,,,3081,,,,0.0,,0.0,,0.0
,,,0.2421875,,1.0,,,,,,,,,,,1.0,1.0,,,,,3082,,,,0.0,,0.0,,0.0
,,,0.115234375,,0.9921875,,,,,,,,,,,1.0,1.0,,,,,3083,,,,0.0,,0.0,,0.0
,,,0.1316964328289032,,0.9921875,,,,,,,,,,,1.0,1.0,,,,,3084,,,,0.0,,0.0,,0.0
,,,0.16692912578582764,,0.9645669460296631,,,,,,,,,,,1.0,1.0,,,,,3085,,,,0.0,,0.0,,0.0
,,,0.0824652761220932,,0.96875,,,,,,,,,,,1.0,1.0,,,,,3086,,,,0.0,,0.0,,0.0
,,,0.1197916641831398,,0.9296875,,,,,,,,,,,1.0,1.0,,,,,3087,,,,0.0,,0.0,,0.0
,,,0.11350575089454651,,0.875,,,,,,,,,,,1.0,1.0,,,,,3088,,,,0.0,,0.0,,0.0
,,,0.0966796875,,0.96875,,,,,,,,,,,1.0,1.0,,,,,3089,,,,0.0,,0.0,,0.0
,,,0.1083984375,,1.0,,,,,,,,,,,1.0,1.0,,,,,3090,,,,0.0,,0.0,,0.0
,,,0.13223323225975037,,0.9666299819946289,,,,,,,,,,,1.0,1.0,,,,,3091,,,,0.0,,0.0,,0.0
,,,0.0926339253783226,,0.9921875,,,,,,,,,,,1.0,1.0,,,,,3092,,,,0.0,,0.0,,0.0
,,,0.0751953125,,0.9609375,,,,,,,,,,,1.0,1.0,,,,,3093,,,,0.0,,0.0,,0.0
,,,0.193452388048172,,0.9947916269302368,,,,,,,,,,,1.0,1.0,,,,,3094,,,,0.0,,0.0,,0.0
,,,0.095703125,,0.9921875,,,,,,,,,,,1.0,1.0,,,,,3095,,,,0.0,,0.0,,0.0
,,,0.0824652761220932,,0.9921875,,,,,,,,,,,1.0,1.0,,,,,3096,,,,0.0,,0.0,,0.0
,,,0.24141749739646912,,0.9822812676429749,,,,,,,,,,,1.0,1.0,,,,,3097,,,,0.0,,0.0,,0.0
,,,0.1106770858168602,,0.9765625,,,,,,,,,,,1.0,1.0,,,,,3098,,,,0.0,,0.0,,0.0
,,,0.083984375,,0.9765625,,,,,,,,,,,1.0,1.0,,,,,3099,,,,0.0,,0.0,,0.0
,,,0.26450344920158386,,0.9955751895904541,,,,,,,,,,,1.0,1.0,,,,,3100,,,,0.0,,0.0,,0.0
,,,0.1261160671710968,,1.0,,,,,,,,,,,1.0,1.0,,,,,3101,,,,0.0,,0.0,,0.0
,,,0.1294642835855484,,0.984375,,,,,,,,,,,1.0,1.0,,,,,3102,,,,0.0,,0.0,,0.0
,,,0.12505051493644714,,0.963131308555603,,,,,,,,,,,1.0,1.0,,,,,3103,,,,0.0,,0.0,,0.0
,,,0.05000000074505806,,0.984375,,,,,,,,,,,1.0,1.0,,,,,3104,,,,0.0,,0.0,,0.0
,,,0.0512152761220932,,0.9921875,,,,,,,,,,,1.0,1.0,,,,,3105,,,,0.0,,0.0,,0.0
,,,0.15349793434143066,,0.9907407760620117,,,,,,,,,,,1.0,1.0,,,,,3106,,,,0.0,,0.0,,0.0
,,,0.1004464253783226,,0.984375,,,,,,,,,,,1.0,1.0,,,,,3107,,,,0.0,,0.0,,0.0
,,,0.0849609375,,0.9765625,,,,,,,,,,,1.0,1.0,,,,,3108,,,,0.0,,0.0,,0.0
,,,0.1868213713169098,,0.9657295942306519,,,,,,,,,,,1.0,1.0,,,,,3109,,,,0.0,,0.0,,0.0
,,,0.10546875,,0.9921875,,,,,,,,,,,1.0,1.0,,,,,3110,,,,0.0,,0.0,,0.0
,,,0.1238839253783226,,0.9921875,,,,,,,,,,,1.0,1.0,,,,,3111,,,,0.0,,0.0,,0.0
,,,0.2206200659275055,,0.9640947580337524,,,,,,,,,,,1.0,1.0,,,,,3112,,,,0.0,,0.0,,0.0
,,,0.236328125,,0.984375,,,,,,,,,,,1.0,1.0,,,,,3113,,,,0.0,,0.0,,0.0
,,,0.1142578125,,1.0,,,,,,,,,,,1.0,1.0,,,,,3114,,,,0.0,,0.0,,0.0
,,,0.182724267244339,,0.9703764915466309,,,,,,,,,,,1.0,1.0,,,,,3115,,,,0.0,,0.0,,0.0
,,,0.06640625,,0.9296875,,,,,,,,,,,1.0,1.0,,,,,3116,,,,0.0,,0.0,,0.0
,,,0.0859375,,0.953125,,,,,,,,,,,1.0,1.0,,,,,3117,,,,0.0,,0.0,,0.0
,,,0.2032756805419922,,0.9587628841400146,,,,,,,,,,,1.0,1.0,,,,,3118,,,,0.0,,0.0,,0.0
,,,0.0850694477558136,,0.9921875,,,,,,,,,,,1.0,1.0,,,,,3119,,,,0.0,,0.0,,0.0
,,,0.1025390625,,0.96875,,,,,,,,,,,1.0,1.0,,,,,3120,,,,0.0,,0.0,,0.0
,,,0.2104591727256775,,0.9955357313156128,,,,,,,,,,,1.0,1.0,,,,,3121,,,,0.0,,0.0,,0.0
,,,0.0792410746216774,,0.9765625,,,,,,,,,,,1.0,1.0,,,,,3122,,,,0.0,,0.0,,0.0
,,,0.078125,,0.9765625,,,,,,,,,,,1.0,1.0,,,,,3123,,,,0.0,,0.0,,0.0
,,,0.16583417356014252,,0.941724956035614,,,,,,,,,,,1.0,1.0,,,,,3124,,,,0.0,,0.0,,0.0
,,,0.0947265625,,1.0,,,,,,,,,,,1.0,1.0,,,,,3125,,,,0.0,,0.0,,0.0
,,,0.0927734375,,0.9921875,,,,,,,,,,,1.0,1.0,,,,,3126,,,,0.0,,0.0,,0.0
,,,0.09547244012355804,,0.9842519760131836,,,,,,,,,,,1.0,1.0,,,,,3127,,,,0.0,,0.0,,0.0
33,0.7846016883850098,0.7417622804641724,,0.9800797700881958,,,,,,,,,,,,,,169.8758544921875,24712.666015625,5.135067939758301,429.4853210449219,7513,,,0.0,,0.0,,0.0,
33,,,,,,0.38466203212738037,,0.5676804184913635,,9.151159286499023,,,,,,,,,,,,7513,0.9338459968566895,,,,,,,
,,,,,,,,,,,,,,0.03,0.0004,,,,,,,7549,,,,,,,,
34,,,,,,,0.39425864815711975,,0.5757771730422974,,9.078125,0.00039999998989515007,0.029999999329447746,,,1.0,1.0,,,,,7549,,0.9210662245750427,,,,,,
,,,,,,,,,,,,,,0.03,0.0004,,,,,,,7599,,,,,,,,
34,,,,,,,0.3830837905406952,,0.5727810859680176,,9.484375,0.00039999998989515007,0.029999999329447746,,,1.0,1.0,,,,,7599,,0.9303204417228699,,,,,,
,,,,,,,,,,,,,,0.03,0.0004,,,,,,,7649,,,,,,,,
34,,,,,,,0.3778966963291168,,0.5486730337142944,,8.5390625,0.00039999998989515007,0.029999999329447746,,,1.0,1.0,,,,,7649,,0.915908694267273,,,,,,
,,,,,,,,,,,,,,0.03,0.0004,,,,,,,7699,,,,,,,,
34,,,,,,,0.40510672330856323,,0.5799114108085632,,8.7421875,0.00039999998989515007,0.029999999329447746,,,1.0,1.0,,,,,7699,,0.8673332929611206,,,,,,
,,,0.109375,,0.984375,,,,,,,,,,,1.0,1.0,,,,,3128,,,,0.0,,0.0,,0.0
,,,0.1497395783662796,,1.0,,,,,,,,,,,1.0,1.0,,,,,3129,,,,0.0,,0.0,,0.0
,,,0.1962321251630783,,0.9530619382858276,,,,,,,,,,,1.0,1.0,,,,,3130,,,,0.0,,0.0,,0.0
,,,0.1216517835855484,,0.96875,,,,,,,,,,,1.0,1.0,,,,,3131,,,,0.0,,0.0,,0.0
,,,0.1171875,,0.9453125,,,,,,,,,,,1.0,1.0,,,,,3132,,,,0.0,,0.0,,0.0
,,,0.17908653616905212,,0.9711538553237915,,,,,,,,,,,1.0,1.0,,,,,3133,,,,0.0,,0.0,,0.0
,,,0.0772569477558136,,1.0,,,,,,,,,,,1.0,1.0,,,,,3134,,,,0.0,,0.0,,0.0
,,,0.06875000149011612,,1.0,,,,,,,,,,,1.0,1.0,,,,,3135,,,,0.0,,0.0,,0.0
,,,0.16619020700454712,,0.9905660152435303,,,,,,,,,,,1.0,1.0,,,,,3136,,,,0.0,,0.0,,0.0
,,,0.1205357164144516,,1.0,,,,,,,,,,,1.0,1.0,,,,,3137,,,,0.0,,0.0,,0.0
,,,0.1183035746216774,,0.9609375,,,,,,,,,,,1.0,1.0,,,,,3138,,,,0.0,,0.0,,0.0
,,,0.1205357164144516,,0.9609375,,,,,,,,,,,1.0,1.0,,,,,3139,,,,0.0,,0.0,,0.0
,,,0.22895237803459167,,0.8293333053588867,,,,,,,,,,,1.0,1.0,,,,,3140,,,,0.0,,0.0,,0.0
,,,0.18906250596046448,,1.0,,,,,,,,,,,1.0,1.0,,,,,3141,,,,0.0,,0.0,,0.0
,,,0.15234375,,0.984375,,,,,,,,,,,1.0,1.0,,,,,3142,,,,0.0,,0.0,,0.0
,,,0.17518675327301025,,0.9663865566253662,,,,,,,,,,,1.0,1.0,,,,,3143,,,,0.0,,0.0,,0.0
,,,0.064453125,,0.9140625,,,,,,,,,,,1.0,1.0,,,,,3144,,,,0.0,,0.0,,0.0
,,,0.0673828125,,0.9296875,,,,,,,,,,,1.0,1.0,,,,,3145,,,,0.0,,0.0,,0.0
,,,0.18398267030715942,,0.9318181872367859,,,,,,,,,,,1.0,1.0,,,,,3146,,,,0.0,,0.0,,0.0
,,,0.111328125,,0.9921875,,,,,,,,,,,1.0,1.0,,,,,3147,,,,0.0,,0.0,,0.0
,,,0.1484375,,0.9921875,,,,,,,,,,,1.0,1.0,,,,,3148,,,,0.0,,0.0,,0.0
,,,0.19529888033866882,,0.9840598106384277,,,,,,,,,,,1.0,1.0,,,,,3149,,,,0.0,,0.0,,0.0
,,,0.078125,,0.984375,,,,,,,,,,,1.0,1.0,,,,,3150,,,,0.0,,0.0,,0.0
,,,0.099609375,,0.9765625,,,,,,,,,,,1.0,1.0,,,,,3151,,,,0.0,,0.0,,0.0
,,,0.1779967099428177,,0.9928570985794067,,,,,,,,,,,1.0,1.0,,,,,3152,,,,0.0,,0.0,,0.0
,,,0.18281249701976776,,1.0,,,,,,,,,,,1.0,1.0,,,,,3153,,,,0.0,,0.0,,0.0
,,,0.18281249701976776,,0.9921875,,,,,,,,,,,1.0,1.0,,,,,3154,,,,0.0,,0.0,,0.0
,,,0.2069811373949051,,0.9811320900917053,,,,,,,,,,,1.0,1.0,,,,,3155,,,,0.0,,0.0,,0.0
,,,0.1104910746216774,,0.9765625,,,,,,,,,,,1.0,1.0,,,,,3156,,,,0.0,,0.0,,0.0
,,,0.06796874850988388,,0.9453125,,,,,,,,,,,1.0,1.0,,,,,3157,,,,0.0,,0.0,,0.0
,,,0.1870497167110443,,0.9764705896377563,,,,,,,,,,,1.0,1.0,,,,,3158,,,,0.0,,0.0,,0.0
,,,0.1238839253783226,,0.984375,,,,,,,,,,,1.0,1.0,,,,,3159,,,,0.0,,0.0,,0.0
,,,0.1216517835855484,,0.9921875,,,,,,,,,,,1.0,1.0,,,,,3160,,,,0.0,,0.0,,0.0
,,,0.2056034505367279,,0.9613300561904907,,,,,,,,,,,1.0,1.0,,,,,3161,,,,0.0,,0.0,,0.0
,,,0.1015625,,0.953125,,,,,,,,,,,1.0,1.0,,,,,3162,,,,0.0,,0.0,,0.0
,,,0.20703125,,0.9453125,,,,,,,,,,,1.0,1.0,,,,,3163,,,,0.0,,0.0,,0.0
,,,0.13675066828727722,,0.9672131538391113,,,,,,,,,,,1.0,1.0,,,,,3164,,,,0.0,,0.0,,0.0
,,,0.0815972238779068,,1.0,,,,,,,,,,,1.0,1.0,,,,,3165,,,,0.0,,0.0,,0.0
,,,0.06718750298023224,,0.9921875,,,,,,,,,,,1.0,1.0,,,,,3166,,,,0.0,,0.0,,0.0
,,,0.18916362524032593,,0.9920635223388672,,,,,,,,,,,1.0,1.0,,,,,3167,,,,0.0,,0.0,,0.0
,,,0.1216517835855484,,0.9765625,,,,,,,,,,,1.0,1.0,,,,,3168,,,,0.0,,0.0,,0.0
,,,0.1025390625,,0.9609375,,,,,,,,,,,1.0,1.0,,,,,3169,,,,0.0,,0.0,,0.0
,,,0.2506493330001831,,0.9704545736312866,,,,,,,,,,,1.0,1.0,,,,,3170,,,,0.0,,0.0,,0.0
,,,0.1875,,1.0,,,,,,,,,,,1.0,1.0,,,,,3171,,,,0.0,,0.0,,0.0
,,,0.1875,,1.0,,,,,,,,,,,1.0,1.0,,,,,3172,,,,0.0,,0.0,,0.0
,,,0.1768617033958435,,0.9305381774902344,,,,,,,,,,,1.0,1.0,,,,,3173,,,,0.0,,0.0,,0.0
,,,0.0693359375,,0.9296875,,,,,,,,,,,1.0,1.0,,,,,3174,,,,0.0,,0.0,,0.0
,,,0.0714285746216774,,0.921875,,,,,,,,,,,1.0,1.0,,,,,3175,,,,0.0,,0.0,,0.0
,,,0.0625,,0.90625,,,,,,,,,,,1.0,1.0,,,,,3176,,,,0.0,,0.0,,0.0
,,,0.09623797237873077,,0.9960629940032959,,,,,,,,,,,1.0,1.0,,,,,3177,,,,0.0,,0.0,,0.0
,,,0.17656250298023224,,0.9921875,,,,,,,,,,,1.0,1.0,,,,,3178,,,,0.0,,0.0,,0.0
,,,0.1471354216337204,,0.9921875,,,,,,,,,,,1.0,1.0,,,,,3179,,,,0.0,,0.0,,0.0
,,,0.15453383326530457,,0.9913793206214905,,,,,,,,,,,1.0,1.0,,,,,3180,,,,0.0,,0.0,,0.0
,,,0.0807291641831398,,0.9765625,,,,,,,,,,,1.0,1.0,,,,,3181,,,,0.0,,0.0,,0.0
,,,0.1005859375,,0.9921875,,,,,,,,,,,1.0,1.0,,,,,3182,,,,0.0,,0.0,,0.0
,,,0.19687384366989136,,0.9629629850387573,,,,,,,,,,,1.0,1.0,,,,,3183,,,,0.0,,0.0,,0.0
,,,0.234375,,1.0,,,,,,,,,,,1.0,1.0,,,,,3184,,,,0.0,,0.0,,0.0
,,,0.1497395783662796,,0.9921875,,,,,,,,,,,1.0,1.0,,,,,3185,,,,0.0,,0.0,,0.0
,,,0.1840277910232544,,0.984375,,,,,,,,,,,1.0,1.0,,,,,3186,,,,0.0,,0.0,,0.0
,,,0.0927734375,,0.96875,,,,,,,,,,,1.0,1.0,,,,,3187,,,,0.0,,0.0,,0.0
,,,0.0833333358168602,,0.9609375,,,,,,,,,,,1.0,1.0,,,,,3188,,,,0.0,,0.0,,0.0
,,,0.2384907305240631,,0.976190447807312,,,,,,,,,,,1.0,1.0,,,,,3189,,,,0.0,,0.0,,0.0
,,,0.1227678582072258,,0.984375,,,,,,,,,,,1.0,1.0,,,,,3190,,,,0.0,,0.0,,0.0
,,,0.1380208283662796,,0.9765625,,,,,,,,,,,1.0,1.0,,,,,3191,,,,0.0,,0.0,,0.0
,,,0.3023598790168762,,0.9778760671615601,,,,,,,,,,,1.0,1.0,,,,,3192,,,,0.0,,0.0,,0.0
,,,0.1005859375,,0.9453125,,,,,,,,,,,1.0,1.0,,,,,3193,,,,0.0,,0.0,,0.0
,,,0.16249999403953552,,0.9453125,,,,,,,,,,,1.0,1.0,,,,,3194,,,,0.0,,0.0,,0.0
,,,0.1498316526412964,,0.9444444179534912,,,,,,,,,,,1.0,1.0,,,,,3195,,,,0.0,,0.0,,0.0
,,,0.06796874850988388,,1.0,,,,,,,,,,,1.0,1.0,,,,,3196,,,,0.0,,0.0,,0.0
,,,0.0737847238779068,,0.984375,,,,,,,,,,,1.0,1.0,,,,,3197,,,,0.0,,0.0,,0.0
,,,0.22486773133277893,,1.0,,,,,,,,,,,1.0,1.0,,,,,3198,,,,0.0,,0.0,,0.0
,,,0.103515625,,0.96875,,,,,,,,,,,1.0,1.0,,,,,3199,,,,0.0,,0.0,,0.0
,,,0.1194196417927742,,0.96875,,,,,,,,,,,1.0,1.0,,,,,3200,,,,0.0,,0.0,,0.0
,,,0.29567158222198486,,0.9606425762176514,,,,,,,,,,,1.0,1.0,,,,,3201,,,,0.0,,0.0,,0.0
,,,0.15625,,1.0,,,,,,,,,,,1.0,1.0,,,,,3202,,,,0.0,,0.0,,0.0
,,,0.18906250596046448,,1.0,,,,,,,,,,,1.0,1.0,,,,,3203,,,,0.0,,0.0,,0.0
,,,0.2011713832616806,,0.9544181227684021,,,,,,,,,,,1.0,1.0,,,,,3204,,,,0.0,,0.0,,0.0
,,,0.0673828125,,0.9140625,,,,,,,,,,,1.0,1.0,,,,,3205,,,,0.0,,0.0,,0.0
,,,0.0924479141831398,,0.921875,,,,,,,,,,,1.0,1.0,,,,,3206,,,,0.0,,0.0,,0.0
,,,0.16125261783599854,,0.9476743936538696,,,,,,,,,,,1.0,1.0,,,,,3207,,,,0.0,,0.0,,0.0
,,,0.09375,,0.9921875,,,,,,,,,,,1.0,1.0,,,,,3208,,,,0.0,,0.0,,0.0
,,,0.1261160671710968,,0.9921875,,,,,,,,,,,1.0,1.0,,,,,3209,,,,0.0,,0.0,,0.0
,,,0.24666255712509155,,0.9948453903198242,,,,,,,,,,,1.0,1.0,,,,,3210,,,,0.0,,0.0,,0.0
,,,0.0772569477558136,,0.984375,,,,,,,,,,,1.0,1.0,,,,,3211,,,,0.0,,0.0,,0.0
,,,0.091796875,,0.96875,,,,,,,,,,,1.0,1.0,,,,,3212,,,,0.0,,0.0,,0.0
,,,0.1944444477558136,,0.9910714626312256,,,,,,,,,,,1.0,1.0,,,,,3213,,,,0.0,,0.0,,0.0
,,,0.1471354216337204,,1.0,,,,,,,,,,,1.0,1.0,,,,,3214,,,,0.0,,0.0,,0.0
,,,0.2265625,,0.9921875,,,,,,,,,,,1.0,1.0,,,,,3215,,,,0.0,,0.0,,0.0
,,,0.2584822475910187,,0.9090908765792847,,,,,,,,,,,1.0,1.0,,,,,3216,,,,0.0,,0.0,,0.0
,,,0.0833333358168602,,0.984375,,,,,,,,,,,1.0,1.0,,,,,3217,,,,0.0,,0.0,,0.0
,,,0.0824652761220932,,0.9609375,,,,,,,,,,,1.0,1.0,,,,,3218,,,,0.0,,0.0,,0.0
,,,0.0974409431219101,,0.960629940032959,,,,,,,,,,,1.0,1.0,,,,,3219,,,,0.0,,0.0,,0.0
34,0.7883078455924988,0.7927190065383911,,0.9746934175491333,,,,,,,,,,,,,,172.39329528808594,26746.28515625,5.149778366088867,430.0627136230469,7734,,,0.0,,0.0,,0.0,
34,,,,,,0.3822527825832367,,0.5644502639770508,,9.109905242919922,,,,,,,,,,,,7734,0.8799951076507568,,,,,,,
,,,,,,,,,,,,,,0.03,0.0004,,,,,,,7749,,,,,,,,
35,,,,,,,0.37986472249031067,,0.5669984817504883,,9.359375,0.00039999998989515007,0.029999999329447746,,,1.0,1.0,,,,,7749,,1.2095038890838623,,,,,,
,,,,,,,,,,,,,,0.03,0.0004,,,,,,,7799,,,,,,,,
35,,,,,,,0.3695533871650696,,0.5530250668525696,,9.171875,0.00039999998989515007,0.029999999329447746,,,1.0,1.0,,,,,7799,,0.6499407291412354,,,,,,
,,,,,,,,,,,,,,0.03,0.0004,,,,,,,7849,,,,,,,,
35,,,,,,,0.373520165681839,,0.5468599796295166,,8.6640625,0.00039999998989515007,0.029999999329447746,,,1.0,1.0,,,,,7849,,0.8692231178283691,,,,,,
,,,,,,,,,,,,,,0.03,0.0004,,,,,,,7899,,,,,,,,
35,,,,,,,0.3425775170326233,,0.5284906029701233,,9.296875,0.00039999998989515007,0.029999999329447746,,,1.0,1.0,,,,,7899,,0.6829243898391724,,,,,,
,,,,,,,,,,,,,,0.03,0.0004,,,,,,,7949,,,,,,,,
35,,,,,,,0.37288016080856323,,0.5609905123710632,,9.40625,0.00039999998989515007,0.029999999329447746,,,1.0,1.0,,,,,7949,,1.282505750656128,,,,,,
,,,0.0915178582072258,,0.9296875,,,,,,,,,,,1.0,1.0,,,,,3220,,,,0.0,,0.0,,0.0
,,,0.1004464253783226,,0.9765625,,,,,,,,,,,1.0,1.0,,,,,3221,,,,0.0,,0.0,,0.0
,,,0.14668133854866028,,0.9233590364456177,,,,,,,,,,,1.0,1.0,,,,,3222,,,,0.0,,0.0,,0.0
,,,0.0982142835855484,,0.9453125,,,,,,,,,,,1.0,1.0,,,,,3223,,,,0.0,,0.0,,0.0
,,,0.0904017835855484,,0.875,,,,,,,,,,,1.0,1.0,,,,,3224,,,,0.0,,0.0,,0.0
,,,0.15464743971824646,,0.9375,,,,,,,,,,,1.0,1.0,,,,,3225,,,,0.0,,0.0,,0.0
,,,0.0815972238779068,,1.0,,,,,,,,,,,1.0,1.0,,,,,3226,,,,0.0,,0.0,,0.0
,,,0.0982142835855484,,1.0,,,,,,,,,,,1.0,1.0,,,,,3227,,,,0.0,,0.0,,0.0
,,,0.20636792480945587,,1.0,,,,,,,,,,,1.0,1.0,,,,,3228,,,,0.0,,0.0,,0.0
,,,0.1123046875,,0.9921875,,,,,,,,,,,1.0,1.0,,,,,3229,,,,0.0,,0.0,,0.0
,,,0.125,,0.9921875,,,,,,,,,,,1.0,1.0,,,,,3230,,,,0.0,,0.0,,0.0
,,,0.109375,,0.984375,,,,,,,,,,,1.0,1.0,,,,,3231,,,,0.0,,0.0,,0.0
,,,0.22323811054229736,,0.9959999918937683,,,,,,,,,,,1.0,1.0,,,,,3232,,,,0.0,,0.0,,0.0
,,,0.125,,1.0,,,,,,,,,,,1.0,1.0,,,,,3233,,,,0.0,,0.0,,0.0
,,,0.18437500298023224,,0.9921875,,,,,,,,,,,1.0,1.0,,,,,3234,,,,0.0,,0.0,,0.0
,,,0.18335667252540588,,0.9957983493804932,,,,,,,,,,,1.0,1.0,,,,,3235,,,,0.0,,0.0,,0.0
,,,0.1004464253783226,,0.9609375,,,,,,,,,,,1.0,1.0,,,,,3236,,,,0.0,,0.0,,0.0
,,,0.0815972238779068,,0.96875,,,,,,,,,,,1.0,1.0,,,,,3237,,,,0.0,,0.0,,0.0
,,,0.2100919783115387,,0.9545454978942871,,,,,,,,,,,1.0,1.0,,,,,3238,,,,0.0,,0.0,,0.0
,,,0.1316964328289032,,1.0,,,,,,,,,,,1.0,1.0,,,,,3239,,,,0.0,,0.0,,0.0
,,,0.1875,,1.0,,,,,,,,,,,1.0,1.0,,,,,3240,,,,0.0,,0.0,,0.0
,,,0.1811816692352295,,0.9863013625144958,,,,,,,,,,,1.0,1.0,,,,,3241,,,,0.0,,0.0,,0.0
,,,0.0859375,,0.953125,,,,,,,,,,,1.0,1.0,,,,,3242,,,,0.0,,0.0,,0.0
,,,0.0815972238779068,,0.953125,,,,,,,,,,,1.0,1.0,,,,,3243,,,,0.0,,0.0,,0.0
,,,0.19556650519371033,,0.9684728980064392,,,,,,,,,,,1.0,1.0,,,,,3244,,,,0.0,,0.0,,0.0
,,,0.103515625,,0.984375,,,,,,,,,,,1.0,1.0,,,,,3245,,,,0.0,,0.0,,0.0
,,,0.1380208283662796,,0.984375,,,,,,,,,,,1.0,1.0,,,,,3246,,,,0.0,,0.0,,0.0
,,,0.22623538970947266,,0.9905660152435303,,,,,,,,,,,1.0,1.0,,,,,3247,,,,0.0,,0.0,,0.0
,,,0.16718749701976776,,0.9921875,,,,,,,,,,,1.0,1.0,,,,,3248,,,,0.0,,0.0,,0.0
,,,0.0703125,,0.96875,,,,,,,,,,,1.0,1.0,,,,,3249,,,,0.0,,0.0,,0.0
,,,0.17113542556762695,,0.9707250595092773,,,,,,,,,,,1.0,1.0,,,,,3250,,,,0.0,,0.0,,0.0
,,,0.0959821417927742,,0.921875,,,,,,,,,,,1.0,1.0,,,,,3251,,,,0.0,,0.0,,0.0
,,,0.0830078125,,0.9609375,,,,,,,,,,,1.0,1.0,,,,,3252,,,,0.0,,0.0,,0.0
,,,0.13656267523765564,,0.9155172109603882,,,,,,,,,,,1.0,1.0,,,,,3253,,,,0.0,,0.0,,0.0
,,,0.0948660746216774,,0.90625,,,,,,,,,,,1.0,1.0,,,,,3254,,,,0.0,,0.0,,0.0
,,,0.1106770858168602,,0.890625,,,,,,,,,,,1.0,1.0,,,,,3255,,,,0.0,,0.0,,0.0
,,,0.1599583923816681,,0.9344261884689331,,,,,,,,,,,1.0,1.0,,,,,3256,,,,0.0,,0.0,,0.0
,,,0.0859375,,1.0,,,,,,,,,,,1.0,1.0,,,,,3257,,,,0.0,,0.0,,0.0
,,,0.1037946417927742,,1.0,,,,,,,,,,,1.0,1.0,,,,,3258,,,,0.0,,0.0,,0.0
,,,0.18021978437900543,,0.9923076629638672,,,,,,,,,,,1.0,1.0,,,,,3259,,,,0.0,,0.0,,0.0
,,,0.1305803507566452,,1.0,,,,,,,,,,,1.0,1.0,,,,,3260,,,,0.0,,0.0,,0.0
,,,0.1216517835855484,,0.9921875,,,,,,,,,,,1.0,1.0,,,,,3261,,,,0.0,,0.0,,0.0
,,,0.2584415674209595,,0.9818181991577148,,,,,,,,,,,1.0,1.0,,,,,3262,,,,0.0,,0.0,,0.0
,,,0.1103515625,,1.0,,,,,,,,,,,1.0,1.0,,,,,3263,,,,0.0,,0.0,,0.0
,,,0.15234375,,1.0,,,,,,,,,,,1.0,1.0,,,,,3264,,,,0.0,,0.0,,0.0
,,,0.2683562934398651,,0.9799749851226807,,,,,,,,,,,1.0,1.0,,,,,3265,,,,0.0,,0.0,,0.0
,,,0.1026785746216774,,1.0,,,,,,,,,,,1.0,1.0,,,,,3266,,,,0.0,,0.0,,0.0
,,,0.0869140625,,0.9453125,,,,,,,,,,,1.0,1.0,,,,,3267,,,,0.0,,0.0,,0.0
,,,0.0815972238779068,,0.96875,,,,,,,,,,,1.0,1.0,,,,,3268,,,,0.0,,0.0,,0.0
,,,0.13273340463638306,,1.0,,,,,,,,,,,1.0,1.0,,,,,3269,,,,0.0,,0.0,,0.0
,,,0.18593749403953552,,0.9921875,,,,,,,,,,,1.0,1.0,,,,,3270,,,,0.0,,0.0,,0.0
,,,0.232421875,,1.0,,,,,,,,,,,1.0,1.0,,,,,3271,,,,0.0,,0.0,,0.0
,,,0.14741379022598267,,0.9870689511299133,,,,,,,,,,,1.0,1.0,,,,,3272,,,,0.0,,0.0,,0.0
,,,0.0849609375,,0.921875,,,,,,,,,,,1.0,1.0,,,,,3273,,,,0.0,,0.0,,0.0
,,,0.109375,,0.96875,,,,,,,,,,,1.0,1.0,,,,,3274,,,,0.0,,0.0,,0.0
,,,0.18944811820983887,,0.9481114745140076,,,,,,,,,,,1.0,1.0,,,,,3275,,,,0.0,,0.0,,0.0
,,,0.1044921875,,0.9921875,,,,,,,,,,,1.0,1.0,,,,,3276,,,,0.0,,0.0,,0.0
,,,0.1380208283662796,,0.984375,,,,,,,,,,,1.0,1.0,,,,,3277,,,,0.0,,0.0,,0.0
,,,0.2336309552192688,,0.9895833730697632,,,,,,,,,,,1.0,1.0,,,,,3278,,,,0.0,,0.0,,0.0
,,,0.1082589253783226,,0.9765625,,,,,,,,,,,1.0,1.0,,,,,3279,,,,0.0,,0.0,,0.0
,,,0.1049107164144516,,0.9765625,,,,,,,,,,,1.0,1.0,,,,,3280,,,,0.0,,0.0,,0.0
,,,0.1752491593360901,,0.9764673113822937,,,,,,,,,,,1.0,1.0,,,,,3281,,,,0.0,,0.0,,0.0
,,,0.0849609375,,0.9375,,,,,,,,,,,1.0,1.0,,,,,3282,,,,0.0,,0.0,,0.0
,,,0.0791015625,,0.9296875,,,,,,,,,,,1.0,1.0,,,,,3283,,,,0.0,,0.0,,0.0
,,,0.13705015182495117,,0.9601770043373108,,,,,,,,,,,1.0,1.0,,,,,3284,,,,0.0,,0.0,,0.0
,,,0.0959821417927742,,0.8828125,,,,,,,,,,,1.0,1.0,,,,,3285,,,,0.0,,0.0,,0.0
,,,0.078125,,0.8828125,,,,,,,,,,,1.0,1.0,,,,,3286,,,,0.0,,0.0,,0.0
,,,0.13383838534355164,,0.8888888955116272,,,,,,,,,,,1.0,1.0,,,,,3287,,,,0.0,,0.0,,0.0
,,,0.1060267835855484,,1.0,,,,,,,,,,,1.0,1.0,,,,,3288,,,,0.0,,0.0,,0.0
,,,0.0888671875,,1.0,,,,,,,,,,,1.0,1.0,,,,,3289,,,,0.0,,0.0,,0.0
,,,0.21226851642131805,,0.9953703880310059,,,,,,,,,,,1.0,1.0,,,,,3290,,,,0.0,,0.0,,0.0
,,,0.1123046875,,0.9921875,,,,,,,,,,,1.0,1.0,,,,,3291,,,,0.0,,0.0,,0.0
,,,0.1261160671710968,,1.0,,,,,,,,,,,1.0,1.0,,,,,3292,,,,0.0,,0.0,,0.0
,,,0.36572957038879395,,0.9828647971153259,,,,,,,,,,,1.0,1.0,,,,,3293,,,,0.0,,0.0,,0.0
,,,0.125,,1.0,,,,,,,,,,,1.0,1.0,,,,,3294,,,,0.0,,0.0,,0.0
,,,0.1536458283662796,,1.0,,,,,,,,,,,1.0,1.0,,,,,3295,,,,0.0,,0.0,,0.0
,,,0.20203080773353577,,0.983702540397644,,,,,,,,,,,1.0,1.0,,,,,3296,,,,0.0,,0.0,,0.0
,,,0.1158854141831398,,0.9765625,,,,,,,,,,,1.0,1.0,,,,,3297,,,,0.0,,0.0,,0.0
,,,0.0927734375,,0.9609375,,,,,,,,,,,1.0,1.0,,,,,3298,,,,0.0,,0.0,,0.0
,,,0.2077104151248932,,0.9767441749572754,,,,,,,,,,,1.0,1.0,,,,,3299,,,,0.0,,0.0,,0.0
,,,0.1305803507566452,,1.0,,,,,,,,,,,1.0,1.0,,,,,3300,,,,0.0,,0.0,,0.0
,,,0.232421875,,0.9921875,,,,,,,,,,,1.0,1.0,,,,,3301,,,,0.0,,0.0,,0.0
,,,0.24794526398181915,,1.0,,,,,,,,,,,1.0,1.0,,,,,3302,,,,0.0,,0.0,,0.0
,,,0.06875000149011612,,0.9609375,,,,,,,,,,,1.0,1.0,,,,,3303,,,,0.0,,0.0,,0.0
,,,0.0746527761220932,,0.921875,,,,,,,,,,,1.0,1.0,,,,,3304,,,,0.0,,0.0,,0.0
,,,0.2142857164144516,,0.9866071343421936,,,,,,,,,,,1.0,1.0,,,,,3305,,,,0.0,,0.0,,0.0
,,,0.1160714253783226,,0.96875,,,,,,,,,,,1.0,1.0,,,,,3306,,,,0.0,,0.0,,0.0
,,,0.1160714253783226,,0.984375,,,,,,,,,,,1.0,1.0,,,,,3307,,,,0.0,,0.0,,0.0
,,,0.21178820729255676,,0.9502719640731812,,,,,,,,,,,1.0,1.0,,,,,3308,,,,0.0,,0.0,,0.0
,,,0.1341145783662796,,0.9921875,,,,,,,,,,,1.0,1.0,,,,,3309,,,,0.0,,0.0,,0.0
,,,0.0842013880610466,,0.96875,,,,,,,,,,,1.0,1.0,,,,,3310,,,,0.0,,0.0,,0.0
,,,0.12467191368341446,,0.9763779640197754,,,,,,,,,,,1.0,1.0,,,,,3311,,,,0.0,,0.0,,0.0
35,0.7942085862159729,0.7757771015167236,,0.971043586730957,,,,,,,,,,,,,,173.86952209472656,25205.98828125,5.1583051681518555,424.1701354980469,7955,,,0.0,,0.0,,0.0,
35,,,,,,0.37790027260780334,,0.5594404339790344,,9.076888084411621,,,,,,,,,,,,7955,0.8905718922615051,,,,,,,
,,,,,,,,,,,,,,0.03,0.0004,,,,,,,7999,,,,,,,,
36,,,,,,,0.3712031841278076,,0.5571162700653076,,9.296875,0.00039999998989515007,0.029999999329447746,,,1.0,1.0,,,,,7999,,0.9978158473968506,,,,,,
,,,,,,,,,,,,,,0.03,0.0004,,,,,,,8049,,,,,,,,
36,,,,,,,0.37107616662979126,,0.5628486275672913,,9.5859375,0.00039999998989515007,0.029999999329447746,,,1.0,1.0,,,,,8049,,0.7217918038368225,,,,,,
,,,,,,,,,,,,,,0.03,0.0004,,,,,,,8099,,,,,,,,
36,,,,,,,0.375923216342926,,0.565132200717926,,9.4609375,0.00039999998989515007,0.029999999329447746,,,1.0,1.0,,,,,8099,,0.9881234169006348,,,,,,
,,,,,,,,,,,,,,0.03,0.0004,,,,,,,8149,,,,,,,,
36,,,,,,,0.3906702399253845,,0.5603479743003845,,8.484375,0.00039999998989515007,0.029999999329447746,,,1.0,1.0,,,,,8149,,0.9365344643592834,,,,,,
,,,0.0959821417927742,,0.9765625,,,,,,,,,,,1.0,1.0,,,,,3312,,,,0.0,,0.0,,0.0
,,,0.1071428582072258,,1.0,,,,,,,,,,,1.0,1.0,,,,,3313,,,,0.0,,0.0,,0.0
,,,0.16215622425079346,,0.9666299819946289,,,,,,,,,,,1.0,1.0,,,,,3314,,,,0.0,,0.0,,0.0
,,,0.1339285671710968,,1.0,,,,,,,,,,,1.0,1.0,,,,,3315,,,,0.0,,0.0,,0.0
,,,0.1471354216337204,,0.9921875,,,,,,,,,,,1.0,1.0,,,,,3316,,,,0.0,,0.0,,0.0
,,,0.14921651780605316,,0.9439102411270142,,,,,,,,,,,1.0,1.0,,,,,3317,,,,0.0,,0.0,,0.0
,,,0.04531250149011612,,0.984375,,,,,,,,,,,1.0,1.0,,,,,3318,,,,0.0,,0.0,,0.0
,,,0.04843749850988388,,0.953125,,,,,,,,,,,1.0,1.0,,,,,3319,,,,0.0,,0.0,,0.0
,,,0.137030690908432,,0.9905660152435303,,,,,,,,,,,1.0,1.0,,,,,3320,,,,0.0,,0.0,,0.0
,,,0.1796875,,1.0,,,,,,,,,,,1.0,1.0,,,,,3321,,,,0.0,,0.0,,0.0
,,,0.0920138880610466,,0.9921875,,,,,,,,,,,1.0,1.0,,,,,3322,,,,0.0,,0.0,,0.0
,,,0.16562500596046448,,0.9921875,,,,,,,,,,,1.0,1.0,,,,,3323,,,,0.0,,0.0,,0.0
,,,0.14586666226387024,,0.7933333516120911,,,,,,,,,,,1.0,1.0,,,,,3324,,,,0.0,,0.0,,0.0
,,,0.07421875,,0.953125,,,,,,,,,,,1.0,1.0,,,,,3325,,,,0.0,,0.0,,0.0
,,,0.07734374701976776,,0.9296875,,,,,,,,,,,1.0,1.0,,,,,3326,,,,0.0,,0.0,,0.0
,,,0.21276843547821045,,0.9444444179534912,,,,,,,,,,,1.0,1.0,,,,,3327,,,,0.0,,0.0,,0.0
,,,0.23046875,,1.0,,,,,,,,,,,1.0,1.0,,,,,3328,,,,0.0,,0.0,,0.0
,,,0.1123046875,,1.0,,,,,,,,,,,1.0,1.0,,,,,3329,,,,0.0,,0.0,,0.0
,,,0.2558750808238983,,1.0,,,,,,,,,,,1.0,1.0,,,,,3330,,,,0.0,,0.0,,0.0
,,,0.1261160671710968,,0.9921875,,,,,,,,,,,1.0,1.0,,,,,3331,,,,0.0,,0.0,,0.0
,,,0.15234375,,0.984375,,,,,,,,,,,1.0,1.0,,,,,3332,,,,0.0,,0.0,,0.0
,,,0.17083436250686646,,0.9931507110595703,,,,,,,,,,,1.0,1.0,,,,,3333,,,,0.0,,0.0,,0.0
,,,0.0850694477558136,,0.9765625,,,,,,,,,,,1.0,1.0,,,,,3334,,,,0.0,,0.0,,0.0
,,,0.08359374850988388,,0.96875,,,,,,,,,,,1.0,1.0,,,,,3335,,,,0.0,,0.0,,0.0
,,,0.1782703995704651,,0.985714316368103,,,,,,,,,,,1.0,1.0,,,,,3336,,,,0.0,,0.0,,0.0
,,,0.2838541567325592,,1.0,,,,,,,,,,,1.0,1.0,,,,,3337,,,,0.0,,0.0,,0.0
,,,0.1160714253783226,,0.9921875,,,,,,,,,,,1.0,1.0,,,,,3338,,,,0.0,,0.0,,0.0
,,,0.1922641396522522,,1.0,,,,,,,,,,,1.0,1.0,,,,,3339,,,,0.0,,0.0,,0.0
,,,0.1044921875,,1.0,,,,,,,,,,,1.0,1.0,,,,,3340,,,,0.0,,0.0,,0.0
,,,0.0807291641831398,,0.9921875,,,,,,,,,,,1.0,1.0,,,,,3341,,,,0.0,,0.0,,0.0
,,,0.2155950665473938,,0.9882352948188782,,,,,,,,,,,1.0,1.0,,,,,3342,,,,0.0,,0.0,,0.0
,,,0.1015625,,0.96875,,,,,,,,,,,1.0,1.0,,,,,3343,,,,0.0,,0.0,,0.0
,,,0.0755208358168602,,0.984375,,,,,,,,,,,1.0,1.0,,,,,3344,,,,0.0,,0.0,,0.0
,,,0.20911329984664917,,0.984236478805542,,,,,,,,,,,1.0,1.0,,,,,3345,,,,0.0,,0.0,,0.0
,,,0.1536458283662796,,0.9921875,,,,,,,,,,,1.0,1.0,,,,,3346,,,,0.0,,0.0,,0.0
,,,0.1083984375,,1.0,,,,,,,,,,,1.0,1.0,,,,,3347,,,,0.0,,0.0,,0.0
,,,0.12747736275196075,,0.9455590844154358,,,,,,,,,,,1.0,1.0,,,,,3348,,,,0.0,,0.0,,0.0
,,,0.04921875149011612,,0.984375,,,,,,,,,,,1.0,1.0,,,,,3349,,,,0.0,,0.0,,0.0
,,,0.04765624925494194,,0.9609375,,,,,,,,,,,1.0,1.0,,,,,3350,,,,0.0,,0.0,,0.0
,,,0.12275946140289307,,1.0,,,,,,,,,,,1.0,1.0,,,,,3351,,,,0.0,,0.0,,0.0
,,,0.1305803507566452,,1.0,,,,,,,,,,,1.0,1.0,,,,,3352,,,,0.0,,0.0,,0.0
,,,0.1194196417927742,,0.9921875,,,,,,,,,,,1.0,1.0,,,,,3353,,,,0.0,,0.0,,0.0
,,,0.23798701167106628,,0.9568182229995728,,,,,,,,,,,1.0,1.0,,,,,3354,,,,0.0,,0.0,,0.0
,,,0.07578124850988388,,0.9296875,,,,,,,,,,,1.0,1.0,,,,,3355,,,,0.0,,0.0,,0.0
,,,0.078125,,0.953125,,,,,,,,,,,1.0,1.0,,,,,3356,,,,0.0,,0.0,,0.0
,,,0.19440968334674835,,0.9680851101875305,,,,,,,,,,,1.0,1.0,,,,,3357,,,,0.0,,0.0,,0.0
,,,0.19062499701976776,,1.0,,,,,,,,,,,1.0,1.0,,,,,3358,,,,0.0,,0.0,,0.0
,,,0.1484375,,1.0,,,,,,,,,,,1.0,1.0,,,,,3359,,,,0.0,,0.0,,0.0
,,,0.0998263880610466,,1.0,,,,,,,,,,,1.0,1.0,,,,,3360,,,,0.0,,0.0,,0.0
,,,0.26771652698516846,,0.9960629940032959,,,,,,,,,,,1.0,1.0,,,,,3361,,,,0.0,,0.0,,0.0
,,,0.224609375,,0.984375,,,,,,,,,,,1.0,1.0,,,,,3362,,,,0.0,,0.0,,0.0
,,,0.1484375,,0.9921875,,,,,,,,,,,1.0,1.0,,,,,3363,,,,0.0,,0.0,,0.0
,,,0.1855044662952423,,0.9913793206214905,,,,,,,,,,,1.0,1.0,,,,,3364,,,,0.0,,0.0,,0.0
,,,0.07656250149011612,,0.9609375,,,,,,,,,,,1.0,1.0,,,,,3365,,,,0.0,,0.0,,0.0
,,,0.08437500149011612,,0.984375,,,,,,,,,,,1.0,1.0,,,,,3366,,,,0.0,,0.0,,0.0
,,,0.2267274260520935,,0.9765310287475586,,,,,,,,,,,1.0,1.0,,,,,3367,,,,0.0,,0.0,,0.0
,,,0.171875,,1.0,,,,,,,,,,,1.0,1.0,,,,,3368,,,,0.0,,0.0,,0.0
,,,0.1138392835855484,,1.0,,,,,,,,,,,1.0,1.0,,,,,3369,,,,0.0,,0.0,,0.0
,,,0.2725694477558136,,1.0,,,,,,,,,,,1.0,1.0,,,,,3370,,,,0.0,,0.0,,0.0
,,,0.0859375,,1.0,,,,,,,,,,,1.0,1.0,,,,,3371,,,,0.0,,0.0,,0.0
,,,0.0876736119389534,,0.9765625,,,,,,,,,,,1.0,1.0,,,,,3372,,,,0.0,,0.0,,0.0
,,,0.24732375144958496,,0.9941860437393188,,,,,,,,,,,1.0,1.0,,,,,3373,,,,0.0,,0.0,,0.0
,,,0.1026785746216774,,0.9765625,,,,,,,,,,,1.0,1.0,,,,,3374,,,,0.0,,0.0,,0.0
,,,0.0789930522441864,,0.9765625,,,,,,,,,,,1.0,1.0,,,,,3375,,,,0.0,,0.0,,0.0
,,,0.2044985294342041,,0.9955751895904541,,,,,,,,,,,1.0,1.0,,,,,3376,,,,0.0,,0.0,,0.0
,,,0.1294642835855484,,0.9921875,,,,,,,,,,,1.0,1.0,,,,,3377,,,,0.0,,0.0,,0.0
,,,0.0980902761220932,,0.984375,,,,,,,,,,,1.0,1.0,,,,,3378,,,,0.0,,0.0,,0.0
,,,0.12424241751432419,,0.9540404081344604,,,,,,,,,,,1.0,1.0,,,,,3379,,,,0.0,,0.0,,0.0
,,,0.05000000074505806,,0.96875,,,,,,,,,,,1.0,1.0,,,,,3380,,,,0.0,,0.0,,0.0
,,,0.04296875,,0.9765625,,,,,,,,,,,1.0,1.0,,,,,3381,,,,0.0,,0.0,,0.0
,,,0.15432098507881165,,0.9750000238418579,,,,,,,,,,,1.0,1.0,,,,,3382,,,,0.0,,0.0,,0.0
,,,0.109375,,0.9921875,,,,,,,,,,,1.0,1.0,,,,,3383,,,,0.0,,0.0,,0.0
,,,0.16249999403953552,,1.0,,,,,,,,,,,1.0,1.0,,,,,3384,,,,0.0,,0.0,,0.0
,,,0.19000446796417236,,0.958768367767334,,,,,,,,,,,1.0,1.0,,,,,3385,,,,0.0,,0.0,,0.0
,,,0.07421875,,0.9453125,,,,,,,,,,,1.0,1.0,,,,,3386,,,,0.0,,0.0,,0.0
,,,0.08281250298023224,,0.9609375,,,,,,,,,,,1.0,1.0,,,,,3387,,,,0.0,,0.0,,0.0
,,,0.21326711773872375,,0.9509804248809814,,,,,,,,,,,1.0,1.0,,,,,3388,,,,0.0,,0.0,,0.0
,,,0.1875,,1.0,,,,,,,,,,,1.0,1.0,,,,,3389,,,,0.0,,0.0,,0.0
,,,0.109375,,1.0,,,,,,,,,,,1.0,1.0,,,,,3390,,,,0.0,,0.0,,0.0
,,,0.2294435203075409,,0.988095223903656,,,,,,,,,,,1.0,1.0,,,,,3391,,,,0.0,,0.0,,0.0
,,,0.1227678582072258,,1.0,,,,,,,,,,,1.0,1.0,,,,,3392,,,,0.0,,0.0,,0.0
,,,0.1484375,,0.9765625,,,,,,,,,,,1.0,1.0,,,,,3393,,,,0.0,,0.0,,0.0
,,,0.2649056911468506,,0.9948453903198242,,,,,,,,,,,1.0,1.0,,,,,3394,,,,0.0,,0.0,,0.0
,,,0.0876736119389534,,0.984375,,,,,,,,,,,1.0,1.0,,,,,3395,,,,0.0,,0.0,,0.0
,,,0.0850694477558136,,0.953125,,,,,,,,,,,1.0,1.0,,,,,3396,,,,0.0,,0.0,,0.0
,,,0.1865079402923584,,0.9910714626312256,,,,,,,,,,,1.0,1.0,,,,,3397,,,,0.0,,0.0,,0.0
,,,0.16249999403953552,,0.9921875,,,,,,,,,,,1.0,1.0,,,,,3398,,,,0.0,,0.0,,0.0
,,,0.1380208283662796,,1.0,,,,,,,,,,,1.0,1.0,,,,,3399,,,,0.0,,0.0,,0.0
,,,0.2766122817993164,,1.0,,,,,,,,,,,1.0,1.0,,,,,3400,,,,0.0,,0.0,,0.0
,,,0.0986328125,,1.0,,,,,,,,,,,1.0,1.0,,,,,3401,,,,0.0,,0.0,,0.0
,,,0.0833333358168602,,0.9921875,,,,,,,,,,,1.0,1.0,,,,,3402,,,,0.0,,0.0,,0.0
,,,0.1013779491186142,,0.9921259880065918,,,,,,,,,,,1.0,1.0,,,,,3403,,,,0.0,,0.0,,0.0
36,0.7878653407096863,0.7914798259735107,,0.9826409816741943,,,,,,,,,,,,,,173.892578125,27772.078125,5.158437728881836,426.17047119140625,8176,,,0.0,,0.0,,0.0,
36,,,,,,0.3749845623970032,,0.5568679571151733,,9.094139099121094,,,,,,,,,,,,8176,0.9129385948181152,,,,,,,
,,,,,,,,,,,,,,0.03,0.0004,,,,,,,8199,,,,,,,,
37,,,,,,,0.3762807548046112,,0.5482778549194336,,8.6015625,0.00039999998989515007,0.029999999329447746,,,1.0,1.0,,,,,8199,,0.9535633325576782,,,,,,
,,,,,,,,,,,,,,0.03,0.0004,,,,,,,8249,,,,,,,,
37,,,,,,,0.34556323289871216,,0.5276921391487122,,9.109375,0.00039999998989515007,0.029999999329447746,,,1.0,1.0,,,,,8249,,1.0642324686050415,,,,,,
,,,,,,,,,,,,,,0.03,0.0004,,,,,,,8299,,,,,,,,
37,,,,,,,0.38976871967315674,,0.5799542665481567,,9.5078125,0.00039999998989515007,0.029999999329447746,,,1.0,1.0,,,,,8299,,0.8940767645835876,,,,,,
,,,,,,,,,,,,,,0.03,0.0004,,,,,,,8349,,,,,,,,
37,,,,,,,0.3640110194683075,,0.5447971820831299,,9.0390625,0.00039999998989515007,0.029999999329447746,,,1.0,1.0,,,,,8349,,0.6804342865943909,,,,,,
,,,0.1205357164144516,,0.9765625,,,,,,,,,,,1.0,1.0,,,,,3404,,,,0.0,,0.0,,0.0
,,,0.1510416716337204,,1.0,,,,,,,,,,,1.0,1.0,,,,,3405,,,,0.0,,0.0,,0.0
,,,0.2209387570619583,,0.9616795182228088,,,,,,,,,,,1.0,1.0,,,,,3406,,,,0.0,,0.0,,0.0
,,,0.1549479216337204,,1.0,,,,,,,,,,,1.0,1.0,,,,,3407,,,,0.0,,0.0,,0.0
,,,0.1549479216337204,,0.9921875,,,,,,,,,,,1.0,1.0,,,,,3408,,,,0.0,,0.0,,0.0
,,,0.24732905626296997,,0.9583333730697632,,,,,,,,,,,1.0,1.0,,,,,3409,,,,0.0,,0.0,,0.0
,,,0.0503472238779068,,0.984375,,,,,,,,,,,1.0,1.0,,,,,3410,,,,0.0,,0.0,,0.0
,,,0.04531250149011612,,0.984375,,,,,,,,,,,1.0,1.0,,,,,3411,,,,0.0,,0.0,,0.0
,,,0.10969125479459763,,0.9584047794342041,,,,,,,,,,,1.0,1.0,,,,,3412,,,,0.0,,0.0,,0.0
,,,0.109375,,0.953125,,,,,,,,,,,1.0,1.0,,,,,3413,,,,0.0,,0.0,,0.0
,,,0.0772569477558136,,0.9375,,,,,,,,,,,1.0,1.0,,,,,3414,,,,0.0,,0.0,,0.0
,,,0.07265625149011612,,0.9609375,,,,,,,,,,,1.0,1.0,,,,,3415,,,,0.0,,0.0,,0.0
,,,0.1863333284854889,,0.8253333568572998,,,,,,,,,,,1.0,1.0,,,,,3416,,,,0.0,,0.0,,0.0
,,,0.1116071417927742,,0.984375,,,,,,,,,,,1.0,1.0,,,,,3417,,,,0.0,,0.0,,0.0
,,,0.1194196417927742,,0.96875,,,,,,,,,,,1.0,1.0,,,,,3418,,,,0.0,,0.0,,0.0
,,,0.1256769448518753,,0.9066293239593506,,,,,,,,,,,1.0,1.0,,,,,3419,,,,0.0,,0.0,,0.0
,,,0.048828125,,0.9140625,,,,,,,,,,,1.0,1.0,,,,,3420,,,,0.0,,0.0,,0.0
,,,0.0498046875,,0.9140625,,,,,,,,,,,1.0,1.0,,,,,3421,,,,0.0,,0.0,,0.0
,,,0.16856060922145844,,0.9318181872367859,,,,,,,,,,,1.0,1.0,,,,,3422,,,,0.0,,0.0,,0.0
,,,0.11328125,,1.0,,,,,,,,,,,1.0,1.0,,,,,3423,,,,0.0,,0.0,,0.0
,,,0.1875,,0.9921875,,,,,,,,,,,1.0,1.0,,,,,3424,,,,0.0,,0.0,,0.0
,,,0.20896637439727783,,0.9931507110595703,,,,,,,,,,,1.0,1.0,,,,,3425,,,,0.0,,0.0,,0.0
,,,0.078125,,0.9765625,,,,,,,,,,,1.0,1.0,,,,,3426,,,,0.0,,0.0,,0.0
,,,0.0842013880610466,,0.9609375,,,,,,,,,,,1.0,1.0,,,,,3427,,,,0.0,,0.0,,0.0
,,,0.216379314661026,,0.985714316368103,,,,,,,,,,,1.0,1.0,,,,,3428,,,,0.0,,0.0,,0.0
,,,0.19374999403953552,,1.0,,,,,,,,,,,1.0,1.0,,,,,3429,,,,0.0,,0.0,,0.0
,,,0.18437500298023224,,1.0,,,,,,,,,,,1.0,1.0,,,,,3430,,,,0.0,,0.0,,0.0
,,,0.19113905727863312,,1.0,,,,,,,,,,,1.0,1.0,,,,,3431,,,,0.0,,0.0,,0.0
,,,0.14453125,,1.0,,,,,,,,,,,1.0,1.0,,,,,3432,,,,0.0,,0.0,,0.0
,,,0.091796875,,0.984375,,,,,,,,,,,1.0,1.0,,,,,3433,,,,0.0,,0.0,,0.0
,,,0.2134062945842743,,0.9823529720306396,,,,,,,,,,,1.0,1.0,,,,,3434,,,,0.0,,0.0,,0.0
,,,0.1216517835855484,,0.984375,,,,,,,,,,,1.0,1.0,,,,,3435,,,,0.0,,0.0,,0.0
,,,0.1471354216337204,,0.9921875,,,,,,,,,,,1.0,1.0,,,,,3436,,,,0.0,,0.0,,0.0
,,,0.3060755133628845,,0.9669950604438782,,,,,,,,,,,1.0,1.0,,,,,3437,,,,0.0,,0.0,,0.0
,,,0.1339285671710968,,0.9921875,,,,,,,,,,,1.0,1.0,,,,,3438,,,,0.0,,0.0,,0.0
,,,0.1875,,1.0,,,,,,,,,,,1.0,1.0,,,,,3439,,,,0.0,,0.0,,0.0
,,,0.1382187455892563,,0.9850746393203735,,,,,,,,,,,1.0,1.0,,,,,3440,,,,0.0,,0.0,,0.0
,,,0.0625,,0.9921875,,,,,,,,,,,1.0,1.0,,,,,3441,,,,0.0,,0.0,,0.0
,,,0.05078125,,0.96875,,,,,,,,,,,1.0,1.0,,,,,3442,,,,0.0,,0.0,,0.0
,,,0.12977886199951172,,0.9612942934036255,,,,,,,,,,,1.0,1.0,,,,,3443,,,,0.0,,0.0,,0.0
,,,0.0850694477558136,,0.953125,,,,,,,,,,,1.0,1.0,,,,,3444,,,,0.0,,0.0,,0.0
,,,0.0789930522441864,,0.9609375,,,,,,,,,,,1.0,1.0,,,,,3445,,,,0.0,,0.0,,0.0
,,,0.20397727191448212,,0.9522727131843567,,,,,,,,,,,1.0,1.0,,,,,3446,,,,0.0,,0.0,,0.0
,,,0.1194196417927742,,1.0,,,,,,,,,,,1.0,1.0,,,,,3447,,,,0.0,,0.0,,0.0
,,,0.1393229216337204,,0.9765625,,,,,,,,,,,1.0,1.0,,,,,3448,,,,0.0,,0.0,,0.0
,,,0.12709636986255646,,0.9399248957633972,,,,,,,,,,,1.0,1.0,,,,,3449,,,,0.0,,0.0,,0.0
,,,0.0555555559694767,,0.9375,,,,,,,,,,,1.0,1.0,,,,,3450,,,,0.0,,0.0,,0.0
,,,0.0460069440305233,,0.90625,,,,,,,,,,,1.0,1.0,,,,,3451,,,,0.0,,0.0,,0.0
,,,0.0503472238779068,,0.8984375,,,,,,,,,,,1.0,1.0,,,,,3452,,,,0.0,,0.0,,0.0
,,,0.11220472306013107,,1.0,,,,,,,,,,,1.0,1.0,,,,,3453,,,,0.0,,0.0,,0.0
,,,0.18593749403953552,,0.9921875,,,,,,,,,,,1.0,1.0,,,,,3454,,,,0.0,,0.0,,0.0
,,,0.15234375,,1.0,,,,,,,,,,,1.0,1.0,,,,,3455,,,,0.0,,0.0,,0.0
,,,0.16475096344947815,,0.9913793206214905,,,,,,,,,,,1.0,1.0,,,,,3456,,,,0.0,,0.0,,0.0
,,,0.0815972238779068,,0.953125,,,,,,,,,,,1.0,1.0,,,,,3457,,,,0.0,,0.0,,0.0
,,,0.0966796875,,0.96875,,,,,,,,,,,1.0,1.0,,,,,3458,,,,0.0,,0.0,,0.0
,,,0.20892922580242157,,0.9814814925193787,,,,,,,,,,,1.0,1.0,,,,,3459,,,,0.0,,0.0,,0.0
,,,0.244140625,,1.0,,,,,,,,,,,1.0,1.0,,,,,3460,,,,0.0,,0.0,,0.0
,,,0.232421875,,1.0,,,,,,,,,,,1.0,1.0,,,,,3461,,,,0.0,,0.0,,0.0
,,,0.18865740299224854,,1.0,,,,,,,,,,,1.0,1.0,,,,,3462,,,,0.0,,0.0,,0.0
,,,0.1149553582072258,,0.9921875,,,,,,,,,,,1.0,1.0,,,,,3463,,,,0.0,,0.0,,0.0
,,,0.1171875,,0.984375,,,,,,,,,,,1.0,1.0,,,,,3464,,,,0.0,,0.0,,0.0
,,,0.24537256360054016,,1.0,,,,,,,,,,,1.0,1.0,,,,,3465,,,,0.0,,0.0,,0.0
,,,0.1432291716337204,,0.984375,,,,,,,,,,,1.0,1.0,,,,,3466,,,,0.0,,0.0,,0.0
,,,0.109375,,0.96875,,,,,,,,,,,1.0,1.0,,,,,3467,,,,0.0,,0.0,,0.0
,,,0.26734092831611633,,0.9955751895904541,,,,,,,,,,,1.0,1.0,,,,,3468,,,,0.0,,0.0,,0.0
,,,0.1316964328289032,,1.0,,,,,,,,,,,1.0,1.0,,,,,3469,,,,0.0,,0.0,,0.0
,,,0.2421875,,1.0,,,,,,,,,,,1.0,1.0,,,,,3470,,,,0.0,,0.0,,0.0
,,,0.13979798555374146,,0.9909090995788574,,,,,,,,,,,1.0,1.0,,,,,3471,,,,0.0,,0.0,,0.0
,,,0.0615234375,,0.9921875,,,,,,,,,,,1.0,1.0,,,,,3472,,,,0.0,,0.0,,0.0
,,,0.04531250149011612,,0.96875,,,,,,,,,,,1.0,1.0,,,,,3473,,,,0.0,,0.0,,0.0
,,,0.1290740668773651,,0.9814814925193787,,,,,,,,,,,1.0,1.0,,,,,3474,,,,0.0,,0.0,,0.0
,,,0.07500000298023224,,0.9453125,,,,,,,,,,,1.0,1.0,,,,,3475,,,,0.0,,0.0,,0.0
,,,0.1060267835855484,,0.984375,,,,,,,,,,,1.0,1.0,,,,,3476,,,,0.0,,0.0,,0.0
,,,0.18640488386154175,,0.9435073733329773,,,,,,,,,,,1.0,1.0,,,,,3477,,,,0.0,,0.0,,0.0
,,,0.1393229216337204,,0.9921875,,,,,,,,,,,1.0,1.0,,,,,3478,,,,0.0,,0.0,,0.0
,,,0.1238839253783226,,0.9765625,,,,,,,,,,,1.0,1.0,,,,,3479,,,,0.0,,0.0,,0.0
,,,0.12582123279571533,,0.9544181227684021,,,,,,,,,,,1.0,1.0,,,,,3480,,,,0.0,,0.0,,0.0
,,,0.0512152761220932,,0.921875,,,,,,,,,,,1.0,1.0,,,,,3481,,,,0.0,,0.0,,0.0
,,,0.0494791679084301,,0.90625,,,,,,,,,,,1.0,1.0,,,,,3482,,,,0.0,,0.0,,0.0
,,,0.15749970078468323,,0.9476743936538696,,,,,,,,,,,1.0,1.0,,,,,3483,,,,0.0,,0.0,,0.0
,,,0.111328125,,1.0,,,,,,,,,,,1.0,1.0,,,,,3484,,,,0.0,,0.0,,0.0
,,,0.18437500298023224,,0.9921875,,,,,,,,,,,1.0,1.0,,,,,3485,,,,0.0,,0.0,,0.0
,,,0.29636403918266296,,1.0,,,,,,,,,,,1.0,1.0,,,,,3486,,,,0.0,,0.0,,0.0
,,,0.0798611119389534,,0.9765625,,,,,,,,,,,1.0,1.0,,,,,3487,,,,0.0,,0.0,,0.0
,,,0.0798611119389534,,0.9453125,,,,,,,,,,,1.0,1.0,,,,,3488,,,,0.0,,0.0,,0.0
,,,0.2254464328289032,,0.9866071343421936,,,,,,,,,,,1.0,1.0,,,,,3489,,,,0.0,,0.0,,0.0
,,,0.15625,,1.0,,,,,,,,,,,1.0,1.0,,,,,3490,,,,0.0,,0.0,,0.0
,,,0.236328125,,1.0,,,,,,,,,,,1.0,1.0,,,,,3491,,,,0.0,,0.0,,0.0
,,,0.1959984451532364,,1.0,,,,,,,,,,,1.0,1.0,,,,,3492,,,,0.0,,0.0,,0.0
,,,0.1238839253783226,,1.0,,,,,,,,,,,1.0,1.0,,,,,3493,,,,0.0,,0.0,,0.0
,,,0.0986328125,,0.9921875,,,,,,,,,,,1.0,1.0,,,,,3494,,,,0.0,,0.0,,0.0
,,,0.10728346556425095,,0.9921259880065918,,,,,,,,,,,1.0,1.0,,,,,3495,,,,0.0,,0.0,,0.0
37,0.7945505380630493,0.7721363306045532,,0.9760720729827881,,,,,,,,,,,,,,177.25086975097656,24612.73828125,5.177566051483154,420.5587158203125,8397,,,0.0,,0.0,,0.0,
37,,,,,,0.37017306685447693,,0.5500810146331787,,8.995333671569824,,,,,,,,,,,,8397,0.8497117161750793,,,,,,,
,,,,,,,,,,,,,,0.03,0.0004,,,,,,,8399,,,,,,,,
38,,,,,,,0.3927432894706726,,0.5655948519706726,,8.640625,0.00039999998989515007,0.029999999329447746,,,1.0,1.0,,,,,8399,,0.9172362089157104,,,,,,
,,,,,,,,,,,,,,0.03,0.0004,,,,,,,8449,,,,,,,,
38,,,,,,,0.3557766377925873,,0.5276516675949097,,8.59375,0.00039999998989515007,0.029999999329447746,,,1.0,1.0,,,,,8449,,0.8232749700546265,,,,,,
,,,,,,,,,,,,,,0.03,0.0004,,,,,,,8499,,,,,,,,
38,,,,,,,0.40013954043388367,,0.569695234298706,,8.4765625,0.00039999998989515007,0.029999999329447746,,,1.0,1.0,,,,,8499,,0.8118916749954224,,,,,,
,,,,,,,,,,,,,,0.03,0.0004,,,,,,,8549,,,,,,,,
38,,,,,,,0.35317742824554443,,0.5344518423080444,,9.0625,0.00039999998989515007,0.029999999329447746,,,1.0,1.0,,,,,8549,,1.006528615951538,,,,,,
,,,,,,,,,,,,,,0.03,0.0004,,,,,,,8599,,,,,,,,
38,,,,,,,0.3398890495300293,,0.5205531120300293,,9.03125,0.00039999998989515007,0.029999999329447746,,,1.0,1.0,,,,,8599,,0.5270310640335083,,,,,,
,,,0.1004464253783226,,0.984375,,,,,,,,,,,1.0,1.0,,,,,3496,,,,0.0,,0.0,,0.0
,,,0.185546875,,1.0,,,,,,,,,,,1.0,1.0,,,,,3497,,,,0.0,,0.0,,0.0
,,,0.3317198157310486,,0.9765310287475586,,,,,,,,,,,1.0,1.0,,,,,3498,,,,0.0,,0.0,,0.0
,,,0.19374999403953552,,1.0,,,,,,,,,,,1.0,1.0,,,,,3499,,,,0.0,,0.0,,0.0
,,,0.18906250596046448,,0.9921875,,,,,,,,,,,1.0,1.0,,,,,3500,,,,0.0,,0.0,,0.0
,,,0.30705127120018005,,1.0,,,,,,,,,,,1.0,1.0,,,,,3501,,,,0.0,,0.0,,0.0
,,,0.0859375,,0.984375,,,,,,,,,,,1.0,1.0,,,,,3502,,,,0.0,,0.0,,0.0
,,,0.083984375,,0.96875,,,,,,,,,,,1.0,1.0,,,,,3503,,,,0.0,,0.0,,0.0
,,,0.14697684347629547,,0.9858490228652954,,,,,,,,,,,1.0,1.0,,,,,3504,,,,0.0,,0.0,,0.0
,,,0.0869140625,,0.984375,,,,,,,,,,,1.0,1.0,,,,,3505,,,,0.0,,0.0,,0.0
,,,0.083984375,,0.9765625,,,,,,,,,,,1.0,1.0,,,,,3506,,,,0.0,,0.0,,0.0
,,,0.080078125,,0.9921875,,,,,,,,,,,1.0,1.0,,,,,3507,,,,0.0,,0.0,,0.0
,,,0.21523809432983398,,0.8293333053588867,,,,,,,,,,,1.0,1.0,,,,,3508,,,,0.0,,0.0,,0.0
,,,0.107421875,,1.0,,,,,,,,,,,1.0,1.0,,,,,3509,,,,0.0,,0.0,,0.0
,,,0.1238839253783226,,0.984375,,,,,,,,,,,1.0,1.0,,,,,3510,,,,0.0,,0.0,,0.0
,,,0.2808901369571686,,1.0,,,,,,,,,,,1.0,1.0,,,,,3511,,,,0.0,,0.0,,0.0
,,,0.18593749403953552,,1.0,,,,,,,,,,,1.0,1.0,,,,,3512,,,,0.0,,0.0,,0.0
,,,0.1536458283662796,,1.0,,,,,,,,,,,1.0,1.0,,,,,3513,,,,0.0,,0.0,,0.0
,,,0.16859066486358643,,0.9291125535964966,,,,,,,,,,,1.0,1.0,,,,,3514,,,,0.0,,0.0,,0.0
,,,0.0694444477558136,,0.8984375,,,,,,,,,,,1.0,1.0,,,,,3515,,,,0.0,,0.0,,0.0
,,,0.0633680522441864,,0.90625,,,,,,,,,,,1.0,1.0,,,,,3516,,,,0.0,,0.0,,0.0
,,,0.1372353732585907,,0.9021170735359192,,,,,,,,,,,1.0,1.0,,,,,3517,,,,0.0,,0.0,,0.0
,,,0.08984375,,0.90625,,,,,,,,,,,1.0,1.0,,,,,3518,,,,0.0,,0.0,,0.0
,,,0.0947265625,,0.953125,,,,,,,,,,,1.0,1.0,,,,,3519,,,,0.0,,0.0,,0.0
,,,0.23637109994888306,,0.947044312953949,,,,,,,,,,,1.0,1.0,,,,,3520,,,,0.0,,0.0,,0.0
,,,0.15625,,0.9765625,,,,,,,,,,,1.0,1.0,,,,,3521,,,,0.0,,0.0,,0.0
,,,0.15781250596046448,,0.984375,,,,,,,,,,,1.0,1.0,,,,,3522,,,,0.0,,0.0,,0.0
,,,0.18893080949783325,,1.0,,,,,,,,,,,1.0,1.0,,,,,3523,,,,0.0,,0.0,,0.0
,,,0.1149553582072258,,1.0,,,,,,,,,,,1.0,1.0,,,,,3524,,,,0.0,,0.0,,0.0
,,,0.0815972238779068,,0.984375,,,,,,,,,,,1.0,1.0,,,,,3525,,,,0.0,,0.0,,0.0
,,,0.3110807240009308,,0.9941176176071167,,,,,,,,,,,1.0,1.0,,,,,3526,,,,0.0,,0.0,,0.0
,,,0.0982142835855484,,0.984375,,,,,,,,,,,1.0,1.0,,,,,3527,,,,0.0,,0.0,,0.0
,,,0.14374999701976776,,1.0,,,,,,,,,,,1.0,1.0,,,,,3528,,,,0.0,,0.0,,0.0
,,,0.34256160259246826,,0.984236478805542,,,,,,,,,,,1.0,1.0,,,,,3529,,,,0.0,,0.0,,0.0
,,,0.15625,,1.0,,,,,,,,,,,1.0,1.0,,,,,3530,,,,0.0,,0.0,,0.0
,,,0.234375,,1.0,,,,,,,,,,,1.0,1.0,,,,,3531,,,,0.0,,0.0,,0.0
,,,0.18974798917770386,,0.9925373196601868,,,,,,,,,,,1.0,1.0,,,,,3532,,,,0.0,,0.0,,0.0
,,,0.080078125,,0.9765625,,,,,,,,,,,1.0,1.0,,,,,3533,,,,0.0,,0.0,,0.0
,,,0.0732421875,,0.9765625,,,,,,,,,,,1.0,1.0,,,,,3534,,,,0.0,,0.0,,0.0
,,,0.1458146870136261,,0.9843711853027344,,,,,,,,,,,1.0,1.0,,,,,3535,,,,0.0,,0.0,,0.0
,,,0.091796875,,0.984375,,,,,,,,,,,1.0,1.0,,,,,3536,,,,0.0,,0.0,,0.0
,,,0.0830078125,,0.984375,,,,,,,,,,,1.0,1.0,,,,,3537,,,,0.0,,0.0,,0.0
,,,0.2136363685131073,,0.9761363863945007,,,,,,,,,,,1.0,1.0,,,,,3538,,,,0.0,,0.0,,0.0
,,,0.1064453125,,1.0,,,,,,,,,,,1.0,1.0,,,,,3539,,,,0.0,,0.0,,0.0
,,,0.1471354216337204,,1.0,,,,,,,,,,,1.0,1.0,,,,,3540,,,,0.0,,0.0,,0.0
,,,0.21667709946632385,,0.9893617033958435,,,,,,,,,,,1.0,1.0,,,,,3541,,,,0.0,,0.0,,0.0
,,,0.18906250596046448,,1.0,,,,,,,,,,,1.0,1.0,,,,,3542,,,,0.0,,0.0,,0.0
,,,0.18281249701976776,,1.0,,,,,,,,,,,1.0,1.0,,,,,3543,,,,0.0,,0.0,,0.0
,,,0.1536458283662796,,0.9921875,,,,,,,,,,,1.0,1.0,,,,,3544,,,,0.0,,0.0,,0.0
,,,0.16062992811203003,,0.9370079040527344,,,,,,,,,,,1.0,1.0,,,,,3545,,,,0.0,,0.0,,0.0
,,,0.0703125,,0.921875,,,,,,,,,,,1.0,1.0,,,,,3546,,,,0.0,,0.0,,0.0
,,,0.0758928582072258,,0.8984375,,,,,,,,,,,1.0,1.0,,,,,3547,,,,0.0,,0.0,,0.0
,,,0.08908045291900635,,0.8318965435028076,,,,,,,,,,,1.0,1.0,,,,,3548,,,,0.0,,0.0,,0.0
,,,0.1026785746216774,,0.9140625,,,,,,,,,,,1.0,1.0,,,,,3549,,,,0.0,,0.0,,0.0
,,,0.0885416641831398,,0.96875,,,,,,,,,,,1.0,1.0,,,,,3550,,,,0.0,,0.0,,0.0
,,,0.21473100781440735,,0.9431610107421875,,,,,,,,,,,1.0,1.0,,,,,3551,,,,0.0,,0.0,,0.0
,,,0.1953125,,0.9921875,,,,,,,,,,,1.0,1.0,,,,,3552,,,,0.0,,0.0,,0.0
,,,0.1315104216337204,,0.9765625,,,,,,,,,,,1.0,1.0,,,,,3553,,,,0.0,,0.0,,0.0
,,,0.2217261791229248,,1.0,,,,,,,,,,,1.0,1.0,,,,,3554,,,,0.0,,0.0,,0.0
,,,0.0868055522441864,,0.9921875,,,,,,,,,,,1.0,1.0,,,,,3555,,,,0.0,,0.0,,0.0
,,,0.1127232164144516,,0.984375,,,,,,,,,,,1.0,1.0,,,,,3556,,,,0.0,,0.0,,0.0
,,,0.24123293161392212,,1.0,,,,,,,,,,,1.0,1.0,,,,,3557,,,,0.0,,0.0,,0.0
,,,0.1223958358168602,,0.984375,,,,,,,,,,,1.0,1.0,,,,,3558,,,,0.0,,0.0,,0.0
,,,0.140625,,0.9921875,,,,,,,,,,,1.0,1.0,,,,,3559,,,,0.0,,0.0,,0.0
,,,0.2704031467437744,,0.9955751895904541,,,,,,,,,,,1.0,1.0,,,,,3560,,,,0.0,,0.0,,0.0
,,,0.1575520783662796,,1.0,,,,,,,,,,,1.0,1.0,,,,,3561,,,,0.0,,0.0,,0.0
,,,0.234375,,0.9921875,,,,,,,,,,,1.0,1.0,,,,,3562,,,,0.0,,0.0,,0.0
,,,0.1907828152179718,,0.9954545497894287,,,,,,,,,,,1.0,1.0,,,,,3563,,,,0.0,,0.0,,0.0
,,,0.0810546875,,0.9765625,,,,,,,,,,,1.0,1.0,,,,,3564,,,,0.0,,0.0,,0.0
,,,0.0712890625,,0.9609375,,,,,,,,,,,1.0,1.0,,,,,3565,,,,0.0,,0.0,,0.0
,,,0.19027778506278992,,0.9953703880310059,,,,,,,,,,,1.0,1.0,,,,,3566,,,,0.0,,0.0,,0.0
,,,0.078125,,0.96875,,,,,,,,,,,1.0,1.0,,,,,3567,,,,0.0,,0.0,,0.0
,,,0.0810546875,,1.0,,,,,,,,,,,1.0,1.0,,,,,3568,,,,0.0,,0.0,,0.0
,,,0.22061580419540405,,0.971753716468811,,,,,,,,,,,1.0,1.0,,,,,3569,,,,0.0,,0.0,,0.0
,,,0.109375,,1.0,,,,,,,,,,,1.0,1.0,,,,,3570,,,,0.0,,0.0,,0.0
,,,0.1484375,,1.0,,,,,,,,,,,1.0,1.0,,,,,3571,,,,0.0,,0.0,,0.0
,,,0.24191495776176453,,0.970588207244873,,,,,,,,,,,1.0,1.0,,,,,3572,,,,0.0,,0.0,,0.0
,,,0.18906250596046448,,1.0,,,,,,,,,,,1.0,1.0,,,,,3573,,,,0.0,,0.0,,0.0
,,,0.1549479216337204,,1.0,,,,,,,,,,,1.0,1.0,,,,,3574,,,,0.0,,0.0,,0.0
,,,0.16955827176570892,,0.9346622228622437,,,,,,,,,,,1.0,1.0,,,,,3575,,,,0.0,,0.0,,0.0
,,,0.0659722238779068,,0.8671875,,,,,,,,,,,1.0,1.0,,,,,3576,,,,0.0,,0.0,,0.0
,,,0.072265625,,0.921875,,,,,,,,,,,1.0,1.0,,,,,3577,,,,0.0,,0.0,,0.0
,,,0.18120218813419342,,0.9432989358901978,,,,,,,,,,,1.0,1.0,,,,,3578,,,,0.0,,0.0,,0.0
,,,0.0888671875,,0.9140625,,,,,,,,,,,1.0,1.0,,,,,3579,,,,0.0,,0.0,,0.0
,,,0.0888671875,,0.9296875,,,,,,,,,,,1.0,1.0,,,,,3580,,,,0.0,,0.0,,0.0
,,,0.1863839328289032,,0.9776785373687744,,,,,,,,,,,1.0,1.0,,,,,3581,,,,0.0,,0.0,,0.0
,,,0.1276041716337204,,0.9609375,,,,,,,,,,,1.0,1.0,,,,,3582,,,,0.0,,0.0,,0.0
,,,0.109375,,0.984375,,,,,,,,,,,1.0,1.0,,,,,3583,,,,0.0,,0.0,,0.0
,,,0.16967755556106567,,1.0,,,,,,,,,,,1.0,1.0,,,,,3584,,,,0.0,,0.0,,0.0
,,,0.1315104216337204,,1.0,,,,,,,,,,,1.0,1.0,,,,,3585,,,,0.0,,0.0,,0.0
,,,0.07656250149011612,,0.984375,,,,,,,,,,,1.0,1.0,,,,,3586,,,,0.0,,0.0,,0.0
,,,0.1948818862438202,,0.9921259880065918,,,,,,,,,,,1.0,1.0,,,,,3587,,,,0.0,,0.0,,0.0
38,0.8010320663452148,0.7617456316947937,,0.9736316204071045,,,,,,,,,,,,,,178.75396728515625,25219.654296875,5.186010360717773,420.1326904296875,8618,,,0.0,,0.0,,0.0,
38,,,,,,0.3680790662765503,,0.5485416054725647,,9.02311897277832,,,,,,,,,,,,8618,0.8341996073722839,,,,,,,
,,,,,,,,,,,,,,0.03,0.0004,,,,,,,8649,,,,,,,,
39,,,,,,,0.37850823998451233,,0.5491625070571899,,8.53125,0.00039999998989515007,0.029999999329447746,,,1.0,1.0,,,,,8649,,0.5995681285858154,,,,,,
,,,,,,,,,,,,,,0.03,0.0004,,,,,,,8699,,,,,,,,
39,,,,,,,0.3801531195640564,,0.5552019476890564,,8.75,0.00039999998989515007,0.029999999329447746,,,1.0,1.0,,,,,8699,,1.0934544801712036,,,,,,
,,,,,,,,,,,,,,0.03,0.0004,,,,,,,8749,,,,,,,,
39,,,,,,,0.3497627377510071,,0.5232246518135071,,8.671875,0.00039999998989515007,0.029999999329447746,,,1.0,1.0,,,,,8749,,1.011576771736145,,,,,,
,,,,,,,,,,,,,,0.03,0.0004,,,,,,,8799,,,,,,,,
39,,,,,,,0.35543540120124817,,0.5313386917114258,,8.796875,0.00039999998989515007,0.029999999329447746,,,1.0,1.0,,,,,8799,,0.9262763261795044,,,,,,
,,,0.0825892835855484,,0.9140625,,,,,,,,,,,1.0,1.0,,,,,3588,,,,0.0,,0.0,,0.0
,,,0.0712890625,,0.953125,,,,,,,,,,,1.0,1.0,,,,,3589,,,,0.0,,0.0,,0.0
,,,0.16970215737819672,,0.9603960514068604,,,,,,,,,,,1.0,1.0,,,,,3590,,,,0.0,,0.0,,0.0
,,,0.244140625,,1.0,,,,,,,,,,,1.0,1.0,,,,,3591,,,,0.0,,0.0,,0.0
,,,0.19374999403953552,,1.0,,,,,,,,,,,1.0,1.0,,,,,3592,,,,0.0,,0.0,,0.0
,,,0.2839743494987488,,0.9791666269302368,,,,,,,,,,,1.0,1.0,,,,,3593,,,,0.0,,0.0,,0.0
,,,0.02604166604578495,,0.9453125,,,,,,,,,,,1.0,1.0,,,,,3594,,,,0.0,,0.0,,0.0
,,,0.0425347238779068,,0.9453125,,,,,,,,,,,1.0,1.0,,,,,3595,,,,0.0,,0.0,,0.0
,,,0.11938250064849854,,0.9811320900917053,,,,,,,,,,,1.0,1.0,,,,,3596,,,,0.0,,0.0,,0.0
,,,0.1875,,1.0,,,,,,,,,,,1.0,1.0,,,,,3597,,,,0.0,,0.0,,0.0
,,,0.19062499701976776,,0.9921875,,,,,,,,,,,1.0,1.0,,,,,3598,,,,0.0,,0.0,,0.0
,,,0.15234375,,1.0,,,,,,,,,,,1.0,1.0,,,,,3599,,,,0.0,,0.0,,0.0
,,,0.2605714201927185,,0.9880000352859497,,,,,,,,,,,1.0,1.0,,,,,3600,,,,0.0,,0.0,,0.0
,,,0.1138392835855484,,0.9765625,,,,,,,,,,,1.0,1.0,,,,,3601,,,,0.0,,0.0,,0.0
,,,0.1044921875,,0.96875,,,,,,,,,,,1.0,1.0,,,,,3602,,,,0.0,,0.0,,0.0
,,,0.26268285512924194,,1.0,,,,,,,,,,,1.0,1.0,,,,,3603,,,,0.0,,0.0,,0.0
,,,0.19921875,,0.9921875,,,,,,,,,,,1.0,1.0,,,,,3604,,,,0.0,,0.0,,0.0
,,,0.1419270783662796,,1.0,,,,,,,,,,,1.0,1.0,,,,,3605,,,,0.0,,0.0,,0.0
,,,0.17051467299461365,,0.9713203310966492,,,,,,,,,,,1.0,1.0,,,,,3606,,,,0.0,,0.0,,0.0
,,,0.07578124850988388,,0.9375,,,,,,,,,,,1.0,1.0,,,,,3607,,,,0.0,,0.0,,0.0
,,,0.0927734375,,0.9453125,,,,,,,,,,,1.0,1.0,,,,,3608,,,,0.0,,0.0,,0.0
,,,0.1564411222934723,,0.9545454978942871,,,,,,,,,,,1.0,1.0,,,,,3609,,,,0.0,,0.0,,0.0
,,,0.06953124701976776,,0.96875,,,,,,,,,,,1.0,1.0,,,,,3610,,,,0.0,,0.0,,0.0
,,,0.0986328125,,0.96875,,,,,,,,,,,1.0,1.0,,,,,3611,,,,0.0,,0.0,,0.0
,,,0.22681209444999695,,0.9770935773849487,,,,,,,,,,,1.0,1.0,,,,,3612,,,,0.0,,0.0,,0.0
,,,0.3046875,,1.0,,,,,,,,,,,1.0,1.0,,,,,3613,,,,0.0,,0.0,,0.0
,,,0.18437500298023224,,1.0,,,,,,,,,,,1.0,1.0,,,,,3614,,,,0.0,,0.0,,0.0
,,,0.31607547402381897,,0.9811320900917053,,,,,,,,,,,1.0,1.0,,,,,3615,,,,0.0,,0.0,,0.0
,,,0.095703125,,0.984375,,,,,,,,,,,1.0,1.0,,,,,3616,,,,0.0,,0.0,,0.0
,,,0.0825892835855484,,0.953125,,,,,,,,,,,1.0,1.0,,,,,3617,,,,0.0,,0.0,,0.0
,,,0.19886653125286102,,0.9766073822975159,,,,,,,,,,,1.0,1.0,,,,,3618,,,,0.0,,0.0,,0.0
,,,0.078125,,0.90625,,,,,,,,,,,1.0,1.0,,,,,3619,,,,0.0,,0.0,,0.0
,,,0.0825892835855484,,0.9140625,,,,,,,,,,,1.0,1.0,,,,,3620,,,,0.0,,0.0,,0.0
,,,0.17998768389225006,,0.9669950604438782,,,,,,,,,,,1.0,1.0,,,,,3621,,,,0.0,,0.0,,0.0
,,,0.19374999403953552,,1.0,,,,,,,,,,,1.0,1.0,,,,,3622,,,,0.0,,0.0,,0.0
,,,0.244140625,,1.0,,,,,,,,,,,1.0,1.0,,,,,3623,,,,0.0,,0.0,,0.0
,,,0.15616589784622192,,0.9776118993759155,,,,,,,,,,,1.0,1.0,,,,,3624,,,,0.0,,0.0,,0.0
,,,0.0364583320915699,,0.9609375,,,,,,,,,,,1.0,1.0,,,,,3625,,,,0.0,,0.0,,0.0
,,,0.0373263880610466,,0.9453125,,,,,,,,,,,1.0,1.0,,,,,3626,,,,0.0,,0.0,,0.0
,,,0.13362637162208557,,0.9682539701461792,,,,,,,,,,,1.0,1.0,,,,,3627,,,,0.0,,0.0,,0.0
,,,0.19218750298023224,,1.0,,,,,,,,,,,1.0,1.0,,,,,3628,,,,0.0,,0.0,,0.0
,,,0.3098958432674408,,0.9921875,,,,,,,,,,,1.0,1.0,,,,,3629,,,,0.0,,0.0,,0.0
,,,0.2525973916053772,,0.987500011920929,,,,,,,,,,,1.0,1.0,,,,,3630,,,,0.0,,0.0,,0.0
,,,0.1127232164144516,,0.9765625,,,,,,,,,,,1.0,1.0,,,,,3631,,,,0.0,,0.0,,0.0
,,,0.107421875,,0.9765625,,,,,,,,,,,1.0,1.0,,,,,3632,,,,0.0,,0.0,,0.0
,,,0.18961201608181,,0.9840425252914429,,,,,,,,,,,1.0,1.0,,,,,3633,,,,0.0,,0.0,,0.0
,,,0.216796875,,1.0,,,,,,,,,,,1.0,1.0,,,,,3634,,,,0.0,,0.0,,0.0
,,,0.16093750298023224,,0.9921875,,,,,,,,,,,1.0,1.0,,,,,3635,,,,0.0,,0.0,,0.0
,,,0.1205357164144516,,0.984375,,,,,,,,,,,1.0,1.0,,,,,3636,,,,0.0,,0.0,,0.0
,,,0.07322834432125092,,0.9763779640197754,,,,,,,,,,,1.0,1.0,,,,,3637,,,,0.0,,0.0,,0.0
,,,0.0842013880610466,,0.9453125,,,,,,,,,,,1.0,1.0,,,,,3638,,,,0.0,,0.0,,0.0
,,,0.091796875,,0.9140625,,,,,,,,,,,1.0,1.0,,,,,3639,,,,0.0,,0.0,,0.0
,,,0.1149425283074379,,0.9123563170433044,,,,,,,,,,,1.0,1.0,,,,,3640,,,,0.0,,0.0,,0.0
,,,0.0807291641831398,,0.953125,,,,,,,,,,,1.0,1.0,,,,,3641,,,,0.0,,0.0,,0.0
,,,0.099609375,,1.0,,,,,,,,,,,1.0,1.0,,,,,3642,,,,0.0,,0.0,,0.0
,,,0.26867130398750305,,0.9765310287475586,,,,,,,,,,,1.0,1.0,,,,,3643,,,,0.0,,0.0,,0.0
,,,0.3072916567325592,,1.0,,,,,,,,,,,1.0,1.0,,,,,3644,,,,0.0,,0.0,,0.0
,,,0.18125000596046448,,1.0,,,,,,,,,,,1.0,1.0,,,,,3645,,,,0.0,,0.0,,0.0
,,,0.2621527910232544,,0.9895833730697632,,,,,,,,,,,1.0,1.0,,,,,3646,,,,0.0,,0.0,,0.0
,,,0.091796875,,0.9765625,,,,,,,,,,,1.0,1.0,,,,,3647,,,,0.0,,0.0,,0.0
,,,0.09375,,0.9765625,,,,,,,,,,,1.0,1.0,,,,,3648,,,,0.0,,0.0,,0.0
,,,0.20801033079624176,,0.9532115459442139,,,,,,,,,,,1.0,1.0,,,,,3649,,,,0.0,,0.0,,0.0
,,,0.0712890625,,0.8984375,,,,,,,,,,,1.0,1.0,,,,,3650,,,,0.0,,0.0,,0.0
,,,0.0792410746216774,,0.9296875,,,,,,,,,,,1.0,1.0,,,,,3651,,,,0.0,,0.0,,0.0
,,,0.23854473233222961,,0.9955751895904541,,,,,,,,,,,1.0,1.0,,,,,3652,,,,0.0,,0.0,,0.0
,,,0.19374999403953552,,1.0,,,,,,,,,,,1.0,1.0,,,,,3653,,,,0.0,,0.0,,0.0
,,,0.3255208432674408,,1.0,,,,,,,,,,,1.0,1.0,,,,,3654,,,,0.0,,0.0,,0.0
,,,0.15669190883636475,,0.9772727489471436,,,,,,,,,,,1.0,1.0,,,,,3655,,,,0.0,,0.0,,0.0
,,,0.0373263880610466,,0.9453125,,,,,,,,,,,1.0,1.0,,,,,3656,,,,0.0,,0.0,,0.0
,,,0.03125,,0.9296875,,,,,,,,,,,1.0,1.0,,,,,3657,,,,0.0,,0.0,,0.0
,,,0.21349206566810608,,1.0,,,,,,,,,,,1.0,1.0,,,,,3658,,,,0.0,,0.0,,0.0
,,,0.18906250596046448,,0.9921875,,,,,,,,,,,1.0,1.0,,,,,3659,,,,0.0,,0.0,,0.0
,,,0.23046875,,1.0,,,,,,,,,,,1.0,1.0,,,,,3660,,,,0.0,,0.0,,0.0
,,,0.25844329595565796,,0.9879518151283264,,,,,,,,,,,1.0,1.0,,,,,3661,,,,0.0,,0.0,,0.0
,,,0.1138392835855484,,0.9765625,,,,,,,,,,,1.0,1.0,,,,,3662,,,,0.0,,0.0,,0.0
,,,0.125,,0.96875,,,,,,,,,,,1.0,1.0,,,,,3663,,,,0.0,,0.0,,0.0
,,,0.17228305339813232,,0.9803921580314636,,,,,,,,,,,1.0,1.0,,,,,3664,,,,0.0,,0.0,,0.0
,,,0.1640625,,0.9921875,,,,,,,,,,,1.0,1.0,,,,,3665,,,,0.0,,0.0,,0.0
,,,0.140625,,1.0,,,,,,,,,,,1.0,1.0,,,,,3666,,,,0.0,,0.0,,0.0
,,,0.1829703450202942,,0.9883720874786377,,,,,,,,,,,1.0,1.0,,,,,3667,,,,0.0,,0.0,,0.0
,,,0.06875000149011612,,0.9296875,,,,,,,,,,,1.0,1.0,,,,,3668,,,,0.0,,0.0,,0.0
,,,0.0815972238779068,,0.9453125,,,,,,,,,,,1.0,1.0,,,,,3669,,,,0.0,,0.0,,0.0
,,,0.18054169416427612,,0.9536082744598389,,,,,,,,,,,1.0,1.0,,,,,3670,,,,0.0,,0.0,,0.0
,,,0.0772569477558136,,0.984375,,,,,,,,,,,1.0,1.0,,,,,3671,,,,0.0,,0.0,,0.0
,,,0.0798611119389534,,0.9609375,,,,,,,,,,,1.0,1.0,,,,,3672,,,,0.0,,0.0,,0.0
,,,0.25127550959587097,,0.9955357313156128,,,,,,,,,,,1.0,1.0,,,,,3673,,,,0.0,,0.0,,0.0
,,,0.22265625,,0.9921875,,,,,,,,,,,1.0,1.0,,,,,3674,,,,0.0,,0.0,,0.0
,,,0.17812499403953552,,1.0,,,,,,,,,,,1.0,1.0,,,,,3675,,,,0.0,,0.0,,0.0
,,,0.19436120986938477,,0.9545454978942871,,,,,,,,,,,1.0,1.0,,,,,3676,,,,0.0,,0.0,,0.0
,,,0.1236979141831398,,0.984375,,,,,,,,,,,1.0,1.0,,,,,3677,,,,0.0,,0.0,,0.0
,,,0.0888671875,,0.96875,,,,,,,,,,,1.0,1.0,,,,,3678,,,,0.0,,0.0,,0.0
,,,0.11154855042695999,,0.9842519760131836,,,,,,,,,,,1.0,1.0,,,,,3679,,,,0.0,,0.0,,0.0
39,0.7974503040313721,0.7521587610244751,,0.9726098775863647,,,,,,,,,,,,,,182.6023406982422,25590.806640625,5.207310676574707,415.8394470214844,8839,,,0.0,,0.0,,0.0,
39,,,,,,0.3656414747238159,,0.5446374416351318,,8.94980239868164,,,,,,,,,,,,8839,0.8278337121009827,,,,,,,
,,,,,,,,,,,,,,0.03,0.0004,,,,,,,8849,,,,,,,,
40,,,,,,,0.3604908883571625,,0.5348073244094849,,8.71875,0.00039999998989515007,0.029999999329447746,,,1.0,1.0,,,,,8849,,0.6706260442733765,,,,,,
,,,,,,,,,,,,,,0.03,0.0004,,,,,,,8899,,,,,,,,
40,,,,,,,0.3461354970932007,,0.5267995595932007,,9.03125,0.00039999998989515007,0.029999999329447746,,,1.0,1.0,,,,,8899,,0.5871032476425171,,,,,,
,,,,,,,,,,,,,,0.03,0.0004,,,,,,,8949,,,,,,,,
40,,,,,,,0.34645071625709534,,0.536636233329773,,9.5078125,0.00039999998989515007,0.029999999329447746,,,1.0,1.0,,,,,8949,,0.664720356464386,,,,,,
,,,,,,,,,,,,,,0.03,0.0004,,,,,,,8999,,,,,,,,
40,,,,,,,0.3320189118385315,,0.5143919587135315,,9.1171875,0.00039999998989515007,0.029999999329447746,,,1.0,1.0,,,,,8999,,0.9390217065811157,,,,,,
,,,,,,,,,,,,,,0.03,0.0004,,,,,,,9049,,,,,,,,
40,,,,,,,0.3827146589756012,,0.5545896291732788,,8.59375,0.00039999998989515007,0.029999999329447746,,,1.0,1.0,,,,,9049,,0.7259551286697388,,,,,,
,,,0.125,,0.9921875,,,,,,,,,,,1.0,1.0,,,,,3680,,,,0.0,,0.0,,0.0
,,,0.224609375,,1.0,,,,,,,,,,,1.0,1.0,,,,,3681,,,,0.0,,0.0,,0.0
,,,0.2510870099067688,,0.9765310287475586,,,,,,,,,,,1.0,1.0,,,,,3682,,,,0.0,,0.0,,0.0
,,,0.1339285671710968,,0.9765625,,,,,,,,,,,1.0,1.0,,,,,3683,,,,0.0,,0.0,,0.0
,,,0.1261160671710968,,0.9921875,,,,,,,,,,,1.0,1.0,,,,,3684,,,,0.0,,0.0,,0.0
,,,0.17267628014087677,,0.9647436141967773,,,,,,,,,,,1.0,1.0,,,,,3685,,,,0.0,,0.0,,0.0
,,,0.0581597238779068,,0.953125,,,,,,,,,,,1.0,1.0,,,,,3686,,,,0.0,,0.0,,0.0
,,,0.0555555559694767,,0.9765625,,,,,,,,,,,1.0,1.0,,,,,3687,,,,0.0,,0.0,,0.0
,,,0.1134648397564888,,0.9669811725616455,,,,,,,,,,,1.0,1.0,,,,,3688,,,,0.0,,0.0,,0.0
,,,0.1149553582072258,,0.984375,,,,,,,,,,,1.0,1.0,,,,,3689,,,,0.0,,0.0,,0.0
,,,0.0986328125,,0.9609375,,,,,,,,,,,1.0,1.0,,,,,3690,,,,0.0,,0.0,,0.0
,,,0.099609375,,0.984375,,,,,,,,,,,1.0,1.0,,,,,3691,,,,0.0,,0.0,,0.0
,,,0.2631111145019531,,0.8293333053588867,,,,,,,,,,,1.0,1.0,,,,,3692,,,,0.0,,0.0,,0.0
,,,0.18906250596046448,,1.0,,,,,,,,,,,1.0,1.0,,,,,3693,,,,0.0,,0.0,,0.0
,,,0.1549479216337204,,1.0,,,,,,,,,,,1.0,1.0,,,,,3694,,,,0.0,,0.0,,0.0
,,,0.19994664192199707,,0.9957983493804932,,,,,,,,,,,1.0,1.0,,,,,3695,,,,0.0,,0.0,,0.0
,,,0.0926339253783226,,0.984375,,,,,,,,,,,1.0,1.0,,,,,3696,,,,0.0,,0.0,,0.0
,,,0.0908203125,,0.9921875,,,,,,,,,,,1.0,1.0,,,,,3697,,,,0.0,,0.0,,0.0
,,,0.18817640841007233,,0.9826840162277222,,,,,,,,,,,1.0,1.0,,,,,3698,,,,0.0,,0.0,,0.0
,,,0.1044921875,,0.9921875,,,,,,,,,,,1.0,1.0,,,,,3699,,,,0.0,,0.0,,0.0
,,,0.1458333283662796,,0.984375,,,,,,,,,,,1.0,1.0,,,,,3700,,,,0.0,,0.0,,0.0
,,,0.16701260209083557,,0.9338729381561279,,,,,,,,,,,1.0,1.0,,,,,3701,,,,0.0,,0.0,,0.0
,,,0.0789930522441864,,0.921875,,,,,,,,,,,1.0,1.0,,,,,3702,,,,0.0,,0.0,,0.0
,,,0.0824652761220932,,0.9375,,,,,,,,,,,1.0,1.0,,,,,3703,,,,0.0,,0.0,,0.0
,,,0.182813361287117,,0.9714285731315613,,,,,,,,,,,1.0,1.0,,,,,3704,,,,0.0,,0.0,,0.0
,,,0.19062499701976776,,1.0,,,,,,,,,,,1.0,1.0,,,,,3705,,,,0.0,,0.0,,0.0
,,,0.15625,,1.0,,,,,,,,,,,1.0,1.0,,,,,3706,,,,0.0,,0.0,,0.0
,,,0.21059748530387878,,0.9905660152435303,,,,,,,,,,,1.0,1.0,,,,,3707,,,,0.0,,0.0,,0.0
,,,0.1171875,,0.984375,,,,,,,,,,,1.0,1.0,,,,,3708,,,,0.0,,0.0,,0.0
,,,0.06718750298023224,,0.9296875,,,,,,,,,,,1.0,1.0,,,,,3709,,,,0.0,,0.0,,0.0
,,,0.18571212887763977,,0.970588207244873,,,,,,,,,,,1.0,1.0,,,,,3710,,,,0.0,,0.0,,0.0
,,,0.1471354216337204,,0.9921875,,,,,,,,,,,1.0,1.0,,,,,3711,,,,0.0,,0.0,,0.0
,,,0.140625,,0.9921875,,,,,,,,,,,1.0,1.0,,,,,3712,,,,0.0,,0.0,,0.0
,,,0.2582688331604004,,0.9770935773849487,,,,,,,,,,,1.0,1.0,,,,,3713,,,,0.0,,0.0,,0.0
,,,0.11328125,,0.9765625,,,,,,,,,,,1.0,1.0,,,,,3714,,,,0.0,,0.0,,0.0
,,,0.1510416716337204,,0.984375,,,,,,,,,,,1.0,1.0,,,,,3715,,,,0.0,,0.0,,0.0
,,,0.15689313411712646,,0.953755795955658,,,,,,,,,,,1.0,1.0,,,,,3716,,,,0.0,,0.0,,0.0
,,,0.0616319440305233,,0.9765625,,,,,,,,,,,1.0,1.0,,,,,3717,,,,0.0,,0.0,,0.0
,,,0.05078125,,0.953125,,,,,,,,,,,1.0,1.0,,,,,3718,,,,0.0,,0.0,,0.0
,,,0.12448786199092865,,0.968498170375824,,,,,,,,,,,1.0,1.0,,,,,3719,,,,0.0,,0.0,,0.0
,,,0.1064453125,,0.96875,,,,,,,,,,,1.0,1.0,,,,,3720,,,,0.0,,0.0,,0.0
,,,0.1138392835855484,,0.9921875,,,,,,,,,,,1.0,1.0,,,,,3721,,,,0.0,,0.0,,0.0
,,,0.2487012892961502,,0.9761363863945007,,,,,,,,,,,1.0,1.0,,,,,3722,,,,0.0,,0.0,,0.0
,,,0.1549479216337204,,1.0,,,,,,,,,,,1.0,1.0,,,,,3723,,,,0.0,,0.0,,0.0
,,,0.19218750298023224,,1.0,,,,,,,,,,,1.0,1.0,,,,,3724,,,,0.0,,0.0,,0.0
,,,0.23305919766426086,,0.9852941036224365,,,,,,,,,,,1.0,1.0,,,,,3725,,,,0.0,,0.0,,0.0
,,,0.1080729141831398,,1.0,,,,,,,,,,,1.0,1.0,,,,,3726,,,,0.0,,0.0,,0.0
,,,0.1080729141831398,,0.984375,,,,,,,,,,,1.0,1.0,,,,,3727,,,,0.0,,0.0,,0.0
,,,0.0815972238779068,,0.9921875,,,,,,,,,,,1.0,1.0,,,,,3728,,,,0.0,,0.0,,0.0
,,,0.10826771706342697,,0.9881889820098877,,,,,,,,,,,1.0,1.0,,,,,3729,,,,0.0,,0.0,,0.0
,,,0.1205357164144516,,0.9921875,,,,,,,,,,,1.0,1.0,,,,,3730,,,,0.0,,0.0,,0.0
,,,0.1227678582072258,,0.9765625,,,,,,,,,,,1.0,1.0,,,,,3731,,,,0.0,,0.0,,0.0
,,,0.12729884684085846,,0.8735631704330444,,,,,,,,,,,1.0,1.0,,,,,3732,,,,0.0,,0.0,,0.0
,,,0.078125,,0.890625,,,,,,,,,,,1.0,1.0,,,,,3733,,,,0.0,,0.0,,0.0
,,,0.1037946417927742,,0.96875,,,,,,,,,,,1.0,1.0,,,,,3734,,,,0.0,,0.0,,0.0
,,,0.20306196808815002,,0.9629629850387573,,,,,,,,,,,1.0,1.0,,,,,3735,,,,0.0,,0.0,,0.0
,,,0.19218750298023224,,1.0,,,,,,,,,,,1.0,1.0,,,,,3736,,,,0.0,,0.0,,0.0
,,,0.19062499701976776,,1.0,,,,,,,,,,,1.0,1.0,,,,,3737,,,,0.0,,0.0,,0.0
,,,0.2161458432674408,,0.984375,,,,,,,,,,,1.0,1.0,,,,,3738,,,,0.0,,0.0,,0.0
,,,0.07421875,,0.96875,,,,,,,,,,,1.0,1.0,,,,,3739,,,,0.0,,0.0,,0.0
,,,0.07343749701976776,,0.9609375,,,,,,,,,,,1.0,1.0,,,,,3740,,,,0.0,,0.0,,0.0
,,,0.2350102961063385,,0.976190447807312,,,,,,,,,,,1.0,1.0,,,,,3741,,,,0.0,,0.0,,0.0
,,,0.1238839253783226,,0.9921875,,,,,,,,,,,1.0,1.0,,,,,3742,,,,0.0,,0.0,,0.0
,,,0.140625,,0.984375,,,,,,,,,,,1.0,1.0,,,,,3743,,,,0.0,,0.0,,0.0
,,,0.2743362784385681,,0.9867256879806519,,,,,,,,,,,1.0,1.0,,,,,3744,,,,0.0,,0.0,,0.0
,,,0.1283482164144516,,0.984375,,,,,,,,,,,1.0,1.0,,,,,3745,,,,0.0,,0.0,,0.0
,,,0.18437500298023224,,0.96875,,,,,,,,,,,1.0,1.0,,,,,3746,,,,0.0,,0.0,,0.0
,,,0.16251403093338013,,0.9818181991577148,,,,,,,,,,,1.0,1.0,,,,,3747,,,,0.0,,0.0,,0.0
,,,0.05156249925494194,,0.96875,,,,,,,,,,,1.0,1.0,,,,,3748,,,,0.0,,0.0,,0.0
,,,0.04453124850988388,,0.9375,,,,,,,,,,,1.0,1.0,,,,,3749,,,,0.0,,0.0,,0.0
,,,0.16875000298023224,,0.9907407760620117,,,,,,,,,,,1.0,1.0,,,,,3750,,,,0.0,,0.0,,0.0
,,,0.0920138880610466,,0.96875,,,,,,,,,,,1.0,1.0,,,,,3751,,,,0.0,,0.0,,0.0
,,,0.1354166716337204,,1.0,,,,,,,,,,,1.0,1.0,,,,,3752,,,,0.0,,0.0,,0.0
,,,0.2563396394252777,,0.971753716468811,,,,,,,,,,,1.0,1.0,,,,,3753,,,,0.0,,0.0,,0.0
,,,0.19062499701976776,,1.0,,,,,,,,,,,1.0,1.0,,,,,3754,,,,0.0,,0.0,,0.0
,,,0.240234375,,1.0,,,,,,,,,,,1.0,1.0,,,,,3755,,,,0.0,,0.0,,0.0
,,,0.21510422229766846,,0.9935064911842346,,,,,,,,,,,1.0,1.0,,,,,3756,,,,0.0,,0.0,,0.0
,,,0.09375,,0.9921875,,,,,,,,,,,1.0,1.0,,,,,3757,,,,0.0,,0.0,,0.0
,,,0.1015625,,0.9921875,,,,,,,,,,,1.0,1.0,,,,,3758,,,,0.0,,0.0,,0.0
,,,0.20466500520706177,,0.9941860437393188,,,,,,,,,,,1.0,1.0,,,,,3759,,,,0.0,,0.0,,0.0
,,,0.1044921875,,0.9765625,,,,,,,,,,,1.0,1.0,,,,,3760,,,,0.0,,0.0,,0.0
,,,0.1216517835855484,,0.984375,,,,,,,,,,,1.0,1.0,,,,,3761,,,,0.0,,0.0,,0.0
,,,0.184827983379364,,0.9419687390327454,,,,,,,,,,,1.0,1.0,,,,,3762,,,,0.0,,0.0,,0.0
,,,0.0859375,,0.9140625,,,,,,,,,,,1.0,1.0,,,,,3763,,,,0.0,,0.0,,0.0
,,,0.0755208358168602,,0.8984375,,,,,,,,,,,1.0,1.0,,,,,3764,,,,0.0,,0.0,,0.0
,,,0.1875,,0.9821428656578064,,,,,,,,,,,1.0,1.0,,,,,3765,,,,0.0,,0.0,,0.0
,,,0.1549479216337204,,1.0,,,,,,,,,,,1.0,1.0,,,,,3766,,,,0.0,,0.0,,0.0
,,,0.1875,,1.0,,,,,,,,,,,1.0,1.0,,,,,3767,,,,0.0,,0.0,,0.0
,,,0.21589523553848267,,0.9545454978942871,,,,,,,,,,,1.0,1.0,,,,,3768,,,,0.0,,0.0,,0.0
,,,0.1127232164144516,,0.96875,,,,,,,,,,,1.0,1.0,,,,,3769,,,,0.0,,0.0,,0.0
,,,0.07421875,,0.953125,,,,,,,,,,,1.0,1.0,,,,,3770,,,,0.0,,0.0,,0.0
,,,0.07244094461202621,,0.9685039520263672,,,,,,,,,,,1.0,1.0,,,,,3771,,,,0.0,,0.0,,0.0
40,0.8034932613372803,0.7948018312454224,,0.9759359359741211,,,,,,,,,,,,,,183.5603485107422,24755.5859375,5.212543487548828,415.4474182128906,9060,,,0.0,,0.0,,0.0,
40,,,,,,0.3610127568244934,,0.540770947933197,,8.987821578979492,,,,,,,,,,,,9060,0.8630409836769104,,,,,,,
,,,,,,,,,,,,,,0.03,0.0004,,,,,,,9099,,,,,,,,
41,,,,,,,0.3630531430244446,,0.5299232602119446,,8.34375,0.00039999998989515007,0.029999999329447746,,,1.0,1.0,,,,,9099,,0.5535498857498169,,,,,,
,,,,,,,,,,,,,,0.03,0.0004,,,,,,,9149,,,,,,,,
41,,,,,,,0.3500673174858093,,0.5325624346733093,,9.125,0.00039999998989515007,0.029999999329447746,,,1.0,1.0,,,,,9149,,0.6160122156143188,,,,,,
,,,,,,,,,,,,,,0.03,0.0004,,,,,,,9199,,,,,,,,
41,,,,,,,0.33531850576400757,,0.5154942870140076,,9.0078125,0.00039999998989515007,0.029999999329447746,,,1.0,1.0,,,,,9199,,0.8212375640869141,,,,,,
,,,,,,,,,,,,,,0.03,0.0004,,,,,,,9249,,,,,,,,
41,,,,,,,0.37828102707862854,,0.5611423254013062,,9.140625,0.00039999998989515007,0.029999999329447746,,,1.0,1.0,,,,,9249,,0.8800092339515686,,,,,,
,,,0.1060267835855484,,0.984375,,,,,,,,,,,1.0,1.0,,,,,3772,,,,0.0,,0.0,,0.0
,,,0.189453125,,0.9921875,,,,,,,,,,,1.0,1.0,,,,,3773,,,,0.0,,0.0,,0.0
,,,0.20980015397071838,,0.9666299819946289,,,,,,,,,,,1.0,1.0,,,,,3774,,,,0.0,,0.0,,0.0
,,,0.1549479216337204,,0.984375,,,,,,,,,,,1.0,1.0,,,,,3775,,,,0.0,,0.0,,0.0
,,,0.1238839253783226,,0.984375,,,,,,,,,,,1.0,1.0,,,,,3776,,,,0.0,,0.0,,0.0
,,,0.2708333134651184,,0.990384578704834,,,,,,,,,,,1.0,1.0,,,,,3777,,,,0.0,,0.0,,0.0
,,,0.0830078125,,1.0,,,,,,,,,,,1.0,1.0,,,,,3778,,,,0.0,,0.0,,0.0
,,,0.0830078125,,1.0,,,,,,,,,,,1.0,1.0,,,,,3779,,,,0.0,,0.0,,0.0
,,,0.10348770022392273,,0.927101194858551,,,,,,,,,,,1.0,1.0,,,,,3780,,,,0.0,,0.0,,0.0
,,,0.0419921875,,0.828125,,,,,,,,,,,1.0,1.0,,,,,3781,,,,0.0,,0.0,,0.0
,,,0.0479910708963871,,0.7890625,,,,,,,,,,,1.0,1.0,,,,,3782,,,,0.0,,0.0,,0.0
,,,0.0546875,,0.8359375,,,,,,,,,,,1.0,1.0,,,,,3783,,,,0.0,,0.0,,0.0
,,,0.25911110639572144,,0.8293333053588867,,,,,,,,,,,1.0,1.0,,,,,3784,,,,0.0,,0.0,,0.0
,,,0.1216517835855484,,1.0,,,,,,,,,,,1.0,1.0,,,,,3785,,,,0.0,,0.0,,0.0
,,,0.140625,,0.984375,,,,,,,,,,,1.0,1.0,,,,,3786,,,,0.0,,0.0,,0.0
,,,0.34211018681526184,,1.0,,,,,,,,,,,1.0,1.0,,,,,3787,,,,0.0,,0.0,,0.0
,,,0.228515625,,1.0,,,,,,,,,,,1.0,1.0,,,,,3788,,,,0.0,,0.0,,0.0
,,,0.18593749403953552,,1.0,,,,,,,,,,,1.0,1.0,,,,,3789,,,,0.0,,0.0,,0.0
,,,0.2784993052482605,,0.9642857313156128,,,,,,,,,,,1.0,1.0,,,,,3790,,,,0.0,,0.0,,0.0
,,,0.0908203125,,0.9296875,,,,,,,,,,,1.0,1.0,,,,,3791,,,,0.0,,0.0,,0.0
,,,0.1071428582072258,,0.9609375,,,,,,,,,,,1.0,1.0,,,,,3792,,,,0.0,,0.0,,0.0
,,,0.15038052201271057,,0.8975093364715576,,,,,,,,,,,1.0,1.0,,,,,3793,,,,0.0,,0.0,,0.0
,,,0.0815972238779068,,0.9140625,,,,,,,,,,,1.0,1.0,,,,,3794,,,,0.0,,0.0,,0.0
,,,0.0894097238779068,,0.9296875,,,,,,,,,,,1.0,1.0,,,,,3795,,,,0.0,,0.0,,0.0
,,,0.2280084490776062,,0.9699507355690002,,,,,,,,,,,1.0,1.0,,,,,3796,,,,0.0,,0.0,,0.0
,,,0.2864583432674408,,0.9921875,,,,,,,,,,,1.0,1.0,,,,,3797,,,,0.0,,0.0,,0.0
,,,0.16249999403953552,,0.984375,,,,,,,,,,,1.0,1.0,,,,,3798,,,,0.0,,0.0,,0.0
,,,0.25911951065063477,,1.0,,,,,,,,,,,1.0,1.0,,,,,3799,,,,0.0,,0.0,,0.0
,,,0.140625,,1.0,,,,,,,,,,,1.0,1.0,,,,,3800,,,,0.0,,0.0,,0.0
,,,0.09765625,,0.984375,,,,,,,,,,,1.0,1.0,,,,,3801,,,,0.0,,0.0,,0.0
,,,0.2709530293941498,,0.9823529720306396,,,,,,,,,,,1.0,1.0,,,,,3802,,,,0.0,,0.0,,0.0
,,,0.1037946417927742,,0.984375,,,,,,,,,,,1.0,1.0,,,,,3803,,,,0.0,,0.0,,0.0
,,,0.15000000596046448,,0.9921875,,,,,,,,,,,1.0,1.0,,,,,3804,,,,0.0,,0.0,,0.0
,,,0.21520936489105225,,0.9684728980064392,,,,,,,,,,,1.0,1.0,,,,,3805,,,,0.0,,0.0,,0.0
,,,0.1283482164144516,,0.9765625,,,,,,,,,,,1.0,1.0,,,,,3806,,,,0.0,,0.0,,0.0
,,,0.125,,0.984375,,,,,,,,,,,1.0,1.0,,,,,3807,,,,0.0,,0.0,,0.0
,,,0.19815880060195923,,0.9754098653793335,,,,,,,,,,,1.0,1.0,,,,,3808,,,,0.0,,0.0,,0.0
,,,0.0755208358168602,,1.0,,,,,,,,,,,1.0,1.0,,,,,3809,,,,0.0,,0.0,,0.0
,,,0.0892857164144516,,0.9921875,,,,,,,,,,,1.0,1.0,,,,,3810,,,,0.0,,0.0,,0.0
,,,0.10986298322677612,,0.8999999761581421,,,,,,,,,,,1.0,1.0,,,,,3811,,,,0.0,,0.0,,0.0
,,,0.0478515625,,0.8515625,,,,,,,,,,,1.0,1.0,,,,,3812,,,,0.0,,0.0,,0.0
,,,0.0559895820915699,,0.8359375,,,,,,,,,,,1.0,1.0,,,,,3813,,,,0.0,,0.0,,0.0
,,,0.16493506729602814,,0.9136363863945007,,,,,,,,,,,1.0,1.0,,,,,3814,,,,0.0,,0.0,,0.0
,,,0.1484375,,1.0,,,,,,,,,,,1.0,1.0,,,,,3815,,,,0.0,,0.0,,0.0
,,,0.1272321492433548,,1.0,,,,,,,,,,,1.0,1.0,,,,,3816,,,,0.0,,0.0,,0.0
,,,0.29870671033859253,,0.9946808815002441,,,,,,,,,,,1.0,1.0,,,,,3817,,,,0.0,,0.0,,0.0
,,,0.19062499701976776,,1.0,,,,,,,,,,,1.0,1.0,,,,,3818,,,,0.0,,0.0,,0.0
,,,0.18593749403953552,,1.0,,,,,,,,,,,1.0,1.0,,,,,3819,,,,0.0,,0.0,,0.0
,,,0.1536458283662796,,1.0,,,,,,,,,,,1.0,1.0,,,,,3820,,,,0.0,,0.0,,0.0
,,,0.10798650234937668,,0.960629940032959,,,,,,,,,,,1.0,1.0,,,,,3821,,,,0.0,,0.0,,0.0
,,,0.1060267835855484,,0.9453125,,,,,,,,,,,1.0,1.0,,,,,3822,,,,0.0,,0.0,,0.0
,,,0.0993303582072258,,0.9296875,,,,,,,,,,,1.0,1.0,,,,,3823,,,,0.0,,0.0,,0.0
,,,0.12037037312984467,,0.8318965435028076,,,,,,,,,,,1.0,1.0,,,,,3824,,,,0.0,,0.0,,0.0
,,,0.091796875,,0.921875,,,,,,,,,,,1.0,1.0,,,,,3825,,,,0.0,,0.0,,0.0
,,,0.1044921875,,0.9453125,,,,,,,,,,,1.0,1.0,,,,,3826,,,,0.0,,0.0,,0.0
,,,0.2682434916496277,,0.9580124616622925,,,,,,,,,,,1.0,1.0,,,,,3827,,,,0.0,,0.0,,0.0
,,,0.2760416567325592,,0.9921875,,,,,,,,,,,1.0,1.0,,,,,3828,,,,0.0,,0.0,,0.0
,,,0.15625,,0.9765625,,,,,,,,,,,1.0,1.0,,,,,3829,,,,0.0,,0.0,,0.0
,,,0.4088541865348816,,0.9947916269302368,,,,,,,,,,,1.0,1.0,,,,,3830,,,,0.0,,0.0,,0.0
,,,0.099609375,,0.9921875,,,,,,,,,,,1.0,1.0,,,,,3831,,,,0.0,,0.0,,0.0
,,,0.1380208283662796,,0.9921875,,,,,,,,,,,1.0,1.0,,,,,3832,,,,0.0,,0.0,,0.0
,,,0.25895166397094727,,0.988095223903656,,,,,,,,,,,1.0,1.0,,,,,3833,,,,0.0,,0.0,,0.0
,,,0.12109375,,0.984375,,,,,,,,,,,1.0,1.0,,,,,3834,,,,0.0,,0.0,,0.0
,,,0.109375,,0.96875,,,,,,,,,,,1.0,1.0,,,,,3835,,,,0.0,,0.0,,0.0
,,,0.21393805742263794,,0.991150438785553,,,,,,,,,,,1.0,1.0,,,,,3836,,,,0.0,,0.0,,0.0
,,,0.1261160671710968,,0.96875,,,,,,,,,,,1.0,1.0,,,,,3837,,,,0.0,,0.0,,0.0
,,,0.1497395783662796,,0.9765625,,,,,,,,,,,1.0,1.0,,,,,3838,,,,0.0,,0.0,,0.0
,,,0.17777776718139648,,0.9722222089767456,,,,,,,,,,,1.0,1.0,,,,,3839,,,,0.0,,0.0,,0.0
,,,0.0720486119389534,,1.0,,,,,,,,,,,1.0,1.0,,,,,3840,,,,0.0,,0.0,,0.0
,,,0.0771484375,,0.9921875,,,,,,,,,,,1.0,1.0,,,,,3841,,,,0.0,,0.0,,0.0
,,,0.17380952835083008,,0.9166666269302368,,,,,,,,,,,1.0,1.0,,,,,3842,,,,0.0,,0.0,,0.0
,,,0.0390625,,0.8359375,,,,,,,,,,,1.0,1.0,,,,,3843,,,,0.0,,0.0,,0.0
,,,0.0533854179084301,,0.875,,,,,,,,,,,1.0,1.0,,,,,3844,,,,0.0,,0.0,,0.0
,,,0.21186970174312592,,0.8939759135246277,,,,,,,,,,,1.0,1.0,,,,,3845,,,,0.0,,0.0,,0.0
,,,0.125,,1.0,,,,,,,,,,,1.0,1.0,,,,,3846,,,,0.0,,0.0,,0.0
,,,0.17499999701976776,,1.0,,,,,,,,,,,1.0,1.0,,,,,3847,,,,0.0,,0.0,,0.0
,,,0.2952635586261749,,0.9901961088180542,,,,,,,,,,,1.0,1.0,,,,,3848,,,,0.0,,0.0,,0.0
,,,0.1875,,1.0,,,,,,,,,,,1.0,1.0,,,,,3849,,,,0.0,,0.0,,0.0
,,,0.15625,,1.0,,,,,,,,,,,1.0,1.0,,,,,3850,,,,0.0,,0.0,,0.0
,,,0.24181300401687622,,0.976190447807312,,,,,,,,,,,1.0,1.0,,,,,3851,,,,0.0,,0.0,,0.0
,,,0.087890625,,0.9296875,,,,,,,,,,,1.0,1.0,,,,,3852,,,,0.0,,0.0,,0.0
,,,0.091796875,,0.953125,,,,,,,,,,,1.0,1.0,,,,,3853,,,,0.0,,0.0,,0.0
,,,0.19940970838069916,,0.9213501811027527,,,,,,,,,,,1.0,1.0,,,,,3854,,,,0.0,,0.0,,0.0
,,,0.0888671875,,0.8984375,,,,,,,,,,,1.0,1.0,,,,,3855,,,,0.0,,0.0,,0.0
,,,0.091796875,,0.9140625,,,,,,,,,,,1.0,1.0,,,,,3856,,,,0.0,,0.0,,0.0
,,,0.2075892835855484,,0.9776785373687744,,,,,,,,,,,1.0,1.0,,,,,3857,,,,0.0,,0.0,,0.0
,,,0.212890625,,0.9921875,,,,,,,,,,,1.0,1.0,,,,,3858,,,,0.0,,0.0,,0.0
,,,0.16093750298023224,,0.9921875,,,,,,,,,,,1.0,1.0,,,,,3859,,,,0.0,,0.0,,0.0
,,,0.2993007302284241,,0.9914529919624329,,,,,,,,,,,1.0,1.0,,,,,3860,,,,0.0,,0.0,,0.0
,,,0.15937499701976776,,0.9921875,,,,,,,,,,,1.0,1.0,,,,,3861,,,,0.0,,0.0,,0.0
,,,0.1005859375,,0.9921875,,,,,,,,,,,1.0,1.0,,,,,3862,,,,0.0,,0.0,,0.0
,,,0.16220471262931824,,0.9842519760131836,,,,,,,,,,,1.0,1.0,,,,,3863,,,,0.0,,0.0,,0.0
41,0.8054779767990112,0.755892276763916,,0.9620357751846313,,,,,,,,,,,,,,183.3806610107422,24308.396484375,5.211564064025879,412.6484069824219,9281,,,0.0,,0.0,,0.0,
41,,,,,,0.35987594723701477,,0.5392817258834839,,8.970199584960938,,,,,,,,,,,,9281,0.812181293964386,,,,,,,
,,,,,,,,,,,,,,0.03,0.0004,,,,,,,9299,,,,,,,,
42,,,,,,,0.3612065315246582,,0.5360112190246582,,8.7421875,0.00039999998989515007,0.029999999329447746,,,1.0,1.0,,,,,9299,,0.6616568565368652,,,,,,
,,,,,,,,,,,,,,0.03,0.0004,,,,,,,9349,,,,,,,,
42,,,,,,,0.35177454352378845,,0.5343917608261108,,9.1328125,0.00039999998989515007,0.029999999329447746,,,1.0,1.0,,,,,9349,,0.6680553555488586,,,,,,
,,,,,,,,,,,,,,0.03,0.0004,,,,,,,9399,,,,,,,,
42,,,,,,,0.35094910860061646,,0.5411346554756165,,9.5078125,0.00039999998989515007,0.029999999329447746,,,1.0,1.0,,,,,9399,,0.9925984144210815,,,,,,
,,,,,,,,,,,,,,0.03,0.0004,,,,,,,9449,,,,,,,,
42,,,,,,,0.3604027032852173,,0.5347191095352173,,8.71875,0.00039999998989515007,0.029999999329447746,,,1.0,1.0,,,,,9449,,0.7363348007202148,,,,,,
,,,,,,,,,,,,,,0.03,0.0004,,,,,,,9499,,,,,,,,
42,,,,,,,0.3424353003501892,,0.5189489722251892,,8.828125,0.00039999998989515007,0.029999999329447746,,,1.0,1.0,,,,,9499,,0.6824389696121216,,,,,,
,,,0.1305803507566452,,0.9921875,,,,,,,,,,,1.0,1.0,,,,,3864,,,,0.0,,0.0,,0.0
,,,0.18437500298023224,,1.0,,,,,,,,,,,1.0,1.0,,,,,3865,,,,0.0,,0.0,,0.0
,,,0.19779060781002045,,0.9765310287475586,,,,,,,,,,,1.0,1.0,,,,,3866,,,,0.0,,0.0,,0.0
,,,0.1419270783662796,,0.984375,,,,,,,,,,,1.0,1.0,,,,,3867,,,,0.0,,0.0,,0.0
,,,0.1341145783662796,,0.9609375,,,,,,,,,,,1.0,1.0,,,,,3868,,,,0.0,,0.0,,0.0
,,,0.20753204822540283,,0.990384578704834,,,,,,,,,,,1.0,1.0,,,,,3869,,,,0.0,,0.0,,0.0
,,,0.1025390625,,1.0,,,,,,,,,,,1.0,1.0,,,,,3870,,,,0.0,,0.0,,0.0
,,,0.1138392835855484,,1.0,,,,,,,,,,,1.0,1.0,,,,,3871,,,,0.0,,0.0,,0.0
,,,0.25630971789360046,,1.0,,,,,,,,,,,1.0,1.0,,,,,3872,,,,0.0,,0.0,,0.0
,,,0.19218750298023224,,1.0,,,,,,,,,,,1.0,1.0,,,,,3873,,,,0.0,,0.0,,0.0
,,,0.1294642835855484,,0.984375,,,,,,,,,,,1.0,1.0,,,,,3874,,,,0.0,,0.0,,0.0
,,,0.1123046875,,1.0,,,,,,,,,,,1.0,1.0,,,,,3875,,,,0.0,,0.0,,0.0
,,,0.22323811054229736,,1.0,,,,,,,,,,,1.0,1.0,,,,,3876,,,,0.0,,0.0,,0.0
,,,0.15234375,,1.0,,,,,,,,,,,1.0,1.0,,,,,3877,,,,0.0,,0.0,,0.0
,,,0.1419270783662796,,0.9921875,,,,,,,,,,,1.0,1.0,,,,,3878,,,,0.0,,0.0,,0.0
,,,0.166549950838089,,0.9663865566253662,,,,,,,,,,,1.0,1.0,,,,,3879,,,,0.0,,0.0,,0.0
,,,0.0634765625,,0.921875,,,,,,,,,,,1.0,1.0,,,,,3880,,,,0.0,,0.0,,0.0
,,,0.064453125,,0.9375,,,,,,,,,,,1.0,1.0,,,,,3881,,,,0.0,,0.0,,0.0
,,,0.15608465671539307,,0.9204545021057129,,,,,,,,,,,1.0,1.0,,,,,3882,,,,0.0,,0.0,,0.0
,,,0.1497395783662796,,0.9921875,,,,,,,,,,,1.0,1.0,,,,,3883,,,,0.0,,0.0,,0.0
,,,0.1458333283662796,,1.0,,,,,,,,,,,1.0,1.0,,,,,3884,,,,0.0,,0.0,,0.0
,,,0.16903278231620789,,0.9292652606964111,,,,,,,,,,,1.0,1.0,,,,,3885,,,,0.0,,0.0,,0.0
,,,0.08203125,,0.9296875,,,,,,,,,,,1.0,1.0,,,,,3886,,,,0.0,,0.0,,0.0
,,,0.0927734375,,0.9375,,,,,,,,,,,1.0,1.0,,,,,3887,,,,0.0,,0.0,,0.0
,,,0.1748221069574356,,0.947044312953949,,,,,,,,,,,1.0,1.0,,,,,3888,,,,0.0,,0.0,,0.0
,,,0.17499999701976776,,0.984375,,,,,,,,,,,1.0,1.0,,,,,3889,,,,0.0,,0.0,,0.0
,,,0.1393229216337204,,1.0,,,,,,,,,,,1.0,1.0,,,,,3890,,,,0.0,,0.0,,0.0
,,,0.1932390034198761,,0.9744654297828674,,,,,,,,,,,1.0,1.0,,,,,3891,,,,0.0,,0.0,,0.0
,,,0.15937499701976776,,0.9921875,,,,,,,,,,,1.0,1.0,,,,,3892,,,,0.0,,0.0,,0.0
,,,0.0869140625,,0.984375,,,,,,,,,,,1.0,1.0,,,,,3893,,,,0.0,,0.0,,0.0
,,,0.2437756359577179,,0.9882352948188782,,,,,,,,,,,1.0,1.0,,,,,3894,,,,0.0,,0.0,,0.0
,,,0.1484375,,0.9921875,,,,,,,,,,,1.0,1.0,,,,,3895,,,,0.0,,0.0,,0.0
,,,0.125,,1.0,,,,,,,,,,,1.0,1.0,,,,,3896,,,,0.0,,0.0,,0.0
,,,0.28850576281547546,,0.984236478805542,,,,,,,,,,,1.0,1.0,,,,,3897,,,,0.0,,0.0,,0.0
,,,0.1104910746216774,,0.96875,,,,,,,,,,,1.0,1.0,,,,,3898,,,,0.0,,0.0,,0.0
,,,0.1183035746216774,,0.9609375,,,,,,,,,,,1.0,1.0,,,,,3899,,,,0.0,,0.0,,0.0
,,,0.19350990653038025,,0.9836065769195557,,,,,,,,,,,1.0,1.0,,,,,3900,,,,0.0,,0.0,,0.0
,,,0.1044921875,,1.0,,,,,,,,,,,1.0,1.0,,,,,3901,,,,0.0,,0.0,,0.0
,,,0.1138392835855484,,1.0,,,,,,,,,,,1.0,1.0,,,,,3902,,,,0.0,,0.0,,0.0
,,,0.22432845830917358,,1.0,,,,,,,,,,,1.0,1.0,,,,,3903,,,,0.0,,0.0,,0.0
,,,0.1350446492433548,,0.9921875,,,,,,,,,,,1.0,1.0,,,,,3904,,,,0.0,,0.0,,0.0
,,,0.1142578125,,0.9921875,,,,,,,,,,,1.0,1.0,,,,,3905,,,,0.0,,0.0,,0.0
,,,0.2564935088157654,,0.987500011920929,,,,,,,,,,,1.0,1.0,,,,,3906,,,,0.0,,0.0,,0.0
,,,0.1497395783662796,,1.0,,,,,,,,,,,1.0,1.0,,,,,3907,,,,0.0,,0.0,,0.0
,,,0.15234375,,1.0,,,,,,,,,,,1.0,1.0,,,,,3908,,,,0.0,,0.0,,0.0
,,,0.1638767272233963,,0.9799749851226807,,,,,,,,,,,1.0,1.0,,,,,3909,,,,0.0,,0.0,,0.0
,,,0.0837053582072258,,0.9140625,,,,,,,,,,,1.0,1.0,,,,,3910,,,,0.0,,0.0,,0.0
,,,0.05859375,,0.9453125,,,,,,,,,,,1.0,1.0,,,,,3911,,,,0.0,,0.0,,0.0
,,,0.0598958320915699,,0.8984375,,,,,,,,,,,1.0,1.0,,,,,3912,,,,0.0,,0.0,,0.0
,,,0.09798774868249893,,0.9960629940032959,,,,,,,,,,,1.0,1.0,,,,,3913,,,,0.0,,0.0,,0.0
,,,0.1536458283662796,,0.9921875,,,,,,,,,,,1.0,1.0,,,,,3914,,,,0.0,,0.0,,0.0
,,,0.171875,,0.984375,,,,,,,,,,,1.0,1.0,,,,,3915,,,,0.0,,0.0,,0.0
,,,0.14974457025527954,,0.9396551847457886,,,,,,,,,,,1.0,1.0,,,,,3916,,,,0.0,,0.0,,0.0
,,,0.0772569477558136,,0.9140625,,,,,,,,,,,1.0,1.0,,,,,3917,,,,0.0,,0.0,,0.0
,,,0.095703125,,0.96875,,,,,,,,,,,1.0,1.0,,,,,3918,,,,0.0,,0.0,,0.0
,,,0.1888522207736969,,0.9530619382858276,,,,,,,,,,,1.0,1.0,,,,,3919,,,,0.0,,0.0,,0.0
,,,0.1796875,,0.9921875,,,,,,,,,,,1.0,1.0,,,,,3920,,,,0.0,,0.0,,0.0
,,,0.1380208283662796,,1.0,,,,,,,,,,,1.0,1.0,,,,,3921,,,,0.0,,0.0,,0.0
,,,0.19921875,,0.96875,,,,,,,,,,,1.0,1.0,,,,,3922,,,,0.0,,0.0,,0.0
,,,0.125,,0.9765625,,,,,,,,,,,1.0,1.0,,,,,3923,,,,0.0,,0.0,,0.0
,,,0.1071428582072258,,0.984375,,,,,,,,,,,1.0,1.0,,,,,3924,,,,0.0,,0.0,,0.0
,,,0.24173390865325928,,0.988095223903656,,,,,,,,,,,1.0,1.0,,,,,3925,,,,0.0,,0.0,,0.0
,,,0.1484375,,0.9921875,,,,,,,,,,,1.0,1.0,,,,,3926,,,,0.0,,0.0,,0.0
,,,0.125,,0.984375,,,,,,,,,,,1.0,1.0,,,,,3927,,,,0.0,,0.0,,0.0
,,,0.2566371560096741,,0.991150438785553,,,,,,,,,,,1.0,1.0,,,,,3928,,,,0.0,,0.0,,0.0
,,,0.0986328125,,0.96875,,,,,,,,,,,1.0,1.0,,,,,3929,,,,0.0,,0.0,,0.0
,,,0.1160714253783226,,0.9609375,,,,,,,,,,,1.0,1.0,,,,,3930,,,,0.0,,0.0,,0.0
,,,0.18446969985961914,,0.9722222089767456,,,,,,,,,,,1.0,1.0,,,,,3931,,,,0.0,,0.0,,0.0
,,,0.1160714253783226,,1.0,,,,,,,,,,,1.0,1.0,,,,,3932,,,,0.0,,0.0,,0.0
,,,0.0966796875,,1.0,,,,,,,,,,,1.0,1.0,,,,,3933,,,,0.0,,0.0,,0.0
,,,0.27328041195869446,,1.0,,,,,,,,,,,1.0,1.0,,,,,3934,,,,0.0,,0.0,,0.0
,,,0.1142578125,,0.984375,,,,,,,,,,,1.0,1.0,,,,,3935,,,,0.0,,0.0,,0.0
,,,0.1549479216337204,,1.0,,,,,,,,,,,1.0,1.0,,,,,3936,,,,0.0,,0.0,,0.0
,,,0.30075860023498535,,0.9939758777618408,,,,,,,,,,,1.0,1.0,,,,,3937,,,,0.0,,0.0,,0.0
,,,0.1497395783662796,,1.0,,,,,,,,,,,1.0,1.0,,,,,3938,,,,0.0,,0.0,,0.0
,,,0.1536458283662796,,1.0,,,,,,,,,,,1.0,1.0,,,,,3939,,,,0.0,,0.0,,0.0
,,,0.1580723226070404,,0.9805194735527039,,,,,,,,,,,1.0,1.0,,,,,3940,,,,0.0,,0.0,,0.0
,,,0.0693359375,,0.9140625,,,,,,,,,,,1.0,1.0,,,,,3941,,,,0.0,,0.0,,0.0
,,,0.0747767835855484,,0.921875,,,,,,,,,,,1.0,1.0,,,,,3942,,,,0.0,,0.0,,0.0
,,,0.18445459008216858,,0.9476743936538696,,,,,,,,,,,1.0,1.0,,,,,3943,,,,0.0,,0.0,,0.0
,,,0.1261160671710968,,0.9921875,,,,,,,,,,,1.0,1.0,,,,,3944,,,,0.0,,0.0,,0.0
,,,0.14453125,,0.9921875,,,,,,,,,,,1.0,1.0,,,,,3945,,,,0.0,,0.0,,0.0
,,,0.2405814826488495,,0.9574326276779175,,,,,,,,,,,1.0,1.0,,,,,3946,,,,0.0,,0.0,,0.0
,,,0.0720486119389534,,0.8984375,,,,,,,,,,,1.0,1.0,,,,,3947,,,,0.0,,0.0,,0.0
,,,0.0789930522441864,,0.9140625,,,,,,,,,,,1.0,1.0,,,,,3948,,,,0.0,,0.0,,0.0
,,,0.1696428656578064,,0.9821428656578064,,,,,,,,,,,1.0,1.0,,,,,3949,,,,0.0,,0.0,,0.0
,,,0.14453125,,0.984375,,,,,,,,,,,1.0,1.0,,,,,3950,,,,0.0,,0.0,,0.0
,,,0.171875,,0.9921875,,,,,,,,,,,1.0,1.0,,,,,3951,,,,0.0,,0.0,,0.0
,,,0.21178820729255676,,0.9502719640731812,,,,,,,,,,,1.0,1.0,,,,,3952,,,,0.0,,0.0,,0.0
,,,0.099609375,,0.9765625,,,,,,,,,,,1.0,1.0,,,,,3953,,,,0.0,,0.0,,0.0
,,,0.0908203125,,0.984375,,,,,,,,,,,1.0,1.0,,,,,3954,,,,0.0,,0.0,,0.0
,,,0.10798650234937668,,0.9842519760131836,,,,,,,,,,,1.0,1.0,,,,,3955,,,,0.0,,0.0,,0.0
42,0.8115847110748291,0.8055897951126099,,0.9761165380477905,,,,,,,,,,,,,,184.1890106201172,23961.1015625,5.2159624099731445,412.2168273925781,9502,,,0.0,,0.0,,0.0,
42,,,,,,0.35445505380630493,,0.5327591300010681,,8.915441513061523,,,,,,,,,,,,9502,0.8251098394393921,,,,,,,
,,,,,,,,,,,,,,0.03,0.0004,,,,,,,9549,,,,,,,,
43,,,,,,,0.3450620770454407,,0.5203550457954407,,8.765625,0.00039999998989515007,0.029999999329447746,,,1.0,1.0,,,,,9549,,1.1745796203613281,,,,,,
,,,,,,,,,,,,,,0.03,0.0004,,,,,,,9599,,,,,,,,
43,,,,,,,0.3526407778263092,,0.5339151620864868,,9.0625,0.00039999998989515007,0.029999999329447746,,,1.0,1.0,,,,,9599,,0.8016495704650879,,,,,,
,,,,,,,,,,,,,,0.03,0.0004,,,,,,,9649,,,,,,,,
43,,,,,,,0.32169196009635925,,0.49368903040885925,,8.6015625,0.00039999998989515007,0.029999999329447746,,,1.0,1.0,,,,,9649,,0.5992302298545837,,,,,,
,,,,,,,,,,,,,,0.03,0.0004,,,,,,,9699,,,,,,,,
43,,,,,,,0.3564068675041199,,0.5404888987541199,,9.203125,0.00039999998989515007,0.029999999329447746,,,1.0,1.0,,,,,9699,,0.9020205736160278,,,,,,
,,,0.109375,,0.9765625,,,,,,,,,,,1.0,1.0,,,,,3956,,,,0.0,,0.0,,0.0
,,,0.16562500596046448,,1.0,,,,,,,,,,,1.0,1.0,,,,,3957,,,,0.0,,0.0,,0.0
,,,0.2507203221321106,,0.9616795182228088,,,,,,,,,,,1.0,1.0,,,,,3958,,,,0.0,,0.0,,0.0
,,,0.18906250596046448,,1.0,,,,,,,,,,,1.0,1.0,,,,,3959,,,,0.0,,0.0,,0.0
,,,0.1350446492433548,,1.0,,,,,,,,,,,1.0,1.0,,,,,3960,,,,0.0,,0.0,,0.0
,,,0.19688643515110016,,0.9535256624221802,,,,,,,,,,,1.0,1.0,,,,,3961,,,,0.0,,0.0,,0.0
,,,0.04296875,,0.9375,,,,,,,,,,,1.0,1.0,,,,,3962,,,,0.0,,0.0,,0.0
,,,0.0512152761220932,,0.953125,,,,,,,,,,,1.0,1.0,,,,,3963,,,,0.0,,0.0,,0.0
,,,0.14817991852760315,,0.9811320900917053,,,,,,,,,,,1.0,1.0,,,,,3964,,,,0.0,,0.0,,0.0
,,,0.1575520783662796,,1.0,,,,,,,,,,,1.0,1.0,,,,,3965,,,,0.0,,0.0,,0.0
,,,0.18281249701976776,,0.9921875,,,,,,,,,,,1.0,1.0,,,,,3966,,,,0.0,,0.0,,0.0
,,,0.18437500298023224,,1.0,,,,,,,,,,,1.0,1.0,,,,,3967,,,,0.0,,0.0,,0.0
,,,0.16385185718536377,,0.9839999675750732,,,,,,,,,,,1.0,1.0,,,,,3968,,,,0.0,,0.0,,0.0
,,,0.07890625298023224,,0.984375,,,,,,,,,,,1.0,1.0,,,,,3969,,,,0.0,,0.0,,0.0
,,,0.0885416641831398,,0.953125,,,,,,,,,,,1.0,1.0,,,,,3970,,,,0.0,,0.0,,0.0
,,,0.19070962071418762,,0.9444444179534912,,,,,,,,,,,1.0,1.0,,,,,3971,,,,0.0,,0.0,,0.0
,,,0.1049107164144516,,0.984375,,,,,,,,,,,1.0,1.0,,,,,3972,,,,0.0,,0.0,,0.0
,,,0.09375,,0.9921875,,,,,,,,,,,1.0,1.0,,,,,3973,,,,0.0,,0.0,,0.0
,,,0.23453927040100098,,0.9713203310966492,,,,,,,,,,,1.0,1.0,,,,,3974,,,,0.0,,0.0,,0.0
,,,0.0972222238779068,,0.9921875,,,,,,,,,,,1.0,1.0,,,,,3975,,,,0.0,,0.0,,0.0
,,,0.1484375,,0.9765625,,,,,,,,,,,1.0,1.0,,,,,3976,,,,0.0,,0.0,,0.0
,,,0.15168118476867676,,0.9520547986030579,,,,,,,,,,,1.0,1.0,,,,,3977,,,,0.0,,0.0,,0.0
,,,0.07187499850988388,,0.890625,,,,,,,,,,,1.0,1.0,,,,,3978,,,,0.0,,0.0,,0.0
,,,0.07421875,,0.9375,,,,,,,,,,,1.0,1.0,,,,,3979,,,,0.0,,0.0,,0.0
,,,0.20172414183616638,,0.9571428298950195,,,,,,,,,,,1.0,1.0,,,,,3980,,,,0.0,,0.0,,0.0
,,,0.3072916567325592,,1.0,,,,,,,,,,,1.0,1.0,,,,,3981,,,,0.0,,0.0,,0.0
,,,0.23828125,,1.0,,,,,,,,,,,1.0,1.0,,,,,3982,,,,0.0,,0.0,,0.0
,,,0.2465408742427826,,1.0,,,,,,,,,,,1.0,1.0,,,,,3983,,,,0.0,,0.0,,0.0
,,,0.109375,,1.0,,,,,,,,,,,1.0,1.0,,,,,3984,,,,0.0,,0.0,,0.0
,,,0.099609375,,0.9765625,,,,,,,,,,,1.0,1.0,,,,,3985,,,,0.0,,0.0,,0.0
,,,0.2061559557914734,,0.9882352948188782,,,,,,,,,,,1.0,1.0,,,,,3986,,,,0.0,,0.0,,0.0
,,,0.109375,,0.9765625,,,,,,,,,,,1.0,1.0,,,,,3987,,,,0.0,,0.0,,0.0
,,,0.15937499701976776,,0.9765625,,,,,,,,,,,1.0,1.0,,,,,3988,,,,0.0,,0.0,,0.0
,,,0.22524631023406982,,0.984236478805542,,,,,,,,,,,1.0,1.0,,,,,3989,,,,0.0,,0.0,,0.0
,,,0.1549479216337204,,1.0,,,,,,,,,,,1.0,1.0,,,,,3990,,,,0.0,,0.0,,0.0
,,,0.1588541716337204,,1.0,,,,,,,,,,,1.0,1.0,,,,,3991,,,,0.0,,0.0,,0.0
,,,0.132395401597023,,0.9544898271560669,,,,,,,,,,,1.0,1.0,,,,,3992,,,,0.0,,0.0,,0.0
,,,0.04453124850988388,,0.9609375,,,,,,,,,,,1.0,1.0,,,,,3993,,,,0.0,,0.0,,0.0
,,,0.0529513880610466,,0.9609375,,,,,,,,,,,1.0,1.0,,,,,3994,,,,0.0,,0.0,,0.0
,,,0.1537647545337677,,0.976190447807312,,,,,,,,,,,1.0,1.0,,,,,3995,,,,0.0,,0.0,,0.0
,,,0.18906250596046448,,1.0,,,,,,,,,,,1.0,1.0,,,,,3996,,,,0.0,,0.0,,0.0
,,,0.23046875,,0.9921875,,,,,,,,,,,1.0,1.0,,,,,3997,,,,0.0,,0.0,,0.0
,,,0.29469698667526245,,0.987500011920929,,,,,,,,,,,1.0,1.0,,,,,3998,,,,0.0,,0.0,,0.0
,,,0.08046875149011612,,0.9765625,,,,,,,,,,,1.0,1.0,,,,,3999,,,,0.0,,0.0,,0.0
,,,0.0902777761220932,,0.9765625,,,,,,,,,,,1.0,1.0,,,,,4000,,,,0.0,,0.0,,0.0
,,,0.16263383626937866,,0.9734042882919312,,,,,,,,,,,1.0,1.0,,,,,4001,,,,0.0,,0.0,,0.0
,,,0.09765625,,0.9921875,,,,,,,,,,,1.0,1.0,,,,,4002,,,,0.0,,0.0,,0.0
,,,0.12109375,,0.9921875,,,,,,,,,,,1.0,1.0,,,,,4003,,,,0.0,,0.0,,0.0
,,,0.0859375,,0.9765625,,,,,,,,,,,1.0,1.0,,,,,4004,,,,0.0,,0.0,,0.0
,,,0.10728346556425095,,0.9881889820098877,,,,,,,,,,,1.0,1.0,,,,,4005,,,,0.0,,0.0,,0.0
,,,0.1123046875,,0.9921875,,,,,,,,,,,1.0,1.0,,,,,4006,,,,0.0,,0.0,,0.0
,,,0.125,,0.984375,,,,,,,,,,,1.0,1.0,,,,,4007,,,,0.0,,0.0,,0.0
,,,0.14568966627120972,,0.9439655542373657,,,,,,,,,,,1.0,1.0,,,,,4008,,,,0.0,,0.0,,0.0
,,,0.07109375298023224,,0.875,,,,,,,,,,,1.0,1.0,,,,,4009,,,,0.0,,0.0,,0.0
,,,0.07265625149011612,,0.9609375,,,,,,,,,,,1.0,1.0,,,,,4010,,,,0.0,,0.0,,0.0
,,,0.23065638542175293,,0.9444444179534912,,,,,,,,,,,1.0,1.0,,,,,4011,,,,0.0,,0.0,,0.0
,,,0.236328125,,1.0,,,,,,,,,,,1.0,1.0,,,,,4012,,,,0.0,,0.0,,0.0
,,,0.18906250596046448,,1.0,,,,,,,,,,,1.0,1.0,,,,,4013,,,,0.0,,0.0,,0.0
,,,0.2899305522441864,,0.9947916269302368,,,,,,,,,,,1.0,1.0,,,,,4014,,,,0.0,,0.0,,0.0
,,,0.1005859375,,0.9921875,,,,,,,,,,,1.0,1.0,,,,,4015,,,,0.0,,0.0,,0.0
,,,0.107421875,,0.9921875,,,,,,,,,,,1.0,1.0,,,,,4016,,,,0.0,,0.0,,0.0
,,,0.19421373307704926,,0.9941860437393188,,,,,,,,,,,1.0,1.0,,,,,4017,,,,0.0,,0.0,,0.0
,,,0.1328125,,0.984375,,,,,,,,,,,1.0,1.0,,,,,4018,,,,0.0,,0.0,,0.0
,,,0.1341145783662796,,0.96875,,,,,,,,,,,1.0,1.0,,,,,4019,,,,0.0,,0.0,,0.0
,,,0.2578171193599701,,0.9955751895904541,,,,,,,,,,,1.0,1.0,,,,,4020,,,,0.0,,0.0,,0.0
,,,0.15625,,1.0,,,,,,,,,,,1.0,1.0,,,,,4021,,,,0.0,,0.0,,0.0
,,,0.19062499701976776,,0.9921875,,,,,,,,,,,1.0,1.0,,,,,4022,,,,0.0,,0.0,,0.0
,,,0.13717171549797058,,0.9636363983154297,,,,,,,,,,,1.0,1.0,,,,,4023,,,,0.0,,0.0,,0.0
,,,0.04609375074505806,,0.9609375,,,,,,,,,,,1.0,1.0,,,,,4024,,,,0.0,,0.0,,0.0
,,,0.0460069440305233,,0.9453125,,,,,,,,,,,1.0,1.0,,,,,4025,,,,0.0,,0.0,,0.0
,,,0.1969907283782959,,1.0,,,,,,,,,,,1.0,1.0,,,,,4026,,,,0.0,,0.0,,0.0
,,,0.1536458283662796,,0.9921875,,,,,,,,,,,1.0,1.0,,,,,4027,,,,0.0,,0.0,,0.0
,,,0.234375,,1.0,,,,,,,,,,,1.0,1.0,,,,,4028,,,,0.0,,0.0,,0.0
,,,0.2263721525669098,,0.9939758777618408,,,,,,,,,,,1.0,1.0,,,,,4029,,,,0.0,,0.0,,0.0
,,,0.08046875149011612,,0.96875,,,,,,,,,,,1.0,1.0,,,,,4030,,,,0.0,,0.0,,0.0
,,,0.10546875,,0.9765625,,,,,,,,,,,1.0,1.0,,,,,4031,,,,0.0,,0.0,,0.0
,,,0.15706080198287964,,0.9607843160629272,,,,,,,,,,,1.0,1.0,,,,,4032,,,,0.0,,0.0,,0.0
,,,0.0927734375,,0.984375,,,,,,,,,,,1.0,1.0,,,,,4033,,,,0.0,,0.0,,0.0
,,,0.1315104216337204,,0.9921875,,,,,,,,,,,1.0,1.0,,,,,4034,,,,0.0,,0.0,,0.0
,,,0.17921742796897888,,0.9764673113822937,,,,,,,,,,,1.0,1.0,,,,,4035,,,,0.0,,0.0,,0.0
,,,0.0954861119389534,,0.984375,,,,,,,,,,,1.0,1.0,,,,,4036,,,,0.0,,0.0,,0.0
,,,0.1261160671710968,,0.9765625,,,,,,,,,,,1.0,1.0,,,,,4037,,,,0.0,,0.0,,0.0
,,,0.21711838245391846,,0.9787163138389587,,,,,,,,,,,1.0,1.0,,,,,4038,,,,0.0,,0.0,,0.0
,,,0.06796874850988388,,0.859375,,,,,,,,,,,1.0,1.0,,,,,4039,,,,0.0,,0.0,,0.0
,,,0.06875000149011612,,0.8984375,,,,,,,,,,,1.0,1.0,,,,,4040,,,,0.0,,0.0,,0.0
,,,0.1884920597076416,,0.9776785373687744,,,,,,,,,,,1.0,1.0,,,,,4041,,,,0.0,,0.0,,0.0
,,,0.17812499403953552,,1.0,,,,,,,,,,,1.0,1.0,,,,,4042,,,,0.0,,0.0,,0.0
,,,0.236328125,,1.0,,,,,,,,,,,1.0,1.0,,,,,4043,,,,0.0,,0.0,,0.0
,,,0.27790728211402893,,0.9545454978942871,,,,,,,,,,,1.0,1.0,,,,,4044,,,,0.0,,0.0,,0.0
,,,0.125,,1.0,,,,,,,,,,,1.0,1.0,,,,,4045,,,,0.0,,0.0,,0.0
,,,0.1171875,,1.0,,,,,,,,,,,1.0,1.0,,,,,4046,,,,0.0,,0.0,,0.0
,,,0.12373453378677368,,0.9921259880065918,,,,,,,,,,,1.0,1.0,,,,,4047,,,,0.0,,0.0,,0.0
43,0.8081412315368652,0.8027634620666504,,0.9764424562454224,,,,,,,,,,,,,,187.2702178955078,24572.8046875,5.232552528381348,412.3382263183594,9723,,,0.0,,0.0,,0.0,
43,,,,,,0.3498224914073944,,0.5278502106666565,,8.901477813720703,,,,,,,,,,,,9723,0.7981475591659546,,,,,,,
,,,,,,,,,,,,,,0.03,0.0004,,,,,,,9749,,,,,,,,
44,,,,,,,0.34666135907173157,,0.5189025402069092,,8.609375,0.00039999998989515007,0.029999999329447746,,,1.0,1.0,,,,,9749,,0.7289460897445679,,,,,,
,,,,,,,,,,,,,,0.03,0.0004,,,,,,,9799,,,,,,,,
44,,,,,,,0.3625289797782898,,0.5367233157157898,,8.7109375,0.00039999998989515007,0.029999999329447746,,,1.0,1.0,,,,,9799,,0.8859275579452515,,,,,,
,,,,,,,,,,,,,,0.03,0.0004,,,,,,,9849,,,,,,,,
44,,,,,,,0.344798743724823,,0.531566321849823,,9.3359375,0.00039999998989515007,0.029999999329447746,,,1.0,1.0,,,,,9849,,0.6503511667251587,,,,,,
,,,,,,,,,,,,,,0.03,0.0004,,,,,,,9899,,,,,,,,
44,,,,,,,0.3459191918373108,,0.5312219262123108,,9.265625,0.00039999998989515007,0.029999999329447746,,,1.0,1.0,,,,,9899,,0.6834719181060791,,,,,,
,,,0.1302083283662796,,0.984375,,,,,,,,,,,1.0,1.0,,,,,4048,,,,0.0,,0.0,,0.0
,,,0.1315104216337204,,0.984375,,,,,,,,,,,1.0,1.0,,,,,4049,,,,0.0,,0.0,,0.0
,,,0.19838650524616241,,0.9715805053710938,,,,,,,,,,,1.0,1.0,,,,,4050,,,,0.0,,0.0,,0.0
,,,0.17656250298023224,,0.96875,,,,,,,,,,,1.0,1.0,,,,,4051,,,,0.0,,0.0,,0.0
,,,0.203125,,0.9765625,,,,,,,,,,,1.0,1.0,,,,,4052,,,,0.0,,0.0,,0.0
,,,0.33589744567871094,,0.9855769276618958,,,,,,,,,,,1.0,1.0,,,,,4053,,,,0.0,,0.0,,0.0
,,,0.1025390625,,1.0,,,,,,,,,,,1.0,1.0,,,,,4054,,,,0.0,,0.0,,0.0
,,,0.103515625,,1.0,,,,,,,,,,,1.0,1.0,,,,,4055,,,,0.0,,0.0,,0.0
,,,0.20368781685829163,,1.0,,,,,,,,,,,1.0,1.0,,,,,4056,,,,0.0,,0.0,,0.0
,,,0.1025390625,,0.9765625,,,,,,,,,,,1.0,1.0,,,,,4057,,,,0.0,,0.0,,0.0
,,,0.13671875,,0.9765625,,,,,,,,,,,1.0,1.0,,,,,4058,,,,0.0,,0.0,,0.0
,,,0.1160714253783226,,0.9921875,,,,,,,,,,,1.0,1.0,,,,,4059,,,,0.0,,0.0,,0.0
,,,0.21638095378875732,,0.8133333325386047,,,,,,,,,,,1.0,1.0,,,,,4060,,,,0.0,,0.0,,0.0
,,,0.1194196417927742,,0.9921875,,,,,,,,,,,1.0,1.0,,,,,4061,,,,0.0,,0.0,,0.0
,,,0.103515625,,0.96875,,,,,,,,,,,1.0,1.0,,,,,4062,,,,0.0,,0.0,,0.0
,,,0.1854575276374817,,0.9276376962661743,,,,,,,,,,,1.0,1.0,,,,,4063,,,,0.0,,0.0,,0.0
,,,0.09375,,0.9453125,,,,,,,,,,,1.0,1.0,,,,,4064,,,,0.0,,0.0,,0.0
,,,0.0993303582072258,,0.984375,,,,,,,,,,,1.0,1.0,,,,,4065,,,,0.0,,0.0,,0.0
,,,0.2009894847869873,,0.947510838508606,,,,,,,,,,,1.0,1.0,,,,,4066,,,,0.0,,0.0,,0.0
,,,0.0772569477558136,,0.9375,,,,,,,,,,,1.0,1.0,,,,,4067,,,,0.0,,0.0,,0.0
,,,0.0993303582072258,,0.921875,,,,,,,,,,,1.0,1.0,,,,,4068,,,,0.0,,0.0,,0.0
,,,0.15954062342643738,,0.9545454978942871,,,,,,,,,,,1.0,1.0,,,,,4069,,,,0.0,,0.0,,0.0
,,,0.10546875,,1.0,,,,,,,,,,,1.0,1.0,,,,,4070,,,,0.0,,0.0,,0.0
,,,0.1216517835855484,,0.9765625,,,,,,,,,,,1.0,1.0,,,,,4071,,,,0.0,,0.0,,0.0
,,,0.21416255831718445,,0.9741379022598267,,,,,,,,,,,1.0,1.0,,,,,4072,,,,0.0,,0.0,,0.0
,,,0.1227678582072258,,0.9921875,,,,,,,,,,,1.0,1.0,,,,,4073,,,,0.0,,0.0,,0.0
,,,0.1227678582072258,,0.9921875,,,,,,,,,,,1.0,1.0,,,,,4074,,,,0.0,,0.0,,0.0
,,,0.2516082525253296,,1.0,,,,,,,,,,,1.0,1.0,,,,,4075,,,,0.0,,0.0,,0.0
,,,0.23046875,,1.0,,,,,,,,,,,1.0,1.0,,,,,4076,,,,0.0,,0.0,,0.0
,,,0.1205357164144516,,0.9921875,,,,,,,,,,,1.0,1.0,,,,,4077,,,,0.0,,0.0,,0.0
,,,0.2943456470966339,,0.9941176176071167,,,,,,,,,,,1.0,1.0,,,,,4078,,,,0.0,,0.0,,0.0
,,,0.1049107164144516,,0.9765625,,,,,,,,,,,1.0,1.0,,,,,4079,,,,0.0,,0.0,,0.0
,,,0.095703125,,0.9765625,,,,,,,,,,,1.0,1.0,,,,,4080,,,,0.0,,0.0,,0.0
,,,0.22920480370521545,,0.9699507355690002,,,,,,,,,,,1.0,1.0,,,,,4081,,,,0.0,,0.0,,0.0
,,,0.16562500596046448,,0.9609375,,,,,,,,,,,1.0,1.0,,,,,4082,,,,0.0,,0.0,,0.0
,,,0.19921875,,0.9921875,,,,,,,,,,,1.0,1.0,,,,,4083,,,,0.0,,0.0,,0.0
,,,0.23031213879585266,,0.9754098653793335,,,,,,,,,,,1.0,1.0,,,,,4084,,,,0.0,,0.0,,0.0
,,,0.10546875,,1.0,,,,,,,,,,,1.0,1.0,,,,,4085,,,,0.0,,0.0,,0.0
,,,0.1116071417927742,,1.0,,,,,,,,,,,1.0,1.0,,,,,4086,,,,0.0,,0.0,,0.0
,,,0.21105006337165833,,0.9923076629638672,,,,,,,,,,,1.0,1.0,,,,,4087,,,,0.0,,0.0,,0.0
,,,0.1205357164144516,,0.984375,,,,,,,,,,,1.0,1.0,,,,,4088,,,,0.0,,0.0,,0.0
,,,0.1205357164144516,,0.984375,,,,,,,,,,,1.0,1.0,,,,,4089,,,,0.0,,0.0,,0.0
,,,0.2519480586051941,,0.9636363983154297,,,,,,,,,,,1.0,1.0,,,,,4090,,,,0.0,,0.0,,0.0
,,,0.1025390625,,0.9765625,,,,,,,,,,,1.0,1.0,,,,,4091,,,,0.0,,0.0,,0.0
,,,0.0989583358168602,,0.984375,,,,,,,,,,,1.0,1.0,,,,,4092,,,,0.0,,0.0,,0.0
,,,0.20945826172828674,,0.9893617033958435,,,,,,,,,,,1.0,1.0,,,,,4093,,,,0.0,,0.0,,0.0
,,,0.1015625,,0.953125,,,,,,,,,,,1.0,1.0,,,,,4094,,,,0.0,,0.0,,0.0
,,,0.0869140625,,0.9609375,,,,,,,,,,,1.0,1.0,,,,,4095,,,,0.0,,0.0,,0.0
,,,0.1026785746216774,,0.9609375,,,,,,,,,,,1.0,1.0,,,,,4096,,,,0.0,,0.0,,0.0
,,,0.07874015718698502,,0.9685039520263672,,,,,,,,,,,1.0,1.0,,,,,4097,,,,0.0,,0.0,,0.0
,,,0.0888671875,,0.9453125,,,,,,,,,,,1.0,1.0,,,,,4098,,,,0.0,,0.0,,0.0
,,,0.109375,,0.9140625,,,,,,,,,,,1.0,1.0,,,,,4099,,,,0.0,,0.0,,0.0
,,,0.10459770262241364,,0.9166666269302368,,,,,,,,,,,1.0,1.0,,,,,4100,,,,0.0,,0.0,,0.0
,,,0.0920138880610466,,0.9765625,,,,,,,,,,,1.0,1.0,,,,,4101,,,,0.0,,0.0,,0.0
,,,0.109375,,1.0,,,,,,,,,,,1.0,1.0,,,,,4102,,,,0.0,,0.0,,0.0
,,,0.2433338612318039,,0.985148549079895,,,,,,,,,,,1.0,1.0,,,,,4103,,,,0.0,,0.0,,0.0
,,,0.1497395783662796,,0.9921875,,,,,,,,,,,1.0,1.0,,,,,4104,,,,0.0,,0.0,,0.0
,,,0.1194196417927742,,0.9921875,,,,,,,,,,,1.0,1.0,,,,,4105,,,,0.0,,0.0,,0.0
,,,0.3038194477558136,,1.0,,,,,,,,,,,1.0,1.0,,,,,4106,,,,0.0,,0.0,,0.0
,,,0.1432291716337204,,0.9921875,,,,,,,,,,,1.0,1.0,,,,,4107,,,,0.0,,0.0,,0.0
,,,0.1484375,,0.9921875,,,,,,,,,,,1.0,1.0,,,,,4108,,,,0.0,,0.0,,0.0
,,,0.2371460199356079,,1.0,,,,,,,,,,,1.0,1.0,,,,,4109,,,,0.0,,0.0,,0.0
,,,0.109375,,0.9609375,,,,,,,,,,,1.0,1.0,,,,,4110,,,,0.0,,0.0,,0.0
,,,0.09765625,,0.984375,,,,,,,,,,,1.0,1.0,,,,,4111,,,,0.0,,0.0,,0.0
,,,0.2623402178287506,,0.9778760671615601,,,,,,,,,,,1.0,1.0,,,,,4112,,,,0.0,,0.0,,0.0
,,,0.16249999403953552,,0.9765625,,,,,,,,,,,1.0,1.0,,,,,4113,,,,0.0,,0.0,,0.0
,,,0.16718749701976776,,0.96875,,,,,,,,,,,1.0,1.0,,,,,4114,,,,0.0,,0.0,,0.0
,,,0.17638888955116272,,0.9722222089767456,,,,,,,,,,,1.0,1.0,,,,,4115,,,,0.0,,0.0,,0.0
,,,0.1015625,,1.0,,,,,,,,,,,1.0,1.0,,,,,4116,,,,0.0,,0.0,,0.0
,,,0.1315104216337204,,1.0,,,,,,,,,,,1.0,1.0,,,,,4117,,,,0.0,,0.0,,0.0
,,,0.2605820298194885,,0.9907407760620117,,,,,,,,,,,1.0,1.0,,,,,4118,,,,0.0,,0.0,,0.0
,,,0.1194196417927742,,0.9765625,,,,,,,,,,,1.0,1.0,,,,,4119,,,,0.0,,0.0,,0.0
,,,0.1227678582072258,,1.0,,,,,,,,,,,1.0,1.0,,,,,4120,,,,0.0,,0.0,,0.0
,,,0.21700134873390198,,0.9657295942306519,,,,,,,,,,,1.0,1.0,,,,,4121,,,,0.0,,0.0,,0.0
,,,0.1194196417927742,,0.9765625,,,,,,,,,,,1.0,1.0,,,,,4122,,,,0.0,,0.0,,0.0
,,,0.0980902761220932,,0.9921875,,,,,,,,,,,1.0,1.0,,,,,4123,,,,0.0,,0.0,,0.0
,,,0.184078186750412,,0.9738986492156982,,,,,,,,,,,1.0,1.0,,,,,4124,,,,0.0,,0.0,,0.0
,,,0.0982142835855484,,0.9296875,,,,,,,,,,,1.0,1.0,,,,,4125,,,,0.0,,0.0,,0.0
,,,0.08984375,,0.96875,,,,,,,,,,,1.0,1.0,,,,,4126,,,,0.0,,0.0,,0.0
,,,0.15952995419502258,,0.9468438625335693,,,,,,,,,,,1.0,1.0,,,,,4127,,,,0.0,,0.0,,0.0
,,,0.08203125,,0.9296875,,,,,,,,,,,1.0,1.0,,,,,4128,,,,0.0,,0.0,,0.0
,,,0.1158854141831398,,0.9296875,,,,,,,,,,,1.0,1.0,,,,,4129,,,,0.0,,0.0,,0.0
,,,0.22514133155345917,,0.9484536051750183,,,,,,,,,,,1.0,1.0,,,,,4130,,,,0.0,,0.0,,0.0
,,,0.1064453125,,1.0,,,,,,,,,,,1.0,1.0,,,,,4131,,,,0.0,,0.0,,0.0
,,,0.1005859375,,0.9765625,,,,,,,,,,,1.0,1.0,,,,,4132,,,,0.0,,0.0,,0.0
,,,0.2299107164144516,,1.0,,,,,,,,,,,1.0,1.0,,,,,4133,,,,0.0,,0.0,,0.0
,,,0.1238839253783226,,0.9765625,,,,,,,,,,,1.0,1.0,,,,,4134,,,,0.0,,0.0,,0.0
,,,0.171875,,0.984375,,,,,,,,,,,1.0,1.0,,,,,4135,,,,0.0,,0.0,,0.0
,,,0.20308858156204224,,1.0,,,,,,,,,,,1.0,1.0,,,,,4136,,,,0.0,,0.0,,0.0
,,,0.1510416716337204,,1.0,,,,,,,,,,,1.0,1.0,,,,,4137,,,,0.0,,0.0,,0.0
,,,0.107421875,,0.9921875,,,,,,,,,,,1.0,1.0,,,,,4138,,,,0.0,,0.0,,0.0
,,,0.14960630238056183,,0.9921259880065918,,,,,,,,,,,1.0,1.0,,,,,4139,,,,0.0,,0.0,,0.0
44,0.8119624257087708,0.8079143762588501,,0.9771404266357422,,,,,,,,,,,,,,186.3231201171875,26566.099609375,5.227482318878174,410.04473876953125,9944,,,0.0,,0.0,,0.0,
44,,,,,,0.3484145700931549,,0.5260206460952759,,8.880550384521484,,,,,,,,,,,,9944,0.7780869007110596,,,,,,,
,,,,,,,,,,,,,,0.03,0.0004,,,,,,,9949,,,,,,,,
45,,,,,,,0.3319239616394043,,0.4974513053894043,,8.2734375,0.00039999998989515007,0.029999999329447746,,,1.0,1.0,,,,,9949,,0.7212134599685669,,,,,,
,,,,,,,,,,,,,,0.03,0.0004,,,,,,,9999,,,,,,,,
45,,,,,,,0.35332155227661133,,0.5251965522766113,,8.59375,0.00039999998989515007,0.029999999329447746,,,1.0,1.0,,,,,9999,,0.9232868552207947,,,,,,
,,,,,,,,,,,,,,0.03,0.0004,,,,,,,10049,,,,,,,,
45,,,,,,,0.333865761756897,,0.511111855506897,,8.859375,0.00039999998989515007,0.029999999329447746,,,1.0,1.0,,,,,10049,,0.6764382123947144,,,,,,
,,,,,,,,,,,,,,0.03,0.0004,,,,,,,10099,,,,,,,,
45,,,,,,,0.3475998342037201,,0.5115402936935425,,8.1953125,0.00039999998989515007,0.029999999329447746,,,1.0,1.0,,,,,10099,,0.6420242190361023,,,,,,
,,,,,,,,,,,,,,0.03,0.0004,,,,,,,10149,,,,,,,,
45,,,,,,,0.3514469861984253,,0.5244206190109253,,8.6484375,0.00039999998989515007,0.029999999329447746,,,1.0,1.0,,,,,10149,,0.7539235353469849,,,,,,
,,,0.1238839253783226,,0.9765625,,,,,,,,,,,1.0,1.0,,,,,4140,,,,0.0,,0.0,,0.0
,,,0.1471354216337204,,0.9921875,,,,,,,,,,,1.0,1.0,,,,,4141,,,,0.0,,0.0,,0.0
,,,0.21722587943077087,,0.9616795182228088,,,,,,,,,,,1.0,1.0,,,,,4142,,,,0.0,,0.0,,0.0
,,,0.15625,,0.9921875,,,,,,,,,,,1.0,1.0,,,,,4143,,,,0.0,,0.0,,0.0
,,,0.1458333283662796,,0.9921875,,,,,,,,,,,1.0,1.0,,,,,4144,,,,0.0,,0.0,,0.0
,,,0.20970694720745087,,0.9807692170143127,,,,,,,,,,,1.0,1.0,,,,,4145,,,,0.0,,0.0,,0.0
,,,0.06796874850988388,,1.0,,,,,,,,,,,1.0,1.0,,,,,4146,,,,0.0,,0.0,,0.0
,,,0.06484375149011612,,0.9921875,,,,,,,,,,,1.0,1.0,,,,,4147,,,,0.0,,0.0,,0.0
,,,0.15300171077251434,,1.0,,,,,,,,,,,1.0,1.0,,,,,4148,,,,0.0,,0.0,,0.0
,,,0.232421875,,1.0,,,,,,,,,,,1.0,1.0,,,,,4149,,,,0.0,,0.0,,0.0
,,,0.1536458283662796,,0.984375,,,,,,,,,,,1.0,1.0,,,,,4150,,,,0.0,,0.0,,0.0
,,,0.0989583358168602,,1.0,,,,,,,,,,,1.0,1.0,,,,,4151,,,,0.0,,0.0,,0.0
,,,0.15066666901111603,,0.9760000109672546,,,,,,,,,,,1.0,1.0,,,,,4152,,,,0.0,,0.0,,0.0
,,,0.1160714253783226,,0.96875,,,,,,,,,,,1.0,1.0,,,,,4153,,,,0.0,,0.0,,0.0
,,,0.0954861119389534,,0.9609375,,,,,,,,,,,1.0,1.0,,,,,4154,,,,0.0,,0.0,,0.0
,,,0.19281046092510223,,0.8804855346679688,,,,,,,,,,,1.0,1.0,,,,,4155,,,,0.0,,0.0,,0.0
,,,0.1037946417927742,,0.984375,,,,,,,,,,,1.0,1.0,,,,,4156,,,,0.0,,0.0,,0.0
,,,0.1071428582072258,,1.0,,,,,,,,,,,1.0,1.0,,,,,4157,,,,0.0,,0.0,,0.0
,,,0.1734006702899933,,0.9821428656578064,,,,,,,,,,,1.0,1.0,,,,,4158,,,,0.0,,0.0,,0.0
,,,0.0920138880610466,,0.9921875,,,,,,,,,,,1.0,1.0,,,,,4159,,,,0.0,,0.0,,0.0
,,,0.107421875,,0.9921875,,,,,,,,,,,1.0,1.0,,,,,4160,,,,0.0,,0.0,,0.0
,,,0.22381693124771118,,0.9818181991577148,,,,,,,,,,,1.0,1.0,,,,,4161,,,,0.0,,0.0,,0.0
,,,0.111328125,,1.0,,,,,,,,,,,1.0,1.0,,,,,4162,,,,0.0,,0.0,,0.0
,,,0.1316964328289032,,1.0,,,,,,,,,,,1.0,1.0,,,,,4163,,,,0.0,,0.0,,0.0
,,,0.1704433560371399,,0.9741379022598267,,,,,,,,,,,1.0,1.0,,,,,4164,,,,0.0,,0.0,,0.0
,,,0.1393229216337204,,0.984375,,,,,,,,,,,1.0,1.0,,,,,4165,,,,0.0,,0.0,,0.0
,,,0.1025390625,,0.953125,,,,,,,,,,,1.0,1.0,,,,,4166,,,,0.0,,0.0,,0.0
,,,0.20169810950756073,,0.9772326946258545,,,,,,,,,,,1.0,1.0,,,,,4167,,,,0.0,,0.0,,0.0
,,,0.1194196417927742,,0.984375,,,,,,,,,,,1.0,1.0,,,,,4168,,,,0.0,,0.0,,0.0
,,,0.0850694477558136,,0.9921875,,,,,,,,,,,1.0,1.0,,,,,4169,,,,0.0,,0.0,,0.0
,,,0.23380887508392334,,0.9823529720306396,,,,,,,,,,,1.0,1.0,,,,,4170,,,,0.0,,0.0,,0.0
,,,0.13671875,,0.96875,,,,,,,,,,,1.0,1.0,,,,,4171,,,,0.0,,0.0,,0.0
,,,0.1419270783662796,,0.96875,,,,,,,,,,,1.0,1.0,,,,,4172,,,,0.0,,0.0,,0.0
,,,0.25376495718955994,,0.9770935773849487,,,,,,,,,,,1.0,1.0,,,,,4173,,,,0.0,,0.0,,0.0
,,,0.1484375,,0.9921875,,,,,,,,,,,1.0,1.0,,,,,4174,,,,0.0,,0.0,,0.0
,,,0.14453125,,0.9765625,,,,,,,,,,,1.0,1.0,,,,,4175,,,,0.0,,0.0,,0.0
,,,0.19647663831710815,,0.9754098653793335,,,,,,,,,,,1.0,1.0,,,,,4176,,,,0.0,,0.0,,0.0
,,,0.06640625,,1.0,,,,,,,,,,,1.0,1.0,,,,,4177,,,,0.0,,0.0,,0.0
,,,0.05937499925494194,,1.0,,,,,,,,,,,1.0,1.0,,,,,4178,,,,0.0,,0.0,,0.0
,,,0.15416362881660461,,1.0,,,,,,,,,,,1.0,1.0,,,,,4179,,,,0.0,,0.0,,0.0
,,,0.18281249701976776,,0.9921875,,,,,,,,,,,1.0,1.0,,,,,4180,,,,0.0,,0.0,,0.0
,,,0.1272321492433548,,0.9921875,,,,,,,,,,,1.0,1.0,,,,,4181,,,,0.0,,0.0,,0.0
,,,0.24383115768432617,,0.9624999761581421,,,,,,,,,,,1.0,1.0,,,,,4182,,,,0.0,,0.0,,0.0
,,,0.0928819477558136,,0.9453125,,,,,,,,,,,1.0,1.0,,,,,4183,,,,0.0,,0.0,,0.0
,,,0.107421875,,0.9765625,,,,,,,,,,,1.0,1.0,,,,,4184,,,,0.0,,0.0,,0.0
,,,0.23234400153160095,,0.9586983919143677,,,,,,,,,,,1.0,1.0,,,,,4185,,,,0.0,,0.0,,0.0
,,,0.1116071417927742,,0.9921875,,,,,,,,,,,1.0,1.0,,,,,4186,,,,0.0,,0.0,,0.0
,,,0.0947265625,,0.9921875,,,,,,,,,,,1.0,1.0,,,,,4187,,,,0.0,,0.0,,0.0
,,,0.109375,,1.0,,,,,,,,,,,1.0,1.0,,,,,4188,,,,0.0,,0.0,,0.0
,,,0.22736221551895142,,0.9921259880065918,,,,,,,,,,,1.0,1.0,,,,,4189,,,,0.0,,0.0,,0.0
,,,0.1432291716337204,,0.9921875,,,,,,,,,,,1.0,1.0,,,,,4190,,,,0.0,,0.0,,0.0
,,,0.125,,0.984375,,,,,,,,,,,1.0,1.0,,,,,4191,,,,0.0,,0.0,,0.0
,,,0.2079741358757019,,0.9583333730697632,,,,,,,,,,,1.0,1.0,,,,,4192,,,,0.0,,0.0,,0.0
,,,0.0998263880610466,,1.0,,,,,,,,,,,1.0,1.0,,,,,4193,,,,0.0,,0.0,,0.0
,,,0.1328125,,1.0,,,,,,,,,,,1.0,1.0,,,,,4194,,,,0.0,,0.0,,0.0
,,,0.21846351027488708,,0.985148549079895,,,,,,,,,,,1.0,1.0,,,,,4195,,,,0.0,,0.0,,0.0
,,,0.1419270783662796,,0.984375,,,,,,,,,,,1.0,1.0,,,,,4196,,,,0.0,,0.0,,0.0
,,,0.1005859375,,0.9453125,,,,,,,,,,,1.0,1.0,,,,,4197,,,,0.0,,0.0,,0.0
,,,0.2261904776096344,,0.9791666269302368,,,,,,,,,,,1.0,1.0,,,,,4198,,,,0.0,,0.0,,0.0
,,,0.0986328125,,1.0,,,,,,,,,,,1.0,1.0,,,,,4199,,,,0.0,,0.0,,0.0
,,,0.0868055522441864,,0.984375,,,,,,,,,,,1.0,1.0,,,,,4200,,,,0.0,,0.0,,0.0
,,,0.23524758219718933,,0.9822812676429749,,,,,,,,,,,1.0,1.0,,,,,4201,,,,0.0,,0.0,,0.0
,,,0.14453125,,0.96875,,,,,,,,,,,1.0,1.0,,,,,4202,,,,0.0,,0.0,,0.0
,,,0.1064453125,,0.96875,,,,,,,,,,,1.0,1.0,,,,,4203,,,,0.0,,0.0,,0.0
,,,0.2852507531642914,,0.991150438785553,,,,,,,,,,,1.0,1.0,,,,,4204,,,,0.0,,0.0,,0.0
,,,0.1484375,,0.9921875,,,,,,,,,,,1.0,1.0,,,,,4205,,,,0.0,,0.0,,0.0
,,,0.1471354216337204,,0.9609375,,,,,,,,,,,1.0,1.0,,,,,4206,,,,0.0,,0.0,,0.0
,,,0.16217732429504395,,0.9722222089767456,,,,,,,,,,,1.0,1.0,,,,,4207,,,,0.0,,0.0,,0.0
,,,0.06718750298023224,,1.0,,,,,,,,,,,1.0,1.0,,,,,4208,,,,0.0,,0.0,,0.0
,,,0.05546874925494194,,1.0,,,,,,,,,,,1.0,1.0,,,,,4209,,,,0.0,,0.0,,0.0
,,,0.24656084179878235,,1.0,,,,,,,,,,,1.0,1.0,,,,,4210,,,,0.0,,0.0,,0.0
,,,0.18125000596046448,,0.984375,,,,,,,,,,,1.0,1.0,,,,,4211,,,,0.0,,0.0,,0.0
,,,0.1283482164144516,,1.0,,,,,,,,,,,1.0,1.0,,,,,4212,,,,0.0,,0.0,,0.0
,,,0.19607317447662354,,0.9759036302566528,,,,,,,,,,,1.0,1.0,,,,,4213,,,,0.0,,0.0,,0.0
,,,0.1227678582072258,,0.9609375,,,,,,,,,,,1.0,1.0,,,,,4214,,,,0.0,,0.0,,0.0
,,,0.0972222238779068,,0.96875,,,,,,,,,,,1.0,1.0,,,,,4215,,,,0.0,,0.0,,0.0
,,,0.17228305339813232,,0.9542908072471619,,,,,,,,,,,1.0,1.0,,,,,4216,,,,0.0,,0.0,,0.0
,,,0.1127232164144516,,0.984375,,,,,,,,,,,1.0,1.0,,,,,4217,,,,0.0,,0.0,,0.0
,,,0.095703125,,1.0,,,,,,,,,,,1.0,1.0,,,,,4218,,,,0.0,,0.0,,0.0
,,,0.17657192051410675,,0.976190447807312,,,,,,,,,,,1.0,1.0,,,,,4219,,,,0.0,,0.0,,0.0
,,,0.0902777761220932,,0.984375,,,,,,,,,,,1.0,1.0,,,,,4220,,,,0.0,,0.0,,0.0
,,,0.1432291716337204,,0.9921875,,,,,,,,,,,1.0,1.0,,,,,4221,,,,0.0,,0.0,,0.0
,,,0.3090566396713257,,0.9896907210350037,,,,,,,,,,,1.0,1.0,,,,,4222,,,,0.0,,0.0,,0.0
,,,0.1510416716337204,,1.0,,,,,,,,,,,1.0,1.0,,,,,4223,,,,0.0,,0.0,,0.0
,,,0.0989583358168602,,1.0,,,,,,,,,,,1.0,1.0,,,,,4224,,,,0.0,,0.0,,0.0
,,,0.2602040767669678,,1.0,,,,,,,,,,,1.0,1.0,,,,,4225,,,,0.0,,0.0,,0.0
,,,0.1194196417927742,,0.96875,,,,,,,,,,,1.0,1.0,,,,,4226,,,,0.0,,0.0,,0.0
,,,0.1171875,,0.953125,,,,,,,,,,,1.0,1.0,,,,,4227,,,,0.0,,0.0,,0.0
,,,0.17102649807929993,,0.941724956035614,,,,,,,,,,,1.0,1.0,,,,,4228,,,,0.0,,0.0,,0.0
,,,0.1354166716337204,,0.9921875,,,,,,,,,,,1.0,1.0,,,,,4229,,,,0.0,,0.0,,0.0
,,,0.09765625,,0.9921875,,,,,,,,,,,1.0,1.0,,,,,4230,,,,0.0,,0.0,,0.0
,,,0.09842519462108612,,0.9921259880065918,,,,,,,,,,,1.0,1.0,,,,,4231,,,,0.0,,0.0,,0.0
45,0.8138365745544434,0.8274571895599365,,0.983305037021637,,,,,,,,,,,,,,189.29562377929688,24873.958984375,5.24330997467041,408.3549499511719,10165,,,0.0,,0.0,,0.0,
45,,,,,,0.3448311686515808,,0.5224290490150452,,8.880020141601562,,,,,,,,,,,,10165,0.7381126880645752,,,,,,,
,,,,,,,,,,,,,,0.03,0.0004,,,,,,,10199,,,,,,,,
46,,,,,,,0.35279056429862976,,0.5139234066009521,,8.0546875,0.00039999998989515007,0.029999999329447746,,,1.0,1.0,,,,,10199,,1.0136080980300903,,,,,,
,,,,,,,,,,,,,,0.03,0.0004,,,,,,,10249,,,,,,,,
46,,,,,,,0.3422030806541443,,0.5083407759666443,,8.3046875,0.00039999998989515007,0.029999999329447746,,,1.0,1.0,,,,,10249,,1.0512573719024658,,,,,,
,,,,,,,,,,,,,,0.03,0.0004,,,,,,,10299,,,,,,,,
46,,,,,,,0.33303505182266235,,0.5002713799476624,,8.359375,0.00039999998989515007,0.029999999329447746,,,1.0,1.0,,,,,10299,,0.6287568807601929,,,,,,
,,,,,,,,,,,,,,0.03,0.0004,,,,,,,10349,,,,,,,,
46,,,,,,,0.3543269634246826,,0.5319392681121826,,8.8828125,0.00039999998989515007,0.029999999329447746,,,1.0,1.0,,,,,10349,,0.9121556282043457,,,,,,
,,,0.1380208283662796,,0.984375,,,,,,,,,,,1.0,1.0,,,,,4232,,,,0.0,,0.0,,0.0
,,,0.171875,,0.9921875,,,,,,,,,,,1.0,1.0,,,,,4233,,,,0.0,,0.0,,0.0
,,,0.21351301670074463,,0.9616795182228088,,,,,,,,,,,1.0,1.0,,,,,4234,,,,0.0,,0.0,,0.0
,,,0.1162109375,,0.984375,,,,,,,,,,,1.0,1.0,,,,,4235,,,,0.0,,0.0,,0.0
,,,0.1549479216337204,,0.984375,,,,,,,,,,,1.0,1.0,,,,,4236,,,,0.0,,0.0,,0.0
,,,0.16866986453533173,,0.990384578704834,,,,,,,,,,,1.0,1.0,,,,,4237,,,,0.0,,0.0,,0.0
,,,0.0581597238779068,,0.9921875,,,,,,,,,,,1.0,1.0,,,,,4238,,,,0.0,,0.0,,0.0
,,,0.0581597238779068,,0.984375,,,,,,,,,,,1.0,1.0,,,,,4239,,,,0.0,,0.0,,0.0
,,,0.1262626200914383,,0.9952830076217651,,,,,,,,,,,1.0,1.0,,,,,4240,,,,0.0,,0.0,,0.0
,,,0.1145833358168602,,0.96875,,,,,,,,,,,1.0,1.0,,,,,4241,,,,0.0,,0.0,,0.0
,,,0.0915178582072258,,0.9375,,,,,,,,,,,1.0,1.0,,,,,4242,,,,0.0,,0.0,,0.0
,,,0.0904017835855484,,0.9609375,,,,,,,,,,,1.0,1.0,,,,,4243,,,,0.0,,0.0,,0.0
,,,0.30933332443237305,,0.8213333487510681,,,,,,,,,,,1.0,1.0,,,,,4244,,,,0.0,,0.0,,0.0
,,,0.1497395783662796,,0.984375,,,,,,,,,,,1.0,1.0,,,,,4245,,,,0.0,,0.0,,0.0
,,,0.111328125,,0.9609375,,,,,,,,,,,1.0,1.0,,,,,4246,,,,0.0,,0.0,,0.0
,,,0.26019296050071716,,0.9957983493804932,,,,,,,,,,,1.0,1.0,,,,,4247,,,,0.0,,0.0,,0.0
,,,0.12187500298023224,,1.0,,,,,,,,,,,1.0,1.0,,,,,4248,,,,0.0,,0.0,,0.0
,,,0.0970982164144516,,1.0,,,,,,,,,,,1.0,1.0,,,,,4249,,,,0.0,,0.0,,0.0
,,,0.22016078233718872,,1.0,,,,,,,,,,,1.0,1.0,,,,,4250,,,,0.0,,0.0,,0.0
,,,0.1261160671710968,,1.0,,,,,,,,,,,1.0,1.0,,,,,4251,,,,0.0,,0.0,,0.0
,,,0.1510416716337204,,0.984375,,,,,,,,,,,1.0,1.0,,,,,4252,,,,0.0,,0.0,,0.0
,,,0.18220561742782593,,0.9681195020675659,,,,,,,,,,,1.0,1.0,,,,,4253,,,,0.0,,0.0,,0.0
,,,0.07656250149011612,,0.953125,,,,,,,,,,,1.0,1.0,,,,,4254,,,,0.0,,0.0,,0.0
,,,0.0902777761220932,,0.96875,,,,,,,,,,,1.0,1.0,,,,,4255,,,,0.0,,0.0,,0.0
,,,0.17596060037612915,,0.985714316368103,,,,,,,,,,,1.0,1.0,,,,,4256,,,,0.0,,0.0,,0.0
,,,0.244140625,,1.0,,,,,,,,,,,1.0,1.0,,,,,4257,,,,0.0,,0.0,,0.0
,,,0.19218750298023224,,1.0,,,,,,,,,,,1.0,1.0,,,,,4258,,,,0.0,,0.0,,0.0
,,,0.2414734959602356,,0.9622641801834106,,,,,,,,,,,1.0,1.0,,,,,4259,,,,0.0,,0.0,,0.0
,,,0.09765625,,0.9921875,,,,,,,,,,,1.0,1.0,,,,,4260,,,,0.0,,0.0,,0.0
,,,0.0869140625,,0.9609375,,,,,,,,,,,1.0,1.0,,,,,4261,,,,0.0,,0.0,,0.0
,,,0.18182095885276794,,0.9823529720306396,,,,,,,,,,,1.0,1.0,,,,,4262,,,,0.0,,0.0,,0.0
,,,0.1302083283662796,,0.984375,,,,,,,,,,,1.0,1.0,,,,,4263,,,,0.0,,0.0,,0.0
,,,0.1432291716337204,,0.9765625,,,,,,,,,,,1.0,1.0,,,,,4264,,,,0.0,,0.0,,0.0
,,,0.2529204785823822,,0.9684728980064392,,,,,,,,,,,1.0,1.0,,,,,4265,,,,0.0,,0.0,,0.0
,,,0.1142578125,,0.984375,,,,,,,,,,,1.0,1.0,,,,,4266,,,,0.0,,0.0,,0.0
,,,0.1294642835855484,,0.9921875,,,,,,,,,,,1.0,1.0,,,,,4267,,,,0.0,,0.0,,0.0
,,,0.15341326594352722,,0.9679471254348755,,,,,,,,,,,1.0,1.0,,,,,4268,,,,0.0,,0.0,,0.0
,,,0.0633680522441864,,1.0,,,,,,,,,,,1.0,1.0,,,,,4269,,,,0.0,,0.0,,0.0
,,,0.04921875149011612,,0.9921875,,,,,,,,,,,1.0,1.0,,,,,4270,,,,0.0,,0.0,,0.0
,,,0.15207570791244507,,1.0,,,,,,,,,,,1.0,1.0,,,,,4271,,,,0.0,,0.0,,0.0
,,,0.1082589253783226,,0.9609375,,,,,,,,,,,1.0,1.0,,,,,4272,,,,0.0,,0.0,,0.0
,,,0.0904017835855484,,0.953125,,,,,,,,,,,1.0,1.0,,,,,4273,,,,0.0,,0.0,,0.0
,,,0.21915584802627563,,0.9590909481048584,,,,,,,,,,,1.0,1.0,,,,,4274,,,,0.0,,0.0,,0.0
,,,0.1103515625,,0.9765625,,,,,,,,,,,1.0,1.0,,,,,4275,,,,0.0,,0.0,,0.0
,,,0.1294642835855484,,0.9921875,,,,,,,,,,,1.0,1.0,,,,,4276,,,,0.0,,0.0,,0.0
,,,0.20361389219760895,,0.9640175104141235,,,,,,,,,,,1.0,1.0,,,,,4277,,,,0.0,,0.0,,0.0
,,,0.177734375,,1.0,,,,,,,,,,,1.0,1.0,,,,,4278,,,,0.0,,0.0,,0.0
,,,0.0859375,,1.0,,,,,,,,,,,1.0,1.0,,,,,4279,,,,0.0,,0.0,,0.0
,,,0.0970982164144516,,1.0,,,,,,,,,,,1.0,1.0,,,,,4280,,,,0.0,,0.0,,0.0
,,,0.11220472306013107,,0.9960629940032959,,,,,,,,,,,1.0,1.0,,,,,4281,,,,0.0,,0.0,,0.0
,,,0.1497395783662796,,0.9921875,,,,,,,,,,,1.0,1.0,,,,,4282,,,,0.0,,0.0,,0.0
,,,0.1272321492433548,,0.9765625,,,,,,,,,,,1.0,1.0,,,,,4283,,,,0.0,,0.0,,0.0
,,,0.1525862216949463,,0.936781644821167,,,,,,,,,,,1.0,1.0,,,,,4284,,,,0.0,,0.0,,0.0
,,,0.07656250149011612,,0.9609375,,,,,,,,,,,1.0,1.0,,,,,4285,,,,0.0,,0.0,,0.0
,,,0.0946180522441864,,0.9609375,,,,,,,,,,,1.0,1.0,,,,,4286,,,,0.0,,0.0,,0.0
,,,0.18872998654842377,,0.9814814925193787,,,,,,,,,,,1.0,1.0,,,,,4287,,,,0.0,,0.0,,0.0
,,,0.328125,,1.0,,,,,,,,,,,1.0,1.0,,,,,4288,,,,0.0,,0.0,,0.0
,,,0.19218750298023224,,1.0,,,,,,,,,,,1.0,1.0,,,,,4289,,,,0.0,,0.0,,0.0
,,,0.2135416567325592,,0.9791666269302368,,,,,,,,,,,1.0,1.0,,,,,4290,,,,0.0,,0.0,,0.0
,,,0.0798611119389534,,0.984375,,,,,,,,,,,1.0,1.0,,,,,4291,,,,0.0,,0.0,,0.0
,,,0.0947265625,,0.9609375,,,,,,,,,,,1.0,1.0,,,,,4292,,,,0.0,,0.0,,0.0
,,,0.22670462727546692,,0.988095223903656,,,,,,,,,,,1.0,1.0,,,,,4293,,,,0.0,,0.0,,0.0
,,,0.16718749701976776,,0.984375,,,,,,,,,,,1.0,1.0,,,,,4294,,,,0.0,,0.0,,0.0
,,,0.1015625,,0.9609375,,,,,,,,,,,1.0,1.0,,,,,4295,,,,0.0,,0.0,,0.0
,,,0.22448377311229706,,0.9867256879806519,,,,,,,,,,,1.0,1.0,,,,,4296,,,,0.0,,0.0,,0.0
,,,0.1305803507566452,,0.984375,,,,,,,,,,,1.0,1.0,,,,,4297,,,,0.0,,0.0,,0.0
,,,0.15234375,,0.984375,,,,,,,,,,,1.0,1.0,,,,,4298,,,,0.0,,0.0,,0.0
,,,0.15634119510650635,,0.9676767587661743,,,,,,,,,,,1.0,1.0,,,,,4299,,,,0.0,,0.0,,0.0
,,,0.05312500149011612,,1.0,,,,,,,,,,,1.0,1.0,,,,,4300,,,,0.0,,0.0,,0.0
,,,0.04843749850988388,,0.9921875,,,,,,,,,,,1.0,1.0,,,,,4301,,,,0.0,,0.0,,0.0
,,,0.1973544955253601,,0.9953703880310059,,,,,,,,,,,1.0,1.0,,,,,4302,,,,0.0,,0.0,,0.0
,,,0.1004464253783226,,0.9453125,,,,,,,,,,,1.0,1.0,,,,,4303,,,,0.0,,0.0,,0.0
,,,0.09375,,0.9609375,,,,,,,,,,,1.0,1.0,,,,,4304,,,,0.0,,0.0,,0.0
,,,0.2240581512451172,,0.9546184539794922,,,,,,,,,,,1.0,1.0,,,,,4305,,,,0.0,,0.0,,0.0
,,,0.1283482164144516,,0.984375,,,,,,,,,,,1.0,1.0,,,,,4306,,,,0.0,,0.0,,0.0
,,,0.1536458283662796,,0.984375,,,,,,,,,,,1.0,1.0,,,,,4307,,,,0.0,,0.0,,0.0
,,,0.19063535332679749,,0.9640947580337524,,,,,,,,,,,1.0,1.0,,,,,4308,,,,0.0,,0.0,,0.0
,,,0.169921875,,1.0,,,,,,,,,,,1.0,1.0,,,,,4309,,,,0.0,,0.0,,0.0
,,,0.0791015625,,1.0,,,,,,,,,,,1.0,1.0,,,,,4310,,,,0.0,,0.0,,0.0
,,,0.1958748698234558,,1.0,,,,,,,,,,,1.0,1.0,,,,,4311,,,,0.0,,0.0,,0.0
,,,0.111328125,,0.9921875,,,,,,,,,,,1.0,1.0,,,,,4312,,,,0.0,,0.0,,0.0
,,,0.1796875,,0.984375,,,,,,,,,,,1.0,1.0,,,,,4313,,,,0.0,,0.0,,0.0
,,,0.20130807161331177,,0.9845360517501831,,,,,,,,,,,1.0,1.0,,,,,4314,,,,0.0,,0.0,,0.0
,,,0.07421875,,0.9609375,,,,,,,,,,,1.0,1.0,,,,,4315,,,,0.0,,0.0,,0.0
,,,0.0885416641831398,,0.953125,,,,,,,,,,,1.0,1.0,,,,,4316,,,,0.0,,0.0,,0.0
,,,0.2310267835855484,,0.9866071343421936,,,,,,,,,,,1.0,1.0,,,,,4317,,,,0.0,,0.0,,0.0
,,,0.1875,,1.0,,,,,,,,,,,1.0,1.0,,,,,4318,,,,0.0,,0.0,,0.0
,,,0.19374999403953552,,1.0,,,,,,,,,,,1.0,1.0,,,,,4319,,,,0.0,,0.0,,0.0
,,,0.22766122221946716,,0.9090908765792847,,,,,,,,,,,1.0,1.0,,,,,4320,,,,0.0,,0.0,,0.0
,,,0.0850694477558136,,0.984375,,,,,,,,,,,1.0,1.0,,,,,4321,,,,0.0,,0.0,,0.0
,,,0.0815972238779068,,0.9609375,,,,,,,,,,,1.0,1.0,,,,,4322,,,,0.0,,0.0,,0.0
,,,0.07716535031795502,,0.9685039520263672,,,,,,,,,,,1.0,1.0,,,,,4323,,,,0.0,,0.0,,0.0
46,0.8126131296157837,0.7891951203346252,,0.9804195761680603,,,,,,,,,,,,,,189.3124237060547,27817.755859375,5.243398666381836,405.278564453125,10386,,,0.0,,0.0,,0.0,
46,,,,,,0.34076598286628723,,0.5172144770622253,,8.822592735290527,,,,,,,,,,,,10386,0.7491227388381958,,,,,,,
,,,,,,,,,,,,,,0.03,0.0004,,,,,,,10399,,,,,,,,
47,,,,,,,0.3452202379703522,,0.5231987237930298,,8.8984375,0.00039999998989515007,0.029999999329447746,,,1.0,1.0,,,,,10399,,0.9244351983070374,,,,,,
,,,,,,,,,,,,,,0.03,0.0004,,,,,,,10449,,,,,,,,
47,,,,,,,0.33376967906951904,,0.520293116569519,,9.328125,0.00039999998989515007,0.029999999329447746,,,1.0,1.0,,,,,10449,,0.6173200607299805,,,,,,
,,,,,,,,,,,,,,0.03,0.0004,,,,,,,10499,,,,,,,,
47,,,,,,,0.34789156913757324,,0.5281894207000732,,9.015625,0.00039999998989515007,0.029999999329447746,,,1.0,1.0,,,,,10499,,0.8988979458808899,,,,,,
,,,,,,,,,,,,,,0.03,0.0004,,,,,,,10549,,,,,,,,
47,,,,,,,0.32660597562789917,,0.5008003115653992,,8.7109375,0.00039999998989515007,0.029999999329447746,,,1.0,1.0,,,,,10549,,0.6639394760131836,,,,,,
,,,,,,,,,,,,,,0.03,0.0004,,,,,,,10599,,,,,,,,
47,,,,,,,0.3422233462333679,,0.5108024477958679,,8.4296875,0.00039999998989515007,0.029999999329447746,,,1.0,1.0,,,,,10599,,1.2385978698730469,,,,,,
,,,0.1328125,,0.9921875,,,,,,,,,,,1.0,1.0,,,,,4324,,,,0.0,,0.0,,0.0
,,,0.21484375,,1.0,,,,,,,,,,,1.0,1.0,,,,,4325,,,,0.0,,0.0,,0.0
,,,0.2945849895477295,,0.9666299819946289,,,,,,,,,,,1.0,1.0,,,,,4326,,,,0.0,,0.0,,0.0
,,,0.1536458283662796,,1.0,,,,,,,,,,,1.0,1.0,,,,,4327,,,,0.0,,0.0,,0.0
,,,0.125,,0.9921875,,,,,,,,,,,1.0,1.0,,,,,4328,,,,0.0,,0.0,,0.0
,,,0.2032967209815979,,0.9855769276618958,,,,,,,,,,,1.0,1.0,,,,,4329,,,,0.0,,0.0,,0.0
,,,0.0546875,,0.9609375,,,,,,,,,,,1.0,1.0,,,,,4330,,,,0.0,,0.0,,0.0
,,,0.0659722238779068,,0.9765625,,,,,,,,,,,1.0,1.0,,,,,4331,,,,0.0,,0.0,,0.0
,,,0.14202401041984558,,0.9905660152435303,,,,,,,,,,,1.0,1.0,,,,,4332,,,,0.0,,0.0,,0.0
,,,0.1510416716337204,,1.0,,,,,,,,,,,1.0,1.0,,,,,4333,,,,0.0,,0.0,,0.0
,,,0.1272321492433548,,0.984375,,,,,,,,,,,1.0,1.0,,,,,4334,,,,0.0,,0.0,,0.0
,,,0.1261160671710968,,0.9921875,,,,,,,,,,,1.0,1.0,,,,,4335,,,,0.0,,0.0,,0.0
,,,0.26177778840065,,0.9880000352859497,,,,,,,,,,,1.0,1.0,,,,,4336,,,,0.0,,0.0,,0.0
,,,0.1205357164144516,,0.953125,,,,,,,,,,,1.0,1.0,,,,,4337,,,,0.0,,0.0,,0.0
,,,0.107421875,,0.9609375,,,,,,,,,,,1.0,1.0,,,,,4338,,,,0.0,,0.0,,0.0
,,,0.204365074634552,,0.9444444179534912,,,,,,,,,,,1.0,1.0,,,,,4339,,,,0.0,,0.0,,0.0
,,,0.140625,,1.0,,,,,,,,,,,1.0,1.0,,,,,4340,,,,0.0,,0.0,,0.0
,,,0.16718749701976776,,1.0,,,,,,,,,,,1.0,1.0,,,,,4341,,,,0.0,,0.0,,0.0
,,,0.24783550202846527,,1.0,,,,,,,,,,,1.0,1.0,,,,,4342,,,,0.0,,0.0,,0.0
,,,0.1283482164144516,,0.9921875,,,,,,,,,,,1.0,1.0,,,,,4343,,,,0.0,,0.0,,0.0
,,,0.1272321492433548,,0.984375,,,,,,,,,,,1.0,1.0,,,,,4344,,,,0.0,,0.0,,0.0
,,,0.15897881984710693,,0.9589041471481323,,,,,,,,,,,1.0,1.0,,,,,4345,,,,0.0,,0.0,,0.0
,,,0.078125,,0.9375,,,,,,,,,,,1.0,1.0,,,,,4346,,,,0.0,,0.0,,0.0
,,,0.1138392835855484,,0.9609375,,,,,,,,,,,1.0,1.0,,,,,4347,,,,0.0,,0.0,,0.0
,,,0.17794197797775269,,0.9556649923324585,,,,,,,,,,,1.0,1.0,,,,,4348,,,,0.0,,0.0,,0.0
,,,0.16718749701976776,,0.9921875,,,,,,,,,,,1.0,1.0,,,,,4349,,,,0.0,,0.0,,0.0
,,,0.1205357164144516,,0.984375,,,,,,,,,,,1.0,1.0,,,,,4350,,,,0.0,,0.0,,0.0
,,,0.15807127952575684,,0.9744654297828674,,,,,,,,,,,1.0,1.0,,,,,4351,,,,0.0,,0.0,,0.0
,,,0.1302083283662796,,0.984375,,,,,,,,,,,1.0,1.0,,,,,4352,,,,0.0,,0.0,,0.0
,,,0.06562499701976776,,0.9765625,,,,,,,,,,,1.0,1.0,,,,,4353,,,,0.0,,0.0,,0.0
,,,0.1727314293384552,,0.9882352948188782,,,,,,,,,,,1.0,1.0,,,,,4354,,,,0.0,,0.0,,0.0
,,,0.0986328125,,0.9921875,,,,,,,,,,,1.0,1.0,,,,,4355,,,,0.0,,0.0,,0.0
,,,0.16875000298023224,,0.9921875,,,,,,,,,,,1.0,1.0,,,,,4356,,,,0.0,,0.0,,0.0
,,,0.30369460582733154,,0.9756157398223877,,,,,,,,,,,1.0,1.0,,,,,4357,,,,0.0,,0.0,,0.0
,,,0.11328125,,0.9921875,,,,,,,,,,,1.0,1.0,,,,,4358,,,,0.0,,0.0,,0.0
,,,0.17812499403953552,,0.984375,,,,,,,,,,,1.0,1.0,,,,,4359,,,,0.0,,0.0,,0.0
,,,0.14866650104522705,,0.9686812162399292,,,,,,,,,,,1.0,1.0,,,,,4360,,,,0.0,,0.0,,0.0
,,,0.05781250074505806,,0.9765625,,,,,,,,,,,1.0,1.0,,,,,4361,,,,0.0,,0.0,,0.0
,,,0.05703125149011612,,0.984375,,,,,,,,,,,1.0,1.0,,,,,4362,,,,0.0,,0.0,,0.0
,,,0.1696920394897461,,0.9920635223388672,,,,,,,,,,,1.0,1.0,,,,,4363,,,,0.0,,0.0,,0.0
,,,0.1316964328289032,,0.9921875,,,,,,,,,,,1.0,1.0,,,,,4364,,,,0.0,,0.0,,0.0
,,,0.125,,0.9921875,,,,,,,,,,,1.0,1.0,,,,,4365,,,,0.0,,0.0,,0.0
,,,0.2564935088157654,,0.9818181991577148,,,,,,,,,,,1.0,1.0,,,,,4366,,,,0.0,,0.0,,0.0
,,,0.10546875,,0.9609375,,,,,,,,,,,1.0,1.0,,,,,4367,,,,0.0,,0.0,,0.0
,,,0.1305803507566452,,0.9765625,,,,,,,,,,,1.0,1.0,,,,,4368,,,,0.0,,0.0,,0.0
,,,0.21667709946632385,,0.9734042882919312,,,,,,,,,,,1.0,1.0,,,,,4369,,,,0.0,,0.0,,0.0
,,,0.17343750596046448,,1.0,,,,,,,,,,,1.0,1.0,,,,,4370,,,,0.0,,0.0,,0.0
,,,0.1341145783662796,,1.0,,,,,,,,,,,1.0,1.0,,,,,4371,,,,0.0,,0.0,,0.0
,,,0.1227678582072258,,1.0,,,,,,,,,,,1.0,1.0,,,,,4372,,,,0.0,,0.0,,0.0
,,,0.271091103553772,,0.9960629940032959,,,,,,,,,,,1.0,1.0,,,,,4373,,,,0.0,,0.0,,0.0
,,,0.1294642835855484,,0.9921875,,,,,,,,,,,1.0,1.0,,,,,4374,,,,0.0,,0.0,,0.0
,,,0.0963541641831398,,0.9921875,,,,,,,,,,,1.0,1.0,,,,,4375,,,,0.0,,0.0,,0.0
,,,0.15344828367233276,,0.9698275923728943,,,,,,,,,,,1.0,1.0,,,,,4376,,,,0.0,,0.0,,0.0
,,,0.0842013880610466,,0.9140625,,,,,,,,,,,1.0,1.0,,,,,4377,,,,0.0,,0.0,,0.0
,,,0.1064453125,,0.9765625,,,,,,,,,,,1.0,1.0,,,,,4378,,,,0.0,,0.0,,0.0
,,,0.2045746147632599,,0.9394939541816711,,,,,,,,,,,1.0,1.0,,,,,4379,,,,0.0,,0.0,,0.0
,,,0.2109375,,0.9921875,,,,,,,,,,,1.0,1.0,,,,,4380,,,,0.0,,0.0,,0.0
,,,0.1205357164144516,,0.9765625,,,,,,,,,,,1.0,1.0,,,,,4381,,,,0.0,,0.0,,0.0
,,,0.1809895932674408,,0.9791666269302368,,,,,,,,,,,1.0,1.0,,,,,4382,,,,0.0,,0.0,,0.0
,,,0.07578124850988388,,0.9765625,,,,,,,,,,,1.0,1.0,,,,,4383,,,,0.0,,0.0,,0.0
,,,0.0807291641831398,,0.984375,,,,,,,,,,,1.0,1.0,,,,,4384,,,,0.0,,0.0,,0.0
,,,0.18071705102920532,,0.988095223903656,,,,,,,,,,,1.0,1.0,,,,,4385,,,,0.0,,0.0,,0.0
,,,0.13671875,,0.9921875,,,,,,,,,,,1.0,1.0,,,,,4386,,,,0.0,,0.0,,0.0
,,,0.16875000298023224,,0.9765625,,,,,,,,,,,1.0,1.0,,,,,4387,,,,0.0,,0.0,,0.0
,,,0.26354825496673584,,0.9955751895904541,,,,,,,,,,,1.0,1.0,,,,,4388,,,,0.0,,0.0,,0.0
,,,0.1142578125,,0.984375,,,,,,,,,,,1.0,1.0,,,,,4389,,,,0.0,,0.0,,0.0
,,,0.1497395783662796,,0.9765625,,,,,,,,,,,1.0,1.0,,,,,4390,,,,0.0,,0.0,,0.0
,,,0.14707070589065552,,0.9818181991577148,,,,,,,,,,,1.0,1.0,,,,,4391,,,,0.0,,0.0,,0.0
,,,0.06015624850988388,,0.984375,,,,,,,,,,,1.0,1.0,,,,,4392,,,,0.0,,0.0,,0.0
,,,0.05234374850988388,,0.984375,,,,,,,,,,,1.0,1.0,,,,,4393,,,,0.0,,0.0,,0.0
,,,0.19976851344108582,,1.0,,,,,,,,,,,1.0,1.0,,,,,4394,,,,0.0,,0.0,,0.0
,,,0.15234375,,0.984375,,,,,,,,,,,1.0,1.0,,,,,4395,,,,0.0,,0.0,,0.0
,,,0.1272321492433548,,1.0,,,,,,,,,,,1.0,1.0,,,,,4396,,,,0.0,,0.0,,0.0
,,,0.2638745605945587,,0.9768407344818115,,,,,,,,,,,1.0,1.0,,,,,4397,,,,0.0,,0.0,,0.0
,,,0.1216517835855484,,0.96875,,,,,,,,,,,1.0,1.0,,,,,4398,,,,0.0,,0.0,,0.0
,,,0.11328125,,0.9765625,,,,,,,,,,,1.0,1.0,,,,,4399,,,,0.0,,0.0,,0.0
,,,0.20763304829597473,,0.9607843160629272,,,,,,,,,,,1.0,1.0,,,,,4400,,,,0.0,,0.0,,0.0
,,,0.17343750596046448,,1.0,,,,,,,,,,,1.0,1.0,,,,,4401,,,,0.0,,0.0,,0.0
,,,0.1171875,,1.0,,,,,,,,,,,1.0,1.0,,,,,4402,,,,0.0,,0.0,,0.0
,,,0.22210687398910522,,1.0,,,,,,,,,,,1.0,1.0,,,,,4403,,,,0.0,,0.0,,0.0
,,,0.1272321492433548,,0.9921875,,,,,,,,,,,1.0,1.0,,,,,4404,,,,0.0,,0.0,,0.0
,,,0.1103515625,,0.984375,,,,,,,,,,,1.0,1.0,,,,,4405,,,,0.0,,0.0,,0.0
,,,0.18014632165431976,,0.9677419662475586,,,,,,,,,,,1.0,1.0,,,,,4406,,,,0.0,,0.0,,0.0
,,,0.07656250149011612,,0.9375,,,,,,,,,,,1.0,1.0,,,,,4407,,,,0.0,,0.0,,0.0
,,,0.0842013880610466,,0.9296875,,,,,,,,,,,1.0,1.0,,,,,4408,,,,0.0,,0.0,,0.0
,,,0.1865079402923584,,0.9776785373687744,,,,,,,,,,,1.0,1.0,,,,,4409,,,,0.0,,0.0,,0.0
,,,0.1419270783662796,,0.9921875,,,,,,,,,,,1.0,1.0,,,,,4410,,,,0.0,,0.0,,0.0
,,,0.1171875,,0.984375,,,,,,,,,,,1.0,1.0,,,,,4411,,,,0.0,,0.0,,0.0
,,,0.14262281358242035,,0.9005439281463623,,,,,,,,,,,1.0,1.0,,,,,4412,,,,0.0,,0.0,,0.0
,,,0.09765625,,0.9765625,,,,,,,,,,,1.0,1.0,,,,,4413,,,,0.0,,0.0,,0.0
,,,0.06875000149011612,,0.9765625,,,,,,,,,,,1.0,1.0,,,,,4414,,,,0.0,,0.0,,0.0
,,,0.08136483281850815,,0.9842519760131836,,,,,,,,,,,1.0,1.0,,,,,4415,,,,0.0,,0.0,,0.0
47,0.8135204315185547,0.8159076571464539,,0.9803334474563599,,,,,,,,,,,,,,193.76690673828125,27474.236328125,5.266655921936035,401.27252197265625,10607,,,0.0,,0.0,,0.0,
47,,,,,,0.339266836643219,,0.5158782005310059,,8.830493927001953,,,,,,,,,,,,10607,0.8063805103302002,,,,,,,
,,,,,,,,,,,,,,0.03,0.0004,,,,,,,10649,,,,,,,,
48,,,,,,,0.3454485535621643,,0.5218401551246643,,8.8203125,0.00039999998989515007,0.029999999329447746,,,1.0,1.0,,,,,10649,,0.5867824554443359,,,,,,
,,,,,,,,,,,,,,0.03,0.0004,,,,,,,10699,,,,,,,,
48,,,,,,,0.33902883529663086,,0.5105376243591309,,8.578125,0.00039999998989515007,0.029999999329447746,,,1.0,1.0,,,,,10699,,0.8781065940856934,,,,,,
,,,,,,,,,,,,,,0.03,0.0004,,,,,,,10749,,,,,,,,
48,,,,,,,0.3419460356235504,,0.520901083946228,,8.9453125,0.00039999998989515007,0.029999999329447746,,,1.0,1.0,,,,,10749,,1.1054267883300781,,,,,,
,,,,,,,,,,,,,,0.03,0.0004,,,,,,,10799,,,,,,,,
48,,,,,,,0.3310704827308655,,0.4989171624183655,,8.390625,0.00039999998989515007,0.029999999329447746,,,1.0,1.0,,,,,10799,,0.7073962688446045,,,,,,
,,,0.236328125,,0.9921875,,,,,,,,,,,1.0,1.0,,,,,4416,,,,0.0,,0.0,,0.0
,,,0.240234375,,1.0,,,,,,,,,,,1.0,1.0,,,,,4417,,,,0.0,,0.0,,0.0
,,,0.2274477481842041,,0.9900990128517151,,,,,,,,,,,1.0,1.0,,,,,4418,,,,0.0,,0.0,,0.0
,,,0.19062499701976776,,1.0,,,,,,,,,,,1.0,1.0,,,,,4419,,,,0.0,,0.0,,0.0
,,,0.15625,,0.984375,,,,,,,,,,,1.0,1.0,,,,,4420,,,,0.0,,0.0,,0.0
,,,0.1913919448852539,,0.927884578704834,,,,,,,,,,,1.0,1.0,,,,,4421,,,,0.0,,0.0,,0.0
,,,0.0477430559694767,,0.8984375,,,,,,,,,,,1.0,1.0,,,,,4422,,,,0.0,,0.0,,0.0
,,,0.0512152761220932,,0.9296875,,,,,,,,,,,1.0,1.0,,,,,4423,,,,0.0,,0.0,,0.0
,,,0.19566282629966736,,0.9575471878051758,,,,,,,,,,,1.0,1.0,,,,,4424,,,,0.0,,0.0,,0.0
,,,0.18593749403953552,,0.9921875,,,,,,,,,,,1.0,1.0,,,,,4425,,,,0.0,,0.0,,0.0
,,,0.18125000596046448,,0.9921875,,,,,,,,,,,1.0,1.0,,,,,4426,,,,0.0,,0.0,,0.0
,,,0.1497395783662796,,1.0,,,,,,,,,,,1.0,1.0,,,,,4427,,,,0.0,,0.0,,0.0
,,,0.18033334612846375,,0.972000002861023,,,,,,,,,,,1.0,1.0,,,,,4428,,,,0.0,,0.0,,0.0
,,,0.1276041716337204,,0.953125,,,,,,,,,,,1.0,1.0,,,,,4429,,,,0.0,,0.0,,0.0
,,,0.0947265625,,0.9453125,,,,,,,,,,,1.0,1.0,,,,,4430,,,,0.0,,0.0,,0.0
,,,0.11909949779510498,,0.8636788129806519,,,,,,,,,,,1.0,1.0,,,,,4431,,,,0.0,,0.0,,0.0
,,,0.0390625,,0.953125,,,,,,,,,,,1.0,1.0,,,,,4432,,,,0.0,,0.0,,0.0
,,,0.0520833320915699,,0.9375,,,,,,,,,,,1.0,1.0,,,,,4433,,,,0.0,,0.0,,0.0
,,,0.14772728085517883,,0.9366883039474487,,,,,,,,,,,1.0,1.0,,,,,4434,,,,0.0,,0.0,,0.0
,,,0.0869140625,,0.9375,,,,,,,,,,,1.0,1.0,,,,,4435,,,,0.0,,0.0,,0.0
,,,0.08984375,,0.9375,,,,,,,,,,,1.0,1.0,,,,,4436,,,,0.0,,0.0,,0.0
,,,0.21291586756706238,,0.9545454978942871,,,,,,,,,,,1.0,1.0,,,,,4437,,,,0.0,,0.0,,0.0
,,,0.125,,1.0,,,,,,,,,,,1.0,1.0,,,,,4438,,,,0.0,,0.0,,0.0
,,,0.1083984375,,0.984375,,,,,,,,,,,1.0,1.0,,,,,4439,,,,0.0,,0.0,,0.0
,,,0.2889162302017212,,0.9913793206214905,,,,,,,,,,,1.0,1.0,,,,,4440,,,,0.0,,0.0,,0.0
,,,0.240234375,,1.0,,,,,,,,,,,1.0,1.0,,,,,4441,,,,0.0,,0.0,,0.0
,,,0.15625,,0.9921875,,,,,,,,,,,1.0,1.0,,,,,4442,,,,0.0,,0.0,,0.0
,,,0.2898532450199127,,1.0,,,,,,,,,,,1.0,1.0,,,,,4443,,,,0.0,,0.0,,0.0
,,,0.09375,,1.0,,,,,,,,,,,1.0,1.0,,,,,4444,,,,0.0,,0.0,,0.0
,,,0.1015625,,0.9765625,,,,,,,,,,,1.0,1.0,,,,,4445,,,,0.0,,0.0,,0.0
,,,0.30004560947418213,,0.9823529720306396,,,,,,,,,,,1.0,1.0,,,,,4446,,,,0.0,,0.0,,0.0
,,,0.234375,,0.9921875,,,,,,,,,,,1.0,1.0,,,,,4447,,,,0.0,,0.0,,0.0
,,,0.1875,,0.9921875,,,,,,,,,,,1.0,1.0,,,,,4448,,,,0.0,,0.0,,0.0
,,,0.3133004903793335,,0.9913793206214905,,,,,,,,,,,1.0,1.0,,,,,4449,,,,0.0,,0.0,,0.0
,,,0.18593749403953552,,0.9921875,,,,,,,,,,,1.0,1.0,,,,,4450,,,,0.0,,0.0,,0.0
,,,0.1283482164144516,,0.9921875,,,,,,,,,,,1.0,1.0,,,,,4451,,,,0.0,,0.0,,0.0
,,,0.12613163888454437,,0.9239050149917603,,,,,,,,,,,1.0,1.0,,,,,4452,,,,0.0,,0.0,,0.0
,,,0.0529513880610466,,0.921875,,,,,,,,,,,1.0,1.0,,,,,4453,,,,0.0,,0.0,,0.0
,,,0.0546875,,0.9375,,,,,,,,,,,1.0,1.0,,,,,4454,,,,0.0,,0.0,,0.0
,,,0.18395256996154785,,0.9285714626312256,,,,,,,,,,,1.0,1.0,,,,,4455,,,,0.0,,0.0,,0.0
,,,0.232421875,,0.9921875,,,,,,,,,,,1.0,1.0,,,,,4456,,,,0.0,,0.0,,0.0
,,,0.15234375,,0.9921875,,,,,,,,,,,1.0,1.0,,,,,4457,,,,0.0,,0.0,,0.0
,,,0.23701298236846924,,0.9750000238418579,,,,,,,,,,,1.0,1.0,,,,,4458,,,,0.0,,0.0,,0.0
,,,0.09765625,,0.9453125,,,,,,,,,,,1.0,1.0,,,,,4459,,,,0.0,,0.0,,0.0
,,,0.1082589253783226,,0.96875,,,,,,,,,,,1.0,1.0,,,,,4460,,,,0.0,,0.0,,0.0
,,,0.12015019357204437,,0.9386733770370483,,,,,,,,,,,1.0,1.0,,,,,4461,,,,0.0,,0.0,,0.0
,,,0.0491071417927742,,0.9609375,,,,,,,,,,,1.0,1.0,,,,,4462,,,,0.0,,0.0,,0.0
,,,0.0368303582072258,,0.9375,,,,,,,,,,,1.0,1.0,,,,,4463,,,,0.0,,0.0,,0.0
,,,0.05078125,,0.9375,,,,,,,,,,,1.0,1.0,,,,,4464,,,,0.0,,0.0,,0.0
,,,0.09055118262767792,,0.9724409580230713,,,,,,,,,,,1.0,1.0,,,,,4465,,,,0.0,,0.0,,0.0
,,,0.1071428582072258,,0.9453125,,,,,,,,,,,1.0,1.0,,,,,4466,,,,0.0,,0.0,,0.0
,,,0.0810546875,,0.9140625,,,,,,,,,,,1.0,1.0,,,,,4467,,,,0.0,,0.0,,0.0
,,,0.16307471692562103,,0.9583333730697632,,,,,,,,,,,1.0,1.0,,,,,4468,,,,0.0,,0.0,,0.0
,,,0.1238839253783226,,0.984375,,,,,,,,,,,1.0,1.0,,,,,4469,,,,0.0,,0.0,,0.0
,,,0.1238839253783226,,1.0,,,,,,,,,,,1.0,1.0,,,,,4470,,,,0.0,,0.0,,0.0
,,,0.2999633550643921,,0.9950494766235352,,,,,,,,,,,1.0,1.0,,,,,4471,,,,0.0,,0.0,,0.0
,,,0.19218750298023224,,1.0,,,,,,,,,,,1.0,1.0,,,,,4472,,,,0.0,,0.0,,0.0
,,,0.1328125,,0.9921875,,,,,,,,,,,1.0,1.0,,,,,4473,,,,0.0,,0.0,,0.0
,,,0.2986111044883728,,0.9947916269302368,,,,,,,,,,,1.0,1.0,,,,,4474,,,,0.0,,0.0,,0.0
,,,0.0885416641831398,,0.984375,,,,,,,,,,,1.0,1.0,,,,,4475,,,,0.0,,0.0,,0.0
,,,0.109375,,0.984375,,,,,,,,,,,1.0,1.0,,,,,4476,,,,0.0,,0.0,,0.0
,,,0.3596898913383484,,0.988095223903656,,,,,,,,,,,1.0,1.0,,,,,4477,,,,0.0,,0.0,,0.0
,,,0.234375,,0.9921875,,,,,,,,,,,1.0,1.0,,,,,4478,,,,0.0,,0.0,,0.0
,,,0.15625,,0.984375,,,,,,,,,,,1.0,1.0,,,,,4479,,,,0.0,,0.0,,0.0
,,,0.4800885021686554,,1.0,,,,,,,,,,,1.0,1.0,,,,,4480,,,,0.0,,0.0,,0.0
,,,0.1328125,,0.9921875,,,,,,,,,,,1.0,1.0,,,,,4481,,,,0.0,,0.0,,0.0
,,,0.1294642835855484,,0.9765625,,,,,,,,,,,1.0,1.0,,,,,4482,,,,0.0,,0.0,,0.0
,,,0.12707071006298065,,0.9454545378684998,,,,,,,,,,,1.0,1.0,,,,,4483,,,,0.0,,0.0,,0.0
,,,0.0494791679084301,,0.9140625,,,,,,,,,,,1.0,1.0,,,,,4484,,,,0.0,,0.0,,0.0
,,,0.044921875,,0.890625,,,,,,,,,,,1.0,1.0,,,,,4485,,,,0.0,,0.0,,0.0
,,,0.2490740716457367,,0.970370352268219,,,,,,,,,,,1.0,1.0,,,,,4486,,,,0.0,,0.0,,0.0
,,,0.18437500298023224,,0.9921875,,,,,,,,,,,1.0,1.0,,,,,4487,,,,0.0,,0.0,,0.0
,,,0.1510416716337204,,1.0,,,,,,,,,,,1.0,1.0,,,,,4488,,,,0.0,,0.0,,0.0
,,,0.24693059921264648,,0.9759036302566528,,,,,,,,,,,1.0,1.0,,,,,4489,,,,0.0,,0.0,,0.0
,,,0.1127232164144516,,0.9609375,,,,,,,,,,,1.0,1.0,,,,,4490,,,,0.0,,0.0,,0.0
,,,0.1116071417927742,,0.9609375,,,,,,,,,,,1.0,1.0,,,,,4491,,,,0.0,,0.0,,0.0
,,,0.11379905045032501,,0.9314998388290405,,,,,,,,,,,1.0,1.0,,,,,4492,,,,0.0,,0.0,,0.0
,,,0.0457589291036129,,0.953125,,,,,,,,,,,1.0,1.0,,,,,4493,,,,0.0,,0.0,,0.0
,,,0.0379464291036129,,0.9453125,,,,,,,,,,,1.0,1.0,,,,,4494,,,,0.0,,0.0,,0.0
,,,0.12386489659547806,,0.9413067698478699,,,,,,,,,,,1.0,1.0,,,,,4495,,,,0.0,,0.0,,0.0
,,,0.0763888880610466,,0.9296875,,,,,,,,,,,1.0,1.0,,,,,4496,,,,0.0,,0.0,,0.0
,,,0.1037946417927742,,0.9296875,,,,,,,,,,,1.0,1.0,,,,,4497,,,,0.0,,0.0,,0.0
,,,0.1995759904384613,,0.9536082744598389,,,,,,,,,,,1.0,1.0,,,,,4498,,,,0.0,,0.0,,0.0
,,,0.1238839253783226,,1.0,,,,,,,,,,,1.0,1.0,,,,,4499,,,,0.0,,0.0,,0.0
,,,0.10546875,,0.9765625,,,,,,,,,,,1.0,1.0,,,,,4500,,,,0.0,,0.0,,0.0
,,,0.3154761791229248,,1.0,,,,,,,,,,,1.0,1.0,,,,,4501,,,,0.0,,0.0,,0.0
,,,0.18125000596046448,,0.9921875,,,,,,,,,,,1.0,1.0,,,,,4502,,,,0.0,,0.0,,0.0
,,,0.1575520783662796,,0.9921875,,,,,,,,,,,1.0,1.0,,,,,4503,,,,0.0,,0.0,,0.0
,,,0.28075629472732544,,0.9545454978942871,,,,,,,,,,,1.0,1.0,,,,,4504,,,,0.0,,0.0,,0.0
,,,0.10546875,,1.0,,,,,,,,,,,1.0,1.0,,,,,4505,,,,0.0,,0.0,,0.0
,,,0.0902777761220932,,0.984375,,,,,,,,,,,1.0,1.0,,,,,4506,,,,0.0,,0.0,,0.0
,,,0.14566929638385773,,0.9763779640197754,,,,,,,,,,,1.0,1.0,,,,,4507,,,,0.0,,0.0,,0.0
48,0.8180053234100342,0.7648046016693115,,0.9684910774230957,,,,,,,,,,,,,,192.5537872314453,30848.173828125,5.260375499725342,402.6384582519531,10828,,,0.0,,0.0,,0.0,
48,,,,,,0.3342934548854828,,0.510696530342102,,8.820171356201172,,,,,,,,,,,,10828,0.7431156039237976,,,,,,,
,,,,,,,,,,,,,,0.03,0.0004,,,,,,,10849,,,,,,,,
49,,,,,,,0.32521671056747437,,0.5100311636924744,,9.2421875,0.00039999998989515007,0.029999999329447746,,,1.0,1.0,,,,,10849,,0.7548439502716064,,,,,,
,,,,,,,,,,,,,,0.03,0.0004,,,,,,,10899,,,,,,,,
49,,,,,,,0.32557088136672974,,0.5008638501167297,,8.765625,0.00039999998989515007,0.029999999329447746,,,1.0,1.0,,,,,10899,,0.5237379670143127,,,,,,
,,,,,,,,,,,,,,0.03,0.0004,,,,,,,10949,,,,,,,,
49,,,,,,,0.3358481526374817,,0.5082114338874817,,8.6171875,0.00039999998989515007,0.029999999329447746,,,1.0,1.0,,,,,10949,,0.6872773170471191,,,,,,
,,,,,,,,,,,,,,0.03,0.0004,,,,,,,10999,,,,,,,,
49,,,,,,,0.3115348815917969,,0.5007438659667969,,9.4609375,0.00039999998989515007,0.029999999329447746,,,1.0,1.0,,,,,10999,,0.583595335483551,,,,,,
,,,,,,,,,,,,,,0.03,0.0004,,,,,,,11049,,,,,,,,
49,,,,,,,0.3264670968055725,,0.5044456124305725,,8.8984375,0.00039999998989515007,0.029999999329447746,,,1.0,1.0,,,,,11049,,0.6508986949920654,,,,,,
,,,0.0885416641831398,,0.9765625,,,,,,,,,,,1.0,1.0,,,,,4508,,,,0.0,,0.0,,0.0
,,,0.1471354216337204,,0.9921875,,,,,,,,,,,1.0,1.0,,,,,4509,,,,0.0,,0.0,,0.0
,,,0.1875891387462616,,0.9702970385551453,,,,,,,,,,,1.0,1.0,,,,,4510,,,,0.0,,0.0,,0.0
,,,0.18906250596046448,,1.0,,,,,,,,,,,1.0,1.0,,,,,4511,,,,0.0,,0.0,,0.0
,,,0.15625,,0.9921875,,,,,,,,,,,1.0,1.0,,,,,4512,,,,0.0,,0.0,,0.0
,,,0.24572649598121643,,0.9695512652397156,,,,,,,,,,,1.0,1.0,,,,,4513,,,,0.0,,0.0,,0.0
,,,0.0677083358168602,,0.96875,,,,,,,,,,,1.0,1.0,,,,,4514,,,,0.0,,0.0,,0.0
,,,0.06171875074505806,,0.96875,,,,,,,,,,,1.0,1.0,,,,,4515,,,,0.0,,0.0,,0.0
,,,0.1374785602092743,,1.0,,,,,,,,,,,1.0,1.0,,,,,4516,,,,0.0,,0.0,,0.0
,,,0.1103515625,,0.984375,,,,,,,,,,,1.0,1.0,,,,,4517,,,,0.0,,0.0,,0.0
,,,0.109375,,0.9609375,,,,,,,,,,,1.0,1.0,,,,,4518,,,,0.0,,0.0,,0.0
,,,0.1064453125,,0.9921875,,,,,,,,,,,1.0,1.0,,,,,4519,,,,0.0,,0.0,,0.0
,,,0.195333331823349,,0.9880000352859497,,,,,,,,,,,1.0,1.0,,,,,4520,,,,0.0,,0.0,,0.0
,,,0.1283482164144516,,0.9921875,,,,,,,,,,,1.0,1.0,,,,,4521,,,,0.0,,0.0,,0.0
,,,0.0963541641831398,,0.984375,,,,,,,,,,,1.0,1.0,,,,,4522,,,,0.0,,0.0,,0.0
,,,0.17495331168174744,,0.9108309745788574,,,,,,,,,,,1.0,1.0,,,,,4523,,,,0.0,,0.0,,0.0
,,,0.0703125,,0.8828125,,,,,,,,,,,1.0,1.0,,,,,4524,,,,0.0,,0.0,,0.0
,,,0.0751953125,,0.9375,,,,,,,,,,,1.0,1.0,,,,,4525,,,,0.0,,0.0,,0.0
,,,0.19886362552642822,,0.9318181872367859,,,,,,,,,,,1.0,1.0,,,,,4526,,,,0.0,,0.0,,0.0
,,,0.3229166567325592,,1.0,,,,,,,,,,,1.0,1.0,,,,,4527,,,,0.0,,0.0,,0.0
,,,0.18906250596046448,,1.0,,,,,,,,,,,1.0,1.0,,,,,4528,,,,0.0,,0.0,,0.0
,,,0.19233430922031403,,0.9863013625144958,,,,,,,,,,,1.0,1.0,,,,,4529,,,,0.0,,0.0,,0.0
,,,0.0885416641831398,,0.984375,,,,,,,,,,,1.0,1.0,,,,,4530,,,,0.0,,0.0,,0.0
,,,0.1083984375,,0.96875,,,,,,,,,,,1.0,1.0,,,,,4531,,,,0.0,,0.0,,0.0
,,,0.18943622708320618,,0.984236478805542,,,,,,,,,,,1.0,1.0,,,,,4532,,,,0.0,,0.0,,0.0
,,,0.1875,,1.0,,,,,,,,,,,1.0,1.0,,,,,4533,,,,0.0,,0.0,,0.0
,,,0.15625,,1.0,,,,,,,,,,,1.0,1.0,,,,,4534,,,,0.0,,0.0,,0.0
,,,0.21336477994918823,,1.0,,,,,,,,,,,1.0,1.0,,,,,4535,,,,0.0,,0.0,,0.0
,,,0.1484375,,1.0,,,,,,,,,,,1.0,1.0,,,,,4536,,,,0.0,,0.0,,0.0
,,,0.07968749850988388,,0.9765625,,,,,,,,,,,1.0,1.0,,,,,4537,,,,0.0,,0.0,,0.0
,,,0.19361606240272522,,0.9882352948188782,,,,,,,,,,,1.0,1.0,,,,,4538,,,,0.0,,0.0,,0.0
,,,0.1025390625,,0.96875,,,,,,,,,,,1.0,1.0,,,,,4539,,,,0.0,,0.0,,0.0
,,,0.1205357164144516,,0.9765625,,,,,,,,,,,1.0,1.0,,,,,4540,,,,0.0,,0.0,,0.0
,,,0.21305418014526367,,0.9669950604438782,,,,,,,,,,,1.0,1.0,,,,,4541,,,,0.0,,0.0,,0.0
,,,0.1588541716337204,,0.9921875,,,,,,,,,,,1.0,1.0,,,,,4542,,,,0.0,,0.0,,0.0
,,,0.18906250596046448,,1.0,,,,,,,,,,,1.0,1.0,,,,,4543,,,,0.0,,0.0,,0.0
,,,0.1858331263065338,,0.9686812162399292,,,,,,,,,,,1.0,1.0,,,,,4544,,,,0.0,,0.0,,0.0
,,,0.0755208358168602,,0.953125,,,,,,,,,,,1.0,1.0,,,,,4545,,,,0.0,,0.0,,0.0
,,,0.05781250074505806,,0.96875,,,,,,,,,,,1.0,1.0,,,,,4546,,,,0.0,,0.0,,0.0
,,,0.15921856462955475,,0.9923076629638672,,,,,,,,,,,1.0,1.0,,,,,4547,,,,0.0,,0.0,,0.0
,,,0.1283482164144516,,0.9765625,,,,,,,,,,,1.0,1.0,,,,,4548,,,,0.0,,0.0,,0.0
,,,0.0954861119389534,,0.984375,,,,,,,,,,,1.0,1.0,,,,,4549,,,,0.0,,0.0,,0.0
,,,0.25162339210510254,,0.969318151473999,,,,,,,,,,,1.0,1.0,,,,,4550,,,,0.0,,0.0,,0.0
,,,0.1123046875,,0.984375,,,,,,,,,,,1.0,1.0,,,,,4551,,,,0.0,,0.0,,0.0
,,,0.11328125,,0.9921875,,,,,,,,,,,1.0,1.0,,,,,4552,,,,0.0,,0.0,,0.0
,,,0.172559455037117,,0.9546307921409607,,,,,,,,,,,1.0,1.0,,,,,4553,,,,0.0,,0.0,,0.0
,,,0.080078125,,0.90625,,,,,,,,,,,1.0,1.0,,,,,4554,,,,0.0,,0.0,,0.0
,,,0.068359375,,0.9140625,,,,,,,,,,,1.0,1.0,,,,,4555,,,,0.0,,0.0,,0.0
,,,0.0771484375,,0.9140625,,,,,,,,,,,1.0,1.0,,,,,4556,,,,0.0,,0.0,,0.0
,,,0.3333333432674408,,1.0,,,,,,,,,,,1.0,1.0,,,,,4557,,,,0.0,,0.0,,0.0
,,,0.18593749403953552,,1.0,,,,,,,,,,,1.0,1.0,,,,,4558,,,,0.0,,0.0,,0.0
,,,0.19062499701976776,,1.0,,,,,,,,,,,1.0,1.0,,,,,4559,,,,0.0,,0.0,,0.0
,,,0.1743295043706894,,0.9956896305084229,,,,,,,,,,,1.0,1.0,,,,,4560,,,,0.0,,0.0,,0.0
,,,0.07890625298023224,,0.953125,,,,,,,,,,,1.0,1.0,,,,,4561,,,,0.0,,0.0,,0.0
,,,0.0972222238779068,,0.9921875,,,,,,,,,,,1.0,1.0,,,,,4562,,,,0.0,,0.0,,0.0
,,,0.2504059970378876,,0.9715805053710938,,,,,,,,,,,1.0,1.0,,,,,4563,,,,0.0,,0.0,,0.0
,,,0.19062499701976776,,1.0,,,,,,,,,,,1.0,1.0,,,,,4564,,,,0.0,,0.0,,0.0
,,,0.1549479216337204,,1.0,,,,,,,,,,,1.0,1.0,,,,,4565,,,,0.0,,0.0,,0.0
,,,0.2514880895614624,,1.0,,,,,,,,,,,1.0,1.0,,,,,4566,,,,0.0,,0.0,,0.0
,,,0.125,,0.9921875,,,,,,,,,,,1.0,1.0,,,,,4567,,,,0.0,,0.0,,0.0
,,,0.0928819477558136,,0.9921875,,,,,,,,,,,1.0,1.0,,,,,4568,,,,0.0,,0.0,,0.0
,,,0.21483942866325378,,0.988095223903656,,,,,,,,,,,1.0,1.0,,,,,4569,,,,0.0,,0.0,,0.0
,,,0.1227678582072258,,0.96875,,,,,,,,,,,1.0,1.0,,,,,4570,,,,0.0,,0.0,,0.0
,,,0.1194196417927742,,0.953125,,,,,,,,,,,1.0,1.0,,,,,4571,,,,0.0,,0.0,,0.0
,,,0.24702906608581543,,0.9955751895904541,,,,,,,,,,,1.0,1.0,,,,,4572,,,,0.0,,0.0,,0.0
,,,0.1588541716337204,,0.9921875,,,,,,,,,,,1.0,1.0,,,,,4573,,,,0.0,,0.0,,0.0
,,,0.236328125,,0.984375,,,,,,,,,,,1.0,1.0,,,,,4574,,,,0.0,,0.0,,0.0
,,,0.18497474491596222,,0.9818181991577148,,,,,,,,,,,1.0,1.0,,,,,4575,,,,0.0,,0.0,,0.0
,,,0.06640625,,0.9765625,,,,,,,,,,,1.0,1.0,,,,,4576,,,,0.0,,0.0,,0.0
,,,0.05624999850988388,,0.96875,,,,,,,,,,,1.0,1.0,,,,,4577,,,,0.0,,0.0,,0.0
,,,0.17986111342906952,,0.9907407760620117,,,,,,,,,,,1.0,1.0,,,,,4578,,,,0.0,,0.0,,0.0
,,,0.1238839253783226,,0.96875,,,,,,,,,,,1.0,1.0,,,,,4579,,,,0.0,,0.0,,0.0
,,,0.125,,1.0,,,,,,,,,,,1.0,1.0,,,,,4580,,,,0.0,,0.0,,0.0
,,,0.2543507516384125,,0.9768407344818115,,,,,,,,,,,1.0,1.0,,,,,4581,,,,0.0,,0.0,,0.0
,,,0.1283482164144516,,0.984375,,,,,,,,,,,1.0,1.0,,,,,4582,,,,0.0,,0.0,,0.0
,,,0.1006944477558136,,0.9921875,,,,,,,,,,,1.0,1.0,,,,,4583,,,,0.0,,0.0,,0.0
,,,0.1607673466205597,,0.9511077404022217,,,,,,,,,,,1.0,1.0,,,,,4584,,,,0.0,,0.0,,0.0
,,,0.076171875,,0.8828125,,,,,,,,,,,1.0,1.0,,,,,4585,,,,0.0,,0.0,,0.0
,,,0.0732421875,,0.9140625,,,,,,,,,,,1.0,1.0,,,,,4586,,,,0.0,,0.0,,0.0
,,,0.1991279125213623,,0.9534883499145508,,,,,,,,,,,1.0,1.0,,,,,4587,,,,0.0,,0.0,,0.0
,,,0.3255208432674408,,1.0,,,,,,,,,,,1.0,1.0,,,,,4588,,,,0.0,,0.0,,0.0
,,,0.18437500298023224,,1.0,,,,,,,,,,,1.0,1.0,,,,,4589,,,,0.0,,0.0,,0.0
,,,0.27226945757865906,,0.9838709831237793,,,,,,,,,,,1.0,1.0,,,,,4590,,,,0.0,,0.0,,0.0
,,,0.0894097238779068,,0.9921875,,,,,,,,,,,1.0,1.0,,,,,4591,,,,0.0,,0.0,,0.0
,,,0.07968749850988388,,0.9609375,,,,,,,,,,,1.0,1.0,,,,,4592,,,,0.0,,0.0,,0.0
,,,0.234375,,0.9955357313156128,,,,,,,,,,,1.0,1.0,,,,,4593,,,,0.0,,0.0,,0.0
,,,0.18281249701976776,,0.984375,,,,,,,,,,,1.0,1.0,,,,,4594,,,,0.0,,0.0,,0.0
,,,0.1549479216337204,,1.0,,,,,,,,,,,1.0,1.0,,,,,4595,,,,0.0,,0.0,,0.0
,,,0.2369852364063263,,1.0,,,,,,,,,,,1.0,1.0,,,,,4596,,,,0.0,,0.0,,0.0
,,,0.1484375,,1.0,,,,,,,,,,,1.0,1.0,,,,,4597,,,,0.0,,0.0,,0.0
,,,0.08203125,,0.9921875,,,,,,,,,,,1.0,1.0,,,,,4598,,,,0.0,,0.0,,0.0
,,,0.08740157634019852,,0.9842519760131836,,,,,,,,,,,1.0,1.0,,,,,4599,,,,0.0,,0.0,,0.0
49,0.8190124034881592,0.8293780088424683,,0.9774470925331116,,,,,,,,,,,,,,193.15032958984375,31443.669921875,5.2634687423706055,400.6272888183594,11049,,,0.0,,0.0,,0.0,
49,,,,,,0.3325095772743225,,0.5075739622116089,,8.753181457519531,,,,,,,,,,,,11049,0.7607278823852539,,,,,,,
,,,,,,,,,,,,,,0.03,0.0004,,,,,,,11099,,,,,,,,
50,,,,,,,0.31603747606277466,,0.49035388231277466,,8.71875,0.00039999998989515007,0.029999999329447746,,,1.0,1.0,,,,,11099,,0.6268049478530884,,,,,,
,,,,,,,,,,,,,,0.03,0.0004,,,,,,,11149,,,,,,,,
50,,,,,,,0.3164725601673126,,0.4956717789173126,,8.9609375,0.00039999998989515007,0.029999999329447746,,,1.0,1.0,,,,,11149,,0.726885199546814,,,,,,
,,,,,,,,,,,,,,0.03,0.0004,,,,,,,11199,,,,,,,,
50,,,,,,,0.34480729699134827,,0.5111891031265259,,8.3203125,0.00039999998989515007,0.029999999329447746,,,1.0,1.0,,,,,11199,,0.8745594024658203,,,,,,
,,,,,,,,,,,,,,0.03,0.0004,,,,,,,11249,,,,,,,,
50,,,,,,,0.33952197432518005,,0.5126177072525024,,8.65625,0.00039999998989515007,0.029999999329447746,,,1.0,1.0,,,,,11249,,0.723381757736206,,,,,,
,,,0.0947265625,,0.9453125,,,,,,,,,,,1.0,1.0,,,,,4600,,,,0.0,,0.0,,0.0
,,,0.13671875,,0.984375,,,,,,,,,,,1.0,1.0,,,,,4601,,,,0.0,,0.0,,0.0
,,,0.14041070640087128,,0.9233590364456177,,,,,,,,,,,1.0,1.0,,,,,4602,,,,0.0,,0.0,,0.0
,,,0.1640625,,0.9375,,,,,,,,,,,1.0,1.0,,,,,4603,,,,0.0,,0.0,,0.0
,,,0.0815972238779068,,0.9375,,,,,,,,,,,1.0,1.0,,,,,4604,,,,0.0,,0.0,,0.0
,,,0.24572649598121643,,0.9519230723381042,,,,,,,,,,,1.0,1.0,,,,,4605,,,,0.0,,0.0,,0.0
,,,0.06953124701976776,,0.984375,,,,,,,,,,,1.0,1.0,,,,,4606,,,,0.0,,0.0,,0.0
,,,0.08203125,,0.9921875,,,,,,,,,,,1.0,1.0,,,,,4607,,,,0.0,,0.0,,0.0
,,,0.17524299025535583,,1.0,,,,,,,,,,,1.0,1.0,,,,,4608,,,,0.0,,0.0,,0.0
,,,0.18593749403953552,,1.0,,,,,,,,,,,1.0,1.0,,,,,4609,,,,0.0,,0.0,,0.0
,,,0.1294642835855484,,0.9765625,,,,,,,,,,,1.0,1.0,,,,,4610,,,,0.0,,0.0,,0.0
,,,0.1510416716337204,,0.9921875,,,,,,,,,,,1.0,1.0,,,,,4611,,,,0.0,,0.0,,0.0
,,,0.3240000009536743,,0.9959999918937683,,,,,,,,,,,1.0,1.0,,,,,4612,,,,0.0,,0.0,,0.0
,,,0.1536458283662796,,1.0,,,,,,,,,,,1.0,1.0,,,,,4613,,,,0.0,,0.0,,0.0
,,,0.1316964328289032,,0.984375,,,,,,,,,,,1.0,1.0,,,,,4614,,,,0.0,,0.0,,0.0
,,,0.1982959806919098,,0.9831932783126831,,,,,,,,,,,1.0,1.0,,,,,4615,,,,0.0,,0.0,,0.0
,,,0.0755208358168602,,0.9375,,,,,,,,,,,1.0,1.0,,,,,4616,,,,0.0,,0.0,,0.0
,,,0.0859375,,0.9609375,,,,,,,,,,,1.0,1.0,,,,,4617,,,,0.0,,0.0,,0.0
,,,0.23361162841320038,,0.9545454978942871,,,,,,,,,,,1.0,1.0,,,,,4618,,,,0.0,,0.0,,0.0
,,,0.1549479216337204,,1.0,,,,,,,,,,,1.0,1.0,,,,,4619,,,,0.0,,0.0,,0.0
,,,0.18437500298023224,,0.9921875,,,,,,,,,,,1.0,1.0,,,,,4620,,,,0.0,,0.0,,0.0
,,,0.20610211789608002,,0.9909090995788574,,,,,,,,,,,1.0,1.0,,,,,4621,,,,0.0,,0.0,,0.0
,,,0.0908203125,,0.9765625,,,,,,,,,,,1.0,1.0,,,,,4622,,,,0.0,,0.0,,0.0
,,,0.095703125,,0.96875,,,,,,,,,,,1.0,1.0,,,,,4623,,,,0.0,,0.0,,0.0
,,,0.23659396171569824,,0.9770935773849487,,,,,,,,,,,1.0,1.0,,,,,4624,,,,0.0,,0.0,,0.0
,,,0.1283482164144516,,1.0,,,,,,,,,,,1.0,1.0,,,,,4625,,,,0.0,,0.0,,0.0
,,,0.1261160671710968,,0.9921875,,,,,,,,,,,1.0,1.0,,,,,4626,,,,0.0,,0.0,,0.0
,,,0.24161726236343384,,1.0,,,,,,,,,,,1.0,1.0,,,,,4627,,,,0.0,,0.0,,0.0
,,,0.18281249701976776,,1.0,,,,,,,,,,,1.0,1.0,,,,,4628,,,,0.0,,0.0,,0.0
,,,0.103515625,,0.9921875,,,,,,,,,,,1.0,1.0,,,,,4629,,,,0.0,,0.0,,0.0
,,,0.18589451909065247,,0.9824897050857544,,,,,,,,,,,1.0,1.0,,,,,4630,,,,0.0,,0.0,,0.0
,,,0.09375,,0.9453125,,,,,,,,,,,1.0,1.0,,,,,4631,,,,0.0,,0.0,,0.0
,,,0.1071428582072258,,0.953125,,,,,,,,,,,1.0,1.0,,,,,4632,,,,0.0,,0.0,,0.0
,,,0.1443842351436615,,0.9298029541969299,,,,,,,,,,,1.0,1.0,,,,,4633,,,,0.0,,0.0,,0.0
,,,0.0842013880610466,,0.921875,,,,,,,,,,,1.0,1.0,,,,,4634,,,,0.0,,0.0,,0.0
,,,0.1302083283662796,,0.9140625,,,,,,,,,,,1.0,1.0,,,,,4635,,,,0.0,,0.0,,0.0
,,,0.1882799118757248,,0.943356990814209,,,,,,,,,,,1.0,1.0,,,,,4636,,,,0.0,,0.0,,0.0
,,,0.07187499850988388,,0.9921875,,,,,,,,,,,1.0,1.0,,,,,4637,,,,0.0,,0.0,,0.0
,,,0.083984375,,1.0,,,,,,,,,,,1.0,1.0,,,,,4638,,,,0.0,,0.0,,0.0
,,,0.20262515544891357,,1.0,,,,,,,,,,,1.0,1.0,,,,,4639,,,,0.0,,0.0,,0.0
,,,0.15625,,0.9921875,,,,,,,,,,,1.0,1.0,,,,,4640,,,,0.0,,0.0,,0.0
,,,0.1471354216337204,,0.984375,,,,,,,,,,,1.0,1.0,,,,,4641,,,,0.0,,0.0,,0.0
,,,0.36636364459991455,,0.9818181991577148,,,,,,,,,,,1.0,1.0,,,,,4642,,,,0.0,,0.0,,0.0
,,,0.1339285671710968,,1.0,,,,,,,,,,,1.0,1.0,,,,,4643,,,,0.0,,0.0,,0.0
,,,0.1875,,1.0,,,,,,,,,,,1.0,1.0,,,,,4644,,,,0.0,,0.0,,0.0
,,,0.19657385349273682,,0.9652690887451172,,,,,,,,,,,1.0,1.0,,,,,4645,,,,0.0,,0.0,,0.0
,,,0.0807291641831398,,0.96875,,,,,,,,,,,1.0,1.0,,,,,4646,,,,0.0,,0.0,,0.0
,,,0.0755208358168602,,0.953125,,,,,,,,,,,1.0,1.0,,,,,4647,,,,0.0,,0.0,,0.0
,,,0.0849609375,,0.953125,,,,,,,,,,,1.0,1.0,,,,,4648,,,,0.0,,0.0,,0.0
,,,0.1349831372499466,,0.9960629940032959,,,,,,,,,,,1.0,1.0,,,,,4649,,,,0.0,,0.0,,0.0
,,,0.1316964328289032,,0.9921875,,,,,,,,,,,1.0,1.0,,,,,4650,,,,0.0,,0.0,,0.0
,,,0.18437500298023224,,0.984375,,,,,,,,,,,1.0,1.0,,,,,4651,,,,0.0,,0.0,,0.0
,,,0.20438218116760254,,0.9913793206214905,,,,,,,,,,,1.0,1.0,,,,,4652,,,,0.0,,0.0,,0.0
,,,0.1015625,,0.9453125,,,,,,,,,,,1.0,1.0,,,,,4653,,,,0.0,,0.0,,0.0
,,,0.15937499701976776,,0.9921875,,,,,,,,,,,1.0,1.0,,,,,4654,,,,0.0,,0.0,,0.0
,,,0.20952510833740234,,0.9765310287475586,,,,,,,,,,,1.0,1.0,,,,,4655,,,,0.0,,0.0,,0.0
,,,0.15625,,1.0,,,,,,,,,,,1.0,1.0,,,,,4656,,,,0.0,,0.0,,0.0
,,,0.1227678582072258,,0.9921875,,,,,,,,,,,1.0,1.0,,,,,4657,,,,0.0,,0.0,,0.0
,,,0.2109375,,1.0,,,,,,,,,,,1.0,1.0,,,,,4658,,,,0.0,,0.0,,0.0
,,,0.14453125,,0.9921875,,,,,,,,,,,1.0,1.0,,,,,4659,,,,0.0,,0.0,,0.0
,,,0.107421875,,0.9921875,,,,,,,,,,,1.0,1.0,,,,,4660,,,,0.0,,0.0,,0.0
,,,0.20321151614189148,,0.9883720874786377,,,,,,,,,,,1.0,1.0,,,,,4661,,,,0.0,,0.0,,0.0
,,,0.1104910746216774,,0.9453125,,,,,,,,,,,1.0,1.0,,,,,4662,,,,0.0,,0.0,,0.0
,,,0.0888671875,,0.9296875,,,,,,,,,,,1.0,1.0,,,,,4663,,,,0.0,,0.0,,0.0
,,,0.16702720522880554,,0.9601770043373108,,,,,,,,,,,1.0,1.0,,,,,4664,,,,0.0,,0.0,,0.0
,,,0.0859375,,0.9296875,,,,,,,,,,,1.0,1.0,,,,,4665,,,,0.0,,0.0,,0.0
,,,0.0986328125,,0.9375,,,,,,,,,,,1.0,1.0,,,,,4666,,,,0.0,,0.0,,0.0
,,,0.1518518477678299,,0.9121211767196655,,,,,,,,,,,1.0,1.0,,,,,4667,,,,0.0,,0.0,,0.0
,,,0.083984375,,0.984375,,,,,,,,,,,1.0,1.0,,,,,4668,,,,0.0,,0.0,,0.0
,,,0.06406249850988388,,0.9921875,,,,,,,,,,,1.0,1.0,,,,,4669,,,,0.0,,0.0,,0.0
,,,0.297530859708786,,1.0,,,,,,,,,,,1.0,1.0,,,,,4670,,,,0.0,,0.0,,0.0
,,,0.15234375,,0.9765625,,,,,,,,,,,1.0,1.0,,,,,4671,,,,0.0,,0.0,,0.0
,,,0.1294642835855484,,1.0,,,,,,,,,,,1.0,1.0,,,,,4672,,,,0.0,,0.0,,0.0
,,,0.310486376285553,,0.9828647971153259,,,,,,,,,,,1.0,1.0,,,,,4673,,,,0.0,,0.0,,0.0
,,,0.1549479216337204,,1.0,,,,,,,,,,,1.0,1.0,,,,,4674,,,,0.0,,0.0,,0.0
,,,0.1588541716337204,,1.0,,,,,,,,,,,1.0,1.0,,,,,4675,,,,0.0,,0.0,,0.0
,,,0.17813993990421295,,0.9707155227661133,,,,,,,,,,,1.0,1.0,,,,,4676,,,,0.0,,0.0,,0.0
,,,0.0763888880610466,,0.9609375,,,,,,,,,,,1.0,1.0,,,,,4677,,,,0.0,,0.0,,0.0
,,,0.0807291641831398,,0.96875,,,,,,,,,,,1.0,1.0,,,,,4678,,,,0.0,,0.0,,0.0
,,,0.23746243119239807,,0.9767441749572754,,,,,,,,,,,1.0,1.0,,,,,4679,,,,0.0,,0.0,,0.0
,,,0.11328125,,0.984375,,,,,,,,,,,1.0,1.0,,,,,4680,,,,0.0,,0.0,,0.0
,,,0.18281249701976776,,1.0,,,,,,,,,,,1.0,1.0,,,,,4681,,,,0.0,,0.0,,0.0
,,,0.25549906492233276,,0.9735616445541382,,,,,,,,,,,1.0,1.0,,,,,4682,,,,0.0,,0.0,,0.0
,,,0.0947265625,,0.9921875,,,,,,,,,,,1.0,1.0,,,,,4683,,,,0.0,,0.0,,0.0
,,,0.1004464253783226,,0.953125,,,,,,,,,,,1.0,1.0,,,,,4684,,,,0.0,,0.0,,0.0
,,,0.25127550959587097,,0.9955357313156128,,,,,,,,,,,1.0,1.0,,,,,4685,,,,0.0,,0.0,,0.0
,,,0.125,,0.9921875,,,,,,,,,,,1.0,1.0,,,,,4686,,,,0.0,,0.0,,0.0
,,,0.1510416716337204,,0.9921875,,,,,,,,,,,1.0,1.0,,,,,4687,,,,0.0,,0.0,,0.0
,,,0.19774669408798218,,1.0,,,,,,,,,,,1.0,1.0,,,,,4688,,,,0.0,,0.0,,0.0
,,,0.1510416716337204,,1.0,,,,,,,,,,,1.0,1.0,,,,,4689,,,,0.0,,0.0,,0.0
,,,0.1216517835855484,,0.9921875,,,,,,,,,,,1.0,1.0,,,,,4690,,,,0.0,,0.0,,0.0
,,,0.11122047156095505,,0.9921259880065918,,,,,,,,,,,1.0,1.0,,,,,4691,,,,0.0,,0.0,,0.0
50,0.8221127390861511,0.8186219334602356,,0.9763681888580322,,,,,,,,,,,,,,195.03883361816406,30302.939453125,5.27319860458374,398.6659851074219,11270,,,0.0,,0.0,,0.0,
50,,,,,,0.329417884349823,,0.504080057144165,,8.733138084411621,,,,,,,,,,,,11270,0.7387624979019165,,,,,,,
,,,,,,,,,,,,,,0.03,0.0004,,,,,,,11299,,,,,,,,
51,,,,,,,0.33356398344039917,,0.5005561709403992,,8.3515625,0.00039999998989515007,0.029999999329447746,,,1.0,1.0,,,,,11299,,1.0158891677856445,,,,,,
,,,,,,,,,,,,,,0.03,0.0004,,,,,,,11349,,,,,,,,
51,,,,,,,0.3118460178375244,,0.4888479709625244,,8.8515625,0.00039999998989515007,0.029999999329447746,,,1.0,1.0,,,,,11349,,0.5444430112838745,,,,,,
,,,,,,,,,,,,,,0.03,0.0004,,,,,,,11399,,,,,,,,
51,,,,,,,0.29935646057128906,,0.47123146057128906,,8.59375,0.00039999998989515007,0.029999999329447746,,,1.0,1.0,,,,,11399,,0.621273398399353,,,,,,
,,,,,,,,,,,,,,0.03,0.0004,,,,,,,11449,,,,,,,,
51,,,,,,,0.33915457129478455,,0.5131047964096069,,8.6953125,0.00039999998989515007,0.029999999329447746,,,1.0,1.0,,,,,11449,,0.8260377645492554,,,,,,
,,,0.1044921875,,0.9921875,,,,,,,,,,,1.0,1.0,,,,,4692,,,,0.0,,0.0,,0.0
,,,0.2265625,,1.0,,,,,,,,,,,1.0,1.0,,,,,4693,,,,0.0,,0.0,,0.0
,,,0.21044188737869263,,0.9530619382858276,,,,,,,,,,,1.0,1.0,,,,,4694,,,,0.0,,0.0,,0.0
,,,0.1272321492433548,,0.9609375,,,,,,,,,,,1.0,1.0,,,,,4695,,,,0.0,,0.0,,0.0
,,,0.0928819477558136,,0.953125,,,,,,,,,,,1.0,1.0,,,,,4696,,,,0.0,,0.0,,0.0
,,,0.15990027785301208,,0.9663461446762085,,,,,,,,,,,1.0,1.0,,,,,4697,,,,0.0,,0.0,,0.0
,,,0.06406249850988388,,0.9765625,,,,,,,,,,,1.0,1.0,,,,,4698,,,,0.0,,0.0,,0.0
,,,0.0546875,,0.984375,,,,,,,,,,,1.0,1.0,,,,,4699,,,,0.0,,0.0,,0.0
,,,0.150657519698143,,0.9858490228652954,,,,,,,,,,,1.0,1.0,,,,,4700,,,,0.0,,0.0,,0.0
,,,0.14453125,,1.0,,,,,,,,,,,1.0,1.0,,,,,4701,,,,0.0,,0.0,,0.0
,,,0.13671875,,0.9765625,,,,,,,,,,,1.0,1.0,,,,,4702,,,,0.0,,0.0,,0.0
,,,0.1341145783662796,,0.984375,,,,,,,,,,,1.0,1.0,,,,,4703,,,,0.0,,0.0,,0.0
,,,0.22209525108337402,,0.9919999837875366,,,,,,,,,,,1.0,1.0,,,,,4704,,,,0.0,,0.0,,0.0
,,,0.1497395783662796,,1.0,,,,,,,,,,,1.0,1.0,,,,,4705,,,,0.0,,0.0,,0.0
,,,0.1497395783662796,,0.984375,,,,,,,,,,,1.0,1.0,,,,,4706,,,,0.0,,0.0,,0.0
,,,0.23115913569927216,,0.9444444179534912,,,,,,,,,,,1.0,1.0,,,,,4707,,,,0.0,,0.0,,0.0
,,,0.1082589253783226,,0.9921875,,,,,,,,,,,1.0,1.0,,,,,4708,,,,0.0,,0.0,,0.0
,,,0.1015625,,0.9921875,,,,,,,,,,,1.0,1.0,,,,,4709,,,,0.0,,0.0,,0.0
,,,0.24505257606506348,,0.9886363744735718,,,,,,,,,,,1.0,1.0,,,,,4710,,,,0.0,,0.0,,0.0
,,,0.1328125,,1.0,,,,,,,,,,,1.0,1.0,,,,,4711,,,,0.0,,0.0,,0.0
,,,0.1875,,0.9921875,,,,,,,,,,,1.0,1.0,,,,,4712,,,,0.0,,0.0,,0.0
,,,0.1658032238483429,,0.9794520139694214,,,,,,,,,,,1.0,1.0,,,,,4713,,,,0.0,,0.0,,0.0
,,,0.0850694477558136,,0.9296875,,,,,,,,,,,1.0,1.0,,,,,4714,,,,0.0,,0.0,,0.0
,,,0.10546875,,0.96875,,,,,,,,,,,1.0,1.0,,,,,4715,,,,0.0,,0.0,,0.0
,,,0.16793103516101837,,0.9699507355690002,,,,,,,,,,,1.0,1.0,,,,,4716,,,,0.0,,0.0,,0.0
,,,0.1510416716337204,,1.0,,,,,,,,,,,1.0,1.0,,,,,4717,,,,0.0,,0.0,,0.0
,,,0.18593749403953552,,0.9921875,,,,,,,,,,,1.0,1.0,,,,,4718,,,,0.0,,0.0,,0.0
,,,0.20933961868286133,,0.9905660152435303,,,,,,,,,,,1.0,1.0,,,,,4719,,,,0.0,,0.0,,0.0
,,,0.1227678582072258,,1.0,,,,,,,,,,,1.0,1.0,,,,,4720,,,,0.0,,0.0,,0.0
,,,0.07656250149011612,,0.984375,,,,,,,,,,,1.0,1.0,,,,,4721,,,,0.0,,0.0,,0.0
,,,0.20906293392181396,,0.9823529720306396,,,,,,,,,,,1.0,1.0,,,,,4722,,,,0.0,,0.0,,0.0
,,,0.1216517835855484,,0.9921875,,,,,,,,,,,1.0,1.0,,,,,4723,,,,0.0,,0.0,,0.0
,,,0.140625,,0.984375,,,,,,,,,,,1.0,1.0,,,,,4724,,,,0.0,,0.0,,0.0
,,,0.24560168385505676,,0.9628078937530518,,,,,,,,,,,1.0,1.0,,,,,4725,,,,0.0,,0.0,,0.0
,,,0.0946180522441864,,0.953125,,,,,,,,,,,1.0,1.0,,,,,4726,,,,0.0,,0.0,,0.0
,,,0.1171875,,0.9375,,,,,,,,,,,1.0,1.0,,,,,4727,,,,0.0,,0.0,,0.0
,,,0.1544191539287567,,0.9358943104743958,,,,,,,,,,,1.0,1.0,,,,,4728,,,,0.0,,0.0,,0.0
,,,0.0729166641831398,,0.9921875,,,,,,,,,,,1.0,1.0,,,,,4729,,,,0.0,,0.0,,0.0
,,,0.0633680522441864,,0.96875,,,,,,,,,,,1.0,1.0,,,,,4730,,,,0.0,,0.0,,0.0
,,,0.14698141813278198,,0.9920635223388672,,,,,,,,,,,1.0,1.0,,,,,4731,,,,0.0,,0.0,,0.0
,,,0.1064453125,,0.984375,,,,,,,,,,,1.0,1.0,,,,,4732,,,,0.0,,0.0,,0.0
,,,0.1005859375,,0.9921875,,,,,,,,,,,1.0,1.0,,,,,4733,,,,0.0,,0.0,,0.0
,,,0.21590909361839294,,0.9818181991577148,,,,,,,,,,,1.0,1.0,,,,,4734,,,,0.0,,0.0,,0.0
,,,0.1261160671710968,,0.984375,,,,,,,,,,,1.0,1.0,,,,,4735,,,,0.0,,0.0,,0.0
,,,0.1339285671710968,,0.9921875,,,,,,,,,,,1.0,1.0,,,,,4736,,,,0.0,,0.0,,0.0
,,,0.21464329957962036,,0.9893617033958435,,,,,,,,,,,1.0,1.0,,,,,4737,,,,0.0,,0.0,,0.0
,,,0.14453125,,1.0,,,,,,,,,,,1.0,1.0,,,,,4738,,,,0.0,,0.0,,0.0
,,,0.1116071417927742,,1.0,,,,,,,,,,,1.0,1.0,,,,,4739,,,,0.0,,0.0,,0.0
,,,0.1005859375,,0.9921875,,,,,,,,,,,1.0,1.0,,,,,4740,,,,0.0,,0.0,,0.0
,,,0.19212599098682404,,0.9960629940032959,,,,,,,,,,,1.0,1.0,,,,,4741,,,,0.0,,0.0,,0.0
,,,0.1536458283662796,,0.9921875,,,,,,,,,,,1.0,1.0,,,,,4742,,,,0.0,,0.0,,0.0
,,,0.15625,,1.0,,,,,,,,,,,1.0,1.0,,,,,4743,,,,0.0,,0.0,,0.0
,,,0.17241379618644714,,0.9741379022598267,,,,,,,,,,,1.0,1.0,,,,,4744,,,,0.0,,0.0,,0.0
,,,0.07421875,,0.9375,,,,,,,,,,,1.0,1.0,,,,,4745,,,,0.0,,0.0,,0.0
,,,0.08671875298023224,,0.9765625,,,,,,,,,,,1.0,1.0,,,,,4746,,,,0.0,,0.0,,0.0
,,,0.1843295395374298,,0.9765310287475586,,,,,,,,,,,1.0,1.0,,,,,4747,,,,0.0,,0.0,,0.0
,,,0.1549479216337204,,1.0,,,,,,,,,,,1.0,1.0,,,,,4748,,,,0.0,,0.0,,0.0
,,,0.15234375,,0.9921875,,,,,,,,,,,1.0,1.0,,,,,4749,,,,0.0,,0.0,,0.0
,,,0.2122395932674408,,0.9947916269302368,,,,,,,,,,,1.0,1.0,,,,,4750,,,,0.0,,0.0,,0.0
,,,0.08046875149011612,,0.96875,,,,,,,,,,,1.0,1.0,,,,,4751,,,,0.0,,0.0,,0.0
,,,0.08359374850988388,,0.984375,,,,,,,,,,,1.0,1.0,,,,,4752,,,,0.0,,0.0,,0.0
,,,0.2044573724269867,,0.988095223903656,,,,,,,,,,,1.0,1.0,,,,,4753,,,,0.0,,0.0,,0.0
,,,0.1471354216337204,,0.9921875,,,,,,,,,,,1.0,1.0,,,,,4754,,,,0.0,,0.0,,0.0
,,,0.1227678582072258,,0.9765625,,,,,,,,,,,1.0,1.0,,,,,4755,,,,0.0,,0.0,,0.0
,,,0.21563422679901123,,0.9690265655517578,,,,,,,,,,,1.0,1.0,,,,,4756,,,,0.0,,0.0,,0.0
,,,0.09375,,0.953125,,,,,,,,,,,1.0,1.0,,,,,4757,,,,0.0,,0.0,,0.0
,,,0.1205357164144516,,0.9375,,,,,,,,,,,1.0,1.0,,,,,4758,,,,0.0,,0.0,,0.0
,,,0.16527777910232544,,0.903030276298523,,,,,,,,,,,1.0,1.0,,,,,4759,,,,0.0,,0.0,,0.0
,,,0.06171875074505806,,0.9921875,,,,,,,,,,,1.0,1.0,,,,,4760,,,,0.0,,0.0,,0.0
,,,0.0607638880610466,,0.96875,,,,,,,,,,,1.0,1.0,,,,,4761,,,,0.0,,0.0,,0.0
,,,0.1944444477558136,,1.0,,,,,,,,,,,1.0,1.0,,,,,4762,,,,0.0,,0.0,,0.0
,,,0.1183035746216774,,0.9765625,,,,,,,,,,,1.0,1.0,,,,,4763,,,,0.0,,0.0,,0.0
,,,0.099609375,,1.0,,,,,,,,,,,1.0,1.0,,,,,4764,,,,0.0,,0.0,,0.0
,,,0.22533467411994934,,0.9828647971153259,,,,,,,,,,,1.0,1.0,,,,,4765,,,,0.0,,0.0,,0.0
,,,0.18281249701976776,,0.984375,,,,,,,,,,,1.0,1.0,,,,,4766,,,,0.0,,0.0,,0.0
,,,0.1316964328289032,,0.9921875,,,,,,,,,,,1.0,1.0,,,,,4767,,,,0.0,,0.0,,0.0
,,,0.21498599648475647,,0.9803921580314636,,,,,,,,,,,1.0,1.0,,,,,4768,,,,0.0,,0.0,,0.0
,,,0.1205357164144516,,1.0,,,,,,,,,,,1.0,1.0,,,,,4769,,,,0.0,,0.0,,0.0
,,,0.0986328125,,0.9921875,,,,,,,,,,,1.0,1.0,,,,,4770,,,,0.0,,0.0,,0.0
,,,0.22086101770401,,1.0,,,,,,,,,,,1.0,1.0,,,,,4771,,,,0.0,,0.0,,0.0
,,,0.15625,,0.9921875,,,,,,,,,,,1.0,1.0,,,,,4772,,,,0.0,,0.0,,0.0
,,,0.18593749403953552,,0.9921875,,,,,,,,,,,1.0,1.0,,,,,4773,,,,0.0,,0.0,,0.0
,,,0.2601073682308197,,0.9838709831237793,,,,,,,,,,,1.0,1.0,,,,,4774,,,,0.0,,0.0,,0.0
,,,0.0833333358168602,,0.9453125,,,,,,,,,,,1.0,1.0,,,,,4775,,,,0.0,,0.0,,0.0
,,,0.0850694477558136,,0.9453125,,,,,,,,,,,1.0,1.0,,,,,4776,,,,0.0,,0.0,,0.0
,,,0.207341268658638,,0.9866071343421936,,,,,,,,,,,1.0,1.0,,,,,4777,,,,0.0,,0.0,,0.0
,,,0.1471354216337204,,0.9921875,,,,,,,,,,,1.0,1.0,,,,,4778,,,,0.0,,0.0,,0.0
,,,0.1536458283662796,,0.9921875,,,,,,,,,,,1.0,1.0,,,,,4779,,,,0.0,,0.0,,0.0
,,,0.20522533357143402,,0.9545454978942871,,,,,,,,,,,1.0,1.0,,,,,4780,,,,0.0,,0.0,,0.0
,,,0.1194196417927742,,0.9921875,,,,,,,,,,,1.0,1.0,,,,,4781,,,,0.0,,0.0,,0.0
,,,0.0868055522441864,,0.9765625,,,,,,,,,,,1.0,1.0,,,,,4782,,,,0.0,,0.0,,0.0
,,,0.10728346556425095,,0.9763779640197754,,,,,,,,,,,1.0,1.0,,,,,4783,,,,0.0,,0.0,,0.0
51,0.8227992057800293,0.8289344310760498,,0.980741024017334,,,,,,,,,,,,,,195.7906951904297,31490.86328125,5.277046203613281,397.6014099121094,11491,,,0.0,,0.0,,0.0,
51,,,,,,0.32664793729782104,,0.5008655786514282,,8.710654258728027,,,,,,,,,,,,11491,0.7393968105316162,,,,,,,
,,,,,,,,,,,,,,0.03,0.0004,,,,,,,11499,,,,,,,,
52,,,,,,,0.313917338848114,,0.498731791973114,,9.2421875,0.00039999998989515007,0.029999999329447746,,,1.0,1.0,,,,,11499,,0.6646972894668579,,,,,,
,,,,,,,,,,,,,,0.03,0.0004,,,,,,,11549,,,,,,,,
52,,,,,,,0.3161356449127197,,0.4834940433502197,,8.3671875,0.00039999998989515007,0.029999999329447746,,,1.0,1.0,,,,,11549,,0.7230445146560669,,,,,,
,,,,,,,,,,,,,,0.03,0.0004,,,,,,,11599,,,,,,,,
52,,,,,,,0.3384580612182617,,0.5096006393432617,,8.5546875,0.00039999998989515007,0.029999999329447746,,,1.0,1.0,,,,,11599,,0.9352853298187256,,,,,,
,,,,,,,,,,,,,,0.03,0.0004,,,,,,,11649,,,,,,,,
52,,,,,,,0.3301883935928345,,0.4924198389053345,,8.109375,0.00039999998989515007,0.029999999329447746,,,1.0,1.0,,,,,11649,,1.1111030578613281,,,,,,
,,,,,,,,,,,,,,0.03,0.0004,,,,,,,11699,,,,,,,,
52,,,,,,,0.2878965139389038,,0.4625791311264038,,8.734375,0.00039999998989515007,0.029999999329447746,,,1.0,1.0,,,,,11699,,0.8881661891937256,,,,,,
,,,0.1138392835855484,,0.9765625,,,,,,,,,,,1.0,1.0,,,,,4784,,,,0.0,,0.0,,0.0
,,,0.21484375,,1.0,,,,,,,,,,,1.0,1.0,,,,,4785,,,,0.0,,0.0,,0.0
,,,0.2945849895477295,,0.9715805053710938,,,,,,,,,,,1.0,1.0,,,,,4786,,,,0.0,,0.0,,0.0
,,,0.18906250596046448,,1.0,,,,,,,,,,,1.0,1.0,,,,,4787,,,,0.0,,0.0,,0.0
,,,0.1875,,1.0,,,,,,,,,,,1.0,1.0,,,,,4788,,,,0.0,,0.0,,0.0
,,,0.32179486751556396,,0.990384578704834,,,,,,,,,,,1.0,1.0,,,,,4789,,,,0.0,,0.0,,0.0
,,,0.0703125,,1.0,,,,,,,,,,,1.0,1.0,,,,,4790,,,,0.0,,0.0,,0.0
,,,0.0720486119389534,,0.9921875,,,,,,,,,,,1.0,1.0,,,,,4791,,,,0.0,,0.0,,0.0
,,,0.15208691358566284,,0.9952830076217651,,,,,,,,,,,1.0,1.0,,,,,4792,,,,0.0,,0.0,,0.0
,,,0.1194196417927742,,0.9921875,,,,,,,,,,,1.0,1.0,,,,,4793,,,,0.0,,0.0,,0.0
,,,0.1149553582072258,,0.96875,,,,,,,,,,,1.0,1.0,,,,,4794,,,,0.0,,0.0,,0.0
,,,0.15781250596046448,,0.9921875,,,,,,,,,,,1.0,1.0,,,,,4795,,,,0.0,,0.0,,0.0
,,,0.14986667037010193,,0.9760000109672546,,,,,,,,,,,1.0,1.0,,,,,4796,,,,0.0,,0.0,,0.0
,,,0.0868055522441864,,0.953125,,,,,,,,,,,1.0,1.0,,,,,4797,,,,0.0,,0.0,,0.0
,,,0.1025390625,,0.9296875,,,,,,,,,,,1.0,1.0,,,,,4798,,,,0.0,,0.0,,0.0
,,,0.2371615469455719,,0.8888888955116272,,,,,,,,,,,1.0,1.0,,,,,4799,,,,0.0,,0.0,,0.0
,,,0.1261160671710968,,1.0,,,,,,,,,,,1.0,1.0,,,,,4800,,,,0.0,,0.0,,0.0
,,,0.1419270783662796,,1.0,,,,,,,,,,,1.0,1.0,,,,,4801,,,,0.0,,0.0,,0.0
,,,0.24412491917610168,,0.9821428656578064,,,,,,,,,,,1.0,1.0,,,,,4802,,,,0.0,,0.0,,0.0
,,,0.0868055522441864,,0.9375,,,,,,,,,,,1.0,1.0,,,,,4803,,,,0.0,,0.0,,0.0
,,,0.09765625,,0.9453125,,,,,,,,,,,1.0,1.0,,,,,4804,,,,0.0,,0.0,,0.0
,,,0.19536113739013672,,0.9476961493492126,,,,,,,,,,,1.0,1.0,,,,,4805,,,,0.0,,0.0,,0.0
,,,0.07968749850988388,,0.9765625,,,,,,,,,,,1.0,1.0,,,,,4806,,,,0.0,,0.0,,0.0
,,,0.103515625,,0.96875,,,,,,,,,,,1.0,1.0,,,,,4807,,,,0.0,,0.0,,0.0
,,,0.17794197797775269,,0.9669950604438782,,,,,,,,,,,1.0,1.0,,,,,4808,,,,0.0,,0.0,,0.0
,,,0.216796875,,1.0,,,,,,,,,,,1.0,1.0,,,,,4809,,,,0.0,,0.0,,0.0
,,,0.1393229216337204,,0.9921875,,,,,,,,,,,1.0,1.0,,,,,4810,,,,0.0,,0.0,,0.0
,,,0.33091825246810913,,0.9933333396911621,,,,,,,,,,,1.0,1.0,,,,,4811,,,,0.0,,0.0,,0.0
,,,0.18281249701976776,,1.0,,,,,,,,,,,1.0,1.0,,,,,4812,,,,0.0,,0.0,,0.0
,,,0.1458333283662796,,1.0,,,,,,,,,,,1.0,1.0,,,,,4813,,,,0.0,,0.0,,0.0
,,,0.29243046045303345,,0.9941176176071167,,,,,,,,,,,1.0,1.0,,,,,4814,,,,0.0,,0.0,,0.0
,,,0.1315104216337204,,0.9765625,,,,,,,,,,,1.0,1.0,,,,,4815,,,,0.0,,0.0,,0.0
,,,0.208984375,,0.9921875,,,,,,,,,,,1.0,1.0,,,,,4816,,,,0.0,,0.0,,0.0
,,,0.3575369417667389,,0.984236478805542,,,,,,,,,,,1.0,1.0,,,,,4817,,,,0.0,,0.0,,0.0
,,,0.18906250596046448,,1.0,,,,,,,,,,,1.0,1.0,,,,,4818,,,,0.0,,0.0,,0.0
,,,0.236328125,,1.0,,,,,,,,,,,1.0,1.0,,,,,4819,,,,0.0,,0.0,,0.0
,,,0.22304169833660126,,0.9836065769195557,,,,,,,,,,,1.0,1.0,,,,,4820,,,,0.0,,0.0,,0.0
,,,0.0703125,,0.9921875,,,,,,,,,,,1.0,1.0,,,,,4821,,,,0.0,,0.0,,0.0
,,,0.08203125,,0.9921875,,,,,,,,,,,1.0,1.0,,,,,4822,,,,0.0,,0.0,,0.0
,,,0.1577262282371521,,1.0,,,,,,,,,,,1.0,1.0,,,,,4823,,,,0.0,,0.0,,0.0
,,,0.10546875,,0.984375,,,,,,,,,,,1.0,1.0,,,,,4824,,,,0.0,,0.0,,0.0
,,,0.1315104216337204,,0.984375,,,,,,,,,,,1.0,1.0,,,,,4825,,,,0.0,,0.0,,0.0
,,,0.24383115768432617,,0.969318151473999,,,,,,,,,,,1.0,1.0,,,,,4826,,,,0.0,,0.0,,0.0
,,,0.099609375,,0.9453125,,,,,,,,,,,1.0,1.0,,,,,4827,,,,0.0,,0.0,,0.0
,,,0.1044921875,,0.953125,,,,,,,,,,,1.0,1.0,,,,,4828,,,,0.0,,0.0,,0.0
,,,0.20799437165260315,,0.9627659320831299,,,,,,,,,,,1.0,1.0,,,,,4829,,,,0.0,,0.0,,0.0
,,,0.1497395783662796,,1.0,,,,,,,,,,,1.0,1.0,,,,,4830,,,,0.0,,0.0,,0.0
,,,0.125,,1.0,,,,,,,,,,,1.0,1.0,,,,,4831,,,,0.0,,0.0,,0.0
,,,0.224609375,,1.0,,,,,,,,,,,1.0,1.0,,,,,4832,,,,0.0,,0.0,,0.0
,,,0.2263779491186142,,0.9724409580230713,,,,,,,,,,,1.0,1.0,,,,,4833,,,,0.0,,0.0,,0.0
,,,0.0986328125,,0.9296875,,,,,,,,,,,1.0,1.0,,,,,4834,,,,0.0,,0.0,,0.0
,,,0.0850694477558136,,0.9453125,,,,,,,,,,,1.0,1.0,,,,,4835,,,,0.0,,0.0,,0.0
,,,0.12183907628059387,,0.9080460071563721,,,,,,,,,,,1.0,1.0,,,,,4836,,,,0.0,,0.0,,0.0
,,,0.08046875149011612,,0.9609375,,,,,,,,,,,1.0,1.0,,,,,4837,,,,0.0,,0.0,,0.0
,,,0.0928819477558136,,0.984375,,,,,,,,,,,1.0,1.0,,,,,4838,,,,0.0,,0.0,,0.0
,,,0.22426527738571167,,0.9900990128517151,,,,,,,,,,,1.0,1.0,,,,,4839,,,,0.0,,0.0,,0.0
,,,0.17656250298023224,,1.0,,,,,,,,,,,1.0,1.0,,,,,4840,,,,0.0,,0.0,,0.0
,,,0.16093750298023224,,0.9921875,,,,,,,,,,,1.0,1.0,,,,,4841,,,,0.0,,0.0,,0.0
,,,0.34375,,0.984375,,,,,,,,,,,1.0,1.0,,,,,4842,,,,0.0,,0.0,,0.0
,,,0.107421875,,1.0,,,,,,,,,,,1.0,1.0,,,,,4843,,,,0.0,,0.0,,0.0
,,,0.15234375,,0.9921875,,,,,,,,,,,1.0,1.0,,,,,4844,,,,0.0,,0.0,,0.0
,,,0.3367663621902466,,0.9941860437393188,,,,,,,,,,,1.0,1.0,,,,,4845,,,,0.0,,0.0,,0.0
,,,0.16875000298023224,,0.984375,,,,,,,,,,,1.0,1.0,,,,,4846,,,,0.0,,0.0,,0.0
,,,0.16875000298023224,,0.984375,,,,,,,,,,,1.0,1.0,,,,,4847,,,,0.0,,0.0,,0.0
,,,0.29931169748306274,,0.9955751895904541,,,,,,,,,,,1.0,1.0,,,,,4848,,,,0.0,,0.0,,0.0
,,,0.18906250596046448,,1.0,,,,,,,,,,,1.0,1.0,,,,,4849,,,,0.0,,0.0,,0.0
,,,0.240234375,,0.9921875,,,,,,,,,,,1.0,1.0,,,,,4850,,,,0.0,,0.0,,0.0
,,,0.1952020227909088,,0.9722222089767456,,,,,,,,,,,1.0,1.0,,,,,4851,,,,0.0,,0.0,,0.0
,,,0.0651041641831398,,0.9921875,,,,,,,,,,,1.0,1.0,,,,,4852,,,,0.0,,0.0,,0.0
,,,0.0685763880610466,,0.9921875,,,,,,,,,,,1.0,1.0,,,,,4853,,,,0.0,,0.0,,0.0
,,,0.2608024477958679,,1.0,,,,,,,,,,,1.0,1.0,,,,,4854,,,,0.0,,0.0,,0.0
,,,0.103515625,,0.96875,,,,,,,,,,,1.0,1.0,,,,,4855,,,,0.0,,0.0,,0.0
,,,0.12890625,,1.0,,,,,,,,,,,1.0,1.0,,,,,4856,,,,0.0,,0.0,,0.0
,,,0.24654808640480042,,0.9708166122436523,,,,,,,,,,,1.0,1.0,,,,,4857,,,,0.0,,0.0,,0.0
,,,0.1015625,,0.953125,,,,,,,,,,,1.0,1.0,,,,,4858,,,,0.0,,0.0,,0.0
,,,0.103515625,,0.953125,,,,,,,,,,,1.0,1.0,,,,,4859,,,,0.0,,0.0,,0.0
,,,0.20600968599319458,,0.9411764740943909,,,,,,,,,,,1.0,1.0,,,,,4860,,,,0.0,,0.0,,0.0
,,,0.15234375,,1.0,,,,,,,,,,,1.0,1.0,,,,,4861,,,,0.0,,0.0,,0.0
,,,0.125,,1.0,,,,,,,,,,,1.0,1.0,,,,,4862,,,,0.0,,0.0,,0.0
,,,0.2901439666748047,,0.976190447807312,,,,,,,,,,,1.0,1.0,,,,,4863,,,,0.0,,0.0,,0.0
,,,0.0859375,,0.921875,,,,,,,,,,,1.0,1.0,,,,,4864,,,,0.0,,0.0,,0.0
,,,0.1116071417927742,,0.9375,,,,,,,,,,,1.0,1.0,,,,,4865,,,,0.0,,0.0,,0.0
,,,0.2097189873456955,,0.969072163105011,,,,,,,,,,,1.0,1.0,,,,,4866,,,,0.0,,0.0,,0.0
,,,0.0876736119389534,,1.0,,,,,,,,,,,1.0,1.0,,,,,4867,,,,0.0,,0.0,,0.0
,,,0.078125,,0.953125,,,,,,,,,,,1.0,1.0,,,,,4868,,,,0.0,,0.0,,0.0
,,,0.2075892835855484,,0.9955357313156128,,,,,,,,,,,1.0,1.0,,,,,4869,,,,0.0,,0.0,,0.0
,,,0.1640625,,0.984375,,,,,,,,,,,1.0,1.0,,,,,4870,,,,0.0,,0.0,,0.0
,,,0.16718749701976776,,0.9921875,,,,,,,,,,,1.0,1.0,,,,,4871,,,,0.0,,0.0,,0.0
,,,0.27311578392982483,,0.995726466178894,,,,,,,,,,,1.0,1.0,,,,,4872,,,,0.0,,0.0,,0.0
,,,0.18125000596046448,,1.0,,,,,,,,,,,1.0,1.0,,,,,4873,,,,0.0,,0.0,,0.0
,,,0.109375,,1.0,,,,,,,,,,,1.0,1.0,,,,,4874,,,,0.0,,0.0,,0.0
,,,0.18425196409225464,,0.9921259880065918,,,,,,,,,,,1.0,1.0,,,,,4875,,,,0.0,,0.0,,0.0
52,0.8206117749214172,0.8237248659133911,,0.980660080909729,,,,,,,,,,,,,,197.30831909179688,29596.6484375,5.2847676277160645,395.048095703125,11712,,,0.0,,0.0,,0.0,
52,,,,,,0.32395246624946594,,0.49843794107437134,,8.724123001098633,,,,,,,,,,,,11712,0.7284262776374817,,,,,,,
,,,,,,,,,,,,,,0.03,0.0004,,,,,,,11749,,,,,,,,
53,,,,,,,0.30242615938186646,,0.47051697969436646,,8.40625,0.00039999998989515007,0.029999999329447746,,,1.0,1.0,,,,,11749,,0.42401790618896484,,,,,,
,,,,,,,,,,,,,,0.03,0.0004,,,,,,,11799,,,,,,,,
53,,,,,,,0.3178119361400604,,0.4967670142650604,,8.9453125,0.00039999998989515007,0.029999999329447746,,,1.0,1.0,,,,,11799,,0.7692891359329224,,,,,,
,,,,,,,,,,,,,,0.03,0.0004,,,,,,,11849,,,,,,,,
53,,,,,,,0.3174595832824707,,0.4872593879699707,,8.4921875,0.00039999998989515007,0.029999999329447746,,,1.0,1.0,,,,,11849,,0.6145711541175842,,,,,,
,,,,,,,,,,,,,,0.03,0.0004,,,,,,,11899,,,,,,,,
53,,,,,,,0.3345159590244293,,0.5115178823471069,,8.8515625,0.00039999998989515007,0.029999999329447746,,,1.0,1.0,,,,,11899,,0.6994124054908752,,,,,,
,,,0.1083984375,,0.984375,,,,,,,,,,,1.0,1.0,,,,,4876,,,,0.0,,0.0,,0.0
,,,0.18281249701976776,,1.0,,,,,,,,,,,1.0,1.0,,,,,4877,,,,0.0,,0.0,,0.0
,,,0.2542825937271118,,0.9666299819946289,,,,,,,,,,,1.0,1.0,,,,,4878,,,,0.0,,0.0,,0.0
,,,0.18281249701976776,,0.984375,,,,,,,,,,,1.0,1.0,,,,,4879,,,,0.0,,0.0,,0.0
,,,0.1227678582072258,,0.9921875,,,,,,,,,,,1.0,1.0,,,,,4880,,,,0.0,,0.0,,0.0
,,,0.2014651894569397,,0.990384578704834,,,,,,,,,,,1.0,1.0,,,,,4881,,,,0.0,,0.0,,0.0
,,,0.0824652761220932,,0.984375,,,,,,,,,,,1.0,1.0,,,,,4882,,,,0.0,,0.0,,0.0
,,,0.0746527761220932,,0.9921875,,,,,,,,,,,1.0,1.0,,,,,4883,,,,0.0,,0.0,,0.0
,,,0.17419476807117462,,1.0,,,,,,,,,,,1.0,1.0,,,,,4884,,,,0.0,,0.0,,0.0
,,,0.1536458283662796,,0.9765625,,,,,,,,,,,1.0,1.0,,,,,4885,,,,0.0,,0.0,,0.0
,,,0.1227678582072258,,0.9765625,,,,,,,,,,,1.0,1.0,,,,,4886,,,,0.0,,0.0,,0.0
,,,0.109375,,0.9921875,,,,,,,,,,,1.0,1.0,,,,,4887,,,,0.0,,0.0,,0.0
,,,0.16296297311782837,,0.972000002861023,,,,,,,,,,,1.0,1.0,,,,,4888,,,,0.0,,0.0,,0.0
,,,0.1082589253783226,,0.9296875,,,,,,,,,,,1.0,1.0,,,,,4889,,,,0.0,,0.0,,0.0
,,,0.0986328125,,0.9375,,,,,,,,,,,1.0,1.0,,,,,4890,,,,0.0,,0.0,,0.0
,,,0.188608780503273,,0.8888888955116272,,,,,,,,,,,1.0,1.0,,,,,4891,,,,0.0,,0.0,,0.0
,,,0.0986328125,,0.9765625,,,,,,,,,,,1.0,1.0,,,,,4892,,,,0.0,,0.0,,0.0
,,,0.1026785746216774,,0.984375,,,,,,,,,,,1.0,1.0,,,,,4893,,,,0.0,,0.0,,0.0
,,,0.25479283928871155,,0.9772727489471436,,,,,,,,,,,1.0,1.0,,,,,4894,,,,0.0,,0.0,,0.0
,,,0.1588541716337204,,1.0,,,,,,,,,,,1.0,1.0,,,,,4895,,,,0.0,,0.0,,0.0
,,,0.18906250596046448,,1.0,,,,,,,,,,,1.0,1.0,,,,,4896,,,,0.0,,0.0,,0.0
,,,0.2129514366388321,,1.0,,,,,,,,,,,1.0,1.0,,,,,4897,,,,0.0,,0.0,,0.0
,,,0.1183035746216774,,0.9921875,,,,,,,,,,,1.0,1.0,,,,,4898,,,,0.0,,0.0,,0.0
,,,0.0946180522441864,,0.96875,,,,,,,,,,,1.0,1.0,,,,,4899,,,,0.0,,0.0,,0.0
,,,0.1782703995704651,,0.9913793206214905,,,,,,,,,,,1.0,1.0,,,,,4900,,,,0.0,,0.0,,0.0
,,,0.109375,,0.9765625,,,,,,,,,,,1.0,1.0,,,,,4901,,,,0.0,,0.0,,0.0
,,,0.140625,,0.9921875,,,,,,,,,,,1.0,1.0,,,,,4902,,,,0.0,,0.0,,0.0
,,,0.21308176219463348,,0.9838993549346924,,,,,,,,,,,1.0,1.0,,,,,4903,,,,0.0,,0.0,,0.0
,,,0.1393229216337204,,0.96875,,,,,,,,,,,1.0,1.0,,,,,4904,,,,0.0,,0.0,,0.0
,,,0.0850694477558136,,0.96875,,,,,,,,,,,1.0,1.0,,,,,4905,,,,0.0,,0.0,,0.0
,,,0.216279074549675,,0.9823529720306396,,,,,,,,,,,1.0,1.0,,,,,4906,,,,0.0,,0.0,,0.0
,,,0.1238839253783226,,0.984375,,,,,,,,,,,1.0,1.0,,,,,4907,,,,0.0,,0.0,,0.0
,,,0.1497395783662796,,0.9921875,,,,,,,,,,,1.0,1.0,,,,,4908,,,,0.0,,0.0,,0.0
,,,0.259535551071167,,0.9684728980064392,,,,,,,,,,,1.0,1.0,,,,,4909,,,,0.0,,0.0,,0.0
,,,0.125,,0.984375,,,,,,,,,,,1.0,1.0,,,,,4910,,,,0.0,,0.0,,0.0
,,,0.1640625,,0.9921875,,,,,,,,,,,1.0,1.0,,,,,4911,,,,0.0,,0.0,,0.0
,,,0.16918142139911652,,0.9836065769195557,,,,,,,,,,,1.0,1.0,,,,,4912,,,,0.0,,0.0,,0.0
,,,0.07265625149011612,,0.984375,,,,,,,,,,,1.0,1.0,,,,,4913,,,,0.0,,0.0,,0.0
,,,0.0685763880610466,,1.0,,,,,,,,,,,1.0,1.0,,,,,4914,,,,0.0,,0.0,,0.0
,,,0.17134717106819153,,1.0,,,,,,,,,,,1.0,1.0,,,,,4915,,,,0.0,,0.0,,0.0
,,,0.1328125,,0.96875,,,,,,,,,,,1.0,1.0,,,,,4916,,,,0.0,,0.0,,0.0
,,,0.125,,0.9921875,,,,,,,,,,,1.0,1.0,,,,,4917,,,,0.0,,0.0,,0.0
,,,0.2139204442501068,,0.9568182229995728,,,,,,,,,,,1.0,1.0,,,,,4918,,,,0.0,,0.0,,0.0
,,,0.0947265625,,0.921875,,,,,,,,,,,1.0,1.0,,,,,4919,,,,0.0,,0.0,,0.0
,,,0.1025390625,,0.9609375,,,,,,,,,,,1.0,1.0,,,,,4920,,,,0.0,,0.0,,0.0
,,,0.17153385281562805,,0.9627659320831299,,,,,,,,,,,1.0,1.0,,,,,4921,,,,0.0,,0.0,,0.0
,,,0.12890625,,1.0,,,,,,,,,,,1.0,1.0,,,,,4922,,,,0.0,,0.0,,0.0
,,,0.095703125,,0.9609375,,,,,,,,,,,1.0,1.0,,,,,4923,,,,0.0,,0.0,,0.0
,,,0.1071428582072258,,0.9765625,,,,,,,,,,,1.0,1.0,,,,,4924,,,,0.0,,0.0,,0.0
,,,0.12007874250411987,,1.0,,,,,,,,,,,1.0,1.0,,,,,4925,,,,0.0,,0.0,,0.0
,,,0.23828125,,1.0,,,,,,,,,,,1.0,1.0,,,,,4926,,,,0.0,,0.0,,0.0
,,,0.234375,,1.0,,,,,,,,,,,1.0,1.0,,,,,4927,,,,0.0,,0.0,,0.0
,,,0.21515804529190063,,1.0,,,,,,,,,,,1.0,1.0,,,,,4928,,,,0.0,,0.0,,0.0
,,,0.1183035746216774,,0.984375,,,,,,,,,,,1.0,1.0,,,,,4929,,,,0.0,,0.0,,0.0
,,,0.107421875,,1.0,,,,,,,,,,,1.0,1.0,,,,,4930,,,,0.0,,0.0,,0.0
,,,0.21044188737869263,,0.9900990128517151,,,,,,,,,,,1.0,1.0,,,,,4931,,,,0.0,,0.0,,0.0
,,,0.1261160671710968,,0.984375,,,,,,,,,,,1.0,1.0,,,,,4932,,,,0.0,,0.0,,0.0
,,,0.1183035746216774,,0.984375,,,,,,,,,,,1.0,1.0,,,,,4933,,,,0.0,,0.0,,0.0
,,,0.2135416567325592,,0.96875,,,,,,,,,,,1.0,1.0,,,,,4934,,,,0.0,,0.0,,0.0
,,,0.0894097238779068,,0.9765625,,,,,,,,,,,1.0,1.0,,,,,4935,,,,0.0,,0.0,,0.0
,,,0.09375,,0.984375,,,,,,,,,,,1.0,1.0,,,,,4936,,,,0.0,,0.0,,0.0
,,,0.20722591876983643,,0.976190447807312,,,,,,,,,,,1.0,1.0,,,,,4937,,,,0.0,,0.0,,0.0
,,,0.1796875,,0.984375,,,,,,,,,,,1.0,1.0,,,,,4938,,,,0.0,,0.0,,0.0
,,,0.1497395783662796,,0.9765625,,,,,,,,,,,1.0,1.0,,,,,4939,,,,0.0,,0.0,,0.0
,,,0.3126843571662903,,0.9867256879806519,,,,,,,,,,,1.0,1.0,,,,,4940,,,,0.0,,0.0,,0.0
,,,0.1238839253783226,,0.984375,,,,,,,,,,,1.0,1.0,,,,,4941,,,,0.0,,0.0,,0.0
,,,0.1205357164144516,,0.984375,,,,,,,,,,,1.0,1.0,,,,,4942,,,,0.0,,0.0,,0.0
,,,0.14882154762744904,,1.0,,,,,,,,,,,1.0,1.0,,,,,4943,,,,0.0,,0.0,,0.0
,,,0.07265625149011612,,0.9765625,,,,,,,,,,,1.0,1.0,,,,,4944,,,,0.0,,0.0,,0.0
,,,0.0642361119389534,,1.0,,,,,,,,,,,1.0,1.0,,,,,4945,,,,0.0,,0.0,,0.0
,,,0.24788358807563782,,0.9953703880310059,,,,,,,,,,,1.0,1.0,,,,,4946,,,,0.0,,0.0,,0.0
,,,0.1283482164144516,,0.96875,,,,,,,,,,,1.0,1.0,,,,,4947,,,,0.0,,0.0,,0.0
,,,0.125,,1.0,,,,,,,,,,,1.0,1.0,,,,,4948,,,,0.0,,0.0,,0.0
,,,0.21502676606178284,,0.9647924900054932,,,,,,,,,,,1.0,1.0,,,,,4949,,,,0.0,,0.0,,0.0
,,,0.12890625,,0.921875,,,,,,,,,,,1.0,1.0,,,,,4950,,,,0.0,,0.0,,0.0
,,,0.0920138880610466,,0.953125,,,,,,,,,,,1.0,1.0,,,,,4951,,,,0.0,,0.0,,0.0
,,,0.19053985178470612,,0.9411764740943909,,,,,,,,,,,1.0,1.0,,,,,4952,,,,0.0,,0.0,,0.0
,,,0.1116071417927742,,0.9765625,,,,,,,,,,,1.0,1.0,,,,,4953,,,,0.0,,0.0,,0.0
,,,0.09765625,,0.96875,,,,,,,,,,,1.0,1.0,,,,,4954,,,,0.0,,0.0,,0.0
,,,0.2458471804857254,,0.9883720874786377,,,,,,,,,,,1.0,1.0,,,,,4955,,,,0.0,,0.0,,0.0
,,,0.1181640625,,1.0,,,,,,,,,,,1.0,1.0,,,,,4956,,,,0.0,,0.0,,0.0
,,,0.236328125,,1.0,,,,,,,,,,,1.0,1.0,,,,,4957,,,,0.0,,0.0,,0.0
,,,0.3051767945289612,,1.0,,,,,,,,,,,1.0,1.0,,,,,4958,,,,0.0,,0.0,,0.0
,,,0.1261160671710968,,1.0,,,,,,,,,,,1.0,1.0,,,,,4959,,,,0.0,,0.0,,0.0
,,,0.1015625,,0.984375,,,,,,,,,,,1.0,1.0,,,,,4960,,,,0.0,,0.0,,0.0
,,,0.1944444477558136,,1.0,,,,,,,,,,,1.0,1.0,,,,,4961,,,,0.0,,0.0,,0.0
,,,0.1216517835855484,,0.984375,,,,,,,,,,,1.0,1.0,,,,,4962,,,,0.0,,0.0,,0.0
,,,0.1194196417927742,,0.96875,,,,,,,,,,,1.0,1.0,,,,,4963,,,,0.0,,0.0,,0.0
,,,0.19881507754325867,,0.9502719640731812,,,,,,,,,,,1.0,1.0,,,,,4964,,,,0.0,,0.0,,0.0
,,,0.1393229216337204,,0.9765625,,,,,,,,,,,1.0,1.0,,,,,4965,,,,0.0,,0.0,,0.0
,,,0.0902777761220932,,0.9765625,,,,,,,,,,,1.0,1.0,,,,,4966,,,,0.0,,0.0,,0.0
,,,0.10334645956754684,,0.9763779640197754,,,,,,,,,,,1.0,1.0,,,,,4967,,,,0.0,,0.0,,0.0
53,0.8245624303817749,0.8335665464401245,,0.980974018573761,,,,,,,,,,,,,,197.9482879638672,27890.30078125,5.288005828857422,389.7204284667969,11933,,,0.0,,0.0,,0.0,
53,,,,,,0.3209259510040283,,0.4943596124649048,,8.671804428100586,,,,,,,,,,,,11933,0.702562153339386,,,,,,,
,,,,,,,,,,,,,,0.03,0.0004,,,,,,,11949,,,,,,,,
54,,,,,,,0.3275175094604492,,0.5050077438354492,,8.875,0.00039999998989515007,0.029999999329447746,,,1.0,1.0,,,,,11949,,0.932964563369751,,,,,,
,,,,,,,,,,,,,,0.03,0.0004,,,,,,,11999,,,,,,,,
54,,,,,,,0.3408481180667877,,0.5212680101394653,,9.0234375,0.00039999998989515007,0.029999999329447746,,,1.0,1.0,,,,,11999,,0.919647216796875,,,,,,
,,,,,,,,,,,,,,0.03,0.0004,,,,,,,12049,,,,,,,,
54,,,,,,,0.33623895049095154,,0.5042077302932739,,8.3984375,0.00039999998989515007,0.029999999329447746,,,1.0,1.0,,,,,12049,,0.9479369521141052,,,,,,
,,,,,,,,,,,,,,0.03,0.0004,,,,,,,12099,,,,,,,,
54,,,,,,,0.3269997239112854,,0.4988747239112854,,8.59375,0.00039999998989515007,0.029999999329447746,,,1.0,1.0,,,,,12099,,0.8835702538490295,,,,,,
,,,,,,,,,,,,,,0.03,0.0004,,,,,,,12149,,,,,,,,
54,,,,,,,0.3320857584476471,,0.5012751817703247,,8.4609375,0.00039999998989515007,0.029999999329447746,,,1.0,1.0,,,,,12149,,0.9165349006652832,,,,,,
,,,0.17031249403953552,,0.9921875,,,,,,,,,,,1.0,1.0,,,,,4968,,,,0.0,,0.0,,0.0
,,,0.17343750596046448,,1.0,,,,,,,,,,,1.0,1.0,,,,,4969,,,,0.0,,0.0,,0.0
,,,0.2045746147632599,,0.9715805053710938,,,,,,,,,,,1.0,1.0,,,,,4970,,,,0.0,,0.0,,0.0
,,,0.1419270783662796,,1.0,,,,,,,,,,,1.0,1.0,,,,,4971,,,,0.0,,0.0,,0.0
,,,0.1354166716337204,,0.9921875,,,,,,,,,,,1.0,1.0,,,,,4972,,,,0.0,,0.0,,0.0
,,,0.3147435784339905,,0.9855769276618958,,,,,,,,,,,1.0,1.0,,,,,4973,,,,0.0,,0.0,,0.0
,,,0.1205357164144516,,1.0,,,,,,,,,,,1.0,1.0,,,,,4974,,,,0.0,,0.0,,0.0
,,,0.1044921875,,1.0,,,,,,,,,,,1.0,1.0,,,,,4975,,,,0.0,,0.0,,0.0
,,,0.18400990962982178,,1.0,,,,,,,,,,,1.0,1.0,,,,,4976,,,,0.0,,0.0,,0.0
,,,0.140625,,0.9921875,,,,,,,,,,,1.0,1.0,,,,,4977,,,,0.0,,0.0,,0.0
,,,0.1071428582072258,,0.953125,,,,,,,,,,,1.0,1.0,,,,,4978,,,,0.0,,0.0,,0.0
,,,0.09765625,,0.984375,,,,,,,,,,,1.0,1.0,,,,,4979,,,,0.0,,0.0,,0.0
,,,0.19333332777023315,,0.8293333053588867,,,,,,,,,,,1.0,1.0,,,,,4980,,,,0.0,,0.0,,0.0
,,,0.1183035746216774,,0.9921875,,,,,,,,,,,1.0,1.0,,,,,4981,,,,0.0,,0.0,,0.0
,,,0.14453125,,0.984375,,,,,,,,,,,1.0,1.0,,,,,4982,,,,0.0,,0.0,,0.0
,,,0.22395625710487366,,0.9444444179534912,,,,,,,,,,,1.0,1.0,,,,,4983,,,,0.0,,0.0,,0.0
,,,0.1138392835855484,,0.9921875,,,,,,,,,,,1.0,1.0,,,,,4984,,,,0.0,,0.0,,0.0
,,,0.1082589253783226,,1.0,,,,,,,,,,,1.0,1.0,,,,,4985,,,,0.0,,0.0,,0.0
,,,0.33571428060531616,,1.0,,,,,,,,,,,1.0,1.0,,,,,4986,,,,0.0,,0.0,,0.0
,,,0.15234375,,1.0,,,,,,,,,,,1.0,1.0,,,,,4987,,,,0.0,,0.0,,0.0
,,,0.2265625,,1.0,,,,,,,,,,,1.0,1.0,,,,,4988,,,,0.0,,0.0,,0.0
,,,0.20442092418670654,,0.9840598106384277,,,,,,,,,,,1.0,1.0,,,,,4989,,,,0.0,,0.0,,0.0
,,,0.109375,,0.9609375,,,,,,,,,,,1.0,1.0,,,,,4990,,,,0.0,,0.0,,0.0
,,,0.1025390625,,0.953125,,,,,,,,,,,1.0,1.0,,,,,4991,,,,0.0,,0.0,,0.0
,,,0.13660098612308502,,0.9325122833251953,,,,,,,,,,,1.0,1.0,,,,,4992,,,,0.0,,0.0,,0.0
,,,0.10546875,,0.9296875,,,,,,,,,,,1.0,1.0,,,,,4993,,,,0.0,,0.0,,0.0
,,,0.0970982164144516,,0.90625,,,,,,,,,,,1.0,1.0,,,,,4994,,,,0.0,,0.0,,0.0
,,,0.23484276235103607,,0.9372327327728271,,,,,,,,,,,1.0,1.0,,,,,4995,,,,0.0,,0.0,,0.0
,,,0.21875,,1.0,,,,,,,,,,,1.0,1.0,,,,,4996,,,,0.0,,0.0,,0.0
,,,0.1216517835855484,,1.0,,,,,,,,,,,1.0,1.0,,,,,4997,,,,0.0,,0.0,,0.0
,,,0.29817602038383484,,0.9941176176071167,,,,,,,,,,,1.0,1.0,,,,,4998,,,,0.0,,0.0,,0.0
,,,0.1393229216337204,,0.9921875,,,,,,,,,,,1.0,1.0,,,,,4999,,,,0.0,,0.0,,0.0
,,,0.16875000298023224,,0.9921875,,,,,,,,,,,1.0,1.0,,,,,5000,,,,0.0,,0.0,,0.0
,,,0.24398311972618103,,0.984236478805542,,,,,,,,,,,1.0,1.0,,,,,5001,,,,0.0,,0.0,,0.0
,,,0.1341145783662796,,0.9921875,,,,,,,,,,,1.0,1.0,,,,,5002,,,,0.0,,0.0,,0.0
,,,0.16562500596046448,,0.9921875,,,,,,,,,,,1.0,1.0,,,,,5003,,,,0.0,,0.0,,0.0
,,,0.2791370749473572,,0.9754098653793335,,,,,,,,,,,1.0,1.0,,,,,5004,,,,0.0,,0.0,,0.0
,,,0.1216517835855484,,1.0,,,,,,,,,,,1.0,1.0,,,,,5005,,,,0.0,,0.0,,0.0
,,,0.1393229216337204,,1.0,,,,,,,,,,,1.0,1.0,,,,,5006,,,,0.0,,0.0,,0.0
,,,0.17883598804473877,,1.0,,,,,,,,,,,1.0,1.0,,,,,5007,,,,0.0,,0.0,,0.0
,,,0.1183035746216774,,0.96875,,,,,,,,,,,1.0,1.0,,,,,5008,,,,0.0,,0.0,,0.0
,,,0.09375,,0.984375,,,,,,,,,,,1.0,1.0,,,,,5009,,,,0.0,,0.0,,0.0
,,,0.21164771914482117,,0.9704545736312866,,,,,,,,,,,1.0,1.0,,,,,5010,,,,0.0,,0.0,,0.0
,,,0.1044921875,,0.9921875,,,,,,,,,,,1.0,1.0,,,,,5011,,,,0.0,,0.0,,0.0
,,,0.1497395783662796,,0.9921875,,,,,,,,,,,1.0,1.0,,,,,5012,,,,0.0,,0.0,,0.0
,,,0.19962453842163086,,0.9840425252914429,,,,,,,,,,,1.0,1.0,,,,,5013,,,,0.0,,0.0,,0.0
,,,0.1341145783662796,,1.0,,,,,,,,,,,1.0,1.0,,,,,5014,,,,0.0,,0.0,,0.0
,,,0.12890625,,0.9921875,,,,,,,,,,,1.0,1.0,,,,,5015,,,,0.0,,0.0,,0.0
,,,0.1104910746216774,,1.0,,,,,,,,,,,1.0,1.0,,,,,5016,,,,0.0,,0.0,,0.0
,,,0.18267716467380524,,1.0,,,,,,,,,,,1.0,1.0,,,,,5017,,,,0.0,,0.0,,0.0
,,,0.1294642835855484,,1.0,,,,,,,,,,,1.0,1.0,,,,,5018,,,,0.0,,0.0,,0.0
,,,0.224609375,,0.9921875,,,,,,,,,,,1.0,1.0,,,,,5019,,,,0.0,,0.0,,0.0
,,,0.18354885280132294,,0.9913793206214905,,,,,,,,,,,1.0,1.0,,,,,5020,,,,0.0,,0.0,,0.0
,,,0.09765625,,0.9453125,,,,,,,,,,,1.0,1.0,,,,,5021,,,,0.0,,0.0,,0.0
,,,0.10546875,,0.984375,,,,,,,,,,,1.0,1.0,,,,,5022,,,,0.0,,0.0,,0.0
,,,0.1628570258617401,,0.9504950642585754,,,,,,,,,,,1.0,1.0,,,,,5023,,,,0.0,,0.0,,0.0
,,,0.13593749701976776,,0.9453125,,,,,,,,,,,1.0,1.0,,,,,5024,,,,0.0,,0.0,,0.0
,,,0.0881696417927742,,0.890625,,,,,,,,,,,1.0,1.0,,,,,5025,,,,0.0,,0.0,,0.0
,,,0.234375,,0.9322916269302368,,,,,,,,,,,1.0,1.0,,,,,5026,,,,0.0,,0.0,,0.0
,,,0.140625,,1.0,,,,,,,,,,,1.0,1.0,,,,,5027,,,,0.0,,0.0,,0.0
,,,0.125,,0.9921875,,,,,,,,,,,1.0,1.0,,,,,5028,,,,0.0,,0.0,,0.0
,,,0.28820598125457764,,1.0,,,,,,,,,,,1.0,1.0,,,,,5029,,,,0.0,,0.0,,0.0
,,,0.16875000298023224,,0.9921875,,,,,,,,,,,1.0,1.0,,,,,5030,,,,0.0,,0.0,,0.0
,,,0.10546875,,0.984375,,,,,,,,,,,1.0,1.0,,,,,5031,,,,0.0,,0.0,,0.0
,,,0.24011799693107605,,0.991150438785553,,,,,,,,,,,1.0,1.0,,,,,5032,,,,0.0,,0.0,,0.0
,,,0.1380208283662796,,1.0,,,,,,,,,,,1.0,1.0,,,,,5033,,,,0.0,,0.0,,0.0
,,,0.2109375,,0.9765625,,,,,,,,,,,1.0,1.0,,,,,5034,,,,0.0,,0.0,,0.0
,,,0.22135642170906067,,0.9722222089767456,,,,,,,,,,,1.0,1.0,,,,,5035,,,,0.0,,0.0,,0.0
,,,0.1432291716337204,,1.0,,,,,,,,,,,1.0,1.0,,,,,5036,,,,0.0,,0.0,,0.0
,,,0.07890625298023224,,1.0,,,,,,,,,,,1.0,1.0,,,,,5037,,,,0.0,,0.0,,0.0
,,,0.2489417940378189,,0.9953703880310059,,,,,,,,,,,1.0,1.0,,,,,5038,,,,0.0,,0.0,,0.0
,,,0.1138392835855484,,0.9609375,,,,,,,,,,,1.0,1.0,,,,,5039,,,,0.0,,0.0,,0.0
,,,0.0947265625,,1.0,,,,,,,,,,,1.0,1.0,,,,,5040,,,,0.0,,0.0,,0.0
,,,0.24999043345451355,,0.9606425762176514,,,,,,,,,,,1.0,1.0,,,,,5041,,,,0.0,,0.0,,0.0
,,,0.1183035746216774,,0.9921875,,,,,,,,,,,1.0,1.0,,,,,5042,,,,0.0,,0.0,,0.0
,,,0.1305803507566452,,1.0,,,,,,,,,,,1.0,1.0,,,,,5043,,,,0.0,,0.0,,0.0
,,,0.22987377643585205,,0.970588207244873,,,,,,,,,,,1.0,1.0,,,,,5044,,,,0.0,,0.0,,0.0
,,,0.1127232164144516,,1.0,,,,,,,,,,,1.0,1.0,,,,,5045,,,,0.0,,0.0,,0.0
,,,0.1127232164144516,,0.9921875,,,,,,,,,,,1.0,1.0,,,,,5046,,,,0.0,,0.0,,0.0
,,,0.28866738080978394,,1.0,,,,,,,,,,,1.0,1.0,,,,,5047,,,,0.0,,0.0,,0.0
,,,0.125,,1.0,,,,,,,,,,,1.0,1.0,,,,,5048,,,,0.0,,0.0,,0.0
,,,0.22265625,,1.0,,,,,,,,,,,1.0,1.0,,,,,5049,,,,0.0,,0.0,,0.0
,,,0.25274360179901123,,0.9948453903198242,,,,,,,,,,,1.0,1.0,,,,,5050,,,,0.0,,0.0,,0.0
,,,0.09765625,,0.9765625,,,,,,,,,,,1.0,1.0,,,,,5051,,,,0.0,,0.0,,0.0
,,,0.1116071417927742,,0.9453125,,,,,,,,,,,1.0,1.0,,,,,5052,,,,0.0,,0.0,,0.0
,,,0.1666666716337204,,0.9955357313156128,,,,,,,,,,,1.0,1.0,,,,,5053,,,,0.0,,0.0,,0.0
,,,0.1002604141831398,,0.8984375,,,,,,,,,,,1.0,1.0,,,,,5054,,,,0.0,,0.0,,0.0
,,,0.09375,,0.90625,,,,,,,,,,,1.0,1.0,,,,,5055,,,,0.0,,0.0,,0.0
,,,0.22235172986984253,,0.9572649598121643,,,,,,,,,,,1.0,1.0,,,,,5056,,,,0.0,,0.0,,0.0
,,,0.17812499403953552,,0.9921875,,,,,,,,,,,1.0,1.0,,,,,5057,,,,0.0,,0.0,,0.0
,,,0.1044921875,,1.0,,,,,,,,,,,1.0,1.0,,,,,5058,,,,0.0,,0.0,,0.0
,,,0.17480315268039703,,0.9921259880065918,,,,,,,,,,,1.0,1.0,,,,,5059,,,,0.0,,0.0,,0.0
54,0.8229600191116333,0.8145045638084412,,0.9810393452644348,,,,,,,,,,,,,,199.14990234375,32823.32421875,5.294057846069336,391.919189453125,12154,,,0.0,,0.0,,0.0,
54,,,,,,0.3187258243560791,,0.49181002378463745,,8.654199600219727,,,,,,,,,,,,12154,0.74178147315979,,,,,,,
,,,,,,,,,,,,,,0.03,0.0004,,,,,,,12199,,,,,,,,
55,,,,,,,0.34445303678512573,,0.5148631930351257,,8.5234375,0.00039999998989515007,0.029999999329447746,,,1.0,1.0,,,,,12199,,0.7469351291656494,,,,,,
,,,,,,,,,,,,,,0.03,0.0004,,,,,,,12249,,,,,,,,
55,,,,,,,0.32642996311187744,,0.48951590061187744,,8.15625,0.00039999998989515007,0.029999999329447746,,,1.0,1.0,,,,,12249,,0.5762015581130981,,,,,,
,,,,,,,,,,,,,,0.03,0.0004,,,,,,,12299,,,,,,,,
55,,,,,,,0.30732131004333496,,0.48188185691833496,,8.7265625,0.00039999998989515007,0.029999999329447746,,,1.0,1.0,,,,,12299,,0.5458064079284668,,,,,,
,,,,,,,,,,,,,,0.03,0.0004,,,,,,,12349,,,,,,,,
55,,,,,,,0.32433563470840454,,0.48900848627090454,,8.234375,0.00039999998989515007,0.029999999329447746,,,1.0,1.0,,,,,12349,,0.6363707184791565,,,,,,
,,,0.1536458283662796,,0.984375,,,,,,,,,,,1.0,1.0,,,,,5060,,,,0.0,,0.0,,0.0
,,,0.228515625,,1.0,,,,,,,,,,,1.0,1.0,,,,,5061,,,,0.0,,0.0,,0.0
,,,0.2305188775062561,,0.9765310287475586,,,,,,,,,,,1.0,1.0,,,,,5062,,,,0.0,,0.0,,0.0
,,,0.1588541716337204,,1.0,,,,,,,,,,,1.0,1.0,,,,,5063,,,,0.0,,0.0,,0.0
,,,0.1875,,0.9921875,,,,,,,,,,,1.0,1.0,,,,,5064,,,,0.0,,0.0,,0.0
,,,0.25267094373703003,,0.990384578704834,,,,,,,,,,,1.0,1.0,,,,,5065,,,,0.0,,0.0,,0.0
,,,0.0720486119389534,,0.9921875,,,,,,,,,,,1.0,1.0,,,,,5066,,,,0.0,,0.0,,0.0
,,,0.0685763880610466,,0.984375,,,,,,,,,,,1.0,1.0,,,,,5067,,,,0.0,,0.0,,0.0
,,,0.15465980768203735,,0.9858490228652954,,,,,,,,,,,1.0,1.0,,,,,5068,,,,0.0,,0.0,,0.0
,,,0.1339285671710968,,1.0,,,,,,,,,,,1.0,1.0,,,,,5069,,,,0.0,,0.0,,0.0
,,,0.111328125,,0.9765625,,,,,,,,,,,1.0,1.0,,,,,5070,,,,0.0,,0.0,,0.0
,,,0.1484375,,0.9765625,,,,,,,,,,,1.0,1.0,,,,,5071,,,,0.0,,0.0,,0.0
,,,0.19333332777023315,,0.9959999918937683,,,,,,,,,,,1.0,1.0,,,,,5072,,,,0.0,,0.0,,0.0
,,,0.15234375,,0.9921875,,,,,,,,,,,1.0,1.0,,,,,5073,,,,0.0,,0.0,,0.0
,,,0.111328125,,0.9765625,,,,,,,,,,,1.0,1.0,,,,,5074,,,,0.0,,0.0,,0.0
,,,0.18230625987052917,,0.9360411167144775,,,,,,,,,,,1.0,1.0,,,,,5075,,,,0.0,,0.0,,0.0
,,,0.0746527761220932,,0.96875,,,,,,,,,,,1.0,1.0,,,,,5076,,,,0.0,,0.0,,0.0
,,,0.083984375,,0.9765625,,,,,,,,,,,1.0,1.0,,,,,5077,,,,0.0,,0.0,,0.0
,,,0.18013468384742737,,0.9772727489471436,,,,,,,,,,,1.0,1.0,,,,,5078,,,,0.0,,0.0,,0.0
,,,0.1142578125,,1.0,,,,,,,,,,,1.0,1.0,,,,,5079,,,,0.0,,0.0,,0.0
,,,0.1497395783662796,,0.984375,,,,,,,,,,,1.0,1.0,,,,,5080,,,,0.0,,0.0,,0.0
,,,0.19414696097373962,,0.9498132467269897,,,,,,,,,,,1.0,1.0,,,,,5081,,,,0.0,,0.0,,0.0
,,,0.0815972238779068,,0.9609375,,,,,,,,,,,1.0,1.0,,,,,5082,,,,0.0,,0.0,,0.0
,,,0.0894097238779068,,0.9375,,,,,,,,,,,1.0,1.0,,,,,5083,,,,0.0,,0.0,,0.0
,,,0.1665024608373642,,0.985714316368103,,,,,,,,,,,1.0,1.0,,,,,5084,,,,0.0,,0.0,,0.0
,,,0.1316964328289032,,1.0,,,,,,,,,,,1.0,1.0,,,,,5085,,,,0.0,,0.0,,0.0
,,,0.1536458283662796,,1.0,,,,,,,,,,,1.0,1.0,,,,,5086,,,,0.0,,0.0,,0.0
,,,0.2465408742427826,,0.9905660152435303,,,,,,,,,,,1.0,1.0,,,,,5087,,,,0.0,,0.0,,0.0
,,,0.1419270783662796,,0.984375,,,,,,,,,,,1.0,1.0,,,,,5088,,,,0.0,,0.0,,0.0
,,,0.0868055522441864,,0.984375,,,,,,,,,,,1.0,1.0,,,,,5089,,,,0.0,,0.0,,0.0
,,,0.216279074549675,,0.9823529720306396,,,,,,,,,,,1.0,1.0,,,,,5090,,,,0.0,,0.0,,0.0
,,,0.1536458283662796,,0.984375,,,,,,,,,,,1.0,1.0,,,,,5091,,,,0.0,,0.0,,0.0
,,,0.1484375,,0.9921875,,,,,,,,,,,1.0,1.0,,,,,5092,,,,0.0,,0.0,,0.0
,,,0.3089490830898285,,0.9928570985794067,,,,,,,,,,,1.0,1.0,,,,,5093,,,,0.0,,0.0,,0.0
,,,0.1328125,,0.9921875,,,,,,,,,,,1.0,1.0,,,,,5094,,,,0.0,,0.0,,0.0
,,,0.18281249701976776,,1.0,,,,,,,,,,,1.0,1.0,,,,,5095,,,,0.0,,0.0,,0.0
,,,0.1683386266231537,,0.9836065769195557,,,,,,,,,,,1.0,1.0,,,,,5096,,,,0.0,,0.0,,0.0
,,,0.06562499701976776,,0.9921875,,,,,,,,,,,1.0,1.0,,,,,5097,,,,0.0,,0.0,,0.0
,,,0.0642361119389534,,0.96875,,,,,,,,,,,1.0,1.0,,,,,5098,,,,0.0,,0.0,,0.0
,,,0.18885836005210876,,0.9920635223388672,,,,,,,,,,,1.0,1.0,,,,,5099,,,,0.0,,0.0,,0.0
,,,0.15625,,0.9921875,,,,,,,,,,,1.0,1.0,,,,,5100,,,,0.0,,0.0,,0.0
,,,0.1272321492433548,,0.984375,,,,,,,,,,,1.0,1.0,,,,,5101,,,,0.0,,0.0,,0.0
,,,0.2584415674209595,,0.9761363863945007,,,,,,,,,,,1.0,1.0,,,,,5102,,,,0.0,,0.0,,0.0
,,,0.1497395783662796,,0.9921875,,,,,,,,,,,1.0,1.0,,,,,5103,,,,0.0,,0.0,,0.0
,,,0.15234375,,0.9921875,,,,,,,,,,,1.0,1.0,,,,,5104,,,,0.0,,0.0,,0.0
,,,0.19125470519065857,,0.9840425252914429,,,,,,,,,,,1.0,1.0,,,,,5105,,,,0.0,,0.0,,0.0
,,,0.091796875,,0.9765625,,,,,,,,,,,1.0,1.0,,,,,5106,,,,0.0,,0.0,,0.0
,,,0.083984375,,0.984375,,,,,,,,,,,1.0,1.0,,,,,5107,,,,0.0,,0.0,,0.0
,,,0.0746527761220932,,0.9765625,,,,,,,,,,,1.0,1.0,,,,,5108,,,,0.0,,0.0,,0.0
,,,0.11417322605848312,,1.0,,,,,,,,,,,1.0,1.0,,,,,5109,,,,0.0,,0.0,,0.0
,,,0.1305803507566452,,0.9921875,,,,,,,,,,,1.0,1.0,,,,,5110,,,,0.0,,0.0,,0.0
,,,0.18125000596046448,,0.984375,,,,,,,,,,,1.0,1.0,,,,,5111,,,,0.0,,0.0,,0.0
,,,0.15549170970916748,,0.9655172824859619,,,,,,,,,,,1.0,1.0,,,,,5112,,,,0.0,,0.0,,0.0
,,,0.07421875,,0.9375,,,,,,,,,,,1.0,1.0,,,,,5113,,,,0.0,,0.0,,0.0
,,,0.0902777761220932,,0.96875,,,,,,,,,,,1.0,1.0,,,,,5114,,,,0.0,,0.0,,0.0
,,,0.16318297386169434,,0.9814814925193787,,,,,,,,,,,1.0,1.0,,,,,5115,,,,0.0,,0.0,,0.0
,,,0.1575520783662796,,1.0,,,,,,,,,,,1.0,1.0,,,,,5116,,,,0.0,,0.0,,0.0
,,,0.1142578125,,1.0,,,,,,,,,,,1.0,1.0,,,,,5117,,,,0.0,,0.0,,0.0
,,,0.2529761791229248,,0.9791666269302368,,,,,,,,,,,1.0,1.0,,,,,5118,,,,0.0,,0.0,,0.0
,,,0.0885416641831398,,0.984375,,,,,,,,,,,1.0,1.0,,,,,5119,,,,0.0,,0.0,,0.0
,,,0.09375,,0.9921875,,,,,,,,,,,1.0,1.0,,,,,5120,,,,0.0,,0.0,,0.0
,,,0.207156702876091,,0.9703764915466309,,,,,,,,,,,1.0,1.0,,,,,5121,,,,0.0,,0.0,,0.0
,,,0.18281249701976776,,0.9921875,,,,,,,,,,,1.0,1.0,,,,,5122,,,,0.0,,0.0,,0.0
,,,0.1471354216337204,,0.9921875,,,,,,,,,,,1.0,1.0,,,,,5123,,,,0.0,,0.0,,0.0
,,,0.32300883531570435,,0.9955751895904541,,,,,,,,,,,1.0,1.0,,,,,5124,,,,0.0,,0.0,,0.0
,,,0.15625,,0.9921875,,,,,,,,,,,1.0,1.0,,,,,5125,,,,0.0,,0.0,,0.0
,,,0.1536458283662796,,0.9921875,,,,,,,,,,,1.0,1.0,,,,,5126,,,,0.0,,0.0,,0.0
,,,0.16745230555534363,,0.9676767587661743,,,,,,,,,,,1.0,1.0,,,,,5127,,,,0.0,,0.0,,0.0
,,,0.06406249850988388,,0.9765625,,,,,,,,,,,1.0,1.0,,,,,5128,,,,0.0,,0.0,,0.0
,,,0.0607638880610466,,0.9765625,,,,,,,,,,,1.0,1.0,,,,,5129,,,,0.0,,0.0,,0.0
,,,0.18065842986106873,,1.0,,,,,,,,,,,1.0,1.0,,,,,5130,,,,0.0,,0.0,,0.0
,,,0.0998263880610466,,0.9765625,,,,,,,,,,,1.0,1.0,,,,,5131,,,,0.0,,0.0,,0.0
,,,0.1796875,,1.0,,,,,,,,,,,1.0,1.0,,,,,5132,,,,0.0,,0.0,,0.0
,,,0.3742436468601227,,0.9828647971153259,,,,,,,,,,,1.0,1.0,,,,,5133,,,,0.0,,0.0,,0.0
,,,0.15234375,,0.9921875,,,,,,,,,,,1.0,1.0,,,,,5134,,,,0.0,,0.0,,0.0
,,,0.11328125,,0.984375,,,,,,,,,,,1.0,1.0,,,,,5135,,,,0.0,,0.0,,0.0
,,,0.22529011964797974,,0.9803921580314636,,,,,,,,,,,1.0,1.0,,,,,5136,,,,0.0,,0.0,,0.0
,,,0.087890625,,0.96875,,,,,,,,,,,1.0,1.0,,,,,5137,,,,0.0,,0.0,,0.0
,,,0.0993303582072258,,0.984375,,,,,,,,,,,1.0,1.0,,,,,5138,,,,0.0,,0.0,,0.0
,,,0.182047501206398,,0.9883720874786377,,,,,,,,,,,1.0,1.0,,,,,5139,,,,0.0,,0.0,,0.0
,,,0.1123046875,,1.0,,,,,,,,,,,1.0,1.0,,,,,5140,,,,0.0,,0.0,,0.0
,,,0.1497395783662796,,0.984375,,,,,,,,,,,1.0,1.0,,,,,5141,,,,0.0,,0.0,,0.0
,,,0.21969571709632874,,0.9787163138389587,,,,,,,,,,,1.0,1.0,,,,,5142,,,,0.0,,0.0,,0.0
,,,0.0815972238779068,,0.9375,,,,,,,,,,,1.0,1.0,,,,,5143,,,,0.0,,0.0,,0.0
,,,0.07500000298023224,,0.921875,,,,,,,,,,,1.0,1.0,,,,,5144,,,,0.0,,0.0,,0.0
,,,0.1924603134393692,,0.9910714626312256,,,,,,,,,,,1.0,1.0,,,,,5145,,,,0.0,,0.0,,0.0
,,,0.1294642835855484,,1.0,,,,,,,,,,,1.0,1.0,,,,,5146,,,,0.0,,0.0,,0.0
,,,0.1305803507566452,,1.0,,,,,,,,,,,1.0,1.0,,,,,5147,,,,0.0,,0.0,,0.0
,,,0.2369852364063263,,0.9545454978942871,,,,,,,,,,,1.0,1.0,,,,,5148,,,,0.0,,0.0,,0.0
,,,0.1205357164144516,,0.9765625,,,,,,,,,,,1.0,1.0,,,,,5149,,,,0.0,,0.0,,0.0
,,,0.07578124850988388,,0.9921875,,,,,,,,,,,1.0,1.0,,,,,5150,,,,0.0,,0.0,,0.0
,,,0.09448818862438202,,0.9763779640197754,,,,,,,,,,,1.0,1.0,,,,,5151,,,,0.0,,0.0,,0.0
55,0.8274068832397461,0.8338922262191772,,0.9834387302398682,,,,,,,,,,,,,,199.6591796875,31783.900390625,5.296611785888672,391.655517578125,12375,,,0.0,,0.0,,0.0,
55,,,,,,0.3171462416648865,,0.4902844727039337,,8.65676212310791,,,,,,,,,,,,12375,0.7192004919052124,,,,,,,
,,,,,,,,,,,,,,0.03,0.0004,,,,,,,12399,,,,,,,,
56,,,,,,,0.32003575563430786,,0.49191075563430786,,8.59375,0.00039999998989515007,0.029999999329447746,,,1.0,1.0,,,,,12399,,0.8821864128112793,,,,,,
,,,,,,,,,,,,,,0.03,0.0004,,,,,,,12449,,,,,,,,
56,,,,,,,0.29956984519958496,,0.47657179832458496,,8.8515625,0.00039999998989515007,0.029999999329447746,,,1.0,1.0,,,,,12449,,0.7071598768234253,,,,,,
,,,,,,,,,,,,,,0.03,0.0004,,,,,,,12499,,,,,,,,
56,,,,,,,0.3362586796283722,,0.5103309154510498,,8.703125,0.00039999998989515007,0.029999999329447746,,,1.0,1.0,,,,,12499,,0.749556303024292,,,,,,
,,,,,,,,,,,,,,0.03,0.0004,,,,,,,12549,,,,,,,,
56,,,,,,,0.3217456340789795,,0.4911792278289795,,8.46875,0.00039999998989515007,0.029999999329447746,,,1.0,1.0,,,,,12549,,0.5342639088630676,,,,,,
,,,0.1294642835855484,,0.9921875,,,,,,,,,,,1.0,1.0,,,,,5152,,,,0.0,,0.0,,0.0
,,,0.18593749403953552,,1.0,,,,,,,,,,,1.0,1.0,,,,,5153,,,,0.0,,0.0,,0.0
,,,0.2230931520462036,,0.9715805053710938,,,,,,,,,,,1.0,1.0,,,,,5154,,,,0.0,,0.0,,0.0
,,,0.23828125,,1.0,,,,,,,,,,,1.0,1.0,,,,,5155,,,,0.0,,0.0,,0.0
,,,0.18593749403953552,,1.0,,,,,,,,,,,1.0,1.0,,,,,5156,,,,0.0,,0.0,,0.0
,,,0.2303113341331482,,0.9695512652397156,,,,,,,,,,,1.0,1.0,,,,,5157,,,,0.0,,0.0,,0.0
,,,0.0711805522441864,,0.984375,,,,,,,,,,,1.0,1.0,,,,,5158,,,,0.0,,0.0,,0.0
,,,0.0859375,,0.984375,,,,,,,,,,,1.0,1.0,,,,,5159,,,,0.0,,0.0,,0.0
,,,0.156089186668396,,0.9952830076217651,,,,,,,,,,,1.0,1.0,,,,,5160,,,,0.0,,0.0,,0.0
,,,0.125,,1.0,,,,,,,,,,,1.0,1.0,,,,,5161,,,,0.0,,0.0,,0.0
,,,0.1216517835855484,,0.96875,,,,,,,,,,,1.0,1.0,,,,,5162,,,,0.0,,0.0,,0.0
,,,0.1216517835855484,,0.984375,,,,,,,,,,,1.0,1.0,,,,,5163,,,,0.0,,0.0,,0.0
,,,0.3237333297729492,,0.9959999918937683,,,,,,,,,,,1.0,1.0,,,,,5164,,,,0.0,,0.0,,0.0
,,,0.15625,,0.9921875,,,,,,,,,,,1.0,1.0,,,,,5165,,,,0.0,,0.0,,0.0
,,,0.1536458283662796,,0.9765625,,,,,,,,,,,1.0,1.0,,,,,5166,,,,0.0,,0.0,,0.0
,,,0.19781246781349182,,0.9789916276931763,,,,,,,,,,,1.0,1.0,,,,,5167,,,,0.0,,0.0,,0.0
,,,0.072265625,,0.9453125,,,,,,,,,,,1.0,1.0,,,,,5168,,,,0.0,,0.0,,0.0
,,,0.0792410746216774,,0.9609375,,,,,,,,,,,1.0,1.0,,,,,5169,,,,0.0,,0.0,,0.0
,,,0.15981242060661316,,0.9372293949127197,,,,,,,,,,,1.0,1.0,,,,,5170,,,,0.0,,0.0,,0.0
,,,0.1025390625,,0.9921875,,,,,,,,,,,1.0,1.0,,,,,5171,,,,0.0,,0.0,,0.0
,,,0.17656250298023224,,0.9765625,,,,,,,,,,,1.0,1.0,,,,,5172,,,,0.0,,0.0,,0.0
,,,0.19476962089538574,,0.9772104620933533,,,,,,,,,,,1.0,1.0,,,,,5173,,,,0.0,,0.0,,0.0
,,,0.09765625,,0.96875,,,,,,,,,,,1.0,1.0,,,,,5174,,,,0.0,,0.0,,0.0
,,,0.07968749850988388,,0.96875,,,,,,,,,,,1.0,1.0,,,,,5175,,,,0.0,,0.0,,0.0
,,,0.18883414566516876,,0.9928570985794067,,,,,,,,,,,1.0,1.0,,,,,5176,,,,0.0,,0.0,,0.0
,,,0.1588541716337204,,1.0,,,,,,,,,,,1.0,1.0,,,,,5177,,,,0.0,,0.0,,0.0
,,,0.1575520783662796,,1.0,,,,,,,,,,,1.0,1.0,,,,,5178,,,,0.0,,0.0,,0.0
,,,0.2619227170944214,,0.9905660152435303,,,,,,,,,,,1.0,1.0,,,,,5179,,,,0.0,,0.0,,0.0
,,,0.1261160671710968,,1.0,,,,,,,,,,,1.0,1.0,,,,,5180,,,,0.0,,0.0,,0.0
,,,0.107421875,,0.984375,,,,,,,,,,,1.0,1.0,,,,,5181,,,,0.0,,0.0,,0.0
,,,0.2539769411087036,,0.9941176176071167,,,,,,,,,,,1.0,1.0,,,,,5182,,,,0.0,,0.0,,0.0
,,,0.1294642835855484,,0.9921875,,,,,,,,,,,1.0,1.0,,,,,5183,,,,0.0,,0.0,,0.0
,,,0.17499999701976776,,0.9921875,,,,,,,,,,,1.0,1.0,,,,,5184,,,,0.0,,0.0,,0.0
,,,0.31133005023002625,,0.984236478805542,,,,,,,,,,,1.0,1.0,,,,,5185,,,,0.0,,0.0,,0.0
,,,0.15234375,,1.0,,,,,,,,,,,1.0,1.0,,,,,5186,,,,0.0,,0.0,,0.0
,,,0.18437500298023224,,1.0,,,,,,,,,,,1.0,1.0,,,,,5187,,,,0.0,,0.0,,0.0
,,,0.19087961316108704,,0.9686812162399292,,,,,,,,,,,1.0,1.0,,,,,5188,,,,0.0,,0.0,,0.0
,,,0.07109375298023224,,0.984375,,,,,,,,,,,1.0,1.0,,,,,5189,,,,0.0,,0.0,,0.0
,,,0.0737847238779068,,1.0,,,,,,,,,,,1.0,1.0,,,,,5190,,,,0.0,,0.0,,0.0
,,,0.19096459448337555,,0.9920635223388672,,,,,,,,,,,1.0,1.0,,,,,5191,,,,0.0,,0.0,,0.0
,,,0.1261160671710968,,0.9921875,,,,,,,,,,,1.0,1.0,,,,,5192,,,,0.0,,0.0,,0.0
,,,0.1419270783662796,,0.984375,,,,,,,,,,,1.0,1.0,,,,,5193,,,,0.0,,0.0,,0.0
,,,0.29962119460105896,,0.9761363863945007,,,,,,,,,,,1.0,1.0,,,,,5194,,,,0.0,,0.0,,0.0
,,,0.1875,,1.0,,,,,,,,,,,1.0,1.0,,,,,5195,,,,0.0,,0.0,,0.0
,,,0.19062499701976776,,1.0,,,,,,,,,,,1.0,1.0,,,,,5196,,,,0.0,,0.0,,0.0
,,,0.19640621542930603,,0.9799749851226807,,,,,,,,,,,1.0,1.0,,,,,5197,,,,0.0,,0.0,,0.0
,,,0.0837053582072258,,0.9453125,,,,,,,,,,,1.0,1.0,,,,,5198,,,,0.0,,0.0,,0.0
,,,0.072265625,,0.96875,,,,,,,,,,,1.0,1.0,,,,,5199,,,,0.0,,0.0,,0.0
,,,0.0693359375,,0.9375,,,,,,,,,,,1.0,1.0,,,,,5200,,,,0.0,,0.0,,0.0
,,,0.12485939264297485,,0.9881889820098877,,,,,,,,,,,1.0,1.0,,,,,5201,,,,0.0,,0.0,,0.0
,,,0.107421875,,0.984375,,,,,,,,,,,1.0,1.0,,,,,5202,,,,0.0,,0.0,,0.0
,,,0.140625,,0.9765625,,,,,,,,,,,1.0,1.0,,,,,5203,,,,0.0,,0.0,,0.0
,,,0.17420977354049683,,0.9913793206214905,,,,,,,,,,,1.0,1.0,,,,,5204,,,,0.0,,0.0,,0.0
,,,0.0876736119389534,,0.9609375,,,,,,,,,,,1.0,1.0,,,,,5205,,,,0.0,,0.0,,0.0
,,,0.1015625,,0.984375,,,,,,,,,,,1.0,1.0,,,,,5206,,,,0.0,,0.0,,0.0
,,,0.2135588526725769,,1.0,,,,,,,,,,,1.0,1.0,,,,,5207,,,,0.0,,0.0,,0.0
,,,0.19218750298023224,,1.0,,,,,,,,,,,1.0,1.0,,,,,5208,,,,0.0,,0.0,,0.0
,,,0.15625,,1.0,,,,,,,,,,,1.0,1.0,,,,,5209,,,,0.0,,0.0,,0.0
,,,0.2574404776096344,,0.9947916269302368,,,,,,,,,,,1.0,1.0,,,,,5210,,,,0.0,,0.0,,0.0
,,,0.107421875,,1.0,,,,,,,,,,,1.0,1.0,,,,,5211,,,,0.0,,0.0,,0.0
,,,0.11328125,,0.984375,,,,,,,,,,,1.0,1.0,,,,,5212,,,,0.0,,0.0,,0.0
,,,0.29614248871803284,,0.988095223903656,,,,,,,,,,,1.0,1.0,,,,,5213,,,,0.0,,0.0,,0.0
,,,0.1510416716337204,,0.9921875,,,,,,,,,,,1.0,1.0,,,,,5214,,,,0.0,,0.0,,0.0
,,,0.125,,0.984375,,,,,,,,,,,1.0,1.0,,,,,5215,,,,0.0,,0.0,,0.0
,,,0.31189775466918945,,0.9955751895904541,,,,,,,,,,,1.0,1.0,,,,,5216,,,,0.0,,0.0,,0.0
,,,0.1549479216337204,,1.0,,,,,,,,,,,1.0,1.0,,,,,5217,,,,0.0,,0.0,,0.0
,,,0.15234375,,0.9921875,,,,,,,,,,,1.0,1.0,,,,,5218,,,,0.0,,0.0,,0.0
,,,0.18131312727928162,,0.963131308555603,,,,,,,,,,,1.0,1.0,,,,,5219,,,,0.0,,0.0,,0.0
,,,0.06953124701976776,,0.984375,,,,,,,,,,,1.0,1.0,,,,,5220,,,,0.0,,0.0,,0.0
,,,0.0685763880610466,,0.9921875,,,,,,,,,,,1.0,1.0,,,,,5221,,,,0.0,,0.0,,0.0
,,,0.24126985669136047,,1.0,,,,,,,,,,,1.0,1.0,,,,,5222,,,,0.0,,0.0,,0.0
,,,0.1064453125,,0.9765625,,,,,,,,,,,1.0,1.0,,,,,5223,,,,0.0,,0.0,,0.0
,,,0.1458333283662796,,1.0,,,,,,,,,,,1.0,1.0,,,,,5224,,,,0.0,,0.0,,0.0
,,,0.3677643835544586,,0.971753716468811,,,,,,,,,,,1.0,1.0,,,,,5225,,,,0.0,,0.0,,0.0
,,,0.18906250596046448,,1.0,,,,,,,,,,,1.0,1.0,,,,,5226,,,,0.0,,0.0,,0.0
,,,0.1575520783662796,,1.0,,,,,,,,,,,1.0,1.0,,,,,5227,,,,0.0,,0.0,,0.0
,,,0.1984066367149353,,0.9772090911865234,,,,,,,,,,,1.0,1.0,,,,,5228,,,,0.0,,0.0,,0.0
,,,0.0837053582072258,,0.9453125,,,,,,,,,,,1.0,1.0,,,,,5229,,,,0.0,,0.0,,0.0
,,,0.0712890625,,0.9453125,,,,,,,,,,,1.0,1.0,,,,,5230,,,,0.0,,0.0,,0.0
,,,0.1626061201095581,,0.9709302186965942,,,,,,,,,,,1.0,1.0,,,,,5231,,,,0.0,,0.0,,0.0
,,,0.1380208283662796,,0.984375,,,,,,,,,,,1.0,1.0,,,,,5232,,,,0.0,,0.0,,0.0
,,,0.1216517835855484,,0.9765625,,,,,,,,,,,1.0,1.0,,,,,5233,,,,0.0,,0.0,,0.0
,,,0.2187395989894867,,0.9787163138389587,,,,,,,,,,,1.0,1.0,,,,,5234,,,,0.0,,0.0,,0.0
,,,0.099609375,,0.9921875,,,,,,,,,,,1.0,1.0,,,,,5235,,,,0.0,,0.0,,0.0
,,,0.07578124850988388,,0.9609375,,,,,,,,,,,1.0,1.0,,,,,5236,,,,0.0,,0.0,,0.0
,,,0.26147958636283875,,0.9955357313156128,,,,,,,,,,,1.0,1.0,,,,,5237,,,,0.0,,0.0,,0.0
,,,0.1549479216337204,,1.0,,,,,,,,,,,1.0,1.0,,,,,5238,,,,0.0,,0.0,,0.0
,,,0.1549479216337204,,1.0,,,,,,,,,,,1.0,1.0,,,,,5239,,,,0.0,,0.0,,0.0
,,,0.2793318033218384,,1.0,,,,,,,,,,,1.0,1.0,,,,,5240,,,,0.0,,0.0,,0.0
,,,0.18437500298023224,,0.9921875,,,,,,,,,,,1.0,1.0,,,,,5241,,,,0.0,,0.0,,0.0
,,,0.0946180522441864,,1.0,,,,,,,,,,,1.0,1.0,,,,,5242,,,,0.0,,0.0,,0.0
,,,0.1131889745593071,,0.9921259880065918,,,,,,,,,,,1.0,1.0,,,,,5243,,,,0.0,,0.0,,0.0
56,0.8177906274795532,0.8309088349342346,,0.9850446581840515,,,,,,,,,,,,,,202.69004821777344,34733.41796875,5.311677932739258,392.3662109375,12596,,,0.0,,0.0,,0.0,
56,,,,,,0.3132416009902954,,0.4870721697807312,,8.691176414489746,,,,,,,,,,,,12596,0.6728053092956543,,,,,,,
,,,,,,,,,,,,,,0.03,0.0004,,,,,,,12599,,,,,,,,
57,,,,,,,0.2949404716491699,,0.4619326591491699,,8.3515625,0.00039999998989515007,0.029999999329447746,,,1.0,1.0,,,,,12599,,0.42975643277168274,,,,,,
,,,,,,,,,,,,,,0.03,0.0004,,,,,,,12649,,,,,,,,
57,,,,,,,0.30156153440475464,,0.47661036252975464,,8.75,0.00039999998989515007,0.029999999329447746,,,1.0,1.0,,,,,12649,,0.6581853032112122,,,,,,
,,,,,,,,,,,,,,0.03,0.0004,,,,,,,12699,,,,,,,,
57,,,,,,,0.3165207803249359,,0.5001145601272583,,9.1796875,0.00039999998989515007,0.029999999329447746,,,1.0,1.0,,,,,12699,,0.8199148774147034,,,,,,
,,,,,,,,,,,,,,0.03,0.0004,,,,,,,12749,,,,,,,,
57,,,,,,,0.29816892743110657,,0.46064451336860657,,8.125,0.00039999998989515007,0.029999999329447746,,,1.0,1.0,,,,,12749,,0.7938214540481567,,,,,,
,,,,,,,,,,,,,,0.03,0.0004,,,,,,,12799,,,,,,,,
57,,,,,,,0.31150174140930176,,0.48130154609680176,,8.4921875,0.00039999998989515007,0.029999999329447746,,,1.0,1.0,,,,,12799,,0.7526698112487793,,,,,,
,,,0.1432291716337204,,0.9921875,,,,,,,,,,,1.0,1.0,,,,,5244,,,,0.0,,0.0,,0.0
,,,0.224609375,,1.0,,,,,,,,,,,1.0,1.0,,,,,5245,,,,0.0,,0.0,,0.0
,,,0.2510870099067688,,0.9715805053710938,,,,,,,,,,,1.0,1.0,,,,,5246,,,,0.0,,0.0,,0.0
,,,0.1875,,0.9921875,,,,,,,,,,,1.0,1.0,,,,,5247,,,,0.0,,0.0,,0.0
,,,0.15234375,,1.0,,,,,,,,,,,1.0,1.0,,,,,5248,,,,0.0,,0.0,,0.0
,,,0.2548076808452606,,0.990384578704834,,,,,,,,,,,1.0,1.0,,,,,5249,,,,0.0,,0.0,,0.0
,,,0.0833333358168602,,0.984375,,,,,,,,,,,1.0,1.0,,,,,5250,,,,0.0,,0.0,,0.0
,,,0.09765625,,0.9921875,,,,,,,,,,,1.0,1.0,,,,,5251,,,,0.0,,0.0,,0.0
,,,0.1434819996356964,,1.0,,,,,,,,,,,1.0,1.0,,,,,5252,,,,0.0,,0.0,,0.0
,,,0.1044921875,,0.9375,,,,,,,,,,,1.0,1.0,,,,,5253,,,,0.0,,0.0,,0.0
,,,0.0868055522441864,,0.9296875,,,,,,,,,,,1.0,1.0,,,,,5254,,,,0.0,,0.0,,0.0
,,,0.0850694477558136,,0.921875,,,,,,,,,,,1.0,1.0,,,,,5255,,,,0.0,,0.0,,0.0
,,,0.17007407546043396,,0.9839999675750732,,,,,,,,,,,1.0,1.0,,,,,5256,,,,0.0,,0.0,,0.0
,,,0.1205357164144516,,0.96875,,,,,,,,,,,1.0,1.0,,,,,5257,,,,0.0,,0.0,,0.0
,,,0.103515625,,0.953125,,,,,,,,,,,1.0,1.0,,,,,5258,,,,0.0,,0.0,,0.0
,,,0.15738147497177124,,0.9360411167144775,,,,,,,,,,,1.0,1.0,,,,,5259,,,,0.0,,0.0,,0.0
,,,0.109375,,0.953125,,,,,,,,,,,1.0,1.0,,,,,5260,,,,0.0,,0.0,,0.0
,,,0.0948660746216774,,0.9765625,,,,,,,,,,,1.0,1.0,,,,,5261,,,,0.0,,0.0,,0.0
,,,0.19264069199562073,,1.0,,,,,,,,,,,1.0,1.0,,,,,5262,,,,0.0,,0.0,,0.0
,,,0.1064453125,,0.9921875,,,,,,,,,,,1.0,1.0,,,,,5263,,,,0.0,,0.0,,0.0
,,,0.17812499403953552,,0.984375,,,,,,,,,,,1.0,1.0,,,,,5264,,,,0.0,,0.0,,0.0
,,,0.21067869663238525,,0.9726027250289917,,,,,,,,,,,1.0,1.0,,,,,5265,,,,0.0,,0.0,,0.0
,,,0.0966796875,,0.96875,,,,,,,,,,,1.0,1.0,,,,,5266,,,,0.0,,0.0,,0.0
,,,0.09375,,0.96875,,,,,,,,,,,1.0,1.0,,,,,5267,,,,0.0,,0.0,,0.0
,,,0.19135195016860962,,0.9913793206214905,,,,,,,,,,,1.0,1.0,,,,,5268,,,,0.0,,0.0,,0.0
,,,0.19062499701976776,,1.0,,,,,,,,,,,1.0,1.0,,,,,5269,,,,0.0,,0.0,,0.0
,,,0.18593749403953552,,1.0,,,,,,,,,,,1.0,1.0,,,,,5270,,,,0.0,,0.0,,0.0
,,,0.36779874563217163,,1.0,,,,,,,,,,,1.0,1.0,,,,,5271,,,,0.0,,0.0,,0.0
,,,0.1510416716337204,,1.0,,,,,,,,,,,1.0,1.0,,,,,5272,,,,0.0,,0.0,,0.0
,,,0.1083984375,,1.0,,,,,,,,,,,1.0,1.0,,,,,5273,,,,0.0,,0.0,,0.0
,,,0.2606605589389801,,0.9941176176071167,,,,,,,,,,,1.0,1.0,,,,,5274,,,,0.0,,0.0,,0.0
,,,0.1183035746216774,,0.9921875,,,,,,,,,,,1.0,1.0,,,,,5275,,,,0.0,,0.0,,0.0
,,,0.17343750596046448,,0.9921875,,,,,,,,,,,1.0,1.0,,,,,5276,,,,0.0,,0.0,,0.0
,,,0.260309636592865,,0.984236478805542,,,,,,,,,,,1.0,1.0,,,,,5277,,,,0.0,,0.0,,0.0
,,,0.1316964328289032,,0.9921875,,,,,,,,,,,1.0,1.0,,,,,5278,,,,0.0,,0.0,,0.0
,,,0.18281249701976776,,1.0,,,,,,,,,,,1.0,1.0,,,,,5279,,,,0.0,,0.0,,0.0
,,,0.19834230840206146,,0.9761438369750977,,,,,,,,,,,1.0,1.0,,,,,5280,,,,0.0,,0.0,,0.0
,,,0.1015625,,1.0,,,,,,,,,,,1.0,1.0,,,,,5281,,,,0.0,,0.0,,0.0
,,,0.07500000298023224,,0.9921875,,,,,,,,,,,1.0,1.0,,,,,5282,,,,0.0,,0.0,,0.0
,,,0.14210012555122375,,0.9769231081008911,,,,,,,,,,,1.0,1.0,,,,,5283,,,,0.0,,0.0,,0.0
,,,0.0946180522441864,,0.9296875,,,,,,,,,,,1.0,1.0,,,,,5284,,,,0.0,,0.0,,0.0
,,,0.0859375,,0.9375,,,,,,,,,,,1.0,1.0,,,,,5285,,,,0.0,,0.0,,0.0
,,,0.18964645266532898,,0.9465909004211426,,,,,,,,,,,1.0,1.0,,,,,5286,,,,0.0,,0.0,,0.0
,,,0.1205357164144516,,0.9765625,,,,,,,,,,,1.0,1.0,,,,,5287,,,,0.0,,0.0,,0.0
,,,0.0980902761220932,,0.9609375,,,,,,,,,,,1.0,1.0,,,,,5288,,,,0.0,,0.0,,0.0
,,,0.17725282907485962,,0.9640175104141235,,,,,,,,,,,1.0,1.0,,,,,5289,,,,0.0,,0.0,,0.0
,,,0.087890625,,0.96875,,,,,,,,,,,1.0,1.0,,,,,5290,,,,0.0,,0.0,,0.0
,,,0.0915178582072258,,0.9765625,,,,,,,,,,,1.0,1.0,,,,,5291,,,,0.0,,0.0,,0.0
,,,0.11328125,,0.9765625,,,,,,,,,,,1.0,1.0,,,,,5292,,,,0.0,,0.0,,0.0
,,,0.11122047156095505,,0.9960629940032959,,,,,,,,,,,1.0,1.0,,,,,5293,,,,0.0,,0.0,,0.0
,,,0.17656250298023224,,0.9921875,,,,,,,,,,,1.0,1.0,,,,,5294,,,,0.0,,0.0,,0.0
,,,0.17656250298023224,,0.9921875,,,,,,,,,,,1.0,1.0,,,,,5295,,,,0.0,,0.0,,0.0
,,,0.20653735101222992,,0.982758641242981,,,,,,,,,,,1.0,1.0,,,,,5296,,,,0.0,,0.0,,0.0
,,,0.0859375,,0.953125,,,,,,,,,,,1.0,1.0,,,,,5297,,,,0.0,,0.0,,0.0
,,,0.0954861119389534,,0.9921875,,,,,,,,,,,1.0,1.0,,,,,5298,,,,0.0,,0.0,,0.0
,,,0.215713232755661,,0.9950494766235352,,,,,,,,,,,1.0,1.0,,,,,5299,,,,0.0,,0.0,,0.0
,,,0.240234375,,1.0,,,,,,,,,,,1.0,1.0,,,,,5300,,,,0.0,,0.0,,0.0
,,,0.18281249701976776,,1.0,,,,,,,,,,,1.0,1.0,,,,,5301,,,,0.0,,0.0,,0.0
,,,0.3055555522441864,,1.0,,,,,,,,,,,1.0,1.0,,,,,5302,,,,0.0,,0.0,,0.0
,,,0.1238839253783226,,1.0,,,,,,,,,,,1.0,1.0,,,,,5303,,,,0.0,,0.0,,0.0
,,,0.1316964328289032,,0.9921875,,,,,,,,,,,1.0,1.0,,,,,5304,,,,0.0,,0.0,,0.0
,,,0.25383642315864563,,1.0,,,,,,,,,,,1.0,1.0,,,,,5305,,,,0.0,,0.0,,0.0
,,,0.17343750596046448,,0.9921875,,,,,,,,,,,1.0,1.0,,,,,5306,,,,0.0,,0.0,,0.0
,,,0.14453125,,0.9921875,,,,,,,,,,,1.0,1.0,,,,,5307,,,,0.0,,0.0,,0.0
,,,0.2540244460105896,,0.991150438785553,,,,,,,,,,,1.0,1.0,,,,,5308,,,,0.0,,0.0,,0.0
,,,0.15625,,1.0,,,,,,,,,,,1.0,1.0,,,,,5309,,,,0.0,,0.0,,0.0
,,,0.1510416716337204,,0.984375,,,,,,,,,,,1.0,1.0,,,,,5310,,,,0.0,,0.0,,0.0
,,,0.1672278344631195,,0.9954545497894287,,,,,,,,,,,1.0,1.0,,,,,5311,,,,0.0,,0.0,,0.0
,,,0.0876736119389534,,1.0,,,,,,,,,,,1.0,1.0,,,,,5312,,,,0.0,,0.0,,0.0
,,,0.0703125,,0.9921875,,,,,,,,,,,1.0,1.0,,,,,5313,,,,0.0,,0.0,,0.0
,,,0.20069444179534912,,0.9768518209457397,,,,,,,,,,,1.0,1.0,,,,,5314,,,,0.0,,0.0,,0.0
,,,0.0894097238779068,,0.9140625,,,,,,,,,,,1.0,1.0,,,,,5315,,,,0.0,,0.0,,0.0
,,,0.09765625,,0.9609375,,,,,,,,,,,1.0,1.0,,,,,5316,,,,0.0,,0.0,,0.0
,,,0.21572959423065186,,0.9546184539794922,,,,,,,,,,,1.0,1.0,,,,,5317,,,,0.0,,0.0,,0.0
,,,0.107421875,,0.96875,,,,,,,,,,,1.0,1.0,,,,,5318,,,,0.0,,0.0,,0.0
,,,0.0954861119389534,,0.96875,,,,,,,,,,,1.0,1.0,,,,,5319,,,,0.0,,0.0,,0.0
,,,0.18570154905319214,,0.9738986492156982,,,,,,,,,,,1.0,1.0,,,,,5320,,,,0.0,,0.0,,0.0
,,,0.0948660746216774,,0.953125,,,,,,,,,,,1.0,1.0,,,,,5321,,,,0.0,,0.0,,0.0
,,,0.0982142835855484,,0.9765625,,,,,,,,,,,1.0,1.0,,,,,5322,,,,0.0,,0.0,,0.0
,,,0.20044296979904175,,0.9883720874786377,,,,,,,,,,,1.0,1.0,,,,,5323,,,,0.0,,0.0,,0.0
,,,0.1205357164144516,,0.984375,,,,,,,,,,,1.0,1.0,,,,,5324,,,,0.0,,0.0,,0.0
,,,0.22265625,,0.9921875,,,,,,,,,,,1.0,1.0,,,,,5325,,,,0.0,,0.0,,0.0
,,,0.2983039617538452,,0.9787163138389587,,,,,,,,,,,1.0,1.0,,,,,5326,,,,0.0,,0.0,,0.0
,,,0.1025390625,,0.984375,,,,,,,,,,,1.0,1.0,,,,,5327,,,,0.0,,0.0,,0.0
,,,0.0850694477558136,,0.9453125,,,,,,,,,,,1.0,1.0,,,,,5328,,,,0.0,,0.0,,0.0
,,,0.2083333432674408,,1.0,,,,,,,,,,,1.0,1.0,,,,,5329,,,,0.0,,0.0,,0.0
,,,0.1536458283662796,,0.9921875,,,,,,,,,,,1.0,1.0,,,,,5330,,,,0.0,,0.0,,0.0
,,,0.18437500298023224,,1.0,,,,,,,,,,,1.0,1.0,,,,,5331,,,,0.0,,0.0,,0.0
,,,0.3482517600059509,,1.0,,,,,,,,,,,1.0,1.0,,,,,5332,,,,0.0,,0.0,,0.0
,,,0.18593749403953552,,1.0,,,,,,,,,,,1.0,1.0,,,,,5333,,,,0.0,,0.0,,0.0
,,,0.109375,,1.0,,,,,,,,,,,1.0,1.0,,,,,5334,,,,0.0,,0.0,,0.0
,,,0.1548556387424469,,0.9921259880065918,,,,,,,,,,,1.0,1.0,,,,,5335,,,,0.0,,0.0,,0.0
57,0.819776177406311,0.8371154069900513,,0.9811002016067505,,,,,,,,,,,,,,201.0795135498047,36682.0390625,5.3037004470825195,390.2186584472656,12817,,,0.0,,0.0,,0.0,
57,,,,,,0.31039172410964966,,0.48349735140800476,,8.655295372009277,,,,,,,,,,,,12817,0.6912627220153809,,,,,,,
,,,,,,,,,,,,,,0.03,0.0004,,,,,,,12849,,,,,,,,
58,,,,,,,0.3222188353538513,,0.4981221556663513,,8.796875,0.00039999998989515007,0.029999999329447746,,,1.0,1.0,,,,,12849,,0.5424212217330933,,,,,,
,,,,,,,,,,,,,,0.03,0.0004,,,,,,,12899,,,,,,,,
58,,,,,,,0.29960769414901733,,0.48820632696151733,,9.4296875,0.00039999998989515007,0.029999999329447746,,,1.0,1.0,,,,,12899,,0.6018505692481995,,,,,,
,,,,,,,,,,,,,,0.03,0.0004,,,,,,,12949,,,,,,,,
58,,,,,,,0.2686325013637543,,0.4458785951137543,,8.859375,0.00039999998989515007,0.029999999329447746,,,1.0,1.0,,,,,12949,,0.43825316429138184,,,,,,
,,,,,,,,,,,,,,0.03,0.0004,,,,,,,12999,,,,,,,,
58,,,,,,,0.29981037974357605,,0.47205159068107605,,8.609375,0.00039999998989515007,0.029999999329447746,,,1.0,1.0,,,,,12999,,0.7880058288574219,,,,,,
,,,0.1575520783662796,,0.984375,,,,,,,,,,,1.0,1.0,,,,,5336,,,,0.0,,0.0,,0.0
,,,0.3203125,,1.0,,,,,,,,,,,1.0,1.0,,,,,5337,,,,0.0,,0.0,,0.0
,,,0.22405573725700378,,0.9814814925193787,,,,,,,,,,,1.0,1.0,,,,,5338,,,,0.0,,0.0,,0.0
,,,0.15625,,0.984375,,,,,,,,,,,1.0,1.0,,,,,5339,,,,0.0,,0.0,,0.0
,,,0.17812499403953552,,0.984375,,,,,,,,,,,1.0,1.0,,,,,5340,,,,0.0,,0.0,,0.0
,,,0.24679487943649292,,0.9855769276618958,,,,,,,,,,,1.0,1.0,,,,,5341,,,,0.0,,0.0,,0.0
,,,0.0833333358168602,,1.0,,,,,,,,,,,1.0,1.0,,,,,5342,,,,0.0,,0.0,,0.0
,,,0.09765625,,1.0,,,,,,,,,,,1.0,1.0,,,,,5343,,,,0.0,,0.0,,0.0
,,,0.194039449095726,,0.9952830076217651,,,,,,,,,,,1.0,1.0,,,,,5344,,,,0.0,,0.0,,0.0
,,,0.1006944477558136,,1.0,,,,,,,,,,,1.0,1.0,,,,,5345,,,,0.0,,0.0,,0.0
,,,0.1497395783662796,,0.9765625,,,,,,,,,,,1.0,1.0,,,,,5346,,,,0.0,,0.0,,0.0
,,,0.1227678582072258,,0.9921875,,,,,,,,,,,1.0,1.0,,,,,5347,,,,0.0,,0.0,,0.0
,,,0.19433334469795227,,0.9839999675750732,,,,,,,,,,,1.0,1.0,,,,,5348,,,,0.0,,0.0,,0.0
,,,0.125,,0.9921875,,,,,,,,,,,1.0,1.0,,,,,5349,,,,0.0,,0.0,,0.0
,,,0.109375,,0.96875,,,,,,,,,,,1.0,1.0,,,,,5350,,,,0.0,,0.0,,0.0
,,,0.15814658999443054,,0.9066293239593506,,,,,,,,,,,1.0,1.0,,,,,5351,,,,0.0,,0.0,,0.0
,,,0.0591517873108387,,0.890625,,,,,,,,,,,1.0,1.0,,,,,5352,,,,0.0,,0.0,,0.0
,,,0.05859375,,0.9375,,,,,,,,,,,1.0,1.0,,,,,5353,,,,0.0,,0.0,,0.0
,,,0.1269841194152832,,0.8901515007019043,,,,,,,,,,,1.0,1.0,,,,,5354,,,,0.0,,0.0,,0.0
,,,0.0677083358168602,,0.875,,,,,,,,,,,1.0,1.0,,,,,5355,,,,0.0,,0.0,,0.0
,,,0.0711805522441864,,0.8828125,,,,,,,,,,,1.0,1.0,,,,,5356,,,,0.0,,0.0,,0.0
,,,0.19210104644298553,,0.9113324880599976,,,,,,,,,,,1.0,1.0,,,,,5357,,,,0.0,,0.0,,0.0
,,,0.09375,,0.9921875,,,,,,,,,,,1.0,1.0,,,,,5358,,,,0.0,,0.0,,0.0
,,,0.1471354216337204,,0.9765625,,,,,,,,,,,1.0,1.0,,,,,5359,,,,0.0,,0.0,,0.0
,,,0.21096059679985046,,0.9913793206214905,,,,,,,,,,,1.0,1.0,,,,,5360,,,,0.0,,0.0,,0.0
,,,0.18593749403953552,,0.9921875,,,,,,,,,,,1.0,1.0,,,,,5361,,,,0.0,,0.0,,0.0
,,,0.125,,1.0,,,,,,,,,,,1.0,1.0,,,,,5362,,,,0.0,,0.0,,0.0
,,,0.21613207459449768,,1.0,,,,,,,,,,,1.0,1.0,,,,,5363,,,,0.0,,0.0,,0.0
,,,0.18125000596046448,,1.0,,,,,,,,,,,1.0,1.0,,,,,5364,,,,0.0,,0.0,,0.0
,,,0.09765625,,0.9921875,,,,,,,,,,,1.0,1.0,,,,,5365,,,,0.0,,0.0,,0.0
,,,0.2655853033065796,,0.9882352948188782,,,,,,,,,,,1.0,1.0,,,,,5366,,,,0.0,,0.0,,0.0
,,,0.1350446492433548,,0.984375,,,,,,,,,,,1.0,1.0,,,,,5367,,,,0.0,,0.0,,0.0
,,,0.1575520783662796,,1.0,,,,,,,,,,,1.0,1.0,,,,,5368,,,,0.0,,0.0,,0.0
,,,0.3759605884552002,,0.985714316368103,,,,,,,,,,,1.0,1.0,,,,,5369,,,,0.0,,0.0,,0.0
,,,0.1536458283662796,,0.984375,,,,,,,,,,,1.0,1.0,,,,,5370,,,,0.0,,0.0,,0.0
,,,0.14453125,,0.984375,,,,,,,,,,,1.0,1.0,,,,,5371,,,,0.0,,0.0,,0.0
,,,0.18658074736595154,,0.9836065769195557,,,,,,,,,,,1.0,1.0,,,,,5372,,,,0.0,,0.0,,0.0
,,,0.0927734375,,1.0,,,,,,,,,,,1.0,1.0,,,,,5373,,,,0.0,,0.0,,0.0
,,,0.095703125,,0.9921875,,,,,,,,,,,1.0,1.0,,,,,5374,,,,0.0,,0.0,,0.0
,,,0.19884005188941956,,1.0,,,,,,,,,,,1.0,1.0,,,,,5375,,,,0.0,,0.0,,0.0
,,,0.1294642835855484,,0.9921875,,,,,,,,,,,1.0,1.0,,,,,5376,,,,0.0,,0.0,,0.0
,,,0.1294642835855484,,0.984375,,,,,,,,,,,1.0,1.0,,,,,5377,,,,0.0,,0.0,,0.0
,,,0.25487011671066284,,0.9818181991577148,,,,,,,,,,,1.0,1.0,,,,,5378,,,,0.0,,0.0,,0.0
,,,0.1261160671710968,,0.9765625,,,,,,,,,,,1.0,1.0,,,,,5379,,,,0.0,,0.0,,0.0
,,,0.1283482164144516,,0.9921875,,,,,,,,,,,1.0,1.0,,,,,5380,,,,0.0,,0.0,,0.0
,,,0.16285982728004456,,0.9493116140365601,,,,,,,,,,,1.0,1.0,,,,,5381,,,,0.0,,0.0,,0.0
,,,0.0833333358168602,,0.90625,,,,,,,,,,,1.0,1.0,,,,,5382,,,,0.0,,0.0,,0.0
,,,0.056640625,,0.9140625,,,,,,,,,,,1.0,1.0,,,,,5383,,,,0.0,,0.0,,0.0
,,,0.064453125,,0.890625,,,,,,,,,,,1.0,1.0,,,,,5384,,,,0.0,,0.0,,0.0
,,,0.07086613774299622,,0.9370079040527344,,,,,,,,,,,1.0,1.0,,,,,5385,,,,0.0,,0.0,,0.0
,,,0.08203125,,0.875,,,,,,,,,,,1.0,1.0,,,,,5386,,,,0.0,,0.0,,0.0
,,,0.0633680522441864,,0.84375,,,,,,,,,,,1.0,1.0,,,,,5387,,,,0.0,,0.0,,0.0
,,,0.12356321513652802,,0.8706896305084229,,,,,,,,,,,1.0,1.0,,,,,5388,,,,0.0,,0.0,,0.0
,,,0.0928819477558136,,0.9765625,,,,,,,,,,,1.0,1.0,,,,,5389,,,,0.0,,0.0,,0.0
,,,0.1510416716337204,,0.9921875,,,,,,,,,,,1.0,1.0,,,,,5390,,,,0.0,,0.0,,0.0
,,,0.24757713079452515,,0.9950494766235352,,,,,,,,,,,1.0,1.0,,,,,5391,,,,0.0,,0.0,,0.0
,,,0.15625,,0.9921875,,,,,,,,,,,1.0,1.0,,,,,5392,,,,0.0,,0.0,,0.0
,,,0.1227678582072258,,1.0,,,,,,,,,,,1.0,1.0,,,,,5393,,,,0.0,,0.0,,0.0
,,,0.244047611951828,,1.0,,,,,,,,,,,1.0,1.0,,,,,5394,,,,0.0,,0.0,,0.0
,,,0.1227678582072258,,1.0,,,,,,,,,,,1.0,1.0,,,,,5395,,,,0.0,,0.0,,0.0
,,,0.0963541641831398,,0.9921875,,,,,,,,,,,1.0,1.0,,,,,5396,,,,0.0,,0.0,,0.0
,,,0.36921370029449463,,1.0,,,,,,,,,,,1.0,1.0,,,,,5397,,,,0.0,,0.0,,0.0
,,,0.23828125,,0.984375,,,,,,,,,,,1.0,1.0,,,,,5398,,,,0.0,,0.0,,0.0
,,,0.1588541716337204,,1.0,,,,,,,,,,,1.0,1.0,,,,,5399,,,,0.0,,0.0,,0.0
,,,0.3823009133338928,,0.9867256879806519,,,,,,,,,,,1.0,1.0,,,,,5400,,,,0.0,,0.0,,0.0
,,,0.1497395783662796,,0.984375,,,,,,,,,,,1.0,1.0,,,,,5401,,,,0.0,,0.0,,0.0
,,,0.1471354216337204,,0.96875,,,,,,,,,,,1.0,1.0,,,,,5402,,,,0.0,,0.0,,0.0
,,,0.17441077530384064,,1.0,,,,,,,,,,,1.0,1.0,,,,,5403,,,,0.0,,0.0,,0.0
,,,0.0966796875,,1.0,,,,,,,,,,,1.0,1.0,,,,,5404,,,,0.0,,0.0,,0.0
,,,0.087890625,,0.984375,,,,,,,,,,,1.0,1.0,,,,,5405,,,,0.0,,0.0,,0.0
,,,0.2247685194015503,,1.0,,,,,,,,,,,1.0,1.0,,,,,5406,,,,0.0,,0.0,,0.0
,,,0.1497395783662796,,0.9765625,,,,,,,,,,,1.0,1.0,,,,,5407,,,,0.0,,0.0,,0.0
,,,0.18281249701976776,,1.0,,,,,,,,,,,1.0,1.0,,,,,5408,,,,0.0,,0.0,,0.0
,,,0.25607192516326904,,0.9828647971153259,,,,,,,,,,,1.0,1.0,,,,,5409,,,,0.0,,0.0,,0.0
,,,0.125,,0.9765625,,,,,,,,,,,1.0,1.0,,,,,5410,,,,0.0,,0.0,,0.0
,,,0.1294642835855484,,0.984375,,,,,,,,,,,1.0,1.0,,,,,5411,,,,0.0,,0.0,,0.0
,,,0.16383370757102966,,0.9446141719818115,,,,,,,,,,,1.0,1.0,,,,,5412,,,,0.0,,0.0,,0.0
,,,0.08203125,,0.875,,,,,,,,,,,1.0,1.0,,,,,5413,,,,0.0,,0.0,,0.0
,,,0.0576171875,,0.9375,,,,,,,,,,,1.0,1.0,,,,,5414,,,,0.0,,0.0,,0.0
,,,0.12259136140346527,,0.9061461687088013,,,,,,,,,,,1.0,1.0,,,,,5415,,,,0.0,,0.0,,0.0
,,,0.07421875,,0.859375,,,,,,,,,,,1.0,1.0,,,,,5416,,,,0.0,,0.0,,0.0
,,,0.0904017835855484,,0.859375,,,,,,,,,,,1.0,1.0,,,,,5417,,,,0.0,,0.0,,0.0
,,,0.18652310967445374,,0.9278350472450256,,,,,,,,,,,1.0,1.0,,,,,5418,,,,0.0,,0.0,,0.0
,,,0.107421875,,0.9921875,,,,,,,,,,,1.0,1.0,,,,,5419,,,,0.0,,0.0,,0.0
,,,0.0911458358168602,,0.96875,,,,,,,,,,,1.0,1.0,,,,,5420,,,,0.0,,0.0,,0.0
,,,0.2716836929321289,,1.0,,,,,,,,,,,1.0,1.0,,,,,5421,,,,0.0,,0.0,,0.0
,,,0.17812499403953552,,0.9921875,,,,,,,,,,,1.0,1.0,,,,,5422,,,,0.0,,0.0,,0.0
,,,0.1484375,,0.9921875,,,,,,,,,,,1.0,1.0,,,,,5423,,,,0.0,,0.0,,0.0
,,,0.19881507754325867,,1.0,,,,,,,,,,,1.0,1.0,,,,,5424,,,,0.0,,0.0,,0.0
,,,0.1484375,,1.0,,,,,,,,,,,1.0,1.0,,,,,5425,,,,0.0,,0.0,,0.0
,,,0.1183035746216774,,1.0,,,,,,,,,,,1.0,1.0,,,,,5426,,,,0.0,,0.0,,0.0
,,,0.11220472306013107,,0.9921259880065918,,,,,,,,,,,1.0,1.0,,,,,5427,,,,0.0,,0.0,,0.0
58,0.8226346969604492,0.8079303503036499,,0.9692302346229553,,,,,,,,,,,,,,202.1887664794922,39825.671875,5.309201717376709,384.23541259765625,13038,,,0.0,,0.0,,0.0,
58,,,,,,0.30808892846107483,,0.480406790971756,,8.61587905883789,,,,,,,,,,,,13038,0.6600004434585571,,,,,,,
,,,,,,,,,,,,,,0.03,0.0004,,,,,,,13049,,,,,,,,
59,,,,,,,0.3144054412841797,,0.4809093475341797,,8.328125,0.00039999998989515007,0.029999999329447746,,,1.0,1.0,,,,,13049,,0.7769274115562439,,,,,,
,,,,,,,,,,,,,,0.03,0.0004,,,,,,,13099,,,,,,,,
59,,,,,,,0.29766005277633667,,0.47307509183883667,,8.7734375,0.00039999998989515007,0.029999999329447746,,,1.0,1.0,,,,,13099,,0.9060792326927185,,,,,,
,,,,,,,,,,,,,,0.03,0.0004,,,,,,,13149,,,,,,,,
59,,,,,,,0.28959423303604126,,0.45866161584854126,,8.453125,0.00039999998989515007,0.029999999329447746,,,1.0,1.0,,,,,13149,,0.6122640371322632,,,,,,
,,,,,,,,,,,,,,0.03,0.0004,,,,,,,13199,,,,,,,,
59,,,,,,,0.3183059096336365,,0.4874953627586365,,8.4609375,0.00039999998989515007,0.029999999329447746,,,1.0,1.0,,,,,13199,,0.9283351898193359,,,,,,
,,,,,,,,,,,,,,0.03,0.0004,,,,,,,13249,,,,,,,,
59,,,,,,,0.30156347155570984,,0.47307226061820984,,8.578125,0.00039999998989515007,0.029999999329447746,,,1.0,1.0,,,,,13249,,0.6366516351699829,,,,,,
,,,0.1216517835855484,,0.9921875,,,,,,,,,,,1.0,1.0,,,,,5428,,,,0.0,,0.0,,0.0
,,,0.21875,,1.0,,,,,,,,,,,1.0,1.0,,,,,5429,,,,0.0,,0.0,,0.0
,,,0.19940513372421265,,0.9715805053710938,,,,,,,,,,,1.0,1.0,,,,,5430,,,,0.0,,0.0,,0.0
,,,0.1588541716337204,,1.0,,,,,,,,,,,1.0,1.0,,,,,5431,,,,0.0,,0.0,,0.0
,,,0.1361607164144516,,0.9921875,,,,,,,,,,,1.0,1.0,,,,,5432,,,,0.0,,0.0,,0.0
,,,0.2133699655532837,,0.9695512652397156,,,,,,,,,,,1.0,1.0,,,,,5433,,,,0.0,,0.0,,0.0
,,,0.05937499925494194,,0.9765625,,,,,,,,,,,1.0,1.0,,,,,5434,,,,0.0,,0.0,,0.0
,,,0.0572916679084301,,0.9921875,,,,,,,,,,,1.0,1.0,,,,,5435,,,,0.0,,0.0,,0.0
,,,0.16390317678451538,,0.9952830076217651,,,,,,,,,,,1.0,1.0,,,,,5436,,,,0.0,,0.0,,0.0
,,,0.1875,,1.0,,,,,,,,,,,1.0,1.0,,,,,5437,,,,0.0,,0.0,,0.0
,,,0.1328125,,0.984375,,,,,,,,,,,1.0,1.0,,,,,5438,,,,0.0,,0.0,,0.0
,,,0.1316964328289032,,1.0,,,,,,,,,,,1.0,1.0,,,,,5439,,,,0.0,,0.0,,0.0
,,,0.22552379965782166,,0.9959999918937683,,,,,,,,,,,1.0,1.0,,,,,5440,,,,0.0,,0.0,,0.0
,,,0.1536458283662796,,0.9921875,,,,,,,,,,,1.0,1.0,,,,,5441,,,,0.0,,0.0,,0.0
,,,0.1294642835855484,,0.984375,,,,,,,,,,,1.0,1.0,,,,,5442,,,,0.0,,0.0,,0.0
,,,0.19491130113601685,,0.9831932783126831,,,,,,,,,,,1.0,1.0,,,,,5443,,,,0.0,,0.0,,0.0
,,,0.1341145783662796,,0.953125,,,,,,,,,,,1.0,1.0,,,,,5444,,,,0.0,,0.0,,0.0
,,,0.1149553582072258,,0.9765625,,,,,,,,,,,1.0,1.0,,,,,5445,,,,0.0,,0.0,,0.0
,,,0.21415042877197266,,0.9659091234207153,,,,,,,,,,,1.0,1.0,,,,,5446,,,,0.0,,0.0,,0.0
,,,0.1123046875,,0.9921875,,,,,,,,,,,1.0,1.0,,,,,5447,,,,0.0,,0.0,,0.0
,,,0.18281249701976776,,0.984375,,,,,,,,,,,1.0,1.0,,,,,5448,,,,0.0,,0.0,,0.0
,,,0.20270860195159912,,0.9635118246078491,,,,,,,,,,,1.0,1.0,,,,,5449,,,,0.0,,0.0,,0.0
,,,0.0850694477558136,,0.9609375,,,,,,,,,,,1.0,1.0,,,,,5450,,,,0.0,,0.0,,0.0
,,,0.0876736119389534,,0.9609375,,,,,,,,,,,1.0,1.0,,,,,5451,,,,0.0,,0.0,,0.0
,,,0.1610344797372818,,0.9770935773849487,,,,,,,,,,,1.0,1.0,,,,,5452,,,,0.0,,0.0,,0.0
,,,0.18125000596046448,,0.984375,,,,,,,,,,,1.0,1.0,,,,,5453,,,,0.0,,0.0,,0.0
,,,0.1471354216337204,,1.0,,,,,,,,,,,1.0,1.0,,,,,5454,,,,0.0,,0.0,,0.0
,,,0.18496155738830566,,0.9716981053352356,,,,,,,,,,,1.0,1.0,,,,,5455,,,,0.0,,0.0,,0.0
,,,0.1238839253783226,,0.96875,,,,,,,,,,,1.0,1.0,,,,,5456,,,,0.0,,0.0,,0.0
,,,0.0902777761220932,,0.96875,,,,,,,,,,,1.0,1.0,,,,,5457,,,,0.0,,0.0,,0.0
,,,0.21344049274921417,,0.970588207244873,,,,,,,,,,,1.0,1.0,,,,,5458,,,,0.0,,0.0,,0.0
,,,0.1216517835855484,,0.9921875,,,,,,,,,,,1.0,1.0,,,,,5459,,,,0.0,,0.0,,0.0
,,,0.1171875,,0.9921875,,,,,,,,,,,1.0,1.0,,,,,5460,,,,0.0,,0.0,,0.0
,,,0.3055829405784607,,0.984236478805542,,,,,,,,,,,1.0,1.0,,,,,5461,,,,0.0,,0.0,,0.0
,,,0.1328125,,1.0,,,,,,,,,,,1.0,1.0,,,,,5462,,,,0.0,,0.0,,0.0
,,,0.1575520783662796,,1.0,,,,,,,,,,,1.0,1.0,,,,,5463,,,,0.0,,0.0,,0.0
,,,0.17016012966632843,,0.9686812162399292,,,,,,,,,,,1.0,1.0,,,,,5464,,,,0.0,,0.0,,0.0
,,,0.05624999850988388,,0.9921875,,,,,,,,,,,1.0,1.0,,,,,5465,,,,0.0,,0.0,,0.0
,,,0.0581597238779068,,0.984375,,,,,,,,,,,1.0,1.0,,,,,5466,,,,0.0,,0.0,,0.0
,,,0.16423824429512024,,1.0,,,,,,,,,,,1.0,1.0,,,,,5467,,,,0.0,,0.0,,0.0
,,,0.18437500298023224,,0.9921875,,,,,,,,,,,1.0,1.0,,,,,5468,,,,0.0,,0.0,,0.0
,,,0.1875,,0.9921875,,,,,,,,,,,1.0,1.0,,,,,5469,,,,0.0,,0.0,,0.0
,,,0.22585228085517883,,0.987500011920929,,,,,,,,,,,1.0,1.0,,,,,5470,,,,0.0,,0.0,,0.0
,,,0.1294642835855484,,0.9921875,,,,,,,,,,,1.0,1.0,,,,,5471,,,,0.0,,0.0,,0.0
,,,0.1316964328289032,,1.0,,,,,,,,,,,1.0,1.0,,,,,5472,,,,0.0,,0.0,,0.0
,,,0.1939142644405365,,0.97465580701828,,,,,,,,,,,1.0,1.0,,,,,5473,,,,0.0,,0.0,,0.0
,,,0.1183035746216774,,0.9453125,,,,,,,,,,,1.0,1.0,,,,,5474,,,,0.0,,0.0,,0.0
,,,0.1302083283662796,,0.984375,,,,,,,,,,,1.0,1.0,,,,,5475,,,,0.0,,0.0,,0.0
,,,0.099609375,,0.953125,,,,,,,,,,,1.0,1.0,,,,,5476,,,,0.0,,0.0,,0.0
,,,0.2421259880065918,,0.9960629940032959,,,,,,,,,,,1.0,1.0,,,,,5477,,,,0.0,,0.0,,0.0
,,,0.1123046875,,0.9921875,,,,,,,,,,,1.0,1.0,,,,,5478,,,,0.0,,0.0,,0.0
,,,0.1510416716337204,,0.9921875,,,,,,,,,,,1.0,1.0,,,,,5479,,,,0.0,,0.0,,0.0
,,,0.17145594954490662,,0.9324712753295898,,,,,,,,,,,1.0,1.0,,,,,5480,,,,0.0,,0.0,,0.0
,,,0.0842013880610466,,0.9375,,,,,,,,,,,1.0,1.0,,,,,5481,,,,0.0,,0.0,,0.0
,,,0.1025390625,,0.984375,,,,,,,,,,,1.0,1.0,,,,,5482,,,,0.0,,0.0,,0.0
,,,0.17992910742759705,,0.9580124616622925,,,,,,,,,,,1.0,1.0,,,,,5483,,,,0.0,,0.0,,0.0
,,,0.18125000596046448,,0.984375,,,,,,,,,,,1.0,1.0,,,,,5484,,,,0.0,,0.0,,0.0
,,,0.125,,1.0,,,,,,,,,,,1.0,1.0,,,,,5485,,,,0.0,,0.0,,0.0
,,,0.2410714328289032,,0.9635416269302368,,,,,,,,,,,1.0,1.0,,,,,5486,,,,0.0,,0.0,,0.0
,,,0.0902777761220932,,0.96875,,,,,,,,,,,1.0,1.0,,,,,5487,,,,0.0,,0.0,,0.0
,,,0.0963541641831398,,0.96875,,,,,,,,,,,1.0,1.0,,,,,5488,,,,0.0,,0.0,,0.0
,,,0.20881782472133636,,0.9642857313156128,,,,,,,,,,,1.0,1.0,,,,,5489,,,,0.0,,0.0,,0.0
,,,0.1227678582072258,,0.9921875,,,,,,,,,,,1.0,1.0,,,,,5490,,,,0.0,,0.0,,0.0
,,,0.1194196417927742,,0.984375,,,,,,,,,,,1.0,1.0,,,,,5491,,,,0.0,,0.0,,0.0
,,,0.29115045070648193,,0.9955751895904541,,,,,,,,,,,1.0,1.0,,,,,5492,,,,0.0,,0.0,,0.0
,,,0.1339285671710968,,0.9921875,,,,,,,,,,,1.0,1.0,,,,,5493,,,,0.0,,0.0,,0.0
,,,0.240234375,,0.984375,,,,,,,,,,,1.0,1.0,,,,,5494,,,,0.0,,0.0,,0.0
,,,0.16846239566802979,,0.9909090995788574,,,,,,,,,,,1.0,1.0,,,,,5495,,,,0.0,,0.0,,0.0
,,,0.05390625074505806,,0.984375,,,,,,,,,,,1.0,1.0,,,,,5496,,,,0.0,,0.0,,0.0
,,,0.0564236119389534,,0.9921875,,,,,,,,,,,1.0,1.0,,,,,5497,,,,0.0,,0.0,,0.0
,,,0.19074073433876038,,1.0,,,,,,,,,,,1.0,1.0,,,,,5498,,,,0.0,,0.0,,0.0
,,,0.18437500298023224,,0.984375,,,,,,,,,,,1.0,1.0,,,,,5499,,,,0.0,,0.0,,0.0
,,,0.18906250596046448,,1.0,,,,,,,,,,,1.0,1.0,,,,,5500,,,,0.0,,0.0,,0.0
,,,0.2624211311340332,,0.9939758777618408,,,,,,,,,,,1.0,1.0,,,,,5501,,,,0.0,,0.0,,0.0
,,,0.1316964328289032,,0.9921875,,,,,,,,,,,1.0,1.0,,,,,5502,,,,0.0,,0.0,,0.0
,,,0.1305803507566452,,1.0,,,,,,,,,,,1.0,1.0,,,,,5503,,,,0.0,,0.0,,0.0
,,,0.2336570918560028,,0.9738986492156982,,,,,,,,,,,1.0,1.0,,,,,5504,,,,0.0,,0.0,,0.0
,,,0.1171875,,0.9453125,,,,,,,,,,,1.0,1.0,,,,,5505,,,,0.0,,0.0,,0.0
,,,0.1005859375,,0.984375,,,,,,,,,,,1.0,1.0,,,,,5506,,,,0.0,,0.0,,0.0
,,,0.19502891600131989,,0.9767441749572754,,,,,,,,,,,1.0,1.0,,,,,5507,,,,0.0,,0.0,,0.0
,,,0.1123046875,,0.9921875,,,,,,,,,,,1.0,1.0,,,,,5508,,,,0.0,,0.0,,0.0
,,,0.11328125,,0.984375,,,,,,,,,,,1.0,1.0,,,,,5509,,,,0.0,,0.0,,0.0
,,,0.22501662373542786,,0.962587296962738,,,,,,,,,,,1.0,1.0,,,,,5510,,,,0.0,,0.0,,0.0
,,,0.0966796875,,0.9609375,,,,,,,,,,,1.0,1.0,,,,,5511,,,,0.0,,0.0,,0.0
,,,0.07500000298023224,,0.9375,,,,,,,,,,,1.0,1.0,,,,,5512,,,,0.0,,0.0,,0.0
,,,0.17142856121063232,,0.9866071343421936,,,,,,,,,,,1.0,1.0,,,,,5513,,,,0.0,,0.0,,0.0
,,,0.1238839253783226,,0.9921875,,,,,,,,,,,1.0,1.0,,,,,5514,,,,0.0,,0.0,,0.0
,,,0.1458333283662796,,0.9765625,,,,,,,,,,,1.0,1.0,,,,,5515,,,,0.0,,0.0,,0.0
,,,0.18851980566978455,,0.9048174023628235,,,,,,,,,,,1.0,1.0,,,,,5516,,,,0.0,,0.0,,0.0
,,,0.1083984375,,0.9609375,,,,,,,,,,,1.0,1.0,,,,,5517,,,,0.0,,0.0,,0.0
,,,0.08046875149011612,,0.9609375,,,,,,,,,,,1.0,1.0,,,,,5518,,,,0.0,,0.0,,0.0
,,,0.09798774868249893,,0.960629940032959,,,,,,,,,,,1.0,1.0,,,,,5519,,,,0.0,,0.0,,0.0
59,0.8276157379150391,0.8392015695571899,,0.9812103509902954,,,,,,,,,,,,,,202.0773468017578,45656.734375,5.308650493621826,390.3451843261719,13259,,,0.0,,0.0,,0.0,
59,,,,,,0.3060104250907898,,0.477629691362381,,8.581111907958984,,,,,,,,,,,,13259,0.685043454170227,,,,,,,
,,,,,,,,,,,,,,0.03,0.0004,,,,,,,13299,,,,,,,,
60,,,,,,,0.29637783765792847,,0.46861904859542847,,8.609375,0.00039999998989515007,0.029999999329447746,,,1.0,1.0,,,,,13299,,0.4742794930934906,,,,,,
,,,,,,,,,,,,,,0.03,0.0004,,,,,,,13349,,,,,,,,
60,,,,,,,0.324881911277771,,0.502860426902771,,8.8984375,0.00039999998989515007,0.029999999329447746,,,1.0,1.0,,,,,13349,,0.6929340362548828,,,,,,
,,,,,,,,,,,,,,0.03,0.0004,,,,,,,13399,,,,,,,,
60,,,,,,,0.28290748596191406,,0.44904518127441406,,8.3046875,0.00039999998989515007,0.029999999329447746,,,1.0,1.0,,,,,13399,,0.6503176093101501,,,,,,
,,,,,,,,,,,,,,0.03,0.0004,,,,,,,13449,,,,,,,,
60,,,,,,,0.3088732361793518,,0.4724474549293518,,8.1796875,0.00039999998989515007,0.029999999329447746,,,1.0,1.0,,,,,13449,,0.7612878680229187,,,,,,
,,,0.099609375,,0.9921875,,,,,,,,,,,1.0,1.0,,,,,5520,,,,0.0,,0.0,,0.0
,,,0.1272321492433548,,1.0,,,,,,,,,,,1.0,1.0,,,,,5521,,,,0.0,,0.0,,0.0
,,,0.18184411525726318,,0.9666299819946289,,,,,,,,,,,1.0,1.0,,,,,5522,,,,0.0,,0.0,,0.0
,,,0.171875,,0.9609375,,,,,,,,,,,1.0,1.0,,,,,5523,,,,0.0,,0.0,,0.0
,,,0.1328125,,0.953125,,,,,,,,,,,1.0,1.0,,,,,5524,,,,0.0,,0.0,,0.0
,,,0.19070512056350708,,0.9711538553237915,,,,,,,,,,,1.0,1.0,,,,,5525,,,,0.0,,0.0,,0.0
,,,0.0798611119389534,,0.984375,,,,,,,,,,,1.0,1.0,,,,,5526,,,,0.0,,0.0,,0.0
,,,0.0746527761220932,,0.9921875,,,,,,,,,,,1.0,1.0,,,,,5527,,,,0.0,,0.0,,0.0
,,,0.14845626056194305,,0.9905660152435303,,,,,,,,,,,1.0,1.0,,,,,5528,,,,0.0,,0.0,,0.0
,,,0.1510416716337204,,0.9921875,,,,,,,,,,,1.0,1.0,,,,,5529,,,,0.0,,0.0,,0.0
,,,0.1123046875,,0.984375,,,,,,,,,,,1.0,1.0,,,,,5530,,,,0.0,,0.0,,0.0
,,,0.1123046875,,0.9921875,,,,,,,,,,,1.0,1.0,,,,,5531,,,,0.0,,0.0,,0.0
,,,0.18433333933353424,,0.9800000190734863,,,,,,,,,,,1.0,1.0,,,,,5532,,,,0.0,,0.0,,0.0
,,,0.0966796875,,0.96875,,,,,,,,,,,1.0,1.0,,,,,5533,,,,0.0,,0.0,,0.0
,,,0.0894097238779068,,0.9609375,,,,,,,,,,,1.0,1.0,,,,,5534,,,,0.0,,0.0,,0.0
,,,0.17138707637786865,,0.8846871852874756,,,,,,,,,,,1.0,1.0,,,,,5535,,,,0.0,,0.0,,0.0
,,,0.1160714253783226,,0.984375,,,,,,,,,,,1.0,1.0,,,,,5536,,,,0.0,,0.0,,0.0
,,,0.1194196417927742,,0.984375,,,,,,,,,,,1.0,1.0,,,,,5537,,,,0.0,,0.0,,0.0
,,,0.2098214328289032,,0.9886363744735718,,,,,,,,,,,1.0,1.0,,,,,5538,,,,0.0,,0.0,,0.0
,,,0.1305803507566452,,0.9921875,,,,,,,,,,,1.0,1.0,,,,,5539,,,,0.0,,0.0,,0.0
,,,0.18593749403953552,,0.9921875,,,,,,,,,,,1.0,1.0,,,,,5540,,,,0.0,,0.0,,0.0
,,,0.3014528751373291,,1.0,,,,,,,,,,,1.0,1.0,,,,,5541,,,,0.0,,0.0,,0.0
,,,0.1294642835855484,,1.0,,,,,,,,,,,1.0,1.0,,,,,5542,,,,0.0,,0.0,,0.0
,,,0.18906250596046448,,1.0,,,,,,,,,,,1.0,1.0,,,,,5543,,,,0.0,,0.0,,0.0
,,,0.19830322265625,,0.9741379022598267,,,,,,,,,,,1.0,1.0,,,,,5544,,,,0.0,,0.0,,0.0
,,,0.15234375,,0.9921875,,,,,,,,,,,1.0,1.0,,,,,5545,,,,0.0,,0.0,,0.0
,,,0.125,,0.984375,,,,,,,,,,,1.0,1.0,,,,,5546,,,,0.0,,0.0,,0.0
,,,0.24463611841201782,,1.0,,,,,,,,,,,1.0,1.0,,,,,5547,,,,0.0,,0.0,,0.0
,,,0.14453125,,0.9765625,,,,,,,,,,,1.0,1.0,,,,,5548,,,,0.0,,0.0,,0.0
,,,0.1149553582072258,,0.984375,,,,,,,,,,,1.0,1.0,,,,,5549,,,,0.0,,0.0,,0.0
,,,0.20027360320091248,,0.9941176176071167,,,,,,,,,,,1.0,1.0,,,,,5550,,,,0.0,,0.0,,0.0
,,,0.1149553582072258,,0.9921875,,,,,,,,,,,1.0,1.0,,,,,5551,,,,0.0,,0.0,,0.0
,,,0.14453125,,0.984375,,,,,,,,,,,1.0,1.0,,,,,5552,,,,0.0,,0.0,,0.0
,,,0.21311575174331665,,0.9541871547698975,,,,,,,,,,,1.0,1.0,,,,,5553,,,,0.0,,0.0,,0.0
,,,0.1328125,,0.953125,,,,,,,,,,,1.0,1.0,,,,,5554,,,,0.0,,0.0,,0.0
,,,0.1302083283662796,,0.9453125,,,,,,,,,,,1.0,1.0,,,,,5555,,,,0.0,,0.0,,0.0
,,,0.18996207416057587,,0.9597504138946533,,,,,,,,,,,1.0,1.0,,,,,5556,,,,0.0,,0.0,,0.0
,,,0.0807291641831398,,1.0,,,,,,,,,,,1.0,1.0,,,,,5557,,,,0.0,,0.0,,0.0
,,,0.0711805522441864,,0.9765625,,,,,,,,,,,1.0,1.0,,,,,5558,,,,0.0,,0.0,,0.0
,,,0.14627595245838165,,1.0,,,,,,,,,,,1.0,1.0,,,,,5559,,,,0.0,,0.0,,0.0
,,,0.1536458283662796,,0.984375,,,,,,,,,,,1.0,1.0,,,,,5560,,,,0.0,,0.0,,0.0
,,,0.1328125,,0.9921875,,,,,,,,,,,1.0,1.0,,,,,5561,,,,0.0,,0.0,,0.0
,,,0.2133522629737854,,0.969318151473999,,,,,,,,,,,1.0,1.0,,,,,5562,,,,0.0,,0.0,,0.0
,,,0.1025390625,,0.9609375,,,,,,,,,,,1.0,1.0,,,,,5563,,,,0.0,,0.0,,0.0
,,,0.0894097238779068,,0.984375,,,,,,,,,,,1.0,1.0,,,,,5564,,,,0.0,,0.0,,0.0
,,,0.19931164383888245,,0.9734042882919312,,,,,,,,,,,1.0,1.0,,,,,5565,,,,0.0,,0.0,,0.0
,,,0.1025390625,,1.0,,,,,,,,,,,1.0,1.0,,,,,5566,,,,0.0,,0.0,,0.0
,,,0.1171875,,0.984375,,,,,,,,,,,1.0,1.0,,,,,5567,,,,0.0,,0.0,,0.0
,,,0.1183035746216774,,0.9765625,,,,,,,,,,,1.0,1.0,,,,,5568,,,,0.0,,0.0,,0.0
,,,0.11417322605848312,,0.9960629940032959,,,,,,,,,,,1.0,1.0,,,,,5569,,,,0.0,,0.0,,0.0
,,,0.1497395783662796,,0.9921875,,,,,,,,,,,1.0,1.0,,,,,5570,,,,0.0,,0.0,,0.0
,,,0.1536458283662796,,1.0,,,,,,,,,,,1.0,1.0,,,,,5571,,,,0.0,,0.0,,0.0
,,,0.20581896603107452,,1.0,,,,,,,,,,,1.0,1.0,,,,,5572,,,,0.0,,0.0,,0.0
,,,0.1103515625,,1.0,,,,,,,,,,,1.0,1.0,,,,,5573,,,,0.0,,0.0,,0.0
,,,0.16015625,,1.0,,,,,,,,,,,1.0,1.0,,,,,5574,,,,0.0,,0.0,,0.0
,,,0.23391088843345642,,0.985148549079895,,,,,,,,,,,1.0,1.0,,,,,5575,,,,0.0,,0.0,,0.0
,,,0.15625,,0.9921875,,,,,,,,,,,1.0,1.0,,,,,5576,,,,0.0,,0.0,,0.0
,,,0.1261160671710968,,0.9921875,,,,,,,,,,,1.0,1.0,,,,,5577,,,,0.0,,0.0,,0.0
,,,0.2306547611951828,,0.9895833730697632,,,,,,,,,,,1.0,1.0,,,,,5578,,,,0.0,,0.0,,0.0
,,,0.1015625,,0.9921875,,,,,,,,,,,1.0,1.0,,,,,5579,,,,0.0,,0.0,,0.0
,,,0.1432291716337204,,0.984375,,,,,,,,,,,1.0,1.0,,,,,5580,,,,0.0,,0.0,,0.0
,,,0.22187945246696472,,0.988095223903656,,,,,,,,,,,1.0,1.0,,,,,5581,,,,0.0,,0.0,,0.0
,,,0.1432291716337204,,0.9921875,,,,,,,,,,,1.0,1.0,,,,,5582,,,,0.0,,0.0,,0.0
,,,0.1083984375,,0.96875,,,,,,,,,,,1.0,1.0,,,,,5583,,,,0.0,,0.0,,0.0
,,,0.1945427656173706,,0.9690265655517578,,,,,,,,,,,1.0,1.0,,,,,5584,,,,0.0,,0.0,,0.0
,,,0.1315104216337204,,0.9609375,,,,,,,,,,,1.0,1.0,,,,,5585,,,,0.0,,0.0,,0.0
,,,0.1302083283662796,,0.9296875,,,,,,,,,,,1.0,1.0,,,,,5586,,,,0.0,,0.0,,0.0
,,,0.1366666704416275,,0.9398989677429199,,,,,,,,,,,1.0,1.0,,,,,5587,,,,0.0,,0.0,,0.0
,,,0.078125,,0.9921875,,,,,,,,,,,1.0,1.0,,,,,5588,,,,0.0,,0.0,,0.0
,,,0.05859375,,0.9765625,,,,,,,,,,,1.0,1.0,,,,,5589,,,,0.0,,0.0,,0.0
,,,0.17510287463665009,,0.9953703880310059,,,,,,,,,,,1.0,1.0,,,,,5590,,,,0.0,,0.0,,0.0
,,,0.18593749403953552,,0.984375,,,,,,,,,,,1.0,1.0,,,,,5591,,,,0.0,,0.0,,0.0
,,,0.1328125,,1.0,,,,,,,,,,,1.0,1.0,,,,,5592,,,,0.0,,0.0,,0.0
,,,0.2520940899848938,,0.9828647971153259,,,,,,,,,,,1.0,1.0,,,,,5593,,,,0.0,,0.0,,0.0
,,,0.1328125,,0.9609375,,,,,,,,,,,1.0,1.0,,,,,5594,,,,0.0,,0.0,,0.0
,,,0.08359374850988388,,0.9765625,,,,,,,,,,,1.0,1.0,,,,,5595,,,,0.0,,0.0,,0.0
,,,0.19540998339653015,,0.9607843160629272,,,,,,,,,,,1.0,1.0,,,,,5596,,,,0.0,,0.0,,0.0
,,,0.1025390625,,0.984375,,,,,,,,,,,1.0,1.0,,,,,5597,,,,0.0,,0.0,,0.0
,,,0.1205357164144516,,0.9765625,,,,,,,,,,,1.0,1.0,,,,,5598,,,,0.0,,0.0,,0.0
,,,0.2163621187210083,,0.9941860437393188,,,,,,,,,,,1.0,1.0,,,,,5599,,,,0.0,,0.0,,0.0
,,,0.111328125,,0.9921875,,,,,,,,,,,1.0,1.0,,,,,5600,,,,0.0,,0.0,,0.0
,,,0.18125000596046448,,0.9921875,,,,,,,,,,,1.0,1.0,,,,,5601,,,,0.0,,0.0,,0.0
,,,0.30539852380752563,,1.0,,,,,,,,,,,1.0,1.0,,,,,5602,,,,0.0,,0.0,,0.0
,,,0.1283482164144516,,1.0,,,,,,,,,,,1.0,1.0,,,,,5603,,,,0.0,,0.0,,0.0
,,,0.1272321492433548,,1.0,,,,,,,,,,,1.0,1.0,,,,,5604,,,,0.0,,0.0,,0.0
,,,0.2640306055545807,,1.0,,,,,,,,,,,1.0,1.0,,,,,5605,,,,0.0,,0.0,,0.0
,,,0.1261160671710968,,0.9765625,,,,,,,,,,,1.0,1.0,,,,,5606,,,,0.0,,0.0,,0.0
,,,0.15234375,,0.984375,,,,,,,,,,,1.0,1.0,,,,,5607,,,,0.0,,0.0,,0.0
,,,0.22721722722053528,,1.0,,,,,,,,,,,1.0,1.0,,,,,5608,,,,0.0,,0.0,,0.0
,,,0.10546875,,0.984375,,,,,,,,,,,1.0,1.0,,,,,5609,,,,0.0,,0.0,,0.0
,,,0.099609375,,0.984375,,,,,,,,,,,1.0,1.0,,,,,5610,,,,0.0,,0.0,,0.0
,,,0.1053149625658989,,0.9842519760131836,,,,,,,,,,,1.0,1.0,,,,,5611,,,,0.0,,0.0,,0.0
60,0.8273590803146362,0.838816225528717,,0.9827377796173096,,,,,,,,,,,,,,203.439697265625,51086.30859375,5.315369606018066,386.6127624511719,13480,,,0.0,,0.0,,0.0,
60,,,,,,0.30323612689971924,,0.474170982837677,,8.546680450439453,,,,,,,,,,,,13480,0.6422155499458313,,,,,,,
,,,,,,,,,,,,,,0.03,0.0004,,,,,,,13499,,,,,,,,
61,,,,,,,0.3158610463142395,,0.4794352650642395,,8.1796875,0.00039999998989515007,0.029999999329447746,,,1.0,1.0,,,,,13499,,0.6513683199882507,,,,,,
,,,,,,,,,,,,,,0.03,0.0004,,,,,,,13549,,,,,,,,
61,,,,,,,0.27747419476509094,,0.44983747601509094,,8.6171875,0.00039999998989515007,0.029999999329447746,,,1.0,1.0,,,,,13549,,0.45589977502822876,,,,,,
,,,,,,,,,,,,,,0.03,0.0004,,,,,,,13599,,,,,,,,
61,,,,,,,0.2914413511753082,,0.4606308043003082,,8.4609375,0.00039999998989515007,0.029999999329447746,,,1.0,1.0,,,,,13599,,0.6479663252830505,,,,,,
,,,,,,,,,,,,,,0.03,0.0004,,,,,,,13649,,,,,,,,
61,,,,,,,0.3101217746734619,,0.4782125949859619,,8.40625,0.00039999998989515007,0.029999999329447746,,,1.0,1.0,,,,,13649,,0.7038658857345581,,,,,,
,,,,,,,,,,,,,,0.03,0.0004,,,,,,,13699,,,,,,,,
61,,,,,,,0.3065735101699829,,0.4807678461074829,,8.7109375,0.00039999998989515007,0.029999999329447746,,,1.0,1.0,,,,,13699,,0.4151307940483093,,,,,,
,,,0.1263020783662796,,0.9609375,,,,,,,,,,,1.0,1.0,,,,,5612,,,,0.0,,0.0,,0.0
,,,0.203125,,1.0,,,,,,,,,,,1.0,1.0,,,,,5613,,,,0.0,,0.0,,0.0
,,,0.17825856804847717,,0.9715805053710938,,,,,,,,,,,1.0,1.0,,,,,5614,,,,0.0,,0.0,,0.0
,,,0.1283482164144516,,0.9765625,,,,,,,,,,,1.0,1.0,,,,,5615,,,,0.0,,0.0,,0.0
,,,0.1083984375,,0.984375,,,,,,,,,,,1.0,1.0,,,,,5616,,,,0.0,,0.0,,0.0
,,,0.22939559817314148,,0.9855769276618958,,,,,,,,,,,1.0,1.0,,,,,5617,,,,0.0,,0.0,,0.0
,,,0.0763888880610466,,1.0,,,,,,,,,,,1.0,1.0,,,,,5618,,,,0.0,,0.0,,0.0
,,,0.080078125,,0.9921875,,,,,,,,,,,1.0,1.0,,,,,5619,,,,0.0,,0.0,,0.0
,,,0.17538593709468842,,0.9952830076217651,,,,,,,,,,,1.0,1.0,,,,,5620,,,,0.0,,0.0,,0.0
,,,0.18281249701976776,,0.9921875,,,,,,,,,,,1.0,1.0,,,,,5621,,,,0.0,,0.0,,0.0
,,,0.1796875,,0.984375,,,,,,,,,,,1.0,1.0,,,,,5622,,,,0.0,,0.0,,0.0
,,,0.1283482164144516,,0.984375,,,,,,,,,,,1.0,1.0,,,,,5623,,,,0.0,,0.0,,0.0
,,,0.22780951857566833,,0.9959999918937683,,,,,,,,,,,1.0,1.0,,,,,5624,,,,0.0,,0.0,,0.0
,,,0.1575520783662796,,1.0,,,,,,,,,,,1.0,1.0,,,,,5625,,,,0.0,,0.0,,0.0
,,,0.1162109375,,0.9921875,,,,,,,,,,,1.0,1.0,,,,,5626,,,,0.0,,0.0,,0.0
,,,0.30080920457839966,,1.0,,,,,,,,,,,1.0,1.0,,,,,5627,,,,0.0,,0.0,,0.0
,,,0.15234375,,1.0,,,,,,,,,,,1.0,1.0,,,,,5628,,,,0.0,,0.0,,0.0
,,,0.1238839253783226,,1.0,,,,,,,,,,,1.0,1.0,,,,,5629,,,,0.0,,0.0,,0.0
,,,0.29852092266082764,,0.9940476417541504,,,,,,,,,,,1.0,1.0,,,,,5630,,,,0.0,,0.0,,0.0
,,,0.107421875,,0.984375,,,,,,,,,,,1.0,1.0,,,,,5631,,,,0.0,,0.0,,0.0
,,,0.1484375,,0.9609375,,,,,,,,,,,1.0,1.0,,,,,5632,,,,0.0,,0.0,,0.0
,,,0.199906587600708,,0.9772104620933533,,,,,,,,,,,1.0,1.0,,,,,5633,,,,0.0,,0.0,,0.0
,,,0.1025390625,,0.96875,,,,,,,,,,,1.0,1.0,,,,,5634,,,,0.0,,0.0,,0.0
,,,0.1044921875,,0.9765625,,,,,,,,,,,1.0,1.0,,,,,5635,,,,0.0,,0.0,,0.0
,,,0.17153802514076233,,0.9497536420822144,,,,,,,,,,,1.0,1.0,,,,,5636,,,,0.0,,0.0,,0.0
,,,0.13906249403953552,,0.96875,,,,,,,,,,,1.0,1.0,,,,,5637,,,,0.0,,0.0,,0.0
,,,0.1037946417927742,,0.9453125,,,,,,,,,,,1.0,1.0,,,,,5638,,,,0.0,,0.0,,0.0
,,,0.1871069222688675,,0.9800000190734863,,,,,,,,,,,1.0,1.0,,,,,5639,,,,0.0,,0.0,,0.0
,,,0.1432291716337204,,0.9921875,,,,,,,,,,,1.0,1.0,,,,,5640,,,,0.0,,0.0,,0.0
,,,0.1044921875,,1.0,,,,,,,,,,,1.0,1.0,,,,,5641,,,,0.0,,0.0,,0.0
,,,0.2729594111442566,,0.9882352948188782,,,,,,,,,,,1.0,1.0,,,,,5642,,,,0.0,,0.0,,0.0
,,,0.1263020783662796,,0.9609375,,,,,,,,,,,1.0,1.0,,,,,5643,,,,0.0,,0.0,,0.0
,,,0.1071428582072258,,0.984375,,,,,,,,,,,1.0,1.0,,,,,5644,,,,0.0,,0.0,,0.0
,,,0.20806649327278137,,0.9770935773849487,,,,,,,,,,,1.0,1.0,,,,,5645,,,,0.0,,0.0,,0.0
,,,0.1064453125,,0.9609375,,,,,,,,,,,1.0,1.0,,,,,5646,,,,0.0,,0.0,,0.0
,,,0.1227678582072258,,0.96875,,,,,,,,,,,1.0,1.0,,,,,5647,,,,0.0,,0.0,,0.0
,,,0.19237828254699707,,0.9836065769195557,,,,,,,,,,,1.0,1.0,,,,,5648,,,,0.0,,0.0,,0.0
,,,0.0755208358168602,,0.9921875,,,,,,,,,,,1.0,1.0,,,,,5649,,,,0.0,,0.0,,0.0
,,,0.076171875,,0.9921875,,,,,,,,,,,1.0,1.0,,,,,5650,,,,0.0,,0.0,,0.0
,,,0.20697715878486633,,1.0,,,,,,,,,,,1.0,1.0,,,,,5651,,,,0.0,,0.0,,0.0
,,,0.18125000596046448,,0.984375,,,,,,,,,,,1.0,1.0,,,,,5652,,,,0.0,,0.0,,0.0
,,,0.232421875,,0.9921875,,,,,,,,,,,1.0,1.0,,,,,5653,,,,0.0,,0.0,,0.0
,,,0.25681817531585693,,0.9761363863945007,,,,,,,,,,,1.0,1.0,,,,,5654,,,,0.0,,0.0,,0.0
,,,0.1328125,,1.0,,,,,,,,,,,1.0,1.0,,,,,5655,,,,0.0,,0.0,,0.0
,,,0.1575520783662796,,1.0,,,,,,,,,,,1.0,1.0,,,,,5656,,,,0.0,,0.0,,0.0
,,,0.2655104398727417,,0.9946808815002441,,,,,,,,,,,1.0,1.0,,,,,5657,,,,0.0,,0.0,,0.0
,,,0.1536458283662796,,1.0,,,,,,,,,,,1.0,1.0,,,,,5658,,,,0.0,,0.0,,0.0
,,,0.1471354216337204,,1.0,,,,,,,,,,,1.0,1.0,,,,,5659,,,,0.0,,0.0,,0.0
,,,0.1484375,,1.0,,,,,,,,,,,1.0,1.0,,,,,5660,,,,0.0,,0.0,,0.0
,,,0.2342519760131836,,0.9921259880065918,,,,,,,,,,,1.0,1.0,,,,,5661,,,,0.0,,0.0,,0.0
,,,0.109375,,0.9765625,,,,,,,,,,,1.0,1.0,,,,,5662,,,,0.0,,0.0,,0.0
,,,0.1216517835855484,,0.9609375,,,,,,,,,,,1.0,1.0,,,,,5663,,,,0.0,,0.0,,0.0
,,,0.16698595881462097,,0.982758641242981,,,,,,,,,,,1.0,1.0,,,,,5664,,,,0.0,,0.0,,0.0
,,,0.0986328125,,0.96875,,,,,,,,,,,1.0,1.0,,,,,5665,,,,0.0,,0.0,,0.0
,,,0.0963541641831398,,0.9921875,,,,,,,,,,,1.0,1.0,,,,,5666,,,,0.0,,0.0,,0.0
,,,0.2014576494693756,,0.9702970385551453,,,,,,,,,,,1.0,1.0,,,,,5667,,,,0.0,,0.0,,0.0
,,,0.14687499403953552,,0.9765625,,,,,,,,,,,1.0,1.0,,,,,5668,,,,0.0,,0.0,,0.0
,,,0.0859375,,0.9375,,,,,,,,,,,1.0,1.0,,,,,5669,,,,0.0,,0.0,,0.0
,,,0.232638880610466,,0.9791666269302368,,,,,,,,,,,1.0,1.0,,,,,5670,,,,0.0,,0.0,,0.0
,,,0.10546875,,1.0,,,,,,,,,,,1.0,1.0,,,,,5671,,,,0.0,,0.0,,0.0
,,,0.1272321492433548,,0.984375,,,,,,,,,,,1.0,1.0,,,,,5672,,,,0.0,,0.0,,0.0
,,,0.3084163963794708,,0.9883720874786377,,,,,,,,,,,1.0,1.0,,,,,5673,,,,0.0,,0.0,,0.0
,,,0.1354166716337204,,0.96875,,,,,,,,,,,1.0,1.0,,,,,5674,,,,0.0,,0.0,,0.0
,,,0.0824652761220932,,0.984375,,,,,,,,,,,1.0,1.0,,,,,5675,,,,0.0,,0.0,,0.0
,,,0.23944374918937683,,0.9778760671615601,,,,,,,,,,,1.0,1.0,,,,,5676,,,,0.0,,0.0,,0.0
,,,0.10546875,,0.9765625,,,,,,,,,,,1.0,1.0,,,,,5677,,,,0.0,,0.0,,0.0
,,,0.1432291716337204,,0.9609375,,,,,,,,,,,1.0,1.0,,,,,5678,,,,0.0,,0.0,,0.0
,,,0.1719696968793869,,1.0,,,,,,,,,,,1.0,1.0,,,,,5679,,,,0.0,,0.0,,0.0
,,,0.0703125,,0.9921875,,,,,,,,,,,1.0,1.0,,,,,5680,,,,0.0,,0.0,,0.0
,,,0.0803571417927742,,0.9921875,,,,,,,,,,,1.0,1.0,,,,,5681,,,,0.0,,0.0,,0.0
,,,0.23544973134994507,,0.9953703880310059,,,,,,,,,,,1.0,1.0,,,,,5682,,,,0.0,,0.0,,0.0
,,,0.17656250298023224,,0.984375,,,,,,,,,,,1.0,1.0,,,,,5683,,,,0.0,,0.0,,0.0
,,,0.236328125,,1.0,,,,,,,,,,,1.0,1.0,,,,,5684,,,,0.0,,0.0,,0.0
,,,0.26268887519836426,,0.971753716468811,,,,,,,,,,,1.0,1.0,,,,,5685,,,,0.0,,0.0,,0.0
,,,0.1328125,,1.0,,,,,,,,,,,1.0,1.0,,,,,5686,,,,0.0,,0.0,,0.0
,,,0.240234375,,1.0,,,,,,,,,,,1.0,1.0,,,,,5687,,,,0.0,,0.0,,0.0
,,,0.2652333676815033,,0.9901961088180542,,,,,,,,,,,1.0,1.0,,,,,5688,,,,0.0,,0.0,,0.0
,,,0.1294642835855484,,1.0,,,,,,,,,,,1.0,1.0,,,,,5689,,,,0.0,,0.0,,0.0
,,,0.111328125,,1.0,,,,,,,,,,,1.0,1.0,,,,,5690,,,,0.0,,0.0,,0.0
,,,0.3020487129688263,,1.0,,,,,,,,,,,1.0,1.0,,,,,5691,,,,0.0,,0.0,,0.0
,,,0.10546875,,0.9765625,,,,,,,,,,,1.0,1.0,,,,,5692,,,,0.0,,0.0,,0.0
,,,0.1484375,,0.96875,,,,,,,,,,,1.0,1.0,,,,,5693,,,,0.0,,0.0,,0.0
,,,0.2187395989894867,,0.9845360517501831,,,,,,,,,,,1.0,1.0,,,,,5694,,,,0.0,,0.0,,0.0
,,,0.1015625,,0.9765625,,,,,,,,,,,1.0,1.0,,,,,5695,,,,0.0,,0.0,,0.0
,,,0.0986328125,,0.9609375,,,,,,,,,,,1.0,1.0,,,,,5696,,,,0.0,,0.0,,0.0
,,,0.2053571343421936,,1.0,,,,,,,,,,,1.0,1.0,,,,,5697,,,,0.0,,0.0,,0.0
,,,0.1004464253783226,,0.953125,,,,,,,,,,,1.0,1.0,,,,,5698,,,,0.0,,0.0,,0.0
,,,0.1158854141831398,,0.9609375,,,,,,,,,,,1.0,1.0,,,,,5699,,,,0.0,,0.0,,0.0
,,,0.20279720425605774,,0.9786324501037598,,,,,,,,,,,1.0,1.0,,,,,5700,,,,0.0,,0.0,,0.0
,,,0.140625,,0.9921875,,,,,,,,,,,1.0,1.0,,,,,5701,,,,0.0,,0.0,,0.0
,,,0.107421875,,1.0,,,,,,,,,,,1.0,1.0,,,,,5702,,,,0.0,,0.0,,0.0
,,,0.12485939264297485,,0.9842519760131836,,,,,,,,,,,1.0,1.0,,,,,5703,,,,0.0,,0.0,,0.0
61,0.8267902135848999,0.8260849118232727,,0.9825785160064697,,,,,,,,,,,,,,203.7371368408203,58061.31640625,5.316830635070801,385.832763671875,13701,,,0.0,,0.0,,0.0,
61,,,,,,0.30031678080558777,,0.47107645869255066,,8.538090705871582,,,,,,,,,,,,13701,0.6610538959503174,,,,,,,
,,,,,,,,,,,,,,0.03,0.0004,,,,,,,13749,,,,,,,,
62,,,,,,,0.2870032787322998,,0.4504554271697998,,8.171875,0.00039999998989515007,0.029999999329447746,,,1.0,1.0,,,,,13749,,0.8250745534896851,,,,,,
,,,,,,,,,,,,,,0.03,0.0004,,,,,,,13799,,,,,,,,
62,,,,,,,0.27961787581443787,,0.43623408675193787,,7.83203125,0.00039999998989515007,0.029999999329447746,,,1.0,1.0,,,,,13799,,0.6132234334945679,,,,,,
,,,,,,,,,,,,,,0.03,0.0004,,,,,,,13849,,,,,,,,
62,,,,,,,0.27830663323402405,,0.45445409417152405,,8.8046875,0.00039999998989515007,0.029999999329447746,,,1.0,1.0,,,,,13849,,0.470719575881958,,,,,,
,,,,,,,,,,,,,,0.03,0.0004,,,,,,,13899,,,,,,,,
62,,,,,,,0.3145318031311035,,0.4770073890686035,,8.125,0.00039999998989515007,0.029999999329447746,,,1.0,1.0,,,,,13899,,0.53102707862854,,,,,,
,,,0.1497395783662796,,0.9921875,,,,,,,,,,,1.0,1.0,,,,,5704,,,,0.0,,0.0,,0.0
,,,0.2265625,,1.0,,,,,,,,,,,1.0,1.0,,,,,5705,,,,0.0,,0.0,,0.0
,,,0.2525014281272888,,0.9765310287475586,,,,,,,,,,,1.0,1.0,,,,,5706,,,,0.0,,0.0,,0.0
,,,0.240234375,,0.9921875,,,,,,,,,,,1.0,1.0,,,,,5707,,,,0.0,,0.0,,0.0
,,,0.1549479216337204,,0.9921875,,,,,,,,,,,1.0,1.0,,,,,5708,,,,0.0,,0.0,,0.0
,,,0.23580586910247803,,0.9695512652397156,,,,,,,,,,,1.0,1.0,,,,,5709,,,,0.0,,0.0,,0.0
,,,0.06953124701976776,,0.9921875,,,,,,,,,,,1.0,1.0,,,,,5710,,,,0.0,,0.0,,0.0
,,,0.07421875,,1.0,,,,,,,,,,,1.0,1.0,,,,,5711,,,,0.0,,0.0,,0.0
,,,0.20090052485466003,,0.9952830076217651,,,,,,,,,,,1.0,1.0,,,,,5712,,,,0.0,,0.0,,0.0
,,,0.19374999403953552,,1.0,,,,,,,,,,,1.0,1.0,,,,,5713,,,,0.0,,0.0,,0.0
,,,0.1536458283662796,,0.9765625,,,,,,,,,,,1.0,1.0,,,,,5714,,,,0.0,,0.0,,0.0
,,,0.15234375,,0.9921875,,,,,,,,,,,1.0,1.0,,,,,5715,,,,0.0,,0.0,,0.0
,,,0.14906667172908783,,0.972000002861023,,,,,,,,,,,1.0,1.0,,,,,5716,,,,0.0,,0.0,,0.0
,,,0.0920138880610466,,0.953125,,,,,,,,,,,1.0,1.0,,,,,5717,,,,0.0,,0.0,,0.0
,,,0.0894097238779068,,0.9609375,,,,,,,,,,,1.0,1.0,,,,,5718,,,,0.0,,0.0,,0.0
,,,0.188608780503273,,0.9444444179534912,,,,,,,,,,,1.0,1.0,,,,,5719,,,,0.0,,0.0,,0.0
,,,0.1276041716337204,,0.984375,,,,,,,,,,,1.0,1.0,,,,,5720,,,,0.0,,0.0,,0.0
,,,0.0986328125,,1.0,,,,,,,,,,,1.0,1.0,,,,,5721,,,,0.0,,0.0,,0.0
,,,0.18265992403030396,,0.9826840162277222,,,,,,,,,,,1.0,1.0,,,,,5722,,,,0.0,,0.0,,0.0
,,,0.1497395783662796,,0.984375,,,,,,,,,,,1.0,1.0,,,,,5723,,,,0.0,,0.0,,0.0
,,,0.1497395783662796,,0.96875,,,,,,,,,,,1.0,1.0,,,,,5724,,,,0.0,,0.0,,0.0
,,,0.24212773144245148,,0.9840598106384277,,,,,,,,,,,1.0,1.0,,,,,5725,,,,0.0,,0.0,,0.0
,,,0.0911458358168602,,0.9921875,,,,,,,,,,,1.0,1.0,,,,,5726,,,,0.0,,0.0,,0.0
,,,0.0946180522441864,,0.9765625,,,,,,,,,,,1.0,1.0,,,,,5727,,,,0.0,,0.0,,0.0
,,,0.21133005619049072,,0.9913793206214905,,,,,,,,,,,1.0,1.0,,,,,5728,,,,0.0,,0.0,,0.0
,,,0.23046875,,1.0,,,,,,,,,,,1.0,1.0,,,,,5729,,,,0.0,,0.0,,0.0
,,,0.1103515625,,1.0,,,,,,,,,,,1.0,1.0,,,,,5730,,,,0.0,,0.0,,0.0
,,,0.21779873967170715,,0.9905660152435303,,,,,,,,,,,1.0,1.0,,,,,5731,,,,0.0,,0.0,,0.0
,,,0.1227678582072258,,1.0,,,,,,,,,,,1.0,1.0,,,,,5732,,,,0.0,,0.0,,0.0
,,,0.0885416641831398,,1.0,,,,,,,,,,,1.0,1.0,,,,,5733,,,,0.0,,0.0,,0.0
,,,0.21774965524673462,,0.9823529720306396,,,,,,,,,,,1.0,1.0,,,,,5734,,,,0.0,,0.0,,0.0
,,,0.1471354216337204,,0.9921875,,,,,,,,,,,1.0,1.0,,,,,5735,,,,0.0,,0.0,,0.0
,,,0.17499999701976776,,0.9921875,,,,,,,,,,,1.0,1.0,,,,,5736,,,,0.0,,0.0,,0.0
,,,0.2652357518672943,,0.9928570985794067,,,,,,,,,,,1.0,1.0,,,,,5737,,,,0.0,,0.0,,0.0
,,,0.19062499701976776,,0.984375,,,,,,,,,,,1.0,1.0,,,,,5738,,,,0.0,,0.0,,0.0
,,,0.1142578125,,1.0,,,,,,,,,,,1.0,1.0,,,,,5739,,,,0.0,,0.0,,0.0
,,,0.17679363489151,,0.9686812162399292,,,,,,,,,,,1.0,1.0,,,,,5740,,,,0.0,,0.0,,0.0
,,,0.07578124850988388,,0.9921875,,,,,,,,,,,1.0,1.0,,,,,5741,,,,0.0,,0.0,,0.0
,,,0.07187499850988388,,0.9921875,,,,,,,,,,,1.0,1.0,,,,,5742,,,,0.0,,0.0,,0.0
,,,0.18711164593696594,,1.0,,,,,,,,,,,1.0,1.0,,,,,5743,,,,0.0,,0.0,,0.0
,,,0.18906250596046448,,1.0,,,,,,,,,,,1.0,1.0,,,,,5744,,,,0.0,,0.0,,0.0
,,,0.15234375,,0.984375,,,,,,,,,,,1.0,1.0,,,,,5745,,,,0.0,,0.0,,0.0
,,,0.21505682170391083,,0.949999988079071,,,,,,,,,,,1.0,1.0,,,,,5746,,,,0.0,,0.0,,0.0
,,,0.0920138880610466,,0.953125,,,,,,,,,,,1.0,1.0,,,,,5747,,,,0.0,,0.0,,0.0
,,,0.1227678582072258,,0.9765625,,,,,,,,,,,1.0,1.0,,,,,5748,,,,0.0,,0.0,,0.0
,,,0.17243777215480804,,0.978723406791687,,,,,,,,,,,1.0,1.0,,,,,5749,,,,0.0,,0.0,,0.0
,,,0.1315104216337204,,0.9921875,,,,,,,,,,,1.0,1.0,,,,,5750,,,,0.0,,0.0,,0.0
,,,0.109375,,0.9921875,,,,,,,,,,,1.0,1.0,,,,,5751,,,,0.0,,0.0,,0.0
,,,0.099609375,,0.9921875,,,,,,,,,,,1.0,1.0,,,,,5752,,,,0.0,,0.0,,0.0
,,,0.11220472306013107,,0.9881889820098877,,,,,,,,,,,1.0,1.0,,,,,5753,,,,0.0,,0.0,,0.0
,,,0.1497395783662796,,0.9921875,,,,,,,,,,,1.0,1.0,,,,,5754,,,,0.0,,0.0,,0.0
,,,0.1238839253783226,,0.96875,,,,,,,,,,,1.0,1.0,,,,,5755,,,,0.0,,0.0,,0.0
,,,0.16985951364040375,,0.9956896305084229,,,,,,,,,,,1.0,1.0,,,,,5756,,,,0.0,,0.0,,0.0
,,,0.08046875149011612,,0.9765625,,,,,,,,,,,1.0,1.0,,,,,5757,,,,0.0,,0.0,,0.0
,,,0.0963541641831398,,0.9921875,,,,,,,,,,,1.0,1.0,,,,,5758,,,,0.0,,0.0,,0.0
,,,0.19255998730659485,,0.9950494766235352,,,,,,,,,,,1.0,1.0,,,,,5759,,,,0.0,,0.0,,0.0
,,,0.234375,,1.0,,,,,,,,,,,1.0,1.0,,,,,5760,,,,0.0,,0.0,,0.0
,,,0.107421875,,0.9921875,,,,,,,,,,,1.0,1.0,,,,,5761,,,,0.0,,0.0,,0.0
,,,0.2604166865348816,,0.9947916269302368,,,,,,,,,,,1.0,1.0,,,,,5762,,,,0.0,,0.0,,0.0
,,,0.099609375,,1.0,,,,,,,,,,,1.0,1.0,,,,,5763,,,,0.0,,0.0,,0.0
,,,0.0928819477558136,,0.9765625,,,,,,,,,,,1.0,1.0,,,,,5764,,,,0.0,,0.0,,0.0
,,,0.28811368346214294,,0.988095223903656,,,,,,,,,,,1.0,1.0,,,,,5765,,,,0.0,,0.0,,0.0
,,,0.17343750596046448,,0.9921875,,,,,,,,,,,1.0,1.0,,,,,5766,,,,0.0,,0.0,,0.0
,,,0.1510416716337204,,0.9921875,,,,,,,,,,,1.0,1.0,,,,,5767,,,,0.0,,0.0,,0.0
,,,0.25655287504196167,,0.991150438785553,,,,,,,,,,,1.0,1.0,,,,,5768,,,,0.0,,0.0,,0.0
,,,0.1361607164144516,,0.9921875,,,,,,,,,,,1.0,1.0,,,,,5769,,,,0.0,,0.0,,0.0
,,,0.1328125,,0.984375,,,,,,,,,,,1.0,1.0,,,,,5770,,,,0.0,,0.0,,0.0
,,,0.1579798012971878,,0.9909090995788574,,,,,,,,,,,1.0,1.0,,,,,5771,,,,0.0,,0.0,,0.0
,,,0.07343749701976776,,0.9921875,,,,,,,,,,,1.0,1.0,,,,,5772,,,,0.0,,0.0,,0.0
,,,0.0763888880610466,,0.9921875,,,,,,,,,,,1.0,1.0,,,,,5773,,,,0.0,,0.0,,0.0
,,,0.26349204778671265,,1.0,,,,,,,,,,,1.0,1.0,,,,,5774,,,,0.0,,0.0,,0.0
,,,0.1549479216337204,,0.984375,,,,,,,,,,,1.0,1.0,,,,,5775,,,,0.0,,0.0,,0.0
,,,0.18437500298023224,,0.9921875,,,,,,,,,,,1.0,1.0,,,,,5776,,,,0.0,,0.0,,0.0
,,,0.2572576105594635,,0.9759036302566528,,,,,,,,,,,1.0,1.0,,,,,5777,,,,0.0,,0.0,,0.0
,,,0.08281250298023224,,0.9375,,,,,,,,,,,1.0,1.0,,,,,5778,,,,0.0,,0.0,,0.0
,,,0.0954861119389534,,0.9765625,,,,,,,,,,,1.0,1.0,,,,,5779,,,,0.0,,0.0,,0.0
,,,0.1686331033706665,,0.970588207244873,,,,,,,,,,,1.0,1.0,,,,,5780,,,,0.0,,0.0,,0.0
,,,0.12890625,,0.9921875,,,,,,,,,,,1.0,1.0,,,,,5781,,,,0.0,,0.0,,0.0
,,,0.1160714253783226,,1.0,,,,,,,,,,,1.0,1.0,,,,,5782,,,,0.0,,0.0,,0.0
,,,0.17547065019607544,,0.9941860437393188,,,,,,,,,,,1.0,1.0,,,,,5783,,,,0.0,,0.0,,0.0
,,,0.1103515625,,0.9765625,,,,,,,,,,,1.0,1.0,,,,,5784,,,,0.0,,0.0,,0.0
,,,0.17499999701976776,,0.9765625,,,,,,,,,,,1.0,1.0,,,,,5785,,,,0.0,,0.0,,0.0
,,,0.22260558605194092,,0.9896907210350037,,,,,,,,,,,1.0,1.0,,,,,5786,,,,0.0,,0.0,,0.0
,,,0.1064453125,,0.9921875,,,,,,,,,,,1.0,1.0,,,,,5787,,,,0.0,,0.0,,0.0
,,,0.08046875149011612,,0.96875,,,,,,,,,,,1.0,1.0,,,,,5788,,,,0.0,,0.0,,0.0
,,,0.234375,,1.0,,,,,,,,,,,1.0,1.0,,,,,5789,,,,0.0,,0.0,,0.0
,,,0.1484375,,0.9921875,,,,,,,,,,,1.0,1.0,,,,,5790,,,,0.0,,0.0,,0.0
,,,0.1484375,,0.9921875,,,,,,,,,,,1.0,1.0,,,,,5791,,,,0.0,,0.0,,0.0
,,,0.20308858156204224,,0.9545454978942871,,,,,,,,,,,1.0,1.0,,,,,5792,,,,0.0,,0.0,,0.0
,,,0.125,,1.0,,,,,,,,,,,1.0,1.0,,,,,5793,,,,0.0,,0.0,,0.0
,,,0.0859375,,0.984375,,,,,,,,,,,1.0,1.0,,,,,5794,,,,0.0,,0.0,,0.0
,,,0.10728346556425095,,0.9763779640197754,,,,,,,,,,,1.0,1.0,,,,,5795,,,,0.0,,0.0,,0.0
62,0.8300822377204895,0.8534864783287048,,0.986236572265625,,,,,,,,,,,,,,205.2784881591797,74860.9140625,5.324367523193359,380.1216735839844,13922,,,0.0,,0.0,,0.0,
62,,,,,,0.29754358530044556,,0.4684087038040161,,8.543428421020508,,,,,,,,,,,,13922,0.6515105366706848,,,,,,,
,,,,,,,,,,,,,,0.03,0.0004,,,,,,,13949,,,,,,,,
63,,,,,,,0.2652324140071869,,0.4444316327571869,,8.9609375,0.00039999998989515007,0.029999999329447746,,,1.0,1.0,,,,,13949,,0.6285749673843384,,,,,,
,,,,,,,,,,,,,,0.03,0.0004,,,,,,,13999,,,,,,,,
63,,,,,,,0.28231000900268555,,0.45076704025268555,,8.421875,0.00039999998989515007,0.029999999329447746,,,1.0,1.0,,,,,13999,,0.5648965835571289,,,,,,
,,,,,,,,,,,,,,0.03,0.0004,,,,,,,14049,,,,,,,,
63,,,,,,,0.3212534785270691,,0.4895884394645691,,8.4140625,0.00039999998989515007,0.029999999329447746,,,1.0,1.0,,,,,14049,,0.8003262281417847,,,,,,
,,,,,,,,,,,,,,0.03,0.0004,,,,,,,14099,,,,,,,,
63,,,,,,,0.27740293741226196,,0.45245176553726196,,8.75,0.00039999998989515007,0.029999999329447746,,,1.0,1.0,,,,,14099,,0.44156816601753235,,,,,,
,,,0.15781250596046448,,0.9765625,,,,,,,,,,,1.0,1.0,,,,,5796,,,,0.0,,0.0,,0.0
,,,0.1393229216337204,,1.0,,,,,,,,,,,1.0,1.0,,,,,5797,,,,0.0,,0.0,,0.0
,,,0.21259626746177673,,0.9765310287475586,,,,,,,,,,,1.0,1.0,,,,,5798,,,,0.0,,0.0,,0.0
,,,0.236328125,,0.9921875,,,,,,,,,,,1.0,1.0,,,,,5799,,,,0.0,,0.0,,0.0
,,,0.3020833432674408,,0.9921875,,,,,,,,,,,1.0,1.0,,,,,5800,,,,0.0,,0.0,,0.0
,,,0.2964743375778198,,0.995192289352417,,,,,,,,,,,1.0,1.0,,,,,5801,,,,0.0,,0.0,,0.0
,,,0.0947265625,,1.0,,,,,,,,,,,1.0,1.0,,,,,5802,,,,0.0,,0.0,,0.0
,,,0.1015625,,1.0,,,,,,,,,,,1.0,1.0,,,,,5803,,,,0.0,,0.0,,0.0
,,,0.17292022705078125,,0.9725557565689087,,,,,,,,,,,1.0,1.0,,,,,5804,,,,0.0,,0.0,,0.0
,,,0.1071428582072258,,0.953125,,,,,,,,,,,1.0,1.0,,,,,5805,,,,0.0,,0.0,,0.0
,,,0.0859375,,0.8984375,,,,,,,,,,,1.0,1.0,,,,,5806,,,,0.0,,0.0,,0.0
,,,0.0970982164144516,,0.9609375,,,,,,,,,,,1.0,1.0,,,,,5807,,,,0.0,,0.0,,0.0
,,,0.14666667580604553,,0.809333324432373,,,,,,,,,,,1.0,1.0,,,,,5808,,,,0.0,,0.0,,0.0
,,,0.0966796875,,0.9375,,,,,,,,,,,1.0,1.0,,,,,5809,,,,0.0,,0.0,,0.0
,,,0.1194196417927742,,0.9375,,,,,,,,,,,1.0,1.0,,,,,5810,,,,0.0,,0.0,,0.0
,,,0.25568005442619324,,0.9444444179534912,,,,,,,,,,,1.0,1.0,,,,,5811,,,,0.0,,0.0,,0.0
,,,0.15312500298023224,,0.984375,,,,,,,,,,,1.0,1.0,,,,,5812,,,,0.0,,0.0,,0.0
,,,0.1302083283662796,,1.0,,,,,,,,,,,1.0,1.0,,,,,5813,,,,0.0,,0.0,,0.0
,,,0.23299318552017212,,1.0,,,,,,,,,,,1.0,1.0,,,,,5814,,,,0.0,,0.0,,0.0
,,,0.140625,,0.9921875,,,,,,,,,,,1.0,1.0,,,,,5815,,,,0.0,,0.0,,0.0
,,,0.171875,,0.984375,,,,,,,,,,,1.0,1.0,,,,,5816,,,,0.0,,0.0,,0.0
,,,0.244120255112648,,1.0,,,,,,,,,,,1.0,1.0,,,,,5817,,,,0.0,,0.0,,0.0
,,,0.1283482164144516,,1.0,,,,,,,,,,,1.0,1.0,,,,,5818,,,,0.0,,0.0,,0.0
,,,0.18906250596046448,,0.9921875,,,,,,,,,,,1.0,1.0,,,,,5819,,,,0.0,,0.0,,0.0
,,,0.22992610931396484,,1.0,,,,,,,,,,,1.0,1.0,,,,,5820,,,,0.0,,0.0,,0.0
,,,0.3203125,,0.9921875,,,,,,,,,,,1.0,1.0,,,,,5821,,,,0.0,,0.0,,0.0
,,,0.234375,,1.0,,,,,,,,,,,1.0,1.0,,,,,5822,,,,0.0,,0.0,,0.0
,,,0.2153099775314331,,0.9622641801834106,,,,,,,,,,,1.0,1.0,,,,,5823,,,,0.0,,0.0,,0.0
,,,0.072265625,,0.9140625,,,,,,,,,,,1.0,1.0,,,,,5824,,,,0.0,,0.0,,0.0
,,,0.0576171875,,0.9140625,,,,,,,,,,,1.0,1.0,,,,,5825,,,,0.0,,0.0,,0.0
,,,0.1577291488647461,,0.9352941513061523,,,,,,,,,,,1.0,1.0,,,,,5826,,,,0.0,,0.0,,0.0
,,,0.15781250596046448,,0.984375,,,,,,,,,,,1.0,1.0,,,,,5827,,,,0.0,,0.0,,0.0
,,,0.1341145783662796,,0.9921875,,,,,,,,,,,1.0,1.0,,,,,5828,,,,0.0,,0.0,,0.0
,,,0.29844003915786743,,0.985714316368103,,,,,,,,,,,1.0,1.0,,,,,5829,,,,0.0,,0.0,,0.0
,,,0.3098958432674408,,0.9921875,,,,,,,,,,,1.0,1.0,,,,,5830,,,,0.0,,0.0,,0.0
,,,0.21875,,0.9921875,,,,,,,,,,,1.0,1.0,,,,,5831,,,,0.0,,0.0,,0.0
,,,0.18973438441753387,,0.9918032884597778,,,,,,,,,,,1.0,1.0,,,,,5832,,,,0.0,,0.0,,0.0
,,,0.1116071417927742,,1.0,,,,,,,,,,,1.0,1.0,,,,,5833,,,,0.0,,0.0,,0.0
,,,0.103515625,,0.9921875,,,,,,,,,,,1.0,1.0,,,,,5834,,,,0.0,,0.0,,0.0
,,,0.15463301539421082,,0.9769231081008911,,,,,,,,,,,1.0,1.0,,,,,5835,,,,0.0,,0.0,,0.0
,,,0.1276041716337204,,0.9453125,,,,,,,,,,,1.0,1.0,,,,,5836,,,,0.0,,0.0,,0.0
,,,0.0849609375,,0.9375,,,,,,,,,,,1.0,1.0,,,,,5837,,,,0.0,,0.0,,0.0
,,,0.19715909659862518,,0.9397727251052856,,,,,,,,,,,1.0,1.0,,,,,5838,,,,0.0,,0.0,,0.0
,,,0.0885416641831398,,0.9609375,,,,,,,,,,,1.0,1.0,,,,,5839,,,,0.0,,0.0,,0.0
,,,0.1160714253783226,,0.953125,,,,,,,,,,,1.0,1.0,,,,,5840,,,,0.0,,0.0,,0.0
,,,0.2661660313606262,,0.9680851101875305,,,,,,,,,,,1.0,1.0,,,,,5841,,,,0.0,,0.0,,0.0
,,,0.15937499701976776,,0.9921875,,,,,,,,,,,1.0,1.0,,,,,5842,,,,0.0,,0.0,,0.0
,,,0.1263020783662796,,1.0,,,,,,,,,,,1.0,1.0,,,,,5843,,,,0.0,,0.0,,0.0
,,,0.1127232164144516,,1.0,,,,,,,,,,,1.0,1.0,,,,,5844,,,,0.0,,0.0,,0.0
,,,0.1430446207523346,,0.9960629940032959,,,,,,,,,,,1.0,1.0,,,,,5845,,,,0.0,,0.0,,0.0
,,,0.1432291716337204,,0.9921875,,,,,,,,,,,1.0,1.0,,,,,5846,,,,0.0,,0.0,,0.0
,,,0.16249999403953552,,0.9921875,,,,,,,,,,,1.0,1.0,,,,,5847,,,,0.0,,0.0,,0.0
,,,0.21880130469799042,,1.0,,,,,,,,,,,1.0,1.0,,,,,5848,,,,0.0,,0.0,,0.0
,,,0.1294642835855484,,1.0,,,,,,,,,,,1.0,1.0,,,,,5849,,,,0.0,,0.0,,0.0
,,,0.19062499701976776,,1.0,,,,,,,,,,,1.0,1.0,,,,,5850,,,,0.0,,0.0,,0.0
,,,0.23083975911140442,,1.0,,,,,,,,,,,1.0,1.0,,,,,5851,,,,0.0,,0.0,,0.0
,,,0.3177083432674408,,0.9921875,,,,,,,,,,,1.0,1.0,,,,,5852,,,,0.0,,0.0,,0.0
,,,0.234375,,1.0,,,,,,,,,,,1.0,1.0,,,,,5853,,,,0.0,,0.0,,0.0
,,,0.215773805975914,,0.9479166269302368,,,,,,,,,,,1.0,1.0,,,,,5854,,,,0.0,,0.0,,0.0
,,,0.0736607164144516,,0.9375,,,,,,,,,,,1.0,1.0,,,,,5855,,,,0.0,,0.0,,0.0
,,,0.0634765625,,0.9296875,,,,,,,,,,,1.0,1.0,,,,,5856,,,,0.0,,0.0,,0.0
,,,0.18280336260795593,,0.9108526706695557,,,,,,,,,,,1.0,1.0,,,,,5857,,,,0.0,,0.0,,0.0
,,,0.1354166716337204,,0.9921875,,,,,,,,,,,1.0,1.0,,,,,5858,,,,0.0,,0.0,,0.0
,,,0.1138392835855484,,0.9921875,,,,,,,,,,,1.0,1.0,,,,,5859,,,,0.0,,0.0,,0.0
,,,0.3556342124938965,,0.9867256879806519,,,,,,,,,,,1.0,1.0,,,,,5860,,,,0.0,,0.0,,0.0
,,,0.3046875,,0.9921875,,,,,,,,,,,1.0,1.0,,,,,5861,,,,0.0,,0.0,,0.0
,,,0.224609375,,0.984375,,,,,,,,,,,1.0,1.0,,,,,5862,,,,0.0,,0.0,,0.0
,,,0.16711559891700745,,1.0,,,,,,,,,,,1.0,1.0,,,,,5863,,,,0.0,,0.0,,0.0
,,,0.1149553582072258,,1.0,,,,,,,,,,,1.0,1.0,,,,,5864,,,,0.0,,0.0,,0.0
,,,0.0947265625,,0.9921875,,,,,,,,,,,1.0,1.0,,,,,5865,,,,0.0,,0.0,,0.0
,,,0.18912038207054138,,0.9768518209457397,,,,,,,,,,,1.0,1.0,,,,,5866,,,,0.0,,0.0,,0.0
,,,0.1049107164144516,,0.9375,,,,,,,,,,,1.0,1.0,,,,,5867,,,,0.0,,0.0,,0.0
,,,0.0869140625,,0.9609375,,,,,,,,,,,1.0,1.0,,,,,5868,,,,0.0,,0.0,,0.0
,,,0.17652833461761475,,0.9485943913459778,,,,,,,,,,,1.0,1.0,,,,,5869,,,,0.0,,0.0,,0.0
,,,0.0986328125,,0.953125,,,,,,,,,,,1.0,1.0,,,,,5870,,,,0.0,,0.0,,0.0
,,,0.1216517835855484,,0.953125,,,,,,,,,,,1.0,1.0,,,,,5871,,,,0.0,,0.0,,0.0
,,,0.25736355781555176,,0.9509804248809814,,,,,,,,,,,1.0,1.0,,,,,5872,,,,0.0,,0.0,,0.0
,,,0.1640625,,0.9921875,,,,,,,,,,,1.0,1.0,,,,,5873,,,,0.0,,0.0,,0.0
,,,0.125,,1.0,,,,,,,,,,,1.0,1.0,,,,,5874,,,,0.0,,0.0,,0.0
,,,0.18838441371917725,,1.0,,,,,,,,,,,1.0,1.0,,,,,5875,,,,0.0,,0.0,,0.0
,,,0.1183035746216774,,0.9921875,,,,,,,,,,,1.0,1.0,,,,,5876,,,,0.0,,0.0,,0.0
,,,0.212890625,,0.984375,,,,,,,,,,,1.0,1.0,,,,,5877,,,,0.0,,0.0,,0.0
,,,0.3587628901004791,,1.0,,,,,,,,,,,1.0,1.0,,,,,5878,,,,0.0,,0.0,,0.0
,,,0.1575520783662796,,1.0,,,,,,,,,,,1.0,1.0,,,,,5879,,,,0.0,,0.0,,0.0
,,,0.1510416716337204,,1.0,,,,,,,,,,,1.0,1.0,,,,,5880,,,,0.0,,0.0,,0.0
,,,0.324404776096344,,1.0,,,,,,,,,,,1.0,1.0,,,,,5881,,,,0.0,,0.0,,0.0
,,,0.1549479216337204,,1.0,,,,,,,,,,,1.0,1.0,,,,,5882,,,,0.0,,0.0,,0.0
,,,0.232421875,,0.9921875,,,,,,,,,,,1.0,1.0,,,,,5883,,,,0.0,,0.0,,0.0
,,,0.22015021741390228,,0.9090908765792847,,,,,,,,,,,1.0,1.0,,,,,5884,,,,0.0,,0.0,,0.0
,,,0.0825892835855484,,0.90625,,,,,,,,,,,1.0,1.0,,,,,5885,,,,0.0,,0.0,,0.0
,,,0.0634765625,,0.9453125,,,,,,,,,,,1.0,1.0,,,,,5886,,,,0.0,,0.0,,0.0
,,,0.0753655806183815,,0.913385808467865,,,,,,,,,,,1.0,1.0,,,,,5887,,,,0.0,,0.0,,0.0
63,0.8306193351745605,0.8041955828666687,,0.9763747453689575,,,,,,,,,,,,,,204.93365478515625,95667.5,5.322686195373535,380.7220764160156,14143,,,0.0,,0.0,,0.0,
63,,,,,,0.29572486877441406,,0.46671733260154724,,8.549614906311035,,,,,,,,,,,,14143,0.6525834798812866,,,,,,,
,,,,,,,,,,,,,,0.03,0.0004,,,,,,,14149,,,,,,,,
64,,,,,,,0.290627658367157,,0.447365939617157,,7.83984375,0.00039999998989515007,0.029999999329447746,,,1.0,1.0,,,,,14149,,0.5362299084663391,,,,,,
,,,,,,,,,,,,,,0.03,0.0004,,,,,,,14199,,,,,,,,
64,,,,,,,0.2894827425479889,,0.4575735628604889,,8.40625,0.00039999998989515007,0.029999999329447746,,,1.0,1.0,,,,,14199,,0.8237502574920654,,,,,,
,,,,,,,,,,,,,,0.03,0.0004,,,,,,,14249,,,,,,,,
64,,,,,,,0.30594828724861145,,0.47074320912361145,,8.2421875,0.00039999998989515007,0.029999999329447746,,,1.0,1.0,,,,,14249,,0.5306661128997803,,,,,,
,,,,,,,,,,,,,,0.03,0.0004,,,,,,,14299,,,,,,,,
64,,,,,,,0.2869379222393036,,0.4520990550518036,,8.2578125,0.00039999998989515007,0.029999999329447746,,,1.0,1.0,,,,,14299,,0.48993438482284546,,,,,,
,,,,,,,,,,,,,,0.03,0.0004,,,,,,,14349,,,,,,,,
64,,,,,,,0.3033308982849121,,0.4742293357849121,,8.546875,0.00039999998989515007,0.029999999329447746,,,1.0,1.0,,,,,14349,,0.7670553922653198,,,,,,
,,,0.1294642835855484,,0.9921875,,,,,,,,,,,1.0,1.0,,,,,5888,,,,0.0,,0.0,,0.0
,,,0.23046875,,1.0,,,,,,,,,,,1.0,1.0,,,,,5889,,,,0.0,,0.0,,0.0
,,,0.19667521119117737,,0.9950494766235352,,,,,,,,,,,1.0,1.0,,,,,5890,,,,0.0,,0.0,,0.0
,,,0.18906250596046448,,1.0,,,,,,,,,,,1.0,1.0,,,,,5891,,,,0.0,,0.0,,0.0
,,,0.1510416716337204,,0.9921875,,,,,,,,,,,1.0,1.0,,,,,5892,,,,0.0,,0.0,,0.0
,,,0.21382783353328705,,0.9695512652397156,,,,,,,,,,,1.0,1.0,,,,,5893,,,,0.0,,0.0,,0.0
,,,0.0712890625,,0.953125,,,,,,,,,,,1.0,1.0,,,,,5894,,,,0.0,,0.0,,0.0
,,,0.0581597238779068,,0.9765625,,,,,,,,,,,1.0,1.0,,,,,5895,,,,0.0,,0.0,,0.0
,,,0.1346483677625656,,0.9811320900917053,,,,,,,,,,,1.0,1.0,,,,,5896,,,,0.0,,0.0,,0.0
,,,0.1171875,,0.9921875,,,,,,,,,,,1.0,1.0,,,,,5897,,,,0.0,,0.0,,0.0
,,,0.13671875,,0.9609375,,,,,,,,,,,1.0,1.0,,,,,5898,,,,0.0,,0.0,,0.0
,,,0.1238839253783226,,0.9921875,,,,,,,,,,,1.0,1.0,,,,,5899,,,,0.0,,0.0,,0.0
,,,0.22895237803459167,,0.8213333487510681,,,,,,,,,,,1.0,1.0,,,,,5900,,,,0.0,,0.0,,0.0
,,,0.15625,,0.9921875,,,,,,,,,,,1.0,1.0,,,,,5901,,,,0.0,,0.0,,0.0
,,,0.1142578125,,0.984375,,,,,,,,,,,1.0,1.0,,,,,5902,,,,0.0,,0.0,,0.0
,,,0.20835000276565552,,0.9402427673339844,,,,,,,,,,,1.0,1.0,,,,,5903,,,,0.0,,0.0,,0.0
,,,0.0908203125,,0.9609375,,,,,,,,,,,1.0,1.0,,,,,5904,,,,0.0,,0.0,,0.0
,,,0.0970982164144516,,0.9765625,,,,,,,,,,,1.0,1.0,,,,,5905,,,,0.0,,0.0,,0.0
,,,0.18265992403030396,,0.9826840162277222,,,,,,,,,,,1.0,1.0,,,,,5906,,,,0.0,,0.0,,0.0
,,,0.111328125,,1.0,,,,,,,,,,,1.0,1.0,,,,,5907,,,,0.0,,0.0,,0.0
,,,0.1283482164144516,,0.96875,,,,,,,,,,,1.0,1.0,,,,,5908,,,,0.0,,0.0,,0.0
,,,0.24468955397605896,,1.0,,,,,,,,,,,1.0,1.0,,,,,5909,,,,0.0,,0.0,,0.0
,,,0.1127232164144516,,0.9765625,,,,,,,,,,,1.0,1.0,,,,,5910,,,,0.0,,0.0,,0.0
,,,0.0920138880610466,,0.9765625,,,,,,,,,,,1.0,1.0,,,,,5911,,,,0.0,,0.0,,0.0
,,,0.16935960948467255,,0.984236478805542,,,,,,,,,,,1.0,1.0,,,,,5912,,,,0.0,,0.0,,0.0
,,,0.1471354216337204,,0.9921875,,,,,,,,,,,1.0,1.0,,,,,5913,,,,0.0,,0.0,,0.0
,,,0.1510416716337204,,0.9921875,,,,,,,,,,,1.0,1.0,,,,,5914,,,,0.0,,0.0,,0.0
,,,0.2272326946258545,,0.9933333396911621,,,,,,,,,,,1.0,1.0,,,,,5915,,,,0.0,,0.0,,0.0
,,,0.23828125,,1.0,,,,,,,,,,,1.0,1.0,,,,,5916,,,,0.0,,0.0,,0.0
,,,0.1305803507566452,,1.0,,,,,,,,,,,1.0,1.0,,,,,5917,,,,0.0,,0.0,,0.0
,,,0.3080255389213562,,0.9941176176071167,,,,,,,,,,,1.0,1.0,,,,,5918,,,,0.0,,0.0,,0.0
,,,0.1305803507566452,,0.9921875,,,,,,,,,,,1.0,1.0,,,,,5919,,,,0.0,,0.0,,0.0
,,,0.17812499403953552,,0.9921875,,,,,,,,,,,1.0,1.0,,,,,5920,,,,0.0,,0.0,,0.0
,,,0.2652357518672943,,1.0,,,,,,,,,,,1.0,1.0,,,,,5921,,,,0.0,,0.0,,0.0
,,,0.1316964328289032,,0.9921875,,,,,,,,,,,1.0,1.0,,,,,5922,,,,0.0,,0.0,,0.0
,,,0.18125000596046448,,1.0,,,,,,,,,,,1.0,1.0,,,,,5923,,,,0.0,,0.0,,0.0
,,,0.2055646777153015,,0.9455590844154358,,,,,,,,,,,1.0,1.0,,,,,5924,,,,0.0,,0.0,,0.0
,,,0.05781250074505806,,0.984375,,,,,,,,,,,1.0,1.0,,,,,5925,,,,0.0,,0.0,,0.0
,,,0.0572916679084301,,0.953125,,,,,,,,,,,1.0,1.0,,,,,5926,,,,0.0,,0.0,,0.0
,,,0.14012211561203003,,0.9920635223388672,,,,,,,,,,,1.0,1.0,,,,,5927,,,,0.0,,0.0,,0.0
,,,0.1205357164144516,,0.984375,,,,,,,,,,,1.0,1.0,,,,,5928,,,,0.0,,0.0,,0.0
,,,0.1354166716337204,,0.9765625,,,,,,,,,,,1.0,1.0,,,,,5929,,,,0.0,,0.0,,0.0
,,,0.2232954502105713,,0.9636363983154297,,,,,,,,,,,1.0,1.0,,,,,5930,,,,0.0,,0.0,,0.0
,,,0.1875,,0.984375,,,,,,,,,,,1.0,1.0,,,,,5931,,,,0.0,,0.0,,0.0
,,,0.1339285671710968,,0.9921875,,,,,,,,,,,1.0,1.0,,,,,5932,,,,0.0,,0.0,,0.0
,,,0.20126721262931824,,0.9840425252914429,,,,,,,,,,,1.0,1.0,,,,,5933,,,,0.0,,0.0,,0.0
,,,0.0982142835855484,,0.9765625,,,,,,,,,,,1.0,1.0,,,,,5934,,,,0.0,,0.0,,0.0
,,,0.08984375,,0.96875,,,,,,,,,,,1.0,1.0,,,,,5935,,,,0.0,,0.0,,0.0
,,,0.0869140625,,0.96875,,,,,,,,,,,1.0,1.0,,,,,5936,,,,0.0,,0.0,,0.0
,,,0.12823396921157837,,0.9921259880065918,,,,,,,,,,,1.0,1.0,,,,,5937,,,,0.0,,0.0,,0.0
,,,0.1484375,,0.9921875,,,,,,,,,,,1.0,1.0,,,,,5938,,,,0.0,,0.0,,0.0
,,,0.15234375,,0.9765625,,,,,,,,,,,1.0,1.0,,,,,5939,,,,0.0,,0.0,,0.0
,,,0.1743295043706894,,0.9956896305084229,,,,,,,,,,,1.0,1.0,,,,,5940,,,,0.0,,0.0,,0.0
,,,0.0966796875,,0.96875,,,,,,,,,,,1.0,1.0,,,,,5941,,,,0.0,,0.0,,0.0
,,,0.1064453125,,0.984375,,,,,,,,,,,1.0,1.0,,,,,5942,,,,0.0,,0.0,,0.0
,,,0.21323798596858978,,0.9950494766235352,,,,,,,,,,,1.0,1.0,,,,,5943,,,,0.0,,0.0,,0.0
,,,0.15234375,,1.0,,,,,,,,,,,1.0,1.0,,,,,5944,,,,0.0,,0.0,,0.0
,,,0.1497395783662796,,1.0,,,,,,,,,,,1.0,1.0,,,,,5945,,,,0.0,,0.0,,0.0
,,,0.2278645932674408,,0.984375,,,,,,,,,,,1.0,1.0,,,,,5946,,,,0.0,,0.0,,0.0
,,,0.1549479216337204,,1.0,,,,,,,,,,,1.0,1.0,,,,,5947,,,,0.0,,0.0,,0.0
,,,0.1328125,,0.9921875,,,,,,,,,,,1.0,1.0,,,,,5948,,,,0.0,,0.0,,0.0
,,,0.36954596638679504,,1.0,,,,,,,,,,,1.0,1.0,,,,,5949,,,,0.0,,0.0,,0.0
,,,0.1510416716337204,,1.0,,,,,,,,,,,1.0,1.0,,,,,5950,,,,0.0,,0.0,,0.0
,,,0.11328125,,0.9921875,,,,,,,,,,,1.0,1.0,,,,,5951,,,,0.0,,0.0,,0.0
,,,0.3707374632358551,,1.0,,,,,,,,,,,1.0,1.0,,,,,5952,,,,0.0,,0.0,,0.0
,,,0.1305803507566452,,0.9921875,,,,,,,,,,,1.0,1.0,,,,,5953,,,,0.0,,0.0,,0.0
,,,0.18125000596046448,,0.984375,,,,,,,,,,,1.0,1.0,,,,,5954,,,,0.0,,0.0,,0.0
,,,0.17462120950222015,,0.9772727489471436,,,,,,,,,,,1.0,1.0,,,,,5955,,,,0.0,,0.0,,0.0
,,,0.05546874925494194,,0.9609375,,,,,,,,,,,1.0,1.0,,,,,5956,,,,0.0,,0.0,,0.0
,,,0.0546875,,0.96875,,,,,,,,,,,1.0,1.0,,,,,5957,,,,0.0,,0.0,,0.0
,,,0.16028806567192078,,0.9953703880310059,,,,,,,,,,,1.0,1.0,,,,,5958,,,,0.0,,0.0,,0.0
,,,0.1205357164144516,,0.9765625,,,,,,,,,,,1.0,1.0,,,,,5959,,,,0.0,,0.0,,0.0
,,,0.1393229216337204,,0.9921875,,,,,,,,,,,1.0,1.0,,,,,5960,,,,0.0,,0.0,,0.0
,,,0.30678266286849976,,0.9657295942306519,,,,,,,,,,,1.0,1.0,,,,,5961,,,,0.0,,0.0,,0.0
,,,0.1875,,0.984375,,,,,,,,,,,1.0,1.0,,,,,5962,,,,0.0,,0.0,,0.0
,,,0.15625,,1.0,,,,,,,,,,,1.0,1.0,,,,,5963,,,,0.0,,0.0,,0.0
,,,0.19388210773468018,,0.9640947580337524,,,,,,,,,,,1.0,1.0,,,,,5964,,,,0.0,,0.0,,0.0
,,,0.1037946417927742,,0.9609375,,,,,,,,,,,1.0,1.0,,,,,5965,,,,0.0,,0.0,,0.0
,,,0.0859375,,0.9609375,,,,,,,,,,,1.0,1.0,,,,,5966,,,,0.0,,0.0,,0.0
,,,0.18333947658538818,,0.9941860437393188,,,,,,,,,,,1.0,1.0,,,,,5967,,,,0.0,,0.0,,0.0
,,,0.1083984375,,0.9765625,,,,,,,,,,,1.0,1.0,,,,,5968,,,,0.0,,0.0,,0.0
,,,0.17812499403953552,,0.9765625,,,,,,,,,,,1.0,1.0,,,,,5969,,,,0.0,,0.0,,0.0
,,,0.23033754527568817,,0.9948453903198242,,,,,,,,,,,1.0,1.0,,,,,5970,,,,0.0,,0.0,,0.0
,,,0.1005859375,,0.9921875,,,,,,,,,,,1.0,1.0,,,,,5971,,,,0.0,,0.0,,0.0
,,,0.0859375,,0.9609375,,,,,,,,,,,1.0,1.0,,,,,5972,,,,0.0,,0.0,,0.0
,,,0.2640306055545807,,0.9955357313156128,,,,,,,,,,,1.0,1.0,,,,,5973,,,,0.0,,0.0,,0.0
,,,0.1238839253783226,,0.9921875,,,,,,,,,,,1.0,1.0,,,,,5974,,,,0.0,,0.0,,0.0
,,,0.1316964328289032,,0.9921875,,,,,,,,,,,1.0,1.0,,,,,5975,,,,0.0,,0.0,,0.0
,,,0.2321012318134308,,0.995726466178894,,,,,,,,,,,1.0,1.0,,,,,5976,,,,0.0,,0.0,,0.0
,,,0.2421875,,1.0,,,,,,,,,,,1.0,1.0,,,,,5977,,,,0.0,,0.0,,0.0
,,,0.1316964328289032,,1.0,,,,,,,,,,,1.0,1.0,,,,,5978,,,,0.0,,0.0,,0.0
,,,0.1349831372499466,,0.9921259880065918,,,,,,,,,,,1.0,1.0,,,,,5979,,,,0.0,,0.0,,0.0
64,0.8323535919189453,0.837644636631012,,0.9845342040061951,,,,,,,,,,,,,,206.20046997070312,190965.984375,5.328848838806152,384.92718505859375,14364,,,0.0,,0.0,,0.0,
64,,,,,,0.2942150831222534,,0.4644009470939636,,8.509243965148926,,,,,,,,,,,,14364,0.6463798880577087,,,,,,,
,,,,,,,,,,,,,,0.03,0.0004,,,,,,,14399,,,,,,,,
65,,,,,,,0.27699044346809387,,0.46217110753059387,,9.2578125,0.00039999998989515007,0.029999999329447746,,,1.0,1.0,,,,,14399,,0.46914640069007874,,,,,,
,,,,,,,,,,,,,,0.03,0.0004,,,,,,,14449,,,,,,,,
65,,,,,,,0.27667713165283203,,0.43561267852783203,,7.9453125,0.00039999998989515007,0.029999999329447746,,,1.0,1.0,,,,,14449,,0.6230613589286804,,,,,,
,,,,,,,,,,,,,,0.03,0.0004,,,,,,,14499,,,,,,,,
65,,,,,,,0.3046019375324249,,0.4691527187824249,,8.2265625,0.00039999998989515007,0.029999999329447746,,,1.0,1.0,,,,,14499,,0.6442110538482666,,,,,,
,,,,,,,,,,,,,,0.03,0.0004,,,,,,,14549,,,,,,,,
65,,,,,,,0.29815638065338135,,0.46832239627838135,,8.5078125,0.00039999998989515007,0.029999999329447746,,,1.0,1.0,,,,,14549,,0.6513242721557617,,,,,,
,,,0.1162109375,,0.9921875,,,,,,,,,,,1.0,1.0,,,,,5980,,,,0.0,,0.0,,0.0
,,,0.23828125,,1.0,,,,,,,,,,,1.0,1.0,,,,,5981,,,,0.0,,0.0,,0.0
,,,0.22125962376594543,,0.9765310287475586,,,,,,,,,,,1.0,1.0,,,,,5982,,,,0.0,,0.0,,0.0
,,,0.1339285671710968,,0.9765625,,,,,,,,,,,1.0,1.0,,,,,5983,,,,0.0,,0.0,,0.0
,,,0.1123046875,,0.9765625,,,,,,,,,,,1.0,1.0,,,,,5984,,,,0.0,,0.0,,0.0
,,,0.2303113341331482,,0.9647436141967773,,,,,,,,,,,1.0,1.0,,,,,5985,,,,0.0,,0.0,,0.0
,,,0.0763888880610466,,0.96875,,,,,,,,,,,1.0,1.0,,,,,5986,,,,0.0,,0.0,,0.0
,,,0.0789930522441864,,0.9921875,,,,,,,,,,,1.0,1.0,,,,,5987,,,,0.0,,0.0,,0.0
,,,0.17019249498844147,,0.9858490228652954,,,,,,,,,,,1.0,1.0,,,,,5988,,,,0.0,,0.0,,0.0
,,,0.1328125,,0.9921875,,,,,,,,,,,1.0,1.0,,,,,5989,,,,0.0,,0.0,,0.0
,,,0.1471354216337204,,0.9765625,,,,,,,,,,,1.0,1.0,,,,,5990,,,,0.0,,0.0,,0.0
,,,0.1305803507566452,,0.9921875,,,,,,,,,,,1.0,1.0,,,,,5991,,,,0.0,,0.0,,0.0
,,,0.2671111226081848,,0.9919999837875366,,,,,,,,,,,1.0,1.0,,,,,5992,,,,0.0,,0.0,,0.0
,,,0.15625,,0.9921875,,,,,,,,,,,1.0,1.0,,,,,5993,,,,0.0,,0.0,,0.0
,,,0.109375,,0.9765625,,,,,,,,,,,1.0,1.0,,,,,5994,,,,0.0,,0.0,,0.0
,,,0.20861679315567017,,0.9276376962661743,,,,,,,,,,,1.0,1.0,,,,,5995,,,,0.0,,0.0,,0.0
,,,0.0825892835855484,,0.9296875,,,,,,,,,,,1.0,1.0,,,,,5996,,,,0.0,,0.0,,0.0
,,,0.0803571417927742,,0.953125,,,,,,,,,,,1.0,1.0,,,,,5997,,,,0.0,,0.0,,0.0
,,,0.15313851833343506,,0.9431818127632141,,,,,,,,,,,1.0,1.0,,,,,5998,,,,0.0,,0.0,,0.0
,,,0.1283482164144516,,0.984375,,,,,,,,,,,1.0,1.0,,,,,5999,,,,0.0,,0.0,,0.0
,,,0.111328125,,0.96875,,,,,,,,,,,1.0,1.0,,,,,6000,,,,0.0,,0.0,,0.0
,,,0.20158779621124268,,0.9794520139694214,,,,,,,,,,,1.0,1.0,,,,,6001,,,,0.0,,0.0,,0.0
,,,0.0859375,,0.9921875,,,,,,,,,,,1.0,1.0,,,,,6002,,,,0.0,,0.0,,0.0
,,,0.1380208283662796,,0.9609375,,,,,,,,,,,1.0,1.0,,,,,6003,,,,0.0,,0.0,,0.0
,,,0.20738916099071503,,1.0,,,,,,,,,,,1.0,1.0,,,,,6004,,,,0.0,,0.0,,0.0
,,,0.1536458283662796,,0.9921875,,,,,,,,,,,1.0,1.0,,,,,6005,,,,0.0,,0.0,,0.0
,,,0.1294642835855484,,1.0,,,,,,,,,,,1.0,1.0,,,,,6006,,,,0.0,,0.0,,0.0
,,,0.22084906697273254,,1.0,,,,,,,,,,,1.0,1.0,,,,,6007,,,,0.0,,0.0,,0.0
,,,0.1283482164144516,,1.0,,,,,,,,,,,1.0,1.0,,,,,6008,,,,0.0,,0.0,,0.0
,,,0.0946180522441864,,0.9921875,,,,,,,,,,,1.0,1.0,,,,,6009,,,,0.0,,0.0,,0.0
,,,0.23238714039325714,,0.9941176176071167,,,,,,,,,,,1.0,1.0,,,,,6010,,,,0.0,,0.0,,0.0
,,,0.1272321492433548,,0.9921875,,,,,,,,,,,1.0,1.0,,,,,6011,,,,0.0,,0.0,,0.0
,,,0.18593749403953552,,0.9921875,,,,,,,,,,,1.0,1.0,,,,,6012,,,,0.0,,0.0,,0.0
,,,0.22814038395881653,,0.985714316368103,,,,,,,,,,,1.0,1.0,,,,,6013,,,,0.0,,0.0,,0.0
,,,0.1283482164144516,,0.9765625,,,,,,,,,,,1.0,1.0,,,,,6014,,,,0.0,,0.0,,0.0
,,,0.11328125,,0.984375,,,,,,,,,,,1.0,1.0,,,,,6015,,,,0.0,,0.0,,0.0
,,,0.1744827777147293,,0.953021764755249,,,,,,,,,,,1.0,1.0,,,,,6016,,,,0.0,,0.0,,0.0
,,,0.0859375,,0.984375,,,,,,,,,,,1.0,1.0,,,,,6017,,,,0.0,,0.0,,0.0
,,,0.078125,,0.9765625,,,,,,,,,,,1.0,1.0,,,,,6018,,,,0.0,,0.0,,0.0
,,,0.19264346361160278,,0.9920635223388672,,,,,,,,,,,1.0,1.0,,,,,6019,,,,0.0,,0.0,,0.0
,,,0.1283482164144516,,1.0,,,,,,,,,,,1.0,1.0,,,,,6020,,,,0.0,,0.0,,0.0
,,,0.1497395783662796,,0.9921875,,,,,,,,,,,1.0,1.0,,,,,6021,,,,0.0,,0.0,,0.0
,,,0.26363635063171387,,0.9818181991577148,,,,,,,,,,,1.0,1.0,,,,,6022,,,,0.0,,0.0,,0.0
,,,0.1549479216337204,,0.9765625,,,,,,,,,,,1.0,1.0,,,,,6023,,,,0.0,,0.0,,0.0
,,,0.1339285671710968,,1.0,,,,,,,,,,,1.0,1.0,,,,,6024,,,,0.0,,0.0,,0.0
,,,0.23049646615982056,,0.9546307921409607,,,,,,,,,,,1.0,1.0,,,,,6025,,,,0.0,,0.0,,0.0
,,,0.0848214253783226,,0.9609375,,,,,,,,,,,1.0,1.0,,,,,6026,,,,0.0,,0.0,,0.0
,,,0.0825892835855484,,0.953125,,,,,,,,,,,1.0,1.0,,,,,6027,,,,0.0,,0.0,,0.0
,,,0.0837053582072258,,0.9296875,,,,,,,,,,,1.0,1.0,,,,,6028,,,,0.0,,0.0,,0.0
,,,0.10148730874061584,,0.9921259880065918,,,,,,,,,,,1.0,1.0,,,,,6029,,,,0.0,,0.0,,0.0
,,,0.15234375,,0.9921875,,,,,,,,,,,1.0,1.0,,,,,6030,,,,0.0,,0.0,,0.0
,,,0.1238839253783226,,0.9765625,,,,,,,,,,,1.0,1.0,,,,,6031,,,,0.0,,0.0,,0.0
,,,0.17337164282798767,,0.982758641242981,,,,,,,,,,,1.0,1.0,,,,,6032,,,,0.0,,0.0,,0.0
,,,0.0833333358168602,,0.9609375,,,,,,,,,,,1.0,1.0,,,,,6033,,,,0.0,,0.0,,0.0
,,,0.1216517835855484,,0.9765625,,,,,,,,,,,1.0,1.0,,,,,6034,,,,0.0,,0.0,,0.0
,,,0.21076273918151855,,1.0,,,,,,,,,,,1.0,1.0,,,,,6035,,,,0.0,,0.0,,0.0
,,,0.19062499701976776,,0.9921875,,,,,,,,,,,1.0,1.0,,,,,6036,,,,0.0,,0.0,,0.0
,,,0.1261160671710968,,1.0,,,,,,,,,,,1.0,1.0,,,,,6037,,,,0.0,,0.0,,0.0
,,,0.2161458432674408,,1.0,,,,,,,,,,,1.0,1.0,,,,,6038,,,,0.0,,0.0,,0.0
,,,0.107421875,,0.9921875,,,,,,,,,,,1.0,1.0,,,,,6039,,,,0.0,,0.0,,0.0
,,,0.0998263880610466,,0.9921875,,,,,,,,,,,1.0,1.0,,,,,6040,,,,0.0,,0.0,,0.0
,,,0.2604018449783325,,1.0,,,,,,,,,,,1.0,1.0,,,,,6041,,,,0.0,,0.0,,0.0
,,,0.1497395783662796,,0.9921875,,,,,,,,,,,1.0,1.0,,,,,6042,,,,0.0,,0.0,,0.0
,,,0.1316964328289032,,0.9921875,,,,,,,,,,,1.0,1.0,,,,,6043,,,,0.0,,0.0,,0.0
,,,0.2222713828086853,,0.982300877571106,,,,,,,,,,,1.0,1.0,,,,,6044,,,,0.0,,0.0,,0.0
,,,0.1294642835855484,,0.984375,,,,,,,,,,,1.0,1.0,,,,,6045,,,,0.0,,0.0,,0.0
,,,0.1294642835855484,,0.96875,,,,,,,,,,,1.0,1.0,,,,,6046,,,,0.0,,0.0,,0.0
,,,0.16419753432273865,,0.9494949579238892,,,,,,,,,,,1.0,1.0,,,,,6047,,,,0.0,,0.0,,0.0
,,,0.0772569477558136,,1.0,,,,,,,,,,,1.0,1.0,,,,,6048,,,,0.0,,0.0,,0.0
,,,0.07421875,,0.984375,,,,,,,,,,,1.0,1.0,,,,,6049,,,,0.0,,0.0,,0.0
,,,0.28919753432273865,,0.9750000238418579,,,,,,,,,,,1.0,1.0,,,,,6050,,,,0.0,,0.0,,0.0
,,,0.1283482164144516,,0.9921875,,,,,,,,,,,1.0,1.0,,,,,6051,,,,0.0,,0.0,,0.0
,,,0.1536458283662796,,1.0,,,,,,,,,,,1.0,1.0,,,,,6052,,,,0.0,,0.0,,0.0
,,,0.2629565894603729,,0.9828647971153259,,,,,,,,,,,1.0,1.0,,,,,6053,,,,0.0,,0.0,,0.0
,,,0.18593749403953552,,0.9921875,,,,,,,,,,,1.0,1.0,,,,,6054,,,,0.0,,0.0,,0.0
,,,0.1549479216337204,,1.0,,,,,,,,,,,1.0,1.0,,,,,6055,,,,0.0,,0.0,,0.0
,,,0.23576098680496216,,0.9576011896133423,,,,,,,,,,,1.0,1.0,,,,,6056,,,,0.0,,0.0,,0.0
,,,0.0859375,,0.9296875,,,,,,,,,,,1.0,1.0,,,,,6057,,,,0.0,,0.0,,0.0
,,,0.0792410746216774,,0.96875,,,,,,,,,,,1.0,1.0,,,,,6058,,,,0.0,,0.0,,0.0
,,,0.1743570864200592,,0.9709302186965942,,,,,,,,,,,1.0,1.0,,,,,6059,,,,0.0,,0.0,,0.0
,,,0.1103515625,,0.984375,,,,,,,,,,,1.0,1.0,,,,,6060,,,,0.0,,0.0,,0.0
,,,0.1261160671710968,,0.96875,,,,,,,,,,,1.0,1.0,,,,,6061,,,,0.0,,0.0,,0.0
,,,0.25421634316444397,,1.0,,,,,,,,,,,1.0,1.0,,,,,6062,,,,0.0,,0.0,,0.0
,,,0.0986328125,,0.96875,,,,,,,,,,,1.0,1.0,,,,,6063,,,,0.0,,0.0,,0.0
,,,0.0815972238779068,,0.9375,,,,,,,,,,,1.0,1.0,,,,,6064,,,,0.0,,0.0,,0.0
,,,0.2640306055545807,,1.0,,,,,,,,,,,1.0,1.0,,,,,6065,,,,0.0,,0.0,,0.0
,,,0.1272321492433548,,1.0,,,,,,,,,,,1.0,1.0,,,,,6066,,,,0.0,,0.0,,0.0
,,,0.1316964328289032,,0.9921875,,,,,,,,,,,1.0,1.0,,,,,6067,,,,0.0,,0.0,,0.0
,,,0.2308802306652069,,1.0,,,,,,,,,,,1.0,1.0,,,,,6068,,,,0.0,,0.0,,0.0
,,,0.1510416716337204,,1.0,,,,,,,,,,,1.0,1.0,,,,,6069,,,,0.0,,0.0,,0.0
,,,0.0946180522441864,,0.9921875,,,,,,,,,,,1.0,1.0,,,,,6070,,,,0.0,,0.0,,0.0
,,,0.11220472306013107,,0.9921259880065918,,,,,,,,,,,1.0,1.0,,,,,6071,,,,0.0,,0.0,,0.0
65,0.8322951197624207,0.8381378650665283,,0.9818758964538574,,,,,,,,,,,,,,207.14437866210938,406505.28125,5.333415985107422,377.0030212402344,14585,,,0.0,,0.0,,0.0,
65,,,,,,0.2908771336078644,,0.46100878715515137,,8.506486892700195,,,,,,,,,,,,14585,0.631828784942627,,,,,,,
,,,,,,,,,,,,,,0.03,0.0004,,,,,,,14599,,,,,,,,
66,,,,,,,0.26576220989227295,,0.42909228801727295,,8.1640625,0.00039999998989515007,0.029999999329447746,,,1.0,1.0,,,,,14599,,0.5500562191009521,,,,,,
,,,,,,,,,,,,,,0.03,0.0004,,,,,,,14649,,,,,,,,
66,,,,,,,0.26861444115638733,,0.44341912865638733,,8.7421875,0.00039999998989515007,0.029999999329447746,,,1.0,1.0,,,,,14649,,0.45798254013061523,,,,,,
,,,,,,,,,,,,,,0.03,0.0004,,,,,,,14699,,,,,,,,
66,,,,,,,0.293578565120697,,0.456420361995697,,8.140625,0.00039999998989515007,0.029999999329447746,,,1.0,1.0,,,,,14699,,0.7845204472541809,,,,,,
,,,,,,,,,,,,,,0.03,0.0004,,,,,,,14749,,,,,,,,
66,,,,,,,0.27006053924560547,,0.44095897674560547,,8.546875,0.00039999998989515007,0.029999999329447746,,,1.0,1.0,,,,,14749,,0.675990879535675,,,,,,
,,,,,,,,,,,,,,0.03,0.0004,,,,,,,14799,,,,,,,,
66,,,,,,,0.27761998772621155,,0.44790807366371155,,8.515625,0.00039999998989515007,0.029999999329447746,,,1.0,1.0,,,,,14799,,0.49097079038619995,,,,,,
,,,0.16562500596046448,,0.984375,,,,,,,,,,,1.0,1.0,,,,,6072,,,,0.0,,0.0,,0.0
,,,0.21875,,1.0,,,,,,,,,,,1.0,1.0,,,,,6073,,,,0.0,,0.0,,0.0
,,,0.18787434697151184,,0.9715805053710938,,,,,,,,,,,1.0,1.0,,,,,6074,,,,0.0,,0.0,,0.0
,,,0.1588541716337204,,0.984375,,,,,,,,,,,1.0,1.0,,,,,6075,,,,0.0,,0.0,,0.0
,,,0.1123046875,,0.96875,,,,,,,,,,,1.0,1.0,,,,,6076,,,,0.0,,0.0,,0.0
,,,0.20467033982276917,,0.9647436141967773,,,,,,,,,,,1.0,1.0,,,,,6077,,,,0.0,,0.0,,0.0
,,,0.05937499925494194,,0.984375,,,,,,,,,,,1.0,1.0,,,,,6078,,,,0.0,,0.0,,0.0
,,,0.0590277761220932,,0.9921875,,,,,,,,,,,1.0,1.0,,,,,6079,,,,0.0,,0.0,,0.0
,,,0.14036592841148376,,0.9952830076217651,,,,,,,,,,,1.0,1.0,,,,,6080,,,,0.0,,0.0,,0.0
,,,0.1205357164144516,,0.984375,,,,,,,,,,,1.0,1.0,,,,,6081,,,,0.0,,0.0,,0.0
,,,0.1064453125,,0.9765625,,,,,,,,,,,1.0,1.0,,,,,6082,,,,0.0,,0.0,,0.0
,,,0.15937499701976776,,0.9921875,,,,,,,,,,,1.0,1.0,,,,,6083,,,,0.0,,0.0,,0.0
,,,0.22323811054229736,,0.9880000352859497,,,,,,,,,,,1.0,1.0,,,,,6084,,,,0.0,,0.0,,0.0
,,,0.1238839253783226,,0.984375,,,,,,,,,,,1.0,1.0,,,,,6085,,,,0.0,,0.0,,0.0
,,,0.0954861119389534,,0.96875,,,,,,,,,,,1.0,1.0,,,,,6086,,,,0.0,,0.0,,0.0
,,,0.2299586534500122,,0.9444444179534912,,,,,,,,,,,1.0,1.0,,,,,6087,,,,0.0,,0.0,,0.0
,,,0.1205357164144516,,0.9921875,,,,,,,,,,,1.0,1.0,,,,,6088,,,,0.0,,0.0,,0.0
,,,0.1227678582072258,,1.0,,,,,,,,,,,1.0,1.0,,,,,6089,,,,0.0,,0.0,,0.0
,,,0.30266955494880676,,0.9886363744735718,,,,,,,,,,,1.0,1.0,,,,,6090,,,,0.0,,0.0,,0.0
,,,0.115234375,,0.9921875,,,,,,,,,,,1.0,1.0,,,,,6091,,,,0.0,,0.0,,0.0
,,,0.1339285671710968,,0.9921875,,,,,,,,,,,1.0,1.0,,,,,6092,,,,0.0,,0.0,,0.0
,,,0.22493773698806763,,1.0,,,,,,,,,,,1.0,1.0,,,,,6093,,,,0.0,,0.0,,0.0
,,,0.08281250298023224,,0.984375,,,,,,,,,,,1.0,1.0,,,,,6094,,,,0.0,,0.0,,0.0
,,,0.1083984375,,0.9921875,,,,,,,,,,,1.0,1.0,,,,,6095,,,,0.0,,0.0,,0.0
,,,0.22062808275222778,,0.985714316368103,,,,,,,,,,,1.0,1.0,,,,,6096,,,,0.0,,0.0,,0.0
,,,0.234375,,0.9921875,,,,,,,,,,,1.0,1.0,,,,,6097,,,,0.0,,0.0,,0.0
,,,0.15625,,1.0,,,,,,,,,,,1.0,1.0,,,,,6098,,,,0.0,,0.0,,0.0
,,,0.18484973907470703,,0.9811320900917053,,,,,,,,,,,1.0,1.0,,,,,6099,,,,0.0,,0.0,,0.0
,,,0.1082589253783226,,0.9609375,,,,,,,,,,,1.0,1.0,,,,,6100,,,,0.0,,0.0,,0.0
,,,0.06718750298023224,,0.9296875,,,,,,,,,,,1.0,1.0,,,,,6101,,,,0.0,,0.0,,0.0
,,,0.2271643579006195,,0.9354308843612671,,,,,,,,,,,1.0,1.0,,,,,6102,,,,0.0,,0.0,,0.0
,,,0.17031249403953552,,0.984375,,,,,,,,,,,1.0,1.0,,,,,6103,,,,0.0,,0.0,,0.0
,,,0.1419270783662796,,0.9921875,,,,,,,,,,,1.0,1.0,,,,,6104,,,,0.0,,0.0,,0.0
,,,0.21342363953590393,,0.984236478805542,,,,,,,,,,,1.0,1.0,,,,,6105,,,,0.0,,0.0,,0.0
,,,0.1142578125,,0.96875,,,,,,,,,,,1.0,1.0,,,,,6106,,,,0.0,,0.0,,0.0
,,,0.1283482164144516,,0.9765625,,,,,,,,,,,1.0,1.0,,,,,6107,,,,0.0,,0.0,,0.0
,,,0.18601664900779724,,0.960484504699707,,,,,,,,,,,1.0,1.0,,,,,6108,,,,0.0,,0.0,,0.0
,,,0.0651041641831398,,0.9921875,,,,,,,,,,,1.0,1.0,,,,,6109,,,,0.0,,0.0,,0.0
,,,0.05546874925494194,,0.984375,,,,,,,,,,,1.0,1.0,,,,,6110,,,,0.0,,0.0,,0.0
,,,0.12454213201999664,,0.9923076629638672,,,,,,,,,,,1.0,1.0,,,,,6111,,,,0.0,,0.0,,0.0
,,,0.1083984375,,0.984375,,,,,,,,,,,1.0,1.0,,,,,6112,,,,0.0,,0.0,,0.0
,,,0.16562500596046448,,0.984375,,,,,,,,,,,1.0,1.0,,,,,6113,,,,0.0,,0.0,,0.0
,,,0.3431817889213562,,0.969318151473999,,,,,,,,,,,1.0,1.0,,,,,6114,,,,0.0,,0.0,,0.0
,,,0.1083984375,,0.984375,,,,,,,,,,,1.0,1.0,,,,,6115,,,,0.0,,0.0,,0.0
,,,0.1123046875,,0.9921875,,,,,,,,,,,1.0,1.0,,,,,6116,,,,0.0,,0.0,,0.0
,,,0.2407473623752594,,0.978723406791687,,,,,,,,,,,1.0,1.0,,,,,6117,,,,0.0,,0.0,,0.0
,,,0.1238839253783226,,1.0,,,,,,,,,,,1.0,1.0,,,,,6118,,,,0.0,,0.0,,0.0
,,,0.1183035746216774,,1.0,,,,,,,,,,,1.0,1.0,,,,,6119,,,,0.0,,0.0,,0.0
,,,0.1123046875,,0.9921875,,,,,,,,,,,1.0,1.0,,,,,6120,,,,0.0,,0.0,,0.0
,,,0.13160854578018188,,0.9960629940032959,,,,,,,,,,,1.0,1.0,,,,,6121,,,,0.0,,0.0,,0.0
,,,0.1575520783662796,,0.9921875,,,,,,,,,,,1.0,1.0,,,,,6122,,,,0.0,,0.0,,0.0
,,,0.1350446492433548,,1.0,,,,,,,,,,,1.0,1.0,,,,,6123,,,,0.0,,0.0,,0.0
,,,0.18007662892341614,,1.0,,,,,,,,,,,1.0,1.0,,,,,6124,,,,0.0,,0.0,,0.0
,,,0.08124999701976776,,0.9765625,,,,,,,,,,,1.0,1.0,,,,,6125,,,,0.0,,0.0,,0.0
,,,0.1103515625,,0.984375,,,,,,,,,,,1.0,1.0,,,,,6126,,,,0.0,,0.0,,0.0
,,,0.22497250139713287,,1.0,,,,,,,,,,,1.0,1.0,,,,,6127,,,,0.0,,0.0,,0.0
,,,0.3151041567325592,,0.9921875,,,,,,,,,,,1.0,1.0,,,,,6128,,,,0.0,,0.0,,0.0
,,,0.1575520783662796,,1.0,,,,,,,,,,,1.0,1.0,,,,,6129,,,,0.0,,0.0,,0.0
,,,0.19921875,,0.9739583730697632,,,,,,,,,,,1.0,1.0,,,,,6130,,,,0.0,,0.0,,0.0
,,,0.0869140625,,0.9375,,,,,,,,,,,1.0,1.0,,,,,6131,,,,0.0,,0.0,,0.0
,,,0.07578124850988388,,0.9375,,,,,,,,,,,1.0,1.0,,,,,6132,,,,0.0,,0.0,,0.0
,,,0.21491852402687073,,0.9288482666015625,,,,,,,,,,,1.0,1.0,,,,,6133,,,,0.0,,0.0,,0.0
,,,0.14453125,,0.9921875,,,,,,,,,,,1.0,1.0,,,,,6134,,,,0.0,,0.0,,0.0
,,,0.1380208283662796,,0.984375,,,,,,,,,,,1.0,1.0,,,,,6135,,,,0.0,,0.0,,0.0
,,,0.25276023149490356,,0.991150438785553,,,,,,,,,,,1.0,1.0,,,,,6136,,,,0.0,,0.0,,0.0
,,,0.1006944477558136,,0.9765625,,,,,,,,,,,1.0,1.0,,,,,6137,,,,0.0,,0.0,,0.0
,,,0.15234375,,0.96875,,,,,,,,,,,1.0,1.0,,,,,6138,,,,0.0,,0.0,,0.0
,,,0.14888888597488403,,0.963131308555603,,,,,,,,,,,1.0,1.0,,,,,6139,,,,0.0,,0.0,,0.0
,,,0.0625,,0.984375,,,,,,,,,,,1.0,1.0,,,,,6140,,,,0.0,,0.0,,0.0
,,,0.0581597238779068,,0.984375,,,,,,,,,,,1.0,1.0,,,,,6141,,,,0.0,,0.0,,0.0
,,,0.1460905373096466,,0.9907407760620117,,,,,,,,,,,1.0,1.0,,,,,6142,,,,0.0,,0.0,,0.0
,,,0.1205357164144516,,0.9765625,,,,,,,,,,,1.0,1.0,,,,,6143,,,,0.0,,0.0,,0.0
,,,0.13671875,,1.0,,,,,,,,,,,1.0,1.0,,,,,6144,,,,0.0,,0.0,,0.0
,,,0.3427577018737793,,0.9768407344818115,,,,,,,,,,,1.0,1.0,,,,,6145,,,,0.0,,0.0,,0.0
,,,0.1261160671710968,,0.984375,,,,,,,,,,,1.0,1.0,,,,,6146,,,,0.0,,0.0,,0.0
,,,0.0998263880610466,,0.984375,,,,,,,,,,,1.0,1.0,,,,,6147,,,,0.0,,0.0,,0.0
,,,0.22707265615463257,,0.970588207244873,,,,,,,,,,,1.0,1.0,,,,,6148,,,,0.0,,0.0,,0.0
,,,0.1261160671710968,,1.0,,,,,,,,,,,1.0,1.0,,,,,6149,,,,0.0,,0.0,,0.0
,,,0.1216517835855484,,1.0,,,,,,,,,,,1.0,1.0,,,,,6150,,,,0.0,,0.0,,0.0
,,,0.3138611912727356,,0.9941860437393188,,,,,,,,,,,1.0,1.0,,,,,6151,,,,0.0,,0.0,,0.0
,,,0.11328125,,0.9921875,,,,,,,,,,,1.0,1.0,,,,,6152,,,,0.0,,0.0,,0.0
,,,0.1875,,0.9921875,,,,,,,,,,,1.0,1.0,,,,,6153,,,,0.0,,0.0,,0.0
,,,0.2676611542701721,,1.0,,,,,,,,,,,1.0,1.0,,,,,6154,,,,0.0,,0.0,,0.0
,,,0.0946180522441864,,1.0,,,,,,,,,,,1.0,1.0,,,,,6155,,,,0.0,,0.0,,0.0
,,,0.0920138880610466,,0.9765625,,,,,,,,,,,1.0,1.0,,,,,6156,,,,0.0,,0.0,,0.0
,,,0.2310267835855484,,1.0,,,,,,,,,,,1.0,1.0,,,,,6157,,,,0.0,,0.0,,0.0
,,,0.18281249701976776,,1.0,,,,,,,,,,,1.0,1.0,,,,,6158,,,,0.0,,0.0,,0.0
,,,0.18281249701976776,,0.9921875,,,,,,,,,,,1.0,1.0,,,,,6159,,,,0.0,,0.0,,0.0
,,,0.1959984451532364,,0.9090908765792847,,,,,,,,,,,1.0,1.0,,,,,6160,,,,0.0,,0.0,,0.0
,,,0.0850694477558136,,0.9609375,,,,,,,,,,,1.0,1.0,,,,,6161,,,,0.0,,0.0,,0.0
,,,0.06953124701976776,,0.921875,,,,,,,,,,,1.0,1.0,,,,,6162,,,,0.0,,0.0,,0.0
,,,0.08223971724510193,,0.9291338324546814,,,,,,,,,,,1.0,1.0,,,,,6163,,,,0.0,,0.0,,0.0
66,0.8347552418708801,0.8313587307929993,,0.9820988178253174,,,,,,,,,,,,,,206.8063507080078,658222.1875,5.331782817840576,380.4163513183594,14806,,,0.0,,0.0,,0.0,
66,,,,,,0.2887428104877472,,0.45823433995246887,,8.47458267211914,,,,,,,,,,,,14806,0.6428267955780029,,,,,,,
,,,,,,,,,,,,,,0.03,0.0004,,,,,,,14849,,,,,,,,
67,,,,,,,0.29098787903785706,,0.46969881653785706,,8.9375,0.00039999998989515007,0.029999999329447746,,,1.0,1.0,,,,,14849,,0.6450698971748352,,,,,,
,,,,,,,,,,,,,,0.03,0.0004,,,,,,,14899,,,,,,,,
67,,,,,,,0.2638165354728699,,0.4400860667228699,,8.8125,0.00039999998989515007,0.029999999329447746,,,1.0,1.0,,,,,14899,,0.8591617345809937,,,,,,
,,,,,,,,,,,,,,0.03,0.0004,,,,,,,14949,,,,,,,,
67,,,,,,,0.2792894244194031,,0.4376146197319031,,7.91796875,0.00039999998989515007,0.029999999329447746,,,1.0,1.0,,,,,14949,,0.6282160878181458,,,,,,
,,,,,,,,,,,,,,0.03,0.0004,,,,,,,14999,,,,,,,,
67,,,,,,,0.2899306118488312,,0.4482558071613312,,7.91796875,0.00039999998989515007,0.029999999329447746,,,1.0,1.0,,,,,14999,,0.7237033247947693,,,,,,
,,,0.0792410746216774,,0.921875,,,,,,,,,,,1.0,1.0,,,,,6164,,,,0.0,,0.0,,0.0
,,,0.0837053582072258,,0.9375,,,,,,,,,,,1.0,1.0,,,,,6165,,,,0.0,,0.0,,0.0
,,,0.18908140063285828,,0.9554455280303955,,,,,,,,,,,1.0,1.0,,,,,6166,,,,0.0,,0.0,,0.0
,,,0.18906250596046448,,1.0,,,,,,,,,,,1.0,1.0,,,,,6167,,,,0.0,,0.0,,0.0
,,,0.18281249701976776,,1.0,,,,,,,,,,,1.0,1.0,,,,,6168,,,,0.0,,0.0,,0.0
,,,0.40785256028175354,,0.995192289352417,,,,,,,,,,,1.0,1.0,,,,,6169,,,,0.0,,0.0,,0.0
,,,0.0908203125,,1.0,,,,,,,,,,,1.0,1.0,,,,,6170,,,,0.0,,0.0,,0.0
,,,0.109375,,1.0,,,,,,,,,,,1.0,1.0,,,,,6171,,,,0.0,,0.0,,0.0
,,,0.1804840862751007,,0.9772727489471436,,,,,,,,,,,1.0,1.0,,,,,6172,,,,0.0,,0.0,,0.0
,,,0.14453125,,0.9921875,,,,,,,,,,,1.0,1.0,,,,,6173,,,,0.0,,0.0,,0.0
,,,0.1484375,,0.9765625,,,,,,,,,,,1.0,1.0,,,,,6174,,,,0.0,,0.0,,0.0
,,,0.17656250298023224,,0.984375,,,,,,,,,,,1.0,1.0,,,,,6175,,,,0.0,,0.0,,0.0
,,,0.2644444406032562,,0.9959999918937683,,,,,,,,,,,1.0,1.0,,,,,6176,,,,0.0,,0.0,,0.0
,,,0.15625,,0.9921875,,,,,,,,,,,1.0,1.0,,,,,6177,,,,0.0,,0.0,,0.0
,,,0.111328125,,0.9921875,,,,,,,,,,,1.0,1.0,,,,,6178,,,,0.0,,0.0,,0.0
,,,0.20751634240150452,,1.0,,,,,,,,,,,1.0,1.0,,,,,6179,,,,0.0,,0.0,,0.0
,,,0.1238839253783226,,0.9921875,,,,,,,,,,,1.0,1.0,,,,,6180,,,,0.0,,0.0,,0.0
,,,0.14453125,,1.0,,,,,,,,,,,1.0,1.0,,,,,6181,,,,0.0,,0.0,,0.0
,,,0.29870128631591797,,0.9886363744735718,,,,,,,,,,,1.0,1.0,,,,,6182,,,,0.0,,0.0,,0.0
,,,0.14453125,,0.9921875,,,,,,,,,,,1.0,1.0,,,,,6183,,,,0.0,,0.0,,0.0
,,,0.109375,,0.9765625,,,,,,,,,,,1.0,1.0,,,,,6184,,,,0.0,,0.0,,0.0
,,,0.21996086835861206,,0.965753436088562,,,,,,,,,,,1.0,1.0,,,,,6185,,,,0.0,,0.0,,0.0
,,,0.1037946417927742,,0.953125,,,,,,,,,,,1.0,1.0,,,,,6186,,,,0.0,,0.0,,0.0
,,,0.0850694477558136,,0.9375,,,,,,,,,,,1.0,1.0,,,,,6187,,,,0.0,,0.0,,0.0
,,,0.16042692959308624,,0.9182265996932983,,,,,,,,,,,1.0,1.0,,,,,6188,,,,0.0,,0.0,,0.0
,,,0.1223958358168602,,0.9609375,,,,,,,,,,,1.0,1.0,,,,,6189,,,,0.0,,0.0,,0.0
,,,0.1236979141831398,,0.96875,,,,,,,,,,,1.0,1.0,,,,,6190,,,,0.0,,0.0,,0.0
,,,0.199182391166687,,0.9800000190734863,,,,,,,,,,,1.0,1.0,,,,,6191,,,,0.0,,0.0,,0.0
,,,0.3151041567325592,,1.0,,,,,,,,,,,1.0,1.0,,,,,6192,,,,0.0,,0.0,,0.0
,,,0.10546875,,1.0,,,,,,,,,,,1.0,1.0,,,,,6193,,,,0.0,,0.0,,0.0
,,,0.20574554800987244,,0.9708617925643921,,,,,,,,,,,1.0,1.0,,,,,6194,,,,0.0,,0.0,,0.0
,,,0.09765625,,0.90625,,,,,,,,,,,1.0,1.0,,,,,6195,,,,0.0,,0.0,,0.0
,,,0.0825892835855484,,0.921875,,,,,,,,,,,1.0,1.0,,,,,6196,,,,0.0,,0.0,,0.0
,,,0.22828993201255798,,0.9741379022598267,,,,,,,,,,,1.0,1.0,,,,,6197,,,,0.0,,0.0,,0.0
,,,0.1549479216337204,,1.0,,,,,,,,,,,1.0,1.0,,,,,6198,,,,0.0,,0.0,,0.0
,,,0.23046875,,1.0,,,,,,,,,,,1.0,1.0,,,,,6199,,,,0.0,,0.0,,0.0
,,,0.2671886384487152,,0.9918032884597778,,,,,,,,,,,1.0,1.0,,,,,6200,,,,0.0,,0.0,,0.0
,,,0.09765625,,1.0,,,,,,,,,,,1.0,1.0,,,,,6201,,,,0.0,,0.0,,0.0
,,,0.087890625,,0.9921875,,,,,,,,,,,1.0,1.0,,,,,6202,,,,0.0,,0.0,,0.0
,,,0.19487179815769196,,1.0,,,,,,,,,,,1.0,1.0,,,,,6203,,,,0.0,,0.0,,0.0
,,,0.1471354216337204,,0.984375,,,,,,,,,,,1.0,1.0,,,,,6204,,,,0.0,,0.0,,0.0
,,,0.18125000596046448,,0.9921875,,,,,,,,,,,1.0,1.0,,,,,6205,,,,0.0,,0.0,,0.0
,,,0.29356059432029724,,0.9761363863945007,,,,,,,,,,,1.0,1.0,,,,,6206,,,,0.0,,0.0,,0.0
,,,0.15625,,1.0,,,,,,,,,,,1.0,1.0,,,,,6207,,,,0.0,,0.0,,0.0
,,,0.1316964328289032,,0.984375,,,,,,,,,,,1.0,1.0,,,,,6208,,,,0.0,,0.0,,0.0
,,,0.24378687143325806,,1.0,,,,,,,,,,,1.0,1.0,,,,,6209,,,,0.0,,0.0,,0.0
,,,0.1123046875,,1.0,,,,,,,,,,,1.0,1.0,,,,,6210,,,,0.0,,0.0,,0.0
,,,0.1238839253783226,,0.9921875,,,,,,,,,,,1.0,1.0,,,,,6211,,,,0.0,,0.0,,0.0
,,,0.17343750596046448,,1.0,,,,,,,,,,,1.0,1.0,,,,,6212,,,,0.0,,0.0,,0.0
,,,0.31496062874794006,,0.9960629940032959,,,,,,,,,,,1.0,1.0,,,,,6213,,,,0.0,,0.0,,0.0
,,,0.1432291716337204,,0.9765625,,,,,,,,,,,1.0,1.0,,,,,6214,,,,0.0,,0.0,,0.0
,,,0.1205357164144516,,0.9921875,,,,,,,,,,,1.0,1.0,,,,,6215,,,,0.0,,0.0,,0.0
,,,0.20484399795532227,,0.9698275923728943,,,,,,,,,,,1.0,1.0,,,,,6216,,,,0.0,,0.0,,0.0
,,,0.1037946417927742,,0.9375,,,,,,,,,,,1.0,1.0,,,,,6217,,,,0.0,,0.0,,0.0
,,,0.0876736119389534,,0.96875,,,,,,,,,,,1.0,1.0,,,,,6218,,,,0.0,,0.0,,0.0
,,,0.1875687539577484,,0.9283095002174377,,,,,,,,,,,1.0,1.0,,,,,6219,,,,0.0,,0.0,,0.0
,,,0.1236979141831398,,0.96875,,,,,,,,,,,1.0,1.0,,,,,6220,,,,0.0,,0.0,,0.0
,,,0.12109375,,0.96875,,,,,,,,,,,1.0,1.0,,,,,6221,,,,0.0,,0.0,,0.0
,,,0.2321428656578064,,0.96875,,,,,,,,,,,1.0,1.0,,,,,6222,,,,0.0,,0.0,,0.0
,,,0.1497395783662796,,1.0,,,,,,,,,,,1.0,1.0,,,,,6223,,,,0.0,,0.0,,0.0
,,,0.14453125,,0.9921875,,,,,,,,,,,1.0,1.0,,,,,6224,,,,0.0,,0.0,,0.0
,,,0.19894003868103027,,0.9593023061752319,,,,,,,,,,,1.0,1.0,,,,,6225,,,,0.0,,0.0,,0.0
,,,0.1041666641831398,,0.9140625,,,,,,,,,,,1.0,1.0,,,,,6226,,,,0.0,,0.0,,0.0
,,,0.0642361119389534,,0.921875,,,,,,,,,,,1.0,1.0,,,,,6227,,,,0.0,,0.0,,0.0
,,,0.1983775794506073,,1.0,,,,,,,,,,,1.0,1.0,,,,,6228,,,,0.0,,0.0,,0.0
,,,0.1875,,1.0,,,,,,,,,,,1.0,1.0,,,,,6229,,,,0.0,,0.0,,0.0
,,,0.234375,,0.9921875,,,,,,,,,,,1.0,1.0,,,,,6230,,,,0.0,,0.0,,0.0
,,,0.2321789413690567,,1.0,,,,,,,,,,,1.0,1.0,,,,,6231,,,,0.0,,0.0,,0.0
,,,0.0966796875,,1.0,,,,,,,,,,,1.0,1.0,,,,,6232,,,,0.0,,0.0,,0.0
,,,0.0720486119389534,,0.9921875,,,,,,,,,,,1.0,1.0,,,,,6233,,,,0.0,,0.0,,0.0
,,,0.27839505672454834,,0.9953703880310059,,,,,,,,,,,1.0,1.0,,,,,6234,,,,0.0,,0.0,,0.0
,,,0.1497395783662796,,0.984375,,,,,,,,,,,1.0,1.0,,,,,6235,,,,0.0,,0.0,,0.0
,,,0.22265625,,1.0,,,,,,,,,,,1.0,1.0,,,,,6236,,,,0.0,,0.0,,0.0
,,,0.3653547465801239,,0.971753716468811,,,,,,,,,,,1.0,1.0,,,,,6237,,,,0.0,,0.0,,0.0
,,,0.18906250596046448,,0.9921875,,,,,,,,,,,1.0,1.0,,,,,6238,,,,0.0,,0.0,,0.0
,,,0.1305803507566452,,0.9921875,,,,,,,,,,,1.0,1.0,,,,,6239,,,,0.0,,0.0,,0.0
,,,0.21823275089263916,,1.0,,,,,,,,,,,1.0,1.0,,,,,6240,,,,0.0,,0.0,,0.0
,,,0.1272321492433548,,0.9921875,,,,,,,,,,,1.0,1.0,,,,,6241,,,,0.0,,0.0,,0.0
,,,0.1216517835855484,,1.0,,,,,,,,,,,1.0,1.0,,,,,6242,,,,0.0,,0.0,,0.0
,,,0.2640404999256134,,1.0,,,,,,,,,,,1.0,1.0,,,,,6243,,,,0.0,,0.0,,0.0
,,,0.1194196417927742,,0.984375,,,,,,,,,,,1.0,1.0,,,,,6244,,,,0.0,,0.0,,0.0
,,,0.1471354216337204,,0.9765625,,,,,,,,,,,1.0,1.0,,,,,6245,,,,0.0,,0.0,,0.0
,,,0.25146088004112244,,0.9838709831237793,,,,,,,,,,,1.0,1.0,,,,,6246,,,,0.0,,0.0,,0.0
,,,0.1037946417927742,,0.953125,,,,,,,,,,,1.0,1.0,,,,,6247,,,,0.0,,0.0,,0.0
,,,0.0859375,,0.9296875,,,,,,,,,,,1.0,1.0,,,,,6248,,,,0.0,,0.0,,0.0
,,,0.1964285671710968,,0.9866071343421936,,,,,,,,,,,1.0,1.0,,,,,6249,,,,0.0,,0.0,,0.0
,,,0.12109375,,0.9453125,,,,,,,,,,,1.0,1.0,,,,,6250,,,,0.0,,0.0,,0.0
,,,0.1223958358168602,,0.9609375,,,,,,,,,,,1.0,1.0,,,,,6251,,,,0.0,,0.0,,0.0
,,,0.20890220999717712,,0.9829059839248657,,,,,,,,,,,1.0,1.0,,,,,6252,,,,0.0,,0.0,,0.0
,,,0.18281249701976776,,1.0,,,,,,,,,,,1.0,1.0,,,,,6253,,,,0.0,,0.0,,0.0
,,,0.125,,1.0,,,,,,,,,,,1.0,1.0,,,,,6254,,,,0.0,,0.0,,0.0
,,,0.14960630238056183,,0.9921259880065918,,,,,,,,,,,1.0,1.0,,,,,6255,,,,0.0,,0.0,,0.0
67,0.836047351360321,0.8150198459625244,,0.978368878364563,,,,,,,,,,,,,,207.29258728027344,260414.15625,5.334131240844727,375.22015380859375,15027,,,0.0,,0.0,,0.0,
67,,,,,,0.28630292415618896,,0.4558021128177643,,8.474953651428223,,,,,,,,,,,,15027,0.6274117231369019,,,,,,,
,,,,,,,,,,,,,,0.03,0.0004,,,,,,,15049,,,,,,,,
68,,,,,,,0.28466224670410156,,0.45873451232910156,,8.703125,0.00039999998989515007,0.029999999329447746,,,1.0,1.0,,,,,15049,,0.6254094839096069,,,,,,
,,,,,,,,,,,,,,0.03,0.0004,,,,,,,15099,,,,,,,,
68,,,,,,,0.2568678855895996,,0.4321608543395996,,8.765625,0.00039999998989515007,0.029999999329447746,,,1.0,1.0,,,,,15099,,0.7308368682861328,,,,,,
,,,,,,,,,,,,,,0.03,0.0004,,,,,,,15149,,,,,,,,
68,,,,,,,0.2828163504600525,,0.4692177176475525,,9.3203125,0.00039999998989515007,0.029999999329447746,,,1.0,1.0,,,,,15149,,0.5536623001098633,,,,,,
,,,,,,,,,,,,,,0.03,0.0004,,,,,,,15199,,,,,,,,
68,,,,,,,0.2842598855495453,,0.4567452371120453,,8.625,0.00039999998989515007,0.029999999329447746,,,1.0,1.0,,,,,15199,,0.42318201065063477,,,,,,
,,,0.09765625,,0.953125,,,,,,,,,,,1.0,1.0,,,,,6256,,,,0.0,,0.0,,0.0
,,,0.1183035746216774,,1.0,,,,,,,,,,,1.0,1.0,,,,,6257,,,,0.0,,0.0,,0.0
,,,0.18978935480117798,,0.9616795182228088,,,,,,,,,,,1.0,1.0,,,,,6258,,,,0.0,,0.0,,0.0
,,,0.1549479216337204,,0.9921875,,,,,,,,,,,1.0,1.0,,,,,6259,,,,0.0,,0.0,,0.0
,,,0.18281249701976776,,0.9921875,,,,,,,,,,,1.0,1.0,,,,,6260,,,,0.0,,0.0,,0.0
,,,0.2820512652397156,,0.990384578704834,,,,,,,,,,,1.0,1.0,,,,,6261,,,,0.0,,0.0,,0.0
,,,0.07734374701976776,,0.9921875,,,,,,,,,,,1.0,1.0,,,,,6262,,,,0.0,,0.0,,0.0
,,,0.0850694477558136,,1.0,,,,,,,,,,,1.0,1.0,,,,,6263,,,,0.0,,0.0,,0.0
,,,0.18172289431095123,,0.9952830076217651,,,,,,,,,,,1.0,1.0,,,,,6264,,,,0.0,,0.0,,0.0
,,,0.1549479216337204,,1.0,,,,,,,,,,,1.0,1.0,,,,,6265,,,,0.0,,0.0,,0.0
,,,0.1549479216337204,,0.9765625,,,,,,,,,,,1.0,1.0,,,,,6266,,,,0.0,,0.0,,0.0
,,,0.1497395783662796,,0.9921875,,,,,,,,,,,1.0,1.0,,,,,6267,,,,0.0,,0.0,,0.0
,,,0.17362964153289795,,0.9880000352859497,,,,,,,,,,,1.0,1.0,,,,,6268,,,,0.0,,0.0,,0.0
,,,0.11328125,,0.9921875,,,,,,,,,,,1.0,1.0,,,,,6269,,,,0.0,,0.0,,0.0
,,,0.111328125,,0.984375,,,,,,,,,,,1.0,1.0,,,,,6270,,,,0.0,,0.0,,0.0
,,,0.23262639343738556,,0.9915966391563416,,,,,,,,,,,1.0,1.0,,,,,6271,,,,0.0,,0.0,,0.0
,,,0.0888671875,,0.96875,,,,,,,,,,,1.0,1.0,,,,,6272,,,,0.0,,0.0,,0.0
,,,0.0789930522441864,,0.96875,,,,,,,,,,,1.0,1.0,,,,,6273,,,,0.0,,0.0,,0.0
,,,0.15638528764247894,,0.9659091234207153,,,,,,,,,,,1.0,1.0,,,,,6274,,,,0.0,,0.0,,0.0
,,,0.1238839253783226,,1.0,,,,,,,,,,,1.0,1.0,,,,,6275,,,,0.0,,0.0,,0.0
,,,0.1272321492433548,,0.984375,,,,,,,,,,,1.0,1.0,,,,,6276,,,,0.0,,0.0,,0.0
,,,0.21924033761024475,,0.9931507110595703,,,,,,,,,,,1.0,1.0,,,,,6277,,,,0.0,,0.0,,0.0
,,,0.0911458358168602,,0.9921875,,,,,,,,,,,1.0,1.0,,,,,6278,,,,0.0,,0.0,,0.0
,,,0.109375,,0.9609375,,,,,,,,,,,1.0,1.0,,,,,6279,,,,0.0,,0.0,,0.0
,,,0.21490147709846497,,0.982758641242981,,,,,,,,,,,1.0,1.0,,,,,6280,,,,0.0,,0.0,,0.0
,,,0.1549479216337204,,0.9765625,,,,,,,,,,,1.0,1.0,,,,,6281,,,,0.0,,0.0,,0.0
,,,0.1305803507566452,,0.9921875,,,,,,,,,,,1.0,1.0,,,,,6282,,,,0.0,,0.0,,0.0
,,,0.24542677402496338,,0.9905660152435303,,,,,,,,,,,1.0,1.0,,,,,6283,,,,0.0,,0.0,,0.0
,,,0.1272321492433548,,0.984375,,,,,,,,,,,1.0,1.0,,,,,6284,,,,0.0,,0.0,,0.0
,,,0.0902777761220932,,0.9765625,,,,,,,,,,,1.0,1.0,,,,,6285,,,,0.0,,0.0,,0.0
,,,0.18844810128211975,,0.9764705896377563,,,,,,,,,,,1.0,1.0,,,,,6286,,,,0.0,,0.0,,0.0
,,,0.09765625,,0.953125,,,,,,,,,,,1.0,1.0,,,,,6287,,,,0.0,,0.0,,0.0
,,,0.1138392835855484,,0.9765625,,,,,,,,,,,1.0,1.0,,,,,6288,,,,0.0,,0.0,,0.0
,,,0.22130542993545532,,0.984236478805542,,,,,,,,,,,1.0,1.0,,,,,6289,,,,0.0,,0.0,,0.0
,,,0.1294642835855484,,0.9921875,,,,,,,,,,,1.0,1.0,,,,,6290,,,,0.0,,0.0,,0.0
,,,0.15234375,,0.9921875,,,,,,,,,,,1.0,1.0,,,,,6291,,,,0.0,,0.0,,0.0
,,,0.18840225040912628,,0.9843406081199646,,,,,,,,,,,1.0,1.0,,,,,6292,,,,0.0,,0.0,,0.0
,,,0.0868055522441864,,1.0,,,,,,,,,,,1.0,1.0,,,,,6293,,,,0.0,,0.0,,0.0
,,,0.0859375,,0.9921875,,,,,,,,,,,1.0,1.0,,,,,6294,,,,0.0,,0.0,,0.0
,,,0.18192918598651886,,1.0,,,,,,,,,,,1.0,1.0,,,,,6295,,,,0.0,,0.0,,0.0
,,,0.1549479216337204,,1.0,,,,,,,,,,,1.0,1.0,,,,,6296,,,,0.0,,0.0,,0.0
,,,0.236328125,,0.9921875,,,,,,,,,,,1.0,1.0,,,,,6297,,,,0.0,,0.0,,0.0
,,,0.25681817531585693,,0.9818181991577148,,,,,,,,,,,1.0,1.0,,,,,6298,,,,0.0,,0.0,,0.0
,,,0.1316964328289032,,0.9765625,,,,,,,,,,,1.0,1.0,,,,,6299,,,,0.0,,0.0,,0.0
,,,0.1123046875,,0.9921875,,,,,,,,,,,1.0,1.0,,,,,6300,,,,0.0,,0.0,,0.0
,,,0.1962609589099884,,0.9799749851226807,,,,,,,,,,,1.0,1.0,,,,,6301,,,,0.0,,0.0,,0.0
,,,0.1049107164144516,,0.9765625,,,,,,,,,,,1.0,1.0,,,,,6302,,,,0.0,,0.0,,0.0
,,,0.0888671875,,0.9765625,,,,,,,,,,,1.0,1.0,,,,,6303,,,,0.0,,0.0,,0.0
,,,0.0789930522441864,,0.953125,,,,,,,,,,,1.0,1.0,,,,,6304,,,,0.0,,0.0,,0.0
,,,0.11122047156095505,,1.0,,,,,,,,,,,1.0,1.0,,,,,6305,,,,0.0,,0.0,,0.0
,,,0.1484375,,0.984375,,,,,,,,,,,1.0,1.0,,,,,6306,,,,0.0,,0.0,,0.0
,,,0.125,,1.0,,,,,,,,,,,1.0,1.0,,,,,6307,,,,0.0,,0.0,,0.0
,,,0.20258620381355286,,1.0,,,,,,,,,,,1.0,1.0,,,,,6308,,,,0.0,,0.0,,0.0
,,,0.08046875149011612,,0.96875,,,,,,,,,,,1.0,1.0,,,,,6309,,,,0.0,,0.0,,0.0
,,,0.1083984375,,0.9921875,,,,,,,,,,,1.0,1.0,,,,,6310,,,,0.0,,0.0,,0.0
,,,0.22125962376594543,,0.985148549079895,,,,,,,,,,,1.0,1.0,,,,,6311,,,,0.0,,0.0,,0.0
,,,0.15625,,0.984375,,,,,,,,,,,1.0,1.0,,,,,6312,,,,0.0,,0.0,,0.0
,,,0.15234375,,0.9921875,,,,,,,,,,,1.0,1.0,,,,,6313,,,,0.0,,0.0,,0.0
,,,0.2881944477558136,,0.9895833730697632,,,,,,,,,,,1.0,1.0,,,,,6314,,,,0.0,,0.0,,0.0
,,,0.1015625,,0.9765625,,,,,,,,,,,1.0,1.0,,,,,6315,,,,0.0,,0.0,,0.0
,,,0.109375,,0.9765625,,,,,,,,,,,1.0,1.0,,,,,6316,,,,0.0,,0.0,,0.0
,,,0.2371460199356079,,0.9526578187942505,,,,,,,,,,,1.0,1.0,,,,,6317,,,,0.0,,0.0,,0.0
,,,0.1171875,,0.96875,,,,,,,,,,,1.0,1.0,,,,,6318,,,,0.0,,0.0,,0.0
,,,0.0986328125,,0.9765625,,,,,,,,,,,1.0,1.0,,,,,6319,,,,0.0,,0.0,,0.0
,,,0.21172566711902618,,0.991150438785553,,,,,,,,,,,1.0,1.0,,,,,6320,,,,0.0,,0.0,,0.0
,,,0.15234375,,1.0,,,,,,,,,,,1.0,1.0,,,,,6321,,,,0.0,,0.0,,0.0
,,,0.1536458283662796,,0.984375,,,,,,,,,,,1.0,1.0,,,,,6322,,,,0.0,,0.0,,0.0
,,,0.1907968521118164,,0.9954545497894287,,,,,,,,,,,1.0,1.0,,,,,6323,,,,0.0,,0.0,,0.0
,,,0.078125,,1.0,,,,,,,,,,,1.0,1.0,,,,,6324,,,,0.0,,0.0,,0.0
,,,0.087890625,,0.9921875,,,,,,,,,,,1.0,1.0,,,,,6325,,,,0.0,,0.0,,0.0
,,,0.29598766565322876,,1.0,,,,,,,,,,,1.0,1.0,,,,,6326,,,,0.0,,0.0,,0.0
,,,0.1536458283662796,,0.9921875,,,,,,,,,,,1.0,1.0,,,,,6327,,,,0.0,,0.0,,0.0
,,,0.236328125,,1.0,,,,,,,,,,,1.0,1.0,,,,,6328,,,,0.0,,0.0,,0.0
,,,0.25461846590042114,,0.9828647971153259,,,,,,,,,,,1.0,1.0,,,,,6329,,,,0.0,,0.0,,0.0
,,,0.1305803507566452,,0.9765625,,,,,,,,,,,1.0,1.0,,,,,6330,,,,0.0,,0.0,,0.0
,,,0.111328125,,0.9921875,,,,,,,,,,,1.0,1.0,,,,,6331,,,,0.0,,0.0,,0.0
,,,0.18102595210075378,,0.983702540397644,,,,,,,,,,,1.0,1.0,,,,,6332,,,,0.0,,0.0,,0.0
,,,0.1197916641831398,,0.96875,,,,,,,,,,,1.0,1.0,,,,,6333,,,,0.0,,0.0,,0.0
,,,0.0815972238779068,,0.96875,,,,,,,,,,,1.0,1.0,,,,,6334,,,,0.0,,0.0,,0.0
,,,0.16267997026443481,,0.9767441749572754,,,,,,,,,,,1.0,1.0,,,,,6335,,,,0.0,,0.0,,0.0
,,,0.1064453125,,0.9921875,,,,,,,,,,,1.0,1.0,,,,,6336,,,,0.0,,0.0,,0.0
,,,0.17656250298023224,,0.984375,,,,,,,,,,,1.0,1.0,,,,,6337,,,,0.0,,0.0,,0.0
,,,0.22647157311439514,,1.0,,,,,,,,,,,1.0,1.0,,,,,6338,,,,0.0,,0.0,,0.0
,,,0.1064453125,,1.0,,,,,,,,,,,1.0,1.0,,,,,6339,,,,0.0,,0.0,,0.0
,,,0.0902777761220932,,0.9609375,,,,,,,,,,,1.0,1.0,,,,,6340,,,,0.0,,0.0,,0.0
,,,0.2332589328289032,,1.0,,,,,,,,,,,1.0,1.0,,,,,6341,,,,0.0,,0.0,,0.0
,,,0.1471354216337204,,0.9765625,,,,,,,,,,,1.0,1.0,,,,,6342,,,,0.0,,0.0,,0.0
,,,0.1549479216337204,,0.9765625,,,,,,,,,,,1.0,1.0,,,,,6343,,,,0.0,,0.0,,0.0
,,,0.23332223296165466,,0.9502719640731812,,,,,,,,,,,1.0,1.0,,,,,6344,,,,0.0,,0.0,,0.0
,,,0.1238839253783226,,0.984375,,,,,,,,,,,1.0,1.0,,,,,6345,,,,0.0,,0.0,,0.0
,,,0.0911458358168602,,0.9765625,,,,,,,,,,,1.0,1.0,,,,,6346,,,,0.0,,0.0,,0.0
,,,0.1271091103553772,,0.960629940032959,,,,,,,,,,,1.0,1.0,,,,,6347,,,,0.0,,0.0,,0.0
68,0.8318301439285278,0.8511197566986084,,0.9840149879455566,,,,,,,,,,,,,,208.27574157714844,454169.6875,5.338862895965576,380.4768981933594,15248,,,0.0,,0.0,,0.0,
68,,,,,,0.2838062047958374,,0.45266544818878174,,8.442855834960938,,,,,,,,,,,,15248,0.6462340950965881,,,,,,,
,,,,,,,,,,,,,,0.03,0.0004,,,,,,,15249,,,,,,,,
69,,,,,,,0.25406414270401,,0.42703777551651,,8.6484375,0.00039999998989515007,0.029999999329447746,,,,,,,,,15249,,0.42956510186195374,,,,,,
,,,,,,,,,,,,,,0.03,0.0004,,,,,,,15299,,,,,,,,
69,,,,,,,0.2769112288951874,,0.4514717757701874,,8.7265625,0.00039999998989515007,0.029999999329447746,,,1.0,1.0,,,,,15299,,0.6355488300323486,,,,,,
,,,,,,,,,,,,,,0.03,0.0004,,,,,,,15349,,,,,,,,
69,,,,,,,0.2853884994983673,,0.4540896713733673,,8.4375,0.00039999998989515007,0.029999999329447746,,,1.0,1.0,,,,,15349,,0.365378201007843,,,,,,
,,,,,,,,,,,,,,0.03,0.0004,,,,,,,15399,,,,,,,,
69,,,,,,,0.28753119707107544,,0.45476752519607544,,8.359375,0.00039999998989515007,0.029999999329447746,,,1.0,1.0,,,,,15399,,0.6122210025787354,,,,,,
,,,,,,,,,,,,,,0.03,0.0004,,,,,,,15449,,,,,,,,
69,,,,,,,0.2797757387161255,,0.4359036684036255,,7.8046875,0.00039999998989515007,0.029999999329447746,,,1.0,1.0,,,,,15449,,0.5940617918968201,,,,,,
,,,0.1432291716337204,,1.0,,,,,,,,,,,1.0,1.0,,,,,6348,,,,0.0,,0.0,,0.0
,,,0.1261160671710968,,1.0,,,,,,,,,,,1.0,1.0,,,,,6349,,,,0.0,,0.0,,0.0
,,,0.16241291165351868,,0.9715805053710938,,,,,,,,,,,1.0,1.0,,,,,6350,,,,0.0,,0.0,,0.0
,,,0.18593749403953552,,1.0,,,,,,,,,,,1.0,1.0,,,,,6351,,,,0.0,,0.0,,0.0
,,,0.1471354216337204,,1.0,,,,,,,,,,,1.0,1.0,,,,,6352,,,,0.0,,0.0,,0.0
,,,0.21434295177459717,,0.990384578704834,,,,,,,,,,,1.0,1.0,,,,,6353,,,,0.0,,0.0,,0.0
,,,0.07890625298023224,,0.9921875,,,,,,,,,,,1.0,1.0,,,,,6354,,,,0.0,,0.0,,0.0
,,,0.0876736119389534,,1.0,,,,,,,,,,,1.0,1.0,,,,,6355,,,,0.0,,0.0,,0.0
,,,0.16903945803642273,,0.9952830076217651,,,,,,,,,,,1.0,1.0,,,,,6356,,,,0.0,,0.0,,0.0
,,,0.19062499701976776,,1.0,,,,,,,,,,,1.0,1.0,,,,,6357,,,,0.0,,0.0,,0.0
,,,0.1875,,0.984375,,,,,,,,,,,1.0,1.0,,,,,6358,,,,0.0,,0.0,,0.0
,,,0.1361607164144516,,1.0,,,,,,,,,,,1.0,1.0,,,,,6359,,,,0.0,,0.0,,0.0
,,,0.22438094019889832,,0.9959999918937683,,,,,,,,,,,1.0,1.0,,,,,6360,,,,0.0,,0.0,,0.0
,,,0.1294642835855484,,0.9921875,,,,,,,,,,,1.0,1.0,,,,,6361,,,,0.0,,0.0,,0.0
,,,0.1471354216337204,,0.9765625,,,,,,,,,,,1.0,1.0,,,,,6362,,,,0.0,,0.0,,0.0
,,,0.23742830753326416,,0.9915966391563416,,,,,,,,,,,1.0,1.0,,,,,6363,,,,0.0,,0.0,,0.0
,,,0.1005859375,,0.9765625,,,,,,,,,,,1.0,1.0,,,,,6364,,,,0.0,,0.0,,0.0
,,,0.07500000298023224,,0.9765625,,,,,,,,,,,1.0,1.0,,,,,6365,,,,0.0,,0.0,,0.0
,,,0.23979592323303223,,0.9713203310966492,,,,,,,,,,,1.0,1.0,,,,,6366,,,,0.0,,0.0,,0.0
,,,0.1227678582072258,,0.9921875,,,,,,,,,,,1.0,1.0,,,,,6367,,,,0.0,,0.0,,0.0
,,,0.1484375,,0.9765625,,,,,,,,,,,1.0,1.0,,,,,6368,,,,0.0,,0.0,,0.0
,,,0.2538338303565979,,0.9909090995788574,,,,,,,,,,,1.0,1.0,,,,,6369,,,,0.0,,0.0,,0.0
,,,0.1238839253783226,,1.0,,,,,,,,,,,1.0,1.0,,,,,6370,,,,0.0,,0.0,,0.0
,,,0.1510416716337204,,0.9765625,,,,,,,,,,,1.0,1.0,,,,,6371,,,,0.0,,0.0,,0.0
,,,0.1743842363357544,,0.9482758641242981,,,,,,,,,,,1.0,1.0,,,,,6372,,,,0.0,,0.0,,0.0
,,,0.087890625,,0.96875,,,,,,,,,,,1.0,1.0,,,,,6373,,,,0.0,,0.0,,0.0
,,,0.087890625,,0.9453125,,,,,,,,,,,1.0,1.0,,,,,6374,,,,0.0,,0.0,,0.0
,,,0.14613837003707886,,0.9866666793823242,,,,,,,,,,,1.0,1.0,,,,,6375,,,,0.0,,0.0,,0.0
,,,0.1183035746216774,,0.984375,,,,,,,,,,,1.0,1.0,,,,,6376,,,,0.0,,0.0,,0.0
,,,0.1149553582072258,,0.984375,,,,,,,,,,,1.0,1.0,,,,,6377,,,,0.0,,0.0,,0.0
,,,0.21347469091415405,,0.9882352948188782,,,,,,,,,,,1.0,1.0,,,,,6378,,,,0.0,,0.0,,0.0
,,,0.125,,1.0,,,,,,,,,,,1.0,1.0,,,,,6379,,,,0.0,,0.0,,0.0
,,,0.103515625,,0.984375,,,,,,,,,,,1.0,1.0,,,,,6380,,,,0.0,,0.0,,0.0
,,,0.21594828367233276,,0.9928570985794067,,,,,,,,,,,1.0,1.0,,,,,6381,,,,0.0,,0.0,,0.0
,,,0.1484375,,0.9921875,,,,,,,,,,,1.0,1.0,,,,,6382,,,,0.0,,0.0,,0.0
,,,0.18437500298023224,,1.0,,,,,,,,,,,1.0,1.0,,,,,6383,,,,0.0,,0.0,,0.0
,,,0.18807601928710938,,0.9761438369750977,,,,,,,,,,,1.0,1.0,,,,,6384,,,,0.0,,0.0,,0.0
,,,0.0885416641831398,,1.0,,,,,,,,,,,1.0,1.0,,,,,6385,,,,0.0,,0.0,,0.0
,,,0.0833333358168602,,0.9921875,,,,,,,,,,,1.0,1.0,,,,,6386,,,,0.0,,0.0,,0.0
,,,0.18540224432945251,,1.0,,,,,,,,,,,1.0,1.0,,,,,6387,,,,0.0,,0.0,,0.0
,,,0.18906250596046448,,0.9921875,,,,,,,,,,,1.0,1.0,,,,,6388,,,,0.0,,0.0,,0.0
,,,0.240234375,,0.9921875,,,,,,,,,,,1.0,1.0,,,,,6389,,,,0.0,,0.0,,0.0
,,,0.20075757801532745,,0.987500011920929,,,,,,,,,,,1.0,1.0,,,,,6390,,,,0.0,,0.0,,0.0
,,,0.1283482164144516,,0.984375,,,,,,,,,,,1.0,1.0,,,,,6391,,,,0.0,,0.0,,0.0
,,,0.1536458283662796,,1.0,,,,,,,,,,,1.0,1.0,,,,,6392,,,,0.0,,0.0,,0.0
,,,0.20361389219760895,,0.9799749851226807,,,,,,,,,,,1.0,1.0,,,,,6393,,,,0.0,,0.0,,0.0
,,,0.0885416641831398,,0.984375,,,,,,,,,,,1.0,1.0,,,,,6394,,,,0.0,,0.0,,0.0
,,,0.0868055522441864,,0.984375,,,,,,,,,,,1.0,1.0,,,,,6395,,,,0.0,,0.0,,0.0
,,,0.1015625,,0.96875,,,,,,,,,,,1.0,1.0,,,,,6396,,,,0.0,,0.0,,0.0
,,,0.23720473051071167,,0.9921259880065918,,,,,,,,,,,1.0,1.0,,,,,6397,,,,0.0,,0.0,,0.0
,,,0.125,,0.984375,,,,,,,,,,,1.0,1.0,,,,,6398,,,,0.0,,0.0,,0.0
,,,0.1471354216337204,,0.984375,,,,,,,,,,,1.0,1.0,,,,,6399,,,,0.0,,0.0,,0.0
,,,0.2079741358757019,,1.0,,,,,,,,,,,1.0,1.0,,,,,6400,,,,0.0,,0.0,,0.0
,,,0.1064453125,,0.9921875,,,,,,,,,,,1.0,1.0,,,,,6401,,,,0.0,,0.0,,0.0
,,,0.15234375,,0.9921875,,,,,,,,,,,1.0,1.0,,,,,6402,,,,0.0,,0.0,,0.0
,,,0.1760583519935608,,0.9603960514068604,,,,,,,,,,,1.0,1.0,,,,,6403,,,,0.0,,0.0,,0.0
,,,0.0807291641831398,,0.96875,,,,,,,,,,,1.0,1.0,,,,,6404,,,,0.0,,0.0,,0.0
,,,0.0859375,,0.9453125,,,,,,,,,,,1.0,1.0,,,,,6405,,,,0.0,,0.0,,0.0
,,,0.15208333730697632,,0.9635416269302368,,,,,,,,,,,1.0,1.0,,,,,6406,,,,0.0,,0.0,,0.0
,,,0.1127232164144516,,0.984375,,,,,,,,,,,1.0,1.0,,,,,6407,,,,0.0,,0.0,,0.0
,,,0.1216517835855484,,0.984375,,,,,,,,,,,1.0,1.0,,,,,6408,,,,0.0,,0.0,,0.0
,,,0.29614248871803284,,1.0,,,,,,,,,,,1.0,1.0,,,,,6409,,,,0.0,,0.0,,0.0
,,,0.1083984375,,1.0,,,,,,,,,,,1.0,1.0,,,,,6410,,,,0.0,,0.0,,0.0
,,,0.1171875,,0.984375,,,,,,,,,,,1.0,1.0,,,,,6411,,,,0.0,,0.0,,0.0
,,,0.2823008894920349,,0.991150438785553,,,,,,,,,,,1.0,1.0,,,,,6412,,,,0.0,,0.0,,0.0
,,,0.1294642835855484,,1.0,,,,,,,,,,,1.0,1.0,,,,,6413,,,,0.0,,0.0,,0.0
,,,0.18437500298023224,,0.984375,,,,,,,,,,,1.0,1.0,,,,,6414,,,,0.0,,0.0,,0.0
,,,0.179461270570755,,0.9954545497894287,,,,,,,,,,,1.0,1.0,,,,,6415,,,,0.0,,0.0,,0.0
,,,0.0876736119389534,,1.0,,,,,,,,,,,1.0,1.0,,,,,6416,,,,0.0,,0.0,,0.0
,,,0.0772569477558136,,0.9921875,,,,,,,,,,,1.0,1.0,,,,,6417,,,,0.0,,0.0,,0.0
,,,0.24788358807563782,,1.0,,,,,,,,,,,1.0,1.0,,,,,6418,,,,0.0,,0.0,,0.0
,,,0.1575520783662796,,0.984375,,,,,,,,,,,1.0,1.0,,,,,6419,,,,0.0,,0.0,,0.0
,,,0.19218750298023224,,1.0,,,,,,,,,,,1.0,1.0,,,,,6420,,,,0.0,,0.0,,0.0
,,,0.2609676718711853,,0.9939758777618408,,,,,,,,,,,1.0,1.0,,,,,6421,,,,0.0,,0.0,,0.0
,,,0.15234375,,0.984375,,,,,,,,,,,1.0,1.0,,,,,6422,,,,0.0,,0.0,,0.0
,,,0.1510416716337204,,1.0,,,,,,,,,,,1.0,1.0,,,,,6423,,,,0.0,,0.0,,0.0
,,,0.21177107095718384,,0.983702540397644,,,,,,,,,,,1.0,1.0,,,,,6424,,,,0.0,,0.0,,0.0
,,,0.0868055522441864,,0.9765625,,,,,,,,,,,1.0,1.0,,,,,6425,,,,0.0,,0.0,,0.0
,,,0.0876736119389534,,0.9765625,,,,,,,,,,,1.0,1.0,,,,,6426,,,,0.0,,0.0,,0.0
,,,0.19625937938690186,,0.9941860437393188,,,,,,,,,,,1.0,1.0,,,,,6427,,,,0.0,,0.0,,0.0
,,,0.1183035746216774,,0.984375,,,,,,,,,,,1.0,1.0,,,,,6428,,,,0.0,,0.0,,0.0
,,,0.1471354216337204,,0.9765625,,,,,,,,,,,1.0,1.0,,,,,6429,,,,0.0,,0.0,,0.0
,,,0.3144329786300659,,0.9948453903198242,,,,,,,,,,,1.0,1.0,,,,,6430,,,,0.0,,0.0,,0.0
,,,0.1283482164144516,,1.0,,,,,,,,,,,1.0,1.0,,,,,6431,,,,0.0,,0.0,,0.0
,,,0.10546875,,0.9765625,,,,,,,,,,,1.0,1.0,,,,,6432,,,,0.0,,0.0,,0.0
,,,0.2165178656578064,,1.0,,,,,,,,,,,1.0,1.0,,,,,6433,,,,0.0,,0.0,,0.0
,,,0.0993303582072258,,0.9296875,,,,,,,,,,,1.0,1.0,,,,,6434,,,,0.0,,0.0,,0.0
,,,0.0869140625,,0.9453125,,,,,,,,,,,1.0,1.0,,,,,6435,,,,0.0,,0.0,,0.0
,,,0.16058015823364258,,0.9743589758872986,,,,,,,,,,,1.0,1.0,,,,,6436,,,,0.0,,0.0,,0.0
,,,0.10546875,,0.984375,,,,,,,,,,,1.0,1.0,,,,,6437,,,,0.0,,0.0,,0.0
,,,0.0986328125,,0.9921875,,,,,,,,,,,1.0,1.0,,,,,6438,,,,0.0,,0.0,,0.0
,,,0.12598425149917603,,0.9763779640197754,,,,,,,,,,,1.0,1.0,,,,,6439,,,,0.0,,0.0,,0.0
69,0.8356328010559082,0.8460409641265869,,0.9852877855300903,,,,,,,,,,,,,,209.2174835205078,438885.4375,5.343374252319336,374.22564697265625,15469,,,0.0,,0.0,,0.0,
69,,,,,,0.2825089991092682,,0.45072564482688904,,8.411005020141602,,,,,,,,,,,,15469,0.6083096861839294,,,,,,,
,,,,,,,,,,,,,,0.03,0.0004,,,,,,,15499,,,,,,,,
70,,,,,,,0.292127788066864,,0.446302592754364,,7.70703125,0.00039999998989515007,0.029999999329447746,,,1.0,1.0,,,,,15499,,0.6138318181037903,,,,,,
,,,,,,,,,,,,,,0.03,0.0004,,,,,,,15549,,,,,,,,
70,,,,,,,0.26601648330688477,,0.43947839736938477,,8.671875,0.00039999998989515007,0.029999999329447746,,,1.0,1.0,,,,,15549,,0.4925648272037506,,,,,,
,,,,,,,,,,,,,,0.03,0.0004,,,,,,,15599,,,,,,,,
70,,,,,,,0.258772075176239,,0.432111918926239,,8.6640625,0.00039999998989515007,0.029999999329447746,,,1.0,1.0,,,,,15599,,0.6531844139099121,,,,,,
,,,,,,,,,,,,,,0.03,0.0004,,,,,,,15649,,,,,,,,
70,,,,,,,0.27181148529052734,,0.43868160247802734,,8.34375,0.00039999998989515007,0.029999999329447746,,,1.0,1.0,,,,,15649,,0.631386399269104,,,,,,
,,,0.099609375,,0.953125,,,,,,,,,,,1.0,1.0,,,,,6440,,,,0.0,,0.0,,0.0
,,,0.1205357164144516,,0.9921875,,,,,,,,,,,1.0,1.0,,,,,6441,,,,0.0,,0.0,,0.0
,,,0.1864890158176422,,0.9603960514068604,,,,,,,,,,,1.0,1.0,,,,,6442,,,,0.0,,0.0,,0.0
,,,0.18281249701976776,,0.984375,,,,,,,,,,,1.0,1.0,,,,,6443,,,,0.0,,0.0,,0.0
,,,0.1510416716337204,,1.0,,,,,,,,,,,1.0,1.0,,,,,6444,,,,0.0,,0.0,,0.0
,,,0.2509157657623291,,0.9855769276618958,,,,,,,,,,,1.0,1.0,,,,,6445,,,,0.0,,0.0,,0.0
,,,0.1194196417927742,,1.0,,,,,,,,,,,1.0,1.0,,,,,6446,,,,0.0,,0.0,,0.0
,,,0.1104910746216774,,1.0,,,,,,,,,,,1.0,1.0,,,,,6447,,,,0.0,,0.0,,0.0
,,,0.2056175023317337,,1.0,,,,,,,,,,,1.0,1.0,,,,,6448,,,,0.0,,0.0,,0.0
,,,0.11328125,,1.0,,,,,,,,,,,1.0,1.0,,,,,6449,,,,0.0,,0.0,,0.0
,,,0.111328125,,0.9609375,,,,,,,,,,,1.0,1.0,,,,,6450,,,,0.0,,0.0,,0.0
,,,0.1025390625,,0.9921875,,,,,,,,,,,1.0,1.0,,,,,6451,,,,0.0,,0.0,,0.0
,,,0.17451852560043335,,0.8213333487510681,,,,,,,,,,,1.0,1.0,,,,,6452,,,,0.0,,0.0,,0.0
,,,0.1549479216337204,,0.984375,,,,,,,,,,,1.0,1.0,,,,,6453,,,,0.0,,0.0,,0.0
,,,0.1283482164144516,,0.984375,,,,,,,,,,,1.0,1.0,,,,,6454,,,,0.0,,0.0,,0.0
,,,0.19409430027008057,,0.9915966391563416,,,,,,,,,,,1.0,1.0,,,,,6455,,,,0.0,,0.0,,0.0
,,,0.0755208358168602,,0.953125,,,,,,,,,,,1.0,1.0,,,,,6456,,,,0.0,,0.0,,0.0
,,,0.0849609375,,0.9609375,,,,,,,,,,,1.0,1.0,,,,,6457,,,,0.0,,0.0,,0.0
,,,0.23330241441726685,,0.9659091234207153,,,,,,,,,,,1.0,1.0,,,,,6458,,,,0.0,,0.0,,0.0
,,,0.1272321492433548,,1.0,,,,,,,,,,,1.0,1.0,,,,,6459,,,,0.0,,0.0,,0.0
,,,0.18125000596046448,,0.984375,,,,,,,,,,,1.0,1.0,,,,,6460,,,,0.0,,0.0,,0.0
,,,0.2388542890548706,,1.0,,,,,,,,,,,1.0,1.0,,,,,6461,,,,0.0,,0.0,,0.0
,,,0.1015625,,0.9921875,,,,,,,,,,,1.0,1.0,,,,,6462,,,,0.0,,0.0,,0.0
,,,0.125,,0.9609375,,,,,,,,,,,1.0,1.0,,,,,6463,,,,0.0,,0.0,,0.0
,,,0.19644224643707275,,1.0,,,,,,,,,,,1.0,1.0,,,,,6464,,,,0.0,,0.0,,0.0
,,,0.19218750298023224,,0.9921875,,,,,,,,,,,1.0,1.0,,,,,6465,,,,0.0,,0.0,,0.0
,,,0.234375,,1.0,,,,,,,,,,,1.0,1.0,,,,,6466,,,,0.0,,0.0,,0.0
,,,0.22584906220436096,,1.0,,,,,,,,,,,1.0,1.0,,,,,6467,,,,0.0,,0.0,,0.0
,,,0.1283482164144516,,1.0,,,,,,,,,,,1.0,1.0,,,,,6468,,,,0.0,,0.0,,0.0
,,,0.0954861119389534,,1.0,,,,,,,,,,,1.0,1.0,,,,,6469,,,,0.0,,0.0,,0.0
,,,0.18589451909065247,,0.9766073822975159,,,,,,,,,,,1.0,1.0,,,,,6470,,,,0.0,,0.0,,0.0
,,,0.1116071417927742,,0.953125,,,,,,,,,,,1.0,1.0,,,,,6471,,,,0.0,,0.0,,0.0
,,,0.1149553582072258,,0.96875,,,,,,,,,,,1.0,1.0,,,,,6472,,,,0.0,,0.0,,0.0
,,,0.18429118394851685,,0.9512315392494202,,,,,,,,,,,1.0,1.0,,,,,6473,,,,0.0,,0.0,,0.0
,,,0.18281249701976776,,0.984375,,,,,,,,,,,1.0,1.0,,,,,6474,,,,0.0,,0.0,,0.0
,,,0.17656250298023224,,0.9921875,,,,,,,,,,,1.0,1.0,,,,,6475,,,,0.0,,0.0,,0.0
,,,0.18641763925552368,,0.9754098653793335,,,,,,,,,,,1.0,1.0,,,,,6476,,,,0.0,,0.0,,0.0
,,,0.1194196417927742,,0.9921875,,,,,,,,,,,1.0,1.0,,,,,6477,,,,0.0,,0.0,,0.0
,,,0.1049107164144516,,1.0,,,,,,,,,,,1.0,1.0,,,,,6478,,,,0.0,,0.0,,0.0
,,,0.20268620550632477,,1.0,,,,,,,,,,,1.0,1.0,,,,,6479,,,,0.0,,0.0,,0.0
,,,0.1283482164144516,,0.984375,,,,,,,,,,,1.0,1.0,,,,,6480,,,,0.0,,0.0,,0.0
,,,0.1283482164144516,,0.9765625,,,,,,,,,,,1.0,1.0,,,,,6481,,,,0.0,,0.0,,0.0
,,,0.19065657258033752,,0.9704545736312866,,,,,,,,,,,1.0,1.0,,,,,6482,,,,0.0,,0.0,,0.0
,,,0.1328125,,0.9765625,,,,,,,,,,,1.0,1.0,,,,,6483,,,,0.0,,0.0,,0.0
,,,0.1339285671710968,,0.9921875,,,,,,,,,,,1.0,1.0,,,,,6484,,,,0.0,,0.0,,0.0
,,,0.1878911256790161,,0.9852941036224365,,,,,,,,,,,1.0,1.0,,,,,6485,,,,0.0,,0.0,,0.0
,,,0.087890625,,0.984375,,,,,,,,,,,1.0,1.0,,,,,6486,,,,0.0,,0.0,,0.0
,,,0.078125,,0.96875,,,,,,,,,,,1.0,1.0,,,,,6487,,,,0.0,,0.0,,0.0
,,,0.0993303582072258,,0.9765625,,,,,,,,,,,1.0,1.0,,,,,6488,,,,0.0,,0.0,,0.0
,,,0.11220472306013107,,1.0,,,,,,,,,,,1.0,1.0,,,,,6489,,,,0.0,,0.0,,0.0
,,,0.1484375,,0.984375,,,,,,,,,,,1.0,1.0,,,,,6490,,,,0.0,,0.0,,0.0
,,,0.1458333283662796,,1.0,,,,,,,,,,,1.0,1.0,,,,,6491,,,,0.0,,0.0,,0.0
,,,0.22783251106739044,,0.9956896305084229,,,,,,,,,,,1.0,1.0,,,,,6492,,,,0.0,,0.0,,0.0
,,,0.1005859375,,0.9609375,,,,,,,,,,,1.0,1.0,,,,,6493,,,,0.0,,0.0,,0.0
,,,0.111328125,,0.984375,,,,,,,,,,,1.0,1.0,,,,,6494,,,,0.0,,0.0,,0.0
,,,0.22158050537109375,,1.0,,,,,,,,,,,1.0,1.0,,,,,6495,,,,0.0,,0.0,,0.0
,,,0.19374999403953552,,0.9921875,,,,,,,,,,,1.0,1.0,,,,,6496,,,,0.0,,0.0,,0.0
,,,0.15234375,,1.0,,,,,,,,,,,1.0,1.0,,,,,6497,,,,0.0,,0.0,,0.0
,,,0.2265625,,1.0,,,,,,,,,,,1.0,1.0,,,,,6498,,,,0.0,,0.0,,0.0
,,,0.1227678582072258,,1.0,,,,,,,,,,,1.0,1.0,,,,,6499,,,,0.0,,0.0,,0.0
,,,0.111328125,,0.9921875,,,,,,,,,,,1.0,1.0,,,,,6500,,,,0.0,,0.0,,0.0
,,,0.23548489809036255,,0.9822812676429749,,,,,,,,,,,1.0,1.0,,,,,6501,,,,0.0,,0.0,,0.0
,,,0.1015625,,0.9609375,,,,,,,,,,,1.0,1.0,,,,,6502,,,,0.0,,0.0,,0.0
,,,0.1082589253783226,,0.953125,,,,,,,,,,,1.0,1.0,,,,,6503,,,,0.0,,0.0,,0.0
,,,0.2823008894920349,,0.9489675760269165,,,,,,,,,,,1.0,1.0,,,,,6504,,,,0.0,,0.0,,0.0
,,,0.15234375,,0.9921875,,,,,,,,,,,1.0,1.0,,,,,6505,,,,0.0,,0.0,,0.0
,,,0.125,,0.96875,,,,,,,,,,,1.0,1.0,,,,,6506,,,,0.0,,0.0,,0.0
,,,0.24386724829673767,,1.0,,,,,,,,,,,1.0,1.0,,,,,6507,,,,0.0,,0.0,,0.0
,,,0.1380208283662796,,0.9921875,,,,,,,,,,,1.0,1.0,,,,,6508,,,,0.0,,0.0,,0.0
,,,0.0830078125,,0.9921875,,,,,,,,,,,1.0,1.0,,,,,6509,,,,0.0,,0.0,,0.0
,,,0.2196759283542633,,0.9953703880310059,,,,,,,,,,,1.0,1.0,,,,,6510,,,,0.0,,0.0,,0.0
,,,0.1103515625,,0.9609375,,,,,,,,,,,1.0,1.0,,,,,6511,,,,0.0,,0.0,,0.0
,,,0.1458333283662796,,1.0,,,,,,,,,,,1.0,1.0,,,,,6512,,,,0.0,,0.0,,0.0
,,,0.21874162554740906,,0.9606425762176514,,,,,,,,,,,1.0,1.0,,,,,6513,,,,0.0,,0.0,,0.0
,,,0.15625,,0.984375,,,,,,,,,,,1.0,1.0,,,,,6514,,,,0.0,,0.0,,0.0
,,,0.1316964328289032,,0.9921875,,,,,,,,,,,1.0,1.0,,,,,6515,,,,0.0,,0.0,,0.0
,,,0.19716069102287292,,0.9935064911842346,,,,,,,,,,,1.0,1.0,,,,,6516,,,,0.0,,0.0,,0.0
,,,0.0849609375,,0.96875,,,,,,,,,,,1.0,1.0,,,,,6517,,,,0.0,,0.0,,0.0
,,,0.0789930522441864,,0.9765625,,,,,,,,,,,1.0,1.0,,,,,6518,,,,0.0,,0.0,,0.0
,,,0.182047501206398,,0.9883720874786377,,,,,,,,,,,1.0,1.0,,,,,6519,,,,0.0,,0.0,,0.0
,,,0.1432291716337204,,1.0,,,,,,,,,,,1.0,1.0,,,,,6520,,,,0.0,,0.0,,0.0
,,,0.17656250298023224,,0.984375,,,,,,,,,,,1.0,1.0,,,,,6521,,,,0.0,,0.0,,0.0
,,,0.2588246464729309,,1.0,,,,,,,,,,,1.0,1.0,,,,,6522,,,,0.0,,0.0,,0.0
,,,0.1160714253783226,,0.9921875,,,,,,,,,,,1.0,1.0,,,,,6523,,,,0.0,,0.0,,0.0
,,,0.1149553582072258,,0.953125,,,,,,,,,,,1.0,1.0,,,,,6524,,,,0.0,,0.0,,0.0
,,,0.2354910671710968,,1.0,,,,,,,,,,,1.0,1.0,,,,,6525,,,,0.0,,0.0,,0.0
,,,0.1328125,,1.0,,,,,,,,,,,1.0,1.0,,,,,6526,,,,0.0,,0.0,,0.0
,,,0.18906250596046448,,0.9921875,,,,,,,,,,,1.0,1.0,,,,,6527,,,,0.0,,0.0,,0.0
,,,0.21658897399902344,,1.0,,,,,,,,,,,1.0,1.0,,,,,6528,,,,0.0,,0.0,,0.0
,,,0.1123046875,,1.0,,,,,,,,,,,1.0,1.0,,,,,6529,,,,0.0,,0.0,,0.0
,,,0.1083984375,,1.0,,,,,,,,,,,1.0,1.0,,,,,6530,,,,0.0,,0.0,,0.0
,,,0.1271091103553772,,0.9842519760131836,,,,,,,,,,,1.0,1.0,,,,,6531,,,,0.0,,0.0,,0.0
70,0.8326758146286011,0.8503305912017822,,0.9846181869506836,,,,,,,,,,,,,,209.71688842773438,334725.53125,5.345758438110352,373.1870422363281,15690,,,0.0,,0.0,,0.0,
70,,,,,,0.2802422046661377,,0.44811689853668213,,8.39354133605957,,,,,,,,,,,,15690,0.6128202676773071,,,,,,,
,,,,,,,,,,,,,,0.03,0.0004,,,,,,,15699,,,,,,,,
71,,,,,,,0.27761325240135193,,0.44802340865135193,,8.5234375,0.00039999998989515007,0.029999999329447746,,,1.0,1.0,,,,,15699,,0.7208097577095032,,,,,,
,,,,,,,,,,,,,,0.03,0.0004,,,,,,,15749,,,,,,,,
71,,,,,,,0.2720358967781067,,0.4317038655281067,,7.98046875,0.00039999998989515007,0.029999999329447746,,,1.0,1.0,,,,,15749,,0.6374695301055908,,,,,,
,,,,,,,,,,,,,,0.03,0.0004,,,,,,,15799,,,,,,,,
71,,,,,,,0.28717344999313354,,0.45050352811813354,,8.1640625,0.00039999998989515007,0.029999999329447746,,,1.0,1.0,,,,,15799,,0.7925116419792175,,,,,,
,,,,,,,,,,,,,,0.03,0.0004,,,,,,,15849,,,,,,,,
71,,,,,,,0.30482661724090576,,0.47035396099090576,,8.2734375,0.00039999998989515007,0.029999999329447746,,,1.0,1.0,,,,,15849,,0.4694735109806061,,,,,,
,,,,,,,,,,,,,,0.03,0.0004,,,,,,,15899,,,,,,,,
71,,,,,,,0.2768538296222687,,0.4363997280597687,,7.9765625,0.00039999998989515007,0.029999999329447746,,,1.0,1.0,,,,,15899,,0.7637084722518921,,,,,,
,,,0.17343750596046448,,1.0,,,,,,,,,,,1.0,1.0,,,,,6532,,,,0.0,,0.0,,0.0
,,,0.23046875,,1.0,,,,,,,,,,,1.0,1.0,,,,,6533,,,,0.0,,0.0,,0.0
,,,0.22002199292182922,,0.9765310287475586,,,,,,,,,,,1.0,1.0,,,,,6534,,,,0.0,,0.0,,0.0
,,,0.15234375,,0.96875,,,,,,,,,,,1.0,1.0,,,,,6535,,,,0.0,,0.0,,0.0
,,,0.1238839253783226,,0.9765625,,,,,,,,,,,1.0,1.0,,,,,6536,,,,0.0,,0.0,,0.0
,,,0.25137361884117126,,0.9759615659713745,,,,,,,,,,,1.0,1.0,,,,,6537,,,,0.0,,0.0,,0.0
,,,0.0868055522441864,,0.9921875,,,,,,,,,,,1.0,1.0,,,,,6538,,,,0.0,,0.0,,0.0
,,,0.0859375,,1.0,,,,,,,,,,,1.0,1.0,,,,,6539,,,,0.0,,0.0,,0.0
,,,0.1798170506954193,,1.0,,,,,,,,,,,1.0,1.0,,,,,6540,,,,0.0,,0.0,,0.0
,,,0.1261160671710968,,0.984375,,,,,,,,,,,1.0,1.0,,,,,6541,,,,0.0,,0.0,,0.0
,,,0.1484375,,0.9609375,,,,,,,,,,,1.0,1.0,,,,,6542,,,,0.0,,0.0,,0.0
,,,0.1432291716337204,,0.984375,,,,,,,,,,,1.0,1.0,,,,,6543,,,,0.0,,0.0,,0.0
,,,0.19733333587646484,,0.9919999837875366,,,,,,,,,,,1.0,1.0,,,,,6544,,,,0.0,,0.0,,0.0
,,,0.1294642835855484,,0.9765625,,,,,,,,,,,1.0,1.0,,,,,6545,,,,0.0,,0.0,,0.0
,,,0.1283482164144516,,0.9609375,,,,,,,,,,,1.0,1.0,,,,,6546,,,,0.0,,0.0,,0.0
,,,0.28400248289108276,,1.0,,,,,,,,,,,1.0,1.0,,,,,6547,,,,0.0,,0.0,,0.0
,,,0.1328125,,0.9921875,,,,,,,,,,,1.0,1.0,,,,,6548,,,,0.0,,0.0,,0.0
,,,0.1005859375,,1.0,,,,,,,,,,,1.0,1.0,,,,,6549,,,,0.0,,0.0,,0.0
,,,0.2098214328289032,,1.0,,,,,,,,,,,1.0,1.0,,,,,6550,,,,0.0,,0.0,,0.0
,,,0.109375,,0.9921875,,,,,,,,,,,1.0,1.0,,,,,6551,,,,0.0,,0.0,,0.0
,,,0.228515625,,0.984375,,,,,,,,,,,1.0,1.0,,,,,6552,,,,0.0,,0.0,,0.0
,,,0.18173515796661377,,0.9726027250289917,,,,,,,,,,,1.0,1.0,,,,,6553,,,,0.0,,0.0,,0.0
,,,0.0894097238779068,,0.9375,,,,,,,,,,,1.0,1.0,,,,,6554,,,,0.0,,0.0,,0.0
,,,0.1044921875,,0.96875,,,,,,,,,,,1.0,1.0,,,,,6555,,,,0.0,,0.0,,0.0
,,,0.17364531755447388,,0.985714316368103,,,,,,,,,,,1.0,1.0,,,,,6556,,,,0.0,,0.0,,0.0
,,,0.1536458283662796,,0.9921875,,,,,,,,,,,1.0,1.0,,,,,6557,,,,0.0,,0.0,,0.0
,,,0.15234375,,1.0,,,,,,,,,,,1.0,1.0,,,,,6558,,,,0.0,,0.0,,0.0
,,,0.2476549744606018,,0.9905660152435303,,,,,,,,,,,1.0,1.0,,,,,6559,,,,0.0,,0.0,,0.0
,,,0.17343750596046448,,0.96875,,,,,,,,,,,1.0,1.0,,,,,6560,,,,0.0,,0.0,,0.0
,,,0.0885416641831398,,0.953125,,,,,,,,,,,1.0,1.0,,,,,6561,,,,0.0,,0.0,,0.0
,,,0.2422122359275818,,0.9823529720306396,,,,,,,,,,,1.0,1.0,,,,,6562,,,,0.0,,0.0,,0.0
,,,0.17499999701976776,,1.0,,,,,,,,,,,1.0,1.0,,,,,6563,,,,0.0,,0.0,,0.0
,,,0.17656250298023224,,0.9921875,,,,,,,,,,,1.0,1.0,,,,,6564,,,,0.0,,0.0,,0.0
,,,0.35645321011543274,,0.985714316368103,,,,,,,,,,,1.0,1.0,,,,,6565,,,,0.0,,0.0,,0.0
,,,0.14453125,,0.96875,,,,,,,,,,,1.0,1.0,,,,,6566,,,,0.0,,0.0,,0.0
,,,0.1238839253783226,,0.9765625,,,,,,,,,,,1.0,1.0,,,,,6567,,,,0.0,,0.0,,0.0
,,,0.21140199899673462,,0.9679471254348755,,,,,,,,,,,1.0,1.0,,,,,6568,,,,0.0,,0.0,,0.0
,,,0.0859375,,1.0,,,,,,,,,,,1.0,1.0,,,,,6569,,,,0.0,,0.0,,0.0
,,,0.1049107164144516,,1.0,,,,,,,,,,,1.0,1.0,,,,,6570,,,,0.0,,0.0,,0.0
,,,0.1608058661222458,,0.9923076629638672,,,,,,,,,,,1.0,1.0,,,,,6571,,,,0.0,,0.0,,0.0
,,,0.1272321492433548,,0.96875,,,,,,,,,,,1.0,1.0,,,,,6572,,,,0.0,,0.0,,0.0
,,,0.1272321492433548,,0.9765625,,,,,,,,,,,1.0,1.0,,,,,6573,,,,0.0,,0.0,,0.0
,,,0.2551947832107544,,0.9704545736312866,,,,,,,,,,,1.0,1.0,,,,,6574,,,,0.0,,0.0,,0.0
,,,0.1123046875,,0.984375,,,,,,,,,,,1.0,1.0,,,,,6575,,,,0.0,,0.0,,0.0
,,,0.1328125,,0.9765625,,,,,,,,,,,1.0,1.0,,,,,6576,,,,0.0,,0.0,,0.0
,,,0.2327015995979309,,0.9840425252914429,,,,,,,,,,,1.0,1.0,,,,,6577,,,,0.0,,0.0,,0.0
,,,0.1216517835855484,,1.0,,,,,,,,,,,1.0,1.0,,,,,6578,,,,0.0,,0.0,,0.0
,,,0.1127232164144516,,1.0,,,,,,,,,,,1.0,1.0,,,,,6579,,,,0.0,,0.0,,0.0
,,,0.1025390625,,1.0,,,,,,,,,,,1.0,1.0,,,,,6580,,,,0.0,,0.0,,0.0
,,,0.1304836869239807,,0.9960629940032959,,,,,,,,,,,1.0,1.0,,,,,6581,,,,0.0,,0.0,,0.0
,,,0.1261160671710968,,0.9921875,,,,,,,,,,,1.0,1.0,,,,,6582,,,,0.0,,0.0,,0.0
,,,0.22265625,,0.9921875,,,,,,,,,,,1.0,1.0,,,,,6583,,,,0.0,,0.0,,0.0
,,,0.15028735995292664,,0.9698275923728943,,,,,,,,,,,1.0,1.0,,,,,6584,,,,0.0,,0.0,,0.0
,,,0.099609375,,0.9296875,,,,,,,,,,,1.0,1.0,,,,,6585,,,,0.0,,0.0,,0.0
,,,0.1064453125,,0.96875,,,,,,,,,,,1.0,1.0,,,,,6586,,,,0.0,,0.0,,0.0
,,,0.19476023316383362,,1.0,,,,,,,,,,,1.0,1.0,,,,,6587,,,,0.0,,0.0,,0.0
,,,0.1549479216337204,,0.9921875,,,,,,,,,,,1.0,1.0,,,,,6588,,,,0.0,,0.0,,0.0
,,,0.1796875,,1.0,,,,,,,,,,,1.0,1.0,,,,,6589,,,,0.0,,0.0,,0.0
,,,0.2455357015132904,,0.984375,,,,,,,,,,,1.0,1.0,,,,,6590,,,,0.0,,0.0,,0.0
,,,0.1160714253783226,,0.9765625,,,,,,,,,,,1.0,1.0,,,,,6591,,,,0.0,,0.0,,0.0
,,,0.107421875,,0.9765625,,,,,,,,,,,1.0,1.0,,,,,6592,,,,0.0,,0.0,,0.0
,,,0.20424972474575043,,0.976190447807312,,,,,,,,,,,1.0,1.0,,,,,6593,,,,0.0,,0.0,,0.0
,,,0.17812499403953552,,1.0,,,,,,,,,,,1.0,1.0,,,,,6594,,,,0.0,,0.0,,0.0
,,,0.1484375,,0.9921875,,,,,,,,,,,1.0,1.0,,,,,6595,,,,0.0,,0.0,,0.0
,,,0.30304819345474243,,0.9778760671615601,,,,,,,,,,,1.0,1.0,,,,,6596,,,,0.0,,0.0,,0.0
,,,0.107421875,,0.9921875,,,,,,,,,,,1.0,1.0,,,,,6597,,,,0.0,,0.0,,0.0
,,,0.1227678582072258,,0.953125,,,,,,,,,,,1.0,1.0,,,,,6598,,,,0.0,,0.0,,0.0
,,,0.1835016906261444,,0.9954545497894287,,,,,,,,,,,1.0,1.0,,,,,6599,,,,0.0,,0.0,,0.0
,,,0.0859375,,1.0,,,,,,,,,,,1.0,1.0,,,,,6600,,,,0.0,,0.0,,0.0
,,,0.0869140625,,1.0,,,,,,,,,,,1.0,1.0,,,,,6601,,,,0.0,,0.0,,0.0
,,,0.24444444477558136,,0.9953703880310059,,,,,,,,,,,1.0,1.0,,,,,6602,,,,0.0,,0.0,,0.0
,,,0.1272321492433548,,0.953125,,,,,,,,,,,1.0,1.0,,,,,6603,,,,0.0,,0.0,,0.0
,,,0.1471354216337204,,1.0,,,,,,,,,,,1.0,1.0,,,,,6604,,,,0.0,,0.0,,0.0
,,,0.2563396394252777,,0.9606425762176514,,,,,,,,,,,1.0,1.0,,,,,6605,,,,0.0,,0.0,,0.0
,,,0.11328125,,0.96875,,,,,,,,,,,1.0,1.0,,,,,6606,,,,0.0,,0.0,,0.0
,,,0.1316964328289032,,0.96875,,,,,,,,,,,1.0,1.0,,,,,6607,,,,0.0,,0.0,,0.0
,,,0.27582550048828125,,0.9803921580314636,,,,,,,,,,,1.0,1.0,,,,,6608,,,,0.0,,0.0,,0.0
,,,0.1205357164144516,,1.0,,,,,,,,,,,1.0,1.0,,,,,6609,,,,0.0,,0.0,,0.0
,,,0.09765625,,1.0,,,,,,,,,,,1.0,1.0,,,,,6610,,,,0.0,,0.0,,0.0
,,,0.22522148489952087,,1.0,,,,,,,,,,,1.0,1.0,,,,,6611,,,,0.0,,0.0,,0.0
,,,0.107421875,,0.9921875,,,,,,,,,,,1.0,1.0,,,,,6612,,,,0.0,,0.0,,0.0
,,,0.17812499403953552,,0.9921875,,,,,,,,,,,1.0,1.0,,,,,6613,,,,0.0,,0.0,,0.0
,,,0.2588246464729309,,0.9948453903198242,,,,,,,,,,,1.0,1.0,,,,,6614,,,,0.0,,0.0,,0.0
,,,0.08124999701976776,,0.953125,,,,,,,,,,,1.0,1.0,,,,,6615,,,,0.0,,0.0,,0.0
,,,0.0868055522441864,,0.921875,,,,,,,,,,,1.0,1.0,,,,,6616,,,,0.0,,0.0,,0.0
,,,0.2354910671710968,,0.9955357313156128,,,,,,,,,,,1.0,1.0,,,,,6617,,,,0.0,,0.0,,0.0
,,,0.1283482164144516,,1.0,,,,,,,,,,,1.0,1.0,,,,,6618,,,,0.0,,0.0,,0.0
,,,0.15234375,,0.9921875,,,,,,,,,,,1.0,1.0,,,,,6619,,,,0.0,,0.0,,0.0
,,,0.2321012318134308,,1.0,,,,,,,,,,,1.0,1.0,,,,,6620,,,,0.0,,0.0,,0.0
,,,0.1183035746216774,,0.9609375,,,,,,,,,,,1.0,1.0,,,,,6621,,,,0.0,,0.0,,0.0
,,,0.0885416641831398,,0.9765625,,,,,,,,,,,1.0,1.0,,,,,6622,,,,0.0,,0.0,,0.0
,,,0.12148481607437134,,0.9685039520263672,,,,,,,,,,,1.0,1.0,,,,,6623,,,,0.0,,0.0,,0.0
71,0.8344098329544067,0.857661783695221,,0.9824435710906982,,,,,,,,,,,,,,210.72531127929688,227340.03125,5.350555419921875,373.1333923339844,15911,,,0.0,,0.0,,0.0,
71,,,,,,0.2783758044242859,,0.44652777910232544,,8.407716751098633,,,,,,,,,,,,15911,0.6192569136619568,,,,,,,
,,,,,,,,,,,,,,0.03,0.0004,,,,,,,15949,,,,,,,,
72,,,,,,,0.2982490062713623,,0.4530341625213623,,7.7421875,0.00039999998989515007,0.029999999329447746,,,1.0,1.0,,,,,15949,,0.672410249710083,,,,,,
,,,,,,,,,,,,,,0.03,0.0004,,,,,,,15999,,,,,,,,
72,,,,,,,0.26601898670196533,,0.43752777576446533,,8.578125,0.00039999998989515007,0.029999999329447746,,,1.0,1.0,,,,,15999,,0.46831879019737244,,,,,,
,,,,,,,,,,,,,,0.03,0.0004,,,,,,,16049,,,,,,,,
72,,,,,,,0.2689981460571289,,0.4384317398071289,,8.46875,0.00039999998989515007,0.029999999329447746,,,1.0,1.0,,,,,16049,,0.6307896375656128,,,,,,
,,,,,,,,,,,,,,0.03,0.0004,,,,,,,16099,,,,,,,,
72,,,,,,,0.28993743658065796,,0.45155853033065796,,8.078125,0.00039999998989515007,0.029999999329447746,,,1.0,1.0,,,,,16099,,0.7948455214500427,,,,,,
,,,0.1138392835855484,,0.9609375,,,,,,,,,,,1.0,1.0,,,,,6624,,,,0.0,,0.0,,0.0
,,,0.1205357164144516,,0.9609375,,,,,,,,,,,1.0,1.0,,,,,6625,,,,0.0,,0.0,,0.0
,,,0.24789145588874817,,0.9801980257034302,,,,,,,,,,,1.0,1.0,,,,,6626,,,,0.0,,0.0,,0.0
,,,0.244140625,,0.9921875,,,,,,,,,,,1.0,1.0,,,,,6627,,,,0.0,,0.0,,0.0
,,,0.240234375,,1.0,,,,,,,,,,,1.0,1.0,,,,,6628,,,,0.0,,0.0,,0.0
,,,0.6014957427978516,,0.995192289352417,,,,,,,,,,,1.0,1.0,,,,,6629,,,,0.0,,0.0,,0.0
,,,0.1015625,,1.0,,,,,,,,,,,1.0,1.0,,,,,6630,,,,0.0,,0.0,,0.0
,,,0.1227678582072258,,1.0,,,,,,,,,,,1.0,1.0,,,,,6631,,,,0.0,,0.0,,0.0
,,,0.19620734453201294,,1.0,,,,,,,,,,,1.0,1.0,,,,,6632,,,,0.0,,0.0,,0.0
,,,0.19374999403953552,,1.0,,,,,,,,,,,1.0,1.0,,,,,6633,,,,0.0,,0.0,,0.0
,,,0.19062499701976776,,0.9921875,,,,,,,,,,,1.0,1.0,,,,,6634,,,,0.0,,0.0,,0.0
,,,0.234375,,1.0,,,,,,,,,,,1.0,1.0,,,,,6635,,,,0.0,,0.0,,0.0
,,,0.218666672706604,,0.809333324432373,,,,,,,,,,,1.0,1.0,,,,,6636,,,,0.0,,0.0,,0.0
,,,0.17812499403953552,,0.984375,,,,,,,,,,,1.0,1.0,,,,,6637,,,,0.0,,0.0,,0.0
,,,0.1471354216337204,,0.96875,,,,,,,,,,,1.0,1.0,,,,,6638,,,,0.0,,0.0,,0.0
,,,0.22155529260635376,,1.0,,,,,,,,,,,1.0,1.0,,,,,6639,,,,0.0,,0.0,,0.0
,,,0.1315104216337204,,0.984375,,,,,,,,,,,1.0,1.0,,,,,6640,,,,0.0,,0.0,,0.0
,,,0.109375,,0.9921875,,,,,,,,,,,1.0,1.0,,,,,6641,,,,0.0,,0.0,,0.0
,,,0.16931217908859253,,0.9534631967544556,,,,,,,,,,,1.0,1.0,,,,,6642,,,,0.0,,0.0,,0.0
,,,0.0807291641831398,,0.9453125,,,,,,,,,,,1.0,1.0,,,,,6643,,,,0.0,,0.0,,0.0
,,,0.1071428582072258,,0.9453125,,,,,,,,,,,1.0,1.0,,,,,6644,,,,0.0,,0.0,,0.0
,,,0.20764988660812378,,0.9249066114425659,,,,,,,,,,,1.0,1.0,,,,,6645,,,,0.0,,0.0,,0.0
,,,0.07500000298023224,,0.9609375,,,,,,,,,,,1.0,1.0,,,,,6646,,,,0.0,,0.0,,0.0
,,,0.1005859375,,0.953125,,,,,,,,,,,1.0,1.0,,,,,6647,,,,0.0,,0.0,,0.0
,,,0.20523399114608765,,0.984236478805542,,,,,,,,,,,1.0,1.0,,,,,6648,,,,0.0,,0.0,,0.0
,,,0.224609375,,1.0,,,,,,,,,,,1.0,1.0,,,,,6649,,,,0.0,,0.0,,0.0
,,,0.1471354216337204,,1.0,,,,,,,,,,,1.0,1.0,,,,,6650,,,,0.0,,0.0,,0.0
,,,0.2526624798774719,,0.9528301954269409,,,,,,,,,,,1.0,1.0,,,,,6651,,,,0.0,,0.0,,0.0
,,,0.08984375,,0.9453125,,,,,,,,,,,1.0,1.0,,,,,6652,,,,0.0,,0.0,,0.0
,,,0.0837053582072258,,0.8984375,,,,,,,,,,,1.0,1.0,,,,,6653,,,,0.0,,0.0,,0.0
,,,0.20367401838302612,,0.9471956491470337,,,,,,,,,,,1.0,1.0,,,,,6654,,,,0.0,,0.0,,0.0
,,,0.0986328125,,0.9609375,,,,,,,,,,,1.0,1.0,,,,,6655,,,,0.0,,0.0,,0.0
,,,0.1315104216337204,,0.953125,,,,,,,,,,,1.0,1.0,,,,,6656,,,,0.0,,0.0,,0.0
,,,0.29983580112457275,,0.982758641242981,,,,,,,,,,,1.0,1.0,,,,,6657,,,,0.0,,0.0,,0.0
,,,0.2421875,,0.9921875,,,,,,,,,,,1.0,1.0,,,,,6658,,,,0.0,,0.0,,0.0
,,,0.240234375,,1.0,,,,,,,,,,,1.0,1.0,,,,,6659,,,,0.0,,0.0,,0.0
,,,0.2573665678501129,,0.9918032884597778,,,,,,,,,,,1.0,1.0,,,,,6660,,,,0.0,,0.0,,0.0
,,,0.109375,,1.0,,,,,,,,,,,1.0,1.0,,,,,6661,,,,0.0,,0.0,,0.0
,,,0.1354166716337204,,1.0,,,,,,,,,,,1.0,1.0,,,,,6662,,,,0.0,,0.0,,0.0
,,,0.22042125463485718,,1.0,,,,,,,,,,,1.0,1.0,,,,,6663,,,,0.0,,0.0,,0.0
,,,0.19062499701976776,,1.0,,,,,,,,,,,1.0,1.0,,,,,6664,,,,0.0,,0.0,,0.0
,,,0.2421875,,0.9921875,,,,,,,,,,,1.0,1.0,,,,,6665,,,,0.0,,0.0,,0.0
,,,0.29886364936828613,,0.9624999761581421,,,,,,,,,,,1.0,1.0,,,,,6666,,,,0.0,,0.0,,0.0
,,,0.1216517835855484,,0.984375,,,,,,,,,,,1.0,1.0,,,,,6667,,,,0.0,,0.0,,0.0
,,,0.18437500298023224,,0.984375,,,,,,,,,,,1.0,1.0,,,,,6668,,,,0.0,,0.0,,0.0
,,,0.23001965880393982,,0.9893617033958435,,,,,,,,,,,1.0,1.0,,,,,6669,,,,0.0,,0.0,,0.0
,,,0.1160714253783226,,1.0,,,,,,,,,,,1.0,1.0,,,,,6670,,,,0.0,,0.0,,0.0
,,,0.1104910746216774,,0.984375,,,,,,,,,,,1.0,1.0,,,,,6671,,,,0.0,,0.0,,0.0
,,,0.09765625,,0.9921875,,,,,,,,,,,1.0,1.0,,,,,6672,,,,0.0,,0.0,,0.0
,,,0.1068616434931755,,0.9803149700164795,,,,,,,,,,,1.0,1.0,,,,,6673,,,,0.0,,0.0,,0.0
,,,0.0824652761220932,,0.9375,,,,,,,,,,,1.0,1.0,,,,,6674,,,,0.0,,0.0,,0.0
,,,0.1223958358168602,,0.8984375,,,,,,,,,,,1.0,1.0,,,,,6675,,,,0.0,,0.0,,0.0
,,,0.12183907628059387,,0.8534482717514038,,,,,,,,,,,1.0,1.0,,,,,6676,,,,0.0,,0.0,,0.0
,,,0.0927734375,,0.9453125,,,,,,,,,,,1.0,1.0,,,,,6677,,,,0.0,,0.0,,0.0
,,,0.103515625,,0.9609375,,,,,,,,,,,1.0,1.0,,,,,6678,,,,0.0,,0.0,,0.0
,,,0.21415475010871887,,0.9950494766235352,,,,,,,,,,,1.0,1.0,,,,,6679,,,,0.0,,0.0,,0.0
,,,0.2265625,,1.0,,,,,,,,,,,1.0,1.0,,,,,6680,,,,0.0,,0.0,,0.0
,,,0.1458333283662796,,1.0,,,,,,,,,,,1.0,1.0,,,,,6681,,,,0.0,,0.0,,0.0
,,,0.2586805522441864,,0.9583333730697632,,,,,,,,,,,1.0,1.0,,,,,6682,,,,0.0,,0.0,,0.0
,,,0.080078125,,0.9296875,,,,,,,,,,,1.0,1.0,,,,,6683,,,,0.0,,0.0,,0.0
,,,0.09375,,0.9140625,,,,,,,,,,,1.0,1.0,,,,,6684,,,,0.0,,0.0,,0.0
,,,0.17781007289886475,,0.9465669989585876,,,,,,,,,,,1.0,1.0,,,,,6685,,,,0.0,,0.0,,0.0
,,,0.1171875,,0.9375,,,,,,,,,,,1.0,1.0,,,,,6686,,,,0.0,,0.0,,0.0
,,,0.1328125,,0.9609375,,,,,,,,,,,1.0,1.0,,,,,6687,,,,0.0,,0.0,,0.0
,,,0.36625367403030396,,0.9955751895904541,,,,,,,,,,,1.0,1.0,,,,,6688,,,,0.0,,0.0,,0.0
,,,0.244140625,,1.0,,,,,,,,,,,1.0,1.0,,,,,6689,,,,0.0,,0.0,,0.0
,,,0.3177083432674408,,0.9921875,,,,,,,,,,,1.0,1.0,,,,,6690,,,,0.0,,0.0,,0.0
,,,0.26103895902633667,,1.0,,,,,,,,,,,1.0,1.0,,,,,6691,,,,0.0,,0.0,,0.0
,,,0.10546875,,1.0,,,,,,,,,,,1.0,1.0,,,,,6692,,,,0.0,,0.0,,0.0
,,,0.0894097238779068,,1.0,,,,,,,,,,,1.0,1.0,,,,,6693,,,,0.0,,0.0,,0.0
,,,0.37074071168899536,,1.0,,,,,,,,,,,1.0,1.0,,,,,6694,,,,0.0,,0.0,,0.0
,,,0.3255208432674408,,0.9921875,,,,,,,,,,,1.0,1.0,,,,,6695,,,,0.0,,0.0,,0.0
,,,0.240234375,,1.0,,,,,,,,,,,1.0,1.0,,,,,6696,,,,0.0,,0.0,,0.0
,,,0.3021419048309326,,0.9879518151283264,,,,,,,,,,,1.0,1.0,,,,,6697,,,,0.0,,0.0,,0.0
,,,0.1458333283662796,,0.9765625,,,,,,,,,,,1.0,1.0,,,,,6698,,,,0.0,,0.0,,0.0
,,,0.18125000596046448,,0.9921875,,,,,,,,,,,1.0,1.0,,,,,6699,,,,0.0,,0.0,,0.0
,,,0.2336570918560028,,0.9803921580314636,,,,,,,,,,,1.0,1.0,,,,,6700,,,,0.0,,0.0,,0.0
,,,0.1160714253783226,,0.9921875,,,,,,,,,,,1.0,1.0,,,,,6701,,,,0.0,,0.0,,0.0
,,,0.1116071417927742,,0.9921875,,,,,,,,,,,1.0,1.0,,,,,6702,,,,0.0,,0.0,,0.0
,,,0.15769657492637634,,0.9822812676429749,,,,,,,,,,,1.0,1.0,,,,,6703,,,,0.0,,0.0,,0.0
,,,0.0763888880610466,,0.921875,,,,,,,,,,,1.0,1.0,,,,,6704,,,,0.0,,0.0,,0.0
,,,0.109375,,0.9296875,,,,,,,,,,,1.0,1.0,,,,,6705,,,,0.0,,0.0,,0.0
,,,0.20310941338539124,,0.9220153093338013,,,,,,,,,,,1.0,1.0,,,,,6706,,,,0.0,,0.0,,0.0
,,,0.0850694477558136,,0.953125,,,,,,,,,,,1.0,1.0,,,,,6707,,,,0.0,,0.0,,0.0
,,,0.09375,,0.9375,,,,,,,,,,,1.0,1.0,,,,,6708,,,,0.0,,0.0,,0.0
,,,0.19841268658638,,0.9910714626312256,,,,,,,,,,,1.0,1.0,,,,,6709,,,,0.0,,0.0,,0.0
,,,0.216796875,,0.9921875,,,,,,,,,,,1.0,1.0,,,,,6710,,,,0.0,,0.0,,0.0
,,,0.17656250298023224,,1.0,,,,,,,,,,,1.0,1.0,,,,,6711,,,,0.0,,0.0,,0.0
,,,0.23763273656368256,,0.8636363744735718,,,,,,,,,,,1.0,1.0,,,,,6712,,,,0.0,,0.0,,0.0
,,,0.08984375,,0.953125,,,,,,,,,,,1.0,1.0,,,,,6713,,,,0.0,,0.0,,0.0
,,,0.0711805522441864,,0.90625,,,,,,,,,,,1.0,1.0,,,,,6714,,,,0.0,,0.0,,0.0
,,,0.08267716318368912,,0.9212598204612732,,,,,,,,,,,1.0,1.0,,,,,6715,,,,0.0,,0.0,,0.0
72,0.8372713327407837,0.8282150030136108,,0.9723210334777832,,,,,,,,,,,,,,212.1100616455078,128353.9921875,5.357105255126953,366.4942932128906,16132,,,0.0,,0.0,,0.0,
72,,,,,,0.2757304310798645,,0.4428388178348541,,8.355362892150879,,,,,,,,,,,,16132,0.6401445269584656,,,,,,,
,,,,,,,,,,,,,,0.03,0.0004,,,,,,,16149,,,,,,,,
73,,,,,,,0.2634102702140808,,0.4360176920890808,,8.6328125,0.00039999998989515007,0.029999999329447746,,,1.0,1.0,,,,,16149,,0.5207241773605347,,,,,,
,,,,,,,,,,,,,,0.03,0.0004,,,,,,,16199,,,,,,,,
73,,,,,,,0.25988084077835083,,0.41796189546585083,,7.90234375,0.00039999998989515007,0.029999999329447746,,,1.0,1.0,,,,,16199,,0.5515638589859009,,,,,,
,,,,,,,,,,,,,,0.03,0.0004,,,,,,,16249,,,,,,,,
73,,,,,,,0.24774134159088135,,0.42987024784088135,,9.109375,0.00039999998989515007,0.029999999329447746,,,1.0,1.0,,,,,16249,,0.4525899291038513,,,,,,
,,,,,,,,,,,,,,0.03,0.0004,,,,,,,16299,,,,,,,,
73,,,,,,,0.2416732907295227,,0.4297836422920227,,9.40625,0.00039999998989515007,0.029999999329447746,,,1.0,1.0,,,,,16299,,0.6908138394355774,,,,,,
,,,,,,,,,,,,,,0.03,0.0004,,,,,,,16349,,,,,,,,
73,,,,,,,0.2386293113231659,,0.4047670066356659,,8.3046875,0.00039999998989515007,0.029999999329447746,,,1.0,1.0,,,,,16349,,0.5253164768218994,,,,,,
,,,0.1064453125,,0.9765625,,,,,,,,,,,1.0,1.0,,,,,6716,,,,0.0,,0.0,,0.0
,,,0.125,,1.0,,,,,,,,,,,1.0,1.0,,,,,6717,,,,0.0,,0.0,,0.0
,,,0.19007456302642822,,0.985148549079895,,,,,,,,,,,1.0,1.0,,,,,6718,,,,0.0,,0.0,,0.0
,,,0.1361607164144516,,0.9921875,,,,,,,,,,,1.0,1.0,,,,,6719,,,,0.0,,0.0,,0.0
,,,0.19218750298023224,,1.0,,,,,,,,,,,1.0,1.0,,,,,6720,,,,0.0,,0.0,,0.0
,,,0.15256410837173462,,0.9743589758872986,,,,,,,,,,,1.0,1.0,,,,,6721,,,,0.0,,0.0,,0.0
,,,0.0598958320915699,,0.953125,,,,,,,,,,,1.0,1.0,,,,,6722,,,,0.0,,0.0,,0.0
,,,0.05000000074505806,,0.953125,,,,,,,,,,,1.0,1.0,,,,,6723,,,,0.0,,0.0,,0.0
,,,0.15471698343753815,,0.9764150977134705,,,,,,,,,,,1.0,1.0,,,,,6724,,,,0.0,,0.0,,0.0
,,,0.23828125,,0.9921875,,,,,,,,,,,1.0,1.0,,,,,6725,,,,0.0,,0.0,,0.0
,,,0.236328125,,1.0,,,,,,,,,,,1.0,1.0,,,,,6726,,,,0.0,,0.0,,0.0
,,,0.1575520783662796,,0.9921875,,,,,,,,,,,1.0,1.0,,,,,6727,,,,0.0,,0.0,,0.0
,,,0.2742857336997986,,0.9959999918937683,,,,,,,,,,,1.0,1.0,,,,,6728,,,,0.0,,0.0,,0.0
,,,0.19062499701976776,,1.0,,,,,,,,,,,1.0,1.0,,,,,6729,,,,0.0,,0.0,,0.0
,,,0.1549479216337204,,0.9921875,,,,,,,,,,,1.0,1.0,,,,,6730,,,,0.0,,0.0,,0.0
,,,0.21848739683628082,,0.9957983493804932,,,,,,,,,,,1.0,1.0,,,,,6731,,,,0.0,,0.0,,0.0
,,,0.0966796875,,0.96875,,,,,,,,,,,1.0,1.0,,,,,6732,,,,0.0,,0.0,,0.0
,,,0.0798611119389534,,0.984375,,,,,,,,,,,1.0,1.0,,,,,6733,,,,0.0,,0.0,,0.0
,,,0.2169913351535797,,0.988095223903656,,,,,,,,,,,1.0,1.0,,,,,6734,,,,0.0,,0.0,,0.0
,,,0.1549479216337204,,1.0,,,,,,,,,,,1.0,1.0,,,,,6735,,,,0.0,,0.0,,0.0
,,,0.1575520783662796,,0.984375,,,,,,,,,,,1.0,1.0,,,,,6736,,,,0.0,,0.0,,0.0
,,,0.2215130776166916,,1.0,,,,,,,,,,,1.0,1.0,,,,,6737,,,,0.0,,0.0,,0.0
,,,0.1205357164144516,,1.0,,,,,,,,,,,1.0,1.0,,,,,6738,,,,0.0,,0.0,,0.0
,,,0.0954861119389534,,0.9921875,,,,,,,,,,,1.0,1.0,,,,,6739,,,,0.0,,0.0,,0.0
,,,0.2926929295063019,,0.9913793206214905,,,,,,,,,,,1.0,1.0,,,,,6740,,,,0.0,,0.0,,0.0
,,,0.15234375,,0.9921875,,,,,,,,,,,1.0,1.0,,,,,6741,,,,0.0,,0.0,,0.0
,,,0.1238839253783226,,1.0,,,,,,,,,,,1.0,1.0,,,,,6742,,,,0.0,,0.0,,0.0
,,,0.17263451218605042,,0.9555975198745728,,,,,,,,,,,1.0,1.0,,,,,6743,,,,0.0,,0.0,,0.0
,,,0.07734374701976776,,0.96875,,,,,,,,,,,1.0,1.0,,,,,6744,,,,0.0,,0.0,,0.0
,,,0.07187499850988388,,0.890625,,,,,,,,,,,1.0,1.0,,,,,6745,,,,0.0,,0.0,,0.0
,,,0.20020520687103271,,0.9470587968826294,,,,,,,,,,,1.0,1.0,,,,,6746,,,,0.0,,0.0,,0.0
,,,0.10546875,,0.9765625,,,,,,,,,,,1.0,1.0,,,,,6747,,,,0.0,,0.0,,0.0
,,,0.103515625,,0.9765625,,,,,,,,,,,1.0,1.0,,,,,6748,,,,0.0,,0.0,,0.0
,,,0.2216748744249344,,0.984236478805542,,,,,,,,,,,1.0,1.0,,,,,6749,,,,0.0,,0.0,,0.0
,,,0.16015625,,0.9921875,,,,,,,,,,,1.0,1.0,,,,,6750,,,,0.0,,0.0,,0.0
,,,0.18906250596046448,,0.9921875,,,,,,,,,,,1.0,1.0,,,,,6751,,,,0.0,,0.0,,0.0
,,,0.14105701446533203,,0.9694151878356934,,,,,,,,,,,1.0,1.0,,,,,6752,,,,0.0,,0.0,,0.0
,,,0.05234374850988388,,0.9609375,,,,,,,,,,,1.0,1.0,,,,,6753,,,,0.0,,0.0,,0.0
,,,0.05624999850988388,,0.953125,,,,,,,,,,,1.0,1.0,,,,,6754,,,,0.0,,0.0,,0.0
,,,0.1676570475101471,,0.9841269850730896,,,,,,,,,,,1.0,1.0,,,,,6755,,,,0.0,,0.0,,0.0
,,,0.1875,,0.9921875,,,,,,,,,,,1.0,1.0,,,,,6756,,,,0.0,,0.0,,0.0
,,,0.236328125,,1.0,,,,,,,,,,,1.0,1.0,,,,,6757,,,,0.0,,0.0,,0.0
,,,0.30909091234207153,,0.9818181991577148,,,,,,,,,,,1.0,1.0,,,,,6758,,,,0.0,,0.0,,0.0
,,,0.1316964328289032,,1.0,,,,,,,,,,,1.0,1.0,,,,,6759,,,,0.0,,0.0,,0.0
,,,0.18906250596046448,,1.0,,,,,,,,,,,1.0,1.0,,,,,6760,,,,0.0,,0.0,,0.0
,,,0.28212347626686096,,0.9946808815002441,,,,,,,,,,,1.0,1.0,,,,,6761,,,,0.0,,0.0,,0.0
,,,0.1005859375,,0.984375,,,,,,,,,,,1.0,1.0,,,,,6762,,,,0.0,,0.0,,0.0
,,,0.0807291641831398,,0.984375,,,,,,,,,,,1.0,1.0,,,,,6763,,,,0.0,,0.0,,0.0
,,,0.0868055522441864,,0.984375,,,,,,,,,,,1.0,1.0,,,,,6764,,,,0.0,,0.0,,0.0
,,,0.1171259805560112,,0.9921259880065918,,,,,,,,,,,1.0,1.0,,,,,6765,,,,0.0,,0.0,,0.0
,,,0.1536458283662796,,0.9921875,,,,,,,,,,,1.0,1.0,,,,,6766,,,,0.0,,0.0,,0.0
,,,0.1575520783662796,,0.9921875,,,,,,,,,,,1.0,1.0,,,,,6767,,,,0.0,,0.0,,0.0
,,,0.1781609207391739,,1.0,,,,,,,,,,,1.0,1.0,,,,,6768,,,,0.0,,0.0,,0.0
,,,0.1044921875,,0.9921875,,,,,,,,,,,1.0,1.0,,,,,6769,,,,0.0,,0.0,,0.0
,,,0.1103515625,,1.0,,,,,,,,,,,1.0,1.0,,,,,6770,,,,0.0,,0.0,,0.0
,,,0.29953551292419434,,1.0,,,,,,,,,,,1.0,1.0,,,,,6771,,,,0.0,,0.0,,0.0
,,,0.1549479216337204,,1.0,,,,,,,,,,,1.0,1.0,,,,,6772,,,,0.0,,0.0,,0.0
,,,0.1227678582072258,,0.9921875,,,,,,,,,,,1.0,1.0,,,,,6773,,,,0.0,,0.0,,0.0
,,,0.1736111044883728,,0.9739583730697632,,,,,,,,,,,1.0,1.0,,,,,6774,,,,0.0,,0.0,,0.0
,,,0.06953124701976776,,0.9140625,,,,,,,,,,,1.0,1.0,,,,,6775,,,,0.0,,0.0,,0.0
,,,0.078125,,0.9140625,,,,,,,,,,,1.0,1.0,,,,,6776,,,,0.0,,0.0,,0.0
,,,0.19393688440322876,,0.9346622228622437,,,,,,,,,,,1.0,1.0,,,,,6777,,,,0.0,,0.0,,0.0
,,,0.0920138880610466,,0.9765625,,,,,,,,,,,1.0,1.0,,,,,6778,,,,0.0,,0.0,,0.0
,,,0.1227678582072258,,0.9765625,,,,,,,,,,,1.0,1.0,,,,,6779,,,,0.0,,0.0,,0.0
,,,0.2161504328250885,,0.9955751895904541,,,,,,,,,,,1.0,1.0,,,,,6780,,,,0.0,,0.0,,0.0
,,,0.19374999403953552,,1.0,,,,,,,,,,,1.0,1.0,,,,,6781,,,,0.0,,0.0,,0.0
,,,0.1536458283662796,,0.984375,,,,,,,,,,,1.0,1.0,,,,,6782,,,,0.0,,0.0,,0.0
,,,0.14808079600334167,,0.968181848526001,,,,,,,,,,,1.0,1.0,,,,,6783,,,,0.0,,0.0,,0.0
,,,0.05000000074505806,,0.9609375,,,,,,,,,,,1.0,1.0,,,,,6784,,,,0.0,,0.0,,0.0
,,,0.05000000074505806,,0.9609375,,,,,,,,,,,1.0,1.0,,,,,6785,,,,0.0,,0.0,,0.0
,,,0.2291005253791809,,0.970370352268219,,,,,,,,,,,1.0,1.0,,,,,6786,,,,0.0,,0.0,,0.0
,,,0.1875,,1.0,,,,,,,,,,,1.0,1.0,,,,,6787,,,,0.0,,0.0,,0.0
,,,0.19062499701976776,,1.0,,,,,,,,,,,1.0,1.0,,,,,6788,,,,0.0,,0.0,,0.0
,,,0.3742436468601227,,0.9828647971153259,,,,,,,,,,,1.0,1.0,,,,,6789,,,,0.0,,0.0,,0.0
,,,0.15625,,1.0,,,,,,,,,,,1.0,1.0,,,,,6790,,,,0.0,,0.0,,0.0
,,,0.1875,,1.0,,,,,,,,,,,1.0,1.0,,,,,6791,,,,0.0,,0.0,,0.0
,,,0.2126305103302002,,0.9901961088180542,,,,,,,,,,,1.0,1.0,,,,,6792,,,,0.0,,0.0,,0.0
,,,0.1015625,,0.96875,,,,,,,,,,,1.0,1.0,,,,,6793,,,,0.0,,0.0,,0.0
,,,0.0815972238779068,,0.9921875,,,,,,,,,,,1.0,1.0,,,,,6794,,,,0.0,,0.0,,0.0
,,,0.17547065019607544,,0.9941860437393188,,,,,,,,,,,1.0,1.0,,,,,6795,,,,0.0,,0.0,,0.0
,,,0.11328125,,0.984375,,,,,,,,,,,1.0,1.0,,,,,6796,,,,0.0,,0.0,,0.0
,,,0.1350446492433548,,0.9921875,,,,,,,,,,,1.0,1.0,,,,,6797,,,,0.0,,0.0,,0.0
,,,0.2693239450454712,,0.9948453903198242,,,,,,,,,,,1.0,1.0,,,,,6798,,,,0.0,,0.0,,0.0
,,,0.10546875,,1.0,,,,,,,,,,,1.0,1.0,,,,,6799,,,,0.0,,0.0,,0.0
,,,0.0911458358168602,,0.9921875,,,,,,,,,,,1.0,1.0,,,,,6800,,,,0.0,,0.0,,0.0
,,,0.2640306055545807,,1.0,,,,,,,,,,,1.0,1.0,,,,,6801,,,,0.0,,0.0,,0.0
,,,0.1484375,,1.0,,,,,,,,,,,1.0,1.0,,,,,6802,,,,0.0,,0.0,,0.0
,,,0.1261160671710968,,1.0,,,,,,,,,,,1.0,1.0,,,,,6803,,,,0.0,,0.0,,0.0
,,,0.20246420800685883,,0.8593628406524658,,,,,,,,,,,1.0,1.0,,,,,6804,,,,0.0,,0.0,,0.0
,,,0.07656250149011612,,0.96875,,,,,,,,,,,1.0,1.0,,,,,6805,,,,0.0,,0.0,,0.0
,,,0.0703125,,0.890625,,,,,,,,,,,1.0,1.0,,,,,6806,,,,0.0,,0.0,,0.0
,,,0.08398950099945068,,0.913385808467865,,,,,,,,,,,1.0,1.0,,,,,6807,,,,0.0,,0.0,,0.0
73,0.8303877115249634,0.837639331817627,,0.9806245565414429,,,,,,,,,,,,,,211.7242431640625,147917.1875,5.355284690856934,365.5118408203125,16353,,,0.0,,0.0,,0.0,
73,,,,,,0.2727075517177582,,0.43994763493537903,,8.362167358398438,,,,,,,,,,,,16353,0.6232654452323914,,,,,,,
,,,,,,,,,,,,,,0.03,0.0004,,,,,,,16399,,,,,,,,
74,,,,,,,0.27438318729400635,,0.44186365604400635,,8.375,0.00039999998989515007,0.029999999329447746,,,1.0,1.0,,,,,16399,,0.5651901960372925,,,,,,
,,,,,,,,,,,,,,0.03,0.0004,,,,,,,16449,,,,,,,,
74,,,,,,,0.27985259890556335,,0.44049713015556335,,8.03125,0.00039999998989515007,0.029999999329447746,,,1.0,1.0,,,,,16449,,0.712549090385437,,,,,,
,,,,,,,,,,,,,,0.03,0.0004,,,,,,,16499,,,,,,,,
74,,,,,,,0.263780415058136,,0.438096821308136,,8.71875,0.00039999998989515007,0.029999999329447746,,,1.0,1.0,,,,,16499,,0.6612740755081177,,,,,,
,,,,,,,,,,,,,,0.03,0.0004,,,,,,,16549,,,,,,,,
74,,,,,,,0.24625377357006073,,0.4173963665962219,,8.5546875,0.00039999998989515007,0.029999999329447746,,,1.0,1.0,,,,,16549,,0.5478503704071045,,,,,,
,,,0.17499999701976776,,0.9921875,,,,,,,,,,,1.0,1.0,,,,,6808,,,,0.0,,0.0,,0.0
,,,0.220703125,,1.0,,,,,,,,,,,1.0,1.0,,,,,6809,,,,0.0,,0.0,,0.0
,,,0.21722587943077087,,0.9765310287475586,,,,,,,,,,,1.0,1.0,,,,,6810,,,,0.0,,0.0,,0.0
,,,0.23828125,,0.9921875,,,,,,,,,,,1.0,1.0,,,,,6811,,,,0.0,,0.0,,0.0
,,,0.15625,,1.0,,,,,,,,,,,1.0,1.0,,,,,6812,,,,0.0,,0.0,,0.0
,,,0.22985348105430603,,0.9695512652397156,,,,,,,,,,,1.0,1.0,,,,,6813,,,,0.0,,0.0,,0.0
,,,0.06328125298023224,,0.984375,,,,,,,,,,,1.0,1.0,,,,,6814,,,,0.0,,0.0,,0.0
,,,0.0791015625,,1.0,,,,,,,,,,,1.0,1.0,,,,,6815,,,,0.0,,0.0,,0.0
,,,0.18717838823795319,,0.9725557565689087,,,,,,,,,,,1.0,1.0,,,,,6816,,,,0.0,,0.0,,0.0
,,,0.1227678582072258,,0.984375,,,,,,,,,,,1.0,1.0,,,,,6817,,,,0.0,,0.0,,0.0
,,,0.140625,,0.9453125,,,,,,,,,,,1.0,1.0,,,,,6818,,,,0.0,,0.0,,0.0
,,,0.1160714253783226,,0.9453125,,,,,,,,,,,1.0,1.0,,,,,6819,,,,0.0,,0.0,,0.0
,,,0.22095239162445068,,0.8053333759307861,,,,,,,,,,,1.0,1.0,,,,,6820,,,,0.0,,0.0,,0.0
,,,0.107421875,,0.953125,,,,,,,,,,,1.0,1.0,,,,,6821,,,,0.0,,0.0,,0.0
,,,0.1044921875,,0.9453125,,,,,,,,,,,1.0,1.0,,,,,6822,,,,0.0,,0.0,,0.0
,,,0.19911298155784607,,0.9444444179534912,,,,,,,,,,,1.0,1.0,,,,,6823,,,,0.0,,0.0,,0.0
,,,0.1138392835855484,,0.9765625,,,,,,,,,,,1.0,1.0,,,,,6824,,,,0.0,,0.0,,0.0
,,,0.0986328125,,0.984375,,,,,,,,,,,1.0,1.0,,,,,6825,,,,0.0,,0.0,,0.0
,,,0.2098214328289032,,0.9886363744735718,,,,,,,,,,,1.0,1.0,,,,,6826,,,,0.0,,0.0,,0.0
,,,0.1305803507566452,,0.9921875,,,,,,,,,,,1.0,1.0,,,,,6827,,,,0.0,,0.0,,0.0
,,,0.23828125,,0.984375,,,,,,,,,,,1.0,1.0,,,,,6828,,,,0.0,,0.0,,0.0
,,,0.19133803248405457,,0.9726027250289917,,,,,,,,,,,1.0,1.0,,,,,6829,,,,0.0,,0.0,,0.0
,,,0.0986328125,,0.9609375,,,,,,,,,,,1.0,1.0,,,,,6830,,,,0.0,,0.0,,0.0
,,,0.08124999701976776,,0.953125,,,,,,,,,,,1.0,1.0,,,,,6831,,,,0.0,,0.0,,0.0
,,,0.17078818380832672,,1.0,,,,,,,,,,,1.0,1.0,,,,,6832,,,,0.0,,0.0,,0.0
,,,0.18906250596046448,,1.0,,,,,,,,,,,1.0,1.0,,,,,6833,,,,0.0,,0.0,,0.0
,,,0.1316964328289032,,1.0,,,,,,,,,,,1.0,1.0,,,,,6834,,,,0.0,,0.0,,0.0
,,,0.23154088854789734,,0.9905660152435303,,,,,,,,,,,1.0,1.0,,,,,6835,,,,0.0,,0.0,,0.0
,,,0.1484375,,1.0,,,,,,,,,,,1.0,1.0,,,,,6836,,,,0.0,,0.0,,0.0
,,,0.0954861119389534,,1.0,,,,,,,,,,,1.0,1.0,,,,,6837,,,,0.0,,0.0,,0.0
,,,0.24393199384212494,,0.9764705896377563,,,,,,,,,,,1.0,1.0,,,,,6838,,,,0.0,,0.0,,0.0
,,,0.17812499403953552,,0.9921875,,,,,,,,,,,1.0,1.0,,,,,6839,,,,0.0,,0.0,,0.0
,,,0.16718749701976776,,0.9921875,,,,,,,,,,,1.0,1.0,,,,,6840,,,,0.0,,0.0,,0.0
,,,0.2979474663734436,,0.985714316368103,,,,,,,,,,,1.0,1.0,,,,,6841,,,,0.0,,0.0,,0.0
,,,0.18437500298023224,,1.0,,,,,,,,,,,1.0,1.0,,,,,6842,,,,0.0,,0.0,,0.0
,,,0.1588541716337204,,1.0,,,,,,,,,,,1.0,1.0,,,,,6843,,,,0.0,,0.0,,0.0
,,,0.14851969480514526,,0.9612184762954712,,,,,,,,,,,1.0,1.0,,,,,6844,,,,0.0,,0.0,,0.0
,,,0.06562499701976776,,0.9921875,,,,,,,,,,,1.0,1.0,,,,,6845,,,,0.0,,0.0,,0.0
,,,0.0694444477558136,,0.9921875,,,,,,,,,,,1.0,1.0,,,,,6846,,,,0.0,,0.0,,0.0
,,,0.15943562984466553,,1.0,,,,,,,,,,,1.0,1.0,,,,,6847,,,,0.0,,0.0,,0.0
,,,0.17812499403953552,,0.96875,,,,,,,,,,,1.0,1.0,,,,,6848,,,,0.0,,0.0,,0.0
,,,0.140625,,0.9453125,,,,,,,,,,,1.0,1.0,,,,,6849,,,,0.0,,0.0,,0.0
,,,0.2538961172103882,,0.9397727251052856,,,,,,,,,,,1.0,1.0,,,,,6850,,,,0.0,,0.0,,0.0
,,,0.107421875,,0.953125,,,,,,,,,,,1.0,1.0,,,,,6851,,,,0.0,,0.0,,0.0
,,,0.1083984375,,0.9375,,,,,,,,,,,1.0,1.0,,,,,6852,,,,0.0,,0.0,,0.0
,,,0.19696494936943054,,0.978723406791687,,,,,,,,,,,1.0,1.0,,,,,6853,,,,0.0,,0.0,,0.0
,,,0.1393229216337204,,0.9921875,,,,,,,,,,,1.0,1.0,,,,,6854,,,,0.0,,0.0,,0.0
,,,0.095703125,,0.984375,,,,,,,,,,,1.0,1.0,,,,,6855,,,,0.0,,0.0,,0.0
,,,0.0986328125,,0.984375,,,,,,,,,,,1.0,1.0,,,,,6856,,,,0.0,,0.0,,0.0
,,,0.11614172905683517,,0.9960629940032959,,,,,,,,,,,1.0,1.0,,,,,6857,,,,0.0,,0.0,,0.0
,,,0.18281249701976776,,0.9921875,,,,,,,,,,,1.0,1.0,,,,,6858,,,,0.0,,0.0,,0.0
,,,0.1549479216337204,,0.9921875,,,,,,,,,,,1.0,1.0,,,,,6859,,,,0.0,,0.0,,0.0
,,,0.1791187822818756,,0.9741379022598267,,,,,,,,,,,1.0,1.0,,,,,6860,,,,0.0,,0.0,,0.0
,,,0.0859375,,0.9609375,,,,,,,,,,,1.0,1.0,,,,,6861,,,,0.0,,0.0,,0.0
,,,0.0920138880610466,,0.9765625,,,,,,,,,,,1.0,1.0,,,,,6862,,,,0.0,,0.0,,0.0
,,,0.1725705862045288,,1.0,,,,,,,,,,,1.0,1.0,,,,,6863,,,,0.0,,0.0,,0.0
,,,0.15625,,1.0,,,,,,,,,,,1.0,1.0,,,,,6864,,,,0.0,,0.0,,0.0
,,,0.18593749403953552,,1.0,,,,,,,,,,,1.0,1.0,,,,,6865,,,,0.0,,0.0,,0.0
,,,0.2574404776096344,,0.9947916269302368,,,,,,,,,,,1.0,1.0,,,,,6866,,,,0.0,,0.0,,0.0
,,,0.1261160671710968,,1.0,,,,,,,,,,,1.0,1.0,,,,,6867,,,,0.0,,0.0,,0.0
,,,0.111328125,,0.984375,,,,,,,,,,,1.0,1.0,,,,,6868,,,,0.0,,0.0,,0.0
,,,0.2784237563610077,,0.976190447807312,,,,,,,,,,,1.0,1.0,,,,,6869,,,,0.0,,0.0,,0.0
,,,0.22265625,,0.9921875,,,,,,,,,,,1.0,1.0,,,,,6870,,,,0.0,,0.0,,0.0
,,,0.1183035746216774,,0.9921875,,,,,,,,,,,1.0,1.0,,,,,6871,,,,0.0,,0.0,,0.0
,,,0.29931169748306274,,0.991150438785553,,,,,,,,,,,1.0,1.0,,,,,6872,,,,0.0,,0.0,,0.0
,,,0.1339285671710968,,0.9921875,,,,,,,,,,,1.0,1.0,,,,,6873,,,,0.0,,0.0,,0.0
,,,0.15625,,0.984375,,,,,,,,,,,1.0,1.0,,,,,6874,,,,0.0,,0.0,,0.0
,,,0.18724748492240906,,0.9863636493682861,,,,,,,,,,,1.0,1.0,,,,,6875,,,,0.0,,0.0,,0.0
,,,0.0625,,0.9921875,,,,,,,,,,,1.0,1.0,,,,,6876,,,,0.0,,0.0,,0.0
,,,0.0685763880610466,,0.9921875,,,,,,,,,,,1.0,1.0,,,,,6877,,,,0.0,,0.0,,0.0
,,,0.1693415641784668,,0.9953703880310059,,,,,,,,,,,1.0,1.0,,,,,6878,,,,0.0,,0.0,,0.0
,,,0.14453125,,0.9609375,,,,,,,,,,,1.0,1.0,,,,,6879,,,,0.0,,0.0,,0.0
,,,0.1419270783662796,,0.9609375,,,,,,,,,,,1.0,1.0,,,,,6880,,,,0.0,,0.0,,0.0
,,,0.21723560988903046,,0.9425702691078186,,,,,,,,,,,1.0,1.0,,,,,6881,,,,0.0,,0.0,,0.0
,,,0.107421875,,0.953125,,,,,,,,,,,1.0,1.0,,,,,6882,,,,0.0,,0.0,,0.0
,,,0.0963541641831398,,0.9375,,,,,,,,,,,1.0,1.0,,,,,6883,,,,0.0,,0.0,,0.0
,,,0.20521390438079834,,0.970588207244873,,,,,,,,,,,1.0,1.0,,,,,6884,,,,0.0,,0.0,,0.0
,,,0.1354166716337204,,0.984375,,,,,,,,,,,1.0,1.0,,,,,6885,,,,0.0,,0.0,,0.0
,,,0.1104910746216774,,0.984375,,,,,,,,,,,1.0,1.0,,,,,6886,,,,0.0,,0.0,,0.0
,,,0.19502891600131989,,0.9941860437393188,,,,,,,,,,,1.0,1.0,,,,,6887,,,,0.0,,0.0,,0.0
,,,0.111328125,,0.9921875,,,,,,,,,,,1.0,1.0,,,,,6888,,,,0.0,,0.0,,0.0
,,,0.234375,,0.984375,,,,,,,,,,,1.0,1.0,,,,,6889,,,,0.0,,0.0,,0.0
,,,0.26471567153930664,,0.9838709831237793,,,,,,,,,,,1.0,1.0,,,,,6890,,,,0.0,,0.0,,0.0
,,,0.0902777761220932,,0.9609375,,,,,,,,,,,1.0,1.0,,,,,6891,,,,0.0,,0.0,,0.0
,,,0.07734374701976776,,0.953125,,,,,,,,,,,1.0,1.0,,,,,6892,,,,0.0,,0.0,,0.0
,,,0.204365074634552,,0.9955357313156128,,,,,,,,,,,1.0,1.0,,,,,6893,,,,0.0,,0.0,,0.0
,,,0.18437500298023224,,1.0,,,,,,,,,,,1.0,1.0,,,,,6894,,,,0.0,,0.0,,0.0
,,,0.1305803507566452,,1.0,,,,,,,,,,,1.0,1.0,,,,,6895,,,,0.0,,0.0,,0.0
,,,0.27790728211402893,,1.0,,,,,,,,,,,1.0,1.0,,,,,6896,,,,0.0,,0.0,,0.0
,,,0.18281249701976776,,0.9921875,,,,,,,,,,,1.0,1.0,,,,,6897,,,,0.0,,0.0,,0.0
,,,0.1238839253783226,,1.0,,,,,,,,,,,1.0,1.0,,,,,6898,,,,0.0,,0.0,,0.0
,,,0.12598425149917603,,0.9685039520263672,,,,,,,,,,,1.0,1.0,,,,,6899,,,,0.0,,0.0,,0.0
74,0.836310863494873,0.8474470973014832,,0.9810857772827148,,,,,,,,,,,,,,209.26705932617188,160517.21875,5.343611240386963,367.7934265136719,16574,,,0.0,,0.0,,0.0,
74,,,,,,0.2692470848560333,,0.4361225962638855,,8.343820571899414,,,,,,,,,,,,16574,0.6068661212921143,,,,,,,
,,,,,,,,,,,,,,0.03,0.0004,,,,,,,16599,,,,,,,,
75,,,,,,,0.2494710385799408,,0.4124349057674408,,8.1484375,0.00039999998989515007,0.029999999329447746,,,1.0,1.0,,,,,16599,,0.4915255010128021,,,,,,
,,,,,,,,,,,,,,0.03,0.0004,,,,,,,16649,,,,,,,,
75,,,,,,,0.2525564134120941,,0.4132009446620941,,8.03125,0.00039999998989515007,0.029999999329447746,,,1.0,1.0,,,,,16649,,0.516502320766449,,,,,,
,,,,,,,,,,,,,,0.03,0.0004,,,,,,,16699,,,,,,,,
75,,,,,,,0.2665058672428131,,0.4428974688053131,,8.8203125,0.00039999998989515007,0.029999999329447746,,,1.0,1.0,,,,,16699,,0.5955454707145691,,,,,,
,,,,,,,,,,,,,,0.03,0.0004,,,,,,,16749,,,,,,,,
75,,,,,,,0.2588300108909607,,0.4255780577659607,,8.3359375,0.00039999998989515007,0.029999999329447746,,,1.0,1.0,,,,,16749,,0.5874074697494507,,,,,,
,,,0.09375,,0.9765625,,,,,,,,,,,1.0,1.0,,,,,6900,,,,0.0,,0.0,,0.0
,,,0.1123046875,,1.0,,,,,,,,,,,1.0,1.0,,,,,6901,,,,0.0,,0.0,,0.0
,,,0.1911746710538864,,0.985148549079895,,,,,,,,,,,1.0,1.0,,,,,6902,,,,0.0,,0.0,,0.0
,,,0.19062499701976776,,1.0,,,,,,,,,,,1.0,1.0,,,,,6903,,,,0.0,,0.0,,0.0
,,,0.1328125,,0.9921875,,,,,,,,,,,1.0,1.0,,,,,6904,,,,0.0,,0.0,,0.0
,,,0.17414531111717224,,0.990384578704834,,,,,,,,,,,1.0,1.0,,,,,6905,,,,0.0,,0.0,,0.0
,,,0.07265625149011612,,0.9921875,,,,,,,,,,,1.0,1.0,,,,,6906,,,,0.0,,0.0,,0.0
,,,0.06796874850988388,,1.0,,,,,,,,,,,1.0,1.0,,,,,6907,,,,0.0,,0.0,,0.0
,,,0.20658233761787415,,0.9905660152435303,,,,,,,,,,,1.0,1.0,,,,,6908,,,,0.0,,0.0,,0.0
,,,0.1588541716337204,,0.984375,,,,,,,,,,,1.0,1.0,,,,,6909,,,,0.0,,0.0,,0.0
,,,0.18593749403953552,,0.9765625,,,,,,,,,,,1.0,1.0,,,,,6910,,,,0.0,,0.0,,0.0
,,,0.18906250596046448,,0.9921875,,,,,,,,,,,1.0,1.0,,,,,6911,,,,0.0,,0.0,,0.0
,,,0.25377777218818665,,0.9800000190734863,,,,,,,,,,,1.0,1.0,,,,,6912,,,,0.0,,0.0,,0.0
,,,0.0980902761220932,,0.9921875,,,,,,,,,,,1.0,1.0,,,,,6913,,,,0.0,,0.0,,0.0
,,,0.125,,0.9765625,,,,,,,,,,,1.0,1.0,,,,,6914,,,,0.0,,0.0,,0.0
,,,0.19724556803703308,,0.9360411167144775,,,,,,,,,,,1.0,1.0,,,,,6915,,,,0.0,,0.0,,0.0
,,,0.125,,0.9609375,,,,,,,,,,,1.0,1.0,,,,,6916,,,,0.0,,0.0,,0.0
,,,0.087890625,,0.984375,,,,,,,,,,,1.0,1.0,,,,,6917,,,,0.0,,0.0,,0.0
,,,0.21415042877197266,,0.9886363744735718,,,,,,,,,,,1.0,1.0,,,,,6918,,,,0.0,,0.0,,0.0
,,,0.1328125,,0.9921875,,,,,,,,,,,1.0,1.0,,,,,6919,,,,0.0,,0.0,,0.0
,,,0.18906250596046448,,0.9921875,,,,,,,,,,,1.0,1.0,,,,,6920,,,,0.0,,0.0,,0.0
,,,0.19081223011016846,,0.9726027250289917,,,,,,,,,,,1.0,1.0,,,,,6921,,,,0.0,,0.0,,0.0
,,,0.07500000298023224,,0.96875,,,,,,,,,,,1.0,1.0,,,,,6922,,,,0.0,,0.0,,0.0
,,,0.1103515625,,0.9453125,,,,,,,,,,,1.0,1.0,,,,,6923,,,,0.0,,0.0,,0.0
,,,0.1753694713115692,,0.9928570985794067,,,,,,,,,,,1.0,1.0,,,,,6924,,,,0.0,,0.0,,0.0
,,,0.2265625,,1.0,,,,,,,,,,,1.0,1.0,,,,,6925,,,,0.0,,0.0,,0.0
,,,0.1272321492433548,,1.0,,,,,,,,,,,1.0,1.0,,,,,6926,,,,0.0,,0.0,,0.0
,,,0.18607968091964722,,0.9716981053352356,,,,,,,,,,,1.0,1.0,,,,,6927,,,,0.0,,0.0,,0.0
,,,0.1419270783662796,,0.9765625,,,,,,,,,,,1.0,1.0,,,,,6928,,,,0.0,,0.0,,0.0
,,,0.0824652761220932,,0.9453125,,,,,,,,,,,1.0,1.0,,,,,6929,,,,0.0,,0.0,,0.0
,,,0.20759233832359314,,0.958823561668396,,,,,,,,,,,1.0,1.0,,,,,6930,,,,0.0,,0.0,,0.0
,,,0.109375,,0.9765625,,,,,,,,,,,1.0,1.0,,,,,6931,,,,0.0,,0.0,,0.0
,,,0.10546875,,0.984375,,,,,,,,,,,1.0,1.0,,,,,6932,,,,0.0,,0.0,,0.0
,,,0.30706074833869934,,0.984236478805542,,,,,,,,,,,1.0,1.0,,,,,6933,,,,0.0,,0.0,,0.0
,,,0.1549479216337204,,0.984375,,,,,,,,,,,1.0,1.0,,,,,6934,,,,0.0,,0.0,,0.0
,,,0.15234375,,0.9921875,,,,,,,,,,,1.0,1.0,,,,,6935,,,,0.0,,0.0,,0.0
,,,0.16508442163467407,,0.9761438369750977,,,,,,,,,,,1.0,1.0,,,,,6936,,,,0.0,,0.0,,0.0
,,,0.07265625149011612,,0.9921875,,,,,,,,,,,1.0,1.0,,,,,6937,,,,0.0,,0.0,,0.0
,,,0.07109375298023224,,1.0,,,,,,,,,,,1.0,1.0,,,,,6938,,,,0.0,,0.0,,0.0
,,,0.1835843175649643,,0.9920635223388672,,,,,,,,,,,1.0,1.0,,,,,6939,,,,0.0,,0.0,,0.0
,,,0.1549479216337204,,0.984375,,,,,,,,,,,1.0,1.0,,,,,6940,,,,0.0,,0.0,,0.0
,,,0.244140625,,0.9921875,,,,,,,,,,,1.0,1.0,,,,,6941,,,,0.0,,0.0,,0.0
,,,0.30492424964904785,,0.969318151473999,,,,,,,,,,,1.0,1.0,,,,,6942,,,,0.0,,0.0,,0.0
,,,0.1484375,,0.9765625,,,,,,,,,,,1.0,1.0,,,,,6943,,,,0.0,,0.0,,0.0
,,,0.1305803507566452,,1.0,,,,,,,,,,,1.0,1.0,,,,,6944,,,,0.0,,0.0,,0.0
,,,0.19493116438388824,,0.9693366289138794,,,,,,,,,,,1.0,1.0,,,,,6945,,,,0.0,,0.0,,0.0
,,,0.095703125,,0.9765625,,,,,,,,,,,1.0,1.0,,,,,6946,,,,0.0,,0.0,,0.0
,,,0.1026785746216774,,0.9765625,,,,,,,,,,,1.0,1.0,,,,,6947,,,,0.0,,0.0,,0.0
,,,0.07500000298023224,,0.984375,,,,,,,,,,,1.0,1.0,,,,,6948,,,,0.0,,0.0,,0.0
,,,0.27671539783477783,,0.9960629940032959,,,,,,,,,,,1.0,1.0,,,,,6949,,,,0.0,,0.0,,0.0
,,,0.15625,,1.0,,,,,,,,,,,1.0,1.0,,,,,6950,,,,0.0,,0.0,,0.0
,,,0.18593749403953552,,1.0,,,,,,,,,,,1.0,1.0,,,,,6951,,,,0.0,,0.0,,0.0
,,,0.1752873659133911,,0.9784482717514038,,,,,,,,,,,1.0,1.0,,,,,6952,,,,0.0,,0.0,,0.0
,,,0.0850694477558136,,0.9375,,,,,,,,,,,1.0,1.0,,,,,6953,,,,0.0,,0.0,,0.0
,,,0.111328125,,0.96875,,,,,,,,,,,1.0,1.0,,,,,6954,,,,0.0,,0.0,,0.0
,,,0.1917451024055481,,1.0,,,,,,,,,,,1.0,1.0,,,,,6955,,,,0.0,,0.0,,0.0
,,,0.23046875,,1.0,,,,,,,,,,,1.0,1.0,,,,,6956,,,,0.0,,0.0,,0.0
,,,0.18281249701976776,,1.0,,,,,,,,,,,1.0,1.0,,,,,6957,,,,0.0,,0.0,,0.0
,,,0.2425595223903656,,0.9739583730697632,,,,,,,,,,,1.0,1.0,,,,,6958,,,,0.0,,0.0,,0.0
,,,0.1116071417927742,,0.953125,,,,,,,,,,,1.0,1.0,,,,,6959,,,,0.0,,0.0,,0.0
,,,0.08124999701976776,,0.9609375,,,,,,,,,,,1.0,1.0,,,,,6960,,,,0.0,,0.0,,0.0
,,,0.21020209789276123,,0.9642857313156128,,,,,,,,,,,1.0,1.0,,,,,6961,,,,0.0,,0.0,,0.0
,,,0.0963541641831398,,0.9765625,,,,,,,,,,,1.0,1.0,,,,,6962,,,,0.0,,0.0,,0.0
,,,0.1216517835855484,,0.9765625,,,,,,,,,,,1.0,1.0,,,,,6963,,,,0.0,,0.0,,0.0
,,,0.37250736355781555,,0.991150438785553,,,,,,,,,,,1.0,1.0,,,,,6964,,,,0.0,,0.0,,0.0
,,,0.1316964328289032,,0.984375,,,,,,,,,,,1.0,1.0,,,,,6965,,,,0.0,,0.0,,0.0
,,,0.18437500298023224,,0.984375,,,,,,,,,,,1.0,1.0,,,,,6966,,,,0.0,,0.0,,0.0
,,,0.18776655197143555,,0.9954545497894287,,,,,,,,,,,1.0,1.0,,,,,6967,,,,0.0,,0.0,,0.0
,,,0.0703125,,0.9921875,,,,,,,,,,,1.0,1.0,,,,,6968,,,,0.0,,0.0,,0.0
,,,0.078125,,0.9921875,,,,,,,,,,,1.0,1.0,,,,,6969,,,,0.0,,0.0,,0.0
,,,0.20555555820465088,,0.9907407760620117,,,,,,,,,,,1.0,1.0,,,,,6970,,,,0.0,,0.0,,0.0
,,,0.15625,,0.984375,,,,,,,,,,,1.0,1.0,,,,,6971,,,,0.0,,0.0,,0.0
,,,0.4921875,,1.0,,,,,,,,,,,1.0,1.0,,,,,6972,,,,0.0,,0.0,,0.0
,,,0.30414992570877075,,0.9708166122436523,,,,,,,,,,,1.0,1.0,,,,,6973,,,,0.0,,0.0,,0.0
,,,0.1294642835855484,,0.984375,,,,,,,,,,,1.0,1.0,,,,,6974,,,,0.0,,0.0,,0.0
,,,0.1123046875,,0.9921875,,,,,,,,,,,1.0,1.0,,,,,6975,,,,0.0,,0.0,,0.0
,,,0.19630125164985657,,0.9738986492156982,,,,,,,,,,,1.0,1.0,,,,,6976,,,,0.0,,0.0,,0.0
,,,0.1071428582072258,,0.96875,,,,,,,,,,,1.0,1.0,,,,,6977,,,,0.0,,0.0,,0.0
,,,0.1060267835855484,,0.984375,,,,,,,,,,,1.0,1.0,,,,,6978,,,,0.0,,0.0,,0.0
,,,0.18727697432041168,,0.9883720874786377,,,,,,,,,,,1.0,1.0,,,,,6979,,,,0.0,,0.0,,0.0
,,,0.1305803507566452,,0.9921875,,,,,,,,,,,1.0,1.0,,,,,6980,,,,0.0,,0.0,,0.0
,,,0.18593749403953552,,1.0,,,,,,,,,,,1.0,1.0,,,,,6981,,,,0.0,,0.0,,0.0
,,,0.26471567153930664,,0.9838709831237793,,,,,,,,,,,1.0,1.0,,,,,6982,,,,0.0,,0.0,,0.0
,,,0.0894097238779068,,0.9609375,,,,,,,,,,,1.0,1.0,,,,,6983,,,,0.0,,0.0,,0.0
,,,0.0894097238779068,,0.9296875,,,,,,,,,,,1.0,1.0,,,,,6984,,,,0.0,,0.0,,0.0
,,,0.1875,,0.9910714626312256,,,,,,,,,,,1.0,1.0,,,,,6985,,,,0.0,,0.0,,0.0
,,,0.1497395783662796,,1.0,,,,,,,,,,,1.0,1.0,,,,,6986,,,,0.0,,0.0,,0.0
,,,0.18125000596046448,,1.0,,,,,,,,,,,1.0,1.0,,,,,6987,,,,0.0,,0.0,,0.0
,,,0.27363377809524536,,0.9545454978942871,,,,,,,,,,,1.0,1.0,,,,,6988,,,,0.0,,0.0,,0.0
,,,0.1216517835855484,,0.96875,,,,,,,,,,,1.0,1.0,,,,,6989,,,,0.0,,0.0,,0.0
,,,0.0947265625,,0.9609375,,,,,,,,,,,1.0,1.0,,,,,6990,,,,0.0,,0.0,,0.0
,,,0.09361329674720764,,0.9448819160461426,,,,,,,,,,,1.0,1.0,,,,,6991,,,,0.0,,0.0,,0.0
75,0.8340407609939575,0.8541314601898193,,0.9813255071640015,,,,,,,,,,,,,,212.54591369628906,113480.828125,5.359158039093018,367.8418884277344,16795,,,0.0,,0.0,,0.0,
75,,,,,,0.2702924609184265,,0.4366261065006256,,8.316901206970215,,,,,,,,,,,,16795,0.6143119931221008,,,,,,,
,,,,,,,,,,,,,,0.03,0.0004,,,,,,,16799,,,,,,,,
76,,,,,,,0.2757684588432312,,0.4421502947807312,,8.3203125,0.00039999998989515007,0.029999999329447746,,,1.0,1.0,,,,,16799,,0.9275549650192261,,,,,,
,,,,,,,,,,,,,,0.03,0.0004,,,,,,,16849,,,,,,,,
76,,,,,,,0.27540141344070435,,0.44446879625320435,,8.453125,0.00039999998989515007,0.029999999329447746,,,1.0,1.0,,,,,16849,,0.7794732451438904,,,,,,
,,,,,,,,,,,,,,0.03,0.0004,,,,,,,16899,,,,,,,,
76,,,,,,,0.259024441242218,,0.418936550617218,,7.99609375,0.00039999998989515007,0.029999999329447746,,,1.0,1.0,,,,,16899,,0.7521339654922485,,,,,,
,,,,,,,,,,,,,,0.03,0.0004,,,,,,,16949,,,,,,,,
76,,,,,,,0.2445448637008667,,0.4170302152633667,,8.625,0.00039999998989515007,0.029999999329447746,,,1.0,1.0,,,,,16949,,0.3802601993083954,,,,,,
,,,,,,,,,,,,,,0.03,0.0004,,,,,,,16999,,,,,,,,
76,,,,,,,0.29479169845581055,,0.46178388595581055,,8.3515625,0.00039999998989515007,0.029999999329447746,,,1.0,1.0,,,,,16999,,0.8214480876922607,,,,,,
,,,0.1106770858168602,,0.9765625,,,,,,,,,,,1.0,1.0,,,,,6992,,,,0.0,,0.0,,0.0
,,,0.14218750596046448,,0.9921875,,,,,,,,,,,1.0,1.0,,,,,6993,,,,0.0,,0.0,,0.0
,,,0.19989915192127228,,0.9616795182228088,,,,,,,,,,,1.0,1.0,,,,,6994,,,,0.0,,0.0,,0.0
,,,0.1549479216337204,,0.9921875,,,,,,,,,,,1.0,1.0,,,,,6995,,,,0.0,,0.0,,0.0
,,,0.224609375,,1.0,,,,,,,,,,,1.0,1.0,,,,,6996,,,,0.0,,0.0,,0.0
,,,0.2996794879436493,,0.990384578704834,,,,,,,,,,,1.0,1.0,,,,,6997,,,,0.0,,0.0,,0.0
,,,0.1025390625,,1.0,,,,,,,,,,,1.0,1.0,,,,,6998,,,,0.0,,0.0,,0.0
,,,0.0986328125,,1.0,,,,,,,,,,,1.0,1.0,,,,,6999,,,,0.0,,0.0,,0.0
,,,0.18000763654708862,,0.9952830076217651,,,,,,,,,,,1.0,1.0,,,,,7000,,,,0.0,,0.0,,0.0
,,,0.109375,,0.984375,,,,,,,,,,,1.0,1.0,,,,,7001,,,,0.0,,0.0,,0.0
,,,0.1227678582072258,,0.96875,,,,,,,,,,,1.0,1.0,,,,,7002,,,,0.0,,0.0,,0.0
,,,0.2109375,,0.9765625,,,,,,,,,,,1.0,1.0,,,,,7003,,,,0.0,,0.0,,0.0
,,,0.22209525108337402,,0.8053333759307861,,,,,,,,,,,1.0,1.0,,,,,7004,,,,0.0,,0.0,,0.0
,,,0.17343750596046448,,0.984375,,,,,,,,,,,1.0,1.0,,,,,7005,,,,0.0,,0.0,,0.0
,,,0.1216517835855484,,0.9453125,,,,,,,,,,,1.0,1.0,,,,,7006,,,,0.0,,0.0,,0.0
,,,0.30501091480255127,,0.9444444179534912,,,,,,,,,,,1.0,1.0,,,,,7007,,,,0.0,,0.0,,0.0
,,,0.18593749403953552,,1.0,,,,,,,,,,,1.0,1.0,,,,,7008,,,,0.0,,0.0,,0.0
,,,0.1294642835855484,,1.0,,,,,,,,,,,1.0,1.0,,,,,7009,,,,0.0,,0.0,,0.0
,,,0.2509276270866394,,0.9940476417541504,,,,,,,,,,,1.0,1.0,,,,,7010,,,,0.0,,0.0,,0.0
,,,0.1138392835855484,,0.984375,,,,,,,,,,,1.0,1.0,,,,,7011,,,,0.0,,0.0,,0.0
,,,0.107421875,,0.9765625,,,,,,,,,,,1.0,1.0,,,,,7012,,,,0.0,,0.0,,0.0
,,,0.239565908908844,,1.0,,,,,,,,,,,1.0,1.0,,,,,7013,,,,0.0,,0.0,,0.0
,,,0.19062499701976776,,1.0,,,,,,,,,,,1.0,1.0,,,,,7014,,,,0.0,,0.0,,0.0
,,,0.1536458283662796,,1.0,,,,,,,,,,,1.0,1.0,,,,,7015,,,,0.0,,0.0,,0.0
,,,0.2854679822921753,,0.9913793206214905,,,,,,,,,,,1.0,1.0,,,,,7016,,,,0.0,,0.0,,0.0
,,,0.15625,,0.9921875,,,,,,,,,,,1.0,1.0,,,,,7017,,,,0.0,,0.0,,0.0
,,,0.19140625,,1.0,,,,,,,,,,,1.0,1.0,,,,,7018,,,,0.0,,0.0,,0.0
,,,0.19227313995361328,,1.0,,,,,,,,,,,1.0,1.0,,,,,7019,,,,0.0,,0.0,,0.0
,,,0.1116071417927742,,0.9921875,,,,,,,,,,,1.0,1.0,,,,,7020,,,,0.0,,0.0,,0.0
,,,0.0824652761220932,,0.9609375,,,,,,,,,,,1.0,1.0,,,,,7021,,,,0.0,,0.0,,0.0
,,,0.23780208826065063,,0.9707250595092773,,,,,,,,,,,1.0,1.0,,,,,7022,,,,0.0,,0.0,,0.0
,,,0.169921875,,0.9765625,,,,,,,,,,,1.0,1.0,,,,,7023,,,,0.0,,0.0,,0.0
,,,0.09375,,0.96875,,,,,,,,,,,1.0,1.0,,,,,7024,,,,0.0,,0.0,,0.0
,,,0.278817743062973,,0.9756157398223877,,,,,,,,,,,1.0,1.0,,,,,7025,,,,0.0,,0.0,,0.0
,,,0.232421875,,0.9921875,,,,,,,,,,,1.0,1.0,,,,,7026,,,,0.0,,0.0,,0.0
,,,0.224609375,,1.0,,,,,,,,,,,1.0,1.0,,,,,7027,,,,0.0,,0.0,,0.0
,,,0.2898213863372803,,0.9918032884597778,,,,,,,,,,,1.0,1.0,,,,,7028,,,,0.0,,0.0,,0.0
,,,0.1171875,,1.0,,,,,,,,,,,1.0,1.0,,,,,7029,,,,0.0,,0.0,,0.0
,,,0.103515625,,0.9921875,,,,,,,,,,,1.0,1.0,,,,,7030,,,,0.0,,0.0,,0.0
,,,0.17520010471343994,,1.0,,,,,,,,,,,1.0,1.0,,,,,7031,,,,0.0,,0.0,,0.0
,,,0.125,,0.9609375,,,,,,,,,,,1.0,1.0,,,,,7032,,,,0.0,,0.0,,0.0
,,,0.2265625,,0.9765625,,,,,,,,,,,1.0,1.0,,,,,7033,,,,0.0,,0.0,,0.0
,,,0.25032466650009155,,0.9454545378684998,,,,,,,,,,,1.0,1.0,,,,,7034,,,,0.0,,0.0,,0.0
,,,0.1796875,,0.96875,,,,,,,,,,,1.0,1.0,,,,,7035,,,,0.0,,0.0,,0.0
,,,0.125,,0.9609375,,,,,,,,,,,1.0,1.0,,,,,7036,,,,0.0,,0.0,,0.0
,,,0.36057573556900024,,0.978723406791687,,,,,,,,,,,1.0,1.0,,,,,7037,,,,0.0,,0.0,,0.0
,,,0.236328125,,1.0,,,,,,,,,,,1.0,1.0,,,,,7038,,,,0.0,,0.0,,0.0
,,,0.1536458283662796,,1.0,,,,,,,,,,,1.0,1.0,,,,,7039,,,,0.0,,0.0,,0.0
,,,0.1294642835855484,,1.0,,,,,,,,,,,1.0,1.0,,,,,7040,,,,0.0,,0.0,,0.0
,,,0.30708661675453186,,0.9881889820098877,,,,,,,,,,,1.0,1.0,,,,,7041,,,,0.0,,0.0,,0.0
,,,0.1216517835855484,,0.984375,,,,,,,,,,,1.0,1.0,,,,,7042,,,,0.0,,0.0,,0.0
,,,0.1025390625,,0.9921875,,,,,,,,,,,1.0,1.0,,,,,7043,,,,0.0,,0.0,,0.0
,,,0.2552681863307953,,1.0,,,,,,,,,,,1.0,1.0,,,,,7044,,,,0.0,,0.0,,0.0
,,,0.18125000596046448,,1.0,,,,,,,,,,,1.0,1.0,,,,,7045,,,,0.0,,0.0,,0.0
,,,0.15625,,1.0,,,,,,,,,,,1.0,1.0,,,,,7046,,,,0.0,,0.0,,0.0
,,,0.43133479356765747,,0.9950494766235352,,,,,,,,,,,1.0,1.0,,,,,7047,,,,0.0,,0.0,,0.0
,,,0.197265625,,1.0,,,,,,,,,,,1.0,1.0,,,,,7048,,,,0.0,,0.0,,0.0
,,,0.14531250298023224,,1.0,,,,,,,,,,,1.0,1.0,,,,,7049,,,,0.0,,0.0,,0.0
,,,0.2465277910232544,,0.9947916269302368,,,,,,,,,,,1.0,1.0,,,,,7050,,,,0.0,,0.0,,0.0
,,,0.1049107164144516,,0.9921875,,,,,,,,,,,1.0,1.0,,,,,7051,,,,0.0,,0.0,,0.0
,,,0.0966796875,,0.9609375,,,,,,,,,,,1.0,1.0,,,,,7052,,,,0.0,,0.0,,0.0
,,,0.22951273620128632,,0.9764673113822937,,,,,,,,,,,1.0,1.0,,,,,7053,,,,0.0,,0.0,,0.0
,,,0.1197916641831398,,0.96875,,,,,,,,,,,1.0,1.0,,,,,7054,,,,0.0,,0.0,,0.0
,,,0.0948660746216774,,0.96875,,,,,,,,,,,1.0,1.0,,,,,7055,,,,0.0,,0.0,,0.0
,,,0.2726646959781647,,0.991150438785553,,,,,,,,,,,1.0,1.0,,,,,7056,,,,0.0,,0.0,,0.0
,,,0.1875,,1.0,,,,,,,,,,,1.0,1.0,,,,,7057,,,,0.0,,0.0,,0.0
,,,0.224609375,,0.9921875,,,,,,,,,,,1.0,1.0,,,,,7058,,,,0.0,,0.0,,0.0
,,,0.273737370967865,,1.0,,,,,,,,,,,1.0,1.0,,,,,7059,,,,0.0,,0.0,,0.0
,,,0.1138392835855484,,1.0,,,,,,,,,,,1.0,1.0,,,,,7060,,,,0.0,,0.0,,0.0
,,,0.1005859375,,0.9921875,,,,,,,,,,,1.0,1.0,,,,,7061,,,,0.0,,0.0,,0.0
,,,0.21388888359069824,,0.9907407760620117,,,,,,,,,,,1.0,1.0,,,,,7062,,,,0.0,,0.0,,0.0
,,,0.17656250298023224,,0.9609375,,,,,,,,,,,1.0,1.0,,,,,7063,,,,0.0,,0.0,,0.0
,,,0.224609375,,0.9921875,,,,,,,,,,,1.0,1.0,,,,,7064,,,,0.0,,0.0,,0.0
,,,0.2933511734008789,,0.9485943913459778,,,,,,,,,,,1.0,1.0,,,,,7065,,,,0.0,,0.0,,0.0
,,,0.22265625,,0.9765625,,,,,,,,,,,1.0,1.0,,,,,7066,,,,0.0,,0.0,,0.0
,,,0.109375,,0.9609375,,,,,,,,,,,1.0,1.0,,,,,7067,,,,0.0,,0.0,,0.0
,,,0.3006960451602936,,0.970588207244873,,,,,,,,,,,1.0,1.0,,,,,7068,,,,0.0,,0.0,,0.0
,,,0.18437500298023224,,1.0,,,,,,,,,,,1.0,1.0,,,,,7069,,,,0.0,,0.0,,0.0
,,,0.1549479216337204,,1.0,,,,,,,,,,,1.0,1.0,,,,,7070,,,,0.0,,0.0,,0.0
,,,0.19607481360435486,,1.0,,,,,,,,,,,1.0,1.0,,,,,7071,,,,0.0,,0.0,,0.0
,,,0.1302083283662796,,0.9765625,,,,,,,,,,,1.0,1.0,,,,,7072,,,,0.0,,0.0,,0.0
,,,0.14453125,,0.9765625,,,,,,,,,,,1.0,1.0,,,,,7073,,,,0.0,,0.0,,0.0
,,,0.2592047154903412,,1.0,,,,,,,,,,,1.0,1.0,,,,,7074,,,,0.0,,0.0,,0.0
,,,0.1875,,1.0,,,,,,,,,,,1.0,1.0,,,,,7075,,,,0.0,,0.0,,0.0
,,,0.1497395783662796,,1.0,,,,,,,,,,,1.0,1.0,,,,,7076,,,,0.0,,0.0,,0.0
,,,0.3642857074737549,,1.0,,,,,,,,,,,1.0,1.0,,,,,7077,,,,0.0,,0.0,,0.0
,,,0.15156249701976776,,0.9921875,,,,,,,,,,,1.0,1.0,,,,,7078,,,,0.0,,0.0,,0.0
,,,0.2578125,,1.0,,,,,,,,,,,1.0,1.0,,,,,7079,,,,0.0,,0.0,,0.0
,,,0.1829281896352768,,1.0,,,,,,,,,,,1.0,1.0,,,,,7080,,,,0.0,,0.0,,0.0
,,,0.09375,,0.9921875,,,,,,,,,,,1.0,1.0,,,,,7081,,,,0.0,,0.0,,0.0
,,,0.1082589253783226,,0.9765625,,,,,,,,,,,1.0,1.0,,,,,7082,,,,0.0,,0.0,,0.0
,,,0.127296581864357,,0.9685039520263672,,,,,,,,,,,1.0,1.0,,,,,7083,,,,0.0,,0.0,,0.0
76,0.8327208757400513,0.8345856666564941,,0.9856633543968201,,,,,,,,,,,,,,212.02793884277344,95405.3125,5.356718063354492,367.8778991699219,17016,,,0.0,,0.0,,0.0,
76,,,,,,0.2664913535118103,,0.43282899260520935,,8.316847801208496,,,,,,,,,,,,17016,0.5973296761512756,,,,,,,
,,,,,,,,,,,,,,0.03,0.0004,,,,,,,17049,,,,,,,,
77,,,,,,,0.26807233691215515,,0.43494245409965515,,8.34375,0.00039999998989515007,0.029999999329447746,,,1.0,1.0,,,,,17049,,0.7010757923126221,,,,,,
,,,,,,,,,,,,,,0.03,0.0004,,,,,,,17099,,,,,,,,
77,,,,,,,0.25171494483947754,,0.42078232765197754,,8.453125,0.00039999998989515007,0.029999999329447746,,,1.0,1.0,,,,,17099,,0.6080626249313354,,,,,,
,,,,,,,,,,,,,,0.03,0.0004,,,,,,,17149,,,,,,,,
77,,,,,,,0.2553165853023529,,0.4141300618648529,,7.94140625,0.00039999998989515007,0.029999999329447746,,,1.0,1.0,,,,,17149,,0.49679672718048096,,,,,,
,,,,,,,,,,,,,,0.03,0.0004,,,,,,,17199,,,,,,,,
77,,,,,,,0.25464314222335815,,0.42248982191085815,,8.390625,0.00039999998989515007,0.029999999329447746,,,1.0,1.0,,,,,17199,,0.48066362738609314,,,,,,
,,,0.12890625,,0.96875,,,,,,,,,,,1.0,1.0,,,,,7084,,,,0.0,,0.0,,0.0
,,,0.2682291567325592,,1.0,,,,,,,,,,,1.0,1.0,,,,,7085,,,,0.0,,0.0,,0.0
,,,0.21566739678382874,,0.9900990128517151,,,,,,,,,,,1.0,1.0,,,,,7086,,,,0.0,,0.0,,0.0
,,,0.2421875,,0.9921875,,,,,,,,,,,1.0,1.0,,,,,7087,,,,0.0,,0.0,,0.0
,,,0.19062499701976776,,1.0,,,,,,,,,,,1.0,1.0,,,,,7088,,,,0.0,,0.0,,0.0
,,,0.29914528131484985,,0.990384578704834,,,,,,,,,,,1.0,1.0,,,,,7089,,,,0.0,,0.0,,0.0
,,,0.1071428582072258,,1.0,,,,,,,,,,,1.0,1.0,,,,,7090,,,,0.0,,0.0,,0.0
,,,0.1276041716337204,,1.0,,,,,,,,,,,1.0,1.0,,,,,7091,,,,0.0,,0.0,,0.0
,,,0.1867733895778656,,0.9952830076217651,,,,,,,,,,,1.0,1.0,,,,,7092,,,,0.0,,0.0,,0.0
,,,0.1510416716337204,,0.9765625,,,,,,,,,,,1.0,1.0,,,,,7093,,,,0.0,,0.0,,0.0
,,,0.17343750596046448,,0.984375,,,,,,,,,,,1.0,1.0,,,,,7094,,,,0.0,,0.0,,0.0
,,,0.212890625,,0.9921875,,,,,,,,,,,1.0,1.0,,,,,7095,,,,0.0,,0.0,,0.0
,,,0.17007407546043396,,0.9679999947547913,,,,,,,,,,,1.0,1.0,,,,,7096,,,,0.0,,0.0,,0.0
,,,0.10546875,,0.9609375,,,,,,,,,,,1.0,1.0,,,,,7097,,,,0.0,,0.0,,0.0
,,,0.0920138880610466,,0.9453125,,,,,,,,,,,1.0,1.0,,,,,7098,,,,0.0,,0.0,,0.0
,,,0.21276843547821045,,0.9444444179534912,,,,,,,,,,,1.0,1.0,,,,,7099,,,,0.0,,0.0,,0.0
,,,0.1283482164144516,,0.9921875,,,,,,,,,,,1.0,1.0,,,,,7100,,,,0.0,,0.0,,0.0
,,,0.1328125,,1.0,,,,,,,,,,,1.0,1.0,,,,,7101,,,,0.0,,0.0,,0.0
,,,0.25927644968032837,,1.0,,,,,,,,,,,1.0,1.0,,,,,7102,,,,0.0,,0.0,,0.0
,,,0.11328125,,0.9921875,,,,,,,,,,,1.0,1.0,,,,,7103,,,,0.0,,0.0,,0.0
,,,0.17812499403953552,,0.9921875,,,,,,,,,,,1.0,1.0,,,,,7104,,,,0.0,,0.0,,0.0
,,,0.24276818335056305,,0.9794520139694214,,,,,,,,,,,1.0,1.0,,,,,7105,,,,0.0,,0.0,,0.0
,,,0.0885416641831398,,0.9609375,,,,,,,,,,,1.0,1.0,,,,,7106,,,,0.0,,0.0,,0.0
,,,0.09375,,0.9609375,,,,,,,,,,,1.0,1.0,,,,,7107,,,,0.0,,0.0,,0.0
,,,0.1706075519323349,,0.9741379022598267,,,,,,,,,,,1.0,1.0,,,,,7108,,,,0.0,,0.0,,0.0
,,,0.15000000596046448,,0.9921875,,,,,,,,,,,1.0,1.0,,,,,7109,,,,0.0,,0.0,,0.0
,,,0.1328125,,1.0,,,,,,,,,,,1.0,1.0,,,,,7110,,,,0.0,,0.0,,0.0
,,,0.227960467338562,,1.0,,,,,,,,,,,1.0,1.0,,,,,7111,,,,0.0,,0.0,,0.0
,,,0.171875,,1.0,,,,,,,,,,,1.0,1.0,,,,,7112,,,,0.0,,0.0,,0.0
,,,0.09765625,,0.9765625,,,,,,,,,,,1.0,1.0,,,,,7113,,,,0.0,,0.0,,0.0
,,,0.2306038737297058,,0.9766073822975159,,,,,,,,,,,1.0,1.0,,,,,7114,,,,0.0,,0.0,,0.0
,,,0.1127232164144516,,0.96875,,,,,,,,,,,1.0,1.0,,,,,7115,,,,0.0,,0.0,,0.0
,,,0.125,,0.9921875,,,,,,,,,,,1.0,1.0,,,,,7116,,,,0.0,,0.0,,0.0
,,,0.35694581270217896,,0.9913793206214905,,,,,,,,,,,1.0,1.0,,,,,7117,,,,0.0,,0.0,,0.0
,,,0.3229166567325592,,0.9921875,,,,,,,,,,,1.0,1.0,,,,,7118,,,,0.0,,0.0,,0.0
,,,0.18906250596046448,,1.0,,,,,,,,,,,1.0,1.0,,,,,7119,,,,0.0,,0.0,,0.0
,,,0.2848462462425232,,0.9836065769195557,,,,,,,,,,,1.0,1.0,,,,,7120,,,,0.0,,0.0,,0.0
,,,0.07968749850988388,,1.0,,,,,,,,,,,1.0,1.0,,,,,7121,,,,0.0,,0.0,,0.0
,,,0.0789930522441864,,0.9921875,,,,,,,,,,,1.0,1.0,,,,,7122,,,,0.0,,0.0,,0.0
,,,0.2340485006570816,,1.0,,,,,,,,,,,1.0,1.0,,,,,7123,,,,0.0,,0.0,,0.0
,,,0.1471354216337204,,0.984375,,,,,,,,,,,1.0,1.0,,,,,7124,,,,0.0,,0.0,,0.0
,,,0.22265625,,0.984375,,,,,,,,,,,1.0,1.0,,,,,7125,,,,0.0,,0.0,,0.0
,,,0.28977271914482117,,0.9568182229995728,,,,,,,,,,,1.0,1.0,,,,,7126,,,,0.0,,0.0,,0.0
,,,0.109375,,0.953125,,,,,,,,,,,1.0,1.0,,,,,7127,,,,0.0,,0.0,,0.0
,,,0.1227678582072258,,0.9453125,,,,,,,,,,,1.0,1.0,,,,,7128,,,,0.0,,0.0,,0.0
,,,0.24915072321891785,,0.9734042882919312,,,,,,,,,,,1.0,1.0,,,,,7129,,,,0.0,,0.0,,0.0
,,,0.1575520783662796,,1.0,,,,,,,,,,,1.0,1.0,,,,,7130,,,,0.0,,0.0,,0.0
,,,0.1142578125,,1.0,,,,,,,,,,,1.0,1.0,,,,,7131,,,,0.0,,0.0,,0.0
,,,0.1294642835855484,,1.0,,,,,,,,,,,1.0,1.0,,,,,7132,,,,0.0,,0.0,,0.0
,,,0.32020998001098633,,0.9960629940032959,,,,,,,,,,,1.0,1.0,,,,,7133,,,,0.0,,0.0,,0.0
,,,0.1283482164144516,,0.9921875,,,,,,,,,,,1.0,1.0,,,,,7134,,,,0.0,,0.0,,0.0
,,,0.171875,,1.0,,,,,,,,,,,1.0,1.0,,,,,7135,,,,0.0,,0.0,,0.0
,,,0.2183908075094223,,0.982758641242981,,,,,,,,,,,1.0,1.0,,,,,7136,,,,0.0,,0.0,,0.0
,,,0.0966796875,,0.9296875,,,,,,,,,,,1.0,1.0,,,,,7137,,,,0.0,,0.0,,0.0
,,,0.0954861119389534,,0.9921875,,,,,,,,,,,1.0,1.0,,,,,7138,,,,0.0,,0.0,,0.0
,,,0.14932160079479218,,0.9666299819946289,,,,,,,,,,,1.0,1.0,,,,,7139,,,,0.0,,0.0,,0.0
,,,0.15312500298023224,,0.984375,,,,,,,,,,,1.0,1.0,,,,,7140,,,,0.0,,0.0,,0.0
,,,0.1049107164144516,,1.0,,,,,,,,,,,1.0,1.0,,,,,7141,,,,0.0,,0.0,,0.0
,,,0.2261904776096344,,0.9947916269302368,,,,,,,,,,,1.0,1.0,,,,,7142,,,,0.0,,0.0,,0.0
,,,0.1183035746216774,,0.9765625,,,,,,,,,,,1.0,1.0,,,,,7143,,,,0.0,,0.0,,0.0
,,,0.1194196417927742,,0.984375,,,,,,,,,,,1.0,1.0,,,,,7144,,,,0.0,,0.0,,0.0
,,,0.25692135095596313,,0.9883720874786377,,,,,,,,,,,1.0,1.0,,,,,7145,,,,0.0,,0.0,,0.0
,,,0.16093750298023224,,0.9765625,,,,,,,,,,,1.0,1.0,,,,,7146,,,,0.0,,0.0,,0.0
,,,0.1082589253783226,,0.984375,,,,,,,,,,,1.0,1.0,,,,,7147,,,,0.0,,0.0,,0.0
,,,0.34761059284210205,,0.9955751895904541,,,,,,,,,,,1.0,1.0,,,,,7148,,,,0.0,,0.0,,0.0
,,,0.244140625,,1.0,,,,,,,,,,,1.0,1.0,,,,,7149,,,,0.0,,0.0,,0.0
,,,0.18593749403953552,,0.984375,,,,,,,,,,,1.0,1.0,,,,,7150,,,,0.0,,0.0,,0.0
,,,0.23997116088867188,,1.0,,,,,,,,,,,1.0,1.0,,,,,7151,,,,0.0,,0.0,,0.0
,,,0.1116071417927742,,1.0,,,,,,,,,,,1.0,1.0,,,,,7152,,,,0.0,,0.0,,0.0
,,,0.06953124701976776,,0.9921875,,,,,,,,,,,1.0,1.0,,,,,7153,,,,0.0,,0.0,,0.0
,,,0.23994708061218262,,0.9907407760620117,,,,,,,,,,,1.0,1.0,,,,,7154,,,,0.0,,0.0,,0.0
,,,0.17343750596046448,,0.9921875,,,,,,,,,,,1.0,1.0,,,,,7155,,,,0.0,,0.0,,0.0
,,,0.224609375,,1.0,,,,,,,,,,,1.0,1.0,,,,,7156,,,,0.0,,0.0,,0.0
,,,0.295046865940094,,0.9647924900054932,,,,,,,,,,,1.0,1.0,,,,,7157,,,,0.0,,0.0,,0.0
,,,0.1238839253783226,,0.953125,,,,,,,,,,,1.0,1.0,,,,,7158,,,,0.0,,0.0,,0.0
,,,0.1064453125,,0.953125,,,,,,,,,,,1.0,1.0,,,,,7159,,,,0.0,,0.0,,0.0
,,,0.2512277662754059,,0.9607843160629272,,,,,,,,,,,1.0,1.0,,,,,7160,,,,0.0,,0.0,,0.0
,,,0.18437500298023224,,1.0,,,,,,,,,,,1.0,1.0,,,,,7161,,,,0.0,,0.0,,0.0
,,,0.1142578125,,1.0,,,,,,,,,,,1.0,1.0,,,,,7162,,,,0.0,,0.0,,0.0
,,,0.2690238952636719,,1.0,,,,,,,,,,,1.0,1.0,,,,,7163,,,,0.0,,0.0,,0.0
,,,0.1272321492433548,,0.9921875,,,,,,,,,,,1.0,1.0,,,,,7164,,,,0.0,,0.0,,0.0
,,,0.1497395783662796,,0.9921875,,,,,,,,,,,1.0,1.0,,,,,7165,,,,0.0,,0.0,,0.0
,,,0.2950892448425293,,1.0,,,,,,,,,,,1.0,1.0,,,,,7166,,,,0.0,,0.0,,0.0
,,,0.1025390625,,0.9609375,,,,,,,,,,,1.0,1.0,,,,,7167,,,,0.0,,0.0,,0.0
,,,0.0947265625,,0.9375,,,,,,,,,,,1.0,1.0,,,,,7168,,,,0.0,,0.0,,0.0
,,,0.193452388048172,,0.9910714626312256,,,,,,,,,,,1.0,1.0,,,,,7169,,,,0.0,,0.0,,0.0
,,,0.1236979141831398,,0.96875,,,,,,,,,,,1.0,1.0,,,,,7170,,,,0.0,,0.0,,0.0
,,,0.1276041716337204,,0.9921875,,,,,,,,,,,1.0,1.0,,,,,7171,,,,0.0,,0.0,,0.0
,,,0.1962898224592209,,0.995726466178894,,,,,,,,,,,1.0,1.0,,,,,7172,,,,0.0,,0.0,,0.0
,,,0.17343750596046448,,0.9921875,,,,,,,,,,,1.0,1.0,,,,,7173,,,,0.0,,0.0,,0.0
,,,0.1160714253783226,,0.9765625,,,,,,,,,,,1.0,1.0,,,,,7174,,,,0.0,,0.0,,0.0
,,,0.16850394010543823,,0.9842519760131836,,,,,,,,,,,1.0,1.0,,,,,7175,,,,0.0,,0.0,,0.0
77,0.8370755910873413,0.8448280096054077,,0.9836748838424683,,,,,,,,,,,,,,211.87977600097656,101215.0703125,5.356019020080566,362.78582763671875,17237,,,0.0,,0.0,,0.0,
77,,,,,,0.2639232277870178,,0.4299990236759186,,8.303838729858398,,,,,,,,,,,,17237,0.6024035811424255,,,,,,,
,,,,,,,,,,,,,,0.03,0.0004,,,,,,,17249,,,,,,,,
78,,,,,,,0.2685032784938812,,0.4359837472438812,,8.375,0.00039999998989515007,0.029999999329447746,,,1.0,1.0,,,,,17249,,0.7219610214233398,,,,,,
,,,,,,,,,,,,,,0.03,0.0004,,,,,,,17299,,,,,,,,
78,,,,,,,0.26017481088638306,,0.41679102182388306,,7.828125,0.00039999998989515007,0.029999999329447746,,,1.0,1.0,,,,,17299,,0.6024143695831299,,,,,,
,,,,,,,,,,,,,,0.03,0.0004,,,,,,,17349,,,,,,,,
78,,,,,,,0.2770387530326843,,0.4406129717826843,,8.1796875,0.00039999998989515007,0.029999999329447746,,,1.0,1.0,,,,,17349,,0.7450164556503296,,,,,,
,,,,,,,,,,,,,,0.03,0.0004,,,,,,,17399,,,,,,,,
78,,,,,,,0.2590189278125763,,0.4188089668750763,,7.9921875,0.00039999998989515007,0.029999999329447746,,,1.0,1.0,,,,,17399,,0.6583335995674133,,,,,,
,,,,,,,,,,,,,,0.03,0.0004,,,,,,,17449,,,,,,,,
78,,,,,,,0.2826118767261505,,0.4489937126636505,,8.3203125,0.00039999998989515007,0.029999999329447746,,,1.0,1.0,,,,,17449,,0.4928876459598541,,,,,,
,,,0.1341145783662796,,0.984375,,,,,,,,,,,1.0,1.0,,,,,7176,,,,0.0,,0.0,,0.0
,,,0.16249999403953552,,1.0,,,,,,,,,,,1.0,1.0,,,,,7177,,,,0.0,,0.0,,0.0
,,,0.20640814304351807,,0.9765310287475586,,,,,,,,,,,1.0,1.0,,,,,7178,,,,0.0,,0.0,,0.0
,,,0.15625,,1.0,,,,,,,,,,,1.0,1.0,,,,,7179,,,,0.0,,0.0,,0.0
,,,0.1796875,,1.0,,,,,,,,,,,1.0,1.0,,,,,7180,,,,0.0,,0.0,,0.0
,,,0.24954211711883545,,0.9855769276618958,,,,,,,,,,,1.0,1.0,,,,,7181,,,,0.0,,0.0,,0.0
,,,0.1025390625,,1.0,,,,,,,,,,,1.0,1.0,,,,,7182,,,,0.0,,0.0,,0.0
,,,0.0885416641831398,,1.0,,,,,,,,,,,1.0,1.0,,,,,7183,,,,0.0,,0.0,,0.0
,,,0.16866780817508698,,0.9952830076217651,,,,,,,,,,,1.0,1.0,,,,,7184,,,,0.0,,0.0,,0.0
,,,0.1294642835855484,,1.0,,,,,,,,,,,1.0,1.0,,,,,7185,,,,0.0,,0.0,,0.0
,,,0.1261160671710968,,0.984375,,,,,,,,,,,1.0,1.0,,,,,7186,,,,0.0,,0.0,,0.0
,,,0.17343750596046448,,0.9921875,,,,,,,,,,,1.0,1.0,,,,,7187,,,,0.0,,0.0,,0.0
,,,0.195333331823349,,0.972000002861023,,,,,,,,,,,1.0,1.0,,,,,7188,,,,0.0,,0.0,,0.0
,,,0.1536458283662796,,0.984375,,,,,,,,,,,1.0,1.0,,,,,7189,,,,0.0,,0.0,,0.0
,,,0.0972222238779068,,0.96875,,,,,,,,,,,1.0,1.0,,,,,7190,,,,0.0,,0.0,,0.0
,,,0.2482326328754425,,0.9444444179534912,,,,,,,,,,,1.0,1.0,,,,,7191,,,,0.0,,0.0,,0.0
,,,0.1419270783662796,,0.9921875,,,,,,,,,,,1.0,1.0,,,,,7192,,,,0.0,,0.0,,0.0
,,,0.1015625,,1.0,,,,,,,,,,,1.0,1.0,,,,,7193,,,,0.0,,0.0,,0.0
,,,0.2495361715555191,,1.0,,,,,,,,,,,1.0,1.0,,,,,7194,,,,0.0,,0.0,,0.0
,,,0.0920138880610466,,0.9921875,,,,,,,,,,,1.0,1.0,,,,,7195,,,,0.0,,0.0,,0.0
,,,0.1272321492433548,,0.984375,,,,,,,,,,,1.0,1.0,,,,,7196,,,,0.0,,0.0,,0.0
,,,0.19987547397613525,,0.9566625356674194,,,,,,,,,,,1.0,1.0,,,,,7197,,,,0.0,,0.0,,0.0
,,,0.07656250149011612,,0.9140625,,,,,,,,,,,1.0,1.0,,,,,7198,,,,0.0,,0.0,,0.0
,,,0.0911458358168602,,0.9296875,,,,,,,,,,,1.0,1.0,,,,,7199,,,,0.0,,0.0,,0.0
,,,0.1665024608373642,,0.985714316368103,,,,,,,,,,,1.0,1.0,,,,,7200,,,,0.0,,0.0,,0.0
,,,0.18281249701976776,,1.0,,,,,,,,,,,1.0,1.0,,,,,7201,,,,0.0,,0.0,,0.0
,,,0.18906250596046448,,1.0,,,,,,,,,,,1.0,1.0,,,,,7202,,,,0.0,,0.0,,0.0
,,,0.27467507123947144,,0.9811320900917053,,,,,,,,,,,1.0,1.0,,,,,7203,,,,0.0,,0.0,,0.0
,,,0.16562500596046448,,0.984375,,,,,,,,,,,1.0,1.0,,,,,7204,,,,0.0,,0.0,,0.0
,,,0.0986328125,,0.9765625,,,,,,,,,,,1.0,1.0,,,,,7205,,,,0.0,,0.0,,0.0
,,,0.22392027080059052,,0.9764705896377563,,,,,,,,,,,1.0,1.0,,,,,7206,,,,0.0,,0.0,,0.0
,,,0.1149553582072258,,0.984375,,,,,,,,,,,1.0,1.0,,,,,7207,,,,0.0,,0.0,,0.0
,,,0.1127232164144516,,0.984375,,,,,,,,,,,1.0,1.0,,,,,7208,,,,0.0,,0.0,,0.0
,,,0.24637578427791595,,0.9928570985794067,,,,,,,,,,,1.0,1.0,,,,,7209,,,,0.0,,0.0,,0.0
,,,0.1510416716337204,,1.0,,,,,,,,,,,1.0,1.0,,,,,7210,,,,0.0,,0.0,,0.0
,,,0.1549479216337204,,0.9921875,,,,,,,,,,,1.0,1.0,,,,,7211,,,,0.0,,0.0,,0.0
,,,0.21140199899673462,,0.9761438369750977,,,,,,,,,,,1.0,1.0,,,,,7212,,,,0.0,,0.0,,0.0
,,,0.103515625,,1.0,,,,,,,,,,,1.0,1.0,,,,,7213,,,,0.0,,0.0,,0.0
,,,0.0850694477558136,,0.9921875,,,,,,,,,,,1.0,1.0,,,,,7214,,,,0.0,,0.0,,0.0
,,,0.17520010471343994,,1.0,,,,,,,,,,,1.0,1.0,,,,,7215,,,,0.0,,0.0,,0.0
,,,0.1283482164144516,,0.9921875,,,,,,,,,,,1.0,1.0,,,,,7216,,,,0.0,,0.0,,0.0
,,,0.18125000596046448,,0.9921875,,,,,,,,,,,1.0,1.0,,,,,7217,,,,0.0,,0.0,,0.0
,,,0.2551947832107544,,0.9443181753158569,,,,,,,,,,,1.0,1.0,,,,,7218,,,,0.0,,0.0,,0.0
,,,0.111328125,,0.9765625,,,,,,,,,,,1.0,1.0,,,,,7219,,,,0.0,,0.0,,0.0
,,,0.1123046875,,0.9765625,,,,,,,,,,,1.0,1.0,,,,,7220,,,,0.0,,0.0,,0.0
,,,0.24110496044158936,,0.9840425252914429,,,,,,,,,,,1.0,1.0,,,,,7221,,,,0.0,,0.0,,0.0
,,,0.216796875,,1.0,,,,,,,,,,,1.0,1.0,,,,,7222,,,,0.0,,0.0,,0.0
,,,0.1205357164144516,,0.9921875,,,,,,,,,,,1.0,1.0,,,,,7223,,,,0.0,,0.0,,0.0
,,,0.1227678582072258,,1.0,,,,,,,,,,,1.0,1.0,,,,,7224,,,,0.0,,0.0,,0.0
,,,0.11122047156095505,,0.9960629940032959,,,,,,,,,,,1.0,1.0,,,,,7225,,,,0.0,,0.0,,0.0
,,,0.125,,0.984375,,,,,,,,,,,1.0,1.0,,,,,7226,,,,0.0,,0.0,,0.0
,,,0.1216517835855484,,0.984375,,,,,,,,,,,1.0,1.0,,,,,7227,,,,0.0,,0.0,,0.0
,,,0.16507023572921753,,0.9698275923728943,,,,,,,,,,,1.0,1.0,,,,,7228,,,,0.0,,0.0,,0.0
,,,0.07578124850988388,,0.8828125,,,,,,,,,,,1.0,1.0,,,,,7229,,,,0.0,,0.0,,0.0
,,,0.0928819477558136,,0.96875,,,,,,,,,,,1.0,1.0,,,,,7230,,,,0.0,,0.0,,0.0
,,,0.16787679493427277,,0.9814814925193787,,,,,,,,,,,1.0,1.0,,,,,7231,,,,0.0,,0.0,,0.0
,,,0.236328125,,1.0,,,,,,,,,,,1.0,1.0,,,,,7232,,,,0.0,,0.0,,0.0
,,,0.1875,,1.0,,,,,,,,,,,1.0,1.0,,,,,7233,,,,0.0,,0.0,,0.0
,,,0.2777777910232544,,0.984375,,,,,,,,,,,1.0,1.0,,,,,7234,,,,0.0,,0.0,,0.0
,,,0.1149553582072258,,0.9765625,,,,,,,,,,,1.0,1.0,,,,,7235,,,,0.0,,0.0,,0.0
,,,0.1025390625,,0.96875,,,,,,,,,,,1.0,1.0,,,,,7236,,,,0.0,,0.0,,0.0
,,,0.22528082132339478,,0.976190447807312,,,,,,,,,,,1.0,1.0,,,,,7237,,,,0.0,,0.0,,0.0
,,,0.13671875,,0.984375,,,,,,,,,,,1.0,1.0,,,,,7238,,,,0.0,,0.0,,0.0
,,,0.1127232164144516,,0.984375,,,,,,,,,,,1.0,1.0,,,,,7239,,,,0.0,,0.0,,0.0
,,,0.29636186361312866,,0.991150438785553,,,,,,,,,,,1.0,1.0,,,,,7240,,,,0.0,,0.0,,0.0
,,,0.15234375,,0.9921875,,,,,,,,,,,1.0,1.0,,,,,7241,,,,0.0,,0.0,,0.0
,,,0.1294642835855484,,0.984375,,,,,,,,,,,1.0,1.0,,,,,7242,,,,0.0,,0.0,,0.0
,,,0.23852813243865967,,0.9954545497894287,,,,,,,,,,,1.0,1.0,,,,,7243,,,,0.0,,0.0,,0.0
,,,0.0885416641831398,,1.0,,,,,,,,,,,1.0,1.0,,,,,7244,,,,0.0,,0.0,,0.0
,,,0.0833333358168602,,0.9921875,,,,,,,,,,,1.0,1.0,,,,,7245,,,,0.0,,0.0,,0.0
,,,0.24576720595359802,,1.0,,,,,,,,,,,1.0,1.0,,,,,7246,,,,0.0,,0.0,,0.0
,,,0.1484375,,0.9921875,,,,,,,,,,,1.0,1.0,,,,,7247,,,,0.0,,0.0,,0.0
,,,0.1796875,,1.0,,,,,,,,,,,1.0,1.0,,,,,7248,,,,0.0,,0.0,,0.0
,,,0.30075860023498535,,0.9647924900054932,,,,,,,,,,,1.0,1.0,,,,,7249,,,,0.0,,0.0,,0.0
,,,0.1305803507566452,,0.9765625,,,,,,,,,,,1.0,1.0,,,,,7250,,,,0.0,,0.0,,0.0
,,,0.1283482164144516,,0.984375,,,,,,,,,,,1.0,1.0,,,,,7251,,,,0.0,,0.0,,0.0
,,,0.24664410948753357,,0.970588207244873,,,,,,,,,,,1.0,1.0,,,,,7252,,,,0.0,,0.0,,0.0
,,,0.17343750596046448,,0.9921875,,,,,,,,,,,1.0,1.0,,,,,7253,,,,0.0,,0.0,,0.0
,,,0.1183035746216774,,1.0,,,,,,,,,,,1.0,1.0,,,,,7254,,,,0.0,,0.0,,0.0
,,,0.23103544116020203,,1.0,,,,,,,,,,,1.0,1.0,,,,,7255,,,,0.0,,0.0,,0.0
,,,0.0920138880610466,,0.9921875,,,,,,,,,,,1.0,1.0,,,,,7256,,,,0.0,,0.0,,0.0
,,,0.1471354216337204,,0.984375,,,,,,,,,,,1.0,1.0,,,,,7257,,,,0.0,,0.0,,0.0
,,,0.22389423847198486,,0.9735616445541382,,,,,,,,,,,1.0,1.0,,,,,7258,,,,0.0,,0.0,,0.0
,,,0.0850694477558136,,0.921875,,,,,,,,,,,1.0,1.0,,,,,7259,,,,0.0,,0.0,,0.0
,,,0.07656250149011612,,0.890625,,,,,,,,,,,1.0,1.0,,,,,7260,,,,0.0,,0.0,,0.0
,,,0.2232142835855484,,0.9866071343421936,,,,,,,,,,,1.0,1.0,,,,,7261,,,,0.0,,0.0,,0.0
,,,0.1510416716337204,,1.0,,,,,,,,,,,1.0,1.0,,,,,7262,,,,0.0,,0.0,,0.0
,,,0.18593749403953552,,1.0,,,,,,,,,,,1.0,1.0,,,,,7263,,,,0.0,,0.0,,0.0
,,,0.33519816398620605,,1.0,,,,,,,,,,,1.0,1.0,,,,,7264,,,,0.0,,0.0,,0.0
,,,0.1160714253783226,,0.9765625,,,,,,,,,,,1.0,1.0,,,,,7265,,,,0.0,,0.0,,0.0
,,,0.0986328125,,0.9765625,,,,,,,,,,,1.0,1.0,,,,,7266,,,,0.0,,0.0,,0.0
,,,0.13648293912410736,,0.960629940032959,,,,,,,,,,,1.0,1.0,,,,,7267,,,,0.0,,0.0,,0.0
78,0.8389557003974915,0.8521502017974854,,0.9822890162467957,,,,,,,,,,,,,,213.41310119628906,110984.59375,5.363229751586914,365.9674072265625,17458,,,0.0,,0.0,,0.0,
78,,,,,,0.26301810145378113,,0.4289615750312805,,8.297069549560547,,,,,,,,,,,,17458,0.58642578125,,,,,,,
,,,,,,,,,,,,,,0.03,0.0004,,,,,,,17499,,,,,,,,
79,,,,,,,0.25975388288497925,,0.43089646100997925,,8.5546875,0.00039999998989515007,0.029999999329447746,,,1.0,1.0,,,,,17499,,0.584243655204773,,,,,,
,,,,,,,,,,,,,,0.03,0.0004,,,,,,,17549,,,,,,,,
79,,,,,,,0.2721565365791321,,0.4411018490791321,,8.4453125,0.00039999998989515007,0.029999999329447746,,,1.0,1.0,,,,,17549,,0.5096535086631775,,,,,,
,,,,,,,,,,,,,,0.03,0.0004,,,,,,,17599,,,,,,,,
79,,,,,,,0.25522178411483765,,0.43783897161483765,,9.1328125,0.00039999998989515007,0.029999999329447746,,,1.0,1.0,,,,,17599,,0.5391871333122253,,,,,,
,,,,,,,,,,,,,,0.03,0.0004,,,,,,,17649,,,,,,,,
79,,,,,,,0.25114643573760986,,0.41276752948760986,,8.078125,0.00039999998989515007,0.029999999329447746,,,1.0,1.0,,,,,17649,,0.5364422798156738,,,,,,
,,,0.0830078125,,0.8828125,,,,,,,,,,,1.0,1.0,,,,,7268,,,,0.0,,0.0,,0.0
,,,0.0807291641831398,,0.9375,,,,,,,,,,,1.0,1.0,,,,,7269,,,,0.0,,0.0,,0.0
,,,0.18098846077919006,,0.941877543926239,,,,,,,,,,,1.0,1.0,,,,,7270,,,,0.0,,0.0,,0.0
,,,0.18593749403953552,,0.9765625,,,,,,,,,,,1.0,1.0,,,,,7271,,,,0.0,,0.0,,0.0
,,,0.1510416716337204,,1.0,,,,,,,,,,,1.0,1.0,,,,,7272,,,,0.0,,0.0,,0.0
,,,0.20512819290161133,,0.995192289352417,,,,,,,,,,,1.0,1.0,,,,,7273,,,,0.0,,0.0,,0.0
,,,0.0842013880610466,,0.9921875,,,,,,,,,,,1.0,1.0,,,,,7274,,,,0.0,,0.0,,0.0
,,,0.1004464253783226,,0.9921875,,,,,,,,,,,1.0,1.0,,,,,7275,,,,0.0,,0.0,,0.0
,,,0.1939203441143036,,0.9952830076217651,,,,,,,,,,,1.0,1.0,,,,,7276,,,,0.0,,0.0,,0.0
,,,0.19374999403953552,,1.0,,,,,,,,,,,1.0,1.0,,,,,7277,,,,0.0,,0.0,,0.0
,,,0.3229166567325592,,0.9921875,,,,,,,,,,,1.0,1.0,,,,,7278,,,,0.0,,0.0,,0.0
,,,0.328125,,1.0,,,,,,,,,,,1.0,1.0,,,,,7279,,,,0.0,,0.0,,0.0
,,,0.3792000114917755,,0.9839999675750732,,,,,,,,,,,1.0,1.0,,,,,7280,,,,0.0,,0.0,,0.0
,,,0.1305803507566452,,0.984375,,,,,,,,,,,1.0,1.0,,,,,7281,,,,0.0,,0.0,,0.0
,,,0.17499999701976776,,0.9765625,,,,,,,,,,,1.0,1.0,,,,,7282,,,,0.0,,0.0,,0.0
,,,0.26579520106315613,,0.9957983493804932,,,,,,,,,,,1.0,1.0,,,,,7283,,,,0.0,,0.0,,0.0
,,,0.1223958358168602,,0.9609375,,,,,,,,,,,1.0,1.0,,,,,7284,,,,0.0,,0.0,,0.0
,,,0.083984375,,0.9765625,,,,,,,,,,,1.0,1.0,,,,,7285,,,,0.0,,0.0,,0.0
,,,0.2857142686843872,,0.9772727489471436,,,,,,,,,,,1.0,1.0,,,,,7286,,,,0.0,,0.0,,0.0
,,,0.1316964328289032,,1.0,,,,,,,,,,,1.0,1.0,,,,,7287,,,,0.0,,0.0,,0.0
,,,0.19218750298023224,,1.0,,,,,,,,,,,1.0,1.0,,,,,7288,,,,0.0,,0.0,,0.0
,,,0.25184130668640137,,0.965753436088562,,,,,,,,,,,1.0,1.0,,,,,7289,,,,0.0,,0.0,,0.0
,,,0.0876736119389534,,0.9765625,,,,,,,,,,,1.0,1.0,,,,,7290,,,,0.0,,0.0,,0.0
,,,0.1171875,,0.9609375,,,,,,,,,,,1.0,1.0,,,,,7291,,,,0.0,,0.0,,0.0
,,,0.1785987913608551,,0.985714316368103,,,,,,,,,,,1.0,1.0,,,,,7292,,,,0.0,,0.0,,0.0
,,,0.1227678582072258,,0.9921875,,,,,,,,,,,1.0,1.0,,,,,7293,,,,0.0,,0.0,,0.0
,,,0.1294642835855484,,0.9921875,,,,,,,,,,,1.0,1.0,,,,,7294,,,,0.0,,0.0,,0.0
,,,0.23399820923805237,,1.0,,,,,,,,,,,1.0,1.0,,,,,7295,,,,0.0,,0.0,,0.0
,,,0.18437500298023224,,1.0,,,,,,,,,,,1.0,1.0,,,,,7296,,,,0.0,,0.0,,0.0
,,,0.10546875,,0.9765625,,,,,,,,,,,1.0,1.0,,,,,7297,,,,0.0,,0.0,,0.0
,,,0.1794193685054779,,0.93597811460495,,,,,,,,,,,1.0,1.0,,,,,7298,,,,0.0,,0.0,,0.0
,,,0.0729166641831398,,0.9140625,,,,,,,,,,,1.0,1.0,,,,,7299,,,,0.0,,0.0,,0.0
,,,0.0859375,,0.9375,,,,,,,,,,,1.0,1.0,,,,,7300,,,,0.0,,0.0,,0.0
,,,0.2087438404560089,,0.9512315392494202,,,,,,,,,,,1.0,1.0,,,,,7301,,,,0.0,,0.0,,0.0
,,,0.1510416716337204,,0.984375,,,,,,,,,,,1.0,1.0,,,,,7302,,,,0.0,,0.0,,0.0
,,,0.1549479216337204,,0.9921875,,,,,,,,,,,1.0,1.0,,,,,7303,,,,0.0,,0.0,,0.0
,,,0.1764673888683319,,0.9843406081199646,,,,,,,,,,,1.0,1.0,,,,,7304,,,,0.0,,0.0,,0.0
,,,0.091796875,,1.0,,,,,,,,,,,1.0,1.0,,,,,7305,,,,0.0,,0.0,,0.0
,,,0.0993303582072258,,0.9921875,,,,,,,,,,,1.0,1.0,,,,,7306,,,,0.0,,0.0,,0.0
,,,0.21639195084571838,,1.0,,,,,,,,,,,1.0,1.0,,,,,7307,,,,0.0,,0.0,,0.0
,,,0.2421875,,1.0,,,,,,,,,,,1.0,1.0,,,,,7308,,,,0.0,,0.0,,0.0
,,,0.3229166567325592,,0.9921875,,,,,,,,,,,1.0,1.0,,,,,7309,,,,0.0,,0.0,,0.0
,,,0.4693181812763214,,0.9624999761581421,,,,,,,,,,,1.0,1.0,,,,,7310,,,,0.0,,0.0,,0.0
,,,0.1484375,,0.984375,,,,,,,,,,,1.0,1.0,,,,,7311,,,,0.0,,0.0,,0.0
,,,0.11328125,,0.9765625,,,,,,,,,,,1.0,1.0,,,,,7312,,,,0.0,,0.0,,0.0
,,,0.25500625371932983,,0.9852941036224365,,,,,,,,,,,1.0,1.0,,,,,7313,,,,0.0,,0.0,,0.0
,,,0.125,,0.984375,,,,,,,,,,,1.0,1.0,,,,,7314,,,,0.0,,0.0,,0.0
,,,0.1015625,,0.9765625,,,,,,,,,,,1.0,1.0,,,,,7315,,,,0.0,,0.0,,0.0
,,,0.091796875,,0.953125,,,,,,,,,,,1.0,1.0,,,,,7316,,,,0.0,,0.0,,0.0
,,,0.11614172905683517,,1.0,,,,,,,,,,,1.0,1.0,,,,,7317,,,,0.0,,0.0,,0.0
,,,0.15625,,1.0,,,,,,,,,,,1.0,1.0,,,,,7318,,,,0.0,,0.0,,0.0
,,,0.19218750298023224,,1.0,,,,,,,,,,,1.0,1.0,,,,,7319,,,,0.0,,0.0,,0.0
,,,0.20043103396892548,,0.982758641242981,,,,,,,,,,,1.0,1.0,,,,,7320,,,,0.0,,0.0,,0.0
,,,0.095703125,,0.9375,,,,,,,,,,,1.0,1.0,,,,,7321,,,,0.0,,0.0,,0.0
,,,0.1183035746216774,,0.9765625,,,,,,,,,,,1.0,1.0,,,,,7322,,,,0.0,,0.0,,0.0
,,,0.23804284632205963,,1.0,,,,,,,,,,,1.0,1.0,,,,,7323,,,,0.0,,0.0,,0.0
,,,0.1283482164144516,,0.9921875,,,,,,,,,,,1.0,1.0,,,,,7324,,,,0.0,,0.0,,0.0
,,,0.1216517835855484,,0.9921875,,,,,,,,,,,1.0,1.0,,,,,7325,,,,0.0,,0.0,,0.0
,,,0.2864583134651184,,1.0,,,,,,,,,,,1.0,1.0,,,,,7326,,,,0.0,,0.0,,0.0
,,,0.14453125,,0.984375,,,,,,,,,,,1.0,1.0,,,,,7327,,,,0.0,,0.0,,0.0
,,,0.1261160671710968,,0.984375,,,,,,,,,,,1.0,1.0,,,,,7328,,,,0.0,,0.0,,0.0
,,,0.18999169766902924,,0.9476743936538696,,,,,,,,,,,1.0,1.0,,,,,7329,,,,0.0,,0.0,,0.0
,,,0.0746527761220932,,0.921875,,,,,,,,,,,1.0,1.0,,,,,7330,,,,0.0,,0.0,,0.0
,,,0.0869140625,,0.9296875,,,,,,,,,,,1.0,1.0,,,,,7331,,,,0.0,,0.0,,0.0
,,,0.21393805742263794,,0.982300877571106,,,,,,,,,,,1.0,1.0,,,,,7332,,,,0.0,,0.0,,0.0
,,,0.1305803507566452,,1.0,,,,,,,,,,,1.0,1.0,,,,,7333,,,,0.0,,0.0,,0.0
,,,0.1549479216337204,,0.9921875,,,,,,,,,,,1.0,1.0,,,,,7334,,,,0.0,,0.0,,0.0
,,,0.19747474789619446,,0.9954545497894287,,,,,,,,,,,1.0,1.0,,,,,7335,,,,0.0,,0.0,,0.0
,,,0.0908203125,,1.0,,,,,,,,,,,1.0,1.0,,,,,7336,,,,0.0,,0.0,,0.0
,,,0.0772569477558136,,0.9921875,,,,,,,,,,,1.0,1.0,,,,,7337,,,,0.0,,0.0,,0.0
,,,0.29228395223617554,,1.0,,,,,,,,,,,1.0,1.0,,,,,7338,,,,0.0,,0.0,,0.0
,,,0.3229166567325592,,0.9921875,,,,,,,,,,,1.0,1.0,,,,,7339,,,,0.0,,0.0,,0.0
,,,0.49609375,,1.0,,,,,,,,,,,1.0,1.0,,,,,7340,,,,0.0,,0.0,,0.0
,,,0.46479249000549316,,0.9879518151283264,,,,,,,,,,,1.0,1.0,,,,,7341,,,,0.0,,0.0,,0.0
,,,0.1283482164144516,,0.984375,,,,,,,,,,,1.0,1.0,,,,,7342,,,,0.0,,0.0,,0.0
,,,0.1497395783662796,,0.9765625,,,,,,,,,,,1.0,1.0,,,,,7343,,,,0.0,,0.0,,0.0
,,,0.3154061734676361,,0.9935064911842346,,,,,,,,,,,1.0,1.0,,,,,7344,,,,0.0,,0.0,,0.0
,,,0.12109375,,0.9609375,,,,,,,,,,,1.0,1.0,,,,,7345,,,,0.0,,0.0,,0.0
,,,0.1015625,,0.9765625,,,,,,,,,,,1.0,1.0,,,,,7346,,,,0.0,,0.0,,0.0
,,,0.21656976640224457,,0.9767441749572754,,,,,,,,,,,1.0,1.0,,,,,7347,,,,0.0,,0.0,,0.0
,,,0.1316964328289032,,1.0,,,,,,,,,,,1.0,1.0,,,,,7348,,,,0.0,,0.0,,0.0
,,,0.18906250596046448,,1.0,,,,,,,,,,,1.0,1.0,,,,,7349,,,,0.0,,0.0,,0.0
,,,0.27226945757865906,,1.0,,,,,,,,,,,1.0,1.0,,,,,7350,,,,0.0,,0.0,,0.0
,,,0.0894097238779068,,0.96875,,,,,,,,,,,1.0,1.0,,,,,7351,,,,0.0,,0.0,,0.0
,,,0.0966796875,,0.9296875,,,,,,,,,,,1.0,1.0,,,,,7352,,,,0.0,,0.0,,0.0
,,,0.2627550959587097,,0.9866071343421936,,,,,,,,,,,1.0,1.0,,,,,7353,,,,0.0,,0.0,,0.0
,,,0.1380208283662796,,1.0,,,,,,,,,,,1.0,1.0,,,,,7354,,,,0.0,,0.0,,0.0
,,,0.1305803507566452,,0.984375,,,,,,,,,,,1.0,1.0,,,,,7355,,,,0.0,,0.0,,0.0
,,,0.22355422377586365,,1.0,,,,,,,,,,,1.0,1.0,,,,,7356,,,,0.0,,0.0,,0.0
,,,0.1484375,,1.0,,,,,,,,,,,1.0,1.0,,,,,7357,,,,0.0,,0.0,,0.0
,,,0.1216517835855484,,0.984375,,,,,,,,,,,1.0,1.0,,,,,7358,,,,0.0,,0.0,,0.0
,,,0.14829395711421967,,0.9842519760131836,,,,,,,,,,,1.0,1.0,,,,,7359,,,,0.0,,0.0,,0.0
79,0.8359104990959167,0.8406397700309753,,0.9793621301651001,,,,,,,,,,,,,,213.97813415527344,99939.703125,5.36587381362915,365.12646484375,17679,,,0.0,,0.0,,0.0,
79,,,,,,0.2607881724834442,,0.4262590706348419,,8.273366928100586,,,,,,,,,,,,17679,0.5545995235443115,,,,,,,
,,,,,,,,,,,,,,0.03,0.0004,,,,,,,17699,,,,,,,,
80,,,,,,,0.25219249725341797,,0.42333507537841797,,8.5546875,0.00039999998989515007,0.029999999329447746,,,1.0,1.0,,,,,17699,,0.338437020778656,,,,,,
,,,,,,,,,,,,,,0.03,0.0004,,,,,,,17749,,,,,,,,
80,,,,,,,0.249769389629364,,0.405653178691864,,7.79296875,0.00039999998989515007,0.029999999329447746,,,1.0,1.0,,,,,17749,,0.4733896255493164,,,,,,
,,,,,,,,,,,,,,0.03,0.0004,,,,,,,17799,,,,,,,,
80,,,,,,,0.23904748260974884,,0.40262168645858765,,8.1796875,0.00039999998989515007,0.029999999329447746,,,1.0,1.0,,,,,17799,,0.5239294171333313,,,,,,
,,,,,,,,,,,,,,0.03,0.0004,,,,,,,17849,,,,,,,,
80,,,,,,,0.26314398646354675,,0.42574164271354675,,8.1328125,0.00039999998989515007,0.029999999329447746,,,1.0,1.0,,,,,17849,,0.6773064732551575,,,,,,
,,,,,,,,,,,,,,0.03,0.0004,,,,,,,17899,,,,,,,,
80,,,,,,,0.2697283923625946,,0.4348895251750946,,8.2578125,0.00039999998989515007,0.029999999329447746,,,1.0,1.0,,,,,17899,,0.503201961517334,,,,,,
,,,0.1497395783662796,,0.984375,,,,,,,,,,,1.0,1.0,,,,,7360,,,,0.0,,0.0,,0.0
,,,0.232421875,,1.0,,,,,,,,,,,1.0,1.0,,,,,7361,,,,0.0,,0.0,,0.0
,,,0.18844476342201233,,0.9814814925193787,,,,,,,,,,,1.0,1.0,,,,,7362,,,,0.0,,0.0,,0.0
,,,0.125,,0.953125,,,,,,,,,,,1.0,1.0,,,,,7363,,,,0.0,,0.0,,0.0
,,,0.1138392835855484,,0.9140625,,,,,,,,,,,1.0,1.0,,,,,7364,,,,0.0,,0.0,,0.0
,,,0.17485755681991577,,0.9711538553237915,,,,,,,,,,,1.0,1.0,,,,,7365,,,,0.0,,0.0,,0.0
,,,0.0798611119389534,,0.984375,,,,,,,,,,,1.0,1.0,,,,,7366,,,,0.0,,0.0,,0.0
,,,0.0703125,,0.9921875,,,,,,,,,,,1.0,1.0,,,,,7367,,,,0.0,,0.0,,0.0
,,,0.15677529573440552,,0.9952830076217651,,,,,,,,,,,1.0,1.0,,,,,7368,,,,0.0,,0.0,,0.0
,,,0.1142578125,,0.984375,,,,,,,,,,,1.0,1.0,,,,,7369,,,,0.0,,0.0,,0.0
,,,0.1497395783662796,,0.984375,,,,,,,,,,,1.0,1.0,,,,,7370,,,,0.0,,0.0,,0.0
,,,0.1103515625,,0.984375,,,,,,,,,,,1.0,1.0,,,,,7371,,,,0.0,,0.0,,0.0
,,,0.22095239162445068,,0.9760000109672546,,,,,,,,,,,1.0,1.0,,,,,7372,,,,0.0,,0.0,,0.0
,,,0.111328125,,0.9921875,,,,,,,,,,,1.0,1.0,,,,,7373,,,,0.0,,0.0,,0.0
,,,0.1305803507566452,,0.96875,,,,,,,,,,,1.0,1.0,,,,,7374,,,,0.0,,0.0,,0.0
,,,0.19514472782611847,,0.9873949289321899,,,,,,,,,,,1.0,1.0,,,,,7375,,,,0.0,,0.0,,0.0
,,,0.1082589253783226,,0.9453125,,,,,,,,,,,1.0,1.0,,,,,7376,,,,0.0,,0.0,,0.0
,,,0.0859375,,0.953125,,,,,,,,,,,1.0,1.0,,,,,7377,,,,0.0,,0.0,,0.0
,,,0.212797611951828,,0.9713203310966492,,,,,,,,,,,1.0,1.0,,,,,7378,,,,0.0,,0.0,,0.0
,,,0.1142578125,,1.0,,,,,,,,,,,1.0,1.0,,,,,7379,,,,0.0,,0.0,,0.0
,,,0.240234375,,0.9921875,,,,,,,,,,,1.0,1.0,,,,,7380,,,,0.0,,0.0,,0.0
,,,0.2505604028701782,,1.0,,,,,,,,,,,1.0,1.0,,,,,7381,,,,0.0,,0.0,,0.0
,,,0.1044921875,,1.0,,,,,,,,,,,1.0,1.0,,,,,7382,,,,0.0,,0.0,,0.0
,,,0.1283482164144516,,0.9765625,,,,,,,,,,,1.0,1.0,,,,,7383,,,,0.0,,0.0,,0.0
,,,0.22456896305084229,,0.9913793206214905,,,,,,,,,,,1.0,1.0,,,,,7384,,,,0.0,,0.0,,0.0
,,,0.1294642835855484,,1.0,,,,,,,,,,,1.0,1.0,,,,,7385,,,,0.0,,0.0,,0.0
,,,0.1305803507566452,,1.0,,,,,,,,,,,1.0,1.0,,,,,7386,,,,0.0,,0.0,,0.0
,,,0.2589038610458374,,0.9905660152435303,,,,,,,,,,,1.0,1.0,,,,,7387,,,,0.0,,0.0,,0.0
,,,0.18281249701976776,,1.0,,,,,,,,,,,1.0,1.0,,,,,7388,,,,0.0,,0.0,,0.0
,,,0.0928819477558136,,0.984375,,,,,,,,,,,1.0,1.0,,,,,7389,,,,0.0,,0.0,,0.0
,,,0.22951436042785645,,0.9882352948188782,,,,,,,,,,,1.0,1.0,,,,,7390,,,,0.0,,0.0,,0.0
,,,0.1497395783662796,,0.984375,,,,,,,,,,,1.0,1.0,,,,,7391,,,,0.0,,0.0,,0.0
,,,0.17812499403953552,,0.9921875,,,,,,,,,,,1.0,1.0,,,,,7392,,,,0.0,,0.0,,0.0
,,,0.25095003843307495,,0.9785714149475098,,,,,,,,,,,1.0,1.0,,,,,7393,,,,0.0,,0.0,,0.0
,,,0.1025390625,,0.921875,,,,,,,,,,,1.0,1.0,,,,,7394,,,,0.0,,0.0,,0.0
,,,0.1160714253783226,,0.9453125,,,,,,,,,,,1.0,1.0,,,,,7395,,,,0.0,,0.0,,0.0
,,,0.15390262007713318,,0.943356990814209,,,,,,,,,,,1.0,1.0,,,,,7396,,,,0.0,,0.0,,0.0
,,,0.0746527761220932,,0.9921875,,,,,,,,,,,1.0,1.0,,,,,7397,,,,0.0,,0.0,,0.0
,,,0.0685763880610466,,0.984375,,,,,,,,,,,1.0,1.0,,,,,7398,,,,0.0,,0.0,,0.0
,,,0.14796093106269836,,0.9920635223388672,,,,,,,,,,,1.0,1.0,,,,,7399,,,,0.0,,0.0,,0.0
,,,0.111328125,,0.9921875,,,,,,,,,,,1.0,1.0,,,,,7400,,,,0.0,,0.0,,0.0
,,,0.1316964328289032,,0.9921875,,,,,,,,,,,1.0,1.0,,,,,7401,,,,0.0,,0.0,,0.0
,,,0.2244318127632141,,0.9511363506317139,,,,,,,,,,,1.0,1.0,,,,,7402,,,,0.0,,0.0,,0.0
,,,0.1261160671710968,,0.984375,,,,,,,,,,,1.0,1.0,,,,,7403,,,,0.0,,0.0,,0.0
,,,0.15234375,,0.9765625,,,,,,,,,,,1.0,1.0,,,,,7404,,,,0.0,,0.0,,0.0
,,,0.18288485705852509,,0.9652690887451172,,,,,,,,,,,1.0,1.0,,,,,7405,,,,0.0,,0.0,,0.0
,,,0.0927734375,,0.9765625,,,,,,,,,,,1.0,1.0,,,,,7406,,,,0.0,,0.0,,0.0
,,,0.0772569477558136,,0.953125,,,,,,,,,,,1.0,1.0,,,,,7407,,,,0.0,,0.0,,0.0
,,,0.08984375,,0.9453125,,,,,,,,,,,1.0,1.0,,,,,7408,,,,0.0,,0.0,,0.0
,,,0.13385826349258423,,0.9960629940032959,,,,,,,,,,,1.0,1.0,,,,,7409,,,,0.0,,0.0,,0.0
,,,0.18593749403953552,,0.9921875,,,,,,,,,,,1.0,1.0,,,,,7410,,,,0.0,,0.0,,0.0
,,,0.1575520783662796,,1.0,,,,,,,,,,,1.0,1.0,,,,,7411,,,,0.0,,0.0,,0.0
,,,0.23275861144065857,,1.0,,,,,,,,,,,1.0,1.0,,,,,7412,,,,0.0,,0.0,,0.0
,,,0.09375,,0.9765625,,,,,,,,,,,1.0,1.0,,,,,7413,,,,0.0,,0.0,,0.0
,,,0.1305803507566452,,1.0,,,,,,,,,,,1.0,1.0,,,,,7414,,,,0.0,,0.0,,0.0
,,,0.22373488545417786,,0.9950494766235352,,,,,,,,,,,1.0,1.0,,,,,7415,,,,0.0,,0.0,,0.0
,,,0.1536458283662796,,1.0,,,,,,,,,,,1.0,1.0,,,,,7416,,,,0.0,,0.0,,0.0
,,,0.15234375,,1.0,,,,,,,,,,,1.0,1.0,,,,,7417,,,,0.0,,0.0,,0.0
,,,0.2604166865348816,,0.9947916269302368,,,,,,,,,,,1.0,1.0,,,,,7418,,,,0.0,,0.0,,0.0
,,,0.09375,,0.9921875,,,,,,,,,,,1.0,1.0,,,,,7419,,,,0.0,,0.0,,0.0
,,,0.1123046875,,0.9921875,,,,,,,,,,,1.0,1.0,,,,,7420,,,,0.0,,0.0,,0.0
,,,0.30001845955848694,,1.0,,,,,,,,,,,1.0,1.0,,,,,7421,,,,0.0,,0.0,,0.0
,,,0.1796875,,0.984375,,,,,,,,,,,1.0,1.0,,,,,7422,,,,0.0,,0.0,,0.0
,,,0.1283482164144516,,0.9921875,,,,,,,,,,,1.0,1.0,,,,,7423,,,,0.0,,0.0,,0.0
,,,0.30678465962409973,,0.9690265655517578,,,,,,,,,,,1.0,1.0,,,,,7424,,,,0.0,,0.0,,0.0
,,,0.1044921875,,0.9140625,,,,,,,,,,,1.0,1.0,,,,,7425,,,,0.0,,0.0,,0.0
,,,0.1194196417927742,,0.9375,,,,,,,,,,,1.0,1.0,,,,,7426,,,,0.0,,0.0,,0.0
,,,0.1858585774898529,,0.903030276298523,,,,,,,,,,,1.0,1.0,,,,,7427,,,,0.0,,0.0,,0.0
,,,0.0729166641831398,,0.9921875,,,,,,,,,,,1.0,1.0,,,,,7428,,,,0.0,,0.0,,0.0
,,,0.05546874925494194,,0.9765625,,,,,,,,,,,1.0,1.0,,,,,7429,,,,0.0,,0.0,,0.0
,,,0.18312758207321167,,1.0,,,,,,,,,,,1.0,1.0,,,,,7430,,,,0.0,,0.0,,0.0
,,,0.1272321492433548,,0.984375,,,,,,,,,,,1.0,1.0,,,,,7431,,,,0.0,,0.0,,0.0
,,,0.18593749403953552,,1.0,,,,,,,,,,,1.0,1.0,,,,,7432,,,,0.0,,0.0,,0.0
,,,0.31017404794692993,,0.9597054719924927,,,,,,,,,,,1.0,1.0,,,,,7433,,,,0.0,,0.0,,0.0
,,,0.1261160671710968,,0.984375,,,,,,,,,,,1.0,1.0,,,,,7434,,,,0.0,,0.0,,0.0
,,,0.1305803507566452,,0.9765625,,,,,,,,,,,1.0,1.0,,,,,7435,,,,0.0,,0.0,,0.0
,,,0.20123504102230072,,0.9772090911865234,,,,,,,,,,,1.0,1.0,,,,,7436,,,,0.0,,0.0,,0.0
,,,0.0927734375,,0.9375,,,,,,,,,,,1.0,1.0,,,,,7437,,,,0.0,,0.0,,0.0
,,,0.078125,,0.9609375,,,,,,,,,,,1.0,1.0,,,,,7438,,,,0.0,,0.0,,0.0
,,,0.21656976640224457,,0.9767441749572754,,,,,,,,,,,1.0,1.0,,,,,7439,,,,0.0,,0.0,,0.0
,,,0.1294642835855484,,0.9921875,,,,,,,,,,,1.0,1.0,,,,,7440,,,,0.0,,0.0,,0.0
,,,0.23828125,,0.9921875,,,,,,,,,,,1.0,1.0,,,,,7441,,,,0.0,,0.0,,0.0
,,,0.3178694248199463,,1.0,,,,,,,,,,,1.0,1.0,,,,,7442,,,,0.0,,0.0,,0.0
,,,0.1471354216337204,,1.0,,,,,,,,,,,1.0,1.0,,,,,7443,,,,0.0,,0.0,,0.0
,,,0.0920138880610466,,0.9765625,,,,,,,,,,,1.0,1.0,,,,,7444,,,,0.0,,0.0,,0.0
,,,0.2377232164144516,,1.0,,,,,,,,,,,1.0,1.0,,,,,7445,,,,0.0,,0.0,,0.0
,,,0.1484375,,0.9921875,,,,,,,,,,,1.0,1.0,,,,,7446,,,,0.0,,0.0,,0.0
,,,0.1536458283662796,,1.0,,,,,,,,,,,1.0,1.0,,,,,7447,,,,0.0,,0.0,,0.0
,,,0.23576423525810242,,0.995726466178894,,,,,,,,,,,1.0,1.0,,,,,7448,,,,0.0,,0.0,,0.0
,,,0.1142578125,,0.9921875,,,,,,,,,,,1.0,1.0,,,,,7449,,,,0.0,,0.0,,0.0
,,,0.1216517835855484,,0.9921875,,,,,,,,,,,1.0,1.0,,,,,7450,,,,0.0,,0.0,,0.0
,,,0.1131889745593071,,0.9921259880065918,,,,,,,,,,,1.0,1.0,,,,,7451,,,,0.0,,0.0,,0.0
80,0.8391295671463013,0.8509938716888428,,0.9805401563644409,,,,,,,,,,,,,,213.56143188476562,74695.34375,5.363924503326416,364.41705322265625,17900,,,0.0,,0.0,,0.0,
80,,,,,,0.2587894797325134,,0.4244934618473053,,8.285244941711426,,,,,,,,,,,,17900,0.5699904561042786,,,,,,,
,,,,,,,,,,,,,,0.03,0.0004,,,,,,,17949,,,,,,,,
81,,,,,,,0.2497747838497162,,0.4100531041622162,,8.015625,0.00039999998989515007,0.029999999329447746,,,1.0,1.0,,,,,17949,,0.5172700881958008,,,,,,
,,,,,,,,,,,,,,0.03,0.0004,,,,,,,17999,,,,,,,,
81,,,,,,,0.23295094072818756,,0.41446948051452637,,9.078125,0.00039999998989515007,0.029999999329447746,,,1.0,1.0,,,,,17999,,0.3940736651420593,,,,,,
,,,,,,,,,,,,,,0.03,0.0004,,,,,,,18049,,,,,,,,
81,,,,,,,0.2557750940322876,,0.4132457971572876,,7.875,0.00039999998989515007,0.029999999329447746,,,1.0,1.0,,,,,18049,,0.6378300189971924,,,,,,
,,,,,,,,,,,,,,0.03,0.0004,,,,,,,18099,,,,,,,,
81,,,,,,,0.2495804727077484,,0.4120560586452484,,8.125,0.00039999998989515007,0.029999999329447746,,,1.0,1.0,,,,,18099,,0.48426830768585205,,,,,,
,,,0.1640625,,0.984375,,,,,,,,,,,1.0,1.0,,,,,7452,,,,0.0,,0.0,,0.0
,,,0.21875,,0.9921875,,,,,,,,,,,1.0,1.0,,,,,7453,,,,0.0,,0.0,,0.0
,,,0.21846351027488708,,0.9715805053710938,,,,,,,,,,,1.0,1.0,,,,,7454,,,,0.0,,0.0,,0.0
,,,0.1875,,0.984375,,,,,,,,,,,1.0,1.0,,,,,7455,,,,0.0,,0.0,,0.0
,,,0.171875,,1.0,,,,,,,,,,,1.0,1.0,,,,,7456,,,,0.0,,0.0,,0.0
,,,0.33461540937423706,,0.9855769276618958,,,,,,,,,,,1.0,1.0,,,,,7457,,,,0.0,,0.0,,0.0
,,,0.0885416641831398,,0.9765625,,,,,,,,,,,1.0,1.0,,,,,7458,,,,0.0,,0.0,,0.0
,,,0.125,,1.0,,,,,,,,,,,1.0,1.0,,,,,7459,,,,0.0,,0.0,,0.0
,,,0.18972745537757874,,0.9952830076217651,,,,,,,,,,,1.0,1.0,,,,,7460,,,,0.0,,0.0,,0.0
,,,0.18906250596046448,,1.0,,,,,,,,,,,1.0,1.0,,,,,7461,,,,0.0,,0.0,,0.0
,,,0.232421875,,0.9921875,,,,,,,,,,,1.0,1.0,,,,,7462,,,,0.0,,0.0,,0.0
,,,0.1536458283662796,,1.0,,,,,,,,,,,1.0,1.0,,,,,7463,,,,0.0,,0.0,,0.0
,,,0.26177778840065,,0.9919999837875366,,,,,,,,,,,1.0,1.0,,,,,7464,,,,0.0,,0.0,,0.0
,,,0.1316964328289032,,0.9921875,,,,,,,,,,,1.0,1.0,,,,,7465,,,,0.0,,0.0,,0.0
,,,0.1294642835855484,,0.984375,,,,,,,,,,,1.0,1.0,,,,,7466,,,,0.0,,0.0,,0.0
,,,0.24463120102882385,,1.0,,,,,,,,,,,1.0,1.0,,,,,7467,,,,0.0,,0.0,,0.0
,,,0.1238839253783226,,0.9921875,,,,,,,,,,,1.0,1.0,,,,,7468,,,,0.0,,0.0,,0.0
,,,0.1160714253783226,,1.0,,,,,,,,,,,1.0,1.0,,,,,7469,,,,0.0,,0.0,,0.0
,,,0.34696969389915466,,0.9826840162277222,,,,,,,,,,,1.0,1.0,,,,,7470,,,,0.0,,0.0,,0.0
,,,0.14453125,,0.9765625,,,,,,,,,,,1.0,1.0,,,,,7471,,,,0.0,,0.0,,0.0
,,,0.1272321492433548,,0.9765625,,,,,,,,,,,1.0,1.0,,,,,7472,,,,0.0,,0.0,,0.0
,,,0.20843711495399475,,0.9635118246078491,,,,,,,,,,,1.0,1.0,,,,,7473,,,,0.0,,0.0,,0.0
,,,0.1315104216337204,,0.9765625,,,,,,,,,,,1.0,1.0,,,,,7474,,,,0.0,,0.0,,0.0
,,,0.1044921875,,0.953125,,,,,,,,,,,1.0,1.0,,,,,7475,,,,0.0,,0.0,,0.0
,,,0.1744389832019806,,0.9583743810653687,,,,,,,,,,,1.0,1.0,,,,,7476,,,,0.0,,0.0,,0.0
,,,0.1236979141831398,,0.9765625,,,,,,,,,,,1.0,1.0,,,,,7477,,,,0.0,,0.0,,0.0
,,,0.1116071417927742,,0.984375,,,,,,,,,,,1.0,1.0,,,,,7478,,,,0.0,,0.0,,0.0
,,,0.2314465343952179,,0.9933333396911621,,,,,,,,,,,1.0,1.0,,,,,7479,,,,0.0,,0.0,,0.0
,,,0.18125000596046448,,1.0,,,,,,,,,,,1.0,1.0,,,,,7480,,,,0.0,,0.0,,0.0
,,,0.125,,1.0,,,,,,,,,,,1.0,1.0,,,,,7481,,,,0.0,,0.0,,0.0
,,,0.23892906308174133,,0.9824897050857544,,,,,,,,,,,1.0,1.0,,,,,7482,,,,0.0,,0.0,,0.0
,,,0.1640625,,0.9765625,,,,,,,,,,,1.0,1.0,,,,,7483,,,,0.0,,0.0,,0.0
,,,0.1216517835855484,,0.9921875,,,,,,,,,,,1.0,1.0,,,,,7484,,,,0.0,,0.0,,0.0
,,,0.24679802358150482,,0.984236478805542,,,,,,,,,,,1.0,1.0,,,,,7485,,,,0.0,,0.0,,0.0
,,,0.1471354216337204,,0.9765625,,,,,,,,,,,1.0,1.0,,,,,7486,,,,0.0,,0.0,,0.0
,,,0.1484375,,0.984375,,,,,,,,,,,1.0,1.0,,,,,7487,,,,0.0,,0.0,,0.0
,,,0.24160228669643402,,0.9836065769195557,,,,,,,,,,,1.0,1.0,,,,,7488,,,,0.0,,0.0,,0.0
,,,0.1127232164144516,,0.9921875,,,,,,,,,,,1.0,1.0,,,,,7489,,,,0.0,,0.0,,0.0
,,,0.0927734375,,0.9921875,,,,,,,,,,,1.0,1.0,,,,,7490,,,,0.0,,0.0,,0.0
,,,0.20454823970794678,,1.0,,,,,,,,,,,1.0,1.0,,,,,7491,,,,0.0,,0.0,,0.0
,,,0.1875,,1.0,,,,,,,,,,,1.0,1.0,,,,,7492,,,,0.0,,0.0,,0.0
,,,0.23828125,,0.9921875,,,,,,,,,,,1.0,1.0,,,,,7493,,,,0.0,,0.0,,0.0
,,,0.30530303716659546,,0.987500011920929,,,,,,,,,,,1.0,1.0,,,,,7494,,,,0.0,,0.0,,0.0
,,,0.1510416716337204,,1.0,,,,,,,,,,,1.0,1.0,,,,,7495,,,,0.0,,0.0,,0.0
,,,0.1328125,,0.9765625,,,,,,,,,,,1.0,1.0,,,,,7496,,,,0.0,,0.0,,0.0
,,,0.2781602144241333,,1.0,,,,,,,,,,,1.0,1.0,,,,,7497,,,,0.0,,0.0,,0.0
,,,0.1238839253783226,,1.0,,,,,,,,,,,1.0,1.0,,,,,7498,,,,0.0,,0.0,,0.0
,,,0.103515625,,1.0,,,,,,,,,,,1.0,1.0,,,,,7499,,,,0.0,,0.0,,0.0
,,,0.1432291716337204,,1.0,,,,,,,,,,,1.0,1.0,,,,,7500,,,,0.0,,0.0,,0.0
,,,0.3748031556606293,,0.9921259880065918,,,,,,,,,,,1.0,1.0,,,,,7501,,,,0.0,,0.0,,0.0
,,,0.1294642835855484,,0.9765625,,,,,,,,,,,1.0,1.0,,,,,7502,,,,0.0,,0.0,,0.0
,,,0.1238839253783226,,0.984375,,,,,,,,,,,1.0,1.0,,,,,7503,,,,0.0,,0.0,,0.0
,,,0.21962232887744904,,0.982758641242981,,,,,,,,,,,1.0,1.0,,,,,7504,,,,0.0,,0.0,,0.0
,,,0.09765625,,0.953125,,,,,,,,,,,1.0,1.0,,,,,7505,,,,0.0,,0.0,,0.0
,,,0.1064453125,,0.9765625,,,,,,,,,,,1.0,1.0,,,,,7506,,,,0.0,,0.0,,0.0
,,,0.20425376296043396,,0.9653465747833252,,,,,,,,,,,1.0,1.0,,,,,7507,,,,0.0,,0.0,,0.0
,,,0.15156249701976776,,0.984375,,,,,,,,,,,1.0,1.0,,,,,7508,,,,0.0,,0.0,,0.0
,,,0.1060267835855484,,0.984375,,,,,,,,,,,1.0,1.0,,,,,7509,,,,0.0,,0.0,,0.0
,,,0.265625,,0.984375,,,,,,,,,,,1.0,1.0,,,,,7510,,,,0.0,,0.0,,0.0
,,,0.1458333283662796,,1.0,,,,,,,,,,,1.0,1.0,,,,,7511,,,,0.0,,0.0,,0.0
,,,0.1103515625,,0.9921875,,,,,,,,,,,1.0,1.0,,,,,7512,,,,0.0,,0.0,,0.0
,,,0.2785160541534424,,0.9941860437393188,,,,,,,,,,,1.0,1.0,,,,,7513,,,,0.0,,0.0,,0.0
,,,0.16875000298023224,,0.9765625,,,,,,,,,,,1.0,1.0,,,,,7514,,,,0.0,,0.0,,0.0
,,,0.1205357164144516,,0.984375,,,,,,,,,,,1.0,1.0,,,,,7515,,,,0.0,,0.0,,0.0
,,,0.2934119999408722,,0.9867256879806519,,,,,,,,,,,1.0,1.0,,,,,7516,,,,0.0,,0.0,,0.0
,,,0.1458333283662796,,0.9921875,,,,,,,,,,,1.0,1.0,,,,,7517,,,,0.0,,0.0,,0.0
,,,0.1484375,,0.96875,,,,,,,,,,,1.0,1.0,,,,,7518,,,,0.0,,0.0,,0.0
,,,0.19835859537124634,,1.0,,,,,,,,,,,1.0,1.0,,,,,7519,,,,0.0,,0.0,,0.0
,,,0.095703125,,0.9921875,,,,,,,,,,,1.0,1.0,,,,,7520,,,,0.0,,0.0,,0.0
,,,0.0746527761220932,,0.9921875,,,,,,,,,,,1.0,1.0,,,,,7521,,,,0.0,,0.0,,0.0
,,,0.2907407283782959,,1.0,,,,,,,,,,,1.0,1.0,,,,,7522,,,,0.0,,0.0,,0.0
,,,0.1875,,0.9921875,,,,,,,,,,,1.0,1.0,,,,,7523,,,,0.0,,0.0,,0.0
,,,0.240234375,,1.0,,,,,,,,,,,1.0,1.0,,,,,7524,,,,0.0,,0.0,,0.0
,,,0.3697991967201233,,0.9939758777618408,,,,,,,,,,,1.0,1.0,,,,,7525,,,,0.0,,0.0,,0.0
,,,0.1536458283662796,,1.0,,,,,,,,,,,1.0,1.0,,,,,7526,,,,0.0,,0.0,,0.0
,,,0.15234375,,0.984375,,,,,,,,,,,1.0,1.0,,,,,7527,,,,0.0,,0.0,,0.0
,,,0.24478882551193237,,1.0,,,,,,,,,,,1.0,1.0,,,,,7528,,,,0.0,,0.0,,0.0
,,,0.1238839253783226,,0.9921875,,,,,,,,,,,1.0,1.0,,,,,7529,,,,0.0,,0.0,,0.0
,,,0.1380208283662796,,0.9921875,,,,,,,,,,,1.0,1.0,,,,,7530,,,,0.0,,0.0,,0.0
,,,0.25565576553344727,,1.0,,,,,,,,,,,1.0,1.0,,,,,7531,,,,0.0,,0.0,,0.0
,,,0.13671875,,0.9765625,,,,,,,,,,,1.0,1.0,,,,,7532,,,,0.0,,0.0,,0.0
,,,0.1510416716337204,,0.9765625,,,,,,,,,,,1.0,1.0,,,,,7533,,,,0.0,,0.0,,0.0
,,,0.2266378402709961,,0.9948453903198242,,,,,,,,,,,1.0,1.0,,,,,7534,,,,0.0,,0.0,,0.0
,,,0.1171875,,0.9609375,,,,,,,,,,,1.0,1.0,,,,,7535,,,,0.0,,0.0,,0.0
,,,0.0966796875,,0.9453125,,,,,,,,,,,1.0,1.0,,,,,7536,,,,0.0,,0.0,,0.0
,,,0.2087053656578064,,0.9910714626312256,,,,,,,,,,,1.0,1.0,,,,,7537,,,,0.0,,0.0,,0.0
,,,0.1263020783662796,,0.9453125,,,,,,,,,,,1.0,1.0,,,,,7538,,,,0.0,,0.0,,0.0
,,,0.12890625,,0.96875,,,,,,,,,,,1.0,1.0,,,,,7539,,,,0.0,,0.0,,0.0
,,,0.220668226480484,,0.995726466178894,,,,,,,,,,,1.0,1.0,,,,,7540,,,,0.0,,0.0,,0.0
,,,0.1471354216337204,,1.0,,,,,,,,,,,1.0,1.0,,,,,7541,,,,0.0,,0.0,,0.0
,,,0.1103515625,,1.0,,,,,,,,,,,1.0,1.0,,,,,7542,,,,0.0,,0.0,,0.0
,,,0.14435695111751556,,0.9921259880065918,,,,,,,,,,,1.0,1.0,,,,,7543,,,,0.0,,0.0,,0.0
81,0.8350534439086914,0.851239025592804,,0.9857895374298096,,,,,,,,,,,,,,211.7958526611328,69405.453125,5.3556227684021,363.2947082519531,18121,,,0.0,,0.0,,0.0,
81,,,,,,0.2572627365589142,,0.422746866941452,,8.274162292480469,,,,,,,,,,,,18121,0.5612696409225464,,,,,,,
,,,,,,,,,,,,,,0.03,0.0004,,,,,,,18149,,,,,,,,
82,,,,,,,0.24880526959896088,,0.41628575325012207,,8.375,0.00039999998989515007,0.029999999329447746,,,1.0,1.0,,,,,18149,,1.0218969583511353,,,,,,
,,,,,,,,,,,,,,0.03,0.0004,,,,,,,18199,,,,,,,,
82,,,,,,,0.25802600383758545,,0.42098987102508545,,8.1484375,0.00039999998989515007,0.029999999329447746,,,1.0,1.0,,,,,18199,,0.3945060074329376,,,,,,
,,,,,,,,,,,,,,0.03,0.0004,,,,,,,18249,,,,,,,,
82,,,,,,,0.2773280739784241,,0.4531093239784241,,8.7890625,0.00039999998989515007,0.029999999329447746,,,1.0,1.0,,,,,18249,,0.7263796329498291,,,,,,
,,,,,,,,,,,,,,0.03,0.0004,,,,,,,18299,,,,,,,,
82,,,,,,,0.2270735502243042,,0.3889387845993042,,8.09375,0.00039999998989515007,0.029999999329447746,,,1.0,1.0,,,,,18299,,0.39010947942733765,,,,,,
,,,0.19218750298023224,,0.9921875,,,,,,,,,,,1.0,1.0,,,,,7544,,,,0.0,,0.0,,0.0
,,,0.240234375,,1.0,,,,,,,,,,,1.0,1.0,,,,,7545,,,,0.0,,0.0,,0.0
,,,0.2007904350757599,,1.0,,,,,,,,,,,1.0,1.0,,,,,7546,,,,0.0,,0.0,,0.0
,,,0.1536458283662796,,0.9765625,,,,,,,,,,,1.0,1.0,,,,,7547,,,,0.0,,0.0,,0.0
,,,0.1272321492433548,,0.9921875,,,,,,,,,,,1.0,1.0,,,,,7548,,,,0.0,,0.0,,0.0
,,,0.2509157657623291,,0.9695512652397156,,,,,,,,,,,1.0,1.0,,,,,7549,,,,0.0,,0.0,,0.0
,,,0.0859375,,0.9765625,,,,,,,,,,,1.0,1.0,,,,,7550,,,,0.0,,0.0,,0.0
,,,0.0789930522441864,,1.0,,,,,,,,,,,1.0,1.0,,,,,7551,,,,0.0,,0.0,,0.0
,,,0.18467694520950317,,0.9952830076217651,,,,,,,,,,,1.0,1.0,,,,,7552,,,,0.0,,0.0,,0.0
,,,0.1361607164144516,,1.0,,,,,,,,,,,1.0,1.0,,,,,7553,,,,0.0,,0.0,,0.0
,,,0.18593749403953552,,0.9921875,,,,,,,,,,,1.0,1.0,,,,,7554,,,,0.0,,0.0,,0.0
,,,0.18593749403953552,,1.0,,,,,,,,,,,1.0,1.0,,,,,7555,,,,0.0,,0.0,,0.0
,,,0.25244444608688354,,0.9760000109672546,,,,,,,,,,,1.0,1.0,,,,,7556,,,,0.0,,0.0,,0.0
,,,0.10546875,,0.9609375,,,,,,,,,,,1.0,1.0,,,,,7557,,,,0.0,,0.0,,0.0
,,,0.1227678582072258,,0.9453125,,,,,,,,,,,1.0,1.0,,,,,7558,,,,0.0,,0.0,,0.0
,,,0.20714953541755676,,0.9402427673339844,,,,,,,,,,,1.0,1.0,,,,,7559,,,,0.0,,0.0,,0.0
,,,0.109375,,0.9453125,,,,,,,,,,,1.0,1.0,,,,,7560,,,,0.0,,0.0,,0.0
,,,0.0926339253783226,,0.9765625,,,,,,,,,,,1.0,1.0,,,,,7561,,,,0.0,,0.0,,0.0
,,,0.17628668248653412,,0.9540042877197266,,,,,,,,,,,1.0,1.0,,,,,7562,,,,0.0,,0.0,,0.0
,,,0.0920138880610466,,0.953125,,,,,,,,,,,1.0,1.0,,,,,7563,,,,0.0,,0.0,,0.0
,,,0.125,,0.96875,,,,,,,,,,,1.0,1.0,,,,,7564,,,,0.0,,0.0,,0.0
,,,0.20958903431892395,,0.9772104620933533,,,,,,,,,,,1.0,1.0,,,,,7565,,,,0.0,,0.0,,0.0
,,,0.0876736119389534,,0.96875,,,,,,,,,,,1.0,1.0,,,,,7566,,,,0.0,,0.0,,0.0
,,,0.109375,,0.9609375,,,,,,,,,,,1.0,1.0,,,,,7567,,,,0.0,,0.0,,0.0
,,,0.1941981315612793,,1.0,,,,,,,,,,,1.0,1.0,,,,,7568,,,,0.0,,0.0,,0.0
,,,0.18593749403953552,,1.0,,,,,,,,,,,1.0,1.0,,,,,7569,,,,0.0,,0.0,,0.0
,,,0.1510416716337204,,1.0,,,,,,,,,,,1.0,1.0,,,,,7570,,,,0.0,,0.0,,0.0
,,,0.29299789667129517,,1.0,,,,,,,,,,,1.0,1.0,,,,,7571,,,,0.0,,0.0,,0.0
,,,0.1216517835855484,,0.9921875,,,,,,,,,,,1.0,1.0,,,,,7572,,,,0.0,,0.0,,0.0
,,,0.1044921875,,0.984375,,,,,,,,,,,1.0,1.0,,,,,7573,,,,0.0,,0.0,,0.0
,,,0.2882809042930603,,0.9882352948188782,,,,,,,,,,,1.0,1.0,,,,,7574,,,,0.0,,0.0,,0.0
,,,0.18906250596046448,,0.9921875,,,,,,,,,,,1.0,1.0,,,,,7575,,,,0.0,,0.0,,0.0
,,,0.15234375,,1.0,,,,,,,,,,,1.0,1.0,,,,,7576,,,,0.0,,0.0,,0.0
,,,0.2302955687046051,,0.985714316368103,,,,,,,,,,,1.0,1.0,,,,,7577,,,,0.0,,0.0,,0.0
,,,0.1294642835855484,,0.9765625,,,,,,,,,,,1.0,1.0,,,,,7578,,,,0.0,,0.0,,0.0
,,,0.11328125,,0.9921875,,,,,,,,,,,1.0,1.0,,,,,7579,,,,0.0,,0.0,,0.0
,,,0.1781257688999176,,0.953021764755249,,,,,,,,,,,1.0,1.0,,,,,7580,,,,0.0,,0.0,,0.0
,,,0.0703125,,0.9921875,,,,,,,,,,,1.0,1.0,,,,,7581,,,,0.0,,0.0,,0.0
,,,0.0869140625,,0.9921875,,,,,,,,,,,1.0,1.0,,,,,7582,,,,0.0,,0.0,,0.0
,,,0.20653235912322998,,1.0,,,,,,,,,,,1.0,1.0,,,,,7583,,,,0.0,,0.0,,0.0
,,,0.1875,,1.0,,,,,,,,,,,1.0,1.0,,,,,7584,,,,0.0,,0.0,,0.0
,,,0.18906250596046448,,0.9921875,,,,,,,,,,,1.0,1.0,,,,,7585,,,,0.0,,0.0,,0.0
,,,0.2969697117805481,,0.9624999761581421,,,,,,,,,,,1.0,1.0,,,,,7586,,,,0.0,,0.0,,0.0
,,,0.1171875,,0.9609375,,,,,,,,,,,1.0,1.0,,,,,7587,,,,0.0,,0.0,,0.0
,,,0.111328125,,0.9609375,,,,,,,,,,,1.0,1.0,,,,,7588,,,,0.0,,0.0,,0.0
,,,0.21401752531528473,,0.978723406791687,,,,,,,,,,,1.0,1.0,,,,,7589,,,,0.0,,0.0,,0.0
,,,0.0948660746216774,,0.9765625,,,,,,,,,,,1.0,1.0,,,,,7590,,,,0.0,,0.0,,0.0
,,,0.09375,,0.96875,,,,,,,,,,,1.0,1.0,,,,,7591,,,,0.0,,0.0,,0.0
,,,0.1004464253783226,,0.9609375,,,,,,,,,,,1.0,1.0,,,,,7592,,,,0.0,,0.0,,0.0
,,,0.09361329674720764,,0.9763779640197754,,,,,,,,,,,1.0,1.0,,,,,7593,,,,0.0,,0.0,,0.0
,,,0.1083984375,,0.96875,,,,,,,,,,,1.0,1.0,,,,,7594,,,,0.0,,0.0,,0.0
,,,0.1044921875,,0.984375,,,,,,,,,,,1.0,1.0,,,,,7595,,,,0.0,,0.0,,0.0
,,,0.16890165209770203,,0.9454022645950317,,,,,,,,,,,1.0,1.0,,,,,7596,,,,0.0,,0.0,,0.0
,,,0.0911458358168602,,0.953125,,,,,,,,,,,1.0,1.0,,,,,7597,,,,0.0,,0.0,,0.0
,,,0.1261160671710968,,0.9765625,,,,,,,,,,,1.0,1.0,,,,,7598,,,,0.0,,0.0,,0.0
,,,0.19777533411979675,,1.0,,,,,,,,,,,1.0,1.0,,,,,7599,,,,0.0,,0.0,,0.0
,,,0.19062499701976776,,1.0,,,,,,,,,,,1.0,1.0,,,,,7600,,,,0.0,,0.0,,0.0
,,,0.1294642835855484,,1.0,,,,,,,,,,,1.0,1.0,,,,,7601,,,,0.0,,0.0,,0.0
,,,0.3003472089767456,,0.9895833730697632,,,,,,,,,,,1.0,1.0,,,,,7602,,,,0.0,,0.0,,0.0
,,,0.1025390625,,0.9921875,,,,,,,,,,,1.0,1.0,,,,,7603,,,,0.0,,0.0,,0.0
,,,0.1025390625,,0.984375,,,,,,,,,,,1.0,1.0,,,,,7604,,,,0.0,,0.0,,0.0
,,,0.2819305956363678,,0.988095223903656,,,,,,,,,,,1.0,1.0,,,,,7605,,,,0.0,,0.0,,0.0
,,,0.1549479216337204,,0.9921875,,,,,,,,,,,1.0,1.0,,,,,7606,,,,0.0,,0.0,,0.0
,,,0.1142578125,,1.0,,,,,,,,,,,1.0,1.0,,,,,7607,,,,0.0,,0.0,,0.0
,,,0.36896756291389465,,0.9778760671615601,,,,,,,,,,,1.0,1.0,,,,,7608,,,,0.0,,0.0,,0.0
,,,0.115234375,,1.0,,,,,,,,,,,1.0,1.0,,,,,7609,,,,0.0,,0.0,,0.0
,,,0.1484375,,0.96875,,,,,,,,,,,1.0,1.0,,,,,7610,,,,0.0,,0.0,,0.0
,,,0.1765432059764862,,0.9863636493682861,,,,,,,,,,,1.0,1.0,,,,,7611,,,,0.0,,0.0,,0.0
,,,0.06953124701976776,,0.9921875,,,,,,,,,,,1.0,1.0,,,,,7612,,,,0.0,,0.0,,0.0
,,,0.0849609375,,0.9921875,,,,,,,,,,,1.0,1.0,,,,,7613,,,,0.0,,0.0,,0.0
,,,0.21296295523643494,,1.0,,,,,,,,,,,1.0,1.0,,,,,7614,,,,0.0,,0.0,,0.0
,,,0.1875,,0.9921875,,,,,,,,,,,1.0,1.0,,,,,7615,,,,0.0,,0.0,,0.0
,,,0.19062499701976776,,1.0,,,,,,,,,,,1.0,1.0,,,,,7616,,,,0.0,,0.0,,0.0
,,,0.29643017053604126,,0.9759036302566528,,,,,,,,,,,1.0,1.0,,,,,7617,,,,0.0,,0.0,,0.0
,,,0.1216517835855484,,0.9609375,,,,,,,,,,,1.0,1.0,,,,,7618,,,,0.0,,0.0,,0.0
,,,0.1103515625,,0.9609375,,,,,,,,,,,1.0,1.0,,,,,7619,,,,0.0,,0.0,,0.0
,,,0.214122012257576,,0.970588207244873,,,,,,,,,,,1.0,1.0,,,,,7620,,,,0.0,,0.0,,0.0
,,,0.0982142835855484,,0.96875,,,,,,,,,,,1.0,1.0,,,,,7621,,,,0.0,,0.0,,0.0
,,,0.0915178582072258,,0.96875,,,,,,,,,,,1.0,1.0,,,,,7622,,,,0.0,,0.0,,0.0
,,,0.1590808480978012,,0.9825581312179565,,,,,,,,,,,1.0,1.0,,,,,7623,,,,0.0,,0.0,,0.0
,,,0.1127232164144516,,0.9453125,,,,,,,,,,,1.0,1.0,,,,,7624,,,,0.0,,0.0,,0.0
,,,0.1272321492433548,,0.96875,,,,,,,,,,,1.0,1.0,,,,,7625,,,,0.0,,0.0,,0.0
,,,0.25146088004112244,,0.9896907210350037,,,,,,,,,,,1.0,1.0,,,,,7626,,,,0.0,,0.0,,0.0
,,,0.0920138880610466,,0.9765625,,,,,,,,,,,1.0,1.0,,,,,7627,,,,0.0,,0.0,,0.0
,,,0.0920138880610466,,0.9375,,,,,,,,,,,1.0,1.0,,,,,7628,,,,0.0,,0.0,,0.0
,,,0.2366071343421936,,0.9910714626312256,,,,,,,,,,,1.0,1.0,,,,,7629,,,,0.0,,0.0,,0.0
,,,0.1497395783662796,,1.0,,,,,,,,,,,1.0,1.0,,,,,7630,,,,0.0,,0.0,,0.0
,,,0.11328125,,1.0,,,,,,,,,,,1.0,1.0,,,,,7631,,,,0.0,,0.0,,0.0
,,,0.2944833040237427,,1.0,,,,,,,,,,,1.0,1.0,,,,,7632,,,,0.0,,0.0,,0.0
,,,0.1194196417927742,,0.9765625,,,,,,,,,,,1.0,1.0,,,,,7633,,,,0.0,,0.0,,0.0
,,,0.0928819477558136,,0.9921875,,,,,,,,,,,1.0,1.0,,,,,7634,,,,0.0,,0.0,,0.0
,,,0.11361079663038254,,0.9685039520263672,,,,,,,,,,,1.0,1.0,,,,,7635,,,,0.0,,0.0,,0.0
82,0.8371978402137756,0.8447451591491699,,0.9807332754135132,,,,,,,,,,,,,,214.76246643066406,73017.90625,5.369532585144043,363.7971496582031,18342,,,0.0,,0.0,,0.0,
82,,,,,,0.25463488698005676,,0.4194744825363159,,8.242276191711426,,,,,,,,,,,,18342,0.5454822182655334,,,,,,,
,,,,,,,,,,,,,,0.03,0.0004,,,,,,,18349,,,,,,,,
83,,,,,,,0.24160131812095642,,0.3962644040584564,,7.734375,0.00039999998989515007,0.029999999329447746,,,1.0,1.0,,,,,18349,,0.5009455680847168,,,,,,
,,,,,,,,,,,,,,0.03,0.0004,,,,,,,18399,,,,,,,,
83,,,,,,,0.22686806321144104,,0.39471474289894104,,8.390625,0.00039999998989515007,0.029999999329447746,,,1.0,1.0,,,,,18399,,0.6738591194152832,,,,,,
,,,,,,,,,,,,,,0.03,0.0004,,,,,,,18449,,,,,,,,
83,,,,,,,0.24289458990097046,,0.40256255865097046,,7.984375,0.00039999998989515007,0.029999999329447746,,,1.0,1.0,,,,,18449,,0.5577110052108765,,,,,,
,,,,,,,,,,,,,,0.03,0.0004,,,,,,,18499,,,,,,,,
83,,,,,,,0.2559010982513428,,0.4227712154388428,,8.34375,0.00039999998989515007,0.029999999329447746,,,1.0,1.0,,,,,18499,,0.510696530342102,,,,,,
,,,,,,,,,,,,,,0.03,0.0004,,,,,,,18549,,,,,,,,
83,,,,,,,0.25525644421577454,,0.42786386609077454,,8.6328125,0.00039999998989515007,0.029999999329447746,,,1.0,1.0,,,,,18549,,0.6395775079727173,,,,,,
,,,0.107421875,,0.984375,,,,,,,,,,,1.0,1.0,,,,,7636,,,,0.0,,0.0,,0.0
,,,0.14453125,,0.9921875,,,,,,,,,,,1.0,1.0,,,,,7637,,,,0.0,,0.0,,0.0
,,,0.19720491766929626,,0.985148549079895,,,,,,,,,,,1.0,1.0,,,,,7638,,,,0.0,,0.0,,0.0
,,,0.16015625,,0.9921875,,,,,,,,,,,1.0,1.0,,,,,7639,,,,0.0,,0.0,,0.0
,,,0.19218750298023224,,1.0,,,,,,,,,,,1.0,1.0,,,,,7640,,,,0.0,,0.0,,0.0
,,,0.4535256326198578,,0.9743589758872986,,,,,,,,,,,1.0,1.0,,,,,7641,,,,0.0,,0.0,,0.0
,,,0.06093750149011612,,0.96875,,,,,,,,,,,1.0,1.0,,,,,7642,,,,0.0,,0.0,,0.0
,,,0.06093750149011612,,0.96875,,,,,,,,,,,1.0,1.0,,,,,7643,,,,0.0,,0.0,,0.0
,,,0.1578902304172516,,0.9905660152435303,,,,,,,,,,,1.0,1.0,,,,,7644,,,,0.0,,0.0,,0.0
,,,0.1328125,,0.9921875,,,,,,,,,,,1.0,1.0,,,,,7645,,,,0.0,,0.0,,0.0
,,,0.1536458283662796,,0.9921875,,,,,,,,,,,1.0,1.0,,,,,7646,,,,0.0,,0.0,,0.0
,,,0.1536458283662796,,0.9921875,,,,,,,,,,,1.0,1.0,,,,,7647,,,,0.0,,0.0,,0.0
,,,0.19733333587646484,,0.9880000352859497,,,,,,,,,,,1.0,1.0,,,,,7648,,,,0.0,,0.0,,0.0
,,,0.1339285671710968,,0.9921875,,,,,,,,,,,1.0,1.0,,,,,7649,,,,0.0,,0.0,,0.0
,,,0.1536458283662796,,0.9921875,,,,,,,,,,,1.0,1.0,,,,,7650,,,,0.0,,0.0,,0.0
,,,0.22689075767993927,,0.9915966391563416,,,,,,,,,,,1.0,1.0,,,,,7651,,,,0.0,,0.0,,0.0
,,,0.1160714253783226,,0.9609375,,,,,,,,,,,1.0,1.0,,,,,7652,,,,0.0,,0.0,,0.0
,,,0.0902777761220932,,0.9765625,,,,,,,,,,,1.0,1.0,,,,,7653,,,,0.0,,0.0,,0.0
,,,0.16774892807006836,,0.9940476417541504,,,,,,,,,,,1.0,1.0,,,,,7654,,,,0.0,,0.0,,0.0
,,,0.0972222238779068,,0.9765625,,,,,,,,,,,1.0,1.0,,,,,7655,,,,0.0,,0.0,,0.0
,,,0.1272321492433548,,0.984375,,,,,,,,,,,1.0,1.0,,,,,7656,,,,0.0,,0.0,,0.0
,,,0.23561644554138184,,0.9818181991577148,,,,,,,,,,,1.0,1.0,,,,,7657,,,,0.0,,0.0,,0.0
,,,0.10546875,,0.9921875,,,,,,,,,,,1.0,1.0,,,,,7658,,,,0.0,,0.0,,0.0
,,,0.125,,0.984375,,,,,,,,,,,1.0,1.0,,,,,7659,,,,0.0,,0.0,,0.0
,,,0.1945265531539917,,1.0,,,,,,,,,,,1.0,1.0,,,,,7660,,,,0.0,,0.0,,0.0
,,,0.18125000596046448,,0.9921875,,,,,,,,,,,1.0,1.0,,,,,7661,,,,0.0,,0.0,,0.0
,,,0.1294642835855484,,1.0,,,,,,,,,,,1.0,1.0,,,,,7662,,,,0.0,,0.0,,0.0
,,,0.18102025985717773,,0.9716981053352356,,,,,,,,,,,1.0,1.0,,,,,7663,,,,0.0,,0.0,,0.0
,,,0.08437500149011612,,0.96875,,,,,,,,,,,1.0,1.0,,,,,7664,,,,0.0,,0.0,,0.0
,,,0.07656250149011612,,0.9140625,,,,,,,,,,,1.0,1.0,,,,,7665,,,,0.0,,0.0,,0.0
,,,0.16484269499778748,,0.9470587968826294,,,,,,,,,,,1.0,1.0,,,,,7666,,,,0.0,,0.0,,0.0
,,,0.1025390625,,0.9765625,,,,,,,,,,,1.0,1.0,,,,,7667,,,,0.0,,0.0,,0.0
,,,0.140625,,0.9765625,,,,,,,,,,,1.0,1.0,,,,,7668,,,,0.0,,0.0,,0.0
,,,0.20021893084049225,,0.9913793206214905,,,,,,,,,,,1.0,1.0,,,,,7669,,,,0.0,,0.0,,0.0
,,,0.2421875,,0.9921875,,,,,,,,,,,1.0,1.0,,,,,7670,,,,0.0,,0.0,,0.0
,,,0.19374999403953552,,1.0,,,,,,,,,,,1.0,1.0,,,,,7671,,,,0.0,,0.0,,0.0
,,,0.1820949912071228,,0.9768779277801514,,,,,,,,,,,1.0,1.0,,,,,7672,,,,0.0,,0.0,,0.0
,,,0.0625,,0.96875,,,,,,,,,,,1.0,1.0,,,,,7673,,,,0.0,,0.0,,0.0
,,,0.06015624850988388,,0.96875,,,,,,,,,,,1.0,1.0,,,,,7674,,,,0.0,,0.0,,0.0
,,,0.1765839159488678,,0.9920635223388672,,,,,,,,,,,1.0,1.0,,,,,7675,,,,0.0,,0.0,,0.0
,,,0.1536458283662796,,0.9921875,,,,,,,,,,,1.0,1.0,,,,,7676,,,,0.0,,0.0,,0.0
,,,0.1875,,1.0,,,,,,,,,,,1.0,1.0,,,,,7677,,,,0.0,,0.0,,0.0
,,,0.3034090995788574,,0.9818181991577148,,,,,,,,,,,1.0,1.0,,,,,7678,,,,0.0,,0.0,,0.0
,,,0.1536458283662796,,0.984375,,,,,,,,,,,1.0,1.0,,,,,7679,,,,0.0,,0.0,,0.0
,,,0.15625,,0.984375,,,,,,,,,,,1.0,1.0,,,,,7680,,,,0.0,,0.0,,0.0
,,,0.2803504467010498,,0.9852941036224365,,,,,,,,,,,1.0,1.0,,,,,7681,,,,0.0,,0.0,,0.0
,,,0.1044921875,,0.984375,,,,,,,,,,,1.0,1.0,,,,,7682,,,,0.0,,0.0,,0.0
,,,0.0885416641831398,,0.96875,,,,,,,,,,,1.0,1.0,,,,,7683,,,,0.0,,0.0,,0.0
,,,0.0911458358168602,,0.9765625,,,,,,,,,,,1.0,1.0,,,,,7684,,,,0.0,,0.0,,0.0
,,,0.11220472306013107,,0.9921259880065918,,,,,,,,,,,1.0,1.0,,,,,7685,,,,0.0,,0.0,,0.0
,,,0.1103515625,,0.96875,,,,,,,,,,,1.0,1.0,,,,,7686,,,,0.0,,0.0,,0.0
,,,0.109375,,0.9921875,,,,,,,,,,,1.0,1.0,,,,,7687,,,,0.0,,0.0,,0.0
,,,0.19324713945388794,,0.9166666269302368,,,,,,,,,,,1.0,1.0,,,,,7688,,,,0.0,,0.0,,0.0
,,,0.08281250298023224,,0.984375,,,,,,,,,,,1.0,1.0,,,,,7689,,,,0.0,,0.0,,0.0
,,,0.1261160671710968,,0.9921875,,,,,,,,,,,1.0,1.0,,,,,7690,,,,0.0,,0.0,,0.0
,,,0.21786761283874512,,0.9950494766235352,,,,,,,,,,,1.0,1.0,,,,,7691,,,,0.0,,0.0,,0.0
,,,0.1536458283662796,,1.0,,,,,,,,,,,1.0,1.0,,,,,7692,,,,0.0,,0.0,,0.0
,,,0.1294642835855484,,1.0,,,,,,,,,,,1.0,1.0,,,,,7693,,,,0.0,,0.0,,0.0
,,,0.2096354067325592,,0.9739583730697632,,,,,,,,,,,1.0,1.0,,,,,7694,,,,0.0,,0.0,,0.0
,,,0.07968749850988388,,0.953125,,,,,,,,,,,1.0,1.0,,,,,7695,,,,0.0,,0.0,,0.0
,,,0.1025390625,,0.9296875,,,,,,,,,,,1.0,1.0,,,,,7696,,,,0.0,,0.0,,0.0
,,,0.1829703450202942,,0.9404761791229248,,,,,,,,,,,1.0,1.0,,,,,7697,,,,0.0,,0.0,,0.0
,,,0.1205357164144516,,0.96875,,,,,,,,,,,1.0,1.0,,,,,7698,,,,0.0,,0.0,,0.0
,,,0.103515625,,0.9765625,,,,,,,,,,,1.0,1.0,,,,,7699,,,,0.0,,0.0,,0.0
,,,0.3007866144180298,,0.9955751895904541,,,,,,,,,,,1.0,1.0,,,,,7700,,,,0.0,,0.0,,0.0
,,,0.244140625,,1.0,,,,,,,,,,,1.0,1.0,,,,,7701,,,,0.0,,0.0,,0.0
,,,0.2421875,,0.9921875,,,,,,,,,,,1.0,1.0,,,,,7702,,,,0.0,,0.0,,0.0
,,,0.1663636416196823,,0.9909090995788574,,,,,,,,,,,1.0,1.0,,,,,7703,,,,0.0,,0.0,,0.0
,,,0.05937499925494194,,0.9453125,,,,,,,,,,,1.0,1.0,,,,,7704,,,,0.0,,0.0,,0.0
,,,0.05937499925494194,,0.984375,,,,,,,,,,,1.0,1.0,,,,,7705,,,,0.0,,0.0,,0.0
,,,0.24656084179878235,,0.9953703880310059,,,,,,,,,,,1.0,1.0,,,,,7706,,,,0.0,,0.0,,0.0
,,,0.1305803507566452,,1.0,,,,,,,,,,,1.0,1.0,,,,,7707,,,,0.0,,0.0,,0.0
,,,0.234375,,1.0,,,,,,,,,,,1.0,1.0,,,,,7708,,,,0.0,,0.0,,0.0
,,,0.3141900897026062,,0.9828647971153259,,,,,,,,,,,1.0,1.0,,,,,7709,,,,0.0,,0.0,,0.0
,,,0.1316964328289032,,0.984375,,,,,,,,,,,1.0,1.0,,,,,7710,,,,0.0,,0.0,,0.0
,,,0.18437500298023224,,0.984375,,,,,,,,,,,1.0,1.0,,,,,7711,,,,0.0,,0.0,,0.0
,,,0.2921653389930725,,0.9935064911842346,,,,,,,,,,,1.0,1.0,,,,,7712,,,,0.0,,0.0,,0.0
,,,0.1025390625,,0.96875,,,,,,,,,,,1.0,1.0,,,,,7713,,,,0.0,,0.0,,0.0
,,,0.0894097238779068,,0.96875,,,,,,,,,,,1.0,1.0,,,,,7714,,,,0.0,,0.0,,0.0
,,,0.1949673891067505,,0.9941860437393188,,,,,,,,,,,1.0,1.0,,,,,7715,,,,0.0,,0.0,,0.0
,,,0.09375,,0.9765625,,,,,,,,,,,1.0,1.0,,,,,7716,,,,0.0,,0.0,,0.0
,,,0.1536458283662796,,0.9765625,,,,,,,,,,,1.0,1.0,,,,,7717,,,,0.0,,0.0,,0.0
,,,0.26215022802352905,,0.9845360517501831,,,,,,,,,,,1.0,1.0,,,,,7718,,,,0.0,,0.0,,0.0
,,,0.1432291716337204,,1.0,,,,,,,,,,,1.0,1.0,,,,,7719,,,,0.0,,0.0,,0.0
,,,0.08281250298023224,,0.9765625,,,,,,,,,,,1.0,1.0,,,,,7720,,,,0.0,,0.0,,0.0
,,,0.26913267374038696,,0.9955357313156128,,,,,,,,,,,1.0,1.0,,,,,7721,,,,0.0,,0.0,,0.0
,,,0.1272321492433548,,0.9921875,,,,,,,,,,,1.0,1.0,,,,,7722,,,,0.0,,0.0,,0.0
,,,0.1796875,,1.0,,,,,,,,,,,1.0,1.0,,,,,7723,,,,0.0,,0.0,,0.0
,,,0.2321012318134308,,0.9090908765792847,,,,,,,,,,,1.0,1.0,,,,,7724,,,,0.0,,0.0,,0.0
,,,0.0928819477558136,,0.9609375,,,,,,,,,,,1.0,1.0,,,,,7725,,,,0.0,,0.0,,0.0
,,,0.07968749850988388,,0.9375,,,,,,,,,,,1.0,1.0,,,,,7726,,,,0.0,,0.0,,0.0
,,,0.08346457034349442,,0.9212598204612732,,,,,,,,,,,1.0,1.0,,,,,7727,,,,0.0,,0.0,,0.0
83,0.8405053615570068,0.8551369309425354,,0.980725884437561,,,,,,,,,,,,,,213.49432373046875,59106.390625,5.36361026763916,356.98162841796875,18563,,,0.0,,0.0,,0.0,
83,,,,,,0.2541961967945099,,0.41837742924690247,,8.209081649780273,,,,,,,,,,,,18563,0.5920001864433289,,,,,,,
,,,,,,,,,,,,,,0.03,0.0004,,,,,,,18599,,,,,,,,
84,,,,,,,0.2577194571495056,,0.4082321524620056,,7.52734375,0.00039999998989515007,0.029999999329447746,,,1.0,1.0,,,,,18599,,0.5717774629592896,,,,,,
,,,,,,,,,,,,,,0.03,0.0004,,,,,,,18649,,,,,,,,
84,,,,,,,0.2657245397567749,,0.4260028600692749,,8.015625,0.00039999998989515007,0.029999999329447746,,,1.0,1.0,,,,,18649,,0.3470790684223175,,,,,,
,,,,,,,,,,,,,,0.03,0.0004,,,,,,,18699,,,,,,,,
84,,,,,,,0.25930118560791016,,0.41872501373291016,,7.96875,0.00039999998989515007,0.029999999329447746,,,1.0,1.0,,,,,18699,,0.5721082091331482,,,,,,
,,,,,,,,,,,,,,0.03,0.0004,,,,,,,18749,,,,,,,,
84,,,,,,,0.25828444957733154,,0.42124831676483154,,8.1484375,0.00039999998989515007,0.029999999329447746,,,1.0,1.0,,,,,18749,,0.9884172677993774,,,,,,
,,,0.1328125,,0.9765625,,,,,,,,,,,1.0,1.0,,,,,7728,,,,0.0,,0.0,,0.0
,,,0.1160714253783226,,0.9921875,,,,,,,,,,,1.0,1.0,,,,,7729,,,,0.0,,0.0,,0.0
,,,0.1939045786857605,,0.9567290544509888,,,,,,,,,,,1.0,1.0,,,,,7730,,,,0.0,,0.0,,0.0
,,,0.1875,,0.9921875,,,,,,,,,,,1.0,1.0,,,,,7731,,,,0.0,,0.0,,0.0
,,,0.18593749403953552,,1.0,,,,,,,,,,,1.0,1.0,,,,,7732,,,,0.0,,0.0,,0.0
,,,0.45673078298568726,,0.995192289352417,,,,,,,,,,,1.0,1.0,,,,,7733,,,,0.0,,0.0,,0.0
,,,0.0980902761220932,,1.0,,,,,,,,,,,1.0,1.0,,,,,7734,,,,0.0,,0.0,,0.0
,,,0.0894097238779068,,1.0,,,,,,,,,,,1.0,1.0,,,,,7735,,,,0.0,,0.0,,0.0
,,,0.21623070538043976,,0.9952830076217651,,,,,,,,,,,1.0,1.0,,,,,7736,,,,0.0,,0.0,,0.0
,,,0.0998263880610466,,0.984375,,,,,,,,,,,1.0,1.0,,,,,7737,,,,0.0,,0.0,,0.0
,,,0.1103515625,,0.96875,,,,,,,,,,,1.0,1.0,,,,,7738,,,,0.0,,0.0,,0.0
,,,0.0928819477558136,,0.984375,,,,,,,,,,,1.0,1.0,,,,,7739,,,,0.0,,0.0,,0.0
,,,0.15386667847633362,,0.8133333325386047,,,,,,,,,,,1.0,1.0,,,,,7740,,,,0.0,,0.0,,0.0
,,,0.14453125,,0.9765625,,,,,,,,,,,1.0,1.0,,,,,7741,,,,0.0,,0.0,,0.0
,,,0.1484375,,0.9609375,,,,,,,,,,,1.0,1.0,,,,,7742,,,,0.0,,0.0,,0.0
,,,0.2014472484588623,,0.9957983493804932,,,,,,,,,,,1.0,1.0,,,,,7743,,,,0.0,,0.0,,0.0
,,,0.109375,,0.9609375,,,,,,,,,,,1.0,1.0,,,,,7744,,,,0.0,,0.0,,0.0
,,,0.0763888880610466,,0.96875,,,,,,,,,,,1.0,1.0,,,,,7745,,,,0.0,,0.0,,0.0
,,,0.2056277096271515,,0.9659091234207153,,,,,,,,,,,1.0,1.0,,,,,7746,,,,0.0,,0.0,,0.0
,,,0.115234375,,1.0,,,,,,,,,,,1.0,1.0,,,,,7747,,,,0.0,,0.0,,0.0
,,,0.23828125,,0.9921875,,,,,,,,,,,1.0,1.0,,,,,7748,,,,0.0,,0.0,,0.0
,,,0.24472513794898987,,0.9931507110595703,,,,,,,,,,,1.0,1.0,,,,,7749,,,,0.0,,0.0,,0.0
,,,0.1005859375,,0.9921875,,,,,,,,,,,1.0,1.0,,,,,7750,,,,0.0,,0.0,,0.0
,,,0.125,,0.9765625,,,,,,,,,,,1.0,1.0,,,,,7751,,,,0.0,,0.0,,0.0
,,,0.21921181678771973,,0.982758641242981,,,,,,,,,,,1.0,1.0,,,,,7752,,,,0.0,,0.0,,0.0
,,,0.15234375,,0.9921875,,,,,,,,,,,1.0,1.0,,,,,7753,,,,0.0,,0.0,,0.0
,,,0.1484375,,1.0,,,,,,,,,,,1.0,1.0,,,,,7754,,,,0.0,,0.0,,0.0
,,,0.24431267380714417,,0.9933333396911621,,,,,,,,,,,1.0,1.0,,,,,7755,,,,0.0,,0.0,,0.0
,,,0.17812499403953552,,1.0,,,,,,,,,,,1.0,1.0,,,,,7756,,,,0.0,,0.0,,0.0
,,,0.1216517835855484,,1.0,,,,,,,,,,,1.0,1.0,,,,,7757,,,,0.0,,0.0,,0.0
,,,0.21638166904449463,,0.9882352948188782,,,,,,,,,,,1.0,1.0,,,,,7758,,,,0.0,,0.0,,0.0
,,,0.109375,,0.96875,,,,,,,,,,,1.0,1.0,,,,,7759,,,,0.0,,0.0,,0.0
,,,0.1341145783662796,,0.9765625,,,,,,,,,,,1.0,1.0,,,,,7760,,,,0.0,,0.0,,0.0
,,,0.21520936489105225,,0.982758641242981,,,,,,,,,,,1.0,1.0,,,,,7761,,,,0.0,,0.0,,0.0
,,,0.1549479216337204,,0.9921875,,,,,,,,,,,1.0,1.0,,,,,7762,,,,0.0,,0.0,,0.0
,,,0.1875,,1.0,,,,,,,,,,,1.0,1.0,,,,,7763,,,,0.0,,0.0,,0.0
,,,0.36569610238075256,,0.9836065769195557,,,,,,,,,,,1.0,1.0,,,,,7764,,,,0.0,,0.0,,0.0
,,,0.0954861119389534,,1.0,,,,,,,,,,,1.0,1.0,,,,,7765,,,,0.0,,0.0,,0.0
,,,0.0894097238779068,,0.9921875,,,,,,,,,,,1.0,1.0,,,,,7766,,,,0.0,,0.0,,0.0
,,,0.16705739498138428,,0.9923076629638672,,,,,,,,,,,1.0,1.0,,,,,7767,,,,0.0,,0.0,,0.0
,,,0.0972222238779068,,0.984375,,,,,,,,,,,1.0,1.0,,,,,7768,,,,0.0,,0.0,,0.0
,,,0.1510416716337204,,0.9765625,,,,,,,,,,,1.0,1.0,,,,,7769,,,,0.0,,0.0,,0.0
,,,0.1944444477558136,,0.9636363983154297,,,,,,,,,,,1.0,1.0,,,,,7770,,,,0.0,,0.0,,0.0
,,,0.1123046875,,0.9765625,,,,,,,,,,,1.0,1.0,,,,,7771,,,,0.0,,0.0,,0.0
,,,0.1272321492433548,,0.9765625,,,,,,,,,,,1.0,1.0,,,,,7772,,,,0.0,,0.0,,0.0
,,,0.17118620872497559,,0.9946808815002441,,,,,,,,,,,1.0,1.0,,,,,7773,,,,0.0,,0.0,,0.0
,,,0.1104910746216774,,0.9765625,,,,,,,,,,,1.0,1.0,,,,,7774,,,,0.0,,0.0,,0.0
,,,0.1060267835855484,,0.9609375,,,,,,,,,,,1.0,1.0,,,,,7775,,,,0.0,,0.0,,0.0
,,,0.0807291641831398,,0.9453125,,,,,,,,,,,1.0,1.0,,,,,7776,,,,0.0,,0.0,,0.0
,,,0.27671539783477783,,1.0,,,,,,,,,,,1.0,1.0,,,,,7777,,,,0.0,,0.0,,0.0
,,,0.1328125,,0.9921875,,,,,,,,,,,1.0,1.0,,,,,7778,,,,0.0,,0.0,,0.0
,,,0.18281249701976776,,1.0,,,,,,,,,,,1.0,1.0,,,,,7779,,,,0.0,,0.0,,0.0
,,,0.19109195470809937,,0.9956896305084229,,,,,,,,,,,1.0,1.0,,,,,7780,,,,0.0,,0.0,,0.0
,,,0.1005859375,,0.9609375,,,,,,,,,,,1.0,1.0,,,,,7781,,,,0.0,,0.0,,0.0
,,,0.1272321492433548,,0.9921875,,,,,,,,,,,1.0,1.0,,,,,7782,,,,0.0,,0.0,,0.0
,,,0.21695086359977722,,0.9900990128517151,,,,,,,,,,,1.0,1.0,,,,,7783,,,,0.0,,0.0,,0.0
,,,0.1536458283662796,,0.9921875,,,,,,,,,,,1.0,1.0,,,,,7784,,,,0.0,,0.0,,0.0
,,,0.17656250298023224,,0.9921875,,,,,,,,,,,1.0,1.0,,,,,7785,,,,0.0,,0.0,,0.0
,,,0.244047611951828,,0.9947916269302368,,,,,,,,,,,1.0,1.0,,,,,7786,,,,0.0,,0.0,,0.0
,,,0.1471354216337204,,1.0,,,,,,,,,,,1.0,1.0,,,,,7787,,,,0.0,,0.0,,0.0
,,,0.125,,0.9921875,,,,,,,,,,,1.0,1.0,,,,,7788,,,,0.0,,0.0,,0.0
,,,0.2421294003725052,,0.9822812676429749,,,,,,,,,,,1.0,1.0,,,,,7789,,,,0.0,,0.0,,0.0
,,,0.1116071417927742,,0.96875,,,,,,,,,,,1.0,1.0,,,,,7790,,,,0.0,,0.0,,0.0
,,,0.0986328125,,0.96875,,,,,,,,,,,1.0,1.0,,,,,7791,,,,0.0,,0.0,,0.0
,,,0.2540244460105896,,0.991150438785553,,,,,,,,,,,1.0,1.0,,,,,7792,,,,0.0,,0.0,,0.0
,,,0.1588541716337204,,1.0,,,,,,,,,,,1.0,1.0,,,,,7793,,,,0.0,,0.0,,0.0
,,,0.232421875,,0.984375,,,,,,,,,,,1.0,1.0,,,,,7794,,,,0.0,,0.0,,0.0
,,,0.2966330051422119,,1.0,,,,,,,,,,,1.0,1.0,,,,,7795,,,,0.0,,0.0,,0.0
,,,0.09375,,1.0,,,,,,,,,,,1.0,1.0,,,,,7796,,,,0.0,,0.0,,0.0
,,,0.0947265625,,0.9921875,,,,,,,,,,,1.0,1.0,,,,,7797,,,,0.0,,0.0,,0.0
,,,0.22361111640930176,,0.9907407760620117,,,,,,,,,,,1.0,1.0,,,,,7798,,,,0.0,,0.0,,0.0
,,,0.109375,,0.9765625,,,,,,,,,,,1.0,1.0,,,,,7799,,,,0.0,,0.0,,0.0
,,,0.1510416716337204,,0.9921875,,,,,,,,,,,1.0,1.0,,,,,7800,,,,0.0,,0.0,,0.0
,,,0.22151941061019897,,0.9657295942306519,,,,,,,,,,,1.0,1.0,,,,,7801,,,,0.0,,0.0,,0.0
,,,0.125,,0.96875,,,,,,,,,,,1.0,1.0,,,,,7802,,,,0.0,,0.0,,0.0
,,,0.1283482164144516,,0.984375,,,,,,,,,,,1.0,1.0,,,,,7803,,,,0.0,,0.0,,0.0
,,,0.17811165750026703,,1.0,,,,,,,,,,,1.0,1.0,,,,,7804,,,,0.0,,0.0,,0.0
,,,0.095703125,,0.9609375,,,,,,,,,,,1.0,1.0,,,,,7805,,,,0.0,,0.0,,0.0
,,,0.1060267835855484,,0.953125,,,,,,,,,,,1.0,1.0,,,,,7806,,,,0.0,,0.0,,0.0
,,,0.18598498404026031,,0.9767441749572754,,,,,,,,,,,1.0,1.0,,,,,7807,,,,0.0,,0.0,,0.0
,,,0.1294642835855484,,1.0,,,,,,,,,,,1.0,1.0,,,,,7808,,,,0.0,,0.0,,0.0
,,,0.18906250596046448,,0.9921875,,,,,,,,,,,1.0,1.0,,,,,7809,,,,0.0,,0.0,,0.0
,,,0.3752577304840088,,1.0,,,,,,,,,,,1.0,1.0,,,,,7810,,,,0.0,,0.0,,0.0
,,,0.1025390625,,0.9921875,,,,,,,,,,,1.0,1.0,,,,,7811,,,,0.0,,0.0,,0.0
,,,0.0902777761220932,,0.953125,,,,,,,,,,,1.0,1.0,,,,,7812,,,,0.0,,0.0,,0.0
,,,0.27040815353393555,,1.0,,,,,,,,,,,1.0,1.0,,,,,7813,,,,0.0,,0.0,,0.0
,,,0.1510416716337204,,0.984375,,,,,,,,,,,1.0,1.0,,,,,7814,,,,0.0,,0.0,,0.0
,,,0.1294642835855484,,0.9921875,,,,,,,,,,,1.0,1.0,,,,,7815,,,,0.0,,0.0,,0.0
,,,0.32323235273361206,,0.995726466178894,,,,,,,,,,,1.0,1.0,,,,,7816,,,,0.0,,0.0,,0.0
,,,0.17656250298023224,,0.9921875,,,,,,,,,,,1.0,1.0,,,,,7817,,,,0.0,,0.0,,0.0
,,,0.125,,1.0,,,,,,,,,,,1.0,1.0,,,,,7818,,,,0.0,,0.0,,0.0
,,,0.1271091103553772,,0.9842519760131836,,,,,,,,,,,1.0,1.0,,,,,7819,,,,0.0,,0.0,,0.0
84,0.837383508682251,0.861508309841156,,0.984790563583374,,,,,,,,,,,,,,213.79994201660156,53239.52734375,5.3650407791137695,358.308349609375,18784,,,0.0,,0.0,,0.0,
84,,,,,,0.2503388822078705,,0.41471797227859497,,8.218979835510254,,,,,,,,,,,,18784,0.5728124380111694,,,,,,,
,,,,,,,,,,,,,,0.03,0.0004,,,,,,,18799,,,,,,,,
85,,,,,,,0.2527163028717041,,0.4331362247467041,,9.0234375,0.00039999998989515007,0.029999999329447746,,,1.0,1.0,,,,,18799,,0.5302869081497192,,,,,,
,,,,,,,,,,,,,,0.03,0.0004,,,,,,,18849,,,,,,,,
85,,,,,,,0.24409256875514984,,0.40034258365631104,,7.8125,0.00039999998989515007,0.029999999329447746,,,1.0,1.0,,,,,18849,,0.730792760848999,,,,,,
,,,,,,,,,,,,,,0.03,0.0004,,,,,,,18899,,,,,,,,
85,,,,,,,0.26640474796295166,,0.43791353702545166,,8.578125,0.00039999998989515007,0.029999999329447746,,,1.0,1.0,,,,,18899,,0.24250462651252747,,,,,,
,,,,,,,,,,,,,,0.03,0.0004,,,,,,,18949,,,,,,,,
85,,,,,,,0.25450095534324646,,0.42527732253074646,,8.5390625,0.00039999998989515007,0.029999999329447746,,,1.0,1.0,,,,,18949,,0.7282155156135559,,,,,,
,,,,,,,,,,,,,,0.03,0.0004,,,,,,,18999,,,,,,,,
85,,,,,,,0.26504120230674744,,0.42470917105674744,,7.98046875,0.00039999998989515007,0.029999999329447746,,,1.0,1.0,,,,,18999,,0.6426530480384827,,,,,,
,,,0.0947265625,,0.9765625,,,,,,,,,,,1.0,1.0,,,,,7820,,,,0.0,,0.0,,0.0
,,,0.1160714253783226,,0.984375,,,,,,,,,,,1.0,1.0,,,,,7821,,,,0.0,,0.0,,0.0
,,,0.19170436263084412,,0.9950494766235352,,,,,,,,,,,1.0,1.0,,,,,7822,,,,0.0,,0.0,,0.0
,,,0.1350446492433548,,0.96875,,,,,,,,,,,1.0,1.0,,,,,7823,,,,0.0,,0.0,,0.0
,,,0.18125000596046448,,0.9921875,,,,,,,,,,,1.0,1.0,,,,,7824,,,,0.0,,0.0,,0.0
,,,0.2312270998954773,,0.9647436141967773,,,,,,,,,,,1.0,1.0,,,,,7825,,,,0.0,,0.0,,0.0
,,,0.05546874925494194,,0.9765625,,,,,,,,,,,1.0,1.0,,,,,7826,,,,0.0,,0.0,,0.0
,,,0.05624999850988388,,0.9765625,,,,,,,,,,,1.0,1.0,,,,,7827,,,,0.0,,0.0,,0.0
,,,0.14656947553157806,,0.9811320900917053,,,,,,,,,,,1.0,1.0,,,,,7828,,,,0.0,,0.0,,0.0
,,,0.1316964328289032,,0.9921875,,,,,,,,,,,1.0,1.0,,,,,7829,,,,0.0,,0.0,,0.0
,,,0.1272321492433548,,0.9921875,,,,,,,,,,,1.0,1.0,,,,,7830,,,,0.0,,0.0,,0.0
,,,0.1471354216337204,,1.0,,,,,,,,,,,1.0,1.0,,,,,7831,,,,0.0,,0.0,,0.0
,,,0.3186666667461395,,0.9919999837875366,,,,,,,,,,,1.0,1.0,,,,,7832,,,,0.0,,0.0,,0.0
,,,0.1272321492433548,,1.0,,,,,,,,,,,1.0,1.0,,,,,7833,,,,0.0,,0.0,,0.0
,,,0.1294642835855484,,0.96875,,,,,,,,,,,1.0,1.0,,,,,7834,,,,0.0,,0.0,,0.0
,,,0.22245565056800842,,1.0,,,,,,,,,,,1.0,1.0,,,,,7835,,,,0.0,,0.0,,0.0
,,,0.1283482164144516,,0.9921875,,,,,,,,,,,1.0,1.0,,,,,7836,,,,0.0,,0.0,,0.0
,,,0.111328125,,0.9921875,,,,,,,,,,,1.0,1.0,,,,,7837,,,,0.0,,0.0,,0.0
,,,0.22700217366218567,,1.0,,,,,,,,,,,1.0,1.0,,,,,7838,,,,0.0,,0.0,,0.0
,,,0.115234375,,0.9921875,,,,,,,,,,,1.0,1.0,,,,,7839,,,,0.0,,0.0,,0.0
,,,0.1575520783662796,,0.984375,,,,,,,,,,,1.0,1.0,,,,,7840,,,,0.0,,0.0,,0.0
,,,0.25707170367240906,,1.0,,,,,,,,,,,1.0,1.0,,,,,7841,,,,0.0,,0.0,,0.0
,,,0.1205357164144516,,0.9921875,,,,,,,,,,,1.0,1.0,,,,,7842,,,,0.0,,0.0,,0.0
,,,0.1103515625,,0.9765625,,,,,,,,,,,1.0,1.0,,,,,7843,,,,0.0,,0.0,,0.0
,,,0.22062808275222778,,1.0,,,,,,,,,,,1.0,1.0,,,,,7844,,,,0.0,,0.0,,0.0
,,,0.14453125,,0.984375,,,,,,,,,,,1.0,1.0,,,,,7845,,,,0.0,,0.0,,0.0
,,,0.125,,1.0,,,,,,,,,,,1.0,1.0,,,,,7846,,,,0.0,,0.0,,0.0
,,,0.23701706528663635,,0.9744654297828674,,,,,,,,,,,1.0,1.0,,,,,7847,,,,0.0,,0.0,,0.0
,,,0.1183035746216774,,0.984375,,,,,,,,,,,1.0,1.0,,,,,7848,,,,0.0,,0.0,,0.0
,,,0.08124999701976776,,0.96875,,,,,,,,,,,1.0,1.0,,,,,7849,,,,0.0,,0.0,,0.0
,,,0.22896228730678558,,0.964842677116394,,,,,,,,,,,1.0,1.0,,,,,7850,,,,0.0,,0.0,,0.0
,,,0.109375,,0.9609375,,,,,,,,,,,1.0,1.0,,,,,7851,,,,0.0,,0.0,,0.0
,,,0.1149553582072258,,0.9765625,,,,,,,,,,,1.0,1.0,,,,,7852,,,,0.0,,0.0,,0.0
,,,0.18746578693389893,,0.9770935773849487,,,,,,,,,,,1.0,1.0,,,,,7853,,,,0.0,,0.0,,0.0
,,,0.1305803507566452,,0.984375,,,,,,,,,,,1.0,1.0,,,,,7854,,,,0.0,,0.0,,0.0
,,,0.1339285671710968,,0.9921875,,,,,,,,,,,1.0,1.0,,,,,7855,,,,0.0,,0.0,,0.0
,,,0.1858331263065338,,0.960484504699707,,,,,,,,,,,1.0,1.0,,,,,7856,,,,0.0,,0.0,,0.0
,,,0.05859375,,0.9765625,,,,,,,,,,,1.0,1.0,,,,,7857,,,,0.0,,0.0,,0.0
,,,0.05312500149011612,,0.96875,,,,,,,,,,,1.0,1.0,,,,,7858,,,,0.0,,0.0,,0.0
,,,0.1495482325553894,,0.9841269850730896,,,,,,,,,,,1.0,1.0,,,,,7859,,,,0.0,,0.0,,0.0
,,,0.1294642835855484,,0.9921875,,,,,,,,,,,1.0,1.0,,,,,7860,,,,0.0,,0.0,,0.0
,,,0.1796875,,0.9921875,,,,,,,,,,,1.0,1.0,,,,,7861,,,,0.0,,0.0,,0.0
,,,0.30946969985961914,,0.987500011920929,,,,,,,,,,,1.0,1.0,,,,,7862,,,,0.0,,0.0,,0.0
,,,0.1142578125,,0.9921875,,,,,,,,,,,1.0,1.0,,,,,7863,,,,0.0,,0.0,,0.0
,,,0.1305803507566452,,0.9921875,,,,,,,,,,,1.0,1.0,,,,,7864,,,,0.0,,0.0,,0.0
,,,0.25102806091308594,,0.9893617033958435,,,,,,,,,,,1.0,1.0,,,,,7865,,,,0.0,,0.0,,0.0
,,,0.11328125,,1.0,,,,,,,,,,,1.0,1.0,,,,,7866,,,,0.0,,0.0,,0.0
,,,0.1261160671710968,,0.9921875,,,,,,,,,,,1.0,1.0,,,,,7867,,,,0.0,,0.0,,0.0
,,,0.1123046875,,0.9921875,,,,,,,,,,,1.0,1.0,,,,,7868,,,,0.0,,0.0,,0.0
,,,0.24015748500823975,,0.9960629940032959,,,,,,,,,,,1.0,1.0,,,,,7869,,,,0.0,,0.0,,0.0
,,,0.1328125,,0.9921875,,,,,,,,,,,1.0,1.0,,,,,7870,,,,0.0,,0.0,,0.0
,,,0.1588541716337204,,0.9921875,,,,,,,,,,,1.0,1.0,,,,,7871,,,,0.0,,0.0,,0.0
,,,0.20689654350280762,,1.0,,,,,,,,,,,1.0,1.0,,,,,7872,,,,0.0,,0.0,,0.0
,,,0.1015625,,0.9765625,,,,,,,,,,,1.0,1.0,,,,,7873,,,,0.0,,0.0,,0.0
,,,0.0998263880610466,,0.984375,,,,,,,,,,,1.0,1.0,,,,,7874,,,,0.0,,0.0,,0.0
,,,0.25569701194763184,,1.0,,,,,,,,,,,1.0,1.0,,,,,7875,,,,0.0,,0.0,,0.0
,,,0.224609375,,0.9921875,,,,,,,,,,,1.0,1.0,,,,,7876,,,,0.0,,0.0,,0.0
,,,0.1064453125,,1.0,,,,,,,,,,,1.0,1.0,,,,,7877,,,,0.0,,0.0,,0.0
,,,0.2395833432674408,,0.9739583730697632,,,,,,,,,,,1.0,1.0,,,,,7878,,,,0.0,,0.0,,0.0
,,,0.0986328125,,0.984375,,,,,,,,,,,1.0,1.0,,,,,7879,,,,0.0,,0.0,,0.0
,,,0.1227678582072258,,0.96875,,,,,,,,,,,1.0,1.0,,,,,7880,,,,0.0,,0.0,,0.0
,,,0.22702103853225708,,0.9703764915466309,,,,,,,,,,,1.0,1.0,,,,,7881,,,,0.0,,0.0,,0.0
,,,0.0947265625,,0.953125,,,,,,,,,,,1.0,1.0,,,,,7882,,,,0.0,,0.0,,0.0
,,,0.0986328125,,0.9765625,,,,,,,,,,,1.0,1.0,,,,,7883,,,,0.0,,0.0,,0.0
,,,0.1911504566669464,,0.982300877571106,,,,,,,,,,,1.0,1.0,,,,,7884,,,,0.0,,0.0,,0.0
,,,0.1536458283662796,,0.9921875,,,,,,,,,,,1.0,1.0,,,,,7885,,,,0.0,,0.0,,0.0
,,,0.1162109375,,0.9765625,,,,,,,,,,,1.0,1.0,,,,,7886,,,,0.0,,0.0,,0.0
,,,0.15080806612968445,,0.9909090995788574,,,,,,,,,,,1.0,1.0,,,,,7887,,,,0.0,,0.0,,0.0
,,,0.0668402761220932,,0.9609375,,,,,,,,,,,1.0,1.0,,,,,7888,,,,0.0,,0.0,,0.0
,,,0.05234374850988388,,0.9765625,,,,,,,,,,,1.0,1.0,,,,,7889,,,,0.0,,0.0,,0.0
,,,0.17304526269435883,,0.970370352268219,,,,,,,,,,,1.0,1.0,,,,,7890,,,,0.0,,0.0,,0.0
,,,0.1272321492433548,,0.9921875,,,,,,,,,,,1.0,1.0,,,,,7891,,,,0.0,,0.0,,0.0
,,,0.18437500298023224,,0.9921875,,,,,,,,,,,1.0,1.0,,,,,7892,,,,0.0,,0.0,,0.0
,,,0.37702810764312744,,0.9939758777618408,,,,,,,,,,,1.0,1.0,,,,,7893,,,,0.0,,0.0,,0.0
,,,0.1316964328289032,,0.9921875,,,,,,,,,,,1.0,1.0,,,,,7894,,,,0.0,,0.0,,0.0
,,,0.11328125,,0.984375,,,,,,,,,,,1.0,1.0,,,,,7895,,,,0.0,,0.0,,0.0
,,,0.1961633265018463,,0.9901961088180542,,,,,,,,,,,1.0,1.0,,,,,7896,,,,0.0,,0.0,,0.0
,,,0.1123046875,,1.0,,,,,,,,,,,1.0,1.0,,,,,7897,,,,0.0,,0.0,,0.0
,,,0.1283482164144516,,1.0,,,,,,,,,,,1.0,1.0,,,,,7898,,,,0.0,,0.0,,0.0
,,,0.2339424192905426,,0.9941860437393188,,,,,,,,,,,1.0,1.0,,,,,7899,,,,0.0,,0.0,,0.0
,,,0.1006944477558136,,0.9921875,,,,,,,,,,,1.0,1.0,,,,,7900,,,,0.0,,0.0,,0.0
,,,0.18593749403953552,,0.9921875,,,,,,,,,,,1.0,1.0,,,,,7901,,,,0.0,,0.0,,0.0
,,,0.32302406430244446,,0.9948453903198242,,,,,,,,,,,1.0,1.0,,,,,7902,,,,0.0,,0.0,,0.0
,,,0.1216517835855484,,0.9921875,,,,,,,,,,,1.0,1.0,,,,,7903,,,,0.0,,0.0,,0.0
,,,0.1216517835855484,,0.9765625,,,,,,,,,,,1.0,1.0,,,,,7904,,,,0.0,,0.0,,0.0
,,,0.2113095223903656,,0.9955357313156128,,,,,,,,,,,1.0,1.0,,,,,7905,,,,0.0,,0.0,,0.0
,,,0.17656250298023224,,0.9921875,,,,,,,,,,,1.0,1.0,,,,,7906,,,,0.0,,0.0,,0.0
,,,0.1261160671710968,,0.9921875,,,,,,,,,,,1.0,1.0,,,,,7907,,,,0.0,,0.0,,0.0
,,,0.22843822836875916,,0.9914529919624329,,,,,,,,,,,1.0,1.0,,,,,7908,,,,0.0,,0.0,,0.0
,,,0.1393229216337204,,0.9765625,,,,,,,,,,,1.0,1.0,,,,,7909,,,,0.0,,0.0,,0.0
,,,0.099609375,,0.9765625,,,,,,,,,,,1.0,1.0,,,,,7910,,,,0.0,,0.0,,0.0
,,,0.14435695111751556,,0.9685039520263672,,,,,,,,,,,1.0,1.0,,,,,7911,,,,0.0,,0.0,,0.0
85,0.8386904001235962,0.8488777875900269,,0.9849120378494263,,,,,,,,,,,,,,212.87008666992188,46978.6640625,5.360682010650635,357.4487609863281,19005,,,0.0,,0.0,,0.0,
85,,,,,,0.24939893186092377,,0.4137912392616272,,8.219598770141602,,,,,,,,,,,,19005,0.574306070804596,,,,,,,
,,,,,,,,,,,,,,0.03,0.0004,,,,,,,19049,,,,,,,,
86,,,,,,,0.26927894353866577,,0.42784827947616577,,7.9296875,0.00039999998989515007,0.029999999329447746,,,1.0,1.0,,,,,19049,,0.7055132389068604,,,,,,
,,,,,,,,,,,,,,0.03,0.0004,,,,,,,19099,,,,,,,,
86,,,,,,,0.24938379228115082,,0.409417986869812,,8.0,0.00039999998989515007,0.029999999329447746,,,1.0,1.0,,,,,19099,,0.5467555522918701,,,,,,
,,,,,,,,,,,,,,0.03,0.0004,,,,,,,19149,,,,,,,,
86,,,,,,,0.2249143123626709,,0.4019162654876709,,8.8515625,0.00039999998989515007,0.029999999329447746,,,1.0,1.0,,,,,19149,,0.6288247108459473,,,,,,
,,,,,,,,,,,,,,0.03,0.0004,,,,,,,19199,,,,,,,,
86,,,,,,,0.24371337890625,,0.39447021484375,,7.53515625,0.00039999998989515007,0.029999999329447746,,,1.0,1.0,,,,,19199,,0.662192702293396,,,,,,
,,,0.125,,0.9921875,,,,,,,,,,,1.0,1.0,,,,,7912,,,,0.0,,0.0,,0.0
,,,0.1261160671710968,,1.0,,,,,,,,,,,1.0,1.0,,,,,7913,,,,0.0,,0.0,,0.0
,,,0.21507149934768677,,0.9950494766235352,,,,,,,,,,,1.0,1.0,,,,,7914,,,,0.0,,0.0,,0.0
,,,0.18593749403953552,,0.984375,,,,,,,,,,,1.0,1.0,,,,,7915,,,,0.0,,0.0,,0.0
,,,0.1261160671710968,,0.9921875,,,,,,,,,,,1.0,1.0,,,,,7916,,,,0.0,,0.0,,0.0
,,,0.29807692766189575,,0.9599359035491943,,,,,,,,,,,1.0,1.0,,,,,7917,,,,0.0,,0.0,,0.0
,,,0.1015625,,0.9921875,,,,,,,,,,,1.0,1.0,,,,,7918,,,,0.0,,0.0,,0.0
,,,0.0966796875,,0.984375,,,,,,,,,,,1.0,1.0,,,,,7919,,,,0.0,,0.0,,0.0
,,,0.15291595458984375,,0.9905660152435303,,,,,,,,,,,1.0,1.0,,,,,7920,,,,0.0,,0.0,,0.0
,,,0.0920138880610466,,0.9609375,,,,,,,,,,,1.0,1.0,,,,,7921,,,,0.0,,0.0,,0.0
,,,0.1380208283662796,,0.9296875,,,,,,,,,,,1.0,1.0,,,,,7922,,,,0.0,,0.0,,0.0
,,,0.1127232164144516,,0.953125,,,,,,,,,,,1.0,1.0,,,,,7923,,,,0.0,,0.0,,0.0
,,,0.19833333790302277,,0.8253333568572998,,,,,,,,,,,1.0,1.0,,,,,7924,,,,0.0,,0.0,,0.0
,,,0.1316964328289032,,1.0,,,,,,,,,,,1.0,1.0,,,,,7925,,,,0.0,,0.0,,0.0
,,,0.1305803507566452,,0.984375,,,,,,,,,,,1.0,1.0,,,,,7926,,,,0.0,,0.0,,0.0
,,,0.23982927203178406,,1.0,,,,,,,,,,,1.0,1.0,,,,,7927,,,,0.0,,0.0,,0.0
,,,0.1315104216337204,,0.9765625,,,,,,,,,,,1.0,1.0,,,,,7928,,,,0.0,,0.0,,0.0
,,,0.0947265625,,0.984375,,,,,,,,,,,1.0,1.0,,,,,7929,,,,0.0,,0.0,,0.0
,,,0.2399505376815796,,0.9713203310966492,,,,,,,,,,,1.0,1.0,,,,,7930,,,,0.0,,0.0,,0.0
,,,0.1238839253783226,,0.96875,,,,,,,,,,,1.0,1.0,,,,,7931,,,,0.0,,0.0,,0.0
,,,0.1796875,,0.9921875,,,,,,,,,,,1.0,1.0,,,,,7932,,,,0.0,,0.0,,0.0
,,,0.24344423413276672,,1.0,,,,,,,,,,,1.0,1.0,,,,,7933,,,,0.0,,0.0,,0.0
,,,0.10546875,,0.9921875,,,,,,,,,,,1.0,1.0,,,,,7934,,,,0.0,,0.0,,0.0
,,,0.1316964328289032,,0.9765625,,,,,,,,,,,1.0,1.0,,,,,7935,,,,0.0,,0.0,,0.0
,,,0.17477832734584808,,0.9928570985794067,,,,,,,,,,,1.0,1.0,,,,,7936,,,,0.0,,0.0,,0.0
,,,0.17812499403953552,,0.9921875,,,,,,,,,,,1.0,1.0,,,,,7937,,,,0.0,,0.0,,0.0
,,,0.1497395783662796,,1.0,,,,,,,,,,,1.0,1.0,,,,,7938,,,,0.0,,0.0,,0.0
,,,0.2562084496021271,,1.0,,,,,,,,,,,1.0,1.0,,,,,7939,,,,0.0,,0.0,,0.0
,,,0.1497395783662796,,1.0,,,,,,,,,,,1.0,1.0,,,,,7940,,,,0.0,,0.0,,0.0
,,,0.0920138880610466,,0.984375,,,,,,,,,,,1.0,1.0,,,,,7941,,,,0.0,,0.0,,0.0
,,,0.26062148809432983,,0.9823529720306396,,,,,,,,,,,1.0,1.0,,,,,7942,,,,0.0,,0.0,,0.0
,,,0.1227678582072258,,0.9921875,,,,,,,,,,,1.0,1.0,,,,,7943,,,,0.0,,0.0,,0.0
,,,0.1432291716337204,,0.984375,,,,,,,,,,,1.0,1.0,,,,,7944,,,,0.0,,0.0,,0.0
,,,0.19228243827819824,,1.0,,,,,,,,,,,1.0,1.0,,,,,7945,,,,0.0,,0.0,,0.0
,,,0.1510416716337204,,0.984375,,,,,,,,,,,1.0,1.0,,,,,7946,,,,0.0,,0.0,,0.0
,,,0.1796875,,0.9921875,,,,,,,,,,,1.0,1.0,,,,,7947,,,,0.0,,0.0,,0.0
,,,0.21158552169799805,,0.960484504699707,,,,,,,,,,,1.0,1.0,,,,,7948,,,,0.0,,0.0,,0.0
,,,0.1015625,,1.0,,,,,,,,,,,1.0,1.0,,,,,7949,,,,0.0,,0.0,,0.0
,,,0.0842013880610466,,0.96875,,,,,,,,,,,1.0,1.0,,,,,7950,,,,0.0,,0.0,,0.0
,,,0.15311355888843536,,0.9923076629638672,,,,,,,,,,,1.0,1.0,,,,,7951,,,,0.0,,0.0,,0.0
,,,0.1194196417927742,,0.9453125,,,,,,,,,,,1.0,1.0,,,,,7952,,,,0.0,,0.0,,0.0
,,,0.1216517835855484,,0.953125,,,,,,,,,,,1.0,1.0,,,,,7953,,,,0.0,,0.0,,0.0
,,,0.2133522629737854,,0.9647727012634277,,,,,,,,,,,1.0,1.0,,,,,7954,,,,0.0,,0.0,,0.0
,,,0.1142578125,,0.9921875,,,,,,,,,,,1.0,1.0,,,,,7955,,,,0.0,,0.0,,0.0
,,,0.1024305522441864,,0.9921875,,,,,,,,,,,1.0,1.0,,,,,7956,,,,0.0,,0.0,,0.0
,,,0.24566423892974854,,1.0,,,,,,,,,,,1.0,1.0,,,,,7957,,,,0.0,,0.0,,0.0
,,,0.1104910746216774,,0.9921875,,,,,,,,,,,1.0,1.0,,,,,7958,,,,0.0,,0.0,,0.0
,,,0.09765625,,0.984375,,,,,,,,,,,1.0,1.0,,,,,7959,,,,0.0,,0.0,,0.0
,,,0.1104910746216774,,0.9765625,,,,,,,,,,,1.0,1.0,,,,,7960,,,,0.0,,0.0,,0.0
,,,0.317585289478302,,0.9881889820098877,,,,,,,,,,,1.0,1.0,,,,,7961,,,,0.0,,0.0,,0.0
,,,0.1272321492433548,,0.9765625,,,,,,,,,,,1.0,1.0,,,,,7962,,,,0.0,,0.0,,0.0
,,,0.125,,1.0,,,,,,,,,,,1.0,1.0,,,,,7963,,,,0.0,,0.0,,0.0
,,,0.18498563766479492,,1.0,,,,,,,,,,,1.0,1.0,,,,,7964,,,,0.0,,0.0,,0.0
,,,0.1025390625,,0.9765625,,,,,,,,,,,1.0,1.0,,,,,7965,,,,0.0,,0.0,,0.0
,,,0.1305803507566452,,0.984375,,,,,,,,,,,1.0,1.0,,,,,7966,,,,0.0,,0.0,,0.0
,,,0.19777533411979675,,1.0,,,,,,,,,,,1.0,1.0,,,,,7967,,,,0.0,,0.0,,0.0
,,,0.23046875,,0.9921875,,,,,,,,,,,1.0,1.0,,,,,7968,,,,0.0,,0.0,,0.0
,,,0.1484375,,1.0,,,,,,,,,,,1.0,1.0,,,,,7969,,,,0.0,,0.0,,0.0
,,,0.3541666567325592,,1.0,,,,,,,,,,,1.0,1.0,,,,,7970,,,,0.0,,0.0,,0.0
,,,0.109375,,0.9921875,,,,,,,,,,,1.0,1.0,,,,,7971,,,,0.0,,0.0,,0.0
,,,0.0963541641831398,,0.9921875,,,,,,,,,,,1.0,1.0,,,,,7972,,,,0.0,,0.0,,0.0
,,,0.2941122055053711,,0.988095223903656,,,,,,,,,,,1.0,1.0,,,,,7973,,,,0.0,,0.0,,0.0
,,,0.1238839253783226,,0.9921875,,,,,,,,,,,1.0,1.0,,,,,7974,,,,0.0,,0.0,,0.0
,,,0.1216517835855484,,0.984375,,,,,,,,,,,1.0,1.0,,,,,7975,,,,0.0,,0.0,,0.0
,,,0.2502317726612091,,0.991150438785553,,,,,,,,,,,1.0,1.0,,,,,7976,,,,0.0,,0.0,,0.0
,,,0.15234375,,0.9921875,,,,,,,,,,,1.0,1.0,,,,,7977,,,,0.0,,0.0,,0.0
,,,0.224609375,,0.9765625,,,,,,,,,,,1.0,1.0,,,,,7978,,,,0.0,,0.0,,0.0
,,,0.17429855465888977,,0.9909090995788574,,,,,,,,,,,1.0,1.0,,,,,7979,,,,0.0,,0.0,,0.0
,,,0.099609375,,0.9921875,,,,,,,,,,,1.0,1.0,,,,,7980,,,,0.0,,0.0,,0.0
,,,0.09375,,0.9765625,,,,,,,,,,,1.0,1.0,,,,,7981,,,,0.0,,0.0,,0.0
,,,0.2057870328426361,,0.9861111044883728,,,,,,,,,,,1.0,1.0,,,,,7982,,,,0.0,,0.0,,0.0
,,,0.1380208283662796,,0.9375,,,,,,,,,,,1.0,1.0,,,,,7983,,,,0.0,,0.0,,0.0
,,,0.1183035746216774,,0.96875,,,,,,,,,,,1.0,1.0,,,,,7984,,,,0.0,,0.0,,0.0
,,,0.22175368666648865,,0.9606425762176514,,,,,,,,,,,1.0,1.0,,,,,7985,,,,0.0,,0.0,,0.0
,,,0.15234375,,0.9921875,,,,,,,,,,,1.0,1.0,,,,,7986,,,,0.0,,0.0,,0.0
,,,0.1328125,,0.9921875,,,,,,,,,,,1.0,1.0,,,,,7987,,,,0.0,,0.0,,0.0
,,,0.24016880989074707,,1.0,,,,,,,,,,,1.0,1.0,,,,,7988,,,,0.0,,0.0,,0.0
,,,0.1160714253783226,,0.984375,,,,,,,,,,,1.0,1.0,,,,,7989,,,,0.0,,0.0,,0.0
,,,0.0986328125,,0.984375,,,,,,,,,,,1.0,1.0,,,,,7990,,,,0.0,,0.0,,0.0
,,,0.19367539882659912,,0.9883720874786377,,,,,,,,,,,1.0,1.0,,,,,7991,,,,0.0,,0.0,,0.0
,,,0.140625,,0.96875,,,,,,,,,,,1.0,1.0,,,,,7992,,,,0.0,,0.0,,0.0
,,,0.1796875,,0.984375,,,,,,,,,,,1.0,1.0,,,,,7993,,,,0.0,,0.0,,0.0
,,,0.30584192276000977,,1.0,,,,,,,,,,,1.0,1.0,,,,,7994,,,,0.0,,0.0,,0.0
,,,0.10546875,,1.0,,,,,,,,,,,1.0,1.0,,,,,7995,,,,0.0,,0.0,,0.0
,,,0.103515625,,0.9609375,,,,,,,,,,,1.0,1.0,,,,,7996,,,,0.0,,0.0,,0.0
,,,0.2388392835855484,,0.9955357313156128,,,,,,,,,,,1.0,1.0,,,,,7997,,,,0.0,,0.0,,0.0
,,,0.1103515625,,1.0,,,,,,,,,,,1.0,1.0,,,,,7998,,,,0.0,,0.0,,0.0
,,,0.1796875,,0.9921875,,,,,,,,,,,1.0,1.0,,,,,7999,,,,0.0,,0.0,,0.0
,,,0.27363377809524536,,1.0,,,,,,,,,,,1.0,1.0,,,,,8000,,,,0.0,,0.0,,0.0
,,,0.1536458283662796,,1.0,,,,,,,,,,,1.0,1.0,,,,,8001,,,,0.0,,0.0,,0.0
,,,0.0954861119389534,,0.9921875,,,,,,,,,,,1.0,1.0,,,,,8002,,,,0.0,,0.0,,0.0
,,,0.12598425149917603,,0.9842519760131836,,,,,,,,,,,1.0,1.0,,,,,8003,,,,0.0,,0.0,,0.0
86,0.8399400115013123,0.8607590198516846,,0.9850070476531982,,,,,,,,,,,,,,214.781005859375,39137.17578125,5.369618892669678,355.61151123046875,19226,,,0.0,,0.0,,0.0,
86,,,,,,0.24855369329452515,,0.41158774495124817,,8.151637077331543,,,,,,,,,,,,19226,0.5378737449645996,,,,,,,
,,,,,,,,,,,,,,0.03,0.0004,,,,,,,19249,,,,,,,,
87,,,,,,,0.22252783179283142,,0.3810971677303314,,7.92578125,0.00039999998989515007,0.029999999329447746,,,1.0,1.0,,,,,19249,,0.3434964418411255,,,,,,
,,,,,,,,,,,,,,0.03,0.0004,,,,,,,19299,,,,,,,,
87,,,,,,,0.2358357310295105,,0.3956257700920105,,7.9921875,0.00039999998989515007,0.029999999329447746,,,1.0,1.0,,,,,19299,,0.5320552587509155,,,,,,
,,,,,,,,,,,,,,0.03,0.0004,,,,,,,19349,,,,,,,,
87,,,,,,,0.25762271881103516,,0.42229557037353516,,8.234375,0.00039999998989515007,0.029999999329447746,,,1.0,1.0,,,,,19349,,0.6269725561141968,,,,,,
,,,,,,,,,,,,,,0.03,0.0004,,,,,,,19399,,,,,,,,
87,,,,,,,0.2402637004852295,,0.4100635051727295,,8.4921875,0.00039999998989515007,0.029999999329447746,,,1.0,1.0,,,,,19399,,0.5586836338043213,,,,,,
,,,0.1104910746216774,,0.9765625,,,,,,,,,,,1.0,1.0,,,,,8004,,,,0.0,,0.0,,0.0
,,,0.201171875,,0.9765625,,,,,,,,,,,1.0,1.0,,,,,8005,,,,0.0,,0.0,,0.0
,,,0.20980015397071838,,0.9666299819946289,,,,,,,,,,,1.0,1.0,,,,,8006,,,,0.0,,0.0,,0.0
,,,0.18125000596046448,,0.9765625,,,,,,,,,,,1.0,1.0,,,,,8007,,,,0.0,,0.0,,0.0
,,,0.1205357164144516,,0.953125,,,,,,,,,,,1.0,1.0,,,,,8008,,,,0.0,,0.0,,0.0
,,,0.2986111044883728,,0.9807692170143127,,,,,,,,,,,1.0,1.0,,,,,8009,,,,0.0,,0.0,,0.0
,,,0.099609375,,1.0,,,,,,,,,,,1.0,1.0,,,,,8010,,,,0.0,,0.0,,0.0
,,,0.1138392835855484,,1.0,,,,,,,,,,,1.0,1.0,,,,,8011,,,,0.0,,0.0,,0.0
,,,0.17181245982646942,,0.9952830076217651,,,,,,,,,,,1.0,1.0,,,,,8012,,,,0.0,,0.0,,0.0
,,,0.1194196417927742,,0.984375,,,,,,,,,,,1.0,1.0,,,,,8013,,,,0.0,,0.0,,0.0
,,,0.1171875,,0.96875,,,,,,,,,,,1.0,1.0,,,,,8014,,,,0.0,,0.0,,0.0
,,,0.125,,0.9921875,,,,,,,,,,,1.0,1.0,,,,,8015,,,,0.0,,0.0,,0.0
,,,0.22895237803459167,,0.8173333406448364,,,,,,,,,,,1.0,1.0,,,,,8016,,,,0.0,,0.0,,0.0
,,,0.18593749403953552,,0.9921875,,,,,,,,,,,1.0,1.0,,,,,8017,,,,0.0,,0.0,,0.0
,,,0.18125000596046448,,0.9765625,,,,,,,,,,,1.0,1.0,,,,,8018,,,,0.0,,0.0,,0.0
,,,0.2506335973739624,,1.0,,,,,,,,,,,1.0,1.0,,,,,8019,,,,0.0,,0.0,,0.0
,,,0.13671875,,1.0,,,,,,,,,,,1.0,1.0,,,,,8020,,,,0.0,,0.0,,0.0
,,,0.10546875,,1.0,,,,,,,,,,,1.0,1.0,,,,,8021,,,,0.0,,0.0,,0.0
,,,0.23283858597278595,,0.9767315983772278,,,,,,,,,,,1.0,1.0,,,,,8022,,,,0.0,,0.0,,0.0
,,,0.1015625,,0.9609375,,,,,,,,,,,1.0,1.0,,,,,8023,,,,0.0,,0.0,,0.0
,,,0.16093750298023224,,0.9453125,,,,,,,,,,,1.0,1.0,,,,,8024,,,,0.0,,0.0,,0.0
,,,0.17415249347686768,,0.9475716352462769,,,,,,,,,,,1.0,1.0,,,,,8025,,,,0.0,,0.0,,0.0
,,,0.0986328125,,0.9609375,,,,,,,,,,,1.0,1.0,,,,,8026,,,,0.0,,0.0,,0.0
,,,0.1205357164144516,,0.9609375,,,,,,,,,,,1.0,1.0,,,,,8027,,,,0.0,,0.0,,0.0
,,,0.25095003843307495,,0.985714316368103,,,,,,,,,,,1.0,1.0,,,,,8028,,,,0.0,,0.0,,0.0
,,,0.1536458283662796,,1.0,,,,,,,,,,,1.0,1.0,,,,,8029,,,,0.0,,0.0,,0.0
,,,0.19062499701976776,,1.0,,,,,,,,,,,1.0,1.0,,,,,8030,,,,0.0,,0.0,,0.0
,,,0.3024318516254425,,1.0,,,,,,,,,,,1.0,1.0,,,,,8031,,,,0.0,,0.0,,0.0
,,,0.18281249701976776,,1.0,,,,,,,,,,,1.0,1.0,,,,,8032,,,,0.0,,0.0,,0.0
,,,0.1025390625,,1.0,,,,,,,,,,,1.0,1.0,,,,,8033,,,,0.0,,0.0,,0.0
,,,0.27487459778785706,,0.9882352948188782,,,,,,,,,,,1.0,1.0,,,,,8034,,,,0.0,,0.0,,0.0
,,,0.1071428582072258,,0.9765625,,,,,,,,,,,1.0,1.0,,,,,8035,,,,0.0,,0.0,,0.0
,,,0.1328125,,0.9609375,,,,,,,,,,,1.0,1.0,,,,,8036,,,,0.0,,0.0,,0.0
,,,0.20806649327278137,,0.9770935773849487,,,,,,,,,,,1.0,1.0,,,,,8037,,,,0.0,,0.0,,0.0
,,,0.1064453125,,0.96875,,,,,,,,,,,1.0,1.0,,,,,8038,,,,0.0,,0.0,,0.0
,,,0.1458333283662796,,0.9609375,,,,,,,,,,,1.0,1.0,,,,,8039,,,,0.0,,0.0,,0.0
,,,0.2816246747970581,,0.9754098653793335,,,,,,,,,,,1.0,1.0,,,,,8040,,,,0.0,,0.0,,0.0
,,,0.1194196417927742,,1.0,,,,,,,,,,,1.0,1.0,,,,,8041,,,,0.0,,0.0,,0.0
,,,0.1302083283662796,,0.9921875,,,,,,,,,,,1.0,1.0,,,,,8042,,,,0.0,,0.0,,0.0
,,,0.17007189989089966,,0.9923076629638672,,,,,,,,,,,1.0,1.0,,,,,8043,,,,0.0,,0.0,,0.0
,,,0.1183035746216774,,1.0,,,,,,,,,,,1.0,1.0,,,,,8044,,,,0.0,,0.0,,0.0
,,,0.13671875,,0.9765625,,,,,,,,,,,1.0,1.0,,,,,8045,,,,0.0,,0.0,,0.0
,,,0.28295454382896423,,0.9636363983154297,,,,,,,,,,,1.0,1.0,,,,,8046,,,,0.0,,0.0,,0.0
,,,0.1549479216337204,,0.984375,,,,,,,,,,,1.0,1.0,,,,,8047,,,,0.0,,0.0,,0.0
,,,0.1328125,,0.984375,,,,,,,,,,,1.0,1.0,,,,,8048,,,,0.0,,0.0,,0.0
,,,0.25102806091308594,,0.9946808815002441,,,,,,,,,,,1.0,1.0,,,,,8049,,,,0.0,,0.0,,0.0
,,,0.140625,,0.9921875,,,,,,,,,,,1.0,1.0,,,,,8050,,,,0.0,,0.0,,0.0
,,,0.1005859375,,1.0,,,,,,,,,,,1.0,1.0,,,,,8051,,,,0.0,,0.0,,0.0
,,,0.1227678582072258,,0.9921875,,,,,,,,,,,1.0,1.0,,,,,8052,,,,0.0,,0.0,,0.0
,,,0.11811023950576782,,0.9803149700164795,,,,,,,,,,,1.0,1.0,,,,,8053,,,,0.0,,0.0,,0.0
,,,0.1183035746216774,,0.96875,,,,,,,,,,,1.0,1.0,,,,,8054,,,,0.0,,0.0,,0.0
,,,0.12890625,,0.953125,,,,,,,,,,,1.0,1.0,,,,,8055,,,,0.0,,0.0,,0.0
,,,0.1465517282485962,,0.936781644821167,,,,,,,,,,,1.0,1.0,,,,,8056,,,,0.0,,0.0,,0.0
,,,0.1302083283662796,,0.9453125,,,,,,,,,,,1.0,1.0,,,,,8057,,,,0.0,,0.0,,0.0
,,,0.1261160671710968,,0.9765625,,,,,,,,,,,1.0,1.0,,,,,8058,,,,0.0,,0.0,,0.0
,,,0.24794384837150574,,0.9814814925193787,,,,,,,,,,,1.0,1.0,,,,,8059,,,,0.0,,0.0,,0.0
,,,0.236328125,,1.0,,,,,,,,,,,1.0,1.0,,,,,8060,,,,0.0,,0.0,,0.0
,,,0.18906250596046448,,1.0,,,,,,,,,,,1.0,1.0,,,,,8061,,,,0.0,,0.0,,0.0
,,,0.35624998807907104,,1.0,,,,,,,,,,,1.0,1.0,,,,,8062,,,,0.0,,0.0,,0.0
,,,0.17812499403953552,,1.0,,,,,,,,,,,1.0,1.0,,,,,8063,,,,0.0,,0.0,,0.0
,,,0.1238839253783226,,0.9921875,,,,,,,,,,,1.0,1.0,,,,,8064,,,,0.0,,0.0,,0.0
,,,0.2609819173812866,,0.988095223903656,,,,,,,,,,,1.0,1.0,,,,,8065,,,,0.0,,0.0,,0.0
,,,0.1315104216337204,,0.953125,,,,,,,,,,,1.0,1.0,,,,,8066,,,,0.0,,0.0,,0.0
,,,0.1138392835855484,,0.9765625,,,,,,,,,,,1.0,1.0,,,,,8067,,,,0.0,,0.0,,0.0
,,,0.2778761088848114,,0.982300877571106,,,,,,,,,,,1.0,1.0,,,,,8068,,,,0.0,,0.0,,0.0
,,,0.109375,,0.9765625,,,,,,,,,,,1.0,1.0,,,,,8069,,,,0.0,,0.0,,0.0
,,,0.1238839253783226,,0.9453125,,,,,,,,,,,1.0,1.0,,,,,8070,,,,0.0,,0.0,,0.0
,,,0.22929292917251587,,1.0,,,,,,,,,,,1.0,1.0,,,,,8071,,,,0.0,,0.0,,0.0
,,,0.1160714253783226,,1.0,,,,,,,,,,,1.0,1.0,,,,,8072,,,,0.0,,0.0,,0.0
,,,0.0815972238779068,,0.9921875,,,,,,,,,,,1.0,1.0,,,,,8073,,,,0.0,,0.0,,0.0
,,,0.23650793731212616,,0.9953703880310059,,,,,,,,,,,1.0,1.0,,,,,8074,,,,0.0,,0.0,,0.0
,,,0.1194196417927742,,0.96875,,,,,,,,,,,1.0,1.0,,,,,8075,,,,0.0,,0.0,,0.0
,,,0.1315104216337204,,0.9921875,,,,,,,,,,,1.0,1.0,,,,,8076,,,,0.0,,0.0,,0.0
,,,0.2845604419708252,,0.9768407344818115,,,,,,,,,,,1.0,1.0,,,,,8077,,,,0.0,,0.0,,0.0
,,,0.1536458283662796,,0.9765625,,,,,,,,,,,1.0,1.0,,,,,8078,,,,0.0,,0.0,,0.0
,,,0.1536458283662796,,0.984375,,,,,,,,,,,1.0,1.0,,,,,8079,,,,0.0,,0.0,,0.0
,,,0.25035470724105835,,0.9901961088180542,,,,,,,,,,,1.0,1.0,,,,,8080,,,,0.0,,0.0,,0.0
,,,0.1183035746216774,,0.9921875,,,,,,,,,,,1.0,1.0,,,,,8081,,,,0.0,,0.0,,0.0
,,,0.1194196417927742,,1.0,,,,,,,,,,,1.0,1.0,,,,,8082,,,,0.0,,0.0,,0.0
,,,0.25217530131340027,,0.9941860437393188,,,,,,,,,,,1.0,1.0,,,,,8083,,,,0.0,,0.0,,0.0
,,,0.09375,,0.953125,,,,,,,,,,,1.0,1.0,,,,,8084,,,,0.0,,0.0,,0.0
,,,0.171875,,0.9609375,,,,,,,,,,,1.0,1.0,,,,,8085,,,,0.0,,0.0,,0.0
,,,0.23967884480953217,,0.9742268323898315,,,,,,,,,,,1.0,1.0,,,,,8086,,,,0.0,,0.0,,0.0
,,,0.0876736119389534,,0.953125,,,,,,,,,,,1.0,1.0,,,,,8087,,,,0.0,,0.0,,0.0
,,,0.1116071417927742,,0.9453125,,,,,,,,,,,1.0,1.0,,,,,8088,,,,0.0,,0.0,,0.0
,,,0.26913267374038696,,0.9910714626312256,,,,,,,,,,,1.0,1.0,,,,,8089,,,,0.0,,0.0,,0.0
,,,0.18281249701976776,,1.0,,,,,,,,,,,1.0,1.0,,,,,8090,,,,0.0,,0.0,,0.0
,,,0.18593749403953552,,1.0,,,,,,,,,,,1.0,1.0,,,,,8091,,,,0.0,,0.0,,0.0
,,,0.2793318033218384,,1.0,,,,,,,,,,,1.0,1.0,,,,,8092,,,,0.0,,0.0,,0.0
,,,0.2265625,,1.0,,,,,,,,,,,1.0,1.0,,,,,8093,,,,0.0,,0.0,,0.0
,,,0.125,,1.0,,,,,,,,,,,1.0,1.0,,,,,8094,,,,0.0,,0.0,,0.0
,,,0.1430446207523346,,0.9842519760131836,,,,,,,,,,,1.0,1.0,,,,,8095,,,,0.0,,0.0,,0.0
87,0.8392205834388733,0.8444341421127319,,0.9809590578079224,,,,,,,,,,,,,,213.1643524169922,33608.59375,5.362063407897949,358.5830078125,19447,,,0.0,,0.0,,0.0,
87,,,,,,0.24583950638771057,,0.409634530544281,,8.189674377441406,,,,,,,,,,,,19447,0.5488625764846802,,,,,,,
,,,,,,,,,,,,,,0.03,0.0004,,,,,,,19449,,,,,,,,
88,,,,,,,0.24984239041805267,,0.41036486625671387,,8.0234375,0.00039999998989515007,0.029999999329447746,,,1.0,1.0,,,,,19449,,0.5941978693008423,,,,,,
,,,,,,,,,,,,,,0.03,0.0004,,,,,,,19499,,,,,,,,
88,,,,,,,0.23787711560726166,,0.40596795082092285,,8.40625,0.00039999998989515007,0.029999999329447746,,,1.0,1.0,,,,,19499,,0.3572549819946289,,,,,,
,,,,,,,,,,,,,,0.03,0.0004,,,,,,,19549,,,,,,,,
88,,,,,,,0.24262097477912903,,0.40460827946662903,,8.1015625,0.00039999998989515007,0.029999999329447746,,,1.0,1.0,,,,,19549,,0.452313095331192,,,,,,
,,,,,,,,,,,,,,0.03,0.0004,,,,,,,19599,,,,,,,,
88,,,,,,,0.2408086061477661,,0.4151250123977661,,8.71875,0.00039999998989515007,0.029999999329447746,,,1.0,1.0,,,,,19599,,0.6162524819374084,,,,,,
,,,,,,,,,,,,,,0.03,0.0004,,,,,,,19649,,,,,,,,
88,,,,,,,0.23941244184970856,,0.40518391132354736,,8.2890625,0.00039999998989515007,0.029999999329447746,,,1.0,1.0,,,,,19649,,0.5404865741729736,,,,,,
,,,0.12109375,,0.953125,,,,,,,,,,,1.0,1.0,,,,,8096,,,,0.0,,0.0,,0.0
,,,0.15000000596046448,,0.984375,,,,,,,,,,,1.0,1.0,,,,,8097,,,,0.0,,0.0,,0.0
,,,0.18730393052101135,,0.9702970385551453,,,,,,,,,,,1.0,1.0,,,,,8098,,,,0.0,,0.0,,0.0
,,,0.228515625,,0.984375,,,,,,,,,,,1.0,1.0,,,,,8099,,,,0.0,,0.0,,0.0
,,,0.1283482164144516,,0.984375,,,,,,,,,,,1.0,1.0,,,,,8100,,,,0.0,,0.0,,0.0
,,,0.21714743971824646,,0.9695512652397156,,,,,,,,,,,1.0,1.0,,,,,8101,,,,0.0,,0.0,,0.0
,,,0.07421875,,0.9921875,,,,,,,,,,,1.0,1.0,,,,,8102,,,,0.0,,0.0,,0.0
,,,0.07500000298023224,,0.9921875,,,,,,,,,,,1.0,1.0,,,,,8103,,,,0.0,,0.0,,0.0
,,,0.18172289431095123,,0.9678387641906738,,,,,,,,,,,1.0,1.0,,,,,8104,,,,0.0,,0.0,,0.0
,,,0.1497395783662796,,0.9921875,,,,,,,,,,,1.0,1.0,,,,,8105,,,,0.0,,0.0,,0.0
,,,0.1471354216337204,,0.96875,,,,,,,,,,,1.0,1.0,,,,,8106,,,,0.0,,0.0,,0.0
,,,0.17499999701976776,,0.984375,,,,,,,,,,,1.0,1.0,,,,,8107,,,,0.0,,0.0,,0.0
,,,0.16918519139289856,,0.8053333759307861,,,,,,,,,,,1.0,1.0,,,,,8108,,,,0.0,,0.0,,0.0
,,,0.1205357164144516,,0.9609375,,,,,,,,,,,1.0,1.0,,,,,8109,,,,0.0,,0.0,,0.0
,,,0.103515625,,0.9375,,,,,,,,,,,1.0,1.0,,,,,8110,,,,0.0,,0.0,,0.0
,,,0.19514472782611847,,0.9957983493804932,,,,,,,,,,,1.0,1.0,,,,,8111,,,,0.0,,0.0,,0.0
,,,0.140625,,0.9765625,,,,,,,,,,,1.0,1.0,,,,,8112,,,,0.0,,0.0,,0.0
,,,0.083984375,,0.96875,,,,,,,,,,,1.0,1.0,,,,,8113,,,,0.0,,0.0,,0.0
,,,0.20278680324554443,,0.9940476417541504,,,,,,,,,,,1.0,1.0,,,,,8114,,,,0.0,,0.0,,0.0
,,,0.1227678582072258,,0.9765625,,,,,,,,,,,1.0,1.0,,,,,8115,,,,0.0,,0.0,,0.0
,,,0.17812499403953552,,0.96875,,,,,,,,,,,1.0,1.0,,,,,8116,,,,0.0,,0.0,,0.0
,,,0.24280378222465515,,0.9818181991577148,,,,,,,,,,,1.0,1.0,,,,,8117,,,,0.0,,0.0,,0.0
,,,0.1261160671710968,,1.0,,,,,,,,,,,1.0,1.0,,,,,8118,,,,0.0,,0.0,,0.0
,,,0.1549479216337204,,0.9765625,,,,,,,,,,,1.0,1.0,,,,,8119,,,,0.0,,0.0,,0.0
,,,0.2693173885345459,,1.0,,,,,,,,,,,1.0,1.0,,,,,8120,,,,0.0,,0.0,,0.0
,,,0.18906250596046448,,1.0,,,,,,,,,,,1.0,1.0,,,,,8121,,,,0.0,,0.0,,0.0
,,,0.328125,,1.0,,,,,,,,,,,1.0,1.0,,,,,8122,,,,0.0,,0.0,,0.0
,,,0.26494160294532776,,1.0,,,,,,,,,,,1.0,1.0,,,,,8123,,,,0.0,,0.0,,0.0
,,,0.15625,,0.9921875,,,,,,,,,,,1.0,1.0,,,,,8124,,,,0.0,,0.0,,0.0
,,,0.1064453125,,1.0,,,,,,,,,,,1.0,1.0,,,,,8125,,,,0.0,,0.0,,0.0
,,,0.27501142024993896,,0.9824897050857544,,,,,,,,,,,1.0,1.0,,,,,8126,,,,0.0,,0.0,,0.0
,,,0.11328125,,0.953125,,,,,,,,,,,1.0,1.0,,,,,8127,,,,0.0,,0.0,,0.0
,,,0.1037946417927742,,0.96875,,,,,,,,,,,1.0,1.0,,,,,8128,,,,0.0,,0.0,,0.0
,,,0.20911329984664917,,0.9741379022598267,,,,,,,,,,,1.0,1.0,,,,,8129,,,,0.0,,0.0,,0.0
,,,0.18125000596046448,,0.9765625,,,,,,,,,,,1.0,1.0,,,,,8130,,,,0.0,,0.0,,0.0
,,,0.15234375,,0.984375,,,,,,,,,,,1.0,1.0,,,,,8131,,,,0.0,,0.0,,0.0
,,,0.207670658826828,,0.9686812162399292,,,,,,,,,,,1.0,1.0,,,,,8132,,,,0.0,,0.0,,0.0
,,,0.07578124850988388,,0.9921875,,,,,,,,,,,1.0,1.0,,,,,8133,,,,0.0,,0.0,,0.0
,,,0.0833333358168602,,0.9921875,,,,,,,,,,,1.0,1.0,,,,,8134,,,,0.0,,0.0,,0.0
,,,0.19691696763038635,,1.0,,,,,,,,,,,1.0,1.0,,,,,8135,,,,0.0,,0.0,,0.0
,,,0.1497395783662796,,0.9921875,,,,,,,,,,,1.0,1.0,,,,,8136,,,,0.0,,0.0,,0.0
,,,0.18125000596046448,,0.984375,,,,,,,,,,,1.0,1.0,,,,,8137,,,,0.0,,0.0,,0.0
,,,0.2551947832107544,,0.9511363506317139,,,,,,,,,,,1.0,1.0,,,,,8138,,,,0.0,,0.0,,0.0
,,,0.1044921875,,0.9609375,,,,,,,,,,,1.0,1.0,,,,,8139,,,,0.0,,0.0,,0.0
,,,0.0972222238779068,,0.9453125,,,,,,,,,,,1.0,1.0,,,,,8140,,,,0.0,,0.0,,0.0
,,,0.21285536885261536,,0.978723406791687,,,,,,,,,,,1.0,1.0,,,,,8141,,,,0.0,,0.0,,0.0
,,,0.12890625,,0.984375,,,,,,,,,,,1.0,1.0,,,,,8142,,,,0.0,,0.0,,0.0
,,,0.0948660746216774,,0.984375,,,,,,,,,,,1.0,1.0,,,,,8143,,,,0.0,,0.0,,0.0
,,,0.091796875,,0.9921875,,,,,,,,,,,1.0,1.0,,,,,8144,,,,0.0,,0.0,,0.0
,,,0.11220472306013107,,0.9881889820098877,,,,,,,,,,,1.0,1.0,,,,,8145,,,,0.0,,0.0,,0.0
,,,0.1471354216337204,,0.984375,,,,,,,,,,,1.0,1.0,,,,,8146,,,,0.0,,0.0,,0.0
,,,0.140625,,0.9765625,,,,,,,,,,,1.0,1.0,,,,,8147,,,,0.0,,0.0,,0.0
,,,0.23070606589317322,,0.9166666269302368,,,,,,,,,,,1.0,1.0,,,,,8148,,,,0.0,,0.0,,0.0
,,,0.1064453125,,0.984375,,,,,,,,,,,1.0,1.0,,,,,8149,,,,0.0,,0.0,,0.0
,,,0.19062499701976776,,0.9921875,,,,,,,,,,,1.0,1.0,,,,,8150,,,,0.0,,0.0,,0.0
,,,0.3217821717262268,,1.0,,,,,,,,,,,1.0,1.0,,,,,8151,,,,0.0,,0.0,,0.0
,,,0.19218750298023224,,1.0,,,,,,,,,,,1.0,1.0,,,,,8152,,,,0.0,,0.0,,0.0
,,,0.49609375,,1.0,,,,,,,,,,,1.0,1.0,,,,,8153,,,,0.0,,0.0,,0.0
,,,0.3177083432674408,,1.0,,,,,,,,,,,1.0,1.0,,,,,8154,,,,0.0,,0.0,,0.0
,,,0.18281249701976776,,1.0,,,,,,,,,,,1.0,1.0,,,,,8155,,,,0.0,,0.0,,0.0
,,,0.1123046875,,0.9921875,,,,,,,,,,,1.0,1.0,,,,,8156,,,,0.0,,0.0,,0.0
,,,0.26707273721694946,,0.9703764915466309,,,,,,,,,,,1.0,1.0,,,,,8157,,,,0.0,,0.0,,0.0
,,,0.1158854141831398,,0.9609375,,,,,,,,,,,1.0,1.0,,,,,8158,,,,0.0,,0.0,,0.0
,,,0.1071428582072258,,0.953125,,,,,,,,,,,1.0,1.0,,,,,8159,,,,0.0,,0.0,,0.0
,,,0.35386431217193604,,0.991150438785553,,,,,,,,,,,1.0,1.0,,,,,8160,,,,0.0,,0.0,,0.0
,,,0.18593749403953552,,0.9921875,,,,,,,,,,,1.0,1.0,,,,,8161,,,,0.0,,0.0,,0.0
,,,0.1272321492433548,,0.96875,,,,,,,,,,,1.0,1.0,,,,,8162,,,,0.0,,0.0,,0.0
,,,0.175420880317688,,0.9909090995788574,,,,,,,,,,,1.0,1.0,,,,,8163,,,,0.0,,0.0,,0.0
,,,0.07656250149011612,,0.9921875,,,,,,,,,,,1.0,1.0,,,,,8164,,,,0.0,,0.0,,0.0
,,,0.0888671875,,0.9921875,,,,,,,,,,,1.0,1.0,,,,,8165,,,,0.0,,0.0,,0.0
,,,0.20370370149612427,,1.0,,,,,,,,,,,1.0,1.0,,,,,8166,,,,0.0,,0.0,,0.0
,,,0.1497395783662796,,0.9765625,,,,,,,,,,,1.0,1.0,,,,,8167,,,,0.0,,0.0,,0.0
,,,0.17812499403953552,,1.0,,,,,,,,,,,1.0,1.0,,,,,8168,,,,0.0,,0.0,,0.0
,,,0.2967425286769867,,0.9597054719924927,,,,,,,,,,,1.0,1.0,,,,,8169,,,,0.0,,0.0,,0.0
,,,0.0946180522441864,,0.953125,,,,,,,,,,,1.0,1.0,,,,,8170,,,,0.0,,0.0,,0.0
,,,0.125,,0.9453125,,,,,,,,,,,1.0,1.0,,,,,8171,,,,0.0,,0.0,,0.0
,,,0.18977591395378113,,0.970588207244873,,,,,,,,,,,1.0,1.0,,,,,8172,,,,0.0,,0.0,,0.0
,,,0.15312500298023224,,0.9765625,,,,,,,,,,,1.0,1.0,,,,,8173,,,,0.0,,0.0,,0.0
,,,0.08203125,,0.984375,,,,,,,,,,,1.0,1.0,,,,,8174,,,,0.0,,0.0,,0.0
,,,0.17087486386299133,,1.0,,,,,,,,,,,1.0,1.0,,,,,8175,,,,0.0,,0.0,,0.0
,,,0.1194196417927742,,0.96875,,,,,,,,,,,1.0,1.0,,,,,8176,,,,0.0,,0.0,,0.0
,,,0.17656250298023224,,0.9765625,,,,,,,,,,,1.0,1.0,,,,,8177,,,,0.0,,0.0,,0.0
,,,0.3041236996650696,,0.9845360517501831,,,,,,,,,,,1.0,1.0,,,,,8178,,,,0.0,,0.0,,0.0
,,,0.18437500298023224,,1.0,,,,,,,,,,,1.0,1.0,,,,,8179,,,,0.0,,0.0,,0.0
,,,0.1083984375,,0.96875,,,,,,,,,,,1.0,1.0,,,,,8180,,,,0.0,,0.0,,0.0
,,,0.4933035671710968,,1.0,,,,,,,,,,,1.0,1.0,,,,,8181,,,,0.0,,0.0,,0.0
,,,0.1875,,1.0,,,,,,,,,,,1.0,1.0,,,,,8182,,,,0.0,,0.0,,0.0
,,,0.244140625,,1.0,,,,,,,,,,,1.0,1.0,,,,,8183,,,,0.0,,0.0,,0.0
,,,0.3437451720237732,,1.0,,,,,,,,,,,1.0,1.0,,,,,8184,,,,0.0,,0.0,,0.0
,,,0.23046875,,0.9921875,,,,,,,,,,,1.0,1.0,,,,,8185,,,,0.0,,0.0,,0.0
,,,0.1283482164144516,,1.0,,,,,,,,,,,1.0,1.0,,,,,8186,,,,0.0,,0.0,,0.0
,,,0.1509186327457428,,0.9763779640197754,,,,,,,,,,,1.0,1.0,,,,,8187,,,,0.0,,0.0,,0.0
88,0.8411160707473755,0.8485469818115234,,0.9813536405563354,,,,,,,,,,,,,,214.514892578125,31353.46875,5.36837911605835,353.6417236328125,19668,,,0.0,,0.0,,0.0,
88,,,,,,0.24379639327526093,,0.40718552470207214,,8.16938304901123,,,,,,,,,,,,19668,0.5458666682243347,,,,,,,
,,,,,,,,,,,,,,0.03,0.0004,,,,,,,19699,,,,,,,,
89,,,,,,,0.24820828437805176,,0.40653347969055176,,7.9140625,0.00039999998989515007,0.029999999329447746,,,1.0,1.0,,,,,19699,,0.762689471244812,,,,,,
,,,,,,,,,,,,,,0.03,0.0004,,,,,,,19749,,,,,,,,
89,,,,,,,0.240925133228302,,0.406452476978302,,8.2734375,0.00039999998989515007,0.029999999329447746,,,1.0,1.0,,,,,19749,,0.3411332964897156,,,,,,
,,,,,,,,,,,,,,0.03,0.0004,,,,,,,19799,,,,,,,,
89,,,,,,,0.25074413418769836,,0.41920116543769836,,8.421875,0.00039999998989515007,0.029999999329447746,,,1.0,1.0,,,,,19799,,0.5740964412689209,,,,,,
,,,,,,,,,,,,,,0.03,0.0004,,,,,,,19849,,,,,,,,
89,,,,,,,0.2576572299003601,,0.4057285189628601,,7.40625,0.00039999998989515007,0.029999999329447746,,,1.0,1.0,,,,,19849,,0.43907439708709717,,,,,,
,,,0.15937499701976776,,0.9921875,,,,,,,,,,,1.0,1.0,,,,,8188,,,,0.0,,0.0,,0.0
,,,0.16718749701976776,,1.0,,,,,,,,,,,1.0,1.0,,,,,8189,,,,0.0,,0.0,,0.0
,,,0.21442978084087372,,0.9950494766235352,,,,,,,,,,,1.0,1.0,,,,,8190,,,,0.0,,0.0,,0.0
,,,0.23828125,,1.0,,,,,,,,,,,1.0,1.0,,,,,8191,,,,0.0,,0.0,,0.0
,,,0.3125,,1.0,,,,,,,,,,,1.0,1.0,,,,,8192,,,,0.0,,0.0,,0.0
,,,0.3551281988620758,,0.995192289352417,,,,,,,,,,,1.0,1.0,,,,,8193,,,,0.0,,0.0,,0.0
,,,0.109375,,1.0,,,,,,,,,,,1.0,1.0,,,,,8194,,,,0.0,,0.0,,0.0
,,,0.0920138880610466,,1.0,,,,,,,,,,,1.0,1.0,,,,,8195,,,,0.0,,0.0,,0.0
,,,0.18715456128120422,,1.0,,,,,,,,,,,1.0,1.0,,,,,8196,,,,0.0,,0.0,,0.0
,,,0.1261160671710968,,1.0,,,,,,,,,,,1.0,1.0,,,,,8197,,,,0.0,,0.0,,0.0
,,,0.1238839253783226,,0.984375,,,,,,,,,,,1.0,1.0,,,,,8198,,,,0.0,,0.0,,0.0
,,,0.1393229216337204,,1.0,,,,,,,,,,,1.0,1.0,,,,,8199,,,,0.0,,0.0,,0.0
,,,0.21980953216552734,,0.9760000109672546,,,,,,,,,,,1.0,1.0,,,,,8200,,,,0.0,,0.0,,0.0
,,,0.1216517835855484,,0.96875,,,,,,,,,,,1.0,1.0,,,,,8201,,,,0.0,,0.0,,0.0
,,,0.125,,0.96875,,,,,,,,,,,1.0,1.0,,,,,8202,,,,0.0,,0.0,,0.0
,,,0.2506335973739624,,0.9444444179534912,,,,,,,,,,,1.0,1.0,,,,,8203,,,,0.0,,0.0,,0.0
,,,0.17343750596046448,,1.0,,,,,,,,,,,1.0,1.0,,,,,8204,,,,0.0,,0.0,,0.0
,,,0.1194196417927742,,1.0,,,,,,,,,,,1.0,1.0,,,,,8205,,,,0.0,,0.0,,0.0
,,,0.2988816797733307,,1.0,,,,,,,,,,,1.0,1.0,,,,,8206,,,,0.0,,0.0,,0.0
,,,0.1283482164144516,,0.9921875,,,,,,,,,,,1.0,1.0,,,,,8207,,,,0.0,,0.0,,0.0
,,,0.228515625,,0.9765625,,,,,,,,,,,1.0,1.0,,,,,8208,,,,0.0,,0.0,,0.0
,,,0.19987547397613525,,0.965753436088562,,,,,,,,,,,1.0,1.0,,,,,8209,,,,0.0,,0.0,,0.0
,,,0.0859375,,0.953125,,,,,,,,,,,1.0,1.0,,,,,8210,,,,0.0,,0.0,,0.0
,,,0.1015625,,0.953125,,,,,,,,,,,1.0,1.0,,,,,8211,,,,0.0,,0.0,,0.0
,,,0.1610344797372818,,0.984236478805542,,,,,,,,,,,1.0,1.0,,,,,8212,,,,0.0,,0.0,,0.0
,,,0.1419270783662796,,1.0,,,,,,,,,,,1.0,1.0,,,,,8213,,,,0.0,,0.0,,0.0
,,,0.1458333283662796,,0.9921875,,,,,,,,,,,1.0,1.0,,,,,8214,,,,0.0,,0.0,,0.0
,,,0.1972641497850418,,0.9905660152435303,,,,,,,,,,,1.0,1.0,,,,,8215,,,,0.0,,0.0,,0.0
,,,0.16718749701976776,,0.984375,,,,,,,,,,,1.0,1.0,,,,,8216,,,,0.0,,0.0,,0.0
,,,0.09375,,0.9765625,,,,,,,,,,,1.0,1.0,,,,,8217,,,,0.0,,0.0,,0.0
,,,0.26105791330337524,,0.9764705896377563,,,,,,,,,,,1.0,1.0,,,,,8218,,,,0.0,,0.0,,0.0
,,,0.1341145783662796,,0.9921875,,,,,,,,,,,1.0,1.0,,,,,8219,,,,0.0,,0.0,,0.0
,,,0.1354166716337204,,0.9921875,,,,,,,,,,,1.0,1.0,,,,,8220,,,,0.0,,0.0,,0.0
,,,0.25003519654273987,,1.0,,,,,,,,,,,1.0,1.0,,,,,8221,,,,0.0,,0.0,,0.0
,,,0.232421875,,1.0,,,,,,,,,,,1.0,1.0,,,,,8222,,,,0.0,,0.0,,0.0
,,,0.23828125,,1.0,,,,,,,,,,,1.0,1.0,,,,,8223,,,,0.0,,0.0,,0.0
,,,0.300016313791275,,0.9918032884597778,,,,,,,,,,,1.0,1.0,,,,,8224,,,,0.0,,0.0,,0.0
,,,0.1103515625,,1.0,,,,,,,,,,,1.0,1.0,,,,,8225,,,,0.0,,0.0,,0.0
,,,0.1064453125,,1.0,,,,,,,,,,,1.0,1.0,,,,,8226,,,,0.0,,0.0,,0.0
,,,0.18567359447479248,,1.0,,,,,,,,,,,1.0,1.0,,,,,8227,,,,0.0,,0.0,,0.0
,,,0.1261160671710968,,1.0,,,,,,,,,,,1.0,1.0,,,,,8228,,,,0.0,,0.0,,0.0
,,,0.21875,,0.984375,,,,,,,,,,,1.0,1.0,,,,,8229,,,,0.0,,0.0,,0.0
,,,0.21704545617103577,,0.9624999761581421,,,,,,,,,,,1.0,1.0,,,,,8230,,,,0.0,,0.0,,0.0
,,,0.1261160671710968,,0.96875,,,,,,,,,,,1.0,1.0,,,,,8231,,,,0.0,,0.0,,0.0
,,,0.109375,,0.9609375,,,,,,,,,,,1.0,1.0,,,,,8232,,,,0.0,,0.0,,0.0
,,,0.2893199920654297,,0.9946808815002441,,,,,,,,,,,1.0,1.0,,,,,8233,,,,0.0,,0.0,,0.0
,,,0.17656250298023224,,1.0,,,,,,,,,,,1.0,1.0,,,,,8234,,,,0.0,,0.0,,0.0
,,,0.1160714253783226,,1.0,,,,,,,,,,,1.0,1.0,,,,,8235,,,,0.0,,0.0,,0.0
,,,0.1272321492433548,,1.0,,,,,,,,,,,1.0,1.0,,,,,8236,,,,0.0,,0.0,,0.0
,,,0.3842519521713257,,0.9960629940032959,,,,,,,,,,,1.0,1.0,,,,,8237,,,,0.0,,0.0,,0.0
,,,0.1875,,0.984375,,,,,,,,,,,1.0,1.0,,,,,8238,,,,0.0,,0.0,,0.0
,,,0.220703125,,0.9921875,,,,,,,,,,,1.0,1.0,,,,,8239,,,,0.0,,0.0,,0.0
,,,0.16507023572921753,,0.9741379022598267,,,,,,,,,,,1.0,1.0,,,,,8240,,,,0.0,,0.0,,0.0
,,,0.0842013880610466,,0.921875,,,,,,,,,,,1.0,1.0,,,,,8241,,,,0.0,,0.0,,0.0
,,,0.09375,,0.9765625,,,,,,,,,,,1.0,1.0,,,,,8242,,,,0.0,,0.0,,0.0
,,,0.17609909176826477,,0.9950494766235352,,,,,,,,,,,1.0,1.0,,,,,8243,,,,0.0,,0.0,,0.0
,,,0.22265625,,0.9921875,,,,,,,,,,,1.0,1.0,,,,,8244,,,,0.0,,0.0,,0.0
,,,0.1419270783662796,,0.9921875,,,,,,,,,,,1.0,1.0,,,,,8245,,,,0.0,,0.0,,0.0
,,,0.2122395932674408,,0.9895833730697632,,,,,,,,,,,1.0,1.0,,,,,8246,,,,0.0,,0.0,,0.0
,,,0.1160714253783226,,0.9765625,,,,,,,,,,,1.0,1.0,,,,,8247,,,,0.0,,0.0,,0.0
,,,0.0868055522441864,,0.984375,,,,,,,,,,,1.0,1.0,,,,,8248,,,,0.0,,0.0,,0.0
,,,0.31760796904563904,,0.976190447807312,,,,,,,,,,,1.0,1.0,,,,,8249,,,,0.0,,0.0,,0.0
,,,0.1380208283662796,,0.9921875,,,,,,,,,,,1.0,1.0,,,,,8250,,,,0.0,,0.0,,0.0
,,,0.1302083283662796,,0.9921875,,,,,,,,,,,1.0,1.0,,,,,8251,,,,0.0,,0.0,,0.0
,,,0.29636186361312866,,0.9955751895904541,,,,,,,,,,,1.0,1.0,,,,,8252,,,,0.0,,0.0,,0.0
,,,0.19062499701976776,,1.0,,,,,,,,,,,1.0,1.0,,,,,8253,,,,0.0,,0.0,,0.0
,,,0.3151041567325592,,0.9921875,,,,,,,,,,,1.0,1.0,,,,,8254,,,,0.0,,0.0,,0.0
,,,0.21439394354820251,,1.0,,,,,,,,,,,1.0,1.0,,,,,8255,,,,0.0,,0.0,,0.0
,,,0.1064453125,,1.0,,,,,,,,,,,1.0,1.0,,,,,8256,,,,0.0,,0.0,,0.0
,,,0.09375,,1.0,,,,,,,,,,,1.0,1.0,,,,,8257,,,,0.0,,0.0,,0.0
,,,0.20879629254341125,,1.0,,,,,,,,,,,1.0,1.0,,,,,8258,,,,0.0,,0.0,,0.0
,,,0.125,,0.9921875,,,,,,,,,,,1.0,1.0,,,,,8259,,,,0.0,,0.0,,0.0
,,,0.17343750596046448,,0.9921875,,,,,,,,,,,1.0,1.0,,,,,8260,,,,0.0,,0.0,,0.0
,,,0.2609676718711853,,0.9759036302566528,,,,,,,,,,,1.0,1.0,,,,,8261,,,,0.0,,0.0,,0.0
,,,0.1064453125,,0.96875,,,,,,,,,,,1.0,1.0,,,,,8262,,,,0.0,,0.0,,0.0
,,,0.1283482164144516,,0.96875,,,,,,,,,,,1.0,1.0,,,,,8263,,,,0.0,,0.0,,0.0
,,,0.23824074864387512,,1.0,,,,,,,,,,,1.0,1.0,,,,,8264,,,,0.0,,0.0,,0.0
,,,0.22265625,,1.0,,,,,,,,,,,1.0,1.0,,,,,8265,,,,0.0,,0.0,,0.0
,,,0.1205357164144516,,1.0,,,,,,,,,,,1.0,1.0,,,,,8266,,,,0.0,,0.0,,0.0
,,,0.23401162028312683,,1.0,,,,,,,,,,,1.0,1.0,,,,,8267,,,,0.0,,0.0,,0.0
,,,0.1471354216337204,,0.9921875,,,,,,,,,,,1.0,1.0,,,,,8268,,,,0.0,,0.0,,0.0
,,,0.232421875,,0.984375,,,,,,,,,,,1.0,1.0,,,,,8269,,,,0.0,,0.0,,0.0
,,,0.3646824061870575,,0.9948453903198242,,,,,,,,,,,1.0,1.0,,,,,8270,,,,0.0,,0.0,,0.0
,,,0.0850694477558136,,0.9296875,,,,,,,,,,,1.0,1.0,,,,,8271,,,,0.0,,0.0,,0.0
,,,0.0842013880610466,,0.9453125,,,,,,,,,,,1.0,1.0,,,,,8272,,,,0.0,,0.0,,0.0
,,,0.1964285671710968,,0.9910714626312256,,,,,,,,,,,1.0,1.0,,,,,8273,,,,0.0,,0.0,,0.0
,,,0.1432291716337204,,0.9921875,,,,,,,,,,,1.0,1.0,,,,,8274,,,,0.0,,0.0,,0.0
,,,0.17499999701976776,,0.9921875,,,,,,,,,,,1.0,1.0,,,,,8275,,,,0.0,,0.0,,0.0
,,,0.20612722635269165,,1.0,,,,,,,,,,,1.0,1.0,,,,,8276,,,,0.0,,0.0,,0.0
,,,0.1194196417927742,,0.984375,,,,,,,,,,,1.0,1.0,,,,,8277,,,,0.0,,0.0,,0.0
,,,0.1315104216337204,,0.9765625,,,,,,,,,,,1.0,1.0,,,,,8278,,,,0.0,,0.0,,0.0
,,,0.11698538064956665,,0.9763779640197754,,,,,,,,,,,1.0,1.0,,,,,8279,,,,0.0,,0.0,,0.0
89,0.8411093950271606,0.8562456369400024,,0.9866958856582642,,,,,,,,,,,,,,215.63294982910156,28732.72265625,5.37357759475708,351.39752197265625,19889,,,0.0,,0.0,,0.0,
89,,,,,,0.24165712296962738,,0.40464580059051514,,8.149480819702148,,,,,,,,,,,,19889,0.5808501243591309,,,,,,,
,,,,,,,,,,,,,,0.03,0.0004,,,,,,,19899,,,,,,,,
90,,,,,,,0.23125214874744415,,0.39494842290878296,,8.1875,0.00039999998989515007,0.029999999329447746,,,1.0,1.0,,,,,19899,,0.5546910166740417,,,,,,
,,,,,,,,,,,,,,0.03,0.0004,,,,,,,19949,,,,,,,,
90,,,,,,,0.24811798334121704,,0.41327911615371704,,8.2578125,0.00039999998989515007,0.029999999329447746,,,1.0,1.0,,,,,19949,,0.6062588095664978,,,,,,
,,,,,,,,,,,,,,0.03,0.0004,,,,,,,19999,,,,,,,,
90,,,,,,,0.21192458271980286,,0.38099196553230286,,8.453125,0.00039999998989515007,0.029999999329447746,,,1.0,1.0,,,,,19999,,0.530674159526825,,,,,,
,,,,,,,,,,,,,,0.03,0.0004,,,,,,,20049,,,,,,,,
90,,,,,,,0.25630295276641846,,0.42976486682891846,,8.671875,0.00039999998989515007,0.029999999329447746,,,1.0,1.0,,,,,20049,,0.5209774971008301,,,,,,
,,,,,,,,,,,,,,0.03,0.0004,,,,,,,20099,,,,,,,,
90,,,,,,,0.2257884442806244,,0.3886302411556244,,8.140625,0.00039999998989515007,0.029999999329447746,,,1.0,1.0,,,,,20099,,0.3482999801635742,,,,,,
,,,0.087890625,,0.9609375,,,,,,,,,,,1.0,1.0,,,,,8280,,,,0.0,,0.0,,0.0
,,,0.0927734375,,0.953125,,,,,,,,,,,1.0,1.0,,,,,8281,,,,0.0,,0.0,,0.0
,,,0.1658599078655243,,0.9468280076980591,,,,,,,,,,,1.0,1.0,,,,,8282,,,,0.0,,0.0,,0.0
,,,0.236328125,,0.984375,,,,,,,,,,,1.0,1.0,,,,,8283,,,,0.0,,0.0,,0.0
,,,0.18593749403953552,,0.9921875,,,,,,,,,,,1.0,1.0,,,,,8284,,,,0.0,,0.0,,0.0
,,,0.35961538553237915,,0.9695512652397156,,,,,,,,,,,1.0,1.0,,,,,8285,,,,0.0,,0.0,,0.0
,,,0.1015625,,0.9921875,,,,,,,,,,,1.0,1.0,,,,,8286,,,,0.0,,0.0,,0.0
,,,0.0986328125,,0.9921875,,,,,,,,,,,1.0,1.0,,,,,8287,,,,0.0,,0.0,,0.0
,,,0.185058131814003,,1.0,,,,,,,,,,,1.0,1.0,,,,,8288,,,,0.0,,0.0,,0.0
,,,0.1283482164144516,,0.984375,,,,,,,,,,,1.0,1.0,,,,,8289,,,,0.0,,0.0,,0.0
,,,0.1305803507566452,,0.9921875,,,,,,,,,,,1.0,1.0,,,,,8290,,,,0.0,,0.0,,0.0
,,,0.15234375,,1.0,,,,,,,,,,,1.0,1.0,,,,,8291,,,,0.0,,0.0,,0.0
,,,0.3199999928474426,,0.9880000352859497,,,,,,,,,,,1.0,1.0,,,,,8292,,,,0.0,,0.0,,0.0
,,,0.1536458283662796,,0.984375,,,,,,,,,,,1.0,1.0,,,,,8293,,,,0.0,,0.0,,0.0
,,,0.111328125,,0.9765625,,,,,,,,,,,1.0,1.0,,,,,8294,,,,0.0,,0.0,,0.0
,,,0.20985060930252075,,0.9957983493804932,,,,,,,,,,,1.0,1.0,,,,,8295,,,,0.0,,0.0,,0.0
,,,0.103515625,,0.9765625,,,,,,,,,,,1.0,1.0,,,,,8296,,,,0.0,,0.0,,0.0
,,,0.0986328125,,0.984375,,,,,,,,,,,1.0,1.0,,,,,8297,,,,0.0,,0.0,,0.0
,,,0.21415042877197266,,0.9886363744735718,,,,,,,,,,,1.0,1.0,,,,,8298,,,,0.0,,0.0,,0.0
,,,0.0963541641831398,,0.984375,,,,,,,,,,,1.0,1.0,,,,,8299,,,,0.0,,0.0,,0.0
,,,0.1796875,,0.984375,,,,,,,,,,,1.0,1.0,,,,,8300,,,,0.0,,0.0,,0.0
,,,0.24081122875213623,,0.9590286016464233,,,,,,,,,,,1.0,1.0,,,,,8301,,,,0.0,,0.0,,0.0
,,,0.1116071417927742,,0.984375,,,,,,,,,,,1.0,1.0,,,,,8302,,,,0.0,,0.0,,0.0
,,,0.1432291716337204,,0.9609375,,,,,,,,,,,1.0,1.0,,,,,8303,,,,0.0,,0.0,,0.0
,,,0.19518335163593292,,0.9913793206214905,,,,,,,,,,,1.0,1.0,,,,,8304,,,,0.0,,0.0,,0.0
,,,0.1536458283662796,,1.0,,,,,,,,,,,1.0,1.0,,,,,8305,,,,0.0,,0.0,,0.0
,,,0.1796875,,1.0,,,,,,,,,,,1.0,1.0,,,,,8306,,,,0.0,,0.0,,0.0
,,,0.25811320543289185,,1.0,,,,,,,,,,,1.0,1.0,,,,,8307,,,,0.0,,0.0,,0.0
,,,0.23046875,,1.0,,,,,,,,,,,1.0,1.0,,,,,8308,,,,0.0,,0.0,,0.0
,,,0.1083984375,,0.9921875,,,,,,,,,,,1.0,1.0,,,,,8309,,,,0.0,,0.0,,0.0
,,,0.1703602373600006,,0.9649794697761536,,,,,,,,,,,1.0,1.0,,,,,8310,,,,0.0,,0.0,,0.0
,,,0.0849609375,,0.9375,,,,,,,,,,,1.0,1.0,,,,,8311,,,,0.0,,0.0,,0.0
,,,0.095703125,,0.9296875,,,,,,,,,,,1.0,1.0,,,,,8312,,,,0.0,,0.0,,0.0
,,,0.2087438404560089,,0.9669950604438782,,,,,,,,,,,1.0,1.0,,,,,8313,,,,0.0,,0.0,,0.0
,,,0.18906250596046448,,0.984375,,,,,,,,,,,1.0,1.0,,,,,8314,,,,0.0,,0.0,,0.0
,,,0.1536458283662796,,0.984375,,,,,,,,,,,1.0,1.0,,,,,8315,,,,0.0,,0.0,,0.0
,,,0.20990335941314697,,0.9686812162399292,,,,,,,,,,,1.0,1.0,,,,,8316,,,,0.0,,0.0,,0.0
,,,0.10546875,,0.9921875,,,,,,,,,,,1.0,1.0,,,,,8317,,,,0.0,,0.0,,0.0
,,,0.0966796875,,0.9921875,,,,,,,,,,,1.0,1.0,,,,,8318,,,,0.0,,0.0,,0.0
,,,0.16239316761493683,,0.9920635223388672,,,,,,,,,,,1.0,1.0,,,,,8319,,,,0.0,,0.0,,0.0
,,,0.1294642835855484,,0.984375,,,,,,,,,,,1.0,1.0,,,,,8320,,,,0.0,,0.0,,0.0
,,,0.15234375,,0.9921875,,,,,,,,,,,1.0,1.0,,,,,8321,,,,0.0,,0.0,,0.0
,,,0.3071969747543335,,0.9750000238418579,,,,,,,,,,,1.0,1.0,,,,,8322,,,,0.0,,0.0,,0.0
,,,0.115234375,,0.9921875,,,,,,,,,,,1.0,1.0,,,,,8323,,,,0.0,,0.0,,0.0
,,,0.1328125,,0.984375,,,,,,,,,,,1.0,1.0,,,,,8324,,,,0.0,,0.0,,0.0
,,,0.28128910064697266,,0.9946808815002441,,,,,,,,,,,1.0,1.0,,,,,8325,,,,0.0,,0.0,,0.0
,,,0.1194196417927742,,0.984375,,,,,,,,,,,1.0,1.0,,,,,8326,,,,0.0,,0.0,,0.0
,,,0.1149553582072258,,0.9765625,,,,,,,,,,,1.0,1.0,,,,,8327,,,,0.0,,0.0,,0.0
,,,0.1015625,,0.9921875,,,,,,,,,,,1.0,1.0,,,,,8328,,,,0.0,,0.0,,0.0
,,,0.12935882806777954,,0.9960629940032959,,,,,,,,,,,1.0,1.0,,,,,8329,,,,0.0,,0.0,,0.0
,,,0.1283482164144516,,0.984375,,,,,,,,,,,1.0,1.0,,,,,8330,,,,0.0,,0.0,,0.0
,,,0.1238839253783226,,0.9765625,,,,,,,,,,,1.0,1.0,,,,,8331,,,,0.0,,0.0,,0.0
,,,0.21715927124023438,,0.9497126340866089,,,,,,,,,,,1.0,1.0,,,,,8332,,,,0.0,,0.0,,0.0
,,,0.09765625,,0.953125,,,,,,,,,,,1.0,1.0,,,,,8333,,,,0.0,,0.0,,0.0
,,,0.111328125,,0.9921875,,,,,,,,,,,1.0,1.0,,,,,8334,,,,0.0,,0.0,,0.0
,,,0.18872998654842377,,0.9950494766235352,,,,,,,,,,,1.0,1.0,,,,,8335,,,,0.0,,0.0,,0.0
,,,0.1875,,1.0,,,,,,,,,,,1.0,1.0,,,,,8336,,,,0.0,,0.0,,0.0
,,,0.17656250298023224,,1.0,,,,,,,,,,,1.0,1.0,,,,,8337,,,,0.0,,0.0,,0.0
,,,0.3020833432674408,,1.0,,,,,,,,,,,1.0,1.0,,,,,8338,,,,0.0,,0.0,,0.0
,,,0.1261160671710968,,1.0,,,,,,,,,,,1.0,1.0,,,,,8339,,,,0.0,,0.0,,0.0
,,,0.1294642835855484,,0.9921875,,,,,,,,,,,1.0,1.0,,,,,8340,,,,0.0,,0.0,,0.0
,,,0.2154722362756729,,0.9648393988609314,,,,,,,,,,,1.0,1.0,,,,,8341,,,,0.0,,0.0,,0.0
,,,0.1049107164144516,,0.921875,,,,,,,,,,,1.0,1.0,,,,,8342,,,,0.0,,0.0,,0.0
,,,0.0824652761220932,,0.9375,,,,,,,,,,,1.0,1.0,,,,,8343,,,,0.0,,0.0,,0.0
,,,0.2457648515701294,,0.9867256879806519,,,,,,,,,,,1.0,1.0,,,,,8344,,,,0.0,,0.0,,0.0
,,,0.1575520783662796,,0.9921875,,,,,,,,,,,1.0,1.0,,,,,8345,,,,0.0,,0.0,,0.0
,,,0.15234375,,0.9765625,,,,,,,,,,,1.0,1.0,,,,,8346,,,,0.0,,0.0,,0.0
,,,0.24126985669136047,,0.9909090995788574,,,,,,,,,,,1.0,1.0,,,,,8347,,,,0.0,,0.0,,0.0
,,,0.103515625,,0.984375,,,,,,,,,,,1.0,1.0,,,,,8348,,,,0.0,,0.0,,0.0
,,,0.0842013880610466,,0.9921875,,,,,,,,,,,1.0,1.0,,,,,8349,,,,0.0,,0.0,,0.0
,,,0.20370370149612427,,0.9953703880310059,,,,,,,,,,,1.0,1.0,,,,,8350,,,,0.0,,0.0,,0.0
,,,0.15234375,,0.9921875,,,,,,,,,,,1.0,1.0,,,,,8351,,,,0.0,,0.0,,0.0
,,,0.15234375,,1.0,,,,,,,,,,,1.0,1.0,,,,,8352,,,,0.0,,0.0,,0.0
,,,0.3790629208087921,,0.981927752494812,,,,,,,,,,,1.0,1.0,,,,,8353,,,,0.0,,0.0,,0.0
,,,0.1316964328289032,,1.0,,,,,,,,,,,1.0,1.0,,,,,8354,,,,0.0,,0.0,,0.0
,,,0.1316964328289032,,0.984375,,,,,,,,,,,1.0,1.0,,,,,8355,,,,0.0,,0.0,,0.0
,,,0.24478882551193237,,0.9901961088180542,,,,,,,,,,,1.0,1.0,,,,,8356,,,,0.0,,0.0,,0.0
,,,0.140625,,0.9765625,,,,,,,,,,,1.0,1.0,,,,,8357,,,,0.0,,0.0,,0.0
,,,0.1341145783662796,,0.984375,,,,,,,,,,,1.0,1.0,,,,,8358,,,,0.0,,0.0,,0.0
,,,0.20025840401649475,,1.0,,,,,,,,,,,1.0,1.0,,,,,8359,,,,0.0,,0.0,,0.0
,,,0.107421875,,0.984375,,,,,,,,,,,1.0,1.0,,,,,8360,,,,0.0,,0.0,,0.0
,,,0.17812499403953552,,0.984375,,,,,,,,,,,1.0,1.0,,,,,8361,,,,0.0,,0.0,,0.0
,,,0.30756014585494995,,0.9845360517501831,,,,,,,,,,,1.0,1.0,,,,,8362,,,,0.0,,0.0,,0.0
,,,0.1005859375,,0.9921875,,,,,,,,,,,1.0,1.0,,,,,8363,,,,0.0,,0.0,,0.0
,,,0.1302083283662796,,0.9453125,,,,,,,,,,,1.0,1.0,,,,,8364,,,,0.0,,0.0,,0.0
,,,0.26913267374038696,,1.0,,,,,,,,,,,1.0,1.0,,,,,8365,,,,0.0,,0.0,,0.0
,,,0.1305803507566452,,0.9921875,,,,,,,,,,,1.0,1.0,,,,,8366,,,,0.0,,0.0,,0.0
,,,0.1796875,,1.0,,,,,,,,,,,1.0,1.0,,,,,8367,,,,0.0,,0.0,,0.0
,,,0.23454323410987854,,1.0,,,,,,,,,,,1.0,1.0,,,,,8368,,,,0.0,,0.0,,0.0
,,,0.18437500298023224,,1.0,,,,,,,,,,,1.0,1.0,,,,,8369,,,,0.0,,0.0,,0.0
,,,0.1272321492433548,,1.0,,,,,,,,,,,1.0,1.0,,,,,8370,,,,0.0,,0.0,,0.0
,,,0.17795275151729584,,0.9842519760131836,,,,,,,,,,,1.0,1.0,,,,,8371,,,,0.0,,0.0,,0.0
90,0.8357151746749878,0.8606244325637817,,0.9827788472175598,,,,,,,,,,,,,,216.33892822265625,26247.16015625,5.3768463134765625,352.57159423828125,20110,,,0.0,,0.0,,0.0,
90,,,,,,0.24018283188343048,,0.4038780629634857,,8.184548377990723,,,,,,,,,,,,20110,0.5439599752426147,,,,,,,
,,,,,,,,,,,,,,0.03,0.0004,,,,,,,20149,,,,,,,,
91,,,,,,,0.25158271193504333,,0.41637763381004333,,8.2421875,0.00039999998989515007,0.029999999329447746,,,1.0,1.0,,,,,20149,,0.5952824354171753,,,,,,
,,,,,,,,,,,,,,0.03,0.0004,,,,,,,20199,,,,,,,,
91,,,,,,,0.25422942638397217,,0.43123137950897217,,8.8515625,0.00039999998989515007,0.029999999329447746,,,1.0,1.0,,,,,20199,,0.49421432614326477,,,,,,
,,,,,,,,,,,,,,0.03,0.0004,,,,,,,20249,,,,,,,,
91,,,,,,,0.2543182969093323,,0.4211884140968323,,8.34375,0.00039999998989515007,0.029999999329447746,,,1.0,1.0,,,,,20249,,0.6589103937149048,,,,,,
,,,,,,,,,,,,,,0.03,0.0004,,,,,,,20299,,,,,,,,
91,,,,,,,0.22777695953845978,,0.3815855383872986,,7.69140625,0.00039999998989515007,0.029999999329447746,,,1.0,1.0,,,,,20299,,0.4494221806526184,,,,,,
,,,0.17812499403953552,,0.9921875,,,,,,,,,,,1.0,1.0,,,,,8372,,,,0.0,,0.0,,0.0
,,,0.18281249701976776,,1.0,,,,,,,,,,,1.0,1.0,,,,,8373,,,,0.0,,0.0,,0.0
,,,0.25637802481651306,,0.9900990128517151,,,,,,,,,,,1.0,1.0,,,,,8374,,,,0.0,,0.0,,0.0
,,,0.19218750298023224,,0.984375,,,,,,,,,,,1.0,1.0,,,,,8375,,,,0.0,,0.0,,0.0
,,,0.1875,,0.9921875,,,,,,,,,,,1.0,1.0,,,,,8376,,,,0.0,,0.0,,0.0
,,,0.25824177265167236,,0.990384578704834,,,,,,,,,,,1.0,1.0,,,,,8377,,,,0.0,,0.0,,0.0
,,,0.1149553582072258,,1.0,,,,,,,,,,,1.0,1.0,,,,,8378,,,,0.0,,0.0,,0.0
,,,0.0859375,,1.0,,,,,,,,,,,1.0,1.0,,,,,8379,,,,0.0,,0.0,,0.0
,,,0.17581474781036377,,0.9952830076217651,,,,,,,,,,,1.0,1.0,,,,,8380,,,,0.0,,0.0,,0.0
,,,0.109375,,0.984375,,,,,,,,,,,1.0,1.0,,,,,8381,,,,0.0,,0.0,,0.0
,,,0.140625,,0.9609375,,,,,,,,,,,1.0,1.0,,,,,8382,,,,0.0,,0.0,,0.0
,,,0.1160714253783226,,0.96875,,,,,,,,,,,1.0,1.0,,,,,8383,,,,0.0,,0.0,,0.0
,,,0.19833333790302277,,0.9919999837875366,,,,,,,,,,,1.0,1.0,,,,,8384,,,,0.0,,0.0,,0.0
,,,0.1588541716337204,,0.9921875,,,,,,,,,,,1.0,1.0,,,,,8385,,,,0.0,,0.0,,0.0
,,,0.1294642835855484,,0.9921875,,,,,,,,,,,1.0,1.0,,,,,8386,,,,0.0,,0.0,,0.0
,,,0.2482326328754425,,0.9957983493804932,,,,,,,,,,,1.0,1.0,,,,,8387,,,,0.0,,0.0,,0.0
,,,0.1238839253783226,,0.9921875,,,,,,,,,,,1.0,1.0,,,,,8388,,,,0.0,,0.0,,0.0
,,,0.1064453125,,0.9921875,,,,,,,,,,,1.0,1.0,,,,,8389,,,,0.0,,0.0,,0.0
,,,0.22118505835533142,,0.9886363744735718,,,,,,,,,,,1.0,1.0,,,,,8390,,,,0.0,,0.0,,0.0
,,,0.1083984375,,0.9921875,,,,,,,,,,,1.0,1.0,,,,,8391,,,,0.0,,0.0,,0.0
,,,0.1796875,,0.9921875,,,,,,,,,,,1.0,1.0,,,,,8392,,,,0.0,,0.0,,0.0
,,,0.2264721542596817,,0.9635118246078491,,,,,,,,,,,1.0,1.0,,,,,8393,,,,0.0,,0.0,,0.0
,,,0.0947265625,,0.9375,,,,,,,,,,,1.0,1.0,,,,,8394,,,,0.0,,0.0,,0.0
,,,0.1015625,,0.9453125,,,,,,,,,,,1.0,1.0,,,,,8395,,,,0.0,,0.0,,0.0
,,,0.17733989655971527,,0.984236478805542,,,,,,,,,,,1.0,1.0,,,,,8396,,,,0.0,,0.0,,0.0
,,,0.16562500596046448,,0.9921875,,,,,,,,,,,1.0,1.0,,,,,8397,,,,0.0,,0.0,,0.0
,,,0.1432291716337204,,1.0,,,,,,,,,,,1.0,1.0,,,,,8398,,,,0.0,,0.0,,0.0
,,,0.1634940505027771,,0.9650314450263977,,,,,,,,,,,1.0,1.0,,,,,8399,,,,0.0,,0.0,,0.0
,,,0.1116071417927742,,0.96875,,,,,,,,,,,1.0,1.0,,,,,8400,,,,0.0,,0.0,,0.0
,,,0.0869140625,,0.9140625,,,,,,,,,,,1.0,1.0,,,,,8401,,,,0.0,,0.0,,0.0
,,,0.19716143608093262,,0.9352941513061523,,,,,,,,,,,1.0,1.0,,,,,8402,,,,0.0,,0.0,,0.0
,,,0.1458333283662796,,0.9921875,,,,,,,,,,,1.0,1.0,,,,,8403,,,,0.0,,0.0,,0.0
,,,0.1432291716337204,,0.984375,,,,,,,,,,,1.0,1.0,,,,,8404,,,,0.0,,0.0,,0.0
,,,0.227401465177536,,1.0,,,,,,,,,,,1.0,1.0,,,,,8405,,,,0.0,,0.0,,0.0
,,,0.236328125,,0.984375,,,,,,,,,,,1.0,1.0,,,,,8406,,,,0.0,,0.0,,0.0
,,,0.1875,,0.9921875,,,,,,,,,,,1.0,1.0,,,,,8407,,,,0.0,,0.0,,0.0
,,,0.21718253195285797,,0.9836065769195557,,,,,,,,,,,1.0,1.0,,,,,8408,,,,0.0,,0.0,,0.0
,,,0.10546875,,1.0,,,,,,,,,,,1.0,1.0,,,,,8409,,,,0.0,,0.0,,0.0
,,,0.0833333358168602,,0.9921875,,,,,,,,,,,1.0,1.0,,,,,8410,,,,0.0,,0.0,,0.0
,,,0.17338217794895172,,0.9923076629638672,,,,,,,,,,,1.0,1.0,,,,,8411,,,,0.0,,0.0,,0.0
,,,0.14453125,,0.9921875,,,,,,,,,,,1.0,1.0,,,,,8412,,,,0.0,,0.0,,0.0
,,,0.140625,,0.9609375,,,,,,,,,,,1.0,1.0,,,,,8413,,,,0.0,,0.0,,0.0
,,,0.22045454382896423,,0.9579545259475708,,,,,,,,,,,1.0,1.0,,,,,8414,,,,0.0,,0.0,,0.0
,,,0.1549479216337204,,0.9921875,,,,,,,,,,,1.0,1.0,,,,,8415,,,,0.0,,0.0,,0.0
,,,0.1032986119389534,,1.0,,,,,,,,,,,1.0,1.0,,,,,8416,,,,0.0,,0.0,,0.0
,,,0.29818522930145264,,0.9946808815002441,,,,,,,,,,,1.0,1.0,,,,,8417,,,,0.0,,0.0,,0.0
,,,0.17499999701976776,,0.9921875,,,,,,,,,,,1.0,1.0,,,,,8418,,,,0.0,,0.0,,0.0
,,,0.1083984375,,0.9921875,,,,,,,,,,,1.0,1.0,,,,,8419,,,,0.0,,0.0,,0.0
,,,0.125,,0.9921875,,,,,,,,,,,1.0,1.0,,,,,8420,,,,0.0,,0.0,,0.0
,,,0.23720473051071167,,0.9960629940032959,,,,,,,,,,,1.0,1.0,,,,,8421,,,,0.0,,0.0,,0.0
,,,0.1510416716337204,,0.9921875,,,,,,,,,,,1.0,1.0,,,,,8422,,,,0.0,,0.0,,0.0
,,,0.17499999701976776,,1.0,,,,,,,,,,,1.0,1.0,,,,,8423,,,,0.0,,0.0,,0.0
,,,0.17923849821090698,,0.936781644821167,,,,,,,,,,,1.0,1.0,,,,,8424,,,,0.0,,0.0,,0.0
,,,0.0947265625,,0.9140625,,,,,,,,,,,1.0,1.0,,,,,8425,,,,0.0,,0.0,,0.0
,,,0.0928819477558136,,0.9765625,,,,,,,,,,,1.0,1.0,,,,,8426,,,,0.0,,0.0,,0.0
,,,0.172798752784729,,0.9950494766235352,,,,,,,,,,,1.0,1.0,,,,,8427,,,,0.0,,0.0,,0.0
,,,0.16875000298023224,,0.9921875,,,,,,,,,,,1.0,1.0,,,,,8428,,,,0.0,,0.0,,0.0
,,,0.13671875,,0.9921875,,,,,,,,,,,1.0,1.0,,,,,8429,,,,0.0,,0.0,,0.0
,,,0.1888020932674408,,0.9791666269302368,,,,,,,,,,,1.0,1.0,,,,,8430,,,,0.0,,0.0,,0.0
,,,0.0807291641831398,,0.9375,,,,,,,,,,,1.0,1.0,,,,,8431,,,,0.0,,0.0,,0.0
,,,0.0888671875,,0.90625,,,,,,,,,,,1.0,1.0,,,,,8432,,,,0.0,,0.0,,0.0
,,,0.22314506769180298,,0.9523809552192688,,,,,,,,,,,1.0,1.0,,,,,8433,,,,0.0,,0.0,,0.0
,,,0.17656250298023224,,0.9921875,,,,,,,,,,,1.0,1.0,,,,,8434,,,,0.0,,0.0,,0.0
,,,0.140625,,0.984375,,,,,,,,,,,1.0,1.0,,,,,8435,,,,0.0,,0.0,,0.0
,,,0.31484758853912354,,0.991150438785553,,,,,,,,,,,1.0,1.0,,,,,8436,,,,0.0,,0.0,,0.0
,,,0.1875,,1.0,,,,,,,,,,,1.0,1.0,,,,,8437,,,,0.0,,0.0,,0.0
,,,0.23046875,,0.9765625,,,,,,,,,,,1.0,1.0,,,,,8438,,,,0.0,,0.0,,0.0
,,,0.20984849333763123,,1.0,,,,,,,,,,,1.0,1.0,,,,,8439,,,,0.0,,0.0,,0.0
,,,0.09765625,,1.0,,,,,,,,,,,1.0,1.0,,,,,8440,,,,0.0,,0.0,,0.0
,,,0.0850694477558136,,0.9921875,,,,,,,,,,,1.0,1.0,,,,,8441,,,,0.0,,0.0,,0.0
,,,0.20879629254341125,,0.9953703880310059,,,,,,,,,,,1.0,1.0,,,,,8442,,,,0.0,,0.0,,0.0
,,,0.1432291716337204,,0.96875,,,,,,,,,,,1.0,1.0,,,,,8443,,,,0.0,,0.0,,0.0
,,,0.1419270783662796,,0.9765625,,,,,,,,,,,1.0,1.0,,,,,8444,,,,0.0,,0.0,,0.0
,,,0.22453145682811737,,0.9546184539794922,,,,,,,,,,,1.0,1.0,,,,,8445,,,,0.0,,0.0,,0.0
,,,0.1316964328289032,,0.9921875,,,,,,,,,,,1.0,1.0,,,,,8446,,,,0.0,,0.0,,0.0
,,,0.1316964328289032,,0.9921875,,,,,,,,,,,1.0,1.0,,,,,8447,,,,0.0,,0.0,,0.0
,,,0.30188441276550293,,1.0,,,,,,,,,,,1.0,1.0,,,,,8448,,,,0.0,,0.0,,0.0
,,,0.1458333283662796,,0.984375,,,,,,,,,,,1.0,1.0,,,,,8449,,,,0.0,,0.0,,0.0
,,,0.1103515625,,1.0,,,,,,,,,,,1.0,1.0,,,,,8450,,,,0.0,,0.0,,0.0
,,,0.22812846302986145,,0.9941860437393188,,,,,,,,,,,1.0,1.0,,,,,8451,,,,0.0,,0.0,,0.0
,,,0.0859375,,0.9921875,,,,,,,,,,,1.0,1.0,,,,,8452,,,,0.0,,0.0,,0.0
,,,0.15234375,,0.9921875,,,,,,,,,,,1.0,1.0,,,,,8453,,,,0.0,,0.0,,0.0
,,,0.3039020001888275,,0.9948453903198242,,,,,,,,,,,1.0,1.0,,,,,8454,,,,0.0,,0.0,,0.0
,,,0.091796875,,0.9453125,,,,,,,,,,,1.0,1.0,,,,,8455,,,,0.0,,0.0,,0.0
,,,0.0842013880610466,,0.9140625,,,,,,,,,,,1.0,1.0,,,,,8456,,,,0.0,,0.0,,0.0
,,,0.2220982164144516,,0.9955357313156128,,,,,,,,,,,1.0,1.0,,,,,8457,,,,0.0,,0.0,,0.0
,,,0.1160714253783226,,0.9921875,,,,,,,,,,,1.0,1.0,,,,,8458,,,,0.0,,0.0,,0.0
,,,0.1419270783662796,,0.9921875,,,,,,,,,,,1.0,1.0,,,,,8459,,,,0.0,,0.0,,0.0
,,,0.16967755556106567,,0.9502719640731812,,,,,,,,,,,1.0,1.0,,,,,8460,,,,0.0,,0.0,,0.0
,,,0.0876736119389534,,0.9609375,,,,,,,,,,,1.0,1.0,,,,,8461,,,,0.0,,0.0,,0.0
,,,0.0798611119389534,,0.9375,,,,,,,,,,,1.0,1.0,,,,,8462,,,,0.0,,0.0,,0.0
,,,0.08858267962932587,,0.9055117964744568,,,,,,,,,,,1.0,1.0,,,,,8463,,,,0.0,,0.0,,0.0
91,0.8403335809707642,0.8474552035331726,,0.9797812700271606,,,,,,,,,,,,,,215.26535034179688,26723.29296875,5.371871471405029,349.7976989746094,20331,,,0.0,,0.0,,0.0,
91,,,,,,0.23926106095314026,,0.4021436870098114,,8.144266128540039,,,,,,,,,,,,20331,0.5367615222930908,,,,,,,
,,,,,,,,,,,,,,0.03,0.0004,,,,,,,20349,,,,,,,,
92,,,,,,,0.22521543502807617,,0.39281797409057617,,8.3828125,0.00039999998989515007,0.029999999329447746,,,1.0,1.0,,,,,20349,,0.3878576159477234,,,,,,
,,,,,,,,,,,,,,0.03,0.0004,,,,,,,20399,,,,,,,,
92,,,,,,,0.23627451062202454,,0.41217783093452454,,8.796875,0.00039999998989515007,0.029999999329447746,,,1.0,1.0,,,,,20399,,0.35044658184051514,,,,,,
,,,,,,,,,,,,,,0.03,0.0004,,,,,,,20449,,,,,,,,
92,,,,,,,0.2402290403842926,,0.3872016966342926,,7.3515625,0.00039999998989515007,0.029999999329447746,,,1.0,1.0,,,,,20449,,0.4315919578075409,,,,,,
,,,,,,,,,,,,,,0.03,0.0004,,,,,,,20499,,,,,,,,
92,,,,,,,0.2699538767337799,,0.4341384470462799,,8.2109375,0.00039999998989515007,0.029999999329447746,,,1.0,1.0,,,,,20499,,0.6526604890823364,,,,,,
,,,,,,,,,,,,,,0.03,0.0004,,,,,,,20549,,,,,,,,
92,,,,,,,0.23151135444641113,,0.40619397163391113,,8.734375,0.00039999998989515007,0.029999999329447746,,,1.0,1.0,,,,,20549,,0.7896647453308105,,,,,,
,,,0.1263020783662796,,0.984375,,,,,,,,,,,1.0,1.0,,,,,8464,,,,0.0,,0.0,,0.0
,,,0.16875000298023224,,1.0,,,,,,,,,,,1.0,1.0,,,,,8465,,,,0.0,,0.0,,0.0
,,,0.18347391486167908,,0.9580124616622925,,,,,,,,,,,1.0,1.0,,,,,8466,,,,0.0,,0.0,,0.0
,,,0.1458333283662796,,0.953125,,,,,,,,,,,1.0,1.0,,,,,8467,,,,0.0,,0.0,,0.0
,,,0.1640625,,0.9453125,,,,,,,,,,,1.0,1.0,,,,,8468,,,,0.0,,0.0,,0.0
,,,0.279914528131485,,0.9711538553237915,,,,,,,,,,,1.0,1.0,,,,,8469,,,,0.0,,0.0,,0.0
,,,0.1354166716337204,,1.0,,,,,,,,,,,1.0,1.0,,,,,8470,,,,0.0,,0.0,,0.0
,,,0.0966796875,,1.0,,,,,,,,,,,1.0,1.0,,,,,8471,,,,0.0,,0.0,,0.0
,,,0.18381932377815247,,0.9952830076217651,,,,,,,,,,,1.0,1.0,,,,,8472,,,,0.0,,0.0,,0.0
,,,0.1123046875,,0.9765625,,,,,,,,,,,1.0,1.0,,,,,8473,,,,0.0,,0.0,,0.0
,,,0.1083984375,,0.9765625,,,,,,,,,,,1.0,1.0,,,,,8474,,,,0.0,,0.0,,0.0
,,,0.17343750596046448,,0.984375,,,,,,,,,,,1.0,1.0,,,,,8475,,,,0.0,,0.0,,0.0
,,,0.1913333386182785,,0.9839999675750732,,,,,,,,,,,1.0,1.0,,,,,8476,,,,0.0,,0.0,,0.0
,,,0.1227678582072258,,0.96875,,,,,,,,,,,1.0,1.0,,,,,8477,,,,0.0,,0.0,,0.0
,,,0.1083984375,,0.9609375,,,,,,,,,,,1.0,1.0,,,,,8478,,,,0.0,,0.0,,0.0
,,,0.2578364610671997,,0.9444444179534912,,,,,,,,,,,1.0,1.0,,,,,8479,,,,0.0,,0.0,,0.0
,,,0.18593749403953552,,1.0,,,,,,,,,,,1.0,1.0,,,,,8480,,,,0.0,,0.0,,0.0
,,,0.1272321492433548,,1.0,,,,,,,,,,,1.0,1.0,,,,,8481,,,,0.0,,0.0,,0.0
,,,0.25943106412887573,,1.0,,,,,,,,,,,1.0,1.0,,,,,8482,,,,0.0,,0.0,,0.0
,,,0.1283482164144516,,0.9921875,,,,,,,,,,,1.0,1.0,,,,,8483,,,,0.0,,0.0,,0.0
,,,0.18593749403953552,,0.984375,,,,,,,,,,,1.0,1.0,,,,,8484,,,,0.0,,0.0,,0.0
,,,0.24340865015983582,,0.9863013625144958,,,,,,,,,,,1.0,1.0,,,,,8485,,,,0.0,,0.0,,0.0
,,,0.1116071417927742,,0.9609375,,,,,,,,,,,1.0,1.0,,,,,8486,,,,0.0,,0.0,,0.0
,,,0.125,,0.9609375,,,,,,,,,,,1.0,1.0,,,,,8487,,,,0.0,,0.0,,0.0
,,,0.2521463632583618,,0.9928570985794067,,,,,,,,,,,1.0,1.0,,,,,8488,,,,0.0,,0.0,,0.0
,,,0.17499999701976776,,0.9921875,,,,,,,,,,,1.0,1.0,,,,,8489,,,,0.0,,0.0,,0.0
,,,0.1205357164144516,,1.0,,,,,,,,,,,1.0,1.0,,,,,8490,,,,0.0,,0.0,,0.0
,,,0.20877358317375183,,1.0,,,,,,,,,,,1.0,1.0,,,,,8491,,,,0.0,,0.0,,0.0
,,,0.22265625,,1.0,,,,,,,,,,,1.0,1.0,,,,,8492,,,,0.0,,0.0,,0.0
,,,0.16562500596046448,,0.984375,,,,,,,,,,,1.0,1.0,,,,,8493,,,,0.0,,0.0,,0.0
,,,0.2631555199623108,,0.9764705896377563,,,,,,,,,,,1.0,1.0,,,,,8494,,,,0.0,,0.0,,0.0
,,,0.109375,,0.984375,,,,,,,,,,,1.0,1.0,,,,,8495,,,,0.0,,0.0,,0.0
,,,0.1138392835855484,,0.9921875,,,,,,,,,,,1.0,1.0,,,,,8496,,,,0.0,,0.0,,0.0
,,,0.24067558348178864,,0.9642857313156128,,,,,,,,,,,1.0,1.0,,,,,8497,,,,0.0,,0.0,,0.0
,,,0.1393229216337204,,0.9453125,,,,,,,,,,,1.0,1.0,,,,,8498,,,,0.0,,0.0,,0.0
,,,0.1380208283662796,,0.953125,,,,,,,,,,,1.0,1.0,,,,,8499,,,,0.0,,0.0,,0.0
,,,0.20730364322662354,,0.9590163826942444,,,,,,,,,,,1.0,1.0,,,,,8500,,,,0.0,,0.0,,0.0
,,,0.140625,,1.0,,,,,,,,,,,1.0,1.0,,,,,8501,,,,0.0,,0.0,,0.0
,,,0.0927734375,,0.9921875,,,,,,,,,,,1.0,1.0,,,,,8502,,,,0.0,,0.0,,0.0
,,,0.17690950632095337,,0.9923076629638672,,,,,,,,,,,1.0,1.0,,,,,8503,,,,0.0,,0.0,,0.0
,,,0.1261160671710968,,0.984375,,,,,,,,,,,1.0,1.0,,,,,8504,,,,0.0,,0.0,,0.0
,,,0.14453125,,0.9921875,,,,,,,,,,,1.0,1.0,,,,,8505,,,,0.0,,0.0,,0.0
,,,0.19696968793869019,,0.969318151473999,,,,,,,,,,,1.0,1.0,,,,,8506,,,,0.0,,0.0,,0.0
,,,0.1064453125,,0.9609375,,,,,,,,,,,1.0,1.0,,,,,8507,,,,0.0,,0.0,,0.0
,,,0.1103515625,,0.9609375,,,,,,,,,,,1.0,1.0,,,,,8508,,,,0.0,,0.0,,0.0
,,,0.25522977113723755,,0.978723406791687,,,,,,,,,,,1.0,1.0,,,,,8509,,,,0.0,,0.0,,0.0
,,,0.1549479216337204,,1.0,,,,,,,,,,,1.0,1.0,,,,,8510,,,,0.0,,0.0,,0.0
,,,0.1083984375,,1.0,,,,,,,,,,,1.0,1.0,,,,,8511,,,,0.0,,0.0,,0.0
,,,0.1305803507566452,,1.0,,,,,,,,,,,1.0,1.0,,,,,8512,,,,0.0,,0.0,,0.0
,,,0.3826771676540375,,0.9960629940032959,,,,,,,,,,,1.0,1.0,,,,,8513,,,,0.0,,0.0,,0.0
,,,0.1305803507566452,,0.984375,,,,,,,,,,,1.0,1.0,,,,,8514,,,,0.0,,0.0,,0.0
,,,0.17499999701976776,,1.0,,,,,,,,,,,1.0,1.0,,,,,8515,,,,0.0,,0.0,,0.0
,,,0.2146962285041809,,0.982758641242981,,,,,,,,,,,1.0,1.0,,,,,8516,,,,0.0,,0.0,,0.0
,,,0.1127232164144516,,0.9296875,,,,,,,,,,,1.0,1.0,,,,,8517,,,,0.0,,0.0,,0.0
,,,0.1283482164144516,,0.9609375,,,,,,,,,,,1.0,1.0,,,,,8518,,,,0.0,,0.0,,0.0
,,,0.20952510833740234,,1.0,,,,,,,,,,,1.0,1.0,,,,,8519,,,,0.0,,0.0,,0.0
,,,0.220703125,,0.9921875,,,,,,,,,,,1.0,1.0,,,,,8520,,,,0.0,,0.0,,0.0
,,,0.1044921875,,1.0,,,,,,,,,,,1.0,1.0,,,,,8521,,,,0.0,,0.0,,0.0
,,,0.2291666716337204,,1.0,,,,,,,,,,,1.0,1.0,,,,,8522,,,,0.0,,0.0,,0.0
,,,0.171875,,0.984375,,,,,,,,,,,1.0,1.0,,,,,8523,,,,0.0,,0.0,,0.0
,,,0.1393229216337204,,0.984375,,,,,,,,,,,1.0,1.0,,,,,8524,,,,0.0,,0.0,,0.0
,,,0.2570136785507202,,0.988095223903656,,,,,,,,,,,1.0,1.0,,,,,8525,,,,0.0,,0.0,,0.0
,,,0.1149553582072258,,0.9921875,,,,,,,,,,,1.0,1.0,,,,,8526,,,,0.0,,0.0,,0.0
,,,0.099609375,,0.9921875,,,,,,,,,,,1.0,1.0,,,,,8527,,,,0.0,,0.0,,0.0
,,,0.24391067028045654,,0.9646017551422119,,,,,,,,,,,1.0,1.0,,,,,8528,,,,0.0,,0.0,,0.0
,,,0.1393229216337204,,0.9609375,,,,,,,,,,,1.0,1.0,,,,,8529,,,,0.0,,0.0,,0.0
,,,0.1205357164144516,,0.9375,,,,,,,,,,,1.0,1.0,,,,,8530,,,,0.0,,0.0,,0.0
,,,0.22539682686328888,,0.9722222089767456,,,,,,,,,,,1.0,1.0,,,,,8531,,,,0.0,,0.0,,0.0
,,,0.1138392835855484,,1.0,,,,,,,,,,,1.0,1.0,,,,,8532,,,,0.0,,0.0,,0.0
,,,0.0807291641831398,,0.9921875,,,,,,,,,,,1.0,1.0,,,,,8533,,,,0.0,,0.0,,0.0
,,,0.20879629254341125,,0.9907407760620117,,,,,,,,,,,1.0,1.0,,,,,8534,,,,0.0,,0.0,,0.0
,,,0.125,,0.984375,,,,,,,,,,,1.0,1.0,,,,,8535,,,,0.0,,0.0,,0.0
,,,0.1458333283662796,,1.0,,,,,,,,,,,1.0,1.0,,,,,8536,,,,0.0,,0.0,,0.0
,,,0.2212851345539093,,0.9768407344818115,,,,,,,,,,,1.0,1.0,,,,,8537,,,,0.0,,0.0,,0.0
,,,0.1083984375,,0.9609375,,,,,,,,,,,1.0,1.0,,,,,8538,,,,0.0,,0.0,,0.0
,,,0.1103515625,,0.953125,,,,,,,,,,,1.0,1.0,,,,,8539,,,,0.0,,0.0,,0.0
,,,0.2206837236881256,,0.970588207244873,,,,,,,,,,,1.0,1.0,,,,,8540,,,,0.0,,0.0,,0.0
,,,0.18593749403953552,,1.0,,,,,,,,,,,1.0,1.0,,,,,8541,,,,0.0,,0.0,,0.0
,,,0.1261160671710968,,1.0,,,,,,,,,,,1.0,1.0,,,,,8542,,,,0.0,,0.0,,0.0
,,,0.27068501710891724,,1.0,,,,,,,,,,,1.0,1.0,,,,,8543,,,,0.0,,0.0,,0.0
,,,0.1261160671710968,,0.9921875,,,,,,,,,,,1.0,1.0,,,,,8544,,,,0.0,,0.0,,0.0
,,,0.18125000596046448,,0.984375,,,,,,,,,,,1.0,1.0,,,,,8545,,,,0.0,,0.0,,0.0
,,,0.3056201934814453,,1.0,,,,,,,,,,,1.0,1.0,,,,,8546,,,,0.0,,0.0,,0.0
,,,0.1138392835855484,,0.953125,,,,,,,,,,,1.0,1.0,,,,,8547,,,,0.0,,0.0,,0.0
,,,0.099609375,,0.921875,,,,,,,,,,,1.0,1.0,,,,,8548,,,,0.0,,0.0,,0.0
,,,0.2377232164144516,,0.9910714626312256,,,,,,,,,,,1.0,1.0,,,,,8549,,,,0.0,,0.0,,0.0
,,,0.171875,,0.9921875,,,,,,,,,,,1.0,1.0,,,,,8550,,,,0.0,,0.0,,0.0
,,,0.1393229216337204,,1.0,,,,,,,,,,,1.0,1.0,,,,,8551,,,,0.0,,0.0,,0.0
,,,0.1956099569797516,,1.0,,,,,,,,,,,1.0,1.0,,,,,8552,,,,0.0,,0.0,,0.0
,,,0.17499999701976776,,1.0,,,,,,,,,,,1.0,1.0,,,,,8553,,,,0.0,,0.0,,0.0
,,,0.16875000298023224,,0.984375,,,,,,,,,,,1.0,1.0,,,,,8554,,,,0.0,,0.0,,0.0
,,,0.1391076147556305,,0.9763779640197754,,,,,,,,,,,1.0,1.0,,,,,8555,,,,0.0,,0.0,,0.0
92,0.8413596749305725,0.850658118724823,,0.9814468622207642,,,,,,,,,,,,,,217.2221221923828,25486.7109375,5.38092041015625,349.39105224609375,20552,,,0.0,,0.0,,0.0,
92,,,,,,0.23626412451267242,,0.3991624712944031,,8.145008087158203,,,,,,,,,,,,20552,0.5337389707565308,,,,,,,
,,,,,,,,,,,,,,0.03,0.0004,,,,,,,20599,,,,,,,,
93,,,,,,,0.2436007410287857,,0.4088839292526245,,8.265625,0.00039999998989515007,0.029999999329447746,,,1.0,1.0,,,,,20599,,0.3425683379173279,,,,,,
,,,,,,,,,,,,,,0.03,0.0004,,,,,,,20649,,,,,,,,
93,,,,,,,0.22591610252857208,,0.3885137438774109,,8.1328125,0.00039999998989515007,0.029999999329447746,,,1.0,1.0,,,,,20649,,0.45011088252067566,,,,,,
,,,,,,,,,,,,,,0.03,0.0004,,,,,,,20699,,,,,,,,
93,,,,,,,0.2479393184185028,,0.4118797481060028,,8.1953125,0.00039999998989515007,0.029999999329447746,,,1.0,1.0,,,,,20699,,0.5656399130821228,,,,,,
,,,,,,,,,,,,,,0.03,0.0004,,,,,,,20749,,,,,,,,
93,,,,,,,0.2537986636161804,,0.4172508120536804,,8.171875,0.00039999998989515007,0.029999999329447746,,,1.0,1.0,,,,,20749,,0.627362847328186,,,,,,
,,,0.0970982164144516,,0.9609375,,,,,,,,,,,1.0,1.0,,,,,8556,,,,0.0,,0.0,,0.0
,,,0.15625,,0.9921875,,,,,,,,,,,1.0,1.0,,,,,8557,,,,0.0,,0.0,,0.0
,,,0.16956362128257751,,0.9752475023269653,,,,,,,,,,,1.0,1.0,,,,,8558,,,,0.0,,0.0,,0.0
,,,0.1549479216337204,,0.9921875,,,,,,,,,,,1.0,1.0,,,,,8559,,,,0.0,,0.0,,0.0
,,,0.1549479216337204,,0.984375,,,,,,,,,,,1.0,1.0,,,,,8560,,,,0.0,,0.0,,0.0
,,,0.2927350401878357,,0.9695512652397156,,,,,,,,,,,1.0,1.0,,,,,8561,,,,0.0,,0.0,,0.0
,,,0.0986328125,,1.0,,,,,,,,,,,1.0,1.0,,,,,8562,,,,0.0,,0.0,,0.0
,,,0.09375,,0.984375,,,,,,,,,,,1.0,1.0,,,,,8563,,,,0.0,,0.0,,0.0
,,,0.18782161176204681,,0.9858490228652954,,,,,,,,,,,1.0,1.0,,,,,8564,,,,0.0,,0.0,,0.0
,,,0.1305803507566452,,0.9921875,,,,,,,,,,,1.0,1.0,,,,,8565,,,,0.0,,0.0,,0.0
,,,0.18125000596046448,,0.9921875,,,,,,,,,,,1.0,1.0,,,,,8566,,,,0.0,,0.0,,0.0
,,,0.232421875,,0.9921875,,,,,,,,,,,1.0,1.0,,,,,8567,,,,0.0,,0.0,,0.0
,,,0.22095239162445068,,0.9839999675750732,,,,,,,,,,,1.0,1.0,,,,,8568,,,,0.0,,0.0,,0.0
,,,0.1432291716337204,,0.96875,,,,,,,,,,,1.0,1.0,,,,,8569,,,,0.0,,0.0,,0.0
,,,0.1497395783662796,,0.9921875,,,,,,,,,,,1.0,1.0,,,,,8570,,,,0.0,,0.0,,0.0
,,,0.25183406472206116,,0.9444444179534912,,,,,,,,,,,1.0,1.0,,,,,8571,,,,0.0,,0.0,,0.0
,,,0.1497395783662796,,0.9921875,,,,,,,,,,,1.0,1.0,,,,,8572,,,,0.0,,0.0,,0.0
,,,0.109375,,0.9921875,,,,,,,,,,,1.0,1.0,,,,,8573,,,,0.0,,0.0,,0.0
,,,0.19007034599781036,,0.9588744640350342,,,,,,,,,,,1.0,1.0,,,,,8574,,,,0.0,,0.0,,0.0
,,,0.0729166641831398,,0.8828125,,,,,,,,,,,1.0,1.0,,,,,8575,,,,0.0,,0.0,,0.0
,,,0.0755208358168602,,0.90625,,,,,,,,,,,1.0,1.0,,,,,8576,,,,0.0,,0.0,,0.0
,,,0.19825653731822968,,0.9363636374473572,,,,,,,,,,,1.0,1.0,,,,,8577,,,,0.0,,0.0,,0.0
,,,0.1497395783662796,,0.9921875,,,,,,,,,,,1.0,1.0,,,,,8578,,,,0.0,,0.0,,0.0
,,,0.1272321492433548,,0.9765625,,,,,,,,,,,1.0,1.0,,,,,8579,,,,0.0,,0.0,,0.0
,,,0.22814038395881653,,1.0,,,,,,,,,,,1.0,1.0,,,,,8580,,,,0.0,,0.0,,0.0
,,,0.17656250298023224,,1.0,,,,,,,,,,,1.0,1.0,,,,,8581,,,,0.0,,0.0,,0.0
,,,0.17812499403953552,,1.0,,,,,,,,,,,1.0,1.0,,,,,8582,,,,0.0,,0.0,,0.0
,,,0.2729979157447815,,1.0,,,,,,,,,,,1.0,1.0,,,,,8583,,,,0.0,,0.0,,0.0
,,,0.18281249701976776,,0.9921875,,,,,,,,,,,1.0,1.0,,,,,8584,,,,0.0,,0.0,,0.0
,,,0.103515625,,1.0,,,,,,,,,,,1.0,1.0,,,,,8585,,,,0.0,,0.0,,0.0
,,,0.1988714039325714,,0.9823529720306396,,,,,,,,,,,1.0,1.0,,,,,8586,,,,0.0,,0.0,,0.0
,,,0.0970982164144516,,0.9609375,,,,,,,,,,,1.0,1.0,,,,,8587,,,,0.0,,0.0,,0.0
,,,0.1263020783662796,,0.9765625,,,,,,,,,,,1.0,1.0,,,,,8588,,,,0.0,,0.0,,0.0
,,,0.24306824803352356,,0.982758641242981,,,,,,,,,,,1.0,1.0,,,,,8589,,,,0.0,,0.0,,0.0
,,,0.18437500298023224,,0.984375,,,,,,,,,,,1.0,1.0,,,,,8590,,,,0.0,,0.0,,0.0
,,,0.1875,,0.984375,,,,,,,,,,,1.0,1.0,,,,,8591,,,,0.0,,0.0,,0.0
,,,0.2377573400735855,,0.9761438369750977,,,,,,,,,,,1.0,1.0,,,,,8592,,,,0.0,,0.0,,0.0
,,,0.095703125,,0.9921875,,,,,,,,,,,1.0,1.0,,,,,8593,,,,0.0,,0.0,,0.0
,,,0.0927734375,,0.9921875,,,,,,,,,,,1.0,1.0,,,,,8594,,,,0.0,,0.0,,0.0
,,,0.18021978437900543,,0.9920635223388672,,,,,,,,,,,1.0,1.0,,,,,8595,,,,0.0,,0.0,,0.0
,,,0.1142578125,,0.9921875,,,,,,,,,,,1.0,1.0,,,,,8596,,,,0.0,,0.0,,0.0
,,,0.18437500298023224,,0.9921875,,,,,,,,,,,1.0,1.0,,,,,8597,,,,0.0,,0.0,,0.0
,,,0.2616882920265198,,0.969318151473999,,,,,,,,,,,1.0,1.0,,,,,8598,,,,0.0,,0.0,,0.0
,,,0.1064453125,,0.96875,,,,,,,,,,,1.0,1.0,,,,,8599,,,,0.0,,0.0,,0.0
,,,0.15234375,,0.984375,,,,,,,,,,,1.0,1.0,,,,,8600,,,,0.0,,0.0,,0.0
,,,0.24110496044158936,,0.9893617033958435,,,,,,,,,,,1.0,1.0,,,,,8601,,,,0.0,,0.0,,0.0
,,,0.1294642835855484,,1.0,,,,,,,,,,,1.0,1.0,,,,,8602,,,,0.0,,0.0,,0.0
,,,0.1227678582072258,,0.9921875,,,,,,,,,,,1.0,1.0,,,,,8603,,,,0.0,,0.0,,0.0
,,,0.1261160671710968,,0.984375,,,,,,,,,,,1.0,1.0,,,,,8604,,,,0.0,,0.0,,0.0
,,,0.21161417663097382,,0.9488189220428467,,,,,,,,,,,1.0,1.0,,,,,8605,,,,0.0,,0.0,,0.0
,,,0.0888671875,,0.9140625,,,,,,,,,,,1.0,1.0,,,,,8606,,,,0.0,,0.0,,0.0
,,,0.0763888880610466,,0.8984375,,,,,,,,,,,1.0,1.0,,,,,8607,,,,0.0,,0.0,,0.0
,,,0.16846264898777008,,0.875,,,,,,,,,,,1.0,1.0,,,,,8608,,,,0.0,,0.0,,0.0
,,,0.1238839253783226,,0.9765625,,,,,,,,,,,1.0,1.0,,,,,8609,,,,0.0,,0.0,,0.0
,,,0.1316964328289032,,0.9921875,,,,,,,,,,,1.0,1.0,,,,,8610,,,,0.0,,0.0,,0.0
,,,0.2514537274837494,,1.0,,,,,,,,,,,1.0,1.0,,,,,8611,,,,0.0,,0.0,,0.0
,,,0.18281249701976776,,1.0,,,,,,,,,,,1.0,1.0,,,,,8612,,,,0.0,,0.0,,0.0
,,,0.17656250298023224,,1.0,,,,,,,,,,,1.0,1.0,,,,,8613,,,,0.0,,0.0,,0.0
,,,0.3333333134651184,,1.0,,,,,,,,,,,1.0,1.0,,,,,8614,,,,0.0,,0.0,,0.0
,,,0.1484375,,0.9921875,,,,,,,,,,,1.0,1.0,,,,,8615,,,,0.0,,0.0,,0.0
,,,0.1216517835855484,,0.984375,,,,,,,,,,,1.0,1.0,,,,,8616,,,,0.0,,0.0,,0.0
,,,0.21033063530921936,,0.9764673113822937,,,,,,,,,,,1.0,1.0,,,,,8617,,,,0.0,,0.0,,0.0
,,,0.1049107164144516,,0.9765625,,,,,,,,,,,1.0,1.0,,,,,8618,,,,0.0,,0.0,,0.0
,,,0.1060267835855484,,0.96875,,,,,,,,,,,1.0,1.0,,,,,8619,,,,0.0,,0.0,,0.0
,,,0.2867256700992584,,0.991150438785553,,,,,,,,,,,1.0,1.0,,,,,8620,,,,0.0,,0.0,,0.0
,,,0.1575520783662796,,0.9921875,,,,,,,,,,,1.0,1.0,,,,,8621,,,,0.0,,0.0,,0.0
,,,0.1875,,0.9765625,,,,,,,,,,,1.0,1.0,,,,,8622,,,,0.0,,0.0,,0.0
,,,0.20075756311416626,,0.9954545497894287,,,,,,,,,,,1.0,1.0,,,,,8623,,,,0.0,,0.0,,0.0
,,,0.0927734375,,0.984375,,,,,,,,,,,1.0,1.0,,,,,8624,,,,0.0,,0.0,,0.0
,,,0.0798611119389534,,0.984375,,,,,,,,,,,1.0,1.0,,,,,8625,,,,0.0,,0.0,,0.0
,,,0.21342593431472778,,0.970370352268219,,,,,,,,,,,1.0,1.0,,,,,8626,,,,0.0,,0.0,,0.0
,,,0.1305803507566452,,0.9921875,,,,,,,,,,,1.0,1.0,,,,,8627,,,,0.0,,0.0,,0.0
,,,0.23046875,,1.0,,,,,,,,,,,1.0,1.0,,,,,8628,,,,0.0,,0.0,,0.0
,,,0.3061579763889313,,0.9768407344818115,,,,,,,,,,,1.0,1.0,,,,,8629,,,,0.0,,0.0,,0.0
,,,0.1458333283662796,,0.9609375,,,,,,,,,,,1.0,1.0,,,,,8630,,,,0.0,,0.0,,0.0
,,,0.1294642835855484,,0.9921875,,,,,,,,,,,1.0,1.0,,,,,8631,,,,0.0,,0.0,,0.0
,,,0.22313471138477325,,0.9901961088180542,,,,,,,,,,,1.0,1.0,,,,,8632,,,,0.0,,0.0,,0.0
,,,0.1497395783662796,,0.9921875,,,,,,,,,,,1.0,1.0,,,,,8633,,,,0.0,,0.0,,0.0
,,,0.1238839253783226,,1.0,,,,,,,,,,,1.0,1.0,,,,,8634,,,,0.0,,0.0,,0.0
,,,0.16461792588233948,,0.9703764915466309,,,,,,,,,,,1.0,1.0,,,,,8635,,,,0.0,,0.0,,0.0
,,,0.0711805522441864,,0.875,,,,,,,,,,,1.0,1.0,,,,,8636,,,,0.0,,0.0,,0.0
,,,0.0908203125,,0.921875,,,,,,,,,,,1.0,1.0,,,,,8637,,,,0.0,,0.0,,0.0
,,,0.21262887120246887,,0.9484536051750183,,,,,,,,,,,1.0,1.0,,,,,8638,,,,0.0,,0.0,,0.0
,,,0.1272321492433548,,1.0,,,,,,,,,,,1.0,1.0,,,,,8639,,,,0.0,,0.0,,0.0
,,,0.109375,,0.96875,,,,,,,,,,,1.0,1.0,,,,,8640,,,,0.0,,0.0,,0.0
,,,0.26530611515045166,,1.0,,,,,,,,,,,1.0,1.0,,,,,8641,,,,0.0,,0.0,,0.0
,,,0.17656250298023224,,1.0,,,,,,,,,,,1.0,1.0,,,,,8642,,,,0.0,,0.0,,0.0
,,,0.17656250298023224,,1.0,,,,,,,,,,,1.0,1.0,,,,,8643,,,,0.0,,0.0,,0.0
,,,0.22721722722053528,,1.0,,,,,,,,,,,1.0,1.0,,,,,8644,,,,0.0,,0.0,,0.0
,,,0.17812499403953552,,0.9921875,,,,,,,,,,,1.0,1.0,,,,,8645,,,,0.0,,0.0,,0.0
,,,0.1238839253783226,,1.0,,,,,,,,,,,1.0,1.0,,,,,8646,,,,0.0,,0.0,,0.0
,,,0.14173229038715363,,0.9763779640197754,,,,,,,,,,,1.0,1.0,,,,,8647,,,,0.0,,0.0,,0.0
93,0.8385916948318481,0.8423514366149902,,0.9786132574081421,,,,,,,,,,,,,,216.3280029296875,23939.62109375,5.376795768737793,350.0740051269531,20773,,,0.0,,0.0,,0.0,
93,,,,,,0.23642829060554504,,0.39916354417800903,,8.136824607849121,,,,,,,,,,,,20773,0.5237434506416321,,,,,,,
,,,,,,,,,,,,,,0.03,0.0004,,,,,,,20799,,,,,,,,
94,,,,,,,0.22992150485515594,,0.39935511350631714,,8.46875,0.00039999998989515007,0.029999999329447746,,,1.0,1.0,,,,,20799,,0.4740091860294342,,,,,,
,,,,,,,,,,,,,,0.03,0.0004,,,,,,,20849,,,,,,,,
94,,,,,,,0.22004002332687378,,0.3803183436393738,,8.015625,0.00039999998989515007,0.029999999329447746,,,1.0,1.0,,,,,20849,,0.7406179904937744,,,,,,
,,,,,,,,,,,,,,0.03,0.0004,,,,,,,20899,,,,,,,,
94,,,,,,,0.25654396414756775,,0.41706642508506775,,8.0234375,0.00039999998989515007,0.029999999329447746,,,1.0,1.0,,,,,20899,,0.8490828275680542,,,,,,
,,,,,,,,,,,,,,0.03,0.0004,,,,,,,20949,,,,,,,,
94,,,,,,,0.23535028100013733,,0.39013543725013733,,7.7421875,0.00039999998989515007,0.029999999329447746,,,1.0,1.0,,,,,20949,,0.6096357107162476,,,,,,
,,,0.1305803507566452,,0.9921875,,,,,,,,,,,1.0,1.0,,,,,8648,,,,0.0,,0.0,,0.0
,,,0.15234375,,1.0,,,,,,,,,,,1.0,1.0,,,,,8649,,,,0.0,,0.0,,0.0
,,,0.19528989493846893,,0.9765310287475586,,,,,,,,,,,1.0,1.0,,,,,8650,,,,0.0,,0.0,,0.0
,,,0.18437500298023224,,0.984375,,,,,,,,,,,1.0,1.0,,,,,8651,,,,0.0,,0.0,,0.0
,,,0.1294642835855484,,0.984375,,,,,,,,,,,1.0,1.0,,,,,8652,,,,0.0,,0.0,,0.0
,,,0.29487180709838867,,0.990384578704834,,,,,,,,,,,1.0,1.0,,,,,8653,,,,0.0,,0.0,,0.0
,,,0.1083984375,,0.984375,,,,,,,,,,,1.0,1.0,,,,,8654,,,,0.0,,0.0,,0.0
,,,0.0928819477558136,,1.0,,,,,,,,,,,1.0,1.0,,,,,8655,,,,0.0,,0.0,,0.0
,,,0.17581474781036377,,0.9952830076217651,,,,,,,,,,,1.0,1.0,,,,,8656,,,,0.0,,0.0,,0.0
,,,0.1328125,,0.9921875,,,,,,,,,,,1.0,1.0,,,,,8657,,,,0.0,,0.0,,0.0
,,,0.1536458283662796,,0.9921875,,,,,,,,,,,1.0,1.0,,,,,8658,,,,0.0,,0.0,,0.0
,,,0.18125000596046448,,1.0,,,,,,,,,,,1.0,1.0,,,,,8659,,,,0.0,,0.0,,0.0
,,,0.18833333253860474,,0.972000002861023,,,,,,,,,,,1.0,1.0,,,,,8660,,,,0.0,,0.0,,0.0
,,,0.140625,,0.9609375,,,,,,,,,,,1.0,1.0,,,,,8661,,,,0.0,,0.0,,0.0
,,,0.1238839253783226,,0.953125,,,,,,,,,,,1.0,1.0,,,,,8662,,,,0.0,,0.0,,0.0
,,,0.17719680070877075,,0.9873949289321899,,,,,,,,,,,1.0,1.0,,,,,8663,,,,0.0,,0.0,,0.0
,,,0.0798611119389534,,0.9453125,,,,,,,,,,,1.0,1.0,,,,,8664,,,,0.0,,0.0,,0.0
,,,0.0849609375,,0.953125,,,,,,,,,,,1.0,1.0,,,,,8665,,,,0.0,,0.0,,0.0
,,,0.2026515156030655,,0.9713203310966492,,,,,,,,,,,1.0,1.0,,,,,8666,,,,0.0,,0.0,,0.0
,,,0.1316964328289032,,0.9921875,,,,,,,,,,,1.0,1.0,,,,,8667,,,,0.0,,0.0,,0.0
,,,0.18125000596046448,,0.9921875,,,,,,,,,,,1.0,1.0,,,,,8668,,,,0.0,,0.0,,0.0
,,,0.24863901734352112,,1.0,,,,,,,,,,,1.0,1.0,,,,,8669,,,,0.0,,0.0,,0.0
,,,0.0902777761220932,,0.9921875,,,,,,,,,,,1.0,1.0,,,,,8670,,,,0.0,,0.0,,0.0
,,,0.1272321492433548,,0.9609375,,,,,,,,,,,1.0,1.0,,,,,8671,,,,0.0,,0.0,,0.0
,,,0.22062808275222778,,0.9913793206214905,,,,,,,,,,,1.0,1.0,,,,,8672,,,,0.0,,0.0,,0.0
,,,0.1305803507566452,,0.9921875,,,,,,,,,,,1.0,1.0,,,,,8673,,,,0.0,,0.0,,0.0
,,,0.1510416716337204,,1.0,,,,,,,,,,,1.0,1.0,,,,,8674,,,,0.0,,0.0,,0.0
,,,0.2140566110610962,,0.9905660152435303,,,,,,,,,,,1.0,1.0,,,,,8675,,,,0.0,,0.0,,0.0
,,,0.205078125,,0.9921875,,,,,,,,,,,1.0,1.0,,,,,8676,,,,0.0,,0.0,,0.0
,,,0.09375,,0.984375,,,,,,,,,,,1.0,1.0,,,,,8677,,,,0.0,,0.0,,0.0
,,,0.18312814831733704,,0.9823529720306396,,,,,,,,,,,1.0,1.0,,,,,8678,,,,0.0,,0.0,,0.0
,,,0.1294642835855484,,0.9921875,,,,,,,,,,,1.0,1.0,,,,,8679,,,,0.0,,0.0,,0.0
,,,0.1272321492433548,,0.9921875,,,,,,,,,,,1.0,1.0,,,,,8680,,,,0.0,,0.0,,0.0
,,,0.24926108121871948,,0.9928570985794067,,,,,,,,,,,1.0,1.0,,,,,8681,,,,0.0,,0.0,,0.0
,,,0.1497395783662796,,0.984375,,,,,,,,,,,1.0,1.0,,,,,8682,,,,0.0,,0.0,,0.0
,,,0.18281249701976776,,0.9921875,,,,,,,,,,,1.0,1.0,,,,,8683,,,,0.0,,0.0,,0.0
,,,0.2168155014514923,,0.9761438369750977,,,,,,,,,,,1.0,1.0,,,,,8684,,,,0.0,,0.0,,0.0
,,,0.1123046875,,0.9921875,,,,,,,,,,,1.0,1.0,,,,,8685,,,,0.0,,0.0,,0.0
,,,0.09375,,0.9921875,,,,,,,,,,,1.0,1.0,,,,,8686,,,,0.0,,0.0,,0.0
,,,0.1716727763414383,,1.0,,,,,,,,,,,1.0,1.0,,,,,8687,,,,0.0,,0.0,,0.0
,,,0.1510416716337204,,0.9921875,,,,,,,,,,,1.0,1.0,,,,,8688,,,,0.0,,0.0,,0.0
,,,0.1549479216337204,,0.9921875,,,,,,,,,,,1.0,1.0,,,,,8689,,,,0.0,,0.0,,0.0
,,,0.3636363744735718,,0.9568182229995728,,,,,,,,,,,1.0,1.0,,,,,8690,,,,0.0,,0.0,,0.0
,,,0.1216517835855484,,0.9765625,,,,,,,,,,,1.0,1.0,,,,,8691,,,,0.0,,0.0,,0.0
,,,0.1238839253783226,,0.9609375,,,,,,,,,,,1.0,1.0,,,,,8692,,,,0.0,,0.0,,0.0
,,,0.19360136985778809,,0.9893617033958435,,,,,,,,,,,1.0,1.0,,,,,8693,,,,0.0,,0.0,,0.0
,,,0.0908203125,,0.9765625,,,,,,,,,,,1.0,1.0,,,,,8694,,,,0.0,,0.0,,0.0
,,,0.0755208358168602,,0.953125,,,,,,,,,,,1.0,1.0,,,,,8695,,,,0.0,,0.0,,0.0
,,,0.1015625,,0.953125,,,,,,,,,,,1.0,1.0,,,,,8696,,,,0.0,,0.0,,0.0
,,,0.47834646701812744,,0.9921259880065918,,,,,,,,,,,1.0,1.0,,,,,8697,,,,0.0,,0.0,,0.0
,,,0.1305803507566452,,0.9921875,,,,,,,,,,,1.0,1.0,,,,,8698,,,,0.0,,0.0,,0.0
,,,0.1484375,,1.0,,,,,,,,,,,1.0,1.0,,,,,8699,,,,0.0,,0.0,,0.0
,,,0.1964798867702484,,0.9956896305084229,,,,,,,,,,,1.0,1.0,,,,,8700,,,,0.0,,0.0,,0.0
,,,0.1025390625,,0.953125,,,,,,,,,,,1.0,1.0,,,,,8701,,,,0.0,,0.0,,0.0
,,,0.1294642835855484,,0.9921875,,,,,,,,,,,1.0,1.0,,,,,8702,,,,0.0,,0.0,,0.0
,,,0.3044860064983368,,0.9950494766235352,,,,,,,,,,,1.0,1.0,,,,,8703,,,,0.0,,0.0,,0.0
,,,0.1575520783662796,,0.9921875,,,,,,,,,,,1.0,1.0,,,,,8704,,,,0.0,,0.0,,0.0
,,,0.1497395783662796,,1.0,,,,,,,,,,,1.0,1.0,,,,,8705,,,,0.0,,0.0,,0.0
,,,0.2395833283662796,,0.9947916269302368,,,,,,,,,,,1.0,1.0,,,,,8706,,,,0.0,,0.0,,0.0
,,,0.16093750298023224,,0.9921875,,,,,,,,,,,1.0,1.0,,,,,8707,,,,0.0,,0.0,,0.0
,,,0.109375,,0.984375,,,,,,,,,,,1.0,1.0,,,,,8708,,,,0.0,,0.0,,0.0
,,,0.24181300401687622,,0.988095223903656,,,,,,,,,,,1.0,1.0,,,,,8709,,,,0.0,,0.0,,0.0
,,,0.1272321492433548,,0.9921875,,,,,,,,,,,1.0,1.0,,,,,8710,,,,0.0,,0.0,,0.0
,,,0.1083984375,,0.9921875,,,,,,,,,,,1.0,1.0,,,,,8711,,,,0.0,,0.0,,0.0
,,,0.3045231103897095,,0.9867256879806519,,,,,,,,,,,1.0,1.0,,,,,8712,,,,0.0,,0.0,,0.0
,,,0.1316964328289032,,0.9921875,,,,,,,,,,,1.0,1.0,,,,,8713,,,,0.0,,0.0,,0.0
,,,0.17812499403953552,,0.9765625,,,,,,,,,,,1.0,1.0,,,,,8714,,,,0.0,,0.0,,0.0
,,,0.23708513379096985,,0.9954545497894287,,,,,,,,,,,1.0,1.0,,,,,8715,,,,0.0,,0.0,,0.0
,,,0.1083984375,,0.9921875,,,,,,,,,,,1.0,1.0,,,,,8716,,,,0.0,,0.0,,0.0
,,,0.0911458358168602,,0.9921875,,,,,,,,,,,1.0,1.0,,,,,8717,,,,0.0,,0.0,,0.0
,,,0.1962963044643402,,0.9953703880310059,,,,,,,,,,,1.0,1.0,,,,,8718,,,,0.0,,0.0,,0.0
,,,0.1305803507566452,,0.9921875,,,,,,,,,,,1.0,1.0,,,,,8719,,,,0.0,,0.0,,0.0
,,,0.18593749403953552,,1.0,,,,,,,,,,,1.0,1.0,,,,,8720,,,,0.0,,0.0,,0.0
,,,0.3673895597457886,,0.9708166122436523,,,,,,,,,,,1.0,1.0,,,,,8721,,,,0.0,,0.0,,0.0
,,,0.140625,,0.9609375,,,,,,,,,,,1.0,1.0,,,,,8722,,,,0.0,,0.0,,0.0
,,,0.125,,0.96875,,,,,,,,,,,1.0,1.0,,,,,8723,,,,0.0,,0.0,,0.0
,,,0.19957983493804932,,0.9901961088180542,,,,,,,,,,,1.0,1.0,,,,,8724,,,,0.0,,0.0,,0.0
,,,0.1037946417927742,,0.953125,,,,,,,,,,,1.0,1.0,,,,,8725,,,,0.0,,0.0,,0.0
,,,0.0869140625,,0.9609375,,,,,,,,,,,1.0,1.0,,,,,8726,,,,0.0,,0.0,,0.0
,,,0.21214008331298828,,0.9767441749572754,,,,,,,,,,,1.0,1.0,,,,,8727,,,,0.0,,0.0,,0.0
,,,0.1471354216337204,,0.984375,,,,,,,,,,,1.0,1.0,,,,,8728,,,,0.0,,0.0,,0.0
,,,0.18281249701976776,,0.9921875,,,,,,,,,,,1.0,1.0,,,,,8729,,,,0.0,,0.0,,0.0
,,,0.30927836894989014,,1.0,,,,,,,,,,,1.0,1.0,,,,,8730,,,,0.0,,0.0,,0.0
,,,0.1064453125,,0.984375,,,,,,,,,,,1.0,1.0,,,,,8731,,,,0.0,,0.0,,0.0
,,,0.1025390625,,0.953125,,,,,,,,,,,1.0,1.0,,,,,8732,,,,0.0,,0.0,,0.0
,,,0.2399553656578064,,1.0,,,,,,,,,,,1.0,1.0,,,,,8733,,,,0.0,,0.0,,0.0
,,,0.1497395783662796,,0.9921875,,,,,,,,,,,1.0,1.0,,,,,8734,,,,0.0,,0.0,,0.0
,,,0.18437500298023224,,0.9921875,,,,,,,,,,,1.0,1.0,,,,,8735,,,,0.0,,0.0,,0.0
,,,0.2570577561855316,,0.995726466178894,,,,,,,,,,,1.0,1.0,,,,,8736,,,,0.0,,0.0,,0.0
,,,0.13671875,,0.9921875,,,,,,,,,,,1.0,1.0,,,,,8737,,,,0.0,,0.0,,0.0
,,,0.0947265625,,0.9921875,,,,,,,,,,,1.0,1.0,,,,,8738,,,,0.0,,0.0,,0.0
,,,0.13385826349258423,,0.9763779640197754,,,,,,,,,,,1.0,1.0,,,,,8739,,,,0.0,,0.0,,0.0
94,0.8408234119415283,0.8604922890663147,,0.9840731024742126,,,,,,,,,,,,,,215.64846801757812,24994.236328125,5.373649597167969,348.9194641113281,20994,,,0.0,,0.0,,0.0,
94,,,,,,0.23371949791908264,,0.3963426351547241,,8.131115913391113,,,,,,,,,,,,20994,0.5176590085029602,,,,,,,
,,,,,,,,,,,,,,0.03,0.0004,,,,,,,20999,,,,,,,,
95,,,,,,,0.23309388756752014,,0.40765443444252014,,8.7265625,0.00039999998989515007,0.029999999329447746,,,1.0,1.0,,,,,20999,,0.5463583469390869,,,,,,
,,,,,,,,,,,,,,0.03,0.0004,,,,,,,21049,,,,,,,,
95,,,,,,,0.2555620074272156,,0.4175493121147156,,8.1015625,0.00039999998989515007,0.029999999329447746,,,1.0,1.0,,,,,21049,,0.5822333097457886,,,,,,
,,,,,,,,,,,,,,0.03,0.0004,,,,,,,21099,,,,,,,,
95,,,,,,,0.21842315793037415,,0.37821319699287415,,7.9921875,0.00039999998989515007,0.029999999329447746,,,1.0,1.0,,,,,21099,,0.47537821531295776,,,,,,
,,,,,,,,,,,,,,0.03,0.0004,,,,,,,21149,,,,,,,,
95,,,,,,,0.24018442630767822,,0.3926502466201782,,7.625,0.00039999998989515007,0.029999999329447746,,,1.0,1.0,,,,,21149,,0.43925851583480835,,,,,,
,,,,,,,,,,,,,,0.03,0.0004,,,,,,,21199,,,,,,,,
95,,,,,,,0.24694596230983734,,0.39941179752349854,,7.62109375,0.00039999998989515007,0.029999999329447746,,,1.0,1.0,,,,,21199,,0.4421817660331726,,,,,,
,,,0.1549479216337204,,0.9921875,,,,,,,,,,,1.0,1.0,,,,,8740,,,,0.0,,0.0,,0.0
,,,0.1875,,1.0,,,,,,,,,,,1.0,1.0,,,,,8741,,,,0.0,,0.0,,0.0
,,,0.23299413919448853,,0.9814814925193787,,,,,,,,,,,1.0,1.0,,,,,8742,,,,0.0,,0.0,,0.0
,,,0.1328125,,0.9765625,,,,,,,,,,,1.0,1.0,,,,,8743,,,,0.0,,0.0,,0.0
,,,0.15234375,,0.984375,,,,,,,,,,,1.0,1.0,,,,,8744,,,,0.0,,0.0,,0.0
,,,0.17200854420661926,,0.9647436141967773,,,,,,,,,,,1.0,1.0,,,,,8745,,,,0.0,,0.0,,0.0
,,,0.0711805522441864,,0.96875,,,,,,,,,,,1.0,1.0,,,,,8746,,,,0.0,,0.0,,0.0
,,,0.06015624850988388,,0.9765625,,,,,,,,,,,1.0,1.0,,,,,8747,,,,0.0,,0.0,,0.0
,,,0.14957118034362793,,0.9905660152435303,,,,,,,,,,,1.0,1.0,,,,,8748,,,,0.0,,0.0,,0.0
,,,0.125,,0.9921875,,,,,,,,,,,1.0,1.0,,,,,8749,,,,0.0,,0.0,,0.0
,,,0.18125000596046448,,0.9765625,,,,,,,,,,,1.0,1.0,,,,,8750,,,,0.0,,0.0,,0.0
,,,0.1227678582072258,,0.9921875,,,,,,,,,,,1.0,1.0,,,,,8751,,,,0.0,,0.0,,0.0
,,,0.17007407546043396,,0.9760000109672546,,,,,,,,,,,1.0,1.0,,,,,8752,,,,0.0,,0.0,,0.0
,,,0.109375,,0.9765625,,,,,,,,,,,1.0,1.0,,,,,8753,,,,0.0,,0.0,,0.0
,,,0.1283482164144516,,0.953125,,,,,,,,,,,1.0,1.0,,,,,8754,,,,0.0,,0.0,,0.0
,,,0.19724556803703308,,1.0,,,,,,,,,,,1.0,1.0,,,,,8755,,,,0.0,,0.0,,0.0
,,,0.0959821417927742,,0.9765625,,,,,,,,,,,1.0,1.0,,,,,8756,,,,0.0,,0.0,,0.0
,,,0.0869140625,,0.9765625,,,,,,,,,,,1.0,1.0,,,,,8757,,,,0.0,,0.0,,0.0
,,,0.1790524274110794,,0.9940476417541504,,,,,,,,,,,1.0,1.0,,,,,8758,,,,0.0,,0.0,,0.0
,,,0.0859375,,0.984375,,,,,,,,,,,1.0,1.0,,,,,8759,,,,0.0,,0.0,,0.0
,,,0.1142578125,,0.9765625,,,,,,,,,,,1.0,1.0,,,,,8760,,,,0.0,,0.0,,0.0
,,,0.21528643369674683,,0.9818181991577148,,,,,,,,,,,1.0,1.0,,,,,8761,,,,0.0,,0.0,,0.0
,,,0.1272321492433548,,0.984375,,,,,,,,,,,1.0,1.0,,,,,8762,,,,0.0,,0.0,,0.0
,,,0.11328125,,0.9765625,,,,,,,,,,,1.0,1.0,,,,,8763,,,,0.0,,0.0,,0.0
,,,0.20311987400054932,,0.9913793206214905,,,,,,,,,,,1.0,1.0,,,,,8764,,,,0.0,,0.0,,0.0
,,,0.18906250596046448,,0.9921875,,,,,,,,,,,1.0,1.0,,,,,8765,,,,0.0,,0.0,,0.0
,,,0.16015625,,1.0,,,,,,,,,,,1.0,1.0,,,,,8766,,,,0.0,,0.0,,0.0
,,,0.25922730565071106,,1.0,,,,,,,,,,,1.0,1.0,,,,,8767,,,,0.0,,0.0,,0.0
,,,0.1588541716337204,,1.0,,,,,,,,,,,1.0,1.0,,,,,8768,,,,0.0,,0.0,,0.0
,,,0.09375,,0.984375,,,,,,,,,,,1.0,1.0,,,,,8769,,,,0.0,,0.0,,0.0
,,,0.22359780967235565,,0.9941176176071167,,,,,,,,,,,1.0,1.0,,,,,8770,,,,0.0,,0.0,,0.0
,,,0.15234375,,0.9921875,,,,,,,,,,,1.0,1.0,,,,,8771,,,,0.0,,0.0,,0.0
,,,0.18593749403953552,,1.0,,,,,,,,,,,1.0,1.0,,,,,8772,,,,0.0,,0.0,,0.0
,,,0.2636171579360962,,0.9785714149475098,,,,,,,,,,,1.0,1.0,,,,,8773,,,,0.0,,0.0,,0.0
,,,0.18593749403953552,,0.984375,,,,,,,,,,,1.0,1.0,,,,,8774,,,,0.0,,0.0,,0.0
,,,0.1875,,0.9765625,,,,,,,,,,,1.0,1.0,,,,,8775,,,,0.0,,0.0,,0.0
,,,0.16154201328754425,,0.9686812162399292,,,,,,,,,,,1.0,1.0,,,,,8776,,,,0.0,,0.0,,0.0
,,,0.06406249850988388,,0.984375,,,,,,,,,,,1.0,1.0,,,,,8777,,,,0.0,,0.0,,0.0
,,,0.0625,,0.9765625,,,,,,,,,,,1.0,1.0,,,,,8778,,,,0.0,,0.0,,0.0
,,,0.14810745418071747,,0.9920635223388672,,,,,,,,,,,1.0,1.0,,,,,8779,,,,0.0,,0.0,,0.0
,,,0.1458333283662796,,1.0,,,,,,,,,,,1.0,1.0,,,,,8780,,,,0.0,,0.0,,0.0
,,,0.1497395783662796,,0.9765625,,,,,,,,,,,1.0,1.0,,,,,8781,,,,0.0,,0.0,,0.0
,,,0.21875,,0.9568182229995728,,,,,,,,,,,1.0,1.0,,,,,8782,,,,0.0,,0.0,,0.0
,,,0.0972222238779068,,0.9609375,,,,,,,,,,,1.0,1.0,,,,,8783,,,,0.0,,0.0,,0.0
,,,0.11328125,,0.96875,,,,,,,,,,,1.0,1.0,,,,,8784,,,,0.0,,0.0,,0.0
,,,0.17681825160980225,,0.9893617033958435,,,,,,,,,,,1.0,1.0,,,,,8785,,,,0.0,,0.0,,0.0
,,,0.1158854141831398,,0.984375,,,,,,,,,,,1.0,1.0,,,,,8786,,,,0.0,,0.0,,0.0
,,,0.0772569477558136,,0.9765625,,,,,,,,,,,1.0,1.0,,,,,8787,,,,0.0,,0.0,,0.0
,,,0.1015625,,1.0,,,,,,,,,,,1.0,1.0,,,,,8788,,,,0.0,,0.0,,0.0
,,,0.09973753243684769,,0.9921259880065918,,,,,,,,,,,1.0,1.0,,,,,8789,,,,0.0,,0.0,,0.0
,,,0.1510416716337204,,0.984375,,,,,,,,,,,1.0,1.0,,,,,8790,,,,0.0,,0.0,,0.0
,,,0.109375,,0.9765625,,,,,,,,,,,1.0,1.0,,,,,8791,,,,0.0,,0.0,,0.0
,,,0.22577998042106628,,1.0,,,,,,,,,,,1.0,1.0,,,,,8792,,,,0.0,,0.0,,0.0
,,,0.1064453125,,0.9765625,,,,,,,,,,,1.0,1.0,,,,,8793,,,,0.0,,0.0,,0.0
,,,0.1305803507566452,,0.9921875,,,,,,,,,,,1.0,1.0,,,,,8794,,,,0.0,,0.0,,0.0
,,,0.2262101173400879,,0.9950494766235352,,,,,,,,,,,1.0,1.0,,,,,8795,,,,0.0,,0.0,,0.0
,,,0.2421875,,0.9921875,,,,,,,,,,,1.0,1.0,,,,,8796,,,,0.0,,0.0,,0.0
,,,0.1328125,,1.0,,,,,,,,,,,1.0,1.0,,,,,8797,,,,0.0,,0.0,,0.0
,,,0.375,,1.0,,,,,,,,,,,1.0,1.0,,,,,8798,,,,0.0,,0.0,,0.0
,,,0.1549479216337204,,0.9921875,,,,,,,,,,,1.0,1.0,,,,,8799,,,,0.0,,0.0,,0.0
,,,0.111328125,,0.9921875,,,,,,,,,,,1.0,1.0,,,,,8800,,,,0.0,,0.0,,0.0
,,,0.3503875732421875,,1.0,,,,,,,,,,,1.0,1.0,,,,,8801,,,,0.0,,0.0,,0.0
,,,0.18437500298023224,,0.9921875,,,,,,,,,,,1.0,1.0,,,,,8802,,,,0.0,,0.0,,0.0
,,,0.1316964328289032,,1.0,,,,,,,,,,,1.0,1.0,,,,,8803,,,,0.0,,0.0,,0.0
,,,0.32005900144577026,,0.9778760671615601,,,,,,,,,,,1.0,1.0,,,,,8804,,,,0.0,,0.0,,0.0
,,,0.1305803507566452,,0.9921875,,,,,,,,,,,1.0,1.0,,,,,8805,,,,0.0,,0.0,,0.0
,,,0.1536458283662796,,0.96875,,,,,,,,,,,1.0,1.0,,,,,8806,,,,0.0,,0.0,,0.0
,,,0.18030303716659546,,0.9863636493682861,,,,,,,,,,,1.0,1.0,,,,,8807,,,,0.0,,0.0,,0.0
,,,0.06093750149011612,,0.9765625,,,,,,,,,,,1.0,1.0,,,,,8808,,,,0.0,,0.0,,0.0
,,,0.05937499925494194,,0.984375,,,,,,,,,,,1.0,1.0,,,,,8809,,,,0.0,,0.0,,0.0
,,,0.1769547462463379,,1.0,,,,,,,,,,,1.0,1.0,,,,,8810,,,,0.0,,0.0,,0.0
,,,0.17656250298023224,,0.984375,,,,,,,,,,,1.0,1.0,,,,,8811,,,,0.0,,0.0,,0.0
,,,0.18125000596046448,,0.9921875,,,,,,,,,,,1.0,1.0,,,,,8812,,,,0.0,,0.0,,0.0
,,,0.21572959423065186,,0.9647924900054932,,,,,,,,,,,1.0,1.0,,,,,8813,,,,0.0,,0.0,,0.0
,,,0.1103515625,,0.96875,,,,,,,,,,,1.0,1.0,,,,,8814,,,,0.0,,0.0,,0.0
,,,0.1142578125,,0.96875,,,,,,,,,,,1.0,1.0,,,,,8815,,,,0.0,,0.0,,0.0
,,,0.17378264665603638,,0.9901961088180542,,,,,,,,,,,1.0,1.0,,,,,8816,,,,0.0,,0.0,,0.0
,,,0.1158854141831398,,0.9765625,,,,,,,,,,,1.0,1.0,,,,,8817,,,,0.0,,0.0,,0.0
,,,0.0772569477558136,,0.9921875,,,,,,,,,,,1.0,1.0,,,,,8818,,,,0.0,,0.0,,0.0
,,,0.24070557951927185,,1.0,,,,,,,,,,,1.0,1.0,,,,,8819,,,,0.0,,0.0,,0.0
,,,0.08515624701976776,,0.9765625,,,,,,,,,,,1.0,1.0,,,,,8820,,,,0.0,,0.0,,0.0
,,,0.1536458283662796,,0.9765625,,,,,,,,,,,1.0,1.0,,,,,8821,,,,0.0,,0.0,,0.0
,,,0.30756014585494995,,0.9896907210350037,,,,,,,,,,,1.0,1.0,,,,,8822,,,,0.0,,0.0,,0.0
,,,0.1272321492433548,,1.0,,,,,,,,,,,1.0,1.0,,,,,8823,,,,0.0,,0.0,,0.0
,,,0.10546875,,0.9609375,,,,,,,,,,,1.0,1.0,,,,,8824,,,,0.0,,0.0,,0.0
,,,0.3214285671710968,,1.0,,,,,,,,,,,1.0,1.0,,,,,8825,,,,0.0,,0.0,,0.0
,,,0.18593749403953552,,0.9921875,,,,,,,,,,,1.0,1.0,,,,,8826,,,,0.0,,0.0,,0.0
,,,0.1575520783662796,,0.9921875,,,,,,,,,,,1.0,1.0,,,,,8827,,,,0.0,,0.0,,0.0
,,,0.28075629472732544,,1.0,,,,,,,,,,,1.0,1.0,,,,,8828,,,,0.0,,0.0,,0.0
,,,0.1875,,1.0,,,,,,,,,,,1.0,1.0,,,,,8829,,,,0.0,,0.0,,0.0
,,,0.1283482164144516,,0.9921875,,,,,,,,,,,1.0,1.0,,,,,8830,,,,0.0,,0.0,,0.0
,,,0.12373453378677368,,0.9921259880065918,,,,,,,,,,,1.0,1.0,,,,,8831,,,,0.0,,0.0,,0.0
95,0.8406357765197754,0.8546645641326904,,0.984917402267456,,,,,,,,,,,,,,217.72755432128906,25828.0546875,5.383244514465332,347.8821105957031,21215,,,0.0,,0.0,,0.0,
95,,,,,,0.23251822590827942,,0.3947182297706604,,8.109851837158203,,,,,,,,,,,,21215,0.5097411870956421,,,,,,,
,,,,,,,,,,,,,,0.03,0.0004,,,,,,,21249,,,,,,,,
96,,,,,,,0.23910048604011536,,0.40694716572761536,,8.390625,0.00039999998989515007,0.029999999329447746,,,1.0,1.0,,,,,21249,,0.6401419639587402,,,,,,
,,,,,,,,,,,,,,0.03,0.0004,,,,,,,21299,,,,,,,,
96,,,,,,,0.21302881836891174,,0.38136377930641174,,8.4140625,0.00039999998989515007,0.029999999329447746,,,1.0,1.0,,,,,21299,,0.5290433168411255,,,,,,
,,,,,,,,,,,,,,0.03,0.0004,,,,,,,21349,,,,,,,,
96,,,,,,,0.2201932966709137,,0.3848661482334137,,8.234375,0.00039999998989515007,0.029999999329447746,,,1.0,1.0,,,,,21349,,0.49052250385284424,,,,,,
,,,,,,,,,,,,,,0.03,0.0004,,,,,,,21399,,,,,,,,
96,,,,,,,0.21862703561782837,,0.37670809030532837,,7.90625,0.00039999998989515007,0.029999999329447746,,,1.0,1.0,,,,,21399,,0.2862633764743805,,,,,,
,,,0.17031249403953552,,0.9921875,,,,,,,,,,,1.0,1.0,,,,,8832,,,,0.0,,0.0,,0.0
,,,0.1796875,,1.0,,,,,,,,,,,1.0,1.0,,,,,8833,,,,0.0,,0.0,,0.0
,,,0.19610479474067688,,0.9715805053710938,,,,,,,,,,,1.0,1.0,,,,,8834,,,,0.0,,0.0,,0.0
,,,0.18437500298023224,,0.9765625,,,,,,,,,,,1.0,1.0,,,,,8835,,,,0.0,,0.0,,0.0
,,,0.22265625,,0.9921875,,,,,,,,,,,1.0,1.0,,,,,8836,,,,0.0,,0.0,,0.0
,,,0.25,,0.990384578704834,,,,,,,,,,,1.0,1.0,,,,,8837,,,,0.0,,0.0,,0.0
,,,0.111328125,,1.0,,,,,,,,,,,1.0,1.0,,,,,8838,,,,0.0,,0.0,,0.0
,,,0.1064453125,,1.0,,,,,,,,,,,1.0,1.0,,,,,8839,,,,0.0,,0.0,,0.0
,,,0.17126929759979248,,0.9952830076217651,,,,,,,,,,,1.0,1.0,,,,,8840,,,,0.0,,0.0,,0.0
,,,0.1350446492433548,,1.0,,,,,,,,,,,1.0,1.0,,,,,8841,,,,0.0,,0.0,,0.0
,,,0.1123046875,,0.9765625,,,,,,,,,,,1.0,1.0,,,,,8842,,,,0.0,,0.0,,0.0
,,,0.1796875,,0.9921875,,,,,,,,,,,1.0,1.0,,,,,8843,,,,0.0,,0.0,,0.0
,,,0.22095239162445068,,0.9839999675750732,,,,,,,,,,,1.0,1.0,,,,,8844,,,,0.0,,0.0,,0.0
,,,0.17499999701976776,,0.96875,,,,,,,,,,,1.0,1.0,,,,,8845,,,,0.0,,0.0,,0.0
,,,0.125,,0.96875,,,,,,,,,,,1.0,1.0,,,,,8846,,,,0.0,,0.0,,0.0
,,,0.17532938718795776,,1.0,,,,,,,,,,,1.0,1.0,,,,,8847,,,,0.0,,0.0,,0.0
,,,0.1082589253783226,,0.9765625,,,,,,,,,,,1.0,1.0,,,,,8848,,,,0.0,,0.0,,0.0
,,,0.0927734375,,0.9921875,,,,,,,,,,,1.0,1.0,,,,,8849,,,,0.0,,0.0,,0.0
,,,0.24799010157585144,,0.9826840162277222,,,,,,,,,,,1.0,1.0,,,,,8850,,,,0.0,,0.0,,0.0
,,,0.1238839253783226,,0.984375,,,,,,,,,,,1.0,1.0,,,,,8851,,,,0.0,,0.0,,0.0
,,,0.1497395783662796,,0.984375,,,,,,,,,,,1.0,1.0,,,,,8852,,,,0.0,,0.0,,0.0
,,,0.2923619747161865,,1.0,,,,,,,,,,,1.0,1.0,,,,,8853,,,,0.0,,0.0,,0.0
,,,0.1216517835855484,,0.9765625,,,,,,,,,,,1.0,1.0,,,,,8854,,,,0.0,,0.0,,0.0
,,,0.1261160671710968,,0.96875,,,,,,,,,,,1.0,1.0,,,,,8855,,,,0.0,,0.0,,0.0
,,,0.23208127915859222,,1.0,,,,,,,,,,,1.0,1.0,,,,,8856,,,,0.0,,0.0,,0.0
,,,0.1875,,0.9921875,,,,,,,,,,,1.0,1.0,,,,,8857,,,,0.0,,0.0,,0.0
,,,0.18125000596046448,,1.0,,,,,,,,,,,1.0,1.0,,,,,8858,,,,0.0,,0.0,,0.0
,,,0.21641510725021362,,1.0,,,,,,,,,,,1.0,1.0,,,,,8859,,,,0.0,,0.0,,0.0
,,,0.1171875,,0.984375,,,,,,,,,,,1.0,1.0,,,,,8860,,,,0.0,,0.0,,0.0
,,,0.0986328125,,0.9609375,,,,,,,,,,,1.0,1.0,,,,,8861,,,,0.0,,0.0,,0.0
,,,0.198700413107872,,0.9764705896377563,,,,,,,,,,,1.0,1.0,,,,,8862,,,,0.0,,0.0,,0.0
,,,0.13671875,,0.984375,,,,,,,,,,,1.0,1.0,,,,,8863,,,,0.0,,0.0,,0.0
,,,0.1064453125,,0.984375,,,,,,,,,,,1.0,1.0,,,,,8864,,,,0.0,,0.0,,0.0
,,,0.21988916397094727,,0.985714316368103,,,,,,,,,,,1.0,1.0,,,,,8865,,,,0.0,,0.0,,0.0
,,,0.1796875,,0.984375,,,,,,,,,,,1.0,1.0,,,,,8866,,,,0.0,,0.0,,0.0
,,,0.18125000596046448,,0.984375,,,,,,,,,,,1.0,1.0,,,,,8867,,,,0.0,,0.0,,0.0
,,,0.24992135167121887,,0.9836065769195557,,,,,,,,,,,1.0,1.0,,,,,8868,,,,0.0,,0.0,,0.0
,,,0.109375,,0.9921875,,,,,,,,,,,1.0,1.0,,,,,8869,,,,0.0,,0.0,,0.0
,,,0.0946180522441864,,0.9921875,,,,,,,,,,,1.0,1.0,,,,,8870,,,,0.0,,0.0,,0.0
,,,0.17479854822158813,,1.0,,,,,,,,,,,1.0,1.0,,,,,8871,,,,0.0,,0.0,,0.0
,,,0.1549479216337204,,1.0,,,,,,,,,,,1.0,1.0,,,,,8872,,,,0.0,,0.0,,0.0
,,,0.18437500298023224,,0.984375,,,,,,,,,,,1.0,1.0,,,,,8873,,,,0.0,,0.0,,0.0
,,,0.3034090995788574,,0.969318151473999,,,,,,,,,,,1.0,1.0,,,,,8874,,,,0.0,,0.0,,0.0
,,,0.1497395783662796,,0.9765625,,,,,,,,,,,1.0,1.0,,,,,8875,,,,0.0,,0.0,,0.0
,,,0.1471354216337204,,0.96875,,,,,,,,,,,1.0,1.0,,,,,8876,,,,0.0,,0.0,,0.0
,,,0.1875782310962677,,0.9893617033958435,,,,,,,,,,,1.0,1.0,,,,,8877,,,,0.0,,0.0,,0.0
,,,0.0927734375,,0.9921875,,,,,,,,,,,1.0,1.0,,,,,8878,,,,0.0,,0.0,,0.0
,,,0.0807291641831398,,0.9921875,,,,,,,,,,,1.0,1.0,,,,,8879,,,,0.0,,0.0,,0.0
,,,0.1005859375,,1.0,,,,,,,,,,,1.0,1.0,,,,,8880,,,,0.0,,0.0,,0.0
,,,0.27221596240997314,,0.9881889820098877,,,,,,,,,,,1.0,1.0,,,,,8881,,,,0.0,,0.0,,0.0
,,,0.1261160671710968,,0.984375,,,,,,,,,,,1.0,1.0,,,,,8882,,,,0.0,,0.0,,0.0
,,,0.21875,,0.9921875,,,,,,,,,,,1.0,1.0,,,,,8883,,,,0.0,,0.0,,0.0
,,,0.1964798867702484,,0.9913793206214905,,,,,,,,,,,1.0,1.0,,,,,8884,,,,0.0,,0.0,,0.0
,,,0.1380208283662796,,0.96875,,,,,,,,,,,1.0,1.0,,,,,8885,,,,0.0,,0.0,,0.0
,,,0.1294642835855484,,0.9921875,,,,,,,,,,,1.0,1.0,,,,,8886,,,,0.0,,0.0,,0.0
,,,0.2691078782081604,,1.0,,,,,,,,,,,1.0,1.0,,,,,8887,,,,0.0,,0.0,,0.0
,,,0.19062499701976776,,0.9921875,,,,,,,,,,,1.0,1.0,,,,,8888,,,,0.0,,0.0,,0.0
,,,0.1484375,,1.0,,,,,,,,,,,1.0,1.0,,,,,8889,,,,0.0,,0.0,,0.0
,,,0.2864583432674408,,0.9895833730697632,,,,,,,,,,,1.0,1.0,,,,,8890,,,,0.0,,0.0,,0.0
,,,0.1005859375,,0.9765625,,,,,,,,,,,1.0,1.0,,,,,8891,,,,0.0,,0.0,,0.0
,,,0.1005859375,,0.984375,,,,,,,,,,,1.0,1.0,,,,,8892,,,,0.0,,0.0,,0.0
,,,0.223382368683815,,0.9642857313156128,,,,,,,,,,,1.0,1.0,,,,,8893,,,,0.0,,0.0,,0.0
,,,0.1194196417927742,,0.9921875,,,,,,,,,,,1.0,1.0,,,,,8894,,,,0.0,,0.0,,0.0
,,,0.1044921875,,0.984375,,,,,,,,,,,1.0,1.0,,,,,8895,,,,0.0,,0.0,,0.0
,,,0.2948869466781616,,0.982300877571106,,,,,,,,,,,1.0,1.0,,,,,8896,,,,0.0,,0.0,,0.0
,,,0.18281249701976776,,1.0,,,,,,,,,,,1.0,1.0,,,,,8897,,,,0.0,,0.0,,0.0
,,,0.17812499403953552,,0.9765625,,,,,,,,,,,1.0,1.0,,,,,8898,,,,0.0,,0.0,,0.0
,,,0.17923679947853088,,1.0,,,,,,,,,,,1.0,1.0,,,,,8899,,,,0.0,,0.0,,0.0
,,,0.0963541641831398,,0.9921875,,,,,,,,,,,1.0,1.0,,,,,8900,,,,0.0,,0.0,,0.0
,,,0.0911458358168602,,0.9921875,,,,,,,,,,,1.0,1.0,,,,,8901,,,,0.0,,0.0,,0.0
,,,0.2231481522321701,,1.0,,,,,,,,,,,1.0,1.0,,,,,8902,,,,0.0,,0.0,,0.0
,,,0.1142578125,,0.9921875,,,,,,,,,,,1.0,1.0,,,,,8903,,,,0.0,,0.0,,0.0
,,,0.234375,,0.9921875,,,,,,,,,,,1.0,1.0,,,,,8904,,,,0.0,,0.0,,0.0
,,,0.3027666211128235,,0.9768407344818115,,,,,,,,,,,1.0,1.0,,,,,8905,,,,0.0,,0.0,,0.0
,,,0.1796875,,0.9765625,,,,,,,,,,,1.0,1.0,,,,,8906,,,,0.0,,0.0,,0.0
,,,0.1510416716337204,,0.96875,,,,,,,,,,,1.0,1.0,,,,,8907,,,,0.0,,0.0,,0.0
,,,0.19550547003746033,,0.9901961088180542,,,,,,,,,,,1.0,1.0,,,,,8908,,,,0.0,,0.0,,0.0
,,,0.0947265625,,0.984375,,,,,,,,,,,1.0,1.0,,,,,8909,,,,0.0,,0.0,,0.0
,,,0.09375,,0.984375,,,,,,,,,,,1.0,1.0,,,,,8910,,,,0.0,,0.0,,0.0
,,,0.21643134951591492,,1.0,,,,,,,,,,,1.0,1.0,,,,,8911,,,,0.0,,0.0,,0.0
,,,0.1216517835855484,,0.96875,,,,,,,,,,,1.0,1.0,,,,,8912,,,,0.0,,0.0,,0.0
,,,0.17812499403953552,,0.9921875,,,,,,,,,,,1.0,1.0,,,,,8913,,,,0.0,,0.0,,0.0
,,,0.37113404273986816,,0.9948453903198242,,,,,,,,,,,1.0,1.0,,,,,8914,,,,0.0,,0.0,,0.0
,,,0.107421875,,0.9765625,,,,,,,,,,,1.0,1.0,,,,,8915,,,,0.0,,0.0,,0.0
,,,0.1194196417927742,,0.96875,,,,,,,,,,,1.0,1.0,,,,,8916,,,,0.0,,0.0,,0.0
,,,0.3229166865348816,,1.0,,,,,,,,,,,1.0,1.0,,,,,8917,,,,0.0,,0.0,,0.0
,,,0.18437500298023224,,0.9921875,,,,,,,,,,,1.0,1.0,,,,,8918,,,,0.0,,0.0,,0.0
,,,0.15234375,,1.0,,,,,,,,,,,1.0,1.0,,,,,8919,,,,0.0,,0.0,,0.0
,,,0.2599067687988281,,1.0,,,,,,,,,,,1.0,1.0,,,,,8920,,,,0.0,,0.0,,0.0
,,,0.16875000298023224,,0.9765625,,,,,,,,,,,1.0,1.0,,,,,8921,,,,0.0,,0.0,,0.0
,,,0.1005859375,,0.9765625,,,,,,,,,,,1.0,1.0,,,,,8922,,,,0.0,,0.0,,0.0
,,,0.11248593777418137,,0.9685039520263672,,,,,,,,,,,1.0,1.0,,,,,8923,,,,0.0,,0.0,,0.0
96,0.846866250038147,0.86434006690979,,0.9861602783203125,,,,,,,,,,,,,,216.00146484375,24008.927734375,5.3752851486206055,349.97015380859375,21436,,,0.0,,0.0,,0.0,
96,,,,,,0.23071037232875824,,0.3933162987232208,,8.13056755065918,,,,,,,,,,,,21436,0.48919621109962463,,,,,,,
,,,,,,,,,,,,,,0.03,0.0004,,,,,,,21449,,,,,,,,
97,,,,,,,0.24166008830070496,,0.41060540080070496,,8.4453125,0.00039999998989515007,0.029999999329447746,,,1.0,1.0,,,,,21449,,0.6335493326187134,,,,,,
,,,,,,,,,,,,,,0.03,0.0004,,,,,,,21499,,,,,,,,
97,,,,,,,0.20776283740997314,,0.36498939990997314,,7.859375,0.00039999998989515007,0.029999999329447746,,,1.0,1.0,,,,,21499,,0.4399361312389374,,,,,,
,,,,,,,,,,,,,,0.03,0.0004,,,,,,,21549,,,,,,,,
97,,,,,,,0.216402068734169,,0.3786334991455078,,8.109375,0.00039999998989515007,0.029999999329447746,,,1.0,1.0,,,,,21549,,0.44431203603744507,,,,,,
,,,,,,,,,,,,,,0.03,0.0004,,,,,,,21599,,,,,,,,
97,,,,,,,0.2290036678314209,,0.3913571834564209,,8.1171875,0.00039999998989515007,0.029999999329447746,,,1.0,1.0,,,,,21599,,0.4090014398097992,,,,,,
,,,,,,,,,,,,,,0.03,0.0004,,,,,,,21649,,,,,,,,
97,,,,,,,0.2180790901184082,,0.3797001838684082,,8.078125,0.00039999998989515007,0.029999999329447746,,,1.0,1.0,,,,,21649,,0.615647554397583,,,,,,
,,,0.15234375,,1.0,,,,,,,,,,,1.0,1.0,,,,,8924,,,,0.0,,0.0,,0.0
,,,0.23046875,,1.0,,,,,,,,,,,1.0,1.0,,,,,8925,,,,0.0,,0.0,,0.0
,,,0.2620357275009155,,1.0,,,,,,,,,,,1.0,1.0,,,,,8926,,,,0.0,,0.0,,0.0
,,,0.18906250596046448,,0.9765625,,,,,,,,,,,1.0,1.0,,,,,8927,,,,0.0,,0.0,,0.0
,,,0.115234375,,0.9921875,,,,,,,,,,,1.0,1.0,,,,,8928,,,,0.0,,0.0,,0.0
,,,0.19350960850715637,,0.9695512652397156,,,,,,,,,,,1.0,1.0,,,,,8929,,,,0.0,,0.0,,0.0
,,,0.05703125149011612,,0.96875,,,,,,,,,,,1.0,1.0,,,,,8930,,,,0.0,,0.0,,0.0
,,,0.0546875,,0.9765625,,,,,,,,,,,1.0,1.0,,,,,8931,,,,0.0,,0.0,,0.0
,,,0.1418524980545044,,0.9952830076217651,,,,,,,,,,,1.0,1.0,,,,,8932,,,,0.0,,0.0,,0.0
,,,0.1536458283662796,,0.9921875,,,,,,,,,,,1.0,1.0,,,,,8933,,,,0.0,,0.0,,0.0
,,,0.1796875,,0.9765625,,,,,,,,,,,1.0,1.0,,,,,8934,,,,0.0,,0.0,,0.0
,,,0.1238839253783226,,0.984375,,,,,,,,,,,1.0,1.0,,,,,8935,,,,0.0,,0.0,,0.0
,,,0.22323811054229736,,0.9800000190734863,,,,,,,,,,,1.0,1.0,,,,,8936,,,,0.0,,0.0,,0.0
,,,0.111328125,,0.9765625,,,,,,,,,,,1.0,1.0,,,,,8937,,,,0.0,,0.0,,0.0
,,,0.111328125,,0.96875,,,,,,,,,,,1.0,1.0,,,,,8938,,,,0.0,,0.0,,0.0
,,,0.2685963213443756,,0.9957983493804932,,,,,,,,,,,1.0,1.0,,,,,8939,,,,0.0,,0.0,,0.0
,,,0.1071428582072258,,0.9765625,,,,,,,,,,,1.0,1.0,,,,,8940,,,,0.0,,0.0,,0.0
,,,0.1004464253783226,,1.0,,,,,,,,,,,1.0,1.0,,,,,8941,,,,0.0,,0.0,,0.0
,,,0.18638768792152405,,0.988095223903656,,,,,,,,,,,1.0,1.0,,,,,8942,,,,0.0,,0.0,,0.0
,,,0.08515624701976776,,0.9765625,,,,,,,,,,,1.0,1.0,,,,,8943,,,,0.0,,0.0,,0.0
,,,0.1294642835855484,,0.96875,,,,,,,,,,,1.0,1.0,,,,,8944,,,,0.0,,0.0,,0.0
,,,0.18881970643997192,,0.9658779501914978,,,,,,,,,,,1.0,1.0,,,,,8945,,,,0.0,,0.0,,0.0
,,,0.1025390625,,0.953125,,,,,,,,,,,1.0,1.0,,,,,8946,,,,0.0,,0.0,,0.0
,,,0.107421875,,0.9609375,,,,,,,,,,,1.0,1.0,,,,,8947,,,,0.0,,0.0,,0.0
,,,0.19677066802978516,,0.9699507355690002,,,,,,,,,,,1.0,1.0,,,,,8948,,,,0.0,,0.0,,0.0
,,,0.23828125,,1.0,,,,,,,,,,,1.0,1.0,,,,,8949,,,,0.0,,0.0,,0.0
,,,0.16015625,,1.0,,,,,,,,,,,1.0,1.0,,,,,8950,,,,0.0,,0.0,,0.0
,,,0.26113206148147583,,1.0,,,,,,,,,,,1.0,1.0,,,,,8951,,,,0.0,,0.0,,0.0
,,,0.234375,,1.0,,,,,,,,,,,1.0,1.0,,,,,8952,,,,0.0,,0.0,,0.0
,,,0.1227678582072258,,0.9921875,,,,,,,,,,,1.0,1.0,,,,,8953,,,,0.0,,0.0,,0.0
,,,0.25393787026405334,,0.9882352948188782,,,,,,,,,,,1.0,1.0,,,,,8954,,,,0.0,,0.0,,0.0
,,,0.1458333283662796,,1.0,,,,,,,,,,,1.0,1.0,,,,,8955,,,,0.0,,0.0,,0.0
,,,0.1796875,,0.9921875,,,,,,,,,,,1.0,1.0,,,,,8956,,,,0.0,,0.0,,0.0
,,,0.37133002281188965,,0.9928570985794067,,,,,,,,,,,1.0,1.0,,,,,8957,,,,0.0,,0.0,,0.0
,,,0.18281249701976776,,0.984375,,,,,,,,,,,1.0,1.0,,,,,8958,,,,0.0,,0.0,,0.0
,,,0.1549479216337204,,0.9921875,,,,,,,,,,,1.0,1.0,,,,,8959,,,,0.0,,0.0,,0.0
,,,0.15822526812553406,,0.9686812162399292,,,,,,,,,,,1.0,1.0,,,,,8960,,,,0.0,,0.0,,0.0
,,,0.0677083358168602,,0.984375,,,,,,,,,,,1.0,1.0,,,,,8961,,,,0.0,,0.0,,0.0
,,,0.0590277761220932,,0.9765625,,,,,,,,,,,1.0,1.0,,,,,8962,,,,0.0,,0.0,,0.0
,,,0.1486908197402954,,1.0,,,,,,,,,,,1.0,1.0,,,,,8963,,,,0.0,,0.0,,0.0
,,,0.1484375,,1.0,,,,,,,,,,,1.0,1.0,,,,,8964,,,,0.0,,0.0,,0.0
,,,0.18125000596046448,,0.9765625,,,,,,,,,,,1.0,1.0,,,,,8965,,,,0.0,,0.0,,0.0
,,,0.2235795557498932,,0.9636363983154297,,,,,,,,,,,1.0,1.0,,,,,8966,,,,0.0,,0.0,,0.0
,,,0.1103515625,,0.96875,,,,,,,,,,,1.0,1.0,,,,,8967,,,,0.0,,0.0,,0.0
,,,0.1294642835855484,,0.9765625,,,,,,,,,,,1.0,1.0,,,,,8968,,,,0.0,,0.0,,0.0
,,,0.19258448481559753,,0.97465580701828,,,,,,,,,,,1.0,1.0,,,,,8969,,,,0.0,,0.0,,0.0
,,,0.1060267835855484,,0.984375,,,,,,,,,,,1.0,1.0,,,,,8970,,,,0.0,,0.0,,0.0
,,,0.1060267835855484,,0.984375,,,,,,,,,,,1.0,1.0,,,,,8971,,,,0.0,,0.0,,0.0
,,,0.1060267835855484,,1.0,,,,,,,,,,,1.0,1.0,,,,,8972,,,,0.0,,0.0,,0.0
,,,0.20822396874427795,,0.9763779640197754,,,,,,,,,,,1.0,1.0,,,,,8973,,,,0.0,,0.0,,0.0
,,,0.1272321492433548,,0.984375,,,,,,,,,,,1.0,1.0,,,,,8974,,,,0.0,,0.0,,0.0
,,,0.109375,,0.96875,,,,,,,,,,,1.0,1.0,,,,,8975,,,,0.0,,0.0,,0.0
,,,0.1791187822818756,,0.9123563170433044,,,,,,,,,,,1.0,1.0,,,,,8976,,,,0.0,,0.0,,0.0
,,,0.08124999701976776,,0.9375,,,,,,,,,,,1.0,1.0,,,,,8977,,,,0.0,,0.0,,0.0
,,,0.125,,0.9765625,,,,,,,,,,,1.0,1.0,,,,,8978,,,,0.0,,0.0,,0.0
,,,0.21818849444389343,,0.9580124616622925,,,,,,,,,,,1.0,1.0,,,,,8979,,,,0.0,,0.0,,0.0
,,,0.240234375,,1.0,,,,,,,,,,,1.0,1.0,,,,,8980,,,,0.0,,0.0,,0.0
,,,0.2421875,,1.0,,,,,,,,,,,1.0,1.0,,,,,8981,,,,0.0,,0.0,,0.0
,,,0.2678571343421936,,1.0,,,,,,,,,,,1.0,1.0,,,,,8982,,,,0.0,,0.0,,0.0
,,,0.1549479216337204,,1.0,,,,,,,,,,,1.0,1.0,,,,,8983,,,,0.0,,0.0,,0.0
,,,0.111328125,,0.9921875,,,,,,,,,,,1.0,1.0,,,,,8984,,,,0.0,,0.0,,0.0
,,,0.28423771262168884,,0.988095223903656,,,,,,,,,,,1.0,1.0,,,,,8985,,,,0.0,,0.0,,0.0
,,,0.17812499403953552,,1.0,,,,,,,,,,,1.0,1.0,,,,,8986,,,,0.0,,0.0,,0.0
,,,0.1497395783662796,,0.9921875,,,,,,,,,,,1.0,1.0,,,,,8987,,,,0.0,,0.0,,0.0
,,,0.37250736355781555,,0.9867256879806519,,,,,,,,,,,1.0,1.0,,,,,8988,,,,0.0,,0.0,,0.0
,,,0.1549479216337204,,1.0,,,,,,,,,,,1.0,1.0,,,,,8989,,,,0.0,,0.0,,0.0
,,,0.18437500298023224,,0.9765625,,,,,,,,,,,1.0,1.0,,,,,8990,,,,0.0,,0.0,,0.0
,,,0.15723904967308044,,0.9863636493682861,,,,,,,,,,,1.0,1.0,,,,,8991,,,,0.0,,0.0,,0.0
,,,0.05781250074505806,,0.9765625,,,,,,,,,,,1.0,1.0,,,,,8992,,,,0.0,,0.0,,0.0
,,,0.0576171875,,0.9921875,,,,,,,,,,,1.0,1.0,,,,,8993,,,,0.0,,0.0,,0.0
,,,0.1849537044763565,,1.0,,,,,,,,,,,1.0,1.0,,,,,8994,,,,0.0,,0.0,,0.0
,,,0.17812499403953552,,0.984375,,,,,,,,,,,1.0,1.0,,,,,8995,,,,0.0,,0.0,,0.0
,,,0.1272321492433548,,0.984375,,,,,,,,,,,1.0,1.0,,,,,8996,,,,0.0,,0.0,,0.0
,,,0.2933511734008789,,0.9768407344818115,,,,,,,,,,,1.0,1.0,,,,,8997,,,,0.0,,0.0,,0.0
,,,0.1123046875,,0.96875,,,,,,,,,,,1.0,1.0,,,,,8998,,,,0.0,,0.0,,0.0
,,,0.0989583358168602,,0.9609375,,,,,,,,,,,1.0,1.0,,,,,8999,,,,0.0,,0.0,,0.0
,,,0.22157955169677734,,0.983702540397644,,,,,,,,,,,1.0,1.0,,,,,9000,,,,0.0,,0.0,,0.0
,,,0.1049107164144516,,0.9765625,,,,,,,,,,,1.0,1.0,,,,,9001,,,,0.0,,0.0,,0.0
,,,0.1236979141831398,,0.9921875,,,,,,,,,,,1.0,1.0,,,,,9002,,,,0.0,,0.0,,0.0
,,,0.18979942798614502,,0.988095223903656,,,,,,,,,,,1.0,1.0,,,,,9003,,,,0.0,,0.0,,0.0
,,,0.08281250298023224,,0.9609375,,,,,,,,,,,1.0,1.0,,,,,9004,,,,0.0,,0.0,,0.0
,,,0.1484375,,0.9765625,,,,,,,,,,,1.0,1.0,,,,,9005,,,,0.0,,0.0,,0.0
,,,0.2650957405567169,,0.9742268323898315,,,,,,,,,,,1.0,1.0,,,,,9006,,,,0.0,,0.0,,0.0
,,,0.0902777761220932,,0.96875,,,,,,,,,,,1.0,1.0,,,,,9007,,,,0.0,,0.0,,0.0
,,,0.103515625,,0.9375,,,,,,,,,,,1.0,1.0,,,,,9008,,,,0.0,,0.0,,0.0
,,,0.3125,,0.9866071343421936,,,,,,,,,,,1.0,1.0,,,,,9009,,,,0.0,,0.0,,0.0
,,,0.1549479216337204,,0.9921875,,,,,,,,,,,1.0,1.0,,,,,9010,,,,0.0,,0.0,,0.0
,,,0.19218750298023224,,1.0,,,,,,,,,,,1.0,1.0,,,,,9011,,,,0.0,,0.0,,0.0
,,,0.45027196407318115,,1.0,,,,,,,,,,,1.0,1.0,,,,,9012,,,,0.0,,0.0,,0.0
,,,0.18437500298023224,,1.0,,,,,,,,,,,1.0,1.0,,,,,9013,,,,0.0,,0.0,,0.0
,,,0.1484375,,0.9921875,,,,,,,,,,,1.0,1.0,,,,,9014,,,,0.0,,0.0,,0.0
,,,0.14829395711421967,,0.9921259880065918,,,,,,,,,,,1.0,1.0,,,,,9015,,,,0.0,,0.0,,0.0
97,0.8406690359115601,0.8456796407699585,,0.9829668998718262,,,,,,,,,,,,,,213.93252563476562,22126.259765625,5.365660667419434,344.3944091796875,21657,,,0.0,,0.0,,0.0,
97,,,,,,0.2291862815618515,,0.39108365774154663,,8.094721794128418,,,,,,,,,,,,21657,0.5217882394790649,,,,,,,
,,,,,,,,,,,,,,0.03,0.0004,,,,,,,21699,,,,,,,,
98,,,,,,,0.216160386800766,,0.368137925863266,,7.6015625,0.00039999998989515007,0.029999999329447746,,,1.0,1.0,,,,,21699,,0.5485764741897583,,,,,,
,,,,,,,,,,,,,,0.03,0.0004,,,,,,,21749,,,,,,,,
98,,,,,,,0.20427381992340088,,0.3635755777359009,,7.96484375,0.00039999998989515007,0.029999999329447746,,,1.0,1.0,,,,,21749,,0.5666911005973816,,,,,,
,,,,,,,,,,,,,,0.03,0.0004,,,,,,,21799,,,,,,,,
98,,,,,,,0.22998927533626556,,0.39527249336242676,,8.265625,0.00039999998989515007,0.029999999329447746,,,1.0,1.0,,,,,21799,,0.48547691106796265,,,,,,
,,,,,,,,,,,,,,0.03,0.0004,,,,,,,21849,,,,,,,,
98,,,,,,,0.22636108100414276,,0.39445191621780396,,8.40625,0.00039999998989515007,0.029999999329447746,,,1.0,1.0,,,,,21849,,0.5761292576789856,,,,,,
,,,0.0970982164144516,,0.9453125,,,,,,,,,,,1.0,1.0,,,,,9016,,,,0.0,,0.0,,0.0
,,,0.095703125,,0.953125,,,,,,,,,,,1.0,1.0,,,,,9017,,,,0.0,,0.0,,0.0
,,,0.16486981511116028,,0.9653465747833252,,,,,,,,,,,1.0,1.0,,,,,9018,,,,0.0,,0.0,,0.0
,,,0.19062499701976776,,0.984375,,,,,,,,,,,1.0,1.0,,,,,9019,,,,0.0,,0.0,,0.0
,,,0.15625,,1.0,,,,,,,,,,,1.0,1.0,,,,,9020,,,,0.0,,0.0,,0.0
,,,0.33397436141967773,,0.990384578704834,,,,,,,,,,,1.0,1.0,,,,,9021,,,,0.0,,0.0,,0.0
,,,0.0868055522441864,,1.0,,,,,,,,,,,1.0,1.0,,,,,9022,,,,0.0,,0.0,,0.0
,,,0.0986328125,,1.0,,,,,,,,,,,1.0,1.0,,,,,9023,,,,0.0,,0.0,,0.0
,,,0.19201448559761047,,0.9952830076217651,,,,,,,,,,,1.0,1.0,,,,,9024,,,,0.0,,0.0,,0.0
,,,0.1328125,,1.0,,,,,,,,,,,1.0,1.0,,,,,9025,,,,0.0,,0.0,,0.0
,,,0.1536458283662796,,0.9921875,,,,,,,,,,,1.0,1.0,,,,,9026,,,,0.0,,0.0,,0.0
,,,0.1458333283662796,,1.0,,,,,,,,,,,1.0,1.0,,,,,9027,,,,0.0,,0.0,,0.0
,,,0.26171427965164185,,0.9760000109672546,,,,,,,,,,,1.0,1.0,,,,,9028,,,,0.0,,0.0,,0.0
,,,0.1183035746216774,,0.9375,,,,,,,,,,,1.0,1.0,,,,,9029,,,,0.0,,0.0,,0.0
,,,0.1216517835855484,,0.9375,,,,,,,,,,,1.0,1.0,,,,,9030,,,,0.0,,0.0,,0.0
,,,0.21915432810783386,,0.9360411167144775,,,,,,,,,,,1.0,1.0,,,,,9031,,,,0.0,,0.0,,0.0
,,,0.1071428582072258,,0.9609375,,,,,,,,,,,1.0,1.0,,,,,9032,,,,0.0,,0.0,,0.0
,,,0.0888671875,,0.9609375,,,,,,,,,,,1.0,1.0,,,,,9033,,,,0.0,,0.0,,0.0
,,,0.1776094287633896,,0.9772727489471436,,,,,,,,,,,1.0,1.0,,,,,9034,,,,0.0,,0.0,,0.0
,,,0.1510416716337204,,1.0,,,,,,,,,,,1.0,1.0,,,,,9035,,,,0.0,,0.0,,0.0
,,,0.1875,,0.9921875,,,,,,,,,,,1.0,1.0,,,,,9036,,,,0.0,,0.0,,0.0
,,,0.21469488739967346,,0.9863013625144958,,,,,,,,,,,1.0,1.0,,,,,9037,,,,0.0,,0.0,,0.0
,,,0.1238839253783226,,0.9765625,,,,,,,,,,,1.0,1.0,,,,,9038,,,,0.0,,0.0,,0.0
,,,0.1261160671710968,,0.9609375,,,,,,,,,,,1.0,1.0,,,,,9039,,,,0.0,,0.0,,0.0
,,,0.2285098433494568,,1.0,,,,,,,,,,,1.0,1.0,,,,,9040,,,,0.0,,0.0,,0.0
,,,0.1328125,,1.0,,,,,,,,,,,1.0,1.0,,,,,9041,,,,0.0,,0.0,,0.0
,,,0.1536458283662796,,1.0,,,,,,,,,,,1.0,1.0,,,,,9042,,,,0.0,,0.0,,0.0
,,,0.21169811487197876,,1.0,,,,,,,,,,,1.0,1.0,,,,,9043,,,,0.0,,0.0,,0.0
,,,0.14453125,,0.9765625,,,,,,,,,,,1.0,1.0,,,,,9044,,,,0.0,,0.0,,0.0
,,,0.1005859375,,0.953125,,,,,,,,,,,1.0,1.0,,,,,9045,,,,0.0,,0.0,,0.0
,,,0.2256009429693222,,0.959097146987915,,,,,,,,,,,1.0,1.0,,,,,9046,,,,0.0,,0.0,,0.0
,,,0.0959821417927742,,0.953125,,,,,,,,,,,1.0,1.0,,,,,9047,,,,0.0,,0.0,,0.0
,,,0.0927734375,,0.9296875,,,,,,,,,,,1.0,1.0,,,,,9048,,,,0.0,,0.0,,0.0
,,,0.18905308842658997,,0.9655172824859619,,,,,,,,,,,1.0,1.0,,,,,9049,,,,0.0,,0.0,,0.0
,,,0.19218750298023224,,0.984375,,,,,,,,,,,1.0,1.0,,,,,9050,,,,0.0,,0.0,,0.0
,,,0.19218750298023224,,1.0,,,,,,,,,,,1.0,1.0,,,,,9051,,,,0.0,,0.0,,0.0
,,,0.2377573400735855,,0.9836065769195557,,,,,,,,,,,1.0,1.0,,,,,9052,,,,0.0,,0.0,,0.0
,,,0.0902777761220932,,0.9921875,,,,,,,,,,,1.0,1.0,,,,,9053,,,,0.0,,0.0,,0.0
,,,0.0859375,,0.9921875,,,,,,,,,,,1.0,1.0,,,,,9054,,,,0.0,,0.0,,0.0
,,,0.18722018599510193,,1.0,,,,,,,,,,,1.0,1.0,,,,,9055,,,,0.0,,0.0,,0.0
,,,0.1549479216337204,,1.0,,,,,,,,,,,1.0,1.0,,,,,9056,,,,0.0,,0.0,,0.0
,,,0.18437500298023224,,0.9921875,,,,,,,,,,,1.0,1.0,,,,,9057,,,,0.0,,0.0,,0.0
,,,0.25357142090797424,,0.9624999761581421,,,,,,,,,,,1.0,1.0,,,,,9058,,,,0.0,,0.0,,0.0
,,,0.1138392835855484,,0.9453125,,,,,,,,,,,1.0,1.0,,,,,9059,,,,0.0,,0.0,,0.0
,,,0.125,,0.953125,,,,,,,,,,,1.0,1.0,,,,,9060,,,,0.0,,0.0,,0.0
,,,0.18859511613845825,,0.9680851101875305,,,,,,,,,,,1.0,1.0,,,,,9061,,,,0.0,,0.0,,0.0
,,,0.1104910746216774,,0.984375,,,,,,,,,,,1.0,1.0,,,,,9062,,,,0.0,,0.0,,0.0
,,,0.1049107164144516,,0.9609375,,,,,,,,,,,1.0,1.0,,,,,9063,,,,0.0,,0.0,,0.0
,,,0.1060267835855484,,0.96875,,,,,,,,,,,1.0,1.0,,,,,9064,,,,0.0,,0.0,,0.0
,,,0.271091103553772,,1.0,,,,,,,,,,,1.0,1.0,,,,,9065,,,,0.0,,0.0,,0.0
,,,0.18437500298023224,,0.9921875,,,,,,,,,,,1.0,1.0,,,,,9066,,,,0.0,,0.0,,0.0
,,,0.232421875,,1.0,,,,,,,,,,,1.0,1.0,,,,,9067,,,,0.0,,0.0,,0.0
,,,0.22701150178909302,,0.9913793206214905,,,,,,,,,,,1.0,1.0,,,,,9068,,,,0.0,,0.0,,0.0
,,,0.103515625,,0.9609375,,,,,,,,,,,1.0,1.0,,,,,9069,,,,0.0,,0.0,,0.0
,,,0.111328125,,0.9921875,,,,,,,,,,,1.0,1.0,,,,,9070,,,,0.0,,0.0,,0.0
,,,0.25711143016815186,,1.0,,,,,,,,,,,1.0,1.0,,,,,9071,,,,0.0,,0.0,,0.0
,,,0.19062499701976776,,1.0,,,,,,,,,,,1.0,1.0,,,,,9072,,,,0.0,,0.0,,0.0
,,,0.15234375,,1.0,,,,,,,,,,,1.0,1.0,,,,,9073,,,,0.0,,0.0,,0.0
,,,0.2899305522441864,,0.9947916269302368,,,,,,,,,,,1.0,1.0,,,,,9074,,,,0.0,,0.0,,0.0
,,,0.1216517835855484,,0.96875,,,,,,,,,,,1.0,1.0,,,,,9075,,,,0.0,,0.0,,0.0
,,,0.1227678582072258,,0.9765625,,,,,,,,,,,1.0,1.0,,,,,9076,,,,0.0,,0.0,,0.0
,,,0.20859041810035706,,0.9587485790252686,,,,,,,,,,,1.0,1.0,,,,,9077,,,,0.0,,0.0,,0.0
,,,0.1026785746216774,,0.9296875,,,,,,,,,,,1.0,1.0,,,,,9078,,,,0.0,,0.0,,0.0
,,,0.0927734375,,0.9375,,,,,,,,,,,1.0,1.0,,,,,9079,,,,0.0,,0.0,,0.0
,,,0.2387695014476776,,0.991150438785553,,,,,,,,,,,1.0,1.0,,,,,9080,,,,0.0,,0.0,,0.0
,,,0.1361607164144516,,1.0,,,,,,,,,,,1.0,1.0,,,,,9081,,,,0.0,,0.0,,0.0
,,,0.3151041567325592,,0.984375,,,,,,,,,,,1.0,1.0,,,,,9082,,,,0.0,,0.0,,0.0
,,,0.19382715225219727,,1.0,,,,,,,,,,,1.0,1.0,,,,,9083,,,,0.0,,0.0,,0.0
,,,0.0833333358168602,,1.0,,,,,,,,,,,1.0,1.0,,,,,9084,,,,0.0,,0.0,,0.0
,,,0.07578124850988388,,0.9921875,,,,,,,,,,,1.0,1.0,,,,,9085,,,,0.0,,0.0,,0.0
,,,0.24788358807563782,,1.0,,,,,,,,,,,1.0,1.0,,,,,9086,,,,0.0,,0.0,,0.0
,,,0.1536458283662796,,0.9921875,,,,,,,,,,,1.0,1.0,,,,,9087,,,,0.0,,0.0,,0.0
,,,0.1510416716337204,,1.0,,,,,,,,,,,1.0,1.0,,,,,9088,,,,0.0,,0.0,,0.0
,,,0.2967425286769867,,0.9759036302566528,,,,,,,,,,,1.0,1.0,,,,,9089,,,,0.0,,0.0,,0.0
,,,0.1149553582072258,,0.953125,,,,,,,,,,,1.0,1.0,,,,,9090,,,,0.0,,0.0,,0.0
,,,0.109375,,0.9453125,,,,,,,,,,,1.0,1.0,,,,,9091,,,,0.0,,0.0,,0.0
,,,0.19385027885437012,,0.9607843160629272,,,,,,,,,,,1.0,1.0,,,,,9092,,,,0.0,,0.0,,0.0
,,,0.125,,0.9765625,,,,,,,,,,,1.0,1.0,,,,,9093,,,,0.0,,0.0,,0.0
,,,0.1071428582072258,,0.9609375,,,,,,,,,,,1.0,1.0,,,,,9094,,,,0.0,,0.0,,0.0
,,,0.23564308881759644,,0.9825581312179565,,,,,,,,,,,1.0,1.0,,,,,9095,,,,0.0,,0.0,,0.0
,,,0.1261160671710968,,1.0,,,,,,,,,,,1.0,1.0,,,,,9096,,,,0.0,,0.0,,0.0
,,,0.18593749403953552,,0.9921875,,,,,,,,,,,1.0,1.0,,,,,9097,,,,0.0,,0.0,,0.0
,,,0.3793814480304718,,1.0,,,,,,,,,,,1.0,1.0,,,,,9098,,,,0.0,,0.0,,0.0
,,,0.125,,0.984375,,,,,,,,,,,1.0,1.0,,,,,9099,,,,0.0,,0.0,,0.0
,,,0.1205357164144516,,0.953125,,,,,,,,,,,1.0,1.0,,,,,9100,,,,0.0,,0.0,,0.0
,,,0.2377232164144516,,1.0,,,,,,,,,,,1.0,1.0,,,,,9101,,,,0.0,,0.0,,0.0
,,,0.1497395783662796,,1.0,,,,,,,,,,,1.0,1.0,,,,,9102,,,,0.0,,0.0,,0.0
,,,0.15625,,1.0,,,,,,,,,,,1.0,1.0,,,,,9103,,,,0.0,,0.0,,0.0
,,,0.2599067687988281,,1.0,,,,,,,,,,,1.0,1.0,,,,,9104,,,,0.0,,0.0,,0.0
,,,0.1458333283662796,,0.984375,,,,,,,,,,,1.0,1.0,,,,,9105,,,,0.0,,0.0,,0.0
,,,0.103515625,,0.96875,,,,,,,,,,,1.0,1.0,,,,,9106,,,,0.0,,0.0,,0.0
,,,0.14041994512081146,,0.9685039520263672,,,,,,,,,,,1.0,1.0,,,,,9107,,,,0.0,,0.0,,0.0
98,0.8436661958694458,0.8490755558013916,,0.9790433645248413,,,,,,,,,,,,,,214.06211853027344,24751.51171875,5.366266250610352,347.393798828125,21878,,,0.0,,0.0,,0.0,
98,,,,,,0.2271960973739624,,0.38917404413223267,,8.09896469116211,,,,,,,,,,,,21878,0.5222125053405762,,,,,,,
,,,,,,,,,,,,,,0.03,0.0004,,,,,,,21899,,,,,,,,
99,,,,,,,0.22651752829551697,,0.39509662985801697,,8.4296875,0.00039999998989515007,0.029999999329447746,,,1.0,1.0,,,,,21899,,0.7848602533340454,,,,,,
,,,,,,,,,,,,,,0.03,0.0004,,,,,,,21949,,,,,,,,
99,,,,,,,0.22296038269996643,,0.37884417176246643,,7.796875,0.00039999998989515007,0.029999999329447746,,,1.0,1.0,,,,,21949,,0.6430864334106445,,,,,,
,,,,,,,,,,,,,,0.03,0.0004,,,,,,,21999,,,,,,,,
99,,,,,,,0.2241184115409851,,0.3785373568534851,,7.71875,0.00039999998989515007,0.029999999329447746,,,1.0,1.0,,,,,21999,,0.7597591876983643,,,,,,
,,,,,,,,,,,,,,0.03,0.0004,,,,,,,22049,,,,,,,,
99,,,,,,,0.21880927681922913,,0.3794538080692291,,8.03125,0.00039999998989515007,0.029999999329447746,,,1.0,1.0,,,,,22049,,0.4702870845794678,,,,,,
,,,,,,,,,,,,,,0.03,0.0004,,,,,,,22099,,,,,,,,
99,,,,,,,0.243781179189682,,0.408209890127182,,8.21875,0.00039999998989515007,0.029999999329447746,,,1.0,1.0,,,,,22099,,0.7733184099197388,,,,,,
,,,0.078125,,0.8828125,,,,,,,,,,,1.0,1.0,,,,,9108,,,,0.0,,0.0,,0.0
,,,0.12343750149011612,,0.9140625,,,,,,,,,,,1.0,1.0,,,,,9109,,,,0.0,,0.0,,0.0
,,,0.18070325255393982,,0.9455445408821106,,,,,,,,,,,1.0,1.0,,,,,9110,,,,0.0,,0.0,,0.0
,,,0.19218750298023224,,0.984375,,,,,,,,,,,1.0,1.0,,,,,9111,,,,0.0,,0.0,,0.0
,,,0.328125,,1.0,,,,,,,,,,,1.0,1.0,,,,,9112,,,,0.0,,0.0,,0.0
,,,0.23260071873664856,,0.9743589758872986,,,,,,,,,,,1.0,1.0,,,,,9113,,,,0.0,,0.0,,0.0
,,,0.0751953125,,0.9765625,,,,,,,,,,,1.0,1.0,,,,,9114,,,,0.0,,0.0,,0.0
,,,0.0771484375,,0.9765625,,,,,,,,,,,1.0,1.0,,,,,9115,,,,0.0,,0.0,,0.0
,,,0.17124071717262268,,0.9905660152435303,,,,,,,,,,,1.0,1.0,,,,,9116,,,,0.0,,0.0,,0.0
,,,0.1216517835855484,,0.9765625,,,,,,,,,,,1.0,1.0,,,,,9117,,,,0.0,,0.0,,0.0
,,,0.1044921875,,0.9765625,,,,,,,,,,,1.0,1.0,,,,,9118,,,,0.0,,0.0,,0.0
,,,0.13671875,,0.953125,,,,,,,,,,,1.0,1.0,,,,,9119,,,,0.0,,0.0,,0.0
,,,0.226666659116745,,0.8173333406448364,,,,,,,,,,,1.0,1.0,,,,,9120,,,,0.0,,0.0,,0.0
,,,0.15234375,,0.984375,,,,,,,,,,,1.0,1.0,,,,,9121,,,,0.0,,0.0,,0.0
,,,0.1471354216337204,,0.9765625,,,,,,,,,,,1.0,1.0,,,,,9122,,,,0.0,,0.0,,0.0
,,,0.20564892888069153,,0.9915966391563416,,,,,,,,,,,1.0,1.0,,,,,9123,,,,0.0,,0.0,,0.0
,,,0.095703125,,0.984375,,,,,,,,,,,1.0,1.0,,,,,9124,,,,0.0,,0.0,,0.0
,,,0.0859375,,0.9921875,,,,,,,,,,,1.0,1.0,,,,,9125,,,,0.0,,0.0,,0.0
,,,0.20670995116233826,,0.9940476417541504,,,,,,,,,,,1.0,1.0,,,,,9126,,,,0.0,,0.0,,0.0
,,,0.0868055522441864,,0.9296875,,,,,,,,,,,1.0,1.0,,,,,9127,,,,0.0,,0.0,,0.0
,,,0.1354166716337204,,0.9609375,,,,,,,,,,,1.0,1.0,,,,,9128,,,,0.0,,0.0,,0.0
,,,0.2388898879289627,,0.9545454978942871,,,,,,,,,,,1.0,1.0,,,,,9129,,,,0.0,,0.0,,0.0
,,,0.1194196417927742,,1.0,,,,,,,,,,,1.0,1.0,,,,,9130,,,,0.0,,0.0,,0.0
,,,0.1103515625,,0.9765625,,,,,,,,,,,1.0,1.0,,,,,9131,,,,0.0,,0.0,,0.0
,,,0.2656579911708832,,1.0,,,,,,,,,,,1.0,1.0,,,,,9132,,,,0.0,,0.0,,0.0
,,,0.19062499701976776,,1.0,,,,,,,,,,,1.0,1.0,,,,,9133,,,,0.0,,0.0,,0.0
,,,0.2421875,,1.0,,,,,,,,,,,1.0,1.0,,,,,9134,,,,0.0,,0.0,,0.0
,,,0.375798761844635,,1.0,,,,,,,,,,,1.0,1.0,,,,,9135,,,,0.0,,0.0,,0.0
,,,0.23828125,,1.0,,,,,,,,,,,1.0,1.0,,,,,9136,,,,0.0,,0.0,,0.0
,,,0.107421875,,0.9921875,,,,,,,,,,,1.0,1.0,,,,,9137,,,,0.0,,0.0,,0.0
,,,0.21571233868598938,,0.953351616859436,,,,,,,,,,,1.0,1.0,,,,,9138,,,,0.0,,0.0,,0.0
,,,0.0911458358168602,,0.8671875,,,,,,,,,,,1.0,1.0,,,,,9139,,,,0.0,,0.0,,0.0
,,,0.0926339253783226,,0.8984375,,,,,,,,,,,1.0,1.0,,,,,9140,,,,0.0,,0.0,,0.0
,,,0.17914614081382751,,0.9568965435028076,,,,,,,,,,,1.0,1.0,,,,,9141,,,,0.0,,0.0,,0.0
,,,0.19374999403953552,,0.984375,,,,,,,,,,,1.0,1.0,,,,,9142,,,,0.0,,0.0,,0.0
,,,0.2421875,,1.0,,,,,,,,,,,1.0,1.0,,,,,9143,,,,0.0,,0.0,,0.0
,,,0.19552850723266602,,0.9768779277801514,,,,,,,,,,,1.0,1.0,,,,,9144,,,,0.0,,0.0,,0.0
,,,0.0904017835855484,,0.9921875,,,,,,,,,,,1.0,1.0,,,,,9145,,,,0.0,,0.0,,0.0
,,,0.080078125,,0.96875,,,,,,,,,,,1.0,1.0,,,,,9146,,,,0.0,,0.0,,0.0
,,,0.1646181046962738,,1.0,,,,,,,,,,,1.0,1.0,,,,,9147,,,,0.0,,0.0,,0.0
,,,0.1227678582072258,,0.984375,,,,,,,,,,,1.0,1.0,,,,,9148,,,,0.0,,0.0,,0.0
,,,0.1238839253783226,,0.9609375,,,,,,,,,,,1.0,1.0,,,,,9149,,,,0.0,,0.0,,0.0
,,,0.2538961172103882,,0.9522727131843567,,,,,,,,,,,1.0,1.0,,,,,9150,,,,0.0,,0.0,,0.0
,,,0.1497395783662796,,0.9765625,,,,,,,,,,,1.0,1.0,,,,,9151,,,,0.0,,0.0,,0.0
,,,0.1549479216337204,,0.96875,,,,,,,,,,,1.0,1.0,,,,,9152,,,,0.0,,0.0,,0.0
,,,0.2327015995979309,,1.0,,,,,,,,,,,1.0,1.0,,,,,9153,,,,0.0,,0.0,,0.0
,,,0.0859375,,0.9921875,,,,,,,,,,,1.0,1.0,,,,,9154,,,,0.0,,0.0,,0.0
,,,0.0842013880610466,,0.984375,,,,,,,,,,,1.0,1.0,,,,,9155,,,,0.0,,0.0,,0.0
,,,0.1149553582072258,,0.9921875,,,,,,,,,,,1.0,1.0,,,,,9156,,,,0.0,,0.0,,0.0
,,,0.10433071106672287,,0.9763779640197754,,,,,,,,,,,1.0,1.0,,,,,9157,,,,0.0,,0.0,,0.0
,,,0.1171875,,0.9453125,,,,,,,,,,,1.0,1.0,,,,,9158,,,,0.0,,0.0,,0.0
,,,0.1276041716337204,,0.9375,,,,,,,,,,,1.0,1.0,,,,,9159,,,,0.0,,0.0,,0.0
,,,0.22331690788269043,,0.9166666269302368,,,,,,,,,,,1.0,1.0,,,,,9160,,,,0.0,,0.0,,0.0
,,,0.10546875,,0.984375,,,,,,,,,,,1.0,1.0,,,,,9161,,,,0.0,,0.0,,0.0
,,,0.11328125,,0.9921875,,,,,,,,,,,1.0,1.0,,,,,9162,,,,0.0,,0.0,,0.0
,,,0.2585258483886719,,1.0,,,,,,,,,,,1.0,1.0,,,,,9163,,,,0.0,,0.0,,0.0
,,,0.2421875,,1.0,,,,,,,,,,,1.0,1.0,,,,,9164,,,,0.0,,0.0,,0.0
,,,0.240234375,,1.0,,,,,,,,,,,1.0,1.0,,,,,9165,,,,0.0,,0.0,,0.0
,,,0.3107638955116272,,1.0,,,,,,,,,,,1.0,1.0,,,,,9166,,,,0.0,,0.0,,0.0
,,,0.1316964328289032,,0.9921875,,,,,,,,,,,1.0,1.0,,,,,9167,,,,0.0,,0.0,,0.0
,,,0.1497395783662796,,0.9921875,,,,,,,,,,,1.0,1.0,,,,,9168,,,,0.0,,0.0,,0.0
,,,0.23966407775878906,,0.9299557209014893,,,,,,,,,,,1.0,1.0,,,,,9169,,,,0.0,,0.0,,0.0
,,,0.0963541641831398,,0.8828125,,,,,,,,,,,1.0,1.0,,,,,9170,,,,0.0,,0.0,,0.0
,,,0.06328125298023224,,0.875,,,,,,,,,,,1.0,1.0,,,,,9171,,,,0.0,,0.0,,0.0
,,,0.23177412152290344,,0.9955751895904541,,,,,,,,,,,1.0,1.0,,,,,9172,,,,0.0,,0.0,,0.0
,,,0.244140625,,1.0,,,,,,,,,,,1.0,1.0,,,,,9173,,,,0.0,,0.0,,0.0
,,,0.2421875,,0.9921875,,,,,,,,,,,1.0,1.0,,,,,9174,,,,0.0,,0.0,,0.0
,,,0.2034090906381607,,0.9909090995788574,,,,,,,,,,,1.0,1.0,,,,,9175,,,,0.0,,0.0,,0.0
,,,0.0791015625,,0.96875,,,,,,,,,,,1.0,1.0,,,,,9176,,,,0.0,,0.0,,0.0
,,,0.0685763880610466,,0.984375,,,,,,,,,,,1.0,1.0,,,,,9177,,,,0.0,,0.0,,0.0
,,,0.18032407760620117,,0.9953703880310059,,,,,,,,,,,1.0,1.0,,,,,9178,,,,0.0,,0.0,,0.0
,,,0.1216517835855484,,0.9765625,,,,,,,,,,,1.0,1.0,,,,,9179,,,,0.0,,0.0,,0.0
,,,0.1432291716337204,,0.96875,,,,,,,,,,,1.0,1.0,,,,,9180,,,,0.0,,0.0,,0.0
,,,0.2517116069793701,,0.9546184539794922,,,,,,,,,,,1.0,1.0,,,,,9181,,,,0.0,,0.0,,0.0
,,,0.1497395783662796,,0.9765625,,,,,,,,,,,1.0,1.0,,,,,9182,,,,0.0,,0.0,,0.0
,,,0.1316964328289032,,0.9765625,,,,,,,,,,,1.0,1.0,,,,,9183,,,,0.0,,0.0,,0.0
,,,0.23922297358512878,,1.0,,,,,,,,,,,1.0,1.0,,,,,9184,,,,0.0,,0.0,,0.0
,,,0.0842013880610466,,0.984375,,,,,,,,,,,1.0,1.0,,,,,9185,,,,0.0,,0.0,,0.0
,,,0.0859375,,0.9921875,,,,,,,,,,,1.0,1.0,,,,,9186,,,,0.0,,0.0,,0.0
,,,0.214908629655838,,0.9941860437393188,,,,,,,,,,,1.0,1.0,,,,,9187,,,,0.0,,0.0,,0.0
,,,0.0842013880610466,,0.921875,,,,,,,,,,,1.0,1.0,,,,,9188,,,,0.0,,0.0,,0.0
,,,0.1380208283662796,,0.9609375,,,,,,,,,,,1.0,1.0,,,,,9189,,,,0.0,,0.0,,0.0
,,,0.29381442070007324,,0.9639174938201904,,,,,,,,,,,1.0,1.0,,,,,9190,,,,0.0,,0.0,,0.0
,,,0.21875,,1.0,,,,,,,,,,,1.0,1.0,,,,,9191,,,,0.0,,0.0,,0.0
,,,0.1064453125,,0.96875,,,,,,,,,,,1.0,1.0,,,,,9192,,,,0.0,,0.0,,0.0
,,,0.38749998807907104,,1.0,,,,,,,,,,,1.0,1.0,,,,,9193,,,,0.0,,0.0,,0.0
,,,0.232421875,,1.0,,,,,,,,,,,1.0,1.0,,,,,9194,,,,0.0,,0.0,,0.0
,,,0.3255208432674408,,1.0,,,,,,,,,,,1.0,1.0,,,,,9195,,,,0.0,,0.0,,0.0
,,,0.2821807861328125,,1.0,,,,,,,,,,,1.0,1.0,,,,,9196,,,,0.0,,0.0,,0.0
,,,0.1875,,1.0,,,,,,,,,,,1.0,1.0,,,,,9197,,,,0.0,,0.0,,0.0
,,,0.1497395783662796,,0.9921875,,,,,,,,,,,1.0,1.0,,,,,9198,,,,0.0,,0.0,,0.0
,,,0.1469816267490387,,0.9842519760131836,,,,,,,,,,,1.0,1.0,,,,,9199,,,,0.0,,0.0,,0.0
99,0.8457550406455994,0.8276207447052002,,0.9732163548469543,,,,,,,,,,,,,,217.27371215820312,21714.208984375,5.381157875061035,346.530029296875,22099,,,0.0,,0.0,,0.0,
99,,,,,,0.22715218365192413,,0.38877981901168823,,8.081465721130371,,,,,,,,,,,,22099,0.5223187804222107,,,,,,,
